effect	time	lit	sum	lit_srgb	sum_srgb
Acid Rain Damage Target	0.15	0	0	65536	62740
Acid Rain Damage Target	0.30	0	0	65536	62740
Acid Rain Damage Target	0.50	16	9	65536	62747
Acid Rain Damage Target	0.75	30	17	65536	62754
Acid Rain Damage Target	1.00	39	20	65536	62756
Acid Rain Damage Target	1.50	225	132	65536	62844
Acid Rain Damage Target	2.00	6	2	65536	62744
Acid Rain Damage Target	3.00	0	0	65536	62740
AcidSpraySweepAttack	0.15	31	23	65536	62759
AcidSpraySweepAttack	0.30	73	74	65536	62798
AcidSpraySweepAttack	0.50	77	74	65536	62798
AcidSpraySweepAttack	0.75	84	83	65536	62806
AcidSpraySweepAttack	1.00	105	98	65536	62817
AcidSpraySweepAttack	1.50	74	68	65536	62794
AcidSpraySweepAttack	2.00	69	71	65536	62798
AcidSpraySweepAttack	3.00	75	82	65536	62806
Air to Ground Big	0.15	266	222	65536	62900
Air to Ground Big	0.30	268	236	65536	62910
Air to Ground Big	0.50	101	93	65536	62806
Air to Ground Big	0.75	101	93	65536	62806
Air to Ground Big	1.00	358	371	65536	63006
Air to Ground Big	1.50	450	483	65536	63089
Air to Ground Big	2.00	0	0	65536	62740
Air to Ground Big	3.00	0	0	65536	62740
AlphaWarriorEffect	0.15	573	645	65536	63255
AlphaWarriorEffect	0.30	733	742	65535	63299
AlphaWarriorEffect	0.50	1027	881	65536	63369
AlphaWarriorEffect	0.75	899	630	65535	63163
AlphaWarriorEffect	1.00	164	32	65534	62668
AlphaWarriorEffect	1.50	0	0	65536	62744
AlphaWarriorEffect	2.00	0	0	65536	62740
AlphaWarriorEffect	3.00	0	0	65536	62740
AmbushEffect	0.15	40	22	65536	62735
AmbushEffect	0.30	57	29	65536	62721
AmbushEffect	0.50	75	32	65536	62707
AmbushEffect	0.75	647	732	65536	63282
AmbushEffect	1.00	826	659	65536	63171
AmbushEffect	1.50	701	427	65536	63019
AmbushEffect	2.00	0	0	65536	62740
AmbushEffect	3.00	0	0	65536	62740
Antimatter Explosion	0.15	0	0	65536	62740
Antimatter Explosion	0.30	389	433	65536	63072
Antimatter Explosion	0.50	586	605	65536	63201
Antimatter Explosion	0.75	575	638	65536	63224
Antimatter Explosion	1.00	660	1039	65536	63492
Antimatter Explosion	1.50	2722	3517	65536	65496
Antimatter Explosion	2.00	768	299	65536	62949
Antimatter Explosion	3.00	25	16	65536	62754
Arco-Flagellant Strike	0.15	201	217	65536	62907
Arco-Flagellant Strike	0.30	91	79	65536	62797
Arco-Flagellant Strike	0.50	16	7	65536	62746
Arco-Flagellant Strike	0.75	4	1	65536	62741
Arco-Flagellant Strike	1.00	6	2	65536	62742
Arco-Flagellant Strike	1.50	0	0	65536	62741
Arco-Flagellant Strike	2.00	0	0	65536	62740
Arco-Flagellant Strike	3.00	0	0	65536	62740
ArdAsNailsEffect	0.15	524	623	65536	63178
ArdAsNailsEffect	0.30	876	801	65536	63329
ArdAsNailsEffect	0.50	941	688	65536	63201
ArdAsNailsEffect	0.75	857	551	65536	63020
ArdAsNailsEffect	1.00	850	500	65536	62988
ArdAsNailsEffect	1.50	15	12	65536	62751
ArdAsNailsEffect	2.00	1	1	65536	62741
ArdAsNailsEffect	3.00	0	0	65536	62740
Armor_Necron	0.15	0	0	65536	62740
Armor_Necron	0.30	23	8	65536	62745
Armor_Necron	0.50	46	31	65536	62766
Armor_Necron	0.75	59	47	65536	62779
Armor_Necron	1.00	66	50	65536	62781
Armor_Necron	1.50	65	53	65536	62785
Armor_Necron	2.00	49	43	65536	62777
Armor_Necron	3.00	0	0	65536	62740
ArmourEffect	0.15	215	226	65536	62930
ArmourEffect	0.30	838	762	65536	63341
ArmourEffect	0.50	934	886	65536	63442
ArmourEffect	0.75	895	714	65536	63290
ArmourEffect	1.00	443	206	65536	62892
ArmourEffect	1.50	0	0	65536	62740
ArmourEffect	2.00	0	0	65536	62740
ArmourEffect	3.00	0	0	65536	62740
ArmourEffect_Bladeguard_Shield	0.15	73	162	65536	62861
ArmourEffect_Bladeguard_Shield	0.30	96	217	65536	62902
ArmourEffect_Bladeguard_Shield	0.50	155	287	65536	62965
ArmourEffect_Bladeguard_Shield	0.75	163	239	65536	62938
ArmourEffect_Bladeguard_Shield	1.00	162	237	65536	62937
ArmourEffect_Bladeguard_Shield	1.50	935	785	65536	63359
ArmourEffect_Bladeguard_Shield	2.00	78	130	65536	62844
ArmourEffect_Bladeguard_Shield	3.00	0	0	65536	62740
ArmourEffect_Nurgle	0.15	1025	679	65536	63160
ArmourEffect_Nurgle	0.30	1186	729	65536	63127
ArmourEffect_Nurgle	0.50	1027	570	65536	63011
ArmourEffect_Nurgle	0.75	1033	466	65536	62876
ArmourEffect_Nurgle	1.00	834	287	65536	62727
ArmourEffect_Nurgle	1.50	486	108	65536	62633
ArmourEffect_Nurgle	2.00	0	0	65536	62740
ArmourEffect_Nurgle	3.00	0	0	65536	62740
ArtificeEffect	0.15	0	0	65536	62740
ArtificeEffect	0.30	0	0	65536	62740
ArtificeEffect	0.50	0	0	65536	62740
ArtificeEffect	0.75	0	0	65536	62740
ArtificeEffect	1.00	0	0	65536	62740
ArtificeEffect	1.50	0	0	65536	62740
ArtificeEffect	2.00	0	0	65536	62740
ArtificeEffect	3.00	0	0	65536	62740
Artillery Ground	0.15	0	0	65536	62740
Artillery Ground	0.30	0	0	65536	62740
Artillery Ground	0.50	0	0	65536	62740
Artillery Ground	0.75	0	0	65536	62740
Artillery Ground	1.00	1080	1211	65536	63607
Artillery Ground	1.50	0	0	65536	62740
Artillery Ground	2.00	0	0	65536	62740
Artillery Ground	3.00	0	0	65536	62740
Artillery Manticore down 1x	0.15	160	158	65536	62858
Artillery Manticore down 1x	0.30	166	165	65536	62863
Artillery Manticore down 1x	0.50	0	0	65536	62740
Artillery Manticore down 1x	0.75	0	0	65536	62740
Artillery Manticore down 1x	1.00	0	0	65536	62740
Artillery Manticore down 1x	1.50	0	0	65536	62740
Artillery Manticore down 1x	2.00	0	0	65536	62740
Artillery Manticore down 1x	3.00	0	0	65536	62740
Artillery Manticore down 2x spread	0.15	445	515	65536	63127
Artillery Manticore down 2x spread	0.30	964	1067	65536	63540
Artillery Manticore down 2x spread	0.50	382	383	65536	63027
Artillery Manticore down 2x spread	0.75	0	0	65536	62740
Artillery Manticore down 2x spread	1.00	0	0	65536	62740
Artillery Manticore down 2x spread	1.50	0	0	65536	62740
Artillery Manticore down 2x spread	2.00	0	0	65536	62740
Artillery Manticore down 2x spread	3.00	0	0	65536	62740
Artillery Manticore down 4x	0.15	59	60	65536	62785
Artillery Manticore down 4x	0.30	126	126	65536	62835
Artillery Manticore down 4x	0.50	240	226	65536	62906
Artillery Manticore down 4x	0.75	134	133	65536	62840
Artillery Manticore down 4x	1.00	0	0	65536	62740
Artillery Manticore down 4x	1.50	0	0	65536	62740
Artillery Manticore down 4x	2.00	0	0	65536	62740
Artillery Manticore down 4x	3.00	0	0	65536	62740
Artillery Manticore down 4x spread	0.15	403	447	65536	63077
Artillery Manticore down 4x spread	0.30	851	898	65536	63416
Artillery Manticore down 4x spread	0.50	1195	1239	65536	63666
Artillery Manticore down 4x spread	0.75	847	859	65536	63384
Artillery Manticore down 4x spread	1.00	0	0	65536	62740
Artillery Manticore down 4x spread	1.50	0	0	65536	62740
Artillery Manticore down 4x spread	2.00	0	0	65536	62740
Artillery Manticore down 4x spread	3.00	0	0	65536	62740
Artillery Manticore up 2x	0.15	167	147	65536	62852
Artillery Manticore up 2x	0.30	317	280	65536	62950
Artillery Manticore up 2x	0.50	211	161	65536	62858
Artillery Manticore up 2x	0.75	81	31	65536	62761
Artillery Manticore up 2x	1.00	23	9	65536	62749
Artillery Manticore up 2x	1.50	0	0	65536	62740
Artillery Manticore up 2x	2.00	0	0	65536	62740
Artillery Manticore up 2x	3.00	0	0	65536	62740
Artillery Manticore up 4x	0.15	92	78	65536	62799
Artillery Manticore up 4x	0.30	177	156	65536	62858
Artillery Manticore up 4x	0.50	285	256	65536	62931
Artillery Manticore up 4x	0.75	198	159	65536	62857
Artillery Manticore up 4x	1.00	49	18	65536	62752
Artillery Manticore up 4x	1.50	0	0	65536	62741
Artillery Manticore up 4x	2.00	0	0	65536	62740
Artillery Manticore up 4x	3.00	0	0	65536	62740
Atk_BulletImpact_Vox-pulse	0.15	61	49	65536	62780
Atk_BulletImpact_Vox-pulse	0.30	71	49	65536	62781
Atk_BulletImpact_Vox-pulse	0.50	0	0	65536	62740
Atk_BulletImpact_Vox-pulse	0.75	0	0	65536	62740
Atk_BulletImpact_Vox-pulse	1.00	0	0	65536	62740
Atk_BulletImpact_Vox-pulse	1.50	0	0	65536	62740
Atk_BulletImpact_Vox-pulse	2.00	0	0	65536	62740
Atk_BulletImpact_Vox-pulse	3.00	0	0	65536	62740
Atk_BulletImpact_Vox-pulse digital	0.15	32	31	65536	62765
Atk_BulletImpact_Vox-pulse digital	0.30	69	59	65536	62788
Atk_BulletImpact_Vox-pulse digital	0.50	0	0	65536	62740
Atk_BulletImpact_Vox-pulse digital	0.75	0	0	65536	62740
Atk_BulletImpact_Vox-pulse digital	1.00	0	0	65536	62740
Atk_BulletImpact_Vox-pulse digital	1.50	0	0	65536	62740
Atk_BulletImpact_Vox-pulse digital	2.00	0	0	65536	62740
Atk_BulletImpact_Vox-pulse digital	3.00	0	0	65536	62740
Atk_BulletImpact_Vox-pulse purple	0.15	70	66	65536	62793
Atk_BulletImpact_Vox-pulse purple	0.30	81	67	65536	62794
Atk_BulletImpact_Vox-pulse purple	0.50	0	0	65536	62740
Atk_BulletImpact_Vox-pulse purple	0.75	0	0	65536	62740
Atk_BulletImpact_Vox-pulse purple	1.00	0	0	65536	62740
Atk_BulletImpact_Vox-pulse purple	1.50	0	0	65536	62740
Atk_BulletImpact_Vox-pulse purple	2.00	0	0	65536	62740
Atk_BulletImpact_Vox-pulse purple	3.00	0	0	65536	62740
Atk_ChemVial_2	0.15	18	9	65536	62745
Atk_ChemVial_2	0.30	19	9	65536	62744
Atk_ChemVial_2	0.50	18	16	65536	62751
Atk_ChemVial_2	0.75	10	9	65536	62747
Atk_ChemVial_2	1.00	0	0	65536	62740
Atk_ChemVial_2	1.50	0	0	65536	62740
Atk_ChemVial_2	2.00	0	0	65536	62740
Atk_ChemVial_2	3.00	0	0	65536	62740
Atk_ExileGlaiveThrow Movement	0.15	3126	1631	65536	63884
Atk_ExileGlaiveThrow Movement	0.30	2	2	65536	62742
Atk_ExileGlaiveThrow Movement	0.50	0	0	65536	62740
Atk_ExileGlaiveThrow Movement	0.75	0	0	65536	62740
Atk_ExileGlaiveThrow Movement	1.00	0	0	65536	62740
Atk_ExileGlaiveThrow Movement	1.50	0	0	65536	62740
Atk_ExileGlaiveThrow Movement	2.00	0	0	65536	62740
Atk_ExileGlaiveThrow Movement	3.00	0	0	65536	62740
Atk_GrotGrenade	0.15	3126	1627	65536	63881
Atk_GrotGrenade	0.30	10	6	65536	62745
Atk_GrotGrenade	0.50	10	6	65536	62746
Atk_GrotGrenade	0.75	4	2	65536	62742
Atk_GrotGrenade	1.00	0	0	65536	62740
Atk_GrotGrenade	1.50	0	0	65536	62740
Atk_GrotGrenade	2.00	0	0	65536	62740
Atk_GrotGrenade	3.00	0	0	65536	62740
Atk_GrotGrenade_big	0.15	3126	1624	65536	63878
Atk_GrotGrenade_big	0.30	12	5	65536	62743
Atk_GrotGrenade_big	0.50	8	3	65536	62742
Atk_GrotGrenade_big	0.75	16	6	65536	62744
Atk_GrotGrenade_big	1.00	0	0	65536	62740
Atk_GrotGrenade_big	1.50	0	0	65536	62740
Atk_GrotGrenade_big	2.00	0	0	65536	62740
Atk_GrotGrenade_big	3.00	0	0	65536	62740
Atk_GrotRock	0.15	2402	1087	65536	63501
Atk_GrotRock	0.30	6	0	65536	62736
Atk_GrotRock	0.50	6	0	65536	62737
Atk_GrotRock	0.75	0	0	65536	62740
Atk_GrotRock	1.00	0	0	65536	62740
Atk_GrotRock	1.50	0	0	65536	62740
Atk_GrotRock	2.00	0	0	65536	62740
Atk_GrotRock	3.00	0	0	65536	62740
Atk_HelspearThrow Movement	0.15	3126	1631	65536	63884
Atk_HelspearThrow Movement	0.30	0	0	65536	62740
Atk_HelspearThrow Movement	0.50	0	0	65536	62740
Atk_HelspearThrow Movement	0.75	0	0	65536	62740
Atk_HelspearThrow Movement	1.00	0	0	65536	62740
Atk_HelspearThrow Movement	1.50	0	0	65536	62740
Atk_HelspearThrow Movement	2.00	0	0	65536	62740
Atk_HelspearThrow Movement	3.00	0	0	65536	62740
Atk_JainasMor	0.15	2424	2189	65536	64350
Atk_JainasMor	0.30	3175	2037	65536	64150
Atk_JainasMor	0.50	0	0	65536	62740
Atk_JainasMor	0.75	20	14	65536	62752
Atk_JainasMor	1.00	396	424	65536	63059
Atk_JainasMor	1.50	0	0	65536	62740
Atk_JainasMor	2.00	0	0	65536	62740
Atk_JainasMor	3.00	0	0	65536	62740
Atk_KrootJavelinThrow Movement	0.15	3126	1631	65536	63884
Atk_KrootJavelinThrow Movement	0.30	4	2	65536	62742
Atk_KrootJavelinThrow Movement	0.50	4	2	65536	62742
Atk_KrootJavelinThrow Movement	0.75	0	0	65536	62740
Atk_KrootJavelinThrow Movement	1.00	0	0	65536	62740
Atk_KrootJavelinThrow Movement	1.50	0	0	65536	62740
Atk_KrootJavelinThrow Movement	2.00	0	0	65536	62740
Atk_KrootJavelinThrow Movement	3.00	0	0	65536	62740
Atk_Rokkit-Harpoon big	0.15	3089	1664	65536	63928
Atk_Rokkit-Harpoon big	0.30	234	150	65536	62864
Atk_Rokkit-Harpoon big	0.50	413	243	65536	62938
Atk_Rokkit-Harpoon big	0.75	268	122	65536	62833
Atk_Rokkit-Harpoon big	1.00	39	15	65536	62752
Atk_Rokkit-Harpoon big	1.50	0	0	65536	62740
Atk_Rokkit-Harpoon big	2.00	0	0	65536	62740
Atk_Rokkit-Harpoon big	3.00	0	0	65536	62740
Atk_Rokkit-Harpoon small	0.15	3126	1682	65536	63941
Atk_Rokkit-Harpoon small	0.30	358	236	65536	62936
Atk_Rokkit-Harpoon small	0.50	436	265	65536	62959
Atk_Rokkit-Harpoon small	0.75	200	86	65536	62803
Atk_Rokkit-Harpoon small	1.00	0	0	65536	62740
Atk_Rokkit-Harpoon small	1.50	0	0	65536	62740
Atk_Rokkit-Harpoon small	2.00	0	0	65536	62740
Atk_Rokkit-Harpoon small	3.00	0	0	65536	62740
Atk_StikkaThrow Movement	0.15	3126	1630	65536	63880
Atk_StikkaThrow Movement	0.30	28	7	65535	62738
Atk_StikkaThrow Movement	0.50	0	0	65536	62740
Atk_StikkaThrow Movement	0.75	0	0	65536	62740
Atk_StikkaThrow Movement	1.00	0	0	65536	62740
Atk_StikkaThrow Movement	1.50	0	0	65536	62740
Atk_StikkaThrow Movement	2.00	0	0	65536	62740
Atk_StikkaThrow Movement	3.00	0	0	65536	62740
Attack_Stomp	0.15	1	1	65536	62741
Attack_Stomp	0.30	3	1	65536	62741
Attack_Stomp	0.50	652	541	65536	63207
Attack_Stomp	0.75	1111	875	65536	63480
Attack_Stomp	1.00	1010	715	65536	63341
Attack_Stomp	1.50	568	289	65536	62969
Attack_Stomp	2.00	0	0	65536	62740
Attack_Stomp	3.00	0	0	65536	62740
AttackHitSmall	0.15	30	20	65536	62756
AttackHitSmall	0.30	1	0	65536	62741
AttackHitSmall	0.50	3	1	65536	62741
AttackHitSmall	0.75	1	0	65536	62741
AttackHitSmall	1.00	1	0	65536	62741
AttackHitSmall	1.50	0	0	65536	62740
AttackHitSmall	2.00	0	0	65536	62740
AttackHitSmall	3.00	0	0	65536	62740
AttackSquigEffect	0.15	0	0	65536	62740
AttackSquigEffect	0.30	0	0	65536	62740
AttackSquigEffect	0.50	0	0	65536	62740
AttackSquigEffect	0.75	41	15	65536	62749
AttackSquigEffect	1.00	0	0	65536	62740
AttackSquigEffect	1.50	0	0	65536	62740
AttackSquigEffect	2.00	0	0	65536	62740
AttackSquigEffect	3.00	0	0	65536	62740
Aura_WhileInPlay_1	0.15	0	0	65536	62740
Aura_WhileInPlay_1	0.30	3	1	65536	62741
Aura_WhileInPlay_1	0.50	7	4	65536	62744
Aura_WhileInPlay_1	0.75	11	5	65536	62744
Aura_WhileInPlay_1	1.00	20	9	65536	62746
Aura_WhileInPlay_1	1.50	25	11	65536	62747
Aura_WhileInPlay_1	2.00	26	11	65536	62748
Aura_WhileInPlay_1	3.00	22	10	65536	62747
Aura_WhileInPlay_2	0.15	0	0	65536	62740
Aura_WhileInPlay_2	0.30	6	4	65536	62742
Aura_WhileInPlay_2	0.50	15	9	65536	62746
Aura_WhileInPlay_2	0.75	31	19	65536	62753
Aura_WhileInPlay_2	1.00	98	58	65536	62777
Aura_WhileInPlay_2	1.50	167	103	65536	62806
Aura_WhileInPlay_2	2.00	200	123	65536	62819
Aura_WhileInPlay_2	3.00	260	157	65536	62841
Axe_Slash_User_SW	0.15	355	794	65536	63305
Axe_Slash_User_SW	0.30	383	807	65536	63312
Axe_Slash_User_SW	0.50	257	686	65536	63219
Axe_Slash_User_SW	0.75	221	636	65536	63179
Axe_Slash_User_SW	1.00	220	633	65536	63177
Axe_Slash_User_SW	1.50	220	633	65536	63177
Axe_Slash_User_SW	2.00	0	0	65536	62740
Axe_Slash_User_SW	3.00	0	0	65536	62740
BacklashEffect	0.15	0	0	65536	62740
BacklashEffect	0.30	595	360	65536	63034
BacklashEffect	0.50	1625	3016	65536	64872
BacklashEffect	0.75	1720	2969	65536	64828
BacklashEffect	1.00	1449	2979	65536	64870
BacklashEffect	1.50	1502	2835	65536	64745
BacklashEffect	2.00	1727	1427	65536	63858
BacklashEffect	3.00	5	3	65536	62742
Backstab Dagger	0.15	10	4	65536	62747
Backstab Dagger	0.30	17	6	65536	62746
Backstab Dagger	0.50	10	5	65536	62749
Backstab Dagger	0.75	8	3	65536	62748
Backstab Dagger	1.00	0	0	65536	62744
Backstab Dagger	1.50	0	0	65536	62740
Backstab Dagger	2.00	0	0	65536	62740
Backstab Dagger	3.00	0	0	65536	62740
Backstab Dagger Intense	0.15	16	7	65536	62747
Backstab Dagger Intense	0.30	31	13	65536	62752
Backstab Dagger Intense	0.50	57	39	65536	62775
Backstab Dagger Intense	0.75	92	67	65536	62799
Backstab Dagger Intense	1.00	87	67	65536	62798
Backstab Dagger Intense	1.50	22	9	65536	62747
Backstab Dagger Intense	2.00	0	0	65536	62740
Backstab Dagger Intense	3.00	0	0	65536	62740
BansheeHowl	0.15	180	82	65536	62806
BansheeHowl	0.30	1265	526	65536	63127
BansheeHowl	0.50	1129	469	65536	63082
BansheeHowl	0.75	1599	656	65536	63230
BansheeHowl	1.00	1908	756	65536	63300
BansheeHowl	1.50	0	0	65536	62740
BansheeHowl	2.00	0	0	65536	62740
BansheeHowl	3.00	0	0	65536	62740
BansheeHowl_blood	0.15	352	180	65536	62851
BansheeHowl_blood	0.30	78	26	65536	62765
BansheeHowl_blood	0.50	994	396	65536	62927
BansheeHowl_blood	0.75	54	18	65536	62759
BansheeHowl_blood	1.00	166	55	65536	62783
BansheeHowl_blood	1.50	0	0	65536	62740
BansheeHowl_blood	2.00	0	0	65536	62740
BansheeHowl_blood	3.00	0	0	65536	62740
BansheeHowl_blood glow	0.15	1390	1084	65536	63571
BansheeHowl_blood glow	0.30	950	429	65536	63011
BansheeHowl_blood glow	0.50	1024	407	65536	62934
BansheeHowl_blood glow	0.75	184	61	65536	62778
BansheeHowl_blood glow	1.00	95	31	65536	62766
BansheeHowl_blood glow	1.50	0	0	65536	62740
BansheeHowl_blood glow	2.00	0	0	65536	62740
BansheeHowl_blood glow	3.00	0	0	65536	62740
BansheeHowl_warlord	0.15	537	250	65536	62932
BansheeHowl_warlord	0.30	1480	628	65536	63203
BansheeHowl_warlord	0.50	1237	515	65536	63118
BansheeHowl_warlord	0.75	1749	712	65536	63274
BansheeHowl_warlord	1.00	1630	650	65536	63204
BansheeHowl_warlord	1.50	0	0	65536	62740
BansheeHowl_warlord	2.00	0	0	65536	62740
BansheeHowl_warlord	3.00	0	0	65536	62740
Basic_army_BL	0.15	273	266	65536	62933
Basic_army_BL	0.30	496	453	65536	63063
Basic_army_BL	0.50	665	569	65536	63145
Basic_army_BL	0.75	782	566	65536	63145
Basic_army_BL	1.00	1091	1021	65536	63466
Basic_army_BL	1.50	445	295	65536	62946
Basic_army_BL	2.00	0	0	65536	62740
Basic_army_BL	3.00	0	0	65536	62740
Basic_army_DA	0.15	204	113	65536	62815
Basic_army_DA	0.30	333	157	65536	62829
Basic_army_DA	0.50	430	203	65536	62857
Basic_army_DA	0.75	426	207	65536	62875
Basic_army_DA	1.00	976	965	65536	63523
Basic_army_DA	1.50	385	333	65536	63010
Basic_army_DA	2.00	0	0	65536	62740
Basic_army_DA	3.00	0	0	65536	62740
Basic_army_DA_Intense	0.15	201	111	65536	62815
Basic_army_DA_Intense	0.30	333	159	65536	62833
Basic_army_DA_Intense	0.50	430	204	65536	62860
Basic_army_DA_Intense	0.75	426	207	65536	62876
Basic_army_DA_Intense	1.00	1029	1217	65536	63708
Basic_army_DA_Intense	1.50	738	751	65536	63364
Basic_army_DA_Intense	2.00	0	0	65536	62740
Basic_army_DA_Intense	3.00	0	0	65536	62740
Basic_army_DA_Intense_Secret	0.15	174	86	65536	62781
Basic_army_DA_Intense_Secret	0.30	169	82	65536	62771
Basic_army_DA_Intense_Secret	0.50	156	76	65536	62761
Basic_army_DA_Intense_Secret	0.75	108	69	65536	62773
Basic_army_DA_Intense_Secret	1.00	771	418	65536	62994
Basic_army_DA_Intense_Secret	1.50	334	154	65536	62832
Basic_army_DA_Intense_Secret	2.00	1	1	65536	62741
Basic_army_DA_Intense_Secret	3.00	0	0	65536	62740
Basic_army_DA_NoIcon	0.15	162	146	65536	62863
Basic_army_DA_NoIcon	0.30	165	195	65536	62902
Basic_army_DA_NoIcon	0.50	171	242	65536	62932
Basic_army_DA_NoIcon	0.75	175	289	65536	62961
Basic_army_DA_NoIcon	1.00	885	808	65536	63376
Basic_army_DA_NoIcon	1.50	826	583	65536	63197
Basic_army_DA_NoIcon	2.00	0	0	65536	62740
Basic_army_DA_NoIcon	3.00	0	0	65536	62740
Basic_army_GSC	0.15	278	449	65536	63076
Basic_army_GSC	0.30	432	681	65536	63249
Basic_army_GSC	0.50	632	894	65536	63419
Basic_army_GSC	0.75	721	854	65536	63419
Basic_army_GSC	1.00	956	1278	65536	63723
Basic_army_GSC	1.50	366	403	65536	63059
Basic_army_GSC	2.00	25	15	65536	62752
Basic_army_GSC	3.00	0	0	65536	62740
Basic_army_GSC_intense	0.15	325	515	65536	63125
Basic_army_GSC_intense	0.30	534	840	65536	63366
Basic_army_GSC_intense	0.50	726	1058	65536	63541
Basic_army_GSC_intense	0.75	845	1008	65536	63539
Basic_army_GSC_intense	1.00	1174	1640	65536	63991
Basic_army_GSC_intense	1.50	606	671	65536	63258
Basic_army_GSC_intense	2.00	246	116	65536	62814
Basic_army_GSC_intense	3.00	0	0	65536	62740
Basic_army_GSC_Jackal	0.15	257	427	65536	63057
Basic_army_GSC_Jackal	0.30	424	671	65536	63241
Basic_army_GSC_Jackal	0.50	623	883	65536	63410
Basic_army_GSC_Jackal	0.75	711	840	65536	63408
Basic_army_GSC_Jackal	1.00	975	1287	65536	63731
Basic_army_GSC_Jackal	1.50	581	557	65536	63191
Basic_army_GSC_Jackal	2.00	238	146	65536	62861
Basic_army_GSC_Jackal	3.00	0	0	65536	62740
Basic_army_GSC_shake	0.15	276	446	65536	63073
Basic_army_GSC_shake	0.30	435	683	65536	63252
Basic_army_GSC_shake	0.50	631	893	65536	63418
Basic_army_GSC_shake	0.75	719	853	65536	63418
Basic_army_GSC_shake	1.00	949	1276	65536	63723
Basic_army_GSC_shake	1.50	357	401	65536	63057
Basic_army_GSC_shake	2.00	22	14	65536	62752
Basic_army_GSC_shake	3.00	0	0	65536	62740
Basic_army_Guard	0.15	141	106	65536	62824
Basic_army_Guard	0.30	232	174	65536	62876
Basic_army_Guard	0.50	334	254	65536	62942
Basic_army_Guard	0.75	681	552	65536	63200
Basic_army_Guard	1.00	629	512	65536	63170
Basic_army_Guard	1.50	206	103	65536	62818
Basic_army_Guard	2.00	0	0	65536	62740
Basic_army_Guard	3.00	0	0	65536	62740
Basic_army_Guard Board	0.15	75	70	65536	62798
Basic_army_Guard Board	0.30	107	98	65536	62821
Basic_army_Guard Board	0.50	173	156	65536	62869
Basic_army_Guard Board	0.75	621	616	65536	63222
Basic_army_Guard Board	1.00	551	583	65536	63190
Basic_army_Guard Board	1.50	181	172	65536	62869
Basic_army_Guard Board	2.00	68	48	65536	62779
Basic_army_Guard Board	3.00	0	0	65536	62740
Basic_army_Guard Digital	0.15	893	598	65536	63196
Basic_army_Guard Digital	0.30	1105	1006	65536	63535
Basic_army_Guard Digital	0.50	1171	1072	65536	63580
Basic_army_Guard Digital	0.75	1366	1440	65536	63851
Basic_army_Guard Digital	1.00	2109	2159	65536	64438
Basic_army_Guard Digital	1.50	1536	668	65536	63184
Basic_army_Guard Digital	2.00	0	0	65536	62740
Basic_army_Guard Digital	3.00	0	0	65536	62740
Basic_army_Guard Intense	0.15	129	118	65536	62837
Basic_army_Guard Intense	0.30	190	171	65536	62881
Basic_army_Guard Intense	0.50	290	255	65536	62947
Basic_army_Guard Intense	0.75	1004	1023	65536	63536
Basic_army_Guard Intense	1.00	1151	1305	65536	63741
Basic_army_Guard Intense	1.50	997	654	65536	63227
Basic_army_Guard Intense	2.00	108	75	65536	62801
Basic_army_Guard Intense	3.00	0	0	65536	62740
Basic_army_Guard_quick	0.15	2026	2301	65536	64600
Basic_army_Guard_quick	0.30	2069	2093	65536	64472
Basic_army_Guard_quick	0.50	2271	1728	65536	64149
Basic_army_Guard_quick	0.75	1793	1079	65536	63638
Basic_army_Guard_quick	1.00	0	0	65536	62740
Basic_army_Guard_quick	1.50	0	0	65536	62740
Basic_army_Guard_quick	2.00	0	0	65536	62740
Basic_army_Guard_quick	3.00	0	0	65536	62740
Basic_army_Guard_quick Master of Ordnance	0.15	1366	1316	65536	63831
Basic_army_Guard_quick Master of Ordnance	0.30	1824	1772	65536	64240
Basic_army_Guard_quick Master of Ordnance	0.50	2265	1610	65536	64080
Basic_army_Guard_quick Master of Ordnance	0.75	1817	1006	65536	63568
Basic_army_Guard_quick Master of Ordnance	1.00	0	0	65536	62740
Basic_army_Guard_quick Master of Ordnance	1.50	0	0	65536	62740
Basic_army_Guard_quick Master of Ordnance	2.00	0	0	65536	62740
Basic_army_Guard_quick Master of Ordnance	3.00	0	0	65536	62740
Basic_army_UM	0.15	232	198	65536	62883
Basic_army_UM	0.30	411	308	65536	62952
Basic_army_UM	0.50	540	379	65536	63003
Basic_army_UM	0.75	599	371	65536	62998
Basic_army_UM	1.00	1019	955	65536	63508
Basic_army_UM	1.50	366	221	65536	62912
Basic_army_UM	2.00	0	0	65536	62740
Basic_army_UM	3.00	0	0	65536	62740
Basic_army_UM_Chainsword	0.15	235	199	65536	62882
Basic_army_UM_Chainsword	0.30	411	307	65536	62951
Basic_army_UM_Chainsword	0.50	540	379	65536	63002
Basic_army_UM_Chainsword	0.75	598	371	65536	62998
Basic_army_UM_Chainsword	1.00	1023	958	65536	63509
Basic_army_UM_Chainsword	1.50	370	223	65536	62913
Basic_army_UM_Chainsword	2.00	0	0	65536	62740
Basic_army_UM_Chainsword	3.00	0	0	65536	62740
Basic_army_UM_Chant	0.15	233	199	65536	62882
Basic_army_UM_Chant	0.30	411	309	65536	62952
Basic_army_UM_Chant	0.50	540	380	65536	63004
Basic_army_UM_Chant	0.75	598	371	65536	62998
Basic_army_UM_Chant	1.00	1024	956	65536	63508
Basic_army_UM_Chant	1.50	367	221	65536	62912
Basic_army_UM_Chant	2.00	0	0	65536	62740
Basic_army_UM_Chant	3.00	0	0	65536	62740
Basic_army_UM_chaplain	0.15	938	812	65536	63391
Basic_army_UM_chaplain	0.30	1016	940	65536	63498
Basic_army_UM_chaplain	0.50	1066	1035	65536	63578
Basic_army_UM_chaplain	0.75	980	956	65536	63515
Basic_army_UM_chaplain	1.00	540	521	65536	63145
Basic_army_UM_chaplain	1.50	120	61	65536	62783
Basic_army_UM_chaplain	2.00	0	0	65536	62740
Basic_army_UM_chaplain	3.00	0	0	65536	62740
Basic_army_UM_Guilliman	0.15	155	152	65536	62865
Basic_army_UM_Guilliman	0.30	265	235	65536	62929
Basic_army_UM_Guilliman	0.50	385	308	65536	62985
Basic_army_UM_Guilliman	0.75	415	302	65536	62980
Basic_army_UM_Guilliman	1.00	787	801	65536	63386
Basic_army_UM_Guilliman	1.50	281	210	65536	62906
Basic_army_UM_Guilliman	2.00	0	0	65536	62742
Basic_army_UM_Guilliman	3.00	0	0	65536	62740
Basic_army_UM_Hammer	0.15	235	200	65536	62883
Basic_army_UM_Hammer	0.30	411	307	65536	62951
Basic_army_UM_Hammer	0.50	540	380	65536	63004
Basic_army_UM_Hammer	0.75	598	369	65536	62996
Basic_army_UM_Hammer	1.00	1026	969	65536	63518
Basic_army_UM_Hammer	1.50	377	226	65536	62915
Basic_army_UM_Hammer	2.00	0	0	65536	62741
Basic_army_UM_Hammer	3.00	0	0	65536	62740
Basic_army_UM_Pre-Effect	0.15	17	19	65536	62756
Basic_army_UM_Pre-Effect	0.30	54	45	65536	62775
Basic_army_UM_Pre-Effect	0.50	101	94	65536	62813
Basic_army_UM_Pre-Effect	0.75	183	171	65536	62870
Basic_army_UM_Pre-Effect	1.00	161	168	65536	62867
Basic_army_UM_Pre-Effect	1.50	94	127	65536	62837
Basic_army_UM_Pre-Effect	2.00	0	0	65536	62740
Basic_army_UM_Pre-Effect	3.00	0	0	65536	62740
Basic_army_UM_quick	0.15	1023	865	65536	63375
Basic_army_UM_quick	0.30	897	750	65536	63300
Basic_army_UM_quick	0.50	624	458	65536	63076
Basic_army_UM_quick	0.75	336	250	65536	62928
Basic_army_UM_quick	1.00	4	3	65536	62743
Basic_army_UM_quick	1.50	1	1	65536	62741
Basic_army_UM_quick	2.00	0	0	65536	62740
Basic_army_UM_quick	3.00	0	0	65536	62740
BeastSnagga_Summon	0.15	22	27	65536	62762
BeastSnagga_Summon	0.30	42	33	65536	62768
BeastSnagga_Summon	0.50	127	73	65536	62798
BeastSnagga_Summon	0.75	219	113	65536	62827
BeastSnagga_Summon	1.00	390	219	65536	62914
BeastSnagga_Summon	1.50	424	206	65536	62898
BeastSnagga_Summon	2.00	411	168	65536	62858
BeastSnagga_Summon	3.00	0	0	65536	62740
BigKrumpaKlawEffect	0.15	119	70	65536	62789
BigKrumpaKlawEffect	0.30	474	323	65536	62922
BigKrumpaKlawEffect	0.50	507	305	65536	62871
BigKrumpaKlawEffect	0.75	0	0	65536	62740
BigKrumpaKlawEffect	1.00	0	0	65536	62740
BigKrumpaKlawEffect	1.50	0	0	65536	62740
BigKrumpaKlawEffect	2.00	0	0	65536	62740
BigKrumpaKlawEffect	3.00	0	0	65536	62740
Birth of a Saga	0.15	0	0	65536	62740
Birth of a Saga	0.30	9	3	65536	62742
Birth of a Saga	0.50	44	20	65536	62755
Birth of a Saga	0.75	147	82	65536	62807
Birth of a Saga	1.00	336	191	65536	62896
Birth of a Saga	1.50	852	541	65536	63185
Birth of a Saga	2.00	1282	763	65536	63361
Birth of a Saga	3.00	1291	797	65536	63389
BlackCrusade_Battleground	0.15	0	0	65536	62740
BlackCrusade_Battleground	0.30	108	48	65536	62775
BlackCrusade_Battleground	0.50	125	68	65536	62794
BlackCrusade_Battleground	0.75	128	73	65536	62799
BlackCrusade_Battleground	1.00	145	123	65536	62842
BlackCrusade_Battleground	1.50	128	100	65536	62818
BlackCrusade_Battleground	2.00	184	246	65536	62940
BlackCrusade_Battleground	3.00	188	310	65536	62982
BlackCrusade_Battleground repeat	0.15	0	0	65536	62740
BlackCrusade_Battleground repeat	0.30	125	65	65536	62791
BlackCrusade_Battleground repeat	0.50	128	70	65536	62795
BlackCrusade_Battleground repeat	0.75	108	42	65536	62763
BlackCrusade_Battleground repeat	1.00	107	35	65536	62750
BlackCrusade_Battleground repeat	1.50	106	34	65536	62749
BlackCrusade_Battleground repeat	2.00	173	247	65536	62939
BlackCrusade_Battleground repeat	3.00	174	198	65536	62901
Blacksword_Missile_offscreen	0.15	3	2	65536	62742
Blacksword_Missile_offscreen	0.30	10	12	65536	62749
Blacksword_Missile_offscreen	0.50	13	14	65536	62750
Blacksword_Missile_offscreen	0.75	10	12	65536	62749
Blacksword_Missile_offscreen	1.00	8	10	65536	62748
Blacksword_Missile_offscreen	1.50	7	9	65536	62747
Blacksword_Missile_offscreen	2.00	7	9	65536	62747
Blacksword_Missile_offscreen	3.00	6	4	65536	62743
Blacksword_Missile_volley	0.15	159	163	65536	62873
Blacksword_Missile_volley	0.30	246	269	65536	62958
Blacksword_Missile_volley	0.50	363	382	65536	63049
Blacksword_Missile_volley	0.75	620	649	65536	63266
Blacksword_Missile_volley	1.00	634	679	65536	63291
Blacksword_Missile_volley	1.50	665	713	65536	63316
Blacksword_Missile_volley	2.00	668	707	65536	63312
Blacksword_Missile_volley	3.00	649	694	65536	63303
Blast_Big_Ork	0.15	4	2	65536	62742
Blast_Big_Ork	0.30	29	16	65536	62753
Blast_Big_Ork	0.50	20	13	65536	62750
Blast_Big_Ork	0.75	46	26	65536	62761
Blast_Big_Ork	1.00	47	28	65536	62762
Blast_Big_Ork	1.50	23	12	65536	62748
Blast_Big_Ork	2.00	27	15	65536	62750
Blast_Big_Ork	3.00	0	0	65536	62740
Blast_Big_Ork_Missiles	0.15	4	3	65536	62742
Blast_Big_Ork_Missiles	0.30	47	35	65536	62769
Blast_Big_Ork_Missiles	0.50	17	10	65536	62748
Blast_Big_Ork_Missiles	0.75	51	36	65536	62770
Blast_Big_Ork_Missiles	1.00	53	37	65536	62770
Blast_Big_Ork_Missiles	1.50	26	14	65536	62750
Blast_Big_Ork_Missiles	2.00	6	3	65536	62741
Blast_Big_Ork_Missiles	3.00	0	0	65536	62740
Blast_Plasma	0.15	0	0	65536	62740
Blast_Plasma	0.30	0	0	65536	62740
Blast_Plasma	0.50	1	0	65536	62740
Blast_Plasma	0.75	4	2	65536	62741
Blast_Plasma	1.00	5	3	65536	62743
Blast_Plasma	1.50	28	34	65536	62766
Blast_Plasma	2.00	9	12	65536	62750
Blast_Plasma	3.00	0	0	65536	62740
Blast_Plasma_Helbrute	0.15	6	4	65536	62743
Blast_Plasma_Helbrute	0.30	16	12	65536	62748
Blast_Plasma_Helbrute	0.50	26	26	65536	62761
Blast_Plasma_Helbrute	0.75	30	39	65536	62771
Blast_Plasma_Helbrute	1.00	19	11	65536	62746
Blast_Plasma_Helbrute	1.50	3	2	65536	62742
Blast_Plasma_Helbrute	2.00	0	0	65536	62740
Blast_Plasma_Helbrute	3.00	0	0	65536	62740
Blast_Plasma_MegaBlasta	0.15	0	0	65536	62740
Blast_Plasma_MegaBlasta	0.30	0	0	65536	62740
Blast_Plasma_MegaBlasta	0.50	1	0	65536	62740
Blast_Plasma_MegaBlasta	0.75	4	1	65536	62741
Blast_Plasma_MegaBlasta	1.00	9	4	65536	62743
Blast_Plasma_MegaBlasta	1.50	26	28	65536	62763
Blast_Plasma_MegaBlasta	2.00	33	26	65536	62758
Blast_Plasma_MegaBlasta	3.00	0	0	65536	62740
Blast_Plasma_Sentinel	0.15	6	9	65536	62748
Blast_Plasma_Sentinel	0.30	22	27	65536	62761
Blast_Plasma_Sentinel	0.50	32	36	65536	62767
Blast_Plasma_Sentinel	0.75	31	38	65536	62769
Blast_Plasma_Sentinel	1.00	31	32	65536	62765
Blast_Plasma_Sentinel	1.50	3	3	65536	62743
Blast_Plasma_Sentinel	2.00	0	0	65536	62740
Blast_Plasma_Sentinel	3.00	0	0	65536	62740
Blast_Plasma_Sentinel_twinlink	0.15	11	17	65536	62754
Blast_Plasma_Sentinel_twinlink	0.30	40	51	65536	62779
Blast_Plasma_Sentinel_twinlink	0.50	56	66	65536	62789
Blast_Plasma_Sentinel_twinlink	0.75	55	78	65536	62798
Blast_Plasma_Sentinel_twinlink	1.00	54	68	65536	62791
Blast_Plasma_Sentinel_twinlink	1.50	18	25	65536	62758
Blast_Plasma_Sentinel_twinlink	2.00	1	0	65536	62741
Blast_Plasma_Sentinel_twinlink	3.00	0	0	65536	62740
BlastEffect	0.15	64	35	65536	62771
BlastEffect	0.30	29	17	65536	62754
BlastEffect	0.50	83	47	65536	62779
BlastEffect	0.75	70	35	65536	62768
BlastEffect	1.00	1	1	65536	62741
BlastEffect	1.50	0	0	65536	62740
BlastEffect	2.00	0	0	65536	62740
BlastEffect	3.00	0	0	65536	62740
Blind_continuous_effect	0.15	898	491	65536	63120
Blind_continuous_effect	0.30	1746	1182	65536	63703
Blind_continuous_effect	0.50	2524	2047	65536	64459
Blind_continuous_effect	0.75	3074	2012	65536	64389
Blind_continuous_effect	1.00	2139	852	65536	63316
Blind_continuous_effect	1.50	1304	1167	65536	63720
Blind_continuous_effect	2.00	2486	2174	65536	64599
Blind_continuous_effect	3.00	2550	2298	65536	64718
BlindEffect	0.15	812	884	65536	63493
BlindEffect	0.30	1621	1669	65536	64168
BlindEffect	0.50	2371	1895	65536	64374
BlindEffect	0.75	16	13	65536	62793
BlindEffect	1.00	5	4	65536	62744
BlindEffect	1.50	10	8	65536	62747
BlindEffect	2.00	8	6	65536	62745
BlindEffect	3.00	0	0	65536	62740
BloodThirstEffect	0.15	0	0	65536	62740
BloodThirstEffect	0.30	626	1149	65536	63620
BloodThirstEffect	0.50	589	1059	65536	63538
BloodThirstEffect	0.75	767	1234	65536	63677
BloodThirstEffect	1.00	488	702	65536	63282
BloodThirstEffect	1.50	2	4	65536	62743
BloodThirstEffect	2.00	0	0	65536	62740
BloodThirstEffect	3.00	0	0	65536	62740
BloodThirstEffect_continuous	0.15	0	0	65536	62740
BloodThirstEffect_continuous	0.30	0	0	65536	62740
BloodThirstEffect_continuous	0.50	0	0	65536	62740
BloodThirstEffect_continuous	0.75	0	0	65536	62740
BloodThirstEffect_continuous	1.00	3818	2990	65536	64951
BloodThirstEffect_continuous	1.50	4077	3074	65536	64689
BloodThirstEffect_continuous	2.00	3908	2847	65536	64609
BloodThirstEffect_continuous	3.00	4027	3320	65536	64955
BloodThirstEffect_Gain	0.15	240	720	65536	63230
BloodThirstEffect_Gain	0.30	495	1051	65536	63469
BloodThirstEffect_Gain	0.50	656	1198	65536	63544
BloodThirstEffect_Gain	0.75	832	1101	65536	63367
BloodThirstEffect_Gain	1.00	761	594	65536	62902
BloodThirstEffect_Gain	1.50	710	530	65536	62850
BloodThirstEffect_Gain	2.00	0	0	65536	62740
BloodThirstEffect_Gain	3.00	0	0	65536	62740
BloodThirstEffect_Idle	0.15	0	0	65536	62740
BloodThirstEffect_Idle	0.30	0	0	65536	62740
BloodThirstEffect_Idle	0.50	0	0	65536	62740
BloodThirstEffect_Idle	0.75	0	0	65536	62740
BloodThirstEffect_Idle	1.00	1270	1766	65536	64004
BloodThirstEffect_Idle	1.50	2759	3376	65536	64954
BloodThirstEffect_Idle	2.00	3669	4011	65536	65184
BloodThirstEffect_Idle	3.00	3566	3847	65536	64908
BloodThirstEffect_Lose	0.15	421	503	65536	63105
BloodThirstEffect_Lose	0.30	1166	1365	65536	63649
BloodThirstEffect_Lose	0.50	1600	1686	65536	63536
BloodThirstEffect_Lose	0.75	1913	1911	65536	63588
BloodThirstEffect_Lose	1.00	1171	985	65536	63142
BloodThirstEffect_Lose	1.50	44	29	65536	62761
BloodThirstEffect_Lose	2.00	14	7	65536	62745
BloodThirstEffect_Lose	3.00	0	0	65536	62740
BloodySplash	0.15	179	124	65536	62729
BloodySplash	0.30	547	368	65536	62683
BloodySplash	0.50	447	200	65536	62853
BloodySplash	0.75	406	153	65536	62833
BloodySplash	1.00	4	1	65536	62741
BloodySplash	1.50	0	0	65536	62740
BloodySplash	2.00	0	0	65536	62740
BloodySplash	3.00	0	0	65536	62740
BlueSummonCircle	0.15	118	98	65536	62798
BlueSummonCircle	0.30	791	1724	65536	63972
BlueSummonCircle	0.50	1184	2211	65536	64263
BlueSummonCircle	0.75	2142	2416	65536	63626
BlueSummonCircle	1.00	4406	3992	65536	63517
BlueSummonCircle	1.50	3579	1070	65536	60793
BlueSummonCircle	2.00	0	0	65536	62740
BlueSummonCircle	3.00	0	0	65536	62740
Bolter Casing_Imperial	0.15	18	5	65536	62739
Bolter Casing_Imperial	0.30	31	11	65536	62742
Bolter Casing_Imperial	0.50	28	12	65536	62745
Bolter Casing_Imperial	0.75	30	10	65536	62741
Bolter Casing_Imperial	1.00	18	3	65536	62735
Bolter Casing_Imperial	1.50	0	0	65536	62740
Bolter Casing_Imperial	2.00	0	0	65536	62740
Bolter Casing_Imperial	3.00	0	0	65536	62740
Bolter Casing_Orks	0.15	15	8	65536	62745
Bolter Casing_Orks	0.30	29	16	65536	62750
Bolter Casing_Orks	0.50	28	17	65536	62751
Bolter Casing_Orks	0.75	31	19	65536	62750
Bolter Casing_Orks	1.00	17	11	65536	62747
Bolter Casing_Orks	1.50	0	0	65536	62740
Bolter Casing_Orks	2.00	0	0	65536	62740
Bolter Casing_Orks	3.00	0	0	65536	62740
Bolter Casing_Traitor	0.15	17	4	65536	62739
Bolter Casing_Traitor	0.30	27	10	65536	62743
Bolter Casing_Traitor	0.50	27	6	65536	62737
Bolter Casing_Traitor	0.75	26	4	65536	62733
Bolter Casing_Traitor	1.00	21	3	65536	62731
Bolter Casing_Traitor	1.50	0	0	65536	62740
Bolter Casing_Traitor	2.00	0	0	65536	62740
Bolter Casing_Traitor	3.00	0	0	65536	62740
BolterSweep	0.15	69	45	65536	62776
BolterSweep	0.30	149	101	65536	62820
BolterSweep	0.50	161	103	65536	62820
BolterSweep	0.75	168	112	65536	62824
BolterSweep	1.00	167	111	65536	62822
BolterSweep	1.50	175	103	65536	62813
BolterSweep	2.00	167	81	65536	62791
BolterSweep	3.00	4	1	65536	62740
BolterSweep_2	0.15	121	206	65536	62892
BolterSweep_2	0.30	187	370	65536	63010
BolterSweep_2	0.50	217	403	65536	63030
BolterSweep_2	0.75	240	422	65536	63042
BolterSweep_2	1.00	287	490	65536	63091
BolterSweep_2	1.50	235	402	65536	63025
BolterSweep_2	2.00	195	294	65536	62943
BolterSweep_2	3.00	3	1	65536	62739
Bore Through	0.15	1627	1877	65536	64122
Bore Through	0.30	2091	2319	65536	64408
Bore Through	0.50	1929	2167	65536	64300
Bore Through	0.75	1934	1900	65536	64099
Bore Through	1.00	1860	1820	65536	64048
Bore Through	1.50	66	19	65536	62742
Bore Through	2.00	0	0	65536	62740
Bore Through	3.00	0	0	65536	62740
Bore Through Intense	0.15	1415	1656	65536	63958
Bore Through Intense	0.30	1746	1926	65536	64138
Bore Through Intense	0.50	1753	1931	65536	64140
Bore Through Intense	0.75	1773	1604	65536	63853
Bore Through Intense	1.00	2140	2423	65536	64479
Bore Through Intense	1.50	2477	2620	65536	64609
Bore Through Intense	2.00	2216	2341	65536	64429
Bore Through Intense	3.00	0	0	65536	62741
Buff EC On Warlord When Creating Card	0.15	457	654	65536	63247
Buff EC On Warlord When Creating Card	0.30	667	1069	65536	63568
Buff EC On Warlord When Creating Card	0.50	727	1351	65536	63772
Buff EC On Warlord When Creating Card	0.75	450	941	65536	63445
Buff EC On Warlord When Creating Card	1.00	140	266	65536	62941
Buff EC On Warlord When Creating Card	1.50	547	606	65536	63230
Buff EC On Warlord When Creating Card	2.00	364	296	65536	62982
Buff EC On Warlord When Creating Card	3.00	363	236	65536	62920
Buff EC Pink Twirl	0.15	899	1137	65536	63644
Buff EC Pink Twirl	0.30	1066	1406	65536	63823
Buff EC Pink Twirl	0.50	1074	1394	65536	63763
Buff EC Pink Twirl	0.75	1040	1199	65536	63607
Buff EC Pink Twirl	1.00	1114	1845	65536	63970
Buff EC Pink Twirl	1.50	736	1500	65536	63791
Buff EC Pink Twirl	2.00	420	316	65536	63000
Buff EC Pink Twirl	3.00	207	122	65536	62833
Buff EC Pink Twirl Intense	0.15	874	1078	65536	63596
Buff EC Pink Twirl Intense	0.30	1026	1221	65536	63704
Buff EC Pink Twirl Intense	0.50	970	946	65536	63445
Buff EC Pink Twirl Intense	0.75	1141	1021	65536	63476
Buff EC Pink Twirl Intense	1.00	1238	992	65536	63353
Buff EC Pink Twirl Intense	1.50	1080	1145	65536	63545
Buff EC Pink Twirl Intense	2.00	365	328	65536	62997
Buff EC Pink Twirl Intense	3.00	279	204	65536	62902
Buff EC Stimulate	0.15	85	77	65536	62802
Buff EC Stimulate	0.30	208	288	65536	62955
Buff EC Stimulate	0.50	275	482	65536	63093
Buff EC Stimulate	0.75	384	621	65536	63187
Buff EC Stimulate	1.00	486	774	65536	63294
Buff EC Stimulate	1.50	459	576	65536	63168
Buff EC Stimulate	2.00	80	41	65536	62769
Buff EC Stimulate	3.00	48	21	65536	62755
Buff EC Stimulate passive	0.15	1	1	65536	62741
Buff EC Stimulate passive	0.30	6	6	65536	62745
Buff EC Stimulate passive	0.50	12	11	65536	62750
Buff EC Stimulate passive	0.75	25	22	65536	62759
Buff EC Stimulate passive	1.00	32	27	65536	62763
Buff EC Stimulate passive	1.50	63	51	65536	62784
Buff EC Stimulate passive	2.00	53	43	65536	62777
Buff EC Stimulate passive	3.00	56	45	65536	62779
Buff_BL_Intense	0.15	379	196	65536	62846
Buff_BL_Intense	0.30	355	186	65536	62844
Buff_BL_Intense	0.50	275	139	65536	62822
Buff_BL_Intense	0.75	187	92	65536	62801
Buff_BL_Intense	1.00	90	40	65536	62768
Buff_BL_Intense	1.50	9	3	65536	62748
Buff_BL_Intense	2.00	0	0	65536	62742
Buff_BL_Intense	3.00	0	0	65536	62740
Buff_Blue	0.15	1031	713	65536	63202
Buff_Blue	0.30	933	644	65536	63160
Buff_Blue	0.50	725	467	65536	63050
Buff_Blue	0.75	397	216	65536	62883
Buff_Blue	1.00	10	8	65536	62747
Buff_Blue	1.50	1	1	65536	62741
Buff_Blue	2.00	0	0	65536	62740
Buff_Blue	3.00	0	0	65536	62740
Buff_Blue_SW	0.15	1110	1567	65536	63931
Buff_Blue_SW	0.30	1011	1424	65536	63826
Buff_Blue_SW	0.50	815	1025	65536	63542
Buff_Blue_SW	0.75	438	464	65536	63113
Buff_Blue_SW	1.00	21	50	65536	62777
Buff_Blue_SW	1.50	2	4	65536	62744
Buff_Blue_SW	2.00	0	0	65536	62740
Buff_Blue_SW	3.00	0	0	65536	62740
Buff_Blue_SW_Intense	0.15	1185	1740	65536	64054
Buff_Blue_SW_Intense	0.30	1097	1629	65536	63974
Buff_Blue_SW_Intense	0.50	985	1318	65536	63758
Buff_Blue_SW_Intense	0.75	624	664	65536	63273
Buff_Blue_SW_Intense	1.00	182	123	65536	62836
Buff_Blue_SW_Intense	1.50	0	0	65536	62742
Buff_Blue_SW_Intense	2.00	0	0	65536	62741
Buff_Blue_SW_Intense	3.00	0	0	65536	62740
Buff_Blue_SW_Wolf	0.15	1109	1611	65536	63962
Buff_Blue_SW_Wolf	0.30	846	760	65536	63301
Buff_Blue_SW_Wolf	0.50	521	388	65536	63031
Buff_Blue_SW_Wolf	0.75	5	11	65536	62749
Buff_Blue_SW_Wolf	1.00	3	7	65536	62745
Buff_Blue_SW_Wolf	1.50	0	0	65536	62740
Buff_Blue_SW_Wolf	2.00	0	0	65536	62740
Buff_Blue_SW_Wolf	3.00	0	0	65536	62740
Buff_Blue_Tau	0.15	1031	712	65536	63201
Buff_Blue_Tau	0.30	945	675	65536	63188
Buff_Blue_Tau	0.50	752	511	65536	63085
Buff_Blue_Tau	0.75	458	266	65536	62920
Buff_Blue_Tau	1.00	12	9	65536	62748
Buff_Blue_Tau	1.50	3	2	65536	62742
Buff_Blue_Tau	2.00	0	0	65536	62740
Buff_Blue_Tau	3.00	0	0	65536	62740
Buff_Blue_Tau_quick	0.15	1044	742	65536	63229
Buff_Blue_Tau_quick	0.30	950	675	65536	63182
Buff_Blue_Tau_quick	0.50	725	469	65536	63053
Buff_Blue_Tau_quick	0.75	395	214	65536	62881
Buff_Blue_Tau_quick	1.00	8	6	65536	62746
Buff_Blue_Tau_quick	1.50	2	1	65536	62741
Buff_Blue_Tau_quick	2.00	0	0	65536	62740
Buff_Blue_Tau_quick	3.00	0	0	65536	62740
Buff_Chaos_Star	0.15	412	380	65536	63020
Buff_Chaos_Star	0.30	566	537	65536	63129
Buff_Chaos_Star	0.50	685	625	65536	63194
Buff_Chaos_Star	0.75	795	616	65536	63185
Buff_Chaos_Star	1.00	1087	1082	65536	63515
Buff_Chaos_Star	1.50	482	326	65536	62958
Buff_Chaos_Star	2.00	0	0	65536	62740
Buff_Chaos_Star	3.00	0	0	65536	62740
Buff_DA_Forest_Self	0.15	229	36	65528	62636
Buff_DA_Forest_Self	0.30	435	67	65528	62526
Buff_DA_Forest_Self	0.50	702	140	65514	62452
Buff_DA_Forest_Self	0.75	773	163	65518	62429
Buff_DA_Forest_Self	1.00	953	179	65496	62308
Buff_DA_Forest_Self	1.50	1263	401	65485	62459
Buff_DA_Forest_Self	2.00	1099	266	65451	62345
Buff_DA_Forest_Self	3.00	870	258	65486	62503
Buff_DA_Forest_Target	0.15	106	46	65536	62774
Buff_DA_Forest_Target	0.30	178	76	65536	62798
Buff_DA_Forest_Target	0.50	337	139	65536	62841
Buff_DA_Forest_Target	0.75	497	198	65536	62875
Buff_DA_Forest_Target	1.00	501	201	65536	62892
Buff_DA_Forest_Target	1.50	468	192	65536	62885
Buff_DA_Forest_Target	2.00	603	247	65536	62926
Buff_DA_Forest_Target	3.00	156	69	65536	62796
Buff_DaemonicFrenzy	0.15	783	365	65536	62910
Buff_DaemonicFrenzy	0.30	738	339	65536	62896
Buff_DaemonicFrenzy	0.50	604	255	65536	62856
Buff_DaemonicFrenzy	0.75	315	119	65536	62789
Buff_DaemonicFrenzy	1.00	11	4	65536	62739
Buff_DaemonicFrenzy	1.50	0	0	65536	62741
Buff_DaemonicFrenzy	2.00	0	0	65536	62740
Buff_DaemonicFrenzy	3.00	0	0	65536	62740
Buff_DaemonicPact	0.15	97	9	65536	62685
Buff_DaemonicPact	0.30	126	13	65536	62665
Buff_DaemonicPact	0.50	222	22	65536	62618
Buff_DaemonicPact	0.75	343	34	65536	62552
Buff_DaemonicPact	1.00	398	40	65536	62524
Buff_DaemonicPact	1.50	470	48	65536	62494
Buff_DaemonicPact	2.00	680	173	65536	62619
Buff_DaemonicPact	3.00	317	33	65536	62576
Buff_DaemonicPact_troop	0.15	779	364	65536	62907
Buff_DaemonicPact_troop	0.30	731	338	65536	62891
Buff_DaemonicPact_troop	0.50	580	258	65536	62874
Buff_DaemonicPact_troop	0.75	274	112	65536	62802
Buff_DaemonicPact_troop	1.00	0	0	65536	62740
Buff_DaemonicPact_troop	1.50	0	0	65536	62740
Buff_DaemonicPact_troop	2.00	0	0	65536	62740
Buff_DaemonicPact_troop	3.00	0	0	65536	62740
Buff_DarkOratory	0.15	801	495	65536	63028
Buff_DarkOratory	0.30	738	451	65536	63010
Buff_DarkOratory	0.50	565	351	65536	62970
Buff_DarkOratory	0.75	337	177	65536	62859
Buff_DarkOratory	1.00	0	0	65536	62740
Buff_DarkOratory	1.50	0	0	65536	62740
Buff_DarkOratory	2.00	0	0	65536	62740
Buff_DarkOratory	3.00	0	0	65536	62740
Buff_DiabolicStrength	0.15	780	364	65536	62911
Buff_DiabolicStrength	0.30	728	337	65536	62899
Buff_DiabolicStrength	0.50	581	248	65536	62855
Buff_DiabolicStrength	0.75	295	108	65536	62784
Buff_DiabolicStrength	1.00	3	1	65536	62731
Buff_DiabolicStrength	1.50	0	0	65536	62740
Buff_DiabolicStrength	2.00	0	0	65536	62740
Buff_DiabolicStrength	3.00	0	0	65536	62740
Buff_Drach'nyen	0.15	42	5	65535	62725
Buff_Drach'nyen	0.30	40	5	65535	62725
Buff_Drach'nyen	0.50	778	497	65536	63043
Buff_Drach'nyen	0.75	618	392	65536	62999
Buff_Drach'nyen	1.00	359	198	65536	62870
Buff_Drach'nyen	1.50	0	0	65536	62740
Buff_Drach'nyen	2.00	0	0	65536	62740
Buff_Drach'nyen	3.00	0	0	65536	62740
Buff_Eldar_Warp Spider	0.15	742	1460	65536	63796
Buff_Eldar_Warp Spider	0.30	956	1772	65536	64043
Buff_Eldar_Warp Spider	0.50	900	1373	65536	63766
Buff_Eldar_Warp Spider	0.75	513	494	65536	63105
Buff_Eldar_Warp Spider	1.00	231	105	65536	62823
Buff_Eldar_Warp Spider	1.50	57	32	65536	62773
Buff_Eldar_Warp Spider	2.00	16	14	65536	62752
Buff_Eldar_Warp Spider	3.00	0	0	65536	62740
Buff_Eldar_Warp Spider_intense	0.15	503	403	65536	63065
Buff_Eldar_Warp Spider_intense	0.30	783	633	65536	63231
Buff_Eldar_Warp Spider_intense	0.50	934	852	65536	63385
Buff_Eldar_Warp Spider_intense	0.75	1098	882	65536	63385
Buff_Eldar_Warp Spider_intense	1.00	803	571	65536	63144
Buff_Eldar_Warp Spider_intense	1.50	54	32	65536	62771
Buff_Eldar_Warp Spider_intense	2.00	5	4	65536	62744
Buff_Eldar_Warp Spider_intense	3.00	0	0	65536	62740
Buff_EnemyHand_GSC	0.15	1116	693	65536	63231
Buff_EnemyHand_GSC	0.30	1133	779	65536	63310
Buff_EnemyHand_GSC	0.50	1134	749	65536	63281
Buff_EnemyHand_GSC	0.75	408	195	65536	62828
Buff_EnemyHand_GSC	1.00	305	136	65536	62795
Buff_EnemyHand_GSC	1.50	0	0	65536	62740
Buff_EnemyHand_GSC	2.00	0	0	65536	62740
Buff_EnemyHand_GSC	3.00	0	0	65536	62740
Buff_Flies	0.15	176	71	65536	62789
Buff_Flies	0.30	266	126	65536	62835
Buff_Flies	0.50	331	136	65536	62829
Buff_Flies	0.75	411	191	65536	62879
Buff_Flies	1.00	353	143	65536	62835
Buff_Flies	1.50	15	5	65536	62743
Buff_Flies	2.00	0	0	65536	62740
Buff_Flies	3.00	0	0	65536	62740
Buff_FriendlyHand_GSC	0.15	1225	904	65536	63462
Buff_FriendlyHand_GSC	0.30	1246	1031	65536	63554
Buff_FriendlyHand_GSC	0.50	1248	1007	65536	63540
Buff_FriendlyHand_GSC	0.75	389	261	65536	62935
Buff_FriendlyHand_GSC	1.00	303	179	65536	62870
Buff_FriendlyHand_GSC	1.50	0	0	65536	62740
Buff_FriendlyHand_GSC	2.00	0	0	65536	62740
Buff_FriendlyHand_GSC	3.00	0	0	65536	62740
Buff_Green	0.15	792	606	65536	63219
Buff_Green	0.30	708	544	65536	63172
Buff_Green	0.50	561	396	65536	63053
Buff_Green	0.75	309	180	65536	62877
Buff_Green	1.00	26	13	65536	62748
Buff_Green	1.50	9	3	65536	62742
Buff_Green	2.00	0	0	65536	62740
Buff_Green	3.00	0	0	65536	62740
Buff_Green_Agenda	0.15	315	603	65536	63182
Buff_Green_Agenda	0.30	395	740	65536	63272
Buff_Green_Agenda	0.50	355	669	65536	63208
Buff_Green_Agenda	0.75	290	338	65536	62988
Buff_Green_Agenda	1.00	76	55	65536	62783
Buff_Green_Agenda	1.50	14	5	65536	62742
Buff_Green_Agenda	2.00	0	0	65536	62740
Buff_Green_Agenda	3.00	0	0	65536	62740
Buff_Green_DA	0.15	347	734	65536	63260
Buff_Green_DA	0.30	386	831	65536	63312
Buff_Green_DA	0.50	392	773	65536	63289
Buff_Green_DA	0.75	360	318	65536	62970
Buff_Green_DA	1.00	149	60	65536	62763
Buff_Green_DA	1.50	47	21	65536	62754
Buff_Green_DA	2.00	13	7	65536	62745
Buff_Green_DA	3.00	0	0	65536	62740
Buff_Green_Intense	0.15	873	937	65536	63501
Buff_Green_Intense	0.30	735	678	65536	63293
Buff_Green_Intense	0.50	538	304	65536	62923
Buff_Green_Intense	0.75	285	138	65536	62823
Buff_Green_Intense	1.00	28	13	65536	62748
Buff_Green_Intense	1.50	12	4	65536	62742
Buff_Green_Intense	2.00	0	0	65536	62740
Buff_Green_Intense	3.00	0	0	65536	62740
Buff_GSC	0.15	1010	851	65536	63344
Buff_GSC	0.30	914	849	65536	63359
Buff_GSC	0.50	729	900	65536	63403
Buff_GSC	0.75	544	817	65536	63380
Buff_GSC	1.00	650	806	65536	63382
Buff_GSC	1.50	0	0	65536	62740
Buff_GSC	2.00	0	0	65536	62740
Buff_GSC	3.00	0	0	65536	62740
Buff_Hand_1	0.15	650	668	65536	63248
Buff_Hand_1	0.30	768	845	65536	63386
Buff_Hand_1	0.50	813	778	65536	63351
Buff_Hand_1	0.75	825	666	65536	63251
Buff_Hand_1	1.00	490	328	65536	63002
Buff_Hand_1	1.50	250	118	65536	62821
Buff_Hand_1	2.00	0	0	65536	62740
Buff_Hand_1	3.00	0	0	65536	62740
Buff_Hand_UM	0.15	1143	792	65536	63287
Buff_Hand_UM	0.30	1268	980	65536	63424
Buff_Hand_UM	0.50	1268	960	65536	63421
Buff_Hand_UM	0.75	1259	927	65536	63410
Buff_Hand_UM	1.00	391	220	65536	62904
Buff_Hand_UM	1.50	0	0	65536	62740
Buff_Hand_UM	2.00	0	0	65536	62740
Buff_Hand_UM	3.00	0	0	65536	62740
Buff_HideousMutation	0.15	0	0	65536	62741
Buff_HideousMutation	0.30	9	5	65536	62746
Buff_HideousMutation	0.50	10	6	65536	62747
Buff_HideousMutation	0.75	19	11	65536	62751
Buff_HideousMutation	1.00	25	15	65536	62753
Buff_HideousMutation	1.50	22	13	65536	62751
Buff_HideousMutation	2.00	27	15	65536	62751
Buff_HideousMutation	3.00	0	0	65536	62740
Buff_HideousMutation_EC	0.15	54	41	65536	62777
Buff_HideousMutation_EC	0.30	137	115	65536	62840
Buff_HideousMutation_EC	0.50	299	270	65536	62965
Buff_HideousMutation_EC	0.75	415	391	65536	63063
Buff_HideousMutation_EC	1.00	585	537	65536	63177
Buff_HideousMutation_EC	1.50	579	499	65536	63146
Buff_HideousMutation_EC	2.00	384	265	65536	62942
Buff_HideousMutation_EC	3.00	16	6	65536	62746
Buff_HideousMutation_rage	0.15	22	13	65536	62753
Buff_HideousMutation_rage	0.30	98	61	65536	62792
Buff_HideousMutation_rage	0.50	149	99	65536	62823
Buff_HideousMutation_rage	0.75	238	147	65536	62850
Buff_HideousMutation_rage	1.00	314	201	65536	62890
Buff_HideousMutation_rage	1.50	386	195	65536	62867
Buff_HideousMutation_rage	2.00	111	54	65536	62777
Buff_HideousMutation_rage	3.00	0	0	65536	62740
Buff_LegacyOfVengeance	0.15	802	490	65536	63027
Buff_LegacyOfVengeance	0.30	742	460	65536	63021
Buff_LegacyOfVengeance	0.50	561	360	65536	62983
Buff_LegacyOfVengeance	0.75	337	179	65536	62860
Buff_LegacyOfVengeance	1.00	0	0	65536	62740
Buff_LegacyOfVengeance	1.50	0	0	65536	62740
Buff_LegacyOfVengeance	2.00	0	0	65536	62740
Buff_LegacyOfVengeance	3.00	0	0	65536	62740
Buff_Mana	0.15	939	1160	65536	63567
Buff_Mana	0.30	1876	2315	65536	64389
Buff_Mana	0.50	3127	3869	65536	65497
Buff_Mana	0.75	5689	7254	65536	67907
Buff_Mana	1.00	6391	8738	65536	68961
Buff_Mana	1.50	0	0	65536	62740
Buff_Mana	2.00	0	0	65536	62740
Buff_Mana	3.00	0	0	65536	62740
Buff_Mana_2	0.15	379	468	65536	63073
Buff_Mana_2	0.30	763	942	65536	63411
Buff_Mana_2	0.50	1273	1572	65536	63859
Buff_Mana_2	0.75	2309	2805	65536	64738
Buff_Mana_2	1.00	2594	3407	65536	65165
Buff_Mana_2	1.50	37	14	65536	62747
Buff_Mana_2	2.00	0	0	65536	62740
Buff_Mana_2	3.00	0	0	65536	62740
Buff_Mana_3 Holy	0.15	370	761	65536	63304
Buff_Mana_3 Holy	0.30	739	1519	65536	63865
Buff_Mana_3 Holy	0.50	1227	2523	65536	64609
Buff_Mana_3 Holy	0.75	2331	5012	65536	66397
Buff_Mana_3 Holy	1.00	2692	6123	65536	67145
Buff_Mana_3 Holy	1.50	19	7	65536	62745
Buff_Mana_3 Holy	2.00	0	0	65536	62740
Buff_Mana_3 Holy	3.00	0	0	65536	62740
Buff_Mana_Blood	0.15	138	138	65536	62799
Buff_Mana_Blood	0.30	275	274	65536	62858
Buff_Mana_Blood	0.50	458	455	65536	62935
Buff_Mana_Blood	0.75	855	848	65536	63141
Buff_Mana_Blood	1.00	946	993	65536	63189
Buff_Mana_Blood	1.50	4	1	65536	62745
Buff_Mana_Blood	2.00	0	0	65536	62740
Buff_Mana_Blood	3.00	0	0	65536	62740
Buff_MarkOfKhorne	0.15	492	266	65536	62861
Buff_MarkOfKhorne	0.30	480	256	65536	62855
Buff_MarkOfKhorne	0.50	430	228	65536	62852
Buff_MarkOfKhorne	0.75	357	180	65536	62837
Buff_MarkOfKhorne	1.00	254	119	65536	62807
Buff_MarkOfKhorne	1.50	0	0	65536	62740
Buff_MarkOfKhorne	2.00	0	0	65536	62740
Buff_MarkOfKhorne	3.00	0	0	65536	62740
Buff_MarkOfNurgle	0.15	1047	662	65536	63117
Buff_MarkOfNurgle	0.30	1150	675	65536	63086
Buff_MarkOfNurgle	0.50	1147	657	65536	63065
Buff_MarkOfNurgle	0.75	1109	510	65536	62890
Buff_MarkOfNurgle	1.00	917	308	65536	62710
Buff_MarkOfNurgle	1.50	637	123	65536	62556
Buff_MarkOfNurgle	2.00	0	0	65536	62740
Buff_MarkOfNurgle	3.00	0	0	65536	62740
Buff_MarkOfSlaanesh	0.15	1138	861	65536	63242
Buff_MarkOfSlaanesh	0.30	1110	791	65536	63184
Buff_MarkOfSlaanesh	0.50	1244	937	65536	63257
Buff_MarkOfSlaanesh	0.75	1067	978	65536	63275
Buff_MarkOfSlaanesh	1.00	949	1025	65536	63338
Buff_MarkOfSlaanesh	1.50	656	1004	65536	63437
Buff_MarkOfSlaanesh	2.00	203	226	65536	62912
Buff_MarkOfSlaanesh	3.00	0	0	65536	62740
Buff_MarkOfTzeentch	0.15	622	505	65536	63146
Buff_MarkOfTzeentch	0.30	622	535	65536	63153
Buff_MarkOfTzeentch	0.50	651	616	65536	63203
Buff_MarkOfTzeentch	0.75	602	661	65536	63247
Buff_MarkOfTzeentch	1.00	542	681	65536	63252
Buff_MarkOfTzeentch	1.50	377	247	65536	62927
Buff_MarkOfTzeentch	2.00	25	11	65536	62747
Buff_MarkOfTzeentch	3.00	0	0	65536	62740
Buff_Orange	0.15	773	494	65536	63066
Buff_Orange	0.30	699	446	65536	63036
Buff_Orange	0.50	551	328	65536	62962
Buff_Orange	0.75	297	152	65536	62843
Buff_Orange	1.00	5	4	65536	62743
Buff_Orange	1.50	0	0	65536	62740
Buff_Orange	2.00	0	0	65536	62740
Buff_Orange	3.00	0	0	65536	62740
Buff_Ork_Mek	0.15	1210	805	65536	63346
Buff_Ork_Mek	0.30	1344	988	65536	63493
Buff_Ork_Mek	0.50	1425	1055	65536	63516
Buff_Ork_Mek	0.75	1566	1240	65536	63664
Buff_Ork_Mek	1.00	506	579	65536	63184
Buff_Ork_Mek	1.50	0	0	65536	62741
Buff_Ork_Mek	2.00	0	0	65536	62740
Buff_Ork_Mek	3.00	0	0	65536	62740
Buff_Purple	0.15	429	283	65536	62922
Buff_Purple	0.30	397	258	65536	62906
Buff_Purple	0.50	306	193	65536	62869
Buff_Purple	0.75	165	92	65536	62802
Buff_Purple	1.00	39	25	65536	62759
Buff_Purple	1.50	21	10	65536	62747
Buff_Purple	2.00	8	3	65536	62742
Buff_Purple	3.00	0	0	65536	62740
Buff_Red	0.15	774	434	65536	62968
Buff_Red	0.30	700	392	65536	62948
Buff_Red	0.50	551	292	65536	62903
Buff_Red	0.75	297	139	65536	62821
Buff_Red	1.00	0	0	65536	62740
Buff_Red	1.50	0	0	65536	62740
Buff_Red	2.00	0	0	65536	62740
Buff_Red	3.00	0	0	65536	62740
Buff_Red_Intense	0.15	774	440	65536	62974
Buff_Red_Intense	0.30	700	406	65536	62961
Buff_Red_Intense	0.50	551	310	65536	62918
Buff_Red_Intense	0.75	297	144	65536	62826
Buff_Red_Intense	1.00	7	8	65536	62746
Buff_Red_Intense	1.50	0	0	65536	62740
Buff_Red_Intense	2.00	0	0	65536	62740
Buff_Red_Intense	3.00	0	0	65536	62740
Buff_Red_ork	0.15	733	652	65536	63224
Buff_Red_ork	0.30	667	578	65536	63160
Buff_Red_ork	0.50	559	434	65536	63021
Buff_Red_ork	0.75	352	272	65536	62873
Buff_Red_ork	1.00	20	18	65536	62755
Buff_Red_ork	1.50	0	0	65536	62740
Buff_Red_ork	2.00	0	0	65536	62740
Buff_Red_ork	3.00	0	0	65536	62740
Buff_Sautekh_Intense	0.15	6	4	65536	62744
Buff_Sautekh_Intense	0.30	9	6	65536	62745
Buff_Sautekh_Intense	0.50	3	2	65536	62742
Buff_Sautekh_Intense	0.75	395	243	65536	62895
Buff_Sautekh_Intense	1.00	298	170	65536	62850
Buff_Sautekh_Intense	1.50	23	13	65536	62750
Buff_Sautekh_Intense	2.00	12	7	65536	62745
Buff_Sautekh_Intense	3.00	1	1	65536	62741
Buff_Sororitas	0.15	432	352	65536	63023
Buff_Sororitas	0.30	434	359	65536	63029
Buff_Sororitas	0.50	440	376	65536	63041
Buff_Sororitas	0.75	432	376	65536	63039
Buff_Sororitas	1.00	424	372	65536	63035
Buff_Sororitas	1.50	352	275	65536	62959
Buff_Sororitas	2.00	0	0	65536	62740
Buff_Sororitas	3.00	0	0	65536	62740
Buff_Sororitas_Intense	0.15	846	511	65536	63158
Buff_Sororitas_Intense	0.30	907	695	65536	63328
Buff_Sororitas_Intense	0.50	944	866	65536	63471
Buff_Sororitas_Intense	0.75	976	1049	65536	63612
Buff_Sororitas_Intense	1.00	1062	2146	65536	64300
Buff_Sororitas_Intense	1.50	1444	2330	65536	64463
Buff_Sororitas_Intense	2.00	979	956	65536	63511
Buff_Sororitas_Intense	3.00	0	0	65536	62740
Buff_Sororitas_quick	0.15	276	314	65536	62981
Buff_Sororitas_quick	0.30	415	502	65536	63123
Buff_Sororitas_quick	0.50	661	769	65536	63327
Buff_Sororitas_quick	0.75	801	842	65536	63380
Buff_Sororitas_quick	1.00	183	310	65536	62971
Buff_Sororitas_quick	1.50	32	37	65536	62769
Buff_Sororitas_quick	2.00	0	0	65536	62740
Buff_Sororitas_quick	3.00	0	0	65536	62740
Buff_Sororitas_quick_fire	0.15	321	358	65536	63019
Buff_Sororitas_quick_fire	0.30	462	534	65536	63154
Buff_Sororitas_quick_fire	0.50	728	815	65536	63364
Buff_Sororitas_quick_fire	0.75	849	863	65536	63393
Buff_Sororitas_quick_fire	1.00	349	445	65536	63057
Buff_Sororitas_quick_fire	1.50	112	118	65536	62822
Buff_Sororitas_quick_fire	2.00	56	60	65536	62782
Buff_Sororitas_quick_fire	3.00	0	0	65536	62740
Buff_Sororitas_quick_fire_intense	0.15	329	387	65536	63041
Buff_Sororitas_quick_fire_intense	0.30	485	553	65536	63168
Buff_Sororitas_quick_fire_intense	0.50	723	812	65536	63361
Buff_Sororitas_quick_fire_intense	0.75	949	944	65536	63459
Buff_Sororitas_quick_fire_intense	1.00	492	647	65536	63202
Buff_Sororitas_quick_fire_intense	1.50	403	505	65536	63102
Buff_Sororitas_quick_fire_intense	2.00	206	183	65536	62869
Buff_Sororitas_quick_fire_intense	3.00	0	0	65536	62740
Buff_SW_Blizzard	0.15	456	308	65536	62993
Buff_SW_Blizzard	0.30	712	730	65536	63333
Buff_SW_Blizzard	0.50	932	971	65536	63525
Buff_SW_Blizzard	0.75	1327	1302	65536	63807
Buff_SW_Blizzard	1.00	913	1040	65536	63580
Buff_SW_Blizzard	1.50	1205	1185	65536	63714
Buff_SW_Blizzard	2.00	1240	1303	65536	63807
Buff_SW_Blizzard	3.00	1248	1160	65536	63697
Buff_SW_Blizzard_Board	0.15	352	199	65536	62902
Buff_SW_Blizzard_Board	0.30	379	360	65536	63035
Buff_SW_Blizzard_Board	0.50	1806	1263	65536	63764
Buff_SW_Blizzard_Board	0.75	2298	1930	65536	64334
Buff_SW_Blizzard_Board	1.00	2479	2402	65536	64710
Buff_SW_Blizzard_Board	1.50	2490	2501	65536	64797
Buff_SW_Blizzard_Board	2.00	2332	2236	65536	64574
Buff_SW_Blizzard_Board	3.00	1048	811	65536	63399
Buff_SW_Lightning	0.15	2	1	65536	62744
Buff_SW_Lightning	0.30	21	7	65536	62749
Buff_SW_Lightning	0.50	51	18	65536	62755
Buff_SW_Lightning	0.75	62	22	65536	62757
Buff_SW_Lightning	1.00	1130	1509	65536	63914
Buff_SW_Lightning	1.50	148	69	65536	62794
Buff_SW_Lightning	2.00	48	18	65536	62756
Buff_SW_Lightning	3.00	3	1	65536	62743
Buff_SW_Lightning_quick	0.15	171	123	65536	62853
Buff_SW_Lightning_quick	0.30	110	65	65536	62790
Buff_SW_Lightning_quick	0.50	83	41	65536	62771
Buff_SW_Lightning_quick	0.75	12	4	65536	62747
Buff_SW_Lightning_quick	1.00	2	1	65536	62740
Buff_SW_Lightning_quick	1.50	0	0	65536	62740
Buff_SW_Lightning_quick	2.00	0	0	65536	62740
Buff_SW_Lightning_quick	3.00	0	0	65536	62740
Buff_SW_Rune_Blizzard	0.15	1	3	65536	62742
Buff_SW_Rune_Blizzard	0.30	14	28	65536	62761
Buff_SW_Rune_Blizzard	0.50	131	214	65536	62903
Buff_SW_Rune_Blizzard	0.75	106	156	65536	62863
Buff_SW_Rune_Blizzard	1.00	104	151	65536	62859
Buff_SW_Rune_Blizzard	1.50	107	149	65536	62858
Buff_SW_Rune_Blizzard	2.00	103	147	65536	62856
Buff_SW_Rune_Blizzard	3.00	2	2	65536	62741
Buff_SW_Rune_Lightning	0.15	4	6	65536	62745
Buff_SW_Rune_Lightning	0.30	11	23	65536	62757
Buff_SW_Rune_Lightning	0.50	74	130	65536	62838
Buff_SW_Rune_Lightning	0.75	59	94	65536	62813
Buff_SW_Rune_Lightning	1.00	56	91	65536	62811
Buff_SW_Rune_Lightning	1.50	55	85	65536	62809
Buff_SW_Rune_Lightning	2.00	57	94	65536	62812
Buff_SW_Rune_Lightning	3.00	0	0	65536	62740
Buff_SW_Rune_Tornado	0.15	3	5	65536	62744
Buff_SW_Rune_Tornado	0.30	7	14	65536	62751
Buff_SW_Rune_Tornado	0.50	96	172	65536	62869
Buff_SW_Rune_Tornado	0.75	79	132	65536	62843
Buff_SW_Rune_Tornado	1.00	79	131	65536	62842
Buff_SW_Rune_Tornado	1.50	80	126	65536	62840
Buff_SW_Rune_Tornado	2.00	77	125	65536	62838
Buff_SW_Rune_Tornado	3.00	3	5	65536	62744
Buff_SW_Runes 1	0.15	73	140	65536	62839
Buff_SW_Runes 1	0.30	33	61	65536	62783
Buff_SW_Runes 1	0.50	21	39	65536	62768
Buff_SW_Runes 1	0.75	43	84	65536	62800
Buff_SW_Runes 1	1.00	26	49	65536	62774
Buff_SW_Runes 1	1.50	19	38	65536	62767
Buff_SW_Runes 1	2.00	0	0	65536	62740
Buff_SW_Runes 1	3.00	0	0	65536	62740
Buff_SW_Runes_Blizzard OLD	0.15	814	575	65536	63205
Buff_SW_Runes_Blizzard OLD	0.30	1755	1663	65536	64085
Buff_SW_Runes_Blizzard OLD	0.50	2345	2621	65536	64853
Buff_SW_Runes_Blizzard OLD	0.75	3697	3791	65536	65825
Buff_SW_Runes_Blizzard OLD	1.00	3090	3345	65536	65473
Buff_SW_Runes_Blizzard OLD	1.50	3814	3777	65536	65802
Buff_SW_Runes_Blizzard OLD	2.00	3134	3534	65536	65595
Buff_SW_Runes_Blizzard OLD	3.00	3016	3198	65536	65344
Buff_Tau_Air	0.15	1031	896	65536	63348
Buff_Tau_Air	0.30	933	817	65536	63298
Buff_Tau_Air	0.50	725	627	65536	63177
Buff_Tau_Air	0.75	410	363	65536	63002
Buff_Tau_Air	1.00	23	18	65536	62756
Buff_Tau_Air	1.50	1	1	65536	62741
Buff_Tau_Air	2.00	0	0	65536	62740
Buff_Tau_Air	3.00	0	0	65536	62740
Buff_Tau_Earth	0.15	1031	912	65536	63365
Buff_Tau_Earth	0.30	933	846	65536	63323
Buff_Tau_Earth	0.50	725	674	65536	63215
Buff_Tau_Earth	0.75	413	413	65536	63049
Buff_Tau_Earth	1.00	14	11	65536	62750
Buff_Tau_Earth	1.50	1	1	65536	62741
Buff_Tau_Earth	2.00	0	0	65536	62740
Buff_Tau_Earth	3.00	0	0	65536	62740
Buff_Tau_Fire	0.15	1031	895	65536	63349
Buff_Tau_Fire	0.30	933	814	65536	63296
Buff_Tau_Fire	0.50	725	617	65536	63172
Buff_Tau_Fire	0.75	397	332	65536	62984
Buff_Tau_Fire	1.00	13	10	65536	62749
Buff_Tau_Fire	1.50	2	1	65536	62741
Buff_Tau_Fire	2.00	0	0	65536	62740
Buff_Tau_Fire	3.00	0	0	65536	62740
Buff_Tau_GrislyFeast	0.15	318	223	65536	62919
Buff_Tau_GrislyFeast	0.30	323	221	65536	62916
Buff_Tau_GrislyFeast	0.50	296	198	65536	62898
Buff_Tau_GrislyFeast	0.75	226	142	65536	62855
Buff_Tau_GrislyFeast	1.00	158	89	65536	62811
Buff_Tau_GrislyFeast	1.50	0	0	65536	62740
Buff_Tau_GrislyFeast	2.00	0	0	65536	62740
Buff_Tau_GrislyFeast	3.00	0	0	65536	62740
Buff_Tau_Intense	0.15	398	277	65536	62920
Buff_Tau_Intense	0.30	380	259	65536	62909
Buff_Tau_Intense	0.50	296	187	65536	62863
Buff_Tau_Intense	0.75	177	110	65536	62818
Buff_Tau_Intense	1.00	39	36	65536	62771
Buff_Tau_Intense	1.50	35	32	65536	62768
Buff_Tau_Intense	2.00	37	33	65536	62769
Buff_Tau_Intense	3.00	18	17	65536	62755
Buff_Tau_Kroot	0.15	970	582	65536	63139
Buff_Tau_Kroot	0.30	881	527	65536	63103
Buff_Tau_Kroot	0.50	676	384	65536	63012
Buff_Tau_Kroot	0.75	358	178	65536	62866
Buff_Tau_Kroot	1.00	8	6	65536	62746
Buff_Tau_Kroot	1.50	1	1	65536	62741
Buff_Tau_Kroot	2.00	0	0	65536	62740
Buff_Tau_Kroot	3.00	0	0	65536	62740
Buff_Tau_Kroot_FriendlyBoard	0.15	987	526	65536	63157
Buff_Tau_Kroot_FriendlyBoard	0.30	1256	686	65536	63283
Buff_Tau_Kroot_FriendlyBoard	0.50	1721	975	65536	63516
Buff_Tau_Kroot_FriendlyBoard	0.75	1620	948	65536	63491
Buff_Tau_Kroot_FriendlyBoard	1.00	1566	933	65536	63483
Buff_Tau_Kroot_FriendlyBoard	1.50	1014	375	65536	62962
Buff_Tau_Kroot_FriendlyBoard	2.00	0	0	65536	62740
Buff_Tau_Kroot_FriendlyBoard	3.00	0	0	65536	62740
Buff_Tau_Kroot_intense	0.15	735	478	65536	63069
Buff_Tau_Kroot_intense	0.30	677	449	65536	63051
Buff_Tau_Kroot_intense	0.50	533	365	65536	62999
Buff_Tau_Kroot_intense	0.75	328	249	65536	62918
Buff_Tau_Kroot_intense	1.00	216	179	65536	62866
Buff_Tau_Kroot_intense	1.50	133	78	65536	62788
Buff_Tau_Kroot_intense	2.00	0	0	65536	62740
Buff_Tau_Kroot_intense	3.00	0	0	65536	62740
Buff_Tau_Water	0.15	1031	907	65536	63360
Buff_Tau_Water	0.30	933	822	65536	63307
Buff_Tau_Water	0.50	726	618	65536	63178
Buff_Tau_Water	0.75	409	329	65536	62982
Buff_Tau_Water	1.00	15	12	65536	62751
Buff_Tau_Water	1.50	3	2	65536	62742
Buff_Tau_Water	2.00	0	0	65536	62740
Buff_Tau_Water	3.00	0	0	65536	62740
Buff_Tyranid	0.15	0	0	65536	62740
Buff_Tyranid	0.30	0	0	65536	62740
Buff_Tyranid	0.50	6	1	65536	62739
Buff_Tyranid	0.75	23	3	65535	62734
Buff_Tyranid	1.00	27	5	65535	62735
Buff_Tyranid	1.50	641	302	65536	62949
Buff_Tyranid	2.00	345	150	65535	62839
Buff_Tyranid	3.00	0	0	65536	62740
Buff_Tyranid Armor	0.15	3	0	65536	62739
Buff_Tyranid Armor	0.30	17	2	65533	62734
Buff_Tyranid Armor	0.50	105	25	65527	62734
Buff_Tyranid Armor	0.75	256	58	65521	62726
Buff_Tyranid Armor	1.00	331	66	65511	62684
Buff_Tyranid Armor	1.50	943	770	65515	63306
Buff_Tyranid Armor	2.00	1009	758	65518	63282
Buff_Tyranid Armor	3.00	0	0	65536	62747
Buff_Tyranid Atk	0.15	0	0	65536	62740
Buff_Tyranid Atk	0.30	3	0	65536	62739
Buff_Tyranid Atk	0.50	7	0	65536	62737
Buff_Tyranid Atk	0.75	30	4	65535	62731
Buff_Tyranid Atk	1.00	30	4	65534	62733
Buff_Tyranid Atk	1.50	638	263	65533	62879
Buff_Tyranid Atk	2.00	327	135	65536	62818
Buff_Tyranid Atk	3.00	0	0	65536	62741
Buff_Tyranid HP	0.15	0	0	65536	62740
Buff_Tyranid HP	0.30	1	0	65536	62740
Buff_Tyranid HP	0.50	7	1	65536	62739
Buff_Tyranid HP	0.75	12	2	65536	62738
Buff_Tyranid HP	1.00	26	5	65535	62736
Buff_Tyranid HP	1.50	948	987	65536	63530
Buff_Tyranid HP	2.00	565	524	65536	63168
Buff_Tyranid HP	3.00	1	0	65536	62742
Buff_UM_Intense	0.15	8	3	65536	62742
Buff_UM_Intense	0.30	13	5	65536	62743
Buff_UM_Intense	0.50	11	5	65536	62743
Buff_UM_Intense	0.75	678	862	65536	63409
Buff_UM_Intense	1.00	582	704	65536	63287
Buff_UM_Intense	1.50	263	360	65536	63022
Buff_UM_Intense	2.00	103	94	65536	62816
Buff_UM_Intense	3.00	0	0	65536	62740
BulletImpact_1hit_trail_ork	0.15	85	65	65536	62790
BulletImpact_1hit_trail_ork	0.30	90	81	65536	62804
BulletImpact_1hit_trail_ork	0.50	42	32	65536	62766
BulletImpact_1hit_trail_ork	0.75	40	20	65536	62756
BulletImpact_1hit_trail_ork	1.00	10	4	65536	62744
BulletImpact_1hit_trail_ork	1.50	0	0	65536	62741
BulletImpact_1hit_trail_ork	2.00	0	0	65536	62740
BulletImpact_1hit_trail_ork	3.00	0	0	65536	62740
BulletImpact_1shot	0.15	2001	1886	65496	63546
BulletImpact_1shot	0.30	1984	1883	65505	63549
BulletImpact_1shot	0.50	1982	1883	65500	63546
BulletImpact_1shot	0.75	2000	1888	65491	63543
BulletImpact_1shot	1.00	1995	1885	65492	63541
BulletImpact_1shot	1.50	0	0	65536	62740
BulletImpact_1shot	2.00	0	0	65536	62740
BulletImpact_1shot	3.00	0	0	65536	62740
BulletImpact_1shot_pointblank	0.15	2169	2055	65491	63605
BulletImpact_1shot_pointblank	0.30	2163	2054	65487	63605
BulletImpact_1shot_pointblank	0.50	2167	2054	65489	63608
BulletImpact_1shot_pointblank	0.75	2183	2061	65487	63610
BulletImpact_1shot_pointblank	1.00	2173	2057	65492	63606
BulletImpact_1shot_pointblank	1.50	0	0	65536	62740
BulletImpact_1shot_pointblank	2.00	0	0	65536	62740
BulletImpact_1shot_pointblank	3.00	0	0	65536	62740
BulletImpact_1shot_random_chaos	0.15	2	1	65536	62741
BulletImpact_1shot_random_chaos	0.30	136	102	65536	62823
BulletImpact_1shot_random_chaos	0.50	4	2	65536	62742
BulletImpact_1shot_random_chaos	0.75	1	0	65536	62740
BulletImpact_1shot_random_chaos	1.00	1	0	65536	62740
BulletImpact_1shot_random_chaos	1.50	0	0	65536	62740
BulletImpact_1shot_random_chaos	2.00	0	0	65536	62740
BulletImpact_1shot_random_chaos	3.00	0	0	65536	62740
BulletImpact_1shot_random_EC	0.15	32	25	65536	62761
BulletImpact_1shot_random_EC	0.30	32	22	65536	62758
BulletImpact_1shot_random_EC	0.50	39	28	65536	62762
BulletImpact_1shot_random_EC	0.75	52	28	65536	62760
BulletImpact_1shot_random_EC	1.00	2	3	65536	62743
BulletImpact_1shot_random_EC	1.50	0	0	65536	62740
BulletImpact_1shot_random_EC	2.00	0	0	65536	62740
BulletImpact_1shot_random_EC	3.00	0	0	65536	62740
BulletImpact_1shot_trail	0.15	23	16	65536	62753
BulletImpact_1shot_trail	0.30	25	15	65536	62752
BulletImpact_1shot_trail	0.50	24	12	65536	62750
BulletImpact_1shot_trail	0.75	13	6	65536	62744
BulletImpact_1shot_trail	1.00	1	0	65536	62740
BulletImpact_1shot_trail	1.50	0	0	65536	62740
BulletImpact_1shot_trail	2.00	0	0	65536	62740
BulletImpact_1shot_trail	3.00	0	0	65536	62740
BulletImpact_1shot_trail_EC Daemon	0.15	18	24	65536	62759
BulletImpact_1shot_trail_EC Daemon	0.30	27	35	65536	62767
BulletImpact_1shot_trail_EC Daemon	0.50	22	21	65536	62757
BulletImpact_1shot_trail_EC Daemon	0.75	24	17	65536	62754
BulletImpact_1shot_trail_EC Daemon	1.00	0	0	65536	62740
BulletImpact_1shot_trail_EC Daemon	1.50	0	0	65536	62740
BulletImpact_1shot_trail_EC Daemon	2.00	0	0	65536	62740
BulletImpact_1shot_trail_EC Daemon	3.00	0	0	65536	62740
BulletImpact_1shotSniper	0.15	4501	4199	65433	64346
BulletImpact_1shotSniper	0.30	4499	4200	65433	64347
BulletImpact_1shotSniper	0.50	4500	4197	65427	64338
BulletImpact_1shotSniper	0.75	4506	4201	65432	64345
BulletImpact_1shotSniper	1.00	4518	4208	65432	64354
BulletImpact_1shotSniper	1.50	4315	3489	65536	64823
BulletImpact_1shotSniper	2.00	0	0	65536	62740
BulletImpact_1shotSniper	3.00	0	0	65536	62740
BulletImpact_1shotSniper_trail	0.15	0	0	65536	62740
BulletImpact_1shotSniper_trail	0.30	11	5	65536	62744
BulletImpact_1shotSniper_trail	0.50	6	2	65536	62742
BulletImpact_1shotSniper_trail	0.75	1	0	65536	62740
BulletImpact_1shotSniper_trail	1.00	1	0	65536	62740
BulletImpact_1shotSniper_trail	1.50	0	0	65536	62740
BulletImpact_1shotSniper_trail	2.00	0	0	65536	62740
BulletImpact_1shotSniper_trail	3.00	0	0	65536	62740
BulletImpact_2shot	0.15	2123	2007	65482	63591
BulletImpact_2shot	0.30	3522	3408	65469	64199
BulletImpact_2shot	0.50	4219	4001	65443	64434
BulletImpact_2shot	0.75	4246	4013	65454	64443
BulletImpact_2shot	1.00	2309	2210	65508	63781
BulletImpact_2shot	1.50	2127	2008	65492	63591
BulletImpact_2shot	2.00	0	0	65536	62740
BulletImpact_2shot	3.00	0	0	65536	62740
BulletImpact_2shot_autocannon	0.15	127	128	65536	62839
BulletImpact_2shot_autocannon	0.30	113	137	65536	62848
BulletImpact_2shot_autocannon	0.50	66	56	65536	62786
BulletImpact_2shot_autocannon	0.75	3	1	65536	62741
BulletImpact_2shot_autocannon	1.00	6	2	65536	62740
BulletImpact_2shot_autocannon	1.50	5	1	65536	62739
BulletImpact_2shot_autocannon	2.00	0	0	65536	62740
BulletImpact_2shot_autocannon	3.00	0	0	65536	62740
BulletImpact_2shot_ork	0.15	335	336	65535	62934
BulletImpact_2shot_ork	0.30	677	672	65536	63125
BulletImpact_2shot_ork	0.50	688	677	65533	63127
BulletImpact_2shot_ork	0.75	678	670	65536	63123
BulletImpact_2shot_ork	1.00	671	673	65535	63134
BulletImpact_2shot_ork	1.50	343	339	65535	62933
BulletImpact_2shot_ork	2.00	0	0	65536	62740
BulletImpact_2shot_ork	3.00	0	0	65536	62740
BulletImpact_2shot_pointblank_chaos	0.15	1813	1731	65507	63488
BulletImpact_2shot_pointblank_chaos	0.30	2806	2629	65482	63890
BulletImpact_2shot_pointblank_chaos	0.50	3672	3474	65461	64230
BulletImpact_2shot_pointblank_chaos	0.75	2922	2611	65480	63861
BulletImpact_2shot_pointblank_chaos	1.00	2959	3123	65491	64220
BulletImpact_2shot_pointblank_chaos	1.50	1836	1738	65502	63488
BulletImpact_2shot_pointblank_chaos	2.00	0	0	65536	62740
BulletImpact_2shot_pointblank_chaos	3.00	0	0	65536	62740
BulletImpact_2shot_pointblank_EC	0.15	1845	1749	65501	63494
BulletImpact_2shot_pointblank_EC	0.30	3661	3485	65465	64236
BulletImpact_2shot_pointblank_EC	0.50	3090	2764	65470	63890
BulletImpact_2shot_pointblank_EC	0.75	2475	2604	65501	64083
BulletImpact_2shot_pointblank_EC	1.00	3270	2924	65476	63922
BulletImpact_2shot_pointblank_EC	1.50	1844	1747	65497	63490
BulletImpact_2shot_pointblank_EC	2.00	0	0	65536	62740
BulletImpact_2shot_pointblank_EC	3.00	0	0	65536	62740
BulletImpact_2shot_Titus_AA	0.15	49	55	65536	62782
BulletImpact_2shot_Titus_AA	0.30	38	44	65536	62776
BulletImpact_2shot_Titus_AA	0.50	17	11	65536	62749
BulletImpact_2shot_Titus_AA	0.75	5	3	65536	62742
BulletImpact_2shot_Titus_AA	1.00	2	2	65536	62741
BulletImpact_2shot_Titus_AA	1.50	0	0	65536	62740
BulletImpact_2shot_Titus_AA	2.00	0	0	65536	62740
BulletImpact_2shot_Titus_AA	3.00	0	0	65536	62740
BulletImpact_2shot_trail	0.15	20	15	65536	62752
BulletImpact_2shot_trail	0.30	35	25	65536	62761
BulletImpact_2shot_trail	0.50	40	25	65536	62761
BulletImpact_2shot_trail	0.75	26	13	65536	62751
BulletImpact_2shot_trail	1.00	11	5	65536	62743
BulletImpact_2shot_trail	1.50	0	0	65536	62740
BulletImpact_2shot_trail	2.00	0	0	65536	62740
BulletImpact_2shot_trail	3.00	0	0	65536	62740
BulletImpact_2shot_trail_chaos	0.15	352	220	65536	62895
BulletImpact_2shot_trail_chaos	0.30	10	4	65536	62745
BulletImpact_2shot_trail_chaos	0.50	0	0	65536	62740
BulletImpact_2shot_trail_chaos	0.75	3	1	65536	62741
BulletImpact_2shot_trail_chaos	1.00	2	1	65536	62740
BulletImpact_2shot_trail_chaos	1.50	0	0	65536	62740
BulletImpact_2shot_trail_chaos	2.00	0	0	65536	62740
BulletImpact_2shot_trail_chaos	3.00	0	0	65536	62740
BulletImpact_2shot_trail_EC	0.15	420	510	65536	63132
BulletImpact_2shot_trail_EC	0.30	46	40	65536	62772
BulletImpact_2shot_trail_EC	0.50	35	26	65536	62761
BulletImpact_2shot_trail_EC	0.75	48	32	65536	62764
BulletImpact_2shot_trail_EC	1.00	2	3	65536	62743
BulletImpact_2shot_trail_EC	1.50	1	1	65536	62741
BulletImpact_2shot_trail_EC	2.00	0	0	65536	62740
BulletImpact_2shot_trail_EC	3.00	0	0	65536	62740
BulletImpact_2shot_trail_EC Daemon	0.15	624	695	65536	63275
BulletImpact_2shot_trail_EC Daemon	0.30	38	57	65536	62783
BulletImpact_2shot_trail_EC Daemon	0.50	41	49	65536	62778
BulletImpact_2shot_trail_EC Daemon	0.75	38	36	65536	62768
BulletImpact_2shot_trail_EC Daemon	1.00	42	26	65536	62760
BulletImpact_2shot_trail_EC Daemon	1.50	0	0	65536	62740
BulletImpact_2shot_trail_EC Daemon	2.00	0	0	65536	62740
BulletImpact_2shot_trail_EC Daemon	3.00	0	0	65536	62740
BulletImpact_2shot_trail_nurgle	0.15	26	12	65536	62749
BulletImpact_2shot_trail_nurgle	0.30	256	262	65536	62939
BulletImpact_2shot_trail_nurgle	0.50	40	19	65536	62752
BulletImpact_2shot_trail_nurgle	0.75	23	10	65536	62747
BulletImpact_2shot_trail_nurgle	1.00	18	7	65536	62745
BulletImpact_2shot_trail_nurgle	1.50	1	0	65536	62740
BulletImpact_2shot_trail_nurgle	2.00	0	0	65536	62740
BulletImpact_2shot_trail_nurgle	3.00	0	0	65536	62740
BulletImpact_2shot_trail_ork_NEW	0.15	89	73	65536	62796
BulletImpact_2shot_trail_ork_NEW	0.30	95	87	65536	62808
BulletImpact_2shot_trail_ork_NEW	0.50	99	80	65536	62804
BulletImpact_2shot_trail_ork_NEW	0.75	124	95	65536	62811
BulletImpact_2shot_trail_ork_NEW	1.00	35	21	65536	62756
BulletImpact_2shot_trail_ork_NEW	1.50	3	1	65536	62741
BulletImpact_2shot_trail_ork_NEW	2.00	0	0	65536	62740
BulletImpact_2shot_trail_ork_NEW	3.00	0	0	65536	62740
BulletImpact_2shot_trail_twinlink	0.15	125	124	65536	62839
BulletImpact_2shot_trail_twinlink	0.30	66	51	65536	62782
BulletImpact_2shot_trail_twinlink	0.50	68	38	65536	62769
BulletImpact_2shot_trail_twinlink	0.75	37	18	65536	62753
BulletImpact_2shot_trail_twinlink	1.00	7	3	65536	62742
BulletImpact_2shot_trail_twinlink	1.50	0	0	65536	62740
BulletImpact_2shot_trail_twinlink	2.00	0	0	65536	62740
BulletImpact_2shot_trail_twinlink	3.00	0	0	65536	62740
BulletImpact_3shot	0.15	2341	2246	65496	63721
BulletImpact_3shot	0.30	3624	3444	65472	64269
BulletImpact_3shot	0.50	3196	3050	65479	64087
BulletImpact_3shot	0.75	2533	2428	65495	63882
BulletImpact_3shot	1.00	3572	3420	65479	64263
BulletImpact_3shot	1.50	2414	2251	65523	63847
BulletImpact_3shot	2.00	0	0	65536	62740
BulletImpact_3shot	3.00	0	0	65536	62740
BulletImpact_3shot_pointblank	0.15	2054	1957	65504	63613
BulletImpact_3shot_pointblank	0.30	2861	2856	65489	64046
BulletImpact_3shot_pointblank	0.50	2990	2852	65495	63999
BulletImpact_3shot_pointblank	0.75	2626	2577	65511	63897
BulletImpact_3shot_pointblank	1.00	3076	2938	65492	64055
BulletImpact_3shot_pointblank	1.50	2030	1902	65519	63670
BulletImpact_3shot_pointblank	2.00	0	0	65536	62740
BulletImpact_3shot_pointblank	3.00	0	0	65536	62740
BulletImpact_3shot_trail	0.15	18	11	65536	62749
BulletImpact_3shot_trail	0.30	26	19	65536	62756
BulletImpact_3shot_trail	0.50	31	23	65536	62759
BulletImpact_3shot_trail	0.75	32	18	65536	62754
BulletImpact_3shot_trail	1.00	21	9	65536	62746
BulletImpact_3shot_trail	1.50	1	0	65536	62740
BulletImpact_3shot_trail	2.00	0	0	65536	62740
BulletImpact_3shot_trail	3.00	0	0	65536	62740
BulletImpact_3shot_trail_chaos	0.15	373	229	65536	62904
BulletImpact_3shot_trail_chaos	0.30	24	16	65536	62754
BulletImpact_3shot_trail_chaos	0.50	17	9	65536	62748
BulletImpact_3shot_trail_chaos	0.75	3	2	65536	62743
BulletImpact_3shot_trail_chaos	1.00	3	1	65536	62740
BulletImpact_3shot_trail_chaos	1.50	0	0	65536	62740
BulletImpact_3shot_trail_chaos	2.00	0	0	65536	62740
BulletImpact_3shot_trail_chaos	3.00	0	0	65536	62740
BulletImpact_3shot_trail_EC	0.15	662	784	65536	63350
BulletImpact_3shot_trail_EC	0.30	35	32	65536	62766
BulletImpact_3shot_trail_EC	0.50	52	48	65536	62779
BulletImpact_3shot_trail_EC	0.75	45	26	65536	62758
BulletImpact_3shot_trail_EC	1.00	23	13	65536	62749
BulletImpact_3shot_trail_EC	1.50	0	0	65536	62740
BulletImpact_3shot_trail_EC	2.00	0	0	65536	62740
BulletImpact_3shot_trail_EC	3.00	0	0	65536	62740
BulletImpact_3shot_trail_ork	0.15	20	15	65536	62752
BulletImpact_3shot_trail_ork	0.30	23	19	65536	62755
BulletImpact_3shot_trail_ork	0.50	25	20	65536	62756
BulletImpact_3shot_trail_ork	0.75	33	27	65536	62762
BulletImpact_3shot_trail_ork	1.00	16	10	65536	62748
BulletImpact_3shot_trail_ork	1.50	2	1	65536	62741
BulletImpact_3shot_trail_ork	2.00	0	0	65536	62740
BulletImpact_3shot_trail_ork	3.00	0	0	65536	62740
BulletImpact_4shot	0.15	2403	2504	65497	63918
BulletImpact_4shot	0.30	4092	3944	65468	64493
BulletImpact_4shot	0.50	4286	4015	65455	64568
BulletImpact_4shot	0.75	3822	3543	65474	64302
BulletImpact_4shot	1.00	3978	3636	65480	64327
BulletImpact_4shot	1.50	3819	3739	65488	64506
BulletImpact_4shot	2.00	0	0	65536	62740
BulletImpact_4shot	3.00	0	0	65536	62740
BulletImpact_4shot_trail	0.15	71	70	65536	62796
BulletImpact_4shot_trail	0.30	72	78	65536	62802
BulletImpact_4shot_trail	0.50	102	90	65536	62809
BulletImpact_4shot_trail	0.75	36	23	65536	62758
BulletImpact_4shot_trail	1.00	25	12	65536	62748
BulletImpact_4shot_trail	1.50	2	1	65536	62741
BulletImpact_4shot_trail	2.00	0	0	65536	62740
BulletImpact_4shot_trail	3.00	0	0	65536	62740
BulletImpact_4shot_trail_chaos	0.15	117	72	65536	62791
BulletImpact_4shot_trail_chaos	0.30	147	119	65536	62830
BulletImpact_4shot_trail_chaos	0.50	15	10	65536	62748
BulletImpact_4shot_trail_chaos	0.75	11	6	65536	62746
BulletImpact_4shot_trail_chaos	1.00	3	2	65536	62741
BulletImpact_4shot_trail_chaos	1.50	1	1	65536	62741
BulletImpact_4shot_trail_chaos	2.00	0	0	65536	62740
BulletImpact_4shot_trail_chaos	3.00	0	0	65536	62740
BulletImpact_4shot_trail_EC	0.15	317	410	65536	63050
BulletImpact_4shot_trail_EC	0.30	312	382	65536	63035
BulletImpact_4shot_trail_EC	0.50	52	54	65536	62783
BulletImpact_4shot_trail_EC	0.75	58	44	65536	62775
BulletImpact_4shot_trail_EC	1.00	21	11	65536	62748
BulletImpact_4shot_trail_EC	1.50	1	1	65536	62741
BulletImpact_4shot_trail_EC	2.00	0	0	65536	62740
BulletImpact_4shot_trail_EC	3.00	0	0	65536	62740
BulletImpact_4shot_trail_nurgle	0.15	19	8	65536	62746
BulletImpact_4shot_trail_nurgle	0.30	364	375	65536	63025
BulletImpact_4shot_trail_nurgle	0.50	427	455	65536	63089
BulletImpact_4shot_trail_nurgle	0.75	54	28	65536	62760
BulletImpact_4shot_trail_nurgle	1.00	49	22	65536	62755
BulletImpact_4shot_trail_nurgle	1.50	17	6	65536	62743
BulletImpact_4shot_trail_nurgle	2.00	0	0	65536	62740
BulletImpact_4shot_trail_nurgle	3.00	0	0	65536	62740
BulletImpact_4shot_trail_twinlink	0.15	132	133	65536	62845
BulletImpact_4shot_trail_twinlink	0.30	161	160	65536	62867
BulletImpact_4shot_trail_twinlink	0.50	171	160	65536	62864
BulletImpact_4shot_trail_twinlink	0.75	82	53	65536	62782
BulletImpact_4shot_trail_twinlink	1.00	44	19	65536	62752
BulletImpact_4shot_trail_twinlink	1.50	9	3	65536	62743
BulletImpact_4shot_trail_twinlink	2.00	0	0	65536	62740
BulletImpact_4shot_trail_twinlink	3.00	0	0	65536	62740
BulletImpact_5shot	0.15	1831	2046	65524	63799
BulletImpact_5shot	0.30	4341	4032	65458	64561
BulletImpact_5shot	0.50	5061	5645	65467	65603
BulletImpact_5shot	0.75	5204	4912	65449	64924
BulletImpact_5shot	1.00	4966	5050	65471	65099
BulletImpact_5shot	1.50	4546	4868	65500	65226
BulletImpact_5shot	2.00	0	0	65536	62740
BulletImpact_5shot	3.00	0	0	65536	62740
BulletImpact_5shot_trail	0.15	77	58	65536	62784
BulletImpact_5shot_trail	0.30	81	86	65536	62808
BulletImpact_5shot_trail	0.50	46	39	65536	62773
BulletImpact_5shot_trail	0.75	46	27	65536	62761
BulletImpact_5shot_trail	1.00	22	10	65536	62747
BulletImpact_5shot_trail	1.50	2	1	65536	62741
BulletImpact_5shot_trail	2.00	0	0	65536	62740
BulletImpact_5shot_trail	3.00	0	0	65536	62740
BulletImpact_5shot_trail_chaos	0.15	389	245	65536	62913
BulletImpact_5shot_trail_chaos	0.30	377	306	65536	62973
BulletImpact_5shot_trail_chaos	0.50	26	14	65536	62751
BulletImpact_5shot_trail_chaos	0.75	13	6	65536	62745
BulletImpact_5shot_trail_chaos	1.00	6	2	65536	62740
BulletImpact_5shot_trail_chaos	1.50	0	0	65536	62740
BulletImpact_5shot_trail_chaos	2.00	0	0	65536	62740
BulletImpact_5shot_trail_chaos	3.00	0	0	65536	62740
BulletImpact_5shot_trail_EC	0.15	310	398	65536	63044
BulletImpact_5shot_trail_EC	0.30	328	415	65536	63053
BulletImpact_5shot_trail_EC	0.50	57	60	65536	62788
BulletImpact_5shot_trail_EC	0.75	67	56	65536	62784
BulletImpact_5shot_trail_EC	1.00	53	36	65536	62768
BulletImpact_5shot_trail_EC	1.50	0	0	65536	62740
BulletImpact_5shot_trail_EC	2.00	0	0	65536	62740
BulletImpact_5shot_trail_EC	3.00	0	0	65536	62740
BulletImpact_5shot_trail_ork	0.15	77	59	65536	62784
BulletImpact_5shot_trail_ork	0.30	87	76	65536	62798
BulletImpact_5shot_trail_ork	0.50	82	70	65536	62794
BulletImpact_5shot_trail_ork	0.75	105	87	65536	62807
BulletImpact_5shot_trail_ork	1.00	75	64	65536	62789
BulletImpact_5shot_trail_ork	1.50	42	28	65536	62763
BulletImpact_5shot_trail_ork	2.00	16	7	65536	62746
BulletImpact_5shot_trail_ork	3.00	0	0	65536	62740
BulletImpact_5shot_trail_ork_low	0.15	83	66	65536	62790
BulletImpact_5shot_trail_ork_low	0.30	86	78	65536	62801
BulletImpact_5shot_trail_ork_low	0.50	91	82	65536	62805
BulletImpact_5shot_trail_ork_low	0.75	114	89	65536	62807
BulletImpact_5shot_trail_ork_low	1.00	82	69	65536	62793
BulletImpact_5shot_trail_ork_low	1.50	47	28	65536	62761
BulletImpact_5shot_trail_ork_low	2.00	18	9	65536	62747
BulletImpact_5shot_trail_ork_low	3.00	0	0	65536	62740
BulletImpact_6shot_autocannon_EC	0.15	125	151	65536	62855
BulletImpact_6shot_autocannon_EC	0.30	127	151	65536	62856
BulletImpact_6shot_autocannon_EC	0.50	56	37	65536	62770
BulletImpact_6shot_autocannon_EC	0.75	11	8	65536	62747
BulletImpact_6shot_autocannon_EC	1.00	6	7	65536	62746
BulletImpact_6shot_autocannon_EC	1.50	6	5	65536	62744
BulletImpact_6shot_autocannon_EC	2.00	3	2	65536	62742
BulletImpact_6shot_autocannon_EC	3.00	0	0	65536	62740
BulletImpact_6shot_trail_EC Daemon	0.15	480	616	65536	63202
BulletImpact_6shot_trail_EC Daemon	0.30	501	538	65536	63159
BulletImpact_6shot_trail_EC Daemon	0.50	41	69	65536	62792
BulletImpact_6shot_trail_EC Daemon	0.75	45	53	65536	62781
BulletImpact_6shot_trail_EC Daemon	1.00	42	39	65536	62770
BulletImpact_6shot_trail_EC Daemon	1.50	0	0	65536	62740
BulletImpact_6shot_trail_EC Daemon	2.00	0	0	65536	62740
BulletImpact_6shot_trail_EC Daemon	3.00	0	0	65536	62740
BulletImpact_9shot	0.15	3131	2978	65473	64040
BulletImpact_9shot	0.30	5061	5365	65452	65332
BulletImpact_9shot	0.50	5999	5884	65452	65380
BulletImpact_9shot	0.75	7922	8433	65432	66973
BulletImpact_9shot	1.00	7423	7752	65443	66270
BulletImpact_9shot	1.50	6151	6587	65461	66002
BulletImpact_9shot	2.00	4038	3759	65482	64681
BulletImpact_9shot	3.00	0	0	65536	62740
BulletImpact_9shot_trail	0.15	75	59	65536	62786
BulletImpact_9shot_trail	0.30	80	83	65536	62806
BulletImpact_9shot_trail	0.50	88	86	65536	62808
BulletImpact_9shot_trail	0.75	103	88	65536	62808
BulletImpact_9shot_trail	1.00	54	41	65536	62773
BulletImpact_9shot_trail	1.50	17	7	65536	62745
BulletImpact_9shot_trail	2.00	0	0	65536	62740
BulletImpact_9shot_trail	3.00	0	0	65536	62740
BulletImpact_9shot_trail_chaos	0.15	120	67	65536	62786
BulletImpact_9shot_trail_chaos	0.30	117	80	65536	62798
BulletImpact_9shot_trail_chaos	0.50	115	76	65536	62795
BulletImpact_9shot_trail_chaos	0.75	150	92	65536	62802
BulletImpact_9shot_trail_chaos	1.00	41	15	65536	62746
BulletImpact_9shot_trail_chaos	1.50	3	1	65536	62740
BulletImpact_9shot_trail_chaos	2.00	0	0	65536	62740
BulletImpact_9shot_trail_chaos	3.00	0	0	65536	62740
BulletImpact_9shot_trail_EC	0.15	210	215	65536	62907
BulletImpact_9shot_trail_EC	0.30	182	210	65536	62904
BulletImpact_9shot_trail_EC	0.50	187	226	65536	62916
BulletImpact_9shot_trail_EC	0.75	227	258	65536	62941
BulletImpact_9shot_trail_EC	1.00	100	91	65536	62813
BulletImpact_9shot_trail_EC	1.50	30	22	65536	62756
BulletImpact_9shot_trail_EC	2.00	1	1	65536	62741
BulletImpact_9shot_trail_EC	3.00	0	0	65536	62740
BulletImpact_9shot_trail_EC_twinlink	0.15	19	16	65536	62753
BulletImpact_9shot_trail_EC_twinlink	0.30	85	88	65536	62810
BulletImpact_9shot_trail_EC_twinlink	0.50	99	98	65536	62819
BulletImpact_9shot_trail_EC_twinlink	0.75	73	52	65536	62780
BulletImpact_9shot_trail_EC_twinlink	1.00	65	49	65536	62779
BulletImpact_9shot_trail_EC_twinlink	1.50	15	18	65536	62756
BulletImpact_9shot_trail_EC_twinlink	2.00	2	4	65536	62743
BulletImpact_9shot_trail_EC_twinlink	3.00	0	0	65536	62740
BulletImpact_Abaddon_AA_StormBolter	0.15	57	57	65536	62783
BulletImpact_Abaddon_AA_StormBolter	0.30	80	91	65536	62808
BulletImpact_Abaddon_AA_StormBolter	0.50	86	99	65536	62816
BulletImpact_Abaddon_AA_StormBolter	0.75	73	72	65536	62794
BulletImpact_Abaddon_AA_StormBolter	1.00	24	27	65536	62761
BulletImpact_Abaddon_AA_StormBolter	1.50	7	5	65536	62744
BulletImpact_Abaddon_AA_StormBolter	2.00	0	0	65536	62740
BulletImpact_Abaddon_AA_StormBolter	3.00	0	0	65536	62740
BulletImpact_AcidSpit	0.15	72	81	65536	62803
BulletImpact_AcidSpit	0.30	140	178	65536	62874
BulletImpact_AcidSpit	0.50	225	308	65536	62969
BulletImpact_AcidSpit	0.75	221	286	65536	62953
BulletImpact_AcidSpit	1.00	197	246	65536	62925
BulletImpact_AcidSpit	1.50	13	13	65536	62750
BulletImpact_AcidSpit	2.00	0	0	65536	62740
BulletImpact_AcidSpit	3.00	0	0	65536	62740
BulletImpact_artillery_1shot	0.15	56	49	65536	62776
BulletImpact_artillery_1shot	0.30	50	46	65536	62775
BulletImpact_artillery_1shot	0.50	27	26	65536	62760
BulletImpact_artillery_1shot	0.75	28	28	65536	62762
BulletImpact_artillery_1shot	1.00	54	50	65536	62777
BulletImpact_artillery_1shot	1.50	56	54	65536	62780
BulletImpact_artillery_1shot	2.00	0	0	65536	62740
BulletImpact_artillery_1shot	3.00	0	0	65536	62740
BulletImpact_artillery_arc	0.15	128	106	65536	62818
BulletImpact_artillery_arc	0.30	100	88	65536	62805
BulletImpact_artillery_arc	0.50	114	84	65536	62803
BulletImpact_artillery_arc	0.75	71	48	65536	62776
BulletImpact_artillery_arc	1.00	21	12	65536	62750
BulletImpact_artillery_arc	1.50	19	20	65536	62755
BulletImpact_artillery_arc	2.00	0	0	65536	62740
BulletImpact_artillery_arc	3.00	0	0	65536	62740
BulletImpact_artillery_big	0.15	55	47	65536	62775
BulletImpact_artillery_big	0.30	50	46	65536	62775
BulletImpact_artillery_big	0.50	38	31	65536	62763
BulletImpact_artillery_big	0.75	34	31	65536	62764
BulletImpact_artillery_big	1.00	57	51	65536	62778
BulletImpact_artillery_big	1.50	56	54	65536	62780
BulletImpact_artillery_big	2.00	0	0	65536	62740
BulletImpact_artillery_big	3.00	0	0	65536	62740
BulletImpact_artillery_manticore	0.15	38	33	65536	62766
BulletImpact_artillery_manticore	0.30	66	57	65536	62784
BulletImpact_artillery_manticore	0.50	83	74	65536	62797
BulletImpact_artillery_manticore	0.75	56	54	65536	62781
BulletImpact_artillery_manticore	1.00	68	65	65536	62789
BulletImpact_artillery_manticore	1.50	116	108	65536	62820
BulletImpact_artillery_manticore	2.00	44	52	65536	62778
BulletImpact_artillery_manticore	3.00	0	0	65536	62740
BulletImpact_artillery_manticore_spread	0.15	254	222	65536	62906
BulletImpact_artillery_manticore_spread	0.30	190	161	65536	62861
BulletImpact_artillery_manticore_spread	0.50	77	32	65536	62763
BulletImpact_artillery_manticore_spread	0.75	48	19	65536	62755
BulletImpact_artillery_manticore_spread	1.00	14	5	65536	62745
BulletImpact_artillery_manticore_spread	1.50	0	0	65536	62740
BulletImpact_artillery_manticore_spread	2.00	0	0	65536	62740
BulletImpact_artillery_manticore_spread	3.00	0	0	65536	62740
BulletImpact_autocannon	0.15	52	35	65536	62766
BulletImpact_autocannon	0.30	52	30	65536	62762
BulletImpact_autocannon	0.50	46	26	65536	62760
BulletImpact_autocannon	0.75	167	140	65536	62846
BulletImpact_autocannon	1.00	47	30	65536	62762
BulletImpact_autocannon	1.50	2	1	65536	62740
BulletImpact_autocannon	2.00	0	0	65536	62740
BulletImpact_autocannon	3.00	0	0	65536	62740
BulletImpact_autocannon_Firestrike	0.15	18	13	65536	62751
BulletImpact_autocannon_Firestrike	0.30	23	19	65536	62755
BulletImpact_autocannon_Firestrike	0.50	30	30	65536	62762
BulletImpact_autocannon_Firestrike	0.75	34	34	65536	62766
BulletImpact_autocannon_Firestrike	1.00	24	20	65536	62756
BulletImpact_autocannon_Firestrike	1.50	11	5	65536	62744
BulletImpact_autocannon_Firestrike	2.00	0	0	65536	62740
BulletImpact_autocannon_Firestrike	3.00	0	0	65536	62740
BulletImpact_autocannon_Hydra	0.15	26	25	65536	62759
BulletImpact_autocannon_Hydra	0.30	48	60	65536	62786
BulletImpact_autocannon_Hydra	0.50	51	58	65536	62785
BulletImpact_autocannon_Hydra	0.75	60	66	65536	62794
BulletImpact_autocannon_Hydra	1.00	54	55	65536	62784
BulletImpact_autocannon_Hydra	1.50	37	19	65536	62754
BulletImpact_autocannon_Hydra	2.00	1	0	65536	62741
BulletImpact_autocannon_Hydra	3.00	0	0	65536	62740
BulletImpact_autocannon_rapid	0.15	98	97	65536	62816
BulletImpact_autocannon_rapid	0.30	34	47	65536	62776
BulletImpact_autocannon_rapid	0.50	37	51	65536	62778
BulletImpact_autocannon_rapid	0.75	106	120	65536	62831
BulletImpact_autocannon_rapid	1.00	27	29	65536	62763
BulletImpact_autocannon_rapid	1.50	21	11	65536	62749
BulletImpact_autocannon_rapid	2.00	3	1	65536	62741
BulletImpact_autocannon_rapid	3.00	0	0	65536	62740
BulletImpact_autogun_1shot	0.15	13	9	65536	62748
BulletImpact_autogun_1shot	0.30	19	11	65536	62749
BulletImpact_autogun_1shot	0.50	9	4	65536	62743
BulletImpact_autogun_1shot	0.75	0	0	65536	62740
BulletImpact_autogun_1shot	1.00	0	0	65536	62740
BulletImpact_autogun_1shot	1.50	0	0	65536	62740
BulletImpact_autogun_1shot	2.00	0	0	65536	62740
BulletImpact_autogun_1shot	3.00	0	0	65536	62740
BulletImpact_autogun_1shotSniper	0.15	0	0	65536	62740
BulletImpact_autogun_1shotSniper	0.30	7	4	65536	62743
BulletImpact_autogun_1shotSniper	0.50	6	3	65536	62743
BulletImpact_autogun_1shotSniper	0.75	6	2	65536	62742
BulletImpact_autogun_1shotSniper	1.00	0	0	65536	62740
BulletImpact_autogun_1shotSniper	1.50	0	0	65536	62740
BulletImpact_autogun_1shotSniper	2.00	0	0	65536	62740
BulletImpact_autogun_1shotSniper	3.00	0	0	65536	62740
BulletImpact_autogun_2shot	0.15	11	7	65536	62746
BulletImpact_autogun_2shot	0.30	19	15	65536	62752
BulletImpact_autogun_2shot	0.50	20	11	65536	62749
BulletImpact_autogun_2shot	0.75	6	2	65536	62742
BulletImpact_autogun_2shot	1.00	2	1	65536	62741
BulletImpact_autogun_2shot	1.50	0	0	65536	62740
BulletImpact_autogun_2shot	2.00	0	0	65536	62740
BulletImpact_autogun_2shot	3.00	0	0	65536	62740
BulletImpact_autogun_3shot	0.15	12	8	65536	62746
BulletImpact_autogun_3shot	0.30	20	15	65536	62752
BulletImpact_autogun_3shot	0.50	19	13	65536	62751
BulletImpact_autogun_3shot	0.75	23	11	65536	62749
BulletImpact_autogun_3shot	1.00	5	2	65536	62741
BulletImpact_autogun_3shot	1.50	0	0	65536	62740
BulletImpact_autogun_3shot	2.00	0	0	65536	62740
BulletImpact_autogun_3shot	3.00	0	0	65536	62740
BulletImpact_autogun_4shot	0.15	15	10	65536	62748
BulletImpact_autogun_4shot	0.30	17	12	65536	62750
BulletImpact_autogun_4shot	0.50	27	17	65536	62753
BulletImpact_autogun_4shot	0.75	24	15	65536	62752
BulletImpact_autogun_4shot	1.00	10	5	65536	62744
BulletImpact_autogun_4shot	1.50	0	0	65536	62740
BulletImpact_autogun_4shot	2.00	0	0	65536	62740
BulletImpact_autogun_4shot	3.00	0	0	65536	62740
BulletImpact_autogun_6shot	0.15	42	37	65536	62770
BulletImpact_autogun_6shot	0.30	50	43	65536	62775
BulletImpact_autogun_6shot	0.50	54	46	65536	62776
BulletImpact_autogun_6shot	0.75	23	19	65536	62756
BulletImpact_autogun_6shot	1.00	26	17	65536	62754
BulletImpact_autogun_6shot	1.50	5	2	65536	62742
BulletImpact_autogun_6shot	2.00	0	0	65536	62740
BulletImpact_autogun_6shot	3.00	0	0	65536	62740
BulletImpact_autogun_6shot_twinlink	0.15	61	48	65536	62779
BulletImpact_autogun_6shot_twinlink	0.30	70	56	65536	62785
BulletImpact_autogun_6shot_twinlink	0.50	69	55	65536	62783
BulletImpact_autogun_6shot_twinlink	0.75	56	38	65536	62771
BulletImpact_autogun_6shot_twinlink	1.00	46	29	65536	62763
BulletImpact_autogun_6shot_twinlink	1.50	8	3	65536	62743
BulletImpact_autogun_6shot_twinlink	2.00	0	0	65536	62740
BulletImpact_autogun_6shot_twinlink	3.00	0	0	65536	62740
BulletImpact_autogun_8shot	0.15	43	40	65536	62772
BulletImpact_autogun_8shot	0.30	49	43	65536	62774
BulletImpact_autogun_8shot	0.50	50	44	65536	62775
BulletImpact_autogun_8shot	0.75	30	23	65536	62759
BulletImpact_autogun_8shot	1.00	31	23	65536	62758
BulletImpact_autogun_8shot	1.50	5	2	65536	62742
BulletImpact_autogun_8shot	2.00	0	0	65536	62740
BulletImpact_autogun_8shot	3.00	0	0	65536	62740
BulletImpact_autogun_Automatic	0.15	33	31	65536	62765
BulletImpact_autogun_Automatic	0.30	42	45	65536	62777
BulletImpact_autogun_Automatic	0.50	58	48	65536	62778
BulletImpact_autogun_Automatic	0.75	60	49	65536	62780
BulletImpact_autogun_Automatic	1.00	40	32	65536	62766
BulletImpact_autogun_Automatic	1.50	10	5	65536	62744
BulletImpact_autogun_Automatic	2.00	0	0	65536	62740
BulletImpact_autogun_Automatic	3.00	0	0	65536	62740
BulletImpact_autogun_liberator_1shot	0.15	10	7	65536	62746
BulletImpact_autogun_liberator_1shot	0.30	14	9	65536	62747
BulletImpact_autogun_liberator_1shot	0.50	7	3	65536	62743
BulletImpact_autogun_liberator_1shot	0.75	4	2	65536	62742
BulletImpact_autogun_liberator_1shot	1.00	2	1	65536	62741
BulletImpact_autogun_liberator_1shot	1.50	0	0	65536	62740
BulletImpact_autogun_liberator_1shot	2.00	0	0	65536	62740
BulletImpact_autogun_liberator_1shot	3.00	0	0	65536	62740
BulletImpact_autogun_liberator_repeat	0.15	43	38	65536	62770
BulletImpact_autogun_liberator_repeat	0.30	44	39	65536	62772
BulletImpact_autogun_liberator_repeat	0.50	24	22	65536	62758
BulletImpact_autogun_liberator_repeat	0.75	24	15	65536	62752
BulletImpact_autogun_liberator_repeat	1.00	10	5	65536	62744
BulletImpact_autogun_liberator_repeat	1.50	0	0	65536	62741
BulletImpact_autogun_liberator_repeat	2.00	0	0	65536	62740
BulletImpact_autogun_liberator_repeat	3.00	0	0	65536	62740
BulletImpact_autogun_Shotgun	0.15	76	87	65536	62812
BulletImpact_autogun_Shotgun	0.30	152	101	65536	62821
BulletImpact_autogun_Shotgun	0.50	92	76	65536	62805
BulletImpact_autogun_Shotgun	0.75	91	59	65536	62789
BulletImpact_autogun_Shotgun	1.00	0	0	65536	62740
BulletImpact_autogun_Shotgun	1.50	0	0	65536	62740
BulletImpact_autogun_Shotgun	2.00	0	0	65536	62740
BulletImpact_autogun_Shotgun	3.00	0	0	65536	62740
BulletImpact_Bolter_Large Area	0.15	71	55	65536	62783
BulletImpact_Bolter_Large Area	0.30	78	76	65536	62801
BulletImpact_Bolter_Large Area	0.50	91	85	65536	62807
BulletImpact_Bolter_Large Area	0.75	99	88	65536	62809
BulletImpact_Bolter_Large Area	1.00	97	89	65536	62810
BulletImpact_Bolter_Large Area	1.50	63	52	65536	62782
BulletImpact_Bolter_Large Area	2.00	62	51	65536	62780
BulletImpact_Bolter_Large Area	3.00	1	0	65536	62740
BulletImpact_Bolter_Wide Area	0.15	64	54	65536	62783
BulletImpact_Bolter_Wide Area	0.30	80	75	65536	62800
BulletImpact_Bolter_Wide Area	0.50	87	83	65536	62806
BulletImpact_Bolter_Wide Area	0.75	89	76	65536	62800
BulletImpact_Bolter_Wide Area	1.00	72	68	65536	62794
BulletImpact_Bolter_Wide Area	1.50	65	50	65536	62779
BulletImpact_Bolter_Wide Area	2.00	75	59	65536	62787
BulletImpact_Bolter_Wide Area	3.00	1	0	65536	62741
BulletImpact_BulletHole	0.15	500	547	65536	63171
BulletImpact_BulletHole	0.30	221	203	65535	62879
BulletImpact_BulletHole	0.50	171	174	65535	62857
BulletImpact_BulletHole	0.75	164	171	65535	62855
BulletImpact_BulletHole	1.00	164	171	65535	62855
BulletImpact_BulletHole	1.50	0	0	65536	62740
BulletImpact_BulletHole	2.00	0	0	65536	62740
BulletImpact_BulletHole	3.00	0	0	65536	62740
BulletImpact_Chaos_Melta	0.15	6	6	65536	62744
BulletImpact_Chaos_Melta	0.30	0	0	65536	62740
BulletImpact_Chaos_Melta	0.50	0	0	65536	62740
BulletImpact_Chaos_Melta	0.75	0	0	65536	62740
BulletImpact_Chaos_Melta	1.00	5	4	65536	62743
BulletImpact_Chaos_Melta	1.50	2	3	65536	62742
BulletImpact_Chaos_Melta	2.00	0	0	65536	62740
BulletImpact_Chaos_Melta	3.00	0	0	65536	62740
BulletImpact_ChaosMissile	0.15	75	31	65536	62762
BulletImpact_ChaosMissile	0.30	14	6	65536	62743
BulletImpact_ChaosMissile	0.50	17	6	65536	62740
BulletImpact_ChaosMissile	0.75	14	4	65536	62738
BulletImpact_ChaosMissile	1.00	0	0	65536	62740
BulletImpact_ChaosMissile	1.50	0	0	65536	62740
BulletImpact_ChaosMissile	2.00	0	0	65536	62740
BulletImpact_ChaosMissile	3.00	0	0	65536	62740
BulletImpact_ChemVial	0.15	4	4	65536	62744
BulletImpact_ChemVial	0.30	4	4	65536	62743
BulletImpact_ChemVial	0.50	0	0	65536	62740
BulletImpact_ChemVial	0.75	0	0	65536	62740
BulletImpact_ChemVial	1.00	2	1	65536	62741
BulletImpact_ChemVial	1.50	0	0	65536	62740
BulletImpact_ChemVial	2.00	4	3	65536	62742
BulletImpact_ChemVial	3.00	0	0	65536	62740
BulletImpact_Combi_Flamer_Infernus	0.15	27	43	65536	62773
BulletImpact_Combi_Flamer_Infernus	0.30	62	93	65536	62811
BulletImpact_Combi_Flamer_Infernus	0.50	134	158	65536	62862
BulletImpact_Combi_Flamer_Infernus	0.75	146	141	65536	62844
BulletImpact_Combi_Flamer_Infernus	1.00	197	172	65536	62868
BulletImpact_Combi_Flamer_Infernus	1.50	164	107	65536	62818
BulletImpact_Combi_Flamer_Infernus	2.00	23	9	65536	62747
BulletImpact_Combi_Flamer_Infernus	3.00	0	0	65536	62740
BulletImpact_DA_MissileVolley_Ballistus	0.15	0	0	65536	62740
BulletImpact_DA_MissileVolley_Ballistus	0.30	0	0	65536	62740
BulletImpact_DA_MissileVolley_Ballistus	0.50	0	0	65536	62740
BulletImpact_DA_MissileVolley_Ballistus	0.75	0	0	65536	62740
BulletImpact_DA_MissileVolley_Ballistus	1.00	0	0	65536	62740
BulletImpact_DA_MissileVolley_Ballistus	1.50	0	0	65536	62740
BulletImpact_DA_MissileVolley_Ballistus	2.00	0	0	65536	62740
BulletImpact_DA_MissileVolley_Ballistus	3.00	0	0	65536	62740
BulletImpact_DCannon	0.15	1	0	65536	62741
BulletImpact_DCannon	0.30	5	2	65536	62742
BulletImpact_DCannon	0.50	9	5	65536	62745
BulletImpact_DCannon	0.75	19	12	65536	62749
BulletImpact_DCannon	1.00	32	21	65536	62757
BulletImpact_DCannon	1.50	62	49	65536	62778
BulletImpact_DCannon	2.00	72	62	65536	62789
BulletImpact_DCannon	3.00	0	0	65536	62740
BulletImpact_DCannon_2	0.15	0	0	65536	62740
BulletImpact_DCannon_2	0.30	8	3	65536	62742
BulletImpact_DCannon_2	0.50	11	6	65536	62745
BulletImpact_DCannon_2	0.75	20	14	65536	62751
BulletImpact_DCannon_2	1.00	31	26	65536	62761
BulletImpact_DCannon_2	1.50	44	36	65536	62768
BulletImpact_DCannon_2	2.00	31	21	65536	62755
BulletImpact_DCannon_2	3.00	0	0	65536	62740
BulletImpact_DCannon_2_twinlink	0.15	0	0	65536	62740
BulletImpact_DCannon_2_twinlink	0.30	4	2	65536	62741
BulletImpact_DCannon_2_twinlink	0.50	9	5	65536	62744
BulletImpact_DCannon_2_twinlink	0.75	17	10	65536	62748
BulletImpact_DCannon_2_twinlink	1.00	22	16	65536	62753
BulletImpact_DCannon_2_twinlink	1.50	29	27	65536	62763
BulletImpact_DCannon_2_twinlink	2.00	24	16	65536	62752
BulletImpact_DCannon_2_twinlink	3.00	0	0	65536	62740
BulletImpact_DCannon_twinlink	0.15	7	4	65536	62743
BulletImpact_DCannon_twinlink	0.30	12	7	65536	62745
BulletImpact_DCannon_twinlink	0.50	21	11	65536	62749
BulletImpact_DCannon_twinlink	0.75	33	23	65536	62758
BulletImpact_DCannon_twinlink	1.00	46	36	65536	62770
BulletImpact_DCannon_twinlink	1.50	85	78	65536	62802
BulletImpact_DCannon_twinlink	2.00	100	98	65536	62816
BulletImpact_DCannon_twinlink	3.00	0	0	65536	62740
BulletImpact_DeathSpinner	0.15	160	108	65536	62823
BulletImpact_DeathSpinner	0.30	164	134	65536	62844
BulletImpact_DeathSpinner	0.50	186	113	65536	62828
BulletImpact_DeathSpinner	0.75	112	47	65536	62774
BulletImpact_DeathSpinner	1.00	0	0	65536	62740
BulletImpact_DeathSpinner	1.50	0	0	65536	62740
BulletImpact_DeathSpinner	2.00	0	0	65536	62740
BulletImpact_DeathSpinner	3.00	0	0	65536	62740
BulletImpact_DeathSpinner Test	0.15	150	375	65536	63000
BulletImpact_DeathSpinner Test	0.30	236	521	65536	63098
BulletImpact_DeathSpinner Test	0.50	309	741	65536	63252
BulletImpact_DeathSpinner Test	0.75	521	1305	65536	63627
BulletImpact_DeathSpinner Test	1.00	690	1706	65536	63896
BulletImpact_DeathSpinner Test	1.50	809	2423	65536	64391
BulletImpact_DeathSpinner Test	2.00	1081	3240	65536	64947
BulletImpact_DeathSpinner Test	3.00	1775	5318	65536	66363
BulletImpact_deathspinner_arc	0.15	39	73	65536	62791
BulletImpact_deathspinner_arc	0.30	56	122	65536	62825
BulletImpact_deathspinner_arc	0.50	60	163	65536	62852
BulletImpact_deathspinner_arc	0.75	36	108	65536	62814
BulletImpact_deathspinner_arc	1.00	25	75	65536	62791
BulletImpact_deathspinner_arc	1.50	0	0	65536	62740
BulletImpact_deathspinner_arc	2.00	0	0	65536	62740
BulletImpact_deathspinner_arc	3.00	0	0	65536	62740
BulletImpact_deathspinner_arc_alt	0.15	705	1391	65536	63718
BulletImpact_deathspinner_arc_alt	0.30	941	2154	65536	64236
BulletImpact_deathspinner_arc_alt	0.50	1169	3078	65536	64849
BulletImpact_deathspinner_arc_alt	0.75	658	1957	65536	64077
BulletImpact_deathspinner_arc_alt	1.00	261	776	65536	63270
BulletImpact_deathspinner_arc_alt	1.50	0	0	65536	62740
BulletImpact_deathspinner_arc_alt	2.00	38	32	65536	62768
BulletImpact_deathspinner_arc_alt	3.00	123	83	65536	62806
BulletImpact_DeathSpinner_spider	0.15	106	105	65536	62819
BulletImpact_DeathSpinner_spider	0.30	126	139	65536	62845
BulletImpact_DeathSpinner_spider	0.50	121	111	65536	62822
BulletImpact_DeathSpinner_spider	0.75	14	27	65536	62760
BulletImpact_DeathSpinner_spider	1.00	0	0	65536	62740
BulletImpact_DeathSpinner_spider	1.50	0	0	65536	62740
BulletImpact_DeathSpinner_spider	2.00	0	0	65536	62740
BulletImpact_DeathSpinner_spider	3.00	0	0	65536	62740
BulletImpact_DeathSpinner_spider_twinlink	0.15	196	193	65536	62886
BulletImpact_DeathSpinner_spider_twinlink	0.30	231	258	65536	62934
BulletImpact_DeathSpinner_spider_twinlink	0.50	219	212	65536	62897
BulletImpact_DeathSpinner_spider_twinlink	0.75	24	35	65536	62767
BulletImpact_DeathSpinner_spider_twinlink	1.00	0	0	65536	62740
BulletImpact_DeathSpinner_spider_twinlink	1.50	0	0	65536	62740
BulletImpact_DeathSpinner_spider_twinlink	2.00	0	0	65536	62740
BulletImpact_DeathSpinner_spider_twinlink	3.00	0	0	65536	62740
BulletImpact_DeathSpinner_twinlink	0.15	317	224	65536	62914
BulletImpact_DeathSpinner_twinlink	0.30	306	264	65536	62949
BulletImpact_DeathSpinner_twinlink	0.50	277	193	65536	62894
BulletImpact_DeathSpinner_twinlink	0.75	168	82	65536	62802
BulletImpact_DeathSpinner_twinlink	1.00	0	0	65536	62740
BulletImpact_DeathSpinner_twinlink	1.50	0	0	65536	62740
BulletImpact_DeathSpinner_twinlink	2.00	0	0	65536	62740
BulletImpact_DeathSpinner_twinlink	3.00	0	0	65536	62740
BulletImpact_DeathSpinner_twinlink_large	0.15	183	119	65536	62827
BulletImpact_DeathSpinner_twinlink_large	0.30	204	183	65536	62885
BulletImpact_DeathSpinner_twinlink_large	0.50	280	238	65536	62922
BulletImpact_DeathSpinner_twinlink_large	0.75	178	124	65536	62831
BulletImpact_DeathSpinner_twinlink_large	1.00	38	20	65536	62755
BulletImpact_DeathSpinner_twinlink_large	1.50	0	0	65536	62740
BulletImpact_DeathSpinner_twinlink_large	2.00	0	0	65536	62740
BulletImpact_DeathSpinner_twinlink_large	3.00	0	0	65536	62740
BulletImpact_DeathSpinner_twinlink_large parabolic	0.15	15	8	65536	62746
BulletImpact_DeathSpinner_twinlink_large parabolic	0.30	35	21	65536	62755
BulletImpact_DeathSpinner_twinlink_large parabolic	0.50	112	72	65536	62792
BulletImpact_DeathSpinner_twinlink_large parabolic	0.75	214	121	65536	62830
BulletImpact_DeathSpinner_twinlink_large parabolic	1.00	313	186	65536	62881
BulletImpact_DeathSpinner_twinlink_large parabolic	1.50	483	288	65536	62962
BulletImpact_DeathSpinner_twinlink_large parabolic	2.00	497	298	65536	62970
BulletImpact_DeathSpinner_twinlink_large parabolic	3.00	0	0	65536	62740
BulletImpact_DesolationMissile	0.15	76	31	65536	62761
BulletImpact_DesolationMissile	0.30	22	15	65536	62753
BulletImpact_DesolationMissile	0.50	39	26	65536	62762
BulletImpact_DesolationMissile	0.75	38	18	65536	62754
BulletImpact_DesolationMissile	1.00	15	6	65536	62745
BulletImpact_DesolationMissile	1.50	0	0	65536	62740
BulletImpact_DesolationMissile	2.00	0	0	65536	62740
BulletImpact_DesolationMissile	3.00	0	0	65536	62740
BulletImpact_DesolationMissile_AOE	0.15	61	24	65536	62758
BulletImpact_DesolationMissile_AOE	0.30	72	46	65536	62777
BulletImpact_DesolationMissile_AOE	0.50	86	62	65536	62788
BulletImpact_DesolationMissile_AOE	0.75	101	66	65536	62792
BulletImpact_DesolationMissile_AOE	1.00	58	44	65536	62776
BulletImpact_DesolationMissile_AOE	1.50	62	34	65536	62767
BulletImpact_DesolationMissile_AOE	2.00	0	0	65536	62740
BulletImpact_DesolationMissile_AOE	3.00	0	0	65536	62740
BulletImpact_DynamiteBundle_Throw	0.15	29	11	65536	62744
BulletImpact_DynamiteBundle_Throw	0.30	41	14	65536	62740
BulletImpact_DynamiteBundle_Throw	0.50	54	13	65536	62730
BulletImpact_DynamiteBundle_Throw	0.75	45	12	65536	62733
BulletImpact_DynamiteBundle_Throw	1.00	51	12	65536	62729
BulletImpact_DynamiteBundle_Throw	1.50	41	12	65536	62739
BulletImpact_DynamiteBundle_Throw	2.00	0	0	65536	62740
BulletImpact_DynamiteBundle_Throw	3.00	0	0	65536	62740
BulletImpact_Eldar_Lasblaster	0.15	18	12	65536	62749
BulletImpact_Eldar_Lasblaster	0.30	22	17	65536	62753
BulletImpact_Eldar_Lasblaster	0.50	21	18	65536	62753
BulletImpact_Eldar_Lasblaster	0.75	9	6	65536	62745
BulletImpact_Eldar_Lasblaster	1.00	1	2	65536	62742
BulletImpact_Eldar_Lasblaster	1.50	0	0	65536	62740
BulletImpact_Eldar_Lasblaster	2.00	0	0	65536	62740
BulletImpact_Eldar_Lasblaster	3.00	0	0	65536	62740
BulletImpact_Flamethrower_ClearanceIncinerator	0.15	75	85	65536	62807
BulletImpact_Flamethrower_ClearanceIncinerator	0.30	97	140	65536	62846
BulletImpact_Flamethrower_ClearanceIncinerator	0.50	126	178	65536	62877
BulletImpact_Flamethrower_ClearanceIncinerator	0.75	166	190	65536	62882
BulletImpact_Flamethrower_ClearanceIncinerator	1.00	208	206	65536	62894
BulletImpact_Flamethrower_ClearanceIncinerator	1.50	227	219	65536	62910
BulletImpact_Flamethrower_ClearanceIncinerator	2.00	238	168	65536	62863
BulletImpact_Flamethrower_ClearanceIncinerator	3.00	12	4	65536	62743
BulletImpact_Flamethrower_HandFlamer	0.15	13	10	65536	62749
BulletImpact_Flamethrower_HandFlamer	0.30	65	95	65536	62814
BulletImpact_Flamethrower_HandFlamer	0.50	127	155	65536	62861
BulletImpact_Flamethrower_HandFlamer	0.75	186	176	65536	62874
BulletImpact_Flamethrower_HandFlamer	1.00	223	180	65536	62874
BulletImpact_Flamethrower_HandFlamer	1.50	187	122	65536	62829
BulletImpact_Flamethrower_HandFlamer	2.00	5	2	65536	62742
BulletImpact_Flamethrower_HandFlamer	3.00	0	0	65536	62740
BulletImpact_FlamethrowerSororitas	0.15	0	0	65536	62740
BulletImpact_FlamethrowerSororitas	0.30	0	0	65536	62740
BulletImpact_FlamethrowerSororitas	0.50	0	0	65536	62740
BulletImpact_FlamethrowerSororitas	0.75	0	0	65536	62740
BulletImpact_FlamethrowerSororitas	1.00	1	0	65536	62741
BulletImpact_FlamethrowerSororitas	1.50	2	1	65536	62741
BulletImpact_FlamethrowerSororitas	2.00	2	1	65536	62741
BulletImpact_FlamethrowerSororitas	3.00	0	0	65536	62740
BulletImpact_FlamethrowerSororitas_long	0.15	106	93	65536	62816
BulletImpact_FlamethrowerSororitas_long	0.30	181	240	65536	62931
BulletImpact_FlamethrowerSororitas_long	0.50	272	372	65536	63035
BulletImpact_FlamethrowerSororitas_long	0.75	273	335	65536	63003
BulletImpact_FlamethrowerSororitas_long	1.00	340	371	65536	63027
BulletImpact_FlamethrowerSororitas_long	1.50	363	401	65536	63054
BulletImpact_FlamethrowerSororitas_long	2.00	366	295	65536	62965
BulletImpact_FlamethrowerSororitas_long	3.00	83	34	65536	62761
BulletImpact_FlamethrowerSororitas_twinlink	0.15	0	0	65536	62740
BulletImpact_FlamethrowerSororitas_twinlink	0.30	0	0	65536	62740
BulletImpact_FlamethrowerSororitas_twinlink	0.50	0	0	65536	62740
BulletImpact_FlamethrowerSororitas_twinlink	0.75	0	0	65536	62740
BulletImpact_FlamethrowerSororitas_twinlink	1.00	0	0	65536	62740
BulletImpact_FlamethrowerSororitas_twinlink	1.50	1	0	65536	62740
BulletImpact_FlamethrowerSororitas_twinlink	2.00	2	1	65536	62741
BulletImpact_FlamethrowerSororitas_twinlink	3.00	0	0	65536	62740
BulletImpact_FusionGun	0.15	0	0	65536	62740
BulletImpact_FusionGun	0.30	4	2	65536	62741
BulletImpact_FusionGun	0.50	10	5	65536	62744
BulletImpact_FusionGun	0.75	23	14	65536	62751
BulletImpact_FusionGun	1.00	31	25	65536	62760
BulletImpact_FusionGun	1.50	43	29	65536	62760
BulletImpact_FusionGun	2.00	31	16	65536	62750
BulletImpact_FusionGun	3.00	0	0	65536	62740
BulletImpact_gatling_1s	0.15	0	0	65536	62740
BulletImpact_gatling_1s	0.30	0	0	65536	62740
BulletImpact_gatling_1s	0.50	0	0	65536	62740
BulletImpact_gatling_1s	0.75	101	88	65536	62809
BulletImpact_gatling_1s	1.00	56	49	65536	62781
BulletImpact_gatling_1s	1.50	72	56	65536	62786
BulletImpact_gatling_1s	2.00	32	16	65536	62752
BulletImpact_gatling_1s	3.00	0	0	65536	62740
BulletImpact_gatling_1s_invader	0.15	0	0	65536	62740
BulletImpact_gatling_1s_invader	0.30	0	0	65536	62740
BulletImpact_gatling_1s_invader	0.50	0	0	65536	62740
BulletImpact_gatling_1s_invader	0.75	57	52	65536	62782
BulletImpact_gatling_1s_invader	1.00	57	49	65536	62781
BulletImpact_gatling_1s_invader	1.50	60	51	65536	62782
BulletImpact_gatling_1s_invader	2.00	32	16	65536	62752
BulletImpact_gatling_1s_invader	3.00	0	0	65536	62740
BulletImpact_Ghazghkull_AA	0.15	58	72	65536	62795
BulletImpact_Ghazghkull_AA	0.30	121	131	65536	62844
BulletImpact_Ghazghkull_AA	0.50	127	123	65536	62837
BulletImpact_Ghazghkull_AA	0.75	111	111	65536	62828
BulletImpact_Ghazghkull_AA	1.00	80	52	65536	62780
BulletImpact_Ghazghkull_AA	1.50	4	4	65536	62743
BulletImpact_Ghazghkull_AA	2.00	0	0	65536	62740
BulletImpact_Ghazghkull_AA	3.00	0	0	65536	62740
BulletImpact_Gordrang	0.15	75	59	65536	62785
BulletImpact_Gordrang	0.30	72	57	65536	62785
BulletImpact_Gordrang	0.50	84	71	65536	62795
BulletImpact_Gordrang	0.75	101	73	65536	62796
BulletImpact_Gordrang	1.00	57	45	65536	62777
BulletImpact_Gordrang	1.50	35	21	65536	62757
BulletImpact_Gordrang	2.00	14	6	65536	62744
BulletImpact_Gordrang	3.00	0	0	65536	62740
BulletImpact_Grenade_ThumpGun	0.15	196	78	65535	62793
BulletImpact_Grenade_ThumpGun	0.30	34	20	65536	62757
BulletImpact_Grenade_ThumpGun	0.50	61	32	65536	62764
BulletImpact_Grenade_ThumpGun	0.75	48	20	65536	62757
BulletImpact_Grenade_ThumpGun	1.00	40	16	65536	62752
BulletImpact_Grenade_ThumpGun	1.50	0	0	65536	62740
BulletImpact_Grenade_ThumpGun	2.00	0	0	65536	62740
BulletImpact_Grenade_ThumpGun	3.00	0	0	65536	62740
BulletImpact_GrenadeLauncher	0.15	194	80	65536	62797
BulletImpact_GrenadeLauncher	0.30	44	30	65536	62764
BulletImpact_GrenadeLauncher	0.50	90	59	65536	62790
BulletImpact_GrenadeLauncher	0.75	71	41	65536	62773
BulletImpact_GrenadeLauncher	1.00	20	7	65536	62747
BulletImpact_GrenadeLauncher	1.50	0	0	65536	62740
BulletImpact_GrenadeLauncher	2.00	0	0	65536	62740
BulletImpact_GrenadeLauncher	3.00	0	0	65536	62740
BulletImpact_GrenadierGauntlet	0.15	273	134	65536	62838
BulletImpact_GrenadierGauntlet	0.30	46	34	65536	62768
BulletImpact_GrenadierGauntlet	0.50	68	47	65536	62780
BulletImpact_GrenadierGauntlet	0.75	87	55	65536	62785
BulletImpact_GrenadierGauntlet	1.00	65	33	65536	62767
BulletImpact_GrenadierGauntlet	1.50	0	0	65536	62740
BulletImpact_GrenadierGauntlet	2.00	0	0	65536	62740
BulletImpact_GrenadierGauntlet	3.00	0	0	65536	62740
BulletImpact_Kroot_KrootGun OLD	0.15	53	43	65536	62775
BulletImpact_Kroot_KrootGun OLD	0.30	56	48	65536	62779
BulletImpact_Kroot_KrootGun OLD	0.50	62	40	65536	62773
BulletImpact_Kroot_KrootGun OLD	0.75	2	1	65536	62741
BulletImpact_Kroot_KrootGun OLD	1.00	2	1	65536	62741
BulletImpact_Kroot_KrootGun OLD	1.50	0	0	65536	62740
BulletImpact_Kroot_KrootGun OLD	2.00	0	0	65536	62740
BulletImpact_Kroot_KrootGun OLD	3.00	0	0	65536	62740
BulletImpact_Kroot_KrootPistol	0.15	4	3	65536	62743
BulletImpact_Kroot_KrootPistol	0.30	4	2	65536	62743
BulletImpact_Kroot_KrootPistol	0.50	15	6	65536	62745
BulletImpact_Kroot_KrootPistol	0.75	5	2	65536	62742
BulletImpact_Kroot_KrootPistol	1.00	0	0	65536	62741
BulletImpact_Kroot_KrootPistol	1.50	0	0	65536	62740
BulletImpact_Kroot_KrootPistol	2.00	0	0	65536	62740
BulletImpact_Kroot_KrootPistol	3.00	0	0	65536	62740
BulletImpact_Kroot_KrootRifle	0.15	22	16	65536	62753
BulletImpact_Kroot_KrootRifle	0.30	34	23	65536	62759
BulletImpact_Kroot_KrootRifle	0.50	49	26	65536	62760
BulletImpact_Kroot_KrootRifle	0.75	51	20	65536	62755
BulletImpact_Kroot_KrootRifle	1.00	0	0	65536	62740
BulletImpact_Kroot_KrootRifle	1.50	0	0	65536	62740
BulletImpact_Kroot_KrootRifle	2.00	0	0	65536	62740
BulletImpact_Kroot_KrootRifle	3.00	0	0	65536	62740
BulletImpact_Kroot_KrootScattergun	0.15	24	39	65536	62772
BulletImpact_Kroot_KrootScattergun	0.30	49	59	65536	62790
BulletImpact_Kroot_KrootScattergun	0.50	49	32	65536	62767
BulletImpact_Kroot_KrootScattergun	0.75	63	34	65536	62768
BulletImpact_Kroot_KrootScattergun	1.00	63	30	65536	62764
BulletImpact_Kroot_KrootScattergun	1.50	0	0	65536	62743
BulletImpact_Kroot_KrootScattergun	2.00	0	0	65536	62740
BulletImpact_Kroot_KrootScattergun	3.00	0	0	65536	62740
BulletImpact_Kroot_RepeaterCannon	0.15	29	36	65536	62770
BulletImpact_Kroot_RepeaterCannon	0.30	384	372	65536	63028
BulletImpact_Kroot_RepeaterCannon	0.50	53	48	65536	62781
BulletImpact_Kroot_RepeaterCannon	0.75	57	27	65536	62761
BulletImpact_Kroot_RepeaterCannon	1.00	21	8	65536	62746
BulletImpact_Kroot_RepeaterCannon	1.50	0	0	65536	62740
BulletImpact_Kroot_RepeaterCannon	2.00	0	0	65536	62740
BulletImpact_Kroot_RepeaterCannon	3.00	0	0	65536	62740
BulletImpact_Kroot_RepeaterCannon OLD	0.15	57	44	65536	62776
BulletImpact_Kroot_RepeaterCannon OLD	0.30	46	37	65536	62770
BulletImpact_Kroot_RepeaterCannon OLD	0.50	6	4	65536	62744
BulletImpact_Kroot_RepeaterCannon OLD	0.75	50	32	65536	62766
BulletImpact_Kroot_RepeaterCannon OLD	1.00	5	3	65536	62743
BulletImpact_Kroot_RepeaterCannon OLD	1.50	0	0	65536	62740
BulletImpact_Kroot_RepeaterCannon OLD	2.00	0	0	65536	62740
BulletImpact_Kroot_RepeaterCannon OLD	3.00	0	0	65536	62740
BulletImpact_Lascannon	0.15	1	0	65536	62740
BulletImpact_Lascannon	0.30	4	2	65536	62741
BulletImpact_Lascannon	0.50	8	4	65536	62743
BulletImpact_Lascannon	0.75	10	8	65536	62747
BulletImpact_Lascannon	1.00	18	16	65536	62753
BulletImpact_Lascannon	1.50	35	22	65536	62757
BulletImpact_Lascannon	2.00	0	0	65536	62740
BulletImpact_Lascannon	3.00	0	0	65536	62740
BulletImpact_Lascannon_2shots	0.15	3	1	65536	62741
BulletImpact_Lascannon_2shots	0.30	4	2	65536	62741
BulletImpact_Lascannon_2shots	0.50	8	4	65536	62743
BulletImpact_Lascannon_2shots	0.75	12	8	65536	62746
BulletImpact_Lascannon_2shots	1.00	20	16	65536	62753
BulletImpact_Lascannon_2shots	1.50	95	67	65536	62793
BulletImpact_Lascannon_2shots	2.00	26	13	65536	62750
BulletImpact_Lascannon_2shots	3.00	0	0	65536	62740
BulletImpact_Lascannon_twinlink	0.15	3	1	65536	62741
BulletImpact_Lascannon_twinlink	0.30	6	2	65536	62742
BulletImpact_Lascannon_twinlink	0.50	15	7	65536	62745
BulletImpact_Lascannon_twinlink	0.75	21	16	65536	62753
BulletImpact_Lascannon_twinlink	1.00	33	30	65536	62765
BulletImpact_Lascannon_twinlink	1.50	56	39	65536	62772
BulletImpact_Lascannon_twinlink	2.00	6	4	65536	62743
BulletImpact_Lascannon_twinlink	3.00	0	0	65536	62740
BulletImpact_Lascannon_twinlink_dread	0.15	6	2	65536	62741
BulletImpact_Lascannon_twinlink_dread	0.30	11	6	65536	62745
BulletImpact_Lascannon_twinlink_dread	0.50	22	18	65536	62754
BulletImpact_Lascannon_twinlink_dread	0.75	47	44	65536	62774
BulletImpact_Lascannon_twinlink_dread	1.00	82	83	65536	62802
BulletImpact_Lascannon_twinlink_dread	1.50	145	114	65536	62830
BulletImpact_Lascannon_twinlink_dread	2.00	0	0	65536	62740
BulletImpact_Lascannon_twinlink_dread	3.00	0	0	65536	62740
BulletImpact_LongRifle_trail	0.15	4	2	65536	62741
BulletImpact_LongRifle_trail	0.30	4	2	65536	62741
BulletImpact_LongRifle_trail	0.50	4	1	65536	62741
BulletImpact_LongRifle_trail	0.75	0	0	65536	62741
BulletImpact_LongRifle_trail	1.00	0	0	65536	62740
BulletImpact_LongRifle_trail	1.50	0	0	65536	62740
BulletImpact_LongRifle_trail	2.00	0	0	65536	62740
BulletImpact_LongRifle_trail	3.00	0	0	65536	62740
BulletImpact_MagicMissile_EC	0.15	248	211	65536	62913
BulletImpact_MagicMissile_EC	0.30	332	262	65536	62934
BulletImpact_MagicMissile_EC	0.50	496	354	65536	62986
BulletImpact_MagicMissile_EC	0.75	759	504	65533	63060
BulletImpact_MagicMissile_EC	1.00	562	352	65534	62969
BulletImpact_MagicMissile_EC	1.50	504	248	65534	62856
BulletImpact_MagicMissile_EC	2.00	306	150	65533	62787
BulletImpact_MagicMissile_EC	3.00	0	0	65536	62740
BulletImpact_MagicMissile_EC_Fire	0.15	290	218	65535	62880
BulletImpact_MagicMissile_EC_Fire	0.30	355	296	65534	62951
BulletImpact_MagicMissile_EC_Fire	0.50	609	482	65536	63081
BulletImpact_MagicMissile_EC_Fire	0.75	596	470	65535	63082
BulletImpact_MagicMissile_EC_Fire	1.00	494	379	65535	63014
BulletImpact_MagicMissile_EC_Fire	1.50	519	302	65535	62926
BulletImpact_MagicMissile_EC_Fire	2.00	507	317	65530	62915
BulletImpact_MagicMissile_EC_Fire	3.00	0	0	65536	62740
BulletImpact_MissileToTarget	0.15	204	86	65536	62801
BulletImpact_MissileToTarget	0.30	62	47	65536	62780
BulletImpact_MissileToTarget	0.50	122	91	65536	62817
BulletImpact_MissileToTarget	0.75	168	97	65536	62818
BulletImpact_MissileToTarget	1.00	45	20	65536	62756
BulletImpact_MissileToTarget	1.50	0	0	65536	62740
BulletImpact_MissileToTarget	2.00	2	0	65536	62739
BulletImpact_MissileToTarget	3.00	0	0	65536	62740
BulletImpact_MissileToTarget_Orks	0.15	198	81	65536	62797
BulletImpact_MissileToTarget_Orks	0.30	36	25	65536	62760
BulletImpact_MissileToTarget_Orks	0.50	48	35	65536	62768
BulletImpact_MissileToTarget_Orks	0.75	50	30	65536	62764
BulletImpact_MissileToTarget_Orks	1.00	45	21	65536	62755
BulletImpact_MissileToTarget_Orks	1.50	0	0	65536	62740
BulletImpact_MissileToTarget_Orks	2.00	3	2	65536	62742
BulletImpact_MissileToTarget_Orks	3.00	0	0	65536	62740
BulletImpact_Morgrim	0.15	83	65	65536	62790
BulletImpact_Morgrim	0.30	83	68	65536	62795
BulletImpact_Morgrim	0.50	94	79	65536	62803
BulletImpact_Morgrim	0.75	109	77	65536	62799
BulletImpact_Morgrim	1.00	66	52	65536	62781
BulletImpact_Morgrim	1.50	32	21	65536	62757
BulletImpact_Morgrim	2.00	14	6	65536	62745
BulletImpact_Morgrim	3.00	0	0	65536	62740
BulletImpact_Needle gun_1shot	0.15	1	1	65536	62741
BulletImpact_Needle gun_1shot	0.30	1	1	65536	62741
BulletImpact_Needle gun_1shot	0.50	0	0	65536	62740
BulletImpact_Needle gun_1shot	0.75	0	0	65536	62740
BulletImpact_Needle gun_1shot	1.00	0	0	65536	62740
BulletImpact_Needle gun_1shot	1.50	0	0	65536	62740
BulletImpact_Needle gun_1shot	2.00	0	0	65536	62740
BulletImpact_Needle gun_1shot	3.00	0	0	65536	62740
BulletImpact_noisemarine	0.15	45	28	65536	62762
BulletImpact_noisemarine	0.30	58	36	65536	62770
BulletImpact_noisemarine	0.50	58	39	65536	62772
BulletImpact_noisemarine	0.75	72	33	65536	62766
BulletImpact_noisemarine	1.00	5	2	65536	62742
BulletImpact_noisemarine	1.50	0	0	65536	62740
BulletImpact_noisemarine	2.00	0	0	65536	62740
BulletImpact_noisemarine	3.00	0	0	65536	62740
BulletImpact_Ork Heavy Lobba	0.15	285	127	65536	62820
BulletImpact_Ork Heavy Lobba	0.30	671	381	65536	62986
BulletImpact_Ork Heavy Lobba	0.50	340	89	65536	62623
BulletImpact_Ork Heavy Lobba	0.75	449	65	65536	62490
BulletImpact_Ork Heavy Lobba	1.00	88	5	65536	62668
BulletImpact_Ork Heavy Lobba	1.50	0	0	65536	62740
BulletImpact_Ork Heavy Lobba	2.00	0	0	65536	62740
BulletImpact_Ork Heavy Lobba	3.00	0	0	65536	62740
BulletImpact_Ork Missile Big	0.15	215	102	65534	62801
BulletImpact_Ork Missile Big	0.30	462	305	65536	62950
BulletImpact_Ork Missile Big	0.50	322	116	65536	62721
BulletImpact_Ork Missile Big	0.75	109	16	65533	62579
BulletImpact_Ork Missile Big	1.00	0	0	65536	62712
BulletImpact_Ork Missile Big	1.50	0	0	65536	62740
BulletImpact_Ork Missile Big	2.00	0	0	65536	62740
BulletImpact_Ork Missile Big	3.00	0	0	65536	62740
BulletImpact_Ork Missiles 1	0.15	85	51	65536	62775
BulletImpact_Ork Missiles 1	0.30	18	18	65536	62753
BulletImpact_Ork Missiles 1	0.50	19	15	65536	62748
BulletImpact_Ork Missiles 1	0.75	8	6	65536	62742
BulletImpact_Ork Missiles 1	1.00	0	0	65536	62739
BulletImpact_Ork Missiles 1	1.50	0	0	65536	62740
BulletImpact_Ork Missiles 1	2.00	0	0	65536	62740
BulletImpact_Ork Missiles 1	3.00	0	0	65536	62740
BulletImpact_Ork Missiles 2	0.15	48	37	65536	62766
BulletImpact_Ork Missiles 2	0.30	43	53	65536	62779
BulletImpact_Ork Missiles 2	0.50	50	40	65536	62768
BulletImpact_Ork Missiles 2	0.75	53	46	65536	62772
BulletImpact_Ork Missiles 2	1.00	22	26	65536	62756
BulletImpact_Ork Missiles 2	1.50	0	0	65536	62739
BulletImpact_Ork Missiles 2	2.00	0	0	65536	62740
BulletImpact_Ork Missiles 2	3.00	0	0	65536	62740
BulletImpact_Ork Snakebite Squig Hook	0.15	254	123	65536	62828
BulletImpact_Ork Snakebite Squig Hook	0.30	68	69	65536	62790
BulletImpact_Ork Snakebite Squig Hook	0.50	57	31	65536	62754
BulletImpact_Ork Snakebite Squig Hook	0.75	64	48	65536	62763
BulletImpact_Ork Snakebite Squig Hook	1.00	0	0	65536	62730
BulletImpact_Ork Snakebite Squig Hook	1.50	0	0	65536	62740
BulletImpact_Ork Snakebite Squig Hook	2.00	0	0	65536	62740
BulletImpact_Ork Snakebite Squig Hook	3.00	0	0	65536	62740
BulletImpact_Psychophage	0.15	230	214	65536	62909
BulletImpact_Psychophage	0.30	418	446	65536	63069
BulletImpact_Psychophage	0.50	598	614	65536	63190
BulletImpact_Psychophage	0.75	636	525	65536	63086
BulletImpact_Psychophage	1.00	636	577	65536	63137
BulletImpact_Psychophage	1.50	95	92	65536	62811
BulletImpact_Psychophage	2.00	0	0	65536	62740
BulletImpact_Psychophage	3.00	0	0	65536	62740
BulletImpact_Pyrovore	0.15	1313	1320	65536	63837
BulletImpact_Pyrovore	0.30	2950	2223	65536	64453
BulletImpact_Pyrovore	0.50	56	115	65536	62822
BulletImpact_Pyrovore	0.75	40	92	65536	62807
BulletImpact_Pyrovore	1.00	0	0	65536	62740
BulletImpact_Pyrovore	1.50	0	0	65536	62740
BulletImpact_Pyrovore	2.00	0	0	65536	62740
BulletImpact_Pyrovore	3.00	0	0	65536	62740
BulletImpact_Pyrovore OLD	0.15	184	175	65536	62883
BulletImpact_Pyrovore OLD	0.30	656	574	65536	63204
BulletImpact_Pyrovore OLD	0.50	35	30	65536	62765
BulletImpact_Pyrovore OLD	0.75	20	26	65536	62761
BulletImpact_Pyrovore OLD	1.00	41	53	65536	62782
BulletImpact_Pyrovore OLD	1.50	37	36	65536	62770
BulletImpact_Pyrovore OLD	2.00	0	0	65536	62740
BulletImpact_Pyrovore OLD	3.00	0	0	65536	62740
BulletImpact_RandomShitGo	0.15	76	61	65536	62786
BulletImpact_RandomShitGo	0.30	87	77	65536	62800
BulletImpact_RandomShitGo	0.50	94	82	65536	62804
BulletImpact_RandomShitGo	0.75	101	81	65536	62802
BulletImpact_RandomShitGo	1.00	73	57	65536	62784
BulletImpact_RandomShitGo	1.50	54	28	65536	62756
BulletImpact_RandomShitGo	2.00	20	8	65536	62743
BulletImpact_RandomShitGo	3.00	0	0	65536	62740
BulletImpact_RiftCannon	0.15	0	0	65536	62740
BulletImpact_RiftCannon	0.30	4	5	65536	62745
BulletImpact_RiftCannon	0.50	0	0	65536	62740
BulletImpact_RiftCannon	0.75	9	10	65536	62748
BulletImpact_RiftCannon	1.00	8	9	65536	62747
BulletImpact_RiftCannon	1.50	0	0	65536	62740
BulletImpact_RiftCannon	2.00	0	0	65536	62740
BulletImpact_RiftCannon	3.00	0	0	65536	62740
BulletImpact_Rippergun	0.15	204	267	65536	62952
BulletImpact_Rippergun	0.30	298	318	65536	62991
BulletImpact_Rippergun	0.50	230	142	65536	62853
BulletImpact_Rippergun	0.75	63	35	65536	62768
BulletImpact_Rippergun	1.00	34	13	65536	62749
BulletImpact_Rippergun	1.50	0	0	65536	62740
BulletImpact_Rippergun	2.00	0	0	65536	62740
BulletImpact_Rippergun	3.00	0	0	65536	62740
BulletImpact_Saboteur_DetonatorOnly	0.15	86	43	65536	62771
BulletImpact_Saboteur_DetonatorOnly	0.30	106	54	65536	62779
BulletImpact_Saboteur_DetonatorOnly	0.50	132	67	65536	62788
BulletImpact_Saboteur_DetonatorOnly	0.75	158	80	65536	62797
BulletImpact_Saboteur_DetonatorOnly	1.00	177	89	65536	62803
BulletImpact_Saboteur_DetonatorOnly	1.50	148	64	65536	62784
BulletImpact_Saboteur_DetonatorOnly	2.00	0	0	65536	62740
BulletImpact_Saboteur_DetonatorOnly	3.00	0	0	65536	62740
BulletImpact_SaboteurExplosive	0.15	26	12	65536	62749
BulletImpact_SaboteurExplosive	0.30	33	16	65536	62751
BulletImpact_SaboteurExplosive	0.50	37	18	65536	62754
BulletImpact_SaboteurExplosive	0.75	47	23	65536	62756
BulletImpact_SaboteurExplosive	1.00	52	25	65536	62758
BulletImpact_SaboteurExplosive	1.50	43	18	65536	62753
BulletImpact_SaboteurExplosive	2.00	0	0	65536	62740
BulletImpact_SaboteurExplosive	3.00	0	0	65536	62740
BulletImpact_Screamer-Killer	0.15	226	200	65536	62895
BulletImpact_Screamer-Killer	0.30	311	333	65536	62995
BulletImpact_Screamer-Killer	0.50	371	381	65536	63026
BulletImpact_Screamer-Killer	0.75	272	236	65536	62920
BulletImpact_Screamer-Killer	1.00	253	196	65536	62891
BulletImpact_Screamer-Killer	1.50	0	0	65536	62740
BulletImpact_Screamer-Killer	2.00	0	0	65536	62740
BulletImpact_Screamer-Killer	3.00	0	0	65536	62740
BulletImpact_Shuriken_Long	0.15	28	27	65536	62761
BulletImpact_Shuriken_Long	0.30	43	39	65536	62770
BulletImpact_Shuriken_Long	0.50	48	43	65536	62773
BulletImpact_Shuriken_Long	0.75	38	27	65536	62760
BulletImpact_Shuriken_Long	1.00	41	28	65536	62761
BulletImpact_Shuriken_Long	1.50	0	0	65536	62740
BulletImpact_Shuriken_Long	2.00	0	0	65536	62740
BulletImpact_Shuriken_Long	3.00	0	0	65536	62740
BulletImpact_Shuriken_Long_twinlink	0.15	87	69	65536	62792
BulletImpact_Shuriken_Long_twinlink	0.30	84	75	65536	62797
BulletImpact_Shuriken_Long_twinlink	0.50	81	75	65536	62797
BulletImpact_Shuriken_Long_twinlink	0.75	82	57	65536	62782
BulletImpact_Shuriken_Long_twinlink	1.00	57	45	65536	62773
BulletImpact_Shuriken_Long_twinlink	1.50	0	0	65536	62740
BulletImpact_Shuriken_Long_twinlink	2.00	0	0	65536	62740
BulletImpact_Shuriken_Long_twinlink	3.00	0	0	65536	62740
BulletImpact_Shuriken_Pistol	0.15	0	0	65536	62740
BulletImpact_Shuriken_Pistol	0.30	0	0	65536	62740
BulletImpact_Shuriken_Pistol	0.50	0	0	65536	62740
BulletImpact_Shuriken_Pistol	0.75	0	0	65536	62740
BulletImpact_Shuriken_Pistol	1.00	0	0	65536	62740
BulletImpact_Shuriken_Pistol	1.50	0	0	65536	62740
BulletImpact_Shuriken_Pistol	2.00	0	0	65536	62740
BulletImpact_Shuriken_Pistol	3.00	0	0	65536	62740
BulletImpact_Shuriken_Short	0.15	22	14	65536	62750
BulletImpact_Shuriken_Short	0.30	22	18	65536	62754
BulletImpact_Shuriken_Short	0.50	22	19	65536	62755
BulletImpact_Shuriken_Short	0.75	23	18	65536	62754
BulletImpact_Shuriken_Short	1.00	0	0	65536	62740
BulletImpact_Shuriken_Short	1.50	0	0	65536	62740
BulletImpact_Shuriken_Short	2.00	0	0	65536	62740
BulletImpact_Shuriken_Short	3.00	0	0	65536	62740
BulletImpact_Shuriken_Short_twinlink	0.15	42	27	65536	62760
BulletImpact_Shuriken_Short_twinlink	0.30	35	34	65536	62768
BulletImpact_Shuriken_Short_twinlink	0.50	38	36	65536	62769
BulletImpact_Shuriken_Short_twinlink	0.75	51	37	65536	62767
BulletImpact_Shuriken_Short_twinlink	1.00	0	0	65536	62740
BulletImpact_Shuriken_Short_twinlink	1.50	0	0	65536	62740
BulletImpact_Shuriken_Short_twinlink	2.00	0	0	65536	62740
BulletImpact_Shuriken_Short_twinlink	3.00	0	0	65536	62740
BulletImpact_Sonic Weapon 1	0.15	4	4	65536	62743
BulletImpact_Sonic Weapon 1	0.30	12	10	65536	62748
BulletImpact_Sonic Weapon 1	0.50	12	17	65536	62754
BulletImpact_Sonic Weapon 1	0.75	520	678	65536	63259
BulletImpact_Sonic Weapon 1	1.00	1046	1462	65536	63844
BulletImpact_Sonic Weapon 1	1.50	843	752	65536	63341
BulletImpact_Sonic Weapon 1	2.00	0	0	65536	62740
BulletImpact_Sonic Weapon 1	3.00	0	0	65536	62740
BulletImpact_Sonic Weapon 1 Dual Pistol	0.15	8	7	65536	62746
BulletImpact_Sonic Weapon 1 Dual Pistol	0.30	25	21	65536	62756
BulletImpact_Sonic Weapon 1 Dual Pistol	0.50	30	44	65536	62775
BulletImpact_Sonic Weapon 1 Dual Pistol	0.75	189	168	65536	62876
BulletImpact_Sonic Weapon 1 Dual Pistol	1.00	316	245	65536	62940
BulletImpact_Sonic Weapon 1 Dual Pistol	1.50	91	44	65536	62773
BulletImpact_Sonic Weapon 1 Dual Pistol	2.00	0	0	65536	62740
BulletImpact_Sonic Weapon 1 Dual Pistol	3.00	0	0	65536	62740
BulletImpact_Sonic Weapon 1 Dual Pistol OLD	0.15	11	11	65536	62749
BulletImpact_Sonic Weapon 1 Dual Pistol OLD	0.30	27	25	65536	62760
BulletImpact_Sonic Weapon 1 Dual Pistol OLD	0.50	27	43	65536	62774
BulletImpact_Sonic Weapon 1 Dual Pistol OLD	0.75	254	181	65536	62886
BulletImpact_Sonic Weapon 1 Dual Pistol OLD	1.00	409	382	65536	63047
BulletImpact_Sonic Weapon 1 Dual Pistol OLD	1.50	236	109	65536	62823
BulletImpact_Sonic Weapon 1 Dual Pistol OLD	2.00	0	0	65536	62740
BulletImpact_Sonic Weapon 1 Dual Pistol OLD	3.00	0	0	65536	62740
BulletImpact_Sonic Weapon 2	0.15	4	4	65536	62743
BulletImpact_Sonic Weapon 2	0.30	12	11	65536	62748
BulletImpact_Sonic Weapon 2	0.50	16	21	65536	62757
BulletImpact_Sonic Weapon 2	0.75	167	124	65536	62836
BulletImpact_Sonic Weapon 2	1.00	126	92	65536	62813
BulletImpact_Sonic Weapon 2	1.50	163	148	65536	62863
BulletImpact_Sonic Weapon 2	2.00	190	102	65536	62817
BulletImpact_Sonic Weapon 2	3.00	0	0	65536	62740
BulletImpact_Sonic Weapon 2 Pistol	0.15	41	24	65536	62759
BulletImpact_Sonic Weapon 2 Pistol	0.30	107	64	65536	62788
BulletImpact_Sonic Weapon 2 Pistol	0.50	214	148	65536	62854
BulletImpact_Sonic Weapon 2 Pistol	0.75	276	170	65536	62867
BulletImpact_Sonic Weapon 2 Pistol	1.00	24	24	65536	62763
BulletImpact_Sonic Weapon 2 Pistol	1.50	51	23	65536	62756
BulletImpact_Sonic Weapon 2 Pistol	2.00	0	0	65536	62740
BulletImpact_Sonic Weapon 2 Pistol	3.00	0	0	65536	62740
BulletImpact_Sonic Weapon 2 Twinlink	0.15	8	7	65536	62746
BulletImpact_Sonic Weapon 2 Twinlink	0.30	17	17	65536	62754
BulletImpact_Sonic Weapon 2 Twinlink	0.50	23	27	65536	62761
BulletImpact_Sonic Weapon 2 Twinlink	0.75	114	89	65536	62811
BulletImpact_Sonic Weapon 2 Twinlink	1.00	146	85	65536	62804
BulletImpact_Sonic Weapon 2 Twinlink	1.50	95	76	65536	62806
BulletImpact_Sonic Weapon 2 Twinlink	2.00	91	61	65536	62788
BulletImpact_Sonic Weapon 2 Twinlink	3.00	0	0	65536	62740
BulletImpact_Sonic Weapon 2 variant	0.15	4	4	65536	62743
BulletImpact_Sonic Weapon 2 variant	0.30	12	11	65536	62748
BulletImpact_Sonic Weapon 2 variant	0.50	16	20	65536	62756
BulletImpact_Sonic Weapon 2 variant	0.75	139	151	65536	62860
BulletImpact_Sonic Weapon 2 variant	1.00	344	472	65536	63098
BulletImpact_Sonic Weapon 2 variant	1.50	274	281	65536	62972
BulletImpact_Sonic Weapon 2 variant	2.00	279	177	65536	62881
BulletImpact_Sonic Weapon 2 variant	3.00	0	0	65536	62740
BulletImpact_Sororitas_Melta	0.15	17	8	65536	62746
BulletImpact_Sororitas_Melta	0.30	0	0	65536	62740
BulletImpact_Sororitas_Melta	0.50	35	33	65536	62765
BulletImpact_Sororitas_Melta	0.75	16	7	65536	62745
BulletImpact_Sororitas_Melta	1.00	16	11	65536	62748
BulletImpact_Sororitas_Melta	1.50	12	7	65536	62745
BulletImpact_Sororitas_Melta	2.00	0	0	65536	62740
BulletImpact_Sororitas_Melta	3.00	0	0	65536	62740
BulletImpact_Sororitas_MissileVolley	0.15	0	0	65536	62740
BulletImpact_Sororitas_MissileVolley	0.30	0	0	65536	62740
BulletImpact_Sororitas_MissileVolley	0.50	0	0	65536	62740
BulletImpact_Sororitas_MissileVolley	0.75	0	0	65536	62740
BulletImpact_Sororitas_MissileVolley	1.00	0	0	65536	62740
BulletImpact_Sororitas_MissileVolley	1.50	0	0	65536	62740
BulletImpact_Sororitas_MissileVolley	2.00	0	0	65536	62740
BulletImpact_Sororitas_MissileVolley	3.00	0	0	65536	62740
BulletImpact_Sororitas_MissileVolley_board_down	0.15	0	0	65536	62740
BulletImpact_Sororitas_MissileVolley_board_down	0.30	0	0	65536	62740
BulletImpact_Sororitas_MissileVolley_board_down	0.50	0	0	65536	62740
BulletImpact_Sororitas_MissileVolley_board_down	0.75	0	0	65536	62740
BulletImpact_Sororitas_MissileVolley_board_down	1.00	0	0	65536	62740
BulletImpact_Sororitas_MissileVolley_board_down	1.50	0	0	65536	62740
BulletImpact_Sororitas_MissileVolley_board_down	2.00	0	0	65536	62740
BulletImpact_Sororitas_MissileVolley_board_down	3.00	0	0	65536	62740
BulletImpact_Sororitas_MissileVolley_board_up	0.15	0	0	65536	62740
BulletImpact_Sororitas_MissileVolley_board_up	0.30	0	0	65536	62740
BulletImpact_Sororitas_MissileVolley_board_up	0.50	0	0	65536	62740
BulletImpact_Sororitas_MissileVolley_board_up	0.75	0	0	65536	62740
BulletImpact_Sororitas_MissileVolley_board_up	1.00	0	0	65536	62740
BulletImpact_Sororitas_MissileVolley_board_up	1.50	0	0	65536	62740
BulletImpact_Sororitas_MissileVolley_board_up	2.00	0	0	65536	62740
BulletImpact_Sororitas_MissileVolley_board_up	3.00	0	0	65536	62740
BulletImpact_Sororitas_MissileVolley_MoveAnim	0.15	0	0	65536	62740
BulletImpact_Sororitas_MissileVolley_MoveAnim	0.30	0	0	65536	62740
BulletImpact_Sororitas_MissileVolley_MoveAnim	0.50	0	0	65536	62740
BulletImpact_Sororitas_MissileVolley_MoveAnim	0.75	0	0	65536	62740
BulletImpact_Sororitas_MissileVolley_MoveAnim	1.00	0	0	65536	62740
BulletImpact_Sororitas_MissileVolley_MoveAnim	1.50	0	0	65536	62740
BulletImpact_Sororitas_MissileVolley_MoveAnim	2.00	0	0	65536	62740
BulletImpact_Sororitas_MissileVolley_MoveAnim	3.00	0	0	65536	62740
BulletImpact_Sororitas_MultiMelta	0.15	32	34	65536	62765
BulletImpact_Sororitas_MultiMelta	0.30	0	0	65536	62740
BulletImpact_Sororitas_MultiMelta	0.50	0	0	65536	62740
BulletImpact_Sororitas_MultiMelta	0.75	32	25	65536	62758
BulletImpact_Sororitas_MultiMelta	1.00	0	0	65536	62740
BulletImpact_Sororitas_MultiMelta	1.50	15	8	65536	62745
BulletImpact_Sororitas_MultiMelta	2.00	0	0	65536	62740
BulletImpact_Sororitas_MultiMelta	3.00	0	0	65536	62740
BulletImpact_Sororitas_MultiMelta_Junith	0.15	28	22	65536	62757
BulletImpact_Sororitas_MultiMelta_Junith	0.30	46	53	65536	62779
BulletImpact_Sororitas_MultiMelta_Junith	0.50	4	2	65536	62741
BulletImpact_Sororitas_MultiMelta_Junith	0.75	0	0	65536	62740
BulletImpact_Sororitas_MultiMelta_Junith	1.00	0	0	65536	62740
BulletImpact_Sororitas_MultiMelta_Junith	1.50	24	15	65536	62750
BulletImpact_Sororitas_MultiMelta_Junith	2.00	0	0	65536	62740
BulletImpact_Sororitas_MultiMelta_Junith	3.00	0	0	65536	62740
BulletImpact_Sororitas_SaintCelestine	0.15	0	0	65536	62740
BulletImpact_Sororitas_SaintCelestine	0.30	0	0	65536	62740
BulletImpact_Sororitas_SaintCelestine	0.50	16	17	65536	62753
BulletImpact_Sororitas_SaintCelestine	0.75	0	0	65536	62740
BulletImpact_Sororitas_SaintCelestine	1.00	0	0	65536	62740
BulletImpact_Sororitas_SaintCelestine	1.50	8	4	65536	62744
BulletImpact_Sororitas_SaintCelestine	2.00	0	0	65536	62740
BulletImpact_Sororitas_SaintCelestine	3.00	0	0	65536	62740
BulletImpact_Spore Launch	0.15	210	138	65536	62843
BulletImpact_Spore Launch	0.30	599	380	65536	63017
BulletImpact_Spore Launch	0.50	157	186	65536	62874
BulletImpact_Spore Launch	0.75	87	70	65536	62788
BulletImpact_Spore Launch	1.00	0	0	65536	62740
BulletImpact_Spore Launch	1.50	171	55	65536	62861
BulletImpact_Spore Launch	2.00	0	0	65536	62740
BulletImpact_Spore Launch	3.00	0	0	65536	62740
BulletImpact_Spore Launch 1	0.15	175	104	65536	62819
BulletImpact_Spore Launch 1	0.30	416	270	65536	62938
BulletImpact_Spore Launch 1	0.50	143	155	65536	62857
BulletImpact_Spore Launch 1	0.75	171	155	65536	62849
BulletImpact_Spore Launch 1	1.00	125	135	65536	62838
BulletImpact_Spore Launch 1	1.50	176	57	65536	62861
BulletImpact_Spore Launch 1	2.00	0	0	65536	62740
BulletImpact_Spore Launch 1	3.00	0	0	65536	62740
BulletImpact_stormbolter_4shots	0.15	69	63	65536	62790
BulletImpact_stormbolter_4shots	0.30	59	61	65536	62788
BulletImpact_stormbolter_4shots	0.50	31	20	65536	62756
BulletImpact_stormbolter_4shots	0.75	30	16	65536	62753
BulletImpact_stormbolter_4shots	1.00	13	5	65536	62743
BulletImpact_stormbolter_4shots	1.50	0	0	65536	62740
BulletImpact_stormbolter_4shots	2.00	0	0	65536	62740
BulletImpact_stormbolter_4shots	3.00	0	0	65536	62740
BulletImpact_stormbolter_4shots_Logan_AA	0.15	37	37	65536	62769
BulletImpact_stormbolter_4shots_Logan_AA	0.30	41	41	65536	62773
BulletImpact_stormbolter_4shots_Logan_AA	0.50	29	20	65536	62757
BulletImpact_stormbolter_4shots_Logan_AA	0.75	29	14	65536	62751
BulletImpact_stormbolter_4shots_Logan_AA	1.00	8	3	65536	62742
BulletImpact_stormbolter_4shots_Logan_AA	1.50	2	1	65536	62741
BulletImpact_stormbolter_4shots_Logan_AA	2.00	0	0	65536	62740
BulletImpact_stormbolter_4shots_Logan_AA	3.00	0	0	65536	62740
BulletImpact_stormbolter_6shots	0.15	64	63	65536	62790
BulletImpact_stormbolter_6shots	0.30	61	59	65536	62787
BulletImpact_stormbolter_6shots	0.50	49	38	65536	62771
BulletImpact_stormbolter_6shots	0.75	46	30	65536	62765
BulletImpact_stormbolter_6shots	1.00	22	12	65536	62749
BulletImpact_stormbolter_6shots	1.50	7	2	65536	62742
BulletImpact_stormbolter_6shots	2.00	0	0	65536	62740
BulletImpact_stormbolter_6shots	3.00	0	0	65536	62740
BulletImpact_tank_baneblade	0.15	82	55	65536	62783
BulletImpact_tank_baneblade	0.30	0	0	65536	62740
BulletImpact_tank_baneblade	0.50	8	3	65536	62743
BulletImpact_tank_baneblade	0.75	5	2	65536	62742
BulletImpact_tank_baneblade	1.00	0	0	65536	62740
BulletImpact_tank_baneblade	1.50	0	0	65536	62740
BulletImpact_tank_baneblade	2.00	0	0	65536	62740
BulletImpact_tank_baneblade	3.00	0	0	65536	62740
BulletImpact_tank_big	0.15	82	55	65536	62783
BulletImpact_tank_big	0.30	0	0	65536	62740
BulletImpact_tank_big	0.50	19	8	65536	62746
BulletImpact_tank_big	0.75	15	6	65536	62745
BulletImpact_tank_big	1.00	10	4	65536	62743
BulletImpact_tank_big	1.50	0	0	65536	62740
BulletImpact_tank_big	2.00	0	0	65536	62740
BulletImpact_tank_big	3.00	0	0	65536	62740
BulletImpact_tank_huge	0.15	82	55	65536	62783
BulletImpact_tank_huge	0.30	0	0	65536	62740
BulletImpact_tank_huge	0.50	5	2	65536	62742
BulletImpact_tank_huge	0.75	4	2	65536	62741
BulletImpact_tank_huge	1.00	1	0	65536	62741
BulletImpact_tank_huge	1.50	0	0	65536	62740
BulletImpact_tank_huge	2.00	0	0	65536	62740
BulletImpact_tank_huge	3.00	0	0	65536	62740
BulletImpact_tank_small	0.15	32	15	65536	62751
BulletImpact_tank_small	0.30	28	12	65536	62749
BulletImpact_tank_small	0.50	13	8	65536	62747
BulletImpact_tank_small	0.75	5	3	65536	62743
BulletImpact_tank_small	1.00	0	0	65536	62740
BulletImpact_tank_small	1.50	0	0	65536	62740
BulletImpact_tank_small	2.00	0	0	65536	62740
BulletImpact_tank_small	3.00	0	0	65536	62740
BulletImpact_Tau_Burst Cannon	0.15	31	25	65536	62757
BulletImpact_Tau_Burst Cannon	0.30	36	42	65536	62771
BulletImpact_Tau_Burst Cannon	0.50	31	34	65536	62766
BulletImpact_Tau_Burst Cannon	0.75	40	34	65536	62764
BulletImpact_Tau_Burst Cannon	1.00	33	33	65536	62765
BulletImpact_Tau_Burst Cannon	1.50	5	5	65536	62743
BulletImpact_Tau_Burst Cannon	2.00	0	0	65536	62740
BulletImpact_Tau_Burst Cannon	3.00	0	0	65536	62740
BulletImpact_Tau_Burst Cannon_short	0.15	31	24	65536	62757
BulletImpact_Tau_Burst Cannon_short	0.30	32	32	65536	62764
BulletImpact_Tau_Burst Cannon_short	0.50	33	32	65536	62765
BulletImpact_Tau_Burst Cannon_short	0.75	34	29	65536	62760
BulletImpact_Tau_Burst Cannon_short	1.00	1	1	65536	62741
BulletImpact_Tau_Burst Cannon_short	1.50	0	0	65536	62740
BulletImpact_Tau_Burst Cannon_short	2.00	0	0	65536	62740
BulletImpact_Tau_Burst Cannon_short	3.00	0	0	65536	62740
BulletImpact_Tau_FusionBlaster	0.15	28	22	65536	62756
BulletImpact_Tau_FusionBlaster	0.30	25	20	65536	62754
BulletImpact_Tau_FusionBlaster	0.50	26	19	65536	62754
BulletImpact_Tau_FusionBlaster	0.75	18	11	65536	62747
BulletImpact_Tau_FusionBlaster	1.00	0	0	65536	62740
BulletImpact_Tau_FusionBlaster	1.50	0	0	65536	62740
BulletImpact_Tau_FusionBlaster	2.00	0	0	65536	62740
BulletImpact_Tau_FusionBlaster	3.00	0	0	65536	62740
BulletImpact_Tau_FusionBlaster Dual	0.15	8	5	65536	62745
BulletImpact_Tau_FusionBlaster Dual	0.30	8	6	65536	62745
BulletImpact_Tau_FusionBlaster Dual	0.50	8	6	65536	62745
BulletImpact_Tau_FusionBlaster Dual	0.75	8	4	65536	62743
BulletImpact_Tau_FusionBlaster Dual	1.00	0	0	65536	62740
BulletImpact_Tau_FusionBlaster Dual	1.50	0	0	65536	62740
BulletImpact_Tau_FusionBlaster Dual	2.00	0	0	65536	62740
BulletImpact_Tau_FusionBlaster Dual	3.00	0	0	65536	62740
BulletImpact_Tau_GravPulse	0.15	72	77	65536	62800
BulletImpact_Tau_GravPulse	0.30	70	46	65536	62774
BulletImpact_Tau_GravPulse	0.50	0	0	65536	62740
BulletImpact_Tau_GravPulse	0.75	0	0	65536	62740
BulletImpact_Tau_GravPulse	1.00	0	0	65536	62740
BulletImpact_Tau_GravPulse	1.50	0	0	65536	62740
BulletImpact_Tau_GravPulse	2.00	0	0	65536	62740
BulletImpact_Tau_GravPulse	3.00	0	0	65536	62740
BulletImpact_Tau_IonAccelerator	0.15	4	3	65536	62743
BulletImpact_Tau_IonAccelerator	0.30	7	5	65536	62744
BulletImpact_Tau_IonAccelerator	0.50	12	9	65536	62747
BulletImpact_Tau_IonAccelerator	0.75	22	16	65536	62752
BulletImpact_Tau_IonAccelerator	1.00	22	18	65536	62754
BulletImpact_Tau_IonAccelerator	1.50	22	13	65536	62749
BulletImpact_Tau_IonAccelerator	2.00	0	0	65536	62740
BulletImpact_Tau_IonAccelerator	3.00	0	0	65536	62740
BulletImpact_Tau_Missile 10x	0.15	280	214	65536	62896
BulletImpact_Tau_Missile 10x	0.30	426	419	65532	63041
BulletImpact_Tau_Missile 10x	0.50	481	469	65530	63061
BulletImpact_Tau_Missile 10x	0.75	622	623	65532	63154
BulletImpact_Tau_Missile 10x	1.00	673	688	65529	63162
BulletImpact_Tau_Missile 10x	1.50	536	533	65531	63062
BulletImpact_Tau_Missile 10x	2.00	175	195	65536	62881
BulletImpact_Tau_Missile 10x	3.00	0	0	65536	62740
BulletImpact_Tau_Missile 3x	0.15	97	87	65535	62804
BulletImpact_Tau_Missile 3x	0.30	200	221	65536	62906
BulletImpact_Tau_Missile 3x	0.50	268	282	65536	62951
BulletImpact_Tau_Missile 3x	0.75	250	231	65535	62906
BulletImpact_Tau_Missile 3x	1.00	190	179	65536	62871
BulletImpact_Tau_Missile 3x	1.50	42	48	65536	62775
BulletImpact_Tau_Missile 3x	2.00	2	2	65536	62742
BulletImpact_Tau_Missile 3x	3.00	0	0	65536	62740
BulletImpact_Tau_Plasma Cannon	0.15	102	125	65536	62835
BulletImpact_Tau_Plasma Cannon	0.30	217	261	65536	62939
BulletImpact_Tau_Plasma Cannon	0.50	370	431	65536	63067
BulletImpact_Tau_Plasma Cannon	0.75	135	84	65536	62805
BulletImpact_Tau_Plasma Cannon	1.00	187	254	65536	62930
BulletImpact_Tau_Plasma Cannon	1.50	0	0	65536	62740
BulletImpact_Tau_Plasma Cannon	2.00	0	0	65536	62740
BulletImpact_Tau_Plasma Cannon	3.00	0	0	65536	62740
BulletImpact_Tau_Pulse Blaster	0.15	0	0	65536	62740
BulletImpact_Tau_Pulse Blaster	0.30	51	64	65536	62784
BulletImpact_Tau_Pulse Blaster	0.50	32	32	65536	62762
BulletImpact_Tau_Pulse Blaster	0.75	0	0	65536	62740
BulletImpact_Tau_Pulse Blaster	1.00	0	0	65536	62740
BulletImpact_Tau_Pulse Blaster	1.50	0	0	65536	62740
BulletImpact_Tau_Pulse Blaster	2.00	0	0	65536	62740
BulletImpact_Tau_Pulse Blaster	3.00	0	0	65536	62740
BulletImpact_Tau_Pulse Bomb	0.15	4563	5055	65536	66498
BulletImpact_Tau_Pulse Bomb	0.30	4562	4994	65536	66467
BulletImpact_Tau_Pulse Bomb	0.50	4559	4996	65536	66468
BulletImpact_Tau_Pulse Bomb	0.75	4558	4993	65536	66467
BulletImpact_Tau_Pulse Bomb	1.00	0	0	65536	62740
BulletImpact_Tau_Pulse Bomb	1.50	0	0	65536	62740
BulletImpact_Tau_Pulse Bomb	2.00	0	0	65536	62740
BulletImpact_Tau_Pulse Bomb	3.00	0	0	65536	62740
BulletImpact_Tau_Pulse Carbine	0.15	16	14	65536	62751
BulletImpact_Tau_Pulse Carbine	0.30	22	20	65536	62754
BulletImpact_Tau_Pulse Carbine	0.50	30	30	65536	62761
BulletImpact_Tau_Pulse Carbine	0.75	7	7	65536	62745
BulletImpact_Tau_Pulse Carbine	1.00	0	0	65536	62740
BulletImpact_Tau_Pulse Carbine	1.50	0	0	65536	62740
BulletImpact_Tau_Pulse Carbine	2.00	0	0	65536	62740
BulletImpact_Tau_Pulse Carbine	3.00	0	0	65536	62740
BulletImpact_Tau_Pulse Carbine Dual	0.15	45	52	65536	62778
BulletImpact_Tau_Pulse Carbine Dual	0.30	38	45	65536	62774
BulletImpact_Tau_Pulse Carbine Dual	0.50	46	45	65536	62772
BulletImpact_Tau_Pulse Carbine Dual	0.75	16	17	65536	62753
BulletImpact_Tau_Pulse Carbine Dual	1.00	0	0	65536	62740
BulletImpact_Tau_Pulse Carbine Dual	1.50	0	0	65536	62740
BulletImpact_Tau_Pulse Carbine Dual	2.00	0	0	65536	62740
BulletImpact_Tau_Pulse Carbine Dual	3.00	0	0	65536	62740
BulletImpact_Tau_Pulse Carbine Dual OLD	0.15	43	27	65536	62758
BulletImpact_Tau_Pulse Carbine Dual OLD	0.30	45	44	65536	62774
BulletImpact_Tau_Pulse Carbine Dual OLD	0.50	3	4	65536	62743
BulletImpact_Tau_Pulse Carbine Dual OLD	0.75	1	1	65536	62741
BulletImpact_Tau_Pulse Carbine Dual OLD	1.00	0	0	65536	62740
BulletImpact_Tau_Pulse Carbine Dual OLD	1.50	0	0	65536	62740
BulletImpact_Tau_Pulse Carbine Dual OLD	2.00	0	0	65536	62740
BulletImpact_Tau_Pulse Carbine Dual OLD	3.00	0	0	65536	62740
BulletImpact_Tau_Pulse Carbine OLD	0.15	45	31	65536	62761
BulletImpact_Tau_Pulse Carbine OLD	0.30	49	50	65536	62779
BulletImpact_Tau_Pulse Carbine OLD	0.50	3	3	65536	62742
BulletImpact_Tau_Pulse Carbine OLD	0.75	0	0	65536	62740
BulletImpact_Tau_Pulse Carbine OLD	1.00	0	0	65536	62740
BulletImpact_Tau_Pulse Carbine OLD	1.50	0	0	65536	62740
BulletImpact_Tau_Pulse Carbine OLD	2.00	0	0	65536	62740
BulletImpact_Tau_Pulse Carbine OLD	3.00	0	0	65536	62740
BulletImpact_Tau_Pulse Drone Dual	0.15	35	40	65536	62768
BulletImpact_Tau_Pulse Drone Dual	0.30	23	25	65536	62758
BulletImpact_Tau_Pulse Drone Dual	0.50	0	0	65536	62740
BulletImpact_Tau_Pulse Drone Dual	0.75	0	0	65536	62740
BulletImpact_Tau_Pulse Drone Dual	1.00	0	0	65536	62740
BulletImpact_Tau_Pulse Drone Dual	1.50	0	0	65536	62740
BulletImpact_Tau_Pulse Drone Dual	2.00	0	0	65536	62740
BulletImpact_Tau_Pulse Drone Dual	3.00	0	0	65536	62740
BulletImpact_Tau_Pulse Pistol	0.15	3	3	65536	62743
BulletImpact_Tau_Pulse Pistol	0.30	2	2	65536	62742
BulletImpact_Tau_Pulse Pistol	0.50	0	0	65536	62740
BulletImpact_Tau_Pulse Pistol	0.75	3	4	65536	62743
BulletImpact_Tau_Pulse Pistol	1.00	1	1	65536	62741
BulletImpact_Tau_Pulse Pistol	1.50	0	0	65536	62740
BulletImpact_Tau_Pulse Pistol	2.00	0	0	65536	62740
BulletImpact_Tau_Pulse Pistol	3.00	0	0	65536	62740
BulletImpact_Tau_Pulse Rifle	0.15	7	10	65536	62747
BulletImpact_Tau_Pulse Rifle	0.30	8	9	65536	62747
BulletImpact_Tau_Pulse Rifle	0.50	19	17	65536	62752
BulletImpact_Tau_Pulse Rifle	0.75	7	8	65536	62746
BulletImpact_Tau_Pulse Rifle	1.00	0	0	65536	62740
BulletImpact_Tau_Pulse Rifle	1.50	0	0	65536	62740
BulletImpact_Tau_Pulse Rifle	2.00	0	0	65536	62740
BulletImpact_Tau_Pulse Rifle	3.00	0	0	65536	62740
BulletImpact_Tau_Pulse Rifle Dual	0.15	26	32	65536	62763
BulletImpact_Tau_Pulse Rifle Dual	0.30	22	25	65536	62758
BulletImpact_Tau_Pulse Rifle Dual	0.50	51	53	65536	62779
BulletImpact_Tau_Pulse Rifle Dual	0.75	11	14	65536	62750
BulletImpact_Tau_Pulse Rifle Dual	1.00	0	0	65536	62740
BulletImpact_Tau_Pulse Rifle Dual	1.50	0	0	65536	62740
BulletImpact_Tau_Pulse Rifle Dual	2.00	0	0	65536	62740
BulletImpact_Tau_Pulse Rifle Dual	3.00	0	0	65536	62740
BulletImpact_Tau_PulseARCcannon	0.15	8	7	65536	62745
BulletImpact_Tau_PulseARCcannon	0.30	12	11	65536	62748
BulletImpact_Tau_PulseARCcannon	0.50	16	15	65536	62751
BulletImpact_Tau_PulseARCcannon	0.75	26	29	65536	62760
BulletImpact_Tau_PulseARCcannon	1.00	32	36	65536	62765
BulletImpact_Tau_PulseARCcannon	1.50	37	23	65536	62758
BulletImpact_Tau_PulseARCcannon	2.00	2	1	65536	62741
BulletImpact_Tau_PulseARCcannon	3.00	0	0	65536	62740
BulletImpact_Tau_Rail Rifle	0.15	15	13	65536	62750
BulletImpact_Tau_Rail Rifle	0.30	29	26	65536	62758
BulletImpact_Tau_Rail Rifle	0.50	32	36	65536	62766
BulletImpact_Tau_Rail Rifle	0.75	7	3	65536	62742
BulletImpact_Tau_Rail Rifle	1.00	0	0	65536	62740
BulletImpact_Tau_Rail Rifle	1.50	0	0	65536	62740
BulletImpact_Tau_Rail Rifle	2.00	0	0	65536	62740
BulletImpact_Tau_Rail Rifle	3.00	0	0	65536	62740
BulletImpact_Tau_Sniper Pulse Rifle	0.15	0	0	65536	62740
BulletImpact_Tau_Sniper Pulse Rifle	0.30	0	0	65536	62740
BulletImpact_Tau_Sniper Pulse Rifle	0.50	0	0	65536	62740
BulletImpact_Tau_Sniper Pulse Rifle	0.75	0	0	65536	62740
BulletImpact_Tau_Sniper Pulse Rifle	1.00	0	0	65536	62740
BulletImpact_Tau_Sniper Pulse Rifle	1.50	0	0	65536	62740
BulletImpact_Tau_Sniper Pulse Rifle	2.00	0	0	65536	62740
BulletImpact_Tau_Sniper Pulse Rifle	3.00	0	0	65536	62740
BulletImpact_Thunderfire	0.15	292	186	65536	62884
BulletImpact_Thunderfire	0.30	249	210	65536	62909
BulletImpact_Thunderfire	0.50	230	118	65536	62830
BulletImpact_Thunderfire	0.75	80	45	65536	62776
BulletImpact_Thunderfire	1.00	39	16	65536	62751
BulletImpact_Thunderfire	1.50	0	0	65536	62740
BulletImpact_Thunderfire	2.00	0	0	65536	62740
BulletImpact_Thunderfire	3.00	0	0	65536	62740
BulletImpact_Tyranid_Barblauncher	0.15	134	90	65536	62803
BulletImpact_Tyranid_Barblauncher	0.30	104	103	65536	62817
BulletImpact_Tyranid_Barblauncher	0.50	150	128	65536	62835
BulletImpact_Tyranid_Barblauncher	0.75	41	17	65536	62751
BulletImpact_Tyranid_Barblauncher	1.00	19	8	65536	62744
BulletImpact_Tyranid_Barblauncher	1.50	0	0	65536	62740
BulletImpact_Tyranid_Barblauncher	2.00	0	0	65536	62740
BulletImpact_Tyranid_Barblauncher	3.00	0	0	65536	62740
BulletImpact_Tyranid_Big	0.15	116	75	65536	62795
BulletImpact_Tyranid_Big	0.30	114	101	65536	62819
BulletImpact_Tyranid_Big	0.50	117	97	65536	62818
BulletImpact_Tyranid_Big	0.75	149	96	65536	62811
BulletImpact_Tyranid_Big	1.00	13	5	65536	62744
BulletImpact_Tyranid_Big	1.50	0	0	65536	62740
BulletImpact_Tyranid_Big	2.00	0	0	65536	62740
BulletImpact_Tyranid_Big	3.00	0	0	65536	62740
BulletImpact_Tyranid_Cannon	0.15	0	0	65536	62740
BulletImpact_Tyranid_Cannon	0.30	0	0	65536	62740
BulletImpact_Tyranid_Cannon	0.50	0	0	65536	62740
BulletImpact_Tyranid_Cannon	0.75	239	316	65536	62992
BulletImpact_Tyranid_Cannon	1.00	21	15	65536	62751
BulletImpact_Tyranid_Cannon	1.50	1	0	65536	62740
BulletImpact_Tyranid_Cannon	2.00	0	0	65536	62740
BulletImpact_Tyranid_Cannon	3.00	0	0	65536	62740
BulletImpact_Tyranid_Small	0.15	98	71	65536	62793
BulletImpact_Tyranid_Small	0.30	115	115	65536	62830
BulletImpact_Tyranid_Small	0.50	14	7	65536	62745
BulletImpact_Tyranid_Small	0.75	5	2	65536	62742
BulletImpact_Tyranid_Small	1.00	0	0	65536	62740
BulletImpact_Tyranid_Small	1.50	0	0	65536	62740
BulletImpact_Tyranid_Small	2.00	0	0	65536	62740
BulletImpact_Tyranid_Small	3.00	0	0	65536	62740
BulletImpact_Tyranid_Small_Dual	0.15	250	158	65536	62855
BulletImpact_Tyranid_Small_Dual	0.30	273	248	65536	62939
BulletImpact_Tyranid_Small_Dual	0.50	23	12	65536	62749
BulletImpact_Tyranid_Small_Dual	0.75	8	3	65536	62743
BulletImpact_Tyranid_Small_Dual	1.00	1	0	65536	62741
BulletImpact_Tyranid_Small_Dual	1.50	0	0	65536	62740
BulletImpact_Tyranid_Small_Dual	2.00	0	0	65536	62740
BulletImpact_Tyranid_Small_Dual	3.00	0	0	65536	62740
BulletImpact_Tyranid_Stranglethorn	0.15	1	0	65536	62741
BulletImpact_Tyranid_Stranglethorn	0.30	37	36	65536	62769
BulletImpact_Tyranid_Stranglethorn	0.50	2	1	65536	62741
BulletImpact_Tyranid_Stranglethorn	0.75	4	1	65536	62741
BulletImpact_Tyranid_Stranglethorn	1.00	2	1	65536	62741
BulletImpact_Tyranid_Stranglethorn	1.50	0	0	65536	62740
BulletImpact_Tyranid_Stranglethorn	2.00	0	0	65536	62740
BulletImpact_Tyranid_Stranglethorn	3.00	0	0	65536	62740
BulletImpact_Tyranid_Stranglethorn_Dual	0.15	5	2	65536	62742
BulletImpact_Tyranid_Stranglethorn_Dual	0.30	160	132	65536	62843
BulletImpact_Tyranid_Stranglethorn_Dual	0.50	178	117	65536	62831
BulletImpact_Tyranid_Stranglethorn_Dual	0.75	10	4	65536	62743
BulletImpact_Tyranid_Stranglethorn_Dual	1.00	3	1	65536	62741
BulletImpact_Tyranid_Stranglethorn_Dual	1.50	0	0	65536	62740
BulletImpact_Tyranid_Stranglethorn_Dual	2.00	0	0	65536	62740
BulletImpact_Tyranid_Stranglethorn_Dual	3.00	0	0	65536	62740
BulletImpact_ValkyrieMissile	0.15	100	59	65536	62786
BulletImpact_ValkyrieMissile	0.30	83	61	65536	62791
BulletImpact_ValkyrieMissile	0.50	86	45	65536	62775
BulletImpact_ValkyrieMissile	0.75	45	25	65536	62760
BulletImpact_ValkyrieMissile	1.00	35	20	65536	62757
BulletImpact_ValkyrieMissile	1.50	0	0	65536	62740
BulletImpact_ValkyrieMissile	2.00	0	0	65536	62740
BulletImpact_ValkyrieMissile	3.00	0	0	65536	62740
BulletImpact_Webber	0.15	61	56	65536	62788
BulletImpact_Webber	0.30	91	90	65536	62817
BulletImpact_Webber	0.50	91	65	65536	62795
BulletImpact_Webber	0.75	4	1	65536	62742
BulletImpact_Webber	1.00	0	0	65536	62740
BulletImpact_Webber	1.50	0	0	65536	62740
BulletImpact_Webber	2.00	0	0	65536	62740
BulletImpact_Webber	3.00	0	0	65536	62740
BulletImpactBurst_Blood	0.15	210	442	65536	63078
BulletImpactBurst_Blood	0.30	862	1815	65536	64127
BulletImpactBurst_Blood	0.50	0	0	65536	62740
BulletImpactBurst_Blood	0.75	0	0	65536	62740
BulletImpactBurst_Blood	1.00	0	0	65536	62740
BulletImpactBurst_Blood	1.50	0	0	65536	62740
BulletImpactBurst_Blood	2.00	0	0	65536	62740
BulletImpactBurst_Blood	3.00	0	0	65536	62740
BulletImpactBurst_crowd	0.15	644	773	65536	63364
BulletImpactBurst_crowd	0.30	163	123	65536	62836
BulletImpactBurst_crowd	0.50	122	123	65536	62838
BulletImpactBurst_crowd	0.75	101	115	65536	62834
BulletImpactBurst_crowd	1.00	101	115	65536	62834
BulletImpactBurst_crowd	1.50	65	66	65536	62794
BulletImpactBurst_crowd	2.00	0	0	65536	62740
BulletImpactBurst_crowd	3.00	0	0	65536	62740
BulletTrail	0.15	0	0	65536	62740
BulletTrail	0.30	2	3	65536	62742
BulletTrail	0.50	12	17	65536	62752
BulletTrail	0.75	19	24	65536	62757
BulletTrail	1.00	18	25	65536	62758
BulletTrail	1.50	7	10	65536	62747
BulletTrail	2.00	0	0	65536	62740
BulletTrail	3.00	0	0	65536	62740
BulletTrail_Single	0.15	0	0	65536	62740
BulletTrail_Single	0.30	29	20	65536	62755
BulletTrail_Single	0.50	124	68	65536	62792
BulletTrail_Single	0.75	107	57	65536	62785
BulletTrail_Single	1.00	13	7	65536	62745
BulletTrail_Single	1.50	0	0	65536	62740
BulletTrail_Single	2.00	0	0	65536	62740
BulletTrail_Single	3.00	0	0	65536	62740
BulletTrail_Stormraven	0.15	0	0	65536	62740
BulletTrail_Stormraven	0.30	0	0	65536	62740
BulletTrail_Stormraven	0.50	0	0	65536	62740
BulletTrail_Stormraven	0.75	0	0	65536	62740
BulletTrail_Stormraven	1.00	0	0	65536	62740
BulletTrail_Stormraven	1.50	0	0	65536	62740
BulletTrail_Stormraven	2.00	0	0	65536	62740
BulletTrail_Stormraven	3.00	0	0	65536	62740
BulletTrail_Stormraven_Single	0.15	0	0	65536	62740
BulletTrail_Stormraven_Single	0.30	0	0	65536	62740
BulletTrail_Stormraven_Single	0.50	0	0	65536	62740
BulletTrail_Stormraven_Single	0.75	0	0	65536	62740
BulletTrail_Stormraven_Single	1.00	0	0	65536	62740
BulletTrail_Stormraven_Single	1.50	0	0	65536	62740
BulletTrail_Stormraven_Single	2.00	0	0	65536	62740
BulletTrail_Stormraven_Single	3.00	0	0	65536	62740
CamouflageEffect	0.15	900	2700	65536	64579
CamouflageEffect	0.30	900	2700	65536	64579
CamouflageEffect	0.50	900	2700	65536	64579
CamouflageEffect	0.75	900	2700	65536	64579
CamouflageEffect	1.00	900	2700	65536	64579
CamouflageEffect	1.50	900	2700	65536	64579
CamouflageEffect	2.00	900	2700	65536	64579
CamouflageEffect	3.00	900	2700	65536	64579
CamouflageEffect New	0.15	2	6	65536	62744
CamouflageEffect New	0.30	6	18	65536	62753
CamouflageEffect New	0.50	20	60	65536	62781
CamouflageEffect New	0.75	56	168	65536	62855
CamouflageEffect New	1.00	72	216	65536	62887
CamouflageEffect New	1.50	116	279	65536	62930
CamouflageEffect New	2.00	122	285	65536	62934
CamouflageEffect New	3.00	169	300	65536	62942
CantAttackEffect	0.15	953	941	65536	63395
CantAttackEffect	0.30	906	1049	65536	63446
CantAttackEffect	0.50	1386	1511	65536	63805
CantAttackEffect	0.75	1584	1677	65536	63951
CantAttackEffect	1.00	1404	1533	65536	63847
CantAttackEffect	1.50	1075	1091	65536	63485
CantAttackEffect	2.00	0	0	65536	62740
CantAttackEffect	3.00	0	0	65536	62740
Card_Buff_Hand	0.15	551	485	65536	63084
Card_Buff_Hand	0.30	874	1188	65536	63644
Card_Buff_Hand	0.50	944	1316	65536	63717
Card_Buff_Hand	0.75	1033	1202	65536	63629
Card_Buff_Hand	1.00	561	409	65536	63043
Card_Buff_Hand	1.50	108	42	65536	62768
Card_Buff_Hand	2.00	0	0	65536	62740
Card_Buff_Hand	3.00	0	0	65536	62740
Card_Buff_Hand_Ork	0.15	673	634	65536	63240
Card_Buff_Hand_Ork	0.30	783	670	65536	63237
Card_Buff_Hand_Ork	0.50	781	946	65536	63446
Card_Buff_Hand_Ork	0.75	1240	751	65532	63027
Card_Buff_Hand_Ork	1.00	922	106	65480	62327
Card_Buff_Hand_Ork	1.50	155	57	65536	62720
Card_Buff_Hand_Ork	2.00	0	0	65536	62740
Card_Buff_Hand_Ork	3.00	0	0	65536	62740
Card_Buff_Hand_SW	0.15	595	622	65536	63226
Card_Buff_Hand_SW	0.30	688	791	65536	63341
Card_Buff_Hand_SW	0.50	730	929	65536	63443
Card_Buff_Hand_SW	0.75	754	932	65536	63444
Card_Buff_Hand_SW	1.00	434	587	65536	63204
Card_Buff_Hand_SW	1.50	290	149	65536	62854
Card_Buff_Hand_SW	2.00	0	0	65536	62740
Card_Buff_Hand_SW	3.00	0	0	65536	62740
Card_Buff_Sabotage_trigger	0.15	577	370	65536	63019
Card_Buff_Sabotage_trigger	0.30	676	589	65536	63194
Card_Buff_Sabotage_trigger	0.50	776	878	65536	63414
Card_Buff_Sabotage_trigger	0.75	954	1007	65536	63502
Card_Buff_Sabotage_trigger	1.00	460	364	65536	63010
Card_Buff_Sabotage_trigger	1.50	0	0	65536	62740
Card_Buff_Sabotage_trigger	2.00	0	0	65536	62740
Card_Buff_Sabotage_trigger	3.00	0	0	65536	62740
Card_Buff_Tyranid	0.15	1411	1052	65536	63563
Card_Buff_Tyranid	0.30	1812	1319	65536	63766
Card_Buff_Tyranid	0.50	2176	1481	65536	63872
Card_Buff_Tyranid	0.75	2353	1421	65536	63795
Card_Buff_Tyranid	1.00	1872	935	65536	63417
Card_Buff_Tyranid	1.50	0	0	65536	62740
Card_Buff_Tyranid	2.00	0	0	65536	62740
Card_Buff_Tyranid	3.00	0	0	65536	62740
CardDisappear	0.15	0	0	65536	62740
CardDisappear	0.30	0	0	65536	62740
CardDisappear	0.50	0	0	65536	62740
CardDisappear	0.75	0	0	65536	62740
CardDisappear	1.00	0	0	65536	62740
CardDisappear	1.50	0	0	65536	62740
CardDisappear	2.00	0	0	65536	62740
CardDisappear	3.00	0	0	65536	62740
CardPrefab	0.15	2840	166	65510	60486
CardPrefab	0.30	2844	168	65509	60487
CardPrefab	0.50	2847	171	65509	60489
CardPrefab	0.75	2851	174	65509	60491
CardPrefab	1.00	2853	176	65509	60493
CardPrefab	1.50	2847	171	65509	60489
CardPrefab	2.00	2845	170	65509	60488
CardPrefab	3.00	2849	172	65509	60491
Chaos_Destroy_Brutal	0.15	914	879	65536	63397
Chaos_Destroy_Brutal	0.30	633	550	65536	63145
Chaos_Destroy_Brutal	0.50	35	15	65536	62750
Chaos_Destroy_Brutal	0.75	0	0	65536	62740
Chaos_Destroy_Brutal	1.00	0	0	65536	62740
Chaos_Destroy_Brutal	1.50	0	0	65536	62740
Chaos_Destroy_Brutal	2.00	0	0	65536	62740
Chaos_Destroy_Brutal	3.00	0	0	65536	62740
Chronomancer_Buff	0.15	942	723	65536	63267
Chronomancer_Buff	0.30	1436	1661	65536	63887
Chronomancer_Buff	0.50	1519	1803	65536	63988
Chronomancer_Buff	0.75	2545	3047	65536	65077
Chronomancer_Buff	1.00	2390	2720	65536	64825
Chronomancer_Buff	1.50	775	626	65536	63175
Chronomancer_Buff	2.00	0	0	65536	62740
Chronomancer_Buff	3.00	0	0	65536	62740
CodexEffect	0.15	3490	3441	65536	65247
CodexEffect	0.30	3539	4228	65536	65806
CodexEffect	0.50	3609	4717	65536	66130
CodexEffect	0.75	3629	4761	65536	66166
CodexEffect	1.00	3419	3616	65536	65398
CodexEffect	1.50	3328	2039	65536	64174
CodexEffect	2.00	141	110	65536	62831
CodexEffect	3.00	0	0	65536	62740
CodexIdleEffect	0.15	3544	3577	65536	65348
CodexIdleEffect	0.30	3491	4611	65536	66054
CodexIdleEffect	0.50	3612	4713	65536	66124
CodexIdleEffect	0.75	3561	4429	65536	65952
CodexIdleEffect	1.00	3452	2495	65536	64560
CodexIdleEffect	1.50	161	194	65536	62895
CodexIdleEffect	2.00	140	109	65536	62831
CodexIdleEffect	3.00	159	221	65536	62914
ComboEffect	0.15	1172	1164	65536	63649
ComboEffect	0.30	2296	2446	65536	64616
ComboEffect	0.50	2628	3159	65536	65141
ComboEffect	0.75	2821	3881	65536	65675
ComboEffect	1.00	2881	4193	65536	65871
ComboEffect	1.50	2563	2889	65536	64848
ComboEffect	2.00	1628	931	65536	63411
ComboEffect	3.00	0	0	65536	62740
CompanionEffect	0.15	950	1420	65536	63774
CompanionEffect	0.30	1198	1706	65536	64006
CompanionEffect	0.50	1681	2031	65536	64287
CompanionEffect	0.75	2068	1966	65536	64304
CompanionEffect	1.00	1343	970	65536	63538
CompanionEffect	1.50	0	0	65536	62740
CompanionEffect	2.00	0	0	65536	62740
CompanionEffect	3.00	0	0	65536	62740
ConcussiveEffect	0.15	455	353	65536	63038
ConcussiveEffect	0.30	3	2	65536	62742
ConcussiveEffect	0.50	5	3	65536	62742
ConcussiveEffect	0.75	8	4	65536	62743
ConcussiveEffect	1.00	0	0	65536	62740
ConcussiveEffect	1.50	0	0	65536	62740
ConcussiveEffect	2.00	0	0	65536	62740
ConcussiveEffect	3.00	0	0	65536	62740
CoordinatedEngagement	0.15	140	102	65536	62812
CoordinatedEngagement	0.30	144	127	65536	62833
CoordinatedEngagement	0.50	144	138	65536	62842
CoordinatedEngagement	0.75	144	123	65536	62832
CoordinatedEngagement	1.00	144	121	65536	62831
CoordinatedEngagement	1.50	154	125	65536	62830
CoordinatedEngagement	2.00	0	0	65536	62740
CoordinatedEngagement	3.00	0	0	65536	62740
Cosmic Serpent	0.15	422	419	65536	63074
Cosmic Serpent	0.30	897	663	65536	63230
Cosmic Serpent	0.50	293	211	65536	62905
Cosmic Serpent	0.75	395	416	65536	63054
Cosmic Serpent	1.00	461	577	65536	63171
Cosmic Serpent	1.50	529	738	65536	63285
Cosmic Serpent	2.00	563	990	65536	63471
Cosmic Serpent	3.00	529	947	65536	63442
Cosmic Serpent_Secondary	0.15	430	429	65536	63081
Cosmic Serpent_Secondary	0.30	918	682	65536	63242
Cosmic Serpent_Secondary	0.50	302	221	65536	62916
Cosmic Serpent_Secondary	0.75	388	412	65536	63053
Cosmic Serpent_Secondary	1.00	466	589	65536	63180
Cosmic Serpent_Secondary	1.50	552	782	65536	63317
Cosmic Serpent_Secondary	2.00	562	1004	65536	63482
Cosmic Serpent_Secondary	3.00	543	963	65536	63454
CreateCard	0.15	52	78	65536	62798
CreateCard	0.30	61	91	65536	62810
CreateCard	0.50	76	85	65536	62805
CreateCard	0.75	68	68	65536	62792
CreateCard	1.00	63	52	65536	62779
CreateCard	1.50	111	205	65536	62882
CreateCard	2.00	60	172	65536	62858
CreateCard	3.00	0	0	65536	62740
CreateCard BlackLegion	0.15	46	67	65536	62792
CreateCard BlackLegion	0.30	61	74	65536	62797
CreateCard BlackLegion	0.50	75	71	65536	62793
CreateCard BlackLegion	0.75	66	53	65536	62780
CreateCard BlackLegion	1.00	60	42	65536	62771
CreateCard BlackLegion	1.50	96	186	65536	62867
CreateCard BlackLegion	2.00	57	169	65536	62856
CreateCard BlackLegion	3.00	0	0	65536	62740
CreateCard DA	0.15	12	2	65536	62737
CreateCard DA	0.30	16	4	65535	62739
CreateCard DA	0.50	60	22	65536	62748
CreateCard DA	0.75	77	36	65536	62762
CreateCard DA	1.00	85	40	65534	62761
CreateCard DA	1.50	113	70	65533	62787
CreateCard DA	2.00	83	161	65536	62852
CreateCard DA	3.00	27	13	65536	62750
CreateCard EC	0.15	329	353	65536	63009
CreateCard EC	0.30	405	390	65536	63029
CreateCard EC	0.50	435	596	65536	63168
CreateCard EC	0.75	209	444	65536	63041
CreateCard EC	1.00	502	621	65536	63170
CreateCard EC	1.50	162	85	65536	62805
CreateCard EC	2.00	124	55	65536	62779
CreateCard EC	3.00	0	0	65536	62740
CreateCard EC Elixir	0.15	311	311	65536	62962
CreateCard EC Elixir	0.30	418	434	65536	63048
CreateCard EC Elixir	0.50	443	453	65536	63072
CreateCard EC Elixir	0.75	365	483	65536	63068
CreateCard EC Elixir	1.00	474	600	65536	63164
CreateCard EC Elixir	1.50	211	197	65536	62888
CreateCard EC Elixir	2.00	39	16	65536	62752
CreateCard EC Elixir	3.00	0	0	65536	62740
CreateCard Gold	0.15	53	102	65536	62816
CreateCard Gold	0.30	65	117	65536	62828
CreateCard Gold	0.50	77	115	65536	62830
CreateCard Gold	0.75	82	112	65536	62828
CreateCard Gold	1.00	84	107	65536	62823
CreateCard Gold	1.50	132	265	65536	62931
CreateCard Gold	2.00	58	170	65536	62856
CreateCard Gold	3.00	0	0	65536	62740
CreateCard GSC	0.15	213	222	65536	62919
CreateCard GSC	0.30	451	523	65536	63149
CreateCard GSC	0.50	526	499	65536	63136
CreateCard GSC	0.75	9	6	65536	62745
CreateCard GSC	1.00	285	544	65536	63124
CreateCard GSC	1.50	14	10	65536	62748
CreateCard GSC	2.00	1	1	65536	62741
CreateCard GSC	3.00	0	0	65536	62740
CreateCard GSC 5x	0.15	92	113	65536	62831
CreateCard GSC 5x	0.30	283	327	65536	62998
CreateCard GSC 5x	0.50	445	537	65536	63159
CreateCard GSC 5x	0.75	446	557	65536	63175
CreateCard GSC 5x	1.00	636	780	65536	63306
CreateCard GSC 5x	1.50	371	859	65536	63288
CreateCard GSC 5x	2.00	1183	1767	65536	63933
CreateCard GSC 5x	3.00	35	22	65536	62757
CreateCard Necron	0.15	181	188	65536	62892
CreateCard Necron	0.30	357	409	65536	63061
CreateCard Necron	0.50	542	444	65536	63078
CreateCard Necron	0.75	480	252	65536	62934
CreateCard Necron	1.00	438	619	65536	63180
CreateCard Necron	1.50	373	191	65536	62887
CreateCard Necron	2.00	63	27	65536	62761
CreateCard Necron	3.00	0	0	65536	62740
CreateCard Orks	0.15	161	120	65536	62828
CreateCard Orks	0.30	438	254	65536	62925
CreateCard Orks	0.50	439	255	65536	62933
CreateCard Orks	0.75	371	176	65536	62866
CreateCard Orks	1.00	400	408	65536	63040
CreateCard Orks	1.50	300	144	65536	62842
CreateCard Orks	2.00	160	75	65536	62795
CreateCard Orks	3.00	0	0	65536	62740
CreateCard Orks 1	0.15	169	133	65536	62839
CreateCard Orks 1	0.30	378	254	65536	62925
CreateCard Orks 1	0.50	452	272	65536	62943
CreateCard Orks 1	0.75	483	221	65536	62896
CreateCard Orks 1	1.00	436	492	65536	63089
CreateCard Orks 1	1.50	407	191	65536	62873
CreateCard Orks 1	2.00	192	89	65536	62804
CreateCard Orks 1	3.00	0	0	65536	62740
CreateCard Sabotage	0.15	0	0	65536	62739
CreateCard Sabotage	0.30	13	2	65536	62734
CreateCard Sabotage	0.50	35	5	65536	62726
CreateCard Sabotage	0.75	71	173	65536	62858
CreateCard Sabotage	1.00	79	174	65536	62864
CreateCard Sabotage	1.50	26	13	65536	62746
CreateCard Sabotage	2.00	3	1	65536	62741
CreateCard Sabotage	3.00	0	0	65536	62740
CreateCard_Tau	0.15	0	0	65536	62740
CreateCard_Tau	0.30	0	0	65536	62740
CreateCard_Tau	0.50	64	109	65536	62814
CreateCard_Tau	0.75	64	192	65536	62871
CreateCard_Tau	1.00	64	192	65536	62871
CreateCard_Tau	1.50	174	220	65536	62883
CreateCard_Tau	2.00	1	1	65536	62741
CreateCard_Tau	3.00	0	0	65536	62740
CrueltyEffect	0.15	16	10	65536	62747
CrueltyEffect	0.30	21	11	65536	62745
CrueltyEffect	0.50	32	15	65536	62744
CrueltyEffect	0.75	40	17	65536	62743
CrueltyEffect	1.00	35	13	65536	62745
CrueltyEffect	1.50	0	0	65536	62740
CrueltyEffect	2.00	0	0	65536	62740
CrueltyEffect	3.00	0	0	65536	62740
Cryptek_Stun	0.15	428	267	65536	62876
Cryptek_Stun	0.30	479	405	65536	62998
Cryptek_Stun	0.50	523	424	65536	63012
Cryptek_Stun	0.75	521	421	65536	63010
Cryptek_Stun	1.00	398	308	65536	62959
Cryptek_Stun	1.50	0	0	65536	62740
Cryptek_Stun	2.00	0	0	65536	62740
Cryptek_Stun	3.00	0	0	65536	62740
Cut Axe SW	0.15	115	147	65536	62855
Cut Axe SW	0.30	392	366	65536	63017
Cut Axe SW	0.50	0	0	65536	62740
Cut Axe SW	0.75	0	0	65536	62740
Cut Axe SW	1.00	0	0	65536	62740
Cut Axe SW	1.50	0	0	65536	62740
Cut Axe SW	2.00	0	0	65536	62740
Cut Axe SW	3.00	0	0	65536	62740
Cut EC	0.15	61	76	65536	62803
Cut EC	0.30	64	73	65536	62800
Cut EC	0.50	0	0	65536	62740
Cut EC	0.75	0	0	65536	62740
Cut EC	1.00	0	0	65536	62740
Cut EC	1.50	0	0	65536	62740
Cut EC	2.00	0	0	65536	62740
Cut EC	3.00	0	0	65536	62740
Cut EC 3x	0.15	70	80	65536	62803
Cut EC 3x	0.30	95	122	65536	62836
Cut EC 3x	0.50	73	80	65536	62803
Cut EC 3x	0.75	0	0	65536	62740
Cut EC 3x	1.00	0	0	65536	62740
Cut EC 3x	1.50	0	0	65536	62740
Cut EC 3x	2.00	0	0	65536	62740
Cut EC 3x	3.00	0	0	65536	62740
Cut EC Reverse	0.15	63	67	65536	62794
Cut EC Reverse	0.30	0	0	65536	62740
Cut EC Reverse	0.50	0	0	65536	62740
Cut EC Reverse	0.75	0	0	65536	62740
Cut EC Reverse	1.00	0	0	65536	62740
Cut EC Reverse	1.50	0	0	65536	62740
Cut EC Reverse	2.00	0	0	65536	62740
Cut EC Reverse	3.00	0	0	65536	62740
Cut EC sword 7x warlord	0.15	65	65	65536	62792
Cut EC sword 7x warlord	0.30	66	66	65536	62793
Cut EC sword 7x warlord	0.50	61	71	65536	62797
Cut EC sword 7x warlord	0.75	68	66	65536	62793
Cut EC sword 7x warlord	1.00	0	0	65536	62740
Cut EC sword 7x warlord	1.50	103	107	65536	62828
Cut EC sword 7x warlord	2.00	0	0	65536	62740
Cut EC sword 7x warlord	3.00	0	0	65536	62740
Cut Termie Lightning Claws	0.15	1822	1673	65536	64041
Cut Termie Lightning Claws	0.30	7	2	65536	62743
Cut Termie Lightning Claws	0.50	28	11	65536	62750
Cut Termie Lightning Claws	0.75	238	155	65536	62864
Cut Termie Lightning Claws	1.00	77	29	65536	62762
Cut Termie Lightning Claws	1.50	18	6	65536	62749
Cut Termie Lightning Claws	2.00	20	7	65536	62751
Cut Termie Lightning Claws	3.00	0	0	65536	62741
Cut Wulfen SW	0.15	202	275	65536	62959
Cut Wulfen SW	0.30	0	0	65536	62740
Cut Wulfen SW	0.50	0	0	65536	62740
Cut Wulfen SW	0.75	0	0	65536	62740
Cut Wulfen SW	1.00	0	0	65536	62740
Cut Wulfen SW	1.50	0	0	65536	62740
Cut Wulfen SW	2.00	0	0	65536	62740
Cut Wulfen SW	3.00	0	0	65536	62740
Cut Wulfen SW Double	0.15	196	309	65536	62983
Cut Wulfen SW Double	0.30	0	0	65536	62740
Cut Wulfen SW Double	0.50	188	257	65536	62947
Cut Wulfen SW Double	0.75	0	0	65536	62740
Cut Wulfen SW Double	1.00	0	0	65536	62740
Cut Wulfen SW Double	1.50	0	0	65536	62740
Cut Wulfen SW Double	2.00	0	0	65536	62740
Cut Wulfen SW Double	3.00	0	0	65536	62740
Cut Wulfen SW Reverse	0.15	201	274	65536	62958
Cut Wulfen SW Reverse	0.30	0	0	65536	62740
Cut Wulfen SW Reverse	0.50	0	0	65536	62740
Cut Wulfen SW Reverse	0.75	0	0	65536	62740
Cut Wulfen SW Reverse	1.00	0	0	65536	62740
Cut Wulfen SW Reverse	1.50	0	0	65536	62740
Cut Wulfen SW Reverse	2.00	0	0	65536	62740
Cut Wulfen SW Reverse	3.00	0	0	65536	62740
Cuts Brutal	0.15	226	232	65536	62923
Cuts Brutal	0.30	303	311	65536	62985
Cuts Brutal	0.50	303	314	65536	62985
Cuts Brutal	0.75	334	333	65536	62995
Cuts Brutal	1.00	239	251	65536	62931
Cuts Brutal	1.50	4	1	65536	62742
Cuts Brutal	2.00	0	0	65536	62741
Cuts Brutal	3.00	0	0	65536	62740
Cuts Brutal_Warp Spider	0.15	43	53	65536	62785
Cuts Brutal_Warp Spider	0.30	117	128	65536	62846
Cuts Brutal_Warp Spider	0.50	268	270	65536	62959
Cuts Brutal_Warp Spider	0.75	305	310	65536	62989
Cuts Brutal_Warp Spider	1.00	359	353	65536	63023
Cuts Brutal_Warp Spider	1.50	299	257	65536	62946
Cuts Brutal_Warp Spider	2.00	33	26	65536	62761
Cuts Brutal_Warp Spider	3.00	0	0	65536	62740
DaIrongobEffect	0.15	530	195	65536	62840
DaIrongobEffect	0.30	957	403	65536	62921
DaIrongobEffect	0.50	1248	610	65536	63074
DaIrongobEffect	0.75	1349	645	65536	63101
DaIrongobEffect	1.00	1124	648	65536	63175
DaIrongobEffect	1.50	673	403	65536	63019
DaIrongobEffect	2.00	0	0	65536	62740
DaIrongobEffect	3.00	0	0	65536	62740
Death Cult Strike	0.15	167	166	65536	62871
Death Cult Strike	0.30	144	129	65536	62838
Death Cult Strike	0.50	0	0	65536	62740
Death Cult Strike	0.75	0	0	65536	62740
Death Cult Strike	1.00	0	0	65536	62740
Death Cult Strike	1.50	0	0	65536	62740
Death Cult Strike	2.00	0	0	65536	62740
Death Cult Strike	3.00	0	0	65536	62740
Deathspinner Cut Effect	0.15	0	0	65536	62740
Deathspinner Cut Effect	0.30	327	273	65536	62966
Deathspinner Cut Effect	0.50	1356	1431	65536	63912
Deathspinner Cut Effect	0.75	2337	2434	65536	64735
Deathspinner Cut Effect	1.00	2438	2347	65536	64657
Deathspinner Cut Effect	1.50	2287	1791	65536	64152
Deathspinner Cut Effect	2.00	1870	977	65536	63409
Deathspinner Cut Effect	3.00	0	0	65536	62740
Debuff EC	0.15	174	97	65536	62814
Debuff EC	0.30	395	236	65536	62922
Debuff EC	0.50	615	382	65536	63029
Debuff EC	0.75	497	260	65536	62900
Debuff EC	1.00	489	360	65536	62942
Debuff EC	1.50	674	505	65536	63110
Debuff EC	2.00	718	432	65536	63062
Debuff EC	3.00	0	0	65536	62740
Debuff_Mana_Tyranid	0.15	638	141	65536	62607
Debuff_Mana_Tyranid	0.30	1324	293	65536	62456
Debuff_Mana_Tyranid	0.50	2175	478	65536	62274
Debuff_Mana_Tyranid	0.75	3548	906	65536	62200
Debuff_Mana_Tyranid	1.00	2058	450	65536	62296
Debuff_Mana_Tyranid	1.50	80	21	65536	62717
Debuff_Mana_Tyranid	2.00	29	8	65536	62734
Debuff_Mana_Tyranid	3.00	0	0	65536	62740
DeckBuff Grey	0.15	3658	3686	65536	65734
DeckBuff Grey	0.30	3944	4110	65536	66059
DeckBuff Grey	0.50	4179	4443	65536	66313
DeckBuff Grey	0.75	4318	4412	65536	66319
DeckBuff Grey	1.00	996	776	65536	63391
DeckBuff Grey	1.50	0	0	65536	62740
DeckBuff Grey	2.00	0	0	65536	62740
DeckBuff Grey	3.00	0	0	65536	62740
DeckBuff_BlackLegion	0.15	1040	315	65536	62717
DeckBuff_BlackLegion	0.30	1239	533	65536	62915
DeckBuff_BlackLegion	0.50	1007	304	65536	62759
DeckBuff_BlackLegion	0.75	294	91	65536	62743
DeckBuff_BlackLegion	1.00	131	33	65536	62731
DeckBuff_BlackLegion	1.50	0	0	65536	62740
DeckBuff_BlackLegion	2.00	0	0	65536	62740
DeckBuff_BlackLegion	3.00	0	0	65536	62740
DeckBuff_Green	0.15	3869	2049	65536	63371
DeckBuff_Green	0.30	4248	2310	65536	63503
DeckBuff_Green	0.50	4469	2477	65536	63575
DeckBuff_Green	0.75	4477	2423	65536	63759
DeckBuff_Green	1.00	892	451	65536	63022
DeckBuff_Green	1.50	0	0	65536	62740
DeckBuff_Green	2.00	0	0	65536	62740
DeckBuff_Green	3.00	0	0	65536	62740
DeckBuff_Green 2	0.15	2130	1855	65536	64233
DeckBuff_Green 2	0.30	2516	2474	65536	64703
DeckBuff_Green 2	0.50	3363	3553	65536	65444
DeckBuff_Green 2	0.75	2684	2556	65536	64555
DeckBuff_Green 2	1.00	4023	3564	65536	65099
DeckBuff_Green 2	1.50	2971	2105	65536	64138
DeckBuff_Green 2	2.00	2342	1242	65536	63550
DeckBuff_Green 2	3.00	0	0	65536	62740
DeckBuff_GSC	0.15	1996	1296	65536	63600
DeckBuff_GSC	0.30	1885	1886	65536	64169
DeckBuff_GSC	0.50	2663	2648	65536	64804
DeckBuff_GSC	0.75	2125	1698	65536	64065
DeckBuff_GSC	1.00	2558	1815	65536	64223
DeckBuff_GSC	1.50	0	0	65536	62740
DeckBuff_GSC	2.00	0	0	65536	62740
DeckBuff_GSC	3.00	0	0	65536	62740
DeckBuff_MoveToTop	0.15	3647	2537	65536	64707
DeckBuff_MoveToTop	0.30	3904	2797	65536	64897
DeckBuff_MoveToTop	0.50	4237	3016	65536	65061
DeckBuff_MoveToTop	0.75	4119	2804	65536	64882
DeckBuff_MoveToTop	1.00	742	317	65536	62922
DeckBuff_MoveToTop	1.50	0	0	65536	62740
DeckBuff_MoveToTop	2.00	0	0	65536	62740
DeckBuff_MoveToTop	3.00	0	0	65536	62740
DeckBuff_Orks	0.15	556	229	65536	62749
DeckBuff_Orks	0.30	1074	721	65536	63127
DeckBuff_Orks	0.50	1067	835	65536	63255
DeckBuff_Orks	0.75	669	426	65536	63018
DeckBuff_Orks	1.00	527	256	65536	62925
DeckBuff_Orks	1.50	93	33	65536	62772
DeckBuff_Orks	2.00	0	0	65536	62740
DeckBuff_Orks	3.00	0	0	65536	62740
DeckBuff_SW	0.15	4539	6004	65536	67300
DeckBuff_SW	0.30	4773	6270	65536	67520
DeckBuff_SW	0.50	5020	6595	65536	67747
DeckBuff_SW	0.75	5056	6705	65536	67874
DeckBuff_SW	1.00	4983	6070	65536	67433
DeckBuff_SW	1.50	304	687	65536	63240
DeckBuff_SW	2.00	162	371	65536	63011
DeckBuff_SW	3.00	0	0	65536	62740
DeckBuff_Tau	0.15	1125	580	65536	63182
DeckBuff_Tau	0.30	1754	1438	65536	63870
DeckBuff_Tau	0.50	2238	2077	65536	64340
DeckBuff_Tau	0.75	2384	2387	65536	64542
DeckBuff_Tau	1.00	2722	2826	65536	64869
DeckBuff_Tau	1.50	1979	1269	65536	63656
DeckBuff_Tau	2.00	0	0	65536	62740
DeckBuff_Tau	3.00	0	0	65536	62740
DeckBuff1	0.15	3868	3614	65536	65300
DeckBuff1	0.30	4192	4001	65536	65559
DeckBuff1	0.50	4488	4319	65536	65775
DeckBuff1	0.75	4620	4329	65536	65793
DeckBuff1	1.00	1048	751	65536	63293
DeckBuff1	1.50	0	0	65536	62740
DeckBuff1	2.00	0	0	65536	62740
DeckBuff1	3.00	0	0	65536	62740
Default Tap Floor	0.15	251	178	65536	62890
Default Tap Floor	0.30	474	345	65536	63033
Default Tap Floor	0.50	535	286	65536	62967
Default Tap Floor	0.75	341	182	65536	62886
Default Tap Floor	1.00	11	12	65536	62751
Default Tap Floor	1.50	0	0	65536	62740
Default Tap Floor	2.00	0	0	65536	62740
Default Tap Floor	3.00	0	0	65536	62740
Delightful Agonies Launch Projectile	0.15	355	357	65536	63030
Delightful Agonies Launch Projectile	0.30	680	637	65536	63272
Delightful Agonies Launch Projectile	0.50	946	721	65536	63321
Delightful Agonies Launch Projectile	0.75	2486	1797	65536	64075
Delightful Agonies Launch Projectile	1.00	933	661	65536	63221
Delightful Agonies Launch Projectile	1.50	0	0	65536	62739
Delightful Agonies Launch Projectile	2.00	0	0	65536	62740
Delightful Agonies Launch Projectile	3.00	0	0	65536	62740
Delightful_Agonies_Projectile	0.15	194	238	65536	62926
Delightful_Agonies_Projectile	0.30	388	452	65536	63087
Delightful_Agonies_Projectile	0.50	582	684	65536	63252
Delightful_Agonies_Projectile	0.75	796	1126	65536	63529
Delightful_Agonies_Projectile	1.00	878	1345	65536	63680
Delightful_Agonies_Projectile	1.50	1165	941	65536	63430
Delightful_Agonies_Projectile	2.00	0	0	65536	62739
Delightful_Agonies_Projectile	3.00	0	0	65536	62740
Duty Reset	0.15	218	332	65536	63014
Duty Reset	0.30	588	1449	65536	63777
Duty Reset	0.50	549	1340	65536	63698
Duty Reset	0.75	392	1091	65536	63494
Duty Reset	1.00	400	1026	65536	63477
Duty Reset	1.50	0	0	65536	62740
Duty Reset	2.00	0	0	65536	62740
Duty Reset	3.00	0	0	65536	62740
DutyEffect	0.15	0	0	65536	62740
DutyEffect	0.30	552	1604	65536	63845
DutyEffect	0.50	462	1386	65536	63684
DutyEffect	0.75	462	1386	65536	63684
DutyEffect	1.00	506	1298	65536	63673
DutyEffect	1.50	0	0	65536	62740
DutyEffect	2.00	0	0	65536	62740
DutyEffect	3.00	0	0	65536	62740
EarthCrack_Single	0.15	20	7	65536	62745
EarthCrack_Single	0.30	146	71	65536	62795
EarthCrack_Single	0.50	377	195	65536	62895
EarthCrack_Single	0.75	715	387	65536	63052
EarthCrack_Single	1.00	1163	667	65536	63282
EarthCrack_Single	1.50	1291	706	65536	63321
EarthCrack_Single	2.00	1335	746	65536	63344
EarthCrack_Single	3.00	130	45	65536	62790
Earthquake Rockfall Board	0.15	26	0	65536	62717
Earthquake Rockfall Board	0.30	102	1	65536	62650
Earthquake Rockfall Board	0.50	88	0	65536	62662
Earthquake Rockfall Board	0.75	59	0	65536	62687
Earthquake Rockfall Board	1.00	50	0	65536	62696
Earthquake Rockfall Board	1.50	53	0	65536	62692
Earthquake Rockfall Board	2.00	131	1	65536	62623
Earthquake Rockfall Board	3.00	6	0	65536	62735
Earthquake Rockfall Target	0.15	88	1	65536	62665
Earthquake Rockfall Target	0.30	91	1	65536	62660
Earthquake Rockfall Target	0.50	104	0	65536	62646
Earthquake Rockfall Target	0.75	124	2	65536	62639
Earthquake Rockfall Target	1.00	50	0	65536	62695
Earthquake Rockfall Target	1.50	0	0	65536	62740
Earthquake Rockfall Target	2.00	0	0	65536	62740
Earthquake Rockfall Target	3.00	0	0	65536	62740
EC Heldrake Attack	0.15	12	18	65536	62755
EC Heldrake Attack	0.30	24	29	65536	62763
EC Heldrake Attack	0.50	39	60	65536	62787
EC Heldrake Attack	0.75	46	67	65536	62792
EC Heldrake Attack	1.00	39	59	65536	62786
EC Heldrake Attack	1.50	43	66	65536	62792
EC Heldrake Attack	2.00	46	78	65536	62799
EC Heldrake Attack	3.00	0	0	65536	62740
EC Heldrake Rally	0.15	0	0	65536	62739
EC Heldrake Rally	0.30	0	0	65536	62739
EC Heldrake Rally	0.50	0	0	65536	62739
EC Heldrake Rally	0.75	8	1	65536	62738
EC Heldrake Rally	1.00	7	1	65536	62738
EC Heldrake Rally	1.50	0	0	65536	62738
EC Heldrake Rally	2.00	0	0	65536	62737
EC Heldrake Rally	3.00	0	0	65536	62740
EC Sword Cut Board DMC Style	0.15	0	0	65536	62740
EC Sword Cut Board DMC Style	0.30	26	26	65536	62763
EC Sword Cut Board DMC Style	0.50	20	23	65536	62759
EC Sword Cut Board DMC Style	0.75	89	118	65536	62838
EC Sword Cut Board DMC Style	1.00	103	144	65536	62859
EC Sword Cut Board DMC Style	1.50	162	225	65536	62926
EC Sword Cut Board DMC Style	2.00	151	201	65536	62907
EC Sword Cut Board DMC Style	3.00	164	203	65536	62910
EC Target	0.15	78	83	65536	62806
EC Target	0.30	326	245	65536	62928
EC Target	0.50	707	641	65536	63223
EC Target	0.75	64	24	65536	62762
EC Target	1.00	0	0	65536	62740
EC Target	1.50	0	0	65536	62740
EC Target	2.00	0	0	65536	62740
EC Target	3.00	0	0	65536	62740
EC_Sonic Shock	0.15	0	0	65536	62740
EC_Sonic Shock	0.30	34	47	65536	62774
EC_Sonic Shock	0.50	640	758	65536	63346
EC_Sonic Shock	0.75	15	7	65536	62741
EC_Sonic Shock	1.00	37	33	65536	62766
EC_Sonic Shock	1.50	731	457	65536	63102
EC_Sonic Shock	2.00	105	52	65536	62779
EC_Sonic Shock	3.00	0	0	65536	62740
EC_Sonic Stomp	0.15	0	0	65536	62774
EC_Sonic Stomp	0.30	239	286	65536	62973
EC_Sonic Stomp	0.50	1001	1008	65536	63547
EC_Sonic Stomp	0.75	1077	892	65536	63469
EC_Sonic Stomp	1.00	743	519	65536	63162
EC_Sonic Stomp	1.50	491	270	65536	62945
EC_Sonic Stomp	2.00	29	17	65536	62747
EC_Sonic Stomp	3.00	0	0	65536	62740
EC_Target_user	0.15	82	59	65536	62787
EC_Target_user	0.30	179	161	65536	62876
EC_Target_user	0.50	185	187	65536	62890
EC_Target_user	0.75	229	203	65536	62900
EC_Target_user	1.00	194	159	65536	62862
EC_Target_user	1.50	196	247	65536	62931
EC_Target_user	2.00	210	157	65536	62863
EC_Target_user	3.00	0	0	65536	62740
EC_Target_user Lucius	0.15	151	98	65536	62820
EC_Target_user Lucius	0.30	144	139	65536	62856
EC_Target_user Lucius	0.50	230	236	65536	62933
EC_Target_user Lucius	0.75	223	188	65536	62887
EC_Target_user Lucius	1.00	227	185	65536	62883
EC_Target_user Lucius	1.50	200	244	65536	62929
EC_Target_user Lucius	2.00	152	123	65536	62838
EC_Target_user Lucius	3.00	0	0	65536	62740
EcstasyEffect	0.15	197	255	65536	62941
EcstasyEffect	0.30	285	342	65536	63007
EcstasyEffect	0.50	270	314	65536	62984
EcstasyEffect	0.75	166	146	65536	62848
EcstasyEffect	1.00	20	11	65536	62748
EcstasyEffect	1.50	0	0	65536	62740
EcstasyEffect	2.00	0	0	65536	62740
EcstasyEffect	3.00	0	0	65536	62740
Emperors Children Generic Buff	0.15	588	331	65536	63005
Emperors Children Generic Buff	0.30	1045	944	65536	63512
Emperors Children Generic Buff	0.50	1379	1451	65536	63905
Emperors Children Generic Buff	0.75	1525	1589	65536	64016
Emperors Children Generic Buff	1.00	1547	1605	65536	64025
Emperors Children Generic Buff	1.50	543	388	65536	63040
Emperors Children Generic Buff	2.00	139	73	65536	62794
Emperors Children Generic Buff	3.00	0	0	65536	62740
Emperors Children Generic Buff Record	0.15	588	350	65536	63020
Emperors Children Generic Buff Record	0.30	1019	914	65536	63486
Emperors Children Generic Buff Record	0.50	1376	1426	65536	63887
Emperors Children Generic Buff Record	0.75	1531	1572	65536	64002
Emperors Children Generic Buff Record	1.00	1507	1532	65536	63963
Emperors Children Generic Buff Record	1.50	548	391	65536	63030
Emperors Children Generic Buff Record	2.00	237	125	65536	62833
Emperors Children Generic Buff Record	3.00	0	0	65536	62740
Emperors Children Scenario Bombardment	0.15	3	1	65536	62741
Emperors Children Scenario Bombardment	0.30	11	7	65536	62746
Emperors Children Scenario Bombardment	0.50	25	15	65536	62752
Emperors Children Scenario Bombardment	0.75	49	28	65536	62763
Emperors Children Scenario Bombardment	1.00	84	49	65536	62779
Emperors Children Scenario Bombardment	1.50	133	76	65536	62801
Emperors Children Scenario Bombardment	2.00	212	120	65536	62834
Emperors Children Scenario Bombardment	3.00	284	158	65536	62863
Emperors Children Summon	0.15	0	0	65536	62740
Emperors Children Summon	0.30	0	0	65536	62738
Emperors Children Summon	0.50	5	1	65536	62736
Emperors Children Summon	0.75	0	0	65536	62740
Emperors Children Summon	1.00	0	0	65536	62740
Emperors Children Summon	1.50	0	0	65536	62740
Emperors Children Summon	2.00	0	0	65536	62740
Emperors Children Summon	3.00	0	0	65536	62740
Environmental Condition Astra Militarum Dawn Attack	0.15	10950	23973	65536	80578
Environmental Condition Astra Militarum Dawn Attack	0.30	10950	23973	65536	80578
Environmental Condition Astra Militarum Dawn Attack	0.50	10950	23973	65536	80578
Environmental Condition Astra Militarum Dawn Attack	0.75	10950	23973	65536	80578
Environmental Condition Astra Militarum Dawn Attack	1.00	10950	23973	65536	80578
Environmental Condition Astra Militarum Dawn Attack	1.50	10950	23974	65536	80579
Environmental Condition Astra Militarum Dawn Attack	2.00	10950	23974	65536	80579
Environmental Condition Astra Militarum Dawn Attack	3.00	10950	23974	65536	80579
Environmental Condition Astra Militarum Factory Overdrive	0.15	44	19	65536	62756
Environmental Condition Astra Militarum Factory Overdrive	0.30	70	30	65536	62765
Environmental Condition Astra Militarum Factory Overdrive	0.50	71	35	65536	62768
Environmental Condition Astra Militarum Factory Overdrive	0.75	162	84	65536	62805
Environmental Condition Astra Militarum Factory Overdrive	1.00	90	54	65536	62786
Environmental Condition Astra Militarum Factory Overdrive	1.50	161	92	65536	62812
Environmental Condition Astra Militarum Factory Overdrive	2.00	160	92	65536	62811
Environmental Condition Astra Militarum Factory Overdrive	3.00	361	208	65536	62903
Environmental Condition Astra Militarum Planetary Invasion	0.15	275	165	65536	62877
Environmental Condition Astra Militarum Planetary Invasion	0.30	91	93	65536	62818
Environmental Condition Astra Militarum Planetary Invasion	0.50	349	272	65536	62957
Environmental Condition Astra Militarum Planetary Invasion	0.75	183	221	65536	62927
Environmental Condition Astra Militarum Planetary Invasion	1.00	588	435	65536	63087
Environmental Condition Astra Militarum Planetary Invasion	1.50	626	494	65536	63139
Environmental Condition Astra Militarum Planetary Invasion	2.00	507	441	65536	63103
Environmental Condition Astra Militarum Planetary Invasion	3.00	700	511	65536	63148
Environmental Condition Black Legion Daemonic Feast	0.15	0	0	65536	62740
Environmental Condition Black Legion Daemonic Feast	0.30	1	0	65536	62741
Environmental Condition Black Legion Daemonic Feast	0.50	7	2	65536	62742
Environmental Condition Black Legion Daemonic Feast	0.75	5	2	65536	62743
Environmental Condition Black Legion Daemonic Feast	1.00	12	5	65536	62744
Environmental Condition Black Legion Daemonic Feast	1.50	12	5	65536	62744
Environmental Condition Black Legion Daemonic Feast	2.00	21	10	65536	62745
Environmental Condition Black Legion Daemonic Feast	3.00	93	24	65536	62732
Environmental Condition Black Legion Helfire Outburst	0.15	19	10	65536	62748
Environmental Condition Black Legion Helfire Outburst	0.30	50	23	65536	62748
Environmental Condition Black Legion Helfire Outburst	0.50	218	71	65536	62736
Environmental Condition Black Legion Helfire Outburst	0.75	397	140	65536	62746
Environmental Condition Black Legion Helfire Outburst	1.00	494	194	65536	62773
Environmental Condition Black Legion Helfire Outburst	1.50	600	210	65536	62738
Environmental Condition Black Legion Helfire Outburst	2.00	639	206	65536	62717
Environmental Condition Black Legion Helfire Outburst	3.00	796	378	65536	62870
Environmental Condition Black Legion Warp Storm	0.15	1582	719	65536	63261
Environmental Condition Black Legion Warp Storm	0.30	2202	1188	65536	63596
Environmental Condition Black Legion Warp Storm	0.50	2285	1159	65536	63428
Environmental Condition Black Legion Warp Storm	0.75	2673	1656	65536	63602
Environmental Condition Black Legion Warp Storm	1.00	2705	1242	65536	62804
Environmental Condition Black Legion Warp Storm	1.50	2970	1494	65531	63017
Environmental Condition Black Legion Warp Storm	2.00	3110	2015	65532	63655
Environmental Condition Black Legion Warp Storm	3.00	3310	3037	65536	64776
Environmental Condition Dark Angels Asteroid Zone	0.15	11095	10731	65536	71645
Environmental Condition Dark Angels Asteroid Zone	0.30	11095	10720	65536	71635
Environmental Condition Dark Angels Asteroid Zone	0.50	11093	10707	65536	71624
Environmental Condition Dark Angels Asteroid Zone	0.75	11092	10697	65536	71616
Environmental Condition Dark Angels Asteroid Zone	1.00	11093	10686	65536	71606
Environmental Condition Dark Angels Asteroid Zone	1.50	11093	10675	65536	71598
Environmental Condition Dark Angels Asteroid Zone	2.00	11090	10665	65536	71590
Environmental Condition Dark Angels Asteroid Zone	3.00	11093	10658	65536	71583
Environmental Condition Dark Angels Orbiting	0.15	4097	5282	65536	67138
Environmental Condition Dark Angels Orbiting	0.30	4188	5522	65536	67310
Environmental Condition Dark Angels Orbiting	0.50	4267	5774	65536	67483
Environmental Condition Dark Angels Orbiting	0.75	5871	6946	65536	68300
Environmental Condition Dark Angels Orbiting	1.00	4350	6268	65536	67789
Environmental Condition Dark Angels Orbiting	1.50	5637	7520	65536	68626
Environmental Condition Dark Angels Orbiting	2.00	5857	7890	65536	68852
Environmental Condition Dark Angels Orbiting	3.00	6240	8431	65536	69246
Environmental Condition Dark Angels Void Combat	0.15	11671	8387	65536	68915
Environmental Condition Dark Angels Void Combat	0.30	11674	8393	65536	68920
Environmental Condition Dark Angels Void Combat	0.50	11675	8401	65536	68925
Environmental Condition Dark Angels Void Combat	0.75	11673	8396	65536	68922
Environmental Condition Dark Angels Void Combat	1.00	11672	8395	65536	68923
Environmental Condition Dark Angels Void Combat	1.50	11670	8401	65536	68928
Environmental Condition Dark Angels Void Combat	2.00	11671	8399	65536	68925
Environmental Condition Dark Angels Void Combat	3.00	11672	8401	65536	68926
Environmental Condition Emperor's Children 1 Green	0.15	406	294	65536	62968
Environmental Condition Emperor's Children 1 Green	0.30	877	530	65536	63132
Environmental Condition Emperor's Children 1 Green	0.50	1263	602	65536	63135
Environmental Condition Emperor's Children 1 Green	0.75	379	262	65536	62939
Environmental Condition Emperor's Children 1 Green	1.00	676	379	65536	63003
Environmental Condition Emperor's Children 1 Green	1.50	391	279	65536	62959
Environmental Condition Emperor's Children 1 Green	2.00	401	260	65536	62937
Environmental Condition Emperor's Children 1 Green	3.00	75	38	65536	62769
Environmental Condition Emperor's Children 1 Pink REJECTED	0.15	338	277	65536	62968
Environmental Condition Emperor's Children 1 Pink REJECTED	0.30	860	623	65536	63244
Environmental Condition Emperor's Children 1 Pink REJECTED	0.50	1260	661	65536	63214
Environmental Condition Emperor's Children 1 Pink REJECTED	0.75	382	302	65536	62984
Environmental Condition Emperor's Children 1 Pink REJECTED	1.00	614	379	65536	63017
Environmental Condition Emperor's Children 1 Pink REJECTED	1.50	320	266	65536	62973
Environmental Condition Emperor's Children 1 Pink REJECTED	2.00	419	284	65536	62966
Environmental Condition Emperor's Children 1 Pink REJECTED	3.00	71	37	65536	62770
Environmental Condition Emperor's Children 2 Fumes	0.15	849	578	65536	63211
Environmental Condition Emperor's Children 2 Fumes	0.30	976	632	65536	63252
Environmental Condition Emperor's Children 2 Fumes	0.50	1069	676	65536	63279
Environmental Condition Emperor's Children 2 Fumes	0.75	1153	803	65536	63396
Environmental Condition Emperor's Children 2 Fumes	1.00	1129	740	65536	63339
Environmental Condition Emperor's Children 2 Fumes	1.50	1181	748	65536	63338
Environmental Condition Emperor's Children 2 Fumes	2.00	1333	925	65536	63489
Environmental Condition Emperor's Children 2 Fumes	3.00	1403	1051	65536	63609
Environmental Condition Emperor's Children Empyric Rift	0.15	190	34	65536	62676
Environmental Condition Emperor's Children Empyric Rift	0.30	175	32	65536	62673
Environmental Condition Emperor's Children Empyric Rift	0.50	143	25	65536	62669
Environmental Condition Emperor's Children Empyric Rift	0.75	172	24	65536	62659
Environmental Condition Emperor's Children Empyric Rift	1.00	150	26	65536	62659
Environmental Condition Emperor's Children Empyric Rift	1.50	94	17	65536	62648
Environmental Condition Emperor's Children Empyric Rift	2.00	233	33	65536	62649
Environmental Condition Emperor's Children Empyric Rift	3.00	188	29	65536	62641
Environmental Condition Emperor's Children Empyric Rift OLD	0.15	164	30	65536	62676
Environmental Condition Emperor's Children Empyric Rift OLD	0.30	177	22	65536	62668
Environmental Condition Emperor's Children Empyric Rift OLD	0.50	127	21	65536	62672
Environmental Condition Emperor's Children Empyric Rift OLD	0.75	213	27	65536	62655
Environmental Condition Emperor's Children Empyric Rift OLD	1.00	199	38	65536	62664
Environmental Condition Emperor's Children Empyric Rift OLD	1.50	252	36	65536	62645
Environmental Condition Emperor's Children Empyric Rift OLD	2.00	241	38	65536	62649
Environmental Condition Emperor's Children Empyric Rift OLD	3.00	158	30	65536	62634
Environmental Condition GSC Mining Tremors	0.15	223	83	65536	62802
Environmental Condition GSC Mining Tremors	0.30	316	130	65536	62833
Environmental Condition GSC Mining Tremors	0.50	387	175	65536	62868
Environmental Condition GSC Mining Tremors	0.75	450	224	65536	62911
Environmental Condition GSC Mining Tremors	1.00	514	270	65536	62943
Environmental Condition GSC Mining Tremors	1.50	476	218	65536	62897
Environmental Condition GSC Mining Tremors	2.00	136	61	65536	62780
Environmental Condition GSC Mining Tremors	3.00	610	313	65536	62979
Environmental Condition GSC Sump Overspill	0.15	53	31	65536	62765
Environmental Condition GSC Sump Overspill	0.30	63	36	65536	62769
Environmental Condition GSC Sump Overspill	0.50	117	65	65536	62791
Environmental Condition GSC Sump Overspill	0.75	194	113	65536	62830
Environmental Condition GSC Sump Overspill	1.00	227	140	65536	62854
Environmental Condition GSC Sump Overspill	1.50	296	193	65536	62898
Environmental Condition GSC Sump Overspill	2.00	431	293	65536	62983
Environmental Condition GSC Sump Overspill	3.00	478	334	65536	63018
Environmental Condition GSC Sump Overspill OLD	0.15	22	2	65535	62729
Environmental Condition GSC Sump Overspill OLD	0.30	30	3	65535	62724
Environmental Condition GSC Sump Overspill OLD	0.50	43	4	65536	62719
Environmental Condition GSC Sump Overspill OLD	0.75	61	6	65534	62707
Environmental Condition GSC Sump Overspill OLD	1.00	76	7	65533	62700
Environmental Condition GSC Sump Overspill OLD	1.50	119	12	65527	62681
Environmental Condition GSC Sump Overspill OLD	2.00	141	15	65536	62672
Environmental Condition GSC Sump Overspill OLD	3.00	133	13	65534	62673
Environmental Condition GSC Toxic Fumes	0.15	16	7	65536	62745
Environmental Condition GSC Toxic Fumes	0.30	14	6	65536	62745
Environmental Condition GSC Toxic Fumes	0.50	20	8	65536	62745
Environmental Condition GSC Toxic Fumes	0.75	22	9	65536	62744
Environmental Condition GSC Toxic Fumes	1.00	36	12	65536	62742
Environmental Condition GSC Toxic Fumes	1.50	64	18	65536	62739
Environmental Condition GSC Toxic Fumes	2.00	82	22	65536	62736
Environmental Condition GSC Toxic Fumes	3.00	99	25	65536	62733
Environmental Condition Necrons Earthquake	0.15	150	244	65536	62918
Environmental Condition Necrons Earthquake	0.30	191	351	65536	62992
Environmental Condition Necrons Earthquake	0.50	184	304	65536	62959
Environmental Condition Necrons Earthquake	0.75	218	380	65536	63010
Environmental Condition Necrons Earthquake	1.00	203	345	65536	62983
Environmental Condition Necrons Earthquake	1.50	163	243	65536	62907
Environmental Condition Necrons Earthquake	2.00	446	530	65536	63134
Environmental Condition Necrons Earthquake	3.00	267	396	65536	63025
Environmental Condition Necrons Immortal Beams	0.15	20	11	65536	62745
Environmental Condition Necrons Immortal Beams	0.30	37	19	65536	62751
Environmental Condition Necrons Immortal Beams	0.50	62	35	65536	62763
Environmental Condition Necrons Immortal Beams	0.75	112	72	65536	62791
Environmental Condition Necrons Immortal Beams	1.00	265	189	65536	62882
Environmental Condition Necrons Immortal Beams	1.50	513	435	65536	63081
Environmental Condition Necrons Immortal Beams	2.00	788	758	65536	63335
Environmental Condition Necrons Immortal Beams	3.00	1135	1285	65536	63741
Environmental Condition Necrons Solar Storm	0.15	1681	1703	65536	64106
Environmental Condition Necrons Solar Storm	0.30	2331	2260	65536	64559
Environmental Condition Necrons Solar Storm	0.50	3014	2808	65536	65001
Environmental Condition Necrons Solar Storm	0.75	3427	2986	65536	65156
Environmental Condition Necrons Solar Storm	1.00	3362	2702	65536	64930
Environmental Condition Necrons Solar Storm	1.50	1508	1268	65536	63746
Environmental Condition Necrons Solar Storm	2.00	1905	1574	65536	63985
Environmental Condition Necrons Solar Storm	3.00	2253	1380	65536	63758
Environmental Condition Space Wolves Everstorm	0.15	366	331	65536	63001
Environmental Condition Space Wolves Everstorm	0.30	733	738	65536	63322
Environmental Condition Space Wolves Everstorm	0.50	1007	999	65536	63536
Environmental Condition Space Wolves Everstorm	0.75	1388	1549	65536	63990
Environmental Condition Space Wolves Everstorm	1.00	1217	1143	65536	63680
Environmental Condition Space Wolves Everstorm	1.50	1132	1248	65536	63750
Environmental Condition Space Wolves Everstorm	2.00	1190	1300	65536	63797
Environmental Condition Space Wolves Everstorm	3.00	1358	1335	65536	63845
Environmental Condition Space Wolves First Light	0.15	2523	2341	65536	64318
Environmental Condition Space Wolves First Light	0.30	2692	2552	65536	64526
Environmental Condition Space Wolves First Light	0.50	2863	2929	65536	64915
Environmental Condition Space Wolves First Light	0.75	3002	3287	65536	65259
Environmental Condition Space Wolves First Light	1.00	3015	3300	65536	65240
Environmental Condition Space Wolves First Light	1.50	3112	3870	65536	65755
Environmental Condition Space Wolves First Light	2.00	3171	3910	65536	65742
Environmental Condition Space Wolves First Light	3.00	3260	4515	65536	66226
Environmental Condition Space Wolves Full Moon	0.15	6815	20195	65536	76506
Environmental Condition Space Wolves Full Moon	0.30	6807	20171	65536	76492
Environmental Condition Space Wolves Full Moon	0.50	6813	20167	65536	76491
Environmental Condition Space Wolves Full Moon	0.75	6831	20163	65536	76492
Environmental Condition Space Wolves Full Moon	1.00	6818	20151	65536	76487
Environmental Condition Space Wolves Full Moon	1.50	6832	20143	65536	76485
Environmental Condition Space Wolves Full Moon	2.00	6825	20128	65536	76480
Environmental Condition Space Wolves Full Moon	3.00	6892	20153	65536	76509
EnvironmentalCondition Leviathan Acid Rain	0.15	549	347	65536	63025
EnvironmentalCondition Leviathan Acid Rain	0.30	550	348	65536	63026
EnvironmentalCondition Leviathan Acid Rain	0.50	553	349	65536	63027
EnvironmentalCondition Leviathan Acid Rain	0.75	559	352	65536	63029
EnvironmentalCondition Leviathan Acid Rain	1.00	561	354	65536	63030
EnvironmentalCondition Leviathan Acid Rain	1.50	791	441	65536	63087
EnvironmentalCondition Leviathan Acid Rain	2.00	831	473	65536	63114
EnvironmentalCondition Leviathan Acid Rain	3.00	1035	619	65536	63238
EnvironmentalCondition Leviathan Blazing Biomatter	0.15	10500	11348	65536	72047
EnvironmentalCondition Leviathan Blazing Biomatter	0.30	10500	11348	65536	72047
EnvironmentalCondition Leviathan Blazing Biomatter	0.50	10500	11347	65536	72047
EnvironmentalCondition Leviathan Blazing Biomatter	0.75	10500	11347	65536	72047
EnvironmentalCondition Leviathan Blazing Biomatter	1.00	10500	11347	65536	72047
EnvironmentalCondition Leviathan Blazing Biomatter	1.50	10500	11347	65536	72047
EnvironmentalCondition Leviathan Blazing Biomatter	2.00	10500	11347	65536	72047
EnvironmentalCondition Leviathan Blazing Biomatter	3.00	10500	11347	65536	72047
EnvironmentalCondition Leviathan Sweeping Infestation	0.15	10430	11229	65536	71961
EnvironmentalCondition Leviathan Sweeping Infestation	0.30	10430	11228	65536	71961
EnvironmentalCondition Leviathan Sweeping Infestation	0.50	10430	11226	65536	71958
EnvironmentalCondition Leviathan Sweeping Infestation	0.75	10430	11226	65536	71960
EnvironmentalCondition Leviathan Sweeping Infestation	1.00	10430	11237	65536	71965
EnvironmentalCondition Leviathan Sweeping Infestation	1.50	10430	11228	65536	71960
EnvironmentalCondition Leviathan Sweeping Infestation	2.00	10430	11230	65536	71961
EnvironmentalCondition Leviathan Sweeping Infestation	3.00	10430	11239	65536	71967
EnvironmentalCondition Saim Hann Blackout	0.15	0	0	65536	62740
EnvironmentalCondition Saim Hann Blackout	0.30	0	0	65536	62740
EnvironmentalCondition Saim Hann Blackout	0.50	0	0	65536	62740
EnvironmentalCondition Saim Hann Blackout	0.75	1	0	65536	62740
EnvironmentalCondition Saim Hann Blackout	1.00	0	0	65536	62740
EnvironmentalCondition Saim Hann Blackout	1.50	13	5	65536	62746
EnvironmentalCondition Saim Hann Blackout	2.00	111	123	65536	62832
EnvironmentalCondition Saim Hann Blackout	3.00	72	33	65536	62764
EnvironmentalCondition Saim Hann Infinity Circuit Overload	0.15	257	379	65536	63030
EnvironmentalCondition Saim Hann Infinity Circuit Overload	0.30	353	455	65536	63085
EnvironmentalCondition Saim Hann Infinity Circuit Overload	0.50	441	475	65536	63091
EnvironmentalCondition Saim Hann Infinity Circuit Overload	0.75	379	466	65536	63098
EnvironmentalCondition Saim Hann Infinity Circuit Overload	1.00	547	652	65536	63232
EnvironmentalCondition Saim Hann Infinity Circuit Overload	1.50	659	675	65536	63244
EnvironmentalCondition Saim Hann Infinity Circuit Overload	2.00	586	737	65536	63290
EnvironmentalCondition Saim Hann Infinity Circuit Overload	3.00	681	869	65536	63387
EnvironmentalCondition Saim Hann Webway Rift	0.15	3	2	65536	62742
EnvironmentalCondition Saim Hann Webway Rift	0.30	3	2	65536	62742
EnvironmentalCondition Saim Hann Webway Rift	0.50	2	3	65536	62743
EnvironmentalCondition Saim Hann Webway Rift	0.75	9	5	65536	62744
EnvironmentalCondition Saim Hann Webway Rift	1.00	11	8	65536	62746
EnvironmentalCondition Saim Hann Webway Rift	1.50	55	43	65536	62775
EnvironmentalCondition Saim Hann Webway Rift	2.00	104	106	65536	62821
EnvironmentalCondition Saim Hann Webway Rift	3.00	177	160	65536	62869
EnvironmentalCondition Sororitas Disrupted Ceremony	0.15	235	396	65536	63034
EnvironmentalCondition Sororitas Disrupted Ceremony	0.30	249	393	65536	63034
EnvironmentalCondition Sororitas Disrupted Ceremony	0.50	262	388	65536	63035
EnvironmentalCondition Sororitas Disrupted Ceremony	0.75	248	353	65536	63011
EnvironmentalCondition Sororitas Disrupted Ceremony	1.00	250	327	65536	62994
EnvironmentalCondition Sororitas Disrupted Ceremony	1.50	271	352	65536	63013
EnvironmentalCondition Sororitas Disrupted Ceremony	2.00	268	346	65536	63010
EnvironmentalCondition Sororitas Disrupted Ceremony	3.00	242	306	65536	62980
EnvironmentalCondition Sororitas Raging Storm	0.15	923	2065	65536	64189
EnvironmentalCondition Sororitas Raging Storm	0.30	972	2071	65536	64195
EnvironmentalCondition Sororitas Raging Storm	0.50	986	1428	65536	63849
EnvironmentalCondition Sororitas Raging Storm	0.75	295	152	65536	62859
EnvironmentalCondition Sororitas Raging Storm	1.00	307	160	65536	62863
EnvironmentalCondition Sororitas Raging Storm	1.50	329	167	65536	62868
EnvironmentalCondition Sororitas Raging Storm	2.00	364	202	65536	62899
EnvironmentalCondition Sororitas Raging Storm	3.00	353	191	65536	62890
EnvironmentalCondition Sororitas Shrine Bombardment	0.15	57	30	65536	62765
EnvironmentalCondition Sororitas Shrine Bombardment	0.30	67	31	65536	62763
EnvironmentalCondition Sororitas Shrine Bombardment	0.50	73	34	65536	62764
EnvironmentalCondition Sororitas Shrine Bombardment	0.75	84	39	65536	62768
EnvironmentalCondition Sororitas Shrine Bombardment	1.00	85	44	65536	62774
EnvironmentalCondition Sororitas Shrine Bombardment	1.50	97	47	65536	62774
EnvironmentalCondition Sororitas Shrine Bombardment	2.00	96	51	65536	62777
EnvironmentalCondition Sororitas Shrine Bombardment	3.00	106	55	65536	62779
EnvironmentalCondition Tau Electro-Static Interference	0.15	18	9	65536	62747
EnvironmentalCondition Tau Electro-Static Interference	0.30	49	28	65536	62761
EnvironmentalCondition Tau Electro-Static Interference	0.50	84	44	65536	62772
EnvironmentalCondition Tau Electro-Static Interference	0.75	102	45	65536	62770
EnvironmentalCondition Tau Electro-Static Interference	1.00	4	2	65536	62742
EnvironmentalCondition Tau Electro-Static Interference	1.50	4	2	65536	62742
EnvironmentalCondition Tau Electro-Static Interference	2.00	3	2	65536	62742
EnvironmentalCondition Tau Electro-Static Interference	3.00	3	2	65536	62741
EnvironmentalCondition Tau Radiation Storm	0.15	89	46	65536	62778
EnvironmentalCondition Tau Radiation Storm	0.30	116	68	65536	62796
EnvironmentalCondition Tau Radiation Storm	0.50	132	82	65536	62807
EnvironmentalCondition Tau Radiation Storm	0.75	143	95	65536	62818
EnvironmentalCondition Tau Radiation Storm	1.00	155	106	65536	62825
EnvironmentalCondition Tau Radiation Storm	1.50	187	138	65536	62846
EnvironmentalCondition Tau Radiation Storm	2.00	188	160	65536	62862
EnvironmentalCondition Tau Radiation Storm	3.00	191	189	65536	62883
EnvironmentalCondition Tau Solar Eclipse	0.15	0	0	65536	62740
EnvironmentalCondition Tau Solar Eclipse	0.30	0	0	65536	62740
EnvironmentalCondition Tau Solar Eclipse	0.50	0	0	65536	62740
EnvironmentalCondition Tau Solar Eclipse	0.75	0	0	65536	62740
EnvironmentalCondition Tau Solar Eclipse	1.00	0	0	65536	62740
EnvironmentalCondition Tau Solar Eclipse	1.50	0	0	65536	62740
EnvironmentalCondition Tau Solar Eclipse	2.00	0	0	65536	62740
EnvironmentalCondition Tau Solar Eclipse	3.00	0	0	65536	62740
EnvironmentalCondition Ultramarines Aerial Clash	0.15	0	0	65536	62740
EnvironmentalCondition Ultramarines Aerial Clash	0.30	2	1	65536	62741
EnvironmentalCondition Ultramarines Aerial Clash	0.50	2	1	65536	62741
EnvironmentalCondition Ultramarines Aerial Clash	0.75	2	1	65536	62741
EnvironmentalCondition Ultramarines Aerial Clash	1.00	2	1	65536	62741
EnvironmentalCondition Ultramarines Aerial Clash	1.50	54	21	65536	62756
EnvironmentalCondition Ultramarines Aerial Clash	2.00	87	38	65536	62769
EnvironmentalCondition Ultramarines Aerial Clash	3.00	185	88	65536	62809
EnvironmentalCondition Ultramarines Bombardment	0.15	1	0	65536	62741
EnvironmentalCondition Ultramarines Bombardment	0.30	1	0	65536	62741
EnvironmentalCondition Ultramarines Bombardment	0.50	74	46	65536	62778
EnvironmentalCondition Ultramarines Bombardment	0.75	112	93	65536	62818
EnvironmentalCondition Ultramarines Bombardment	1.00	168	166	65536	62878
EnvironmentalCondition Ultramarines Bombardment	1.50	238	210	65536	62915
EnvironmentalCondition Ultramarines Bombardment	2.00	345	318	65536	63004
EnvironmentalCondition Ultramarines Bombardment	3.00	1088	1014	65536	63548
EnvironmentalCondition Ultramarines Thunderstorm	0.15	0	0	65536	62740
EnvironmentalCondition Ultramarines Thunderstorm	0.30	780	459	65536	63097
EnvironmentalCondition Ultramarines Thunderstorm	0.50	1123	794	65536	63404
EnvironmentalCondition Ultramarines Thunderstorm	0.75	1026	501	65536	63134
EnvironmentalCondition Ultramarines Thunderstorm	1.00	0	0	65536	62740
EnvironmentalCondition Ultramarines Thunderstorm	1.50	0	0	65536	62740
EnvironmentalCondition Ultramarines Thunderstorm	2.00	0	0	65536	62740
EnvironmentalCondition Ultramarines Thunderstorm	3.00	0	0	65536	62740
Execution_BlackLegion	0.15	21	10	65536	62734
Execution_BlackLegion	0.30	60	27	65536	62731
Execution_BlackLegion	0.50	264	81	65536	62720
Execution_BlackLegion	0.75	463	107	65536	62671
Execution_BlackLegion	1.00	183	158	65526	62847
Execution_BlackLegion	1.50	128	135	65526	62834
Execution_BlackLegion	2.00	129	135	65526	62831
Execution_BlackLegion	3.00	0	0	65536	62740
Explosion Fenrisian Monstrosities	0.15	0	0	65536	62740
Explosion Fenrisian Monstrosities	0.30	2	2	65536	62742
Explosion Fenrisian Monstrosities	0.50	15	6	65536	62744
Explosion Fenrisian Monstrosities	0.75	48	20	65536	62754
Explosion Fenrisian Monstrosities	1.00	139	73	65536	62799
Explosion Fenrisian Monstrosities	1.50	262	131	65536	62843
Explosion Fenrisian Monstrosities	2.00	393	204	65536	62901
Explosion Fenrisian Monstrosities	3.00	965	1020	65536	63585
Explosion Fenrisian Monstrosities Extra Damage	0.15	1594	1873	65536	64202
Explosion Fenrisian Monstrosities Extra Damage	0.30	1706	1798	65536	64154
Explosion Fenrisian Monstrosities Extra Damage	0.50	1635	1476	65536	63928
Explosion Fenrisian Monstrosities Extra Damage	0.75	1556	1241	65536	63764
Explosion Fenrisian Monstrosities Extra Damage	1.00	1358	1025	65536	63589
Explosion Fenrisian Monstrosities Extra Damage	1.50	1277	951	65536	63527
Explosion Fenrisian Monstrosities Extra Damage	2.00	1520	1147	65536	63695
Explosion Fenrisian Monstrosities Extra Damage	3.00	1515	1074	65536	63626
Explosion Hand UI	0.15	503	565	65536	63142
Explosion Hand UI	0.30	612	446	65536	63049
Explosion Hand UI	0.50	383	164	65536	62839
Explosion Hand UI	0.75	159	76	65536	62794
Explosion Hand UI	1.00	415	193	65536	62879
Explosion Hand UI	1.50	0	0	65536	62740
Explosion Hand UI	2.00	0	0	65536	62740
Explosion Hand UI	3.00	0	0	65536	62740
Explosion Hand UI 0,5s delay	0.15	0	0	65536	62740
Explosion Hand UI 0,5s delay	0.30	0	0	65536	62740
Explosion Hand UI 0,5s delay	0.50	0	0	65536	62740
Explosion Hand UI 0,5s delay	0.75	235	140	65536	62835
Explosion Hand UI 0,5s delay	1.00	244	124	65536	62825
Explosion Hand UI 0,5s delay	1.50	149	74	65536	62795
Explosion Hand UI 0,5s delay	2.00	8	11	65536	62749
Explosion Hand UI 0,5s delay	3.00	0	0	65536	62740
Explosion Hive Fleet Arrival Explosions only	0.15	187	110	65536	62815
Explosion Hive Fleet Arrival Explosions only	0.30	255	135	65536	62831
Explosion Hive Fleet Arrival Explosions only	0.50	375	183	65536	62861
Explosion Hive Fleet Arrival Explosions only	0.75	542	281	65536	62936
Explosion Hive Fleet Arrival Explosions only	1.00	607	321	65536	62968
Explosion Hive Fleet Arrival Explosions only	1.50	709	355	65536	62990
Explosion Hive Fleet Arrival Explosions only	2.00	817	409	65536	63043
Explosion Hive Fleet Arrival Explosions only	3.00	197	69	65536	62784
Explosion Hive Fleet Arrival Tendrils	0.15	324	251	65536	62930
Explosion Hive Fleet Arrival Tendrils	0.30	396	221	65536	62890
Explosion Hive Fleet Arrival Tendrils	0.50	497	231	65536	62879
Explosion Hive Fleet Arrival Tendrils	0.75	551	271	65536	62918
Explosion Hive Fleet Arrival Tendrils	1.00	661	326	65536	62956
Explosion Hive Fleet Arrival Tendrils	1.50	702	355	65536	62993
Explosion Hive Fleet Arrival Tendrils	2.00	769	386	65536	63027
Explosion Hive Fleet Arrival Tendrils	3.00	237	81	65536	62792
Explosion Hive Fleet Arrival Tendrils OLD	0.15	100	56	65536	62774
Explosion Hive Fleet Arrival Tendrils OLD	0.30	164	87	65536	62797
Explosion Hive Fleet Arrival Tendrils OLD	0.50	270	122	65536	62816
Explosion Hive Fleet Arrival Tendrils OLD	0.75	356	171	65536	62858
Explosion Hive Fleet Arrival Tendrils OLD	1.00	407	198	65536	62880
Explosion Hive Fleet Arrival Tendrils OLD	1.50	496	252	65536	62931
Explosion Hive Fleet Arrival Tendrils OLD	2.00	537	264	65536	62944
Explosion Hive Fleet Arrival Tendrils OLD	3.00	111	38	65536	62768
Explosion_BombQuick	0.15	0	0	65536	62740
Explosion_BombQuick	0.30	0	0	65536	62740
Explosion_BombQuick	0.50	0	0	65536	62740
Explosion_BombQuick	0.75	0	0	65536	62740
Explosion_BombQuick	1.00	0	0	65536	62740
Explosion_BombQuick	1.50	0	0	65536	62740
Explosion_BombQuick	2.00	0	0	65536	62740
Explosion_BombQuick	3.00	0	0	65536	62740
Explosion_BombQuick_triple	0.15	0	0	65536	62740
Explosion_BombQuick_triple	0.30	0	0	65536	62740
Explosion_BombQuick_triple	0.50	0	0	65536	62740
Explosion_BombQuick_triple	0.75	0	0	65536	62740
Explosion_BombQuick_triple	1.00	0	0	65536	62740
Explosion_BombQuick_triple	1.50	0	0	65536	62740
Explosion_BombQuick_triple	2.00	0	0	65536	62740
Explosion_BombQuick_triple	3.00	0	0	65536	62740
Explosion_ConcealedExplosives	0.15	0	0	65536	62740
Explosion_ConcealedExplosives	0.30	0	0	65536	62740
Explosion_ConcealedExplosives	0.50	0	0	65536	62740
Explosion_ConcealedExplosives	0.75	0	0	65536	62740
Explosion_ConcealedExplosives	1.00	0	0	65536	62740
Explosion_ConcealedExplosives	1.50	0	0	65536	62740
Explosion_ConcealedExplosives	2.00	0	0	65536	62740
Explosion_ConcealedExplosives	3.00	0	0	65536	62740
Explosion_Debris	0.15	180	154	65536	62868
Explosion_Debris	0.30	189	130	65536	62847
Explosion_Debris	0.50	500	330	65536	63013
Explosion_Debris	0.75	692	456	65536	63122
Explosion_Debris	1.00	597	329	65536	63006
Explosion_Debris	1.50	38	20	65536	62760
Explosion_Debris	2.00	0	0	65536	62740
Explosion_Debris	3.00	0	0	65536	62740
Explosion_Debris_UI	0.15	131	92	65536	62815
Explosion_Debris_UI	0.30	199	138	65536	62854
Explosion_Debris_UI	0.50	529	345	65536	63027
Explosion_Debris_UI	0.75	635	400	65536	63075
Explosion_Debris_UI	1.00	340	176	65536	62886
Explosion_Debris_UI	1.50	35	22	65536	62768
Explosion_Debris_UI	2.00	3	1	65536	62741
Explosion_Debris_UI	3.00	0	0	65536	62740
Explosion_gauss	0.15	176	147	65536	62859
Explosion_gauss	0.30	252	206	65536	62907
Explosion_gauss	0.50	468	423	65536	63076
Explosion_gauss	0.75	1117	1007	65536	63520
Explosion_gauss	1.00	1384	1014	65536	63497
Explosion_gauss	1.50	210	118	65536	62836
Explosion_gauss	2.00	0	0	65536	62740
Explosion_gauss	3.00	0	0	65536	62740
Explosion_gauss_yellow	0.15	807	806	65536	63361
Explosion_gauss_yellow	0.30	1359	1474	65536	63881
Explosion_gauss_yellow	0.50	1462	1512	65536	63885
Explosion_gauss_yellow	0.75	3145	2963	65536	65033
Explosion_gauss_yellow	1.00	3816	3056	65536	65110
Explosion_gauss_yellow	1.50	453	174	65536	62857
Explosion_gauss_yellow	2.00	0	0	65536	62740
Explosion_gauss_yellow	3.00	0	0	65536	62740
Explosion_Ground	0.15	0	0	65536	62740
Explosion_Ground	0.30	0	0	65536	62740
Explosion_Ground	0.50	0	0	65536	62740
Explosion_Ground	0.75	0	0	65536	62740
Explosion_Ground	1.00	0	0	65536	62740
Explosion_Ground	1.50	0	0	65536	62740
Explosion_Ground	2.00	0	0	65536	62740
Explosion_Ground	3.00	0	0	65536	62740
Explosion_GroundBreak	0.15	15	2	65536	62737
Explosion_GroundBreak	0.30	18	2	65536	62731
Explosion_GroundBreak	0.50	14	1	65536	62734
Explosion_GroundBreak	0.75	7	0	65536	62736
Explosion_GroundBreak	1.00	9	1	65536	62737
Explosion_GroundBreak	1.50	7	1	65536	62738
Explosion_GroundBreak	2.00	0	0	65536	62740
Explosion_GroundBreak	3.00	0	0	65536	62740
Explosion_Possession	0.15	30	21	65536	62748
Explosion_Possession	0.30	123	80	65536	62774
Explosion_Possession	0.50	162	96	65536	62788
Explosion_Possession	0.75	401	233	65536	62900
Explosion_Possession	1.00	673	407	65536	63036
Explosion_Possession	1.50	780	430	65534	63066
Explosion_Possession	2.00	2256	931	65536	63124
Explosion_Possession	3.00	7	5	65536	62752
Explosion_Short	0.15	3677	7777	65536	67277
Explosion_Short	0.30	5662	11541	65536	69113
Explosion_Short	0.50	0	0	65536	62740
Explosion_Short	0.75	0	0	65536	62740
Explosion_Short	1.00	0	0	65536	62740
Explosion_Short	1.50	0	0	65536	62740
Explosion_Short	2.00	0	0	65536	62740
Explosion_Short	3.00	0	0	65536	62740
Factory Overdrive Damage	0.15	154	317	65536	62978
Factory Overdrive Damage	0.30	231	488	65536	63103
Factory Overdrive Damage	0.50	191	414	65536	63048
Factory Overdrive Damage	0.75	181	393	65536	63032
Factory Overdrive Damage	1.00	0	0	65536	62740
Factory Overdrive Damage	1.50	0	0	65536	62740
Factory Overdrive Damage	2.00	0	0	65536	62740
Factory Overdrive Damage	3.00	0	0	65536	62740
Faith UI Gain	0.15	1917	1341	65536	63820
Faith UI Gain	0.30	1701	1564	65536	63989
Faith UI Gain	0.50	2005	1581	65536	64020
Faith UI Gain	0.75	1614	1892	65536	64206
Faith UI Gain	1.00	1763	1899	65536	64215
Faith UI Gain	1.50	432	286	65536	62959
Faith UI Gain	2.00	0	0	65536	62740
Faith UI Gain	3.00	0	0	65536	62740
Faith UI Trigger	0.15	2483	2259	65536	64504
Faith UI Trigger	0.30	2649	2452	65536	64618
Faith UI Trigger	0.50	2848	2991	65536	65005
Faith UI Trigger	0.75	2467	2704	65536	64790
Faith UI Trigger	1.00	970	883	65536	63385
Faith UI Trigger	1.50	185	73	65536	62784
Faith UI Trigger	2.00	0	0	65536	62740
Faith UI Trigger	3.00	0	0	65536	62740
Faith_trigger_unit	0.15	230	192	65536	62895
Faith_trigger_unit	0.30	232	197	65536	62898
Faith_trigger_unit	0.50	229	201	65536	62901
Faith_trigger_unit	0.75	470	505	65536	63134
Faith_trigger_unit	1.00	598	622	65536	63220
Faith_trigger_unit	1.50	965	776	65536	63331
Faith_trigger_unit	2.00	1095	705	65536	63267
Faith_trigger_unit	3.00	0	0	65536	62740
FastEffect	0.15	1	1	65536	62741
FastEffect	0.30	6	3	65536	62743
FastEffect	0.50	45	24	65536	62759
FastEffect	0.75	119	55	65536	62790
FastEffect	1.00	126	60	65536	62791
FastEffect	1.50	327	174	65536	62879
FastEffect	2.00	117	59	65536	62786
FastEffect	3.00	0	0	65536	62740
FeedingFrenzy	0.15	283	389	65536	63027
FeedingFrenzy	0.30	233	237	65536	62912
FeedingFrenzy	0.50	154	102	65536	62813
FeedingFrenzy	0.75	109	106	65536	62819
FeedingFrenzy	1.00	96	63	65536	62785
FeedingFrenzy	1.50	91	82	65536	62800
FeedingFrenzy	2.00	47	21	65536	62755
FeedingFrenzy	3.00	0	0	65536	62740
Ferocity_RecallToDeck	0.15	382	267	65536	62955
Ferocity_RecallToDeck	0.30	485	340	65536	62998
Ferocity_RecallToDeck	0.50	496	364	65536	63018
Ferocity_RecallToDeck	0.75	497	334	65536	62994
Ferocity_RecallToDeck	1.00	776	1213	65536	63646
Ferocity_RecallToDeck	1.50	379	378	65536	63035
Ferocity_RecallToDeck	2.00	88	69	65536	62804
Ferocity_RecallToDeck	3.00	0	0	65536	62741
FerocityEffect	0.15	0	0	65536	62740
FerocityEffect	0.30	257	338	65536	63001
FerocityEffect	0.50	1023	1267	65536	63746
FerocityEffect	0.75	1165	1912	65536	64194
FerocityEffect	1.00	1474	1817	65536	64200
FerocityEffect	1.50	1093	663	65536	63278
FerocityEffect	2.00	0	0	65536	62740
FerocityEffect	3.00	0	0	65536	62740
Fire_Board	0.15	0	0	65536	62740
Fire_Board	0.30	0	0	65536	62740
Fire_Board	0.50	1	1	65536	62741
Fire_Board	0.75	2	2	65536	62742
Fire_Board	1.00	12	13	65536	62752
Fire_Board	1.50	36	37	65536	62772
Fire_Board	2.00	43	40	65536	62775
Fire_Board	3.00	16	14	65536	62752
FlameBurst_Sororitas	0.15	2476	3609	65536	65431
FlameBurst_Sororitas	0.30	2974	3744	65536	65623
FlameBurst_Sororitas	0.50	2778	2465	65536	64585
FlameBurst_Sororitas	0.75	520	426	65536	63067
FlameBurst_Sororitas	1.00	462	465	65536	63110
FlameBurst_Sororitas	1.50	0	0	65536	62740
FlameBurst_Sororitas	2.00	0	0	65536	62740
FlameBurst_Sororitas	3.00	0	0	65536	62740
FlamethrowerBurna	0.15	0	0	65536	62740
FlamethrowerBurna	0.30	0	0	65536	62740
FlamethrowerBurna	0.50	0	0	65536	62740
FlamethrowerBurna	0.75	17	16	65536	62753
FlamethrowerBurna	1.00	22	24	65536	62759
FlamethrowerBurna	1.50	56	39	65536	62765
FlamethrowerBurna	2.00	41	29	65536	62759
FlamethrowerBurna	3.00	0	0	65536	62740
FlamethrowerSingleAttack_1	0.15	1	1	65536	62741
FlamethrowerSingleAttack_1	0.30	6	7	65536	62746
FlamethrowerSingleAttack_1	0.50	16	14	65536	62750
FlamethrowerSingleAttack_1	0.75	29	17	65536	62749
FlamethrowerSingleAttack_1	1.00	54	24	65536	62751
FlamethrowerSingleAttack_1	1.50	41	13	65536	62741
FlamethrowerSingleAttack_1	2.00	29	12	65536	62750
FlamethrowerSingleAttack_1	3.00	0	0	65536	62740
FlamethrowerSingleAttack_2	0.15	0	0	65536	62740
FlamethrowerSingleAttack_2	0.30	4	2	65536	62742
FlamethrowerSingleAttack_2	0.50	10	5	65536	62743
FlamethrowerSingleAttack_2	0.75	21	7	65536	62740
FlamethrowerSingleAttack_2	1.00	30	8	65536	62737
FlamethrowerSingleAttack_2	1.50	31	7	65534	62733
FlamethrowerSingleAttack_2	2.00	0	0	65536	62740
FlamethrowerSingleAttack_2	3.00	0	0	65536	62740
FlamethrowerSweepAttack_1	0.15	6	5	65536	62744
FlamethrowerSweepAttack_1	0.30	19	23	65536	62759
FlamethrowerSweepAttack_1	0.50	45	59	65536	62785
FlamethrowerSweepAttack_1	0.75	86	109	65536	62822
FlamethrowerSweepAttack_1	1.00	141	164	65536	62855
FlamethrowerSweepAttack_1	1.50	189	193	65536	62851
FlamethrowerSweepAttack_1	2.00	339	271	65536	62869
FlamethrowerSweepAttack_1	3.00	360	236	65535	62823
FlamethrowerSweepAttack_sororitas	0.15	110	102	65536	62822
FlamethrowerSweepAttack_sororitas	0.30	201	268	65536	62953
FlamethrowerSweepAttack_sororitas	0.50	262	356	65536	63021
FlamethrowerSweepAttack_sororitas	0.75	278	340	65536	63007
FlamethrowerSweepAttack_sororitas	1.00	322	376	65536	63033
FlamethrowerSweepAttack_sororitas	1.50	360	365	65536	63021
FlamethrowerSweepAttack_sororitas	2.00	336	364	65536	63025
FlamethrowerSweepAttack_sororitas	3.00	187	86	65536	62793
FlankEffect	0.15	0	0	65536	62740
FlankEffect	0.30	66	66	65536	62794
FlankEffect	0.50	683	899	65536	63468
FlankEffect	0.75	702	1029	65536	63546
FlankEffect	1.00	836	1201	65536	63689
FlankEffect	1.50	0	0	65536	62740
FlankEffect	2.00	0	0	65536	62740
FlankEffect	3.00	0	0	65536	62740
Flayed One Summon	0.15	94	13	65536	62700
Flayed One Summon	0.30	234	30	65534	62643
Flayed One Summon	0.50	307	42	65533	62596
Flayed One Summon	0.75	593	80	65536	62526
Flayed One Summon	1.00	641	85	65536	62495
Flayed One Summon	1.50	554	69	65532	62512
Flayed One Summon	2.00	213	28	65536	62624
Flayed One Summon	3.00	0	0	65536	62740
FlyingEffect	0.15	704	581	65536	63225
FlyingEffect	0.30	686	678	65536	63301
FlyingEffect	0.50	700	688	65536	63310
FlyingEffect	0.75	711	550	65536	63200
FlyingEffect	1.00	211	142	65536	62859
FlyingEffect	1.50	199	132	65536	62848
FlyingEffect	2.00	243	154	65536	62866
FlyingEffect	3.00	241	154	65536	62867
Forewarned_Board	0.15	0	0	65536	62740
Forewarned_Board	0.30	0	0	65536	62740
Forewarned_Board	0.50	0	0	65536	62740
Forewarned_Board	0.75	5	5	65536	62744
Forewarned_Board	1.00	24	18	65536	62754
Forewarned_Board	1.50	25	13	65536	62749
Forewarned_Board	2.00	22	12	65536	62749
Forewarned_Board	3.00	0	0	65536	62740
FrenziedEffect	0.15	1156	3468	65536	65102
FrenziedEffect	0.30	1079	3098	65536	64852
FrenziedEffect	0.50	1184	3156	65536	64904
FrenziedEffect	0.75	1758	3559	65536	65195
FrenziedEffect	1.00	0	0	65536	62740
FrenziedEffect	1.50	0	0	65536	62740
FrenziedEffect	2.00	0	0	65536	62740
FrenziedEffect	3.00	0	0	65536	62740
Gain_Sentry	0.15	558	1072	65536	63534
Gain_Sentry	0.30	631	1280	65536	63691
Gain_Sentry	0.50	544	751	65536	63314
Gain_Sentry	0.75	377	351	65536	63013
Gain_Sentry	1.00	165	122	65536	62842
Gain_Sentry	1.50	0	0	65536	62740
Gain_Sentry	2.00	0	0	65536	62740
Gain_Sentry	3.00	0	0	65536	62740
GainShuriken	0.15	1123	1246	65536	63683
GainShuriken	0.30	2168	2017	65536	64257
GainShuriken	0.50	2801	2829	65536	64872
GainShuriken	0.75	3130	3283	65536	65230
GainShuriken	1.00	3805	3616	65536	65484
GainShuriken	1.50	3193	2704	65536	64820
GainShuriken	2.00	0	0	65536	62740
GainShuriken	3.00	0	0	65536	62740
GatlingSweep	0.15	0	0	65536	62740
GatlingSweep	0.30	0	0	65536	62740
GatlingSweep	0.50	0	0	65536	62740
GatlingSweep	0.75	92	94	65536	62817
GatlingSweep	1.00	108	108	65536	62829
GatlingSweep	1.50	157	153	65536	62867
GatlingSweep	2.00	0	0	65536	62740
GatlingSweep	3.00	0	0	65536	62740
Generic Tap Material	0.15	139	92	65536	62817
Generic Tap Material	0.30	259	184	65536	62895
Generic Tap Material	0.50	287	164	65536	62873
Generic Tap Material	0.75	180	97	65536	62823
Generic Tap Material	1.00	35	31	65536	62767
Generic Tap Material	1.50	21	21	65536	62758
Generic Tap Material	2.00	0	0	65536	62740
Generic Tap Material	3.00	0	0	65536	62740
Godspear Warhead Full	0.15	0	0	65536	62740
Godspear Warhead Full	0.30	0	0	65536	62740
Godspear Warhead Full	0.50	0	0	65536	62740
Godspear Warhead Full	0.75	0	0	65536	62740
Godspear Warhead Full	1.00	0	0	65536	62740
Godspear Warhead Full	1.50	0	0	65536	62740
Godspear Warhead Full	2.00	0	0	65536	62740
Godspear Warhead Full	3.00	25	3	65533	62728
Goff_GreatestWarboss	0.15	19	6	65536	62745
Goff_GreatestWarboss	0.30	173	71	65536	62792
Goff_GreatestWarboss	0.50	410	199	65536	62896
Goff_GreatestWarboss	0.75	853	455	65536	63105
Goff_GreatestWarboss	1.00	1219	746	65536	63355
Goff_GreatestWarboss	1.50	1538	1048	65536	63625
Goff_GreatestWarboss	2.00	1607	1152	65536	63725
Goff_GreatestWarboss	3.00	1355	801	65536	63393
Goff_ProperKilly	0.15	78	30	65536	62751
Goff_ProperKilly	0.30	73	32	65536	62756
Goff_ProperKilly	0.50	78	28	65536	62748
Goff_ProperKilly	0.75	925	2389	65536	64428
Goff_ProperKilly	1.00	1468	3386	65536	65154
Goff_ProperKilly	1.50	3333	5025	65536	66517
Goff_ProperKilly	2.00	271	263	65536	62938
Goff_ProperKilly	3.00	0	0	65536	62740
Goff_ProphetOfDaWaaagh	0.15	14	5	65536	62744
Goff_ProphetOfDaWaaagh	0.30	174	72	65536	62793
Goff_ProphetOfDaWaaagh	0.50	421	203	65536	62901
Goff_ProphetOfDaWaaagh	0.75	809	451	65536	63104
Goff_ProphetOfDaWaaagh	1.00	1098	674	65536	63295
Goff_ProphetOfDaWaaagh	1.50	1354	929	65536	63526
Goff_ProphetOfDaWaaagh	2.00	1503	1087	65536	63671
Goff_ProphetOfDaWaaagh	3.00	1303	786	65536	63386
Goff_Rok_Invasion	0.15	1800	433	65536	61841
Goff_Rok_Invasion	0.30	1800	433	65536	61841
Goff_Rok_Invasion	0.50	1800	433	65536	61841
Goff_Rok_Invasion	0.75	1800	433	65536	61841
Goff_Rok_Invasion	1.00	1800	433	65536	61841
Goff_Rok_Invasion	1.50	1800	433	65536	61841
Goff_Rok_Invasion	2.00	14	11	65536	62748
Goff_Rok_Invasion	3.00	165	113	65536	62834
Goff_UnbridledCarnageEffect	0.15	111	112	65536	62822
Goff_UnbridledCarnageEffect	0.30	169	99	65536	62808
Goff_UnbridledCarnageEffect	0.50	26	10	65536	62745
Goff_UnbridledCarnageEffect	0.75	3	2	65536	62742
Goff_UnbridledCarnageEffect	1.00	0	0	65536	62740
Goff_UnbridledCarnageEffect	1.50	0	0	65536	62740
Goff_UnbridledCarnageEffect	2.00	0	0	65536	62740
Goff_UnbridledCarnageEffect	3.00	0	0	65536	62740
Goff_Waaagh	0.15	272	243	65536	62941
Goff_Waaagh	0.30	228	146	65536	62859
Goff_Waaagh	0.50	238	141	65536	62851
Goff_Waaagh	0.75	207	119	65536	62835
Goff_Waaagh	1.00	183	101	65536	62822
Goff_Waaagh	1.50	135	84	65536	62807
Goff_Waaagh	2.00	83	38	65536	62768
Goff_Waaagh	3.00	0	0	65536	62740
Goff_WaaaghRed	0.15	102	62	65536	62788
Goff_WaaaghRed	0.30	149	91	65536	62812
Goff_WaaaghRed	0.50	155	88	65536	62805
Goff_WaaaghRed	0.75	188	99	65536	62815
Goff_WaaaghRed	1.00	153	71	65536	62790
Goff_WaaaghRed	1.50	0	0	65536	62740
Goff_WaaaghRed	2.00	0	0	65536	62740
Goff_WaaaghRed	3.00	0	0	65536	62740
Goff_WaaaghRed_skulls	0.15	109	92	65536	62808
Goff_WaaaghRed_skulls	0.30	168	138	65536	62841
Goff_WaaaghRed_skulls	0.50	172	144	65536	62845
Goff_WaaaghRed_skulls	0.75	513	395	65536	63028
Goff_WaaaghRed_skulls	1.00	627	449	65536	63073
Goff_WaaaghRed_skulls	1.50	0	0	65536	62740
Goff_WaaaghRed_skulls	2.00	0	0	65536	62740
Goff_WaaaghRed_skulls	3.00	0	0	65536	62740
GreenSummonCircle	0.15	191	155	65536	62859
GreenSummonCircle	0.30	247	225	65536	62918
GreenSummonCircle	0.50	337	281	65536	62953
GreenSummonCircle	0.75	344	298	65536	62967
GreenSummonCircle	1.00	337	282	65536	62957
GreenSummonCircle	1.50	216	126	65536	62824
GreenSummonCircle	2.00	106	59	65536	62783
GreenSummonCircle	3.00	11	6	65536	62745
GSC RecallToHand	0.15	152	79	65536	62790
GSC RecallToHand	0.30	243	118	65536	62815
GSC RecallToHand	0.50	317	133	65536	62816
GSC RecallToHand	0.75	356	136	65536	62813
GSC RecallToHand	1.00	320	119	65536	62810
GSC RecallToHand	1.50	1	1	65536	62738
GSC RecallToHand	2.00	0	0	65536	62740
GSC RecallToHand	3.00	0	0	65536	62740
GSC Rockfall	0.15	0	0	65536	62740
GSC Rockfall	0.30	0	0	65536	62740
GSC Rockfall	0.50	0	0	65536	62740
GSC Rockfall	0.75	0	0	65536	62740
GSC Rockfall	1.00	0	0	65536	62740
GSC Rockfall	1.50	0	0	65536	62740
GSC Rockfall	2.00	0	0	65536	62740
GSC Rockfall	3.00	0	0	65536	62740
GSC Sabotage Use	0.15	249	72	65536	62684
GSC Sabotage Use	0.30	221	62	65536	62689
GSC Sabotage Use	0.50	95	50	65536	62728
GSC Sabotage Use	0.75	26	28	65536	62751
GSC Sabotage Use	1.00	0	0	65536	62740
GSC Sabotage Use	1.50	0	0	65536	62740
GSC Sabotage Use	2.00	0	0	65536	62740
GSC Sabotage Use	3.00	0	0	65536	62740
GSC Summon	0.15	19	3	65536	62724
GSC Summon	0.30	81	13	65536	62696
GSC Summon	0.50	141	22	65536	62673
GSC Summon	0.75	328	50	65536	62617
GSC Summon	1.00	330	50	65536	62609
GSC Summon	1.50	347	54	65536	62601
GSC Summon	2.00	187	30	65536	62644
GSC Summon	3.00	0	0	65536	62740
GuardSummon	0.15	0	0	65536	62740
GuardSummon	0.30	0	0	65536	62740
GuardSummon	0.50	0	0	65536	62740
GuardSummon	0.75	0	0	65536	62740
GuardSummon	1.00	0	0	65536	62740
GuardSummon	1.50	0	0	65536	62740
GuardSummon	2.00	0	0	65536	62740
GuardSummon	3.00	0	0	65536	62740
Hammer_Slam_SW	0.15	368	427	65536	63100
Hammer_Slam_SW	0.30	712	823	65536	63436
Hammer_Slam_SW	0.50	1183	1301	65536	63845
Hammer_Slam_SW	0.75	857	860	65536	63467
Hammer_Slam_SW	1.00	247	232	65536	62933
Hammer_Slam_SW	1.50	28	36	65536	62770
Hammer_Slam_SW	2.00	317	208	65536	62885
Hammer_Slam_SW	3.00	0	0	65536	62740
Hammer_Throw_SW	0.15	1596	2512	65536	64625
Hammer_Throw_SW	0.30	1594	2364	65536	64545
Hammer_Throw_SW	0.50	1424	2089	65536	64336
Hammer_Throw_SW	0.75	1316	1896	65536	64195
Hammer_Throw_SW	1.00	1305	1885	65536	64186
Hammer_Throw_SW	1.50	1305	1888	65536	64188
Hammer_Throw_SW	2.00	1215	1710	65536	64060
Hammer_Throw_SW	3.00	1216	1710	65536	64060
Healing_Circles	0.15	27	24	65536	62754
Healing_Circles	0.30	91	149	65536	62819
Healing_Circles	0.50	326	510	65536	63013
Healing_Circles	0.75	549	901	65536	63217
Healing_Circles	1.00	865	1439	65536	63500
Healing_Circles	1.50	575	931	65536	63232
Healing_Circles	2.00	0	0	65536	62740
Healing_Circles	3.00	0	0	65536	62740
Healing_Projectile	0.15	144	244	65536	62923
Healing_Projectile	0.30	372	441	65536	63074
Healing_Projectile	0.50	137	182	65536	62877
Healing_Projectile	0.75	122	154	65536	62861
Healing_Projectile	1.00	125	134	65536	62845
Healing_Projectile	1.50	115	89	65536	62807
Healing_Projectile	2.00	25	25	65536	62760
Healing_Projectile	3.00	2	1	65536	62741
Healing_Projectile_Frost	0.15	147	244	65536	62922
Healing_Projectile_Frost	0.30	375	465	65536	63093
Healing_Projectile_Frost	0.50	128	182	65536	62879
Healing_Projectile_Frost	0.75	127	163	65536	62866
Healing_Projectile_Frost	1.00	129	148	65536	62855
Healing_Projectile_Frost	1.50	109	88	65536	62808
Healing_Projectile_Frost	2.00	21	35	65536	62766
Healing_Projectile_Frost	3.00	2	2	65536	62741
Healing_Projectile_Green	0.15	143	243	65536	62922
Healing_Projectile_Green	0.30	352	389	65536	63035
Healing_Projectile_Green	0.50	127	173	65536	62873
Healing_Projectile_Green	0.75	127	150	65536	62857
Healing_Projectile_Green	1.00	122	121	65536	62836
Healing_Projectile_Green	1.50	104	66	65536	62787
Healing_Projectile_Green	2.00	27	20	65536	62754
Healing_Projectile_Green	3.00	1	0	65536	62740
Healing_Projectile_Ork	0.15	145	231	65536	62914
Healing_Projectile_Ork	0.30	336	335	65536	62989
Healing_Projectile_Ork	0.50	127	159	65536	62862
Healing_Projectile_Ork	0.75	122	129	65536	62840
Healing_Projectile_Ork	1.00	120	100	65536	62815
Healing_Projectile_Ork	1.50	97	71	65536	62794
Healing_Projectile_Ork	2.00	22	24	65536	62760
Healing_Projectile_Ork	3.00	3	2	65536	62741
HeldrakeStrike	0.15	0	0	65536	62740
HeldrakeStrike	0.30	0	0	65536	62740
HeldrakeStrike	0.50	0	0	65536	62739
HeldrakeStrike	0.75	0	0	65536	62739
HeldrakeStrike	1.00	0	0	65536	62739
HeldrakeStrike	1.50	0	0	65536	62739
HeldrakeStrike	2.00	0	0	65536	62738
HeldrakeStrike	3.00	0	0	65536	62740
Helfire Burst Target	0.15	0	0	65536	62740
Helfire Burst Target	0.30	0	0	65536	62740
Helfire Burst Target	0.50	0	0	65536	62740
Helfire Burst Target	0.75	449	357	65536	63005
Helfire Burst Target	1.00	440	360	65536	63005
Helfire Burst Target	1.50	67	36	65534	62764
Helfire Burst Target	2.00	25	2	65535	62729
Helfire Burst Target	3.00	0	0	65536	62740
Helspear_Assault_Buff	0.15	51	54	65536	62783
Helspear_Assault_Buff	0.30	134	119	65536	62836
Helspear_Assault_Buff	0.50	223	179	65536	62881
Helspear_Assault_Buff	0.75	263	151	65536	62849
Helspear_Assault_Buff	1.00	183	110	65536	62825
Helspear_Assault_Buff	1.50	320	257	65536	62911
Helspear_Assault_Buff	2.00	3	1	65536	62741
Helspear_Assault_Buff	3.00	0	0	65536	62740
HeroOfTheEmpire OLD	0.15	1001	1094	65536	63552
HeroOfTheEmpire OLD	0.30	1232	1212	65536	63630
HeroOfTheEmpire OLD	0.50	1147	1141	65536	63563
HeroOfTheEmpire OLD	0.75	1035	938	65536	63426
HeroOfTheEmpire OLD	1.00	485	389	65536	63020
HeroOfTheEmpire OLD	1.50	413	284	65536	62937
HeroOfTheEmpire OLD	2.00	10	4	65536	62744
HeroOfTheEmpire OLD	3.00	0	0	65536	62740
HeroRespiteEffect	0.15	1430	538	65536	62991
HeroRespiteEffect	0.30	1547	665	65536	63106
HeroRespiteEffect	0.50	1850	976	65536	63381
HeroRespiteEffect	0.75	2258	1261	65536	63617
HeroRespiteEffect	1.00	1216	945	65536	63565
HeroRespiteEffect	1.50	1845	1378	65536	63878
HeroRespiteEffect	2.00	1501	1243	65536	63771
HeroRespiteEffect	3.00	2099	1096	65536	63615
Hexmark_Artifice_Deal1	0.15	0	0	65536	62740
Hexmark_Artifice_Deal1	0.30	7	3	65536	62742
Hexmark_Artifice_Deal1	0.50	0	0	65536	62740
Hexmark_Artifice_Deal1	0.75	0	0	65536	62740
Hexmark_Artifice_Deal1	1.00	0	0	65536	62740
Hexmark_Artifice_Deal1	1.50	0	0	65536	62740
Hexmark_Artifice_Deal1	2.00	0	0	65536	62740
Hexmark_Artifice_Deal1	3.00	0	0	65536	62740
Hive Fleet Ground Growth	0.15	996	794	65536	63401
Hive Fleet Ground Growth	0.30	1262	966	65536	63528
Hive Fleet Ground Growth	0.50	1139	829	65536	63388
Hive Fleet Ground Growth	0.75	1164	738	65536	63180
Hive Fleet Ground Growth	1.00	1389	800	65536	63074
Hive Fleet Ground Growth	1.50	496	280	65536	62829
Hive Fleet Ground Growth	2.00	0	0	65536	62740
Hive Fleet Ground Growth	3.00	0	0	65536	62739
Hunta Rig Harpoon Hand	0.15	7	3	65536	62743
Hunta Rig Harpoon Hand	0.30	9	5	65536	62744
Hunta Rig Harpoon Hand	0.50	9	4	65536	62744
Hunta Rig Harpoon Hand	0.75	5	2	65536	62742
Hunta Rig Harpoon Hand	1.00	0	0	65536	62740
Hunta Rig Harpoon Hand	1.50	0	0	65536	62740
Hunta Rig Harpoon Hand	2.00	0	0	65536	62740
Hunta Rig Harpoon Hand	3.00	0	0	65536	62740
HuntMark_DamageEffect	0.15	148	114	65536	62830
HuntMark_DamageEffect	0.30	113	99	65536	62823
HuntMark_DamageEffect	0.50	151	130	65536	62849
HuntMark_DamageEffect	0.75	234	265	65536	62952
HuntMark_DamageEffect	1.00	215	221	65536	62919
HuntMark_DamageEffect	1.50	150	184	65536	62886
HuntMark_DamageEffect	2.00	87	75	65536	62803
HuntMark_DamageEffect	3.00	0	0	65536	62740
HuntMark_EndEffect	0.15	250	241	65536	62936
HuntMark_EndEffect	0.30	253	337	65536	63007
HuntMark_EndEffect	0.50	314	424	65536	63080
HuntMark_EndEffect	0.75	279	377	65536	63040
HuntMark_EndEffect	1.00	312	389	65536	63055
HuntMark_EndEffect	1.50	296	355	65536	63024
HuntMark_EndEffect	2.00	107	64	65536	62792
HuntMark_EndEffect	3.00	0	0	65536	62740
HuntMark_IdleEffect	0.15	34	18	65536	62756
HuntMark_IdleEffect	0.30	59	33	65536	62767
HuntMark_IdleEffect	0.50	78	65	65536	62792
HuntMark_IdleEffect	0.75	139	149	65536	62856
HuntMark_IdleEffect	1.00	168	145	65536	62853
HuntMark_IdleEffect	1.50	189	211	65536	62908
HuntMark_IdleEffect	2.00	235	238	65536	62934
HuntMark_IdleEffect	3.00	286	322	65536	63002
HuntMark_StackEffect	0.15	60	62	65536	62790
HuntMark_StackEffect	0.30	66	75	65536	62801
HuntMark_StackEffect	0.50	77	71	65536	62797
HuntMark_StackEffect	0.75	19	13	65536	62749
HuntMark_StackEffect	1.00	16	7	65536	62745
HuntMark_StackEffect	1.50	1	3	65536	62742
HuntMark_StackEffect	2.00	0	0	65536	62740
HuntMark_StackEffect	3.00	0	0	65536	62740
HuntMark_StartEffect	0.15	40	38	65536	62771
HuntMark_StartEffect	0.30	39	37	65536	62770
HuntMark_StartEffect	0.50	43	42	65536	62776
HuntMark_StartEffect	0.75	57	56	65536	62787
HuntMark_StartEffect	1.00	155	197	65536	62897
HuntMark_StartEffect	1.50	206	372	65536	63026
HuntMark_StartEffect	2.00	36	38	65536	62772
HuntMark_StartEffect	3.00	0	0	65536	62740
HuntMark_User	0.15	35	21	65536	62757
HuntMark_User	0.30	56	40	65536	62773
HuntMark_User	0.50	47	36	65536	62769
HuntMark_User	0.75	58	44	65536	62776
HuntMark_User	1.00	83	63	65536	62791
HuntMark_User	1.50	92	62	65536	62791
HuntMark_User	2.00	62	43	65536	62776
HuntMark_User	3.00	0	0	65536	62740
Immortal Beam	0.15	217	256	65536	62942
Immortal Beam	0.30	215	244	65536	62933
Immortal Beam	0.50	218	236	65536	62925
Immortal Beam	0.75	212	180	65536	62879
Immortal Beam	1.00	23	14	65536	62750
Immortal Beam	1.50	3	1	65536	62741
Immortal Beam	2.00	0	0	65536	62740
Immortal Beam	3.00	0	0	65536	62740
Impact_blunt_lightning	0.15	12	8	65536	62746
Impact_blunt_lightning	0.30	25	16	65536	62751
Impact_blunt_lightning	0.50	60	31	65536	62764
Impact_blunt_lightning	0.75	5	2	65536	62743
Impact_blunt_lightning	1.00	0	0	65536	62742
Impact_blunt_lightning	1.50	0	0	65536	62741
Impact_blunt_lightning	2.00	0	0	65536	62740
Impact_blunt_lightning	3.00	0	0	65536	62740
Impact_blunt_lightning_Big	0.15	198	73	65536	62790
Impact_blunt_lightning_Big	0.30	0	0	65536	62740
Impact_blunt_lightning_Big	0.50	0	0	65536	62740
Impact_blunt_lightning_Big	0.75	50	23	65536	62757
Impact_blunt_lightning_Big	1.00	12	4	65536	62745
Impact_blunt_lightning_Big	1.50	0	0	65536	62740
Impact_blunt_lightning_Big	2.00	0	0	65536	62741
Impact_blunt_lightning_Big	3.00	0	0	65536	62740
Impact_blunt_lightning_Big_Recoil	0.15	61	20	65536	62762
Impact_blunt_lightning_Big_Recoil	0.30	0	0	65536	62740
Impact_blunt_lightning_Big_Recoil	0.50	0	0	65536	62740
Impact_blunt_lightning_Big_Recoil	0.75	12	4	65536	62745
Impact_blunt_lightning_Big_Recoil	1.00	7	2	65536	62743
Impact_blunt_lightning_Big_Recoil	1.50	3	1	65536	62743
Impact_blunt_lightning_Big_Recoil	2.00	0	0	65536	62741
Impact_blunt_lightning_Big_Recoil	3.00	0	0	65536	62740
Impact_Ground_Stomp	0.15	236	114	65536	62826
Impact_Ground_Stomp	0.30	386	297	65536	62993
Impact_Ground_Stomp	0.50	614	514	65536	63181
Impact_Ground_Stomp	0.75	872	764	65536	63392
Impact_Ground_Stomp	1.00	1065	831	65536	63448
Impact_Ground_Stomp	1.50	430	223	65536	62917
Impact_Ground_Stomp	2.00	0	0	65536	62740
Impact_Ground_Stomp	3.00	0	0	65536	62740
Impact_Ground_Stomp_Big	0.15	83	36	65536	62766
Impact_Ground_Stomp_Big	0.30	128	90	65536	62816
Impact_Ground_Stomp_Big	0.50	372	303	65536	62999
Impact_Ground_Stomp_Big	0.75	594	458	65536	63131
Impact_Ground_Stomp_Big	1.00	546	366	65536	63047
Impact_Ground_Stomp_Big	1.50	108	47	65536	62775
Impact_Ground_Stomp_Big	2.00	0	0	65536	62740
Impact_Ground_Stomp_Big	3.00	0	0	65536	62740
Infernal_Gaze	0.15	667	409	65536	62978
Infernal_Gaze	0.30	1058	676	65536	63149
Infernal_Gaze	0.50	1158	950	65536	63468
Infernal_Gaze	0.75	1497	1028	65536	63564
Infernal_Gaze	1.00	1519	910	65536	63451
Infernal_Gaze	1.50	0	0	65536	62740
Infernal_Gaze	2.00	0	0	65536	62740
Infernal_Gaze	3.00	0	0	65536	62740
Infinity Circuit	0.15	0	0	65536	62740
Infinity Circuit	0.30	0	0	65536	62740
Infinity Circuit	0.50	5	2	65536	62742
Infinity Circuit	0.75	5	2	65536	62742
Infinity Circuit	1.00	11	5	65536	62744
Infinity Circuit	1.50	7	3	65536	62742
Infinity Circuit	2.00	33	13	65536	62749
Infinity Circuit	3.00	435	359	65536	63024
InspiredRetributionEffect	0.15	0	0	65536	62740
InspiredRetributionEffect	0.30	2981	6654	65536	67492
InspiredRetributionEffect	0.50	653	790	65536	63369
InspiredRetributionEffect	0.75	382	344	65536	63012
InspiredRetributionEffect	1.00	262	186	65536	62881
InspiredRetributionEffect	1.50	80	43	65536	62773
InspiredRetributionEffect	2.00	70	37	65536	62768
InspiredRetributionEffect	3.00	3	1	65536	62742
Invoke Minion Card Fade Default	0.15	0	0	65536	62740
Invoke Minion Card Fade Default	0.30	0	0	65536	62740
Invoke Minion Card Fade Default	0.50	0	0	65536	62740
Invoke Minion Card Fade Default	0.75	0	0	65536	62740
Invoke Minion Card Fade Default	1.00	0	0	65536	62740
Invoke Minion Card Fade Default	1.50	0	0	65536	62740
Invoke Minion Card Fade Default	2.00	0	0	65536	62740
Invoke Minion Card Fade Default	3.00	0	0	65536	62740
Invoke Minion Card Fade Legendary	0.15	592	476	65536	63111
Invoke Minion Card Fade Legendary	0.30	1232	1158	65536	63630
Invoke Minion Card Fade Legendary	0.50	2206	2145	65536	64388
Invoke Minion Card Fade Legendary	0.75	3369	3440	65536	65379
Invoke Minion Card Fade Legendary	1.00	3598	3331	65536	65303
Invoke Minion Card Fade Legendary	1.50	2954	1815	65536	64117
Invoke Minion Card Fade Legendary	2.00	330	135	65536	62847
Invoke Minion Card Fade Legendary	3.00	0	0	65536	62740
Invoke Minion Hits Ground	0.15	133	90	65536	62817
Invoke Minion Hits Ground	0.30	184	116	65536	62840
Invoke Minion Hits Ground	0.50	96	63	65536	62798
Invoke Minion Hits Ground	0.75	33	25	65536	62763
Invoke Minion Hits Ground	1.00	3	2	65536	62742
Invoke Minion Hits Ground	1.50	2	1	65536	62741
Invoke Minion Hits Ground	2.00	1	0	65536	62740
Invoke Minion Hits Ground	3.00	0	0	65536	62740
Invoke Minion Hits Ground Legendary	0.15	573	467	65536	63126
Invoke Minion Hits Ground Legendary	0.30	709	605	65536	63227
Invoke Minion Hits Ground Legendary	0.50	980	723	65536	63320
Invoke Minion Hits Ground Legendary	0.75	607	308	65536	62983
Invoke Minion Hits Ground Legendary	1.00	139	63	65536	62789
Invoke Minion Hits Ground Legendary	1.50	3	1	65536	62741
Invoke Minion Hits Ground Legendary	2.00	0	0	65536	62740
Invoke Minion Hits Ground Legendary	3.00	0	0	65536	62740
Invoke Minion Legendary ALT	0.15	607	419	65536	63086
Invoke Minion Legendary ALT	0.30	711	497	65536	63153
Invoke Minion Legendary ALT	0.50	581	371	65536	63047
Invoke Minion Legendary ALT	0.75	463	237	65536	62929
Invoke Minion Legendary ALT	1.00	166	75	65536	62798
Invoke Minion Legendary ALT	1.50	3	1	65536	62741
Invoke Minion Legendary ALT	2.00	0	0	65536	62740
Invoke Minion Legendary ALT	3.00	0	0	65536	62740
InvulnerableEffect	0.15	544	538	65536	63180
InvulnerableEffect	0.30	594	699	65536	63300
InvulnerableEffect	0.50	608	756	65536	63344
InvulnerableEffect	0.75	609	756	65536	63343
InvulnerableEffect	1.00	601	738	65536	63331
InvulnerableEffect	1.50	521	518	65536	63168
InvulnerableEffect	2.00	103	135	65536	62848
InvulnerableEffect	3.00	102	142	65536	62853
InvulnerableEffectDark	0.15	451	153	65536	62786
InvulnerableEffectDark	0.30	546	192	65536	62771
InvulnerableEffectDark	0.50	580	208	65536	62775
InvulnerableEffectDark	0.75	577	213	65536	62784
InvulnerableEffectDark	1.00	498	193	65536	62804
InvulnerableEffectDark	1.50	355	159	65536	62832
InvulnerableEffectDark	2.00	137	98	65536	62810
InvulnerableEffectDark	3.00	128	94	65536	62806
InvulnerableEffectGSC	0.15	213	132	65536	62822
InvulnerableEffectGSC	0.30	234	171	65536	62843
InvulnerableEffectGSC	0.50	239	181	65536	62852
InvulnerableEffectGSC	0.75	240	183	65536	62855
InvulnerableEffectGSC	1.00	204	134	65536	62831
InvulnerableEffectGSC	1.50	202	138	65536	62836
InvulnerableEffectGSC	2.00	50	48	65536	62780
InvulnerableEffectGSC	3.00	50	51	65536	62781
InvulnerableEffectGuard	0.15	266	313	65536	62992
InvulnerableEffectGuard	0.30	270	308	65536	62988
InvulnerableEffectGuard	0.50	256	274	65536	62962
InvulnerableEffectGuard	0.75	233	203	65536	62902
InvulnerableEffectGuard	1.00	46	39	65536	62773
InvulnerableEffectGuard	1.50	50	52	65536	62783
InvulnerableEffectGuard	2.00	53	65	65536	62792
InvulnerableEffectGuard	3.00	51	60	65536	62789
InvulnerableEffectSW	0.15	591	741	65536	63335
InvulnerableEffectSW	0.30	594	720	65536	63317
InvulnerableEffectSW	0.50	593	709	65536	63309
InvulnerableEffectSW	0.75	584	646	65536	63259
InvulnerableEffectSW	1.00	569	612	65536	63232
InvulnerableEffectSW	1.50	496	441	65536	63095
InvulnerableEffectSW	2.00	100	133	65536	62847
InvulnerableEffectSW	3.00	100	140	65536	62851
InvulnerableEffectTau	0.15	213	156	65536	62860
InvulnerableEffectTau	0.30	234	202	65536	62897
InvulnerableEffectTau	0.50	242	219	65536	62911
InvulnerableEffectTau	0.75	242	223	65536	62914
InvulnerableEffectTau	1.00	234	214	65536	62907
InvulnerableEffectTau	1.50	91	69	65536	62794
InvulnerableEffectTau	2.00	52	63	65536	62790
InvulnerableEffectTau	3.00	53	66	65536	62793
InvulnerableEffectTyranid	0.15	214	148	65536	62841
InvulnerableEffectTyranid	0.30	236	196	65536	62872
InvulnerableEffectTyranid	0.50	246	219	65536	62887
InvulnerableEffectTyranid	0.75	242	220	65536	62890
InvulnerableEffectTyranid	1.00	237	222	65536	62893
InvulnerableEffectTyranid	1.50	178	150	65536	62851
InvulnerableEffectTyranid	2.00	58	94	65536	62811
InvulnerableEffectTyranid	3.00	57	97	65536	62813
Jammed Communications damage	0.15	271	394	65536	63044
Jammed Communications damage	0.30	389	434	65536	63074
Jammed Communications damage	0.50	492	311	65536	62983
Jammed Communications damage	0.75	243	175	65536	62889
Jammed Communications damage	1.00	223	136	65536	62851
Jammed Communications damage	1.50	6	2	65536	62742
Jammed Communications damage	2.00	0	0	65536	62740
Jammed Communications damage	3.00	0	0	65536	62740
KhaineBuff	0.15	815	510	65536	63031
KhaineBuff	0.30	738	464	65536	63008
KhaineBuff	0.50	584	345	65536	62949
KhaineBuff	0.75	326	167	65536	62843
KhaineBuff	1.00	0	0	65536	62740
KhaineBuff	1.50	0	0	65536	62740
KhaineBuff	2.00	0	0	65536	62740
KhaineBuff	3.00	0	0	65536	62740
Kroot_Summon_quick	0.15	653	572	65536	63197
Kroot_Summon_quick	0.30	597	434	65536	63088
Kroot_Summon_quick	0.50	501	323	65536	62995
Kroot_Summon_quick	0.75	433	265	65536	62952
Kroot_Summon_quick	1.00	337	217	65536	62915
Kroot_Summon_quick	1.50	24	10	65536	62747
Kroot_Summon_quick	2.00	0	0	65536	62740
Kroot_Summon_quick	3.00	0	0	65536	62740
Laser_Red	0.15	4	2	65536	62741
Laser_Red	0.30	4	2	65536	62741
Laser_Red	0.50	4	2	65536	62741
Laser_Red	0.75	4	2	65536	62741
Laser_Red	1.00	0	0	65536	62740
Laser_Red	1.50	0	0	65536	62740
Laser_Red	2.00	0	0	65536	62740
Laser_Red	3.00	0	0	65536	62740
Lasrifle Offscreen Target	0.15	0	0	65536	62740
Lasrifle Offscreen Target	0.30	0	0	65536	62740
Lasrifle Offscreen Target	0.50	0	0	65536	62740
Lasrifle Offscreen Target	0.75	0	0	65536	62740
Lasrifle Offscreen Target	1.00	0	0	65536	62740
Lasrifle Offscreen Target	1.50	0	0	65536	62740
Lasrifle Offscreen Target	2.00	0	0	65536	62740
Lasrifle Offscreen Target	3.00	0	0	65536	62740
Lasrifle_3shots	0.15	0	0	65536	62740
Lasrifle_3shots	0.30	2	1	65536	62741
Lasrifle_3shots	0.50	2	2	65536	62742
Lasrifle_3shots	0.75	4	4	65536	62744
Lasrifle_3shots	1.00	2	2	65536	62742
Lasrifle_3shots	1.50	0	0	65536	62740
Lasrifle_3shots	2.00	0	0	65536	62740
Lasrifle_3shots	3.00	0	0	65536	62740
Lasrifle_auto	0.15	0	0	65536	62740
Lasrifle_auto	0.30	4	5	65536	62744
Lasrifle_auto	0.50	4	6	65536	62745
Lasrifle_auto	0.75	4	6	65536	62745
Lasrifle_auto	1.00	4	6	65536	62745
Lasrifle_auto	1.50	0	0	65536	62740
Lasrifle_auto	2.00	0	0	65536	62740
Lasrifle_auto	3.00	0	0	65536	62740
Lasrifle_auto OLD	0.15	0	0	65536	62740
Lasrifle_auto OLD	0.30	2	2	65536	62742
Lasrifle_auto OLD	0.50	2	2	65536	62742
Lasrifle_auto OLD	0.75	4	3	65536	62743
Lasrifle_auto OLD	1.00	2	2	65536	62742
Lasrifle_auto OLD	1.50	0	0	65536	62740
Lasrifle_auto OLD	2.00	0	0	65536	62740
Lasrifle_auto OLD	3.00	0	0	65536	62740
Lasrifle_basic	0.15	2	2	65536	62742
Lasrifle_basic	0.30	4	5	65536	62744
Lasrifle_basic	0.50	0	0	65536	62740
Lasrifle_basic	0.75	0	0	65536	62740
Lasrifle_basic	1.00	0	0	65536	62740
Lasrifle_basic	1.50	0	0	65536	62740
Lasrifle_basic	2.00	0	0	65536	62740
Lasrifle_basic	3.00	0	0	65536	62740
Lasrifle_basic OLD	0.15	0	0	65536	62740
Lasrifle_basic OLD	0.30	2	3	65536	62743
Lasrifle_basic OLD	0.50	0	0	65536	62740
Lasrifle_basic OLD	0.75	0	0	65536	62740
Lasrifle_basic OLD	1.00	0	0	65536	62740
Lasrifle_basic OLD	1.50	0	0	65536	62740
Lasrifle_basic OLD	2.00	0	0	65536	62740
Lasrifle_basic OLD	3.00	0	0	65536	62740
Lasrifle_hellpistol	0.15	0	0	65536	62740
Lasrifle_hellpistol	0.30	3	3	65536	62742
Lasrifle_hellpistol	0.50	3	3	65536	62742
Lasrifle_hellpistol	0.75	2	2	65536	62741
Lasrifle_hellpistol	1.00	0	0	65536	62740
Lasrifle_hellpistol	1.50	0	0	65536	62740
Lasrifle_hellpistol	2.00	0	0	65536	62740
Lasrifle_hellpistol	3.00	0	0	65536	62740
Lasrifle_Hotshot_2shots	0.15	4	4	65536	62744
Lasrifle_Hotshot_2shots	0.30	8	8	65536	62747
Lasrifle_Hotshot_2shots	0.50	6	6	65536	62745
Lasrifle_Hotshot_2shots	0.75	11	7	65536	62746
Lasrifle_Hotshot_2shots	1.00	0	0	65536	62740
Lasrifle_Hotshot_2shots	1.50	0	0	65536	62740
Lasrifle_Hotshot_2shots	2.00	0	0	65536	62740
Lasrifle_Hotshot_2shots	3.00	0	0	65536	62740
Lasrifle_Hotshot_3shots	0.15	2	2	65536	62742
Lasrifle_Hotshot_3shots	0.30	8	7	65536	62746
Lasrifle_Hotshot_3shots	0.50	4	4	65536	62744
Lasrifle_Hotshot_3shots	0.75	12	8	65536	62746
Lasrifle_Hotshot_3shots	1.00	8	7	65536	62746
Lasrifle_Hotshot_3shots	1.50	0	0	65536	62740
Lasrifle_Hotshot_3shots	2.00	0	0	65536	62740
Lasrifle_Hotshot_3shots	3.00	0	0	65536	62740
Lasrifle_Hotshot_auto_burst	0.15	4	3	65536	62743
Lasrifle_Hotshot_auto_burst	0.30	6	7	65536	62746
Lasrifle_Hotshot_auto_burst	0.50	6	9	65536	62747
Lasrifle_Hotshot_auto_burst	0.75	6	7	65536	62746
Lasrifle_Hotshot_auto_burst	1.00	7	7	65536	62746
Lasrifle_Hotshot_auto_burst	1.50	0	0	65536	62740
Lasrifle_Hotshot_auto_burst	2.00	0	0	65536	62740
Lasrifle_Hotshot_auto_burst	3.00	0	0	65536	62740
Lasrifle_Hotshot_basic	0.15	3	3	65536	62743
Lasrifle_Hotshot_basic	0.30	8	7	65536	62746
Lasrifle_Hotshot_basic	0.50	0	0	65536	62740
Lasrifle_Hotshot_basic	0.75	0	0	65536	62740
Lasrifle_Hotshot_basic	1.00	0	0	65536	62740
Lasrifle_Hotshot_basic	1.50	0	0	65536	62740
Lasrifle_Hotshot_basic	2.00	0	0	65536	62740
Lasrifle_Hotshot_basic	3.00	0	0	65536	62740
Lasrifle_Hotshot_pistol	0.15	0	0	65536	62740
Lasrifle_Hotshot_pistol	0.30	2	2	65536	62742
Lasrifle_Hotshot_pistol	0.50	2	2	65536	62742
Lasrifle_Hotshot_pistol	0.75	4	4	65536	62743
Lasrifle_Hotshot_pistol	1.00	3	3	65536	62742
Lasrifle_Hotshot_pistol	1.50	0	0	65536	62740
Lasrifle_Hotshot_pistol	2.00	0	0	65536	62740
Lasrifle_Hotshot_pistol	3.00	0	0	65536	62740
Lasrifle_laspistol	0.15	1	1	65536	62741
Lasrifle_laspistol	0.30	4	4	65536	62744
Lasrifle_laspistol	0.50	2	2	65536	62742
Lasrifle_laspistol	0.75	4	4	65536	62744
Lasrifle_laspistol	1.00	4	4	65536	62744
Lasrifle_laspistol	1.50	0	0	65536	62740
Lasrifle_laspistol	2.00	0	0	65536	62740
Lasrifle_laspistol	3.00	0	0	65536	62740
Lasrifle_laspistol OLD	0.15	1	1	65536	62741
Lasrifle_laspistol OLD	0.30	3	3	65536	62742
Lasrifle_laspistol OLD	0.50	3	3	65536	62742
Lasrifle_laspistol OLD	0.75	4	3	65536	62743
Lasrifle_laspistol OLD	1.00	0	0	65536	62740
Lasrifle_laspistol OLD	1.50	0	0	65536	62740
Lasrifle_laspistol OLD	2.00	0	0	65536	62740
Lasrifle_laspistol OLD	3.00	0	0	65536	62740
Lasrifle_laspistol_quick	0.15	0	0	65536	62740
Lasrifle_laspistol_quick	0.30	4	4	65536	62743
Lasrifle_laspistol_quick	0.50	2	2	65536	62742
Lasrifle_laspistol_quick	0.75	5	7	65536	62746
Lasrifle_laspistol_quick	1.00	0	0	65536	62740
Lasrifle_laspistol_quick	1.50	0	0	65536	62740
Lasrifle_laspistol_quick	2.00	0	0	65536	62740
Lasrifle_laspistol_quick	3.00	0	0	65536	62740
Lasrifle_laspistol_Ursula_AA	0.15	4	5	65536	62744
Lasrifle_laspistol_Ursula_AA	0.30	2	4	65536	62743
Lasrifle_laspistol_Ursula_AA	0.50	5	7	65536	62746
Lasrifle_laspistol_Ursula_AA	0.75	5	7	65536	62746
Lasrifle_laspistol_Ursula_AA	1.00	4	5	65536	62745
Lasrifle_laspistol_Ursula_AA	1.50	0	0	65536	62740
Lasrifle_laspistol_Ursula_AA	2.00	0	0	65536	62740
Lasrifle_laspistol_Ursula_AA	3.00	0	0	65536	62740
Lasrifle_offscreen	0.15	1	2	65536	62742
Lasrifle_offscreen	0.30	4	7	65536	62746
Lasrifle_offscreen	0.50	2	4	65536	62743
Lasrifle_offscreen	0.75	1	2	65536	62742
Lasrifle_offscreen	1.00	0	0	65536	62740
Lasrifle_offscreen	1.50	0	0	65536	62740
Lasrifle_offscreen	2.00	0	0	65536	62740
Lasrifle_offscreen	3.00	0	0	65536	62740
Lasrifle_offscreen_1x	0.15	1	1	65536	62741
Lasrifle_offscreen_1x	0.30	1	2	65536	62742
Lasrifle_offscreen_1x	0.50	0	0	65536	62740
Lasrifle_offscreen_1x	0.75	0	0	65536	62740
Lasrifle_offscreen_1x	1.00	0	0	65536	62740
Lasrifle_offscreen_1x	1.50	0	0	65536	62740
Lasrifle_offscreen_1x	2.00	0	0	65536	62740
Lasrifle_offscreen_1x	3.00	0	0	65536	62740
Lasrifle_offscreen_5x	0.15	2	4	65536	62743
Lasrifle_offscreen_5x	0.30	4	7	65536	62746
Lasrifle_offscreen_5x	0.50	2	4	65536	62743
Lasrifle_offscreen_5x	0.75	1	2	65536	62742
Lasrifle_offscreen_5x	1.00	0	0	65536	62740
Lasrifle_offscreen_5x	1.50	0	0	65536	62740
Lasrifle_offscreen_5x	2.00	0	0	65536	62740
Lasrifle_offscreen_5x	3.00	0	0	65536	62740
Lightning burst webway	0.15	225	259	65536	62940
Lightning burst webway	0.30	741	824	65536	63370
Lightning burst webway	0.50	675	587	65536	63160
Lightning burst webway	0.75	587	942	65536	63427
Lightning burst webway	1.00	499	807	65536	63325
Lightning burst webway	1.50	423	624	65536	63190
Lightning burst webway	2.00	342	458	65536	63070
Lightning burst webway	3.00	165	268	65536	62935
Lightning_Green	0.15	559	1263	65536	63660
Lightning_Green	0.30	649	1537	65536	63840
Lightning_Green	0.50	481	1059	65536	63505
Lightning_Green	0.75	740	1725	65536	63984
Lightning_Green	1.00	613	1395	65536	63741
Lightning_Green	1.50	669	1495	65536	63826
Lightning_Green	2.00	4505	9250	65536	67764
Lightning_Green	3.00	604	1374	65536	63726
LongRange_GainTrait	0.15	967	792	65536	63388
LongRange_GainTrait	0.30	881	803	65536	63371
LongRange_GainTrait	0.50	673	594	65536	63203
LongRange_GainTrait	0.75	357	366	65536	63017
LongRange_GainTrait	1.00	127	252	65536	62919
LongRange_GainTrait	1.50	85	221	65536	62891
LongRange_GainTrait	2.00	72	153	65536	62857
LongRange_GainTrait	3.00	0	0	65536	62740
LongRange_LoseTrait	0.15	0	0	65536	62740
LongRange_LoseTrait	0.30	0	0	65536	62740
LongRange_LoseTrait	0.50	0	0	65536	62740
LongRange_LoseTrait	0.75	0	0	65536	62740
LongRange_LoseTrait	1.00	0	0	65536	62740
LongRange_LoseTrait	1.50	0	0	65536	62740
LongRange_LoseTrait	2.00	1290	3339	65536	65110
LongRange_LoseTrait	3.00	1450	3910	65536	65425
MarkerlightExpire	0.15	540	705	65536	63254
MarkerlightExpire	0.30	630	832	65536	63348
MarkerlightExpire	0.50	699	874	65536	63380
MarkerlightExpire	0.75	704	885	65536	63390
MarkerlightExpire	1.00	800	1025	65536	63495
MarkerlightExpire	1.50	538	548	65536	63153
MarkerlightExpire	2.00	17	7	65536	62744
MarkerlightExpire	3.00	0	0	65536	62740
MarkerlightIdle	0.15	223	252	65536	62927
MarkerlightIdle	0.30	242	311	65536	62979
MarkerlightIdle	0.50	256	328	65536	62993
MarkerlightIdle	0.75	257	311	65536	62979
MarkerlightIdle	1.00	255	329	65536	62992
MarkerlightIdle	1.50	233	312	65536	62978
MarkerlightIdle	2.00	263	359	65536	63016
MarkerlightIdle	3.00	255	341	65536	63001
MarkerlightProcEffect	0.15	1560	948	65536	63425
MarkerlightProcEffect	0.30	1647	1241	65536	63667
MarkerlightProcEffect	0.50	1755	1421	65536	63784
MarkerlightProcEffect	0.75	1743	1387	65536	63754
MarkerlightProcEffect	1.00	2066	2296	65536	64386
MarkerlightProcEffect	1.50	1884	1812	65536	64054
MarkerlightProcEffect	2.00	210	590	65536	63152
MarkerlightProcEffect	3.00	0	0	65536	62740
MarkerlightSource	0.15	209	133	65536	62825
MarkerlightSource	0.30	240	174	65536	62850
MarkerlightSource	0.50	333	217	65536	62876
MarkerlightSource	0.75	354	208	65536	62872
MarkerlightSource	1.00	75	61	65536	62786
MarkerlightSource	1.50	74	52	65536	62777
MarkerlightSource	2.00	0	0	65536	62740
MarkerlightSource	3.00	0	0	65536	62740
MarkerlightTriggerDamage	0.15	266	198	65536	62897
MarkerlightTriggerDamage	0.30	316	267	65536	62950
MarkerlightTriggerDamage	0.50	342	294	65536	62966
MarkerlightTriggerDamage	0.75	348	290	65536	62966
MarkerlightTriggerDamage	1.00	2599	1982	65536	64306
MarkerlightTriggerDamage	1.50	284	211	65536	62902
MarkerlightTriggerDamage	2.00	57	29	65536	62760
MarkerlightTriggerDamage	3.00	0	0	65536	62740
MarkOfKhorne_enchantment	0.15	1	0	65536	62743
MarkOfKhorne_enchantment	0.30	13	4	65536	62745
MarkOfKhorne_enchantment	0.50	8	2	65536	62746
MarkOfKhorne_enchantment	0.75	7	2	65536	62746
MarkOfKhorne_enchantment	1.00	7	2	65536	62747
MarkOfKhorne_enchantment	1.50	0	0	65536	62742
MarkOfKhorne_enchantment	2.00	14	6	65536	62745
MarkOfKhorne_enchantment	3.00	5	2	65536	62747
MarkOfNurgle_enchantment	0.15	0	0	65536	62740
MarkOfNurgle_enchantment	0.30	0	0	65536	62740
MarkOfNurgle_enchantment	0.50	0	0	65536	62740
MarkOfNurgle_enchantment	0.75	0	0	65536	62740
MarkOfNurgle_enchantment	1.00	0	0	65536	62740
MarkOfNurgle_enchantment	1.50	1603	983	65536	63044
MarkOfNurgle_enchantment	2.00	3146	1968	65536	63375
MarkOfNurgle_enchantment	3.00	3181	1961	65536	63352
MarkOfSlaanesh_enchantment	0.15	0	0	65536	62740
MarkOfSlaanesh_enchantment	0.30	0	0	65536	62740
MarkOfSlaanesh_enchantment	0.50	247	174	65536	62884
MarkOfSlaanesh_enchantment	0.75	169	138	65536	62854
MarkOfSlaanesh_enchantment	1.00	335	295	65536	62980
MarkOfSlaanesh_enchantment	1.50	486	427	65536	63084
MarkOfSlaanesh_enchantment	2.00	897	611	65536	63215
MarkOfSlaanesh_enchantment	3.00	558	435	65536	63101
MarkOfTzeentch_enchantment	0.15	0	0	65536	62740
MarkOfTzeentch_enchantment	0.30	0	0	65536	62740
MarkOfTzeentch_enchantment	0.50	0	0	65536	62740
MarkOfTzeentch_enchantment	0.75	0	0	65536	62740
MarkOfTzeentch_enchantment	1.00	0	0	65536	62740
MarkOfTzeentch_enchantment	1.50	301	415	65536	63032
MarkOfTzeentch_enchantment	2.00	904	1052	65536	63494
MarkOfTzeentch_enchantment	3.00	3481	2697	65536	64668
MasterOfExecutions	0.15	0	0	65536	62740
MasterOfExecutions	0.30	123	107	65536	62829
MasterOfExecutions	0.50	0	0	65536	62740
MasterOfExecutions	0.75	0	0	65536	62740
MasterOfExecutions	1.00	0	0	65536	62740
MasterOfExecutions	1.50	0	0	65536	62740
MasterOfExecutions	2.00	0	0	65536	62740
MasterOfExecutions	3.00	0	0	65536	62740
MegaBlasta	0.15	76	80	65536	62803
MegaBlasta	0.30	58	75	65536	62796
MegaBlasta	0.50	117	168	65536	62855
MegaBlasta	0.75	63	181	65536	62865
MegaBlasta	1.00	39	109	65536	62816
MegaBlasta	1.50	7	15	65536	62752
MegaBlasta	2.00	0	0	65536	62740
MegaBlasta	3.00	0	0	65536	62740
MegaBlasta_Small	0.15	12	10	65536	62748
MegaBlasta_Small	0.30	20	13	65536	62749
MegaBlasta_Small	0.50	13	11	65536	62749
MegaBlasta_Small	0.75	6	5	65536	62745
MegaBlasta_Small	1.00	0	0	65536	62740
MegaBlasta_Small	1.50	0	0	65536	62740
MegaBlasta_Small	2.00	0	0	65536	62740
MegaBlasta_Small	3.00	0	0	65536	62740
Meteor Angled	0.15	0	0	65536	62740
Meteor Angled	0.30	0	0	65536	62740
Meteor Angled	0.50	0	0	65536	62740
Meteor Angled	0.75	0	0	65536	62740
Meteor Angled	1.00	0	0	65536	62740
Meteor Angled	1.50	0	0	65536	62740
Meteor Angled	2.00	0	0	65536	62740
Meteor Angled	3.00	0	0	65536	62740
Mining_Laser	0.15	15	11	65536	62748
Mining_Laser	0.30	15	11	65536	62749
Mining_Laser	0.50	16	11	65536	62749
Mining_Laser	0.75	16	12	65536	62749
Mining_Laser	1.00	0	0	65536	62740
Mining_Laser	1.50	0	0	65536	62740
Mining_Laser	2.00	0	0	65536	62740
Mining_Laser	3.00	0	0	65536	62740
MobEffect	0.15	0	0	65536	62740
MobEffect	0.30	2	2	65536	62742
MobEffect	0.50	6	5	65536	62745
MobEffect	0.75	16	14	65536	62752
MobEffect	1.00	24	20	65536	62758
MobEffect	1.50	22	17	65536	62755
MobEffect	2.00	15	10	65536	62749
MobEffect	3.00	1	1	65536	62741
MoreDakkaEffect	0.15	2881	1671	65536	63985
MoreDakkaEffect	0.30	2859	2160	65536	64467
MoreDakkaEffect	0.50	2589	1913	65536	64272
MoreDakkaEffect	0.75	2554	1713	65536	64095
MoreDakkaEffect	1.00	2450	1835	65536	64214
MoreDakkaEffect	1.50	2450	980	65536	63298
MoreDakkaEffect	2.00	0	0	65536	62740
MoreDakkaEffect	3.00	0	0	65536	62740
Necron_Regenerate	0.15	0	0	65536	62740
Necron_Regenerate	0.30	0	0	65536	62740
Necron_Regenerate	0.50	55	33	65536	62766
Necron_Regenerate	0.75	62	46	65536	62779
Necron_Regenerate	1.00	59	42	65536	62775
Necron_Regenerate	1.50	59	40	65536	62773
Necron_Regenerate	2.00	62	43	65536	62775
Necron_Regenerate	3.00	0	0	65536	62740
NecronGauss	0.15	4	2	65536	62742
NecronGauss	0.30	4	2	65536	62742
NecronGauss	0.50	4	2	65536	62742
NecronGauss	0.75	0	0	65536	62740
NecronGauss	1.00	0	0	65536	62740
NecronGauss	1.50	0	0	65536	62740
NecronGauss	2.00	0	0	65536	62740
NecronGauss	3.00	0	0	65536	62740
NecronGauss_Damaged Hexmark	0.15	0	0	65536	62740
NecronGauss_Damaged Hexmark	0.30	15	10	65536	62748
NecronGauss_Damaged Hexmark	0.50	17	11	65536	62749
NecronGauss_Damaged Hexmark	0.75	12	8	65536	62748
NecronGauss_Damaged Hexmark	1.00	16	11	65536	62749
NecronGauss_Damaged Hexmark	1.50	2	1	65536	62741
NecronGauss_Damaged Hexmark	2.00	2	2	65536	62742
NecronGauss_Damaged Hexmark	3.00	0	0	65536	62740
NecronGauss_Deathmark	0.15	0	0	65536	62740
NecronGauss_Deathmark	0.30	2	1	65536	62741
NecronGauss_Deathmark	0.50	0	0	65536	62740
NecronGauss_Deathmark	0.75	0	0	65536	62740
NecronGauss_Deathmark	1.00	0	0	65536	62740
NecronGauss_Deathmark	1.50	0	0	65536	62740
NecronGauss_Deathmark	2.00	0	0	65536	62740
NecronGauss_Deathmark	3.00	0	0	65536	62740
NecronGauss_Double	0.15	0	0	65536	62740
NecronGauss_Double	0.30	9	5	65536	62744
NecronGauss_Double	0.50	8	4	65536	62744
NecronGauss_Double	0.75	9	5	65536	62744
NecronGauss_Double	1.00	0	0	65536	62741
NecronGauss_Double	1.50	0	0	65536	62740
NecronGauss_Double	2.00	0	0	65536	62740
NecronGauss_Double	3.00	0	0	65536	62740
NecronGauss_Hexmark	0.15	0	0	65536	62740
NecronGauss_Hexmark	0.30	13	9	65536	62748
NecronGauss_Hexmark	0.50	16	11	65536	62749
NecronGauss_Hexmark	0.75	22	12	65536	62748
NecronGauss_Hexmark	1.00	20	11	65536	62749
NecronGauss_Hexmark	1.50	4	3	65536	62743
NecronGauss_Hexmark	2.00	0	0	65536	62740
NecronGauss_Hexmark	3.00	0	0	65536	62740
NecronGauss_Imotekh_AA	0.15	8	6	65536	62745
NecronGauss_Imotekh_AA	0.30	8	9	65536	62748
NecronGauss_Imotekh_AA	0.50	11	12	65536	62750
NecronGauss_Imotekh_AA	0.75	12	12	65536	62750
NecronGauss_Imotekh_AA	1.00	7	5	65536	62744
NecronGauss_Imotekh_AA	1.50	0	0	65536	62740
NecronGauss_Imotekh_AA	2.00	0	0	65536	62740
NecronGauss_Imotekh_AA	3.00	0	0	65536	62740
NecronGauss_Large	0.15	0	0	65536	62740
NecronGauss_Large	0.30	4	2	65536	62741
NecronGauss_Large	0.50	4	2	65536	62741
NecronGauss_Large	0.75	5	2	65536	62741
NecronGauss_Large	1.00	4	2	65536	62741
NecronGauss_Large	1.50	0	0	65536	62740
NecronGauss_Large	2.00	0	0	65536	62740
NecronGauss_Large	3.00	0	0	65536	62740
NecronGauss_Tesla	0.15	0	0	65536	62740
NecronGauss_Tesla	0.30	4	2	65536	62742
NecronGauss_Tesla	0.50	4	2	65536	62742
NecronGauss_Tesla	0.75	4	2	65536	62742
NecronGauss_Tesla	1.00	4	2	65536	62742
NecronGauss_Tesla	1.50	0	0	65536	62740
NecronGauss_Tesla	2.00	0	0	65536	62740
NecronGauss_Tesla	3.00	0	0	65536	62740
NecronGauss_Tesla_Annihilation Barge	0.15	0	0	65536	62740
NecronGauss_Tesla_Annihilation Barge	0.30	8	4	65536	62743
NecronGauss_Tesla_Annihilation Barge	0.50	8	4	65536	62743
NecronGauss_Tesla_Annihilation Barge	0.75	8	4	65536	62743
NecronGauss_Tesla_Annihilation Barge	1.00	8	4	65536	62743
NecronGauss_Tesla_Annihilation Barge	1.50	0	0	65536	62740
NecronGauss_Tesla_Annihilation Barge	2.00	0	0	65536	62740
NecronGauss_Tesla_Annihilation Barge	3.00	0	0	65536	62740
NecronGauss_Trilinked	0.15	0	0	65536	62740
NecronGauss_Trilinked	0.30	4	3	65536	62743
NecronGauss_Trilinked	0.50	4	3	65536	62743
NecronGauss_Trilinked	0.75	5	4	65536	62744
NecronGauss_Trilinked	1.00	4	3	65536	62743
NecronGauss_Trilinked	1.50	0	0	65536	62740
NecronGauss_Trilinked	2.00	0	0	65536	62740
NecronGauss_Trilinked	3.00	0	0	65536	62740
NecronGauss_Twinlinked	0.15	0	0	65536	62740
NecronGauss_Twinlinked	0.30	4	3	65536	62743
NecronGauss_Twinlinked	0.50	4	3	65536	62743
NecronGauss_Twinlinked	0.75	5	3	65536	62743
NecronGauss_Twinlinked	1.00	4	3	65536	62743
NecronGauss_Twinlinked	1.50	0	0	65536	62740
NecronGauss_Twinlinked	2.00	0	0	65536	62740
NecronGauss_Twinlinked	3.00	0	0	65536	62740
Necrons death explosion	0.15	571	269	65529	62907
Necrons death explosion	0.30	352	124	65529	62674
Necrons death explosion	0.50	387	144	65526	62708
Necrons death explosion	0.75	444	156	65525	62725
Necrons death explosion	1.00	437	102	65522	62619
Necrons death explosion	1.50	272	8	65529	62500
Necrons death explosion	2.00	258	0	65529	62495
Necrons death explosion	3.00	258	0	65529	62495
NephilimShadow_Flyover	0.15	0	0	65536	62740
NephilimShadow_Flyover	0.30	0	0	65536	62740
NephilimShadow_Flyover	0.50	0	0	65536	62740
NephilimShadow_Flyover	0.75	0	0	65536	62740
NephilimShadow_Flyover	1.00	0	0	65536	62740
NephilimShadow_Flyover	1.50	0	0	65536	62740
NephilimShadow_Flyover	2.00	0	0	65536	62740
NephilimShadow_Flyover	3.00	0	0	65536	62740
Njal Blizzard Attack	0.15	30	13	65536	62751
Njal Blizzard Attack	0.30	110	75	65536	62802
Njal Blizzard Attack	0.50	226	151	65536	62862
Njal Blizzard Attack	0.75	322	197	65536	62901
Njal Blizzard Attack	1.00	323	212	65536	62915
Njal Blizzard Attack	1.50	14	5	65536	62745
Njal Blizzard Attack	2.00	0	0	65536	62741
Njal Blizzard Attack	3.00	0	0	65536	62740
NoMukkinAboutEffect	0.15	0	0	65536	62740
NoMukkinAboutEffect	0.30	0	0	65536	62740
NoMukkinAboutEffect	0.50	0	0	65536	62740
NoMukkinAboutEffect	0.75	9	10	65536	62748
NoMukkinAboutEffect	1.00	9	10	65536	62748
NoMukkinAboutEffect	1.50	9	10	65536	62748
NoMukkinAboutEffect	2.00	0	0	65536	62740
NoMukkinAboutEffect	3.00	0	0	65536	62740
Oath_Effect	0.15	210	343	65536	62999
Oath_Effect	0.30	244	317	65536	62976
Oath_Effect	0.50	263	331	65536	62983
Oath_Effect	0.75	208	249	65536	62923
Oath_Effect	1.00	76	95	65536	62816
Oath_Effect	1.50	0	0	65536	62740
Oath_Effect	2.00	0	0	65536	62740
Oath_Effect	3.00	0	0	65536	62740
Offensive_Sweeping_Infestation_Target	0.15	94	87	65536	62809
Offensive_Sweeping_Infestation_Target	0.30	100	95	65536	62813
Offensive_Sweeping_Infestation_Target	0.50	92	82	65536	62802
Offensive_Sweeping_Infestation_Target	0.75	0	0	65536	62740
Offensive_Sweeping_Infestation_Target	1.00	0	0	65536	62740
Offensive_Sweeping_Infestation_Target	1.50	0	0	65536	62740
Offensive_Sweeping_Infestation_Target	2.00	0	0	65536	62740
Offensive_Sweeping_Infestation_Target	3.00	0	0	65536	62740
Offensive_Thunderstorm Target	0.15	411	330	65536	63004
Offensive_Thunderstorm Target	0.30	82	46	65536	62772
Offensive_Thunderstorm Target	0.50	90	64	65536	62787
Offensive_Thunderstorm Target	0.75	38	34	65536	62766
Offensive_Thunderstorm Target	1.00	23	22	65536	62756
Offensive_Thunderstorm Target	1.50	3	2	65536	62741
Offensive_Thunderstorm Target	2.00	0	0	65536	62740
Offensive_Thunderstorm Target	3.00	0	0	65536	62740
Orbital 3 repeat	0.15	0	0	65536	62740
Orbital 3 repeat	0.30	0	0	65536	62740
Orbital 3 repeat	0.50	0	0	65536	62740
Orbital 3 repeat	0.75	0	0	65536	62740
Orbital 3 repeat	1.00	0	0	65536	62740
Orbital 3 repeat	1.50	0	0	65536	62740
Orbital 3 repeat	2.00	0	0	65536	62740
Orbital 3 repeat	3.00	0	0	65536	62740
Orbital 4 repeat	0.15	0	0	65536	62740
Orbital 4 repeat	0.30	0	0	65536	62740
Orbital 4 repeat	0.50	0	0	65536	62740
Orbital 4 repeat	0.75	0	0	65536	62740
Orbital 4 repeat	1.00	0	0	65536	62740
Orbital 4 repeat	1.50	0	0	65536	62740
Orbital 4 repeat	2.00	0	0	65536	62740
Orbital 4 repeat	3.00	0	0	65536	62740
Orbital Bombardment Enemy Warlord	0.15	0	0	65536	62741
Orbital Bombardment Enemy Warlord	0.30	7	2	65536	62742
Orbital Bombardment Enemy Warlord	0.50	11	4	65536	62742
Orbital Bombardment Enemy Warlord	0.75	14	6	65536	62743
Orbital Bombardment Enemy Warlord	1.00	11	5	65536	62743
Orbital Bombardment Enemy Warlord	1.50	13	8	65536	62746
Orbital Bombardment Enemy Warlord	2.00	16	11	65536	62749
Orbital Bombardment Enemy Warlord	3.00	24	17	65536	62754
Orbital Bombardment Target	0.15	0	0	65536	62741
Orbital Bombardment Target	0.30	7	2	65536	62742
Orbital Bombardment Target	0.50	11	4	65536	62742
Orbital Bombardment Target	0.75	16	6	65536	62743
Orbital Bombardment Target	1.00	11	5	65536	62743
Orbital Bombardment Target	1.50	11	6	65536	62745
Orbital Bombardment Target	2.00	15	10	65536	62748
Orbital Bombardment Target	3.00	24	17	65536	62754
Ork Environmental Condition Dust	0.15	492	203	65536	62883
Ork Environmental Condition Dust	0.30	832	375	65536	62987
Ork Environmental Condition Dust	0.50	1094	529	65536	63072
Ork Environmental Condition Dust	0.75	1214	590	65536	63090
Ork Environmental Condition Dust	1.00	1253	604	65536	63084
Ork Environmental Condition Dust	1.50	1064	515	65536	63054
Ork Environmental Condition Dust	2.00	91	48	65536	62778
Ork Environmental Condition Dust	3.00	93	54	65536	62783
Ork Environmental Condition Spore Clouds	0.15	1	1	65536	62741
Ork Environmental Condition Spore Clouds	0.30	1	1	65536	62741
Ork Environmental Condition Spore Clouds	0.50	2	1	65536	62741
Ork Environmental Condition Spore Clouds	0.75	1	1	65536	62742
Ork Environmental Condition Spore Clouds	1.00	5	2	65536	62743
Ork Environmental Condition Spore Clouds	1.50	31	12	65536	62750
Ork Environmental Condition Spore Clouds	2.00	45	18	65536	62752
Ork Environmental Condition Spore Clouds	3.00	197	95	65536	62806
Ork_Rocket	0.15	0	0	65536	62740
Ork_Rocket	0.30	1	2	65536	62742
Ork_Rocket	0.50	0	0	65536	62740
Ork_Rocket	0.75	0	0	65536	62740
Ork_Rocket	1.00	0	0	65536	62740
Ork_Rocket	1.50	0	0	65536	62740
Ork_Rocket	2.00	0	0	65536	62740
Ork_Rocket	3.00	0	0	65536	62740
Ork_RocketDown	0.15	1	2	65536	62741
Ork_RocketDown	0.30	0	0	65536	62740
Ork_RocketDown	0.50	0	0	65536	62740
Ork_RocketDown	0.75	4	8	65536	62746
Ork_RocketDown	1.00	10	6	65536	62745
Ork_RocketDown	1.50	5	3	65536	62742
Ork_RocketDown	2.00	0	0	65536	62740
Ork_RocketDown	3.00	0	0	65536	62740
Ork_RocketUp	0.15	0	0	65536	62740
Ork_RocketUp	0.30	1	2	65536	62742
Ork_RocketUp	0.50	0	0	65536	62740
Ork_RocketUp	0.75	0	0	65536	62740
Ork_RocketUp	1.00	0	0	65536	62740
Ork_RocketUp	1.50	0	0	65536	62740
Ork_RocketUp	2.00	0	0	65536	62740
Ork_RocketUp	3.00	0	0	65536	62740
Ork_Squiggoth_Charge	0.15	0	0	65536	62740
Ork_Squiggoth_Charge	0.30	0	0	65536	62740
Ork_Squiggoth_Charge	0.50	0	0	65536	62740
Ork_Squiggoth_Charge	0.75	0	0	65536	62740
Ork_Squiggoth_Charge	1.00	0	0	65536	62740
Ork_Squiggoth_Charge	1.50	0	0	65536	62740
Ork_Squiggoth_Charge	2.00	0	0	65536	62740
Ork_Squiggoth_Charge	3.00	0	0	65536	62740
Ork_StormboyzStrike	0.15	0	0	65536	62740
Ork_StormboyzStrike	0.30	0	0	65536	62740
Ork_StormboyzStrike	0.50	0	0	65536	62740
Ork_StormboyzStrike	0.75	0	0	65536	62740
Ork_StormboyzStrike	1.00	0	0	65536	62740
Ork_StormboyzStrike	1.50	0	0	65536	62740
Ork_StormboyzStrike	2.00	0	0	65536	62740
Ork_StormboyzStrike	3.00	0	0	65536	62740
Ork_Target	0.15	144	171	65536	62877
Ork_Target	0.30	220	207	65536	62902
Ork_Target	0.50	489	480	65536	63107
Ork_Target	0.75	833	438	65536	63060
Ork_Target	1.00	0	0	65536	62740
Ork_Target	1.50	0	0	65536	62740
Ork_Target	2.00	0	0	65536	62740
Ork_Target	3.00	0	0	65536	62740
Ork_Trampla_Charge	0.15	0	0	65536	62740
Ork_Trampla_Charge	0.30	0	0	65536	62740
Ork_Trampla_Charge	0.50	0	0	65536	62740
Ork_Trampla_Charge	0.75	0	0	65536	62740
Ork_Trampla_Charge	1.00	0	0	65536	62740
Ork_Trampla_Charge	1.50	0	0	65536	62740
Ork_Trampla_Charge	2.00	0	0	65536	62740
Ork_Trampla_Charge	3.00	0	0	65536	62740
OrkBuff_KrumpDaGitz	0.15	88	84	65536	62800
OrkBuff_KrumpDaGitz	0.30	103	93	65536	62807
OrkBuff_KrumpDaGitz	0.50	383	257	65536	62939
OrkBuff_KrumpDaGitz	0.75	463	370	65536	63040
OrkBuff_KrumpDaGitz	1.00	412	284	65536	62980
OrkBuff_KrumpDaGitz	1.50	368	218	65536	62924
OrkBuff_KrumpDaGitz	2.00	243	105	65536	62824
OrkBuff_KrumpDaGitz	3.00	0	0	65536	62740
OrkBuff_Recall	0.15	181	147	65536	62817
OrkBuff_Recall	0.30	209	273	65536	62938
OrkBuff_Recall	0.50	227	455	65536	63077
OrkBuff_Recall	0.75	1154	925	65536	63379
OrkBuff_Recall	1.00	902	466	65536	63022
OrkBuff_Recall	1.50	0	0	65536	62741
OrkBuff_Recall	2.00	0	0	65536	62740
OrkBuff_Recall	3.00	0	0	65536	62740
OrkBuff_Snakebitez_1	0.15	121	156	65536	62863
OrkBuff_Snakebitez_1	0.30	163	180	65536	62881
OrkBuff_Snakebitez_1	0.50	255	208	65536	62893
OrkBuff_Snakebitez_1	0.75	216	115	65536	62824
OrkBuff_Snakebitez_1	1.00	38	14	65536	62752
OrkBuff_Snakebitez_1	1.50	0	0	65536	62740
OrkBuff_Snakebitez_1	2.00	0	0	65536	62740
OrkBuff_Snakebitez_1	3.00	0	0	65536	62740
OrkBuff_Snakebitez_1_2D_SFX	0.15	134	180	65536	62883
OrkBuff_Snakebitez_1_2D_SFX	0.30	179	199	65536	62896
OrkBuff_Snakebitez_1_2D_SFX	0.50	256	220	65536	62904
OrkBuff_Snakebitez_1_2D_SFX	0.75	248	144	65536	62842
OrkBuff_Snakebitez_1_2D_SFX	1.00	41	14	65536	62751
OrkBuff_Snakebitez_1_2D_SFX	1.50	0	0	65536	62740
OrkBuff_Snakebitez_1_2D_SFX	2.00	0	0	65536	62740
OrkBuff_Snakebitez_1_2D_SFX	3.00	0	0	65536	62740
OrkBuff_Snakebitez_1_NoIcon	0.15	13	12	65536	62750
OrkBuff_Snakebitez_1_NoIcon	0.30	60	59	65536	62786
OrkBuff_Snakebitez_1_NoIcon	0.50	136	97	65536	62809
OrkBuff_Snakebitez_1_NoIcon	0.75	63	24	65536	62757
OrkBuff_Snakebitez_1_NoIcon	1.00	41	14	65536	62751
OrkBuff_Snakebitez_1_NoIcon	1.50	0	0	65536	62740
OrkBuff_Snakebitez_1_NoIcon	2.00	0	0	65536	62740
OrkBuff_Snakebitez_1_NoIcon	3.00	0	0	65536	62740
OrkBuff_Snakebitez_1_Quick	0.15	39	39	65536	62772
OrkBuff_Snakebitez_1_Quick	0.30	120	111	65536	62822
OrkBuff_Snakebitez_1_Quick	0.50	165	134	65536	62835
OrkBuff_Snakebitez_1_Quick	0.75	154	71	65536	62786
OrkBuff_Snakebitez_1_Quick	1.00	15	5	65536	62747
OrkBuff_Snakebitez_1_Quick	1.50	0	0	65536	62740
OrkBuff_Snakebitez_1_Quick	2.00	0	0	65536	62740
OrkBuff_Snakebitez_1_Quick	3.00	0	0	65536	62740
OrkBuff_Snakebitez_2	0.15	76	154	65536	62856
OrkBuff_Snakebitez_2	0.30	81	151	65536	62853
OrkBuff_Snakebitez_2	0.50	88	136	65536	62844
OrkBuff_Snakebitez_2	0.75	509	335	65536	62989
OrkBuff_Snakebitez_2	1.00	470	248	65536	62927
OrkBuff_Snakebitez_2	1.50	0	0	65536	62741
OrkBuff_Snakebitez_2	2.00	0	0	65536	62740
OrkBuff_Snakebitez_2	3.00	0	0	65536	62740
OrkBuff_Snakebitez_2_Intense	0.15	158	311	65536	62970
OrkBuff_Snakebitez_2_Intense	0.30	158	323	65536	62979
OrkBuff_Snakebitez_2_Intense	0.50	141	273	65536	62945
OrkBuff_Snakebitez_2_Intense	0.75	608	504	65536	63124
OrkBuff_Snakebitez_2_Intense	1.00	580	396	65536	63008
OrkBuff_Snakebitez_2_Intense	1.50	9	4	65536	62742
OrkBuff_Snakebitez_2_Intense	2.00	0	0	65536	62740
OrkBuff_Snakebitez_2_Intense	3.00	0	0	65536	62740
OrkBuffGreenWaaagh	0.15	681	508	65536	62866
OrkBuffGreenWaaagh	0.30	886	755	65536	63038
OrkBuffGreenWaaagh	0.50	995	838	65536	63100
OrkBuffGreenWaaagh	0.75	1101	881	65536	63115
OrkBuffGreenWaaagh	1.00	251	246	65536	62926
OrkBuffGreenWaaagh	1.50	26	18	65536	62755
OrkBuffGreenWaaagh	2.00	0	0	65536	62740
OrkBuffGreenWaaagh	3.00	0	0	65536	62740
Pack_WhileInPlay	0.15	0	0	65536	62740
Pack_WhileInPlay	0.30	0	0	65536	62740
Pack_WhileInPlay	0.50	2	2	65536	62742
Pack_WhileInPlay	0.75	0	0	65536	62740
Pack_WhileInPlay	1.00	2	2	65536	62742
Pack_WhileInPlay	1.50	4	5	65536	62744
Pack_WhileInPlay	2.00	4	5	65536	62744
Pack_WhileInPlay	3.00	2	3	65536	62742
PathOfCommand_buff	0.15	62	67	65536	62795
PathOfCommand_buff	0.30	59	57	65536	62787
PathOfCommand_buff	0.50	70	84	65536	62807
PathOfCommand_buff	0.75	47	75	65536	62799
PathOfCommand_buff	1.00	54	91	65536	62811
PathOfCommand_buff	1.50	49	66	65536	62792
PathOfCommand_buff	2.00	51	57	65536	62786
PathOfCommand_buff	3.00	0	0	65536	62740
PathOfTheSeer	0.15	82	96	65536	62819
PathOfTheSeer	0.30	85	95	65536	62818
PathOfTheSeer	0.50	75	84	65536	62809
PathOfTheSeer	0.75	21	21	65536	62758
PathOfTheSeer	1.00	83	87	65536	62812
PathOfTheSeer	1.50	68	68	65536	62796
PathOfTheSeer	2.00	1002	724	65536	63222
PathOfTheSeer	3.00	10	8	65536	62747
PathOfTheSeer_BG-effect	0.15	82	95	65536	62818
PathOfTheSeer_BG-effect	0.30	85	95	65536	62818
PathOfTheSeer_BG-effect	0.50	71	81	65536	62806
PathOfTheSeer_BG-effect	0.75	21	21	65536	62758
PathOfTheSeer_BG-effect	1.00	80	85	65536	62810
PathOfTheSeer_BG-effect	1.50	66	67	65536	62795
PathOfTheSeer_BG-effect	2.00	1002	722	65536	63219
PathOfTheSeer_BG-effect	3.00	7	6	65536	62745
PathOfTheSeerGreen	0.15	83	90	65536	62814
PathOfTheSeerGreen	0.30	87	92	65536	62815
PathOfTheSeerGreen	0.50	75	82	65536	62808
PathOfTheSeerGreen	0.75	23	23	65536	62759
PathOfTheSeerGreen	1.00	84	91	65536	62815
PathOfTheSeerGreen	1.50	69	77	65536	62803
PathOfTheSeerGreen	2.00	984	612	65536	63102
PathOfTheSeerGreen	3.00	9	7	65536	62746
PathOfTheSeerRed	0.15	84	93	65536	62817
PathOfTheSeerRed	0.30	83	95	65536	62818
PathOfTheSeerRed	0.50	72	82	65536	62808
PathOfTheSeerRed	0.75	24	24	65536	62760
PathOfTheSeerRed	1.00	86	98	65536	62821
PathOfTheSeerRed	1.50	73	80	65536	62805
PathOfTheSeerRed	2.00	1007	576	65536	63043
PathOfTheSeerRed	3.00	10	8	65536	62747
PathOfTheWarrior_Projectile	0.15	1597	1480	65536	63911
PathOfTheWarrior_Projectile	0.30	2549	1891	65536	64113
PathOfTheWarrior_Projectile	0.50	3362	2075	65536	64152
PathOfTheWarrior_Projectile	0.75	2428	1128	65536	63487
PathOfTheWarrior_Projectile	1.00	11	14	65536	62752
PathOfTheWarrior_Projectile	1.50	491	446	65536	63079
PathOfTheWarrior_Projectile	2.00	576	502	65536	63120
PathOfTheWarrior_Projectile	3.00	0	0	65536	62740
PenitenceEffect	0.15	0	0	65536	62740
PenitenceEffect	0.30	76	88	65536	62804
PenitenceEffect	0.50	140	203	65536	62895
PenitenceEffect	0.75	562	626	65536	63206
PenitenceEffect	1.00	508	421	65536	63020
PenitenceEffect	1.50	183	285	65536	62956
PenitenceEffect	2.00	0	0	65536	62740
PenitenceEffect	3.00	0	0	65536	62740
PinDownEffect	0.15	9	1	65536	62737
PinDownEffect	0.30	9	1	65536	62735
PinDownEffect	0.50	12	2	65536	62733
PinDownEffect	0.75	29	4	65536	62730
PinDownEffect	1.00	42	6	65536	62727
PinDownEffect	1.50	56	6	65535	62719
PinDownEffect	2.00	48	6	65536	62724
PinDownEffect	3.00	44	6	65536	62726
Plasma_basic OLD	0.15	0	0	65536	62740
Plasma_basic OLD	0.30	35	40	65536	62772
Plasma_basic OLD	0.50	29	34	65536	62767
Plasma_basic OLD	0.75	24	29	65536	62763
Plasma_basic OLD	1.00	0	0	65536	62740
Plasma_basic OLD	1.50	0	0	65536	62740
Plasma_basic OLD	2.00	0	0	65536	62740
Plasma_basic OLD	3.00	0	0	65536	62740
Plasma_basic_blue	0.15	1	0	65536	62741
Plasma_basic_blue	0.30	28	16	65536	62751
Plasma_basic_blue	0.50	16	15	65536	62753
Plasma_basic_blue	0.75	16	13	65536	62751
Plasma_basic_blue	1.00	1	0	65536	62741
Plasma_basic_blue	1.50	0	0	65536	62740
Plasma_basic_blue	2.00	0	0	65536	62740
Plasma_basic_blue	3.00	0	0	65536	62740
Plasma_basic_blue_double	0.15	7	2	65536	62742
Plasma_basic_blue_double	0.30	0	0	65536	62740
Plasma_basic_blue_double	0.50	0	0	65536	62740
Plasma_basic_blue_double	0.75	0	0	65536	62740
Plasma_basic_blue_double	1.00	0	0	65536	62740
Plasma_basic_blue_double	1.50	0	0	65536	62740
Plasma_basic_blue_double	2.00	0	0	65536	62740
Plasma_basic_blue_double	3.00	0	0	65536	62740
Plasma_basic_blue_triple	0.15	3	1	65536	62741
Plasma_basic_blue_triple	0.30	19	13	65536	62751
Plasma_basic_blue_triple	0.50	0	0	65536	62740
Plasma_basic_blue_triple	0.75	0	0	65536	62740
Plasma_basic_blue_triple	1.00	0	0	65536	62740
Plasma_basic_blue_triple	1.50	12	10	65536	62748
Plasma_basic_blue_triple	2.00	0	0	65536	62740
Plasma_basic_blue_triple	3.00	0	0	65536	62740
Plasma_basic_blue_twinlink	0.15	54	67	65536	62792
Plasma_basic_blue_twinlink	0.30	3	1	65536	62741
Plasma_basic_blue_twinlink	0.50	36	33	65536	62767
Plasma_basic_blue_twinlink	0.75	33	27	65536	62763
Plasma_basic_blue_twinlink	1.00	7	3	65536	62742
Plasma_basic_blue_twinlink	1.50	0	0	65536	62740
Plasma_basic_blue_twinlink	2.00	0	0	65536	62740
Plasma_basic_blue_twinlink	3.00	0	0	65536	62740
Plasma_basic_burst_turqoise	0.15	4	3	65536	62743
Plasma_basic_burst_turqoise	0.30	36	43	65536	62772
Plasma_basic_burst_turqoise	0.50	20	14	65536	62752
Plasma_basic_burst_turqoise	0.75	48	48	65536	62777
Plasma_basic_burst_turqoise	1.00	43	39	65536	62771
Plasma_basic_burst_turqoise	1.50	0	0	65536	62740
Plasma_basic_burst_turqoise	2.00	0	0	65536	62740
Plasma_basic_burst_turqoise	3.00	0	0	65536	62740
Plasma_basic_pink	0.15	0	0	65536	62741
Plasma_basic_pink	0.30	0	0	65536	62740
Plasma_basic_pink	0.50	18	15	65536	62752
Plasma_basic_pink	0.75	14	12	65536	62751
Plasma_basic_pink	1.00	1	0	65536	62741
Plasma_basic_pink	1.50	0	0	65536	62740
Plasma_basic_pink	2.00	0	0	65536	62740
Plasma_basic_pink	3.00	0	0	65536	62740
Plasma_basic_pink OLD	0.15	0	0	65536	62740
Plasma_basic_pink OLD	0.30	35	40	65536	62772
Plasma_basic_pink OLD	0.50	29	34	65536	62767
Plasma_basic_pink OLD	0.75	24	29	65536	62763
Plasma_basic_pink OLD	1.00	0	0	65536	62740
Plasma_basic_pink OLD	1.50	0	0	65536	62740
Plasma_basic_pink OLD	2.00	0	0	65536	62740
Plasma_basic_pink OLD	3.00	0	0	65536	62740
Plasma_basic_red	0.15	30	26	65536	62760
Plasma_basic_red	0.30	0	0	65536	62740
Plasma_basic_red	0.50	18	14	65536	62752
Plasma_basic_red	0.75	15	12	65536	62750
Plasma_basic_red	1.00	1	0	65536	62741
Plasma_basic_red	1.50	0	0	65536	62740
Plasma_basic_red	2.00	0	0	65536	62740
Plasma_basic_red	3.00	0	0	65536	62740
Plasma_basic_turqoise	0.15	1	1	65536	62742
Plasma_basic_turqoise	0.30	0	0	65536	62740
Plasma_basic_turqoise	0.50	21	19	65536	62755
Plasma_basic_turqoise	0.75	13	14	65536	62751
Plasma_basic_turqoise	1.00	6	2	65536	62742
Plasma_basic_turqoise	1.50	0	0	65536	62740
Plasma_basic_turqoise	2.00	0	0	65536	62740
Plasma_basic_turqoise	3.00	0	0	65536	62740
Plasma_basic_yellow	0.15	36	49	65536	62778
Plasma_basic_yellow	0.30	0	0	65536	62740
Plasma_basic_yellow	0.50	19	17	65536	62754
Plasma_basic_yellow	0.75	14	13	65536	62751
Plasma_basic_yellow	1.00	2	1	65536	62741
Plasma_basic_yellow	1.50	0	0	65536	62740
Plasma_basic_yellow	2.00	0	0	65536	62740
Plasma_basic_yellow	3.00	0	0	65536	62740
Plasma_blue_pointblank	0.15	47	53	65536	62781
Plasma_blue_pointblank	0.30	39	24	65536	62758
Plasma_blue_pointblank	0.50	1	1	65536	62741
Plasma_blue_pointblank	0.75	0	0	65536	62740
Plasma_blue_pointblank	1.00	0	0	65536	62740
Plasma_blue_pointblank	1.50	0	0	65536	62740
Plasma_blue_pointblank	2.00	0	0	65536	62740
Plasma_blue_pointblank	3.00	0	0	65536	62740
Plasma_blue_pointblank_double	0.15	49	54	65536	62781
Plasma_blue_pointblank_double	0.30	7	3	65536	62743
Plasma_blue_pointblank_double	0.50	43	42	65536	62771
Plasma_blue_pointblank_double	0.75	0	0	65536	62740
Plasma_blue_pointblank_double	1.00	0	0	65536	62740
Plasma_blue_pointblank_double	1.50	0	0	65536	62740
Plasma_blue_pointblank_double	2.00	0	0	65536	62740
Plasma_blue_pointblank_double	3.00	0	0	65536	62740
Plasma_triple_Azrael_AA	0.15	23	34	65536	62766
Plasma_triple_Azrael_AA	0.30	25	42	65536	62772
Plasma_triple_Azrael_AA	0.50	28	48	65536	62776
Plasma_triple_Azrael_AA	0.75	31	52	65536	62780
Plasma_triple_Azrael_AA	1.00	26	42	65536	62772
Plasma_triple_Azrael_AA	1.50	22	20	65536	62756
Plasma_triple_Azrael_AA	2.00	21	11	65536	62749
Plasma_triple_Azrael_AA	3.00	0	0	65536	62740
Plasmancer_Damage	0.15	559	411	65536	63075
Plasmancer_Damage	0.30	782	701	65536	63261
Plasmancer_Damage	0.50	820	847	65536	63379
Plasmancer_Damage	0.75	4452	4755	65536	66123
Plasmancer_Damage	1.00	2421	1654	65536	63840
Plasmancer_Damage	1.50	1115	652	65536	63150
Plasmancer_Damage	2.00	43	15	65536	62763
Plasmancer_Damage	3.00	0	0	65536	62740
Possession_self	0.15	29	20	65536	62748
Possession_self	0.30	109	75	65536	62767
Possession_self	0.50	167	111	65536	62783
Possession_self	0.75	170	105	65536	62784
Possession_self	1.00	173	102	65536	62784
Possession_self	1.50	106	55	65536	62763
Possession_self	2.00	2286	1283	65536	63633
Possession_self	3.00	3	2	65536	62742
Pray_Exit	0.15	271	271	65536	62954
Pray_Exit	0.30	288	318	65536	62992
Pray_Exit	0.50	364	457	65536	63093
Pray_Exit	0.75	406	559	65536	63164
Pray_Exit	1.00	461	582	65536	63184
Pray_Exit	1.50	589	568	65536	63175
Pray_Exit	2.00	199	125	65536	62831
Pray_Exit	3.00	20	16	65536	62754
Pray_Idle	0.15	479	501	65536	63150
Pray_Idle	0.30	481	505	65536	63153
Pray_Idle	0.50	486	521	65536	63165
Pray_Idle	0.75	498	553	65536	63188
Pray_Idle	1.00	505	571	65536	63201
Pray_Idle	1.50	491	555	65536	63188
Pray_Idle	2.00	483	562	65536	63189
Pray_Idle	3.00	486	525	65536	63166
Pray_Start	0.15	269	163	65536	62866
Pray_Start	0.30	275	166	65536	62869
Pray_Start	0.50	280	197	65536	62893
Pray_Start	0.75	264	184	65536	62886
Pray_Start	1.00	275	226	65536	62915
Pray_Start	1.50	183	133	65536	62850
Pray_Start	2.00	29	19	65536	62756
Pray_Start	3.00	0	0	65536	62740
Pray_Success	0.15	154	96	65536	62821
Pray_Success	0.30	214	138	65536	62853
Pray_Success	0.50	282	187	65536	62887
Pray_Success	0.75	321	228	65536	62918
Pray_Success	1.00	368	264	65536	62945
Pray_Success	1.50	455	367	65536	63017
Pray_Success	2.00	472	378	65536	63029
Pray_Success	3.00	46	19	65536	62753
Protocol Base	0.15	0	0	65536	62740
Protocol Base	0.30	0	0	65536	62740
Protocol Base	0.50	0	0	65536	62740
Protocol Base	0.75	0	0	65536	62740
Protocol Base	1.00	0	0	65536	62740
Protocol Base	1.50	615	1090	65536	63568
Protocol Base	2.00	171	96	65536	62800
Protocol Base	3.00	0	0	65536	62740
Psychic_Lightning	0.15	714	406	65536	63029
Psychic_Lightning	0.30	69	141	65536	62839
Psychic_Lightning	0.50	694	474	65536	63089
Psychic_Lightning	0.75	86	241	65536	62908
Psychic_Lightning	1.00	26	72	65536	62790
Psychic_Lightning	1.50	0	0	65536	62740
Psychic_Lightning	2.00	0	0	65536	62740
Psychic_Lightning	3.00	0	0	65536	62740
Psychic_Lightning_blast	0.15	2290	2086	65536	64336
Psychic_Lightning_blast	0.30	3819	3821	65536	65653
Psychic_Lightning_blast	0.50	1923	2688	65536	64926
Psychic_Lightning_blast	0.75	0	0	65536	62740
Psychic_Lightning_blast	1.00	0	0	65536	62740
Psychic_Lightning_blast	1.50	0	0	65536	62740
Psychic_Lightning_blast	2.00	0	0	65536	62740
Psychic_Lightning_blast	3.00	0	0	65536	62740
Psychic_Lightning_blast_chaos	0.15	2628	2560	65536	64739
Psychic_Lightning_blast_chaos	0.30	3062	3038	65536	65052
Psychic_Lightning_blast_chaos	0.50	2033	1548	65536	63961
Psychic_Lightning_blast_chaos	0.75	0	0	65536	62740
Psychic_Lightning_blast_chaos	1.00	0	0	65536	62740
Psychic_Lightning_blast_chaos	1.50	0	0	65536	62740
Psychic_Lightning_blast_chaos	2.00	0	0	65536	62740
Psychic_Lightning_blast_chaos	3.00	0	0	65536	62740
Psychic_Lightning_chaos	0.15	257	226	65536	62906
Psychic_Lightning_chaos	0.30	85	42	65536	62771
Psychic_Lightning_chaos	0.50	63	25	65536	62760
Psychic_Lightning_chaos	0.75	0	0	65536	62740
Psychic_Lightning_chaos	1.00	0	0	65536	62740
Psychic_Lightning_chaos	1.50	0	0	65536	62740
Psychic_Lightning_chaos	2.00	0	0	65536	62740
Psychic_Lightning_chaos	3.00	0	0	65536	62740
Psychic_Lightning_down	0.15	986	1063	65536	63511
Psychic_Lightning_down	0.30	1060	1531	65536	63840
Psychic_Lightning_down	0.50	234	524	65536	63122
Psychic_Lightning_down	0.75	47	108	65536	62820
Psychic_Lightning_down	1.00	0	0	65536	62740
Psychic_Lightning_down	1.50	0	0	65536	62740
Psychic_Lightning_down	2.00	0	0	65536	62740
Psychic_Lightning_down	3.00	0	0	65536	62740
Psychic_Lightning_down_Intense_white	0.15	277	672	65536	63211
Psychic_Lightning_down_Intense_white	0.30	310	876	65536	63347
Psychic_Lightning_down_Intense_white	0.50	533	1505	65536	63783
Psychic_Lightning_down_Intense_white	0.75	817	2230	65536	64306
Psychic_Lightning_down_Intense_white	1.00	0	0	65536	62740
Psychic_Lightning_down_Intense_white	1.50	0	0	65536	62740
Psychic_Lightning_down_Intense_white	2.00	0	0	65536	62740
Psychic_Lightning_down_Intense_white	3.00	0	0	65536	62740
Psychic_Lightning_down_Waaagh_Green	0.15	189	307	65536	62976
Psychic_Lightning_down_Waaagh_Green	0.30	320	538	65536	63151
Psychic_Lightning_down_Waaagh_Green	0.50	350	538	65536	63149
Psychic_Lightning_down_Waaagh_Green	0.75	272	440	65536	63078
Psychic_Lightning_down_Waaagh_Green	1.00	410	700	65536	63281
Psychic_Lightning_down_Waaagh_Green	1.50	0	0	65536	62740
Psychic_Lightning_down_Waaagh_Green	2.00	0	0	65536	62740
Psychic_Lightning_down_Waaagh_Green	3.00	0	0	65536	62740
Psychic_Lightning_Genestealer	0.15	39	35	65536	62769
Psychic_Lightning_Genestealer	0.30	380	450	65536	63093
Psychic_Lightning_Genestealer	0.50	297	376	65536	63024
Psychic_Lightning_Genestealer	0.75	77	157	65536	62855
Psychic_Lightning_Genestealer	1.00	88	136	65536	62841
Psychic_Lightning_Genestealer	1.50	93	80	65536	62807
Psychic_Lightning_Genestealer	2.00	0	0	65536	62740
Psychic_Lightning_Genestealer	3.00	0	0	65536	62740
Psychic_Lightning_Genestealer_Benefictus	0.15	87	233	65536	62904
Psychic_Lightning_Genestealer_Benefictus	0.30	276	592	65536	63161
Psychic_Lightning_Genestealer_Benefictus	0.50	620	1661	65536	63901
Psychic_Lightning_Genestealer_Benefictus	0.75	498	1334	65536	63678
Psychic_Lightning_Genestealer_Benefictus	1.00	111	133	65536	62845
Psychic_Lightning_Genestealer_Benefictus	1.50	52	26	65536	62761
Psychic_Lightning_Genestealer_Benefictus	2.00	0	0	65536	62740
Psychic_Lightning_Genestealer_Benefictus	3.00	0	0	65536	62740
Psychic_Lightning_NornEmissary	0.15	68	56	65536	62784
Psychic_Lightning_NornEmissary	0.30	227	253	65536	62940
Psychic_Lightning_NornEmissary	0.50	246	225	65536	62915
Psychic_Lightning_NornEmissary	0.75	43	46	65536	62776
Psychic_Lightning_NornEmissary	1.00	24	28	65536	62762
Psychic_Lightning_NornEmissary	1.50	4	2	65536	62742
Psychic_Lightning_NornEmissary	2.00	0	0	65536	62740
Psychic_Lightning_NornEmissary	3.00	0	0	65536	62740
Psychic_Lightning_Purple	0.15	402	187	65536	62874
Psychic_Lightning_Purple	0.30	306	382	65536	63026
Psychic_Lightning_Purple	0.50	369	449	65536	63077
Psychic_Lightning_Purple	0.75	31	91	65536	62802
Psychic_Lightning_Purple	1.00	18	52	65536	62776
Psychic_Lightning_Purple	1.50	0	0	65536	62740
Psychic_Lightning_Purple	2.00	0	0	65536	62740
Psychic_Lightning_Purple	3.00	0	0	65536	62740
Psychic_Lightning_Red	0.15	369	384	65536	63032
Psychic_Lightning_Red	0.30	61	76	65536	62797
Psychic_Lightning_Red	0.50	34	72	65536	62792
Psychic_Lightning_Red	0.75	42	119	65536	62822
Psychic_Lightning_Red	1.00	19	55	65536	62778
Psychic_Lightning_Red	1.50	0	0	65536	62740
Psychic_Lightning_Red	2.00	0	0	65536	62740
Psychic_Lightning_Red	3.00	0	0	65536	62740
Psychic_Lightning_Swarmlord	0.15	72	58	65536	62785
Psychic_Lightning_Swarmlord	0.30	383	312	65536	62992
Psychic_Lightning_Swarmlord	0.50	57	74	65536	62797
Psychic_Lightning_Swarmlord	0.75	374	231	65536	62919
Psychic_Lightning_Swarmlord	1.00	24	25	65536	62759
Psychic_Lightning_Swarmlord	1.50	4	2	65536	62741
Psychic_Lightning_Swarmlord	2.00	0	0	65536	62740
Psychic_Lightning_Swarmlord	3.00	0	0	65536	62740
Psychic_Lightning_Tyranid	0.15	72	59	65536	62786
Psychic_Lightning_Tyranid	0.30	132	237	65536	62909
Psychic_Lightning_Tyranid	0.50	288	471	65536	63075
Psychic_Lightning_Tyranid	0.75	39	71	65536	62792
Psychic_Lightning_Tyranid	1.00	70	180	65536	62867
Psychic_Lightning_Tyranid	1.50	7	8	65536	62745
Psychic_Lightning_Tyranid	2.00	0	0	65536	62740
Psychic_Lightning_Tyranid	3.00	0	0	65536	62740
Psychic_Lightning_Waaagh	0.15	0	0	65536	62740
Psychic_Lightning_Waaagh	0.30	0	0	65536	62740
Psychic_Lightning_Waaagh	0.50	0	0	65536	62740
Psychic_Lightning_Waaagh	0.75	0	0	65536	62740
Psychic_Lightning_Waaagh	1.00	0	0	65536	62740
Psychic_Lightning_Waaagh	1.50	0	0	65536	62740
Psychic_Lightning_Waaagh	2.00	0	0	65536	62740
Psychic_Lightning_Waaagh	3.00	0	0	65536	62740
Psychic_Lightning_Waaagh_Board	0.15	0	0	65536	62740
Psychic_Lightning_Waaagh_Board	0.30	0	0	65536	62740
Psychic_Lightning_Waaagh_Board	0.50	0	0	65536	62740
Psychic_Lightning_Waaagh_Board	0.75	0	0	65536	62740
Psychic_Lightning_Waaagh_Board	1.00	0	0	65536	62740
Psychic_Lightning_Waaagh_Board	1.50	0	0	65536	62740
Psychic_Lightning_Waaagh_Board	2.00	0	0	65536	62740
Psychic_Lightning_Waaagh_Board	3.00	0	0	65536	62740
Psychic_Lightning_warlord_chaos	0.15	844	984	65536	63501
Psychic_Lightning_warlord_chaos	0.30	1440	1361	65536	63769
Psychic_Lightning_warlord_chaos	0.50	194	136	65536	62853
Psychic_Lightning_warlord_chaos	0.75	0	0	65536	62740
Psychic_Lightning_warlord_chaos	1.00	0	0	65536	62740
Psychic_Lightning_warlord_chaos	1.50	0	0	65536	62740
Psychic_Lightning_warlord_chaos	2.00	0	0	65536	62740
Psychic_Lightning_warlord_chaos	3.00	0	0	65536	62740
Psychic_Lightning_warlord_OLD	0.15	785	1045	65536	63563
Psychic_Lightning_warlord_OLD	0.30	1559	1920	65536	64224
Psychic_Lightning_warlord_OLD	0.50	980	1170	65536	63706
Psychic_Lightning_warlord_OLD	0.75	0	0	65536	62740
Psychic_Lightning_warlord_OLD	1.00	0	0	65536	62740
Psychic_Lightning_warlord_OLD	1.50	0	0	65536	62740
Psychic_Lightning_warlord_OLD	2.00	0	0	65536	62740
Psychic_Lightning_warlord_OLD	3.00	0	0	65536	62740
Psychic_Lightning_white	0.15	426	418	65536	63082
Psychic_Lightning_white	0.30	96	226	65536	62897
Psychic_Lightning_white	0.50	419	292	65536	62967
Psychic_Lightning_white	0.75	18	48	65536	62774
Psychic_Lightning_white	1.00	0	0	65536	62740
Psychic_Lightning_white	1.50	0	0	65536	62740
Psychic_Lightning_white	2.00	0	0	65536	62740
Psychic_Lightning_white	3.00	0	0	65536	62740
Psychomancer_Stun	0.15	631	498	65536	63119
Psychomancer_Stun	0.30	926	1123	65536	63548
Psychomancer_Stun	0.50	1047	1267	65536	63668
Psychomancer_Stun	0.75	3388	3942	65536	65448
Psychomancer_Stun	1.00	3380	3302	65536	65014
Psychomancer_Stun	1.50	1619	1192	65536	63498
Psychomancer_Stun	2.00	391	132	65536	62791
Psychomancer_Stun	3.00	0	0	65536	62740
Pulse Onslaught	0.15	70	81	65536	62797
Pulse Onslaught	0.30	219	252	65536	62914
Pulse Onslaught	0.50	168	201	65536	62880
Pulse Onslaught	0.75	157	186	65536	62870
Pulse Onslaught	1.00	179	201	65536	62881
Pulse Onslaught	1.50	0	0	65536	62740
Pulse Onslaught	2.00	0	0	65536	62740
Pulse Onslaught	3.00	0	0	65536	62740
Quest UI Gain	0.15	1552	993	65536	63515
Quest UI Gain	0.30	1440	968	65536	63509
Quest UI Gain	0.50	1382	769	65536	63318
Quest UI Gain	0.75	1136	1140	65536	63641
Quest UI Gain	1.00	1164	1041	65536	63545
Quest UI Gain	1.50	23	22	65536	62760
Quest UI Gain	2.00	0	0	65536	62740
Quest UI Gain	3.00	0	0	65536	62740
Quest UI Trigger	0.15	2481	2320	65536	64548
Quest UI Trigger	0.30	2638	2421	65536	64614
Quest UI Trigger	0.50	2735	2499	65536	64644
Quest UI Trigger	0.75	2383	2133	65536	64410
Quest UI Trigger	1.00	1114	1074	65536	63565
Quest UI Trigger	1.50	0	0	65536	62727
Quest UI Trigger	2.00	0	0	65536	62740
Quest UI Trigger	3.00	0	0	65536	62740
Railgun turret	0.15	0	0	65536	62740
Railgun turret	0.30	0	0	65536	62740
Railgun turret	0.50	0	0	65536	62740
Railgun turret	0.75	0	0	65536	62740
Railgun turret	1.00	0	0	65536	62740
Railgun turret	1.50	0	0	65536	62740
Railgun turret	2.00	0	0	65536	62740
Railgun turret	3.00	0	0	65536	62740
RallyEffect	0.15	73	72	65536	62798
RallyEffect	0.30	71	101	65536	62818
RallyEffect	0.50	58	118	65536	62827
RallyEffect	0.75	36	65	65536	62789
RallyEffect	1.00	4	4	65536	62743
RallyEffect	1.50	3	2	65536	62742
RallyEffect	2.00	6	5	65536	62744
RallyEffect	3.00	0	0	65536	62740
Rapacious_Hunger	0.15	2508	1196	65536	63548
Rapacious_Hunger	0.30	1284	617	65536	63168
Rapacious_Hunger	0.50	156	58	65536	62772
Rapacious_Hunger	0.75	19	5	65536	62740
Rapacious_Hunger	1.00	0	0	65536	62740
Rapacious_Hunger	1.50	0	0	65536	62740
Rapacious_Hunger	2.00	0	0	65536	62740
Rapacious_Hunger	3.00	0	0	65536	62740
Rapturous Ruination Board	0.15	72	60	65536	62790
Rapturous Ruination Board	0.30	104	84	65536	62808
Rapturous Ruination Board	0.50	96	107	65536	62827
Rapturous Ruination Board	0.75	179	195	65536	62900
Rapturous Ruination Board	1.00	191	193	65535	62897
Rapturous Ruination Board	1.50	160	183	65536	62889
Rapturous Ruination Board	2.00	234	254	65536	62944
Rapturous Ruination Board	3.00	39	34	65536	62766
Recall_Eldar	0.15	200	139	65536	62778
Recall_Eldar	0.30	1292	2749	65536	64669
Recall_Eldar	0.50	3638	2859	65536	62642
Recall_Eldar	0.75	7458	3855	65536	60228
Recall_Eldar	1.00	7993	4419	65536	60680
Recall_Eldar	1.50	1531	2187	65536	64229
Recall_Eldar	2.00	0	0	65536	62740
Recall_Eldar	3.00	0	0	65536	62740
Recall_Eldar_2	0.15	33	1	65536	62712
Recall_Eldar_2	0.30	883	1807	65536	64041
Recall_Eldar_2	0.50	1705	2369	65536	63917
Recall_Eldar_2	0.75	3383	2976	65536	63128
Recall_Eldar_2	1.00	3290	3927	65536	64576
Recall_Eldar_2	1.50	1278	1549	65536	63850
Recall_Eldar_2	2.00	272	144	65536	62858
Recall_Eldar_2	3.00	11	9	65536	62748
Recall_Eldar_2_quick	0.15	348	0	65536	62407
Recall_Eldar_2_quick	0.30	2432	3550	65536	64534
Recall_Eldar_2_quick	0.50	3169	4503	65536	64996
Recall_Eldar_2_quick	0.75	3132	4727	65536	65755
Recall_Eldar_2_quick	1.00	3687	5425	65536	66503
Recall_Eldar_2_quick	1.50	3581	4748	65536	66119
Recall_Eldar_2_quick	2.00	23	17	65536	62756
Recall_Eldar_2_quick	3.00	0	0	65536	62740
Recall_Eldar_2_quick_ground	0.15	157	0	65536	62591
Recall_Eldar_2_quick_ground	0.30	1099	1622	65536	63574
Recall_Eldar_2_quick_ground	0.50	1297	1751	65536	63569
Recall_Eldar_2_quick_ground	0.75	1439	2345	65536	64325
Recall_Eldar_2_quick_ground	1.00	1498	2185	65536	64235
Recall_Eldar_2_quick_ground	1.50	961	1251	65536	63628
Recall_Eldar_2_quick_ground	2.00	16	13	65536	62755
Recall_Eldar_2_quick_ground	3.00	1	1	65536	62741
Recall_Eldar_2_quick_ground_warlord	0.15	178	0	65536	62570
Recall_Eldar_2_quick_ground_warlord	0.30	1225	1733	65536	63580
Recall_Eldar_2_quick_ground_warlord	0.50	1629	2401	65536	64047
Recall_Eldar_2_quick_ground_warlord	0.75	1758	2560	65536	64283
Recall_Eldar_2_quick_ground_warlord	1.00	2127	3137	65536	64934
Recall_Eldar_2_quick_ground_warlord	1.50	1409	1822	65536	64045
Recall_Eldar_2_quick_ground_warlord	2.00	18	16	65536	62755
Recall_Eldar_2_quick_ground_warlord	3.00	2	2	65536	62742
Recall_Eldar_2_quick_UI	0.15	359	14	65536	62431
Recall_Eldar_2_quick_UI	0.30	2415	3645	65536	64779
Recall_Eldar_2_quick_UI	0.50	2981	4420	65536	65160
Recall_Eldar_2_quick_UI	0.75	2870	4859	65536	66164
Recall_Eldar_2_quick_UI	1.00	3246	4827	65536	66118
Recall_Eldar_2_quick_UI	1.50	2131	2384	65536	64554
Recall_Eldar_2_quick_UI	2.00	16	14	65536	62756
Recall_Eldar_2_quick_UI	3.00	0	0	65536	62740
Recall_Eldar_2_reverse	0.15	579	1063	65536	63514
Recall_Eldar_2_reverse	0.30	1279	1221	65536	62973
Recall_Eldar_2_reverse	0.50	1555	1453	65536	62988
Recall_Eldar_2_reverse	0.75	1602	1676	65536	63317
Recall_Eldar_2_reverse	1.00	1407	1647	65536	63534
Recall_Eldar_2_reverse	1.50	88	69	65536	62800
Recall_Eldar_2_reverse	2.00	11	10	65536	62748
Recall_Eldar_2_reverse	3.00	0	0	65536	62740
Recall_Generic	0.15	53	60	65536	62793
Recall_Generic	0.30	38	40	65536	62775
Recall_Generic	0.50	25	24	65536	62761
Recall_Generic	0.75	627	1086	65536	63568
Recall_Generic	1.00	22	19	65536	62756
Recall_Generic	1.50	0	0	65536	62740
Recall_Generic	2.00	0	0	65536	62740
Recall_Generic	3.00	0	0	65536	62740
Recon Enemy Hand	0.15	687	515	65536	63135
Recon Enemy Hand	0.30	866	612	65536	63210
Recon Enemy Hand	0.50	931	550	65536	63157
Recon Enemy Hand	0.75	788	412	65536	63042
Recon Enemy Hand	1.00	652	385	65536	63024
Recon Enemy Hand	1.50	830	463	65536	63093
Recon Enemy Hand	2.00	106	41	65536	62769
Recon Enemy Hand	3.00	0	0	65536	62740
Recon Enemy Hand Purple	0.15	930	640	65536	63240
Recon Enemy Hand Purple	0.30	1197	857	65536	63408
Recon Enemy Hand Purple	0.50	1216	965	65536	63500
Recon Enemy Hand Purple	0.75	1165	906	65536	63448
Recon Enemy Hand Purple	1.00	1064	857	65536	63413
Recon Enemy Hand Purple	1.50	1472	941	65536	63457
Recon Enemy Hand Purple	2.00	152	82	65536	62800
Recon Enemy Hand Purple	3.00	0	0	65536	62740
Recon Hit	0.15	1494	1517	65536	63950
Recon Hit	0.30	1492	1571	65536	63993
Recon Hit	0.50	1450	1395	65536	63861
Recon Hit	0.75	1503	1259	65536	63757
Recon Hit	1.00	927	547	65536	63150
Recon Hit	1.50	0	0	65536	62740
Recon Hit	2.00	0	0	65536	62740
Recon Hit	3.00	0	0	65536	62740
Recon Hit Purple	0.15	1495	1767	65536	64160
Recon Hit Purple	0.30	1511	1809	65536	64192
Recon Hit Purple	0.50	1602	1678	65536	64090
Recon Hit Purple	0.75	1509	1462	65536	63937
Recon Hit Purple	1.00	876	486	65536	63087
Recon Hit Purple	1.50	0	0	65536	62740
Recon Hit Purple	2.00	0	0	65536	62740
Recon Hit Purple	3.00	0	0	65536	62740
Recon Scan	0.15	116	63	65536	62788
Recon Scan	0.30	99	61	65536	62788
Recon Scan	0.50	105	69	65536	62795
Recon Scan	0.75	125	86	65536	62808
Recon Scan	1.00	140	97	65536	62816
Recon Scan	1.50	103	59	65536	62785
Recon Scan	2.00	16	10	65536	62748
Recon Scan	3.00	0	0	65536	62740
Recon Scan 2	0.15	90	47	65536	62776
Recon Scan 2	0.30	71	44	65536	62775
Recon Scan 2	0.50	82	56	65536	62784
Recon Scan 2	0.75	107	82	65536	62806
Recon Scan 2	1.00	131	101	65536	62821
Recon Scan 2	1.50	114	65	65536	62789
Recon Scan 2	2.00	32	16	65536	62751
Recon Scan 2	3.00	0	0	65536	62740
Recon Scan Purple	0.15	149	145	65536	62853
Recon Scan Purple	0.30	136	158	65536	62861
Recon Scan Purple	0.50	157	186	65536	62888
Recon Scan Purple	0.75	164	154	65536	62868
Recon Scan Purple	1.00	83	52	65536	62782
Recon Scan Purple	1.50	0	0	65536	62740
Recon Scan Purple	2.00	0	0	65536	62740
Recon Scan Purple	3.00	0	0	65536	62740
RegimentEffect	0.15	0	0	65536	62740
RegimentEffect	0.30	693	1995	65536	64115
RegimentEffect	0.50	670	1861	65536	64015
RegimentEffect	0.75	621	1797	65536	63966
RegimentEffect	1.00	709	1818	65536	64046
RegimentEffect	1.50	0	0	65536	62740
RegimentEffect	2.00	0	0	65536	62740
RegimentEffect	3.00	0	0	65536	62740
Relentless Fusillade	0.15	0	0	65536	62740
Relentless Fusillade	0.30	0	0	65536	62740
Relentless Fusillade	0.50	135	161	65536	62854
Relentless Fusillade	0.75	133	149	65536	62842
Relentless Fusillade	1.00	221	249	65536	62912
Relentless Fusillade	1.50	78	91	65536	62804
Relentless Fusillade	2.00	0	0	65536	62740
Relentless Fusillade	3.00	0	0	65536	62740
Relentless Fusillade sniper	0.15	39	42	65536	62770
Relentless Fusillade sniper	0.30	118	126	65536	62827
Relentless Fusillade sniper	0.50	0	0	65536	62740
Relentless Fusillade sniper	0.75	0	0	65536	62740
Relentless Fusillade sniper	1.00	0	0	65536	62740
Relentless Fusillade sniper	1.50	0	0	65536	62740
Relentless Fusillade sniper	2.00	0	0	65536	62740
Relentless Fusillade sniper	3.00	0	0	65536	62740
RelentlessEffect	0.15	606	482	65536	63104
RelentlessEffect	0.30	619	585	65536	63178
RelentlessEffect	0.50	619	585	65536	63178
RelentlessEffect	0.75	595	443	65536	63075
RelentlessEffect	1.00	0	0	65536	62740
RelentlessEffect	1.50	0	0	65536	62740
RelentlessEffect	2.00	0	0	65536	62740
RelentlessEffect	3.00	0	0	65536	62740
RemnantBody3D Aeldari	0.15	737	1292	65535	63650
RemnantBody3D Aeldari	0.30	693	1282	65534	63656
RemnantBody3D Aeldari	0.50	703	1284	65534	63665
RemnantBody3D Aeldari	0.75	707	1276	65535	63664
RemnantBody3D Aeldari	1.00	721	1262	65536	63618
RemnantBody3D Aeldari	1.50	674	1235	65536	63589
RemnantBody3D Aeldari	2.00	659	1226	65532	63579
RemnantBody3D Aeldari	3.00	660	1224	65536	63568
RemnantBody3D Necrons	0.15	532	281	65491	62898
RemnantBody3D Necrons	0.30	515	258	65491	62860
RemnantBody3D Necrons	0.50	362	211	65489	62829
RemnantBody3D Necrons	0.75	456	307	65489	62912
RemnantBody3D Necrons	1.00	424	267	65490	62882
RemnantBody3D Necrons	1.50	348	153	65487	62770
RemnantBody3D Necrons	2.00	329	157	65490	62780
RemnantBody3D Necrons	3.00	178	43	65487	62682
RiftCannon_Laser	0.15	36	33	65536	62767
RiftCannon_Laser	0.30	37	33	65536	62767
RiftCannon_Laser	0.50	38	33	65536	62767
RiftCannon_Laser	0.75	36	34	65536	62767
RiftCannon_Laser	1.00	3	3	65536	62743
RiftCannon_Laser	1.50	0	0	65536	62740
RiftCannon_Laser	2.00	0	0	65536	62740
RiftCannon_Laser	3.00	0	0	65536	62740
RocketTrail	0.15	932	994	65536	63500
RocketTrail	0.30	1302	1210	65536	63693
RocketTrail	0.50	13	12	65536	62750
RocketTrail	0.75	4	4	65536	62743
RocketTrail	1.00	6	4	65536	62744
RocketTrail	1.50	0	0	65536	62740
RocketTrail	2.00	0	0	65536	62740
RocketTrail	3.00	0	0	65536	62740
Rockfall	0.15	0	0	65536	62740
Rockfall	0.30	0	0	65536	62740
Rockfall	0.50	0	0	65536	62740
Rockfall	0.75	0	0	65536	62740
Rockfall	1.00	0	0	65536	62740
Rockfall	1.50	0	0	65536	62740
Rockfall	2.00	0	0	65536	62740
Rockfall	3.00	0	0	65536	62740
SAU_CardDraw	0.15	0	0	65536	62740
SAU_CardDraw	0.30	94	46	65536	62768
SAU_CardDraw	0.50	136	103	65536	62813
SAU_CardDraw	0.75	273	200	65536	62876
SAU_CardDraw	1.00	318	211	65536	62883
SAU_CardDraw	1.50	2	1	65536	62741
SAU_CardDraw	2.00	0	0	65536	62740
SAU_CardDraw	3.00	0	0	65536	62740
Sau_CurseOfThePhaeron	0.15	136	43	65536	62757
Sau_CurseOfThePhaeron	0.30	182	44	65536	62723
Sau_CurseOfThePhaeron	0.50	261	83	65536	62749
Sau_CurseOfThePhaeron	0.75	293	103	65536	62763
Sau_CurseOfThePhaeron	1.00	333	122	65536	62775
Sau_CurseOfThePhaeron	1.50	290	114	65536	62794
Sau_CurseOfThePhaeron	2.00	129	66	65536	62780
Sau_CurseOfThePhaeron	3.00	0	0	65536	62740
Sau_DamageProtocol	0.15	0	0	65536	62740
Sau_DamageProtocol	0.30	0	0	65536	62740
Sau_DamageProtocol	0.50	0	0	65536	62740
Sau_DamageProtocol	0.75	3005	3406	65536	64116
Sau_DamageProtocol	1.00	559	688	65536	63247
Sau_DamageProtocol	1.50	17	6	65536	62747
Sau_DamageProtocol	2.00	0	0	65536	62740
Sau_DamageProtocol	3.00	0	0	65536	62740
Sau_DamageProtocol_OLD	0.15	0	0	65536	62740
Sau_DamageProtocol_OLD	0.30	0	0	65536	62740
Sau_DamageProtocol_OLD	0.50	0	0	65536	62740
Sau_DamageProtocol_OLD	0.75	1986	832	65536	62232
Sau_DamageProtocol_OLD	1.00	87	35	65536	62762
Sau_DamageProtocol_OLD	1.50	0	0	65536	62740
Sau_DamageProtocol_OLD	2.00	0	0	65536	62740
Sau_DamageProtocol_OLD	3.00	0	0	65536	62740
Sau_DamageProtocol_Quick	0.15	7278	8086	65536	65845
Sau_DamageProtocol_Quick	0.30	8330	9410	65536	66457
Sau_DamageProtocol_Quick	0.50	1394	1708	65536	63981
Sau_DamageProtocol_Quick	0.75	1283	1524	65536	63869
Sau_DamageProtocol_Quick	1.00	37	13	65536	62759
Sau_DamageProtocol_Quick	1.50	0	0	65536	62740
Sau_DamageProtocol_Quick	2.00	0	0	65536	62740
Sau_DamageProtocol_Quick	3.00	0	0	65536	62740
Sau_Dimensional_Breach_Battleground	0.15	2	1	65536	62742
Sau_Dimensional_Breach_Battleground	0.30	0	0	65536	62740
Sau_Dimensional_Breach_Battleground	0.50	0	0	65536	62740
Sau_Dimensional_Breach_Battleground	0.75	48	144	65536	62838
Sau_Dimensional_Breach_Battleground	1.00	83	249	65536	62910
Sau_Dimensional_Breach_Battleground	1.50	86	258	65536	62916
Sau_Dimensional_Breach_Battleground	2.00	98	294	65536	62940
Sau_Dimensional_Breach_Battleground	3.00	97	291	65536	62938
Sau_Dimensional_Breach_Spawn	0.15	2076	3056	65536	65081
Sau_Dimensional_Breach_Spawn	0.30	3335	5072	65536	66592
Sau_Dimensional_Breach_Spawn	0.50	1910	3560	65536	65352
Sau_Dimensional_Breach_Spawn	0.75	1166	2185	65536	64291
Sau_Dimensional_Breach_Spawn	1.00	1115	1805	65536	64018
Sau_Dimensional_Breach_Spawn	1.50	63	27	65536	62759
Sau_Dimensional_Breach_Spawn	2.00	1	0	65536	62740
Sau_Dimensional_Breach_Spawn	3.00	0	0	65536	62740
Sau_HealProtocol	0.15	0	0	65536	62740
Sau_HealProtocol	0.30	0	0	65536	62740
Sau_HealProtocol	0.50	0	0	65536	62740
Sau_HealProtocol	0.75	3477	6806	65536	67875
Sau_HealProtocol	1.00	808	1188	65536	63639
Sau_HealProtocol	1.50	120	100	65536	62823
Sau_HealProtocol	2.00	0	0	65536	62740
Sau_HealProtocol	3.00	0	0	65536	62740
Sau_HealProtocol_OLD	0.15	58	35	65536	62767
Sau_HealProtocol_OLD	0.30	58	35	65536	62768
Sau_HealProtocol_OLD	0.50	58	35	65536	62768
Sau_HealProtocol_OLD	0.75	1675	3075	65536	65085
Sau_HealProtocol_OLD	1.00	202	155	65536	62865
Sau_HealProtocol_OLD	1.50	0	0	65536	62740
Sau_HealProtocol_OLD	2.00	0	0	65536	62740
Sau_HealProtocol_OLD	3.00	0	0	65536	62740
Sau_IndomitableWill	0.15	323	181	65536	62868
Sau_IndomitableWill	0.30	337	233	65536	62913
Sau_IndomitableWill	0.50	340	246	65536	62924
Sau_IndomitableWill	0.75	336	241	65536	62920
Sau_IndomitableWill	1.00	342	245	65536	62923
Sau_IndomitableWill	1.50	2094	2790	65536	64865
Sau_IndomitableWill	2.00	1947	2578	65536	64678
Sau_IndomitableWill	3.00	0	0	65536	62740
Sau_LordOfTheStorm	0.15	459	486	65536	63123
Sau_LordOfTheStorm	0.30	587	761	65536	63332
Sau_LordOfTheStorm	0.50	493	347	65536	62991
Sau_LordOfTheStorm	0.75	448	283	65536	62949
Sau_LordOfTheStorm	1.00	371	181	65536	62866
Sau_LordOfTheStorm	1.50	3	2	65536	62742
Sau_LordOfTheStorm	2.00	0	0	65536	62740
Sau_LordOfTheStorm	3.00	0	0	65536	62740
Sau_MasterChronomancer	0.15	573	1026	65536	63506
Sau_MasterChronomancer	0.30	2257	4064	65536	65657
Sau_MasterChronomancer	0.50	2312	3365	65536	65170
Sau_MasterChronomancer	0.75	2287	2557	65536	64343
Sau_MasterChronomancer	1.00	2264	2189	65536	63853
Sau_MasterChronomancer	1.50	2232	1747	65536	63523
Sau_MasterChronomancer	2.00	2250	1335	65536	63220
Sau_MasterChronomancer	3.00	0	0	65536	62740
Sau_MethodicalDestruction	0.15	5	3	65536	62743
Sau_MethodicalDestruction	0.30	5	3	65536	62743
Sau_MethodicalDestruction	0.50	11	5	65536	62744
Sau_MethodicalDestruction	0.75	21	13	65536	62750
Sau_MethodicalDestruction	1.00	41	30	65536	62764
Sau_MethodicalDestruction	1.50	285	188	65536	62884
Sau_MethodicalDestruction	2.00	538	415	65536	63080
Sau_MethodicalDestruction	3.00	59	20	65536	62747
Sau_ParticleWhip	0.15	29	21	65536	62756
Sau_ParticleWhip	0.30	34	27	65536	62760
Sau_ParticleWhip	0.50	60	52	65536	62779
Sau_ParticleWhip	0.75	60	47	65536	62776
Sau_ParticleWhip	1.00	66	50	65536	62778
Sau_ParticleWhip	1.50	199	158	65536	62866
Sau_ParticleWhip	2.00	37	13	65536	62750
Sau_ParticleWhip	3.00	0	0	65536	62740
Sau_ReconstitutionProtocol	0.15	0	0	65536	62740
Sau_ReconstitutionProtocol	0.30	2	2	65536	62742
Sau_ReconstitutionProtocol	0.50	2	2	65536	62742
Sau_ReconstitutionProtocol	0.75	5	5	65536	62744
Sau_ReconstitutionProtocol	1.00	4	4	65536	62743
Sau_ReconstitutionProtocol	1.50	12	7	65536	62745
Sau_ReconstitutionProtocol	2.00	11	9	65536	62746
Sau_ReconstitutionProtocol	3.00	483	541	65536	63033
Sau_ResurrectionOrb	0.15	33	21	65536	62757
Sau_ResurrectionOrb	0.30	26	18	65536	62756
Sau_ResurrectionOrb	0.50	26	18	65536	62756
Sau_ResurrectionOrb	0.75	25	17	65536	62755
Sau_ResurrectionOrb	1.00	25	17	65536	62754
Sau_ResurrectionOrb	1.50	25	15	65536	62753
Sau_ResurrectionOrb	2.00	24	15	65536	62752
Sau_ResurrectionOrb	3.00	1301	1120	65536	63658
Sau_SolarPulse	0.15	0	0	65536	62740
Sau_SolarPulse	0.30	0	0	65536	62740
Sau_SolarPulse	0.50	4	1	65536	62741
Sau_SolarPulse	0.75	4	2	65536	62742
Sau_SolarPulse	1.00	6	4	65536	62744
Sau_SolarPulse	1.50	103	75	65536	62801
Sau_SolarPulse	2.00	1399	1497	65536	63860
Sau_SolarPulse	3.00	0	0	65536	62794
Scarab Explosion	0.15	320	249	65536	62939
Scarab Explosion	0.30	6	4	65536	62744
Scarab Explosion	0.50	4	3	65536	62742
Scarab Explosion	0.75	790	521	65536	63151
Scarab Explosion	1.00	255	190	65536	62894
Scarab Explosion	1.50	238	123	65536	62838
Scarab Explosion	2.00	9	5	65536	62744
Scarab Explosion	3.00	0	0	65536	62740
Scrapcode_aimed_target	0.15	61	31	65536	62761
Scrapcode_aimed_target	0.30	71	32	65536	62762
Scrapcode_aimed_target	0.50	34	18	65536	62757
Scrapcode_aimed_target	0.75	25	13	65536	62748
Scrapcode_aimed_target	1.00	0	0	65536	62740
Scrapcode_aimed_target	1.50	0	0	65536	62740
Scrapcode_aimed_target	2.00	0	0	65536	62740
Scrapcode_aimed_target	3.00	0	0	65536	62740
Scream_gold	0.15	1383	1069	65536	63570
Scream_gold	0.30	1521	1251	65536	63707
Scream_gold	0.50	1472	1144	65536	63624
Scream_gold	0.75	1299	761	65536	63318
Scream_gold	1.00	1258	710	65536	63279
Scream_gold	1.50	0	0	65536	62740
Scream_gold	2.00	0	0	65536	62740
Scream_gold	3.00	0	0	65536	62740
Scream_purple	0.15	1090	771	65536	63354
Scream_purple	0.30	1240	923	65536	63472
Scream_purple	0.50	1236	891	65536	63443
Scream_purple	0.75	1015	511	65536	63115
Scream_purple	1.00	1025	522	65536	63125
Scream_purple	1.50	0	0	65536	62740
Scream_purple	2.00	0	0	65536	62740
Scream_purple	3.00	0	0	65536	62740
Scream_purple_nid	0.15	1405	995	65536	63530
Scream_purple_nid	0.30	1629	1212	65536	63697
Scream_purple_nid	0.50	1722	1205	65536	63678
Scream_purple_nid	0.75	1510	785	65536	63318
Scream_purple_nid	1.00	1172	594	65536	63192
Scream_purple_nid	1.50	0	0	65536	62740
Scream_purple_nid	2.00	0	0	65536	62740
Scream_purple_nid	3.00	0	0	65536	62740
Scream_purple_Quick	0.15	1216	664	65536	63256
Scream_purple_Quick	0.30	1527	767	65536	63320
Scream_purple_Quick	0.50	1546	698	65536	63257
Scream_purple_Quick	0.75	656	241	65536	62940
Scream_purple_Quick	1.00	0	0	65536	62740
Scream_purple_Quick	1.50	0	0	65536	62740
Scream_purple_Quick	2.00	0	0	65536	62740
Scream_purple_Quick	3.00	0	0	65536	62740
Scream_Ragnar_Target	0.15	924	713	65536	63308
Scream_Ragnar_Target	0.30	755	727	65536	63320
Scream_Ragnar_Target	0.50	886	832	65536	63404
Scream_Ragnar_Target	0.75	605	549	65536	63156
Scream_Ragnar_Target	1.00	883	685	65536	63240
Scream_Ragnar_Target	1.50	232	83	65536	62793
Scream_Ragnar_Target	2.00	0	0	65536	62740
Scream_Ragnar_Target	3.00	0	0	65536	62740
Scream_SW_Ragnar	0.15	52	34	65536	62765
Scream_SW_Ragnar	0.30	86	63	65536	62792
Scream_SW_Ragnar	0.50	123	102	65536	62826
Scream_SW_Ragnar	0.75	177	141	65536	62858
Scream_SW_Ragnar	1.00	204	164	65536	62878
Scream_SW_Ragnar	1.50	167	122	65536	62843
Scream_SW_Ragnar	2.00	85	42	65536	62773
Scream_SW_Ragnar	3.00	0	0	65536	62740
Screen_Gold	0.15	1242	888	65536	63448
Screen_Gold	0.30	2040	1798	65536	64172
Screen_Gold	0.50	2853	3066	65536	65193
Screen_Gold	0.75	3362	3972	65536	65920
Screen_Gold	1.00	3054	3653	65536	65657
Screen_Gold	1.50	3216	3889	65536	65842
Screen_Gold	2.00	2140	2095	65536	64450
Screen_Gold	3.00	0	0	65536	62740
Screen_Red	0.15	958	678	65536	63115
Screen_Red	0.30	1092	897	65536	63212
Screen_Red	0.50	1003	805	65536	63168
Screen_Red	0.75	1169	1024	65536	63277
Screen_Red	1.00	1084	934	65536	63229
Screen_Red	1.50	826	569	65536	63042
Screen_Red	2.00	0	0	65536	62740
Screen_Red	3.00	0	0	65536	62740
Screen_Top_Green	0.15	2756	1656	65536	63785
Screen_Top_Green	0.30	2906	2063	65536	64027
Screen_Top_Green	0.50	2906	2063	65536	64027
Screen_Top_Green	0.75	2906	2063	65536	64027
Screen_Top_Green	1.00	2906	2063	65536	64027
Screen_Top_Green	1.50	2906	2063	65536	64027
Screen_Top_Green	2.00	0	0	65536	62740
Screen_Top_Green	3.00	0	0	65536	62740
ScytheAssault	0.15	159	66	65536	62784
ScytheAssault	0.30	222	97	65536	62808
ScytheAssault	0.50	251	111	65536	62817
ScytheAssault	0.75	237	105	65536	62813
ScytheAssault	1.00	222	97	65536	62807
ScytheAssault	1.50	0	0	65536	62740
ScytheAssault	2.00	0	0	65536	62740
ScytheAssault	3.00	0	0	65536	62740
ScytheAssaultShadow	0.15	0	0	65536	62740
ScytheAssaultShadow	0.30	0	0	65536	62740
ScytheAssaultShadow	0.50	0	0	65536	62740
ScytheAssaultShadow	0.75	0	0	65536	62740
ScytheAssaultShadow	1.00	0	0	65536	62740
ScytheAssaultShadow	1.50	0	0	65536	62740
ScytheAssaultShadow	2.00	0	0	65536	62740
ScytheAssaultShadow	3.00	0	0	65536	62740
Sentry_Effect	0.15	289	592	65536	63181
Sentry_Effect	0.30	622	970	65536	63503
Sentry_Effect	0.50	512	658	65536	63273
Sentry_Effect	0.75	575	468	65536	63131
Sentry_Effect	1.00	0	0	65536	62740
Sentry_Effect	1.50	32	35	65536	62770
Sentry_Effect	2.00	0	0	65536	62740
Sentry_Effect	3.00	0	0	65536	62740
Shadow_Projectile	0.15	77	16	65536	62724
Shadow_Projectile	0.30	112	16	65536	62699
Shadow_Projectile	0.50	18	5	65536	62733
Shadow_Projectile	0.75	5	1	65536	62737
Shadow_Projectile	1.00	0	0	65536	62736
Shadow_Projectile	1.50	0	0	65536	62735
Shadow_Projectile	2.00	0	0	65536	62738
Shadow_Projectile	3.00	0	0	65536	62740
Shadow_Projectile_EC	0.15	73	17	65536	62730
Shadow_Projectile_EC	0.30	113	23	65536	62716
Shadow_Projectile_EC	0.50	63	40	65536	62769
Shadow_Projectile_EC	0.75	80	63	65536	62791
Shadow_Projectile_EC	1.00	119	96	65536	62818
Shadow_Projectile_EC	1.50	91	82	65536	62807
Shadow_Projectile_EC	2.00	111	75	65536	62799
Shadow_Projectile_EC	3.00	16	8	65536	62746
Shadow_Projectile_GSC_Invulnerable	0.15	74	15	65536	62723
Shadow_Projectile_GSC_Invulnerable	0.30	112	16	65536	62700
Shadow_Projectile_GSC_Invulnerable	0.50	13	4	65536	62734
Shadow_Projectile_GSC_Invulnerable	0.75	4	1	65536	62737
Shadow_Projectile_GSC_Invulnerable	1.00	1	0	65536	62736
Shadow_Projectile_GSC_Invulnerable	1.50	68	79	65536	62804
Shadow_Projectile_GSC_Invulnerable	2.00	120	81	65536	62804
Shadow_Projectile_GSC_Invulnerable	3.00	0	0	65536	62740
ShieldTraitEffect_Idle	0.15	519	461	65536	63132
ShieldTraitEffect_Idle	0.30	640	545	65536	63211
ShieldTraitEffect_Idle	0.50	518	325	65536	63006
ShieldTraitEffect_Idle	0.75	368	146	65536	62843
ShieldTraitEffect_Idle	1.00	279	207	65536	62913
ShieldTraitEffect_Idle	1.50	407	288	65536	62981
ShieldTraitEffect_Idle	2.00	236	105	65536	62815
ShieldTraitEffect_Idle	3.00	0	0	65536	62740
ShieldTraitEffect_Idle Emperor's Children Variant	0.15	515	556	65536	63182
ShieldTraitEffect_Idle Emperor's Children Variant	0.30	637	633	65536	63246
ShieldTraitEffect_Idle Emperor's Children Variant	0.50	629	540	65536	63165
ShieldTraitEffect_Idle Emperor's Children Variant	0.75	438	394	65536	63046
ShieldTraitEffect_Idle Emperor's Children Variant	1.00	859	1023	65536	63545
ShieldTraitEffect_Idle Emperor's Children Variant	1.50	1087	1249	65536	63724
ShieldTraitEffect_Idle Emperor's Children Variant	2.00	824	666	65536	63272
ShieldTraitEffect_Idle Emperor's Children Variant	3.00	172	246	65536	62930
ShieldTraitEffect_Idle Necron Variant	0.15	535	637	65536	63256
ShieldTraitEffect_Idle Necron Variant	0.30	642	730	65536	63340
ShieldTraitEffect_Idle Necron Variant	0.50	695	636	65536	63256
ShieldTraitEffect_Idle Necron Variant	0.75	642	464	65536	63088
ShieldTraitEffect_Idle Necron Variant	1.00	338	385	65536	63046
ShieldTraitEffect_Idle Necron Variant	1.50	460	446	65536	63095
ShieldTraitEffect_Idle Necron Variant	2.00	305	315	65536	62978
ShieldTraitEffect_Idle Necron Variant	3.00	176	265	65536	62946
ShieldTraitEffect_Idle Sororitas Variant	0.15	507	594	65536	63221
ShieldTraitEffect_Idle Sororitas Variant	0.30	617	688	65536	63304
ShieldTraitEffect_Idle Sororitas Variant	0.50	626	568	65536	63195
ShieldTraitEffect_Idle Sororitas Variant	0.75	535	438	65536	63071
ShieldTraitEffect_Idle Sororitas Variant	1.00	864	1125	65536	63619
ShieldTraitEffect_Idle Sororitas Variant	1.50	1123	1392	65536	63832
ShieldTraitEffect_Idle Sororitas Variant	2.00	892	751	65536	63345
ShieldTraitEffect_Idle Sororitas Variant	3.00	159	241	65536	62926
ShieldTraitEffect_Idle TAU Variant	0.15	520	626	65536	63241
ShieldTraitEffect_Idle TAU Variant	0.30	637	714	65536	63322
ShieldTraitEffect_Idle TAU Variant	0.50	667	611	65536	63227
ShieldTraitEffect_Idle TAU Variant	0.75	545	449	65536	63076
ShieldTraitEffect_Idle TAU Variant	1.00	341	434	65536	63081
ShieldTraitEffect_Idle TAU Variant	1.50	468	515	65536	63150
ShieldTraitEffect_Idle TAU Variant	2.00	330	378	65536	63028
ShieldTraitEffect_Idle TAU Variant	3.00	175	309	65536	62978
Shuriken_Short_Trait	0.15	193	194	65536	62886
Shuriken_Short_Trait	0.30	208	222	65536	62905
Shuriken_Short_Trait	0.50	210	232	65536	62916
Shuriken_Short_Trait	0.75	207	196	65536	62886
Shuriken_Short_Trait	1.00	57	71	65536	62795
Shuriken_Short_Trait	1.50	0	0	65536	62740
Shuriken_Short_Trait	2.00	0	0	65536	62740
Shuriken_Short_Trait	3.00	0	0	65536	62740
ShurikenEffect	0.15	1281	1664	65536	63999
ShurikenEffect	0.30	2334	2578	65536	64656
ShurikenEffect	0.50	3029	3356	65536	65241
ShurikenEffect	0.75	3345	3718	65536	65526
ShurikenEffect	1.00	3728	3685	65536	65528
ShurikenEffect	1.50	3328	2753	65536	64845
ShurikenEffect	2.00	0	0	65536	62740
ShurikenEffect	3.00	0	0	65536	62740
SkorchaAttackEffect	0.15	15	9	65536	62747
SkorchaAttackEffect	0.30	17	10	65536	62748
SkorchaAttackEffect	0.50	37	21	65536	62756
SkorchaAttackEffect	0.75	45	25	65536	62759
SkorchaAttackEffect	1.00	44	25	65536	62759
SkorchaAttackEffect	1.50	0	0	65536	62740
SkorchaAttackEffect	2.00	0	0	65536	62740
SkorchaAttackEffect	3.00	0	0	65536	62740
Slash Repeating 2x	0.15	659	1136	65536	63555
Slash Repeating 2x	0.30	847	612	65536	63184
Slash Repeating 2x	0.50	604	1010	65536	63477
Slash Repeating 2x	0.75	912	520	65536	63099
Slash Repeating 2x	1.00	104	74	65536	62796
Slash Repeating 2x	1.50	44	25	65536	62758
Slash Repeating 2x	2.00	0	0	65536	62740
Slash Repeating 2x	3.00	0	0	65536	62740
Slash Repeating 5x	0.15	576	975	65536	63442
Slash Repeating 5x	0.30	1164	1266	65536	63666
Slash Repeating 5x	0.50	1111	1261	65536	63648
Slash Repeating 5x	0.75	952	1135	65536	63544
Slash Repeating 5x	1.00	969	989	65536	63458
Slash Repeating 5x	1.50	15	9	65536	62747
Slash Repeating 5x	2.00	0	0	65536	62740
Slash Repeating 5x	3.00	0	0	65536	62740
SlayEffect	0.15	74	42	65536	62772
SlayEffect	0.30	1224	1573	65536	63512
SlayEffect	0.50	1462	1872	65536	63642
SlayEffect	0.75	1836	2367	65536	63888
SlayEffect	1.00	0	0	65536	62740
SlayEffect	1.50	0	0	65536	62740
SlayEffect	2.00	0	0	65536	62740
SlayEffect	3.00	0	0	65536	62740
Smoke_Board	0.15	0	0	65536	62740
Smoke_Board	0.30	1	0	65536	62744
Smoke_Board	0.50	32	11	65536	62754
Smoke_Board	0.75	122	45	65536	62778
Smoke_Board	1.00	315	118	65536	62825
Smoke_Board	1.50	685	265	65536	62924
Smoke_Board	2.00	938	395	65536	63016
Smoke_Board	3.00	947	396	65536	63023
Smoke_Explosion	0.15	266	128	65536	62836
Smoke_Explosion	0.30	207	82	65536	62794
Smoke_Explosion	0.50	236	105	65536	62812
Smoke_Explosion	0.75	13	3	65536	62723
Smoke_Explosion	1.00	0	0	65536	62726
Smoke_Explosion	1.50	0	0	65536	62740
Smoke_Explosion	2.00	0	0	65536	62740
Smoke_Explosion	3.00	0	0	65536	62740
Sniper Target	0.15	1014	662	65536	63264
Sniper Target	0.30	1055	729	65536	63315
Sniper Target	0.50	1083	791	65536	63356
Sniper Target	0.75	3933	2716	65536	64673
Sniper Target	1.00	3723	1883	65536	63970
Sniper Target	1.50	0	0	65536	62740
Sniper Target	2.00	0	0	65536	62740
Sniper Target	3.00	0	0	65536	62740
SniperPreEffect	0.15	13	8	65536	62746
SniperPreEffect	0.30	21	13	65536	62750
SniperPreEffect	0.50	21	9	65536	62746
SniperPreEffect	0.75	4	2	65536	62741
SniperPreEffect	1.00	0	0	65536	62740
SniperPreEffect	1.50	0	0	65536	62740
SniperPreEffect	2.00	0	0	65536	62740
SniperPreEffect	3.00	0	0	65536	62740
Solar Beam Target	0.15	96	79	65536	62807
Solar Beam Target	0.30	124	118	65536	62837
Solar Beam Target	0.50	158	141	65536	62850
Solar Beam Target	0.75	264	369	65536	63042
Solar Beam Target	1.00	269	272	65536	62968
Solar Beam Target	1.50	278	116	65536	62801
Solar Beam Target	2.00	0	0	65536	62740
Solar Beam Target	3.00	0	0	65536	62740
Sororitas Saint Custom summon	0.15	873	1198	65536	63661
Sororitas Saint Custom summon	0.30	903	1200	65536	63665
Sororitas Saint Custom summon	0.50	919	1154	65536	63635
Sororitas Saint Custom summon	0.75	966	1122	65536	63611
Sororitas Saint Custom summon	1.00	999	1085	65536	63581
Sororitas Saint Custom summon	1.50	488	238	65536	62919
Sororitas Saint Custom summon	2.00	2	1	65536	62741
Sororitas Saint Custom summon	3.00	0	0	65536	62740
Sororitas Summon Basic	0.15	803	1019	65536	63539
Sororitas Summon Basic	0.30	804	885	65536	63431
Sororitas Summon Basic	0.50	809	755	65536	63305
Sororitas Summon Basic	0.75	842	637	65536	63226
Sororitas Summon Basic	1.00	357	185	65536	62893
Sororitas Summon Basic	1.50	70	33	65536	62766
Sororitas Summon Basic	2.00	0	0	65536	62740
Sororitas Summon Basic	3.00	0	0	65536	62740
Sororitas Summon Resurrect	0.15	0	0	65536	62740
Sororitas Summon Resurrect	0.30	0	0	65536	62740
Sororitas Summon Resurrect	0.50	0	0	65536	62740
Sororitas Summon Resurrect	0.75	577	635	65536	63252
Sororitas Summon Resurrect	1.00	866	1093	65536	63589
Sororitas Summon Resurrect	1.50	991	957	65536	63449
Sororitas Summon Resurrect	2.00	1035	880	65536	63377
Sororitas Summon Resurrect	3.00	0	0	65536	62740
Sororitas_BladeOfFaith	0.15	56	20	65536	62758
Sororitas_BladeOfFaith	0.30	1	0	65536	62745
Sororitas_BladeOfFaith	0.50	0	0	65536	62740
Sororitas_BladeOfFaith	0.75	0	0	65536	62740
Sororitas_BladeOfFaith	1.00	0	0	65536	62740
Sororitas_BladeOfFaith	1.50	0	0	65536	62740
Sororitas_BladeOfFaith	2.00	0	0	65536	62740
Sororitas_BladeOfFaith	3.00	0	0	65536	62740
Sororitas_Destroy_Flames	0.15	63	37	65536	62771
Sororitas_Destroy_Flames	0.30	101	55	65536	62783
Sororitas_Destroy_Flames	0.50	163	89	65536	62809
Sororitas_Destroy_Flames	0.75	192	111	65536	62825
Sororitas_Destroy_Flames	1.00	215	129	65536	62837
Sororitas_Destroy_Flames	1.50	278	221	65536	62911
Sororitas_Destroy_Flames	2.00	540	405	65536	63062
Sororitas_Destroy_Flames	3.00	71	33	65536	62764
Sororitas_Divine Intervention_ Battleground	0.15	0	0	65536	62740
Sororitas_Divine Intervention_ Battleground	0.30	0	0	65536	62740
Sororitas_Divine Intervention_ Battleground	0.50	0	0	65536	62740
Sororitas_Divine Intervention_ Battleground	0.75	0	0	65536	62740
Sororitas_Divine Intervention_ Battleground	1.00	1	0	65536	62741
Sororitas_Divine Intervention_ Battleground	1.50	0	0	65536	62740
Sororitas_Divine Intervention_ Battleground	2.00	1	0	65536	62741
Sororitas_Divine Intervention_ Battleground	3.00	279	390	65536	63028
Sororitas_Divine Intervention_Target	0.15	100	54	65536	62782
Sororitas_Divine Intervention_Target	0.30	171	111	65536	62830
Sororitas_Divine Intervention_Target	0.50	242	173	65536	62879
Sororitas_Divine Intervention_Target	0.75	280	219	65536	62919
Sororitas_Divine Intervention_Target	1.00	304	245	65536	62936
Sororitas_Divine Intervention_Target	1.50	344	305	65536	62987
Sororitas_Divine Intervention_Target	2.00	370	394	65536	63057
Sororitas_Divine Intervention_Target	3.00	123	89	65536	62808
Space Wolves Summon	0.15	33	31	65536	62765
Space Wolves Summon	0.30	71	62	65536	62788
Space Wolves Summon	0.50	73	68	65536	62793
Space Wolves Summon	0.75	76	78	65536	62799
Space Wolves Summon	1.00	79	87	65536	62806
Space Wolves Summon	1.50	71	96	65536	62811
Space Wolves Summon	2.00	73	63	65536	62785
Space Wolves Summon	3.00	22	32	65536	62764
Space Wolves Summon OLD	0.15	1	3	65536	62742
Space Wolves Summon OLD	0.30	1	3	65536	62742
Space Wolves Summon OLD	0.50	3	8	65536	62746
Space Wolves Summon OLD	0.75	4	11	65536	62748
Space Wolves Summon OLD	1.00	3	8	65536	62746
Space Wolves Summon OLD	1.50	14	38	65536	62767
Space Wolves Summon OLD	2.00	13	35	65536	62765
Space Wolves Summon OLD	3.00	3	8	65536	62746
Space Wolves Summon Wolves	0.15	46	38	65536	62768
Space Wolves Summon Wolves	0.30	52	66	65536	62792
Space Wolves Summon Wolves	0.50	57	59	65536	62785
Space Wolves Summon Wolves	0.75	64	77	65536	62797
Space Wolves Summon Wolves	1.00	65	78	65536	62798
Space Wolves Summon Wolves	1.50	59	67	65536	62790
Space Wolves Summon Wolves	2.00	65	73	65536	62794
Space Wolves Summon Wolves	3.00	13	17	65536	62752
Spore Explosion	0.15	0	0	65536	62740
Spore Explosion	0.30	0	0	65536	62740
Spore Explosion	0.50	0	0	65536	62740
Spore Explosion	0.75	0	0	65536	62740
Spore Explosion	1.00	0	0	65536	62740
Spore Explosion	1.50	0	0	65536	62740
Spore Explosion	2.00	0	0	65536	62740
Spore Explosion	3.00	0	0	65536	62740
Spore Mine Explosion	0.15	166	151	65536	62868
Spore Mine Explosion	0.30	364	397	65536	63071
Spore Mine Explosion	0.50	853	965	65536	63546
Spore Mine Explosion	0.75	953	567	65536	63186
Spore Mine Explosion	1.00	1085	957	65536	63522
Spore Mine Explosion	1.50	233	231	65536	62934
Spore Mine Explosion	2.00	225	234	65536	62936
Spore Mine Explosion	3.00	241	237	65536	62938
Squig_BigChompaJaws	0.15	0	0	65536	62740
Squig_BigChompaJaws	0.30	0	0	65536	62740
Squig_BigChompaJaws	0.50	0	0	65536	62740
Squig_BigChompaJaws	0.75	41	15	65536	62749
Squig_BigChompaJaws	1.00	0	0	65536	62740
Squig_BigChompaJaws	1.50	0	0	65536	62740
Squig_BigChompaJaws	2.00	0	0	65536	62740
Squig_BigChompaJaws	3.00	0	0	65536	62740
Squig_Explosion	0.15	334	661	65536	63089
Squig_Explosion	0.30	538	1075	65536	63301
Squig_Explosion	0.50	59	18	65536	62736
Squig_Explosion	0.75	44	10	65536	62732
Squig_Explosion	1.00	34	8	65536	62733
Squig_Explosion	1.50	2	1	65536	62739
Squig_Explosion	2.00	2	1	65536	62741
Squig_Explosion	3.00	0	0	65536	62740
Stealth_Proc	0.15	725	753	65536	63379
Stealth_Proc	0.30	1582	1553	65536	64061
Stealth_Proc	0.50	1619	1067	65536	63619
Stealth_Proc	0.75	15	12	65536	62769
Stealth_Proc	1.00	11	9	65536	62748
Stealth_Proc	1.50	6	5	65536	62744
Stealth_Proc	2.00	3	3	65536	62742
Stealth_Proc	3.00	0	0	65536	62740
Stealth_Proc_Eldar	0.15	593	202	65536	62704
Stealth_Proc_Eldar	0.30	1535	82	65536	61441
Stealth_Proc_Eldar	0.50	1944	18	65536	60930
Stealth_Proc_Eldar	0.75	1971	0	65536	60853
Stealth_Proc_Eldar	1.00	1799	0	65536	61019
Stealth_Proc_Eldar	1.50	64	38	65536	62777
Stealth_Proc_Eldar	2.00	17	15	65536	62753
Stealth_Proc_Eldar	3.00	0	0	65536	62740
Stealth_Proc_UM	0.15	597	153	65536	62625
Stealth_Proc_UM	0.30	1792	9	65536	61053
Stealth_Proc_UM	0.50	2119	0	65536	60713
Stealth_Proc_UM	0.75	2233	0	65536	60603
Stealth_Proc_UM	1.00	2143	0	65536	60689
Stealth_Proc_UM	1.50	0	0	65536	62740
Stealth_Proc_UM	2.00	0	0	65536	62740
Stealth_Proc_UM	3.00	0	0	65536	62740
StealthEffect	0.15	53	57	65536	62788
StealthEffect	0.30	209	235	65536	62933
StealthEffect	0.50	468	567	65536	63198
StealthEffect	0.75	890	826	65536	63400
StealthEffect	1.00	1058	914	65536	63460
StealthEffect	1.50	1872	1278	65536	63732
StealthEffect	2.00	1904	1288	65536	63730
StealthEffect	3.00	3364	2015	65536	64283
StimulateEffect	0.15	65	86	65536	62807
StimulateEffect	0.30	96	151	65536	62853
StimulateEffect	0.50	133	199	65536	62884
StimulateEffect	0.75	197	292	65536	62958
StimulateEffect	1.00	242	305	65536	62975
StimulateEffect	1.50	115	103	65536	62825
StimulateEffect	2.00	194	155	65536	62866
StimulateEffect	3.00	5	2	65536	62742
StompEffect	0.15	0	0	65536	62740
StompEffect	0.30	643	1085	65536	63513
StompEffect	0.50	742	1095	65536	63526
StompEffect	0.75	1053	1300	65536	63697
StompEffect	1.00	1161	1261	65536	63688
StompEffect	1.50	427	172	65536	62861
StompEffect	2.00	0	0	65536	62740
StompEffect	3.00	0	0	65536	62740
StrikeEffect	0.15	520	385	65536	63039
StrikeEffect	0.30	540	514	65536	63142
StrikeEffect	0.50	546	634	65536	63228
StrikeEffect	0.75	563	734	65536	63299
StrikeEffect	1.00	1215	1077	65536	63548
StrikeEffect	1.50	584	754	65536	63315
StrikeEffect	2.00	0	0	65536	62740
StrikeEffect	3.00	0	0	65536	62740
StunEffect	0.15	260	276	65536	62967
StunEffect	0.30	331	347	65536	63027
StunEffect	0.50	961	827	65536	63402
StunEffect	0.75	592	493	65536	63121
StunEffect	1.00	173	292	65536	62965
StunEffect	1.50	177	317	65536	62980
StunEffect	2.00	170	320	65536	62981
StunEffect	3.00	169	300	65536	62966
StunEffect_idle	0.15	964	836	65536	63429
StunEffect_idle	0.30	925	1185	65536	63691
StunEffect_idle	0.50	1468	2067	65536	64371
StunEffect_idle	0.75	1727	2642	65536	64810
StunEffect_idle	1.00	2324	3558	65536	65527
StunEffect_idle	1.50	2259	3710	65536	65632
StunEffect_idle	2.00	2238	3932	65536	65756
StunEffect_idle	3.00	2197	3553	65536	65490
StunEffect_proc	0.15	233	204	65536	62912
StunEffect_proc	0.30	661	679	65536	63306
StunEffect_proc	0.50	692	700	65536	63315
StunEffect_proc	0.75	21	19	65536	62756
StunEffect_proc	1.00	14	11	65536	62749
StunEffect_proc	1.50	10	7	65536	62746
StunEffect_proc	2.00	7	6	65536	62745
StunEffect_proc	3.00	0	0	65536	62740
Summon_Generic	0.15	206	225	65536	62925
Summon_Generic	0.30	200	211	65536	62915
Summon_Generic	0.50	162	158	65536	62872
Summon_Generic	0.75	102	88	65536	62811
Summon_Generic	1.00	73	88	65536	62813
Summon_Generic	1.50	38	16	65536	62750
Summon_Generic	2.00	0	0	65536	62740
Summon_Generic	3.00	0	0	65536	62740
SW_Axe_Buff	0.15	57	160	65536	62851
SW_Axe_Buff	0.30	32	89	65536	62802
SW_Axe_Buff	0.50	16	45	65536	62772
SW_Axe_Buff	0.75	426	435	65536	63096
SW_Axe_Buff	1.00	1154	1397	65536	63818
SW_Axe_Buff	1.50	7	12	65536	62750
SW_Axe_Buff	2.00	5	7	65536	62746
SW_Axe_Buff	3.00	0	0	65536	62740
SW_Tornado	0.15	279	142	65536	62851
SW_Tornado	0.30	950	505	65536	63146
SW_Tornado	0.50	1642	887	65536	63457
SW_Tornado	0.75	2244	1214	65536	63715
SW_Tornado	1.00	2354	1312	65536	63791
SW_Tornado	1.50	2113	1159	65536	63680
SW_Tornado	2.00	2169	1220	65536	63723
SW_Tornado	3.00	2324	1202	65536	63696
Swarm Card Merge VFX	0.15	304	248	65536	62922
Swarm Card Merge VFX	0.30	318	222	65536	62903
Swarm Card Merge VFX	0.50	29	29	65536	62765
Swarm Card Merge VFX	0.75	20	13	65536	62750
Swarm Card Merge VFX	1.00	0	0	65536	62740
Swarm Card Merge VFX	1.50	0	0	65536	62740
Swarm Card Merge VFX	2.00	0	0	65536	62740
Swarm Card Merge VFX	3.00	0	0	65536	62740
Swarm_Trigger_OnTarget	0.15	55	43	65536	62770
Swarm_Trigger_OnTarget	0.30	69	59	65536	62780
Swarm_Trigger_OnTarget	0.50	111	78	65536	62792
Swarm_Trigger_OnTarget	0.75	158	89	65536	62799
Swarm_Trigger_OnTarget	1.00	193	88	65536	62795
Swarm_Trigger_OnTarget	1.50	0	0	65536	62740
Swarm_Trigger_OnTarget	2.00	0	0	65536	62740
Swarm_Trigger_OnTarget	3.00	0	0	65536	62740
Sword_10x_EC	0.15	20	7	65536	62746
Sword_10x_EC	0.30	55	50	65536	62777
Sword_10x_EC	0.50	107	146	65536	62849
Sword_10x_EC	0.75	162	192	65536	62882
Sword_10x_EC	1.00	254	360	65536	63000
Sword_10x_EC	1.50	313	502	65536	63098
Sword_10x_EC	2.00	283	473	65536	63073
Sword_10x_EC	3.00	261	441	65536	63058
Sword_Slash_DA	0.15	33	52	65536	62774
Sword_Slash_DA	0.30	8	18	65536	62753
Sword_Slash_DA	0.50	0	0	65536	62740
Sword_Slash_DA	0.75	8	3	65536	62748
Sword_Slash_DA	1.00	0	0	65536	62741
Sword_Slash_DA	1.50	0	0	65536	62741
Sword_Slash_DA	2.00	0	0	65536	62740
Sword_Slash_DA	3.00	0	0	65536	62740
Sword_Slash_DA_Heavy	0.15	33	43	65536	62765
Sword_Slash_DA_Heavy	0.30	792	669	65536	63270
Sword_Slash_DA_Heavy	0.50	0	0	65536	62740
Sword_Slash_DA_Heavy	0.75	66	38	65536	62774
Sword_Slash_DA_Heavy	1.00	18	7	65536	62749
Sword_Slash_DA_Heavy	1.50	7	2	65536	62743
Sword_Slash_DA_Heavy	2.00	1	0	65536	62741
Sword_Slash_DA_Heavy	3.00	0	0	65536	62740
Sword_Slash_EC	0.15	0	0	65536	62740
Sword_Slash_EC	0.30	0	0	65536	62740
Sword_Slash_EC	0.50	0	0	65536	62740
Sword_Slash_EC	0.75	0	0	65536	62740
Sword_Slash_EC	1.00	0	0	65536	62740
Sword_Slash_EC	1.50	0	0	65536	62740
Sword_Slash_EC	2.00	0	0	65536	62740
Sword_Slash_EC	3.00	0	0	65536	62740
Sword_Slash_EC 3x	0.15	1	3	65536	62742
Sword_Slash_EC 3x	0.30	7	8	65536	62746
Sword_Slash_EC 3x	0.50	1	3	65536	62742
Sword_Slash_EC 3x	0.75	0	0	65536	62740
Sword_Slash_EC 3x	1.00	0	0	65536	62740
Sword_Slash_EC 3x	1.50	0	0	65536	62740
Sword_Slash_EC 3x	2.00	0	0	65536	62740
Sword_Slash_EC 3x	3.00	0	0	65536	62740
Sword_Slash_EC_User	0.15	203	228	65536	62928
Sword_Slash_EC_User	0.30	200	194	65536	62896
Sword_Slash_EC_User	0.50	0	0	65536	62742
Sword_Slash_EC_User	0.75	0	0	65536	62740
Sword_Slash_EC_User	1.00	0	0	65536	62740
Sword_Slash_EC_User	1.50	0	0	65536	62740
Sword_Slash_EC_User	2.00	0	0	65536	62740
Sword_Slash_EC_User	3.00	0	0	65536	62740
Sword_Slash_EC_User 3x	0.15	225	231	65536	62929
Sword_Slash_EC_User 3x	0.30	189	217	65536	62908
Sword_Slash_EC_User 3x	0.50	131	129	65536	62837
Sword_Slash_EC_User 3x	0.75	7	11	65536	62749
Sword_Slash_EC_User 3x	1.00	0	0	65536	62740
Sword_Slash_EC_User 3x	1.50	0	0	65536	62740
Sword_Slash_EC_User 3x	2.00	0	0	65536	62740
Sword_Slash_EC_User 3x	3.00	0	0	65536	62740
Sword_Slash_EC_User 7x	0.15	140	145	65536	62856
Sword_Slash_EC_User 7x	0.30	144	166	65536	62869
Sword_Slash_EC_User 7x	0.50	114	79	65536	62799
Sword_Slash_EC_User 7x	0.75	3	8	65536	62746
Sword_Slash_EC_User 7x	1.00	0	0	65536	62740
Sword_Slash_EC_User 7x	1.50	171	230	65536	62921
Sword_Slash_EC_User 7x	2.00	188	215	65536	62919
Sword_Slash_EC_User 7x	3.00	0	0	65536	62740
Sword_Slash_EC_User Inverted	0.15	202	222	65536	62925
Sword_Slash_EC_User Inverted	0.30	193	206	65536	62904
Sword_Slash_EC_User Inverted	0.50	99	62	65536	62787
Sword_Slash_EC_User Inverted	0.75	0	0	65536	62740
Sword_Slash_EC_User Inverted	1.00	0	0	65536	62740
Sword_Slash_EC_User Inverted	1.50	0	0	65536	62740
Sword_Slash_EC_User Inverted	2.00	0	0	65536	62740
Sword_Slash_EC_User Inverted	3.00	0	0	65536	62740
Sword_Slash_Simple	0.15	2480	1602	65536	63911
Sword_Slash_Simple	0.30	1362	863	65536	63367
Sword_Slash_Simple	0.50	274	177	65536	62858
Sword_Slash_Simple	0.75	70	28	65536	62754
Sword_Slash_Simple	1.00	0	0	65536	62740
Sword_Slash_Simple	1.50	0	0	65536	62740
Sword_Slash_Simple	2.00	0	0	65536	62740
Sword_Slash_Simple	3.00	0	0	65536	62740
Sword_Slash_User_DA	0.15	19	43	65536	62772
Sword_Slash_User_DA	0.30	21	46	65536	62774
Sword_Slash_User_DA	0.50	0	0	65536	62740
Sword_Slash_User_DA	0.75	0	0	65536	62740
Sword_Slash_User_DA	1.00	0	0	65536	62740
Sword_Slash_User_DA	1.50	0	0	65536	62740
Sword_Slash_User_DA	2.00	0	0	65536	62740
Sword_Slash_User_DA	3.00	0	0	65536	62740
Sword_Slash_User_DA No Tween	0.15	19	43	65536	62772
Sword_Slash_User_DA No Tween	0.30	21	46	65536	62774
Sword_Slash_User_DA No Tween	0.50	0	0	65536	62740
Sword_Slash_User_DA No Tween	0.75	0	0	65536	62740
Sword_Slash_User_DA No Tween	1.00	0	0	65536	62740
Sword_Slash_User_DA No Tween	1.50	0	0	65536	62740
Sword_Slash_User_DA No Tween	2.00	0	0	65536	62740
Sword_Slash_User_DA No Tween	3.00	0	0	65536	62740
SynapseEffect	0.15	151	81	65536	62801
SynapseEffect	0.30	812	608	65536	63224
SynapseEffect	0.50	924	815	65536	63384
SynapseEffect	0.75	959	992	65536	63515
SynapseEffect	1.00	1141	1085	65536	63589
SynapseEffect	1.50	926	579	65536	63191
SynapseEffect	2.00	0	0	65536	62740
SynapseEffect	3.00	0	0	65536	62740
SynapseEffect_NoIcon	0.15	41	19	65536	62754
SynapseEffect_NoIcon	0.30	122	67	65536	62799
SynapseEffect_NoIcon	0.50	155	116	65536	62836
SynapseEffect_NoIcon	0.75	209	151	65536	62860
SynapseEffect_NoIcon	1.00	358	268	65536	62952
SynapseEffect_NoIcon	1.50	288	153	65536	62859
SynapseEffect_NoIcon	2.00	0	0	65536	62740
SynapseEffect_NoIcon	3.00	0	0	65536	62740
Talent_Warmaster	0.15	464	211	65536	62894
Talent_Warmaster	0.30	449	203	65536	62882
Talent_Warmaster	0.50	412	179	65536	62856
Talent_Warmaster	0.75	285	117	65536	62819
Talent_Warmaster	1.00	180	69	65536	62785
Talent_Warmaster	1.50	0	0	65536	62740
Talent_Warmaster	2.00	0	0	65536	62740
Talent_Warmaster	3.00	0	0	65536	62740
TalentEffect	0.15	2070	5285	65536	66543
TalentEffect	0.30	1892	5676	65536	66605
TalentEffect	0.50	1806	5418	65536	66429
TalentEffect	0.75	1806	5418	65536	66429
TalentEffect	1.00	1806	5418	65536	66429
TalentEffect	1.50	2070	5845	65536	66805
TalentEffect	2.00	0	0	65536	62740
TalentEffect	3.00	0	0	65536	62740
Tank_Shot_Small	0.15	364	270	65536	62948
Tank_Shot_Small	0.30	688	385	65536	63031
Tank_Shot_Small	0.50	12	10	65536	62748
Tank_Shot_Small	0.75	9	8	65536	62747
Tank_Shot_Small	1.00	6	5	65536	62744
Tank_Shot_Small	1.50	6	5	65536	62745
Tank_Shot_Small	2.00	4	2	65536	62742
Tank_Shot_Small	3.00	0	0	65536	62740
Tap Blue Glow	0.15	22	21	65536	62756
Tap Blue Glow	0.30	69	88	65536	62806
Tap Blue Glow	0.50	148	215	65536	62899
Tap Blue Glow	0.75	212	270	65536	62942
Tap Blue Glow	1.00	0	0	65536	62740
Tap Blue Glow	1.50	0	0	65536	62740
Tap Blue Glow	2.00	0	0	65536	62740
Tap Blue Glow	3.00	0	0	65536	62740
Tap Blue Glow Blink	0.15	257	378	65536	63019
Tap Blue Glow Blink	0.30	256	378	65536	63019
Tap Blue Glow Blink	0.50	0	0	65536	62740
Tap Blue Glow Blink	0.75	0	0	65536	62740
Tap Blue Glow Blink	1.00	0	0	65536	62740
Tap Blue Glow Blink	1.50	0	0	65536	62740
Tap Blue Glow Blink	2.00	0	0	65536	62740
Tap Blue Glow Blink	3.00	0	0	65536	62740
Tap Fire Eldar	0.15	550	520	65536	63014
Tap Fire Eldar	0.30	766	724	65536	63146
Tap Fire Eldar	0.50	1079	997	65536	63300
Tap Fire Eldar	0.75	1047	861	65536	63202
Tap Fire Eldar	1.00	1144	849	65536	63249
Tap Fire Eldar	1.50	785	392	65536	62994
Tap Fire Eldar	2.00	5	2	65536	62744
Tap Fire Eldar	3.00	0	0	65536	62740
Tap Firepit	0.15	320	206	65536	62807
Tap Firepit	0.30	530	502	65536	63000
Tap Firepit	0.50	873	959	65536	63259
Tap Firepit	0.75	1528	1523	65536	63539
Tap Firepit	1.00	1759	1269	65536	63460
Tap Firepit	1.50	0	0	65536	62728
Tap Firepit	2.00	0	0	65536	62740
Tap Firepit	3.00	0	0	65536	62740
Tap Firepit 2	0.15	241	77	65536	62687
Tap Firepit 2	0.30	282	136	65536	62751
Tap Firepit 2	0.50	579	354	65536	62903
Tap Firepit 2	0.75	759	358	65536	62876
Tap Firepit 2	1.00	340	121	65536	62725
Tap Firepit 2	1.50	0	0	65536	62740
Tap Firepit 2	2.00	0	0	65536	62740
Tap Firepit 2	3.00	0	0	65536	62740
Tap Floor Grille	0.15	744	482	65536	63124
Tap Floor Grille	0.30	882	618	65536	63245
Tap Floor Grille	0.50	736	545	65536	63183
Tap Floor Grille	0.75	592	324	65536	63001
Tap Floor Grille	1.00	229	105	65536	62825
Tap Floor Grille	1.50	0	0	65536	62740
Tap Floor Grille	2.00	0	0	65536	62740
Tap Floor Grille	3.00	0	0	65536	62740
Tap Green Glow	0.15	19	17	65536	62754
Tap Green Glow	0.30	68	76	65536	62798
Tap Green Glow	0.50	148	191	65536	62882
Tap Green Glow	0.75	208	235	65536	62918
Tap Green Glow	1.00	0	0	65536	62740
Tap Green Glow	1.50	0	0	65536	62740
Tap Green Glow	2.00	0	0	65536	62740
Tap Green Glow	3.00	0	0	65536	62740
Tap Hit Metal	0.15	21	16	65536	62754
Tap Hit Metal	0.30	37	32	65536	62768
Tap Hit Metal	0.50	57	45	65536	62778
Tap Hit Metal	0.75	18	11	65536	62750
Tap Hit Metal	1.00	0	0	65536	62740
Tap Hit Metal	1.50	0	0	65536	62740
Tap Hit Metal	2.00	0	0	65536	62740
Tap Hit Metal	3.00	0	0	65536	62740
Tap Hit Metal Red	0.15	298	147	65536	62844
Tap Hit Metal Red	0.30	58	37	65536	62769
Tap Hit Metal Red	0.50	27	14	65536	62751
Tap Hit Metal Red	0.75	3	1	65536	62741
Tap Hit Metal Red	1.00	0	0	65536	62740
Tap Hit Metal Red	1.50	0	0	65536	62740
Tap Hit Metal Red	2.00	0	0	65536	62740
Tap Hit Metal Red	3.00	0	0	65536	62740
Tap Hit Metal Small	0.15	39	32	65536	62766
Tap Hit Metal Small	0.30	44	36	65536	62769
Tap Hit Metal Small	0.50	43	32	65536	62767
Tap Hit Metal Small	0.75	25	15	65536	62753
Tap Hit Metal Small	1.00	0	0	65536	62740
Tap Hit Metal Small	1.50	0	0	65536	62740
Tap Hit Metal Small	2.00	0	0	65536	62740
Tap Hit Metal Small	3.00	0	0	65536	62740
Tap Monolith Left Glow	0.15	0	0	65536	62740
Tap Monolith Left Glow	0.30	4	1	65536	62741
Tap Monolith Left Glow	0.50	4	2	65536	62741
Tap Monolith Left Glow	0.75	4	2	65536	62743
Tap Monolith Left Glow	1.00	4	3	65536	62743
Tap Monolith Left Glow	1.50	4	3	65536	62743
Tap Monolith Left Glow	2.00	0	0	65536	62740
Tap Monolith Left Glow	3.00	0	0	65536	62740
Tap Monolith Right Glow	0.15	0	0	65536	62740
Tap Monolith Right Glow	0.30	4	1	65536	62741
Tap Monolith Right Glow	0.50	4	2	65536	62741
Tap Monolith Right Glow	0.75	4	2	65536	62742
Tap Monolith Right Glow	1.00	4	3	65536	62743
Tap Monolith Right Glow	1.50	6	3	65536	62743
Tap Monolith Right Glow	2.00	0	0	65536	62740
Tap Monolith Right Glow	3.00	0	0	65536	62740
Tap Plasma generator	0.15	321	237	65536	62938
Tap Plasma generator	0.30	2264	1504	65536	63976
Tap Plasma generator	0.50	777	614	65536	63248
Tap Plasma generator	0.75	228	267	65536	62954
Tap Plasma generator	1.00	132	130	65536	62847
Tap Plasma generator	1.50	0	0	65536	62740
Tap Plasma generator	2.00	0	0	65536	62740
Tap Plasma generator	3.00	0	0	65536	62740
Tap Red Glow Eye	0.15	764	422	65536	63035
Tap Red Glow Eye	0.30	898	572	65536	63140
Tap Red Glow Eye	0.50	995	708	65536	63234
Tap Red Glow Eye	0.75	869	534	65536	63113
Tap Red Glow Eye	1.00	0	0	65536	62740
Tap Red Glow Eye	1.50	0	0	65536	62740
Tap Red Glow Eye	2.00	0	0	65536	62740
Tap Red Glow Eye	3.00	0	0	65536	62740
Tap Rock	0.15	226	182	65536	62896
Tap Rock	0.30	432	299	65536	62991
Tap Rock	0.50	544	291	65536	62971
Tap Rock	0.75	598	292	65536	62967
Tap Rock	1.00	28	27	65536	62763
Tap Rock	1.50	0	0	65536	62740
Tap Rock	2.00	0	0	65536	62740
Tap Rock	3.00	0	0	65536	62740
Tap Squig	0.15	0	0	65536	62740
Tap Squig	0.30	0	0	65536	62740
Tap Squig	0.50	0	0	65536	62740
Tap Squig	0.75	0	0	65536	62740
Tap Squig	1.00	0	0	65536	62740
Tap Squig	1.50	0	0	65536	62740
Tap Squig	2.00	0	0	65536	62740
Tap Squig	3.00	14618	8360	65536	68184
Tap squishy	0.15	147	97	65536	62821
Tap squishy	0.30	276	182	65536	62893
Tap squishy	0.50	413	227	65536	62923
Tap squishy	0.75	124	69	65536	62802
Tap squishy	1.00	22	21	65536	62759
Tap squishy	1.50	0	0	65536	62740
Tap squishy	2.00	0	0	65536	62740
Tap squishy	3.00	0	0	65536	62740
Tap Toxic Sludge	0.15	6	2	65536	62743
Tap Toxic Sludge	0.30	38	16	65536	62752
Tap Toxic Sludge	0.50	39	15	65536	62752
Tap Toxic Sludge	0.75	18	7	65536	62746
Tap Toxic Sludge	1.00	9	4	65536	62744
Tap Toxic Sludge	1.50	2	1	65536	62741
Tap Toxic Sludge	2.00	0	0	65536	62740
Tap Toxic Sludge	3.00	0	0	65536	62740
Tap Toxic Sludge green	0.15	94	87	65536	62813
Tap Toxic Sludge green	0.30	94	59	65536	62789
Tap Toxic Sludge green	0.50	61	33	65536	62766
Tap Toxic Sludge green	0.75	45	27	65536	62763
Tap Toxic Sludge green	1.00	13	7	65536	62746
Tap Toxic Sludge green	1.50	0	0	65536	62740
Tap Toxic Sludge green	2.00	0	0	65536	62740
Tap Toxic Sludge green	3.00	0	0	65536	62740
Tap Webway Portal	0.15	1656	1737	65536	64112
Tap Webway Portal	0.30	75	64	65536	62793
Tap Webway Portal	0.50	0	0	65536	62740
Tap Webway Portal	0.75	0	0	65536	62740
Tap Webway Portal	1.00	0	0	65536	62740
Tap Webway Portal	1.50	0	0	65536	62740
Tap Webway Portal	2.00	0	0	65536	62740
Tap Webway Portal	3.00	0	0	65536	62740
Tau Buff Ranged	0.15	12	5	65536	62743
Tau Buff Ranged	0.30	14	7	65536	62745
Tau Buff Ranged	0.50	19	11	65536	62749
Tau Buff Ranged	0.75	16	11	65536	62749
Tau Buff Ranged	1.00	14	11	65536	62749
Tau Buff Ranged	1.50	181	125	65536	62826
Tau Buff Ranged	2.00	29	15	65536	62752
Tau Buff Ranged	3.00	0	0	65536	62740
Tau Coordinated Engagement	0.15	0	0	65536	62740
Tau Coordinated Engagement	0.30	0	0	65536	62740
Tau Coordinated Engagement	0.50	0	0	65536	62740
Tau Coordinated Engagement	0.75	0	0	65536	62740
Tau Coordinated Engagement	1.00	0	0	65536	62740
Tau Coordinated Engagement	1.50	231	291	65536	62932
Tau Coordinated Engagement	2.00	0	0	65536	62740
Tau Coordinated Engagement	3.00	0	0	65536	62740
Tau_AerialBombardment	0.15	3	1	65536	62741
Tau_AerialBombardment	0.30	3	2	65536	62742
Tau_AerialBombardment	0.50	3	2	65536	62742
Tau_AerialBombardment	0.75	16	19	65536	62754
Tau_AerialBombardment	1.00	1	1	65536	62741
Tau_AerialBombardment	1.50	0	0	65536	62740
Tau_AerialBombardment	2.00	0	0	65536	62740
Tau_AerialBombardment	3.00	0	0	65536	62740
Tau_RailBombardment UNUSED	0.15	11	7	65536	62746
Tau_RailBombardment UNUSED	0.30	13	10	65536	62748
Tau_RailBombardment UNUSED	0.50	16	13	65536	62750
Tau_RailBombardment UNUSED	0.75	8	6	65536	62745
Tau_RailBombardment UNUSED	1.00	5	4	65536	62743
Tau_RailBombardment UNUSED	1.50	4	4	65536	62743
Tau_RailBombardment UNUSED	2.00	3	3	65536	62743
Tau_RailBombardment UNUSED	3.00	0	0	65536	62740
Tau_SummonCircle	0.15	180	167	65536	62875
Tau_SummonCircle	0.30	351	311	65536	62985
Tau_SummonCircle	0.50	553	481	65536	63105
Tau_SummonCircle	0.75	530	400	65536	63031
Tau_SummonCircle	1.00	30	17	65536	62753
Tau_SummonCircle	1.50	26	15	65536	62751
Tau_SummonCircle	2.00	0	0	65536	62740
Tau_SummonCircle	3.00	0	0	65536	62740
Tau_Vespid_laser	0.15	9	9	65536	62748
Tau_Vespid_laser	0.30	9	8	65536	62747
Tau_Vespid_laser	0.50	9	9	65536	62748
Tau_Vespid_laser	0.75	7	5	65536	62744
Tau_Vespid_laser	1.00	0	0	65536	62740
Tau_Vespid_laser	1.50	0	0	65536	62740
Tau_Vespid_laser	2.00	0	0	65536	62740
Tau_Vespid_laser	3.00	0	0	65536	62740
Technomancer_Buff	0.15	378	214	65536	62890
Technomancer_Buff	0.30	960	970	65536	63423
Technomancer_Buff	0.50	965	964	65536	63419
Technomancer_Buff	0.75	3151	2364	65536	64399
Technomancer_Buff	1.00	3134	2217	65536	64311
Technomancer_Buff	1.50	0	0	65536	62740
Technomancer_Buff	2.00	0	0	65536	62740
Technomancer_Buff	3.00	0	0	65536	62740
Telepathic_Control_target	0.15	866	747	65536	63363
Telepathic_Control_target	0.30	731	802	65536	63399
Telepathic_Control_target	0.50	962	995	65536	63576
Telepathic_Control_target	0.75	912	993	65536	63570
Telepathic_Control_target	1.00	954	1010	65536	63568
Telepathic_Control_target	1.50	175	130	65536	62850
Telepathic_Control_target	2.00	0	0	65536	62740
Telepathic_Control_target	3.00	0	0	65536	62740
Telepathic_Control_User	0.15	377	389	65536	63050
Telepathic_Control_User	0.30	605	745	65536	63340
Telepathic_Control_User	0.50	866	954	65536	63495
Telepathic_Control_User	0.75	906	880	65536	63449
Telepathic_Control_User	1.00	842	513	65536	63123
Telepathic_Control_User	1.50	289	151	65536	62845
Telepathic_Control_User	2.00	0	0	65536	62740
Telepathic_Control_User	3.00	0	0	65536	62740
Teleport Recall	0.15	66	35	65536	62768
Teleport Recall	0.30	393	205	65536	62895
Teleport Recall	0.50	740	511	65536	63163
Teleport Recall	0.75	1757	2188	65536	64455
Teleport Recall	1.00	3894	4879	65536	66456
Teleport Recall	1.50	828	581	65536	63229
Teleport Recall	2.00	254	134	65536	62848
Teleport Recall	3.00	0	0	65536	62740
Teleport Trait Summon	0.15	277	277	65536	62956
Teleport Trait Summon	0.30	460	426	65536	63055
Teleport Trait Summon	0.50	477	460	65536	63078
Teleport Trait Summon	0.75	509	508	65536	63116
Teleport Trait Summon	1.00	517	522	65536	63128
Teleport Trait Summon	1.50	217	209	65536	62913
Teleport Trait Summon	2.00	114	72	65536	62799
Teleport Trait Summon	3.00	0	0	65536	62741
Teleport Trigger Effect Quick	0.15	1358	1434	65536	63849
Teleport Trigger Effect Quick	0.30	2826	2732	65536	64718
Teleport Trigger Effect Quick	0.50	2907	2916	65536	64856
Teleport Trigger Effect Quick	0.75	3000	2783	65536	64752
Teleport Trigger Effect Quick	1.00	1187	1030	65536	63586
Teleport Trigger Effect Quick	1.50	1159	783	65536	63389
Teleport Trigger Effect Quick	2.00	547	253	65536	62932
Teleport Trigger Effect Quick	3.00	0	0	65536	62740
Thunderhawk Flyover	0.15	0	0	65536	62740
Thunderhawk Flyover	0.30	0	0	65536	62740
Thunderhawk Flyover	0.50	0	0	65536	62740
Thunderhawk Flyover	0.75	0	0	65536	62740
Thunderhawk Flyover	1.00	0	0	65536	62740
Thunderhawk Flyover	1.50	0	0	65536	62740
Thunderhawk Flyover	2.00	0	0	65536	62740
Thunderhawk Flyover	3.00	0	0	65536	62740
TideEffect	0.15	290	500	65536	63121
TideEffect	0.30	619	858	65536	63403
TideEffect	0.50	1216	1579	65536	63934
TideEffect	0.75	1552	1452	65536	63932
TideEffect	1.00	1402	1014	65536	63563
TideEffect	1.50	0	0	65536	62740
TideEffect	2.00	0	0	65536	62740
TideEffect	3.00	0	0	65536	62740
Tidewall Gunrig	0.15	64	50	65536	62777
Tidewall Gunrig	0.30	82	66	65536	62788
Tidewall Gunrig	0.50	89	63	65536	62787
Tidewall Gunrig	0.75	60	36	65536	62768
Tidewall Gunrig	1.00	55	37	65536	62769
Tidewall Gunrig	1.50	62	56	65536	62782
Tidewall Gunrig	2.00	0	0	65536	62740
Tidewall Gunrig	3.00	0	0	65536	62740
TinyFlames	0.15	586	381	65536	63025
TinyFlames	0.30	694	453	65536	63078
TinyFlames	0.50	503	329	65536	62986
TinyFlames	0.75	610	390	65536	63030
TinyFlames	1.00	654	419	65536	63052
TinyFlames	1.50	557	369	65536	63014
TinyFlames	2.00	603	402	65536	63042
TinyFlames	3.00	749	485	65536	63100
Toxic Vapors Damage	0.15	0	0	65536	62741
Toxic Vapors Damage	0.30	28	11	65536	62748
Toxic Vapors Damage	0.50	64	25	65536	62756
Toxic Vapors Damage	0.75	73	31	65536	62762
Toxic Vapors Damage	1.00	113	49	65536	62776
Toxic Vapors Damage	1.50	215	128	65536	62841
Toxic Vapors Damage	2.00	19	7	65536	62747
Toxic Vapors Damage	3.00	0	0	65536	62740
Toxic Vapors Damage quick	0.15	0	0	65536	62741
Toxic Vapors Damage quick	0.30	10	3	65536	62744
Toxic Vapors Damage quick	0.50	47	20	65536	62754
Toxic Vapors Damage quick	0.75	263	176	65536	62878
Toxic Vapors Damage quick	1.00	269	157	65536	62862
Toxic Vapors Damage quick	1.50	71	28	65536	62766
Toxic Vapors Damage quick	2.00	36	14	65536	62751
Toxic Vapors Damage quick	3.00	0	0	65536	62740
Toxic_Entanglement	0.15	77	36	65536	62760
Toxic_Entanglement	0.30	111	59	65536	62777
Toxic_Entanglement	0.50	157	81	65536	62785
Toxic_Entanglement	0.75	289	167	65536	62860
Toxic_Entanglement	1.00	317	197	65536	62887
Toxic_Entanglement	1.50	431	281	65536	62956
Toxic_Entanglement	2.00	604	417	65536	63069
Toxic_Entanglement	3.00	0	0	65536	62741
ToxicMiasma_Board	0.15	10	6	65536	62743
ToxicMiasma_Board	0.30	38	24	65536	62750
ToxicMiasma_Board	0.50	190	107	65536	62776
ToxicMiasma_Board	0.75	846	440	65536	62850
ToxicMiasma_Board	1.00	1297	644	65536	62870
ToxicMiasma_Board	1.50	2313	943	65536	62725
ToxicMiasma_Board	2.00	3187	1141	65536	62524
ToxicMiasma_Board	3.00	4301	1106	65536	61839
ToxicMiasma_Venomthrope	0.15	119	75	65536	62767
ToxicMiasma_Venomthrope	0.30	151	93	65536	62772
ToxicMiasma_Venomthrope	0.50	279	167	65536	62795
ToxicMiasma_Venomthrope	0.75	506	282	65536	62819
ToxicMiasma_Venomthrope	1.00	527	277	65536	62806
ToxicMiasma_Venomthrope	1.50	1286	598	65536	62820
ToxicMiasma_Venomthrope	2.00	1935	777	65536	62724
ToxicMiasma_Venomthrope	3.00	4407	1223	65536	61979
ToxicMiasma_Warlord	0.15	152	116	65536	62832
ToxicMiasma_Warlord	0.30	203	117	65536	62825
ToxicMiasma_Warlord	0.50	285	179	65536	62869
ToxicMiasma_Warlord	0.75	450	272	65536	62930
ToxicMiasma_Warlord	1.00	577	327	65536	62953
ToxicMiasma_Warlord	1.50	1118	554	65536	63025
ToxicMiasma_Warlord	2.00	2080	868	65536	63048
ToxicMiasma_Warlord	3.00	4082	1022	65536	62110
Trait_GainQuest	0.15	4	6	65536	62745
Trait_GainQuest	0.30	16	32	65536	62764
Trait_GainQuest	0.50	24	46	65536	62774
Trait_GainQuest	0.75	26	51	65536	62778
Trait_GainQuest	1.00	138	177	65536	62884
Trait_GainQuest	1.50	7	8	65536	62747
Trait_GainQuest	2.00	0	0	65536	62740
Trait_GainQuest	3.00	0	0	65536	62740
TraitorsHate_Board	0.15	221	113	65536	62819
TraitorsHate_Board	0.30	412	207	65536	62852
TraitorsHate_Board	0.50	816	322	65536	62878
TraitorsHate_Board	0.75	685	280	65536	62840
TraitorsHate_Board	1.00	786	306	65536	62868
TraitorsHate_Board	1.50	633	263	65536	62883
TraitorsHate_Board	2.00	183	89	65536	62819
TraitorsHate_Board	3.00	99	38	65536	62764
TraitorsHate_Target	0.15	353	351	65536	63014
TraitorsHate_Target	0.30	913	813	65536	63350
TraitorsHate_Target	0.50	418	271	65536	62923
TraitorsHate_Target	0.75	496	241	65536	62898
TraitorsHate_Target	1.00	0	0	65536	62740
TraitorsHate_Target	1.50	0	0	65536	62740
TraitorsHate_Target	2.00	0	0	65536	62740
TraitorsHate_Target	3.00	0	0	65536	62740
Tyranid Spawn	0.15	642	386	65536	63048
Tyranid Spawn	0.30	616	370	65536	63036
Tyranid Spawn	0.50	554	317	65536	62991
Tyranid Spawn	0.75	430	225	65536	62915
Tyranid Spawn	1.00	282	135	65536	62843
Tyranid Spawn	1.50	0	0	65536	62740
Tyranid Spawn	2.00	0	0	65536	62740
Tyranid Spawn	3.00	0	0	65536	62740
Tyranid_Burrow	0.15	144	71	65536	62801
Tyranid_Burrow	0.30	206	95	65536	62819
Tyranid_Burrow	0.50	282	127	65536	62844
Tyranid_Burrow	0.75	289	133	65536	62845
Tyranid_Burrow	1.00	506	238	65536	62919
Tyranid_Burrow	1.50	1019	506	65536	63125
Tyranid_Burrow	2.00	331	121	65536	62857
Tyranid_Burrow	3.00	0	0	65536	62740
TyranidInvasion_Spawn	0.15	353	274	65536	62958
TyranidInvasion_Spawn	0.30	431	321	65536	63000
TyranidInvasion_Spawn	0.50	1372	1100	65536	63649
TyranidInvasion_Spawn	0.75	231	200	65536	62913
TyranidInvasion_Spawn	1.00	244	225	65536	62940
TyranidInvasion_Spawn	1.50	63	22	65536	62765
TyranidInvasion_Spawn	2.00	0	0	65536	62747
TyranidInvasion_Spawn	3.00	0	0	65536	62740
UM_AvengingSon	0.15	0	0	65536	62740
UM_AvengingSon	0.30	0	0	65536	62740
UM_AvengingSon	0.50	0	0	65536	62740
UM_AvengingSon	0.75	0	0	65536	62740
UM_AvengingSon	1.00	0	0	65536	62740
UM_AvengingSon	1.50	350	735	65536	63277
UM_AvengingSon	2.00	536	1113	65536	63553
UM_AvengingSon	3.00	39	66	65536	62788
UM_Buff	0.15	0	0	65536	62740
UM_Buff	0.30	0	0	65536	62740
UM_Buff	0.50	0	0	65536	62740
UM_Buff	0.75	108	68	65536	62929
UM_Buff	1.00	2946	1336	65536	63484
UM_Buff	1.50	2892	1353	65536	63489
UM_Buff	2.00	2784	983	65536	63144
UM_Buff	3.00	0	0	65536	62740
UM_CardDraw	0.15	74	53	65536	62781
UM_CardDraw	0.30	142	116	65536	62826
UM_CardDraw	0.50	212	200	65536	62885
UM_CardDraw	0.75	315	245	65536	62912
UM_CardDraw	1.00	256	166	65536	62857
UM_CardDraw	1.50	1	1	65536	62741
UM_CardDraw	2.00	0	0	65536	62740
UM_CardDraw	3.00	0	0	65536	62740
UM_DeathFromAbove	0.15	349	361	65536	63001
UM_DeathFromAbove	0.30	359	338	65536	62987
UM_DeathFromAbove	0.50	118	131	65536	62832
UM_DeathFromAbove	0.75	118	131	65536	62832
UM_DeathFromAbove	1.00	118	107	65536	62819
UM_DeathFromAbove	1.50	3487	4388	65536	66056
UM_DeathFromAbove	2.00	1695	1520	65536	63827
UM_DeathFromAbove	3.00	0	0	65536	62740
UM_MasterOfArcanaEffect	0.15	48	86	65536	62798
UM_MasterOfArcanaEffect	0.30	195	291	65536	62937
UM_MasterOfArcanaEffect	0.50	147	167	65536	62865
UM_MasterOfArcanaEffect	0.75	125	129	65536	62839
UM_MasterOfArcanaEffect	1.00	115	122	65536	62828
UM_MasterOfArcanaEffect	1.50	0	0	65536	62740
UM_MasterOfArcanaEffect	2.00	0	0	65536	62740
UM_MasterOfArcanaEffect	3.00	0	0	65536	62740
UM_MightOfHeroesEffect	0.15	0	0	65536	62740
UM_MightOfHeroesEffect	0.30	0	0	65536	62740
UM_MightOfHeroesEffect	0.50	16	16	65536	62754
UM_MightOfHeroesEffect	0.75	2428	3540	65536	65680
UM_MightOfHeroesEffect	1.00	2450	4565	65536	66319
UM_MightOfHeroesEffect	1.50	2445	3702	65536	65790
UM_MightOfHeroesEffect	2.00	16	8	65536	62746
UM_MightOfHeroesEffect	3.00	0	0	65536	62740
UM_StormravenShadow	0.15	0	0	65536	62740
UM_StormravenShadow	0.30	0	0	65536	62740
UM_StormravenShadow	0.50	0	0	65536	62740
UM_StormravenShadow	0.75	0	0	65536	62740
UM_StormravenShadow	1.00	0	0	65536	62740
UM_StormravenShadow	1.50	0	0	65536	62740
UM_StormravenShadow	2.00	0	0	65536	62740
UM_StormravenShadow	3.00	0	0	65536	62740
UM_StormravenShadow_Perpendicular	0.15	0	0	65536	62740
UM_StormravenShadow_Perpendicular	0.30	0	0	65536	62740
UM_StormravenShadow_Perpendicular	0.50	0	0	65536	62740
UM_StormravenShadow_Perpendicular	0.75	0	0	65536	62740
UM_StormravenShadow_Perpendicular	1.00	0	0	65536	62740
UM_StormravenShadow_Perpendicular	1.50	0	0	65536	62740
UM_StormravenShadow_Perpendicular	2.00	0	0	65536	62740
UM_StormravenShadow_Perpendicular	3.00	0	0	65536	62740
UM_TacticalInsight	0.15	98	156	65536	62856
UM_TacticalInsight	0.30	191	359	65536	63008
UM_TacticalInsight	0.50	363	657	65536	63232
UM_TacticalInsight	0.75	1561	1721	65536	63995
UM_TacticalInsight	1.00	1274	1388	65536	63739
UM_TacticalInsight	1.50	662	465	65536	63075
UM_TacticalInsight	2.00	3	1	65536	62742
UM_TacticalInsight	3.00	0	0	65536	62740
UM_Target_LockOn_Crosshair	0.15	1844	2256	65536	64351
UM_Target_LockOn_Crosshair	0.30	1864	2177	65536	64303
UM_Target_LockOn_Crosshair	0.50	564	749	65536	63256
UM_Target_LockOn_Crosshair	0.75	564	749	65536	63256
UM_Target_LockOn_Crosshair	1.00	574	644	65536	63198
UM_Target_LockOn_Crosshair	1.50	574	634	65536	63191
UM_Target_LockOn_Crosshair	2.00	0	0	65536	62740
UM_Target_LockOn_Crosshair	3.00	0	0	65536	62740
Unit Freezing	0.15	0	0	65536	62740
Unit Freezing	0.30	0	0	65536	62740
Unit Freezing	0.50	1	3	65536	62742
Unit Freezing	0.75	1	3	65536	62742
Unit Freezing	1.00	0	0	65536	62740
Unit Freezing	1.50	3	9	65536	62746
Unit Freezing	2.00	2	6	65536	62744
Unit Freezing	3.00	3	8	65536	62746
UnstableEffect	0.15	138	54	65536	62773
UnstableEffect	0.30	177	76	65536	62786
UnstableEffect	0.50	221	112	65536	62812
UnstableEffect	0.75	271	197	65536	62893
UnstableEffect	1.00	322	253	65536	62942
UnstableEffect	1.50	245	174	65536	62887
UnstableEffect	2.00	307	212	65536	62919
UnstableEffect	3.00	0	0	65536	62740
UnstableEffect_ExplosionExtra	0.15	293	261	65536	62938
UnstableEffect_ExplosionExtra	0.30	529	339	65536	63005
UnstableEffect_ExplosionExtra	0.50	111	71	65536	62799
UnstableEffect_ExplosionExtra	0.75	163	104	65536	62826
UnstableEffect_ExplosionExtra	1.00	136	72	65536	62798
UnstableEffect_ExplosionExtra	1.50	2	1	65536	62741
UnstableEffect_ExplosionExtra	2.00	0	0	65536	62740
UnstableEffect_ExplosionExtra	3.00	0	0	65536	62740
UnstableEffect_WaaaghEnergy	0.15	191	102	65536	62820
UnstableEffect_WaaaghEnergy	0.30	233	148	65536	62857
UnstableEffect_WaaaghEnergy	0.50	254	176	65536	62879
UnstableEffect_WaaaghEnergy	0.75	260	215	65536	62911
UnstableEffect_WaaaghEnergy	1.00	269	233	65536	62924
UnstableEffect_WaaaghEnergy	1.50	272	249	65536	62943
UnstableEffect_WaaaghEnergy	2.00	268	195	65536	62904
UnstableEffect_WaaaghEnergy	3.00	0	0	65536	62740
Uprising Trait	0.15	706	857	65536	63403
Uprising Trait	0.30	924	1104	65536	63593
Uprising Trait	0.50	1113	1228	65536	63700
Uprising Trait	0.75	1092	1271	65536	63722
Uprising Trait	1.00	705	983	65536	63493
Uprising Trait	1.50	182	269	65536	62948
Uprising Trait	2.00	0	0	65536	62740
Uprising Trait	3.00	0	0	65536	62740
Valkyrie Flyover Hover Dust	0.15	0	0	65536	62740
Valkyrie Flyover Hover Dust	0.30	0	0	65536	62740
Valkyrie Flyover Hover Dust	0.50	0	0	65536	62740
Valkyrie Flyover Hover Dust	0.75	0	0	65536	62740
Valkyrie Flyover Hover Dust	1.00	0	0	65536	62740
Valkyrie Flyover Hover Dust	1.50	0	0	65536	62740
Valkyrie Flyover Hover Dust	2.00	0	0	65536	62740
Valkyrie Flyover Hover Dust	3.00	0	0	65536	62740
Valkyrie_MultiLaser_Hover	0.15	8	14	65536	62751
Valkyrie_MultiLaser_Hover	0.30	11	20	65536	62756
Valkyrie_MultiLaser_Hover	0.50	10	19	65536	62755
Valkyrie_MultiLaser_Hover	0.75	6	12	65536	62749
Valkyrie_MultiLaser_Hover	1.00	19	34	65536	62766
Valkyrie_MultiLaser_Hover	1.50	12	23	65536	62758
Valkyrie_MultiLaser_Hover	2.00	19	28	65536	62762
Valkyrie_MultiLaser_Hover	3.00	15	22	65536	62757
Vanguard Onslaught Board	0.15	244	157	65536	62834
Vanguard Onslaught Board	0.30	284	179	65536	62839
Vanguard Onslaught Board	0.50	250	152	65536	62829
Vanguard Onslaught Board	0.75	256	130	65536	62800
Vanguard Onslaught Board	1.00	232	90	65536	62758
Vanguard Onslaught Board	1.50	125	24	65536	62706
Vanguard Onslaught Board	2.00	0	0	65536	62740
Vanguard Onslaught Board	3.00	0	0	65536	62740
VanguardIdleEffect	0.15	1425	973	65536	63454
VanguardIdleEffect	0.30	1691	1259	65536	63656
VanguardIdleEffect	0.50	1756	1306	65536	63686
VanguardIdleEffect	0.75	1704	1250	65536	63638
VanguardIdleEffect	1.00	1695	1240	65536	63627
VanguardIdleEffect	1.50	1217	1161	65536	63614
VanguardIdleEffect	2.00	41	26	65536	62761
VanguardIdleEffect	3.00	0	0	65536	62740
Vortex Explosion Massive	0.15	0	0	65536	62740
Vortex Explosion Massive	0.30	2	0	65536	62740
Vortex Explosion Massive	0.50	2	0	65536	62739
Vortex Explosion Massive	0.75	16	1	65533	62730
Vortex Explosion Massive	1.00	30	0	65534	62712
Vortex Explosion Massive	1.50	74	0	65536	62669
Vortex Explosion Massive	2.00	128	6	65527	62655
Vortex Explosion Massive	3.00	288	13	65510	62547
Vortex Warhead Impact	0.15	1131	1067	65536	63512
Vortex Warhead Impact	0.30	574	525	65536	63118
Vortex Warhead Impact	0.50	0	0	65536	62740
Vortex Warhead Impact	0.75	0	0	65536	62740
Vortex Warhead Impact	1.00	0	0	65536	62740
Vortex Warhead Impact	1.50	0	0	65536	62740
Vortex Warhead Impact	2.00	0	0	65536	62740
Vortex Warhead Impact	3.00	0	0	65536	62740
VulnerableEffect	0.15	2077	2799	65535	64728
VulnerableEffect	0.30	2073	2795	65536	64726
VulnerableEffect	0.50	2492	2944	65536	64848
VulnerableEffect	0.75	3034	3187	65536	64992
VulnerableEffect	1.00	3228	3315	65536	65095
VulnerableEffect	1.50	3473	3551	65536	65299
VulnerableEffect	2.00	3544	3654	65536	65391
VulnerableEffect	3.00	3523	3625	65536	65374
VulnerableEffectEnd	0.15	217	69	65536	62741
VulnerableEffectEnd	0.30	212	68	65536	62740
VulnerableEffectEnd	0.50	588	212	65536	62837
VulnerableEffectEnd	0.75	643	245	65536	62865
VulnerableEffectEnd	1.00	643	238	65536	62858
VulnerableEffectEnd	1.50	804	320	65536	62910
VulnerableEffectEnd	2.00	644	266	65536	62902
VulnerableEffectEnd	3.00	0	0	65536	62740
Waaagh_Lightning	0.15	52	42	65536	62775
Waaagh_Lightning	0.30	204	180	65536	62882
Waaagh_Lightning	0.50	217	202	65536	62898
Waaagh_Lightning	0.75	195	159	65536	62868
Waaagh_Lightning	1.00	146	88	65536	62809
Waaagh_Lightning	1.50	2	2	65536	62742
Waaagh_Lightning	2.00	0	0	65536	62740
Waaagh_Lightning	3.00	0	0	65536	62740
WailingDoom	0.15	355	285	65536	62968
WailingDoom	0.30	345	276	65536	62952
WailingDoom	0.50	362	246	65536	62930
WailingDoom	0.75	866	945	65536	63511
WailingDoom	1.00	703	494	65536	63100
WailingDoom	1.50	312	154	65536	62849
WailingDoom	2.00	20	8	65536	62746
WailingDoom	3.00	0	0	65536	62740
Warp Storm Target	0.15	60	22	65536	62745
Warp Storm Target	0.30	199	79	65536	62759
Warp Storm Target	0.50	477	173	65536	62752
Warp Storm Target	0.75	1211	609	65536	62987
Warp Storm Target	1.00	1109	498	65536	62868
Warp Storm Target	1.50	645	365	65536	62986
Warp Storm Target	2.00	290	125	65536	62820
Warp Storm Target	3.00	0	0	65536	62740
Waystone UI Gain	0.15	0	0	65536	62740
Waystone UI Gain	0.30	0	0	65536	62740
Waystone UI Gain	0.50	0	0	65536	62740
Waystone UI Gain	0.75	2519	2113	65536	64342
Waystone UI Gain	1.00	2459	1844	65536	64107
Waystone UI Gain	1.50	27	11	65536	62747
Waystone UI Gain	2.00	0	0	65536	62740
Waystone UI Gain	3.00	0	0	65536	62740
Waystone UI Spend	0.15	2307	1987	65536	64251
Waystone UI Spend	0.30	2348	1966	65536	64213
Waystone UI Spend	0.50	2345	1845	65536	64101
Waystone UI Spend	0.75	1864	1147	65536	63587
Waystone UI Spend	1.00	0	0	65536	62740
Waystone UI Spend	1.50	0	0	65536	62740
Waystone UI Spend	2.00	0	0	65536	62740
Waystone UI Spend	3.00	0	0	65536	62740
WaystoneCollect	0.15	0	0	65536	62740
WaystoneCollect	0.30	0	0	65536	62740
WaystoneCollect	0.50	0	0	65536	62740
WaystoneCollect	0.75	0	0	65536	62740
WaystoneCollect	1.00	0	0	65536	62740
WaystoneCollect	1.50	0	0	65536	62740
WaystoneCollect	2.00	0	0	65536	62740
WaystoneCollect	3.00	0	0	65536	62740
WaystoneTrigger	0.15	495	507	65536	63148
WaystoneTrigger	0.30	1077	941	65536	63511
WaystoneTrigger	0.50	992	714	65536	63304
WaystoneTrigger	0.75	953	665	65536	63249
WaystoneTrigger	1.00	935	634	65536	63209
WaystoneTrigger	1.50	713	500	65536	63122
WaystoneTrigger	2.00	1398	1888	65536	63748
WaystoneTrigger	3.00	10	4	65536	62743
WhileInPlay_Nurgle	0.15	0	0	65536	62740
WhileInPlay_Nurgle	0.30	351	214	65536	62809
WhileInPlay_Nurgle	0.50	695	395	65536	62853
WhileInPlay_Nurgle	0.75	627	358	65536	62839
WhileInPlay_Nurgle	1.00	867	418	65536	62813
WhileInPlay_Nurgle	1.50	1128	534	65536	62808
WhileInPlay_Nurgle	2.00	1022	461	65536	62767
WhileInPlay_Nurgle	3.00	1647	751	65536	62800
WhileInPlay_Tzeentch	0.15	0	0	65536	62740
WhileInPlay_Tzeentch	0.30	0	0	65536	62740
WhileInPlay_Tzeentch	0.50	0	0	65536	62740
WhileInPlay_Tzeentch	0.75	0	0	65536	62740
WhileInPlay_Tzeentch	1.00	16	23	65536	62756
WhileInPlay_Tzeentch	1.50	70	62	65536	62781
WhileInPlay_Tzeentch	2.00	87	72	65536	62789
WhileInPlay_Tzeentch	3.00	199	152	65536	62847
Whip Attack EC Daemon	0.15	116	144	65536	62853
Whip Attack EC Daemon	0.30	164	208	65536	62905
Whip Attack EC Daemon	0.50	288	306	65536	62987
Whip Attack EC Daemon	0.75	379	311	65536	62985
Whip Attack EC Daemon	1.00	388	217	65536	62904
Whip Attack EC Daemon	1.50	0	0	65536	62740
Whip Attack EC Daemon	2.00	0	0	65536	62740
Whip Attack EC Daemon	3.00	0	0	65536	62740
Whip Attack EC Lucius	0.15	56	54	65536	62784
Whip Attack EC Lucius	0.30	63	66	65536	62796
Whip Attack EC Lucius	0.50	142	117	65536	62836
Whip Attack EC Lucius	0.75	114	62	65536	62788
Whip Attack EC Lucius	1.00	0	0	65536	62740
Whip Attack EC Lucius	1.50	0	0	65536	62740
Whip Attack EC Lucius	2.00	0	0	65536	62740
Whip Attack EC Lucius	3.00	0	0	65536	62740
Whip Attack EC Maulerfiend	0.15	55	64	65536	62790
Whip Attack EC Maulerfiend	0.30	57	82	65536	62802
Whip Attack EC Maulerfiend	0.50	53	67	65536	62793
Whip Attack EC Maulerfiend	0.75	45	38	65536	62773
Whip Attack EC Maulerfiend	1.00	31	21	65536	62757
Whip Attack EC Maulerfiend	1.50	0	0	65536	62740
Whip Attack EC Maulerfiend	2.00	0	0	65536	62740
Whip Attack EC Maulerfiend	3.00	0	0	65536	62740
Whip Attack EC Normal	0.15	0	0	65536	62740
Whip Attack EC Normal	0.30	0	0	65536	62740
Whip Attack EC Normal	0.50	0	0	65536	62740
Whip Attack EC Normal	0.75	0	0	65536	62740
Whip Attack EC Normal	1.00	0	0	65536	62740
Whip Attack EC Normal	1.50	0	0	65536	62740
Whip Attack EC Normal	2.00	0	0	65536	62740
Whip Attack EC Normal	3.00	0	0	65536	62740
Wild Rider Chieftain	0.15	2370	1590	65536	63948
Wild Rider Chieftain	0.30	2765	2177	65536	64379
Wild Rider Chieftain	0.50	2962	2548	65536	64635
Wild Rider Chieftain	0.75	3065	2794	65536	64779
Wild Rider Chieftain	1.00	3182	3068	65536	64946
Wild Rider Chieftain	1.50	2897	2979	65536	64858
Wild Rider Chieftain	2.00	0	0	65536	62740
Wild Rider Chieftain	3.00	0	0	65536	62740
Will Of Gork	0.15	0	0	65536	62740
Will Of Gork	0.30	0	0	65536	62740
Will Of Gork	0.50	0	0	65536	62740
Will Of Gork	0.75	0	0	65536	62740
Will Of Gork	1.00	0	0	65536	62740
Will Of Gork	1.50	0	0	65536	62740
Will Of Gork	2.00	7	3	65536	62742
Will Of Gork	3.00	94	20	65536	62725
WorstTemperEffect	0.15	1260	1163	65536	63616
WorstTemperEffect	0.30	1565	1178	65536	63615
WorstTemperEffect	0.50	1930	1346	65536	63742
WorstTemperEffect	0.75	1211	799	65536	63338
WorstTemperEffect	1.00	466	220	65536	62894
WorstTemperEffect	1.50	421	189	65536	62868
WorstTemperEffect	2.00	1	0	65536	62739
WorstTemperEffect	3.00	0	0	65536	62740
