effect	time	lit	sum	lit_srgb	sum_srgb
Acid Rain Damage Target	0.15	0	0	65536	62740
Acid Rain Damage Target	0.30	1	1	65536	62741
Acid Rain Damage Target	0.50	12	7	65536	62746
Acid Rain Damage Target	0.75	47	26	65536	62760
Acid Rain Damage Target	1.00	38	20	65536	62756
Acid Rain Damage Target	1.50	185	113	65536	62831
Acid Rain Damage Target	2.00	37	13	65536	62753
Acid Rain Damage Target	3.00	0	0	65536	62740
AcidSpraySweepAttack	0.15	26	19	65536	62757
AcidSpraySweepAttack	0.30	51	31	65536	62765
AcidSpraySweepAttack	0.50	67	38	65536	62770
AcidSpraySweepAttack	0.75	71	38	65536	62769
AcidSpraySweepAttack	1.00	63	34	65536	62766
AcidSpraySweepAttack	1.50	64	37	65536	62769
AcidSpraySweepAttack	2.00	71	41	65536	62773
AcidSpraySweepAttack	3.00	60	33	65536	62765
Air to Ground Big	0.15	239	197	65536	62881
Air to Ground Big	0.30	238	209	65536	62890
Air to Ground Big	0.50	78	79	65536	62795
Air to Ground Big	0.75	78	79	65536	62795
Air to Ground Big	1.00	194	187	65536	62875
Air to Ground Big	1.50	225	223	65536	62901
Air to Ground Big	2.00	0	0	65536	62740
Air to Ground Big	3.00	0	0	65536	62740
AlphaWarriorEffect	0.15	563	631	65536	63247
AlphaWarriorEffect	0.30	740	746	65536	63340
AlphaWarriorEffect	0.50	941	866	65536	63437
AlphaWarriorEffect	0.75	806	572	65536	63191
AlphaWarriorEffect	1.00	112	47	65536	62767
AlphaWarriorEffect	1.50	0	0	65536	62741
AlphaWarriorEffect	2.00	0	0	65536	62740
AlphaWarriorEffect	3.00	0	0	65536	62740
AmbushEffect	0.15	39	24	65536	62743
AmbushEffect	0.30	44	37	65536	62732
AmbushEffect	0.50	91	56	65536	62728
AmbushEffect	0.75	582	592	65536	63169
AmbushEffect	1.00	733	505	65536	63066
AmbushEffect	1.50	591	295	65536	62927
AmbushEffect	2.00	0	0	65536	62740
AmbushEffect	3.00	0	0	65536	62740
Antimatter Explosion	0.15	0	0	65536	62740
Antimatter Explosion	0.30	387	364	65536	63027
Antimatter Explosion	0.50	453	450	65536	63094
Antimatter Explosion	0.75	542	474	65536	63115
Antimatter Explosion	1.00	624	976	65536	63460
Antimatter Explosion	1.50	2710	3397	65536	65421
Antimatter Explosion	2.00	550	214	65536	62894
Antimatter Explosion	3.00	107	63	65536	62792
Arco-Flagellant Strike	0.15	208	214	65536	62905
Arco-Flagellant Strike	0.30	97	76	65536	62797
Arco-Flagellant Strike	0.50	10	5	65536	62744
Arco-Flagellant Strike	0.75	0	0	65536	62741
Arco-Flagellant Strike	1.00	0	0	65536	62741
Arco-Flagellant Strike	1.50	0	0	65536	62741
Arco-Flagellant Strike	2.00	0	0	65536	62740
Arco-Flagellant Strike	3.00	0	0	65536	62740
ArdAsNailsEffect	0.15	540	632	65536	63243
ArdAsNailsEffect	0.30	861	991	65536	63532
ArdAsNailsEffect	0.50	1212	1203	65536	63726
ArdAsNailsEffect	0.75	1239	1164	65536	63699
ArdAsNailsEffect	1.00	1162	953	65536	63534
ArdAsNailsEffect	1.50	14	11	65536	62750
ArdAsNailsEffect	2.00	3	2	65536	62742
ArdAsNailsEffect	3.00	0	0	65536	62740
Armor_Necron	0.15	0	0	65536	62740
Armor_Necron	0.30	23	8	65536	62745
Armor_Necron	0.50	49	32	65536	62766
Armor_Necron	0.75	54	45	65536	62778
Armor_Necron	1.00	58	46	65536	62778
Armor_Necron	1.50	68	53	65536	62784
Armor_Necron	2.00	64	51	65536	62782
Armor_Necron	3.00	0	0	65536	62740
ArmourEffect	0.15	220	248	65536	62950
ArmourEffect	0.30	802	743	65536	63325
ArmourEffect	0.50	886	835	65536	63395
ArmourEffect	0.75	898	762	65536	63331
ArmourEffect	1.00	280	131	65536	62837
ArmourEffect	1.50	0	0	65536	62740
ArmourEffect	2.00	0	0	65536	62740
ArmourEffect	3.00	0	0	65536	62740
ArmourEffect_Bladeguard_Shield	0.15	73	160	65536	62860
ArmourEffect_Bladeguard_Shield	0.30	96	217	65536	62902
ArmourEffect_Bladeguard_Shield	0.50	155	288	65536	62966
ArmourEffect_Bladeguard_Shield	0.75	163	241	65536	62940
ArmourEffect_Bladeguard_Shield	1.00	162	240	65536	62939
ArmourEffect_Bladeguard_Shield	1.50	851	650	65536	63270
ArmourEffect_Bladeguard_Shield	2.00	185	109	65536	62821
ArmourEffect_Bladeguard_Shield	3.00	0	0	65536	62740
ArmourEffect_Nurgle	0.15	881	657	65536	63267
ArmourEffect_Nurgle	0.30	910	662	65536	63265
ArmourEffect_Nurgle	0.50	864	599	65536	63210
ArmourEffect_Nurgle	0.75	761	472	65536	63102
ArmourEffect_Nurgle	1.00	509	304	65536	62970
ArmourEffect_Nurgle	1.50	66	27	65536	62763
ArmourEffect_Nurgle	2.00	0	0	65536	62740
ArmourEffect_Nurgle	3.00	0	0	65536	62740
ArtificeEffect	0.15	3041	3233	65536	65269
ArtificeEffect	0.30	3071	3586	65536	65552
ArtificeEffect	0.50	3065	3631	65536	65586
ArtificeEffect	0.75	2938	3019	65536	65092
ArtificeEffect	1.00	730	1316	65536	63726
ArtificeEffect	1.50	0	0	65536	62740
ArtificeEffect	2.00	0	0	65536	62740
ArtificeEffect	3.00	0	0	65536	62740
Artillery Ground	0.15	0	0	65536	62740
Artillery Ground	0.30	0	0	65536	62740
Artillery Ground	0.50	0	0	65536	62740
Artillery Ground	0.75	0	0	65536	62740
Artillery Ground	1.00	377	442	65536	63054
Artillery Ground	1.50	0	0	65536	62740
Artillery Ground	2.00	0	0	65536	62740
Artillery Ground	3.00	0	0	65536	62740
Artillery Manticore down 1x	0.15	124	114	65536	62825
Artillery Manticore down 1x	0.30	127	116	65536	62827
Artillery Manticore down 1x	0.50	0	0	65536	62740
Artillery Manticore down 1x	0.75	0	0	65536	62740
Artillery Manticore down 1x	1.00	0	0	65536	62740
Artillery Manticore down 1x	1.50	0	0	65536	62740
Artillery Manticore down 1x	2.00	0	0	65536	62740
Artillery Manticore down 1x	3.00	0	0	65536	62740
Artillery Manticore down 2x spread	0.15	511	514	65536	63133
Artillery Manticore down 2x spread	0.30	756	693	65536	63269
Artillery Manticore down 2x spread	0.50	388	350	65536	63006
Artillery Manticore down 2x spread	0.75	0	0	65536	62740
Artillery Manticore down 2x spread	1.00	0	0	65536	62740
Artillery Manticore down 2x spread	1.50	0	0	65536	62740
Artillery Manticore down 2x spread	2.00	0	0	65536	62740
Artillery Manticore down 2x spread	3.00	0	0	65536	62740
Artillery Manticore down 4x	0.15	48	42	65536	62772
Artillery Manticore down 4x	0.30	98	86	65536	62806
Artillery Manticore down 4x	0.50	159	135	65536	62842
Artillery Manticore down 4x	0.75	95	85	65536	62806
Artillery Manticore down 4x	1.00	0	0	65536	62740
Artillery Manticore down 4x	1.50	0	0	65536	62740
Artillery Manticore down 4x	2.00	0	0	65536	62740
Artillery Manticore down 4x	3.00	0	0	65536	62740
Artillery Manticore down 4x spread	0.15	322	317	65536	62982
Artillery Manticore down 4x spread	0.30	603	564	65536	63170
Artillery Manticore down 4x spread	0.50	1020	957	65536	63471
Artillery Manticore down 4x spread	0.75	731	656	65536	63239
Artillery Manticore down 4x spread	1.00	0	0	65536	62740
Artillery Manticore down 4x spread	1.50	0	0	65536	62740
Artillery Manticore down 4x spread	2.00	0	0	65536	62740
Artillery Manticore down 4x spread	3.00	0	0	65536	62740
Artillery Manticore up 2x	0.15	395	428	65536	63104
Artillery Manticore up 2x	0.30	1049	1110	65536	63689
Artillery Manticore up 2x	0.50	1116	969	65536	63584
Artillery Manticore up 2x	0.75	77	30	65536	62760
Artillery Manticore up 2x	1.00	34	12	65536	62751
Artillery Manticore up 2x	1.50	0	0	65536	62740
Artillery Manticore up 2x	2.00	0	0	65536	62740
Artillery Manticore up 2x	3.00	0	0	65536	62740
Artillery Manticore up 4x	0.15	206	220	65536	62927
Artillery Manticore up 4x	0.30	523	548	65536	63207
Artillery Manticore up 4x	0.50	663	672	65536	63308
Artillery Manticore up 4x	0.75	749	648	65536	63287
Artillery Manticore up 4x	1.00	43	16	65536	62752
Artillery Manticore up 4x	1.50	0	0	65536	62741
Artillery Manticore up 4x	2.00	0	0	65536	62740
Artillery Manticore up 4x	3.00	0	0	65536	62740
Atk_BulletImpact_Vox-pulse	0.15	50	32	65536	62767
Atk_BulletImpact_Vox-pulse	0.30	57	32	65536	62767
Atk_BulletImpact_Vox-pulse	0.50	0	0	65536	62740
Atk_BulletImpact_Vox-pulse	0.75	0	0	65536	62740
Atk_BulletImpact_Vox-pulse	1.00	0	0	65536	62740
Atk_BulletImpact_Vox-pulse	1.50	0	0	65536	62740
Atk_BulletImpact_Vox-pulse	2.00	0	0	65536	62740
Atk_BulletImpact_Vox-pulse	3.00	0	0	65536	62740
Atk_BulletImpact_Vox-pulse digital	0.15	30	25	65536	62760
Atk_BulletImpact_Vox-pulse digital	0.30	64	48	65536	62778
Atk_BulletImpact_Vox-pulse digital	0.50	0	0	65536	62740
Atk_BulletImpact_Vox-pulse digital	0.75	0	0	65536	62740
Atk_BulletImpact_Vox-pulse digital	1.00	0	0	65536	62740
Atk_BulletImpact_Vox-pulse digital	1.50	0	0	65536	62740
Atk_BulletImpact_Vox-pulse digital	2.00	0	0	65536	62740
Atk_BulletImpact_Vox-pulse digital	3.00	0	0	65536	62740
Atk_BulletImpact_Vox-pulse purple	0.15	65	53	65536	62782
Atk_BulletImpact_Vox-pulse purple	0.30	74	53	65536	62782
Atk_BulletImpact_Vox-pulse purple	0.50	0	0	65536	62740
Atk_BulletImpact_Vox-pulse purple	0.75	0	0	65536	62740
Atk_BulletImpact_Vox-pulse purple	1.00	0	0	65536	62740
Atk_BulletImpact_Vox-pulse purple	1.50	0	0	65536	62740
Atk_BulletImpact_Vox-pulse purple	2.00	0	0	65536	62740
Atk_BulletImpact_Vox-pulse purple	3.00	0	0	65536	62740
Atk_ChemVial_2	0.15	18	27	65536	62761
Atk_ChemVial_2	0.30	6	13	65536	62750
Atk_ChemVial_2	0.50	12	20	65536	62756
Atk_ChemVial_2	0.75	8	13	65536	62751
Atk_ChemVial_2	1.00	0	0	65536	62740
Atk_ChemVial_2	1.50	0	0	65536	62740
Atk_ChemVial_2	2.00	0	0	65536	62740
Atk_ChemVial_2	3.00	0	0	65536	62740
Atk_ExileGlaiveThrow Movement	0.15	3122	1630	65536	63884
Atk_ExileGlaiveThrow Movement	0.30	2	2	65536	62742
Atk_ExileGlaiveThrow Movement	0.50	0	0	65536	62740
Atk_ExileGlaiveThrow Movement	0.75	0	0	65536	62740
Atk_ExileGlaiveThrow Movement	1.00	0	0	65536	62740
Atk_ExileGlaiveThrow Movement	1.50	0	0	65536	62740
Atk_ExileGlaiveThrow Movement	2.00	0	0	65536	62740
Atk_ExileGlaiveThrow Movement	3.00	0	0	65536	62740
Atk_GrotGrenade	0.15	3122	1626	65536	63882
Atk_GrotGrenade	0.30	10	6	65536	62745
Atk_GrotGrenade	0.50	10	6	65536	62745
Atk_GrotGrenade	0.75	8	5	65536	62744
Atk_GrotGrenade	1.00	0	0	65536	62740
Atk_GrotGrenade	1.50	0	0	65536	62740
Atk_GrotGrenade	2.00	0	0	65536	62740
Atk_GrotGrenade	3.00	0	0	65536	62740
Atk_GrotGrenade_big	0.15	3122	1623	65536	63878
Atk_GrotGrenade_big	0.30	8	3	65536	62743
Atk_GrotGrenade_big	0.50	24	9	65536	62745
Atk_GrotGrenade_big	0.75	24	9	65536	62744
Atk_GrotGrenade_big	1.00	0	0	65536	62740
Atk_GrotGrenade_big	1.50	0	0	65536	62740
Atk_GrotGrenade_big	2.00	0	0	65536	62740
Atk_GrotGrenade_big	3.00	0	0	65536	62740
Atk_GrotRock	0.15	2402	1091	65536	63509
Atk_GrotRock	0.30	4	3	65536	62743
Atk_GrotRock	0.50	4	3	65536	62743
Atk_GrotRock	0.75	0	0	65536	62740
Atk_GrotRock	1.00	0	0	65536	62740
Atk_GrotRock	1.50	0	0	65536	62740
Atk_GrotRock	2.00	0	0	65536	62740
Atk_GrotRock	3.00	0	0	65536	62740
Atk_HelspearThrow Movement	0.15	3122	1630	65536	63884
Atk_HelspearThrow Movement	0.30	0	0	65536	62740
Atk_HelspearThrow Movement	0.50	0	0	65536	62740
Atk_HelspearThrow Movement	0.75	0	0	65536	62740
Atk_HelspearThrow Movement	1.00	0	0	65536	62740
Atk_HelspearThrow Movement	1.50	0	0	65536	62740
Atk_HelspearThrow Movement	2.00	0	0	65536	62740
Atk_HelspearThrow Movement	3.00	0	0	65536	62740
Atk_JainasMor	0.15	3262	4382	65536	66383
Atk_JainasMor	0.30	4522	4942	65536	67057
Atk_JainasMor	0.50	6076	5719	65536	67784
Atk_JainasMor	0.75	7528	5343	65536	67345
Atk_JainasMor	1.00	529	454	65536	63069
Atk_JainasMor	1.50	0	0	65536	62740
Atk_JainasMor	2.00	0	0	65536	62740
Atk_JainasMor	3.00	0	0	65536	62740
Atk_KrootJavelinThrow Movement	0.15	3122	1630	65536	63885
Atk_KrootJavelinThrow Movement	0.30	4	2	65536	62742
Atk_KrootJavelinThrow Movement	0.50	4	2	65536	62742
Atk_KrootJavelinThrow Movement	0.75	0	0	65536	62740
Atk_KrootJavelinThrow Movement	1.00	0	0	65536	62740
Atk_KrootJavelinThrow Movement	1.50	0	0	65536	62740
Atk_KrootJavelinThrow Movement	2.00	0	0	65536	62740
Atk_KrootJavelinThrow Movement	3.00	0	0	65536	62740
Atk_Rokkit-Harpoon big	0.15	3084	1664	65536	63930
Atk_Rokkit-Harpoon big	0.30	236	144	65536	62858
Atk_Rokkit-Harpoon big	0.50	378	220	65536	62919
Atk_Rokkit-Harpoon big	0.75	279	124	65536	62835
Atk_Rokkit-Harpoon big	1.00	85	36	65536	62768
Atk_Rokkit-Harpoon big	1.50	0	0	65536	62740
Atk_Rokkit-Harpoon big	2.00	0	0	65536	62740
Atk_Rokkit-Harpoon big	3.00	0	0	65536	62740
Atk_Rokkit-Harpoon small	0.15	3122	1669	65536	63927
Atk_Rokkit-Harpoon small	0.30	360	225	65536	62926
Atk_Rokkit-Harpoon small	0.50	367	216	65536	62916
Atk_Rokkit-Harpoon small	0.75	206	94	65536	62813
Atk_Rokkit-Harpoon small	1.00	0	0	65536	62740
Atk_Rokkit-Harpoon small	1.50	0	0	65536	62740
Atk_Rokkit-Harpoon small	2.00	0	0	65536	62740
Atk_Rokkit-Harpoon small	3.00	0	0	65536	62740
Atk_StikkaThrow Movement	0.15	3122	1626	65536	63875
Atk_StikkaThrow Movement	0.30	30	5	65534	62733
Atk_StikkaThrow Movement	0.50	0	0	65536	62740
Atk_StikkaThrow Movement	0.75	0	0	65536	62740
Atk_StikkaThrow Movement	1.00	0	0	65536	62740
Atk_StikkaThrow Movement	1.50	0	0	65536	62740
Atk_StikkaThrow Movement	2.00	0	0	65536	62740
Atk_StikkaThrow Movement	3.00	0	0	65536	62740
Attack_Stomp	0.15	2728	2967	65536	65336
Attack_Stomp	0.30	5916	5114	65536	67244
Attack_Stomp	0.50	679	534	65536	63191
Attack_Stomp	0.75	1222	965	65536	63561
Attack_Stomp	1.00	812	629	65536	63275
Attack_Stomp	1.50	435	234	65536	62929
Attack_Stomp	2.00	0	0	65536	62740
Attack_Stomp	3.00	0	0	65536	62740
AttackHitSmall	0.15	23	19	65536	62756
AttackHitSmall	0.30	0	0	65536	62740
AttackHitSmall	0.50	0	0	65536	62740
AttackHitSmall	0.75	1	0	65536	62740
AttackHitSmall	1.00	0	0	65536	62740
AttackHitSmall	1.50	0	0	65536	62740
AttackHitSmall	2.00	0	0	65536	62740
AttackHitSmall	3.00	0	0	65536	62740
AttackSquigEffect	0.15	0	0	65536	62740
AttackSquigEffect	0.30	0	0	65536	62740
AttackSquigEffect	0.50	0	0	65536	62740
AttackSquigEffect	0.75	39	16	65536	62749
AttackSquigEffect	1.00	0	0	65536	62740
AttackSquigEffect	1.50	0	0	65536	62740
AttackSquigEffect	2.00	0	0	65536	62740
AttackSquigEffect	3.00	0	0	65536	62740
Aura_WhileInPlay_1	0.15	1	1	65536	62741
Aura_WhileInPlay_1	0.30	2	1	65536	62741
Aura_WhileInPlay_1	0.50	4	3	65536	62743
Aura_WhileInPlay_1	0.75	3	3	65536	62744
Aura_WhileInPlay_1	1.00	6	5	65536	62745
Aura_WhileInPlay_1	1.50	11	8	65536	62747
Aura_WhileInPlay_1	2.00	10	10	65536	62749
Aura_WhileInPlay_1	3.00	7	4	65536	62744
Aura_WhileInPlay_2	0.15	0	0	65536	62740
Aura_WhileInPlay_2	0.30	0	0	65536	62740
Aura_WhileInPlay_2	0.50	4	1	65536	62742
Aura_WhileInPlay_2	0.75	7	3	65536	62743
Aura_WhileInPlay_2	1.00	16	6	65536	62745
Aura_WhileInPlay_2	1.50	37	14	65536	62751
Aura_WhileInPlay_2	2.00	42	15	65536	62753
Aura_WhileInPlay_2	3.00	49	17	65536	62753
Axe_Slash_User_SW	0.15	271	532	65536	63121
Axe_Slash_User_SW	0.30	266	536	65536	63123
Axe_Slash_User_SW	0.50	271	679	65536	63216
Axe_Slash_User_SW	0.75	156	436	65536	63043
Axe_Slash_User_SW	1.00	246	699	65536	63224
Axe_Slash_User_SW	1.50	152	431	65536	63039
Axe_Slash_User_SW	2.00	0	0	65536	62740
Axe_Slash_User_SW	3.00	0	0	65536	62740
BacklashEffect	0.15	0	0	65536	62740
BacklashEffect	0.30	567	373	65536	63041
BacklashEffect	0.50	1406	1439	65536	63848
BacklashEffect	0.75	1590	1845	65536	64092
BacklashEffect	1.00	1597	2179	65536	64348
BacklashEffect	1.50	1392	1792	65536	64058
BacklashEffect	2.00	1511	1187	65536	63679
BacklashEffect	3.00	2	3	65536	62742
Backstab Dagger	0.15	26	24	65536	62761
Backstab Dagger	0.30	30	27	65536	62764
Backstab Dagger	0.50	14	13	65536	62755
Backstab Dagger	0.75	29	21	65536	62760
Backstab Dagger	1.00	0	0	65536	62746
Backstab Dagger	1.50	0	0	65536	62740
Backstab Dagger	2.00	0	0	65536	62740
Backstab Dagger	3.00	0	0	65536	62740
Backstab Dagger Intense	0.15	31	29	65536	62763
Backstab Dagger Intense	0.30	57	37	65536	62771
Backstab Dagger Intense	0.50	90	80	65536	62808
Backstab Dagger Intense	0.75	101	80	65536	62810
Backstab Dagger Intense	1.00	80	53	65536	62786
Backstab Dagger Intense	1.50	18	9	65536	62747
Backstab Dagger Intense	2.00	0	0	65536	62740
Backstab Dagger Intense	3.00	0	0	65536	62740
BansheeHowl	0.15	753	718	65536	63362
BansheeHowl	0.30	2140	2095	65536	64587
BansheeHowl	0.50	4356	3756	65536	66051
BansheeHowl	0.75	6806	4431	65536	66495
BansheeHowl	1.00	1664	660	65536	63232
BansheeHowl	1.50	0	0	65536	62740
BansheeHowl	2.00	0	0	65536	62740
BansheeHowl	3.00	0	0	65536	62740
BansheeHowl_blood	0.15	1640	1794	65536	64305
BansheeHowl_blood	0.30	2652	2686	65536	65095
BansheeHowl_blood	0.50	3844	3311	65536	65655
BansheeHowl_blood	0.75	5112	3236	65536	65463
BansheeHowl_blood	1.00	68	22	65536	62762
BansheeHowl_blood	1.50	0	0	65536	62740
BansheeHowl_blood	2.00	0	0	65536	62740
BansheeHowl_blood	3.00	0	0	65536	62740
BansheeHowl_blood glow	0.15	1662	1940	65536	64419
BansheeHowl_blood glow	0.30	2727	2897	65536	65283
BansheeHowl_blood glow	0.50	3844	3313	65536	65658
BansheeHowl_blood glow	0.75	5112	3234	65536	65461
BansheeHowl_blood glow	1.00	146	48	65536	62776
BansheeHowl_blood glow	1.50	0	0	65536	62740
BansheeHowl_blood glow	2.00	0	0	65536	62740
BansheeHowl_blood glow	3.00	0	0	65536	62740
BansheeHowl_warlord	0.15	1014	842	65536	63457
BansheeHowl_warlord	0.30	2559	2273	65536	64721
BansheeHowl_warlord	0.50	4356	3769	65536	66063
BansheeHowl_warlord	0.75	6806	4441	65536	66505
BansheeHowl_warlord	1.00	1855	751	65536	63253
BansheeHowl_warlord	1.50	0	0	65536	62740
BansheeHowl_warlord	2.00	0	0	65536	62740
BansheeHowl_warlord	3.00	0	0	65536	62740
Basic_army_BL	0.15	263	240	65536	62908
Basic_army_BL	0.30	478	417	65536	63028
Basic_army_BL	0.50	644	529	65536	63104
Basic_army_BL	0.75	762	527	65536	63100
Basic_army_BL	1.00	1052	930	65536	63381
Basic_army_BL	1.50	434	276	65536	62922
Basic_army_BL	2.00	0	0	65536	62740
Basic_army_BL	3.00	0	0	65536	62740
Basic_army_DA	0.15	261	262	65536	62954
Basic_army_DA	0.30	463	465	65536	63123
Basic_army_DA	0.50	620	585	65536	63224
Basic_army_DA	0.75	712	563	65536	63208
Basic_army_DA	1.00	1030	1233	65536	63718
Basic_army_DA	1.50	432	415	65536	63077
Basic_army_DA	2.00	0	0	65536	62740
Basic_army_DA	3.00	0	0	65536	62740
Basic_army_DA_Intense	0.15	264	264	65536	62954
Basic_army_DA_Intense	0.30	465	468	65536	63125
Basic_army_DA_Intense	0.50	623	587	65536	63226
Basic_army_DA_Intense	0.75	710	565	65536	63209
Basic_army_DA_Intense	1.00	1058	1283	65536	63756
Basic_army_DA_Intense	1.50	644	704	65536	63314
Basic_army_DA_Intense	2.00	0	0	65536	62740
Basic_army_DA_Intense	3.00	0	0	65536	62740
Basic_army_DA_Intense_Secret	0.15	158	84	65536	62782
Basic_army_DA_Intense_Secret	0.30	160	83	65536	62772
Basic_army_DA_Intense_Secret	0.50	130	68	65536	62757
Basic_army_DA_Intense_Secret	0.75	90	62	65536	62770
Basic_army_DA_Intense_Secret	1.00	943	846	65536	63444
Basic_army_DA_Intense_Secret	1.50	448	296	65536	62980
Basic_army_DA_Intense_Secret	2.00	1	1	65536	62741
Basic_army_DA_Intense_Secret	3.00	0	0	65536	62740
Basic_army_DA_NoIcon	0.15	162	147	65536	62864
Basic_army_DA_NoIcon	0.30	170	199	65536	62904
Basic_army_DA_NoIcon	0.50	170	242	65536	62931
Basic_army_DA_NoIcon	0.75	176	290	65536	62961
Basic_army_DA_NoIcon	1.00	944	1129	65536	63639
Basic_army_DA_NoIcon	1.50	938	823	65536	63416
Basic_army_DA_NoIcon	2.00	0	0	65536	62740
Basic_army_DA_NoIcon	3.00	0	0	65536	62740
Basic_army_GSC	0.15	262	355	65536	63014
Basic_army_GSC	0.30	400	528	65536	63147
Basic_army_GSC	0.50	568	672	65536	63267
Basic_army_GSC	0.75	661	638	65536	63252
Basic_army_GSC	1.00	864	975	65536	63504
Basic_army_GSC	1.50	332	328	65536	62996
Basic_army_GSC	2.00	29	18	65536	62754
Basic_army_GSC	3.00	0	0	65536	62740
Basic_army_GSC_intense	0.15	296	405	65536	63054
Basic_army_GSC_intense	0.30	487	647	65536	63239
Basic_army_GSC_intense	0.50	656	792	65536	63361
Basic_army_GSC_intense	0.75	770	751	65536	63342
Basic_army_GSC_intense	1.00	1077	1281	65536	63738
Basic_army_GSC_intense	1.50	582	594	65536	63192
Basic_army_GSC_intense	2.00	304	149	65536	62834
Basic_army_GSC_intense	3.00	0	0	65536	62740
Basic_army_GSC_Jackal	0.15	238	329	65536	62993
Basic_army_GSC_Jackal	0.30	391	514	65536	63136
Basic_army_GSC_Jackal	0.50	559	658	65536	63256
Basic_army_GSC_Jackal	0.75	650	624	65536	63240
Basic_army_GSC_Jackal	1.00	892	994	65536	63520
Basic_army_GSC_Jackal	1.50	541	494	65536	63136
Basic_army_GSC_Jackal	2.00	256	148	65536	62861
Basic_army_GSC_Jackal	3.00	0	0	65536	62740
Basic_army_GSC_shake	0.15	259	354	65536	63014
Basic_army_GSC_shake	0.30	406	532	65536	63151
Basic_army_GSC_shake	0.50	567	669	65536	63266
Basic_army_GSC_shake	0.75	665	643	65536	63256
Basic_army_GSC_shake	1.00	862	975	65536	63507
Basic_army_GSC_shake	1.50	325	332	65536	63001
Basic_army_GSC_shake	2.00	19	14	65536	62753
Basic_army_GSC_shake	3.00	0	0	65536	62740
Basic_army_Guard	0.15	116	99	65536	62820
Basic_army_Guard	0.30	169	136	65536	62849
Basic_army_Guard	0.50	252	192	65536	62893
Basic_army_Guard	0.75	666	526	65536	63178
Basic_army_Guard	1.00	623	475	65536	63134
Basic_army_Guard	1.50	193	83	65536	62797
Basic_army_Guard	2.00	0	0	65536	62740
Basic_army_Guard	3.00	0	0	65536	62740
Basic_army_Guard Board	0.15	84	84	65536	62809
Basic_army_Guard Board	0.30	121	112	65536	62833
Basic_army_Guard Board	0.50	161	140	65536	62853
Basic_army_Guard Board	0.75	562	517	65536	63146
Basic_army_Guard Board	1.00	503	483	65536	63118
Basic_army_Guard Board	1.50	164	147	65536	62851
Basic_army_Guard Board	2.00	68	48	65536	62779
Basic_army_Guard Board	3.00	0	0	65536	62740
Basic_army_Guard Digital	0.15	822	576	65536	63184
Basic_army_Guard Digital	0.30	832	768	65536	63345
Basic_army_Guard Digital	0.50	1265	1163	65536	63642
Basic_army_Guard Digital	0.75	1315	1332	65536	63772
Basic_army_Guard Digital	1.00	2105	1840	65536	64195
Basic_army_Guard Digital	1.50	1569	714	65536	63228
Basic_army_Guard Digital	2.00	0	0	65536	62740
Basic_army_Guard Digital	3.00	0	0	65536	62740
Basic_army_Guard Intense	0.15	138	133	65536	62850
Basic_army_Guard Intense	0.30	212	191	65536	62898
Basic_army_Guard Intense	0.50	292	250	65536	62944
Basic_army_Guard Intense	0.75	916	856	65536	63413
Basic_army_Guard Intense	1.00	1142	1145	65536	63620
Basic_army_Guard Intense	1.50	957	547	65536	63135
Basic_army_Guard Intense	2.00	108	76	65536	62801
Basic_army_Guard Intense	3.00	0	0	65536	62740
Basic_army_Guard_quick	0.15	1876	2020	65536	64357
Basic_army_Guard_quick	0.30	1781	1651	65536	64081
Basic_army_Guard_quick	0.50	1898	1444	65536	63916
Basic_army_Guard_quick	0.75	1829	1097	65536	63646
Basic_army_Guard_quick	1.00	0	0	65536	62740
Basic_army_Guard_quick	1.50	0	0	65536	62740
Basic_army_Guard_quick	2.00	0	0	65536	62740
Basic_army_Guard_quick	3.00	0	0	65536	62740
Basic_army_Guard_quick Master of Ordnance	0.15	3669	4388	65536	66495
Basic_army_Guard_quick Master of Ordnance	0.30	4999	5053	65536	67148
Basic_army_Guard_quick Master of Ordnance	0.50	1903	1316	65536	63825
Basic_army_Guard_quick Master of Ordnance	0.75	1802	1005	65536	63571
Basic_army_Guard_quick Master of Ordnance	1.00	0	0	65536	62740
Basic_army_Guard_quick Master of Ordnance	1.50	0	0	65536	62740
Basic_army_Guard_quick Master of Ordnance	2.00	0	0	65536	62740
Basic_army_Guard_quick Master of Ordnance	3.00	0	0	65536	62740
Basic_army_UM	0.15	249	289	65536	62969
Basic_army_UM	0.30	465	505	65536	63146
Basic_army_UM	0.50	627	629	65536	63249
Basic_army_UM	0.75	719	590	65536	63224
Basic_army_UM	1.00	1063	1231	65536	63724
Basic_army_UM	1.50	420	337	65536	63019
Basic_army_UM	2.00	0	0	65536	62740
Basic_army_UM	3.00	0	0	65536	62740
Basic_army_UM_Chainsword	0.15	252	291	65536	62970
Basic_army_UM_Chainsword	0.30	464	506	65536	63146
Basic_army_UM_Chainsword	0.50	627	629	65536	63249
Basic_army_UM_Chainsword	0.75	719	591	65536	63225
Basic_army_UM_Chainsword	1.00	1074	1240	65536	63731
Basic_army_UM_Chainsword	1.50	428	341	65536	63021
Basic_army_UM_Chainsword	2.00	0	0	65536	62740
Basic_army_UM_Chainsword	3.00	0	0	65536	62740
Basic_army_UM_Chant	0.15	251	292	65536	62972
Basic_army_UM_Chant	0.30	464	507	65536	63147
Basic_army_UM_Chant	0.50	627	629	65536	63249
Basic_army_UM_Chant	0.75	719	589	65536	63223
Basic_army_UM_Chant	1.00	1065	1232	65536	63725
Basic_army_UM_Chant	1.50	415	334	65536	63018
Basic_army_UM_Chant	2.00	0	0	65536	62740
Basic_army_UM_Chant	3.00	0	0	65536	62740
Basic_army_UM_chaplain	0.15	1042	1199	65536	63701
Basic_army_UM_chaplain	0.30	1115	1305	65536	63775
Basic_army_UM_chaplain	0.50	1147	1371	65536	63825
Basic_army_UM_chaplain	0.75	1030	1215	65536	63705
Basic_army_UM_chaplain	1.00	531	582	65536	63200
Basic_army_UM_chaplain	1.50	137	101	65536	62821
Basic_army_UM_chaplain	2.00	0	0	65536	62740
Basic_army_UM_chaplain	3.00	0	0	65536	62740
Basic_army_UM_Guilliman	0.15	169	198	65536	62900
Basic_army_UM_Guilliman	0.30	288	330	65536	63007
Basic_army_UM_Guilliman	0.50	421	430	65536	63092
Basic_army_UM_Guilliman	0.75	472	405	65536	63074
Basic_army_UM_Guilliman	1.00	1026	1303	65536	63791
Basic_army_UM_Guilliman	1.50	316	291	65536	62979
Basic_army_UM_Guilliman	2.00	0	0	65536	62741
Basic_army_UM_Guilliman	3.00	0	0	65536	62740
Basic_army_UM_Hammer	0.15	252	291	65536	62971
Basic_army_UM_Hammer	0.30	464	506	65536	63147
Basic_army_UM_Hammer	0.50	627	629	65536	63249
Basic_army_UM_Hammer	0.75	719	590	65536	63224
Basic_army_UM_Hammer	1.00	1359	1655	65536	64098
Basic_army_UM_Hammer	1.50	425	339	65536	63022
Basic_army_UM_Hammer	2.00	0	0	65536	62742
Basic_army_UM_Hammer	3.00	0	0	65536	62740
Basic_army_UM_Pre-Effect	0.15	19	15	65536	62752
Basic_army_UM_Pre-Effect	0.30	62	42	65536	62774
Basic_army_UM_Pre-Effect	0.50	126	83	65536	62808
Basic_army_UM_Pre-Effect	0.75	189	123	65536	62839
Basic_army_UM_Pre-Effect	1.00	172	107	65536	62826
Basic_army_UM_Pre-Effect	1.50	101	52	65536	62780
Basic_army_UM_Pre-Effect	2.00	0	0	65536	62740
Basic_army_UM_Pre-Effect	3.00	0	0	65536	62740
Basic_army_UM_quick	0.15	1093	1167	65536	63673
Basic_army_UM_quick	0.30	976	1032	65536	63568
Basic_army_UM_quick	0.50	723	689	65536	63298
Basic_army_UM_quick	0.75	401	338	65536	63011
Basic_army_UM_quick	1.00	10	8	65536	62747
Basic_army_UM_quick	1.50	0	0	65536	62740
Basic_army_UM_quick	2.00	0	0	65536	62740
Basic_army_UM_quick	3.00	0	0	65536	62740
BeastSnagga_Summon	0.15	21	28	65536	62763
BeastSnagga_Summon	0.30	86	68	65536	62796
BeastSnagga_Summon	0.50	192	149	65536	62866
BeastSnagga_Summon	0.75	360	291	65536	62984
BeastSnagga_Summon	1.00	495	428	65536	63102
BeastSnagga_Summon	1.50	722	554	65536	63207
BeastSnagga_Summon	2.00	718	419	65536	63081
BeastSnagga_Summon	3.00	0	0	65536	62740
BigKrumpaKlawEffect	0.15	116	69	65536	62789
BigKrumpaKlawEffect	0.30	461	315	65536	62917
BigKrumpaKlawEffect	0.50	486	289	65536	62864
BigKrumpaKlawEffect	0.75	0	0	65536	62740
BigKrumpaKlawEffect	1.00	0	0	65536	62740
BigKrumpaKlawEffect	1.50	0	0	65536	62740
BigKrumpaKlawEffect	2.00	0	0	65536	62740
BigKrumpaKlawEffect	3.00	0	0	65536	62740
Birth of a Saga	0.15	0	0	65536	62740
Birth of a Saga	0.30	9	3	65536	62742
Birth of a Saga	0.50	43	21	65536	62757
Birth of a Saga	0.75	136	72	65536	62799
Birth of a Saga	1.00	330	201	65536	62906
Birth of a Saga	1.50	846	532	65536	63181
Birth of a Saga	2.00	1172	722	65536	63335
Birth of a Saga	3.00	1235	752	65536	63359
BlackCrusade_Battleground	0.15	0	0	65536	62740
BlackCrusade_Battleground	0.30	113	50	65536	62776
BlackCrusade_Battleground	0.50	126	69	65536	62796
BlackCrusade_Battleground	0.75	130	75	65536	62801
BlackCrusade_Battleground	1.00	129	70	65536	62795
BlackCrusade_Battleground	1.50	110	46	65536	62768
BlackCrusade_Battleground	2.00	173	220	65536	62920
BlackCrusade_Battleground	3.00	177	295	65536	62967
BlackCrusade_Battleground repeat	0.15	0	0	65536	62740
BlackCrusade_Battleground repeat	0.30	126	67	65536	62792
BlackCrusade_Battleground repeat	0.50	129	71	65536	62796
BlackCrusade_Battleground repeat	0.75	109	42	65536	62763
BlackCrusade_Battleground repeat	1.00	108	34	65536	62749
BlackCrusade_Battleground repeat	1.50	109	36	65536	62751
BlackCrusade_Battleground repeat	2.00	174	224	65536	62922
BlackCrusade_Battleground repeat	3.00	171	175	65536	62882
Blacksword_Missile_offscreen	0.15	2	1	65536	62741
Blacksword_Missile_offscreen	0.30	7	4	65536	62743
Blacksword_Missile_offscreen	0.50	11	6	65536	62745
Blacksword_Missile_offscreen	0.75	9	5	65536	62743
Blacksword_Missile_offscreen	1.00	7	4	65536	62743
Blacksword_Missile_offscreen	1.50	7	4	65536	62743
Blacksword_Missile_offscreen	2.00	6	3	65536	62743
Blacksword_Missile_offscreen	3.00	3	1	65536	62741
Blacksword_Missile_volley	0.15	165	166	65536	62875
Blacksword_Missile_volley	0.30	301	303	65536	62987
Blacksword_Missile_volley	0.50	460	462	65536	63113
Blacksword_Missile_volley	0.75	664	676	65536	63285
Blacksword_Missile_volley	1.00	653	681	65536	63290
Blacksword_Missile_volley	1.50	593	628	65536	63247
Blacksword_Missile_volley	2.00	745	768	65536	63361
Blacksword_Missile_volley	3.00	680	724	65536	63323
Blast_Big_Ork	0.15	4	2	65536	62742
Blast_Big_Ork	0.30	29	23	65536	62760
Blast_Big_Ork	0.50	19	14	65536	62752
Blast_Big_Ork	0.75	39	28	65536	62764
Blast_Big_Ork	1.00	43	31	65536	62766
Blast_Big_Ork	1.50	29	19	65536	62755
Blast_Big_Ork	2.00	23	13	65536	62750
Blast_Big_Ork	3.00	0	0	65536	62740
Blast_Big_Ork_Missiles	0.15	3	2	65536	62742
Blast_Big_Ork_Missiles	0.30	42	34	65536	62768
Blast_Big_Ork_Missiles	0.50	17	11	65536	62749
Blast_Big_Ork_Missiles	0.75	53	42	65536	62773
Blast_Big_Ork_Missiles	1.00	62	49	65536	62780
Blast_Big_Ork_Missiles	1.50	24	17	65536	62753
Blast_Big_Ork_Missiles	2.00	7	5	65536	62744
Blast_Big_Ork_Missiles	3.00	0	0	65536	62740
Blast_Plasma	0.15	0	0	65536	62740
Blast_Plasma	0.30	0	0	65536	62740
Blast_Plasma	0.50	0	0	65536	62740
Blast_Plasma	0.75	1	1	65536	62741
Blast_Plasma	1.00	4	4	65536	62743
Blast_Plasma	1.50	27	28	65536	62761
Blast_Plasma	2.00	9	9	65536	62748
Blast_Plasma	3.00	0	0	65536	62740
Blast_Plasma_Helbrute	0.15	6	4	65536	62743
Blast_Plasma_Helbrute	0.30	16	11	65536	62747
Blast_Plasma_Helbrute	0.50	28	22	65536	62757
Blast_Plasma_Helbrute	0.75	30	26	65536	62762
Blast_Plasma_Helbrute	1.00	17	10	65536	62746
Blast_Plasma_Helbrute	1.50	2	1	65536	62741
Blast_Plasma_Helbrute	2.00	0	0	65536	62740
Blast_Plasma_Helbrute	3.00	0	0	65536	62740
Blast_Plasma_MegaBlasta	0.15	0	0	65536	62740
Blast_Plasma_MegaBlasta	0.30	0	0	65536	62740
Blast_Plasma_MegaBlasta	0.50	0	0	65536	62740
Blast_Plasma_MegaBlasta	0.75	3	1	65536	62741
Blast_Plasma_MegaBlasta	1.00	4	3	65536	62743
Blast_Plasma_MegaBlasta	1.50	27	24	65536	62759
Blast_Plasma_MegaBlasta	2.00	27	13	65536	62749
Blast_Plasma_MegaBlasta	3.00	0	0	65536	62740
Blast_Plasma_Sentinel	0.15	6	8	65536	62747
Blast_Plasma_Sentinel	0.30	19	21	65536	62756
Blast_Plasma_Sentinel	0.50	30	29	65536	62762
Blast_Plasma_Sentinel	0.75	29	33	65536	62766
Blast_Plasma_Sentinel	1.00	29	27	65536	62761
Blast_Plasma_Sentinel	1.50	3	1	65536	62741
Blast_Plasma_Sentinel	2.00	0	0	65536	62740
Blast_Plasma_Sentinel	3.00	0	0	65536	62740
Blast_Plasma_Sentinel_twinlink	0.15	15	18	65536	62756
Blast_Plasma_Sentinel_twinlink	0.30	34	40	65536	62772
Blast_Plasma_Sentinel_twinlink	0.50	56	55	65536	62781
Blast_Plasma_Sentinel_twinlink	0.75	49	61	65536	62787
Blast_Plasma_Sentinel_twinlink	1.00	39	41	65536	62771
Blast_Plasma_Sentinel_twinlink	1.50	12	8	65536	62747
Blast_Plasma_Sentinel_twinlink	2.00	0	0	65536	62740
Blast_Plasma_Sentinel_twinlink	3.00	0	0	65536	62740
BlastEffect	0.15	222	166	65536	62875
BlastEffect	0.30	226	195	65536	62903
BlastEffect	0.50	244	191	65536	62900
BlastEffect	0.75	203	121	65536	62839
BlastEffect	1.00	21	8	65536	62749
BlastEffect	1.50	0	0	65536	62740
BlastEffect	2.00	0	0	65536	62740
BlastEffect	3.00	0	0	65536	62740
Blind_continuous_effect	0.15	868	607	65536	63231
Blind_continuous_effect	0.30	1687	1293	65536	63786
Blind_continuous_effect	0.50	2499	2191	65536	64553
Blind_continuous_effect	0.75	3054	2266	65536	64548
Blind_continuous_effect	1.00	1937	1344	65536	63744
Blind_continuous_effect	1.50	1273	1394	65536	63863
Blind_continuous_effect	2.00	2459	2414	65536	64733
Blind_continuous_effect	3.00	2519	2431	65536	64771
BlindEffect	0.15	833	908	65536	63514
BlindEffect	0.30	1774	1714	65536	64208
BlindEffect	0.50	2036	1580	65536	64087
BlindEffect	0.75	21	15	65536	62794
BlindEffect	1.00	3	1	65536	62741
BlindEffect	1.50	4	5	65536	62744
BlindEffect	2.00	3	6	65536	62745
BlindEffect	3.00	0	0	65536	62740
BloodThirstEffect	0.15	281	210	65536	62909
BloodThirstEffect	0.30	379	326	65536	63001
BloodThirstEffect	0.50	662	591	65536	63211
BloodThirstEffect	0.75	735	573	65536	63191
BloodThirstEffect	1.00	383	276	65536	62960
BloodThirstEffect	1.50	1	1	65536	62741
BloodThirstEffect	2.00	0	0	65536	62740
BloodThirstEffect	3.00	0	0	65536	62740
BloodThirstEffect_continuous	0.15	0	0	65536	62740
BloodThirstEffect_continuous	0.30	0	0	65536	62740
BloodThirstEffect_continuous	0.50	0	0	65536	62740
BloodThirstEffect_continuous	0.75	0	0	65536	62740
BloodThirstEffect_continuous	1.00	3772	2934	65536	64979
BloodThirstEffect_continuous	1.50	3685	2519	65536	64633
BloodThirstEffect_continuous	2.00	3622	2403	65536	64537
BloodThirstEffect_continuous	3.00	3805	2973	65536	65006
BloodThirstEffect_Gain	0.15	624	522	65536	63098
BloodThirstEffect_Gain	0.30	777	619	65536	63171
BloodThirstEffect_Gain	0.50	896	758	65536	63274
BloodThirstEffect_Gain	0.75	1009	783	65536	63288
BloodThirstEffect_Gain	1.00	530	308	65536	62946
BloodThirstEffect_Gain	1.50	114	44	65536	62774
BloodThirstEffect_Gain	2.00	0	0	65536	62740
BloodThirstEffect_Gain	3.00	0	0	65536	62740
BloodThirstEffect_Idle	0.15	0	0	65536	62740
BloodThirstEffect_Idle	0.30	0	0	65536	62740
BloodThirstEffect_Idle	0.50	0	0	65536	62740
BloodThirstEffect_Idle	0.75	0	0	65536	62740
BloodThirstEffect_Idle	1.00	2277	976	65536	63359
BloodThirstEffect_Idle	1.50	3594	2070	65536	64112
BloodThirstEffect_Idle	2.00	4182	2476	65536	64373
BloodThirstEffect_Idle	3.00	3933	2373	65536	64308
BloodThirstEffect_Lose	0.15	2070	981	65536	63381
BloodThirstEffect_Lose	0.30	2681	1599	65536	63827
BloodThirstEffect_Lose	0.50	3113	2008	65536	64098
BloodThirstEffect_Lose	0.75	2911	1591	65536	63803
BloodThirstEffect_Lose	1.00	467	271	65536	62947
BloodThirstEffect_Lose	1.50	41	29	65536	62764
BloodThirstEffect_Lose	2.00	2	1	65536	62741
BloodThirstEffect_Lose	3.00	0	0	65536	62740
BloodySplash	0.15	144	77	65536	62768
BloodySplash	0.30	369	183	65536	62821
BloodySplash	0.50	407	182	65536	62843
BloodySplash	0.75	403	156	65536	62831
BloodySplash	1.00	1	0	65536	62741
BloodySplash	1.50	0	0	65536	62740
BloodySplash	2.00	0	0	65536	62740
BloodySplash	3.00	0	0	65536	62740
BlueSummonCircle	0.15	121	110	65536	62820
BlueSummonCircle	0.30	488	405	65536	63060
BlueSummonCircle	0.50	705	739	65535	63312
BlueSummonCircle	0.75	1189	1234	65536	63693
BlueSummonCircle	1.00	1985	1654	65527	63877
BlueSummonCircle	1.50	684	289	65535	62787
BlueSummonCircle	2.00	17	8	65536	62746
BlueSummonCircle	3.00	0	0	65536	62740
Bolter Casing_Imperial	0.15	24	6	65536	62737
Bolter Casing_Imperial	0.30	30	9	65536	62739
Bolter Casing_Imperial	0.50	33	16	65536	62748
Bolter Casing_Imperial	0.75	25	14	65536	62749
Bolter Casing_Imperial	1.00	28	11	65536	62744
Bolter Casing_Imperial	1.50	0	0	65536	62740
Bolter Casing_Imperial	2.00	0	0	65536	62740
Bolter Casing_Imperial	3.00	0	0	65536	62740
Bolter Casing_Orks	0.15	14	9	65536	62746
Bolter Casing_Orks	0.30	33	21	65536	62754
Bolter Casing_Orks	0.50	26	17	65536	62752
Bolter Casing_Orks	0.75	27	19	65536	62754
Bolter Casing_Orks	1.00	27	16	65536	62751
Bolter Casing_Orks	1.50	0	0	65536	62740
Bolter Casing_Orks	2.00	0	0	65536	62740
Bolter Casing_Orks	3.00	0	0	65536	62740
Bolter Casing_Traitor	0.15	18	6	65536	62740
Bolter Casing_Traitor	0.30	27	8	65536	62739
Bolter Casing_Traitor	0.50	27	8	65536	62738
Bolter Casing_Traitor	0.75	24	5	65536	62736
Bolter Casing_Traitor	1.00	26	7	65536	62738
Bolter Casing_Traitor	1.50	0	0	65536	62740
Bolter Casing_Traitor	2.00	0	0	65536	62740
Bolter Casing_Traitor	3.00	0	0	65536	62740
BolterSweep	0.15	82	65	65536	62793
BolterSweep	0.30	135	119	65536	62837
BolterSweep	0.50	150	127	65536	62842
BolterSweep	0.75	196	155	65536	62861
BolterSweep	1.00	203	158	65536	62863
BolterSweep	1.50	217	160	65536	62866
BolterSweep	2.00	198	129	65536	62839
BolterSweep	3.00	6	3	65536	62743
BolterSweep_2	0.15	101	96	65536	62821
BolterSweep_2	0.30	197	174	65536	62882
BolterSweep_2	0.50	205	183	65536	62888
BolterSweep_2	0.75	241	211	65536	62912
BolterSweep_2	1.00	285	228	65536	62920
BolterSweep_2	1.50	265	211	65536	62907
BolterSweep_2	2.00	232	151	65536	62853
BolterSweep_2	3.00	12	4	65536	62743
Bore Through	0.15	1442	1571	65536	63899
Bore Through	0.30	1987	2098	65536	64253
Bore Through	0.50	1917	2019	65536	64193
Bore Through	0.75	1733	1580	65536	63874
Bore Through	1.00	1789	1567	65536	63831
Bore Through	1.50	69	19	65536	62741
Bore Through	2.00	4	1	65536	62741
Bore Through	3.00	0	0	65536	62740
Bore Through Intense	0.15	1274	1422	65536	63787
Bore Through Intense	0.30	1564	1685	65536	63962
Bore Through Intense	0.50	1689	1771	65536	64021
Bore Through Intense	0.75	1369	1098	65536	63514
Bore Through Intense	1.00	1819	2060	65536	64239
Bore Through Intense	1.50	2166	2149	65536	64283
Bore Through Intense	2.00	2307	2182	65536	64287
Bore Through Intense	3.00	0	0	65536	62740
Buff EC On Warlord When Creating Card	0.15	434	289	65536	62967
Buff EC On Warlord When Creating Card	0.30	521	380	65536	63049
Buff EC On Warlord When Creating Card	0.50	625	487	65536	63142
Buff EC On Warlord When Creating Card	0.75	379	323	65536	63005
Buff EC On Warlord When Creating Card	1.00	120	127	65536	62838
Buff EC On Warlord When Creating Card	1.50	532	610	65536	63231
Buff EC On Warlord When Creating Card	2.00	410	320	65536	62999
Buff EC On Warlord When Creating Card	3.00	305	197	65536	62891
Buff EC Pink Twirl	0.15	387	237	65536	62924
Buff EC Pink Twirl	0.30	548	450	65536	63097
Buff EC Pink Twirl	0.50	530	483	65536	63120
Buff EC Pink Twirl	0.75	611	571	65536	63194
Buff EC Pink Twirl	1.00	584	607	65536	63204
Buff EC Pink Twirl	1.50	651	739	65536	63339
Buff EC Pink Twirl	2.00	319	251	65536	62946
Buff EC Pink Twirl	3.00	252	154	65536	62860
Buff EC Pink Twirl Intense	0.15	435	250	65536	62928
Buff EC Pink Twirl Intense	0.30	487	340	65536	63003
Buff EC Pink Twirl Intense	0.50	734	510	65536	63134
Buff EC Pink Twirl Intense	0.75	673	370	65536	63000
Buff EC Pink Twirl Intense	1.00	587	294	65536	62944
Buff EC Pink Twirl Intense	1.50	795	662	65536	63277
Buff EC Pink Twirl Intense	2.00	402	312	65536	62984
Buff EC Pink Twirl Intense	3.00	246	147	65536	62851
Buff EC Stimulate	0.15	96	61	65536	62789
Buff EC Stimulate	0.30	184	136	65536	62850
Buff EC Stimulate	0.50	249	192	65536	62891
Buff EC Stimulate	0.75	347	266	65536	62947
Buff EC Stimulate	1.00	383	303	65536	62977
Buff EC Stimulate	1.50	293	202	65536	62894
Buff EC Stimulate	2.00	213	108	65536	62815
Buff EC Stimulate	3.00	2	1	65536	62742
Buff EC Stimulate passive	0.15	1	1	65536	62741
Buff EC Stimulate passive	0.30	7	6	65536	62746
Buff EC Stimulate passive	0.50	10	9	65536	62748
Buff EC Stimulate passive	0.75	24	22	65536	62759
Buff EC Stimulate passive	1.00	29	24	65536	62761
Buff EC Stimulate passive	1.50	41	34	65536	62769
Buff EC Stimulate passive	2.00	60	49	65536	62782
Buff EC Stimulate passive	3.00	57	48	65536	62781
Buff_BL_Intense	0.15	438	451	65536	63109
Buff_BL_Intense	0.30	418	419	65536	63084
Buff_BL_Intense	0.50	336	303	65536	62989
Buff_BL_Intense	0.75	244	171	65536	62878
Buff_BL_Intense	1.00	67	30	65536	62763
Buff_BL_Intense	1.50	19	7	65536	62750
Buff_BL_Intense	2.00	0	0	65536	62742
Buff_BL_Intense	3.00	0	0	65536	62740
Buff_Blue	0.15	1173	1269	65536	63760
Buff_Blue	0.30	1056	1141	65536	63660
Buff_Blue	0.50	840	822	65536	63411
Buff_Blue	0.75	473	371	65536	63044
Buff_Blue	1.00	12	9	65536	62748
Buff_Blue	1.50	2	1	65536	62741
Buff_Blue	2.00	0	0	65536	62740
Buff_Blue	3.00	0	0	65536	62740
Buff_Blue_SW	0.15	1017	1295	65536	63744
Buff_Blue_SW	0.30	925	1166	65536	63650
Buff_Blue_SW	0.50	758	842	65536	63407
Buff_Blue_SW	0.75	391	357	65536	63032
Buff_Blue_SW	1.00	10	6	65536	62746
Buff_Blue_SW	1.50	0	0	65536	62740
Buff_Blue_SW	2.00	0	0	65536	62740
Buff_Blue_SW	3.00	0	0	65536	62740
Buff_Blue_SW_Intense	0.15	1140	1555	65536	63931
Buff_Blue_SW_Intense	0.30	1075	1437	65536	63850
Buff_Blue_SW_Intense	0.50	909	1093	65536	63597
Buff_Blue_SW_Intense	0.75	620	617	65536	63237
Buff_Blue_SW_Intense	1.00	247	173	65536	62882
Buff_Blue_SW_Intense	1.50	0	0	65536	62741
Buff_Blue_SW_Intense	2.00	0	0	65536	62741
Buff_Blue_SW_Intense	3.00	0	0	65536	62740
Buff_Blue_SW_Wolf	0.15	1023	1368	65536	63801
Buff_Blue_SW_Wolf	0.30	808	625	65536	63191
Buff_Blue_SW_Wolf	0.50	500	337	65536	62983
Buff_Blue_SW_Wolf	0.75	1	1	65536	62741
Buff_Blue_SW_Wolf	1.00	0	0	65536	62740
Buff_Blue_SW_Wolf	1.50	0	0	65536	62740
Buff_Blue_SW_Wolf	2.00	0	0	65536	62740
Buff_Blue_SW_Wolf	3.00	0	0	65536	62740
Buff_Blue_Tau	0.15	1173	1269	65536	63760
Buff_Blue_Tau	0.30	1056	1141	65536	63660
Buff_Blue_Tau	0.50	853	844	65536	63426
Buff_Blue_Tau	0.75	518	409	65536	63073
Buff_Blue_Tau	1.00	10	8	65536	62747
Buff_Blue_Tau	1.50	1	1	65536	62741
Buff_Blue_Tau	2.00	0	0	65536	62740
Buff_Blue_Tau	3.00	0	0	65536	62740
Buff_Blue_Tau_quick	0.15	1173	1268	65536	63760
Buff_Blue_Tau_quick	0.30	1075	1166	65536	63677
Buff_Blue_Tau_quick	0.50	840	823	65536	63411
Buff_Blue_Tau_quick	0.75	474	371	65536	63045
Buff_Blue_Tau_quick	1.00	12	9	65536	62748
Buff_Blue_Tau_quick	1.50	0	0	65536	62740
Buff_Blue_Tau_quick	2.00	0	0	65536	62740
Buff_Blue_Tau_quick	3.00	0	0	65536	62740
Buff_Chaos_Star	0.15	380	333	65536	62979
Buff_Chaos_Star	0.30	546	492	65536	63090
Buff_Chaos_Star	0.50	684	590	65536	63161
Buff_Chaos_Star	0.75	801	597	65536	63165
Buff_Chaos_Star	1.00	1052	1032	65536	63466
Buff_Chaos_Star	1.50	474	393	65536	63021
Buff_Chaos_Star	2.00	0	0	65536	62740
Buff_Chaos_Star	3.00	0	0	65536	62740
Buff_DA_Forest_Self	0.15	30	14	65536	62749
Buff_DA_Forest_Self	0.30	85	42	65536	62772
Buff_DA_Forest_Self	0.50	180	86	65536	62801
Buff_DA_Forest_Self	0.75	297	173	65536	62877
Buff_DA_Forest_Self	1.00	453	277	65536	62966
Buff_DA_Forest_Self	1.50	518	325	65536	63008
Buff_DA_Forest_Self	2.00	398	252	65536	62949
Buff_DA_Forest_Self	3.00	268	155	65536	62866
Buff_DA_Forest_Target	0.15	100	47	65536	62777
Buff_DA_Forest_Target	0.30	233	112	65536	62824
Buff_DA_Forest_Target	0.50	348	161	65536	62863
Buff_DA_Forest_Target	0.75	492	214	65536	62898
Buff_DA_Forest_Target	1.00	506	225	65536	62917
Buff_DA_Forest_Target	1.50	469	214	65536	62922
Buff_DA_Forest_Target	2.00	539	247	65536	62932
Buff_DA_Forest_Target	3.00	166	75	65536	62799
Buff_DaemonicFrenzy	0.15	785	365	65536	62910
Buff_DaemonicFrenzy	0.30	742	342	65536	62897
Buff_DaemonicFrenzy	0.50	587	255	65536	62860
Buff_DaemonicFrenzy	0.75	320	118	65536	62789
Buff_DaemonicFrenzy	1.00	13	4	65536	62741
Buff_DaemonicFrenzy	1.50	0	0	65536	62740
Buff_DaemonicFrenzy	2.00	0	0	65536	62740
Buff_DaemonicFrenzy	3.00	0	0	65536	62740
Buff_DaemonicPact	0.15	16	2	65536	62730
Buff_DaemonicPact	0.30	57	8	65536	62715
Buff_DaemonicPact	0.50	140	17	65534	62680
Buff_DaemonicPact	0.75	256	25	65529	62621
Buff_DaemonicPact	1.00	317	30	65532	62585
Buff_DaemonicPact	1.50	381	35	65531	62550
Buff_DaemonicPact	2.00	539	202	65536	62786
Buff_DaemonicPact	3.00	130	12	65536	62682
Buff_DaemonicPact_troop	0.15	781	364	65536	62905
Buff_DaemonicPact_troop	0.30	729	336	65536	62885
Buff_DaemonicPact_troop	0.50	576	256	65536	62873
Buff_DaemonicPact_troop	0.75	274	112	65536	62802
Buff_DaemonicPact_troop	1.00	0	0	65536	62740
Buff_DaemonicPact_troop	1.50	0	0	65536	62740
Buff_DaemonicPact_troop	2.00	0	0	65536	62740
Buff_DaemonicPact_troop	3.00	0	0	65536	62740
Buff_DarkOratory	0.15	899	926	65536	63477
Buff_DarkOratory	0.30	802	837	65536	63410
Buff_DarkOratory	0.50	646	616	65536	63242
Buff_DarkOratory	0.75	372	283	65536	62975
Buff_DarkOratory	1.00	0	0	65536	62740
Buff_DarkOratory	1.50	0	0	65536	62740
Buff_DarkOratory	2.00	0	0	65536	62740
Buff_DarkOratory	3.00	0	0	65536	62740
Buff_DiabolicStrength	0.15	941	935	65536	63513
Buff_DiabolicStrength	0.30	872	864	65536	63455
Buff_DiabolicStrength	0.50	715	635	65536	63268
Buff_DiabolicStrength	0.75	367	250	65536	62946
Buff_DiabolicStrength	1.00	0	0	65536	62734
Buff_DiabolicStrength	1.50	0	0	65536	62740
Buff_DiabolicStrength	2.00	0	0	65536	62740
Buff_DiabolicStrength	3.00	0	0	65536	62740
Buff_Drach'nyen	0.15	42	5	65535	62725
Buff_Drach'nyen	0.30	40	5	65535	62725
Buff_Drach'nyen	0.50	872	893	65536	63459
Buff_Drach'nyen	0.75	711	695	65536	63305
Buff_Drach'nyen	1.00	422	347	65536	63024
Buff_Drach'nyen	1.50	0	0	65536	62740
Buff_Drach'nyen	2.00	0	0	65536	62740
Buff_Drach'nyen	3.00	0	0	65536	62740
Buff_Eldar_Warp Spider	0.15	607	365	65536	63037
Buff_Eldar_Warp Spider	0.30	911	557	65536	63171
Buff_Eldar_Warp Spider	0.50	767	414	65536	63036
Buff_Eldar_Warp Spider	0.75	413	194	65536	62878
Buff_Eldar_Warp Spider	1.00	159	78	65536	62810
Buff_Eldar_Warp Spider	1.50	40	27	65536	62768
Buff_Eldar_Warp Spider	2.00	9	8	65536	62747
Buff_Eldar_Warp Spider	3.00	0	0	65536	62740
Buff_Eldar_Warp Spider_intense	0.15	418	398	65536	63058
Buff_Eldar_Warp Spider_intense	0.30	693	631	65536	63223
Buff_Eldar_Warp Spider_intense	0.50	819	747	65536	63300
Buff_Eldar_Warp Spider_intense	0.75	1032	837	65536	63344
Buff_Eldar_Warp Spider_intense	1.00	655	527	65536	63119
Buff_Eldar_Warp Spider_intense	1.50	32	20	65536	62762
Buff_Eldar_Warp Spider_intense	2.00	9	8	65536	62747
Buff_Eldar_Warp Spider_intense	3.00	0	0	65536	62740
Buff_EnemyHand_GSC	0.15	1115	702	65536	63237
Buff_EnemyHand_GSC	0.30	1137	769	65536	63297
Buff_EnemyHand_GSC	0.50	1137	772	65536	63303
Buff_EnemyHand_GSC	0.75	396	198	65536	62836
Buff_EnemyHand_GSC	1.00	299	132	65536	62793
Buff_EnemyHand_GSC	1.50	0	0	65536	62740
Buff_EnemyHand_GSC	2.00	0	0	65536	62740
Buff_EnemyHand_GSC	3.00	0	0	65536	62740
Buff_Flies	0.15	252	111	65536	62818
Buff_Flies	0.30	341	152	65536	62846
Buff_Flies	0.50	408	218	65536	62910
Buff_Flies	0.75	468	216	65536	62898
Buff_Flies	1.00	403	214	65536	62902
Buff_Flies	1.50	55	20	65536	62751
Buff_Flies	2.00	0	0	65536	62740
Buff_Flies	3.00	0	0	65536	62740
Buff_FriendlyHand_GSC	0.15	1230	936	65536	63481
Buff_FriendlyHand_GSC	0.30	1247	1025	65536	63549
Buff_FriendlyHand_GSC	0.50	1247	1007	65536	63540
Buff_FriendlyHand_GSC	0.75	445	298	65536	62963
Buff_FriendlyHand_GSC	1.00	257	152	65536	62851
Buff_FriendlyHand_GSC	1.50	0	0	65536	62740
Buff_FriendlyHand_GSC	2.00	0	0	65536	62740
Buff_FriendlyHand_GSC	3.00	0	0	65536	62740
Buff_Green	0.15	888	967	65536	63522
Buff_Green	0.30	802	870	65536	63445
Buff_Green	0.50	647	630	65536	63256
Buff_Green	0.75	357	282	65536	62975
Buff_Green	1.00	0	0	65536	62740
Buff_Green	1.50	0	0	65536	62740
Buff_Green	2.00	0	0	65536	62740
Buff_Green	3.00	0	0	65536	62740
Buff_Green_Agenda	0.15	284	305	65536	62982
Buff_Green_Agenda	0.30	326	313	65536	62976
Buff_Green_Agenda	0.50	221	209	65536	62896
Buff_Green_Agenda	0.75	105	77	65536	62790
Buff_Green_Agenda	1.00	35	25	65536	62758
Buff_Green_Agenda	1.50	0	0	65536	62740
Buff_Green_Agenda	2.00	0	0	65536	62740
Buff_Green_Agenda	3.00	0	0	65536	62740
Buff_Green_DA	0.15	339	476	65536	63109
Buff_Green_DA	0.30	334	438	65536	63079
Buff_Green_DA	0.50	325	366	65536	63032
Buff_Green_DA	0.75	198	174	65536	62878
Buff_Green_DA	1.00	75	48	65536	62779
Buff_Green_DA	1.50	61	40	65536	62773
Buff_Green_DA	2.00	4	3	65536	62743
Buff_Green_DA	3.00	0	0	65536	62740
Buff_Green_Intense	0.15	916	1153	65536	63659
Buff_Green_Intense	0.30	812	929	65536	63490
Buff_Green_Intense	0.50	636	599	65536	63230
Buff_Green_Intense	0.75	349	264	65536	62959
Buff_Green_Intense	1.00	0	0	65536	62740
Buff_Green_Intense	1.50	0	0	65536	62740
Buff_Green_Intense	2.00	0	0	65536	62740
Buff_Green_Intense	3.00	0	0	65536	62740
Buff_GSC	0.15	1161	1253	65536	63748
Buff_GSC	0.30	1046	1136	65536	63657
Buff_GSC	0.50	830	857	65536	63436
Buff_GSC	0.75	476	415	65536	63084
Buff_GSC	1.00	64	27	65536	62759
Buff_GSC	1.50	0	0	65536	62740
Buff_GSC	2.00	0	0	65536	62740
Buff_GSC	3.00	0	0	65536	62740
Buff_Hand_1	0.15	698	725	65536	63290
Buff_Hand_1	0.30	797	796	65536	63342
Buff_Hand_1	0.50	880	828	65536	63390
Buff_Hand_1	0.75	832	710	65536	63294
Buff_Hand_1	1.00	398	278	65536	62962
Buff_Hand_1	1.50	233	101	65536	62811
Buff_Hand_1	2.00	0	0	65536	62740
Buff_Hand_1	3.00	0	0	65536	62740
Buff_Hand_UM	0.15	1146	793	65536	63287
Buff_Hand_UM	0.30	1274	966	65536	63413
Buff_Hand_UM	0.50	1274	957	65536	63414
Buff_Hand_UM	0.75	1264	947	65536	63425
Buff_Hand_UM	1.00	316	201	65536	62893
Buff_Hand_UM	1.50	0	0	65536	62740
Buff_Hand_UM	2.00	0	0	65536	62740
Buff_Hand_UM	3.00	0	0	65536	62740
Buff_HideousMutation	0.15	2	1	65536	62742
Buff_HideousMutation	0.30	8	3	65536	62744
Buff_HideousMutation	0.50	6	3	65536	62745
Buff_HideousMutation	0.75	26	14	65536	62753
Buff_HideousMutation	1.00	15	9	65536	62747
Buff_HideousMutation	1.50	27	13	65536	62749
Buff_HideousMutation	2.00	27	14	65536	62750
Buff_HideousMutation	3.00	0	0	65536	62740
Buff_HideousMutation_EC	0.15	55	43	65536	62778
Buff_HideousMutation_EC	0.30	115	95	65536	62822
Buff_HideousMutation_EC	0.50	262	232	65536	62939
Buff_HideousMutation_EC	0.75	388	373	65536	63049
Buff_HideousMutation_EC	1.00	608	555	65536	63193
Buff_HideousMutation_EC	1.50	607	483	65536	63127
Buff_HideousMutation_EC	2.00	409	275	65536	62954
Buff_HideousMutation_EC	3.00	10	4	65536	62743
Buff_HideousMutation_rage	0.15	24	14	65536	62753
Buff_HideousMutation_rage	0.30	79	51	65536	62785
Buff_HideousMutation_rage	0.50	138	97	65536	62822
Buff_HideousMutation_rage	0.75	270	197	65536	62897
Buff_HideousMutation_rage	1.00	369	260	65536	62939
Buff_HideousMutation_rage	1.50	386	225	65536	62902
Buff_HideousMutation_rage	2.00	77	38	65536	62764
Buff_HideousMutation_rage	3.00	1	0	65536	62740
Buff_LegacyOfVengeance	0.15	893	927	65536	63481
Buff_LegacyOfVengeance	0.30	813	841	65536	63408
Buff_LegacyOfVengeance	0.50	641	615	65536	63241
Buff_LegacyOfVengeance	0.75	376	288	65536	62977
Buff_LegacyOfVengeance	1.00	1	0	65536	62740
Buff_LegacyOfVengeance	1.50	0	0	65536	62740
Buff_LegacyOfVengeance	2.00	0	0	65536	62740
Buff_LegacyOfVengeance	3.00	0	0	65536	62740
Buff_Mana	0.15	170	128	65536	62835
Buff_Mana	0.30	331	248	65536	62924
Buff_Mana	0.50	551	411	65536	63041
Buff_Mana	0.75	3252	2775	65536	64707
Buff_Mana	1.00	3429	2953	65536	64832
Buff_Mana	1.50	0	0	65536	62740
Buff_Mana	2.00	0	0	65536	62740
Buff_Mana	3.00	0	0	65536	62740
Buff_Mana_2	0.15	78	55	65536	62780
Buff_Mana_2	0.30	138	104	65536	62818
Buff_Mana_2	0.50	230	172	65536	62868
Buff_Mana_2	0.75	1320	995	65536	63447
Buff_Mana_2	1.00	1405	1075	65536	63503
Buff_Mana_2	1.50	11	7	65536	62746
Buff_Mana_2	2.00	0	0	65536	62740
Buff_Mana_2	3.00	0	0	65536	62740
Buff_Mana_3 Holy	0.15	96	98	65536	62817
Buff_Mana_3 Holy	0.30	183	188	65536	62889
Buff_Mana_3 Holy	0.50	306	310	65536	62983
Buff_Mana_3 Holy	0.75	1695	2243	65536	64465
Buff_Mana_3 Holy	1.00	2558	3244	65536	65203
Buff_Mana_3 Holy	1.50	10	8	65536	62747
Buff_Mana_3 Holy	2.00	0	0	65536	62740
Buff_Mana_3 Holy	3.00	0	0	65536	62740
Buff_Mana_Blood	0.15	33	21	65536	62753
Buff_Mana_Blood	0.30	68	42	65536	62764
Buff_Mana_Blood	0.50	107	67	65536	62778
Buff_Mana_Blood	0.75	549	395	65536	62990
Buff_Mana_Blood	1.00	611	429	65536	63017
Buff_Mana_Blood	1.50	10	3	65536	62746
Buff_Mana_Blood	2.00	0	0	65536	62740
Buff_Mana_Blood	3.00	0	0	65536	62740
Buff_MarkOfKhorne	0.15	490	265	65536	62861
Buff_MarkOfKhorne	0.30	478	256	65536	62856
Buff_MarkOfKhorne	0.50	452	236	65536	62855
Buff_MarkOfKhorne	0.75	352	179	65536	62838
Buff_MarkOfKhorne	1.00	251	118	65536	62807
Buff_MarkOfKhorne	1.50	0	0	65536	62740
Buff_MarkOfKhorne	2.00	0	0	65536	62740
Buff_MarkOfKhorne	3.00	0	0	65536	62740
Buff_MarkOfNurgle	0.15	841	637	65536	63253
Buff_MarkOfNurgle	0.30	918	673	65536	63275
Buff_MarkOfNurgle	0.50	800	573	65536	63195
Buff_MarkOfNurgle	0.75	702	443	65536	63084
Buff_MarkOfNurgle	1.00	568	301	65536	62962
Buff_MarkOfNurgle	1.50	2	1	65536	62745
Buff_MarkOfNurgle	2.00	0	0	65536	62740
Buff_MarkOfNurgle	3.00	0	0	65536	62740
Buff_MarkOfSlaanesh	0.15	947	682	65536	63217
Buff_MarkOfSlaanesh	0.30	1009	743	65536	63263
Buff_MarkOfSlaanesh	0.50	966	696	65536	63229
Buff_MarkOfSlaanesh	0.75	827	587	65536	63156
Buff_MarkOfSlaanesh	1.00	638	401	65536	63026
Buff_MarkOfSlaanesh	1.50	255	135	65536	62837
Buff_MarkOfSlaanesh	2.00	55	24	65536	62757
Buff_MarkOfSlaanesh	3.00	0	0	65536	62740
Buff_MarkOfTzeentch	0.15	642	518	65536	63118
Buff_MarkOfTzeentch	0.30	645	556	65536	63152
Buff_MarkOfTzeentch	0.50	631	602	65536	63199
Buff_MarkOfTzeentch	0.75	668	739	65536	63302
Buff_MarkOfTzeentch	1.00	572	692	65536	63264
Buff_MarkOfTzeentch	1.50	256	198	65536	62895
Buff_MarkOfTzeentch	2.00	8	3	65536	62743
Buff_MarkOfTzeentch	3.00	0	0	65536	62740
Buff_Orange	0.15	876	929	65536	63495
Buff_Orange	0.30	791	837	65536	63420
Buff_Orange	0.50	637	607	65536	63238
Buff_Orange	0.75	349	270	65536	62966
Buff_Orange	1.00	5	5	65536	62744
Buff_Orange	1.50	0	0	65536	62740
Buff_Orange	2.00	0	0	65536	62740
Buff_Orange	3.00	0	0	65536	62740
Buff_Ork_Mek	0.15	1228	831	65536	63367
Buff_Ork_Mek	0.30	1349	970	65536	63486
Buff_Ork_Mek	0.50	1437	971	65536	63491
Buff_Ork_Mek	0.75	1678	1089	65536	63582
Buff_Ork_Mek	1.00	514	425	65536	63087
Buff_Ork_Mek	1.50	0	0	65536	62740
Buff_Ork_Mek	2.00	0	0	65536	62740
Buff_Ork_Mek	3.00	0	0	65536	62740
Buff_Purple	0.15	454	495	65536	63142
Buff_Purple	0.30	424	453	65536	63107
Buff_Purple	0.50	328	326	65536	63006
Buff_Purple	0.75	177	145	65536	62859
Buff_Purple	1.00	26	16	65536	62752
Buff_Purple	1.50	15	7	65536	62745
Buff_Purple	2.00	7	3	65536	62742
Buff_Purple	3.00	0	0	65536	62740
Buff_Red	0.15	876	915	65536	63482
Buff_Red	0.30	791	822	65536	63408
Buff_Red	0.50	637	596	65536	63228
Buff_Red	0.75	349	266	65536	62961
Buff_Red	1.00	0	0	65536	62740
Buff_Red	1.50	0	0	65536	62740
Buff_Red	2.00	0	0	65536	62740
Buff_Red	3.00	0	0	65536	62740
Buff_Red_Intense	0.15	876	915	65536	63482
Buff_Red_Intense	0.30	791	825	65536	63410
Buff_Red_Intense	0.50	637	597	65536	63229
Buff_Red_Intense	0.75	349	267	65536	62962
Buff_Red_Intense	1.00	5	2	65536	62742
Buff_Red_Intense	1.50	0	0	65536	62740
Buff_Red_Intense	2.00	0	0	65536	62740
Buff_Red_Intense	3.00	0	0	65536	62740
Buff_Red_ork	0.15	803	1024	65536	63546
Buff_Red_ork	0.30	730	932	65536	63476
Buff_Red_ork	0.50	601	749	65536	63336
Buff_Red_ork	0.75	354	440	65536	63089
Buff_Red_ork	1.00	8	9	65536	62747
Buff_Red_ork	1.50	1	1	65536	62741
Buff_Red_ork	2.00	0	0	65536	62740
Buff_Red_ork	3.00	0	0	65536	62740
Buff_Sautekh_Intense	0.15	5	4	65536	62744
Buff_Sautekh_Intense	0.30	5	3	65536	62743
Buff_Sautekh_Intense	0.50	5	3	65536	62743
Buff_Sautekh_Intense	0.75	439	466	65536	63120
Buff_Sautekh_Intense	1.00	345	324	65536	63006
Buff_Sautekh_Intense	1.50	25	17	65536	62755
Buff_Sautekh_Intense	2.00	14	10	65536	62748
Buff_Sautekh_Intense	3.00	8	7	65536	62746
Buff_Sororitas	0.15	475	473	65536	63123
Buff_Sororitas	0.30	483	479	65536	63125
Buff_Sororitas	0.50	486	485	65536	63130
Buff_Sororitas	0.75	474	470	65536	63118
Buff_Sororitas	1.00	465	438	65536	63094
Buff_Sororitas	1.50	399	339	65536	63015
Buff_Sororitas	2.00	10	3	65536	62742
Buff_Sororitas	3.00	0	0	65536	62740
Buff_Sororitas_Intense	0.15	835	482	65536	63128
Buff_Sororitas_Intense	0.30	896	654	65536	63289
Buff_Sororitas_Intense	0.50	938	816	65536	63426
Buff_Sororitas_Intense	0.75	971	986	65536	63561
Buff_Sororitas_Intense	1.00	1065	2056	65536	64246
Buff_Sororitas_Intense	1.50	1369	2113	65536	64318
Buff_Sororitas_Intense	2.00	971	902	65536	63465
Buff_Sororitas_Intense	3.00	0	0	65536	62740
Buff_Sororitas_quick	0.15	255	208	65536	62901
Buff_Sororitas_quick	0.30	382	309	65536	62977
Buff_Sororitas_quick	0.50	594	453	65536	63090
Buff_Sororitas_quick	0.75	748	507	65536	63128
Buff_Sororitas_quick	1.00	140	54	65536	62774
Buff_Sororitas_quick	1.50	39	13	65536	62749
Buff_Sororitas_quick	2.00	0	0	65536	62740
Buff_Sororitas_quick	3.00	0	0	65536	62740
Buff_Sororitas_quick_fire	0.15	286	242	65536	62935
Buff_Sororitas_quick_fire	0.30	426	339	65536	63009
Buff_Sororitas_quick_fire	0.50	642	472	65536	63114
Buff_Sororitas_quick_fire	0.75	763	478	65536	63115
Buff_Sororitas_quick_fire	1.00	201	108	65536	62817
Buff_Sororitas_quick_fire	1.50	85	41	65536	62770
Buff_Sororitas_quick_fire	2.00	28	16	65536	62751
Buff_Sororitas_quick_fire	3.00	0	0	65536	62740
Buff_Sororitas_quick_fire_intense	0.15	300	252	65536	62943
Buff_Sororitas_quick_fire_intense	0.30	464	374	65536	63038
Buff_Sororitas_quick_fire_intense	0.50	665	514	65536	63151
Buff_Sororitas_quick_fire_intense	0.75	810	541	65536	63170
Buff_Sororitas_quick_fire_intense	1.00	372	221	65536	62903
Buff_Sororitas_quick_fire_intense	1.50	242	138	65536	62842
Buff_Sororitas_quick_fire_intense	2.00	120	55	65536	62775
Buff_Sororitas_quick_fire_intense	3.00	0	0	65536	62740
Buff_SW_Blizzard	0.15	299	182	65536	62890
Buff_SW_Blizzard	0.30	688	571	65536	63216
Buff_SW_Blizzard	0.50	1014	979	65536	63540
Buff_SW_Blizzard	0.75	1119	1126	65536	63658
Buff_SW_Blizzard	1.00	1233	1128	65536	63672
Buff_SW_Blizzard	1.50	1098	978	65536	63548
Buff_SW_Blizzard	2.00	1125	1148	65536	63684
Buff_SW_Blizzard	3.00	924	988	65536	63541
Buff_SW_Blizzard_Board	0.15	308	180	65536	62888
Buff_SW_Blizzard_Board	0.30	1047	751	65536	63361
Buff_SW_Blizzard_Board	0.50	1774	1437	65536	63926
Buff_SW_Blizzard_Board	0.75	1849	1623	65536	64065
Buff_SW_Blizzard_Board	1.00	2636	2474	65536	64794
Buff_SW_Blizzard_Board	1.50	2364	2442	65536	64753
Buff_SW_Blizzard_Board	2.00	2585	2488	65536	64787
Buff_SW_Blizzard_Board	3.00	705	700	65536	63307
Buff_SW_Lightning	0.15	0	0	65536	62743
Buff_SW_Lightning	0.30	21	8	65536	62749
Buff_SW_Lightning	0.50	46	17	65536	62754
Buff_SW_Lightning	0.75	69	26	65536	62759
Buff_SW_Lightning	1.00	1022	1238	65536	63712
Buff_SW_Lightning	1.50	121	55	65536	62786
Buff_SW_Lightning	2.00	53	19	65536	62755
Buff_SW_Lightning	3.00	0	0	65536	62743
Buff_SW_Lightning_quick	0.15	159	100	65536	62827
Buff_SW_Lightning_quick	0.30	78	54	65536	62787
Buff_SW_Lightning_quick	0.50	68	36	65536	62771
Buff_SW_Lightning_quick	0.75	20	9	65536	62750
Buff_SW_Lightning_quick	1.00	1	1	65536	62741
Buff_SW_Lightning_quick	1.50	0	0	65536	62740
Buff_SW_Lightning_quick	2.00	0	0	65536	62740
Buff_SW_Lightning_quick	3.00	0	0	65536	62740
Buff_SW_Rune_Blizzard	0.15	5	6	65536	62745
Buff_SW_Rune_Blizzard	0.30	54	87	65536	62806
Buff_SW_Rune_Blizzard	0.50	111	154	65536	62860
Buff_SW_Rune_Blizzard	0.75	109	157	65536	62864
Buff_SW_Rune_Blizzard	1.00	105	149	65536	62858
Buff_SW_Rune_Blizzard	1.50	103	148	65536	62857
Buff_SW_Rune_Blizzard	2.00	105	152	65536	62860
Buff_SW_Rune_Blizzard	3.00	1	1	65536	62741
Buff_SW_Rune_Lightning	0.15	6	8	65536	62747
Buff_SW_Rune_Lightning	0.30	31	48	65536	62777
Buff_SW_Rune_Lightning	0.50	43	61	65536	62787
Buff_SW_Rune_Lightning	0.75	57	91	65536	62810
Buff_SW_Rune_Lightning	1.00	55	86	65536	62807
Buff_SW_Rune_Lightning	1.50	53	84	65536	62807
Buff_SW_Rune_Lightning	2.00	58	90	65536	62809
Buff_SW_Rune_Lightning	3.00	1	0	65536	62740
Buff_SW_Rune_Tornado	0.15	8	8	65536	62746
Buff_SW_Rune_Tornado	0.30	41	54	65536	62782
Buff_SW_Rune_Tornado	0.50	78	118	65536	62831
Buff_SW_Rune_Tornado	0.75	81	128	65536	62841
Buff_SW_Rune_Tornado	1.00	78	126	65536	62839
Buff_SW_Rune_Tornado	1.50	79	126	65536	62839
Buff_SW_Rune_Tornado	2.00	76	120	65536	62834
Buff_SW_Rune_Tornado	3.00	2	1	65536	62741
Buff_SW_Runes 1	0.15	75	30	65536	62757
Buff_SW_Runes 1	0.30	76	28	65536	62755
Buff_SW_Runes 1	0.50	35	13	65536	62747
Buff_SW_Runes 1	0.75	17	7	65536	62744
Buff_SW_Runes 1	1.00	49	18	65536	62749
Buff_SW_Runes 1	1.50	23	8	65536	62744
Buff_SW_Runes 1	2.00	0	0	65536	62740
Buff_SW_Runes 1	3.00	0	0	65536	62740
Buff_SW_Runes_Blizzard OLD	0.15	811	490	65536	63141
Buff_SW_Runes_Blizzard OLD	0.30	1533	1299	65536	63814
Buff_SW_Runes_Blizzard OLD	0.50	2592	2490	65536	64790
Buff_SW_Runes_Blizzard OLD	0.75	3314	3233	65536	65406
Buff_SW_Runes_Blizzard OLD	1.00	3309	3374	65536	65499
Buff_SW_Runes_Blizzard OLD	1.50	3243	3346	65536	65477
Buff_SW_Runes_Blizzard OLD	2.00	3244	3258	65536	65418
Buff_SW_Runes_Blizzard OLD	3.00	2670	2817	65536	65028
Buff_Tau_Air	0.15	1173	1352	65536	63806
Buff_Tau_Air	0.30	1056	1224	65536	63706
Buff_Tau_Air	0.50	840	912	65536	63463
Buff_Tau_Air	0.75	474	475	65536	63119
Buff_Tau_Air	1.00	9	7	65536	62746
Buff_Tau_Air	1.50	0	0	65536	62740
Buff_Tau_Air	2.00	0	0	65536	62740
Buff_Tau_Air	3.00	0	0	65536	62740
Buff_Tau_Earth	0.15	1173	1354	65536	63806
Buff_Tau_Earth	0.30	1056	1230	65536	63708
Buff_Tau_Earth	0.50	840	927	65536	63470
Buff_Tau_Earth	0.75	473	494	65536	63134
Buff_Tau_Earth	1.00	10	8	65536	62747
Buff_Tau_Earth	1.50	0	0	65536	62740
Buff_Tau_Earth	2.00	0	0	65536	62740
Buff_Tau_Earth	3.00	0	0	65536	62740
Buff_Tau_Fire	0.15	1173	1331	65536	63793
Buff_Tau_Fire	0.30	1056	1202	65536	63692
Buff_Tau_Fire	0.50	840	888	65536	63447
Buff_Tau_Fire	0.75	473	439	65536	63091
Buff_Tau_Fire	1.00	14	11	65536	62750
Buff_Tau_Fire	1.50	2	1	65536	62741
Buff_Tau_Fire	2.00	0	0	65536	62740
Buff_Tau_Fire	3.00	0	0	65536	62740
Buff_Tau_GrislyFeast	0.15	334	228	65536	62921
Buff_Tau_GrislyFeast	0.30	317	220	65536	62916
Buff_Tau_GrislyFeast	0.50	304	202	65536	62902
Buff_Tau_GrislyFeast	0.75	230	144	65536	62855
Buff_Tau_GrislyFeast	1.00	164	91	65536	62812
Buff_Tau_GrislyFeast	1.50	0	0	65536	62741
Buff_Tau_GrislyFeast	2.00	0	0	65536	62740
Buff_Tau_GrislyFeast	3.00	0	0	65536	62740
Buff_Tau_Intense	0.15	441	490	65536	63137
Buff_Tau_Intense	0.30	423	455	65536	63109
Buff_Tau_Intense	0.50	337	327	65536	63007
Buff_Tau_Intense	0.75	207	171	65536	62881
Buff_Tau_Intense	1.00	35	33	65536	62768
Buff_Tau_Intense	1.50	38	36	65536	62771
Buff_Tau_Intense	2.00	37	35	65536	62770
Buff_Tau_Intense	3.00	18	17	65536	62755
Buff_Tau_Kroot	0.15	1157	1181	65536	63704
Buff_Tau_Kroot	0.30	1039	1061	65536	63609
Buff_Tau_Kroot	0.50	826	765	65536	63372
Buff_Tau_Kroot	0.75	463	346	65536	63027
Buff_Tau_Kroot	1.00	15	11	65536	62749
Buff_Tau_Kroot	1.50	1	1	65536	62741
Buff_Tau_Kroot	2.00	0	0	65536	62740
Buff_Tau_Kroot	3.00	0	0	65536	62740
Buff_Tau_Kroot_FriendlyBoard	0.15	1537	959	65536	63530
Buff_Tau_Kroot_FriendlyBoard	0.30	1495	932	65536	63505
Buff_Tau_Kroot_FriendlyBoard	0.50	1476	823	65536	63399
Buff_Tau_Kroot_FriendlyBoard	0.75	1301	632	65536	63227
Buff_Tau_Kroot_FriendlyBoard	1.00	471	193	65536	62873
Buff_Tau_Kroot_FriendlyBoard	1.50	262	95	65536	62809
Buff_Tau_Kroot_FriendlyBoard	2.00	0	0	65536	62740
Buff_Tau_Kroot_FriendlyBoard	3.00	0	0	65536	62740
Buff_Tau_Kroot_intense	0.15	872	891	65536	63468
Buff_Tau_Kroot_intense	0.30	790	810	65536	63401
Buff_Tau_Kroot_intense	0.50	631	587	65536	63223
Buff_Tau_Kroot_intense	0.75	367	286	65536	62976
Buff_Tau_Kroot_intense	1.00	152	74	65536	62788
Buff_Tau_Kroot_intense	1.50	75	29	65536	62756
Buff_Tau_Kroot_intense	2.00	0	0	65536	62740
Buff_Tau_Kroot_intense	3.00	0	0	65536	62740
Buff_Tau_Water	0.15	1173	1341	65536	63799
Buff_Tau_Water	0.30	1056	1211	65536	63698
Buff_Tau_Water	0.50	840	894	65536	63452
Buff_Tau_Water	0.75	474	441	65536	63095
Buff_Tau_Water	1.00	13	10	65536	62749
Buff_Tau_Water	1.50	2	1	65536	62741
Buff_Tau_Water	2.00	0	0	65536	62740
Buff_Tau_Water	3.00	0	0	65536	62740
Buff_Tyranid	0.15	0	0	65536	62740
Buff_Tyranid	0.30	0	0	65536	62741
Buff_Tyranid	0.50	12	6	65536	62745
Buff_Tyranid	0.75	26	13	65536	62751
Buff_Tyranid	1.00	25	11	65536	62748
Buff_Tyranid	1.50	652	330	65536	62978
Buff_Tyranid	2.00	352	163	65536	62855
Buff_Tyranid	3.00	0	0	65536	62740
Buff_Tyranid Armor	0.15	2	2	65536	62741
Buff_Tyranid Armor	0.30	25	13	65536	62752
Buff_Tyranid Armor	0.50	108	53	65536	62783
Buff_Tyranid Armor	0.75	184	99	65536	62819
Buff_Tyranid Armor	1.00	338	170	65536	62859
Buff_Tyranid Armor	1.50	992	872	65536	63424
Buff_Tyranid Armor	2.00	1105	945	65536	63484
Buff_Tyranid Armor	3.00	0	0	65536	62746
Buff_Tyranid Atk	0.15	0	0	65536	62740
Buff_Tyranid Atk	0.30	3	1	65536	62741
Buff_Tyranid Atk	0.50	13	5	65536	62745
Buff_Tyranid Atk	0.75	29	11	65536	62749
Buff_Tyranid Atk	1.00	25	12	65536	62750
Buff_Tyranid Atk	1.50	642	278	65536	62904
Buff_Tyranid Atk	2.00	342	138	65536	62817
Buff_Tyranid Atk	3.00	0	0	65536	62742
Buff_Tyranid HP	0.15	0	0	65536	62740
Buff_Tyranid HP	0.30	1	1	65536	62741
Buff_Tyranid HP	0.50	11	6	65536	62745
Buff_Tyranid HP	0.75	20	12	65536	62750
Buff_Tyranid HP	1.00	27	15	65536	62753
Buff_Tyranid HP	1.50	950	995	65536	63544
Buff_Tyranid HP	2.00	566	521	65536	63165
Buff_Tyranid HP	3.00	0	0	65536	62741
Buff_UM_Intense	0.15	3	2	65536	62742
Buff_UM_Intense	0.30	3	4	65536	62743
Buff_UM_Intense	0.50	2	3	65536	62742
Buff_UM_Intense	0.75	653	758	65536	63345
Buff_UM_Intense	1.00	587	538	65536	63173
Buff_UM_Intense	1.50	245	105	65536	62805
Buff_UM_Intense	2.00	25	9	65536	62747
Buff_UM_Intense	3.00	0	0	65536	62740
BulletImpact_1hit_trail_ork	0.15	82	56	65536	62782
BulletImpact_1hit_trail_ork	0.30	69	60	65536	62787
BulletImpact_1hit_trail_ork	0.50	20	9	65536	62749
BulletImpact_1hit_trail_ork	0.75	27	12	65536	62749
BulletImpact_1hit_trail_ork	1.00	16	6	65536	62745
BulletImpact_1hit_trail_ork	1.50	0	0	65536	62741
BulletImpact_1hit_trail_ork	2.00	0	0	65536	62740
BulletImpact_1hit_trail_ork	3.00	0	0	65536	62740
BulletImpact_1shot	0.15	1982	1883	65505	63549
BulletImpact_1shot	0.30	1985	1884	65498	63547
BulletImpact_1shot	0.50	1982	1881	65500	63545
BulletImpact_1shot	0.75	1965	1878	65497	63547
BulletImpact_1shot	1.00	1983	1884	65505	63549
BulletImpact_1shot	1.50	0	0	65536	62740
BulletImpact_1shot	2.00	0	0	65536	62740
BulletImpact_1shot	3.00	0	0	65536	62740
BulletImpact_1shot_pointblank	0.15	2160	2052	65488	63608
BulletImpact_1shot_pointblank	0.30	2164	2055	65495	63610
BulletImpact_1shot_pointblank	0.50	2174	2059	65496	63614
BulletImpact_1shot_pointblank	0.75	2175	2061	65497	63613
BulletImpact_1shot_pointblank	1.00	2179	2061	65488	63612
BulletImpact_1shot_pointblank	1.50	0	0	65536	62740
BulletImpact_1shot_pointblank	2.00	0	0	65536	62740
BulletImpact_1shot_pointblank	3.00	0	0	65536	62740
BulletImpact_1shot_random_chaos	0.15	2	1	65536	62741
BulletImpact_1shot_random_chaos	0.30	442	292	65536	62951
BulletImpact_1shot_random_chaos	0.50	8	4	65536	62745
BulletImpact_1shot_random_chaos	0.75	1	2	65536	62742
BulletImpact_1shot_random_chaos	1.00	2	1	65536	62740
BulletImpact_1shot_random_chaos	1.50	0	0	65536	62740
BulletImpact_1shot_random_chaos	2.00	0	0	65536	62740
BulletImpact_1shot_random_chaos	3.00	0	0	65536	62740
BulletImpact_1shot_random_EC	0.15	36	29	65536	62764
BulletImpact_1shot_random_EC	0.30	38	30	65536	62765
BulletImpact_1shot_random_EC	0.50	58	37	65536	62769
BulletImpact_1shot_random_EC	0.75	31	16	65536	62752
BulletImpact_1shot_random_EC	1.00	1	1	65536	62741
BulletImpact_1shot_random_EC	1.50	0	0	65536	62740
BulletImpact_1shot_random_EC	2.00	0	0	65536	62740
BulletImpact_1shot_random_EC	3.00	0	0	65536	62740
BulletImpact_1shot_trail	0.15	19	10	65536	62748
BulletImpact_1shot_trail	0.30	21	12	65536	62750
BulletImpact_1shot_trail	0.50	19	8	65536	62746
BulletImpact_1shot_trail	0.75	3	1	65536	62741
BulletImpact_1shot_trail	1.00	1	1	65536	62742
BulletImpact_1shot_trail	1.50	0	0	65536	62740
BulletImpact_1shot_trail	2.00	0	0	65536	62740
BulletImpact_1shot_trail	3.00	0	0	65536	62740
BulletImpact_1shot_trail_EC Daemon	0.15	21	24	65536	62759
BulletImpact_1shot_trail_EC Daemon	0.30	23	24	65536	62759
BulletImpact_1shot_trail_EC Daemon	0.50	18	17	65536	62754
BulletImpact_1shot_trail_EC Daemon	0.75	22	14	65536	62751
BulletImpact_1shot_trail_EC Daemon	1.00	6	3	65536	62742
BulletImpact_1shot_trail_EC Daemon	1.50	0	0	65536	62740
BulletImpact_1shot_trail_EC Daemon	2.00	0	0	65536	62740
BulletImpact_1shot_trail_EC Daemon	3.00	0	0	65536	62740
BulletImpact_1shotSniper	0.15	4491	4198	65452	64349
BulletImpact_1shotSniper	0.30	4514	4206	65437	64348
BulletImpact_1shotSniper	0.50	4502	4200	65438	64346
BulletImpact_1shotSniper	0.75	4501	4200	65438	64348
BulletImpact_1shotSniper	1.00	4503	4198	65446	64339
BulletImpact_1shotSniper	1.50	4271	3475	65536	64818
BulletImpact_1shotSniper	2.00	0	0	65536	62740
BulletImpact_1shotSniper	3.00	0	0	65536	62740
BulletImpact_1shotSniper_trail	0.15	56	74	65536	62804
BulletImpact_1shotSniper_trail	0.30	11	5	65536	62744
BulletImpact_1shotSniper_trail	0.50	8	4	65536	62744
BulletImpact_1shotSniper_trail	0.75	0	0	65536	62740
BulletImpact_1shotSniper_trail	1.00	0	0	65536	62740
BulletImpact_1shotSniper_trail	1.50	0	0	65536	62740
BulletImpact_1shotSniper_trail	2.00	0	0	65536	62740
BulletImpact_1shotSniper_trail	3.00	0	0	65536	62740
BulletImpact_2shot	0.15	2120	2006	65491	63591
BulletImpact_2shot	0.30	4249	4014	65451	64440
BulletImpact_2shot	0.50	4231	4008	65455	64445
BulletImpact_2shot	0.75	4224	4006	65458	64447
BulletImpact_2shot	1.00	3753	3393	65482	64157
BulletImpact_2shot	1.50	2107	1999	65495	63587
BulletImpact_2shot	2.00	0	0	65536	62740
BulletImpact_2shot	3.00	0	0	65536	62740
BulletImpact_2shot_autocannon	0.15	125	112	65536	62828
BulletImpact_2shot_autocannon	0.30	116	111	65536	62828
BulletImpact_2shot_autocannon	0.50	48	25	65536	62760
BulletImpact_2shot_autocannon	0.75	8	3	65536	62741
BulletImpact_2shot_autocannon	1.00	7	2	65536	62740
BulletImpact_2shot_autocannon	1.50	6	3	65536	62742
BulletImpact_2shot_autocannon	2.00	0	0	65536	62740
BulletImpact_2shot_autocannon	3.00	0	0	65536	62740
BulletImpact_2shot_ork	0.15	345	342	65536	62939
BulletImpact_2shot_ork	0.30	673	670	65535	63124
BulletImpact_2shot_ork	0.50	680	678	65536	63132
BulletImpact_2shot_ork	0.75	680	673	65534	63126
BulletImpact_2shot_ork	1.00	671	670	65533	63126
BulletImpact_2shot_ork	1.50	334	331	65536	62928
BulletImpact_2shot_ork	2.00	0	0	65536	62740
BulletImpact_2shot_ork	3.00	0	0	65536	62740
BulletImpact_2shot_pointblank_chaos	0.15	1847	1745	65500	63494
BulletImpact_2shot_pointblank_chaos	0.30	3265	3348	65496	64274
BulletImpact_2shot_pointblank_chaos	0.50	3664	3472	65464	64234
BulletImpact_2shot_pointblank_chaos	0.75	3042	3220	65495	64256
BulletImpact_2shot_pointblank_chaos	1.00	3276	3102	65474	63997
BulletImpact_2shot_pointblank_chaos	1.50	1834	1739	65501	63490
BulletImpact_2shot_pointblank_chaos	2.00	0	0	65536	62740
BulletImpact_2shot_pointblank_chaos	3.00	0	0	65536	62740
BulletImpact_2shot_pointblank_EC	0.15	1839	1747	65498	63493
BulletImpact_2shot_pointblank_EC	0.30	3702	3502	65468	64248
BulletImpact_2shot_pointblank_EC	0.50	1954	2074	65516	63717
BulletImpact_2shot_pointblank_EC	0.75	3700	3500	65467	64250
BulletImpact_2shot_pointblank_EC	1.00	2002	1924	65527	63656
BulletImpact_2shot_pointblank_EC	1.50	1841	1746	65497	63490
BulletImpact_2shot_pointblank_EC	2.00	0	0	65536	62740
BulletImpact_2shot_pointblank_EC	3.00	0	0	65536	62740
BulletImpact_2shot_Titus_AA	0.15	49	53	65536	62780
BulletImpact_2shot_Titus_AA	0.30	44	44	65536	62775
BulletImpact_2shot_Titus_AA	0.50	8	4	65536	62744
BulletImpact_2shot_Titus_AA	0.75	2	3	65536	62743
BulletImpact_2shot_Titus_AA	1.00	2	3	65536	62743
BulletImpact_2shot_Titus_AA	1.50	0	0	65536	62740
BulletImpact_2shot_Titus_AA	2.00	0	0	65536	62740
BulletImpact_2shot_Titus_AA	3.00	0	0	65536	62740
BulletImpact_2shot_trail	0.15	16	8	65536	62747
BulletImpact_2shot_trail	0.30	24	15	65536	62752
BulletImpact_2shot_trail	0.50	28	17	65536	62754
BulletImpact_2shot_trail	0.75	26	12	65536	62749
BulletImpact_2shot_trail	1.00	4	2	65536	62742
BulletImpact_2shot_trail	1.50	0	0	65536	62740
BulletImpact_2shot_trail	2.00	0	0	65536	62740
BulletImpact_2shot_trail	3.00	0	0	65536	62740
BulletImpact_2shot_trail_chaos	0.15	534	334	65536	62975
BulletImpact_2shot_trail_chaos	0.30	4	1	65536	62741
BulletImpact_2shot_trail_chaos	0.50	8	4	65536	62744
BulletImpact_2shot_trail_chaos	0.75	2	0	65536	62740
BulletImpact_2shot_trail_chaos	1.00	2	0	65536	62740
BulletImpact_2shot_trail_chaos	1.50	0	0	65536	62740
BulletImpact_2shot_trail_chaos	2.00	0	0	65536	62740
BulletImpact_2shot_trail_chaos	3.00	0	0	65536	62740
BulletImpact_2shot_trail_EC	0.15	793	865	65536	63407
BulletImpact_2shot_trail_EC	0.30	45	40	65536	62773
BulletImpact_2shot_trail_EC	0.50	52	40	65536	62772
BulletImpact_2shot_trail_EC	0.75	36	20	65536	62756
BulletImpact_2shot_trail_EC	1.00	2	2	65536	62742
BulletImpact_2shot_trail_EC	1.50	0	0	65536	62740
BulletImpact_2shot_trail_EC	2.00	0	0	65536	62740
BulletImpact_2shot_trail_EC	3.00	0	0	65536	62740
BulletImpact_2shot_trail_EC Daemon	0.15	517	648	65536	63230
BulletImpact_2shot_trail_EC Daemon	0.30	39	49	65536	62778
BulletImpact_2shot_trail_EC Daemon	0.50	37	49	65536	62778
BulletImpact_2shot_trail_EC Daemon	0.75	32	25	65536	62760
BulletImpact_2shot_trail_EC Daemon	1.00	14	7	65536	62746
BulletImpact_2shot_trail_EC Daemon	1.50	0	0	65536	62740
BulletImpact_2shot_trail_EC Daemon	2.00	0	0	65536	62740
BulletImpact_2shot_trail_EC Daemon	3.00	0	0	65536	62740
BulletImpact_2shot_trail_nurgle	0.15	19	10	65536	62747
BulletImpact_2shot_trail_nurgle	0.30	327	335	65536	62996
BulletImpact_2shot_trail_nurgle	0.50	31	17	65536	62752
BulletImpact_2shot_trail_nurgle	0.75	40	20	65536	62755
BulletImpact_2shot_trail_nurgle	1.00	9	3	65536	62743
BulletImpact_2shot_trail_nurgle	1.50	1	1	65536	62741
BulletImpact_2shot_trail_nurgle	2.00	0	0	65536	62740
BulletImpact_2shot_trail_nurgle	3.00	0	0	65536	62740
BulletImpact_2shot_trail_ork_NEW	0.15	83	63	65536	62788
BulletImpact_2shot_trail_ork_NEW	0.30	74	66	65536	62792
BulletImpact_2shot_trail_ork_NEW	0.50	63	50	65536	62780
BulletImpact_2shot_trail_ork_NEW	0.75	92	73	65536	62795
BulletImpact_2shot_trail_ork_NEW	1.00	13	6	65536	62746
BulletImpact_2shot_trail_ork_NEW	1.50	5	3	65536	62743
BulletImpact_2shot_trail_ork_NEW	2.00	0	0	65536	62740
BulletImpact_2shot_trail_ork_NEW	3.00	0	0	65536	62740
BulletImpact_2shot_trail_twinlink	0.15	116	118	65536	62832
BulletImpact_2shot_trail_twinlink	0.30	40	22	65536	62758
BulletImpact_2shot_trail_twinlink	0.50	44	25	65536	62760
BulletImpact_2shot_trail_twinlink	0.75	35	15	65536	62752
BulletImpact_2shot_trail_twinlink	1.00	8	3	65536	62743
BulletImpact_2shot_trail_twinlink	1.50	0	0	65536	62740
BulletImpact_2shot_trail_twinlink	2.00	0	0	65536	62740
BulletImpact_2shot_trail_twinlink	3.00	0	0	65536	62740
BulletImpact_3shot	0.15	2394	2288	65495	63756
BulletImpact_3shot	0.30	3274	3129	65497	64110
BulletImpact_3shot	0.50	3622	3445	65480	64275
BulletImpact_3shot	0.75	3617	3448	65486	64284
BulletImpact_3shot	1.00	3617	3446	65485	64281
BulletImpact_3shot	1.50	2387	2237	65519	63836
BulletImpact_3shot	2.00	0	0	65536	62740
BulletImpact_3shot	3.00	0	0	65536	62740
BulletImpact_3shot_pointblank	0.15	2077	1976	65506	63633
BulletImpact_3shot_pointblank	0.30	2434	2637	65513	64078
BulletImpact_3shot_pointblank	0.50	3110	2959	65481	64077
BulletImpact_3shot_pointblank	0.75	3112	2962	65493	64083
BulletImpact_3shot_pointblank	1.00	2934	2771	65501	63963
BulletImpact_3shot_pointblank	1.50	2044	1913	65526	63686
BulletImpact_3shot_pointblank	2.00	0	0	65536	62740
BulletImpact_3shot_pointblank	3.00	0	0	65536	62740
BulletImpact_3shot_trail	0.15	19	10	65536	62748
BulletImpact_3shot_trail	0.30	24	15	65536	62753
BulletImpact_3shot_trail	0.50	31	19	65536	62755
BulletImpact_3shot_trail	0.75	29	18	65536	62755
BulletImpact_3shot_trail	1.00	19	8	65536	62746
BulletImpact_3shot_trail	1.50	1	0	65536	62740
BulletImpact_3shot_trail	2.00	0	0	65536	62740
BulletImpact_3shot_trail	3.00	0	0	65536	62740
BulletImpact_3shot_trail_chaos	0.15	345	214	65536	62891
BulletImpact_3shot_trail_chaos	0.30	14	11	65536	62749
BulletImpact_3shot_trail_chaos	0.50	15	8	65536	62747
BulletImpact_3shot_trail_chaos	0.75	3	3	65536	62742
BulletImpact_3shot_trail_chaos	1.00	2	0	65536	62740
BulletImpact_3shot_trail_chaos	1.50	0	0	65536	62740
BulletImpact_3shot_trail_chaos	2.00	0	0	65536	62740
BulletImpact_3shot_trail_chaos	3.00	0	0	65536	62740
BulletImpact_3shot_trail_EC	0.15	657	773	65536	63344
BulletImpact_3shot_trail_EC	0.30	55	54	65536	62784
BulletImpact_3shot_trail_EC	0.50	48	46	65536	62778
BulletImpact_3shot_trail_EC	0.75	52	37	65536	62769
BulletImpact_3shot_trail_EC	1.00	33	17	65536	62753
BulletImpact_3shot_trail_EC	1.50	2	2	65536	62742
BulletImpact_3shot_trail_EC	2.00	0	0	65536	62740
BulletImpact_3shot_trail_EC	3.00	0	0	65536	62740
BulletImpact_3shot_trail_ork	0.15	18	15	65536	62751
BulletImpact_3shot_trail_ork	0.30	17	15	65536	62752
BulletImpact_3shot_trail_ork	0.50	21	17	65536	62753
BulletImpact_3shot_trail_ork	0.75	24	18	65536	62754
BulletImpact_3shot_trail_ork	1.00	11	6	65536	62745
BulletImpact_3shot_trail_ork	1.50	3	1	65536	62741
BulletImpact_3shot_trail_ork	2.00	0	0	65536	62740
BulletImpact_3shot_trail_ork	3.00	0	0	65536	62740
BulletImpact_4shot	0.15	2766	2644	65492	63915
BulletImpact_4shot	0.30	3781	3840	65491	64493
BulletImpact_4shot	0.50	4937	4841	65454	64853
BulletImpact_4shot	0.75	5439	5255	65454	65082
BulletImpact_4shot	1.00	4755	4859	65471	64991
BulletImpact_4shot	1.50	2579	2498	65519	64010
BulletImpact_4shot	2.00	0	0	65536	62740
BulletImpact_4shot	3.00	0	0	65536	62740
BulletImpact_4shot_trail	0.15	66	64	65536	62790
BulletImpact_4shot_trail	0.30	66	68	65536	62794
BulletImpact_4shot_trail	0.50	87	75	65536	62797
BulletImpact_4shot_trail	0.75	31	20	65536	62757
BulletImpact_4shot_trail	1.00	21	12	65536	62750
BulletImpact_4shot_trail	1.50	1	0	65536	62740
BulletImpact_4shot_trail	2.00	0	0	65536	62740
BulletImpact_4shot_trail	3.00	0	0	65536	62740
BulletImpact_4shot_trail_chaos	0.15	161	103	65536	62812
BulletImpact_4shot_trail_chaos	0.30	123	100	65536	62816
BulletImpact_4shot_trail_chaos	0.50	5	2	65536	62742
BulletImpact_4shot_trail_chaos	0.75	6	5	65536	62744
BulletImpact_4shot_trail_chaos	1.00	1	1	65536	62741
BulletImpact_4shot_trail_chaos	1.50	0	0	65536	62740
BulletImpact_4shot_trail_chaos	2.00	0	0	65536	62740
BulletImpact_4shot_trail_chaos	3.00	0	0	65536	62740
BulletImpact_4shot_trail_EC	0.15	644	755	65536	63326
BulletImpact_4shot_trail_EC	0.30	272	353	65536	63006
BulletImpact_4shot_trail_EC	0.50	43	43	65536	62774
BulletImpact_4shot_trail_EC	0.75	47	34	65536	62768
BulletImpact_4shot_trail_EC	1.00	43	25	65536	62759
BulletImpact_4shot_trail_EC	1.50	0	0	65536	62740
BulletImpact_4shot_trail_EC	2.00	0	0	65536	62740
BulletImpact_4shot_trail_EC	3.00	0	0	65536	62740
BulletImpact_4shot_trail_nurgle	0.15	18	10	65536	62748
BulletImpact_4shot_trail_nurgle	0.30	351	353	65536	63011
BulletImpact_4shot_trail_nurgle	0.50	294	343	65536	62997
BulletImpact_4shot_trail_nurgle	0.75	43	22	65536	62756
BulletImpact_4shot_trail_nurgle	1.00	40	22	65536	62756
BulletImpact_4shot_trail_nurgle	1.50	16	6	65536	62745
BulletImpact_4shot_trail_nurgle	2.00	0	0	65536	62740
BulletImpact_4shot_trail_nurgle	3.00	0	0	65536	62740
BulletImpact_4shot_trail_twinlink	0.15	118	121	65536	62836
BulletImpact_4shot_trail_twinlink	0.30	128	128	65536	62840
BulletImpact_4shot_trail_twinlink	0.50	155	138	65536	62847
BulletImpact_4shot_trail_twinlink	0.75	58	36	65536	62769
BulletImpact_4shot_trail_twinlink	1.00	50	28	65536	62761
BulletImpact_4shot_trail_twinlink	1.50	2	1	65536	62741
BulletImpact_4shot_trail_twinlink	2.00	0	0	65536	62740
BulletImpact_4shot_trail_twinlink	3.00	0	0	65536	62740
BulletImpact_5shot	0.15	2644	2387	65491	63720
BulletImpact_5shot	0.30	4636	4931	65459	65144
BulletImpact_5shot	0.50	5025	5276	65464	65380
BulletImpact_5shot	0.75	6445	6348	65446	65518
BulletImpact_5shot	1.00	6540	6289	65441	65595
BulletImpact_5shot	1.50	5083	4802	65498	65076
BulletImpact_5shot	2.00	0	0	65536	62740
BulletImpact_5shot	3.00	0	0	65536	62740
BulletImpact_5shot_trail	0.15	73	50	65536	62778
BulletImpact_5shot_trail	0.30	64	68	65536	62794
BulletImpact_5shot_trail	0.50	30	20	65536	62757
BulletImpact_5shot_trail	0.75	31	19	65536	62755
BulletImpact_5shot_trail	1.00	17	8	65536	62746
BulletImpact_5shot_trail	1.50	0	0	65536	62740
BulletImpact_5shot_trail	2.00	0	0	65536	62740
BulletImpact_5shot_trail	3.00	0	0	65536	62740
BulletImpact_5shot_trail_chaos	0.15	325	194	65536	62878
BulletImpact_5shot_trail_chaos	0.30	221	178	65536	62874
BulletImpact_5shot_trail_chaos	0.50	16	8	65536	62746
BulletImpact_5shot_trail_chaos	0.75	8	4	65536	62743
BulletImpact_5shot_trail_chaos	1.00	5	2	65536	62741
BulletImpact_5shot_trail_chaos	1.50	0	0	65536	62740
BulletImpact_5shot_trail_chaos	2.00	0	0	65536	62740
BulletImpact_5shot_trail_chaos	3.00	0	0	65536	62740
BulletImpact_5shot_trail_EC	0.15	604	720	65536	63300
BulletImpact_5shot_trail_EC	0.30	233	306	65536	62971
BulletImpact_5shot_trail_EC	0.50	41	41	65536	62774
BulletImpact_5shot_trail_EC	0.75	59	50	65536	62780
BulletImpact_5shot_trail_EC	1.00	52	36	65536	62768
BulletImpact_5shot_trail_EC	1.50	2	2	65536	62742
BulletImpact_5shot_trail_EC	2.00	0	0	65536	62740
BulletImpact_5shot_trail_EC	3.00	0	0	65536	62740
BulletImpact_5shot_trail_ork	0.15	79	61	65536	62786
BulletImpact_5shot_trail_ork	0.30	63	56	65536	62784
BulletImpact_5shot_trail_ork	0.50	70	62	65536	62788
BulletImpact_5shot_trail_ork	0.75	88	68	65536	62792
BulletImpact_5shot_trail_ork	1.00	67	57	65536	62785
BulletImpact_5shot_trail_ork	1.50	32	15	65536	62751
BulletImpact_5shot_trail_ork	2.00	15	6	65536	62745
BulletImpact_5shot_trail_ork	3.00	0	0	65536	62740
BulletImpact_5shot_trail_ork_low	0.15	74	58	65536	62784
BulletImpact_5shot_trail_ork_low	0.30	69	63	65536	62789
BulletImpact_5shot_trail_ork_low	0.50	75	66	65536	62791
BulletImpact_5shot_trail_ork_low	0.75	93	75	65536	62797
BulletImpact_5shot_trail_ork_low	1.00	63	57	65536	62784
BulletImpact_5shot_trail_ork_low	1.50	33	17	65536	62754
BulletImpact_5shot_trail_ork_low	2.00	14	8	65536	62747
BulletImpact_5shot_trail_ork_low	3.00	0	0	65536	62740
BulletImpact_6shot_autocannon_EC	0.15	123	150	65536	62854
BulletImpact_6shot_autocannon_EC	0.30	137	167	65536	62867
BulletImpact_6shot_autocannon_EC	0.50	62	37	65536	62770
BulletImpact_6shot_autocannon_EC	0.75	11	7	65536	62746
BulletImpact_6shot_autocannon_EC	1.00	4	3	65536	62743
BulletImpact_6shot_autocannon_EC	1.50	4	3	65536	62743
BulletImpact_6shot_autocannon_EC	2.00	2	2	65536	62742
BulletImpact_6shot_autocannon_EC	3.00	0	0	65536	62740
BulletImpact_6shot_trail_EC Daemon	0.15	584	780	65536	63333
BulletImpact_6shot_trail_EC Daemon	0.30	624	679	65536	63267
BulletImpact_6shot_trail_EC Daemon	0.50	40	65	65536	62789
BulletImpact_6shot_trail_EC Daemon	0.75	39	51	65536	62779
BulletImpact_6shot_trail_EC Daemon	1.00	44	42	65536	62772
BulletImpact_6shot_trail_EC Daemon	1.50	0	0	65536	62740
BulletImpact_6shot_trail_EC Daemon	2.00	0	0	65536	62740
BulletImpact_6shot_trail_EC Daemon	3.00	0	0	65536	62740
BulletImpact_9shot	0.15	3139	2980	65473	64042
BulletImpact_9shot	0.30	6052	5805	65428	65217
BulletImpact_9shot	0.50	5360	5479	65461	65387
BulletImpact_9shot	0.75	8171	8245	65445	66549
BulletImpact_9shot	1.00	7950	8222	65431	66882
BulletImpact_9shot	1.50	8233	8059	65462	66814
BulletImpact_9shot	2.00	3976	3912	65484	64831
BulletImpact_9shot	3.00	0	0	65536	62740
BulletImpact_9shot_trail	0.15	68	51	65536	62780
BulletImpact_9shot_trail	0.30	68	66	65536	62793
BulletImpact_9shot_trail	0.50	68	68	65536	62794
BulletImpact_9shot_trail	0.75	90	76	65536	62799
BulletImpact_9shot_trail	1.00	30	19	65536	62756
BulletImpact_9shot_trail	1.50	19	9	65536	62747
BulletImpact_9shot_trail	2.00	0	0	65536	62740
BulletImpact_9shot_trail	3.00	0	0	65536	62740
BulletImpact_9shot_trail_chaos	0.15	116	68	65536	62786
BulletImpact_9shot_trail_chaos	0.30	106	72	65536	62792
BulletImpact_9shot_trail_chaos	0.50	105	74	65536	62794
BulletImpact_9shot_trail_chaos	0.75	140	93	65536	62804
BulletImpact_9shot_trail_chaos	1.00	33	15	65536	62747
BulletImpact_9shot_trail_chaos	1.50	6	2	65536	62741
BulletImpact_9shot_trail_chaos	2.00	1	0	65536	62740
BulletImpact_9shot_trail_chaos	3.00	0	0	65536	62740
BulletImpact_9shot_trail_EC	0.15	208	211	65536	62904
BulletImpact_9shot_trail_EC	0.30	169	212	65536	62903
BulletImpact_9shot_trail_EC	0.50	171	214	65536	62906
BulletImpact_9shot_trail_EC	0.75	219	250	65536	62936
BulletImpact_9shot_trail_EC	1.00	69	65	65536	62792
BulletImpact_9shot_trail_EC	1.50	55	33	65536	62764
BulletImpact_9shot_trail_EC	2.00	0	0	65536	62740
BulletImpact_9shot_trail_EC	3.00	0	0	65536	62740
BulletImpact_9shot_trail_EC_twinlink	0.15	26	18	65536	62756
BulletImpact_9shot_trail_EC_twinlink	0.30	88	89	65536	62810
BulletImpact_9shot_trail_EC_twinlink	0.50	102	98	65536	62818
BulletImpact_9shot_trail_EC_twinlink	0.75	65	39	65536	62772
BulletImpact_9shot_trail_EC_twinlink	1.00	73	50	65536	62781
BulletImpact_9shot_trail_EC_twinlink	1.50	21	16	65536	62753
BulletImpact_9shot_trail_EC_twinlink	2.00	2	2	65536	62742
BulletImpact_9shot_trail_EC_twinlink	3.00	0	0	65536	62740
BulletImpact_Abaddon_AA_StormBolter	0.15	47	43	65536	62772
BulletImpact_Abaddon_AA_StormBolter	0.30	76	66	65536	62789
BulletImpact_Abaddon_AA_StormBolter	0.50	74	63	65536	62787
BulletImpact_Abaddon_AA_StormBolter	0.75	72	52	65536	62778
BulletImpact_Abaddon_AA_StormBolter	1.00	24	18	65536	62754
BulletImpact_Abaddon_AA_StormBolter	1.50	8	11	65536	62749
BulletImpact_Abaddon_AA_StormBolter	2.00	0	0	65536	62740
BulletImpact_Abaddon_AA_StormBolter	3.00	0	0	65536	62740
BulletImpact_AcidSpit	0.15	72	63	65536	62790
BulletImpact_AcidSpit	0.30	114	107	65536	62826
BulletImpact_AcidSpit	0.50	154	142	65536	62853
BulletImpact_AcidSpit	0.75	177	145	65536	62856
BulletImpact_AcidSpit	1.00	153	130	65536	62844
BulletImpact_AcidSpit	1.50	5	2	65536	62741
BulletImpact_AcidSpit	2.00	0	0	65536	62740
BulletImpact_AcidSpit	3.00	0	0	65536	62740
BulletImpact_artillery_1shot	0.15	104	101	65536	62825
BulletImpact_artillery_1shot	0.30	220	208	65536	62920
BulletImpact_artillery_1shot	0.50	28	22	65536	62757
BulletImpact_artillery_1shot	0.75	28	22	65536	62758
BulletImpact_artillery_1shot	1.00	48	32	65536	62764
BulletImpact_artillery_1shot	1.50	52	35	65536	62766
BulletImpact_artillery_1shot	2.00	0	0	65536	62740
BulletImpact_artillery_1shot	3.00	0	0	65536	62740
BulletImpact_artillery_arc	0.15	303	324	65536	63016
BulletImpact_artillery_arc	0.30	703	684	65536	63337
BulletImpact_artillery_arc	0.50	99	62	65536	62786
BulletImpact_artillery_arc	0.75	70	40	65536	62770
BulletImpact_artillery_arc	1.00	14	7	65536	62746
BulletImpact_artillery_arc	1.50	17	14	65536	62752
BulletImpact_artillery_arc	2.00	0	0	65536	62740
BulletImpact_artillery_arc	3.00	0	0	65536	62740
BulletImpact_artillery_big	0.15	104	101	65536	62825
BulletImpact_artillery_big	0.30	220	208	65536	62920
BulletImpact_artillery_big	0.50	34	25	65536	62760
BulletImpact_artillery_big	0.75	32	24	65536	62760
BulletImpact_artillery_big	1.00	50	33	65536	62765
BulletImpact_artillery_big	1.50	52	35	65536	62766
BulletImpact_artillery_big	2.00	0	0	65536	62740
BulletImpact_artillery_big	3.00	0	0	65536	62740
BulletImpact_artillery_manticore	0.15	64	59	65536	62789
BulletImpact_artillery_manticore	0.30	149	136	65536	62855
BulletImpact_artillery_manticore	0.50	166	148	65536	62864
BulletImpact_artillery_manticore	0.75	146	122	65536	62845
BulletImpact_artillery_manticore	1.00	57	41	65536	62772
BulletImpact_artillery_manticore	1.50	101	62	65536	62785
BulletImpact_artillery_manticore	2.00	38	32	65536	62765
BulletImpact_artillery_manticore	3.00	0	0	65536	62740
BulletImpact_artillery_manticore_spread	0.15	606	661	65536	63303
BulletImpact_artillery_manticore_spread	0.30	1412	1380	65536	63943
BulletImpact_artillery_manticore_spread	0.50	93	38	65536	62767
BulletImpact_artillery_manticore_spread	0.75	68	26	65536	62759
BulletImpact_artillery_manticore_spread	1.00	16	6	65536	62747
BulletImpact_artillery_manticore_spread	1.50	0	0	65536	62740
BulletImpact_artillery_manticore_spread	2.00	0	0	65536	62740
BulletImpact_artillery_manticore_spread	3.00	0	0	65536	62740
BulletImpact_autocannon	0.15	46	23	65536	62758
BulletImpact_autocannon	0.30	40	19	65536	62754
BulletImpact_autocannon	0.50	47	23	65536	62757
BulletImpact_autocannon	0.75	164	124	65536	62834
BulletImpact_autocannon	1.00	34	16	65536	62753
BulletImpact_autocannon	1.50	3	1	65536	62741
BulletImpact_autocannon	2.00	0	0	65536	62740
BulletImpact_autocannon	3.00	0	0	65536	62740
BulletImpact_autocannon_Firestrike	0.15	15	13	65536	62750
BulletImpact_autocannon_Firestrike	0.30	17	11	65536	62749
BulletImpact_autocannon_Firestrike	0.50	26	16	65536	62753
BulletImpact_autocannon_Firestrike	0.75	37	28	65536	62762
BulletImpact_autocannon_Firestrike	1.00	29	18	65536	62755
BulletImpact_autocannon_Firestrike	1.50	22	13	65536	62751
BulletImpact_autocannon_Firestrike	2.00	0	0	65536	62740
BulletImpact_autocannon_Firestrike	3.00	0	0	65536	62740
BulletImpact_autocannon_Hydra	0.15	23	16	65536	62754
BulletImpact_autocannon_Hydra	0.30	45	30	65536	62764
BulletImpact_autocannon_Hydra	0.50	50	40	65536	62774
BulletImpact_autocannon_Hydra	0.75	47	36	65536	62770
BulletImpact_autocannon_Hydra	1.00	61	46	65536	62779
BulletImpact_autocannon_Hydra	1.50	33	17	65536	62754
BulletImpact_autocannon_Hydra	2.00	0	0	65536	62740
BulletImpact_autocannon_Hydra	3.00	0	0	65536	62740
BulletImpact_autocannon_rapid	0.15	81	76	65536	62800
BulletImpact_autocannon_rapid	0.30	30	36	65536	62768
BulletImpact_autocannon_rapid	0.50	37	44	65536	62775
BulletImpact_autocannon_rapid	0.75	91	101	65536	62818
BulletImpact_autocannon_rapid	1.00	23	16	65536	62753
BulletImpact_autocannon_rapid	1.50	8	4	65536	62744
BulletImpact_autocannon_rapid	2.00	0	0	65536	62740
BulletImpact_autocannon_rapid	3.00	0	0	65536	62740
BulletImpact_autogun_1shot	0.15	12	5	65536	62744
BulletImpact_autogun_1shot	0.30	11	6	65536	62745
BulletImpact_autogun_1shot	0.50	10	4	65536	62743
BulletImpact_autogun_1shot	0.75	4	1	65536	62741
BulletImpact_autogun_1shot	1.00	0	0	65536	62741
BulletImpact_autogun_1shot	1.50	0	0	65536	62740
BulletImpact_autogun_1shot	2.00	0	0	65536	62740
BulletImpact_autogun_1shot	3.00	0	0	65536	62740
BulletImpact_autogun_1shotSniper	0.15	64	83	65536	62811
BulletImpact_autogun_1shotSniper	0.30	6	3	65536	62743
BulletImpact_autogun_1shotSniper	0.50	6	3	65536	62742
BulletImpact_autogun_1shotSniper	0.75	4	1	65536	62741
BulletImpact_autogun_1shotSniper	1.00	0	0	65536	62740
BulletImpact_autogun_1shotSniper	1.50	0	0	65536	62740
BulletImpact_autogun_1shotSniper	2.00	0	0	65536	62740
BulletImpact_autogun_1shotSniper	3.00	0	0	65536	62740
BulletImpact_autogun_2shot	0.15	9	4	65536	62743
BulletImpact_autogun_2shot	0.30	16	7	65536	62746
BulletImpact_autogun_2shot	0.50	11	5	65536	62745
BulletImpact_autogun_2shot	0.75	4	1	65536	62742
BulletImpact_autogun_2shot	1.00	3	1	65536	62741
BulletImpact_autogun_2shot	1.50	0	0	65536	62740
BulletImpact_autogun_2shot	2.00	0	0	65536	62740
BulletImpact_autogun_2shot	3.00	0	0	65536	62740
BulletImpact_autogun_3shot	0.15	10	4	65536	62743
BulletImpact_autogun_3shot	0.30	15	7	65536	62745
BulletImpact_autogun_3shot	0.50	15	7	65536	62746
BulletImpact_autogun_3shot	0.75	11	5	65536	62744
BulletImpact_autogun_3shot	1.00	6	2	65536	62743
BulletImpact_autogun_3shot	1.50	0	0	65536	62740
BulletImpact_autogun_3shot	2.00	0	0	65536	62740
BulletImpact_autogun_3shot	3.00	0	0	65536	62740
BulletImpact_autogun_4shot	0.15	11	5	65536	62744
BulletImpact_autogun_4shot	0.30	14	7	65536	62746
BulletImpact_autogun_4shot	0.50	14	7	65536	62746
BulletImpact_autogun_4shot	0.75	15	7	65536	62746
BulletImpact_autogun_4shot	1.00	12	5	65536	62743
BulletImpact_autogun_4shot	1.50	1	0	65536	62741
BulletImpact_autogun_4shot	2.00	0	0	65536	62740
BulletImpact_autogun_4shot	3.00	0	0	65536	62740
BulletImpact_autogun_6shot	0.15	35	31	65536	62765
BulletImpact_autogun_6shot	0.30	38	34	65536	62768
BulletImpact_autogun_6shot	0.50	44	34	65536	62767
BulletImpact_autogun_6shot	0.75	17	9	65536	62748
BulletImpact_autogun_6shot	1.00	12	6	65536	62746
BulletImpact_autogun_6shot	1.50	3	3	65536	62743
BulletImpact_autogun_6shot	2.00	0	0	65536	62740
BulletImpact_autogun_6shot	3.00	0	0	65536	62740
BulletImpact_autogun_6shot_twinlink	0.15	59	46	65536	62776
BulletImpact_autogun_6shot_twinlink	0.30	60	48	65536	62778
BulletImpact_autogun_6shot_twinlink	0.50	46	35	65536	62769
BulletImpact_autogun_6shot_twinlink	0.75	44	25	65536	62761
BulletImpact_autogun_6shot_twinlink	1.00	28	15	65536	62753
BulletImpact_autogun_6shot_twinlink	1.50	4	2	65536	62742
BulletImpact_autogun_6shot_twinlink	2.00	1	0	65536	62741
BulletImpact_autogun_6shot_twinlink	3.00	0	0	65536	62740
BulletImpact_autogun_8shot	0.15	37	32	65536	62766
BulletImpact_autogun_8shot	0.30	37	31	65536	62765
BulletImpact_autogun_8shot	0.50	31	29	65536	62764
BulletImpact_autogun_8shot	0.75	18	9	65536	62747
BulletImpact_autogun_8shot	1.00	15	7	65536	62746
BulletImpact_autogun_8shot	1.50	8	3	65536	62743
BulletImpact_autogun_8shot	2.00	0	0	65536	62740
BulletImpact_autogun_8shot	3.00	0	0	65536	62740
BulletImpact_autogun_Automatic	0.15	30	28	65536	62762
BulletImpact_autogun_Automatic	0.30	33	34	65536	62767
BulletImpact_autogun_Automatic	0.50	40	33	65536	62767
BulletImpact_autogun_Automatic	0.75	33	20	65536	62757
BulletImpact_autogun_Automatic	1.00	19	10	65536	62749
BulletImpact_autogun_Automatic	1.50	10	4	65536	62743
BulletImpact_autogun_Automatic	2.00	1	1	65536	62741
BulletImpact_autogun_Automatic	3.00	0	0	65536	62740
BulletImpact_autogun_liberator_1shot	0.15	7	3	65536	62743
BulletImpact_autogun_liberator_1shot	0.30	4	2	65536	62743
BulletImpact_autogun_liberator_1shot	0.50	7	3	65536	62743
BulletImpact_autogun_liberator_1shot	0.75	6	2	65536	62742
BulletImpact_autogun_liberator_1shot	1.00	0	0	65536	62741
BulletImpact_autogun_liberator_1shot	1.50	0	0	65536	62740
BulletImpact_autogun_liberator_1shot	2.00	0	0	65536	62740
BulletImpact_autogun_liberator_1shot	3.00	0	0	65536	62740
BulletImpact_autogun_liberator_repeat	0.15	35	31	65536	62765
BulletImpact_autogun_liberator_repeat	0.30	34	28	65536	62762
BulletImpact_autogun_liberator_repeat	0.50	14	7	65536	62746
BulletImpact_autogun_liberator_repeat	0.75	10	5	65536	62745
BulletImpact_autogun_liberator_repeat	1.00	10	5	65536	62744
BulletImpact_autogun_liberator_repeat	1.50	1	0	65536	62741
BulletImpact_autogun_liberator_repeat	2.00	0	0	65536	62740
BulletImpact_autogun_liberator_repeat	3.00	0	0	65536	62740
BulletImpact_autogun_Shotgun	0.15	71	50	65536	62783
BulletImpact_autogun_Shotgun	0.30	65	54	65536	62787
BulletImpact_autogun_Shotgun	0.50	92	77	65536	62805
BulletImpact_autogun_Shotgun	0.75	80	54	65536	62786
BulletImpact_autogun_Shotgun	1.00	0	0	65536	62740
BulletImpact_autogun_Shotgun	1.50	0	0	65536	62740
BulletImpact_autogun_Shotgun	2.00	0	0	65536	62740
BulletImpact_autogun_Shotgun	3.00	0	0	65536	62740
BulletImpact_Bolter_Large Area	0.15	67	46	65536	62775
BulletImpact_Bolter_Large Area	0.30	64	59	65536	62786
BulletImpact_Bolter_Large Area	0.50	62	60	65536	62787
BulletImpact_Bolter_Large Area	0.75	73	62	65536	62789
BulletImpact_Bolter_Large Area	1.00	74	68	65536	62792
BulletImpact_Bolter_Large Area	1.50	36	23	65536	62759
BulletImpact_Bolter_Large Area	2.00	35	21	65536	62757
BulletImpact_Bolter_Large Area	3.00	0	0	65536	62740
BulletImpact_Bolter_Wide Area	0.15	48	33	65536	62766
BulletImpact_Bolter_Wide Area	0.30	53	46	65536	62777
BulletImpact_Bolter_Wide Area	0.50	53	50	65536	62780
BulletImpact_Bolter_Wide Area	0.75	58	47	65536	62777
BulletImpact_Bolter_Wide Area	1.00	56	50	65536	62779
BulletImpact_Bolter_Wide Area	1.50	32	20	65536	62757
BulletImpact_Bolter_Wide Area	2.00	36	22	65536	62759
BulletImpact_Bolter_Wide Area	3.00	2	1	65536	62741
BulletImpact_BulletHole	0.15	531	593	65536	63207
BulletImpact_BulletHole	0.30	183	183	65535	62864
BulletImpact_BulletHole	0.50	166	173	65535	62857
BulletImpact_BulletHole	0.75	164	172	65535	62856
BulletImpact_BulletHole	1.00	164	172	65535	62856
BulletImpact_BulletHole	1.50	0	0	65536	62740
BulletImpact_BulletHole	2.00	0	0	65536	62740
BulletImpact_BulletHole	3.00	0	0	65536	62740
BulletImpact_Chaos_Melta	0.15	12	13	65536	62751
BulletImpact_Chaos_Melta	0.30	30	26	65536	62763
BulletImpact_Chaos_Melta	0.50	30	26	65536	62763
BulletImpact_Chaos_Melta	0.75	36	27	65536	62763
BulletImpact_Chaos_Melta	1.00	3	2	65536	62742
BulletImpact_Chaos_Melta	1.50	2	1	65536	62741
BulletImpact_Chaos_Melta	2.00	0	0	65536	62740
BulletImpact_Chaos_Melta	3.00	0	0	65536	62740
BulletImpact_ChaosMissile	0.15	77	30	65536	62762
BulletImpact_ChaosMissile	0.30	14	8	65536	62745
BulletImpact_ChaosMissile	0.50	16	7	65536	62742
BulletImpact_ChaosMissile	0.75	9	4	65536	62741
BulletImpact_ChaosMissile	1.00	0	0	65536	62739
BulletImpact_ChaosMissile	1.50	0	0	65536	62740
BulletImpact_ChaosMissile	2.00	0	0	65536	62740
BulletImpact_ChaosMissile	3.00	0	0	65536	62740
BulletImpact_ChemVial	0.15	4	7	65536	62745
BulletImpact_ChemVial	0.30	3	5	65536	62744
BulletImpact_ChemVial	0.50	4	7	65536	62745
BulletImpact_ChemVial	0.75	1	2	65536	62742
BulletImpact_ChemVial	1.00	0	0	65536	62740
BulletImpact_ChemVial	1.50	0	0	65536	62740
BulletImpact_ChemVial	2.00	0	0	65536	62740
BulletImpact_ChemVial	3.00	0	0	65536	62740
BulletImpact_Combi_Flamer_Infernus	0.15	20	31	65536	62764
BulletImpact_Combi_Flamer_Infernus	0.30	84	130	65536	62838
BulletImpact_Combi_Flamer_Infernus	0.50	125	156	65536	62859
BulletImpact_Combi_Flamer_Infernus	0.75	169	174	65536	62869
BulletImpact_Combi_Flamer_Infernus	1.00	208	201	65536	62893
BulletImpact_Combi_Flamer_Infernus	1.50	217	162	65536	62863
BulletImpact_Combi_Flamer_Infernus	2.00	0	0	65536	62740
BulletImpact_Combi_Flamer_Infernus	3.00	0	0	65536	62740
BulletImpact_DA_MissileVolley_Ballistus	0.15	0	0	65536	62740
BulletImpact_DA_MissileVolley_Ballistus	0.30	0	0	65536	62740
BulletImpact_DA_MissileVolley_Ballistus	0.50	0	0	65536	62740
BulletImpact_DA_MissileVolley_Ballistus	0.75	0	0	65536	62740
BulletImpact_DA_MissileVolley_Ballistus	1.00	0	0	65536	62740
BulletImpact_DA_MissileVolley_Ballistus	1.50	0	0	65536	62740
BulletImpact_DA_MissileVolley_Ballistus	2.00	0	0	65536	62740
BulletImpact_DA_MissileVolley_Ballistus	3.00	0	0	65536	62740
BulletImpact_DCannon	0.15	1	1	65536	62741
BulletImpact_DCannon	0.30	4	2	65536	62741
BulletImpact_DCannon	0.50	9	5	65536	62745
BulletImpact_DCannon	0.75	19	11	65536	62748
BulletImpact_DCannon	1.00	29	21	65536	62757
BulletImpact_DCannon	1.50	58	48	65536	62778
BulletImpact_DCannon	2.00	70	59	65536	62786
BulletImpact_DCannon	3.00	0	0	65536	62740
BulletImpact_DCannon_2	0.15	0	0	65536	62740
BulletImpact_DCannon_2	0.30	4	2	65536	62741
BulletImpact_DCannon_2	0.50	12	7	65536	62745
BulletImpact_DCannon_2	0.75	24	15	65536	62752
BulletImpact_DCannon_2	1.00	31	26	65536	62761
BulletImpact_DCannon_2	1.50	44	37	65536	62769
BulletImpact_DCannon_2	2.00	31	21	65536	62755
BulletImpact_DCannon_2	3.00	0	0	65536	62740
BulletImpact_DCannon_2_twinlink	0.15	0	0	65536	62740
BulletImpact_DCannon_2_twinlink	0.30	4	2	65536	62741
BulletImpact_DCannon_2_twinlink	0.50	8	4	65536	62743
BulletImpact_DCannon_2_twinlink	0.75	18	11	65536	62748
BulletImpact_DCannon_2_twinlink	1.00	19	15	65536	62752
BulletImpact_DCannon_2_twinlink	1.50	28	29	65536	62763
BulletImpact_DCannon_2_twinlink	2.00	22	16	65536	62752
BulletImpact_DCannon_2_twinlink	3.00	0	0	65536	62740
BulletImpact_DCannon_twinlink	0.15	6	3	65536	62742
BulletImpact_DCannon_twinlink	0.30	13	7	65536	62745
BulletImpact_DCannon_twinlink	0.50	21	12	65536	62750
BulletImpact_DCannon_twinlink	0.75	40	27	65536	62761
BulletImpact_DCannon_twinlink	1.00	45	36	65536	62770
BulletImpact_DCannon_twinlink	1.50	84	79	65536	62803
BulletImpact_DCannon_twinlink	2.00	94	97	65536	62816
BulletImpact_DCannon_twinlink	3.00	0	0	65536	62740
BulletImpact_DeathSpinner	0.15	154	108	65536	62824
BulletImpact_DeathSpinner	0.30	165	135	65536	62845
BulletImpact_DeathSpinner	0.50	173	105	65536	62822
BulletImpact_DeathSpinner	0.75	118	53	65536	62779
BulletImpact_DeathSpinner	1.00	0	0	65536	62740
BulletImpact_DeathSpinner	1.50	0	0	65536	62740
BulletImpact_DeathSpinner	2.00	0	0	65536	62740
BulletImpact_DeathSpinner	3.00	0	0	65536	62740
BulletImpact_DeathSpinner Test	0.15	1127	991	65536	63554
BulletImpact_DeathSpinner Test	0.30	1627	1262	65536	63770
BulletImpact_DeathSpinner Test	0.50	167	179	65536	62875
BulletImpact_DeathSpinner Test	0.75	195	110	65536	62815
BulletImpact_DeathSpinner Test	1.00	39	26	65536	62761
BulletImpact_DeathSpinner Test	1.50	45	54	65536	62772
BulletImpact_DeathSpinner Test	2.00	92	111	65536	62805
BulletImpact_DeathSpinner Test	3.00	221	257	65536	62878
BulletImpact_deathspinner_arc	0.15	35	39	65536	62770
BulletImpact_deathspinner_arc	0.30	54	52	65536	62781
BulletImpact_deathspinner_arc	0.50	34	26	65536	62761
BulletImpact_deathspinner_arc	0.75	5	2	65536	62742
BulletImpact_deathspinner_arc	1.00	0	0	65536	62740
BulletImpact_deathspinner_arc	1.50	0	0	65536	62740
BulletImpact_deathspinner_arc	2.00	0	0	65536	62740
BulletImpact_deathspinner_arc	3.00	0	0	65536	62740
BulletImpact_deathspinner_arc_alt	0.15	696	1025	65536	63498
BulletImpact_deathspinner_arc_alt	0.30	808	1143	65536	63590
BulletImpact_deathspinner_arc_alt	0.50	668	942	65536	63447
BulletImpact_deathspinner_arc_alt	0.75	193	414	65536	63052
BulletImpact_deathspinner_arc_alt	1.00	22	45	65536	62775
BulletImpact_deathspinner_arc_alt	1.50	0	0	65536	62740
BulletImpact_deathspinner_arc_alt	2.00	38	32	65536	62768
BulletImpact_deathspinner_arc_alt	3.00	124	83	65536	62806
BulletImpact_DeathSpinner_spider	0.15	103	101	65536	62817
BulletImpact_DeathSpinner_spider	0.30	120	124	65536	62835
BulletImpact_DeathSpinner_spider	0.50	114	96	65536	62813
BulletImpact_DeathSpinner_spider	0.75	10	8	65536	62746
BulletImpact_DeathSpinner_spider	1.00	0	0	65536	62740
BulletImpact_DeathSpinner_spider	1.50	0	0	65536	62740
BulletImpact_DeathSpinner_spider	2.00	0	0	65536	62740
BulletImpact_DeathSpinner_spider	3.00	0	0	65536	62740
BulletImpact_DeathSpinner_spider_twinlink	0.15	184	182	65536	62880
BulletImpact_DeathSpinner_spider_twinlink	0.30	218	228	65536	62913
BulletImpact_DeathSpinner_spider_twinlink	0.50	208	178	65536	62874
BulletImpact_DeathSpinner_spider_twinlink	0.75	23	19	65536	62756
BulletImpact_DeathSpinner_spider_twinlink	1.00	0	0	65536	62740
BulletImpact_DeathSpinner_spider_twinlink	1.50	0	0	65536	62740
BulletImpact_DeathSpinner_spider_twinlink	2.00	0	0	65536	62740
BulletImpact_DeathSpinner_spider_twinlink	3.00	0	0	65536	62740
BulletImpact_DeathSpinner_twinlink	0.15	317	225	65536	62912
BulletImpact_DeathSpinner_twinlink	0.30	337	293	65536	62971
BulletImpact_DeathSpinner_twinlink	0.50	278	186	65536	62887
BulletImpact_DeathSpinner_twinlink	0.75	190	92	65536	62809
BulletImpact_DeathSpinner_twinlink	1.00	0	0	65536	62740
BulletImpact_DeathSpinner_twinlink	1.50	0	0	65536	62740
BulletImpact_DeathSpinner_twinlink	2.00	0	0	65536	62740
BulletImpact_DeathSpinner_twinlink	3.00	0	0	65536	62740
BulletImpact_DeathSpinner_twinlink_large	0.15	181	125	65536	62832
BulletImpact_DeathSpinner_twinlink_large	0.30	209	188	65536	62887
BulletImpact_DeathSpinner_twinlink_large	0.50	244	224	65536	62913
BulletImpact_DeathSpinner_twinlink_large	0.75	162	105	65536	62817
BulletImpact_DeathSpinner_twinlink_large	1.00	47	28	65536	62761
BulletImpact_DeathSpinner_twinlink_large	1.50	0	0	65536	62740
BulletImpact_DeathSpinner_twinlink_large	2.00	0	0	65536	62740
BulletImpact_DeathSpinner_twinlink_large	3.00	0	0	65536	62740
BulletImpact_DeathSpinner_twinlink_large parabolic	0.15	13	8	65536	62746
BulletImpact_DeathSpinner_twinlink_large parabolic	0.30	29	22	65536	62757
BulletImpact_DeathSpinner_twinlink_large parabolic	0.50	87	56	65536	62781
BulletImpact_DeathSpinner_twinlink_large parabolic	0.75	238	144	65536	62846
BulletImpact_DeathSpinner_twinlink_large parabolic	1.00	316	186	65536	62883
BulletImpact_DeathSpinner_twinlink_large parabolic	1.50	459	286	65536	62961
BulletImpact_DeathSpinner_twinlink_large parabolic	2.00	490	295	65536	62970
BulletImpact_DeathSpinner_twinlink_large parabolic	3.00	0	0	65536	62740
BulletImpact_DesolationMissile	0.15	73	28	65536	62760
BulletImpact_DesolationMissile	0.30	24	17	65536	62755
BulletImpact_DesolationMissile	0.50	38	25	65536	62762
BulletImpact_DesolationMissile	0.75	48	26	65536	62761
BulletImpact_DesolationMissile	1.00	33	15	65536	62752
BulletImpact_DesolationMissile	1.50	0	0	65536	62740
BulletImpact_DesolationMissile	2.00	0	0	65536	62740
BulletImpact_DesolationMissile	3.00	0	0	65536	62740
BulletImpact_DesolationMissile_AOE	0.15	66	26	65536	62758
BulletImpact_DesolationMissile_AOE	0.30	72	40	65536	62772
BulletImpact_DesolationMissile_AOE	0.50	82	49	65536	62780
BulletImpact_DesolationMissile_AOE	0.75	90	52	65536	62782
BulletImpact_DesolationMissile_AOE	1.00	67	44	65536	62777
BulletImpact_DesolationMissile_AOE	1.50	53	29	65536	62764
BulletImpact_DesolationMissile_AOE	2.00	0	0	65536	62740
BulletImpact_DesolationMissile_AOE	3.00	0	0	65536	62740
BulletImpact_DynamiteBundle_Throw	0.15	48	13	65536	62734
BulletImpact_DynamiteBundle_Throw	0.30	49	11	65536	62726
BulletImpact_DynamiteBundle_Throw	0.50	43	13	65535	62736
BulletImpact_DynamiteBundle_Throw	0.75	49	10	65536	62727
BulletImpact_DynamiteBundle_Throw	1.00	38	12	65536	62736
BulletImpact_DynamiteBundle_Throw	1.50	51	14	65536	62733
BulletImpact_DynamiteBundle_Throw	2.00	0	0	65536	62740
BulletImpact_DynamiteBundle_Throw	3.00	0	0	65536	62740
BulletImpact_Eldar_Lasblaster	0.15	13	11	65536	62749
BulletImpact_Eldar_Lasblaster	0.30	15	13	65536	62751
BulletImpact_Eldar_Lasblaster	0.50	15	13	65536	62750
BulletImpact_Eldar_Lasblaster	0.75	10	7	65536	62745
BulletImpact_Eldar_Lasblaster	1.00	1	2	65536	62742
BulletImpact_Eldar_Lasblaster	1.50	0	0	65536	62740
BulletImpact_Eldar_Lasblaster	2.00	0	0	65536	62740
BulletImpact_Eldar_Lasblaster	3.00	0	0	65536	62740
BulletImpact_Flamethrower_ClearanceIncinerator	0.15	71	72	65536	62798
BulletImpact_Flamethrower_ClearanceIncinerator	0.30	77	106	65536	62820
BulletImpact_Flamethrower_ClearanceIncinerator	0.50	158	216	65536	62905
BulletImpact_Flamethrower_ClearanceIncinerator	0.75	176	206	65536	62897
BulletImpact_Flamethrower_ClearanceIncinerator	1.00	229	244	65536	62927
BulletImpact_Flamethrower_ClearanceIncinerator	1.50	238	240	65536	62921
BulletImpact_Flamethrower_ClearanceIncinerator	2.00	248	206	65536	62898
BulletImpact_Flamethrower_ClearanceIncinerator	3.00	16	6	65536	62744
BulletImpact_Flamethrower_HandFlamer	0.15	14	15	65536	62752
BulletImpact_Flamethrower_HandFlamer	0.30	48	73	65536	62797
BulletImpact_Flamethrower_HandFlamer	0.50	93	121	65536	62833
BulletImpact_Flamethrower_HandFlamer	0.75	203	212	65536	62899
BulletImpact_Flamethrower_HandFlamer	1.00	216	195	65536	62886
BulletImpact_Flamethrower_HandFlamer	1.50	218	161	65536	62860
BulletImpact_Flamethrower_HandFlamer	2.00	24	10	65536	62747
BulletImpact_Flamethrower_HandFlamer	3.00	0	0	65536	62740
BulletImpact_FlamethrowerSororitas	0.15	0	0	65536	62740
BulletImpact_FlamethrowerSororitas	0.30	0	0	65536	62740
BulletImpact_FlamethrowerSororitas	0.50	0	0	65536	62740
BulletImpact_FlamethrowerSororitas	0.75	0	0	65536	62740
BulletImpact_FlamethrowerSororitas	1.00	0	0	65536	62740
BulletImpact_FlamethrowerSororitas	1.50	2	1	65536	62741
BulletImpact_FlamethrowerSororitas	2.00	1	0	65536	62740
BulletImpact_FlamethrowerSororitas	3.00	0	0	65536	62740
BulletImpact_FlamethrowerSororitas_long	0.15	82	71	65536	62799
BulletImpact_FlamethrowerSororitas_long	0.30	176	238	65536	62927
BulletImpact_FlamethrowerSororitas_long	0.50	216	310	65536	62982
BulletImpact_FlamethrowerSororitas_long	0.75	314	406	65536	63056
BulletImpact_FlamethrowerSororitas_long	1.00	295	311	65536	62980
BulletImpact_FlamethrowerSororitas_long	1.50	357	381	65536	63036
BulletImpact_FlamethrowerSororitas_long	2.00	297	252	65536	62934
BulletImpact_FlamethrowerSororitas_long	3.00	26	11	65536	62747
BulletImpact_FlamethrowerSororitas_twinlink	0.15	0	0	65536	62740
BulletImpact_FlamethrowerSororitas_twinlink	0.30	0	0	65536	62740
BulletImpact_FlamethrowerSororitas_twinlink	0.50	0	0	65536	62740
BulletImpact_FlamethrowerSororitas_twinlink	0.75	0	0	65536	62740
BulletImpact_FlamethrowerSororitas_twinlink	1.00	1	1	65536	62741
BulletImpact_FlamethrowerSororitas_twinlink	1.50	3	1	65536	62741
BulletImpact_FlamethrowerSororitas_twinlink	2.00	2	1	65536	62740
BulletImpact_FlamethrowerSororitas_twinlink	3.00	0	0	65536	62740
BulletImpact_FusionGun	0.15	0	0	65536	62740
BulletImpact_FusionGun	0.30	8	3	65536	62742
BulletImpact_FusionGun	0.50	8	5	65536	62744
BulletImpact_FusionGun	0.75	21	14	65536	62752
BulletImpact_FusionGun	1.00	27	23	65536	62759
BulletImpact_FusionGun	1.50	42	29	65536	62761
BulletImpact_FusionGun	2.00	29	15	65536	62750
BulletImpact_FusionGun	3.00	0	0	65536	62740
BulletImpact_gatling_1s	0.15	0	0	65536	62740
BulletImpact_gatling_1s	0.30	0	0	65536	62740
BulletImpact_gatling_1s	0.50	0	0	65536	62740
BulletImpact_gatling_1s	0.75	87	71	65536	62795
BulletImpact_gatling_1s	1.00	50	33	65536	62767
BulletImpact_gatling_1s	1.50	52	35	65536	62770
BulletImpact_gatling_1s	2.00	31	17	65536	62754
BulletImpact_gatling_1s	3.00	0	0	65536	62740
BulletImpact_gatling_1s_invader	0.15	0	0	65536	62740
BulletImpact_gatling_1s_invader	0.30	0	0	65536	62740
BulletImpact_gatling_1s_invader	0.50	0	0	65536	62740
BulletImpact_gatling_1s_invader	0.75	55	39	65536	62770
BulletImpact_gatling_1s_invader	1.00	42	28	65536	62763
BulletImpact_gatling_1s_invader	1.50	54	38	65536	62772
BulletImpact_gatling_1s_invader	2.00	38	22	65536	62757
BulletImpact_gatling_1s_invader	3.00	0	0	65536	62740
BulletImpact_Ghazghkull_AA	0.15	49	59	65536	62787
BulletImpact_Ghazghkull_AA	0.30	50	66	65536	62794
BulletImpact_Ghazghkull_AA	0.50	47	64	65536	62793
BulletImpact_Ghazghkull_AA	0.75	52	54	65536	62785
BulletImpact_Ghazghkull_AA	1.00	12	10	65536	62751
BulletImpact_Ghazghkull_AA	1.50	3	5	65536	62744
BulletImpact_Ghazghkull_AA	2.00	0	0	65536	62740
BulletImpact_Ghazghkull_AA	3.00	0	0	65536	62740
BulletImpact_Gordrang	0.15	73	53	65536	62780
BulletImpact_Gordrang	0.30	50	41	65536	62773
BulletImpact_Gordrang	0.50	74	59	65536	62787
BulletImpact_Gordrang	0.75	75	50	65536	62778
BulletImpact_Gordrang	1.00	39	32	65536	62766
BulletImpact_Gordrang	1.50	29	15	65536	62753
BulletImpact_Gordrang	2.00	13	5	65536	62744
BulletImpact_Gordrang	3.00	0	0	65536	62740
BulletImpact_Grenade_ThumpGun	0.15	201	86	65536	62801
BulletImpact_Grenade_ThumpGun	0.30	38	32	65536	62767
BulletImpact_Grenade_ThumpGun	0.50	74	42	65536	62774
BulletImpact_Grenade_ThumpGun	0.75	50	24	65536	62759
BulletImpact_Grenade_ThumpGun	1.00	33	13	65536	62750
BulletImpact_Grenade_ThumpGun	1.50	0	0	65536	62740
BulletImpact_Grenade_ThumpGun	2.00	0	0	65536	62740
BulletImpact_Grenade_ThumpGun	3.00	0	0	65536	62740
BulletImpact_GrenadeLauncher	0.15	200	82	65536	62798
BulletImpact_GrenadeLauncher	0.30	50	35	65536	62770
BulletImpact_GrenadeLauncher	0.50	58	41	65536	62775
BulletImpact_GrenadeLauncher	0.75	66	41	65536	62774
BulletImpact_GrenadeLauncher	1.00	3	1	65536	62742
BulletImpact_GrenadeLauncher	1.50	0	0	65536	62740
BulletImpact_GrenadeLauncher	2.00	0	0	65536	62740
BulletImpact_GrenadeLauncher	3.00	0	0	65536	62740
BulletImpact_GrenadierGauntlet	0.15	292	148	65536	62849
BulletImpact_GrenadierGauntlet	0.30	53	40	65536	62774
BulletImpact_GrenadierGauntlet	0.50	79	53	65535	62784
BulletImpact_GrenadierGauntlet	0.75	73	46	65535	62777
BulletImpact_GrenadierGauntlet	1.00	28	12	65536	62748
BulletImpact_GrenadierGauntlet	1.50	0	0	65536	62740
BulletImpact_GrenadierGauntlet	2.00	0	0	65536	62740
BulletImpact_GrenadierGauntlet	3.00	0	0	65536	62740
BulletImpact_Kroot_KrootGun OLD	0.15	48	42	65536	62775
BulletImpact_Kroot_KrootGun OLD	0.30	51	43	65536	62775
BulletImpact_Kroot_KrootGun OLD	0.50	59	38	65536	62771
BulletImpact_Kroot_KrootGun OLD	0.75	3	2	65536	62742
BulletImpact_Kroot_KrootGun OLD	1.00	1	1	65536	62741
BulletImpact_Kroot_KrootGun OLD	1.50	0	0	65536	62740
BulletImpact_Kroot_KrootGun OLD	2.00	0	0	65536	62740
BulletImpact_Kroot_KrootGun OLD	3.00	0	0	65536	62740
BulletImpact_Kroot_KrootPistol	0.15	10	5	65536	62744
BulletImpact_Kroot_KrootPistol	0.30	12	6	65536	62745
BulletImpact_Kroot_KrootPistol	0.50	5	2	65536	62743
BulletImpact_Kroot_KrootPistol	0.75	4	1	65536	62741
BulletImpact_Kroot_KrootPistol	1.00	0	0	65536	62740
BulletImpact_Kroot_KrootPistol	1.50	0	0	65536	62740
BulletImpact_Kroot_KrootPistol	2.00	0	0	65536	62740
BulletImpact_Kroot_KrootPistol	3.00	0	0	65536	62740
BulletImpact_Kroot_KrootRifle	0.15	19	13	65536	62752
BulletImpact_Kroot_KrootRifle	0.30	29	16	65536	62753
BulletImpact_Kroot_KrootRifle	0.50	56	32	65536	62767
BulletImpact_Kroot_KrootRifle	0.75	59	27	65536	62762
BulletImpact_Kroot_KrootRifle	1.00	0	0	65536	62740
BulletImpact_Kroot_KrootRifle	1.50	0	0	65536	62740
BulletImpact_Kroot_KrootRifle	2.00	0	0	65536	62740
BulletImpact_Kroot_KrootRifle	3.00	0	0	65536	62740
BulletImpact_Kroot_KrootScattergun	0.15	34	27	65536	62763
BulletImpact_Kroot_KrootScattergun	0.30	46	34	65536	62768
BulletImpact_Kroot_KrootScattergun	0.50	54	33	65536	62768
BulletImpact_Kroot_KrootScattergun	0.75	63	37	65536	62772
BulletImpact_Kroot_KrootScattergun	1.00	42	16	65536	62752
BulletImpact_Kroot_KrootScattergun	1.50	8	3	65536	62746
BulletImpact_Kroot_KrootScattergun	2.00	0	0	65536	62740
BulletImpact_Kroot_KrootScattergun	3.00	0	0	65536	62740
BulletImpact_Kroot_RepeaterCannon	0.15	21	13	65536	62751
BulletImpact_Kroot_RepeaterCannon	0.30	385	367	65536	63024
BulletImpact_Kroot_RepeaterCannon	0.50	66	36	65536	62770
BulletImpact_Kroot_RepeaterCannon	0.75	55	25	65536	62759
BulletImpact_Kroot_RepeaterCannon	1.00	45	16	65536	62752
BulletImpact_Kroot_RepeaterCannon	1.50	0	0	65536	62740
BulletImpact_Kroot_RepeaterCannon	2.00	0	0	65536	62740
BulletImpact_Kroot_RepeaterCannon	3.00	0	0	65536	62740
BulletImpact_Kroot_RepeaterCannon OLD	0.15	53	43	65536	62776
BulletImpact_Kroot_RepeaterCannon OLD	0.30	43	36	65536	62769
BulletImpact_Kroot_RepeaterCannon OLD	0.50	4	3	65536	62743
BulletImpact_Kroot_RepeaterCannon OLD	0.75	45	30	65536	62765
BulletImpact_Kroot_RepeaterCannon OLD	1.00	7	3	65536	62743
BulletImpact_Kroot_RepeaterCannon OLD	1.50	0	0	65536	62740
BulletImpact_Kroot_RepeaterCannon OLD	2.00	0	0	65536	62740
BulletImpact_Kroot_RepeaterCannon OLD	3.00	0	0	65536	62740
BulletImpact_Lascannon	0.15	0	0	65536	62740
BulletImpact_Lascannon	0.30	2	1	65536	62741
BulletImpact_Lascannon	0.50	2	2	65536	62742
BulletImpact_Lascannon	0.75	8	6	65536	62744
BulletImpact_Lascannon	1.00	16	12	65536	62749
BulletImpact_Lascannon	1.50	32	21	65536	62757
BulletImpact_Lascannon	2.00	0	0	65536	62740
BulletImpact_Lascannon	3.00	0	0	65536	62740
BulletImpact_Lascannon_2shots	0.15	0	0	65536	62740
BulletImpact_Lascannon_2shots	0.30	2	1	65536	62741
BulletImpact_Lascannon_2shots	0.50	2	2	65536	62742
BulletImpact_Lascannon_2shots	0.75	8	6	65536	62744
BulletImpact_Lascannon_2shots	1.00	16	13	65536	62749
BulletImpact_Lascannon_2shots	1.50	87	64	65536	62790
BulletImpact_Lascannon_2shots	2.00	24	13	65536	62750
BulletImpact_Lascannon_2shots	3.00	0	0	65536	62740
BulletImpact_Lascannon_twinlink	0.15	0	0	65536	62740
BulletImpact_Lascannon_twinlink	0.30	5	2	65536	62741
BulletImpact_Lascannon_twinlink	0.50	6	4	65536	62743
BulletImpact_Lascannon_twinlink	0.75	15	11	65536	62749
BulletImpact_Lascannon_twinlink	1.00	28	23	65536	62758
BulletImpact_Lascannon_twinlink	1.50	53	39	65536	62772
BulletImpact_Lascannon_twinlink	2.00	4	3	65536	62742
BulletImpact_Lascannon_twinlink	3.00	0	0	65536	62740
BulletImpact_Lascannon_twinlink_dread	0.15	2	1	65536	62741
BulletImpact_Lascannon_twinlink_dread	0.30	7	4	65536	62744
BulletImpact_Lascannon_twinlink_dread	0.50	18	13	65536	62750
BulletImpact_Lascannon_twinlink_dread	0.75	38	32	65536	62764
BulletImpact_Lascannon_twinlink_dread	1.00	65	61	65536	62787
BulletImpact_Lascannon_twinlink_dread	1.50	143	114	65536	62830
BulletImpact_Lascannon_twinlink_dread	2.00	4	1	65536	62741
BulletImpact_Lascannon_twinlink_dread	3.00	0	0	65536	62740
BulletImpact_LongRifle_trail	0.15	4	4	65536	62744
BulletImpact_LongRifle_trail	0.30	4	4	65536	62744
BulletImpact_LongRifle_trail	0.50	4	4	65536	62744
BulletImpact_LongRifle_trail	0.75	4	4	65536	62744
BulletImpact_LongRifle_trail	1.00	0	0	65536	62740
BulletImpact_LongRifle_trail	1.50	0	0	65536	62740
BulletImpact_LongRifle_trail	2.00	0	0	65536	62740
BulletImpact_LongRifle_trail	3.00	0	0	65536	62740
BulletImpact_MagicMissile_EC	0.15	364	277	65535	62946
BulletImpact_MagicMissile_EC	0.30	387	335	65536	62991
BulletImpact_MagicMissile_EC	0.50	582	399	65534	62994
BulletImpact_MagicMissile_EC	0.75	572	359	65534	62956
BulletImpact_MagicMissile_EC	1.00	714	435	65534	63001
BulletImpact_MagicMissile_EC	1.50	450	236	65532	62853
BulletImpact_MagicMissile_EC	2.00	353	177	65533	62808
BulletImpact_MagicMissile_EC	3.00	0	0	65536	62740
BulletImpact_MagicMissile_EC_Fire	0.15	356	273	65535	62945
BulletImpact_MagicMissile_EC_Fire	0.30	393	322	65534	62976
BulletImpact_MagicMissile_EC_Fire	0.50	597	528	65536	63138
BulletImpact_MagicMissile_EC_Fire	0.75	921	757	65533	63302
BulletImpact_MagicMissile_EC_Fire	1.00	721	517	65536	63123
BulletImpact_MagicMissile_EC_Fire	1.50	481	297	65535	62932
BulletImpact_MagicMissile_EC_Fire	2.00	432	292	65536	62937
BulletImpact_MagicMissile_EC_Fire	3.00	0	0	65536	62740
BulletImpact_MissileToTarget	0.15	201	86	65536	62801
BulletImpact_MissileToTarget	0.30	57	45	65536	62778
BulletImpact_MissileToTarget	0.50	112	86	65536	62812
BulletImpact_MissileToTarget	0.75	116	70	65536	62797
BulletImpact_MissileToTarget	1.00	66	27	65536	62760
BulletImpact_MissileToTarget	1.50	1	0	65536	62740
BulletImpact_MissileToTarget	2.00	2	0	65535	62739
BulletImpact_MissileToTarget	3.00	0	0	65536	62740
BulletImpact_MissileToTarget_Orks	0.15	190	77	65536	62794
BulletImpact_MissileToTarget_Orks	0.30	43	30	65536	62764
BulletImpact_MissileToTarget_Orks	0.50	77	52	65536	62782
BulletImpact_MissileToTarget_Orks	0.75	82	50	65536	62780
BulletImpact_MissileToTarget_Orks	1.00	44	21	65536	62756
BulletImpact_MissileToTarget_Orks	1.50	1	1	65536	62741
BulletImpact_MissileToTarget_Orks	2.00	3	2	65536	62741
BulletImpact_MissileToTarget_Orks	3.00	0	0	65536	62740
BulletImpact_Morgrim	0.15	70	52	65536	62779
BulletImpact_Morgrim	0.30	54	44	65536	62776
BulletImpact_Morgrim	0.50	65	51	65536	62780
BulletImpact_Morgrim	0.75	90	62	65536	62788
BulletImpact_Morgrim	1.00	54	37	65536	62768
BulletImpact_Morgrim	1.50	25	13	65536	62751
BulletImpact_Morgrim	2.00	25	11	65536	62748
BulletImpact_Morgrim	3.00	0	0	65536	62740
BulletImpact_Needle gun_1shot	0.15	0	0	65536	62740
BulletImpact_Needle gun_1shot	0.30	0	0	65536	62740
BulletImpact_Needle gun_1shot	0.50	0	0	65536	62740
BulletImpact_Needle gun_1shot	0.75	0	0	65536	62740
BulletImpact_Needle gun_1shot	1.00	0	0	65536	62740
BulletImpact_Needle gun_1shot	1.50	0	0	65536	62740
BulletImpact_Needle gun_1shot	2.00	0	0	65536	62740
BulletImpact_Needle gun_1shot	3.00	0	0	65536	62740
BulletImpact_noisemarine	0.15	45	29	65536	62764
BulletImpact_noisemarine	0.30	51	34	65536	62768
BulletImpact_noisemarine	0.50	73	42	65536	62774
BulletImpact_noisemarine	0.75	39	17	65536	62753
BulletImpact_noisemarine	1.00	16	7	65536	62746
BulletImpact_noisemarine	1.50	0	0	65536	62740
BulletImpact_noisemarine	2.00	0	0	65536	62740
BulletImpact_noisemarine	3.00	0	0	65536	62740
BulletImpact_Ork Heavy Lobba	0.15	267	154	65536	62849
BulletImpact_Ork Heavy Lobba	0.30	613	561	65536	63166
BulletImpact_Ork Heavy Lobba	0.50	455	301	65536	62880
BulletImpact_Ork Heavy Lobba	0.75	452	68	65536	62479
BulletImpact_Ork Heavy Lobba	1.00	84	3	65536	62648
BulletImpact_Ork Heavy Lobba	1.50	0	0	65536	62740
BulletImpact_Ork Heavy Lobba	2.00	0	0	65536	62740
BulletImpact_Ork Heavy Lobba	3.00	0	0	65536	62740
BulletImpact_Ork Missile Big	0.15	180	108	65536	62817
BulletImpact_Ork Missile Big	0.30	458	485	65536	63112
BulletImpact_Ork Missile Big	0.50	189	95	65536	62713
BulletImpact_Ork Missile Big	0.75	123	21	65536	62570
BulletImpact_Ork Missile Big	1.00	0	0	65536	62731
BulletImpact_Ork Missile Big	1.50	0	0	65536	62740
BulletImpact_Ork Missile Big	2.00	0	0	65536	62740
BulletImpact_Ork Missile Big	3.00	0	0	65536	62740
BulletImpact_Ork Missiles 1	0.15	76	31	65536	62761
BulletImpact_Ork Missiles 1	0.30	16	13	65536	62750
BulletImpact_Ork Missiles 1	0.50	17	8	65536	62743
BulletImpact_Ork Missiles 1	0.75	1	0	65536	62737
BulletImpact_Ork Missiles 1	1.00	0	0	65536	62738
BulletImpact_Ork Missiles 1	1.50	0	0	65536	62740
BulletImpact_Ork Missiles 1	2.00	0	0	65536	62740
BulletImpact_Ork Missiles 1	3.00	0	0	65536	62740
BulletImpact_Ork Missiles 2	0.15	42	16	65536	62751
BulletImpact_Ork Missiles 2	0.30	39	21	65536	62757
BulletImpact_Ork Missiles 2	0.50	50	25	65536	62758
BulletImpact_Ork Missiles 2	0.75	50	22	65536	62754
BulletImpact_Ork Missiles 2	1.00	19	5	65536	62738
BulletImpact_Ork Missiles 2	1.50	0	0	65536	62739
BulletImpact_Ork Missiles 2	2.00	0	0	65536	62740
BulletImpact_Ork Missiles 2	3.00	0	0	65536	62740
BulletImpact_Ork Snakebite Squig Hook	0.15	232	108	65536	62817
BulletImpact_Ork Snakebite Squig Hook	0.30	49	60	65536	62782
BulletImpact_Ork Snakebite Squig Hook	0.50	39	22	65536	62747
BulletImpact_Ork Snakebite Squig Hook	0.75	39	16	65536	62735
BulletImpact_Ork Snakebite Squig Hook	1.00	0	0	65536	62738
BulletImpact_Ork Snakebite Squig Hook	1.50	0	0	65536	62740
BulletImpact_Ork Snakebite Squig Hook	2.00	0	0	65536	62740
BulletImpact_Ork Snakebite Squig Hook	3.00	0	0	65536	62740
BulletImpact_Psychophage	0.15	168	195	65536	62902
BulletImpact_Psychophage	0.30	228	249	65536	62940
BulletImpact_Psychophage	0.50	320	317	65536	62992
BulletImpact_Psychophage	0.75	353	337	65536	63020
BulletImpact_Psychophage	1.00	424	405	65536	63087
BulletImpact_Psychophage	1.50	740	471	65536	63137
BulletImpact_Psychophage	2.00	0	0	65536	62740
BulletImpact_Psychophage	3.00	0	0	65536	62740
BulletImpact_Pyrovore	0.15	1415	1406	65536	63913
BulletImpact_Pyrovore	0.30	2996	2224	65536	64454
BulletImpact_Pyrovore	0.50	49	103	65536	62816
BulletImpact_Pyrovore	0.75	42	87	65536	62804
BulletImpact_Pyrovore	1.00	0	0	65536	62740
BulletImpact_Pyrovore	1.50	0	0	65536	62740
BulletImpact_Pyrovore	2.00	0	0	65536	62740
BulletImpact_Pyrovore	3.00	0	0	65536	62740
BulletImpact_Pyrovore OLD	0.15	183	168	65536	62877
BulletImpact_Pyrovore OLD	0.30	645	562	65536	63192
BulletImpact_Pyrovore OLD	0.50	16	15	65536	62752
BulletImpact_Pyrovore OLD	0.75	16	22	65536	62757
BulletImpact_Pyrovore OLD	1.00	20	30	65536	62763
BulletImpact_Pyrovore OLD	1.50	16	20	65536	62756
BulletImpact_Pyrovore OLD	2.00	0	0	65536	62740
BulletImpact_Pyrovore OLD	3.00	0	0	65536	62740
BulletImpact_RandomShitGo	0.15	72	54	65536	62781
BulletImpact_RandomShitGo	0.30	58	51	65536	62780
BulletImpact_RandomShitGo	0.50	61	55	65536	62783
BulletImpact_RandomShitGo	0.75	79	62	65536	62787
BulletImpact_RandomShitGo	1.00	69	56	65536	62782
BulletImpact_RandomShitGo	1.50	37	18	65536	62749
BulletImpact_RandomShitGo	2.00	15	6	65536	62742
BulletImpact_RandomShitGo	3.00	0	0	65536	62740
BulletImpact_RiftCannon	0.15	0	0	65536	62740
BulletImpact_RiftCannon	0.30	0	0	65536	62740
BulletImpact_RiftCannon	0.50	8	8	65536	62746
BulletImpact_RiftCannon	0.75	16	15	65536	62753
BulletImpact_RiftCannon	1.00	8	7	65536	62746
BulletImpact_RiftCannon	1.50	0	0	65536	62740
BulletImpact_RiftCannon	2.00	0	0	65536	62740
BulletImpact_RiftCannon	3.00	0	0	65536	62740
BulletImpact_Rippergun	0.15	164	152	65536	62859
BulletImpact_Rippergun	0.30	209	166	65536	62868
BulletImpact_Rippergun	0.50	82	56	65536	62790
BulletImpact_Rippergun	0.75	77	41	65536	62772
BulletImpact_Rippergun	1.00	35	14	65536	62750
BulletImpact_Rippergun	1.50	0	0	65536	62740
BulletImpact_Rippergun	2.00	0	0	65536	62740
BulletImpact_Rippergun	3.00	0	0	65536	62740
BulletImpact_Saboteur_DetonatorOnly	0.15	84	43	65536	62771
BulletImpact_Saboteur_DetonatorOnly	0.30	106	54	65536	62779
BulletImpact_Saboteur_DetonatorOnly	0.50	132	67	65536	62788
BulletImpact_Saboteur_DetonatorOnly	0.75	160	81	65536	62797
BulletImpact_Saboteur_DetonatorOnly	1.00	176	89	65536	62803
BulletImpact_Saboteur_DetonatorOnly	1.50	148	64	65536	62784
BulletImpact_Saboteur_DetonatorOnly	2.00	0	0	65536	62740
BulletImpact_Saboteur_DetonatorOnly	3.00	0	0	65536	62740
BulletImpact_SaboteurExplosive	0.15	25	13	65536	62749
BulletImpact_SaboteurExplosive	0.30	29	15	65536	62751
BulletImpact_SaboteurExplosive	0.50	36	19	65536	62754
BulletImpact_SaboteurExplosive	0.75	45	23	65536	62756
BulletImpact_SaboteurExplosive	1.00	49	25	65536	62758
BulletImpact_SaboteurExplosive	1.50	43	19	65536	62753
BulletImpact_SaboteurExplosive	2.00	0	0	65536	62740
BulletImpact_SaboteurExplosive	3.00	0	0	65536	62740
BulletImpact_Screamer-Killer	0.15	219	266	65536	62951
BulletImpact_Screamer-Killer	0.30	243	309	65536	62984
BulletImpact_Screamer-Killer	0.50	298	400	65536	63058
BulletImpact_Screamer-Killer	0.75	314	415	65536	63079
BulletImpact_Screamer-Killer	1.00	486	559	65536	63202
BulletImpact_Screamer-Killer	1.50	884	558	65536	63210
BulletImpact_Screamer-Killer	2.00	0	0	65536	62740
BulletImpact_Screamer-Killer	3.00	0	0	65536	62740
BulletImpact_Shuriken_Long	0.15	25	25	65536	62759
BulletImpact_Shuriken_Long	0.30	57	50	65536	62778
BulletImpact_Shuriken_Long	0.50	42	37	65536	62768
BulletImpact_Shuriken_Long	0.75	29	24	65536	62758
BulletImpact_Shuriken_Long	1.00	26	22	65536	62756
BulletImpact_Shuriken_Long	1.50	0	0	65536	62740
BulletImpact_Shuriken_Long	2.00	0	0	65536	62740
BulletImpact_Shuriken_Long	3.00	0	0	65536	62740
BulletImpact_Shuriken_Long_twinlink	0.15	76	68	65536	62792
BulletImpact_Shuriken_Long_twinlink	0.30	86	78	65536	62799
BulletImpact_Shuriken_Long_twinlink	0.50	103	88	65536	62806
BulletImpact_Shuriken_Long_twinlink	0.75	75	55	65536	62780
BulletImpact_Shuriken_Long_twinlink	1.00	92	66	65536	62789
BulletImpact_Shuriken_Long_twinlink	1.50	0	0	65536	62740
BulletImpact_Shuriken_Long_twinlink	2.00	0	0	65536	62740
BulletImpact_Shuriken_Long_twinlink	3.00	0	0	65536	62740
BulletImpact_Shuriken_Pistol	0.15	3	1	65536	62741
BulletImpact_Shuriken_Pistol	0.30	0	0	65536	62740
BulletImpact_Shuriken_Pistol	0.50	1	0	65536	62741
BulletImpact_Shuriken_Pistol	0.75	2	1	65536	62741
BulletImpact_Shuriken_Pistol	1.00	2	1	65536	62741
BulletImpact_Shuriken_Pistol	1.50	0	0	65536	62740
BulletImpact_Shuriken_Pistol	2.00	0	0	65536	62740
BulletImpact_Shuriken_Pistol	3.00	0	0	65536	62740
BulletImpact_Shuriken_Short	0.15	20	14	65536	62750
BulletImpact_Shuriken_Short	0.30	19	18	65536	62754
BulletImpact_Shuriken_Short	0.50	19	18	65536	62754
BulletImpact_Shuriken_Short	0.75	23	19	65536	62754
BulletImpact_Shuriken_Short	1.00	4	2	65536	62741
BulletImpact_Shuriken_Short	1.50	0	0	65536	62740
BulletImpact_Shuriken_Short	2.00	0	0	65536	62740
BulletImpact_Shuriken_Short	3.00	0	0	65536	62740
BulletImpact_Shuriken_Short_twinlink	0.15	37	27	65536	62761
BulletImpact_Shuriken_Short_twinlink	0.30	39	37	65536	62769
BulletImpact_Shuriken_Short_twinlink	0.50	40	39	65536	62770
BulletImpact_Shuriken_Short_twinlink	0.75	46	37	65536	62767
BulletImpact_Shuriken_Short_twinlink	1.00	13	5	65536	62743
BulletImpact_Shuriken_Short_twinlink	1.50	0	0	65536	62740
BulletImpact_Shuriken_Short_twinlink	2.00	0	0	65536	62740
BulletImpact_Shuriken_Short_twinlink	3.00	0	0	65536	62740
BulletImpact_Sonic Weapon 1	0.15	4	2	65536	62742
BulletImpact_Sonic Weapon 1	0.30	12	8	65536	62746
BulletImpact_Sonic Weapon 1	0.50	12	16	65536	62753
BulletImpact_Sonic Weapon 1	0.75	256	292	65536	62976
BulletImpact_Sonic Weapon 1	1.00	507	597	65536	63204
BulletImpact_Sonic Weapon 1	1.50	488	290	65536	62968
BulletImpact_Sonic Weapon 1	2.00	0	0	65536	62740
BulletImpact_Sonic Weapon 1	3.00	0	0	65536	62740
BulletImpact_Sonic Weapon 1 Dual Pistol	0.15	8	5	65536	62743
BulletImpact_Sonic Weapon 1 Dual Pistol	0.30	14	13	65536	62751
BulletImpact_Sonic Weapon 1 Dual Pistol	0.50	28	40	65536	62772
BulletImpact_Sonic Weapon 1 Dual Pistol	0.75	160	190	65536	62893
BulletImpact_Sonic Weapon 1 Dual Pistol	1.00	329	334	65536	63009
BulletImpact_Sonic Weapon 1 Dual Pistol	1.50	207	150	65536	62865
BulletImpact_Sonic Weapon 1 Dual Pistol	2.00	0	0	65536	62740
BulletImpact_Sonic Weapon 1 Dual Pistol	3.00	0	0	65536	62740
BulletImpact_Sonic Weapon 1 Dual Pistol OLD	0.15	10	6	65536	62744
BulletImpact_Sonic Weapon 1 Dual Pistol OLD	0.30	21	14	65536	62752
BulletImpact_Sonic Weapon 1 Dual Pistol OLD	0.50	26	38	65536	62770
BulletImpact_Sonic Weapon 1 Dual Pistol OLD	0.75	166	173	65536	62885
BulletImpact_Sonic Weapon 1 Dual Pistol OLD	1.00	342	329	65536	63014
BulletImpact_Sonic Weapon 1 Dual Pistol OLD	1.50	276	158	65536	62868
BulletImpact_Sonic Weapon 1 Dual Pistol OLD	2.00	0	0	65536	62740
BulletImpact_Sonic Weapon 1 Dual Pistol OLD	3.00	0	0	65536	62740
BulletImpact_Sonic Weapon 2	0.15	4	2	65536	62742
BulletImpact_Sonic Weapon 2	0.30	8	7	65536	62746
BulletImpact_Sonic Weapon 2	0.50	16	21	65536	62756
BulletImpact_Sonic Weapon 2	0.75	128	134	65536	62848
BulletImpact_Sonic Weapon 2	1.00	213	202	65536	62903
BulletImpact_Sonic Weapon 2	1.50	215	135	65536	62849
BulletImpact_Sonic Weapon 2	2.00	18	7	65536	62747
BulletImpact_Sonic Weapon 2	3.00	0	0	65536	62740
BulletImpact_Sonic Weapon 2 Pistol	0.15	33	36	65536	62770
BulletImpact_Sonic Weapon 2 Pistol	0.30	92	93	65536	62820
BulletImpact_Sonic Weapon 2 Pistol	0.50	125	105	65536	62827
BulletImpact_Sonic Weapon 2 Pistol	0.75	172	127	65536	62843
BulletImpact_Sonic Weapon 2 Pistol	1.00	106	73	65536	62801
BulletImpact_Sonic Weapon 2 Pistol	1.50	10	4	65536	62744
BulletImpact_Sonic Weapon 2 Pistol	2.00	3	1	65536	62741
BulletImpact_Sonic Weapon 2 Pistol	3.00	0	0	65536	62740
BulletImpact_Sonic Weapon 2 Twinlink	0.15	8	5	65536	62744
BulletImpact_Sonic Weapon 2 Twinlink	0.30	17	12	65536	62749
BulletImpact_Sonic Weapon 2 Twinlink	0.50	22	25	65536	62759
BulletImpact_Sonic Weapon 2 Twinlink	0.75	103	114	65536	62833
BulletImpact_Sonic Weapon 2 Twinlink	1.00	146	144	65536	62861
BulletImpact_Sonic Weapon 2 Twinlink	1.50	150	116	65536	62837
BulletImpact_Sonic Weapon 2 Twinlink	2.00	27	12	65536	62750
BulletImpact_Sonic Weapon 2 Twinlink	3.00	0	0	65536	62740
BulletImpact_Sonic Weapon 2 variant	0.15	4	2	65536	62742
BulletImpact_Sonic Weapon 2 variant	0.30	8	6	65536	62745
BulletImpact_Sonic Weapon 2 variant	0.50	12	17	65536	62754
BulletImpact_Sonic Weapon 2 variant	0.75	143	156	65536	62867
BulletImpact_Sonic Weapon 2 variant	1.00	316	335	65536	63011
BulletImpact_Sonic Weapon 2 variant	1.50	327	215	65536	62915
BulletImpact_Sonic Weapon 2 variant	2.00	82	37	65536	62768
BulletImpact_Sonic Weapon 2 variant	3.00	0	0	65536	62740
BulletImpact_Sororitas_Melta	0.15	31	31	65536	62764
BulletImpact_Sororitas_Melta	0.30	64	72	65536	62802
BulletImpact_Sororitas_Melta	0.50	64	72	65536	62802
BulletImpact_Sororitas_Melta	0.75	64	65	65536	62796
BulletImpact_Sororitas_Melta	1.00	64	63	65536	62795
BulletImpact_Sororitas_Melta	1.50	12	6	65536	62744
BulletImpact_Sororitas_Melta	2.00	0	0	65536	62740
BulletImpact_Sororitas_Melta	3.00	0	0	65536	62740
BulletImpact_Sororitas_MissileVolley	0.15	0	0	65536	62740
BulletImpact_Sororitas_MissileVolley	0.30	0	0	65536	62740
BulletImpact_Sororitas_MissileVolley	0.50	0	0	65536	62740
BulletImpact_Sororitas_MissileVolley	0.75	0	0	65536	62740
BulletImpact_Sororitas_MissileVolley	1.00	0	0	65536	62740
BulletImpact_Sororitas_MissileVolley	1.50	0	0	65536	62740
BulletImpact_Sororitas_MissileVolley	2.00	0	0	65536	62740
BulletImpact_Sororitas_MissileVolley	3.00	0	0	65536	62740
BulletImpact_Sororitas_MissileVolley_board_down	0.15	0	0	65536	62740
BulletImpact_Sororitas_MissileVolley_board_down	0.30	0	0	65536	62740
BulletImpact_Sororitas_MissileVolley_board_down	0.50	0	0	65536	62740
BulletImpact_Sororitas_MissileVolley_board_down	0.75	0	0	65536	62740
BulletImpact_Sororitas_MissileVolley_board_down	1.00	0	0	65536	62740
BulletImpact_Sororitas_MissileVolley_board_down	1.50	0	0	65536	62740
BulletImpact_Sororitas_MissileVolley_board_down	2.00	0	0	65536	62740
BulletImpact_Sororitas_MissileVolley_board_down	3.00	0	0	65536	62740
BulletImpact_Sororitas_MissileVolley_board_up	0.15	0	0	65536	62740
BulletImpact_Sororitas_MissileVolley_board_up	0.30	0	0	65536	62740
BulletImpact_Sororitas_MissileVolley_board_up	0.50	0	0	65536	62740
BulletImpact_Sororitas_MissileVolley_board_up	0.75	0	0	65536	62740
BulletImpact_Sororitas_MissileVolley_board_up	1.00	0	0	65536	62740
BulletImpact_Sororitas_MissileVolley_board_up	1.50	0	0	65536	62740
BulletImpact_Sororitas_MissileVolley_board_up	2.00	0	0	65536	62740
BulletImpact_Sororitas_MissileVolley_board_up	3.00	0	0	65536	62740
BulletImpact_Sororitas_MissileVolley_MoveAnim	0.15	0	0	65536	62740
BulletImpact_Sororitas_MissileVolley_MoveAnim	0.30	0	0	65536	62740
BulletImpact_Sororitas_MissileVolley_MoveAnim	0.50	0	0	65536	62740
BulletImpact_Sororitas_MissileVolley_MoveAnim	0.75	0	0	65536	62740
BulletImpact_Sororitas_MissileVolley_MoveAnim	1.00	0	0	65536	62740
BulletImpact_Sororitas_MissileVolley_MoveAnim	1.50	0	0	65536	62740
BulletImpact_Sororitas_MissileVolley_MoveAnim	2.00	0	0	65536	62740
BulletImpact_Sororitas_MissileVolley_MoveAnim	3.00	0	0	65536	62740
BulletImpact_Sororitas_MultiMelta	0.15	32	31	65536	62764
BulletImpact_Sororitas_MultiMelta	0.30	64	72	65536	62802
BulletImpact_Sororitas_MultiMelta	0.50	64	73	65536	62802
BulletImpact_Sororitas_MultiMelta	0.75	64	66	65536	62797
BulletImpact_Sororitas_MultiMelta	1.00	64	64	65536	62795
BulletImpact_Sororitas_MultiMelta	1.50	12	6	65536	62744
BulletImpact_Sororitas_MultiMelta	2.00	0	0	65536	62740
BulletImpact_Sororitas_MultiMelta	3.00	0	0	65536	62740
BulletImpact_Sororitas_MultiMelta_Junith	0.15	40	45	65536	62776
BulletImpact_Sororitas_MultiMelta_Junith	0.30	80	99	65536	62824
BulletImpact_Sororitas_MultiMelta_Junith	0.50	80	98	65536	62824
BulletImpact_Sororitas_MultiMelta_Junith	0.75	80	90	65536	62818
BulletImpact_Sororitas_MultiMelta_Junith	1.00	80	88	65536	62816
BulletImpact_Sororitas_MultiMelta_Junith	1.50	20	11	65536	62747
BulletImpact_Sororitas_MultiMelta_Junith	2.00	0	0	65536	62740
BulletImpact_Sororitas_MultiMelta_Junith	3.00	0	0	65536	62740
BulletImpact_Sororitas_SaintCelestine	0.15	4	8	65536	62747
BulletImpact_Sororitas_SaintCelestine	0.30	16	21	65536	62758
BulletImpact_Sororitas_SaintCelestine	0.50	16	21	65536	62758
BulletImpact_Sororitas_SaintCelestine	0.75	16	21	65536	62758
BulletImpact_Sororitas_SaintCelestine	1.00	16	19	65536	62756
BulletImpact_Sororitas_SaintCelestine	1.50	10	5	65536	62744
BulletImpact_Sororitas_SaintCelestine	2.00	0	0	65536	62740
BulletImpact_Sororitas_SaintCelestine	3.00	0	0	65536	62740
BulletImpact_Spore Launch	0.15	195	111	65536	62825
BulletImpact_Spore Launch	0.30	467	244	65536	62918
BulletImpact_Spore Launch	0.50	91	61	65536	62788
BulletImpact_Spore Launch	0.75	79	49	65536	62776
BulletImpact_Spore Launch	1.00	0	0	65536	62740
BulletImpact_Spore Launch	1.50	0	0	65536	62824
BulletImpact_Spore Launch	2.00	0	0	65536	62740
BulletImpact_Spore Launch	3.00	0	0	65536	62740
BulletImpact_Spore Launch 1	0.15	245	139	65536	62846
BulletImpact_Spore Launch 1	0.30	498	266	65536	62938
BulletImpact_Spore Launch 1	0.50	94	68	65536	62792
BulletImpact_Spore Launch 1	0.75	86	50	65536	62777
BulletImpact_Spore Launch 1	1.00	0	0	65536	62740
BulletImpact_Spore Launch 1	1.50	0	0	65536	62824
BulletImpact_Spore Launch 1	2.00	0	0	65536	62740
BulletImpact_Spore Launch 1	3.00	0	0	65536	62740
BulletImpact_stormbolter_4shots	0.15	64	62	65536	62789
BulletImpact_stormbolter_4shots	0.30	52	55	65536	62784
BulletImpact_stormbolter_4shots	0.50	31	21	65536	62758
BulletImpact_stormbolter_4shots	0.75	30	17	65536	62754
BulletImpact_stormbolter_4shots	1.00	15	7	65536	62746
BulletImpact_stormbolter_4shots	1.50	0	0	65536	62740
BulletImpact_stormbolter_4shots	2.00	0	0	65536	62740
BulletImpact_stormbolter_4shots	3.00	0	0	65536	62740
BulletImpact_stormbolter_4shots_Logan_AA	0.15	34	36	65536	62768
BulletImpact_stormbolter_4shots_Logan_AA	0.30	39	34	65536	62767
BulletImpact_stormbolter_4shots_Logan_AA	0.50	28	15	65536	62752
BulletImpact_stormbolter_4shots_Logan_AA	0.75	21	12	65536	62750
BulletImpact_stormbolter_4shots_Logan_AA	1.00	14	8	65536	62747
BulletImpact_stormbolter_4shots_Logan_AA	1.50	2	2	65536	62742
BulletImpact_stormbolter_4shots_Logan_AA	2.00	0	0	65536	62740
BulletImpact_stormbolter_4shots_Logan_AA	3.00	0	0	65536	62740
BulletImpact_stormbolter_6shots	0.15	60	59	65536	62786
BulletImpact_stormbolter_6shots	0.30	53	52	65536	62782
BulletImpact_stormbolter_6shots	0.50	28	20	65536	62758
BulletImpact_stormbolter_6shots	0.75	33	21	65536	62758
BulletImpact_stormbolter_6shots	1.00	28	14	65536	62751
BulletImpact_stormbolter_6shots	1.50	7	3	65536	62743
BulletImpact_stormbolter_6shots	2.00	0	0	65536	62740
BulletImpact_stormbolter_6shots	3.00	0	0	65536	62740
BulletImpact_tank_baneblade	0.15	72	88	65536	62815
BulletImpact_tank_baneblade	0.30	196	204	65536	62919
BulletImpact_tank_baneblade	0.50	4	2	65536	62742
BulletImpact_tank_baneblade	0.75	4	2	65536	62741
BulletImpact_tank_baneblade	1.00	0	0	65536	62741
BulletImpact_tank_baneblade	1.50	0	0	65536	62740
BulletImpact_tank_baneblade	2.00	0	0	65536	62740
BulletImpact_tank_baneblade	3.00	0	0	65536	62740
BulletImpact_tank_big	0.15	72	85	65536	62813
BulletImpact_tank_big	0.30	196	202	65536	62917
BulletImpact_tank_big	0.50	8	3	65536	62742
BulletImpact_tank_big	0.75	1	0	65536	62741
BulletImpact_tank_big	1.00	0	0	65536	62740
BulletImpact_tank_big	1.50	0	0	65536	62740
BulletImpact_tank_big	2.00	0	0	65536	62740
BulletImpact_tank_big	3.00	0	0	65536	62740
BulletImpact_tank_huge	0.15	72	88	65536	62815
BulletImpact_tank_huge	0.30	196	204	65536	62919
BulletImpact_tank_huge	0.50	7	3	65536	62742
BulletImpact_tank_huge	0.75	4	2	65536	62742
BulletImpact_tank_huge	1.00	1	0	65536	62741
BulletImpact_tank_huge	1.50	0	0	65536	62740
BulletImpact_tank_huge	2.00	0	0	65536	62740
BulletImpact_tank_huge	3.00	0	0	65536	62740
BulletImpact_tank_small	0.15	32	13	65536	62749
BulletImpact_tank_small	0.30	29	10	65536	62748
BulletImpact_tank_small	0.50	5	2	65536	62742
BulletImpact_tank_small	0.75	5	2	65536	62742
BulletImpact_tank_small	1.00	0	0	65536	62740
BulletImpact_tank_small	1.50	0	0	65536	62740
BulletImpact_tank_small	2.00	0	0	65536	62740
BulletImpact_tank_small	3.00	0	0	65536	62740
BulletImpact_Tau_Burst Cannon	0.15	34	23	65536	62755
BulletImpact_Tau_Burst Cannon	0.30	32	34	65536	62766
BulletImpact_Tau_Burst Cannon	0.50	33	31	65536	62763
BulletImpact_Tau_Burst Cannon	0.75	31	25	65536	62758
BulletImpact_Tau_Burst Cannon	1.00	37	33	65536	62764
BulletImpact_Tau_Burst Cannon	1.50	3	2	65536	62741
BulletImpact_Tau_Burst Cannon	2.00	0	0	65536	62740
BulletImpact_Tau_Burst Cannon	3.00	0	0	65536	62740
BulletImpact_Tau_Burst Cannon_short	0.15	29	19	65536	62753
BulletImpact_Tau_Burst Cannon_short	0.30	33	29	65536	62762
BulletImpact_Tau_Burst Cannon_short	0.50	32	29	65536	62761
BulletImpact_Tau_Burst Cannon_short	0.75	39	29	65536	62759
BulletImpact_Tau_Burst Cannon_short	1.00	0	0	65536	62740
BulletImpact_Tau_Burst Cannon_short	1.50	0	0	65536	62740
BulletImpact_Tau_Burst Cannon_short	2.00	0	0	65536	62740
BulletImpact_Tau_Burst Cannon_short	3.00	0	0	65536	62740
BulletImpact_Tau_FusionBlaster	0.15	23	16	65536	62751
BulletImpact_Tau_FusionBlaster	0.30	24	17	65536	62752
BulletImpact_Tau_FusionBlaster	0.50	24	17	65536	62752
BulletImpact_Tau_FusionBlaster	0.75	18	10	65536	62747
BulletImpact_Tau_FusionBlaster	1.00	3	1	65536	62741
BulletImpact_Tau_FusionBlaster	1.50	0	0	65536	62740
BulletImpact_Tau_FusionBlaster	2.00	0	0	65536	62740
BulletImpact_Tau_FusionBlaster	3.00	0	0	65536	62740
BulletImpact_Tau_FusionBlaster Dual	0.15	4	3	65536	62743
BulletImpact_Tau_FusionBlaster Dual	0.30	4	3	65536	62743
BulletImpact_Tau_FusionBlaster Dual	0.50	4	3	65536	62743
BulletImpact_Tau_FusionBlaster Dual	0.75	4	2	65536	62741
BulletImpact_Tau_FusionBlaster Dual	1.00	0	0	65536	62740
BulletImpact_Tau_FusionBlaster Dual	1.50	0	0	65536	62740
BulletImpact_Tau_FusionBlaster Dual	2.00	0	0	65536	62740
BulletImpact_Tau_FusionBlaster Dual	3.00	0	0	65536	62740
BulletImpact_Tau_GravPulse	0.15	67	62	65536	62789
BulletImpact_Tau_GravPulse	0.30	67	40	65536	62768
BulletImpact_Tau_GravPulse	0.50	0	0	65536	62740
BulletImpact_Tau_GravPulse	0.75	0	0	65536	62740
BulletImpact_Tau_GravPulse	1.00	0	0	65536	62740
BulletImpact_Tau_GravPulse	1.50	0	0	65536	62740
BulletImpact_Tau_GravPulse	2.00	0	0	65536	62740
BulletImpact_Tau_GravPulse	3.00	0	0	65536	62740
BulletImpact_Tau_IonAccelerator	0.15	4	4	65536	62744
BulletImpact_Tau_IonAccelerator	0.30	4	4	65536	62744
BulletImpact_Tau_IonAccelerator	0.50	5	7	65536	62745
BulletImpact_Tau_IonAccelerator	0.75	14	13	65536	62750
BulletImpact_Tau_IonAccelerator	1.00	23	24	65536	62758
BulletImpact_Tau_IonAccelerator	1.50	21	17	65536	62751
BulletImpact_Tau_IonAccelerator	2.00	0	0	65536	62740
BulletImpact_Tau_IonAccelerator	3.00	0	0	65536	62740
BulletImpact_Tau_Missile 10x	0.15	237	172	65536	62874
BulletImpact_Tau_Missile 10x	0.30	295	278	65536	62963
BulletImpact_Tau_Missile 10x	0.50	298	334	65536	63009
BulletImpact_Tau_Missile 10x	0.75	385	432	65536	63083
BulletImpact_Tau_Missile 10x	1.00	342	370	65536	63035
BulletImpact_Tau_Missile 10x	1.50	176	206	65536	62906
BulletImpact_Tau_Missile 10x	2.00	0	0	65536	62740
BulletImpact_Tau_Missile 10x	3.00	0	0	65536	62740
BulletImpact_Tau_Missile 3x	0.15	79	75	65536	62799
BulletImpact_Tau_Missile 3x	0.30	168	160	65536	62868
BulletImpact_Tau_Missile 3x	0.50	184	191	65536	62891
BulletImpact_Tau_Missile 3x	0.75	152	165	65536	62872
BulletImpact_Tau_Missile 3x	1.00	106	104	65536	62823
BulletImpact_Tau_Missile 3x	1.50	0	0	65536	62740
BulletImpact_Tau_Missile 3x	2.00	0	0	65536	62740
BulletImpact_Tau_Missile 3x	3.00	0	0	65536	62740
BulletImpact_Tau_Plasma Cannon	0.15	97	102	65536	62818
BulletImpact_Tau_Plasma Cannon	0.30	202	213	65536	62903
BulletImpact_Tau_Plasma Cannon	0.50	352	357	65536	63009
BulletImpact_Tau_Plasma Cannon	0.75	271	301	65536	62972
BulletImpact_Tau_Plasma Cannon	1.00	176	209	65536	62897
BulletImpact_Tau_Plasma Cannon	1.50	0	0	65536	62740
BulletImpact_Tau_Plasma Cannon	2.00	0	0	65536	62740
BulletImpact_Tau_Plasma Cannon	3.00	0	0	65536	62740
BulletImpact_Tau_Pulse Blaster	0.15	0	0	65536	62740
BulletImpact_Tau_Pulse Blaster	0.30	28	24	65536	62757
BulletImpact_Tau_Pulse Blaster	0.50	13	11	65536	62748
BulletImpact_Tau_Pulse Blaster	0.75	0	0	65536	62740
BulletImpact_Tau_Pulse Blaster	1.00	0	0	65536	62740
BulletImpact_Tau_Pulse Blaster	1.50	0	0	65536	62740
BulletImpact_Tau_Pulse Blaster	2.00	0	0	65536	62740
BulletImpact_Tau_Pulse Blaster	3.00	0	0	65536	62740
BulletImpact_Tau_Pulse Bomb	0.15	4551	4643	65536	66222
BulletImpact_Tau_Pulse Bomb	0.30	4564	4632	65536	66214
BulletImpact_Tau_Pulse Bomb	0.50	4557	4631	65536	66215
BulletImpact_Tau_Pulse Bomb	0.75	4562	4625	65536	66211
BulletImpact_Tau_Pulse Bomb	1.00	0	0	65536	62740
BulletImpact_Tau_Pulse Bomb	1.50	0	0	65536	62740
BulletImpact_Tau_Pulse Bomb	2.00	0	0	65536	62740
BulletImpact_Tau_Pulse Bomb	3.00	0	0	65536	62740
BulletImpact_Tau_Pulse Carbine	0.15	7	7	65536	62745
BulletImpact_Tau_Pulse Carbine	0.30	20	17	65536	62753
BulletImpact_Tau_Pulse Carbine	0.50	8	8	65536	62747
BulletImpact_Tau_Pulse Carbine	0.75	2	2	65536	62742
BulletImpact_Tau_Pulse Carbine	1.00	0	0	65536	62740
BulletImpact_Tau_Pulse Carbine	1.50	0	0	65536	62740
BulletImpact_Tau_Pulse Carbine	2.00	0	0	65536	62740
BulletImpact_Tau_Pulse Carbine	3.00	0	0	65536	62740
BulletImpact_Tau_Pulse Carbine Dual	0.15	32	31	65536	62763
BulletImpact_Tau_Pulse Carbine Dual	0.30	33	34	65536	62766
BulletImpact_Tau_Pulse Carbine Dual	0.50	31	25	65536	62758
BulletImpact_Tau_Pulse Carbine Dual	0.75	6	4	65536	62743
BulletImpact_Tau_Pulse Carbine Dual	1.00	0	0	65536	62740
BulletImpact_Tau_Pulse Carbine Dual	1.50	0	0	65536	62740
BulletImpact_Tau_Pulse Carbine Dual	2.00	0	0	65536	62740
BulletImpact_Tau_Pulse Carbine Dual	3.00	0	0	65536	62740
BulletImpact_Tau_Pulse Carbine Dual OLD	0.15	42	23	65536	62754
BulletImpact_Tau_Pulse Carbine Dual OLD	0.30	46	37	65536	62768
BulletImpact_Tau_Pulse Carbine Dual OLD	0.50	4	1	65536	62741
BulletImpact_Tau_Pulse Carbine Dual OLD	0.75	0	0	65536	62740
BulletImpact_Tau_Pulse Carbine Dual OLD	1.00	0	0	65536	62740
BulletImpact_Tau_Pulse Carbine Dual OLD	1.50	0	0	65536	62740
BulletImpact_Tau_Pulse Carbine Dual OLD	2.00	0	0	65536	62740
BulletImpact_Tau_Pulse Carbine Dual OLD	3.00	0	0	65536	62740
BulletImpact_Tau_Pulse Carbine OLD	0.15	40	23	65536	62755
BulletImpact_Tau_Pulse Carbine OLD	0.30	49	44	65536	62773
BulletImpact_Tau_Pulse Carbine OLD	0.50	2	1	65536	62741
BulletImpact_Tau_Pulse Carbine OLD	0.75	1	0	65536	62740
BulletImpact_Tau_Pulse Carbine OLD	1.00	0	0	65536	62740
BulletImpact_Tau_Pulse Carbine OLD	1.50	0	0	65536	62740
BulletImpact_Tau_Pulse Carbine OLD	2.00	0	0	65536	62740
BulletImpact_Tau_Pulse Carbine OLD	3.00	0	0	65536	62740
BulletImpact_Tau_Pulse Drone Dual	0.15	29	26	65536	62759
BulletImpact_Tau_Pulse Drone Dual	0.30	10	9	65536	62747
BulletImpact_Tau_Pulse Drone Dual	0.50	0	0	65536	62740
BulletImpact_Tau_Pulse Drone Dual	0.75	0	0	65536	62740
BulletImpact_Tau_Pulse Drone Dual	1.00	0	0	65536	62740
BulletImpact_Tau_Pulse Drone Dual	1.50	0	0	65536	62740
BulletImpact_Tau_Pulse Drone Dual	2.00	0	0	65536	62740
BulletImpact_Tau_Pulse Drone Dual	3.00	0	0	65536	62740
BulletImpact_Tau_Pulse Pistol	0.15	4	3	65536	62742
BulletImpact_Tau_Pulse Pistol	0.30	1	1	65536	62741
BulletImpact_Tau_Pulse Pistol	0.50	0	0	65536	62740
BulletImpact_Tau_Pulse Pistol	0.75	2	2	65536	62742
BulletImpact_Tau_Pulse Pistol	1.00	0	0	65536	62740
BulletImpact_Tau_Pulse Pistol	1.50	0	0	65536	62740
BulletImpact_Tau_Pulse Pistol	2.00	0	0	65536	62740
BulletImpact_Tau_Pulse Pistol	3.00	0	0	65536	62740
BulletImpact_Tau_Pulse Rifle	0.15	5	4	65536	62744
BulletImpact_Tau_Pulse Rifle	0.30	4	3	65536	62743
BulletImpact_Tau_Pulse Rifle	0.50	12	12	65536	62749
BulletImpact_Tau_Pulse Rifle	0.75	2	2	65536	62742
BulletImpact_Tau_Pulse Rifle	1.00	0	0	65536	62740
BulletImpact_Tau_Pulse Rifle	1.50	0	0	65536	62740
BulletImpact_Tau_Pulse Rifle	2.00	0	0	65536	62740
BulletImpact_Tau_Pulse Rifle	3.00	0	0	65536	62740
BulletImpact_Tau_Pulse Rifle Dual	0.15	5	4	65536	62743
BulletImpact_Tau_Pulse Rifle Dual	0.30	10	8	65536	62746
BulletImpact_Tau_Pulse Rifle Dual	0.50	30	30	65536	62763
BulletImpact_Tau_Pulse Rifle Dual	0.75	10	8	65536	62746
BulletImpact_Tau_Pulse Rifle Dual	1.00	0	0	65536	62740
BulletImpact_Tau_Pulse Rifle Dual	1.50	0	0	65536	62740
BulletImpact_Tau_Pulse Rifle Dual	2.00	0	0	65536	62740
BulletImpact_Tau_Pulse Rifle Dual	3.00	0	0	65536	62740
BulletImpact_Tau_PulseARCcannon	0.15	8	6	65536	62745
BulletImpact_Tau_PulseARCcannon	0.30	12	9	65536	62747
BulletImpact_Tau_PulseARCcannon	0.50	17	14	65536	62750
BulletImpact_Tau_PulseARCcannon	0.75	28	26	65536	62758
BulletImpact_Tau_PulseARCcannon	1.00	30	33	65536	62766
BulletImpact_Tau_PulseARCcannon	1.50	35	20	65536	62756
BulletImpact_Tau_PulseARCcannon	2.00	2	1	65536	62741
BulletImpact_Tau_PulseARCcannon	3.00	0	0	65536	62740
BulletImpact_Tau_Rail Rifle	0.15	16	12	65536	62748
BulletImpact_Tau_Rail Rifle	0.30	27	22	65536	62756
BulletImpact_Tau_Rail Rifle	0.50	32	31	65536	62762
BulletImpact_Tau_Rail Rifle	0.75	2	1	65536	62741
BulletImpact_Tau_Rail Rifle	1.00	0	0	65536	62740
BulletImpact_Tau_Rail Rifle	1.50	0	0	65536	62740
BulletImpact_Tau_Rail Rifle	2.00	0	0	65536	62740
BulletImpact_Tau_Rail Rifle	3.00	0	0	65536	62740
BulletImpact_Tau_Sniper Pulse Rifle	0.15	272	308	65536	63009
BulletImpact_Tau_Sniper Pulse Rifle	0.30	782	710	65536	63365
BulletImpact_Tau_Sniper Pulse Rifle	0.50	0	0	65536	62740
BulletImpact_Tau_Sniper Pulse Rifle	0.75	0	0	65536	62740
BulletImpact_Tau_Sniper Pulse Rifle	1.00	0	0	65536	62740
BulletImpact_Tau_Sniper Pulse Rifle	1.50	0	0	65536	62740
BulletImpact_Tau_Sniper Pulse Rifle	2.00	0	0	65536	62740
BulletImpact_Tau_Sniper Pulse Rifle	3.00	0	0	65536	62740
BulletImpact_Thunderfire	0.15	292	186	65536	62884
BulletImpact_Thunderfire	0.30	252	215	65536	62913
BulletImpact_Thunderfire	0.50	231	122	65536	62832
BulletImpact_Thunderfire	0.75	87	52	65536	62783
BulletImpact_Thunderfire	1.00	47	20	65536	62754
BulletImpact_Thunderfire	1.50	0	0	65536	62740
BulletImpact_Thunderfire	2.00	0	0	65536	62740
BulletImpact_Thunderfire	3.00	0	0	65536	62740
BulletImpact_Tyranid_Barblauncher	0.15	156	99	65536	62815
BulletImpact_Tyranid_Barblauncher	0.30	94	83	65536	62804
BulletImpact_Tyranid_Barblauncher	0.50	173	150	65536	62857
BulletImpact_Tyranid_Barblauncher	0.75	36	26	65536	62760
BulletImpact_Tyranid_Barblauncher	1.00	12	10	65536	62748
BulletImpact_Tyranid_Barblauncher	1.50	0	0	65536	62740
BulletImpact_Tyranid_Barblauncher	2.00	0	0	65536	62740
BulletImpact_Tyranid_Barblauncher	3.00	0	0	65536	62740
BulletImpact_Tyranid_Big	0.15	155	90	65536	62810
BulletImpact_Tyranid_Big	0.30	105	90	65536	62811
BulletImpact_Tyranid_Big	0.50	82	70	65536	62795
BulletImpact_Tyranid_Big	0.75	91	67	65536	62792
BulletImpact_Tyranid_Big	1.00	6	4	65536	62743
BulletImpact_Tyranid_Big	1.50	0	0	65536	62740
BulletImpact_Tyranid_Big	2.00	0	0	65536	62740
BulletImpact_Tyranid_Big	3.00	0	0	65536	62740
BulletImpact_Tyranid_Cannon	0.15	0	0	65536	62740
BulletImpact_Tyranid_Cannon	0.30	0	0	65536	62740
BulletImpact_Tyranid_Cannon	0.50	0	0	65536	62740
BulletImpact_Tyranid_Cannon	0.75	163	173	65536	62876
BulletImpact_Tyranid_Cannon	1.00	21	15	65536	62750
BulletImpact_Tyranid_Cannon	1.50	0	0	65536	62740
BulletImpact_Tyranid_Cannon	2.00	0	0	65536	62740
BulletImpact_Tyranid_Cannon	3.00	0	0	65536	62740
BulletImpact_Tyranid_Small	0.15	146	84	65536	62805
BulletImpact_Tyranid_Small	0.30	121	103	65536	62821
BulletImpact_Tyranid_Small	0.50	13	6	65536	62744
BulletImpact_Tyranid_Small	0.75	5	2	65536	62742
BulletImpact_Tyranid_Small	1.00	0	0	65536	62740
BulletImpact_Tyranid_Small	1.50	0	0	65536	62740
BulletImpact_Tyranid_Small	2.00	0	0	65536	62740
BulletImpact_Tyranid_Small	3.00	0	0	65536	62740
BulletImpact_Tyranid_Small_Dual	0.15	188	118	65536	62833
BulletImpact_Tyranid_Small_Dual	0.30	206	185	65536	62887
BulletImpact_Tyranid_Small_Dual	0.50	18	11	65536	62748
BulletImpact_Tyranid_Small_Dual	0.75	7	3	65536	62742
BulletImpact_Tyranid_Small_Dual	1.00	3	1	65536	62741
BulletImpact_Tyranid_Small_Dual	1.50	0	0	65536	62740
BulletImpact_Tyranid_Small_Dual	2.00	0	0	65536	62740
BulletImpact_Tyranid_Small_Dual	3.00	0	0	65536	62740
BulletImpact_Tyranid_Stranglethorn	0.15	1	0	65536	62740
BulletImpact_Tyranid_Stranglethorn	0.30	35	31	65536	62765
BulletImpact_Tyranid_Stranglethorn	0.50	1	0	65536	62741
BulletImpact_Tyranid_Stranglethorn	0.75	2	1	65536	62741
BulletImpact_Tyranid_Stranglethorn	1.00	1	1	65536	62741
BulletImpact_Tyranid_Stranglethorn	1.50	0	0	65536	62740
BulletImpact_Tyranid_Stranglethorn	2.00	0	0	65536	62740
BulletImpact_Tyranid_Stranglethorn	3.00	0	0	65536	62740
BulletImpact_Tyranid_Stranglethorn_Dual	0.15	3	2	65536	62741
BulletImpact_Tyranid_Stranglethorn_Dual	0.30	89	75	65536	62799
BulletImpact_Tyranid_Stranglethorn_Dual	0.50	107	77	65536	62800
BulletImpact_Tyranid_Stranglethorn_Dual	0.75	6	3	65536	62742
BulletImpact_Tyranid_Stranglethorn_Dual	1.00	2	1	65536	62741
BulletImpact_Tyranid_Stranglethorn_Dual	1.50	0	0	65536	62740
BulletImpact_Tyranid_Stranglethorn_Dual	2.00	0	0	65536	62740
BulletImpact_Tyranid_Stranglethorn_Dual	3.00	0	0	65536	62740
BulletImpact_ValkyrieMissile	0.15	99	60	65536	62787
BulletImpact_ValkyrieMissile	0.30	84	60	65536	62790
BulletImpact_ValkyrieMissile	0.50	87	47	65536	62777
BulletImpact_ValkyrieMissile	0.75	52	29	65536	62763
BulletImpact_ValkyrieMissile	1.00	42	25	65536	62761
BulletImpact_ValkyrieMissile	1.50	0	0	65536	62740
BulletImpact_ValkyrieMissile	2.00	0	0	65536	62740
BulletImpact_ValkyrieMissile	3.00	0	0	65536	62740
BulletImpact_Webber	0.15	41	25	65536	62760
BulletImpact_Webber	0.30	73	47	65536	62780
BulletImpact_Webber	0.50	89	46	65536	62778
BulletImpact_Webber	0.75	0	0	65536	62740
BulletImpact_Webber	1.00	0	0	65536	62740
BulletImpact_Webber	1.50	0	0	65536	62740
BulletImpact_Webber	2.00	0	0	65536	62740
BulletImpact_Webber	3.00	0	0	65536	62740
BulletImpactBurst_Blood	0.15	31	10	65536	62743
BulletImpactBurst_Blood	0.30	46	14	65536	62748
BulletImpactBurst_Blood	0.50	0	0	65536	62740
BulletImpactBurst_Blood	0.75	0	0	65536	62740
BulletImpactBurst_Blood	1.00	0	0	65536	62740
BulletImpactBurst_Blood	1.50	0	0	65536	62740
BulletImpactBurst_Blood	2.00	0	0	65536	62740
BulletImpactBurst_Blood	3.00	0	0	65536	62740
BulletImpactBurst_crowd	0.15	714	905	65536	63461
BulletImpactBurst_crowd	0.30	113	112	65536	62829
BulletImpactBurst_crowd	0.50	105	118	65536	62836
BulletImpactBurst_crowd	0.75	101	114	65536	62833
BulletImpactBurst_crowd	1.00	101	114	65536	62833
BulletImpactBurst_crowd	1.50	65	66	65536	62794
BulletImpactBurst_crowd	2.00	0	0	65536	62740
BulletImpactBurst_crowd	3.00	0	0	65536	62740
BulletTrail	0.15	0	0	65536	62740
BulletTrail	0.30	3	5	65536	62744
BulletTrail	0.50	11	17	65536	62753
BulletTrail	0.75	17	25	65536	62759
BulletTrail	1.00	19	29	65536	62762
BulletTrail	1.50	5	8	65536	62746
BulletTrail	2.00	0	0	65536	62740
BulletTrail	3.00	0	0	65536	62740
BulletTrail_Single	0.15	0	0	65536	62740
BulletTrail_Single	0.30	17	16	65536	62752
BulletTrail_Single	0.50	77	57	65536	62782
BulletTrail_Single	0.75	70	49	65536	62776
BulletTrail_Single	1.00	5	4	65536	62743
BulletTrail_Single	1.50	0	0	65536	62740
BulletTrail_Single	2.00	0	0	65536	62740
BulletTrail_Single	3.00	0	0	65536	62740
BulletTrail_Stormraven	0.15	0	0	65536	62740
BulletTrail_Stormraven	0.30	0	0	65536	62740
BulletTrail_Stormraven	0.50	0	0	65536	62740
BulletTrail_Stormraven	0.75	0	0	65536	62740
BulletTrail_Stormraven	1.00	0	0	65536	62740
BulletTrail_Stormraven	1.50	0	0	65536	62740
BulletTrail_Stormraven	2.00	0	0	65536	62740
BulletTrail_Stormraven	3.00	0	0	65536	62740
BulletTrail_Stormraven_Single	0.15	0	0	65536	62740
BulletTrail_Stormraven_Single	0.30	0	0	65536	62740
BulletTrail_Stormraven_Single	0.50	0	0	65536	62740
BulletTrail_Stormraven_Single	0.75	0	0	65536	62740
BulletTrail_Stormraven_Single	1.00	0	0	65536	62740
BulletTrail_Stormraven_Single	1.50	0	0	65536	62740
BulletTrail_Stormraven_Single	2.00	0	0	65536	62740
BulletTrail_Stormraven_Single	3.00	0	0	65536	62740
CamouflageEffect	0.15	1808	1380	65534	63729
CamouflageEffect	0.30	1837	1535	65534	63873
CamouflageEffect	0.50	1413	1254	65534	63623
CamouflageEffect	0.75	1544	1389	65534	63825
CamouflageEffect	1.00	1673	1777	65534	64155
CamouflageEffect	1.50	1852	2359	65534	64570
CamouflageEffect	2.00	3012	3016	65534	65180
CamouflageEffect	3.00	2326	2129	65534	64406
CamouflageEffect New	0.15	161	75	65536	62796
CamouflageEffect New	0.30	167	105	65536	62821
CamouflageEffect New	0.50	190	155	65536	62855
CamouflageEffect New	0.75	193	254	65536	62929
CamouflageEffect New	1.00	203	322	65536	62979
CamouflageEffect New	1.50	290	447	65536	63071
CamouflageEffect New	2.00	391	547	65536	63154
CamouflageEffect New	3.00	358	456	65536	63073
CantAttackEffect	0.15	1184	775	65536	63262
CantAttackEffect	0.30	1224	867	65536	63321
CantAttackEffect	0.50	1522	1269	65536	63649
CantAttackEffect	0.75	1508	1274	65536	63675
CantAttackEffect	1.00	1477	1224	65536	63652
CantAttackEffect	1.50	602	411	65536	63049
CantAttackEffect	2.00	0	0	65536	62740
CantAttackEffect	3.00	0	0	65536	62740
Card_Buff_Hand	0.15	552	393	65536	63020
Card_Buff_Hand	0.30	777	916	65536	63457
Card_Buff_Hand	0.50	832	1056	65536	63538
Card_Buff_Hand	0.75	842	899	65536	63407
Card_Buff_Hand	1.00	568	407	65536	63039
Card_Buff_Hand	1.50	157	72	65536	62789
Card_Buff_Hand	2.00	0	0	65536	62740
Card_Buff_Hand	3.00	0	0	65536	62740
Card_Buff_Hand_Ork	0.15	672	586	65536	63210
Card_Buff_Hand_Ork	0.30	668	530	65536	63142
Card_Buff_Hand_Ork	0.50	703	902	65536	63404
Card_Buff_Hand_Ork	0.75	1182	681	65533	62951
Card_Buff_Hand_Ork	1.00	893	149	65508	62454
Card_Buff_Hand_Ork	1.50	109	29	65536	62701
Card_Buff_Hand_Ork	2.00	0	0	65536	62741
Card_Buff_Hand_Ork	3.00	0	0	65536	62740
Card_Buff_Hand_SW	0.15	591	599	65536	63213
Card_Buff_Hand_SW	0.30	650	707	65536	63279
Card_Buff_Hand_SW	0.50	724	876	65536	63408
Card_Buff_Hand_SW	0.75	747	906	65536	63431
Card_Buff_Hand_SW	1.00	572	636	65536	63263
Card_Buff_Hand_SW	1.50	332	179	65536	62881
Card_Buff_Hand_SW	2.00	0	0	65536	62740
Card_Buff_Hand_SW	3.00	0	0	65536	62740
Card_Buff_Sabotage_trigger	0.15	575	369	65536	63019
Card_Buff_Sabotage_trigger	0.30	654	599	65536	63201
Card_Buff_Sabotage_trigger	0.50	683	801	65536	63351
Card_Buff_Sabotage_trigger	0.75	857	958	65536	63468
Card_Buff_Sabotage_trigger	1.00	504	332	65536	62984
Card_Buff_Sabotage_trigger	1.50	0	0	65536	62740
Card_Buff_Sabotage_trigger	2.00	0	0	65536	62740
Card_Buff_Sabotage_trigger	3.00	0	0	65536	62740
Card_Buff_Tyranid	0.15	1411	1052	65536	63563
Card_Buff_Tyranid	0.30	1814	1321	65536	63767
Card_Buff_Tyranid	0.50	2180	1482	65536	63872
Card_Buff_Tyranid	0.75	2348	1422	65536	63798
Card_Buff_Tyranid	1.00	1873	938	65536	63420
Card_Buff_Tyranid	1.50	0	0	65536	62740
Card_Buff_Tyranid	2.00	0	0	65536	62740
Card_Buff_Tyranid	3.00	0	0	65536	62740
CardDisappear	0.15	0	0	65536	62740
CardDisappear	0.30	0	0	65536	62740
CardDisappear	0.50	0	0	65536	62740
CardDisappear	0.75	0	0	65536	62740
CardDisappear	1.00	0	0	65536	62740
CardDisappear	1.50	0	0	65536	62740
CardDisappear	2.00	0	0	65536	62740
CardDisappear	3.00	0	0	65536	62740
CardPrefab	0.15	12560	30263	65515	82164
CardPrefab	0.30	12561	30263	65515	82164
CardPrefab	0.50	12561	30262	65515	82163
CardPrefab	0.75	12562	30262	65515	82163
CardPrefab	1.00	12562	30261	65515	82162
CardPrefab	1.50	12561	30259	65515	82162
CardPrefab	2.00	12560	30258	65515	82161
CardPrefab	3.00	12560	30257	65515	82161
Chaos_Destroy_Brutal	0.15	848	1126	65536	63668
Chaos_Destroy_Brutal	0.30	1803	1908	65536	64378
Chaos_Destroy_Brutal	0.50	114	53	65536	62775
Chaos_Destroy_Brutal	0.75	0	0	65536	62740
Chaos_Destroy_Brutal	1.00	0	0	65536	62740
Chaos_Destroy_Brutal	1.50	0	0	65536	62740
Chaos_Destroy_Brutal	2.00	0	0	65536	62740
Chaos_Destroy_Brutal	3.00	0	0	65536	62740
Chronomancer_Buff	0.15	861	626	65536	63188
Chronomancer_Buff	0.30	1411	1622	65536	63853
Chronomancer_Buff	0.50	1518	1738	65536	63943
Chronomancer_Buff	0.75	2482	2947	65536	64999
Chronomancer_Buff	1.00	2355	2705	65536	64826
Chronomancer_Buff	1.50	671	541	65536	63111
Chronomancer_Buff	2.00	0	0	65536	62740
Chronomancer_Buff	3.00	0	0	65536	62740
CodexEffect	0.15	3199	1832	65536	64003
CodexEffect	0.30	3981	2932	65536	64818
CodexEffect	0.50	3981	2983	65536	64868
CodexEffect	0.75	3523	2319	65536	64391
CodexEffect	1.00	3856	2698	65536	64650
CodexEffect	1.50	125	121	65536	62836
CodexEffect	2.00	98	65	65536	62793
CodexEffect	3.00	0	0	65536	62740
CodexIdleEffect	0.15	3199	1832	65536	64003
CodexIdleEffect	0.30	3678	2449	65536	64472
CodexIdleEffect	0.50	3981	2970	65536	64852
CodexIdleEffect	0.75	3981	2995	65536	64872
CodexIdleEffect	1.00	3798	2606	65536	64588
CodexIdleEffect	1.50	124	120	65536	62836
CodexIdleEffect	2.00	100	66	65536	62793
CodexIdleEffect	3.00	121	137	65536	62848
ComboEffect	0.15	990	856	65536	63412
ComboEffect	0.30	2285	1909	65536	64239
ComboEffect	0.50	2660	2331	65536	64559
ComboEffect	0.75	2854	2674	65536	64792
ComboEffect	1.00	2953	2774	65536	64851
ComboEffect	1.50	2620	2136	65536	64418
ComboEffect	2.00	1076	525	65536	63137
ComboEffect	3.00	0	0	65536	62740
CompanionEffect	0.15	873	960	65536	63471
CompanionEffect	0.30	1182	1303	65536	63752
CompanionEffect	0.50	1759	1858	65536	64218
CompanionEffect	0.75	2140	2041	65536	64396
CompanionEffect	1.00	1649	1374	65536	63888
CompanionEffect	1.50	0	0	65536	62740
CompanionEffect	2.00	0	0	65536	62740
CompanionEffect	3.00	0	0	65536	62740
ConcussiveEffect	0.15	470	366	65536	63051
ConcussiveEffect	0.30	4	4	65536	62743
ConcussiveEffect	0.50	1	1	65536	62741
ConcussiveEffect	0.75	5	2	65536	62741
ConcussiveEffect	1.00	0	0	65536	62740
ConcussiveEffect	1.50	0	0	65536	62740
ConcussiveEffect	2.00	0	0	65536	62740
ConcussiveEffect	3.00	0	0	65536	62740
CoordinatedEngagement	0.15	140	96	65536	62808
CoordinatedEngagement	0.30	144	119	65536	62827
CoordinatedEngagement	0.50	144	132	65536	62838
CoordinatedEngagement	0.75	144	123	65536	62831
CoordinatedEngagement	1.00	144	122	65536	62831
CoordinatedEngagement	1.50	146	108	65536	62820
CoordinatedEngagement	2.00	0	0	65536	62740
CoordinatedEngagement	3.00	0	0	65536	62740
Cosmic Serpent	0.15	423	423	65536	63076
Cosmic Serpent	0.30	899	666	65536	63232
Cosmic Serpent	0.50	285	212	65536	62908
Cosmic Serpent	0.75	316	237	65536	62926
Cosmic Serpent	1.00	351	267	65536	62947
Cosmic Serpent	1.50	322	244	65536	62928
Cosmic Serpent	2.00	271	242	65536	62930
Cosmic Serpent	3.00	241	235	65536	62927
Cosmic Serpent_Secondary	0.15	431	433	65536	63084
Cosmic Serpent_Secondary	0.30	920	687	65536	63246
Cosmic Serpent_Secondary	0.50	296	219	65536	62913
Cosmic Serpent_Secondary	0.75	317	234	65536	62924
Cosmic Serpent_Secondary	1.00	344	262	65536	62943
Cosmic Serpent_Secondary	1.50	332	257	65536	62937
Cosmic Serpent_Secondary	2.00	268	246	65536	62934
Cosmic Serpent_Secondary	3.00	237	234	65536	62927
CreateCard	0.15	37	64	65536	62787
CreateCard	0.30	47	73	65536	62796
CreateCard	0.50	44	58	65536	62785
CreateCard	0.75	46	51	65536	62778
CreateCard	1.00	48	45	65536	62773
CreateCard	1.50	94	193	65536	62872
CreateCard	2.00	60	173	65536	62858
CreateCard	3.00	0	0	65536	62740
CreateCard BlackLegion	0.15	37	56	65536	62782
CreateCard BlackLegion	0.30	41	53	65536	62782
CreateCard BlackLegion	0.50	48	50	65536	62778
CreateCard BlackLegion	0.75	48	40	65536	62769
CreateCard BlackLegion	1.00	46	32	65536	62763
CreateCard BlackLegion	1.50	79	180	65536	62864
CreateCard BlackLegion	2.00	58	170	65536	62856
CreateCard BlackLegion	3.00	0	0	65536	62740
CreateCard DA	0.15	2	1	65536	62740
CreateCard DA	0.30	12	6	65536	62744
CreateCard DA	0.50	20	9	65536	62746
CreateCard DA	0.75	39	20	65536	62754
CreateCard DA	1.00	53	28	65536	62762
CreateCard DA	1.50	85	118	65536	62831
CreateCard DA	2.00	74	126	65536	62836
CreateCard DA	3.00	26	14	65536	62751
CreateCard EC	0.15	274	252	65536	62939
CreateCard EC	0.30	341	328	65536	62993
CreateCard EC	0.50	332	546	65536	63123
CreateCard EC	0.75	162	438	65536	63039
CreateCard EC	1.00	478	607	65536	63164
CreateCard EC	1.50	215	114	65536	62826
CreateCard EC	2.00	143	67	65536	62788
CreateCard EC	3.00	1	1	65536	62741
CreateCard EC Elixir	0.15	244	157	65536	62854
CreateCard EC Elixir	0.30	393	276	65536	62940
CreateCard EC Elixir	0.50	319	232	65536	62914
CreateCard EC Elixir	0.75	198	360	65536	62992
CreateCard EC Elixir	1.00	512	557	65536	63131
CreateCard EC Elixir	1.50	168	96	65536	62813
CreateCard EC Elixir	2.00	35	15	65536	62751
CreateCard EC Elixir	3.00	0	0	65536	62740
CreateCard Gold	0.15	52	87	65536	62806
CreateCard Gold	0.30	63	97	65536	62817
CreateCard Gold	0.50	83	102	65536	62820
CreateCard Gold	0.75	81	94	65536	62814
CreateCard Gold	1.00	85	93	65536	62813
CreateCard Gold	1.50	138	255	65536	62921
CreateCard Gold	2.00	58	170	65536	62856
CreateCard Gold	3.00	0	0	65536	62740
CreateCard GSC	0.15	256	250	65536	62941
CreateCard GSC	0.30	633	498	65536	63126
CreateCard GSC	0.50	617	488	65536	63128
CreateCard GSC	0.75	15	11	65536	62749
CreateCard GSC	1.00	469	686	65536	63240
CreateCard GSC	1.50	13	10	65536	62748
CreateCard GSC	2.00	0	0	65536	62740
CreateCard GSC	3.00	0	0	65536	62740
CreateCard GSC 5x	0.15	79	85	65536	62809
CreateCard GSC 5x	0.30	297	321	65536	62995
CreateCard GSC 5x	0.50	421	451	65536	63095
CreateCard GSC 5x	0.75	446	476	65536	63112
CreateCard GSC 5x	1.00	540	770	65536	63313
CreateCard GSC 5x	1.50	377	1071	65536	63471
CreateCard GSC 5x	2.00	1204	2140	65536	64312
CreateCard GSC 5x	3.00	25	15	65536	62751
CreateCard Necron	0.15	198	195	65536	62902
CreateCard Necron	0.30	420	451	65536	63097
CreateCard Necron	0.50	484	354	65536	63012
CreateCard Necron	0.75	258	129	65536	62836
CreateCard Necron	1.00	376	630	65536	63191
CreateCard Necron	1.50	311	137	65536	62842
CreateCard Necron	2.00	200	91	65536	62808
CreateCard Necron	3.00	0	0	65536	62740
CreateCard Orks	0.15	191	120	65536	62828
CreateCard Orks	0.30	374	263	65536	62936
CreateCard Orks	0.50	361	194	65536	62878
CreateCard Orks	0.75	302	137	65536	62836
CreateCard Orks	1.00	523	540	65536	63122
CreateCard Orks	1.50	353	161	65536	62854
CreateCard Orks	2.00	381	187	65536	62878
CreateCard Orks	3.00	0	0	65536	62740
CreateCard Orks 1	0.15	187	117	65536	62826
CreateCard Orks 1	0.30	384	239	65536	62918
CreateCard Orks 1	0.50	533	276	65536	62943
CreateCard Orks 1	0.75	392	190	65536	62877
CreateCard Orks 1	1.00	543	477	65536	63088
CreateCard Orks 1	1.50	309	142	65536	62839
CreateCard Orks 1	2.00	377	169	65536	62861
CreateCard Orks 1	3.00	0	0	65536	62740
CreateCard Sabotage	0.15	0	0	65536	62739
CreateCard Sabotage	0.30	15	2	65536	62733
CreateCard Sabotage	0.50	23	4	65536	62730
CreateCard Sabotage	0.75	72	48	65536	62757
CreateCard Sabotage	1.00	72	173	65536	62857
CreateCard Sabotage	1.50	7	7	65536	62743
CreateCard Sabotage	2.00	1	1	65536	62741
CreateCard Sabotage	3.00	0	0	65536	62740
CreateCard_Tau	0.15	0	0	65536	62740
CreateCard_Tau	0.30	0	0	65536	62740
CreateCard_Tau	0.50	64	109	65536	62814
CreateCard_Tau	0.75	64	192	65536	62871
CreateCard_Tau	1.00	64	192	65536	62871
CreateCard_Tau	1.50	168	232	65536	62906
CreateCard_Tau	2.00	0	0	65536	62740
CreateCard_Tau	3.00	0	0	65536	62740
CrueltyEffect	0.15	30	22	65536	62755
CrueltyEffect	0.30	36	18	65536	62748
CrueltyEffect	0.50	42	18	65536	62743
CrueltyEffect	0.75	45	17	65536	62740
CrueltyEffect	1.00	29	11	65536	62744
CrueltyEffect	1.50	0	0	65536	62740
CrueltyEffect	2.00	0	0	65536	62740
CrueltyEffect	3.00	0	0	65536	62740
Cryptek_Stun	0.15	427	271	65536	62881
Cryptek_Stun	0.30	474	405	65536	62999
Cryptek_Stun	0.50	519	427	65536	63016
Cryptek_Stun	0.75	519	425	65536	63014
Cryptek_Stun	1.00	390	307	65536	62959
Cryptek_Stun	1.50	0	0	65536	62740
Cryptek_Stun	2.00	0	0	65536	62740
Cryptek_Stun	3.00	0	0	65536	62740
Cut Axe SW	0.15	110	144	65536	62853
Cut Axe SW	0.30	396	368	65536	63018
Cut Axe SW	0.50	0	0	65536	62740
Cut Axe SW	0.75	0	0	65536	62740
Cut Axe SW	1.00	0	0	65536	62740
Cut Axe SW	1.50	0	0	65536	62740
Cut Axe SW	2.00	0	0	65536	62740
Cut Axe SW	3.00	0	0	65536	62740
Cut EC	0.15	59	84	65536	62807
Cut EC	0.30	33	22	65536	62758
Cut EC	0.50	0	0	65536	62740
Cut EC	0.75	0	0	65536	62740
Cut EC	1.00	0	0	65536	62740
Cut EC	1.50	0	0	65536	62740
Cut EC	2.00	0	0	65536	62740
Cut EC	3.00	0	0	65536	62740
Cut EC 3x	0.15	70	78	65536	62803
Cut EC 3x	0.30	70	80	65536	62803
Cut EC 3x	0.50	100	123	65536	62838
Cut EC 3x	0.75	0	0	65536	62740
Cut EC 3x	1.00	0	0	65536	62740
Cut EC 3x	1.50	0	0	65536	62740
Cut EC 3x	2.00	0	0	65536	62740
Cut EC 3x	3.00	0	0	65536	62740
Cut EC Reverse	0.15	71	85	65536	62806
Cut EC Reverse	0.30	58	65	65536	62794
Cut EC Reverse	0.50	0	0	65536	62740
Cut EC Reverse	0.75	0	0	65536	62740
Cut EC Reverse	1.00	0	0	65536	62740
Cut EC Reverse	1.50	0	0	65536	62740
Cut EC Reverse	2.00	0	0	65536	62740
Cut EC Reverse	3.00	0	0	65536	62740
Cut EC sword 7x warlord	0.15	66	78	65536	62802
Cut EC sword 7x warlord	0.30	0	0	65536	62740
Cut EC sword 7x warlord	0.50	61	61	65536	62789
Cut EC sword 7x warlord	0.75	56	56	65536	62785
Cut EC sword 7x warlord	1.00	0	0	65536	62740
Cut EC sword 7x warlord	1.50	123	125	65536	62840
Cut EC sword 7x warlord	2.00	0	0	65536	62740
Cut EC sword 7x warlord	3.00	0	0	65536	62740
Cut Termie Lightning Claws	0.15	2122	2096	65536	64409
Cut Termie Lightning Claws	0.30	3481	4320	65536	66452
Cut Termie Lightning Claws	0.50	5329	4542	65536	66737
Cut Termie Lightning Claws	0.75	72	41	65536	62778
Cut Termie Lightning Claws	1.00	25	8	65536	62752
Cut Termie Lightning Claws	1.50	1	0	65536	62745
Cut Termie Lightning Claws	2.00	6	2	65536	62744
Cut Termie Lightning Claws	3.00	0	0	65536	62742
Cut Wulfen SW	0.15	202	273	65536	62956
Cut Wulfen SW	0.30	0	0	65536	62740
Cut Wulfen SW	0.50	0	0	65536	62740
Cut Wulfen SW	0.75	0	0	65536	62740
Cut Wulfen SW	1.00	0	0	65536	62740
Cut Wulfen SW	1.50	0	0	65536	62740
Cut Wulfen SW	2.00	0	0	65536	62740
Cut Wulfen SW	3.00	0	0	65536	62740
Cut Wulfen SW Double	0.15	192	305	65536	62980
Cut Wulfen SW Double	0.30	0	0	65536	62740
Cut Wulfen SW Double	0.50	187	255	65536	62945
Cut Wulfen SW Double	0.75	0	0	65536	62740
Cut Wulfen SW Double	1.00	0	0	65536	62740
Cut Wulfen SW Double	1.50	0	0	65536	62740
Cut Wulfen SW Double	2.00	0	0	65536	62740
Cut Wulfen SW Double	3.00	0	0	65536	62740
Cut Wulfen SW Reverse	0.15	200	272	65536	62956
Cut Wulfen SW Reverse	0.30	0	0	65536	62740
Cut Wulfen SW Reverse	0.50	0	0	65536	62740
Cut Wulfen SW Reverse	0.75	0	0	65536	62740
Cut Wulfen SW Reverse	1.00	0	0	65536	62740
Cut Wulfen SW Reverse	1.50	0	0	65536	62740
Cut Wulfen SW Reverse	2.00	0	0	65536	62740
Cut Wulfen SW Reverse	3.00	0	0	65536	62740
Cuts Brutal	0.15	208	203	65536	62902
Cuts Brutal	0.30	213	209	65536	62906
Cuts Brutal	0.50	278	271	65536	62950
Cuts Brutal	0.75	386	363	65536	63016
Cuts Brutal	1.00	223	215	65536	62904
Cuts Brutal	1.50	4	1	65536	62743
Cuts Brutal	2.00	0	0	65536	62741
Cuts Brutal	3.00	0	0	65536	62740
Cuts Brutal_Warp Spider	0.15	32	31	65536	62767
Cuts Brutal_Warp Spider	0.30	200	207	65536	62909
Cuts Brutal_Warp Spider	0.50	233	241	65536	62936
Cuts Brutal_Warp Spider	0.75	274	275	65536	62961
Cuts Brutal_Warp Spider	1.00	370	341	65536	63011
Cuts Brutal_Warp Spider	1.50	186	155	65536	62864
Cuts Brutal_Warp Spider	2.00	182	158	65536	62866
Cuts Brutal_Warp Spider	3.00	0	0	65536	62740
DaIrongobEffect	0.15	1555	1145	65536	63694
DaIrongobEffect	0.30	1746	1575	65536	64040
DaIrongobEffect	0.50	2034	2000	65536	64384
DaIrongobEffect	0.75	2192	1980	65536	64382
DaIrongobEffect	1.00	2131	2000	65536	64393
DaIrongobEffect	1.50	1910	1271	65536	63794
DaIrongobEffect	2.00	0	0	65536	62740
DaIrongobEffect	3.00	0	0	65536	62740
Death Cult Strike	0.15	214	214	65536	62906
Death Cult Strike	0.30	97	92	65536	62811
Death Cult Strike	0.50	0	0	65536	62740
Death Cult Strike	0.75	0	0	65536	62740
Death Cult Strike	1.00	0	0	65536	62740
Death Cult Strike	1.50	0	0	65536	62740
Death Cult Strike	2.00	0	0	65536	62740
Death Cult Strike	3.00	0	0	65536	62740
Deathspinner Cut Effect	0.15	0	0	65536	62740
Deathspinner Cut Effect	0.30	327	273	65536	62966
Deathspinner Cut Effect	0.50	1356	1431	65536	63912
Deathspinner Cut Effect	0.75	2337	2434	65536	64734
Deathspinner Cut Effect	1.00	2435	2346	65536	64657
Deathspinner Cut Effect	1.50	2282	1789	65536	64152
Deathspinner Cut Effect	2.00	1869	976	65536	63408
Deathspinner Cut Effect	3.00	0	0	65536	62740
Debuff EC	0.15	504	365	65536	63032
Debuff EC	0.30	750	600	65536	63221
Debuff EC	0.50	920	629	65536	63234
Debuff EC	0.75	632	288	65536	62901
Debuff EC	1.00	525	338	65536	62905
Debuff EC	1.50	831	720	65536	63290
Debuff EC	2.00	786	521	65536	63131
Debuff EC	3.00	0	0	65536	62740
Debuff_Mana_Tyranid	0.15	58	18	65536	62731
Debuff_Mana_Tyranid	0.30	135	42	65536	62717
Debuff_Mana_Tyranid	0.50	260	79	65536	62699
Debuff_Mana_Tyranid	0.75	1945	1610	65536	63891
Debuff_Mana_Tyranid	1.00	2779	3214	65536	65477
Debuff_Mana_Tyranid	1.50	96	27	65536	62717
Debuff_Mana_Tyranid	2.00	13	4	65536	62737
Debuff_Mana_Tyranid	3.00	0	0	65536	62740
DeckBuff Grey	0.15	3653	3456	65536	65560
DeckBuff Grey	0.30	3950	3780	65536	65818
DeckBuff Grey	0.50	4173	4038	65536	66024
DeckBuff Grey	0.75	4309	4095	65536	66077
DeckBuff Grey	1.00	550	364	65536	63040
DeckBuff Grey	1.50	0	0	65536	62740
DeckBuff Grey	2.00	0	0	65536	62740
DeckBuff Grey	3.00	0	0	65536	62740
DeckBuff_BlackLegion	0.15	1093	402	65536	62829
DeckBuff_BlackLegion	0.30	1281	495	65536	62891
DeckBuff_BlackLegion	0.50	999	309	65536	62766
DeckBuff_BlackLegion	0.75	451	120	65536	62720
DeckBuff_BlackLegion	1.00	81	21	65536	62733
DeckBuff_BlackLegion	1.50	0	0	65536	62740
DeckBuff_BlackLegion	2.00	0	0	65536	62740
DeckBuff_BlackLegion	3.00	0	0	65536	62740
DeckBuff_Green	0.15	4622	5299	65536	67031
DeckBuff_Green	0.30	5046	5782	65536	67425
DeckBuff_Green	0.50	5332	6132	65536	67700
DeckBuff_Green	0.75	5366	5738	65536	67415
DeckBuff_Green	1.00	387	189	65536	62862
DeckBuff_Green	1.50	0	0	65536	62740
DeckBuff_Green	2.00	0	0	65536	62740
DeckBuff_Green	3.00	0	0	65536	62740
DeckBuff_Green 2	0.15	2932	2143	65536	64443
DeckBuff_Green 2	0.30	3320	3018	65536	65071
DeckBuff_Green 2	0.50	3310	3157	65536	65045
DeckBuff_Green 2	0.75	3074	2639	65536	64536
DeckBuff_Green 2	1.00	3267	2605	65536	64460
DeckBuff_Green 2	1.50	3647	2238	65536	64207
DeckBuff_Green 2	2.00	839	334	65536	62964
DeckBuff_Green 2	3.00	0	0	65536	62740
DeckBuff_GSC	0.15	1845	1323	65536	63675
DeckBuff_GSC	0.30	2219	1977	65536	64239
DeckBuff_GSC	0.50	2258	2389	65536	64585
DeckBuff_GSC	0.75	2479	2157	65536	64482
DeckBuff_GSC	1.00	1949	1173	65536	63666
DeckBuff_GSC	1.50	0	0	65536	62740
DeckBuff_GSC	2.00	0	0	65536	62740
DeckBuff_GSC	3.00	0	0	65536	62740
DeckBuff_MoveToTop	0.15	4385	5083	65536	66864
DeckBuff_MoveToTop	0.30	4642	5436	65536	67154
DeckBuff_MoveToTop	0.50	5054	5852	65536	67492
DeckBuff_MoveToTop	0.75	4943	5373	65536	67137
DeckBuff_MoveToTop	1.00	349	135	65536	62813
DeckBuff_MoveToTop	1.50	0	0	65536	62740
DeckBuff_MoveToTop	2.00	0	0	65536	62740
DeckBuff_MoveToTop	3.00	0	0	65536	62740
DeckBuff_Orks	0.15	983	424	65536	62854
DeckBuff_Orks	0.30	1079	658	65536	63115
DeckBuff_Orks	0.50	911	567	65536	63069
DeckBuff_Orks	0.75	633	346	65536	62927
DeckBuff_Orks	1.00	594	328	65536	62997
DeckBuff_Orks	1.50	8	3	65536	62749
DeckBuff_Orks	2.00	0	0	65536	62743
DeckBuff_Orks	3.00	0	0	65536	62740
DeckBuff_SW	0.15	4539	5988	65536	67288
DeckBuff_SW	0.30	4785	6235	65536	67499
DeckBuff_SW	0.50	5049	6455	65536	67664
DeckBuff_SW	0.75	5056	6443	65536	67717
DeckBuff_SW	1.00	4938	5657	65536	67189
DeckBuff_SW	1.50	282	236	65536	62938
DeckBuff_SW	2.00	86	65	65536	62795
DeckBuff_SW	3.00	0	0	65536	62740
DeckBuff_Tau	0.15	1003	571	65536	63183
DeckBuff_Tau	0.30	1671	1206	65536	63680
DeckBuff_Tau	0.50	2014	1655	65536	63993
DeckBuff_Tau	0.75	2039	1791	65536	64088
DeckBuff_Tau	1.00	2260	2023	65536	64226
DeckBuff_Tau	1.50	1730	1151	65536	63553
DeckBuff_Tau	2.00	313	121	65536	62821
DeckBuff_Tau	3.00	0	0	65536	62740
DeckBuff1	0.15	3885	3471	65536	65201
DeckBuff1	0.30	4188	3785	65536	65419
DeckBuff1	0.50	4461	4047	65536	65598
DeckBuff1	0.75	4604	4114	65536	65651
DeckBuff1	1.00	563	382	65536	63019
DeckBuff1	1.50	0	0	65536	62740
DeckBuff1	2.00	0	0	65536	62740
DeckBuff1	3.00	0	0	65536	62740
Default Tap Floor	0.15	215	142	65536	62857
Default Tap Floor	0.30	396	287	65536	62983
Default Tap Floor	0.50	598	351	65536	63025
Default Tap Floor	0.75	515	278	65536	62965
Default Tap Floor	1.00	13	12	65536	62751
Default Tap Floor	1.50	0	0	65536	62740
Default Tap Floor	2.00	0	0	65536	62740
Default Tap Floor	3.00	0	0	65536	62740
Delightful Agonies Launch Projectile	0.15	381	378	65536	63049
Delightful Agonies Launch Projectile	0.30	792	716	65536	63326
Delightful Agonies Launch Projectile	0.50	994	696	65536	63308
Delightful Agonies Launch Projectile	0.75	2655	1650	65536	63952
Delightful Agonies Launch Projectile	1.00	800	545	65536	63140
Delightful Agonies Launch Projectile	1.50	0	0	65536	62739
Delightful Agonies Launch Projectile	2.00	0	0	65536	62740
Delightful Agonies Launch Projectile	3.00	0	0	65536	62740
Delightful_Agonies_Projectile	0.15	220	205	65536	62904
Delightful_Agonies_Projectile	0.30	338	287	65536	62965
Delightful_Agonies_Projectile	0.50	378	277	65536	62958
Delightful_Agonies_Projectile	0.75	555	355	65536	63002
Delightful_Agonies_Projectile	1.00	215	99	65536	62809
Delightful_Agonies_Projectile	1.50	1231	820	65536	63332
Delightful_Agonies_Projectile	2.00	0	0	65536	62739
Delightful_Agonies_Projectile	3.00	0	0	65536	62740
Duty Reset	0.15	276	300	65536	62985
Duty Reset	0.30	1001	1160	65536	63631
Duty Reset	0.50	970	1236	65536	63709
Duty Reset	0.75	942	1099	65536	63598
Duty Reset	1.00	688	709	65536	63284
Duty Reset	1.50	0	0	65536	62740
Duty Reset	2.00	0	0	65536	62740
Duty Reset	3.00	0	0	65536	62740
DutyEffect	0.15	0	0	65536	62740
DutyEffect	0.30	984	1003	65536	63482
DutyEffect	0.50	992	998	65536	63481
DutyEffect	0.75	982	979	65536	63464
DutyEffect	1.00	877	803	65536	63337
DutyEffect	1.50	0	0	65536	62740
DutyEffect	2.00	0	0	65536	62740
DutyEffect	3.00	0	0	65536	62740
EarthCrack_Single	0.15	31	20	65536	62757
EarthCrack_Single	0.30	204	149	65536	62862
EarthCrack_Single	0.50	598	456	65536	63118
EarthCrack_Single	0.75	1111	923	65536	63517
EarthCrack_Single	1.00	1580	1366	65536	63903
EarthCrack_Single	1.50	1954	1609	65536	64092
EarthCrack_Single	2.00	1770	1508	65536	64021
EarthCrack_Single	3.00	558	222	65536	62899
Earthquake Rockfall Board	0.15	10	6	65536	62745
Earthquake Rockfall Board	0.30	40	30	65536	62766
Earthquake Rockfall Board	0.50	82	54	65536	62784
Earthquake Rockfall Board	0.75	53	35	65536	62769
Earthquake Rockfall Board	1.00	118	79	65536	62802
Earthquake Rockfall Board	1.50	46	34	65536	62769
Earthquake Rockfall Board	2.00	79	50	65536	62780
Earthquake Rockfall Board	3.00	24	15	65536	62752
Earthquake Rockfall Target	0.15	85	39	65535	62762
Earthquake Rockfall Target	0.30	72	46	65535	62773
Earthquake Rockfall Target	0.50	100	67	65536	62796
Earthquake Rockfall Target	0.75	74	54	65535	62785
Earthquake Rockfall Target	1.00	50	32	65536	62766
Earthquake Rockfall Target	1.50	0	0	65536	62740
Earthquake Rockfall Target	2.00	0	0	65536	62740
Earthquake Rockfall Target	3.00	0	0	65536	62740
EC Heldrake Attack	0.15	5	6	65536	62745
EC Heldrake Attack	0.30	12	10	65536	62748
EC Heldrake Attack	0.50	17	13	65536	62750
EC Heldrake Attack	0.75	14	11	65536	62749
EC Heldrake Attack	1.00	15	10	65536	62748
EC Heldrake Attack	1.50	23	12	65536	62749
EC Heldrake Attack	2.00	16	8	65536	62747
EC Heldrake Attack	3.00	0	0	65536	62740
EC Heldrake Rally	0.15	0	0	65536	62739
EC Heldrake Rally	0.30	0	0	65536	62739
EC Heldrake Rally	0.50	0	0	65536	62739
EC Heldrake Rally	0.75	9	2	65536	62738
EC Heldrake Rally	1.00	6	1	65536	62738
EC Heldrake Rally	1.50	0	0	65536	62738
EC Heldrake Rally	2.00	0	0	65536	62737
EC Heldrake Rally	3.00	0	0	65536	62740
EC Sword Cut Board DMC Style	0.15	27	49	65536	62775
EC Sword Cut Board DMC Style	0.30	1	3	65536	62742
EC Sword Cut Board DMC Style	0.50	56	109	65536	62819
EC Sword Cut Board DMC Style	0.75	34	75	65536	62793
EC Sword Cut Board DMC Style	1.00	77	161	65536	62855
EC Sword Cut Board DMC Style	1.50	85	175	65536	62865
EC Sword Cut Board DMC Style	2.00	200	440	65536	63053
EC Sword Cut Board DMC Style	3.00	250	558	65536	63136
EC Target	0.15	36	41	65536	62774
EC Target	0.30	576	472	65536	63117
EC Target	0.50	644	507	65536	63116
EC Target	0.75	0	0	65536	62734
EC Target	1.00	0	0	65536	62742
EC Target	1.50	0	0	65536	62740
EC Target	2.00	0	0	65536	62740
EC Target	3.00	0	0	65536	62740
EC_Sonic Shock	0.15	2072	2242	65536	64703
EC_Sonic Shock	0.30	4436	3846	65536	66117
EC_Sonic Shock	0.50	471	440	65536	63097
EC_Sonic Shock	0.75	3744	3621	65536	65920
EC_Sonic Shock	1.00	690	558	65536	63349
EC_Sonic Shock	1.50	554	359	65536	63031
EC_Sonic Shock	2.00	216	114	65536	62831
EC_Sonic Shock	3.00	1	1	65536	62741
EC_Sonic Stomp	0.15	2729	3026	65536	65379
EC_Sonic Stomp	0.30	5860	5172	65536	67275
EC_Sonic Stomp	0.50	1107	951	65536	63536
EC_Sonic Stomp	0.75	1278	985	65536	63564
EC_Sonic Stomp	1.00	1296	946	65536	63533
EC_Sonic Stomp	1.50	328	168	65536	62867
EC_Sonic Stomp	2.00	28	34	65536	62767
EC_Sonic Stomp	3.00	1	1	65536	62741
EC_Target_user	0.15	297	166	65536	62868
EC_Target_user	0.30	349	236	65536	62926
EC_Target_user	0.50	376	319	65536	62993
EC_Target_user	0.75	385	285	65536	62956
EC_Target_user	1.00	391	257	65536	62927
EC_Target_user	1.50	358	285	65536	62944
EC_Target_user	2.00	283	165	65536	62859
EC_Target_user	3.00	0	0	65536	62740
EC_Target_user Lucius	0.15	283	155	65536	62858
EC_Target_user Lucius	0.30	336	240	65536	62931
EC_Target_user Lucius	0.50	390	323	65536	62997
EC_Target_user Lucius	0.75	407	303	65536	62970
EC_Target_user Lucius	1.00	341	216	65536	62894
EC_Target_user Lucius	1.50	387	333	65536	62985
EC_Target_user Lucius	2.00	295	167	65536	62859
EC_Target_user Lucius	3.00	0	0	65536	62740
EcstasyEffect	0.15	294	507	65536	63134
EcstasyEffect	0.30	413	666	65536	63245
EcstasyEffect	0.50	403	518	65536	63135
EcstasyEffect	0.75	325	323	65536	62989
EcstasyEffect	1.00	8	4	65536	62743
EcstasyEffect	1.50	0	0	65536	62740
EcstasyEffect	2.00	0	0	65536	62740
EcstasyEffect	3.00	0	0	65536	62740
Emperors Children Generic Buff	0.15	689	406	65536	63065
Emperors Children Generic Buff	0.30	1045	940	65536	63497
Emperors Children Generic Buff	0.50	1323	1256	65536	63735
Emperors Children Generic Buff	0.75	1481	1401	65536	63859
Emperors Children Generic Buff	1.00	1411	1323	65536	63784
Emperors Children Generic Buff	1.50	265	131	65536	62826
Emperors Children Generic Buff	2.00	40	13	65536	62746
Emperors Children Generic Buff	3.00	0	0	65536	62740
Emperors Children Generic Buff Record	0.15	587	318	65536	62993
Emperors Children Generic Buff Record	0.30	996	834	65536	63413
Emperors Children Generic Buff Record	0.50	1321	1217	65536	63712
Emperors Children Generic Buff Record	0.75	1495	1365	65536	63836
Emperors Children Generic Buff Record	1.00	1408	1264	65536	63744
Emperors Children Generic Buff Record	1.50	347	174	65536	62849
Emperors Children Generic Buff Record	2.00	15	5	65536	62743
Emperors Children Generic Buff Record	3.00	0	0	65536	62740
Emperors Children Scenario Bombardment	0.15	1	2	65536	62742
Emperors Children Scenario Bombardment	0.30	9	7	65536	62745
Emperors Children Scenario Bombardment	0.50	21	13	65536	62750
Emperors Children Scenario Bombardment	0.75	49	31	65536	62765
Emperors Children Scenario Bombardment	1.00	75	44	65536	62775
Emperors Children Scenario Bombardment	1.50	140	78	65536	62801
Emperors Children Scenario Bombardment	2.00	202	108	65536	62823
Emperors Children Scenario Bombardment	3.00	286	159	65536	62862
Emperors Children Summon	0.15	0	0	65536	62740
Emperors Children Summon	0.30	1	0	65536	62739
Emperors Children Summon	0.50	4	1	65536	62736
Emperors Children Summon	0.75	0	0	65536	62740
Emperors Children Summon	1.00	0	0	65536	62740
Emperors Children Summon	1.50	0	0	65536	62740
Emperors Children Summon	2.00	0	0	65536	62740
Emperors Children Summon	3.00	0	0	65536	62740
Environmental Condition Astra Militarum Dawn Attack	0.15	10950	23964	65536	80575
Environmental Condition Astra Militarum Dawn Attack	0.30	10950	23964	65536	80575
Environmental Condition Astra Militarum Dawn Attack	0.50	10950	23964	65536	80575
Environmental Condition Astra Militarum Dawn Attack	0.75	10950	23964	65536	80575
Environmental Condition Astra Militarum Dawn Attack	1.00	10950	23964	65536	80575
Environmental Condition Astra Militarum Dawn Attack	1.50	10950	23964	65536	80575
Environmental Condition Astra Militarum Dawn Attack	2.00	10950	23965	65536	80576
Environmental Condition Astra Militarum Dawn Attack	3.00	10950	23966	65536	80576
Environmental Condition Astra Militarum Factory Overdrive	0.15	18	8	65536	62751
Environmental Condition Astra Militarum Factory Overdrive	0.30	69	28	65536	62762
Environmental Condition Astra Militarum Factory Overdrive	0.50	73	34	65536	62767
Environmental Condition Astra Militarum Factory Overdrive	0.75	134	72	65536	62797
Environmental Condition Astra Militarum Factory Overdrive	1.00	164	82	65536	62805
Environmental Condition Astra Militarum Factory Overdrive	1.50	152	73	65536	62793
Environmental Condition Astra Militarum Factory Overdrive	2.00	142	76	65536	62799
Environmental Condition Astra Militarum Factory Overdrive	3.00	276	152	65536	62857
Environmental Condition Astra Militarum Planetary Invasion	0.15	137	80	65536	62803
Environmental Condition Astra Militarum Planetary Invasion	0.30	253	145	65536	62852
Environmental Condition Astra Militarum Planetary Invasion	0.50	230	126	65536	62841
Environmental Condition Astra Militarum Planetary Invasion	0.75	341	193	65536	62890
Environmental Condition Astra Militarum Planetary Invasion	1.00	413	238	65536	62930
Environmental Condition Astra Militarum Planetary Invasion	1.50	344	196	65536	62894
Environmental Condition Astra Militarum Planetary Invasion	2.00	397	230	65536	62921
Environmental Condition Astra Militarum Planetary Invasion	3.00	310	176	65536	62883
Environmental Condition Black Legion Daemonic Feast	0.15	3	2	65536	62742
Environmental Condition Black Legion Daemonic Feast	0.30	7	3	65536	62743
Environmental Condition Black Legion Daemonic Feast	0.50	18	8	65536	62746
Environmental Condition Black Legion Daemonic Feast	0.75	21	9	65536	62747
Environmental Condition Black Legion Daemonic Feast	1.00	29	12	65536	62749
Environmental Condition Black Legion Daemonic Feast	1.50	22	10	65536	62748
Environmental Condition Black Legion Daemonic Feast	2.00	18	8	65536	62744
Environmental Condition Black Legion Daemonic Feast	3.00	98	28	65536	62737
Environmental Condition Black Legion Helfire Outburst	0.15	263	172	65536	62882
Environmental Condition Black Legion Helfire Outburst	0.30	275	189	65536	62892
Environmental Condition Black Legion Helfire Outburst	0.50	453	266	65536	62913
Environmental Condition Black Legion Helfire Outburst	0.75	653	421	65536	63012
Environmental Condition Black Legion Helfire Outburst	1.00	840	480	65536	63008
Environmental Condition Black Legion Helfire Outburst	1.50	909	473	65536	62956
Environmental Condition Black Legion Helfire Outburst	2.00	808	426	65536	62953
Environmental Condition Black Legion Helfire Outburst	3.00	995	722	65536	63209
Environmental Condition Black Legion Warp Storm	0.15	1785	853	65536	63362
Environmental Condition Black Legion Warp Storm	0.30	2194	1222	65536	63652
Environmental Condition Black Legion Warp Storm	0.50	2493	1572	65536	63926
Environmental Condition Black Legion Warp Storm	0.75	2674	1857	65536	64144
Environmental Condition Black Legion Warp Storm	1.00	2846	2117	65536	64323
Environmental Condition Black Legion Warp Storm	1.50	3076	2492	65536	64562
Environmental Condition Black Legion Warp Storm	2.00	3223	3042	65536	64928
Environmental Condition Black Legion Warp Storm	3.00	3275	3150	65536	64971
Environmental Condition Dark Angels Asteroid Zone	0.15	11094	9321	65536	70503
Environmental Condition Dark Angels Asteroid Zone	0.30	11092	9317	65536	70500
Environmental Condition Dark Angels Asteroid Zone	0.50	11094	9319	65536	70501
Environmental Condition Dark Angels Asteroid Zone	0.75	11093	9320	65536	70502
Environmental Condition Dark Angels Asteroid Zone	1.00	11092	9317	65536	70500
Environmental Condition Dark Angels Asteroid Zone	1.50	11092	9325	65536	70506
Environmental Condition Dark Angels Asteroid Zone	2.00	11092	9327	65536	70509
Environmental Condition Dark Angels Asteroid Zone	3.00	11090	9321	65536	70503
Environmental Condition Dark Angels Orbiting	0.15	3421	4919	65536	66865
Environmental Condition Dark Angels Orbiting	0.30	3425	5021	65536	66929
Environmental Condition Dark Angels Orbiting	0.50	3427	5131	65536	66994
Environmental Condition Dark Angels Orbiting	0.75	3429	5268	65536	67071
Environmental Condition Dark Angels Orbiting	1.00	3438	5413	65536	67151
Environmental Condition Dark Angels Orbiting	1.50	3430	5626	65536	67255
Environmental Condition Dark Angels Orbiting	2.00	3434	5768	65536	67327
Environmental Condition Dark Angels Orbiting	3.00	3445	5804	65536	67349
Environmental Condition Dark Angels Void Combat	0.15	11631	7541	65536	68266
Environmental Condition Dark Angels Void Combat	0.30	11632	7540	65536	68265
Environmental Condition Dark Angels Void Combat	0.50	11631	7542	65536	68267
Environmental Condition Dark Angels Void Combat	0.75	11628	7538	65536	68264
Environmental Condition Dark Angels Void Combat	1.00	11626	7538	65536	68264
Environmental Condition Dark Angels Void Combat	1.50	11627	7539	65536	68265
Environmental Condition Dark Angels Void Combat	2.00	11630	7537	65536	68263
Environmental Condition Dark Angels Void Combat	3.00	11631	7536	65536	68260
Environmental Condition Emperor's Children 1 Green	0.15	469	459	65536	63124
Environmental Condition Emperor's Children 1 Green	0.30	1203	1174	65536	63731
Environmental Condition Emperor's Children 1 Green	0.50	2773	2842	65536	65189
Environmental Condition Emperor's Children 1 Green	0.75	3196	3236	65536	65568
Environmental Condition Emperor's Children 1 Green	1.00	3854	3137	65536	65454
Environmental Condition Emperor's Children 1 Green	1.50	824	841	65536	63464
Environmental Condition Emperor's Children 1 Green	2.00	762	760	65536	63390
Environmental Condition Emperor's Children 1 Green	3.00	67	38	65536	62770
Environmental Condition Emperor's Children 1 Pink REJECTED	0.15	458	491	65536	63160
Environmental Condition Emperor's Children 1 Pink REJECTED	0.30	1118	1076	65536	63654
Environmental Condition Emperor's Children 1 Pink REJECTED	0.50	2191	2151	65536	64567
Environmental Condition Emperor's Children 1 Pink REJECTED	0.75	3396	3298	65536	65620
Environmental Condition Emperor's Children 1 Pink REJECTED	1.00	3402	3012	65536	65361
Environmental Condition Emperor's Children 1 Pink REJECTED	1.50	630	694	65536	63331
Environmental Condition Emperor's Children 1 Pink REJECTED	2.00	804	849	65536	63468
Environmental Condition Emperor's Children 1 Pink REJECTED	3.00	67	36	65536	62769
Environmental Condition Emperor's Children 2 Fumes	0.15	935	687	65536	63309
Environmental Condition Emperor's Children 2 Fumes	0.30	1013	652	65536	63266
Environmental Condition Emperor's Children 2 Fumes	0.50	1128	681	65536	63281
Environmental Condition Emperor's Children 2 Fumes	0.75	1132	721	65536	63318
Environmental Condition Emperor's Children 2 Fumes	1.00	1169	815	65536	63400
Environmental Condition Emperor's Children 2 Fumes	1.50	1292	829	65536	63405
Environmental Condition Emperor's Children 2 Fumes	2.00	1396	1003	65536	63553
Environmental Condition Emperor's Children 2 Fumes	3.00	1353	923	65536	63481
Environmental Condition Emperor's Children Empyric Rift	0.15	156	28	65536	62681
Environmental Condition Emperor's Children Empyric Rift	0.30	163	27	65536	62673
Environmental Condition Emperor's Children Empyric Rift	0.50	162	27	65536	62671
Environmental Condition Emperor's Children Empyric Rift	0.75	95	17	65536	62672
Environmental Condition Emperor's Children Empyric Rift	1.00	94	17	65536	62660
Environmental Condition Emperor's Children Empyric Rift	1.50	181	28	65536	62653
Environmental Condition Emperor's Children Empyric Rift	2.00	87	14	65536	62661
Environmental Condition Emperor's Children Empyric Rift	3.00	220	38	65536	62630
Environmental Condition Emperor's Children Empyric Rift OLD	0.15	195	31	65536	62672
Environmental Condition Emperor's Children Empyric Rift OLD	0.30	180	29	65536	62672
Environmental Condition Emperor's Children Empyric Rift OLD	0.50	189	28	65536	62667
Environmental Condition Emperor's Children Empyric Rift OLD	0.75	85	19	65536	62680
Environmental Condition Emperor's Children Empyric Rift OLD	1.00	220	34	65536	62660
Environmental Condition Emperor's Children Empyric Rift OLD	1.50	59	12	65536	62654
Environmental Condition Emperor's Children Empyric Rift OLD	2.00	175	27	65536	62656
Environmental Condition Emperor's Children Empyric Rift OLD	3.00	223	35	65536	62661
Environmental Condition GSC Mining Tremors	0.15	156	57	65536	62784
Environmental Condition GSC Mining Tremors	0.30	226	91	65536	62808
Environmental Condition GSC Mining Tremors	0.50	288	127	65536	62836
Environmental Condition GSC Mining Tremors	0.75	359	170	65536	62870
Environmental Condition GSC Mining Tremors	1.00	422	211	65536	62899
Environmental Condition GSC Mining Tremors	1.50	370	167	65536	62866
Environmental Condition GSC Mining Tremors	2.00	142	65	65536	62788
Environmental Condition GSC Mining Tremors	3.00	529	258	65536	62936
Environmental Condition GSC Sump Overspill	0.15	55	31	65536	62764
Environmental Condition GSC Sump Overspill	0.30	62	35	65536	62768
Environmental Condition GSC Sump Overspill	0.50	113	64	65536	62791
Environmental Condition GSC Sump Overspill	0.75	191	112	65536	62829
Environmental Condition GSC Sump Overspill	1.00	215	133	65536	62848
Environmental Condition GSC Sump Overspill	1.50	290	191	65536	62898
Environmental Condition GSC Sump Overspill	2.00	421	282	65536	62974
Environmental Condition GSC Sump Overspill	3.00	489	336	65536	63019
Environmental Condition GSC Sump Overspill OLD	0.15	28	3	65535	62729
Environmental Condition GSC Sump Overspill OLD	0.30	35	4	65535	62725
Environmental Condition GSC Sump Overspill OLD	0.50	45	5	65534	62718
Environmental Condition GSC Sump Overspill OLD	0.75	61	6	65535	62708
Environmental Condition GSC Sump Overspill OLD	1.00	72	6	65532	62700
Environmental Condition GSC Sump Overspill OLD	1.50	112	11	65535	62684
Environmental Condition GSC Sump Overspill OLD	2.00	136	14	65534	62673
Environmental Condition GSC Sump Overspill OLD	3.00	136	13	65535	62673
Environmental Condition GSC Toxic Fumes	0.15	15	6	65536	62744
Environmental Condition GSC Toxic Fumes	0.30	15	6	65536	62744
Environmental Condition GSC Toxic Fumes	0.50	17	7	65536	62744
Environmental Condition GSC Toxic Fumes	0.75	25	10	65536	62744
Environmental Condition GSC Toxic Fumes	1.00	35	12	65536	62743
Environmental Condition GSC Toxic Fumes	1.50	61	16	65536	62737
Environmental Condition GSC Toxic Fumes	2.00	73	20	65536	62738
Environmental Condition GSC Toxic Fumes	3.00	95	25	65536	62734
Environmental Condition Necrons Earthquake	0.15	173	141	65536	62853
Environmental Condition Necrons Earthquake	0.30	186	155	65536	62864
Environmental Condition Necrons Earthquake	0.50	199	165	65536	62872
Environmental Condition Necrons Earthquake	0.75	192	152	65536	62863
Environmental Condition Necrons Earthquake	1.00	203	168	65536	62876
Environmental Condition Necrons Earthquake	1.50	216	160	65536	62868
Environmental Condition Necrons Earthquake	2.00	265	202	65536	62903
Environmental Condition Necrons Earthquake	3.00	225	171	65536	62876
Environmental Condition Necrons Immortal Beams	0.15	21	12	65536	62745
Environmental Condition Necrons Immortal Beams	0.30	35	18	65536	62750
Environmental Condition Necrons Immortal Beams	0.50	62	35	65536	62762
Environmental Condition Necrons Immortal Beams	0.75	142	84	65536	62798
Environmental Condition Necrons Immortal Beams	1.00	230	147	65536	62847
Environmental Condition Necrons Immortal Beams	1.50	496	375	65536	63029
Environmental Condition Necrons Immortal Beams	2.00	617	527	65536	63154
Environmental Condition Necrons Immortal Beams	3.00	1161	1069	65536	63599
Environmental Condition Necrons Solar Storm	0.15	1680	1680	65536	64089
Environmental Condition Necrons Solar Storm	0.30	2337	2235	65536	64545
Environmental Condition Necrons Solar Storm	0.50	3030	2778	65536	64982
Environmental Condition Necrons Solar Storm	0.75	3434	2937	65536	65125
Environmental Condition Necrons Solar Storm	1.00	3371	2604	65536	64862
Environmental Condition Necrons Solar Storm	1.50	1301	958	65536	63493
Environmental Condition Necrons Solar Storm	2.00	1547	1094	65536	63591
Environmental Condition Necrons Solar Storm	3.00	1785	1035	65536	63487
Environmental Condition Space Wolves Everstorm	0.15	421	325	65536	63003
Environmental Condition Space Wolves Everstorm	0.30	684	609	65536	63226
Environmental Condition Space Wolves Everstorm	0.50	744	727	65536	63314
Environmental Condition Space Wolves Everstorm	0.75	1277	1455	65536	63918
Environmental Condition Space Wolves Everstorm	1.00	1634	1700	65536	64132
Environmental Condition Space Wolves Everstorm	1.50	1640	1560	65536	64046
Environmental Condition Space Wolves Everstorm	2.00	1272	1497	65536	63955
Environmental Condition Space Wolves Everstorm	3.00	1258	1096	65536	63659
Environmental Condition Space Wolves First Light	0.15	2519	2068	65536	64170
Environmental Condition Space Wolves First Light	0.30	2724	2396	65536	64522
Environmental Condition Space Wolves First Light	0.50	2866	2702	65536	64831
Environmental Condition Space Wolves First Light	0.75	2980	2966	65536	65073
Environmental Condition Space Wolves First Light	1.00	3014	3061	65536	65135
Environmental Condition Space Wolves First Light	1.50	3107	3586	65536	65601
Environmental Condition Space Wolves First Light	2.00	3205	3772	65536	65731
Environmental Condition Space Wolves First Light	3.00	3260	4361	65536	66190
Environmental Condition Space Wolves Full Moon	0.15	6813	17212	65536	75085
Environmental Condition Space Wolves Full Moon	0.30	6812	17202	65536	75082
Environmental Condition Space Wolves Full Moon	0.50	6850	17207	65536	75089
Environmental Condition Space Wolves Full Moon	0.75	6847	17205	65536	75089
Environmental Condition Space Wolves Full Moon	1.00	6838	17195	65536	75083
Environmental Condition Space Wolves Full Moon	1.50	6852	17190	65536	75083
Environmental Condition Space Wolves Full Moon	2.00	6863	17184	65536	75083
Environmental Condition Space Wolves Full Moon	3.00	6873	17191	65536	75093
EnvironmentalCondition Leviathan Acid Rain	0.15	553	347	65536	63024
EnvironmentalCondition Leviathan Acid Rain	0.30	551	347	65536	63024
EnvironmentalCondition Leviathan Acid Rain	0.50	555	349	65536	63025
EnvironmentalCondition Leviathan Acid Rain	0.75	556	350	65536	63027
EnvironmentalCondition Leviathan Acid Rain	1.00	562	354	65536	63030
EnvironmentalCondition Leviathan Acid Rain	1.50	737	426	65536	63080
EnvironmentalCondition Leviathan Acid Rain	2.00	780	457	65536	63105
EnvironmentalCondition Leviathan Acid Rain	3.00	909	577	65536	63212
EnvironmentalCondition Leviathan Blazing Biomatter	0.15	10612	11412	65536	72105
EnvironmentalCondition Leviathan Blazing Biomatter	0.30	10612	11412	65536	72105
EnvironmentalCondition Leviathan Blazing Biomatter	0.50	10612	11413	65536	72105
EnvironmentalCondition Leviathan Blazing Biomatter	0.75	10612	11412	65536	72105
EnvironmentalCondition Leviathan Blazing Biomatter	1.00	10612	11413	65536	72105
EnvironmentalCondition Leviathan Blazing Biomatter	1.50	10612	11412	65536	72105
EnvironmentalCondition Leviathan Blazing Biomatter	2.00	10612	11412	65536	72105
EnvironmentalCondition Leviathan Blazing Biomatter	3.00	10612	11412	65536	72104
EnvironmentalCondition Leviathan Sweeping Infestation	0.15	10500	11315	65536	72034
EnvironmentalCondition Leviathan Sweeping Infestation	0.30	10500	11304	65536	72028
EnvironmentalCondition Leviathan Sweeping Infestation	0.50	10500	11303	65536	72028
EnvironmentalCondition Leviathan Sweeping Infestation	0.75	10500	11311	65536	72033
EnvironmentalCondition Leviathan Sweeping Infestation	1.00	10500	11317	65536	72036
EnvironmentalCondition Leviathan Sweeping Infestation	1.50	10500	11302	65536	72026
EnvironmentalCondition Leviathan Sweeping Infestation	2.00	10500	11312	65536	72031
EnvironmentalCondition Leviathan Sweeping Infestation	3.00	10500	11305	65536	72028
EnvironmentalCondition Saim Hann Blackout	0.15	0	0	65536	62740
EnvironmentalCondition Saim Hann Blackout	0.30	0	0	65536	62740
EnvironmentalCondition Saim Hann Blackout	0.50	0	0	65536	62740
EnvironmentalCondition Saim Hann Blackout	0.75	0	0	65536	62740
EnvironmentalCondition Saim Hann Blackout	1.00	0	0	65536	62740
EnvironmentalCondition Saim Hann Blackout	1.50	24	11	65536	62749
EnvironmentalCondition Saim Hann Blackout	2.00	100	106	65536	62820
EnvironmentalCondition Saim Hann Blackout	3.00	55	31	65536	62764
EnvironmentalCondition Saim Hann Infinity Circuit Overload	0.15	258	363	65536	63017
EnvironmentalCondition Saim Hann Infinity Circuit Overload	0.30	310	422	65536	63062
EnvironmentalCondition Saim Hann Infinity Circuit Overload	0.50	389	441	65536	63080
EnvironmentalCondition Saim Hann Infinity Circuit Overload	0.75	331	407	65536	63048
EnvironmentalCondition Saim Hann Infinity Circuit Overload	1.00	483	494	65536	63115
EnvironmentalCondition Saim Hann Infinity Circuit Overload	1.50	516	548	65536	63155
EnvironmentalCondition Saim Hann Infinity Circuit Overload	2.00	588	580	65536	63179
EnvironmentalCondition Saim Hann Infinity Circuit Overload	3.00	827	728	65536	63288
EnvironmentalCondition Saim Hann Webway Rift	0.15	3	1	65536	62741
EnvironmentalCondition Saim Hann Webway Rift	0.30	2	1	65536	62741
EnvironmentalCondition Saim Hann Webway Rift	0.50	3	1	65536	62741
EnvironmentalCondition Saim Hann Webway Rift	0.75	3	2	65536	62742
EnvironmentalCondition Saim Hann Webway Rift	1.00	4	2	65536	62742
EnvironmentalCondition Saim Hann Webway Rift	1.50	11	6	65536	62745
EnvironmentalCondition Saim Hann Webway Rift	2.00	56	63	65536	62788
EnvironmentalCondition Saim Hann Webway Rift	3.00	93	63	65536	62790
EnvironmentalCondition Sororitas Disrupted Ceremony	0.15	237	395	65536	63038
EnvironmentalCondition Sororitas Disrupted Ceremony	0.30	245	378	65536	63030
EnvironmentalCondition Sororitas Disrupted Ceremony	0.50	267	372	65536	63025
EnvironmentalCondition Sororitas Disrupted Ceremony	0.75	251	332	65536	63000
EnvironmentalCondition Sororitas Disrupted Ceremony	1.00	252	302	65536	62979
EnvironmentalCondition Sororitas Disrupted Ceremony	1.50	253	307	65536	62983
EnvironmentalCondition Sororitas Disrupted Ceremony	2.00	258	311	65536	62987
EnvironmentalCondition Sororitas Disrupted Ceremony	3.00	246	302	65536	62979
EnvironmentalCondition Sororitas Raging Storm	0.15	1008	2094	65536	64204
EnvironmentalCondition Sororitas Raging Storm	0.30	1030	2104	65536	64221
EnvironmentalCondition Sororitas Raging Storm	0.50	1066	1456	65536	63864
EnvironmentalCondition Sororitas Raging Storm	0.75	361	190	65536	62889
EnvironmentalCondition Sororitas Raging Storm	1.00	371	191	65536	62888
EnvironmentalCondition Sororitas Raging Storm	1.50	384	205	65536	62903
EnvironmentalCondition Sororitas Raging Storm	2.00	416	214	65536	62905
EnvironmentalCondition Sororitas Raging Storm	3.00	427	244	65536	62936
EnvironmentalCondition Sororitas Shrine Bombardment	0.15	230	336	65536	63002
EnvironmentalCondition Sororitas Shrine Bombardment	0.30	236	286	65536	62969
EnvironmentalCondition Sororitas Shrine Bombardment	0.50	242	217	65536	62907
EnvironmentalCondition Sororitas Shrine Bombardment	0.75	253	199	65536	62894
EnvironmentalCondition Sororitas Shrine Bombardment	1.00	263	184	65536	62883
EnvironmentalCondition Sororitas Shrine Bombardment	1.50	143	77	65536	62799
EnvironmentalCondition Sororitas Shrine Bombardment	2.00	154	73	65536	62792
EnvironmentalCondition Sororitas Shrine Bombardment	3.00	164	85	65536	62802
EnvironmentalCondition Tau Electro-Static Interference	0.15	142	192	65536	62880
EnvironmentalCondition Tau Electro-Static Interference	0.30	161	205	65536	62890
EnvironmentalCondition Tau Electro-Static Interference	0.50	192	225	65536	62907
EnvironmentalCondition Tau Electro-Static Interference	0.75	212	229	65536	62909
EnvironmentalCondition Tau Electro-Static Interference	1.00	133	186	65536	62876
EnvironmentalCondition Tau Electro-Static Interference	1.50	133	187	65536	62876
EnvironmentalCondition Tau Electro-Static Interference	2.00	132	186	65536	62876
EnvironmentalCondition Tau Electro-Static Interference	3.00	132	186	65536	62876
EnvironmentalCondition Tau Radiation Storm	0.15	139	187	65536	62877
EnvironmentalCondition Tau Radiation Storm	0.30	144	189	65536	62880
EnvironmentalCondition Tau Radiation Storm	0.50	165	203	65536	62891
EnvironmentalCondition Tau Radiation Storm	0.75	171	207	65536	62894
EnvironmentalCondition Tau Radiation Storm	1.00	179	216	65536	62902
EnvironmentalCondition Tau Radiation Storm	1.50	200	233	65536	62915
EnvironmentalCondition Tau Radiation Storm	2.00	212	241	65536	62921
EnvironmentalCondition Tau Radiation Storm	3.00	201	237	65536	62917
EnvironmentalCondition Tau Solar Eclipse	0.15	5990	8673	65536	69086
EnvironmentalCondition Tau Solar Eclipse	0.30	5990	8673	65536	69086
EnvironmentalCondition Tau Solar Eclipse	0.50	5990	8673	65536	69086
EnvironmentalCondition Tau Solar Eclipse	0.75	5990	8673	65536	69086
EnvironmentalCondition Tau Solar Eclipse	1.00	5990	8673	65536	69086
EnvironmentalCondition Tau Solar Eclipse	1.50	5990	8673	65536	69086
EnvironmentalCondition Tau Solar Eclipse	2.00	5990	8673	65536	69086
EnvironmentalCondition Tau Solar Eclipse	3.00	5990	8673	65536	69086
EnvironmentalCondition Ultramarines Aerial Clash	0.15	5	3	65536	62743
EnvironmentalCondition Ultramarines Aerial Clash	0.30	5	3	65536	62743
EnvironmentalCondition Ultramarines Aerial Clash	0.50	4	2	65536	62742
EnvironmentalCondition Ultramarines Aerial Clash	0.75	6	3	65536	62742
EnvironmentalCondition Ultramarines Aerial Clash	1.00	9	5	65536	62744
EnvironmentalCondition Ultramarines Aerial Clash	1.50	66	26	65536	62759
EnvironmentalCondition Ultramarines Aerial Clash	2.00	81	37	65536	62768
EnvironmentalCondition Ultramarines Aerial Clash	3.00	189	95	65536	62816
EnvironmentalCondition Ultramarines Bombardment	0.15	1	0	65536	62741
EnvironmentalCondition Ultramarines Bombardment	0.30	1	0	65536	62740
EnvironmentalCondition Ultramarines Bombardment	0.50	70	47	65536	62779
EnvironmentalCondition Ultramarines Bombardment	0.75	107	110	65536	62827
EnvironmentalCondition Ultramarines Bombardment	1.00	131	146	65536	62856
EnvironmentalCondition Ultramarines Bombardment	1.50	201	228	65536	62917
EnvironmentalCondition Ultramarines Bombardment	2.00	263	292	65536	62968
EnvironmentalCondition Ultramarines Bombardment	3.00	918	808	65536	63377
EnvironmentalCondition Ultramarines Thunderstorm	0.15	0	0	65536	62740
EnvironmentalCondition Ultramarines Thunderstorm	0.30	902	710	65536	63318
EnvironmentalCondition Ultramarines Thunderstorm	0.50	990	746	65536	63354
EnvironmentalCondition Ultramarines Thunderstorm	0.75	1285	693	65536	63303
EnvironmentalCondition Ultramarines Thunderstorm	1.00	1	1	65536	62741
EnvironmentalCondition Ultramarines Thunderstorm	1.50	0	0	65536	62740
EnvironmentalCondition Ultramarines Thunderstorm	2.00	0	0	65536	62740
EnvironmentalCondition Ultramarines Thunderstorm	3.00	0	0	65536	62740
Execution_BlackLegion	0.15	15	9	65536	62733
Execution_BlackLegion	0.30	88	54	65536	62753
Execution_BlackLegion	0.50	300	124	65536	62758
Execution_BlackLegion	0.75	521	159	65536	62730
Execution_BlackLegion	1.00	244	185	65530	62858
Execution_BlackLegion	1.50	146	142	65530	62838
Execution_BlackLegion	2.00	129	136	65530	62833
Execution_BlackLegion	3.00	0	0	65536	62740
Explosion Fenrisian Monstrosities	0.15	0	0	65536	62740
Explosion Fenrisian Monstrosities	0.30	1	0	65536	62741
Explosion Fenrisian Monstrosities	0.50	15	6	65536	62744
Explosion Fenrisian Monstrosities	0.75	51	24	65536	62758
Explosion Fenrisian Monstrosities	1.00	135	95	65536	62820
Explosion Fenrisian Monstrosities	1.50	275	167	65536	62877
Explosion Fenrisian Monstrosities	2.00	410	255	65536	62947
Explosion Fenrisian Monstrosities	3.00	945	1064	65536	63623
Explosion Fenrisian Monstrosities Extra Damage	0.15	1476	2111	65536	64447
Explosion Fenrisian Monstrosities Extra Damage	0.30	1532	2150	65536	64493
Explosion Fenrisian Monstrosities Extra Damage	0.50	1549	2201	65536	64545
Explosion Fenrisian Monstrosities Extra Damage	0.75	1190	1724	65536	64150
Explosion Fenrisian Monstrosities Extra Damage	1.00	1212	1672	65536	64118
Explosion Fenrisian Monstrosities Extra Damage	1.50	1375	1885	65536	64288
Explosion Fenrisian Monstrosities Extra Damage	2.00	1499	2031	65536	64421
Explosion Fenrisian Monstrosities Extra Damage	3.00	1613	1971	65536	64392
Explosion Hand UI	0.15	492	670	65536	63213
Explosion Hand UI	0.30	597	577	65536	63176
Explosion Hand UI	0.50	365	164	65536	62836
Explosion Hand UI	0.75	176	84	65536	62799
Explosion Hand UI	1.00	229	100	65536	62810
Explosion Hand UI	1.50	0	0	65536	62740
Explosion Hand UI	2.00	0	0	65536	62740
Explosion Hand UI	3.00	0	0	65536	62740
Explosion Hand UI 0,5s delay	0.15	0	0	65536	62740
Explosion Hand UI 0,5s delay	0.30	0	0	65536	62740
Explosion Hand UI 0,5s delay	0.50	0	0	65536	62740
Explosion Hand UI 0,5s delay	0.75	265	180	65536	62864
Explosion Hand UI 0,5s delay	1.00	177	82	65536	62793
Explosion Hand UI 0,5s delay	1.50	338	168	65536	62861
Explosion Hand UI 0,5s delay	2.00	0	0	65536	62740
Explosion Hand UI 0,5s delay	3.00	1	1	65536	62741
Explosion Hive Fleet Arrival Explosions only	0.15	220	105	65536	62800
Explosion Hive Fleet Arrival Explosions only	0.30	296	139	65535	62824
Explosion Hive Fleet Arrival Explosions only	0.50	383	194	65536	62870
Explosion Hive Fleet Arrival Explosions only	0.75	485	250	65536	62916
Explosion Hive Fleet Arrival Explosions only	1.00	603	316	65536	62969
Explosion Hive Fleet Arrival Explosions only	1.50	739	377	65536	63019
Explosion Hive Fleet Arrival Explosions only	2.00	777	396	65535	63035
Explosion Hive Fleet Arrival Explosions only	3.00	287	105	65536	62802
Explosion Hive Fleet Arrival Tendrils	0.15	328	322	65536	62994
Explosion Hive Fleet Arrival Tendrils	0.30	416	310	65536	62982
Explosion Hive Fleet Arrival Tendrils	0.50	497	288	65536	62955
Explosion Hive Fleet Arrival Tendrils	0.75	567	318	65536	62982
Explosion Hive Fleet Arrival Tendrils	1.00	673	376	65536	63032
Explosion Hive Fleet Arrival Tendrils	1.50	737	413	65536	63068
Explosion Hive Fleet Arrival Tendrils	2.00	725	397	65536	63058
Explosion Hive Fleet Arrival Tendrils	3.00	194	80	65536	62806
Explosion Hive Fleet Arrival Tendrils OLD	0.15	506	164	65536	62771
Explosion Hive Fleet Arrival Tendrils OLD	0.30	549	189	65536	62793
Explosion Hive Fleet Arrival Tendrils OLD	0.50	595	216	65536	62815
Explosion Hive Fleet Arrival Tendrils OLD	0.75	645	244	65536	62840
Explosion Hive Fleet Arrival Tendrils OLD	1.00	697	277	65536	62871
Explosion Hive Fleet Arrival Tendrils OLD	1.50	757	307	65536	62899
Explosion Hive Fleet Arrival Tendrils OLD	2.00	814	322	65536	62907
Explosion Hive Fleet Arrival Tendrils OLD	3.00	567	173	65536	62779
Explosion_BombQuick	0.15	0	0	65536	62740
Explosion_BombQuick	0.30	0	0	65536	62740
Explosion_BombQuick	0.50	0	0	65536	62740
Explosion_BombQuick	0.75	0	0	65536	62740
Explosion_BombQuick	1.00	0	0	65536	62740
Explosion_BombQuick	1.50	0	0	65536	62740
Explosion_BombQuick	2.00	0	0	65536	62740
Explosion_BombQuick	3.00	0	0	65536	62740
Explosion_BombQuick_triple	0.15	0	0	65536	62740
Explosion_BombQuick_triple	0.30	0	0	65536	62740
Explosion_BombQuick_triple	0.50	0	0	65536	62740
Explosion_BombQuick_triple	0.75	0	0	65536	62740
Explosion_BombQuick_triple	1.00	0	0	65536	62740
Explosion_BombQuick_triple	1.50	0	0	65536	62740
Explosion_BombQuick_triple	2.00	0	0	65536	62740
Explosion_BombQuick_triple	3.00	0	0	65536	62740
Explosion_ConcealedExplosives	0.15	0	0	65536	62740
Explosion_ConcealedExplosives	0.30	0	0	65536	62740
Explosion_ConcealedExplosives	0.50	0	0	65536	62740
Explosion_ConcealedExplosives	0.75	0	0	65536	62740
Explosion_ConcealedExplosives	1.00	0	0	65536	62740
Explosion_ConcealedExplosives	1.50	0	0	65536	62740
Explosion_ConcealedExplosives	2.00	0	0	65536	62740
Explosion_ConcealedExplosives	3.00	0	0	65536	62740
Explosion_Debris	0.15	1684	1893	65536	64334
Explosion_Debris	0.30	4700	3845	65536	66034
Explosion_Debris	0.50	625	590	65536	63222
Explosion_Debris	0.75	619	401	65536	63074
Explosion_Debris	1.00	562	302	65536	62977
Explosion_Debris	1.50	16	13	65536	62762
Explosion_Debris	2.00	0	0	65536	62740
Explosion_Debris	3.00	0	0	65536	62740
Explosion_Debris_UI	0.15	1603	1827	65536	64274
Explosion_Debris_UI	0.30	4423	3713	65536	65903
Explosion_Debris_UI	0.50	539	505	65536	63151
Explosion_Debris_UI	0.75	614	363	65536	63032
Explosion_Debris_UI	1.00	617	333	65536	63005
Explosion_Debris_UI	1.50	9	10	65536	62770
Explosion_Debris_UI	2.00	0	0	65536	62740
Explosion_Debris_UI	3.00	0	0	65536	62740
Explosion_gauss	0.15	165	135	65536	62851
Explosion_gauss	0.30	258	221	65536	62916
Explosion_gauss	0.50	519	466	65536	63110
Explosion_gauss	0.75	1057	922	65536	63480
Explosion_gauss	1.00	1396	968	65536	63468
Explosion_gauss	1.50	112	59	65536	62788
Explosion_gauss	2.00	1	1	65536	62741
Explosion_gauss	3.00	0	0	65536	62740
Explosion_gauss_yellow	0.15	860	771	65536	63324
Explosion_gauss_yellow	0.30	2274	2200	65536	64448
Explosion_gauss_yellow	0.50	1055	985	65536	63472
Explosion_gauss_yellow	0.75	3435	2994	65536	65067
Explosion_gauss_yellow	1.00	2892	2289	65536	64584
Explosion_gauss_yellow	1.50	26	9	65536	62750
Explosion_gauss_yellow	2.00	0	0	65536	62740
Explosion_gauss_yellow	3.00	0	0	65536	62740
Explosion_Ground	0.15	113	207	65536	62896
Explosion_Ground	0.30	286	586	65536	63170
Explosion_Ground	0.50	567	1137	65536	63577
Explosion_Ground	0.75	691	954	65536	63458
Explosion_Ground	1.00	713	659	65536	63225
Explosion_Ground	1.50	466	181	65536	62803
Explosion_Ground	2.00	0	0	65536	62740
Explosion_Ground	3.00	0	0	65536	62740
Explosion_GroundBreak	0.15	17	14	65536	62753
Explosion_GroundBreak	0.30	19	15	65536	62754
Explosion_GroundBreak	0.50	15	12	65536	62751
Explosion_GroundBreak	0.75	9	7	65536	62747
Explosion_GroundBreak	1.00	6	5	65536	62745
Explosion_GroundBreak	1.50	6	5	65536	62745
Explosion_GroundBreak	2.00	0	0	65536	62740
Explosion_GroundBreak	3.00	0	0	65536	62740
Explosion_Possession	0.15	7	2	65536	62741
Explosion_Possession	0.30	37	11	65536	62747
Explosion_Possession	0.50	144	58	65536	62778
Explosion_Possession	0.75	366	203	65536	62901
Explosion_Possession	1.00	539	313	65536	62985
Explosion_Possession	1.50	692	397	65536	63060
Explosion_Possession	2.00	2250	1282	65536	63694
Explosion_Possession	3.00	2	3	65536	62756
Explosion_Short	0.15	4406	9146	65536	67935
Explosion_Short	0.30	5328	10862	65536	68778
Explosion_Short	0.50	0	0	65536	62740
Explosion_Short	0.75	0	0	65536	62740
Explosion_Short	1.00	0	0	65536	62740
Explosion_Short	1.50	0	0	65536	62740
Explosion_Short	2.00	0	0	65536	62740
Explosion_Short	3.00	0	0	65536	62740
Factory Overdrive Damage	0.15	71	69	65536	62799
Factory Overdrive Damage	0.30	130	109	65536	62829
Factory Overdrive Damage	0.50	42	31	65536	62766
Factory Overdrive Damage	0.75	34	19	65536	62756
Factory Overdrive Damage	1.00	0	0	65536	62740
Factory Overdrive Damage	1.50	0	0	65536	62740
Factory Overdrive Damage	2.00	0	0	65536	62740
Factory Overdrive Damage	3.00	0	0	65536	62740
Faith UI Gain	0.15	1654	1369	65536	63854
Faith UI Gain	0.30	1572	1838	65536	64171
Faith UI Gain	0.50	1417	1250	65536	63753
Faith UI Gain	0.75	1637	1882	65536	64199
Faith UI Gain	1.00	1808	1909	65536	64222
Faith UI Gain	1.50	483	345	65536	63007
Faith UI Gain	2.00	0	0	65536	62740
Faith UI Gain	3.00	0	0	65536	62740
Faith UI Trigger	0.15	2495	2261	65536	64503
Faith UI Trigger	0.30	2747	2895	65536	64930
Faith UI Trigger	0.50	2887	3366	65536	65303
Faith UI Trigger	0.75	2645	2990	65536	65021
Faith UI Trigger	1.00	1859	1472	65536	63876
Faith UI Trigger	1.50	149	53	65536	62774
Faith UI Trigger	2.00	0	0	65536	62740
Faith UI Trigger	3.00	0	0	65536	62740
Faith_trigger_unit	0.15	213	156	65536	62865
Faith_trigger_unit	0.30	213	158	65536	62866
Faith_trigger_unit	0.50	211	162	65536	62869
Faith_trigger_unit	0.75	437	427	65536	63075
Faith_trigger_unit	1.00	513	472	65536	63104
Faith_trigger_unit	1.50	764	569	65536	63163
Faith_trigger_unit	2.00	806	495	65536	63097
Faith_trigger_unit	3.00	0	0	65536	62740
FastEffect	0.15	180	176	65536	62874
FastEffect	0.30	188	207	65536	62893
FastEffect	0.50	239	233	65536	62916
FastEffect	0.75	304	238	65536	62923
FastEffect	1.00	311	262	65536	62945
FastEffect	1.50	503	414	65536	63063
FastEffect	2.00	269	148	65536	62859
FastEffect	3.00	0	0	65536	62740
FeedingFrenzy	0.15	124	142	65536	62848
FeedingFrenzy	0.30	105	86	65536	62805
FeedingFrenzy	0.50	156	149	65536	62849
FeedingFrenzy	0.75	231	275	65536	62934
FeedingFrenzy	1.00	158	141	65536	62841
FeedingFrenzy	1.50	104	98	65536	62812
FeedingFrenzy	2.00	125	144	65536	62847
FeedingFrenzy	3.00	0	0	65536	62740
Ferocity_RecallToDeck	0.15	438	300	65536	62973
Ferocity_RecallToDeck	0.30	456	344	65536	63006
Ferocity_RecallToDeck	0.50	469	356	65536	63013
Ferocity_RecallToDeck	0.75	509	352	65536	63011
Ferocity_RecallToDeck	1.00	779	1214	65536	63644
Ferocity_RecallToDeck	1.50	386	245	65536	62934
Ferocity_RecallToDeck	2.00	60	27	65536	62773
Ferocity_RecallToDeck	3.00	0	0	65536	62741
FerocityEffect	0.15	0	0	65536	62740
FerocityEffect	0.30	671	672	65536	63250
FerocityEffect	0.50	1347	1620	65536	63998
FerocityEffect	0.75	1690	2457	65536	64600
FerocityEffect	1.00	1459	1962	65536	64258
FerocityEffect	1.50	733	413	65536	63070
FerocityEffect	2.00	0	0	65536	62740
FerocityEffect	3.00	0	0	65536	62740
Fire_Board	0.15	0	0	65536	62740
Fire_Board	0.30	0	0	65536	62740
Fire_Board	0.50	2	2	65536	62742
Fire_Board	0.75	6	7	65536	62746
Fire_Board	1.00	13	15	65536	62753
Fire_Board	1.50	39	41	65536	62776
Fire_Board	2.00	44	42	65536	62777
Fire_Board	3.00	13	12	65536	62750
FlameBurst_Sororitas	0.15	2393	3563	65536	65414
FlameBurst_Sororitas	0.30	2185	3306	65536	65277
FlameBurst_Sororitas	0.50	3289	3003	65536	65026
FlameBurst_Sororitas	0.75	664	859	65536	63413
FlameBurst_Sororitas	1.00	751	1033	65536	63559
FlameBurst_Sororitas	1.50	200	164	65536	62875
FlameBurst_Sororitas	2.00	0	0	65536	62740
FlameBurst_Sororitas	3.00	0	0	65536	62740
FlamethrowerBurna	0.15	0	0	65536	62740
FlamethrowerBurna	0.30	0	0	65536	62740
FlamethrowerBurna	0.50	0	0	65536	62740
FlamethrowerBurna	0.75	16	15	65536	62752
FlamethrowerBurna	1.00	20	23	65536	62758
FlamethrowerBurna	1.50	52	35	65536	62761
FlamethrowerBurna	2.00	46	32	65536	62761
FlamethrowerBurna	3.00	0	0	65536	62741
FlamethrowerSingleAttack_1	0.15	1	1	65536	62741
FlamethrowerSingleAttack_1	0.30	5	7	65536	62746
FlamethrowerSingleAttack_1	0.50	18	17	65536	62752
FlamethrowerSingleAttack_1	0.75	28	20	65536	62752
FlamethrowerSingleAttack_1	1.00	41	24	65536	62753
FlamethrowerSingleAttack_1	1.50	37	14	65536	62745
FlamethrowerSingleAttack_1	2.00	27	11	65536	62748
FlamethrowerSingleAttack_1	3.00	0	0	65536	62740
FlamethrowerSingleAttack_2	0.15	1	1	65536	62741
FlamethrowerSingleAttack_2	0.30	3	4	65536	62743
FlamethrowerSingleAttack_2	0.50	11	10	65536	62748
FlamethrowerSingleAttack_2	0.75	22	14	65536	62748
FlamethrowerSingleAttack_2	1.00	29	12	65536	62739
FlamethrowerSingleAttack_2	1.50	24	5	65536	62735
FlamethrowerSingleAttack_2	2.00	1	0	65536	62740
FlamethrowerSingleAttack_2	3.00	0	0	65536	62740
FlamethrowerSweepAttack_1	0.15	2	3	65536	62743
FlamethrowerSweepAttack_1	0.30	18	28	65536	62761
FlamethrowerSweepAttack_1	0.50	39	62	65536	62787
FlamethrowerSweepAttack_1	0.75	81	117	65536	62825
FlamethrowerSweepAttack_1	1.00	138	171	65536	62856
FlamethrowerSweepAttack_1	1.50	200	218	65536	62864
FlamethrowerSweepAttack_1	2.00	321	276	65536	62872
FlamethrowerSweepAttack_1	3.00	343	227	65536	62815
FlamethrowerSweepAttack_sororitas	0.15	89	80	65536	62805
FlamethrowerSweepAttack_sororitas	0.30	157	221	65536	62912
FlamethrowerSweepAttack_sororitas	0.50	196	284	65536	62962
FlamethrowerSweepAttack_sororitas	0.75	235	308	65536	62980
FlamethrowerSweepAttack_sororitas	1.00	319	364	65536	63024
FlamethrowerSweepAttack_sororitas	1.50	380	378	65536	63026
FlamethrowerSweepAttack_sororitas	2.00	383	367	65536	63015
FlamethrowerSweepAttack_sororitas	3.00	258	151	65536	62843
FlankEffect	0.15	0	0	65536	62740
FlankEffect	0.30	820	629	65536	63209
FlankEffect	0.50	1138	1226	65536	63662
FlankEffect	0.75	1493	1908	65536	64196
FlankEffect	1.00	1318	1517	65536	63890
FlankEffect	1.50	0	0	65536	62740
FlankEffect	2.00	0	0	65536	62740
FlankEffect	3.00	0	0	65536	62740
Flayed One Summon	0.15	85	10	65533	62695
Flayed One Summon	0.30	288	36	65533	62619
Flayed One Summon	0.50	330	43	65535	62594
Flayed One Summon	0.75	528	71	65534	62529
Flayed One Summon	1.00	678	83	65536	62465
Flayed One Summon	1.50	642	81	65536	62473
Flayed One Summon	2.00	99	13	65536	62664
Flayed One Summon	3.00	0	0	65536	62740
FlyingEffect	0.15	698	575	65536	63219
FlyingEffect	0.30	713	695	65536	63315
FlyingEffect	0.50	713	698	65536	63316
FlyingEffect	0.75	667	543	65536	63197
FlyingEffect	1.00	199	137	65536	62853
FlyingEffect	1.50	184	118	65536	62837
FlyingEffect	2.00	191	131	65536	62849
FlyingEffect	3.00	220	145	65536	62861
Forewarned_Board	0.15	0	0	65536	62740
Forewarned_Board	0.30	0	0	65536	62740
Forewarned_Board	0.50	0	0	65536	62740
Forewarned_Board	0.75	8	8	65536	62747
Forewarned_Board	1.00	27	20	65536	62756
Forewarned_Board	1.50	53	31	65536	62763
Forewarned_Board	2.00	16	10	65536	62747
Forewarned_Board	3.00	0	0	65536	62740
FrenziedEffect	0.15	534	782	65536	63316
FrenziedEffect	0.30	589	797	65536	63339
FrenziedEffect	0.50	991	990	65536	63470
FrenziedEffect	0.75	1747	1377	65536	63720
FrenziedEffect	1.00	0	0	65536	62740
FrenziedEffect	1.50	0	0	65536	62740
FrenziedEffect	2.00	0	0	65536	62740
FrenziedEffect	3.00	0	0	65536	62740
Gain_Sentry	0.15	460	649	65536	63192
Gain_Sentry	0.30	546	988	65536	63460
Gain_Sentry	0.50	490	497	65536	63125
Gain_Sentry	0.75	311	317	65536	62979
Gain_Sentry	1.00	71	84	65536	62811
Gain_Sentry	1.50	0	0	65536	62740
Gain_Sentry	2.00	0	0	65536	62740
Gain_Sentry	3.00	0	0	65536	62740
GainShuriken	0.15	1119	1236	65536	63678
GainShuriken	0.30	1970	1657	65536	63991
GainShuriken	0.50	2684	2079	65536	64307
GainShuriken	0.75	3328	2274	65536	64480
GainShuriken	1.00	2480	1500	65536	63878
GainShuriken	1.50	1996	1047	65536	63517
GainShuriken	2.00	0	0	65536	62740
GainShuriken	3.00	0	0	65536	62740
GatlingSweep	0.15	0	0	65536	62740
GatlingSweep	0.30	0	0	65536	62740
GatlingSweep	0.50	0	0	65536	62740
GatlingSweep	0.75	44	27	65536	62765
GatlingSweep	1.00	24	16	65536	62759
GatlingSweep	1.50	30	19	65536	62760
GatlingSweep	2.00	0	0	65536	62740
GatlingSweep	3.00	0	0	65536	62740
Generic Tap Material	0.15	121	86	65536	62814
Generic Tap Material	0.30	154	104	65536	62828
Generic Tap Material	0.50	321	184	65536	62888
Generic Tap Material	0.75	297	153	65536	62860
Generic Tap Material	1.00	41	40	65536	62774
Generic Tap Material	1.50	36	34	65536	62769
Generic Tap Material	2.00	0	0	65536	62740
Generic Tap Material	3.00	0	0	65536	62740
Godspear Warhead Full	0.15	0	0	65536	62740
Godspear Warhead Full	0.30	0	0	65536	62740
Godspear Warhead Full	0.50	0	0	65536	62740
Godspear Warhead Full	0.75	0	0	65536	62740
Godspear Warhead Full	1.00	0	0	65536	62740
Godspear Warhead Full	1.50	0	0	65536	62740
Godspear Warhead Full	2.00	3	2	65536	62742
Godspear Warhead Full	3.00	506	550	65536	63220
Goff_GreatestWarboss	0.15	30	22	65536	62760
Goff_GreatestWarboss	0.30	329	243	65536	62941
Goff_GreatestWarboss	0.50	835	675	65536	63301
Goff_GreatestWarboss	0.75	1274	1216	65536	63754
Goff_GreatestWarboss	1.00	1519	1638	65536	64105
Goff_GreatestWarboss	1.50	1768	2387	65536	64697
Goff_GreatestWarboss	2.00	1848	2489	65536	64780
Goff_GreatestWarboss	3.00	1741	1806	65536	64259
Goff_ProperKilly	0.15	77	29	65536	62751
Goff_ProperKilly	0.30	73	33	65536	62756
Goff_ProperKilly	0.50	80	29	65536	62749
Goff_ProperKilly	0.75	507	820	65536	63336
Goff_ProperKilly	1.00	2745	3698	65536	65586
Goff_ProperKilly	1.50	3736	4336	65536	66194
Goff_ProperKilly	2.00	171	107	65536	62824
Goff_ProperKilly	3.00	0	0	65536	62740
Goff_ProphetOfDaWaaagh	0.15	29	21	65536	62759
Goff_ProphetOfDaWaaagh	0.30	330	235	65536	62934
Goff_ProphetOfDaWaaagh	0.50	790	644	65536	63272
Goff_ProphetOfDaWaaagh	0.75	1113	1135	65536	63685
Goff_ProphetOfDaWaaagh	1.00	1360	1570	65536	64039
Goff_ProphetOfDaWaaagh	1.50	1662	2160	65536	64508
Goff_ProphetOfDaWaaagh	2.00	1732	2323	65536	64638
Goff_ProphetOfDaWaaagh	3.00	1626	1667	65536	64142
Goff_Rok_Invasion	0.15	2	1	65536	62663
Goff_Rok_Invasion	0.30	6	2	65536	62649
Goff_Rok_Invasion	0.50	7	3	65536	62613
Goff_Rok_Invasion	0.75	8	4	65536	62583
Goff_Rok_Invasion	1.00	12	6	65536	62583
Goff_Rok_Invasion	1.50	10	6	65536	62643
Goff_Rok_Invasion	2.00	11	7	65536	62745
Goff_Rok_Invasion	3.00	202	206	65536	62910
Goff_UnbridledCarnageEffect	0.15	142	177	65536	62870
Goff_UnbridledCarnageEffect	0.30	165	96	65536	62805
Goff_UnbridledCarnageEffect	0.50	16	6	65536	62743
Goff_UnbridledCarnageEffect	0.75	1	0	65536	62740
Goff_UnbridledCarnageEffect	1.00	0	0	65536	62740
Goff_UnbridledCarnageEffect	1.50	0	0	65536	62740
Goff_UnbridledCarnageEffect	2.00	0	0	65536	62740
Goff_UnbridledCarnageEffect	3.00	0	0	65536	62740
Goff_Waaagh	0.15	168	107	65536	62829
Goff_Waaagh	0.30	135	81	65536	62808
Goff_Waaagh	0.50	158	92	65536	62816
Goff_Waaagh	0.75	150	84	65536	62810
Goff_Waaagh	1.00	59	40	65536	62776
Goff_Waaagh	1.50	57	30	65536	62766
Goff_Waaagh	2.00	16	6	65536	62745
Goff_Waaagh	3.00	0	0	65536	62740
Goff_WaaaghRed	0.15	75	63	65536	62791
Goff_WaaaghRed	0.30	92	81	65536	62805
Goff_WaaaghRed	0.50	107	100	65536	62819
Goff_WaaaghRed	0.75	153	116	65536	62833
Goff_WaaaghRed	1.00	89	63	65536	62790
Goff_WaaaghRed	1.50	0	0	65536	62740
Goff_WaaaghRed	2.00	0	0	65536	62740
Goff_WaaaghRed	3.00	0	0	65536	62740
Goff_WaaaghRed_skulls	0.15	239	291	65536	62955
Goff_WaaaghRed_skulls	0.30	283	292	65536	62953
Goff_WaaaghRed_skulls	0.50	286	246	65536	62916
Goff_WaaaghRed_skulls	0.75	475	367	65536	63003
Goff_WaaaghRed_skulls	1.00	785	509	65536	63111
Goff_WaaaghRed_skulls	1.50	0	0	65536	62740
Goff_WaaaghRed_skulls	2.00	0	0	65536	62740
Goff_WaaaghRed_skulls	3.00	0	0	65536	62740
GreenSummonCircle	0.15	163	118	65536	62833
GreenSummonCircle	0.30	248	185	65536	62885
GreenSummonCircle	0.50	339	260	65536	62938
GreenSummonCircle	0.75	404	304	65536	62971
GreenSummonCircle	1.00	329	276	65536	62951
GreenSummonCircle	1.50	208	112	65536	62814
GreenSummonCircle	2.00	103	57	65536	62780
GreenSummonCircle	3.00	10	7	65536	62746
GSC RecallToHand	0.15	147	83	65536	62798
GSC RecallToHand	0.30	233	109	65536	62810
GSC RecallToHand	0.50	315	143	65536	62830
GSC RecallToHand	0.75	356	135	65536	62812
GSC RecallToHand	1.00	331	120	65536	62803
GSC RecallToHand	1.50	3	1	65536	62738
GSC RecallToHand	2.00	0	0	65536	62740
GSC RecallToHand	3.00	0	0	65536	62740
GSC Rockfall	0.15	0	0	65536	62740
GSC Rockfall	0.30	0	0	65536	62740
GSC Rockfall	0.50	0	0	65536	62740
GSC Rockfall	0.75	0	0	65536	62740
GSC Rockfall	1.00	0	0	65536	62740
GSC Rockfall	1.50	0	0	65536	62740
GSC Rockfall	2.00	0	0	65536	62740
GSC Rockfall	3.00	0	0	65536	62740
GSC Sabotage Use	0.15	251	78	65536	62689
GSC Sabotage Use	0.30	226	73	65536	62698
GSC Sabotage Use	0.50	94	51	65536	62728
GSC Sabotage Use	0.75	27	32	65536	62755
GSC Sabotage Use	1.00	0	0	65536	62740
GSC Sabotage Use	1.50	0	0	65536	62740
GSC Sabotage Use	2.00	0	0	65536	62740
GSC Sabotage Use	3.00	0	0	65536	62740
GSC Summon	0.15	24	4	65536	62723
GSC Summon	0.30	53	9	65536	62704
GSC Summon	0.50	211	33	65536	62645
GSC Summon	0.75	283	43	65536	62630
GSC Summon	1.00	390	60	65536	62588
GSC Summon	1.50	385	60	65536	62587
GSC Summon	2.00	161	25	65536	62665
GSC Summon	3.00	0	0	65536	62740
GuardSummon	0.15	0	0	65536	62740
GuardSummon	0.30	0	0	65536	62740
GuardSummon	0.50	0	0	65536	62740
GuardSummon	0.75	0	0	65536	62740
GuardSummon	1.00	0	0	65536	62740
GuardSummon	1.50	0	0	65536	62740
GuardSummon	2.00	0	0	65536	62740
GuardSummon	3.00	0	0	65536	62740
Hammer_Slam_SW	0.15	108	87	65536	62816
Hammer_Slam_SW	0.30	195	158	65536	62878
Hammer_Slam_SW	0.50	308	241	65536	62951
Hammer_Slam_SW	0.75	222	170	65536	62886
Hammer_Slam_SW	1.00	70	56	65536	62787
Hammer_Slam_SW	1.50	28	28	65536	62764
Hammer_Slam_SW	2.00	46	33	65536	62766
Hammer_Slam_SW	3.00	0	0	65536	62740
Hammer_Throw_SW	0.15	1392	1918	65536	64215
Hammer_Throw_SW	0.30	1415	1885	65536	64199
Hammer_Throw_SW	0.50	1305	1653	65536	64037
Hammer_Throw_SW	0.75	1211	1540	65536	63952
Hammer_Throw_SW	1.00	1189	1517	65536	63934
Hammer_Throw_SW	1.50	1190	1517	65536	63934
Hammer_Throw_SW	2.00	1097	1382	65536	63819
Hammer_Throw_SW	3.00	1096	1382	65536	63819
Healing_Circles	0.15	56	23	65536	62753
Healing_Circles	0.30	71	39	65536	62768
Healing_Circles	0.50	152	91	65536	62806
Healing_Circles	0.75	180	130	65536	62841
Healing_Circles	1.00	251	139	65536	62842
Healing_Circles	1.50	75	31	65536	62763
Healing_Circles	2.00	0	0	65536	62740
Healing_Circles	3.00	0	0	65536	62740
Healing_Projectile	0.15	140	215	65536	62903
Healing_Projectile	0.30	349	372	65536	63023
Healing_Projectile	0.50	124	154	65536	62858
Healing_Projectile	0.75	117	128	65536	62841
Healing_Projectile	1.00	121	110	65536	62826
Healing_Projectile	1.50	102	73	65536	62795
Healing_Projectile	2.00	21	17	65536	62754
Healing_Projectile	3.00	4	2	65536	62741
Healing_Projectile_Frost	0.15	142	209	65536	62898
Healing_Projectile_Frost	0.30	337	359	65536	63017
Healing_Projectile_Frost	0.50	120	155	65536	62860
Healing_Projectile_Frost	0.75	117	133	65536	62845
Healing_Projectile_Frost	1.00	116	109	65536	62827
Healing_Projectile_Frost	1.50	95	68	65536	62792
Healing_Projectile_Frost	2.00	18	17	65536	62754
Healing_Projectile_Frost	3.00	4	2	65536	62742
Healing_Projectile_Green	0.15	142	212	65536	62901
Healing_Projectile_Green	0.30	335	333	65536	62990
Healing_Projectile_Green	0.50	121	145	65536	62852
Healing_Projectile_Green	0.75	119	119	65536	62834
Healing_Projectile_Green	1.00	116	98	65536	62817
Healing_Projectile_Green	1.50	97	59	65536	62781
Healing_Projectile_Green	2.00	19	13	65536	62749
Healing_Projectile_Green	3.00	4	2	65536	62741
Healing_Projectile_Ork	0.15	143	200	65536	62892
Healing_Projectile_Ork	0.30	292	256	65536	62933
Healing_Projectile_Ork	0.50	121	139	65536	62847
Healing_Projectile_Ork	0.75	115	105	65536	62822
Healing_Projectile_Ork	1.00	99	73	65536	62797
Healing_Projectile_Ork	1.50	80	52	65536	62780
Healing_Projectile_Ork	2.00	20	20	65536	62757
Healing_Projectile_Ork	3.00	4	2	65536	62741
HeldrakeStrike	0.15	0	0	65536	62740
HeldrakeStrike	0.30	0	0	65536	62740
HeldrakeStrike	0.50	0	0	65536	62739
HeldrakeStrike	0.75	0	0	65536	62739
HeldrakeStrike	1.00	0	0	65536	62739
HeldrakeStrike	1.50	0	0	65536	62739
HeldrakeStrike	2.00	0	0	65536	62738
HeldrakeStrike	3.00	0	0	65536	62740
Helfire Burst Target	0.15	0	0	65536	62740
Helfire Burst Target	0.30	0	0	65536	62740
Helfire Burst Target	0.50	0	0	65536	62740
Helfire Burst Target	0.75	496	569	65536	63190
Helfire Burst Target	1.00	493	575	65536	63195
Helfire Burst Target	1.50	37	14	65536	62748
Helfire Burst Target	2.00	23	5	65533	62732
Helfire Burst Target	3.00	0	0	65536	62739
Helspear_Assault_Buff	0.15	63	60	65536	62788
Helspear_Assault_Buff	0.30	150	145	65536	62857
Helspear_Assault_Buff	0.50	233	187	65536	62885
Helspear_Assault_Buff	0.75	286	171	65536	62866
Helspear_Assault_Buff	1.00	243	134	65536	62835
Helspear_Assault_Buff	1.50	340	388	65536	63047
Helspear_Assault_Buff	2.00	1	0	65536	62741
Helspear_Assault_Buff	3.00	0	0	65536	62740
HeroOfTheEmpire OLD	0.15	1075	1335	65536	63733
HeroOfTheEmpire OLD	0.30	1527	2074	65536	64283
HeroOfTheEmpire OLD	0.50	2018	2368	65536	64575
HeroOfTheEmpire OLD	0.75	1981	1566	65536	63934
HeroOfTheEmpire OLD	1.00	1257	946	65536	63475
HeroOfTheEmpire OLD	1.50	1165	900	65536	63444
HeroOfTheEmpire OLD	2.00	40	21	65536	62758
HeroOfTheEmpire OLD	3.00	0	0	65536	62740
HeroRespiteEffect	0.15	509	202	65536	62888
HeroRespiteEffect	0.30	895	493	65536	63097
HeroRespiteEffect	0.50	1167	812	65536	63351
HeroRespiteEffect	0.75	1466	1179	65536	63662
HeroRespiteEffect	1.00	1221	1260	65536	63774
HeroRespiteEffect	1.50	1878	1850	65536	64238
HeroRespiteEffect	2.00	1937	2167	65536	64486
HeroRespiteEffect	3.00	2901	1881	65536	64303
Hexmark_Artifice_Deal1	0.15	0	0	65536	62740
Hexmark_Artifice_Deal1	0.30	1	2	65536	62742
Hexmark_Artifice_Deal1	0.50	0	0	65536	62740
Hexmark_Artifice_Deal1	0.75	0	0	65536	62740
Hexmark_Artifice_Deal1	1.00	0	0	65536	62740
Hexmark_Artifice_Deal1	1.50	0	0	65536	62740
Hexmark_Artifice_Deal1	2.00	0	0	65536	62740
Hexmark_Artifice_Deal1	3.00	0	0	65536	62740
Hive Fleet Ground Growth	0.15	499	301	65536	62981
Hive Fleet Ground Growth	0.30	712	465	65536	63120
Hive Fleet Ground Growth	0.50	711	415	65536	63061
Hive Fleet Ground Growth	0.75	783	412	65536	63036
Hive Fleet Ground Growth	1.00	636	290	65536	62927
Hive Fleet Ground Growth	1.50	56	19	65536	62757
Hive Fleet Ground Growth	2.00	0	0	65536	62740
Hive Fleet Ground Growth	3.00	0	0	65536	62740
Hunta Rig Harpoon Hand	0.15	6	3	65536	62742
Hunta Rig Harpoon Hand	0.30	8	4	65536	62744
Hunta Rig Harpoon Hand	0.50	10	5	65536	62744
Hunta Rig Harpoon Hand	0.75	5	2	65536	62742
Hunta Rig Harpoon Hand	1.00	0	0	65536	62740
Hunta Rig Harpoon Hand	1.50	0	0	65536	62740
Hunta Rig Harpoon Hand	2.00	0	0	65536	62740
Hunta Rig Harpoon Hand	3.00	0	0	65536	62740
HuntMark_DamageEffect	0.15	115	96	65536	62817
HuntMark_DamageEffect	0.30	111	103	65536	62826
HuntMark_DamageEffect	0.50	143	132	65536	62850
HuntMark_DamageEffect	0.75	188	238	65536	62929
HuntMark_DamageEffect	1.00	188	196	65536	62901
HuntMark_DamageEffect	1.50	148	190	65536	62893
HuntMark_DamageEffect	2.00	53	43	65536	62776
HuntMark_DamageEffect	3.00	0	0	65536	62740
HuntMark_EndEffect	0.15	243	227	65536	62926
HuntMark_EndEffect	0.30	235	277	65536	62963
HuntMark_EndEffect	0.50	268	341	65536	63014
HuntMark_EndEffect	0.75	258	319	65536	62997
HuntMark_EndEffect	1.00	250	289	65536	62975
HuntMark_EndEffect	1.50	211	157	65536	62871
HuntMark_EndEffect	2.00	77	55	65536	62785
HuntMark_EndEffect	3.00	0	0	65536	62740
HuntMark_IdleEffect	0.15	32	18	65536	62756
HuntMark_IdleEffect	0.30	63	36	65536	62769
HuntMark_IdleEffect	0.50	81	53	65536	62784
HuntMark_IdleEffect	0.75	111	83	65536	62809
HuntMark_IdleEffect	1.00	153	123	65536	62839
HuntMark_IdleEffect	1.50	156	142	65536	62855
HuntMark_IdleEffect	2.00	195	175	65536	62881
HuntMark_IdleEffect	3.00	254	225	65536	62926
HuntMark_StackEffect	0.15	60	62	65536	62791
HuntMark_StackEffect	0.30	65	67	65536	62793
HuntMark_StackEffect	0.50	65	61	65536	62790
HuntMark_StackEffect	0.75	19	13	65536	62749
HuntMark_StackEffect	1.00	16	7	65536	62745
HuntMark_StackEffect	1.50	1	0	65536	62740
HuntMark_StackEffect	2.00	0	0	65536	62740
HuntMark_StackEffect	3.00	0	0	65536	62740
HuntMark_StartEffect	0.15	45	41	65536	62774
HuntMark_StartEffect	0.30	50	44	65536	62776
HuntMark_StartEffect	0.50	62	55	65536	62786
HuntMark_StartEffect	0.75	51	52	65536	62784
HuntMark_StartEffect	1.00	76	98	65536	62817
HuntMark_StartEffect	1.50	79	83	65536	62806
HuntMark_StartEffect	2.00	36	38	65536	62772
HuntMark_StartEffect	3.00	0	0	65536	62740
HuntMark_User	0.15	36	19	65536	62755
HuntMark_User	0.30	43	28	65536	62763
HuntMark_User	0.50	71	49	65536	62781
HuntMark_User	0.75	70	47	65536	62779
HuntMark_User	1.00	69	49	65536	62779
HuntMark_User	1.50	88	53	65536	62782
HuntMark_User	2.00	75	45	65536	62777
HuntMark_User	3.00	0	0	65536	62740
Immortal Beam	0.15	347	357	65536	63019
Immortal Beam	0.30	345	345	65536	63008
Immortal Beam	0.50	335	325	65536	62992
Immortal Beam	0.75	323	277	65536	62955
Immortal Beam	1.00	263	171	65536	62867
Immortal Beam	1.50	2	1	65536	62741
Immortal Beam	2.00	0	0	65536	62740
Immortal Beam	3.00	0	0	65536	62740
Impact_blunt_lightning	0.15	486	618	65536	63260
Impact_blunt_lightning	0.30	1051	928	65536	63554
Impact_blunt_lightning	0.50	6	2	65536	62742
Impact_blunt_lightning	0.75	0	0	65536	62741
Impact_blunt_lightning	1.00	0	0	65536	62741
Impact_blunt_lightning	1.50	0	0	65536	62741
Impact_blunt_lightning	2.00	0	0	65536	62740
Impact_blunt_lightning	3.00	0	0	65536	62740
Impact_blunt_lightning_Big	0.15	879	1043	65536	63636
Impact_blunt_lightning_Big	0.30	1820	1672	65536	64215
Impact_blunt_lightning_Big	0.50	2601	1508	65536	63969
Impact_blunt_lightning_Big	0.75	4	1	65536	62743
Impact_blunt_lightning_Big	1.00	1	0	65536	62742
Impact_blunt_lightning_Big	1.50	0	0	65536	62741
Impact_blunt_lightning_Big	2.00	0	0	65536	62740
Impact_blunt_lightning_Big	3.00	0	0	65536	62740
Impact_blunt_lightning_Big_Recoil	0.15	766	900	65536	63516
Impact_blunt_lightning_Big_Recoil	0.30	1580	1450	65536	64020
Impact_blunt_lightning_Big_Recoil	0.50	2247	1295	65536	63795
Impact_blunt_lightning_Big_Recoil	0.75	0	0	65536	62742
Impact_blunt_lightning_Big_Recoil	1.00	0	0	65536	62741
Impact_blunt_lightning_Big_Recoil	1.50	0	0	65536	62741
Impact_blunt_lightning_Big_Recoil	2.00	0	0	65536	62740
Impact_blunt_lightning_Big_Recoil	3.00	0	0	65536	62740
Impact_Ground_Stomp	0.15	456	488	65536	63168
Impact_Ground_Stomp	0.30	407	321	65536	63015
Impact_Ground_Stomp	0.50	718	598	65536	63249
Impact_Ground_Stomp	0.75	964	818	65536	63439
Impact_Ground_Stomp	1.00	1006	803	65536	63424
Impact_Ground_Stomp	1.50	539	267	65536	62949
Impact_Ground_Stomp	2.00	0	0	65536	62740
Impact_Ground_Stomp	3.00	0	0	65536	62740
Impact_Ground_Stomp_Big	0.15	295	253	65536	62953
Impact_Ground_Stomp_Big	0.30	131	94	65536	62819
Impact_Ground_Stomp_Big	0.50	393	313	65536	63008
Impact_Ground_Stomp_Big	0.75	583	452	65536	63126
Impact_Ground_Stomp_Big	1.00	454	295	65536	62987
Impact_Ground_Stomp_Big	1.50	55	23	65536	62758
Impact_Ground_Stomp_Big	2.00	0	0	65536	62740
Impact_Ground_Stomp_Big	3.00	0	0	65536	62740
Infernal_Gaze	0.15	653	411	65536	62981
Infernal_Gaze	0.30	1104	696	65536	63159
Infernal_Gaze	0.50	1074	877	65536	63408
Infernal_Gaze	0.75	1483	1025	65536	63559
Infernal_Gaze	1.00	1524	915	65536	63454
Infernal_Gaze	1.50	0	0	65536	62740
Infernal_Gaze	2.00	0	0	65536	62740
Infernal_Gaze	3.00	0	0	65536	62740
Infinity Circuit	0.15	0	0	65536	62740
Infinity Circuit	0.30	0	0	65536	62740
Infinity Circuit	0.50	0	0	65536	62740
Infinity Circuit	0.75	0	0	65536	62740
Infinity Circuit	1.00	0	0	65536	62740
Infinity Circuit	1.50	0	0	65536	62740
Infinity Circuit	2.00	11	8	65536	62747
Infinity Circuit	3.00	437	363	65536	63027
InspiredRetributionEffect	0.15	0	0	65536	62740
InspiredRetributionEffect	0.30	1768	2225	65536	64451
InspiredRetributionEffect	0.50	472	695	65536	63270
InspiredRetributionEffect	0.75	373	401	65536	63057
InspiredRetributionEffect	1.00	317	260	65536	62952
InspiredRetributionEffect	1.50	36	26	65536	62761
InspiredRetributionEffect	2.00	53	26	65536	62759
InspiredRetributionEffect	3.00	1	0	65536	62741
Invoke Minion Card Fade Default	0.15	0	0	65536	62740
Invoke Minion Card Fade Default	0.30	0	0	65536	62740
Invoke Minion Card Fade Default	0.50	0	0	65536	62740
Invoke Minion Card Fade Default	0.75	0	0	65536	62740
Invoke Minion Card Fade Default	1.00	0	0	65536	62740
Invoke Minion Card Fade Default	1.50	0	0	65536	62740
Invoke Minion Card Fade Default	2.00	0	0	65536	62740
Invoke Minion Card Fade Default	3.00	0	0	65536	62740
Invoke Minion Card Fade Legendary	0.15	583	419	65536	63065
Invoke Minion Card Fade Legendary	0.30	1647	1300	65536	63744
Invoke Minion Card Fade Legendary	0.50	2184	2073	65536	64337
Invoke Minion Card Fade Legendary	0.75	3212	3202	65536	65205
Invoke Minion Card Fade Legendary	1.00	3226	3101	65536	65141
Invoke Minion Card Fade Legendary	1.50	2808	1777	65536	64104
Invoke Minion Card Fade Legendary	2.00	301	143	65536	62843
Invoke Minion Card Fade Legendary	3.00	0	0	65536	62740
Invoke Minion Hits Ground	0.15	360	478	65536	63124
Invoke Minion Hits Ground	0.30	734	1086	65536	63610
Invoke Minion Hits Ground	0.50	1034	1380	65536	63865
Invoke Minion Hits Ground	0.75	302	137	65536	62851
Invoke Minion Hits Ground	1.00	1	1	65536	62741
Invoke Minion Hits Ground	1.50	0	0	65536	62740
Invoke Minion Hits Ground	2.00	0	0	65536	62740
Invoke Minion Hits Ground	3.00	0	0	65536	62740
Invoke Minion Hits Ground Legendary	0.15	763	585	65536	63226
Invoke Minion Hits Ground Legendary	0.30	791	671	65536	63309
Invoke Minion Hits Ground Legendary	0.50	904	666	65536	63303
Invoke Minion Hits Ground Legendary	0.75	613	309	65536	62983
Invoke Minion Hits Ground Legendary	1.00	107	50	65536	62779
Invoke Minion Hits Ground Legendary	1.50	2	1	65536	62741
Invoke Minion Hits Ground Legendary	2.00	0	0	65536	62740
Invoke Minion Hits Ground Legendary	3.00	0	0	65536	62740
Invoke Minion Legendary ALT	0.15	702	563	65536	63213
Invoke Minion Legendary ALT	0.30	935	765	65536	63388
Invoke Minion Legendary ALT	0.50	953	657	65536	63290
Invoke Minion Legendary ALT	0.75	693	356	65536	63024
Invoke Minion Legendary ALT	1.00	107	44	65536	62774
Invoke Minion Legendary ALT	1.50	2	2	65536	62741
Invoke Minion Legendary ALT	2.00	0	0	65536	62740
Invoke Minion Legendary ALT	3.00	0	0	65536	62740
InvulnerableEffect	0.15	582	720	65536	63312
InvulnerableEffect	0.30	617	898	65536	63434
InvulnerableEffect	0.50	623	946	65536	63468
InvulnerableEffect	0.75	618	917	65536	63446
InvulnerableEffect	1.00	577	704	65536	63298
InvulnerableEffect	1.50	515	533	65536	63174
InvulnerableEffect	2.00	113	135	65536	62848
InvulnerableEffect	3.00	76	90	65536	62812
InvulnerableEffectDark	0.15	431	146	65536	62787
InvulnerableEffectDark	0.30	538	188	65536	62778
InvulnerableEffectDark	0.50	576	206	65536	62772
InvulnerableEffectDark	0.75	580	293	65536	62859
InvulnerableEffectDark	1.00	497	270	65536	62881
InvulnerableEffectDark	1.50	359	230	65536	62890
InvulnerableEffectDark	2.00	167	146	65536	62847
InvulnerableEffectDark	3.00	119	73	65536	62790
InvulnerableEffectGSC	0.15	248	275	65536	62962
InvulnerableEffectGSC	0.30	270	339	65536	63008
InvulnerableEffectGSC	0.50	270	344	65536	63011
InvulnerableEffectGSC	0.75	266	342	65536	63009
InvulnerableEffectGSC	1.00	262	326	65536	62997
InvulnerableEffectGSC	1.50	217	204	65536	62905
InvulnerableEffectGSC	2.00	67	69	65536	62796
InvulnerableEffectGSC	3.00	51	50	65536	62781
InvulnerableEffectGuard	0.15	281	399	65536	63048
InvulnerableEffectGuard	0.30	285	405	65536	63053
InvulnerableEffectGuard	0.50	285	386	65536	63040
InvulnerableEffectGuard	0.75	267	320	65536	62992
InvulnerableEffectGuard	1.00	64	69	65536	62794
InvulnerableEffectGuard	1.50	65	78	65536	62802
InvulnerableEffectGuard	2.00	68	81	65536	62805
InvulnerableEffectGuard	3.00	49	53	65536	62784
InvulnerableEffectSW	0.15	625	942	65536	63463
InvulnerableEffectSW	0.30	625	934	65536	63457
InvulnerableEffectSW	0.50	617	898	65536	63435
InvulnerableEffectSW	0.75	607	837	65536	63391
InvulnerableEffectSW	1.00	610	822	65536	63379
InvulnerableEffectSW	1.50	486	436	65536	63094
InvulnerableEffectSW	2.00	113	133	65536	62846
InvulnerableEffectSW	3.00	75	87	65536	62810
InvulnerableEffectTau	0.15	246	272	65536	62960
InvulnerableEffectTau	0.30	266	329	65536	63001
InvulnerableEffectTau	0.50	275	355	65536	63019
InvulnerableEffectTau	0.75	258	319	65536	62992
InvulnerableEffectTau	1.00	240	256	65536	62945
InvulnerableEffectTau	1.50	211	195	65536	62899
InvulnerableEffectTau	2.00	62	65	65536	62794
InvulnerableEffectTau	3.00	48	46	65536	62779
InvulnerableEffectTyranid	0.15	246	272	65536	62960
InvulnerableEffectTyranid	0.30	270	345	65536	63012
InvulnerableEffectTyranid	0.50	274	359	65536	63022
InvulnerableEffectTyranid	0.75	275	367	65536	63026
InvulnerableEffectTyranid	1.00	250	314	65536	62988
InvulnerableEffectTyranid	1.50	236	269	65536	62954
InvulnerableEffectTyranid	2.00	70	92	65536	62813
InvulnerableEffectTyranid	3.00	54	74	65536	62798
Jammed Communications damage	0.15	265	324	65536	63002
Jammed Communications damage	0.30	362	492	65536	63150
Jammed Communications damage	0.50	684	796	65536	63430
Jammed Communications damage	0.75	948	674	65536	63314
Jammed Communications damage	1.00	260	154	65536	62864
Jammed Communications damage	1.50	3	1	65536	62741
Jammed Communications damage	2.00	0	0	65536	62740
Jammed Communications damage	3.00	0	0	65536	62740
KhaineBuff	0.15	909	1043	65536	63578
KhaineBuff	0.30	819	940	65536	63496
KhaineBuff	0.50	667	691	65536	63300
KhaineBuff	0.75	372	313	65536	62999
KhaineBuff	1.00	0	0	65536	62740
KhaineBuff	1.50	0	0	65536	62740
KhaineBuff	2.00	0	0	65536	62740
KhaineBuff	3.00	0	0	65536	62740
Kroot_Summon_quick	0.15	601	552	65536	63178
Kroot_Summon_quick	0.30	696	544	65536	63172
Kroot_Summon_quick	0.50	478	296	65536	62973
Kroot_Summon_quick	0.75	413	268	65536	62955
Kroot_Summon_quick	1.00	367	217	65536	62911
Kroot_Summon_quick	1.50	13	6	65536	62745
Kroot_Summon_quick	2.00	0	0	65536	62740
Kroot_Summon_quick	3.00	0	0	65536	62740
Laser_Red	0.15	4	2	65536	62741
Laser_Red	0.30	4	2	65536	62741
Laser_Red	0.50	4	2	65536	62741
Laser_Red	0.75	4	2	65536	62741
Laser_Red	1.00	0	0	65536	62740
Laser_Red	1.50	0	0	65536	62740
Laser_Red	2.00	0	0	65536	62740
Laser_Red	3.00	0	0	65536	62740
Lasrifle Offscreen Target	0.15	0	0	65536	62740
Lasrifle Offscreen Target	0.30	0	0	65536	62740
Lasrifle Offscreen Target	0.50	0	0	65536	62740
Lasrifle Offscreen Target	0.75	0	0	65536	62740
Lasrifle Offscreen Target	1.00	0	0	65536	62740
Lasrifle Offscreen Target	1.50	0	0	65536	62740
Lasrifle Offscreen Target	2.00	0	0	65536	62740
Lasrifle Offscreen Target	3.00	0	0	65536	62740
Lasrifle_3shots	0.15	0	0	65536	62740
Lasrifle_3shots	0.30	2	1	65536	62741
Lasrifle_3shots	0.50	3	3	65536	62743
Lasrifle_3shots	0.75	7	6	65536	62745
Lasrifle_3shots	1.00	7	4	65536	62744
Lasrifle_3shots	1.50	0	0	65536	62740
Lasrifle_3shots	2.00	0	0	65536	62740
Lasrifle_3shots	3.00	0	0	65536	62740
Lasrifle_auto	0.15	0	0	65536	62740
Lasrifle_auto	0.30	4	4	65536	62744
Lasrifle_auto	0.50	4	6	65536	62745
Lasrifle_auto	0.75	8	9	65536	62748
Lasrifle_auto	1.00	12	13	65536	62751
Lasrifle_auto	1.50	12	12	65536	62750
Lasrifle_auto	2.00	12	5	65536	62743
Lasrifle_auto	3.00	0	0	65536	62740
Lasrifle_auto OLD	0.15	0	0	65536	62740
Lasrifle_auto OLD	0.30	2	3	65536	62743
Lasrifle_auto OLD	0.50	7	6	65536	62745
Lasrifle_auto OLD	0.75	7	6	65536	62745
Lasrifle_auto OLD	1.00	4	4	65536	62744
Lasrifle_auto OLD	1.50	9	4	65536	62743
Lasrifle_auto OLD	2.00	0	0	65536	62740
Lasrifle_auto OLD	3.00	0	0	65536	62740
Lasrifle_basic	0.15	2	2	65536	62742
Lasrifle_basic	0.30	5	6	65536	62745
Lasrifle_basic	0.50	5	6	65536	62745
Lasrifle_basic	0.75	14	13	65536	62752
Lasrifle_basic	1.00	16	11	65536	62749
Lasrifle_basic	1.50	0	0	65536	62740
Lasrifle_basic	2.00	0	0	65536	62740
Lasrifle_basic	3.00	0	0	65536	62740
Lasrifle_basic OLD	0.15	0	0	65536	62740
Lasrifle_basic OLD	0.30	2	2	65536	62742
Lasrifle_basic OLD	0.50	2	2	65536	62742
Lasrifle_basic OLD	0.75	8	6	65536	62746
Lasrifle_basic OLD	1.00	6	3	65536	62743
Lasrifle_basic OLD	1.50	0	0	65536	62740
Lasrifle_basic OLD	2.00	0	0	65536	62740
Lasrifle_basic OLD	3.00	0	0	65536	62740
Lasrifle_hellpistol	0.15	1	1	65536	62741
Lasrifle_hellpistol	0.30	3	2	65536	62742
Lasrifle_hellpistol	0.50	4	4	65536	62744
Lasrifle_hellpistol	0.75	8	5	65536	62744
Lasrifle_hellpistol	1.00	0	0	65536	62740
Lasrifle_hellpistol	1.50	0	0	65536	62740
Lasrifle_hellpistol	2.00	0	0	65536	62740
Lasrifle_hellpistol	3.00	0	0	65536	62740
Lasrifle_Hotshot_2shots	0.15	3	3	65536	62743
Lasrifle_Hotshot_2shots	0.30	6	6	65536	62745
Lasrifle_Hotshot_2shots	0.50	8	10	65536	62749
Lasrifle_Hotshot_2shots	0.75	18	19	65536	62757
Lasrifle_Hotshot_2shots	1.00	27	24	65536	62760
Lasrifle_Hotshot_2shots	1.50	0	0	65536	62740
Lasrifle_Hotshot_2shots	2.00	0	0	65536	62740
Lasrifle_Hotshot_2shots	3.00	0	0	65536	62740
Lasrifle_Hotshot_3shots	0.15	3	3	65536	62743
Lasrifle_Hotshot_3shots	0.30	8	7	65536	62746
Lasrifle_Hotshot_3shots	0.50	9	10	65536	62749
Lasrifle_Hotshot_3shots	0.75	19	20	65536	62758
Lasrifle_Hotshot_3shots	1.00	25	25	65536	62762
Lasrifle_Hotshot_3shots	1.50	23	18	65536	62756
Lasrifle_Hotshot_3shots	2.00	0	0	65536	62740
Lasrifle_Hotshot_3shots	3.00	0	0	65536	62740
Lasrifle_Hotshot_auto_burst	0.15	2	2	65536	62742
Lasrifle_Hotshot_auto_burst	0.30	4	5	65536	62745
Lasrifle_Hotshot_auto_burst	0.50	7	9	65536	62748
Lasrifle_Hotshot_auto_burst	0.75	12	14	65536	62752
Lasrifle_Hotshot_auto_burst	1.00	14	15	65536	62753
Lasrifle_Hotshot_auto_burst	1.50	18	7	65536	62744
Lasrifle_Hotshot_auto_burst	2.00	0	0	65536	62740
Lasrifle_Hotshot_auto_burst	3.00	0	0	65536	62740
Lasrifle_Hotshot_basic	0.15	3	3	65536	62743
Lasrifle_Hotshot_basic	0.30	7	7	65536	62746
Lasrifle_Hotshot_basic	0.50	9	10	65536	62749
Lasrifle_Hotshot_basic	0.75	17	17	65536	62755
Lasrifle_Hotshot_basic	1.00	24	16	65536	62754
Lasrifle_Hotshot_basic	1.50	0	0	65536	62740
Lasrifle_Hotshot_basic	2.00	0	0	65536	62740
Lasrifle_Hotshot_basic	3.00	0	0	65536	62740
Lasrifle_Hotshot_pistol	0.15	0	0	65536	62740
Lasrifle_Hotshot_pistol	0.30	3	3	65536	62743
Lasrifle_Hotshot_pistol	0.50	4	5	65536	62744
Lasrifle_Hotshot_pistol	0.75	8	9	65536	62748
Lasrifle_Hotshot_pistol	1.00	12	11	65536	62750
Lasrifle_Hotshot_pistol	1.50	10	8	65536	62747
Lasrifle_Hotshot_pistol	2.00	0	0	65536	62740
Lasrifle_Hotshot_pistol	3.00	0	0	65536	62740
Lasrifle_laspistol	0.15	0	0	65536	62740
Lasrifle_laspistol	0.30	2	3	65536	62743
Lasrifle_laspistol	0.50	6	7	65536	62746
Lasrifle_laspistol	0.75	13	14	65536	62752
Lasrifle_laspistol	1.00	18	17	65536	62755
Lasrifle_laspistol	1.50	14	12	65536	62751
Lasrifle_laspistol	2.00	0	0	65536	62740
Lasrifle_laspistol	3.00	0	0	65536	62740
Lasrifle_laspistol OLD	0.15	0	0	65536	62740
Lasrifle_laspistol OLD	0.30	3	3	65536	62742
Lasrifle_laspistol OLD	0.50	5	4	65536	62744
Lasrifle_laspistol OLD	0.75	6	4	65536	62743
Lasrifle_laspistol OLD	1.00	0	0	65536	62740
Lasrifle_laspistol OLD	1.50	0	0	65536	62740
Lasrifle_laspistol OLD	2.00	0	0	65536	62740
Lasrifle_laspistol OLD	3.00	0	0	65536	62740
Lasrifle_laspistol_quick	0.15	0	0	65536	62740
Lasrifle_laspistol_quick	0.30	3	3	65536	62743
Lasrifle_laspistol_quick	0.50	4	6	65536	62745
Lasrifle_laspistol_quick	0.75	9	10	65536	62749
Lasrifle_laspistol_quick	1.00	12	13	65536	62751
Lasrifle_laspistol_quick	1.50	15	6	65536	62744
Lasrifle_laspistol_quick	2.00	0	0	65536	62740
Lasrifle_laspistol_quick	3.00	0	0	65536	62740
Lasrifle_laspistol_Ursula_AA	0.15	3	4	65536	62744
Lasrifle_laspistol_Ursula_AA	0.30	6	8	65536	62747
Lasrifle_laspistol_Ursula_AA	0.50	4	6	65536	62745
Lasrifle_laspistol_Ursula_AA	0.75	5	7	65536	62746
Lasrifle_laspistol_Ursula_AA	1.00	5	6	65536	62745
Lasrifle_laspistol_Ursula_AA	1.50	0	0	65536	62740
Lasrifle_laspistol_Ursula_AA	2.00	0	0	65536	62740
Lasrifle_laspistol_Ursula_AA	3.00	0	0	65536	62740
Lasrifle_offscreen	0.15	3	5	65536	62745
Lasrifle_offscreen	0.30	3	7	65536	62745
Lasrifle_offscreen	0.50	1	2	65536	62742
Lasrifle_offscreen	0.75	2	4	65536	62743
Lasrifle_offscreen	1.00	0	0	65536	62740
Lasrifle_offscreen	1.50	0	0	65536	62740
Lasrifle_offscreen	2.00	0	0	65536	62740
Lasrifle_offscreen	3.00	0	0	65536	62740
Lasrifle_offscreen_1x	0.15	2	4	65536	62743
Lasrifle_offscreen_1x	0.30	1	2	65536	62742
Lasrifle_offscreen_1x	0.50	0	0	65536	62740
Lasrifle_offscreen_1x	0.75	0	0	65536	62740
Lasrifle_offscreen_1x	1.00	0	0	65536	62740
Lasrifle_offscreen_1x	1.50	0	0	65536	62740
Lasrifle_offscreen_1x	2.00	0	0	65536	62740
Lasrifle_offscreen_1x	3.00	0	0	65536	62740
Lasrifle_offscreen_5x	0.15	3	5	65536	62744
Lasrifle_offscreen_5x	0.30	3	6	65536	62745
Lasrifle_offscreen_5x	0.50	2	4	65536	62743
Lasrifle_offscreen_5x	0.75	1	2	65536	62742
Lasrifle_offscreen_5x	1.00	0	0	65536	62740
Lasrifle_offscreen_5x	1.50	0	0	65536	62740
Lasrifle_offscreen_5x	2.00	0	0	65536	62740
Lasrifle_offscreen_5x	3.00	0	0	65536	62740
Lightning burst webway	0.15	209	215	65536	62905
Lightning burst webway	0.30	479	370	65536	63023
Lightning burst webway	0.50	336	219	65536	62914
Lightning burst webway	0.75	165	135	65536	62847
Lightning burst webway	1.00	192	141	65536	62850
Lightning burst webway	1.50	244	178	65536	62879
Lightning burst webway	2.00	275	188	65536	62885
Lightning burst webway	3.00	253	169	65536	62868
Lightning_Green	0.15	346	279	65536	62964
Lightning_Green	0.30	472	445	65536	63098
Lightning_Green	0.50	491	463	65536	63109
Lightning_Green	0.75	496	435	65536	63088
Lightning_Green	1.00	443	394	65536	63060
Lightning_Green	1.50	429	432	65536	63083
Lightning_Green	2.00	4435	8829	65536	67491
Lightning_Green	3.00	483	360	65536	63026
LongRange_GainTrait	0.15	1155	1196	65536	63721
LongRange_GainTrait	0.30	1040	1070	65536	63619
LongRange_GainTrait	0.50	825	772	65536	63378
LongRange_GainTrait	0.75	461	388	65536	63060
LongRange_GainTrait	1.00	113	115	65536	62834
LongRange_GainTrait	1.50	63	67	65536	62792
LongRange_GainTrait	2.00	38	40	65536	62772
LongRange_GainTrait	3.00	0	0	65536	62740
LongRange_LoseTrait	0.15	0	0	65536	62740
LongRange_LoseTrait	0.30	0	0	65536	62740
LongRange_LoseTrait	0.50	0	0	65536	62740
LongRange_LoseTrait	0.75	0	0	65536	62740
LongRange_LoseTrait	1.00	0	0	65536	62740
LongRange_LoseTrait	1.50	0	0	65536	62740
LongRange_LoseTrait	2.00	1164	1572	65536	64006
LongRange_LoseTrait	3.00	1104	1497	65536	63848
MarkerlightExpire	0.15	522	464	65536	63106
MarkerlightExpire	0.30	620	634	65536	63231
MarkerlightExpire	0.50	681	687	65536	63271
MarkerlightExpire	0.75	709	665	65536	63257
MarkerlightExpire	1.00	788	822	65536	63370
MarkerlightExpire	1.50	509	410	65536	63059
MarkerlightExpire	2.00	17	6	65536	62744
MarkerlightExpire	3.00	0	0	65536	62740
MarkerlightIdle	0.15	211	190	65536	62891
MarkerlightIdle	0.30	232	264	65536	62950
MarkerlightIdle	0.50	244	281	65536	62965
MarkerlightIdle	0.75	247	254	65536	62945
MarkerlightIdle	1.00	239	263	65536	62949
MarkerlightIdle	1.50	208	244	65536	62933
MarkerlightIdle	2.00	247	296	65536	62977
MarkerlightIdle	3.00	239	276	65536	62959
MarkerlightProcEffect	0.15	1521	926	65536	63415
MarkerlightProcEffect	0.30	1669	1236	65536	63656
MarkerlightProcEffect	0.50	1775	1417	65536	63775
MarkerlightProcEffect	0.75	1762	1379	65536	63742
MarkerlightProcEffect	1.00	1958	1847	65536	64078
MarkerlightProcEffect	1.50	1826	1416	65536	63765
MarkerlightProcEffect	2.00	144	212	65536	62890
MarkerlightProcEffect	3.00	0	0	65536	62740
MarkerlightSource	0.15	210	206	65536	62899
MarkerlightSource	0.30	263	311	65536	62987
MarkerlightSource	0.50	364	393	65536	63058
MarkerlightSource	0.75	422	374	65536	63044
MarkerlightSource	1.00	75	62	65536	62784
MarkerlightSource	1.50	64	48	65536	62775
MarkerlightSource	2.00	0	0	65536	62740
MarkerlightSource	3.00	0	0	65536	62740
MarkerlightTriggerDamage	0.15	212	148	65536	62854
MarkerlightTriggerDamage	0.30	268	197	65536	62892
MarkerlightTriggerDamage	0.50	301	225	65536	62911
MarkerlightTriggerDamage	0.75	290	214	65536	62908
MarkerlightTriggerDamage	1.00	2346	1599	65536	63982
MarkerlightTriggerDamage	1.50	244	173	65536	62873
MarkerlightTriggerDamage	2.00	26	16	65536	62752
MarkerlightTriggerDamage	3.00	0	0	65536	62740
MarkOfKhorne_enchantment	0.15	12	4	65536	62743
MarkOfKhorne_enchantment	0.30	16	5	65536	62747
MarkOfKhorne_enchantment	0.50	12	4	65536	62747
MarkOfKhorne_enchantment	0.75	16	5	65536	62748
MarkOfKhorne_enchantment	1.00	10	3	65536	62748
MarkOfKhorne_enchantment	1.50	1	0	65536	62743
MarkOfKhorne_enchantment	2.00	17	7	65536	62744
MarkOfKhorne_enchantment	3.00	12	4	65536	62745
MarkOfNurgle_enchantment	0.15	0	0	65536	62740
MarkOfNurgle_enchantment	0.30	0	0	65536	62740
MarkOfNurgle_enchantment	0.50	0	0	65536	62740
MarkOfNurgle_enchantment	0.75	0	0	65536	62740
MarkOfNurgle_enchantment	1.00	0	0	65536	62740
MarkOfNurgle_enchantment	1.50	415	155	65536	62842
MarkOfNurgle_enchantment	2.00	848	323	65536	62945
MarkOfNurgle_enchantment	3.00	579	228	65536	62884
MarkOfSlaanesh_enchantment	0.15	0	0	65536	62740
MarkOfSlaanesh_enchantment	0.30	0	0	65536	62740
MarkOfSlaanesh_enchantment	0.50	150	110	65536	62833
MarkOfSlaanesh_enchantment	0.75	349	297	65536	62983
MarkOfSlaanesh_enchantment	1.00	210	175	65536	62882
MarkOfSlaanesh_enchantment	1.50	777	562	65536	63193
MarkOfSlaanesh_enchantment	2.00	713	535	65536	63167
MarkOfSlaanesh_enchantment	3.00	260	213	65536	62914
MarkOfTzeentch_enchantment	0.15	0	0	65536	62740
MarkOfTzeentch_enchantment	0.30	0	0	65536	62740
MarkOfTzeentch_enchantment	0.50	0	0	65536	62740
MarkOfTzeentch_enchantment	0.75	0	0	65536	62740
MarkOfTzeentch_enchantment	1.00	0	0	65536	62740
MarkOfTzeentch_enchantment	1.50	38	20	65536	62755
MarkOfTzeentch_enchantment	2.00	59	26	65536	62757
MarkOfTzeentch_enchantment	3.00	245	141	65536	62847
MasterOfExecutions	0.15	0	0	65536	62740
MasterOfExecutions	0.30	130	109	65536	62830
MasterOfExecutions	0.50	0	0	65536	62740
MasterOfExecutions	0.75	0	0	65536	62740
MasterOfExecutions	1.00	0	0	65536	62740
MasterOfExecutions	1.50	0	0	65536	62740
MasterOfExecutions	2.00	0	0	65536	62740
MasterOfExecutions	3.00	0	0	65536	62740
MegaBlasta	0.15	52	61	65536	62788
MegaBlasta	0.30	115	83	65536	62800
MegaBlasta	0.50	21	30	65536	62763
MegaBlasta	0.75	37	57	65536	62783
MegaBlasta	1.00	30	42	65536	62773
MegaBlasta	1.50	9	4	65536	62743
MegaBlasta	2.00	0	0	65536	62740
MegaBlasta	3.00	0	0	65536	62740
MegaBlasta_Small	0.15	110	126	65536	62849
MegaBlasta_Small	0.30	182	185	65536	62902
MegaBlasta_Small	0.50	9	6	65536	62746
MegaBlasta_Small	0.75	6	5	65536	62744
MegaBlasta_Small	1.00	0	0	65536	62740
MegaBlasta_Small	1.50	0	0	65536	62740
MegaBlasta_Small	2.00	0	0	65536	62740
MegaBlasta_Small	3.00	0	0	65536	62740
Meteor Angled	0.15	0	0	65536	62740
Meteor Angled	0.30	0	0	65536	62740
Meteor Angled	0.50	0	0	65536	62740
Meteor Angled	0.75	0	0	65536	62740
Meteor Angled	1.00	0	0	65536	62740
Meteor Angled	1.50	0	0	65536	62740
Meteor Angled	2.00	0	0	65536	62740
Meteor Angled	3.00	0	0	65536	62740
Mining_Laser	0.15	12	10	65536	62748
Mining_Laser	0.30	12	10	65536	62748
Mining_Laser	0.50	12	9	65536	62747
Mining_Laser	0.75	12	11	65536	62749
Mining_Laser	1.00	5	4	65536	62743
Mining_Laser	1.50	0	0	65536	62740
Mining_Laser	2.00	0	0	65536	62740
Mining_Laser	3.00	0	0	65536	62740
MobEffect	0.15	19	10	65536	62748
MobEffect	0.30	397	398	65536	63038
MobEffect	0.50	402	422	65536	63053
MobEffect	0.75	412	451	65536	63080
MobEffect	1.00	391	325	65536	62986
MobEffect	1.50	27	20	65536	62758
MobEffect	2.00	18	13	65536	62751
MobEffect	3.00	0	0	65536	62740
MoreDakkaEffect	0.15	1722	1006	65536	63533
MoreDakkaEffect	0.30	2233	1391	65536	63787
MoreDakkaEffect	0.50	2470	1415	65536	63780
MoreDakkaEffect	0.75	2515	1438	65536	63818
MoreDakkaEffect	1.00	2338	1246	65536	63670
MoreDakkaEffect	1.50	1755	781	65536	63295
MoreDakkaEffect	2.00	0	0	65536	62740
MoreDakkaEffect	3.00	0	0	65536	62740
Necron_Regenerate	0.15	0	0	65536	62740
Necron_Regenerate	0.30	0	0	65536	62740
Necron_Regenerate	0.50	54	47	65536	62782
Necron_Regenerate	0.75	59	66	65536	62797
Necron_Regenerate	1.00	60	64	65536	62796
Necron_Regenerate	1.50	53	61	65536	62793
Necron_Regenerate	2.00	57	68	65536	62798
Necron_Regenerate	3.00	0	0	65536	62740
NecronGauss	0.15	4	3	65536	62742
NecronGauss	0.30	4	3	65536	62742
NecronGauss	0.50	4	3	65536	62742
NecronGauss	0.75	0	0	65536	62740
NecronGauss	1.00	0	0	65536	62740
NecronGauss	1.50	0	0	65536	62740
NecronGauss	2.00	0	0	65536	62740
NecronGauss	3.00	0	0	65536	62740
NecronGauss_Damaged Hexmark	0.15	0	0	65536	62740
NecronGauss_Damaged Hexmark	0.30	14	10	65536	62748
NecronGauss_Damaged Hexmark	0.50	11	9	65536	62748
NecronGauss_Damaged Hexmark	0.75	12	9	65536	62747
NecronGauss_Damaged Hexmark	1.00	13	10	65536	62748
NecronGauss_Damaged Hexmark	1.50	0	0	65536	62740
NecronGauss_Damaged Hexmark	2.00	0	0	65536	62740
NecronGauss_Damaged Hexmark	3.00	0	0	65536	62740
NecronGauss_Deathmark	0.15	0	0	65536	62740
NecronGauss_Deathmark	0.30	2	1	65536	62741
NecronGauss_Deathmark	0.50	0	0	65536	62740
NecronGauss_Deathmark	0.75	0	0	65536	62740
NecronGauss_Deathmark	1.00	0	0	65536	62740
NecronGauss_Deathmark	1.50	0	0	65536	62740
NecronGauss_Deathmark	2.00	0	0	65536	62740
NecronGauss_Deathmark	3.00	0	0	65536	62740
NecronGauss_Double	0.15	0	0	65536	62740
NecronGauss_Double	0.30	6	5	65536	62744
NecronGauss_Double	0.50	6	6	65536	62745
NecronGauss_Double	0.75	6	5	65536	62745
NecronGauss_Double	1.00	1	0	65536	62741
NecronGauss_Double	1.50	0	0	65536	62740
NecronGauss_Double	2.00	0	0	65536	62740
NecronGauss_Double	3.00	0	0	65536	62740
NecronGauss_Hexmark	0.15	0	0	65536	62740
NecronGauss_Hexmark	0.30	12	9	65536	62748
NecronGauss_Hexmark	0.50	13	10	65536	62748
NecronGauss_Hexmark	0.75	14	9	65536	62747
NecronGauss_Hexmark	1.00	11	9	65536	62748
NecronGauss_Hexmark	1.50	0	0	65536	62741
NecronGauss_Hexmark	2.00	1	3	65536	62742
NecronGauss_Hexmark	3.00	0	0	65536	62740
NecronGauss_Imotekh_AA	0.15	6	7	65536	62746
NecronGauss_Imotekh_AA	0.30	6	7	65536	62746
NecronGauss_Imotekh_AA	0.50	10	12	65536	62749
NecronGauss_Imotekh_AA	0.75	9	10	65536	62748
NecronGauss_Imotekh_AA	1.00	8	6	65536	62745
NecronGauss_Imotekh_AA	1.50	0	0	65536	62740
NecronGauss_Imotekh_AA	2.00	0	0	65536	62740
NecronGauss_Imotekh_AA	3.00	0	0	65536	62740
NecronGauss_Large	0.15	0	0	65536	62740
NecronGauss_Large	0.30	2	2	65536	62742
NecronGauss_Large	0.50	2	2	65536	62742
NecronGauss_Large	0.75	2	2	65536	62742
NecronGauss_Large	1.00	4	3	65536	62743
NecronGauss_Large	1.50	0	0	65536	62740
NecronGauss_Large	2.00	0	0	65536	62740
NecronGauss_Large	3.00	0	0	65536	62740
NecronGauss_Tesla	0.15	0	0	65536	62740
NecronGauss_Tesla	0.30	4	3	65536	62742
NecronGauss_Tesla	0.50	4	3	65536	62742
NecronGauss_Tesla	0.75	4	3	65536	62742
NecronGauss_Tesla	1.00	4	3	65536	62742
NecronGauss_Tesla	1.50	0	0	65536	62740
NecronGauss_Tesla	2.00	0	0	65536	62740
NecronGauss_Tesla	3.00	0	0	65536	62740
NecronGauss_Tesla_Annihilation Barge	0.15	0	0	65536	62740
NecronGauss_Tesla_Annihilation Barge	0.30	8	5	65536	62743
NecronGauss_Tesla_Annihilation Barge	0.50	8	5	65536	62743
NecronGauss_Tesla_Annihilation Barge	0.75	8	5	65536	62743
NecronGauss_Tesla_Annihilation Barge	1.00	8	5	65536	62743
NecronGauss_Tesla_Annihilation Barge	1.50	0	0	65536	62740
NecronGauss_Tesla_Annihilation Barge	2.00	0	0	65536	62740
NecronGauss_Tesla_Annihilation Barge	3.00	0	0	65536	62740
NecronGauss_Trilinked	0.15	0	0	65536	62740
NecronGauss_Trilinked	0.30	4	3	65536	62743
NecronGauss_Trilinked	0.50	4	3	65536	62743
NecronGauss_Trilinked	0.75	4	3	65536	62743
NecronGauss_Trilinked	1.00	5	4	65536	62744
NecronGauss_Trilinked	1.50	0	0	65536	62740
NecronGauss_Trilinked	2.00	0	0	65536	62740
NecronGauss_Trilinked	3.00	0	0	65536	62740
NecronGauss_Twinlinked	0.15	0	0	65536	62740
NecronGauss_Twinlinked	0.30	4	3	65536	62743
NecronGauss_Twinlinked	0.50	4	3	65536	62743
NecronGauss_Twinlinked	0.75	4	3	65536	62743
NecronGauss_Twinlinked	1.00	4	4	65536	62743
NecronGauss_Twinlinked	1.50	0	0	65536	62740
NecronGauss_Twinlinked	2.00	0	0	65536	62740
NecronGauss_Twinlinked	3.00	0	0	65536	62740
Necrons death explosion	0.15	564	259	65535	62900
Necrons death explosion	0.30	329	112	65535	62662
Necrons death explosion	0.50	398	150	65532	62708
Necrons death explosion	0.75	432	149	65527	62719
Necrons death explosion	1.00	436	103	65525	62621
Necrons death explosion	1.50	262	3	65535	62499
Necrons death explosion	2.00	258	1	65535	62497
Necrons death explosion	3.00	258	1	65535	62497
NephilimShadow_Flyover	0.15	0	0	65536	62740
NephilimShadow_Flyover	0.30	0	0	65536	62740
NephilimShadow_Flyover	0.50	0	0	65536	62740
NephilimShadow_Flyover	0.75	0	0	65536	62740
NephilimShadow_Flyover	1.00	0	0	65536	62740
NephilimShadow_Flyover	1.50	0	0	65536	62740
NephilimShadow_Flyover	2.00	0	0	65536	62740
NephilimShadow_Flyover	3.00	0	0	65536	62740
Njal Blizzard Attack	0.15	65	30	65536	62764
Njal Blizzard Attack	0.30	95	58	65536	62790
Njal Blizzard Attack	0.50	242	149	65536	62863
Njal Blizzard Attack	0.75	246	161	65536	62874
Njal Blizzard Attack	1.00	324	191	65536	62893
Njal Blizzard Attack	1.50	45	20	65536	62755
Njal Blizzard Attack	2.00	0	0	65536	62741
Njal Blizzard Attack	3.00	0	0	65536	62740
NoMukkinAboutEffect	0.15	0	0	65536	62740
NoMukkinAboutEffect	0.30	0	0	65536	62740
NoMukkinAboutEffect	0.50	0	0	65536	62740
NoMukkinAboutEffect	0.75	4	2	65536	62742
NoMukkinAboutEffect	1.00	2	1	65536	62741
NoMukkinAboutEffect	1.50	0	0	65536	62740
NoMukkinAboutEffect	2.00	0	0	65536	62740
NoMukkinAboutEffect	3.00	0	0	65536	62740
Oath_Effect	0.15	214	165	65536	62864
Oath_Effect	0.30	243	197	65536	62885
Oath_Effect	0.50	246	208	65536	62893
Oath_Effect	0.75	223	172	65536	62863
Oath_Effect	1.00	76	60	65536	62786
Oath_Effect	1.50	0	0	65536	62740
Oath_Effect	2.00	0	0	65536	62740
Oath_Effect	3.00	0	0	65536	62740
Offensive_Sweeping_Infestation_Target	0.15	20	11	65536	62749
Offensive_Sweeping_Infestation_Target	0.30	78	71	65536	62795
Offensive_Sweeping_Infestation_Target	0.50	62	56	65536	62782
Offensive_Sweeping_Infestation_Target	0.75	0	0	65536	62740
Offensive_Sweeping_Infestation_Target	1.00	0	0	65536	62740
Offensive_Sweeping_Infestation_Target	1.50	0	0	65536	62740
Offensive_Sweeping_Infestation_Target	2.00	0	0	65536	62740
Offensive_Sweeping_Infestation_Target	3.00	0	0	65536	62740
Offensive_Thunderstorm Target	0.15	291	192	65536	62892
Offensive_Thunderstorm Target	0.30	54	24	65536	62760
Offensive_Thunderstorm Target	0.50	49	23	65536	62759
Offensive_Thunderstorm Target	0.75	22	9	65536	62746
Offensive_Thunderstorm Target	1.00	5	2	65536	62743
Offensive_Thunderstorm Target	1.50	0	0	65536	62740
Offensive_Thunderstorm Target	2.00	0	0	65536	62740
Offensive_Thunderstorm Target	3.00	0	0	65536	62740
Orbital 3 repeat	0.15	0	0	65536	62740
Orbital 3 repeat	0.30	0	0	65536	62740
Orbital 3 repeat	0.50	0	0	65536	62740
Orbital 3 repeat	0.75	0	0	65536	62740
Orbital 3 repeat	1.00	0	0	65536	62740
Orbital 3 repeat	1.50	0	0	65536	62740
Orbital 3 repeat	2.00	0	0	65536	62740
Orbital 3 repeat	3.00	0	0	65536	62740
Orbital 4 repeat	0.15	0	0	65536	62740
Orbital 4 repeat	0.30	0	0	65536	62740
Orbital 4 repeat	0.50	0	0	65536	62740
Orbital 4 repeat	0.75	0	0	65536	62740
Orbital 4 repeat	1.00	0	0	65536	62740
Orbital 4 repeat	1.50	0	0	65536	62740
Orbital 4 repeat	2.00	0	0	65536	62740
Orbital 4 repeat	3.00	0	0	65536	62740
Orbital Bombardment Enemy Warlord	0.15	0	0	65536	62741
Orbital Bombardment Enemy Warlord	0.30	7	2	65536	62741
Orbital Bombardment Enemy Warlord	0.50	9	3	65536	62742
Orbital Bombardment Enemy Warlord	0.75	14	5	65536	62743
Orbital Bombardment Enemy Warlord	1.00	12	6	65536	62744
Orbital Bombardment Enemy Warlord	1.50	12	7	65536	62745
Orbital Bombardment Enemy Warlord	2.00	13	9	65536	62747
Orbital Bombardment Enemy Warlord	3.00	12	12	65536	62749
Orbital Bombardment Target	0.15	0	0	65536	62741
Orbital Bombardment Target	0.30	7	2	65536	62742
Orbital Bombardment Target	0.50	9	3	65536	62742
Orbital Bombardment Target	0.75	16	6	65536	62743
Orbital Bombardment Target	1.00	12	6	65536	62744
Orbital Bombardment Target	1.50	11	8	65536	62745
Orbital Bombardment Target	2.00	14	9	65536	62746
Orbital Bombardment Target	3.00	14	11	65536	62748
Ork Environmental Condition Dust	0.15	497	210	65536	62890
Ork Environmental Condition Dust	0.30	833	372	65536	62983
Ork Environmental Condition Dust	0.50	1093	524	65536	63065
Ork Environmental Condition Dust	0.75	1220	593	65536	63089
Ork Environmental Condition Dust	1.00	1250	609	65536	63089
Ork Environmental Condition Dust	1.50	1057	511	65536	63049
Ork Environmental Condition Dust	2.00	92	51	65536	62780
Ork Environmental Condition Dust	3.00	84	43	65536	62773
Ork Environmental Condition Spore Clouds	0.15	1	0	65536	62740
Ork Environmental Condition Spore Clouds	0.30	2	1	65536	62741
Ork Environmental Condition Spore Clouds	0.50	2	1	65536	62741
Ork Environmental Condition Spore Clouds	0.75	1	0	65536	62742
Ork Environmental Condition Spore Clouds	1.00	9	3	65536	62744
Ork Environmental Condition Spore Clouds	1.50	23	9	65536	62748
Ork Environmental Condition Spore Clouds	2.00	30	12	65536	62752
Ork Environmental Condition Spore Clouds	3.00	116	54	65536	62781
Ork_Rocket	0.15	1	2	65536	62742
Ork_Rocket	0.30	1	2	65536	62742
Ork_Rocket	0.50	0	0	65536	62740
Ork_Rocket	0.75	0	0	65536	62740
Ork_Rocket	1.00	0	0	65536	62740
Ork_Rocket	1.50	0	0	65536	62740
Ork_Rocket	2.00	0	0	65536	62740
Ork_Rocket	3.00	0	0	65536	62740
Ork_RocketDown	0.15	1	2	65536	62742
Ork_RocketDown	0.30	1	2	65536	62742
Ork_RocketDown	0.50	0	0	65536	62740
Ork_RocketDown	0.75	1	3	65536	62742
Ork_RocketDown	1.00	13	8	65536	62745
Ork_RocketDown	1.50	2	1	65536	62741
Ork_RocketDown	2.00	0	0	65536	62740
Ork_RocketDown	3.00	0	0	65536	62740
Ork_RocketUp	0.15	0	0	65536	62740
Ork_RocketUp	0.30	0	0	65536	62740
Ork_RocketUp	0.50	0	0	65536	62740
Ork_RocketUp	0.75	0	0	65536	62740
Ork_RocketUp	1.00	0	0	65536	62740
Ork_RocketUp	1.50	0	0	65536	62740
Ork_RocketUp	2.00	0	0	65536	62740
Ork_RocketUp	3.00	0	0	65536	62740
Ork_Squiggoth_Charge	0.15	0	0	65536	62740
Ork_Squiggoth_Charge	0.30	0	0	65536	62740
Ork_Squiggoth_Charge	0.50	0	0	65536	62740
Ork_Squiggoth_Charge	0.75	0	0	65536	62740
Ork_Squiggoth_Charge	1.00	0	0	65536	62740
Ork_Squiggoth_Charge	1.50	0	0	65536	62740
Ork_Squiggoth_Charge	2.00	0	0	65536	62740
Ork_Squiggoth_Charge	3.00	0	0	65536	62740
Ork_StormboyzStrike	0.15	0	0	65536	62740
Ork_StormboyzStrike	0.30	0	0	65536	62740
Ork_StormboyzStrike	0.50	0	0	65536	62740
Ork_StormboyzStrike	0.75	1	2	65536	62742
Ork_StormboyzStrike	1.00	0	0	65536	62740
Ork_StormboyzStrike	1.50	0	0	65536	62740
Ork_StormboyzStrike	2.00	0	0	65536	62740
Ork_StormboyzStrike	3.00	0	0	65536	62740
Ork_Target	0.15	150	161	65536	62869
Ork_Target	0.30	521	399	65536	63031
Ork_Target	0.50	560	374	65536	63007
Ork_Target	0.75	519	293	65536	62928
Ork_Target	1.00	295	147	65536	62840
Ork_Target	1.50	0	0	65536	62740
Ork_Target	2.00	0	0	65536	62740
Ork_Target	3.00	0	0	65536	62740
Ork_Trampla_Charge	0.15	0	0	65536	62740
Ork_Trampla_Charge	0.30	0	0	65536	62740
Ork_Trampla_Charge	0.50	0	0	65536	62740
Ork_Trampla_Charge	0.75	0	0	65536	62740
Ork_Trampla_Charge	1.00	0	0	65536	62740
Ork_Trampla_Charge	1.50	0	0	65536	62740
Ork_Trampla_Charge	2.00	0	0	65536	62740
Ork_Trampla_Charge	3.00	0	0	65536	62740
OrkBuff_KrumpDaGitz	0.15	118	88	65536	62810
OrkBuff_KrumpDaGitz	0.30	160	138	65536	62846
OrkBuff_KrumpDaGitz	0.50	524	458	65536	63107
OrkBuff_KrumpDaGitz	0.75	577	601	65536	63223
OrkBuff_KrumpDaGitz	1.00	639	648	65536	63260
OrkBuff_KrumpDaGitz	1.50	605	552	65536	63194
OrkBuff_KrumpDaGitz	2.00	561	451	65536	63123
OrkBuff_KrumpDaGitz	3.00	0	0	65536	62740
OrkBuff_Recall	0.15	150	111	65536	62819
OrkBuff_Recall	0.30	175	192	65536	62886
OrkBuff_Recall	0.50	179	297	65536	62969
OrkBuff_Recall	0.75	1107	851	65536	63352
OrkBuff_Recall	1.00	902	471	65536	63030
OrkBuff_Recall	1.50	3	2	65536	62741
OrkBuff_Recall	2.00	0	0	65536	62740
OrkBuff_Recall	3.00	0	0	65536	62740
OrkBuff_Snakebitez_1	0.15	418	448	65536	63106
OrkBuff_Snakebitez_1	0.30	496	485	65536	63129
OrkBuff_Snakebitez_1	0.50	490	452	65536	63100
OrkBuff_Snakebitez_1	0.75	425	289	65536	62971
OrkBuff_Snakebitez_1	1.00	77	30	65536	62762
OrkBuff_Snakebitez_1	1.50	0	0	65536	62740
OrkBuff_Snakebitez_1	2.00	0	0	65536	62740
OrkBuff_Snakebitez_1	3.00	0	0	65536	62740
OrkBuff_Snakebitez_1_2D_SFX	0.15	427	436	65536	63095
OrkBuff_Snakebitez_1_2D_SFX	0.30	459	473	65536	63123
OrkBuff_Snakebitez_1_2D_SFX	0.50	494	443	65536	63092
OrkBuff_Snakebitez_1_2D_SFX	0.75	477	315	65536	62989
OrkBuff_Snakebitez_1_2D_SFX	1.00	65	24	65536	62756
OrkBuff_Snakebitez_1_2D_SFX	1.50	0	0	65536	62740
OrkBuff_Snakebitez_1_2D_SFX	2.00	0	0	65536	62740
OrkBuff_Snakebitez_1_2D_SFX	3.00	0	0	65536	62740
OrkBuff_Snakebitez_1_NoIcon	0.15	336	303	65536	62992
OrkBuff_Snakebitez_1_NoIcon	0.30	379	347	65536	63025
OrkBuff_Snakebitez_1_NoIcon	0.50	406	352	65536	63027
OrkBuff_Snakebitez_1_NoIcon	0.75	444	273	65536	62955
OrkBuff_Snakebitez_1_NoIcon	1.00	60	24	65536	62759
OrkBuff_Snakebitez_1_NoIcon	1.50	0	0	65536	62740
OrkBuff_Snakebitez_1_NoIcon	2.00	0	0	65536	62740
OrkBuff_Snakebitez_1_NoIcon	3.00	0	0	65536	62740
OrkBuff_Snakebitez_1_Quick	0.15	39	44	65536	62776
OrkBuff_Snakebitez_1_Quick	0.30	123	122	65536	62830
OrkBuff_Snakebitez_1_Quick	0.50	160	146	65536	62849
OrkBuff_Snakebitez_1_Quick	0.75	177	99	65536	62810
OrkBuff_Snakebitez_1_Quick	1.00	43	16	65536	62752
OrkBuff_Snakebitez_1_Quick	1.50	0	0	65536	62740
OrkBuff_Snakebitez_1_Quick	2.00	0	0	65536	62740
OrkBuff_Snakebitez_1_Quick	3.00	0	0	65536	62740
OrkBuff_Snakebitez_2	0.15	71	121	65536	62834
OrkBuff_Snakebitez_2	0.30	67	116	65536	62830
OrkBuff_Snakebitez_2	0.50	75	100	65536	62819
OrkBuff_Snakebitez_2	0.75	615	508	65536	63161
OrkBuff_Snakebitez_2	1.00	568	379	65536	63054
OrkBuff_Snakebitez_2	1.50	4	2	65536	62742
OrkBuff_Snakebitez_2	2.00	1	0	65536	62741
OrkBuff_Snakebitez_2	3.00	0	0	65536	62740
OrkBuff_Snakebitez_2_Intense	0.15	129	217	65536	62909
OrkBuff_Snakebitez_2_Intense	0.30	137	230	65536	62916
OrkBuff_Snakebitez_2_Intense	0.50	131	209	65536	62903
OrkBuff_Snakebitez_2_Intense	0.75	723	735	65536	63335
OrkBuff_Snakebitez_2_Intense	1.00	708	624	65536	63249
OrkBuff_Snakebitez_2_Intense	1.50	22	11	65536	62747
OrkBuff_Snakebitez_2_Intense	2.00	0	0	65536	62740
OrkBuff_Snakebitez_2_Intense	3.00	0	0	65536	62740
OrkBuffGreenWaaagh	0.15	954	995	65536	63515
OrkBuffGreenWaaagh	0.30	1134	943	65536	63445
OrkBuffGreenWaaagh	0.50	1106	836	65536	63340
OrkBuffGreenWaaagh	0.75	1092	696	65536	63234
OrkBuffGreenWaaagh	1.00	315	179	65536	62884
OrkBuffGreenWaaagh	1.50	24	14	65536	62751
OrkBuffGreenWaaagh	2.00	2	1	65536	62741
OrkBuffGreenWaaagh	3.00	0	0	65536	62740
Pack_WhileInPlay	0.15	0	0	65536	62740
Pack_WhileInPlay	0.30	0	0	65536	62740
Pack_WhileInPlay	0.50	3	3	65536	62743
Pack_WhileInPlay	0.75	5	6	65536	62746
Pack_WhileInPlay	1.00	2	3	65536	62743
Pack_WhileInPlay	1.50	3	4	65536	62744
Pack_WhileInPlay	2.00	2	3	65536	62743
Pack_WhileInPlay	3.00	3	4	65536	62744
PathOfCommand_buff	0.15	58	58	65536	62789
PathOfCommand_buff	0.30	53	45	65536	62777
PathOfCommand_buff	0.50	63	63	65536	62792
PathOfCommand_buff	0.75	33	43	65536	62776
PathOfCommand_buff	1.00	39	48	65536	62779
PathOfCommand_buff	1.50	35	36	65536	62769
PathOfCommand_buff	2.00	36	35	65536	62769
PathOfCommand_buff	3.00	0	0	65536	62740
PathOfTheSeer	0.15	77	90	65536	62814
PathOfTheSeer	0.30	80	89	65536	62813
PathOfTheSeer	0.50	71	78	65536	62804
PathOfTheSeer	0.75	20	19	65536	62756
PathOfTheSeer	1.00	76	80	65536	62806
PathOfTheSeer	1.50	63	64	65536	62792
PathOfTheSeer	2.00	1152	1259	65536	63750
PathOfTheSeer	3.00	11	9	65536	62748
PathOfTheSeer_BG-effect	0.15	77	90	65536	62814
PathOfTheSeer_BG-effect	0.30	80	89	65536	62813
PathOfTheSeer_BG-effect	0.50	70	78	65536	62804
PathOfTheSeer_BG-effect	0.75	22	21	65536	62758
PathOfTheSeer_BG-effect	1.00	77	81	65536	62807
PathOfTheSeer_BG-effect	1.50	61	62	65536	62791
PathOfTheSeer_BG-effect	2.00	1152	1259	65536	63749
PathOfTheSeer_BG-effect	3.00	7	5	65536	62745
PathOfTheSeerGreen	0.15	78	84	65536	62809
PathOfTheSeerGreen	0.30	84	88	65536	62812
PathOfTheSeerGreen	0.50	69	75	65536	62802
PathOfTheSeerGreen	0.75	22	21	65536	62758
PathOfTheSeerGreen	1.00	80	87	65536	62812
PathOfTheSeerGreen	1.50	62	69	65536	62797
PathOfTheSeerGreen	2.00	1144	1212	65536	63716
PathOfTheSeerGreen	3.00	9	7	65536	62746
PathOfTheSeerRed	0.15	81	88	65536	62812
PathOfTheSeerRed	0.30	81	90	65536	62814
PathOfTheSeerRed	0.50	66	77	65536	62805
PathOfTheSeerRed	0.75	21	21	65536	62758
PathOfTheSeerRed	1.00	85	93	65536	62816
PathOfTheSeerRed	1.50	70	75	65536	62802
PathOfTheSeerRed	2.00	1139	1199	65536	63710
PathOfTheSeerRed	3.00	9	7	65536	62746
PathOfTheWarrior_Projectile	0.15	1602	1483	65536	63912
PathOfTheWarrior_Projectile	0.30	2549	1895	65536	64115
PathOfTheWarrior_Projectile	0.50	3336	2084	65536	64159
PathOfTheWarrior_Projectile	0.75	2441	1144	65536	63495
PathOfTheWarrior_Projectile	1.00	12	15	65536	62753
PathOfTheWarrior_Projectile	1.50	537	469	65536	63096
PathOfTheWarrior_Projectile	2.00	541	486	65536	63109
PathOfTheWarrior_Projectile	3.00	0	0	65536	62740
PenitenceEffect	0.15	14	22	65536	62757
PenitenceEffect	0.30	72	120	65536	62831
PenitenceEffect	0.50	130	205	65536	62898
PenitenceEffect	0.75	874	1038	65536	63508
PenitenceEffect	1.00	716	490	65536	62978
PenitenceEffect	1.50	172	285	65536	62953
PenitenceEffect	2.00	0	0	65536	62740
PenitenceEffect	3.00	0	0	65536	62740
PinDownEffect	0.15	69	83	65536	62782
PinDownEffect	0.30	71	86	65536	62766
PinDownEffect	0.50	98	93	65536	62758
PinDownEffect	0.75	113	98	65536	62757
PinDownEffect	1.00	115	102	65536	62766
PinDownEffect	1.50	108	107	65536	62799
PinDownEffect	2.00	105	113	65536	62803
PinDownEffect	3.00	108	100	65536	62794
Plasma_basic OLD	0.15	289	329	65536	63025
Plasma_basic OLD	0.30	35	40	65536	62772
Plasma_basic OLD	0.50	29	34	65536	62767
Plasma_basic OLD	0.75	24	29	65536	62763
Plasma_basic OLD	1.00	0	0	65536	62740
Plasma_basic OLD	1.50	0	0	65536	62740
Plasma_basic OLD	2.00	0	0	65536	62740
Plasma_basic OLD	3.00	0	0	65536	62740
Plasma_basic_blue	0.15	49	59	65536	62790
Plasma_basic_blue	0.30	121	123	65536	62848
Plasma_basic_blue	0.50	17	15	65536	62753
Plasma_basic_blue	0.75	15	13	65536	62751
Plasma_basic_blue	1.00	4	1	65536	62742
Plasma_basic_blue	1.50	0	0	65536	62740
Plasma_basic_blue	2.00	0	0	65536	62740
Plasma_basic_blue	3.00	0	0	65536	62740
Plasma_basic_blue_double	0.15	121	146	65536	62865
Plasma_basic_blue_double	0.30	100	135	65536	62855
Plasma_basic_blue_double	0.50	121	143	65536	62864
Plasma_basic_blue_double	0.75	121	117	65536	62842
Plasma_basic_blue_double	1.00	132	124	65536	62848
Plasma_basic_blue_double	1.50	0	0	65536	62740
Plasma_basic_blue_double	2.00	0	0	65536	62740
Plasma_basic_blue_double	3.00	0	0	65536	62740
Plasma_basic_blue_triple	0.15	100	122	65536	62845
Plasma_basic_blue_triple	0.30	100	128	65536	62849
Plasma_basic_blue_triple	0.50	100	123	65536	62846
Plasma_basic_blue_triple	0.75	100	101	65536	62828
Plasma_basic_blue_triple	1.00	121	112	65536	62837
Plasma_basic_blue_triple	1.50	12	10	65536	62748
Plasma_basic_blue_triple	2.00	0	0	65536	62740
Plasma_basic_blue_triple	3.00	0	0	65536	62740
Plasma_basic_blue_twinlink	0.15	70	92	65536	62817
Plasma_basic_blue_twinlink	0.30	154	175	65536	62891
Plasma_basic_blue_twinlink	0.50	32	30	65536	62765
Plasma_basic_blue_twinlink	0.75	32	27	65536	62763
Plasma_basic_blue_twinlink	1.00	9	3	65536	62744
Plasma_basic_blue_twinlink	1.50	0	0	65536	62740
Plasma_basic_blue_twinlink	2.00	0	0	65536	62740
Plasma_basic_blue_twinlink	3.00	0	0	65536	62740
Plasma_basic_burst_turqoise	0.15	44	56	65536	62787
Plasma_basic_burst_turqoise	0.30	102	121	65536	62843
Plasma_basic_burst_turqoise	0.50	114	131	65536	62851
Plasma_basic_burst_turqoise	0.75	135	133	65536	62854
Plasma_basic_burst_turqoise	1.00	41	33	65536	62766
Plasma_basic_burst_turqoise	1.50	0	0	65536	62740
Plasma_basic_burst_turqoise	2.00	0	0	65536	62740
Plasma_basic_burst_turqoise	3.00	0	0	65536	62740
Plasma_basic_pink	0.15	36	45	65536	62778
Plasma_basic_pink	0.30	100	105	65536	62831
Plasma_basic_pink	0.50	14	14	65536	62752
Plasma_basic_pink	0.75	13	12	65536	62750
Plasma_basic_pink	1.00	0	0	65536	62741
Plasma_basic_pink	1.50	0	0	65536	62740
Plasma_basic_pink	2.00	0	0	65536	62740
Plasma_basic_pink	3.00	0	0	65536	62740
Plasma_basic_pink OLD	0.15	289	329	65536	63025
Plasma_basic_pink OLD	0.30	35	40	65536	62772
Plasma_basic_pink OLD	0.50	29	34	65536	62767
Plasma_basic_pink OLD	0.75	24	29	65536	62763
Plasma_basic_pink OLD	1.00	0	0	65536	62740
Plasma_basic_pink OLD	1.50	0	0	65536	62740
Plasma_basic_pink OLD	2.00	0	0	65536	62740
Plasma_basic_pink OLD	3.00	0	0	65536	62740
Plasma_basic_red	0.15	36	44	65536	62778
Plasma_basic_red	0.30	100	103	65536	62830
Plasma_basic_red	0.50	17	14	65536	62752
Plasma_basic_red	0.75	16	13	65536	62751
Plasma_basic_red	1.00	2	1	65536	62741
Plasma_basic_red	1.50	0	0	65536	62740
Plasma_basic_red	2.00	0	0	65536	62740
Plasma_basic_red	3.00	0	0	65536	62740
Plasma_basic_turqoise	0.15	36	48	65536	62780
Plasma_basic_turqoise	0.30	100	108	65536	62833
Plasma_basic_turqoise	0.50	17	18	65536	62755
Plasma_basic_turqoise	0.75	18	16	65536	62754
Plasma_basic_turqoise	1.00	5	2	65536	62742
Plasma_basic_turqoise	1.50	0	0	65536	62740
Plasma_basic_turqoise	2.00	0	0	65536	62740
Plasma_basic_turqoise	3.00	0	0	65536	62740
Plasma_basic_yellow	0.15	36	53	65536	62784
Plasma_basic_yellow	0.30	100	109	65536	62834
Plasma_basic_yellow	0.50	21	18	65536	62755
Plasma_basic_yellow	0.75	16	14	65536	62752
Plasma_basic_yellow	1.00	0	0	65536	62741
Plasma_basic_yellow	1.50	0	0	65536	62740
Plasma_basic_yellow	2.00	0	0	65536	62740
Plasma_basic_yellow	3.00	0	0	65536	62740
Plasma_blue_pointblank	0.15	196	250	65536	62954
Plasma_blue_pointblank	0.30	196	265	65536	62962
Plasma_blue_pointblank	0.50	144	205	65536	62908
Plasma_blue_pointblank	0.75	196	189	65536	62905
Plasma_blue_pointblank	1.00	196	184	65536	62900
Plasma_blue_pointblank	1.50	0	0	65536	62740
Plasma_blue_pointblank	2.00	0	0	65536	62740
Plasma_blue_pointblank	3.00	0	0	65536	62740
Plasma_blue_pointblank_double	0.15	196	252	65536	62955
Plasma_blue_pointblank_double	0.30	196	255	65536	62956
Plasma_blue_pointblank_double	0.50	196	266	65536	62963
Plasma_blue_pointblank_double	0.75	240	292	65536	62981
Plasma_blue_pointblank_double	1.00	196	207	65536	62916
Plasma_blue_pointblank_double	1.50	0	0	65536	62740
Plasma_blue_pointblank_double	2.00	0	0	65536	62740
Plasma_blue_pointblank_double	3.00	0	0	65536	62740
Plasma_triple_Azrael_AA	0.15	20	27	65536	62762
Plasma_triple_Azrael_AA	0.30	24	30	65536	62764
Plasma_triple_Azrael_AA	0.50	25	32	65536	62765
Plasma_triple_Azrael_AA	0.75	24	33	65536	62765
Plasma_triple_Azrael_AA	1.00	29	31	65536	62766
Plasma_triple_Azrael_AA	1.50	26	21	65536	62758
Plasma_triple_Azrael_AA	2.00	20	12	65536	62750
Plasma_triple_Azrael_AA	3.00	0	0	65536	62740
Plasmancer_Damage	0.15	509	339	65536	63017
Plasmancer_Damage	0.30	783	684	65536	63246
Plasmancer_Damage	0.50	821	830	65536	63364
Plasmancer_Damage	0.75	4452	4411	65536	65929
Plasmancer_Damage	1.00	1508	922	65536	63370
Plasmancer_Damage	1.50	657	267	65536	62908
Plasmancer_Damage	2.00	4	1	65536	62749
Plasmancer_Damage	3.00	0	0	65536	62740
Possession_self	0.15	13	4	65536	62742
Possession_self	0.30	29	9	65536	62744
Possession_self	0.50	49	16	65536	62746
Possession_self	0.75	64	23	65536	62750
Possession_self	1.00	62	22	65536	62749
Possession_self	1.50	57	15	65536	62739
Possession_self	2.00	2294	1292	65536	63635
Possession_self	3.00	2	3	65536	62742
Pray_Exit	0.15	260	200	65536	62901
Pray_Exit	0.30	280	222	65536	62919
Pray_Exit	0.50	325	246	65536	62936
Pray_Exit	0.75	359	271	65536	62953
Pray_Exit	1.00	383	280	65536	62959
Pray_Exit	1.50	423	247	65536	62925
Pray_Exit	2.00	186	122	65536	62832
Pray_Exit	3.00	26	14	65536	62756
Pray_Idle	0.15	478	509	65536	63152
Pray_Idle	0.30	482	511	65536	63153
Pray_Idle	0.50	487	513	65536	63155
Pray_Idle	0.75	491	516	65536	63157
Pray_Idle	1.00	489	515	65536	63157
Pray_Idle	1.50	489	515	65536	63157
Pray_Idle	2.00	498	522	65536	63161
Pray_Idle	3.00	492	519	65536	63160
Pray_Start	0.15	335	181	65536	62883
Pray_Start	0.30	360	197	65536	62895
Pray_Start	0.50	363	204	65536	62899
Pray_Start	0.75	339	195	65536	62893
Pray_Start	1.00	340	194	65536	62892
Pray_Start	1.50	255	142	65536	62851
Pray_Start	2.00	28	20	65536	62756
Pray_Start	3.00	0	0	65536	62740
Pray_Success	0.15	174	90	65536	62814
Pray_Success	0.30	243	133	65536	62846
Pray_Success	0.50	335	205	65536	62903
Pray_Success	0.75	396	255	65536	62938
Pray_Success	1.00	434	294	65536	62968
Pray_Success	1.50	481	376	65536	63032
Pray_Success	2.00	506	401	65536	63058
Pray_Success	3.00	48	25	65536	62759
Protocol Base	0.15	43	17	65536	62751
Protocol Base	0.30	68	28	65536	62757
Protocol Base	0.50	82	37	65536	62762
Protocol Base	0.75	80	37	65536	62762
Protocol Base	1.00	86	40	65536	62764
Protocol Base	1.50	294	182	65536	62868
Protocol Base	2.00	168	94	65536	62799
Protocol Base	3.00	0	0	65536	62740
Psychic_Lightning	0.15	144	116	65536	62824
Psychic_Lightning	0.30	336	253	65536	62925
Psychic_Lightning	0.50	403	284	65536	62951
Psychic_Lightning	0.75	8	6	65536	62746
Psychic_Lightning	1.00	12	18	65536	62754
Psychic_Lightning	1.50	0	0	65536	62740
Psychic_Lightning	2.00	0	0	65536	62740
Psychic_Lightning	3.00	0	0	65536	62740
Psychic_Lightning_blast	0.15	2174	1601	65536	63938
Psychic_Lightning_blast	0.30	3376	2189	65536	64354
Psychic_Lightning_blast	0.50	259	187	65536	62895
Psychic_Lightning_blast	0.75	0	0	65536	62740
Psychic_Lightning_blast	1.00	0	0	65536	62740
Psychic_Lightning_blast	1.50	0	0	65536	62740
Psychic_Lightning_blast	2.00	0	0	65536	62740
Psychic_Lightning_blast	3.00	0	0	65536	62740
Psychic_Lightning_blast_chaos	0.15	2626	2397	65536	64621
Psychic_Lightning_blast_chaos	0.30	2976	2410	65536	64595
Psychic_Lightning_blast_chaos	0.50	337	155	65536	62852
Psychic_Lightning_blast_chaos	0.75	0	0	65536	62740
Psychic_Lightning_blast_chaos	1.00	0	0	65536	62740
Psychic_Lightning_blast_chaos	1.50	0	0	65536	62740
Psychic_Lightning_blast_chaos	2.00	0	0	65536	62740
Psychic_Lightning_blast_chaos	3.00	0	0	65536	62740
Psychic_Lightning_chaos	0.15	118	58	65536	62785
Psychic_Lightning_chaos	0.30	42	17	65536	62754
Psychic_Lightning_chaos	0.50	75	29	65536	62762
Psychic_Lightning_chaos	0.75	0	0	65536	62740
Psychic_Lightning_chaos	1.00	0	0	65536	62740
Psychic_Lightning_chaos	1.50	0	0	65536	62740
Psychic_Lightning_chaos	2.00	0	0	65536	62740
Psychic_Lightning_chaos	3.00	0	0	65536	62740
Psychic_Lightning_down	0.15	1092	791	65536	63333
Psychic_Lightning_down	0.30	910	599	65536	63192
Psychic_Lightning_down	0.50	956	598	65536	63192
Psychic_Lightning_down	0.75	24	19	65536	62756
Psychic_Lightning_down	1.00	0	0	65536	62740
Psychic_Lightning_down	1.50	0	0	65536	62740
Psychic_Lightning_down	2.00	0	0	65536	62740
Psychic_Lightning_down	3.00	0	0	65536	62740
Psychic_Lightning_down_Intense_white	0.15	168	226	65536	62914
Psychic_Lightning_down_Intense_white	0.30	129	177	65536	62884
Psychic_Lightning_down_Intense_white	0.50	217	308	65536	62987
Psychic_Lightning_down_Intense_white	0.75	299	429	65536	63096
Psychic_Lightning_down_Intense_white	1.00	0	0	65536	62740
Psychic_Lightning_down_Intense_white	1.50	0	0	65536	62740
Psychic_Lightning_down_Intense_white	2.00	0	0	65536	62740
Psychic_Lightning_down_Intense_white	3.00	0	0	65536	62740
Psychic_Lightning_down_Waaagh_Green	0.15	80	89	65536	62813
Psychic_Lightning_down_Waaagh_Green	0.30	54	46	65536	62778
Psychic_Lightning_down_Waaagh_Green	0.50	51	47	65536	62780
Psychic_Lightning_down_Waaagh_Green	0.75	0	0	65536	62740
Psychic_Lightning_down_Waaagh_Green	1.00	0	0	65536	62740
Psychic_Lightning_down_Waaagh_Green	1.50	0	0	65536	62740
Psychic_Lightning_down_Waaagh_Green	2.00	0	0	65536	62740
Psychic_Lightning_down_Waaagh_Green	3.00	0	0	65536	62740
Psychic_Lightning_Genestealer	0.15	26	20	65536	62756
Psychic_Lightning_Genestealer	0.30	271	271	65536	62956
Psychic_Lightning_Genestealer	0.50	175	216	65536	62906
Psychic_Lightning_Genestealer	0.75	96	138	65536	62845
Psychic_Lightning_Genestealer	1.00	121	173	65536	62868
Psychic_Lightning_Genestealer	1.50	48	36	65536	62771
Psychic_Lightning_Genestealer	2.00	0	0	65536	62740
Psychic_Lightning_Genestealer	3.00	0	0	65536	62740
Psychic_Lightning_Genestealer_Benefictus	0.15	168	297	65536	62954
Psychic_Lightning_Genestealer_Benefictus	0.30	437	433	65536	63085
Psychic_Lightning_Genestealer_Benefictus	0.50	249	379	65536	63016
Psychic_Lightning_Genestealer_Benefictus	0.75	219	288	65536	62952
Psychic_Lightning_Genestealer_Benefictus	1.00	84	99	65536	62816
Psychic_Lightning_Genestealer_Benefictus	1.50	100	84	65536	62810
Psychic_Lightning_Genestealer_Benefictus	2.00	0	0	65536	62740
Psychic_Lightning_Genestealer_Benefictus	3.00	0	0	65536	62740
Psychic_Lightning_NornEmissary	0.15	64	55	65536	62784
Psychic_Lightning_NornEmissary	0.30	54	56	65536	62784
Psychic_Lightning_NornEmissary	0.50	261	239	65536	62933
Psychic_Lightning_NornEmissary	0.75	336	187	65536	62879
Psychic_Lightning_NornEmissary	1.00	24	28	65536	62761
Psychic_Lightning_NornEmissary	1.50	4	2	65536	62742
Psychic_Lightning_NornEmissary	2.00	0	0	65536	62740
Psychic_Lightning_NornEmissary	3.00	0	0	65536	62740
Psychic_Lightning_Purple	0.15	421	367	65536	63035
Psychic_Lightning_Purple	0.30	561	322	65536	62977
Psychic_Lightning_Purple	0.50	336	246	65536	62936
Psychic_Lightning_Purple	0.75	49	83	65536	62803
Psychic_Lightning_Purple	1.00	8	11	65536	62749
Psychic_Lightning_Purple	1.50	0	0	65536	62740
Psychic_Lightning_Purple	2.00	0	0	65536	62740
Psychic_Lightning_Purple	3.00	0	0	65536	62740
Psychic_Lightning_Red	0.15	238	173	65536	62882
Psychic_Lightning_Red	0.30	63	48	65536	62776
Psychic_Lightning_Red	0.50	46	60	65536	62785
Psychic_Lightning_Red	0.75	39	59	65536	62786
Psychic_Lightning_Red	1.00	20	33	65536	62766
Psychic_Lightning_Red	1.50	0	0	65536	62740
Psychic_Lightning_Red	2.00	0	0	65536	62740
Psychic_Lightning_Red	3.00	0	0	65536	62740
Psychic_Lightning_Swarmlord	0.15	61	54	65536	62785
Psychic_Lightning_Swarmlord	0.30	224	157	65536	62866
Psychic_Lightning_Swarmlord	0.50	365	253	65536	62944
Psychic_Lightning_Swarmlord	0.75	39	44	65536	62775
Psychic_Lightning_Swarmlord	1.00	24	25	65536	62759
Psychic_Lightning_Swarmlord	1.50	4	2	65536	62741
Psychic_Lightning_Swarmlord	2.00	0	0	65536	62740
Psychic_Lightning_Swarmlord	3.00	0	0	65536	62740
Psychic_Lightning_Tyranid	0.15	72	59	65536	62786
Psychic_Lightning_Tyranid	0.30	209	166	65536	62873
Psychic_Lightning_Tyranid	0.50	326	265	65536	62949
Psychic_Lightning_Tyranid	0.75	253	192	65536	62889
Psychic_Lightning_Tyranid	1.00	26	28	65536	62762
Psychic_Lightning_Tyranid	1.50	4	2	65536	62741
Psychic_Lightning_Tyranid	2.00	0	0	65536	62740
Psychic_Lightning_Tyranid	3.00	0	0	65536	62740
Psychic_Lightning_Waaagh	0.15	0	0	65536	62740
Psychic_Lightning_Waaagh	0.30	0	0	65536	62740
Psychic_Lightning_Waaagh	0.50	0	0	65536	62740
Psychic_Lightning_Waaagh	0.75	0	0	65536	62740
Psychic_Lightning_Waaagh	1.00	0	0	65536	62740
Psychic_Lightning_Waaagh	1.50	0	0	65536	62740
Psychic_Lightning_Waaagh	2.00	0	0	65536	62740
Psychic_Lightning_Waaagh	3.00	0	0	65536	62740
Psychic_Lightning_Waaagh_Board	0.15	0	0	65536	62740
Psychic_Lightning_Waaagh_Board	0.30	0	0	65536	62740
Psychic_Lightning_Waaagh_Board	0.50	0	0	65536	62740
Psychic_Lightning_Waaagh_Board	0.75	0	0	65536	62740
Psychic_Lightning_Waaagh_Board	1.00	0	0	65536	62740
Psychic_Lightning_Waaagh_Board	1.50	0	0	65536	62740
Psychic_Lightning_Waaagh_Board	2.00	0	0	65536	62740
Psychic_Lightning_Waaagh_Board	3.00	0	0	65536	62740
Psychic_Lightning_warlord_chaos	0.15	463	422	65536	63056
Psychic_Lightning_warlord_chaos	0.30	1012	854	65536	63376
Psychic_Lightning_warlord_chaos	0.50	48	22	65536	62757
Psychic_Lightning_warlord_chaos	0.75	0	0	65536	62740
Psychic_Lightning_warlord_chaos	1.00	0	0	65536	62740
Psychic_Lightning_warlord_chaos	1.50	0	0	65536	62740
Psychic_Lightning_warlord_chaos	2.00	0	0	65536	62740
Psychic_Lightning_warlord_chaos	3.00	0	0	65536	62740
Psychic_Lightning_warlord_OLD	0.15	466	422	65536	63050
Psychic_Lightning_warlord_OLD	0.30	1318	1060	65536	63537
Psychic_Lightning_warlord_OLD	0.50	162	93	65536	62816
Psychic_Lightning_warlord_OLD	0.75	0	0	65536	62740
Psychic_Lightning_warlord_OLD	1.00	0	0	65536	62740
Psychic_Lightning_warlord_OLD	1.50	0	0	65536	62740
Psychic_Lightning_warlord_OLD	2.00	0	0	65536	62740
Psychic_Lightning_warlord_OLD	3.00	0	0	65536	62740
Psychic_Lightning_white	0.15	506	408	65536	63071
Psychic_Lightning_white	0.30	77	96	65536	62815
Psychic_Lightning_white	0.50	57	84	65536	62803
Psychic_Lightning_white	0.75	20	28	65536	62762
Psychic_Lightning_white	1.00	0	0	65536	62740
Psychic_Lightning_white	1.50	0	0	65536	62740
Psychic_Lightning_white	2.00	0	0	65536	62740
Psychic_Lightning_white	3.00	0	0	65536	62740
Psychomancer_Stun	0.15	623	480	65536	63105
Psychomancer_Stun	0.30	920	1130	65536	63548
Psychomancer_Stun	0.50	994	1196	65536	63606
Psychomancer_Stun	0.75	3395	3915	65536	65361
Psychomancer_Stun	1.00	3539	3436	65536	65098
Psychomancer_Stun	1.50	1246	898	65536	63323
Psychomancer_Stun	2.00	317	109	65536	62785
Psychomancer_Stun	3.00	0	0	65536	62740
Pulse Onslaught	0.15	28	24	65536	62758
Pulse Onslaught	0.30	91	81	65536	62799
Pulse Onslaught	0.50	74	66	65536	62788
Pulse Onslaught	0.75	72	65	65536	62788
Pulse Onslaught	1.00	91	78	65536	62798
Pulse Onslaught	1.50	0	0	65536	62740
Pulse Onslaught	2.00	0	0	65536	62740
Pulse Onslaught	3.00	0	0	65536	62740
Quest UI Gain	0.15	1287	801	65536	63364
Quest UI Gain	0.30	1399	1047	65536	63582
Quest UI Gain	0.50	733	429	65536	63071
Quest UI Gain	0.75	1147	1140	65536	63642
Quest UI Gain	1.00	1172	1051	65536	63555
Quest UI Gain	1.50	15	15	65536	62753
Quest UI Gain	2.00	0	0	65536	62740
Quest UI Gain	3.00	0	0	65536	62740
Quest UI Trigger	0.15	2480	2319	65536	64548
Quest UI Trigger	0.30	2641	2440	65536	64625
Quest UI Trigger	0.50	2732	2478	65536	64628
Quest UI Trigger	0.75	2378	2203	65536	64465
Quest UI Trigger	1.00	1273	1293	65536	63762
Quest UI Trigger	1.50	0	0	65536	62750
Quest UI Trigger	2.00	0	0	65536	62740
Quest UI Trigger	3.00	0	0	65536	62740
Railgun turret	0.15	0	0	65536	62740
Railgun turret	0.30	0	0	65536	62740
Railgun turret	0.50	0	0	65536	62740
Railgun turret	0.75	0	0	65536	62740
Railgun turret	1.00	0	0	65536	62740
Railgun turret	1.50	0	0	65536	62740
Railgun turret	2.00	0	0	65536	62740
Railgun turret	3.00	0	0	65536	62740
RallyEffect	0.15	239	308	65536	62977
RallyEffect	0.30	253	274	65536	62948
RallyEffect	0.50	249	279	65536	62959
RallyEffect	0.75	215	199	65536	62900
RallyEffect	1.00	2	1	65536	62741
RallyEffect	1.50	1	2	65536	62742
RallyEffect	2.00	1	1	65536	62741
RallyEffect	3.00	0	0	65536	62740
Rapacious_Hunger	0.15	2498	1256	65536	63622
Rapacious_Hunger	0.30	2304	1711	65536	64218
Rapacious_Hunger	0.50	133	54	65536	62773
Rapacious_Hunger	0.75	28	7	65536	62740
Rapacious_Hunger	1.00	0	0	65536	62740
Rapacious_Hunger	1.50	0	0	65536	62740
Rapacious_Hunger	2.00	0	0	65536	62740
Rapacious_Hunger	3.00	0	0	65536	62740
Rapturous Ruination Board	0.15	109	131	65536	62849
Rapturous Ruination Board	0.30	353	481	65536	63145
Rapturous Ruination Board	0.50	764	1009	65536	63595
Rapturous Ruination Board	0.75	1306	1563	65536	64081
Rapturous Ruination Board	1.00	839	923	65536	63537
Rapturous Ruination Board	1.50	738	798	65536	63423
Rapturous Ruination Board	2.00	951	943	65536	63545
Rapturous Ruination Board	3.00	52	24	65536	62758
Recall_Eldar	0.15	174	171	65536	62871
Recall_Eldar	0.30	598	609	65536	63231
Recall_Eldar	0.50	1904	1814	65535	64152
Recall_Eldar	0.75	3073	2378	65509	64244
Recall_Eldar	1.00	1837	1225	65523	63313
Recall_Eldar	1.50	1018	727	65536	63265
Recall_Eldar	2.00	24	13	65536	62751
Recall_Eldar	3.00	0	0	65536	62740
Recall_Eldar_2	0.15	28	16	65536	62753
Recall_Eldar_2	0.30	369	366	65536	63032
Recall_Eldar_2	0.50	832	1033	65536	63548
Recall_Eldar_2	0.75	1413	941	65536	63352
Recall_Eldar_2	1.00	1436	668	65535	63025
Recall_Eldar_2	1.50	886	605	65536	63194
Recall_Eldar_2	2.00	259	140	65536	62854
Recall_Eldar_2	3.00	17	15	65536	62753
Recall_Eldar_2_quick	0.15	166	107	65536	62827
Recall_Eldar_2_quick	0.30	1249	1093	65534	63591
Recall_Eldar_2_quick	0.50	1463	1137	65518	63512
Recall_Eldar_2_quick	0.75	1558	1223	65536	63604
Recall_Eldar_2_quick	1.00	1423	949	65536	63435
Recall_Eldar_2_quick	1.50	560	245	65536	62923
Recall_Eldar_2_quick	2.00	24	20	65536	62759
Recall_Eldar_2_quick	3.00	1	1	65536	62741
Recall_Eldar_2_quick_ground	0.15	98	56	65536	62784
Recall_Eldar_2_quick_ground	0.30	581	506	65536	63147
Recall_Eldar_2_quick_ground	0.50	598	359	65536	62973
Recall_Eldar_2_quick_ground	0.75	733	538	65536	63121
Recall_Eldar_2_quick_ground	1.00	753	510	65536	63120
Recall_Eldar_2_quick_ground	1.50	138	69	65536	62799
Recall_Eldar_2_quick_ground	2.00	24	20	65536	62760
Recall_Eldar_2_quick_ground	3.00	0	0	65536	62740
Recall_Eldar_2_quick_ground_warlord	0.15	77	45	65536	62776
Recall_Eldar_2_quick_ground_warlord	0.30	545	425	65535	63066
Recall_Eldar_2_quick_ground_warlord	0.50	759	379	65519	62925
Recall_Eldar_2_quick_ground_warlord	0.75	851	621	65536	63178
Recall_Eldar_2_quick_ground_warlord	1.00	986	611	65536	63184
Recall_Eldar_2_quick_ground_warlord	1.50	301	137	65536	62851
Recall_Eldar_2_quick_ground_warlord	2.00	18	15	65536	62755
Recall_Eldar_2_quick_ground_warlord	3.00	0	0	65536	62740
Recall_Eldar_2_quick_UI	0.15	271	180	65536	62885
Recall_Eldar_2_quick_UI	0.30	1939	1589	65534	63974
Recall_Eldar_2_quick_UI	0.50	1241	814	65535	63279
Recall_Eldar_2_quick_UI	0.75	1193	993	65536	63494
Recall_Eldar_2_quick_UI	1.00	1386	961	65536	63450
Recall_Eldar_2_quick_UI	1.50	331	155	65536	62863
Recall_Eldar_2_quick_UI	2.00	23	21	65536	62759
Recall_Eldar_2_quick_UI	3.00	1	1	65536	62741
Recall_Eldar_2_reverse	0.15	373	298	65536	62982
Recall_Eldar_2_reverse	0.30	735	649	65536	63255
Recall_Eldar_2_reverse	0.50	597	341	65536	62967
Recall_Eldar_2_reverse	0.75	674	345	65536	62921
Recall_Eldar_2_reverse	1.00	626	431	65536	63046
Recall_Eldar_2_reverse	1.50	66	41	65536	62778
Recall_Eldar_2_reverse	2.00	12	10	65536	62749
Recall_Eldar_2_reverse	3.00	0	0	65536	62740
Recall_Generic	0.15	57	65	65536	62796
Recall_Generic	0.30	50	52	65536	62786
Recall_Generic	0.50	24	23	65536	62760
Recall_Generic	0.75	640	1101	65536	63581
Recall_Generic	1.00	24	22	65536	62759
Recall_Generic	1.50	0	0	65536	62740
Recall_Generic	2.00	0	0	65536	62740
Recall_Generic	3.00	0	0	65536	62740
Recon Enemy Hand	0.15	715	533	65536	63148
Recon Enemy Hand	0.30	822	565	65536	63165
Recon Enemy Hand	0.50	841	493	65536	63105
Recon Enemy Hand	0.75	665	319	65536	62966
Recon Enemy Hand	1.00	668	375	65536	63003
Recon Enemy Hand	1.50	695	420	65536	63066
Recon Enemy Hand	2.00	77	41	65536	62769
Recon Enemy Hand	3.00	0	0	65536	62740
Recon Enemy Hand Purple	0.15	944	618	65536	63215
Recon Enemy Hand Purple	0.30	1294	888	65536	63422
Recon Enemy Hand Purple	0.50	1293	1006	65536	63528
Recon Enemy Hand Purple	0.75	1450	1054	65536	63554
Recon Enemy Hand Purple	1.00	1239	943	65536	63472
Recon Enemy Hand Purple	1.50	1324	883	65536	63420
Recon Enemy Hand Purple	2.00	26	21	65536	62757
Recon Enemy Hand Purple	3.00	0	0	65536	62740
Recon Hit	0.15	1474	1512	65536	63948
Recon Hit	0.30	1475	1552	65536	63979
Recon Hit	0.50	1443	1406	65536	63868
Recon Hit	0.75	1368	1167	65536	63677
Recon Hit	1.00	950	641	65536	63246
Recon Hit	1.50	0	0	65536	62740
Recon Hit	2.00	0	0	65536	62740
Recon Hit	3.00	0	0	65536	62740
Recon Hit Purple	0.15	1488	1787	65536	64170
Recon Hit Purple	0.30	1474	1805	65536	64185
Recon Hit Purple	0.50	1477	1714	65536	64125
Recon Hit Purple	0.75	1375	1266	65536	63778
Recon Hit Purple	1.00	1021	571	65536	63152
Recon Hit Purple	1.50	267	94	65536	62813
Recon Hit Purple	2.00	0	0	65536	62740
Recon Hit Purple	3.00	0	0	65536	62740
Recon Scan	0.15	91	47	65536	62776
Recon Scan	0.30	80	47	65536	62777
Recon Scan	0.50	76	48	65536	62777
Recon Scan	0.75	98	71	65536	62796
Recon Scan	1.00	143	103	65536	62821
Recon Scan	1.50	110	61	65536	62786
Recon Scan	2.00	30	14	65536	62750
Recon Scan	3.00	0	0	65536	62740
Recon Scan 2	0.15	99	53	65536	62780
Recon Scan 2	0.30	70	43	65536	62775
Recon Scan 2	0.50	65	47	65536	62779
Recon Scan 2	0.75	107	82	65536	62807
Recon Scan 2	1.00	141	106	65536	62825
Recon Scan 2	1.50	112	66	65536	62791
Recon Scan 2	2.00	16	11	65536	62749
Recon Scan 2	3.00	0	0	65536	62740
Recon Scan Purple	0.15	123	92	65536	62817
Recon Scan Purple	0.30	100	68	65536	62794
Recon Scan Purple	0.50	112	89	65536	62812
Recon Scan Purple	0.75	117	111	65536	62833
Recon Scan Purple	1.00	110	67	65536	62793
Recon Scan Purple	1.50	32	13	65536	62748
Recon Scan Purple	2.00	0	0	65536	62740
Recon Scan Purple	3.00	0	0	65536	62740
RegimentEffect	0.15	0	0	65536	62740
RegimentEffect	0.30	1342	1332	65536	63712
RegimentEffect	0.50	1426	1403	65536	63778
RegimentEffect	0.75	1407	1359	65536	63734
RegimentEffect	1.00	1222	1083	65536	63540
RegimentEffect	1.50	0	0	65536	62740
RegimentEffect	2.00	0	0	65536	62740
RegimentEffect	3.00	0	0	65536	62740
Relentless Fusillade	0.15	0	0	65536	62740
Relentless Fusillade	0.30	22	20	65536	62755
Relentless Fusillade	0.50	132	113	65536	62822
Relentless Fusillade	0.75	61	53	65536	62779
Relentless Fusillade	1.00	60	52	65536	62779
Relentless Fusillade	1.50	36	31	65536	62763
Relentless Fusillade	2.00	0	0	65536	62740
Relentless Fusillade	3.00	0	0	65536	62740
Relentless Fusillade sniper	0.15	35	21	65536	62754
Relentless Fusillade sniper	0.30	63	37	65536	62764
Relentless Fusillade sniper	0.50	0	0	65536	62740
Relentless Fusillade sniper	0.75	0	0	65536	62740
Relentless Fusillade sniper	1.00	0	0	65536	62740
Relentless Fusillade sniper	1.50	0	0	65536	62740
Relentless Fusillade sniper	2.00	0	0	65536	62740
Relentless Fusillade sniper	3.00	0	0	65536	62740
RelentlessEffect	0.15	753	635	65536	63224
RelentlessEffect	0.30	755	754	65536	63307
RelentlessEffect	0.50	754	756	65536	63308
RelentlessEffect	0.75	740	617	65536	63208
RelentlessEffect	1.00	168	182	65536	62880
RelentlessEffect	1.50	190	183	65536	62881
RelentlessEffect	2.00	0	0	65536	62740
RelentlessEffect	3.00	0	0	65536	62740
RemnantBody3D Aeldari	0.15	208	95	65533	62768
RemnantBody3D Aeldari	0.30	124	74	65536	62762
RemnantBody3D Aeldari	0.50	140	88	65535	62786
RemnantBody3D Aeldari	0.75	301	147	65534	62839
RemnantBody3D Aeldari	1.00	300	128	65534	62780
RemnantBody3D Aeldari	1.50	121	41	65534	62707
RemnantBody3D Aeldari	2.00	98	23	65534	62690
RemnantBody3D Aeldari	3.00	96	20	65534	62682
RemnantBody3D Necrons	0.15	460	216	65494	62837
RemnantBody3D Necrons	0.30	438	209	65495	62827
RemnantBody3D Necrons	0.50	366	216	65491	62832
RemnantBody3D Necrons	0.75	384	258	65490	62876
RemnantBody3D Necrons	1.00	422	285	65492	62908
RemnantBody3D Necrons	1.50	319	165	65490	62788
RemnantBody3D Necrons	2.00	293	135	65492	62764
RemnantBody3D Necrons	3.00	201	59	65492	62699
RiftCannon_Laser	0.15	31	32	65536	62766
RiftCannon_Laser	0.30	31	33	65536	62766
RiftCannon_Laser	0.50	31	32	65536	62766
RiftCannon_Laser	0.75	31	33	65536	62766
RiftCannon_Laser	1.00	2	1	65536	62742
RiftCannon_Laser	1.50	0	0	65536	62740
RiftCannon_Laser	2.00	0	0	65536	62740
RiftCannon_Laser	3.00	0	0	65536	62740
RocketTrail	0.15	896	1065	65536	63558
RocketTrail	0.30	1324	1337	65536	63808
RocketTrail	0.50	7	10	65536	62748
RocketTrail	0.75	2	1	65536	62741
RocketTrail	1.00	2	2	65536	62742
RocketTrail	1.50	3	2	65536	62742
RocketTrail	2.00	0	0	65536	62740
RocketTrail	3.00	0	0	65536	62740
Rockfall	0.15	0	0	65536	62740
Rockfall	0.30	0	0	65536	62740
Rockfall	0.50	0	0	65536	62740
Rockfall	0.75	0	0	65536	62740
Rockfall	1.00	0	0	65536	62740
Rockfall	1.50	0	0	65536	62740
Rockfall	2.00	0	0	65536	62740
Rockfall	3.00	0	0	65536	62740
SAU_CardDraw	0.15	0	0	65536	62740
SAU_CardDraw	0.30	50	23	65536	62754
SAU_CardDraw	0.50	61	41	65536	62769
SAU_CardDraw	0.75	127	84	65536	62797
SAU_CardDraw	1.00	150	91	65536	62801
SAU_CardDraw	1.50	3	3	65536	62742
SAU_CardDraw	2.00	0	0	65536	62740
SAU_CardDraw	3.00	0	0	65536	62740
Sau_CurseOfThePhaeron	0.15	138	44	65536	62758
Sau_CurseOfThePhaeron	0.30	194	51	65536	62727
Sau_CurseOfThePhaeron	0.50	236	69	65536	62738
Sau_CurseOfThePhaeron	0.75	305	107	65536	62765
Sau_CurseOfThePhaeron	1.00	349	128	65536	62777
Sau_CurseOfThePhaeron	1.50	290	115	65536	62794
Sau_CurseOfThePhaeron	2.00	85	45	65536	62769
Sau_CurseOfThePhaeron	3.00	0	0	65536	62740
Sau_DamageProtocol	0.15	56	31	65536	62760
Sau_DamageProtocol	0.30	58	29	65536	62758
Sau_DamageProtocol	0.50	62	30	65536	62759
Sau_DamageProtocol	0.75	1023	937	65536	63407
Sau_DamageProtocol	1.00	576	655	65536	63228
Sau_DamageProtocol	1.50	0	0	65536	62743
Sau_DamageProtocol	2.00	0	0	65536	62740
Sau_DamageProtocol	3.00	0	0	65536	62740
Sau_DamageProtocol_OLD	0.15	53	26	65536	62756
Sau_DamageProtocol_OLD	0.30	60	29	65536	62757
Sau_DamageProtocol_OLD	0.50	57	27	65536	62757
Sau_DamageProtocol_OLD	0.75	425	244	65536	62903
Sau_DamageProtocol_OLD	1.00	86	34	65536	62762
Sau_DamageProtocol_OLD	1.50	0	0	65536	62740
Sau_DamageProtocol_OLD	2.00	0	0	65536	62740
Sau_DamageProtocol_OLD	3.00	0	0	65536	62740
Sau_DamageProtocol_Quick	0.15	2264	2087	65536	64194
Sau_DamageProtocol_Quick	0.30	2284	2284	65536	64379
Sau_DamageProtocol_Quick	0.50	1235	1562	65536	63897
Sau_DamageProtocol_Quick	0.75	1179	1452	65536	63827
Sau_DamageProtocol_Quick	1.00	8	3	65536	62750
Sau_DamageProtocol_Quick	1.50	0	0	65536	62740
Sau_DamageProtocol_Quick	2.00	0	0	65536	62740
Sau_DamageProtocol_Quick	3.00	0	0	65536	62740
Sau_Dimensional_Breach_Battleground	0.15	2	1	65536	62741
Sau_Dimensional_Breach_Battleground	0.30	0	0	65536	62740
Sau_Dimensional_Breach_Battleground	0.50	0	0	65536	62740
Sau_Dimensional_Breach_Battleground	0.75	0	0	65536	62740
Sau_Dimensional_Breach_Battleground	1.00	0	0	65536	62740
Sau_Dimensional_Breach_Battleground	1.50	1	0	65536	62741
Sau_Dimensional_Breach_Battleground	2.00	20	11	65536	62749
Sau_Dimensional_Breach_Battleground	3.00	28	24	65536	62761
Sau_Dimensional_Breach_Spawn	0.15	870	1253	65536	63709
Sau_Dimensional_Breach_Spawn	0.30	1138	1314	65536	63771
Sau_Dimensional_Breach_Spawn	0.50	1326	1466	65536	63915
Sau_Dimensional_Breach_Spawn	0.75	1114	1153	65536	63676
Sau_Dimensional_Breach_Spawn	1.00	1062	962	65536	63512
Sau_Dimensional_Breach_Spawn	1.50	74	33	65536	62765
Sau_Dimensional_Breach_Spawn	2.00	3	2	65536	62741
Sau_Dimensional_Breach_Spawn	3.00	0	0	65536	62740
Sau_HealProtocol	0.15	45	21	65536	62753
Sau_HealProtocol	0.30	58	29	65536	62758
Sau_HealProtocol	0.50	54	27	65536	62757
Sau_HealProtocol	0.75	1386	1520	65536	63879
Sau_HealProtocol	1.00	855	1068	65536	63558
Sau_HealProtocol	1.50	39	38	65536	62770
Sau_HealProtocol	2.00	1	2	65536	62742
Sau_HealProtocol	3.00	0	0	65536	62740
Sau_HealProtocol_OLD	0.15	104	73	65536	62800
Sau_HealProtocol_OLD	0.30	118	82	65536	62804
Sau_HealProtocol_OLD	0.50	122	84	65536	62805
Sau_HealProtocol_OLD	0.75	680	553	65536	63152
Sau_HealProtocol_OLD	1.00	181	140	65536	62851
Sau_HealProtocol_OLD	1.50	0	0	65536	62740
Sau_HealProtocol_OLD	2.00	0	0	65536	62740
Sau_HealProtocol_OLD	3.00	0	0	65536	62740
Sau_IndomitableWill	0.15	315	164	65536	62848
Sau_IndomitableWill	0.30	322	208	65536	62888
Sau_IndomitableWill	0.50	333	223	65536	62899
Sau_IndomitableWill	0.75	329	217	65536	62895
Sau_IndomitableWill	1.00	335	222	65536	62898
Sau_IndomitableWill	1.50	1502	1173	65536	63639
Sau_IndomitableWill	2.00	1292	811	65536	63352
Sau_IndomitableWill	3.00	0	0	65536	62740
Sau_LordOfTheStorm	0.15	295	215	65536	62891
Sau_LordOfTheStorm	0.30	513	543	65536	63168
Sau_LordOfTheStorm	0.50	381	263	65536	62929
Sau_LordOfTheStorm	0.75	328	207	65536	62894
Sau_LordOfTheStorm	1.00	193	106	65536	62827
Sau_LordOfTheStorm	1.50	1	1	65536	62741
Sau_LordOfTheStorm	2.00	2	4	65536	62744
Sau_LordOfTheStorm	3.00	0	0	65536	62740
Sau_MasterChronomancer	0.15	462	527	65536	63166
Sau_MasterChronomancer	0.30	996	1271	65536	63764
Sau_MasterChronomancer	0.50	1799	2361	65536	64627
Sau_MasterChronomancer	0.75	1786	2171	65536	64474
Sau_MasterChronomancer	1.00	1783	2050	65536	64376
Sau_MasterChronomancer	1.50	1771	1535	65536	63942
Sau_MasterChronomancer	2.00	1231	779	65536	63306
Sau_MasterChronomancer	3.00	0	0	65536	62740
Sau_MethodicalDestruction	0.15	2	1	65536	62741
Sau_MethodicalDestruction	0.30	2	1	65536	62741
Sau_MethodicalDestruction	0.50	7	3	65536	62742
Sau_MethodicalDestruction	0.75	18	11	65536	62749
Sau_MethodicalDestruction	1.00	40	31	65536	62764
Sau_MethodicalDestruction	1.50	284	193	65536	62889
Sau_MethodicalDestruction	2.00	550	420	65536	63083
Sau_MethodicalDestruction	3.00	35	12	65536	62743
Sau_ParticleWhip	0.15	74	59	65536	62783
Sau_ParticleWhip	0.30	78	63	65536	62785
Sau_ParticleWhip	0.50	91	73	65536	62793
Sau_ParticleWhip	0.75	95	76	65536	62796
Sau_ParticleWhip	1.00	93	76	65536	62796
Sau_ParticleWhip	1.50	195	153	65536	62866
Sau_ParticleWhip	2.00	256	144	65536	62856
Sau_ParticleWhip	3.00	0	0	65536	62740
Sau_ReconstitutionProtocol	0.15	0	0	65536	62740
Sau_ReconstitutionProtocol	0.30	0	0	65536	62740
Sau_ReconstitutionProtocol	0.50	2	2	65536	62741
Sau_ReconstitutionProtocol	0.75	0	0	65536	62740
Sau_ReconstitutionProtocol	1.00	6	5	65536	62743
Sau_ReconstitutionProtocol	1.50	6	5	65536	62744
Sau_ReconstitutionProtocol	2.00	13	6	65536	62744
Sau_ReconstitutionProtocol	3.00	416	511	65536	63139
Sau_ResurrectionOrb	0.15	48	43	65536	62775
Sau_ResurrectionOrb	0.30	48	47	65536	62780
Sau_ResurrectionOrb	0.50	48	46	65536	62779
Sau_ResurrectionOrb	0.75	48	45	65536	62778
Sau_ResurrectionOrb	1.00	45	41	65536	62775
Sau_ResurrectionOrb	1.50	41	36	65536	62771
Sau_ResurrectionOrb	2.00	38	34	65536	62769
Sau_ResurrectionOrb	3.00	1292	1135	65536	63675
Sau_SolarPulse	0.15	0	0	65536	62740
Sau_SolarPulse	0.30	0	0	65536	62740
Sau_SolarPulse	0.50	2	1	65536	62741
Sau_SolarPulse	0.75	2	2	65536	62742
Sau_SolarPulse	1.00	6	4	65536	62744
Sau_SolarPulse	1.50	100	70	65536	62798
Sau_SolarPulse	2.00	1365	1030	65536	63567
Sau_SolarPulse	3.00	0	0	65536	62764
Scarab Explosion	0.15	354	286	65536	62968
Scarab Explosion	0.30	16	8	65536	62746
Scarab Explosion	0.50	0	0	65536	62740
Scarab Explosion	0.75	782	512	65536	63142
Scarab Explosion	1.00	217	170	65536	62880
Scarab Explosion	1.50	239	129	65536	62843
Scarab Explosion	2.00	5	5	65536	62745
Scarab Explosion	3.00	0	0	65536	62740
Scrapcode_aimed_target	0.15	68	34	65536	62763
Scrapcode_aimed_target	0.30	61	29	65536	62759
Scrapcode_aimed_target	0.50	36	19	65536	62755
Scrapcode_aimed_target	0.75	23	12	65536	62749
Scrapcode_aimed_target	1.00	0	0	65536	62740
Scrapcode_aimed_target	1.50	0	0	65536	62740
Scrapcode_aimed_target	2.00	0	0	65536	62740
Scrapcode_aimed_target	3.00	0	0	65536	62740
Scream_gold	0.15	1385	1285	65536	63793
Scream_gold	0.30	1518	1445	65536	63917
Scream_gold	0.50	1475	1462	65536	63957
Scream_gold	0.75	1480	1486	65536	64053
Scream_gold	1.00	2040	1888	65536	64400
Scream_gold	1.50	4136	2611	65536	64936
Scream_gold	2.00	0	0	65536	62740
Scream_gold	3.00	0	0	65536	62740
Scream_purple	0.15	1091	1056	65536	63626
Scream_purple	0.30	1246	1207	65536	63747
Scream_purple	0.50	1273	1285	65536	63832
Scream_purple	0.75	1403	1385	65536	63970
Scream_purple	1.00	2040	1831	65536	64352
Scream_purple	1.50	4144	2616	65536	64940
Scream_purple	2.00	0	0	65536	62740
Scream_purple	3.00	0	0	65536	62740
Scream_purple_nid	0.15	1407	1350	65536	63844
Scream_purple_nid	0.30	1627	1573	65536	64021
Scream_purple_nid	0.50	1774	1726	65536	64160
Scream_purple_nid	0.75	1899	1770	65536	64252
Scream_purple_nid	1.00	2174	1982	65536	64483
Scream_purple_nid	1.50	4132	2609	65536	64934
Scream_purple_nid	2.00	0	0	65536	62740
Scream_purple_nid	3.00	0	0	65536	62740
Scream_purple_Quick	0.15	1218	703	65536	63290
Scream_purple_Quick	0.30	1518	857	65536	63406
Scream_purple_Quick	0.50	1551	1006	65536	63560
Scream_purple_Quick	0.75	1372	1330	65536	63951
Scream_purple_Quick	1.00	2856	2274	65536	64735
Scream_purple_Quick	1.50	0	0	65536	62740
Scream_purple_Quick	2.00	0	0	65536	62740
Scream_purple_Quick	3.00	0	0	65536	62740
Scream_Ragnar_Target	0.15	932	1059	65536	63629
Scream_Ragnar_Target	0.30	907	1153	65536	63698
Scream_Ragnar_Target	0.50	1032	1292	65536	63824
Scream_Ragnar_Target	0.75	1400	1546	65536	64066
Scream_Ragnar_Target	1.00	2036	2018	65536	64480
Scream_Ragnar_Target	1.50	4120	2622	65536	64949
Scream_Ragnar_Target	2.00	0	0	65536	62740
Scream_Ragnar_Target	3.00	0	0	65536	62740
Scream_SW_Ragnar	0.15	59	60	65536	62789
Scream_SW_Ragnar	0.30	102	91	65536	62815
Scream_SW_Ragnar	0.50	148	144	65536	62862
Scream_SW_Ragnar	0.75	213	197	65536	62908
Scream_SW_Ragnar	1.00	246	221	65536	62929
Scream_SW_Ragnar	1.50	326	229	65536	62934
Scream_SW_Ragnar	2.00	86	42	65536	62774
Scream_SW_Ragnar	3.00	0	0	65536	62740
Screen_Gold	0.15	1551	1120	65536	63633
Screen_Gold	0.30	2542	2614	65536	64844
Screen_Gold	0.50	3303	4348	65536	66167
Screen_Gold	0.75	3439	5208	65536	66738
Screen_Gold	1.00	3266	4905	65536	66511
Screen_Gold	1.50	3421	5082	65536	66674
Screen_Gold	2.00	2917	3081	65536	65236
Screen_Gold	3.00	0	0	65536	62740
Screen_Red	0.15	1007	581	65536	63099
Screen_Red	0.30	1127	762	65536	63199
Screen_Red	0.50	1151	801	65536	63233
Screen_Red	0.75	1156	810	65536	63245
Screen_Red	1.00	1139	806	65536	63241
Screen_Red	1.50	852	573	65536	63065
Screen_Red	2.00	0	0	65536	62740
Screen_Red	3.00	0	0	65536	62740
Screen_Top_Green	0.15	2745	1653	65536	63784
Screen_Top_Green	0.30	2900	2062	65536	64024
Screen_Top_Green	0.50	2900	2062	65536	64024
Screen_Top_Green	0.75	2900	2062	65536	64024
Screen_Top_Green	1.00	2900	2062	65536	64024
Screen_Top_Green	1.50	2900	2062	65536	64024
Screen_Top_Green	2.00	0	0	65536	62740
Screen_Top_Green	3.00	0	0	65536	62740
ScytheAssault	0.15	177	222	65536	62926
ScytheAssault	0.30	243	326	65536	63010
ScytheAssault	0.50	269	369	65536	63046
ScytheAssault	0.75	255	345	65536	63026
ScytheAssault	1.00	245	324	65536	63009
ScytheAssault	1.50	0	0	65536	62740
ScytheAssault	2.00	0	0	65536	62740
ScytheAssault	3.00	0	0	65536	62740
ScytheAssaultShadow	0.15	0	0	65536	62740
ScytheAssaultShadow	0.30	0	0	65536	62740
ScytheAssaultShadow	0.50	0	0	65536	62740
ScytheAssaultShadow	0.75	0	0	65536	62740
ScytheAssaultShadow	1.00	0	0	65536	62740
ScytheAssaultShadow	1.50	0	0	65536	62740
ScytheAssaultShadow	2.00	0	0	65536	62740
ScytheAssaultShadow	3.00	0	0	65536	62740
Sentry_Effect	0.15	456	759	65536	63321
Sentry_Effect	0.30	575	895	65536	63445
Sentry_Effect	0.50	520	553	65536	63194
Sentry_Effect	0.75	473	351	65536	63021
Sentry_Effect	1.00	1	1	65536	62741
Sentry_Effect	1.50	34	51	65536	62780
Sentry_Effect	2.00	0	0	65536	62740
Sentry_Effect	3.00	0	0	65536	62740
Shadow_Projectile	0.15	78	16	65536	62723
Shadow_Projectile	0.30	119	16	65536	62696
Shadow_Projectile	0.50	21	6	65536	62733
Shadow_Projectile	0.75	4	1	65536	62737
Shadow_Projectile	1.00	0	0	65536	62735
Shadow_Projectile	1.50	1	0	65536	62735
Shadow_Projectile	2.00	0	0	65536	62737
Shadow_Projectile	3.00	0	0	65536	62740
Shadow_Projectile_EC	0.15	79	20	65536	62732
Shadow_Projectile_EC	0.30	113	20	65536	62711
Shadow_Projectile_EC	0.50	48	29	65536	62759
Shadow_Projectile_EC	0.75	67	56	65536	62787
Shadow_Projectile_EC	1.00	95	77	65536	62803
Shadow_Projectile_EC	1.50	110	93	65536	62817
Shadow_Projectile_EC	2.00	121	85	65536	62806
Shadow_Projectile_EC	3.00	16	7	65536	62745
Shadow_Projectile_GSC_Invulnerable	0.15	78	14	65536	62719
Shadow_Projectile_GSC_Invulnerable	0.30	118	14	65536	62693
Shadow_Projectile_GSC_Invulnerable	0.50	18	5	65536	62733
Shadow_Projectile_GSC_Invulnerable	0.75	5	1	65536	62736
Shadow_Projectile_GSC_Invulnerable	1.00	1	0	65536	62736
Shadow_Projectile_GSC_Invulnerable	1.50	78	78	65536	62803
Shadow_Projectile_GSC_Invulnerable	2.00	125	79	65536	62802
Shadow_Projectile_GSC_Invulnerable	3.00	0	0	65536	62740
ShieldTraitEffect_Idle	0.15	522	467	65536	63139
ShieldTraitEffect_Idle	0.30	640	543	65536	63210
ShieldTraitEffect_Idle	0.50	501	313	65536	62998
ShieldTraitEffect_Idle	0.75	364	146	65536	62843
ShieldTraitEffect_Idle	1.00	272	206	65536	62911
ShieldTraitEffect_Idle	1.50	405	288	65536	62982
ShieldTraitEffect_Idle	2.00	235	104	65536	62815
ShieldTraitEffect_Idle	3.00	0	0	65536	62740
ShieldTraitEffect_Idle Emperor's Children Variant	0.15	507	533	65536	63166
ShieldTraitEffect_Idle Emperor's Children Variant	0.30	635	625	65536	63245
ShieldTraitEffect_Idle Emperor's Children Variant	0.50	635	528	65536	63157
ShieldTraitEffect_Idle Emperor's Children Variant	0.75	446	415	65536	63068
ShieldTraitEffect_Idle Emperor's Children Variant	1.00	807	914	65536	63468
ShieldTraitEffect_Idle Emperor's Children Variant	1.50	1030	1097	65536	63614
ShieldTraitEffect_Idle Emperor's Children Variant	2.00	748	576	65536	63192
ShieldTraitEffect_Idle Emperor's Children Variant	3.00	170	243	65536	62929
ShieldTraitEffect_Idle Necron Variant	0.15	541	613	65536	63244
ShieldTraitEffect_Idle Necron Variant	0.30	641	698	65536	63323
ShieldTraitEffect_Idle Necron Variant	0.50	692	609	65536	63239
ShieldTraitEffect_Idle Necron Variant	0.75	627	434	65536	63071
ShieldTraitEffect_Idle Necron Variant	1.00	345	362	65536	63031
ShieldTraitEffect_Idle Necron Variant	1.50	453	418	65536	63077
ShieldTraitEffect_Idle Necron Variant	2.00	294	280	65536	62956
ShieldTraitEffect_Idle Necron Variant	3.00	165	228	65536	62921
ShieldTraitEffect_Idle Sororitas Variant	0.15	499	575	65536	63206
ShieldTraitEffect_Idle Sororitas Variant	0.30	623	677	65536	63295
ShieldTraitEffect_Idle Sororitas Variant	0.50	632	569	65536	63194
ShieldTraitEffect_Idle Sororitas Variant	0.75	530	427	65536	63066
ShieldTraitEffect_Idle Sororitas Variant	1.00	812	991	65536	63525
ShieldTraitEffect_Idle Sororitas Variant	1.50	1054	1186	65536	63687
ShieldTraitEffect_Idle Sororitas Variant	2.00	805	634	65536	63246
ShieldTraitEffect_Idle Sororitas Variant	3.00	164	243	65536	62928
ShieldTraitEffect_Idle TAU Variant	0.15	516	576	65536	63212
ShieldTraitEffect_Idle TAU Variant	0.30	637	666	65536	63295
ShieldTraitEffect_Idle TAU Variant	0.50	638	537	65536	63174
ShieldTraitEffect_Idle TAU Variant	0.75	511	371	65536	63021
ShieldTraitEffect_Idle TAU Variant	1.00	307	354	65536	63024
ShieldTraitEffect_Idle TAU Variant	1.50	448	439	65536	63095
ShieldTraitEffect_Idle TAU Variant	2.00	318	299	65536	62970
ShieldTraitEffect_Idle TAU Variant	3.00	156	223	65536	62916
Shuriken_Short_Trait	0.15	185	195	65536	62888
Shuriken_Short_Trait	0.30	204	201	65536	62893
Shuriken_Short_Trait	0.50	212	204	65536	62896
Shuriken_Short_Trait	0.75	200	175	65536	62873
Shuriken_Short_Trait	1.00	46	63	65536	62786
Shuriken_Short_Trait	1.50	0	0	65536	62740
Shuriken_Short_Trait	2.00	0	0	65536	62740
Shuriken_Short_Trait	3.00	0	0	65536	62740
ShurikenEffect	0.15	1292	1657	65536	63994
ShurikenEffect	0.30	2462	2459	65536	64604
ShurikenEffect	0.50	3157	2748	65536	64832
ShurikenEffect	0.75	3395	2689	65536	64765
ShurikenEffect	1.00	3183	2238	65536	64423
ShurikenEffect	1.50	1831	956	65536	63449
ShurikenEffect	2.00	0	0	65536	62740
ShurikenEffect	3.00	0	0	65536	62740
SkorchaAttackEffect	0.15	13	9	65536	62747
SkorchaAttackEffect	0.30	17	11	65536	62748
SkorchaAttackEffect	0.50	42	29	65536	62762
SkorchaAttackEffect	0.75	40	24	65536	62758
SkorchaAttackEffect	1.00	20	13	65536	62750
SkorchaAttackEffect	1.50	0	0	65536	62740
SkorchaAttackEffect	2.00	0	0	65536	62740
SkorchaAttackEffect	3.00	0	0	65536	62740
Slash Repeating 2x	0.15	1986	2629	65536	64912
Slash Repeating 2x	0.30	2650	3035	65536	65351
Slash Repeating 2x	0.50	4960	5966	65536	67820
Slash Repeating 2x	0.75	6286	5357	65536	67433
Slash Repeating 2x	1.00	47	44	65536	62773
Slash Repeating 2x	1.50	14	10	65536	62748
Slash Repeating 2x	2.00	0	0	65536	62740
Slash Repeating 2x	3.00	0	0	65536	62740
Slash Repeating 5x	0.15	1681	2318	65536	64623
Slash Repeating 5x	0.30	2710	3364	65536	65495
Slash Repeating 5x	0.50	2860	3626	65536	65729
Slash Repeating 5x	0.75	3888	4853	65536	66820
Slash Repeating 5x	1.00	4774	4909	65536	66966
Slash Repeating 5x	1.50	10	7	65536	62746
Slash Repeating 5x	2.00	0	0	65536	62740
Slash Repeating 5x	3.00	0	0	65536	62740
SlayEffect	0.15	66	37	65536	62767
SlayEffect	0.30	408	423	65536	63045
SlayEffect	0.50	549	526	65536	63117
SlayEffect	0.75	658	485	65536	63094
SlayEffect	1.00	186	165	65536	62855
SlayEffect	1.50	0	0	65536	62740
SlayEffect	2.00	0	0	65536	62740
SlayEffect	3.00	0	0	65536	62740
Smoke_Board	0.15	0	0	65536	62740
Smoke_Board	0.30	0	0	65536	62742
Smoke_Board	0.50	48	18	65536	62758
Smoke_Board	0.75	170	64	65536	62786
Smoke_Board	1.00	283	107	65536	62816
Smoke_Board	1.50	742	283	65536	62930
Smoke_Board	2.00	1089	450	65536	63056
Smoke_Board	3.00	1207	507	65536	63099
Smoke_Explosion	0.15	392	615	65536	63221
Smoke_Explosion	0.30	465	723	65536	63307
Smoke_Explosion	0.50	521	692	65536	63306
Smoke_Explosion	0.75	558	767	65536	63359
Smoke_Explosion	1.00	516	500	65536	63162
Smoke_Explosion	1.50	0	0	65536	62740
Smoke_Explosion	2.00	0	0	65536	62740
Smoke_Explosion	3.00	0	0	65536	62740
Sniper Target	0.15	924	543	65536	63155
Sniper Target	0.30	962	597	65536	63195
Sniper Target	0.50	1007	653	65536	63229
Sniper Target	0.75	3913	2600	65536	64559
Sniper Target	1.00	3723	1881	65536	63968
Sniper Target	1.50	0	0	65536	62740
Sniper Target	2.00	0	0	65536	62740
Sniper Target	3.00	0	0	65536	62740
SniperPreEffect	0.15	14	9	65536	62747
SniperPreEffect	0.30	23	14	65536	62751
SniperPreEffect	0.50	15	6	65536	62744
SniperPreEffect	0.75	6	3	65536	62742
SniperPreEffect	1.00	0	0	65536	62740
SniperPreEffect	1.50	0	0	65536	62740
SniperPreEffect	2.00	0	0	65536	62740
SniperPreEffect	3.00	0	0	65536	62740
Solar Beam Target	0.15	32	24	65536	62762
Solar Beam Target	0.30	57	38	65536	62771
Solar Beam Target	0.50	67	46	65536	62776
Solar Beam Target	0.75	134	139	65536	62856
Solar Beam Target	1.00	128	108	65536	62830
Solar Beam Target	1.50	84	37	65536	62765
Solar Beam Target	2.00	0	0	65536	62740
Solar Beam Target	3.00	0	0	65536	62740
Sororitas Saint Custom summon	0.15	879	1213	65536	63675
Sororitas Saint Custom summon	0.30	902	1218	65536	63679
Sororitas Saint Custom summon	0.50	935	1215	65536	63676
Sororitas Saint Custom summon	0.75	973	1222	65536	63685
Sororitas Saint Custom summon	1.00	1015	1231	65536	63698
Sororitas Saint Custom summon	1.50	567	347	65536	63023
Sororitas Saint Custom summon	2.00	24	9	65536	62746
Sororitas Saint Custom summon	3.00	0	0	65536	62740
Sororitas Summon Basic	0.15	819	1114	65536	63601
Sororitas Summon Basic	0.30	817	1030	65536	63544
Sororitas Summon Basic	0.50	856	1000	65536	63533
Sororitas Summon Basic	0.75	884	848	65536	63430
Sororitas Summon Basic	1.00	558	297	65536	62977
Sororitas Summon Basic	1.50	144	68	65536	62793
Sororitas Summon Basic	2.00	0	0	65536	62740
Sororitas Summon Basic	3.00	0	0	65536	62740
Sororitas Summon Resurrect	0.15	0	0	65536	62740
Sororitas Summon Resurrect	0.30	0	0	65536	62740
Sororitas Summon Resurrect	0.50	0	0	65536	62740
Sororitas Summon Resurrect	0.75	601	786	65536	63349
Sororitas Summon Resurrect	1.00	869	1204	65536	63670
Sororitas Summon Resurrect	1.50	1001	1243	65536	63713
Sororitas Summon Resurrect	2.00	1071	1224	65536	63700
Sororitas Summon Resurrect	3.00	0	0	65536	62740
Sororitas_BladeOfFaith	0.15	444	392	65536	63073
Sororitas_BladeOfFaith	0.30	529	564	65536	63231
Sororitas_BladeOfFaith	0.50	702	768	65536	63411
Sororitas_BladeOfFaith	0.75	870	686	65536	63342
Sororitas_BladeOfFaith	1.00	0	0	65536	62740
Sororitas_BladeOfFaith	1.50	0	0	65536	62740
Sororitas_BladeOfFaith	2.00	0	0	65536	62740
Sororitas_BladeOfFaith	3.00	0	0	65536	62740
Sororitas_Destroy_Flames	0.15	86	50	65536	62780
Sororitas_Destroy_Flames	0.30	171	100	65536	62821
Sororitas_Destroy_Flames	0.50	278	174	65536	62879
Sororitas_Destroy_Flames	0.75	285	205	65536	62908
Sororitas_Destroy_Flames	1.00	286	210	65536	62911
Sororitas_Destroy_Flames	1.50	299	275	65536	62967
Sororitas_Destroy_Flames	2.00	533	456	65536	63104
Sororitas_Destroy_Flames	3.00	67	33	65536	62764
Sororitas_Divine Intervention_ Battleground	0.15	0	0	65536	62740
Sororitas_Divine Intervention_ Battleground	0.30	0	0	65536	62740
Sororitas_Divine Intervention_ Battleground	0.50	0	0	65536	62740
Sororitas_Divine Intervention_ Battleground	0.75	0	0	65536	62740
Sororitas_Divine Intervention_ Battleground	1.00	0	0	65536	62740
Sororitas_Divine Intervention_ Battleground	1.50	0	0	65536	62740
Sororitas_Divine Intervention_ Battleground	2.00	0	0	65536	62740
Sororitas_Divine Intervention_ Battleground	3.00	269	375	65536	63027
Sororitas_Divine Intervention_Target	0.15	117	83	65536	62809
Sororitas_Divine Intervention_Target	0.30	265	199	65536	62903
Sororitas_Divine Intervention_Target	0.50	356	320	65536	62999
Sororitas_Divine Intervention_Target	0.75	377	394	65536	63058
Sororitas_Divine Intervention_Target	1.00	375	410	65536	63067
Sororitas_Divine Intervention_Target	1.50	392	459	65536	63105
Sororitas_Divine Intervention_Target	2.00	446	602	65536	63211
Sororitas_Divine Intervention_Target	3.00	127	129	65536	62845
Space Wolves Summon	0.15	55	39	65536	62770
Space Wolves Summon	0.30	72	61	65536	62788
Space Wolves Summon	0.50	68	66	65536	62792
Space Wolves Summon	0.75	82	69	65536	62793
Space Wolves Summon	1.00	81	73	65536	62798
Space Wolves Summon	1.50	70	63	65536	62791
Space Wolves Summon	2.00	52	48	65536	62778
Space Wolves Summon	3.00	10	9	65536	62748
Space Wolves Summon OLD	0.15	1	0	65536	62741
Space Wolves Summon OLD	0.30	1	2	65536	62742
Space Wolves Summon OLD	0.50	3	6	65536	62745
Space Wolves Summon OLD	0.75	3	2	65536	62742
Space Wolves Summon OLD	1.00	6	9	65536	62747
Space Wolves Summon OLD	1.50	6	7	65536	62746
Space Wolves Summon OLD	2.00	10	11	65536	62749
Space Wolves Summon OLD	3.00	1	0	65536	62741
Space Wolves Summon Wolves	0.15	44	36	65536	62768
Space Wolves Summon Wolves	0.30	57	54	65536	62781
Space Wolves Summon Wolves	0.50	64	60	65536	62787
Space Wolves Summon Wolves	0.75	67	64	65536	62789
Space Wolves Summon Wolves	1.00	72	78	65536	62800
Space Wolves Summon Wolves	1.50	55	45	65536	62776
Space Wolves Summon Wolves	2.00	65	60	65536	62786
Space Wolves Summon Wolves	3.00	25	31	65536	62766
Spore Explosion	0.15	676	750	65536	63395
Spore Explosion	0.30	1152	876	65536	63506
Spore Explosion	0.50	0	0	65536	62740
Spore Explosion	0.75	0	0	65536	62740
Spore Explosion	1.00	0	0	65536	62740
Spore Explosion	1.50	0	0	65536	62740
Spore Explosion	2.00	0	0	65536	62740
Spore Explosion	3.00	0	0	65536	62740
Spore Mine Explosion	0.15	160	143	65536	62861
Spore Mine Explosion	0.30	381	421	65536	63090
Spore Mine Explosion	0.50	698	806	65536	63415
Spore Mine Explosion	0.75	859	499	65536	63127
Spore Mine Explosion	1.00	996	774	65536	63367
Spore Mine Explosion	1.50	204	196	65536	62905
Spore Mine Explosion	2.00	236	241	65536	62942
Spore Mine Explosion	3.00	224	201	65536	62908
Squig_BigChompaJaws	0.15	0	0	65536	62740
Squig_BigChompaJaws	0.30	0	0	65536	62740
Squig_BigChompaJaws	0.50	0	0	65536	62740
Squig_BigChompaJaws	0.75	40	16	65536	62749
Squig_BigChompaJaws	1.00	0	0	65536	62740
Squig_BigChompaJaws	1.50	0	0	65536	62740
Squig_BigChompaJaws	2.00	0	0	65536	62740
Squig_BigChompaJaws	3.00	0	0	65536	62740
Squig_Explosion	0.15	357	711	65536	63120
Squig_Explosion	0.30	406	808	65536	63163
Squig_Explosion	0.50	154	153	65536	62867
Squig_Explosion	0.75	114	120	65536	62840
Squig_Explosion	1.00	135	138	65536	62856
Squig_Explosion	1.50	98	53	65536	62782
Squig_Explosion	2.00	1	1	65536	62741
Squig_Explosion	3.00	0	0	65536	62740
Stealth_Proc	0.15	764	784	65536	63405
Stealth_Proc	0.30	1363	1304	65536	63846
Stealth_Proc	0.50	1541	1146	65536	63701
Stealth_Proc	0.75	192	92	65536	62826
Stealth_Proc	1.00	4	7	65536	62746
Stealth_Proc	1.50	5	4	65536	62743
Stealth_Proc	2.00	3	4	65536	62743
Stealth_Proc	3.00	1	0	65536	62741
Stealth_Proc_Eldar	0.15	487	245	65536	62928
Stealth_Proc_Eldar	0.30	503	245	65536	62904
Stealth_Proc_Eldar	0.50	633	180	65493	62672
Stealth_Proc_Eldar	0.75	617	102	65444	62494
Stealth_Proc_Eldar	1.00	324	103	65536	62745
Stealth_Proc_Eldar	1.50	57	38	65536	62777
Stealth_Proc_Eldar	2.00	18	16	65536	62754
Stealth_Proc_Eldar	3.00	0	0	65536	62740
Stealth_Proc_UM	0.15	398	167	65536	62869
Stealth_Proc_UM	0.30	387	138	65536	62803
Stealth_Proc_UM	0.50	613	83	65466	62493
Stealth_Proc_UM	0.75	2875	1830	65522	64181
Stealth_Proc_UM	1.00	3411	1699	65536	64027
Stealth_Proc_UM	1.50	0	0	65536	62740
Stealth_Proc_UM	2.00	0	0	65536	62740
Stealth_Proc_UM	3.00	0	0	65536	62740
StealthEffect	0.15	35	56	65536	62782
StealthEffect	0.30	165	236	65536	62921
StealthEffect	0.50	416	607	65536	63204
StealthEffect	0.75	847	880	65536	63414
StealthEffect	1.00	956	932	65536	63449
StealthEffect	1.50	1789	1329	65536	63738
StealthEffect	2.00	1856	1364	65536	63769
StealthEffect	3.00	2863	1904	65536	64189
StimulateEffect	0.15	46	76	65536	62796
StimulateEffect	0.30	174	143	65536	62838
StimulateEffect	0.50	213	193	65536	62880
StimulateEffect	0.75	257	251	65536	62924
StimulateEffect	1.00	297	253	65536	62925
StimulateEffect	1.50	265	204	65536	62895
StimulateEffect	2.00	287	185	65536	62881
StimulateEffect	3.00	47	17	65536	62752
StompEffect	0.15	0	0	65536	62740
StompEffect	0.30	1083	1365	65536	63820
StompEffect	0.50	1512	1501	65536	63951
StompEffect	0.75	909	806	65536	63362
StompEffect	1.00	953	793	65536	63365
StompEffect	1.50	580	237	65536	62915
StompEffect	2.00	0	0	65536	62740
StompEffect	3.00	0	0	65536	62740
StrikeEffect	0.15	535	442	65536	63089
StrikeEffect	0.30	547	586	65536	63200
StrikeEffect	0.50	553	717	65536	63290
StrikeEffect	0.75	569	817	65536	63360
StrikeEffect	1.00	1194	1151	65536	63597
StrikeEffect	1.50	584	830	65536	63369
StrikeEffect	2.00	0	0	65536	62740
StrikeEffect	3.00	0	0	65536	62740
StunEffect	0.15	183	196	65536	62899
StunEffect	0.30	512	536	65536	63177
StunEffect	0.50	726	707	65536	63325
StunEffect	0.75	430	249	65536	62932
StunEffect	1.00	112	91	65536	62816
StunEffect	1.50	99	82	65536	62808
StunEffect	2.00	104	83	65536	62810
StunEffect	3.00	81	66	65536	62795
StunEffect_idle	0.15	479	300	65536	62982
StunEffect_idle	0.30	742	557	65536	63196
StunEffect_idle	0.50	776	652	65536	63273
StunEffect_idle	0.75	1017	836	65536	63427
StunEffect_idle	1.00	1071	873	65536	63457
StunEffect_idle	1.50	1056	897	65536	63479
StunEffect_idle	2.00	1131	947	65536	63514
StunEffect_idle	3.00	1022	827	65536	63414
StunEffect_proc	0.15	315	344	65536	63020
StunEffect_proc	0.30	417	507	65536	63148
StunEffect_proc	0.50	663	474	65536	63129
StunEffect_proc	0.75	679	480	65536	63130
StunEffect_proc	1.00	4	5	65536	62744
StunEffect_proc	1.50	12	12	65536	62750
StunEffect_proc	2.00	4	6	65536	62745
StunEffect_proc	3.00	0	0	65536	62740
Summon_Generic	0.15	210	232	65536	62926
Summon_Generic	0.30	206	226	65536	62925
Summon_Generic	0.50	133	145	65536	62861
Summon_Generic	0.75	81	81	65536	62807
Summon_Generic	1.00	47	72	65536	62796
Summon_Generic	1.50	30	13	65536	62748
Summon_Generic	2.00	0	0	65536	62740
Summon_Generic	3.00	0	0	65536	62740
SW_Axe_Buff	0.15	62	173	65536	62861
SW_Axe_Buff	0.30	32	88	65536	62802
SW_Axe_Buff	0.50	13	36	65536	62766
SW_Axe_Buff	0.75	425	431	65536	63093
SW_Axe_Buff	1.00	1020	1139	65536	63627
SW_Axe_Buff	1.50	9	15	65536	62752
SW_Axe_Buff	2.00	8	12	65536	62750
SW_Axe_Buff	3.00	0	0	65536	62740
SW_Tornado	0.15	212	96	65536	62816
SW_Tornado	0.30	713	346	65536	63009
SW_Tornado	0.50	1786	945	65536	63497
SW_Tornado	0.75	1957	1052	65536	63597
SW_Tornado	1.00	2153	1101	65536	63619
SW_Tornado	1.50	2365	1248	65536	63735
SW_Tornado	2.00	2186	1170	65536	63679
SW_Tornado	3.00	2169	1114	65536	63639
Swarm Card Merge VFX	0.15	425	204	65535	62708
Swarm Card Merge VFX	0.30	443	167	65535	62666
Swarm Card Merge VFX	0.50	416	42	65534	62449
Swarm Card Merge VFX	0.75	408	33	65534	62441
Swarm Card Merge VFX	1.00	402	29	65534	62438
Swarm Card Merge VFX	1.50	402	29	65534	62438
Swarm Card Merge VFX	2.00	402	29	65534	62438
Swarm Card Merge VFX	3.00	402	29	65534	62438
Swarm_Trigger_OnTarget	0.15	60	62	65536	62789
Swarm_Trigger_OnTarget	0.30	86	99	65536	62819
Swarm_Trigger_OnTarget	0.50	143	149	65536	62860
Swarm_Trigger_OnTarget	0.75	208	186	65536	62893
Swarm_Trigger_OnTarget	1.00	263	199	65536	62905
Swarm_Trigger_OnTarget	1.50	0	0	65536	62740
Swarm_Trigger_OnTarget	2.00	0	0	65536	62740
Swarm_Trigger_OnTarget	3.00	0	0	65536	62740
Sword_10x_EC	0.15	22	18	65536	62753
Sword_10x_EC	0.30	71	90	65536	62806
Sword_10x_EC	0.50	97	113	65536	62825
Sword_10x_EC	0.75	170	235	65536	62913
Sword_10x_EC	1.00	242	378	65536	63017
Sword_10x_EC	1.50	310	524	65536	63116
Sword_10x_EC	2.00	283	478	65536	63079
Sword_10x_EC	3.00	270	436	65536	63057
Sword_Slash_DA	0.15	41	53	65536	62775
Sword_Slash_DA	0.30	1040	1153	65536	63737
Sword_Slash_DA	0.50	1928	1219	65536	63766
Sword_Slash_DA	0.75	1	0	65536	62743
Sword_Slash_DA	1.00	0	0	65536	62742
Sword_Slash_DA	1.50	0	0	65536	62740
Sword_Slash_DA	2.00	0	0	65536	62740
Sword_Slash_DA	3.00	0	0	65536	62740
Sword_Slash_DA_Heavy	0.15	31	41	65536	62767
Sword_Slash_DA_Heavy	0.30	855	1062	65536	63641
Sword_Slash_DA_Heavy	0.50	1487	1239	65536	63831
Sword_Slash_DA_Heavy	0.75	47	24	65536	62764
Sword_Slash_DA_Heavy	1.00	16	6	65536	62747
Sword_Slash_DA_Heavy	1.50	22	8	65536	62748
Sword_Slash_DA_Heavy	2.00	0	0	65536	62741
Sword_Slash_DA_Heavy	3.00	0	0	65536	62740
Sword_Slash_EC	0.15	2	3	65536	62742
Sword_Slash_EC	0.30	31	36	65536	62771
Sword_Slash_EC	0.50	57	37	65536	62772
Sword_Slash_EC	0.75	0	0	65536	62740
Sword_Slash_EC	1.00	0	0	65536	62740
Sword_Slash_EC	1.50	0	0	65536	62740
Sword_Slash_EC	2.00	0	0	65536	62740
Sword_Slash_EC	3.00	0	0	65536	62740
Sword_Slash_EC 3x	0.15	0	0	65536	62740
Sword_Slash_EC 3x	0.30	4	4	65536	62743
Sword_Slash_EC 3x	0.50	2	5	65536	62744
Sword_Slash_EC 3x	0.75	0	0	65536	62740
Sword_Slash_EC 3x	1.00	0	0	65536	62740
Sword_Slash_EC 3x	1.50	0	0	65536	62740
Sword_Slash_EC 3x	2.00	0	0	65536	62740
Sword_Slash_EC 3x	3.00	0	0	65536	62740
Sword_Slash_EC_User	0.15	752	634	65536	63244
Sword_Slash_EC_User	0.30	700	511	65536	63140
Sword_Slash_EC_User	0.50	96	57	65536	62784
Sword_Slash_EC_User	0.75	0	0	65536	62740
Sword_Slash_EC_User	1.00	0	0	65536	62740
Sword_Slash_EC_User	1.50	0	0	65536	62740
Sword_Slash_EC_User	2.00	0	0	65536	62740
Sword_Slash_EC_User	3.00	0	0	65536	62740
Sword_Slash_EC_User 3x	0.15	776	694	65536	63295
Sword_Slash_EC_User 3x	0.30	753	598	65536	63206
Sword_Slash_EC_User 3x	0.50	118	103	65536	62813
Sword_Slash_EC_User 3x	0.75	7	10	65536	62748
Sword_Slash_EC_User 3x	1.00	0	0	65536	62740
Sword_Slash_EC_User 3x	1.50	0	0	65536	62740
Sword_Slash_EC_User 3x	2.00	0	0	65536	62740
Sword_Slash_EC_User 3x	3.00	0	0	65536	62740
Sword_Slash_EC_User 7x	0.15	724	617	65536	63226
Sword_Slash_EC_User 7x	0.30	672	491	65536	63122
Sword_Slash_EC_User 7x	0.50	101	68	65536	62792
Sword_Slash_EC_User 7x	0.75	3	8	65536	62746
Sword_Slash_EC_User 7x	1.00	0	0	65536	62740
Sword_Slash_EC_User 7x	1.50	183	222	65536	62919
Sword_Slash_EC_User 7x	2.00	187	204	65536	62908
Sword_Slash_EC_User 7x	3.00	0	0	65536	62740
Sword_Slash_EC_User Inverted	0.15	738	632	65536	63245
Sword_Slash_EC_User Inverted	0.30	706	519	65536	63146
Sword_Slash_EC_User Inverted	0.50	84	42	65536	62770
Sword_Slash_EC_User Inverted	0.75	0	0	65536	62740
Sword_Slash_EC_User Inverted	1.00	0	0	65536	62740
Sword_Slash_EC_User Inverted	1.50	0	0	65536	62740
Sword_Slash_EC_User Inverted	2.00	0	0	65536	62740
Sword_Slash_EC_User Inverted	3.00	0	0	65536	62740
Sword_Slash_Simple	0.15	2440	1566	65536	63885
Sword_Slash_Simple	0.30	2340	1889	65536	64350
Sword_Slash_Simple	0.50	228	162	65536	62850
Sword_Slash_Simple	0.75	77	30	65536	62753
Sword_Slash_Simple	1.00	0	0	65536	62740
Sword_Slash_Simple	1.50	0	0	65536	62740
Sword_Slash_Simple	2.00	0	0	65536	62740
Sword_Slash_Simple	3.00	0	0	65536	62740
Sword_Slash_User_DA	0.15	19	43	65536	62772
Sword_Slash_User_DA	0.30	1350	1382	65536	63950
Sword_Slash_User_DA	0.50	2509	1584	65536	64072
Sword_Slash_User_DA	0.75	0	0	65536	62740
Sword_Slash_User_DA	1.00	0	0	65536	62740
Sword_Slash_User_DA	1.50	0	0	65536	62740
Sword_Slash_User_DA	2.00	0	0	65536	62740
Sword_Slash_User_DA	3.00	0	0	65536	62740
Sword_Slash_User_DA No Tween	0.15	19	43	65536	62772
Sword_Slash_User_DA No Tween	0.30	1349	1381	65536	63949
Sword_Slash_User_DA No Tween	0.50	2513	1587	65536	64074
Sword_Slash_User_DA No Tween	0.75	0	0	65536	62740
Sword_Slash_User_DA No Tween	1.00	0	0	65536	62740
Sword_Slash_User_DA No Tween	1.50	0	0	65536	62740
Sword_Slash_User_DA No Tween	2.00	0	0	65536	62740
Sword_Slash_User_DA No Tween	3.00	0	0	65536	62740
SynapseEffect	0.15	2550	2344	65536	64803
SynapseEffect	0.30	3544	4108	65536	66296
SynapseEffect	0.50	4560	5271	65536	67304
SynapseEffect	0.75	5114	4678	65536	66788
SynapseEffect	1.00	1340	1364	65536	63837
SynapseEffect	1.50	933	583	65536	63194
SynapseEffect	2.00	0	0	65536	62740
SynapseEffect	3.00	0	0	65536	62740
SynapseEffect_NoIcon	0.15	992	917	65536	63547
SynapseEffect_NoIcon	0.30	1406	1603	65536	64134
SynapseEffect_NoIcon	0.50	1768	2041	65536	64508
SynapseEffect_NoIcon	0.75	1980	1763	65536	64277
SynapseEffect_NoIcon	1.00	477	404	65536	63071
SynapseEffect_NoIcon	1.50	299	157	65536	62859
SynapseEffect_NoIcon	2.00	0	0	65536	62740
SynapseEffect_NoIcon	3.00	0	0	65536	62740
Talent_Warmaster	0.15	464	211	65536	62893
Talent_Warmaster	0.30	446	200	65536	62880
Talent_Warmaster	0.50	400	175	65536	62861
Talent_Warmaster	0.75	289	120	65536	62820
Talent_Warmaster	1.00	174	67	65536	62785
Talent_Warmaster	1.50	0	0	65536	62741
Talent_Warmaster	2.00	0	0	65536	62740
Talent_Warmaster	3.00	0	0	65536	62740
TalentEffect	0.15	4135	4456	65536	66226
TalentEffect	0.30	4194	5250	65536	66732
TalentEffect	0.50	4178	5202	65536	66701
TalentEffect	0.75	4005	4345	65536	66048
TalentEffect	1.00	940	1862	65536	64044
TalentEffect	1.50	1067	2044	65536	64215
TalentEffect	2.00	0	0	65536	62740
TalentEffect	3.00	0	0	65536	62740
Tank_Shot_Small	0.15	566	620	65536	63219
Tank_Shot_Small	0.30	913	658	65536	63261
Tank_Shot_Small	0.50	79	47	65536	62778
Tank_Shot_Small	0.75	8	10	65536	62748
Tank_Shot_Small	1.00	5	7	65536	62745
Tank_Shot_Small	1.50	3	4	65536	62743
Tank_Shot_Small	2.00	5	6	65536	62745
Tank_Shot_Small	3.00	0	0	65536	62740
Tap Blue Glow	0.15	16	15	65536	62751
Tap Blue Glow	0.30	52	64	65536	62789
Tap Blue Glow	0.50	128	167	65536	62865
Tap Blue Glow	0.75	188	208	65536	62896
Tap Blue Glow	1.00	0	0	65536	62740
Tap Blue Glow	1.50	0	0	65536	62740
Tap Blue Glow	2.00	0	0	65536	62740
Tap Blue Glow	3.00	0	0	65536	62740
Tap Blue Glow Blink	0.15	236	300	65536	62963
Tap Blue Glow Blink	0.30	233	299	65536	62963
Tap Blue Glow Blink	0.50	0	0	65536	62740
Tap Blue Glow Blink	0.75	0	0	65536	62740
Tap Blue Glow Blink	1.00	0	0	65536	62740
Tap Blue Glow Blink	1.50	0	0	65536	62740
Tap Blue Glow Blink	2.00	0	0	65536	62740
Tap Blue Glow Blink	3.00	0	0	65536	62740
Tap Fire Eldar	0.15	618	373	65536	63031
Tap Fire Eldar	0.30	692	588	65536	63224
Tap Fire Eldar	0.50	822	993	65536	63513
Tap Fire Eldar	0.75	1203	1268	65536	63781
Tap Fire Eldar	1.00	1079	740	65536	63318
Tap Fire Eldar	1.50	177	135	65536	62855
Tap Fire Eldar	2.00	0	0	65536	62740
Tap Fire Eldar	3.00	0	0	65536	62740
Tap Firepit	0.15	290	180	65536	62788
Tap Firepit	0.30	544	575	65536	63038
Tap Firepit	0.50	1103	1374	65536	63558
Tap Firepit	0.75	1644	1831	65536	63851
Tap Firepit	1.00	1442	986	65536	63352
Tap Firepit	1.50	0	0	65536	62712
Tap Firepit	2.00	0	0	65536	62740
Tap Firepit	3.00	0	0	65536	62740
Tap Firepit 2	0.15	187	64	65536	62700
Tap Firepit 2	0.30	308	174	65536	62758
Tap Firepit 2	0.50	477	486	65536	63060
Tap Firepit 2	0.75	528	443	65536	63039
Tap Firepit 2	1.00	348	188	65536	62816
Tap Firepit 2	1.50	0	0	65536	62740
Tap Firepit 2	2.00	0	0	65536	62740
Tap Firepit 2	3.00	0	0	65536	62740
Tap Floor Grille	0.15	817	513	65536	63143
Tap Floor Grille	0.30	617	454	65536	63104
Tap Floor Grille	0.50	881	481	65536	63120
Tap Floor Grille	0.75	814	384	65536	63033
Tap Floor Grille	1.00	594	263	65536	62937
Tap Floor Grille	1.50	0	0	65536	62740
Tap Floor Grille	2.00	0	0	65536	62740
Tap Floor Grille	3.00	0	0	65536	62740
Tap Green Glow	0.15	16	13	65536	62750
Tap Green Glow	0.30	52	55	65536	62782
Tap Green Glow	0.50	121	143	65536	62850
Tap Green Glow	0.75	178	175	65536	62874
Tap Green Glow	1.00	0	0	65536	62740
Tap Green Glow	1.50	0	0	65536	62740
Tap Green Glow	2.00	0	0	65536	62740
Tap Green Glow	3.00	0	0	65536	62740
Tap Hit Metal	0.15	12	15	65536	62752
Tap Hit Metal	0.30	24	23	65536	62759
Tap Hit Metal	0.50	28	26	65536	62762
Tap Hit Metal	0.75	29	20	65536	62756
Tap Hit Metal	1.00	0	0	65536	62740
Tap Hit Metal	1.50	0	0	65536	62740
Tap Hit Metal	2.00	0	0	65536	62740
Tap Hit Metal	3.00	0	0	65536	62740
Tap Hit Metal Red	0.15	491	247	65536	62915
Tap Hit Metal Red	0.30	26	23	65536	62758
Tap Hit Metal Red	0.50	7	5	65536	62744
Tap Hit Metal Red	0.75	0	0	65536	62740
Tap Hit Metal Red	1.00	0	0	65536	62740
Tap Hit Metal Red	1.50	0	0	65536	62740
Tap Hit Metal Red	2.00	0	0	65536	62740
Tap Hit Metal Red	3.00	0	0	65536	62740
Tap Hit Metal Small	0.15	8	9	65536	62748
Tap Hit Metal Small	0.30	25	34	65536	62767
Tap Hit Metal Small	0.50	37	46	65536	62777
Tap Hit Metal Small	0.75	16	14	65536	62751
Tap Hit Metal Small	1.00	0	0	65536	62740
Tap Hit Metal Small	1.50	0	0	65536	62740
Tap Hit Metal Small	2.00	0	0	65536	62740
Tap Hit Metal Small	3.00	0	0	65536	62740
Tap Monolith Left Glow	0.15	0	0	65536	62740
Tap Monolith Left Glow	0.30	0	0	65536	62740
Tap Monolith Left Glow	0.50	2	1	65536	62741
Tap Monolith Left Glow	0.75	4	2	65536	62742
Tap Monolith Left Glow	1.00	4	2	65536	62742
Tap Monolith Left Glow	1.50	4	2	65536	62742
Tap Monolith Left Glow	2.00	0	0	65536	62740
Tap Monolith Left Glow	3.00	0	0	65536	62740
Tap Monolith Right Glow	0.15	0	0	65536	62740
Tap Monolith Right Glow	0.30	0	0	65536	62740
Tap Monolith Right Glow	0.50	2	1	65536	62741
Tap Monolith Right Glow	0.75	4	2	65536	62742
Tap Monolith Right Glow	1.00	4	2	65536	62742
Tap Monolith Right Glow	1.50	4	2	65536	62742
Tap Monolith Right Glow	2.00	0	0	65536	62740
Tap Monolith Right Glow	3.00	0	0	65536	62740
Tap Plasma generator	0.15	484	557	65536	63224
Tap Plasma generator	0.30	3136	2945	65536	65328
Tap Plasma generator	0.50	891	554	65536	63150
Tap Plasma generator	0.75	246	243	65536	62933
Tap Plasma generator	1.00	106	106	65536	62827
Tap Plasma generator	1.50	0	0	65536	62740
Tap Plasma generator	2.00	0	0	65536	62740
Tap Plasma generator	3.00	0	0	65536	62740
Tap Red Glow Eye	0.15	733	385	65536	63001
Tap Red Glow Eye	0.30	864	521	65536	63094
Tap Red Glow Eye	0.50	963	644	65536	63176
Tap Red Glow Eye	0.75	830	484	65536	63070
Tap Red Glow Eye	1.00	0	0	65536	62740
Tap Red Glow Eye	1.50	0	0	65536	62740
Tap Red Glow Eye	2.00	0	0	65536	62740
Tap Red Glow Eye	3.00	0	0	65536	62740
Tap Rock	0.15	277	214	65536	62922
Tap Rock	0.30	403	312	65536	63006
Tap Rock	0.50	596	315	65536	62988
Tap Rock	0.75	257	116	65536	62837
Tap Rock	1.00	21	21	65536	62758
Tap Rock	1.50	0	0	65536	62740
Tap Rock	2.00	0	0	65536	62740
Tap Rock	3.00	0	0	65536	62740
Tap Squig	0.15	0	0	65536	62740
Tap Squig	0.30	0	0	65536	62740
Tap Squig	0.50	0	0	65536	62740
Tap Squig	0.75	0	0	65536	62740
Tap Squig	1.00	0	0	65536	62740
Tap Squig	1.50	0	0	65536	62740
Tap Squig	2.00	0	0	65536	62740
Tap Squig	3.00	0	0	65536	62740
Tap squishy	0.15	173	125	65536	62845
Tap squishy	0.30	212	140	65536	62857
Tap squishy	0.50	291	157	65536	62865
Tap squishy	0.75	133	67	65536	62793
Tap squishy	1.00	38	34	65536	62769
Tap squishy	1.50	0	0	65536	62740
Tap squishy	2.00	0	0	65536	62740
Tap squishy	3.00	0	0	65536	62740
Tap Toxic Sludge	0.15	24	12	65536	62750
Tap Toxic Sludge	0.30	33	15	65536	62753
Tap Toxic Sludge	0.50	9	3	65536	62744
Tap Toxic Sludge	0.75	19	8	65536	62748
Tap Toxic Sludge	1.00	19	8	65536	62746
Tap Toxic Sludge	1.50	10	4	65536	62744
Tap Toxic Sludge	2.00	0	0	65536	62740
Tap Toxic Sludge	3.00	0	0	65536	62740
Tap Toxic Sludge green	0.15	98	94	65536	62818
Tap Toxic Sludge green	0.30	71	55	65536	62787
Tap Toxic Sludge green	0.50	103	60	65536	62789
Tap Toxic Sludge green	0.75	38	24	65536	62760
Tap Toxic Sludge green	1.00	23	13	65536	62751
Tap Toxic Sludge green	1.50	0	0	65536	62740
Tap Toxic Sludge green	2.00	0	0	65536	62740
Tap Toxic Sludge green	3.00	0	0	65536	62740
Tap Webway Portal	0.15	1090	1230	65536	63757
Tap Webway Portal	0.30	2330	2039	65536	64534
Tap Webway Portal	0.50	0	0	65536	62740
Tap Webway Portal	0.75	0	0	65536	62740
Tap Webway Portal	1.00	0	0	65536	62740
Tap Webway Portal	1.50	0	0	65536	62740
Tap Webway Portal	2.00	0	0	65536	62740
Tap Webway Portal	3.00	0	0	65536	62740
Tau Buff Ranged	0.15	12	5	65536	62744
Tau Buff Ranged	0.30	16	8	65536	62746
Tau Buff Ranged	0.50	19	11	65536	62749
Tau Buff Ranged	0.75	17	12	65536	62749
Tau Buff Ranged	1.00	17	14	65536	62752
Tau Buff Ranged	1.50	208	203	65536	62904
Tau Buff Ranged	2.00	28	15	65536	62751
Tau Buff Ranged	3.00	0	0	65536	62740
Tau Coordinated Engagement	0.15	0	0	65536	62740
Tau Coordinated Engagement	0.30	0	0	65536	62740
Tau Coordinated Engagement	0.50	0	0	65536	62740
Tau Coordinated Engagement	0.75	0	0	65536	62740
Tau Coordinated Engagement	1.00	0	0	65536	62740
Tau Coordinated Engagement	1.50	118	87	65536	62803
Tau Coordinated Engagement	2.00	0	0	65536	62740
Tau Coordinated Engagement	3.00	0	0	65536	62740
Tau_AerialBombardment	0.15	3	1	65536	62741
Tau_AerialBombardment	0.30	3	2	65536	62742
Tau_AerialBombardment	0.50	3	2	65536	62742
Tau_AerialBombardment	0.75	11	6	65536	62744
Tau_AerialBombardment	1.00	1	1	65536	62741
Tau_AerialBombardment	1.50	0	0	65536	62740
Tau_AerialBombardment	2.00	0	0	65536	62740
Tau_AerialBombardment	3.00	0	0	65536	62740
Tau_RailBombardment UNUSED	0.15	9	6	65536	62745
Tau_RailBombardment UNUSED	0.30	10	7	65536	62746
Tau_RailBombardment UNUSED	0.50	12	9	65536	62747
Tau_RailBombardment UNUSED	0.75	6	3	65536	62743
Tau_RailBombardment UNUSED	1.00	5	4	65536	62744
Tau_RailBombardment UNUSED	1.50	4	3	65536	62742
Tau_RailBombardment UNUSED	2.00	3	3	65536	62743
Tau_RailBombardment UNUSED	3.00	0	0	65536	62740
Tau_SummonCircle	0.15	191	219	65536	62914
Tau_SummonCircle	0.30	378	421	65536	63073
Tau_SummonCircle	0.50	568	588	65536	63193
Tau_SummonCircle	0.75	609	511	65536	63129
Tau_SummonCircle	1.00	36	19	65536	62753
Tau_SummonCircle	1.50	27	15	65536	62751
Tau_SummonCircle	2.00	2	1	65536	62741
Tau_SummonCircle	3.00	0	0	65536	62740
Tau_Vespid_laser	0.15	8	9	65536	62747
Tau_Vespid_laser	0.30	9	10	65536	62748
Tau_Vespid_laser	0.50	8	9	65536	62748
Tau_Vespid_laser	0.75	5	5	65536	62744
Tau_Vespid_laser	1.00	0	0	65536	62740
Tau_Vespid_laser	1.50	0	0	65536	62740
Tau_Vespid_laser	2.00	0	0	65536	62740
Tau_Vespid_laser	3.00	0	0	65536	62740
Technomancer_Buff	0.15	344	178	65536	62864
Technomancer_Buff	0.30	958	966	65536	63421
Technomancer_Buff	0.50	956	957	65536	63416
Technomancer_Buff	0.75	3155	2360	65536	64397
Technomancer_Buff	1.00	3144	2218	65536	64311
Technomancer_Buff	1.50	0	0	65536	62740
Technomancer_Buff	2.00	0	0	65536	62740
Technomancer_Buff	3.00	0	0	65536	62740
Telepathic_Control_target	0.15	948	1109	65536	63683
Telepathic_Control_target	0.30	1235	1546	65536	64055
Telepathic_Control_target	0.50	1739	2095	65536	64537
Telepathic_Control_target	0.75	2319	2677	65536	65052
Telepathic_Control_target	1.00	2734	2931	65536	65284
Telepathic_Control_target	1.50	3145	2324	65536	64755
Telepathic_Control_target	2.00	0	0	65536	62740
Telepathic_Control_target	3.00	0	0	65536	62740
Telepathic_Control_User	0.15	317	322	65536	62998
Telepathic_Control_User	0.30	668	686	65536	63286
Telepathic_Control_User	0.50	1579	1906	65536	64350
Telepathic_Control_User	0.75	2569	2827	65536	65190
Telepathic_Control_User	1.00	3101	2549	65536	64965
Telepathic_Control_User	1.50	286	139	65536	62836
Telepathic_Control_User	2.00	0	0	65536	62740
Telepathic_Control_User	3.00	0	0	65536	62740
Teleport Recall	0.15	122	69	65536	62793
Teleport Recall	0.30	360	186	65536	62880
Teleport Recall	0.50	726	528	65536	63175
Teleport Recall	0.75	1219	1140	65536	63670
Teleport Recall	1.00	2370	2375	65536	64623
Teleport Recall	1.50	852	588	65536	63236
Teleport Recall	2.00	166	84	65536	62810
Teleport Recall	3.00	0	0	65536	62740
Teleport Trait Summon	0.15	206	194	65536	62891
Teleport Trait Summon	0.30	304	255	65536	62932
Teleport Trait Summon	0.50	330	295	65536	62960
Teleport Trait Summon	0.75	354	330	65536	62987
Teleport Trait Summon	1.00	406	401	65536	63043
Teleport Trait Summon	1.50	219	209	65536	62910
Teleport Trait Summon	2.00	122	80	65536	62805
Teleport Trait Summon	3.00	1	0	65536	62741
Teleport Trigger Effect Quick	0.15	693	528	65536	63151
Teleport Trigger Effect Quick	0.30	1449	1115	65536	63543
Teleport Trigger Effect Quick	0.50	1773	1396	65536	63755
Teleport Trigger Effect Quick	0.75	1930	1471	65536	63800
Teleport Trigger Effect Quick	1.00	1007	847	65536	63426
Teleport Trigger Effect Quick	1.50	1082	750	65536	63365
Teleport Trigger Effect Quick	2.00	493	230	65536	62918
Teleport Trigger Effect Quick	3.00	0	0	65536	62740
Thunderhawk Flyover	0.15	0	0	65536	62740
Thunderhawk Flyover	0.30	0	0	65536	62740
Thunderhawk Flyover	0.50	0	0	65536	62740
Thunderhawk Flyover	0.75	0	0	65536	62740
Thunderhawk Flyover	1.00	0	0	65536	62740
Thunderhawk Flyover	1.50	0	0	65536	62740
Thunderhawk Flyover	2.00	0	0	65536	62740
Thunderhawk Flyover	3.00	0	0	65536	62740
TideEffect	0.15	646	590	65536	63188
TideEffect	0.30	1027	988	65536	63514
TideEffect	0.50	1515	1503	65536	63916
TideEffect	0.75	1933	1809	65536	64195
TideEffect	1.00	1728	1361	65536	63878
TideEffect	1.50	0	0	65536	62740
TideEffect	2.00	0	0	65536	62740
TideEffect	3.00	0	0	65536	62740
Tidewall Gunrig	0.15	60	42	65536	62770
Tidewall Gunrig	0.30	73	52	65536	62778
Tidewall Gunrig	0.50	77	48	65536	62776
Tidewall Gunrig	0.75	59	34	65536	62765
Tidewall Gunrig	1.00	55	37	65536	62769
Tidewall Gunrig	1.50	54	34	65536	62767
Tidewall Gunrig	2.00	0	0	65536	62740
Tidewall Gunrig	3.00	0	0	65536	62740
TinyFlames	0.15	560	372	65536	63020
TinyFlames	0.30	709	481	65536	63099
TinyFlames	0.50	600	394	65536	63037
TinyFlames	0.75	484	328	65536	62985
TinyFlames	1.00	588	388	65536	63031
TinyFlames	1.50	469	312	65536	62974
TinyFlames	2.00	507	345	65536	62998
TinyFlames	3.00	567	379	65536	63023
Toxic Vapors Damage	0.15	0	0	65536	62741
Toxic Vapors Damage	0.30	7	3	65536	62742
Toxic Vapors Damage	0.50	59	24	65536	62757
Toxic Vapors Damage	0.75	62	23	65536	62756
Toxic Vapors Damage	1.00	90	43	65536	62771
Toxic Vapors Damage	1.50	186	117	65536	62834
Toxic Vapors Damage	2.00	34	12	65536	62751
Toxic Vapors Damage	3.00	0	0	65536	62740
Toxic Vapors Damage quick	0.15	0	0	65536	62741
Toxic Vapors Damage quick	0.30	20	7	65536	62746
Toxic Vapors Damage quick	0.50	23	9	65536	62748
Toxic Vapors Damage quick	0.75	226	161	65536	62868
Toxic Vapors Damage quick	1.00	237	140	65536	62850
Toxic Vapors Damage quick	1.50	92	36	65536	62769
Toxic Vapors Damage quick	2.00	2	1	65536	62742
Toxic Vapors Damage quick	3.00	0	0	65536	62740
Toxic_Entanglement	0.15	59	30	65536	62762
Toxic_Entanglement	0.30	148	82	65536	62790
Toxic_Entanglement	0.50	188	100	65536	62805
Toxic_Entanglement	0.75	316	215	65536	62908
Toxic_Entanglement	1.00	426	288	65536	62972
Toxic_Entanglement	1.50	500	353	65536	63021
Toxic_Entanglement	2.00	568	417	65536	63071
Toxic_Entanglement	3.00	0	0	65536	62740
ToxicMiasma_Board	0.15	2	1	65536	62741
ToxicMiasma_Board	0.30	10	4	65536	62746
ToxicMiasma_Board	0.50	88	35	65536	62765
ToxicMiasma_Board	0.75	237	96	65536	62806
ToxicMiasma_Board	1.00	527	207	65536	62870
ToxicMiasma_Board	1.50	1056	408	65536	62980
ToxicMiasma_Board	2.00	1340	509	65536	63032
ToxicMiasma_Board	3.00	983	338	65536	62931
ToxicMiasma_Venomthrope	0.15	59	26	65536	62757
ToxicMiasma_Venomthrope	0.30	76	36	65536	62765
ToxicMiasma_Venomthrope	0.50	117	51	65536	62773
ToxicMiasma_Venomthrope	0.75	189	79	65536	62790
ToxicMiasma_Venomthrope	1.00	252	104	65536	62804
ToxicMiasma_Venomthrope	1.50	459	179	65536	62848
ToxicMiasma_Venomthrope	2.00	732	279	65536	62901
ToxicMiasma_Venomthrope	3.00	790	277	65536	62903
ToxicMiasma_Warlord	0.15	199	242	65536	62950
ToxicMiasma_Warlord	0.30	236	271	65536	62976
ToxicMiasma_Warlord	0.50	284	311	65536	63012
ToxicMiasma_Warlord	0.75	446	412	65536	63098
ToxicMiasma_Warlord	1.00	705	567	65536	63228
ToxicMiasma_Warlord	1.50	1445	856	65536	63438
ToxicMiasma_Warlord	2.00	555	202	65536	62869
ToxicMiasma_Warlord	3.00	211	66	65536	62800
Trait_GainQuest	0.15	3	2	65536	62742
Trait_GainQuest	0.30	11	11	65536	62749
Trait_GainQuest	0.50	21	20	65536	62757
Trait_GainQuest	0.75	22	20	65536	62757
Trait_GainQuest	1.00	174	213	65536	62911
Trait_GainQuest	1.50	51	38	65536	62770
Trait_GainQuest	2.00	0	0	65536	62740
Trait_GainQuest	3.00	0	0	65536	62740
TraitorsHate_Board	0.15	76	27	65536	62753
TraitorsHate_Board	0.30	605	321	65536	62936
TraitorsHate_Board	0.50	550	209	65536	62835
TraitorsHate_Board	0.75	342	137	65536	62808
TraitorsHate_Board	1.00	859	323	65536	62880
TraitorsHate_Board	1.50	147	52	65536	62768
TraitorsHate_Board	2.00	27	15	65536	62765
TraitorsHate_Board	3.00	0	0	65536	62744
TraitorsHate_Target	0.15	298	259	65536	62943
TraitorsHate_Target	0.30	352	233	65536	62903
TraitorsHate_Target	0.50	317	178	65536	62859
TraitorsHate_Target	0.75	107	44	65536	62768
TraitorsHate_Target	1.00	0	0	65536	62740
TraitorsHate_Target	1.50	0	0	65536	62740
TraitorsHate_Target	2.00	0	0	65536	62740
TraitorsHate_Target	3.00	0	0	65536	62740
Tyranid Spawn	0.15	643	386	65536	63049
Tyranid Spawn	0.30	616	369	65536	63036
Tyranid Spawn	0.50	553	316	65536	62991
Tyranid Spawn	0.75	431	225	65536	62915
Tyranid Spawn	1.00	282	135	65536	62843
Tyranid Spawn	1.50	0	0	65536	62740
Tyranid Spawn	2.00	0	0	65536	62740
Tyranid Spawn	3.00	0	0	65536	62740
Tyranid_Burrow	0.15	129	86	65536	62814
Tyranid_Burrow	0.30	168	132	65536	62855
Tyranid_Burrow	0.50	514	392	65536	63072
Tyranid_Burrow	0.75	669	516	65536	63167
Tyranid_Burrow	1.00	621	427	65536	63088
Tyranid_Burrow	1.50	1463	1359	65536	63876
Tyranid_Burrow	2.00	828	429	65536	63083
Tyranid_Burrow	3.00	0	0	65536	62740
TyranidInvasion_Spawn	0.15	384	388	65536	63063
TyranidInvasion_Spawn	0.30	2155	2338	65536	64767
TyranidInvasion_Spawn	0.50	1246	872	65536	63457
TyranidInvasion_Spawn	0.75	288	242	65536	62939
TyranidInvasion_Spawn	1.00	270	231	65536	62938
TyranidInvasion_Spawn	1.50	71	25	65536	62767
TyranidInvasion_Spawn	2.00	12	4	65536	62752
TyranidInvasion_Spawn	3.00	0	0	65536	62740
UM_AvengingSon	0.15	0	0	65536	62740
UM_AvengingSon	0.30	0	0	65536	62740
UM_AvengingSon	0.50	0	0	65536	62740
UM_AvengingSon	0.75	0	0	65536	62740
UM_AvengingSon	1.00	0	0	65536	62740
UM_AvengingSon	1.50	223	317	65536	62976
UM_AvengingSon	2.00	494	424	65536	63067
UM_AvengingSon	3.00	102	40	65536	62764
UM_Buff	0.15	6	2	65536	62742
UM_Buff	0.30	4	1	65536	62741
UM_Buff	0.50	10	5	65536	62744
UM_Buff	0.75	142	85	65536	62863
UM_Buff	1.00	1310	532	65536	63091
UM_Buff	1.50	1670	700	65536	63184
UM_Buff	2.00	15	10	65536	62748
UM_Buff	3.00	0	0	65536	62740
UM_CardDraw	0.15	40	26	65536	62759
UM_CardDraw	0.30	68	53	65536	62778
UM_CardDraw	0.50	108	93	65536	62806
UM_CardDraw	0.75	156	113	65536	62818
UM_CardDraw	1.00	124	76	65536	62793
UM_CardDraw	1.50	0	0	65536	62740
UM_CardDraw	2.00	0	0	65536	62740
UM_CardDraw	3.00	0	0	65536	62740
UM_DeathFromAbove	0.15	345	334	65536	62981
UM_DeathFromAbove	0.30	353	311	65536	62967
UM_DeathFromAbove	0.50	118	122	65536	62825
UM_DeathFromAbove	0.75	118	122	65536	62825
UM_DeathFromAbove	1.00	117	99	65536	62813
UM_DeathFromAbove	1.50	797	632	65536	63236
UM_DeathFromAbove	2.00	312	214	65536	62902
UM_DeathFromAbove	3.00	0	0	65536	62740
UM_MasterOfArcanaEffect	0.15	22	25	65536	62758
UM_MasterOfArcanaEffect	0.30	148	174	65536	62863
UM_MasterOfArcanaEffect	0.50	137	159	65536	62857
UM_MasterOfArcanaEffect	0.75	116	71	65536	62793
UM_MasterOfArcanaEffect	1.00	45	24	65536	62758
UM_MasterOfArcanaEffect	1.50	0	0	65536	62740
UM_MasterOfArcanaEffect	2.00	0	0	65536	62740
UM_MasterOfArcanaEffect	3.00	0	0	65536	62740
UM_MightOfHeroesEffect	0.15	0	0	65536	62740
UM_MightOfHeroesEffect	0.30	0	0	65536	62740
UM_MightOfHeroesEffect	0.50	7	11	65536	62749
UM_MightOfHeroesEffect	0.75	3014	2797	65536	65051
UM_MightOfHeroesEffect	1.00	3159	3325	65536	65443
UM_MightOfHeroesEffect	1.50	3086	2981	65536	65191
UM_MightOfHeroesEffect	2.00	7	6	65536	62745
UM_MightOfHeroesEffect	3.00	0	0	65536	62740
UM_StormravenShadow	0.15	0	0	65536	62740
UM_StormravenShadow	0.30	0	0	65536	62740
UM_StormravenShadow	0.50	0	0	65536	62740
UM_StormravenShadow	0.75	0	0	65536	62740
UM_StormravenShadow	1.00	0	0	65536	62740
UM_StormravenShadow	1.50	0	0	65536	62740
UM_StormravenShadow	2.00	0	0	65536	62740
UM_StormravenShadow	3.00	0	0	65536	62740
UM_StormravenShadow_Perpendicular	0.15	0	0	65536	62740
UM_StormravenShadow_Perpendicular	0.30	0	0	65536	62740
UM_StormravenShadow_Perpendicular	0.50	0	0	65536	62740
UM_StormravenShadow_Perpendicular	0.75	0	0	65536	62740
UM_StormravenShadow_Perpendicular	1.00	0	0	65536	62740
UM_StormravenShadow_Perpendicular	1.50	0	0	65536	62740
UM_StormravenShadow_Perpendicular	2.00	0	0	65536	62740
UM_StormravenShadow_Perpendicular	3.00	0	0	65536	62740
UM_TacticalInsight	0.15	88	100	65536	62817
UM_TacticalInsight	0.30	165	198	65536	62895
UM_TacticalInsight	0.50	286	334	65536	62997
UM_TacticalInsight	0.75	1815	1617	65536	63934
UM_TacticalInsight	1.00	1361	1366	65536	63732
UM_TacticalInsight	1.50	524	377	65536	63012
UM_TacticalInsight	2.00	7	3	65536	62742
UM_TacticalInsight	3.00	0	0	65536	62740
UM_Target_LockOn_Crosshair	0.15	1840	2106	65536	64250
UM_Target_LockOn_Crosshair	0.30	1856	2029	65536	64200
UM_Target_LockOn_Crosshair	0.50	564	719	65536	63235
UM_Target_LockOn_Crosshair	0.75	564	719	65536	63235
UM_Target_LockOn_Crosshair	1.00	574	602	65536	63168
UM_Target_LockOn_Crosshair	1.50	574	592	65536	63161
UM_Target_LockOn_Crosshair	2.00	0	0	65536	62740
UM_Target_LockOn_Crosshair	3.00	0	0	65536	62740
Unit Freezing	0.15	1	1	65536	62741
Unit Freezing	0.30	175	77	65536	62796
Unit Freezing	0.50	392	197	65536	62891
Unit Freezing	0.75	523	333	65536	63013
Unit Freezing	1.00	556	464	65536	63130
Unit Freezing	1.50	608	554	65536	63206
Unit Freezing	2.00	612	589	65536	63230
Unit Freezing	3.00	635	515	65536	63166
UnstableEffect	0.15	210	154	65536	62866
UnstableEffect	0.30	242	203	65536	62907
UnstableEffect	0.50	263	261	65536	62954
UnstableEffect	0.75	308	362	65536	63030
UnstableEffect	1.00	372	454	65536	63101
UnstableEffect	1.50	280	272	65536	62964
UnstableEffect	2.00	371	269	65536	62964
UnstableEffect	3.00	0	0	65536	62740
UnstableEffect_ExplosionExtra	0.15	271	274	65536	62965
UnstableEffect_ExplosionExtra	0.30	594	406	65536	63074
UnstableEffect_ExplosionExtra	0.50	112	71	65536	62799
UnstableEffect_ExplosionExtra	0.75	150	93	65536	62817
UnstableEffect_ExplosionExtra	1.00	143	76	65536	62800
UnstableEffect_ExplosionExtra	1.50	6	3	65536	62743
UnstableEffect_ExplosionExtra	2.00	0	0	65536	62740
UnstableEffect_ExplosionExtra	3.00	0	0	65536	62740
UnstableEffect_WaaaghEnergy	0.15	232	165	65536	62878
UnstableEffect_WaaaghEnergy	0.30	251	222	65536	62924
UnstableEffect_WaaaghEnergy	0.50	271	289	65536	62972
UnstableEffect_WaaaghEnergy	0.75	297	361	65536	63021
UnstableEffect_WaaaghEnergy	1.00	302	406	65536	63051
UnstableEffect_WaaaghEnergy	1.50	263	343	65536	63009
UnstableEffect_WaaaghEnergy	2.00	233	159	65536	62874
UnstableEffect_WaaaghEnergy	3.00	0	0	65536	62740
Uprising Trait	0.15	680	776	65536	63354
Uprising Trait	0.30	849	1062	65536	63571
Uprising Trait	0.50	1054	1258	65536	63726
Uprising Trait	0.75	1118	1281	65536	63743
Uprising Trait	1.00	667	833	65536	63385
Uprising Trait	1.50	181	263	65536	62943
Uprising Trait	2.00	0	0	65536	62740
Uprising Trait	3.00	0	0	65536	62740
Valkyrie Flyover Hover Dust	0.15	0	0	65536	62740
Valkyrie Flyover Hover Dust	0.30	0	0	65536	62740
Valkyrie Flyover Hover Dust	0.50	0	0	65536	62740
Valkyrie Flyover Hover Dust	0.75	0	0	65536	62740
Valkyrie Flyover Hover Dust	1.00	0	0	65536	62740
Valkyrie Flyover Hover Dust	1.50	0	0	65536	62740
Valkyrie Flyover Hover Dust	2.00	0	0	65536	62740
Valkyrie Flyover Hover Dust	3.00	0	0	65536	62740
Valkyrie_MultiLaser_Hover	0.15	6	11	65536	62749
Valkyrie_MultiLaser_Hover	0.30	10	18	65536	62754
Valkyrie_MultiLaser_Hover	0.50	8	15	65536	62752
Valkyrie_MultiLaser_Hover	0.75	9	17	65536	62753
Valkyrie_MultiLaser_Hover	1.00	10	18	65536	62755
Valkyrie_MultiLaser_Hover	1.50	10	19	65536	62755
Valkyrie_MultiLaser_Hover	2.00	14	25	65536	62759
Valkyrie_MultiLaser_Hover	3.00	12	21	65536	62756
Vanguard Onslaught Board	0.15	214	157	65536	62865
Vanguard Onslaught Board	0.30	229	168	65536	62873
Vanguard Onslaught Board	0.50	205	145	65536	62855
Vanguard Onslaught Board	0.75	191	123	65536	62834
Vanguard Onslaught Board	1.00	144	83	65536	62802
Vanguard Onslaught Board	1.50	0	0	65536	62742
Vanguard Onslaught Board	2.00	0	0	65536	62740
Vanguard Onslaught Board	3.00	0	0	65536	62740
VanguardIdleEffect	0.15	1866	1723	65536	64154
VanguardIdleEffect	0.30	1915	1884	65536	64275
VanguardIdleEffect	0.50	1958	2054	65536	64400
VanguardIdleEffect	0.75	1933	1973	65536	64338
VanguardIdleEffect	1.00	1472	973	65536	63522
VanguardIdleEffect	1.50	1708	1504	65536	63964
VanguardIdleEffect	2.00	27	14	65536	62751
VanguardIdleEffect	3.00	0	0	65536	62740
Vortex Explosion Massive	0.15	4	3	65536	62743
Vortex Explosion Massive	0.30	32	32	65536	62769
Vortex Explosion Massive	0.50	80	87	65536	62817
Vortex Explosion Massive	0.75	183	193	65536	62906
Vortex Explosion Massive	1.00	322	327	65528	63005
Vortex Explosion Massive	1.50	736	737	65521	63331
Vortex Explosion Massive	2.00	1296	1358	65534	63902
Vortex Explosion Massive	3.00	2920	3048	65505	65327
Vortex Warhead Impact	0.15	575	512	65536	63121
Vortex Warhead Impact	0.30	154	111	65536	62820
Vortex Warhead Impact	0.50	0	0	65536	62740
Vortex Warhead Impact	0.75	0	0	65536	62740
Vortex Warhead Impact	1.00	0	0	65536	62740
Vortex Warhead Impact	1.50	0	0	65536	62740
Vortex Warhead Impact	2.00	0	0	65536	62740
Vortex Warhead Impact	3.00	0	0	65536	62740
VulnerableEffect	0.15	1851	2812	65536	64716
VulnerableEffect	0.30	1854	2812	65536	64715
VulnerableEffect	0.50	2175	2931	65536	64828
VulnerableEffect	0.75	2867	3237	65536	64990
VulnerableEffect	1.00	2985	3325	65536	65078
VulnerableEffect	1.50	3218	3546	65536	65277
VulnerableEffect	2.00	3329	3688	65536	65386
VulnerableEffect	3.00	3322	3691	65536	65392
VulnerableEffectEnd	0.15	113	35	65536	62739
VulnerableEffectEnd	0.30	111	35	65536	62739
VulnerableEffectEnd	0.50	450	167	65536	62832
VulnerableEffectEnd	0.75	515	200	65536	62856
VulnerableEffectEnd	1.00	608	244	65536	62876
VulnerableEffectEnd	1.50	732	299	65536	62909
VulnerableEffectEnd	2.00	565	232	65536	62889
VulnerableEffectEnd	3.00	0	0	65536	62740
Waaagh_Lightning	0.15	52	32	65536	62765
Waaagh_Lightning	0.30	198	167	65536	62870
Waaagh_Lightning	0.50	186	160	65536	62863
Waaagh_Lightning	0.75	164	139	65536	62850
Waaagh_Lightning	1.00	132	77	65536	62798
Waaagh_Lightning	1.50	0	0	65536	62740
Waaagh_Lightning	2.00	0	0	65536	62740
Waaagh_Lightning	3.00	0	0	65536	62740
WailingDoom	0.15	352	288	65536	62973
WailingDoom	0.30	355	290	65536	62966
WailingDoom	0.50	370	254	65536	62938
WailingDoom	0.75	919	1238	65536	63709
WailingDoom	1.00	763	790	65536	63385
WailingDoom	1.50	320	168	65536	62866
WailingDoom	2.00	8	3	65536	62743
WailingDoom	3.00	0	0	65536	62740
Warp Storm Target	0.15	60	19	65536	62740
Warp Storm Target	0.30	199	76	65536	62756
Warp Storm Target	0.50	458	128	65536	62692
Warp Storm Target	0.75	1245	693	65536	63066
Warp Storm Target	1.00	1167	570	65536	62933
Warp Storm Target	1.50	608	403	65536	63034
Warp Storm Target	2.00	318	146	65536	62835
Warp Storm Target	3.00	0	0	65536	62740
Waystone UI Gain	0.15	0	0	65536	62740
Waystone UI Gain	0.30	0	0	65536	62740
Waystone UI Gain	0.50	0	0	65536	62740
Waystone UI Gain	0.75	2514	2119	65536	64348
Waystone UI Gain	1.00	2497	1896	65536	64150
Waystone UI Gain	1.50	32	15	65536	62750
Waystone UI Gain	2.00	0	0	65536	62740
Waystone UI Gain	3.00	0	0	65536	62740
Waystone UI Spend	0.15	2309	1990	65536	64254
Waystone UI Spend	0.30	2365	1924	65536	64190
Waystone UI Spend	0.50	2292	1721	65536	64015
Waystone UI Spend	0.75	1831	1132	65536	63581
Waystone UI Spend	1.00	0	0	65536	62740
Waystone UI Spend	1.50	0	0	65536	62740
Waystone UI Spend	2.00	0	0	65536	62740
Waystone UI Spend	3.00	0	0	65536	62740
WaystoneCollect	0.15	0	0	65536	62740
WaystoneCollect	0.30	0	0	65536	62740
WaystoneCollect	0.50	0	0	65536	62740
WaystoneCollect	0.75	0	0	65536	62740
WaystoneCollect	1.00	0	0	65536	62740
WaystoneCollect	1.50	0	0	65536	62740
WaystoneCollect	2.00	0	0	65536	62740
WaystoneCollect	3.00	0	0	65536	62740
WaystoneTrigger	0.15	493	506	65536	63149
WaystoneTrigger	0.30	1082	953	65536	63518
WaystoneTrigger	0.50	1003	722	65536	63308
WaystoneTrigger	0.75	946	663	65536	63246
WaystoneTrigger	1.00	905	619	65536	63201
WaystoneTrigger	1.50	718	516	65536	63131
WaystoneTrigger	2.00	732	801	65536	63375
WaystoneTrigger	3.00	7	6	65536	62744
WhileInPlay_Nurgle	0.15	0	0	65536	62740
WhileInPlay_Nurgle	0.30	31	11	65536	62750
WhileInPlay_Nurgle	0.50	70	26	65536	62758
WhileInPlay_Nurgle	0.75	319	123	65536	62817
WhileInPlay_Nurgle	1.00	237	92	65536	62798
WhileInPlay_Nurgle	1.50	413	155	65536	62832
WhileInPlay_Nurgle	2.00	418	157	65536	62834
WhileInPlay_Nurgle	3.00	458	172	65536	62843
WhileInPlay_Tzeentch	0.15	0	0	65536	62740
WhileInPlay_Tzeentch	0.30	0	0	65536	62740
WhileInPlay_Tzeentch	0.50	0	0	65536	62740
WhileInPlay_Tzeentch	0.75	0	0	65536	62740
WhileInPlay_Tzeentch	1.00	14	7	65536	62746
WhileInPlay_Tzeentch	1.50	87	47	65536	62775
WhileInPlay_Tzeentch	2.00	96	50	65536	62778
WhileInPlay_Tzeentch	3.00	93	47	65536	62775
Whip Attack EC Daemon	0.15	136	168	65536	62873
Whip Attack EC Daemon	0.30	233	294	65536	62971
Whip Attack EC Daemon	0.50	277	291	65536	62975
Whip Attack EC Daemon	0.75	369	314	65536	62989
Whip Attack EC Daemon	1.00	357	207	65536	62897
Whip Attack EC Daemon	1.50	0	0	65536	62740
Whip Attack EC Daemon	2.00	0	0	65536	62740
Whip Attack EC Daemon	3.00	0	0	65536	62740
Whip Attack EC Lucius	0.15	58	48	65536	62781
Whip Attack EC Lucius	0.30	106	82	65536	62810
Whip Attack EC Lucius	0.50	137	87	65536	62813
Whip Attack EC Lucius	0.75	126	65	65536	62790
Whip Attack EC Lucius	1.00	0	0	65536	62740
Whip Attack EC Lucius	1.50	0	0	65536	62740
Whip Attack EC Lucius	2.00	0	0	65536	62740
Whip Attack EC Lucius	3.00	0	0	65536	62740
Whip Attack EC Maulerfiend	0.15	66	78	65536	62800
Whip Attack EC Maulerfiend	0.30	67	79	65536	62801
Whip Attack EC Maulerfiend	0.50	61	77	65536	62801
Whip Attack EC Maulerfiend	0.75	47	37	65536	62773
Whip Attack EC Maulerfiend	1.00	34	25	65536	62761
Whip Attack EC Maulerfiend	1.50	0	0	65536	62740
Whip Attack EC Maulerfiend	2.00	0	0	65536	62740
Whip Attack EC Maulerfiend	3.00	0	0	65536	62740
Whip Attack EC Normal	0.15	0	0	65536	62740
Whip Attack EC Normal	0.30	0	0	65536	62740
Whip Attack EC Normal	0.50	0	0	65536	62740
Whip Attack EC Normal	0.75	0	0	65536	62740
Whip Attack EC Normal	1.00	0	0	65536	62740
Whip Attack EC Normal	1.50	0	0	65536	62740
Whip Attack EC Normal	2.00	0	0	65536	62740
Whip Attack EC Normal	3.00	0	0	65536	62740
Wild Rider Chieftain	0.15	2395	1604	65536	63957
Wild Rider Chieftain	0.30	2807	2222	65536	64411
Wild Rider Chieftain	0.50	2965	2542	65536	64631
Wild Rider Chieftain	0.75	3064	2769	65536	64760
Wild Rider Chieftain	1.00	3165	3034	65536	64916
Wild Rider Chieftain	1.50	3200	3218	65536	65009
Wild Rider Chieftain	2.00	0	0	65536	62740
Wild Rider Chieftain	3.00	0	0	65536	62740
Will Of Gork	0.15	0	0	65536	62740
Will Of Gork	0.30	0	0	65536	62740
Will Of Gork	0.50	0	0	65536	62740
Will Of Gork	0.75	0	0	65536	62740
Will Of Gork	1.00	0	0	65536	62740
Will Of Gork	1.50	0	0	65536	62740
Will Of Gork	2.00	4	3	65536	62743
Will Of Gork	3.00	102	54	65536	62778
WorstTemperEffect	0.15	1191	1084	65536	63547
WorstTemperEffect	0.30	1557	1147	65536	63567
WorstTemperEffect	0.50	1462	1058	65536	63493
WorstTemperEffect	0.75	968	688	65536	63242
WorstTemperEffect	1.00	293	143	65536	62838
WorstTemperEffect	1.50	257	123	65536	62820
WorstTemperEffect	2.00	0	0	65536	62736
WorstTemperEffect	3.00	0	0	65536	62740
