keys,type,zh_CN
PLAY,~,游玩
COLLECTION,~,收藏
MUSIC,~,音乐
Back,~,返回
Battle!,~,开战！
Create Deck,~,创建卡组
Filters,~,筛选
Clear filters,~,清除筛选
Search,~,搜索
Army,~,军队
Game mode,~,游戏模式
Select,~,选择
Done,~,完成
Warlord,~,督军
Defensive,~,防御
Classic,~,经典
Skirmish,~,冲突
Draft,~,选秀
Tutorial,~,教程
Cancel,~,取消
Select deck to play,~,选择卡组开始游戏
Change Deck,~,更换卡组
Card / Energy cost,~,卡牌 / 能量费用
Your cosmetics collection,~,你的装饰收藏
Cards,~,卡牌
Cosmetics,~,装饰
Styles,~,风格
Lore,~,背景故事
Energy,~,能量
Health,~,生命
Melee,~,近战
Cost,~,费用
END TURN,~,结束回合
Waiting for enemy,~,等待对手
Searching,~,匹配中
If no opponent is found in a few seconds, you will be matched with a bot,~,如果没有对手,稍后将匹配机器人
%d / %d,~,%d / %d
%d Trophies Achieved!,~,达成 %d 奖杯!
%d cards,~,%d 张卡
%d warlords available,~,可用督军 %d
%dh %dm,~,%d小时 %d分钟
%s Pack,~,%s 卡包
%s cemetery (%d),~,%s 墓地 (%d)
%s — Activate for %d %s?,~,%s — 激活花费 %d %s?
%s — Choose one:,~,%s — 选择其一:
-- Defensive --,~,-- 防御卡 --
-- Warlord --,~,-- 督军 --
0 available,~,可用 0
5d 20h 15m,~,5天 20小时 15分
8+,~,8+
Alliance,~,联盟
Alliance featured trophy,~,联盟精选奖杯
Alliance: none (offline build),~,联盟: 无 (离线版)
Already Owned,~,已拥有
Already at max level,~,已达最高等级
Auto Zoom,~,自动缩放
Auto-deployed when you go second,~,后手自动部署
BATTLE FOR WARPFORGE,~,为 Warpforge 而战
Battle Settings,~,战斗设置
Beginner,~,新手
Booster Pack,~,卡包
Border: %s,~,边框: %s
Both warlords fell simultaneously,~,双方督军同时倒下
Buy,~,购买
Card Sources,~,卡牌来源
Card text,~,卡牌文字
Cards / Cost,~,卡牌 / 费用
Cards left: %d,~,剩余卡牌: %d
Cards left: %d/%d,~,剩余卡牌: %d/%d
Cards per pack: 5\nGuaranteed Legendary within 200 packs\nDrawing a Legendary resets the counter\nRarity: Common 60% / Rare 25% / Epic 10% / Legendary 5%,~,每包 5 张\n200 包内必得传奇\n抽到传奇后计数重置\n稀有度: 普通 60% / 稀有 25% / 史诗 10% / 传奇 5%
Cemetery,~,墓地
Chat - Welcome to Warpforge,~,聊天 - 欢迎来到 Warpforge
Choose a card,~,选择一张卡牌
Choose cards to replace in first hand,~,选择首局替换的卡牌
Claim,~,领取
Claimed,~,已领取
Click to continue,~,点击继续
Collect,~,收集
Collect reward,~,领取奖励
Competitive,~,竞技
Complete!,~,完成!
Confirm,~,确认
Continue,~,继续
Crafted! Copies: %d,~,制作成功! 副本: %d
Create a copy of this card,~,制作此卡副本
Create\nNew Deck,~,创建\n新卡组
Current Title: %s,~,当前称号: %s
Current streak:,~,当前连胜:
Daily Streak,~,每日连胜
Deck already has a Warlord,~,卡组已设督军
Deck imported: %s,~,卡组已导入: %s
Deck is empty,~,卡组为空
"Deck needs %d cards (%s), currently %d",~,"卡组需要 %d 张卡 (%s),当前 %d"
Defensive card (%s),~,防御卡 (%s)
Enemy,~,敌方
Enemy: %s,~,敌方阵营: %s
Energy Cost,~,能量费用
Enter Player Name,~,输入玩家名
Enter alliance name...,~,输入联盟名...
Enter player name,~,输入玩家名
Enter text...,~,输入文字...
Exit Game,~,退出游戏
Featured: %s,~,精选: %s
Game mode: Classic,~,游戏模式: 经典
Game mode: Tournament,~,游戏模式: 锦标赛
Game mode: Two Sides Event,~,游戏模式: 阵营对决活动
General,~,综合
Get skulls to progress in the event and earn rewards for your Faction,~,收集骷髅推进活动并为阵营赢取奖励
Give us your feedback!,~,给我们反馈!
Inbox,~,收件箱
Info,~,信息
Information,~,信息
Insufficient Space,~,卡组空间不足
Insufficient tokens!,~,代币不足!
"Invalid format: cards must be [{name,count}]",~,"格式无效: 卡必须为 [{name,count}]"
Invalid format: paste a JSON deck code,~,格式无效: 请粘贴 JSON 卡组代码
It takes less than two minutes to help us make the game better!,~,只需不到两分钟即可帮助我们改进游戏!
Leaderboard,~,排行榜
Legendary Booster Pack,~,传奇卡包
Legendary Points: %d,~,传奇点数: %d
Level %d/%d,~,等级 %d/%d
Loading...,~,加载中...
Locked,~,未解锁
"Log in daily and keep your streak going to unlock bigger rewards. Skip a day, and your streak resets.",~,每日登录保持连胜以解锁更大奖励。中断一天则连胜重置。
Maximum card tier reached,~,已达最高卡牌等级
More Rewards In,~,更多奖励于
Mute opponent,~,屏蔽对手
Next style,~,下一个样式
No PvP leaderboard in offline build,~,离线版无 PvP 排行榜
No alternate art in offline build,~,离线版无异画
No voice for this card,~,此卡无语音
No warlords available,~,无可用督军
Not enough Wildcards: need 1 %s Wildcard,~,通配符不足: 需要 1 张%s通配符
Not enough gold: need %d,~,金币不足: 需要 %d
Open Daily Rewards,~,打开每日奖励
Original style purchased (-%d gold),~,原版样式已购买 (-%d 金币)
Owned,~,已拥有
Owned only,~,仅显示已拥有
Pack %d/%d,~,卡包 %d/%d
Packs opened since last Legendary: %d,~,距上次传奇已开包: %d
Paste a deck code,~,粘贴卡组代码
Paste your deck,~,粘贴你的卡组
Please share your thoughts before entering the battlefield.\nHow would you rate the game so far? ,~,进入战场前请分享你的想法。\n你如何评价目前的游戏? 
Points: %d,~,点数: %d
Previous style,~,上一个样式
Pro,~,专业
Progression,~,进度
Ranked,~,排位
Rarity,~,稀有度
Redeem Code,~,兑换码
Rerolls: %d,~,重掷: %d
Reset,~,重置
Reset Streak,~,重置连胜
STREAK BROKEN,~,连胜中断
Save More!,~,积攒更多!
Select Alliance Badge,~,选择联盟徽章
Select Language,~,选择语言
"Select your Faction. Win battles during the Event to collect Skulls and score points for your Faction,\nclaim Crate Rewards at milestones!",~,"选择你的阵营。在活动期间赢得战斗收集骷髅并为阵营得分,\n在里程碑领取宝箱奖励!"
Set as Warlord,~,设为督军
Shift to scroll,~,滚动查看更多
Skip Tutorial,~,跳过教程
Skulls %d : %d    Turn %d    Warlord HP %d : %d,~,骷髅 %d : %d    回合 %d    督军 HP %d : %d
Skulls: %d,~,骷髅: %d
Starts in:,~,开始于:
Stratagems %d,~,计策 %d
Streak lost: %d,~,连胜损失: %d
Style,~,风格
Submit,~,提交
TOP PLAYERS,~,顶尖玩家
Tap to continue,~,点击继续
Tap to edit deck name,~,点击编辑卡组名
The Space Marine event has finished!,~,星际战士活动已结束!
The Vault,~,金库
There are no alternate artworks in your collection,~,没有可用的异画卡
There are no cards in your collection for the selected filte,~,没有符合当前筛选的卡牌
There are no cards in your collection for the selected filters,~,没有符合当前筛选的卡牌
There are no deck in your collection for the selected filter,~,没有符合当前筛选的卡组
This will consume a wildcard,~,将消耗一张通配符
Ticket %d,~,门票 %d
Troops %d,~,部队 %d
Type,~,类型
Type message,~,输入消息
Unlock,~,解锁
Upgrade,~,升级
Upgrade this card to level %d,~,将本卡升级至 %d 级
Upgrade this card\nto level %d,~,将本卡升级\n至 %d 级
Victory!,~,胜利!
Voice file missing,~,语音文件缺失
Warlord: ,~,督军: 
Warlord: %s,~,督军: %s
WebShop unavailable in offline build,~,离线版无网络商店
Welcome to Warpforge!,~,欢迎来到 Warpforge!
Where to get cards,~,卡牌获取途径
Will get: +%d,~,获得: +%d
Will get: +350,~,获得: +350
You can only have one Warlord,~,只能有一名督军
You go second,~,你后手
You have collected all the available Special Items,~,你已收集所有可用特殊物品
You need a deck with at least %d cards to play this mode,~,需要至少 %d 张卡的卡组才能玩此模式
Your Team: %s,~,你的阵营: %s
x%d,~,×%d
× %d,~,× %d
×%d,~,×%d
Deck,~,卡组
%s ｜ ATK %d | HP %d/%d | ARM %d,~,%s ｜ 攻 %d | 血 %d/%d | 甲 %d
%s: single-player placeholder for the original %s tab.,~,%s：单机占位页，原版为 %s 页签。
(empty),~,（空）
Account,~,账户
Add Friend,~,添加好友
"After 200 packs without a Legendary, the next pack is guaranteed Legendary",~,连续 200 包未出传说，下一包必出传说
Alliance Score,~,联盟分数
Alliance channel,~,联盟频道
Audio,~,音频
Available in 64h,~,64 小时后开放
Available rewards,~,可用奖励
Battle,~,对战
Battle Log,~,战斗日志
Campaign: win battles to advance and claim rewards,~,战役：赢得战斗以推进进度并领取奖励
Challenge is not available in the offline build,~,离线版不可使用挑战
Change alliance badge,~,更换联盟徽章
Chat,~,聊天
Choose Warlord,~,选择督军
Choose your player name,~,选择你的玩家名
Click to remove: %s,~,点击移除：%s
Close,~,关闭
Completed: %d/6,~,已完成：%d/6
Cosmetics - Cardbacks / Avatars / Titles,~,装饰 - 卡背 / 头像 / 头衔
Create Alliance (1000 Gold),~,创建联盟（1000 金币）
Create deck,~,创建卡组
Currency,~,货币
Current Avatar,~,当前头像
Current Campaign,~,当前战役
Current Forge,~,当前锻造
Current Rank,~,当前段位
DEFENSIVE,~,防御
Daily Login Bonus,~,每日登录奖励
Daily Missions,~,每日任务
Daily Rewards,~,每日奖励
Daily Skulls,~,每日骷髅
Deck slots unlocked: %d,~,卡组槽位已解锁：%d
Defensive card (second player compensation),~,防御卡（后手补偿）
Division V,~,V 段
Edit Player Name,~,编辑玩家名
Ends in 12h 34 m,~,剩余 12 小时 34 分
Ends in:,~,剩余：
Ends in: 23d 5h,~,剩余：23 天 5 小时
Enemy Player,~,敌方玩家
FAQ: see the docs folder,~,常见问题：请查看文档目录
FPS Limit,~,帧率上限
Faction Rating,~,阵营评分
Featured: None,~,精选：无
Forge Points,~,锻造点数
Game mode: Ranked,~,游戏模式：排位
Global Rating,~,全球评分
Godot single-player build v0.9,~,Godot 单机版 v0.9
Graphics,~,画面
Hand Text Size,~,手牌文字大小
Highest Rank,~,最高段位
Highest Score: 0,~,最高分数：0
"If no opponent is found in a few seconds, you will be matched with a bot",~,若数秒内未找到对手，将匹配机器人
Instant Duel,~,即时决斗
Join an Alliance for extra Rewards,~,加入联盟以获得额外奖励
Joined %s,~,加入于 %s
Language,~,语言
Language set,~,语言已设置
Last season,~,上赛季
Legendary Points: 0,~,传说点数：0
Level 1/50,~,等级 1/50
Level: 0,~,等级：0
Local save: user://profile.json (Gold/Wildcards/Avatar/Title/Settings),~,本地存档：user://profile.json（金币/百搭/头像/头衔/设置）
Main Menu,~,主菜单
Members,~,成员
More offers,~,更多优惠
Multimedia,~,多媒体
Music Volume,~,音乐音量
Name changed to: %s,~,名称已改为：%s
Need help? Contact us,~,需要帮助？联系我们
No Deck - create one in Collection - Deck,~,没有卡组 - 请在 收藏 - 卡组 中创建
No Forge system in single-player build,~,单机版无锻造系统
No achievements in this category,~,本分类暂无成就
No claim code system in this offline build,~,离线版无兑换码系统
No decks yet - create one in Collection - Deck,~,还没有卡组 - 请在 收藏 - 卡组 中创建
No ranked play in single-player,~,单机版无排位玩法
No trophies yet,~,暂无奖杯
No voice lines for this warlord,~,此督军暂无语音
Not owned - buy in Shop,~,未拥有 - 可在商店购买
Nothing to claim in offline build,~,离线版无可领取内容
Offline build support: see project docs,~,离线版支持：请查看项目文档
Offline build: no online support,~,离线版：无在线支持
Original game by Everguild · this recreation is for study only,~,原版游戏由 Everguild 制作 · 本复刻仅供研究学习
Pack,~,卡包
Play Tutorial,~,游玩教程
Player ID: single-player build,~,玩家 ID：单机版
Player name: %s,~,玩家名：%s
Profile,~,个人资料
Quality Preset,~,质量预设
Questions about the game? View the FAQ,~,对游戏有疑问？查看常见问题
Rank: Division V · Score 0,~,段位：V 段 · 分数 0
Ranked / Unranked match toggle,~,排位 / 非排位对战切换
Ranked Season Info (New Season announcement),~,排位赛季信息（新赛季公告）
Ranked mode: %s,~,排位模式：%s
Refreshes in:,~,刷新于：
Rename,~,重命名
Replay coming soon,~,回放即将推出
Resources - Wildcard Packs,~,资源 - 百搭卡包
Rewards for logging in,~,登录奖励
Rewards: %s,~,奖励：%s
SELECT ARMY,~,选择军队
SFX Volume,~,音效音量
Score %d,~,分数 %d
Search player,~,搜索玩家
Searching opponent,~,正在搜索对手
Season Info,~,赛季信息
Select a warlord card from the pool (Warlord filter on) - tap to set,~,从卡池选择督军卡（督军筛选已开启）——点击设为督军
Select your Title,~,选择你的头衔
"Select your Warlord: drag a warlord card onto the 'Warlord' row, or click a warlord card",~,选择督军：将督军卡拖入“督军”栏，或点击督军卡
Select your avatar,~,选择你的头像
Selected,~,已选择
Send,~,发送
Settings,~,设置
Special Items,~,特殊物品
Start,~,开始
Stratagems 0,~,战术 0
Support,~,支持
Tap on the cards to discover,~,点击卡牌以查看
Tap to close,~,点击关闭
Top Warlord Mastery,~,督军精通排名
Troops 0,~,部队 0
Tutorial Campaign (planned),~,教程战役（规划中）
Unranked,~,非排位
Victory,~,胜利
View card,~,查看卡牌
View warlord card,~,查看督军卡
Voice Volume,~,语音音量
Warlord voice,~,督军语音
Weekly Challenge,~,每周挑战
"Welcome to WARHAMMER 40,000: WARPFORGE!",~,"欢迎来到战锤 40,000：WARPFORGE！"
Window Mode,~,窗口模式
You can also contact us at support@everguild.com,~,你也可以通过 support@everguild.com 联系我们
You will receive a full deck and a Warlord from the selected army.,~,你将获得所选军队的完整卡组与一名督军。
Your friends:,~,你的好友：
You’ll receive at least one Special Item after 10 crates.,~,每开 10 个宝箱必得至少一个特殊物品。
single-player build · no login required,~,单机版 · 无需登录
✓ Claimed,~,✓ 已领取
Premium rewards unlock in the full game.\nSingle-player: Base rewards only.,~,在完整版中解锁高级奖励。\n单机版：仅提供基础奖励。
Offline build: no Account System\n(login/linking/shop sync) replaced by local save,~,离线版：无账户系统\n（登录/关联/商店同步）由本地存档代替
No battle records yet\nStart a practice battle from the main menu to see it here,~,暂无战斗记录\n请从主菜单开始一场练习战以查看
No Alliance\nCreate or join an Alliance to earn Event points,~,没有联盟\n创建或加入联盟以获取活动点数
No friends yet\nfriends added will show here,~,暂无好友\n添加的好友将显示在这里
%s  (cost %d),~,%s（费用 %d）
"Warlord ""%s"" not found",~,"未找到督军 ""%s"""
"Card ""%s"" not found",~,"未找到卡牌 ""%s"""
"Card ""%s"" faction does not match warlord",~,"卡牌 ""%s"" 的阵营与督军不符"
"Card ""%s"" exceeds max copies (%d) for %s rarity",~,"卡牌 ""%s"" 超过 %s 稀有度的最大数量（%d）"
Agenda,~,议程
Ambush,~,伏击
Armour,~,护甲
Armour 1,~,护甲 1
Armour 2,~,护甲 2
Armour 3,~,护甲 3
Artifice,~,巧技
Backlash,~,反噬
Blast,~,爆裂
Blast 1,~,爆裂 1
Blast 2,~,爆裂 2
Blast 3,~,爆裂 3
Blast 4,~,爆裂 4
Blast 5,~,爆裂 5
Blind,~,失明
Blood Thirst,~,嗜血
Camouflage,~,伪装
Can't Attack,~,无法攻击
Codex,~,典籍
Companion,~,伴生
Concussive,~,震荡冲击
Cruelty,~,残忍
Dark Pact,~,黑暗契约
Destroyer,~,毁灭者
Duty,~,职责
Ecstasy,~,狂喜
Ephemeral,~,临时
Fast,~,迅捷
Ferocity,~,狂暴
Flank,~,侧翼
Flying,~,飞行
Genomic Enhancement,~,基因强化
Hunt Mark,~,猎杀印记
Invulnerable,~,无敌
Legendary,~,传说
Long Range,~,远程
Lord of the Storm,~,风暴之主
Mob,~,暴徒
Oath,~,誓言
Penitence,~,忏悔
Pray,~,祈祷
Rally,~,集结
Rally: All enemies lose Stealth and Camouflage,~,集结：所有敌人失去潜行与伪装
Regeneration,~,再生
Regeneration 2,~,再生 2
Regiment,~,兵团
Remnant,~,残响
Sabotage,~,破坏
Secret,~,隐秘
Sentry,~,哨戒
Shield,~,护盾
Shuriken 1,~,手里剑 1
Shuriken 2,~,手里剑 2
Shuriken 3,~,手里剑 3
Shuriken 4,~,手里剑 4
Shuriken 8,~,手里剑 8
Slay,~,屠戮
Sniper,~,狙击
Stealth,~,潜行
Stimulation,~,激励
Stomp,~,践踏
Strike,~,打击
Strike: Give +1 to your units,~,打击：你的单位获得 +1
Stun,~,眩晕
Swarm,~,虫群
Synapse,~,灵能网络
Talent,~,天赋
Talent: Cadian Honour,~,天赋：卡迪安荣誉
Talent: Empyric Ambush,~,天赋：灵能伏击
Talent: Path of the Warrior,~,天赋：战士之路
Talent: Skyborne Deployment,~,天赋：空降部署
Talent: Witchfire,~,天赋：女巫之火
Teleport,~,传送
Tide,~,潮涌
Tide 1,~,潮涌 1
Tide 2,~,潮涌 2
Unstable,~,不稳定
Uprising,~,起义
Vanguard,~,先锋
Vulnerable,~,脆弱
Waystone,~,界石
%s attacks (%s) - click enemy target (right-click cancels),~,%s 攻击（%s）——点击敌方目标（右键取消）
%s choose attack type - melee or ranged (right-click cancels),~,%s 选择攻击类型——近战或远程（右键取消）
Attack cancelled,~,攻击已取消
Camera centered,~,镜头已居中
Cancelled,~,已取消
Choose a target for the triggered effect (click a highlighted unit),~,为触发效果选择目标（点击高亮单位）
Choose tactic target (%s) - right-click to cancel,~,选择战术目标（%s）——右键取消
Defence card added to your hand,~,防御卡已加入你的手牌
Deploy %s - click your empty slot (right-click cancels),~,部署 %s —— 点击你的空槽位（右键取消）
Enemy turn...,~,敌方回合……
Ranged,~,远程
Resigned,~,已认输
Select a friendly unit to attack (or use a tactic),~,选择一个友方单位进行攻击（或使用战术）
Your turn,~,你的回合
Activate (%d %s),~,激活（%d %s）
Just play,~,仅游玩
Quit Battle,~,退出战斗
Resign,~,认输
Resume,~,继续
energy,~,能量
(1) Gain +1 and Flank,~,①：获得 +1 远程攻击和侧翼
(2) Gain Armour 2 and Flank,~,②：获得护甲 2 和侧翼
1 : Deal 3 damage to a random enemy,~,1 ☀：对 1 个随机敌人造成 3 点伤害
1: Deal 1 damage,~,1：造成 1 点伤害。
1: Gain Shuriken 2 this turn,~,①：本回合获得星镖 2
"2 ☀: Gain Armour 1.
4 ☀: Gain +2 ⚔ and +2 🔫.",~,"2 ☀：获得护甲 1。
4 ☀：获得 +2 ⚔ 和 +2 🔫。"
2nd Company Terminator,~,第二连终结者
3 Gain,~,③：获得迅捷
"3 [Icon]: Gain +1 Health.
Pray: Deploy a Sister Novitiate",~,"3 ☀：获得 +1 生命。
祈祷：部署 1 个见习修女"
"3: Deal 2-4 damage to an enemy. If target dies, gain Shield",~,3：对 1 个敌人造成 2-4 点伤害。若目标死亡，获得护盾。
3: Gain +1 and +1 Health,~,3 ☀：获得 +1 远程攻击和 +1 生命
3: Gain +1 and Armour 2,~,3 ☀：获得 +1 近战攻击和护甲 2
3: Gain Sentry 2,~,3：获得哨戒 2。
4: Deal 5 damage to an enemy troop,~,4：对 1 个敌方部队造成 5 点伤害。
5 [faith]: Gain Shield,~,5 ☀：获得护盾
"6: Gain Flank and Shield. Rally: If you have less than 6 Energy, gain 1 Energy for each enemy unit.",~,6：获得侧翼和护盾。集结：若你的能量少于 6 点，每有 1 个敌方单位便获得 1 点能量。
7th Company Bike,~,第七连摩托
A Trap Sprung,~,陷阱触发
Abaddon the Despoiler,~,掠夺者阿巴顿
Abaddons Chosen,~,阿巴顿神选
Aberrant,~,异形
Aberrant Hypermorph,~,异形超变体
Abominant,~,异形霸主
Accursed Helbrute,~,受诅地狱蛮兽
Achilles Ridgerunner,~,阿喀琉斯山脊车
Acid Rain,~,酸雨
Acolyte Heavy,~,侍僧重装
Acolyte Hybrid,~,侍僧混种
Acolyte Iconward,~,侍僧持旗者
Acolyte Leader,~,侍僧队长
Acolyte Specialist,~,侍僧专家
Adaptive Strategy,~,适应性战略
Adelaide the Serene,~,宁静的阿德莱德
Adjacent Remnants do not disappear at the end of your turn. Talent: Relentless March,~,相邻的残骸不会在你的回合结束时消失。天赋：无情进军。
Adjacent units have +1 Attack. Backlash: Returns to your hand and costs 2 more this turn.,~,相邻单位获得 +1 攻击。反噬：返回你的手牌，并且本回合费用 +2。
Adjacent units have +1 [attack] and +1 [weapon],~,相邻单位获得 +1[攻击] 和 +1[武器]。
Adjacent units have +1. Rally: Give Flank to a friendly Infantry.,~,相邻单位具有 +1。集结：给予一个友方步兵侧翼。
Adjacent units have Armour 1,~,相邻单位拥有护甲 1。
Adjacent units have Pack.,~,相邻单位拥有兽群。
Adjacent units have Regeneration 2,~,相邻单位获得再生 2。
Adrenal Surge,~,肾上腺激涌
Aerial Dominion,~,空中霸权
Aerial Seeding,~,空中播种
Aestred-Thurga,~,艾斯特雷德-瑟加
"After receiving a Dark Pact, deal 2 damage to a random enemy",~,获得一个黑暗契约后，对随机一个敌人造成 2 点伤害
"After receiving a Dark Pact, gain +1 Ranged Attack and +1 Health",~,获得一个黑暗契约后，获得 +1 远程攻击和 +1 生命
Agenda: Choose a card in your hand and return it to your deck. Draw a card. Gain [1]. Talent: Refuse to Yield,~,议程：选择手牌中的一张牌并将其移回你的卡组。抽 1 张牌。获得 1 点任务。天赋：拒不退让
"Agenda: Deal 2 damage. If the target survives, gain 1.",~,议程：造成 2 点伤害。若目标存活，获得 1 点任务。
Agenda: Gain 1. Talent: Master of Repentance,~,议程：获得 1 点任务。天赋：忏悔大师
Aggressor,~,侵略者
Aggressor Sergeant,~,突击者军士
Ahnakh-Yth Shrine,~,阿纳赫-伊斯圣殿
Alien Idol,~,异形偶像
"All enemies lose Stealth and Camouflage. If no enemy is affected, draw 2 cards",~,所有敌人失去潜行和伪装。若没有敌人受影响，抽 2 张卡。
All friendly units gain Armour 2 until your next turn and heal 2,~,所有友方单位直到你的下个回合获得护甲 2，并治疗 2 点生命
All troops you play this turn gain Flank.,~,你本回合打出的所有部队获得侧翼。
Alluress,~,魅惑者
Alpha Warrior,~,阿尔法战士
Amalia Novena,~,阿玛莉亚·诺维娜
Ambush Predator,~,伏击掠食者
Ambush: Gain +2 and +2,~,伏击：获得 +2 和 +2。
Ambush: Gain +2 armor. Strike: Create a random Sabotage in the enemy hand,~,伏击：获得 +2 护甲。猛击：在对手手牌中生成一张随机破坏卡。
"Ambush: Gain Flank, Blast 2 and Concussive this turn",~,伏击：本回合获得侧翼、爆裂 2 和震荡。
Ambush: Give +3 [Strength] and +3 [Ranged] to all your units. Talent: Deadliest Killer. Costs 1 less for each card in enemy hand,~,伏击：给予你的所有单位 +3 蛮力和 +3 远程。天赋：最致命的杀手。对手手牌中每有一张牌，其费用 -1。
Ancient Reliquary,~,圣物匣
Angel's Wrath,~,天使之怒
Angels of Death,~,死亡天使
Annihilation Barge,~,歼灭驳船
Annihilation Command,~,歼灭指令
Antaro Chronus,~,安塔罗·克罗努斯
Antrak Silk,~,安特拉克丝
Anvil of Endurance,~,坚忍之砧
Anvirr Keltoc,~,安维尔·凯尔托克
Apex Predator,~,顶级掠食者
Apothecary,~,医师
Apothecary Polixis,~,药剂师波利克西斯
Aquilon Servo-Sentry,~,阿奎隆伺服哨戒
Arco-Flagellant,~,电鞭苦修者
Ard As Nails,~,硬如钉子
Ardshell Gurk,~,硬壳古尔克
Arjac Rockfist,~,阿尔贾克·岩拳
Armorium Cherub,~,军械库小天使
Armour 1.,~,护甲 1。
Armour 1. Agenda: Trigger the Teleport and Slay effects of a friendly unit and gain 1,~,护甲 1。议程：触发一个我方单位的传送与斩杀效果，并获得 1 点任务
Armour 1. Ambush: Gain Vanguard,~,护甲 1。伏击：获得先锋。
Armour 1. Blast 3. Oath 2: Deal 3 damage.,~,护甲 1。爆裂 3。誓言 2：造成 3 点伤害。
Armour 1. Blast 4,~,护甲 1。爆裂 4。
Armour 1. Codex: Deal 4 damage to a random enemy with Armour.,~,护甲 1。典籍：对 1 个带护甲的随机敌人造成 4 点伤害。
Armour 1. Codex: Gain +1 ⬣ this turn.,~,护甲 1。典籍：本回合获得 +1 装甲。
Armour 1. Codex: Gain +2 [fist]. Oath 2: Gain Armour 1 and Vanguard,~,护甲 1。典籍：获得 +2 攻击。誓言 2：获得护甲 1 和先锋。
Armour 1. Concussive. Ambush: Gain Armour 1,~,护甲 1。震荡。伏击：获得护甲 1。
Armour 1. Cruelty: Deal 1 damage to another random friendly unit and gain +1 attack and +1 weapon.,~,护甲 1。残忍：对另一个随机友方单位造成 1 点伤害，并获得 +1 攻击和 +1 武器。
"Armour 1. Duty: Deal 8 damage. If the target has Armour, deal 12 damage instead",~,装甲 1。职责：造成 8 点伤害。若目标拥有装甲，则改为造成 12 点伤害。
Armour 1. Duty: Deploy two Tempestus Scion and give them Flank.,~,装甲 1。职责：部署 2 个暴风圣选兵并给予其侧翼。
Armour 1. Ecstasy 2: Heal 2. Stimulation: Gain +1 [Weapon].,~,护甲 1。狂喜 2：治疗 2。激励：获得 +1 武器。
Armour 1. Friendly Infantry and Drones have Flank.,~,护甲 1。友方步兵和无人机获得侧翼
Armour 1. Long Range. Companion 2: Missile Drone,~,护甲 1。远射。伴生 2：导弹无人机
Armour 1. Pack. Rally: Give +2 [attack] to all friendly units with Pack.,~,护甲 1。兽群。集结：给予所有带兽群的友方单位 +2 攻击。
"Armour 1. Rally: If you control no other troops, gain Armour 1.",~,护甲 1。集结：若你未控制其他部队，获得护甲 1。
Armour 1. Regiment: Gain +1.,~,装甲 1。团：获得 +1。
Armour 1. Strike: Deploy two Neophyte Hybrid,~,护甲 1。猛击：部署两个新教徒混种。
Armour 1. Teleport: Deal 2 damage to three random enemies.,~,护甲 1。传送：对三个随机敌人造成 2 点伤害。
Armour 1. Teleport: Destroy a random enemy troop.,~,护甲 1。传送：消灭一个随机敌方部队。
Armour 1. Teleport: Gain +1 [Attack] and Fast.,~,护甲 1。传送：获得 +1 攻击和迅捷。
"Armour 1. Teleport: Give +1, +1 and +1 Health to all friendly troops",~,护甲 1。传送：给予所有我方部队 +1 攻击、+1 护甲和 +1 生命
Armour 1. Unstable. Strike: Deploy a Bomb Squig,~,护甲 1。不稳定。猛击：部署一个炸弹猪。
Armour 1. Vanguard. Agenda: Give Armour 2 to another unit until your next turn,~,护甲 1。先锋。议程：给予另一个单位护甲 2，持续到你的下个回合
Armour 1. Vanguard. Codex: Heals 3,~,护甲 1。先锋。典籍：治疗 3 点。
Armour 1. Vanguard. Uprising: Deal 5 damage to a random enemy,~,护甲 1。先锋。起义：对一个随机敌人造成 5 点伤害。
"Armour 1. When a friendly troop dies, gain +2 Attack and Armour 1.",~,护甲 1。当我方部队死亡时，获得 +2 攻击与护甲 1。
"Armour 1. When a friendly unit Prays, deal 2 damage to a random enemy",~,护甲 1。当友方单位祈祷时，对 1 个随机敌人造成 2 点伤害
"Armour 1. When a friendly unit attacks, deal 3 damage to the target of the attack",~,护甲 1。当 1 个友方单位攻击时，对攻击目标造成 3 点伤害。
"Armour 1. When a friendly unit uses Ferocity, it stays in play. Ferocity: Deal 2-3 damage to all enemies",~,护甲 1。当 1 个友方单位使用狂暴时，它留在场上。狂暴：对所有敌人造成 2-3 点伤害。
"Armour 1. When you create or play a Secret, deal 2-4 damage to all enemies.",~,护甲 1。当你生成或打出一张隐秘牌时，对所有敌人造成 2-4 点伤害。
"Armour 1. When you gain Faith, deal 4 damage to the enemy warlord.
6 [Faith Icon]: Gain Vanguard",~,"护甲 1。当你获得信仰时，对敌方督军造成 4 点伤害。
6 ☀：获得先锋"
"Armour 1. When you gain [honour], deal 2 damage to a random enemy",~,护甲 1。当你获得任务点时，对随机一个敌人造成 2 点伤害
Armour 1. Your Stratagems cost 1 less,~,护甲 1。你的战术费用减少 1
Armour 2.,~,护甲 2。
Armour 2. Adjacent units have Armour 1. Duty: Deal 8 damage,~,装甲 2。相邻单位获得装甲 1。职责：造成 8 点伤害。
Armour 2. Any attack against your Warlord targets this troop instead.,~,装甲 2。任何以你的督军为目标的攻击改为以该部队为目标。
Armour 2. Concussive. Unstable. Rally: Stun a random enemy.,~,护甲 2。震荡。不稳定。集结：使一个随机敌人眩晕。
Armour 2. Cruelty: Deploy a random Emperor's Children Infantry that costs 3 or less.,~,护甲 2。残忍：部署一个费用 3 或以下的随机帝皇之子步兵。
Armour 2. Gain Blast 6 and Camouflage. Talent: Wrath of Khaine.,~,护甲 2。获得爆裂 6 和伪装。天赋：凯恩之怒。
"Armour 2. Slay: Gain +1 Attack, +1 Armour and +1 Health.",~,护甲 2。斩杀：获得 +1 攻击、+1 装甲和 +1 生命。
Armour 2. Teleport: Deal 3 damage to all enemies and give +2 to all friendly units.,~,护甲 2。传送：对所有敌人造成 3 点伤害，并给予所有我方单位 +2 攻击。
Armour 2. Teleport: Gain Vanguard and attack by itself,~,护甲 2。传送：获得先锋并自行攻击
Armour 2. Teleport: Give +3 Attack and Invulnerable to your units this turn. Agenda: Heal 4 to a friendly unit and gain +1 Energy.,~,护甲 2。传送：本回合给予你的单位 +3 攻击与无敌。议程：为一个我方单位治疗 4 点并获得 +1 能量。
Armour 2. Vanguard,~,护甲 2。先锋。
Armour 2. Vanguard. Talent: Follower of Gork,~,护甲 2。先锋。天赋：高克的追随者。
"Armour 2. When a friendly troop receives a Dark Pact, deal 1-2 damage to a random enemy",~,护甲 2。当我方部队获得黑暗契约时，对随机一个敌人造成 1-2 点伤害
"Armour 2. When a friendly unit prays, give it Armour 1. Pray: Deal damage to an enemy equal to your Faith",~,护甲 2。当友方单位祈祷时，给予它护甲 1。祈祷：对 1 个敌人造成等同于你信仰值的伤害
Armour 3. Talent: Particle Whip. Artifice: Deploy a Necron Warrior.,~,装甲 3。天赋：粒子鞭。巧技：部署一个死灵战士。
Armour. Blast,~,护甲。爆裂
Armoured Exoskeleton,~,装甲外骨骼
Armoured Lightning,~,装甲闪电
Armoured Offensive,~,装甲攻势
Armoured Sentinel,~,装甲哨兵
Armoured Squadron,~,装甲中队
Armoured Support,~,装甲支援
Armoury of Excess,~,纵欲军械库
Artifice: Deal 3 damage to a random enemy,~,巧技：对一个随机敌人造成 3 点伤害。
Artifice: Deal 3 damage to the enemy with lowest Health.,~,巧技：对生命值最低的敌人造成 3 点伤害。
Artifice: Deploy a Canoptek Scarab,~,巧技：部署一个冥府圣甲虫。
Artifice: Reanimate a random friendly Remnant,~,巧技：复生一个随机友方残骸。
Artillery Strike,~,炮火打击
Asmodai,~,阿斯莫代
Aspect Shrine,~,支派圣殿
Aspiring Champion,~,野心冠军
Assault Centurion,~,突击百夫长
Assault Doctrine,~,突击教义
Assault Intercessor,~,突击仲裁者
Assault Terminator,~,突击终结者
Asteroid Zone,~,小行星区
Astropath,~,星语者
At All Costs,~,不惜一切
"At the end of each turn, deal 1 damage to a random enemy",~,在每个回合结束时，对一个随机敌人造成 1 点伤害。
"At the end of your turn, create a Neophyte Initiate in your opponent's hand",~,你的回合结束时，在对手手牌中生成一张新教徒新兵。
"At the end of your turn, create a Zealot Legionary in your hand. Talent: Bitter Blows",~,你的回合结束时，将一张狂热者军团战士置入手牌。天赋：苦涩之击
"At the end of your turn, create a random Combat Elixir in your hand",~,你的回合结束时，在你的手牌中生成一张随机战斗药剂。
"At the end of your turn, deal 1-2 damage to a random enemy for each friendly troop in play",~,你的回合结束时，为你场上的每个友方部队，对一个随机敌人造成 1-2 点伤害。
"At the end of your turn, deal 3 damage to a random enemy for each friendly Vehicle in play.",~,在你的回合结束时，每有一个在场友方载具，对一个随机敌人造成 3 点伤害。
"At the end of your turn, deploy a Spore Mine",~,你的回合结束时，部署 1 个孢子雷
"At the end of your turn, give +1 Attack to all Beasts in your hand",~,你的回合结束时，给予你手牌中的所有野兽 +1 攻击。
"At the end of your turn, give Stealth to an adjacent troop",~,你的回合结束时，给予 1 个相邻部队潜行
"At the end of your turn, if any friendly unit is Praying, deploy a Sacred Rose Sister",~,在你的回合结束时，若有友方单位正在祈祷，部署 1 个圣玫瑰修女
"At the end of your turn, reanimate a random friendly Remnant. Talent: Reanimate",~,在你的回合结束时，复生一个随机友方残骸。天赋：复生。
"At the end of your turn, your troops take 1 damage",~,你的回合结束时，你的部队受到 1 点伤害。
At the start of each turn attack a random non Flying enemy,~,每个回合开始时，攻击一个随机的非飞行敌人。
"At the start of your turn, create a Genestealer in your hand.",~,你的回合开始时，在你的手牌创建 1 个基因窃取者
"At the start of your turn, deal 2 damage to a random enemy",~,你的回合开始时，对 1 个随机敌人造成 2 点伤害
"At the start of your turn, deal 2 damage to all enemies",~,你的回合开始时，对所有敌人造成 2 点伤害
"At the start of your turn, destroy this unit and deal 3 damage to a random enemy",~,你的回合开始时，摧毁本单位并对 1 个随机敌人造成 3 点伤害
Atalan Jackal,~,阿塔兰胡狼
Atalan Leader,~,阿塔兰队长
Atalan Wolfquad,~,阿塔兰狼式摩托
Attack Bike,~,攻击摩托
Attack Squig,~,突袭猪
"Attack a non-Flying enemy troop. If it has a Hunt Mark, gain +1 [armor].",~,攻击 1 个非飞行敌方部队。若其带猎杀标记，获得 +1 装甲。
Attacks a random enemy with lowest Health,~,攻击生命值最低的随机敌人。
Attilan Rough Rider,~,阿提拉莽骑兵
Augmented Ferocity,~,强化狂暴
Aun'Va,~,昂瓦
Aunshi Ethereal,~,昂希以太
Aural Hijack,~,听觉劫持
Autarch,~,总督
Author of the Codex,~,典籍作者
Autocannon Squad,~,自动炮小队
Avatar of Khaine,~,凯恩化身
Avenging Zeal,~,复仇热忱
Awakened Dynasty,~,觉醒王朝
Awakened Obelisk,~,觉醒方尖碑
Awakening Obelisk,~,苏醒方尖碑
Azrael,~,阿兹瑞尔
Backlash: Create a Resurrection Orb in your hand,~,反噬：在你的手牌中生成一张复活宝珠。
Backlash: Deal 1-2 damage to all enemies,~,反噬：对所有敌人造成 1-2 点伤害。
Backlash: Deploy a Bomb Squig,~,反噬：部署一个炸弹猪。
Backstab,~,背刺
Baneblade Tank,~,毒刃战车
Banner Nob,~,旗手老大
Banshee Mask,~,女妖面具
Barbgaunt,~,倒刺根
Basilisk,~,巴西利斯克
Battle Sister,~,战斗修女
Battle Sister Gunner,~,战斗修女枪手
Battlefield Supremacy,~,战场霸权
Battlewagon,~,战斗马车
Beacon of Faith,~,信仰灯塔
Beast Snagga Boy,~,猎兽小子
Beast Snagga Nob,~,猎兽老大
Beastboss Morgrim,~,野兽头目莫格里姆
Beastboss on Squigosaur,~,猪龙野兽头目
Beautiful Death,~,美丽死亡
Belial,~,贝利亚
Benefictus,~,受福者
Bestial Rage,~,兽性狂怒
Big Choppa Nob,~,大砍刀老大
Big Krumpaz,~,暴揍打手
Big Shoota Boy,~,大枪小子
Biophagus,~,噬生者
Biovore,~,孢子兽
Birth of a Saga,~,传奇的诞生
Bitter Blows,~,苦涩之击
Bjorn the Fell-Handed,~,比约恩·凶爪
Bjorn's Shrine,~,比约恩的神龛
Black Crusade,~,黑色远征
Black Knight,~,黑骑士
Black Legionary,~,黑色军团战士
Blackmane Aggressor,~,黑鬃突击者
Blackmane Inceptor,~,黑鬃疾袭者
Blackmane Reiver,~,黑鬃掠夺者
Blackout,~,黑幕
Blacksword Missiles,~,黑剑导弹
Blade of Faith,~,信仰之刃
Bladeguard Ancient,~,剑卫老兵
Bladeguard Lieutenant,~,剑卫中尉
Bladeguard Sergeant,~,剑卫军士
Bladeguard Veteran,~,剑卫老兵
Bladestorm,~,剑刃风暴
Blast 1. Duty: Deal 2-3 damage to all enemies,~,爆破 1。职责：对所有敌人造成 2-3 点伤害。
"Blast 2. After receiving a Dark Pact, deal 3 damage to a random enemy",~,爆裂 2。获得一个黑暗契约后，对随机一个敌人造成 3 点伤害
Blast 2. Duty: Deal 2-4 damage to all enemies,~,爆破 2。职责：对所有敌人造成 2-4 点伤害。
Blast 2. Mob: Create a Slugga Boy in your hand,~,爆裂 2。群体：在你的手牌中生成一个斯鲁格小子。
Blast 4. Rally: Deal 8 damage to an enemy troop.,~,爆裂 4。集结：对 1 个敌方部队造成 8 点伤害。
Blastmaster Noise Marine,~,爆鸣者噪声战士
Blazing Biomass,~,炽燃生物质
Blind a random enemy,~,使 1 个随机敌人失明。
Blind a random enemy. Repeat this effect for each friendly Vehicle,~,使一个随机敌人失明。每有一个友方载具，重复此效果。
"Blind all enemies, and they lose Stealth and Camouflage",~,使所有敌人失明，并使其失去潜行和伪装。
Blind two random enemies,~,使 2 个随机敌人失明
Blissbringer,~,极乐使者
Blood Claw,~,血爪
Blood Claw Pack Leader,~,血爪兽群首领
Bomb Squig,~,炸弹猪
Bombast Field Gun,~,邦巴斯特野战炮
Boomdakka Snazzwagon,~,爆轰炫车
Bore Through,~,钻透
Born Soldier,~,天生士兵
Boss Nob,~,头目老大
Boss Zagstruk,~,头目扎格斯特鲁克
Bounding Leap,~,腾跃
Breacher Fire Warrior,~,突破者火氏战士
Breacher ShasUi,~,突破者火氏士
Bright Lance Vyper,~,亮枪蝰蛇
Bringer of decay,~,腐朽使者
Broadside Battlesuit,~,宽面甲
Brood Progenitor,~,巢群繁育者
Brood Prophet,~,教派先知
Broodlord,~,繁育领主
Brutalis Dreadnought,~,蛮横无畏机甲
Bullgryn Bone’ead,~,布尔格伦骨脑
Burgeoning Empire,~,昌盛帝国
Burna Boy,~,喷火小子
Cadia Stands,~,卡迪亚屹立
Cadian Castellan,~,卡迪亚守备官
Cadian Honour,~,卡迪亚荣誉
Cadian Medic,~,卡迪亚医疗兵
Cadian Standard Bearer,~,卡迪亚旗手
Cadre Fireblade,~,火刃干部
"Camouflage. Duty: Deal 2 damage to an enemy. If it is a troop, Stun it",~,伪装。职责：对一个敌人造成 2 点伤害。若其为部队，使其眩晕。
Camouflage. Rally: Deal 1 damage to an enemy,~,伪装。集结：对 1 个敌人造成 1 点伤害。
Camouflage. Sniper,~,伪装。狙击
"Camouflage. When a friendly troop triggers Ferocity, deal 1 damage to a random enemy troop.",~,伪装。当 1 个友方部队触发狂暴时，对 1 个随机敌方部队造成 1 点伤害。
"Camouflage. When an enemy dies, give +1 [attack] to your units",~,伪装。有敌人死亡时，给予你的单位 +1 [attack]
"Camouflage. When you create a Sabotage, deal 2 damage to a random enemy.",~,伪装。当你生成一张破坏卡时，对一个随机敌人造成 2 点伤害。
Can't Attack. Takes 1 damage at the start of your turn. Ambush: Deal 2-3 damage to all enemies,~,无法攻击。你的回合开始时受到 1 点伤害。伏击：对所有敌人造成 2-3 点伤害。
Canis Helix,~,卡尼斯螺旋
Canoness,~,教长
Canoptek Plasmacyte,~,冥府质体
Canoptek Reanimator,~,冥府复生者
Canoptek Scarab,~,冥府圣甲虫
Canoptek Spyder,~,冥府蜘蛛
Canoptek Wraith,~,冥府幽灵
Captain,~,队长
Captain Sicarius,~,西卡里乌斯队长
Carnifex,~,屠夫兽
Carnival of Excess,~,纵欲狂欢
Castigator,~,惩戒者
Catechism of Death,~,死亡教义
Celestian,~,天界修女
Celestian Sacresant,~,天界修女圣卫
Celestian Sacresant Aveline,~,天界修女圣卫·阿芙琳
Celestian Superior,~,天界修女长
Chairon,~,凯隆
Champions of Humanity,~,人类冠军
Chaos Land Raider,~,混沌兰德袭击者
Chaos Legionary,~,混沌军团战士
Chaos Lord,~,混沌领主
Chaos Rhino,~,混沌犀牛
Chaos Sergeant,~,混沌军士
Chaos Spawn,~,混沌卵
Chaos Terminator,~,混沌终结者
Chaplain,~,牧师
Chaplain Cassius,~,牧师卡西乌斯
Chaplain Gabutheron,~,加布瑟隆牧师
Chaplain Letharius,~,牧师莱塔里乌斯
Chapter Champion,~,战团冠军
Chapter Council,~,战团议会
Child of Torment,~,折磨之子
Chimera,~,奇美拉
Choose a 2-cost Leviathan troop and deploy it,~,选择 1 个 2 费利维坦部队并将其部署
Choose a Black Legion troop and put it in your hand. It costs 1 less.,~,选择一张黑色军团部队牌置入手牌。其费用减少 1。
Choose a Combat Elixir and create it in your hand,~,选择一张战斗药剂并在你的手牌中生成它。
"Choose a Dark Angels Secret and add it to your deck. If you control a Vehicle, draw a card",~,选择一张暗黑天使隐秘牌加入你的卡组。若你控制一个载具，抽 1 张牌
Choose a Genomic Enhancement and put it in your hand,~,选择一张基因增强并加入你的手牌。
Choose a Sabotage and add it to the enemy hand,~,选择一张破坏卡并加入对手手牌。
Choose a Sabotage card and add it to your opponent's hand,~,选择一张破坏卡并加入对手手牌。
Choose a Sabotage card and add it to your opponent's hand. Draw a card,~,选择一张破坏卡并加入对手手牌。抽一张牌。
Choose a Saim-Hann Infantry and put it in your hand,~,选择 1 个赛姆-汉步兵并将其置入手牌
Choose a Sautekh Stratagem and put it in your hand,~,选择一张索泰克战术牌并置入手牌。
Choose a Stratagem from your deck and draw it,~,从你的牌库中选择一个战术并抽取它。
"Choose a card from your deck and draw it. If it's a troop, give it Stealth",~,选择你牌库中的一张牌并抽取。若其为部队，给予它潜行。
Choose a card from your deck and put it at the top of your deck,~,从你的卡组中选择一张卡，置于你的卡组顶部。
Choose a card from your deck and put it at the top of your deck. It costs 1 less,~,从你的卡组选择一张牌置于卡组顶部。其费用减少 1
Choose a card from your deck and put it at the top of your deck. Supreme Grand Master,~,从你的卡组选择一张牌置于卡组顶部。至高大师
Choose a card in the enemy hand and shuffle it into their deck,~,选择敌方手牌中的 1 张牌并将其洗入其牌库
"Choose a card in your opponent's hand. When played, gain 3.",~,选择对手手牌中的一张牌。当其被打出时，获得 3 点任务。
Choose a friendly Infantry that died this game and return it to your deck. Draw a card,~,选择 1 个本场战斗中死亡的友方步兵，将其返回你的牌库。抽 1 张卡。
Choose a friendly troop that died since your last turn and deploy it,~,选择 1 个自你的上个回合以来死亡的友方部队并部署它
Choose a friendly troop that died since your last turn and deploy it. Lower its Health to 1,~,选择一张自你的上个回合以来死亡的友方部队并部署它。将其生命降至 1。
Choose a friendly troop that died this battle and deploy it,~,选择一张本场战斗中死亡的友方部队并部署它。
Choose a friendly troop that died this game and put it in your hand,~,选择一张本场战斗中阵亡的友方部队牌，置入手牌。
Choose a non-Legendary Dark Angels card and add it your hand. Gain 1.,~,选择一张非传说暗黑天使卡加入你的手牌。获得 1 点任务。
Choose a non-Legendary Genestealer Cults troop and add it to your hand,~,选择一张非传说基因窃取者教派部队并加入你的手牌。
Choose a non-Legendary Ultramarines card and create two copies in your hand,~,选择 1 张非传说极限战士卡，在手牌中生成 2 张复制。
Choose a troop from your deck and draw it. Heal 6 to your Warlord,~,从你的牌库选择 1 个部队并抽取。为你的督军治疗 6 点。
Choose a troop from your deck and draw it. Lower its cost by 1,~,选择你牌库中的一张部队并抽取，其费用 -1。
Choose a troop from your deck and draw it. [1] It costs 2 less,~,从你的牌库中选择 1 张部队牌并抽到它。①其费用 -2
Choose a troop from your deck and put it at the top of your deck,~,从你的卡组选择一张部队牌置于卡组顶部
Choose a troop from your deck. Draw it and create a copy of it in your hand,~,从你的卡组中选择一张部队牌。抽取它，并在你的手牌中生成其复制。
Choose a troop in your deck. Draw it and lower its cost by 3,~,选择你牌库中的 1 张部队牌。抽取它并使其费用 -3
Choose a troop in your hand. Lower its cost by 1,~,选择你手牌中的一张部队牌。其费用减少 1 点。
Choose a troop in your hand. Lower its cost by 2,~,选择你手牌中 1 个部队。使其费用 -2。
Choose an Astra Militarum Vehicle and put it in your hand. It costs 2 less.,~,选择一张星界军载具牌并置入手牌。其费用减少 2 点。
Choose an Astra Militarum troop and put it in your hand. It costs 2 less,~,选择一张星界军部队牌并置入手牌。其费用减少 2 点。
Choose an Overlord Power and put it in your hand,~,选择一张霸主威能并置入手牌。
Choose an Ultramarines Psychic Power and put it in your hand,~,选择 1 张极限战士灵能法术放入你的手牌。
Choose an effect and give it to a friendly troop,~,选择 1 项效果并给予 1 个友方部队
Choose an effect and give it to all troops in your hand,~,选择 1 项效果并给予你手牌中的所有部队
Choose one: Deploy a Grey Hunter; Heal 4 to a friendly unit or Draw 2 cards,~,选择其一：部署 1 个灰猎手；为 1 个友方单位治疗 4 点；或抽 2 张卡。
Choose one: Draw a troop; Draw a Stratagem or Heal 1 to your units,~,择一：抽一张部队；抽一张战术；或为你的单位治疗 1。
Choose one: Gain 1 [Energy]; Draw a card or Deploy a Crusader,~,选择一项：获得 1 点能量；抽 1 张牌；或部署 1 个十字军战士
Choose one: Gain 2 Spirit Stones; Deploy a Veteran Guardian or Draw 2 cards,~,选择一项：获得 2 颗灵魂石；部署 1 个老兵守护者；或抽 2 张牌
Choose one: Gain 2; deploy a Sergeant Taaman; heal 3 to all your units,~,选择一项：获得 2 点任务；部署一个塔曼军士；为你的所有单位治疗 3 点
Choose one: Give Vulnerable 1 to a random enemy troop or Heal 1 to your Warlord,~,择一：给予一个随机敌方部队脆弱 1，或治疗你的督军 1。
Chosen,~,神选者
Chosen Champion,~,神选冠军
Chosen of Slaanesh,~,色孽选民
Chosen of the Four,~,四神宠儿
Chronomancer,~,时相术士
Clamavus,~,喧嚣者
Clandestine Operation,~,隐秘行动
Cleansing Flames,~,净化之焰
Cloud Of Smoke,~,烟幕
Codex Discipline,~,典籍纪律
Codex: Deal 1 damage to a random enemy troop,~,典籍：对 1 个随机敌方部队造成 1 点伤害。
Codex: Deal 1 damage to all enemies,~,典籍：对所有敌人造成 1 点伤害。
Codex: Deal 2 damage to a random enemy,~,典籍：对 1 个随机敌人造成 2 点伤害。
Codex: Deal 3 damage to the enemy Warlord,~,典籍：对敌方督军造成 3 点伤害。
Codex: Deploy a Primaris Intercessor,~,典籍：部署 1 个原铸仲裁者。
Codex: Each of your units deals 1-2 damage to a random enemy,~,典籍：你的每个单位对 1 个随机敌人各造成 1-2 点伤害。
Codex: Gain +1 Attack this turn.,~,典籍：本回合获得 +1 攻击。
"Codex: Gain +1 Melee Attack, +1 Ranged Attack and +1 Health",~,典籍：获得 +1 近战攻击、+1 远程攻击和 +1 生命。
Codex: Gain +1 [attack] and +1 [armor],~,典籍：获得 +1 攻击和 +1 装甲。
Codex: Gain Armour 1,~,典籍：获得护甲 1。
Codex: Give +1 Ranged Attack to all your Vehicles this turn,~,典籍：本回合给予你所有载具 +1 远程攻击。
Codex: Heal 1. Talent: Author of the Codex,~,典籍：治疗 1 点。天赋：典籍作者。
Codex: Heal 2 to this troop and its adjacent units,~,典籍：为本部队及其相邻单位治疗 2 点。
Codex: Heal 5 and gain Vanguard until your next turn. Talent: Greatest Deeds,~,典籍：治疗 5 点并获得先锋，直到你的下个回合。天赋：丰功伟绩。
Coldstar Battlesuit,~,冷星甲
Command Barge,~,指挥驳船
Commander O'Maisos,~,奥迈索斯指挥官
Commissar,~,政委
Commissar Elan,~,政委·埃兰
Companion: DS8 Support Turret,~,伴生：支援炮塔
Company Ancient,~,连队老兵
Company Champion,~,连队冠军
Company Master,~,连队队长
Company Veteran,~,连队老兵
Concealed Explosives,~,隐藏炸药
Concussive. Ambush: Gain +2 [Attack] and Stun a random enemy.,~,震荡。伏击：获得 +2 攻击并眩晕一个随机敌人。
Conquering Tyrant,~,征服暴君
Conviction of Faith,~,坚定信仰
Convoke the Circle,~,召集圆环
Coordinated Engagement,~,协同作战
Cosmic Serpent,~,宇宙巨蛇
Coterie of the Conceited,~,自负者同盟
Covert Operation,~,秘密行动
Craftworld Convergence,~,方舟世界汇聚
Create 3 random Combat Elixir in your hand,~,在你的手牌中生成 3 张随机战斗药剂。
Create 3 random Leviathan troops with Swarm in your hand,~,在你的手牌创建 3 个随机带虫群的利维坦部队
Create a Chosen of Slaanesh in your hand,~,在你的手牌中生成一张色孽选民。
Create a Hunting Wolf in your hand,~,手牌生成 1 张猎狼。
Create a Termagant in your hand. Your next troop this turn costs 1 less,~,在你的手牌创建 1 张泰玛根。本回合你的下一个部队费用 -1
Create a random Black Legion Stratagem in your hand. It costs 2 less.,~,将一张随机的黑色军团战术置入手牌。其费用减少 2。
Create a random Dark Angels Vehicle in your hand. Talent: Master of Manoeuvre,~,将一张随机的暗黑天使载具置入手牌。天赋：机动大师
Create a random Sabotage in the enemy hand,~,在对手手牌中生成一张随机破坏卡。
"Create a random Sabotage in the enemy hand. For the rest of this battle, Sabotage cards in the enemy hand cost 1 more",~,在对手手牌中生成一张随机破坏卡。本场战斗中，对手手牌中的破坏卡费用 +1。
Create a random troop with Ambush in your hand. It costs 2 less,~,在你的手牌中生成一个带伏击的随机部队。其费用 -2。
Create an Abaddon's Chosen in your hand,~,将一张阿巴顿神选置入手牌
"Create in your hand a Gun Drone, Guardian Drone or Marker Drone",~,在你的手牌创建 1 个枪无人机、守护无人机或标记无人机
Create one Neophyte Hybrid in your hand for each enemy unit,~,每有一个敌方单位，在你的手牌中生成一张新教徒混种。
Create three Ultramarines Vehicles in your hand. They cost 1 less,~,手牌生成 3 张极限战士载具。它们费用 -1。
Create three random Ork Vehicles in your hand. They cost 1 less,~,在你的手牌中生成三个随机兽人载具。它们费用 -1。
Create two Improvised Barricade in the enemy hand.,~,在对手手牌中生成两张临时路障。
Create two random Saim-Hann Vehicles in your hand. They cost 1 less,~,在你的手牌中生成 2 个随机赛姆-汉载具。其费用 -1
Crimson Hunter,~,猩红猎手
Crisis Battlesuit,~,危机甲
Crisis Bodyguard,~,危机护卫
Cruelty: Gain +1 and Flank,~,残忍：获得 +1 和侧翼。
Cruelty: Gain +1 armor. Stimulation: Attack the enemy with highest attack,~,残忍：获得 +1 护甲。激励：攻击攻击力最高的敌人。
Cruelty: Gain +1 attack and +1 armor.,~,残忍：获得 +1 攻击和 +1 护甲。
Crusader,~,十字军战士
Crushing Claws,~,粉碎之爪
Cryptothrall,~,墓穴仆役
Cult Leman Russ,~,教派莱曼·鲁斯
Cult Propaganda,~,教派宣传
Cult Sentinel,~,教派哨兵
Curse of the Phaeron,~,法老诅咒
Cut Them Off,~,切断退路
Cyber‑augmentation,~,赛博强化
DS8 Support Turret,~,支援炮塔
Da Bigger Dey Iz... (Mozrog's Talent),~,它们越大……（莫兹罗格天赋）
Da Green Horde,~,绿皮大军
Da Hunt is On,~,狩猎开始！
Da Irongob,~,铁嘴
Da Old Ways,~,老规矩
Da Red Waaagh,~,红色哇战吼
Daemon Blade Legionary,~,恶魔之刃军团战士
Daemonbreaker,~,破魔者
Daemonette,~,恶魔少女
Daemonic Feast,~,恶魔盛宴
Daemonic Frenzy,~,恶魔狂暴
Daemonic Pact,~,恶魔契约
Damaged Hexmark,~,受损六印毁灭者
Damaged Plasmacyte,~,受损冥府质体
Dance of Death,~,死亡之舞
Dark Apostle,~,黑暗使徒
Dark Apparitions,~,黑暗幻影
Dark Disciple,~,黑暗门徒
Dark Oratory,~,黑暗布道
Dark Pact of Blood,~,鲜血黑暗契约
Dark Pact of Excess,~,纵欲黑暗契约
Dark Pact of Fate,~,命运黑暗契约
Dark Pact of Resilience,~,韧性黑暗契约
Dark Prince´s Throne,~,黑暗王子王座
Dark Talon,~,暗爪
Darkened Skies,~,昏暗天空
Darkshroud,~,暗影笼罩
Darkstrider,~,暗行者
Dawn Attack,~,黎明突袭
Day of Ascension,~,升天之日
Dead Choppy,~,贼能砍
Deadliest Killer,~,最致命的杀手
Deadly Ambush,~,致命伏击
Deadly Hunters,~,致命猎手
Deal 1 damage,~,造成 1 点伤害。
Deal 1 damage to 4 random enemies,~,对 4 个随机敌人各造成 1 点伤害。
Deal 1 damage to a friendly troop and give it Armour 1. 2 : Give it Armour 2 instead,~,对 1 个友方部队造成 1 点伤害并给予它护甲 1。2 ☀：改为给予它护甲 2
Deal 1 damage to a friendly unit and give it +1 [Attack] and +1 [Armor] this turn,~,对一个友方单位造成 1 点伤害，并使其本回合获得 +1 攻击和 +1 护甲。
Deal 1 damage to a friendly unit. Draw a card.,~,对一个友方单位造成 1 点伤害。抽一张牌。
Deal 1 damage to a random enemy,~,对一个随机敌人造成 1 点伤害。
Deal 1 damage to a random enemy and Stun it. Repeat for each Vehicle in your hand and lower their cost by 1,~,对一个随机敌人造成 1 点伤害并眩晕它。你手牌中每有一张载具，重复此效果，并使其费用 -1。
Deal 1 damage to a random enemy for each friendly unit in play,~,每有一个在场友方单位，对一个随机敌人造成 1 点伤害。
"Deal 1 damage to a random enemy, six times",~,对一个随机敌人造成 1 点伤害，共 6 次。
Deal 1 damage to all enemies,~,对所有敌人造成 1 点伤害
"Deal 1 damage to all enemies, and they lose Stealth",~,对所有敌人造成 1 点伤害，并且他们失去潜行。
Deal 1 damage to all friendly troops and give them a Dark Pact of Excess,~,对所有友方部队造成 1 点伤害，并给予它们纵欲黑暗契约。
Deal 1 damage to all units,~,对所有单位造成 1 点伤害。
"Deal 1 damage to all units. If any troop dies, repeat this effect",~,对所有单位造成 1 点伤害。若有任何部队死亡，重复此效果
Deal 1 damage to an enemy and Stun it,~,对一个敌人造成 1 点伤害并使其眩晕。
Deal 1 damage to an enemy and its adjacent units,~,对 1 个敌人及其相邻单位造成 1 点伤害。
"Deal 1 damage to an enemy for each friendly unit. If target dies, give +1 Health to all friendly troops in hand",~,为你场上的每个友方单位，对一个敌人造成 1 点伤害。如果目标死亡，给予你手牌中的所有友方部队 +1 生命值。
Deal 1 damage to an enemy troop and give it Hunt Mark,~,对 1 个敌方部队造成 1 点伤害，并给予它猎杀标记。
"Deal 1 damage to an enemy. If target dies, add Extermination Protocol to your hand",~,对一个敌人造成 1 点伤害。若目标死亡，将一张歼灭协议加入你的手牌。
Deal 1 damage to three random enemies,~,对 3 个随机敌人各造成 1 点伤害。
"Deal 1 damage. If target dies, deploy a Grey Hunter",~,造成 1 点伤害。若目标死亡，部署 1 个灰猎手。
"Deal 1 damage. If target dies, draw a card",~,造成 1 点伤害。若目标死亡，抽一张卡。
"Deal 1 damage. If target is a friendly troop, give it a Dark Pact of Excess. If target is an enemy, draw a card.",~,造成 1 点伤害。若目标是友方部队，给予它纵欲黑暗契约。若目标是敌人，抽一张牌。
"Deal 1 damage. If the target dies, create a random Combat Elixir in your hand.",~,造成 1 点伤害。若目标死亡，在你的手牌中生成一张随机战斗药剂。
Deal 1-2 damage to a random enemy. Repeat for each friendly troop that died since your last turn,~,对 1 个随机敌人造成 1-2 点伤害。自你的上个回合以来，每有 1 个友方部队死亡，重复此效果。
Deal 1-2 damage to a random enemy. Repeat this effect for every friendly troop,~,对一个随机敌人造成 1-2 点伤害。每有一个友方部队，重复此效果。
Deal 1-2 damage to all enemies,~,对所有敌人造成 1-2 点伤害。
"Deal 1-2 damage. If the target survives, heal 1-5 to it",~,造成 1-2 点伤害。如果目标存活，为其治疗 1-5 点生命值。
Deal 1-3 damage,~,造成 1-3 点伤害。
"Deal 1-3 damage to all enemies.
[2] Repeat this effect",~,"对所有敌人造成 1-3 点伤害。
②重复此效果"
Deal 1-3 damage to an enemy,~,对 1 个敌人造成 1-3 点伤害
"Deal 1-3 damage.
(1) Repeat this effect",~,"造成 1-3 点伤害。
①重复此效果"
Deal 10 damage to all enemy troops,~,对所有敌方部队造成 10 点伤害。
"Deal 10 damage to an enemy troop. For each excess damage, heal 1 to your Warlord",~,对一个敌方部队造成 10 点伤害。每有 1 点溢出伤害，治疗你的督军 1。
Deal 2 damage,~,造成 2 点伤害
"Deal 2 damage to a damaged enemy. If the target dies, give +1 Health to all your units",~,对 1 个受伤的敌人造成 2 点伤害。若目标死亡，给予你的所有单位 +1 生命
Deal 2 damage to a random enemy,~,对一个随机敌人造成 2 点伤害。
Deal 2 damage to a random enemy troop,~,对随机一个敌方部队造成 2 点伤害
Deal 2 damage to all enemies,~,对所有敌人造成 2 点伤害。
"Deal 2 damage to all enemies, plus 2 additional damage to each enemy with Markerlight",~,对所有敌人造成 2 点伤害，对每个带标记光的敌人额外造成 2 点伤害
Deal 2 damage to all units,~,对所有单位造成 2 点伤害
Deal 2 damage to all units and give them Blind until your next turn,~,对所有单位造成 2 点伤害，并使其失明，直到你的下个回合。
Deal 2 damage to an enemy,~,对 1 个敌人造成 2 点伤害。
Deal 2 damage to an enemy and Stun it,~,对一个敌人造成 2 点伤害，并使其眩晕。
Deal 2 damage to an enemy and Stun it. Talent: Efficiency and Excellence.,~,对一个敌人造成 2 点伤害并使其眩晕。天赋：效率与卓越。
Deal 2 damage to an enemy troop and Stun it,~,对一个敌方部队造成 2 点伤害并使其眩晕。
Deal 2 damage to an enemy unit and adjacent units. Oath 3: Repeat this effect,~,对 1 个敌方单位及其相邻单位造成 2 点伤害。誓言 3：重复此效果。
"Deal 2 damage to an enemy. If it is a troop, Stun it",~,对一个敌人造成 2 点伤害。若其为部队，使其眩晕
"Deal 2 damage. If target dies, draw a card",~,造成 2 点伤害。若目标死亡，抽 1 张卡。
"Deal 2 damage. If target dies, put in play one ""Infractor"".",~,造成 2 点伤害。若目标死亡，部署一个“违规者”。
"Deal 2 damage. If the target dies, create a random Sabotage in the enemy hand",~,造成 2 点伤害。若目标死亡，在对手手牌中生成一张随机破坏卡。
"Deal 2 damage. If the target dies, gain 1 energy.",~,造成 2 点伤害。若目标死亡，获得 1 点能量。
"Deal 2 damage. If the target survives, Heal 5 to it",~,造成 2 点伤害。若目标存活，治疗其 5。
Deal 2 damage. The next Beast you play gains Flank.,~,造成 2 点伤害。你打出的下一只野兽获得侧翼。
Deal 2-3 damage to a random enemy,~,对随机一个敌人造成 2-3 点伤害
Deal 2-3 damage to all enemies,~,对所有敌人造成 2-3 点伤害。
Deal 2-3 damage to all enemies with Hunt Mark,~,对所有带猎杀标记的敌人造成 2-3 点伤害。
Deal 2-4 damage to three random enemies,~,对三个随机敌人各造成 2-4 点伤害。
"Deal 2-4 damage. If the target dies, deploy a Possessed Marine",~,造成 2-4 点伤害。若目标死亡，部署一个附魔战士
Deal 3 damage,~,造成 3 点伤害
Deal 3 damage to a random enemy,~,对一个随机敌人造成 3 点伤害。
Deal 3 damage to a random enemy troop,~,对随机一个敌方部队造成 3 点伤害
"Deal 3 damage to a random enemy troop, or 5 if you control no other troops",~,对 1 个随机敌方部队造成 3 点伤害；若你未控制其他部队，则造成 5 点。
Deal 3 damage to a random enemy. Repeat this effect for each Sabotage in the opponent's hand,~,对一个随机敌人造成 3 点伤害。对手手牌中每有一张破坏卡，重复此效果。
Deal 3 damage to a random enemy. Repeat this effect for every friendly Vehicle,~,对 1 个随机敌人造成 3 点伤害。每有 1 个友方载具便重复此效果
Deal 3 damage to all enemies with Flying and 1 damage to all other enemies,~,对所有具有飞行的敌人造成 3 点伤害，对其他所有敌人造成 1 点伤害
"Deal 3 damage to all enemies. For each one that dies, heal 2 to a random friendly unit",~,对所有敌人造成 3 点伤害。每有 1 个死亡，治疗 1 个随机友方单位 2 点
"Deal 3 damage to all enemies. For each one that dies, heal 3 to a friendly unit",~,对所有敌人造成 3 点伤害。每有一个因此死亡的敌人，为一个我方单位治疗 3 点
Deal 3 damage to all enemy units,~,对所有敌方单位造成 3 点伤害。
"Deal 3 damage to all units, plus 2 additional damage to each enemy with Hunt Mark",~,对所有单位造成 3 点伤害，并对每个带猎杀标记的敌人额外造成 2 点伤害。
Deal 3 damage to an enemy,~,对 1 个敌人造成 3 点伤害
Deal 3 damage to an enemy and Stun it,~,对 1 个敌人造成 3 点伤害并使其眩晕
Deal 3 damage to an enemy and its adjacent units,~,对 1 个敌人及其相邻单位造成 3 点伤害
Deal 3 damage to an enemy troop,~,对 1 个敌方部队造成 3 点伤害
Deal 3 damage to an enemy troop. 4 [Icon]: Repeat this effect,~,对 1 个敌方部队造成 3 点伤害。4 ☀：重复此效果
"Deal 3 damage to an enemy. If the target dies, deploy a Tempestus Scion.",~,对一个敌人造成 3 点伤害。若目标死亡，部署一个暴风圣选兵。
Deal 3 damage to the enemy with highest Attack,~,对攻击力最高的敌人造成 3 点伤害。
Deal 3 damage to three random enemies,~,对三个随机敌人造成 3 点伤害
"Deal 3 damage. If the target has Armour, deal 6 damage instead",~,造成 3 点伤害。若目标具有护甲，改为造成 6 点伤害。
"Deal 3 damage. If the target has Armour, deal 8 damage instead",~,造成 3 点伤害。若目标有护甲，改为造成 8 点伤害
"Deal 3-4 damage to an enemy. If it has Armour, deal 5-7 damage instead",~,对一个敌人造成 3-4 点伤害。如果其拥有护甲，改为造成 5-7 点伤害。
Deal 3-5 damage to an enemy and its adjacent units,~,对一个敌人及其相邻单位造成 3-5 点伤害。
Deal 3-5 damage to the enemy Warlord,~,对敌方督军造成 3-5 点伤害
Deal 3-5 damage to two random enemies,~,对 2 个随机敌人各造成 3-5 点伤害。
Deal 3-6 damage to three random enemies,~,对三个随机敌人造成 3-6 点伤害
Deal 4 damage to an enemy troop,~,对敌方一个部队造成 4 点伤害
Deal 4 damage to an enemy troop. Oath 4: Also destroy all damaged enemy troops,~,对 1 个敌方部队造成 4 点伤害。誓言 4：额外摧毁所有受伤的敌方部队。
"Deal 4 damage.
[Codex] Deal 1 additional damage.",~,"造成 4 点伤害。
典籍：额外造成 1 点伤害。"
"Deal 5 damage to a troop. If the target dies, deal 2 damage to adjacent units",~,对 1 个部队造成 5 点伤害。若目标死亡，对相邻单位造成 2 点伤害
Deal 5 damage to all enemies,~,对所有敌人造成 5 点伤害
Deal 5 damage to an enemy troop,~,对 1 个敌方部队造成 5 点伤害
Deal 6 damage to a random enemy. This card costs 1 less for each Dark Pact on friendly units,~,对随机一个敌人造成 6 点伤害。我方单位上每有一个黑暗契约，此牌费用减少 1
"Deal 6 damage to an enemy troop. If it dies, draw a troop",~,对一个敌方部队造成 6 点伤害。若其死亡，抽一张部队。
Deal 7 damage to all units,~,对所有单位造成 7 点伤害。
Deal 8 damage to an enemy. ② Deal 4 damage to units adjacent to the target,~,对 1 个敌人造成 8 点伤害。②对目标相邻单位造成 4 点伤害
Deal damage to all enemies equal to the number of cards in the enemy hand,~,对所有敌人造成等同于对手手牌数量的伤害。
Deal damage to an enemy troop equal to the number of cards in the enemy hand,~,对一个敌方部队造成等同于对手手牌数量的伤害。
Death Cult Assassin,~,死亡教派刺客
Death Shun,~,死亡闪避
Death Spinner Warp Spider,~,死亡纺锤扭曲蜘蛛
Death from Above,~,天降死神
Deathleaper,~,死神猎手
Deathmark,~,死印
Deathwing Assault,~,死翼突袭
Deathwing Champion,~,死翼冠军
Deathwing Knight,~,死翼骑士
Deathwing Knight Master,~,死翼骑士长
Deathwing Strikemaster,~,死翼打击大师
Deathwing Terminator,~,死翼终结者
Deathwolf Scout,~,死亡狼侦察兵
Decadent Throne,~,颓废王座
Default Conditions,~,默认条件
Defence Batteries,~,防御炮组
Defenders of the Faith,~,信仰捍卫者
Defensive Turrets,~,防御炮塔
Deff Dread,~,死恐无畏
Deffgun Loota,~,死枪掠夺者
Deffkopta,~,死亡直升机
Delightful Agonies,~,欢愉之痛
Deploy 2 Canoptek Scarab,~,部署 2 个冥府圣甲虫。
Deploy 2 random 2-cost Genestealer Cults troops,~,部署 2 个随机的 2 费基因窃取者教派部队。
Deploy 3 Grot and give them Vanguard.,~,部署 3 个地精并给予它们先锋。
Deploy 3 Primaris Intercessor and give them Flank. Codex: Give +1 to your Primaris Intercessor,~,部署 3 个原铸仲裁者并给予它们侧翼。典籍：给予你的原铸仲裁者 +1。
Deploy 3 random 2-cost Sautekh troops,~,部署 3 个随机 2 费索泰克部队。
Deploy 3 random Drones and give them [Vanguard] Vanguard,~,部署 3 个随机无人机并给予其 [Vanguard] 先锋
Deploy 4 random 2-cost Leviathan troops,~,部署 4 个随机 2 费利维坦部队
Deploy 4 random troops from your deck,~,从你的卡组随机部署 4 个部队
Deploy 8 random Ork Infantry that cost 4 or less,~,部署 8 个费用 4 或以下的随机兽人步兵。
Deploy Anchors,~,部署锚桩
"Deploy a Battle Sister.
8 [Faith]: Deploy an additional Battle Sister",~,"部署 1 个战斗修女。
8 ☀：额外部署 1 个战斗修女"
Deploy a Beast Snagga Boy and give it Vanguard.,~,部署一个猎兽小子并给予其先锋。
"Deploy a Beast Snagga Boy, or 3 if your opponent controls a troop with 5 or more Health",~,部署一个猎兽小子；如果你的对手控制一个生命值为 5 或以上的部队，则改为部署 3 个。
Deploy a Concealed Explosives,~,部署一个隐藏炸药。
Deploy a Fenrisian Wolf for each enemy unit. This card costs 1 less for each Hunt Mark on enemy troops.,~,为每个敌方单位部署 1 张芬里斯狼。敌方部队上每有 1 个猎杀标记，此卡费用 -1。
Deploy a Flayed One,~,部署一个剥皮者。
Deploy a Grot and Give +1 Armor to your troops,~,部署一个地精，并给予你的部队 +1 护甲。
Deploy a Grot or a Snakebite Grot at random.,~,随机部署一个地精或蛇咬地精。
Deploy a Guardian Drone,~,部署 1 个守护无人机
Deploy a Necron Warrior,~,部署一个死灵战士。
Deploy a Shock Trooper,~,部署一个震荡突击兵。
Deploy a Spore Mine,~,部署 1 个孢子雷
Deploy a Wraithguard,~,部署 1 个幽卫
"Deploy a Wraithguard. Spend all your Spirit Stones. For each one, deploy a Wraithguard.",~,部署 1 个幽卫。消耗你所有的灵魂石。每消耗 1 颗，部署 1 个幽卫。
Deploy a random Emperor's Children Infantry that costs 3 or less,~,部署一个费用 3 或以下的随机帝皇之子步兵。
"Deploy an Infractor and a Tormentor. If a friendly troop died this turn, give them Flank",~,部署一个违规者和一个折磨者。若本回合有友方部队死亡，给予它们侧翼。
Deploy an Ultramarines troop that costs 6 or more. Oath 6: Deal damage to all enemy troops equal to its,~,部署 1 个费用 6 或更高的极限战士部队。誓言 6：对所有敌方部队造成等同于其近战攻击的伤害。
Deploy one Battle Sister for each enemy unit,~,每有 1 个敌方单位，部署 1 个战斗修女
Deploy one Black Knight for each enemy troop,~,每有一个敌方部队，部署一个黑骑士
Deploy one Chaos Spawn for each enemy unit,~,每有一个敌方单位，部署一个混沌卵
"Deploy one Kroot Hound for each damaged enemy, and give them Flank",~,每有 1 个受伤的敌人，部署 1 个克鲁特猎犬，并给予其侧翼
Deploy one Stormboy. Repeat for each enemy unit,~,部署一个风暴小子。每有一个敌方单位，重复此效果。
Deploy three Shock Trooper. Lower cost by 1 when you deploy a Vehicle,~,部署 3 个震荡突击兵。每当你部署一个载具时，此牌费用减少 1 点。
"Deploy three Tempestus Scion and give them Vanguard. If you control a Vehicle, give them Armour 1",~,部署 3 个暴风圣选兵并给予其先锋。若你控制一个载具，则再给予它们装甲 1。
Deploy three random Emperor's Children Daemons that cost 5 or less,~,部署 3 个费用 5 或以下的随机帝皇之子恶魔。
Deploy two Grot,~,部署两个地精。
Deploy two Sacred Rose Sister. 6 [icon] Give them Flank,~,部署 2 个圣玫瑰修女。6 ☀：给予它们侧翼
Deploy two Storm Guardian,~,部署 2 个风暴守护者
Deploy two Tomb Blade,~,部署 2 个墓刃。
Deploy up to 5 friendly Infantry troops that died this game,~,部署至多 5 个本场战斗中阵亡的友方步兵部队。
Desolation Marine,~,荒芜战士
Desperate Mission,~,孤注一掷
Destroy a damaged enemy troop,~,消灭一个受伤的敌方部队
Destroy a friendly troop and a random enemy troop,~,消灭一个友方部队和一个随机敌方部队。
Destroy a random enemy troop,~,摧毁一个随机敌方部队。
"Destroy all friendly Canoptek Scarabs. For each one destroyed, deal 3 damage to a random enemy",~,消灭所有友方冥府圣甲虫。每消灭一个，对一个随机敌人造成 3 点伤害。
Destroy all troops in play,~,摧毁场上的所有部队。
Destroy an enemy troop,~,摧毁 1 个敌方部队。
Destroy an enemy troop and deal 2-3 damage to adjacent units,~,消灭一个敌方部队，并对相邻单位造成 2-3 点伤害。
Destroy an enemy troop. Gain 2.,~,消灭一个敌方部队。获得 2 点任务。
Destroy an enemy troop. Refill Energy equal to your Faith,~,摧毁 1 个敌方部队。恢复等同于你信仰值的能量
Destroy an enemy troop. Stun adjacent units,~,消灭一个敌方部队。使相邻单位眩晕
Destroy any enemy troop with Armour attacked by this unit,~,摧毁被本单位攻击的任何具有护甲的敌方部队。
Destroy any troop attacked by this unit,~,摧毁任何被本单位攻击的部队
Destroy the enemy troop with highest Attack. 8 ☀: Destroy all enemy troops,~,摧毁攻击力最高的敌方部队。8 ☀：摧毁所有敌方部队
Destroy the enemy troop with lowest Health.,~,消灭生命值最低的敌方部队。
Destroyer. Your other Destroyers have +1 [Attack]. Talent: Hardwired Destruction.,~,毁灭者。你的其他毁灭者获得 +1 [攻击]。天赋：硬接线毁灭。
Destroys any enemy troop with Hunt Mark attacked. Rally: Give Invulnerable to a friendly unit this turn,~,摧毁被其攻击的、带猎杀标记的任意敌方部队。集结：本回合给予 1 个友方单位无敌。
Devastator Centurion,~,毁灭者百夫长
Devastator Doctrine,~,毁灭者教义
Devastator Marine,~,毁灭者战士
Devilfish,~,魔鬼鱼
Devoted of Khaine,~,凯恩信徒
Devourer Cannon,~,吞噬者炮
Devout Serenity,~,虔诚宁静
Devout Warriors,~,虔诚战士
Diabolic Strength,~,恶魔之力
Dialogus,~,执事
Digestion Pool,~,消化池
Dimensional Breach,~,次元裂隙
Dimensional Corridor,~,次元走廊
Dire Avenger,~,复仇者
Dire Avenger Exarch,~,复仇者长老
Disentegration Capacitors,~,解离电容
Disgustingly Resilient,~,恶心坚韧
Disharmonist,~,失谐者
Disrupted Sanctuary,~,受扰圣所
Disruption Blades,~,扰乱之刃
Divination Menhir,~,占卜石柱
Divine Intervention,~,神圣干预
Diviner,~,占卜师
Does nothing,~,无效果。
Dok’s Toolz (Painboss' talent),~,医官的工具（痛医头目天赋）
Dominion,~,多米尼恩修女
Dominion Superior,~,多米尼恩修女长
Doom Scythe,~,末日镰刀
Doomstalker,~,末日行者
Double the Melee Attack and Health of a friendly troop,~,将一个我方部队的近战攻击与生命值翻倍
Drachnyen,~,德拉赫尼恩
Drag it Down,~,拖倒它！
Draw 2 cards,~,抽 2 张卡。
"Draw 2 cards. For each troop drawn, create a Reanimation Protocol in your hand",~,抽 2 张卡。每抽到一张部队牌，在你的手牌中生成一张复生协议。
"Draw 2 cards. For each troop drawn, create a copy of Abaddon's Chosen in your hand",~,抽 2 张牌。每抽到一张部队牌，将一张阿巴顿神选的复制品置入手牌
"Draw 2 cards. For each troop drawn, give Hunt Mark to a random enemy troop",~,抽 2 张卡。每抽到 1 个部队，给予 1 个随机敌方部队猎杀标记。
Draw 2 cards. Give +1 Health to any troop drawn,~,抽 2 张牌。给予抽到的部队 +1 生命
"Draw 2 troops from your deck. If they are Battlesuits, give them Flank.",~,从你的牌库抽 2 张部队牌。若为战斗服，给予其侧翼
Draw 3 cards and lower their cost by 3,~,抽 3 张牌并使其费用降低 3
"Draw 3 cards. For each Troop drawn, gain 1.",~,抽 3 张牌。每抽到 1 张部队牌，获得 1 ☀。
"Draw 3 cards. For every Infantry drawn, refill 1 Energy",~,抽 3 张卡。每抽到 1 个步兵，回复 1 点能量。
"Draw 3 cards. If your Warlord has 10 or less Health, lower their cost by 4",~,抽 3 张卡。若你的督军生命值不高于 10，这些卡的费用减少 4 点。
Draw 3 cards. Lower cost by 1 when an enemy dies,~,抽 3 张牌。每有 1 个敌人死亡，费用 -1
Draw 5 cards. (5) Reduce their cost by 5,~,抽 5 张牌。⑤使其费用 -5
Draw a Beast. Lower the cost of all Beasts in your hand by 1,~,抽一张野兽。你手牌中的所有野兽费用 -1。
Draw a Stratagem,~,抽 1 张战术。
Draw a Stratagem. Lower the cost of Stratagems in your hand by 4,~,抽一张战术。你手牌中的战术费用减少 4 点。
Draw a Vehicle and give it Armour 2,~,抽 1 张载具，并给予它护甲 2。
Draw a card and give Shield to your Warlord,~,抽 1 张卡，并给予你的督军护盾。
Draw a card. Codex: Your Warlord gains Armour 1 this turn,~,抽 1 张卡。典籍：你的督军本回合获得护甲 1。
Draw a troop and give it +1,~,抽一个部队并给予其 +1 攻击和 +1 生命值。
Draw a troop. 2 : Draw an additional troop,~,抽 1 张部队牌。2 ☀：再抽 1 张部队牌
Draw a troop. Lower the cost of Tyrnak and Fenrir by 1,~,抽 1 个部队。使提尔纳克与芬里尔的费用 -1。
Draw the next Stratagem in your deck and gain 1.,~,抽取你卡组中的下一张战术并获得 1 点任务。
Draw three troops. They cost 2 less this turn,~,抽三张部队牌。本回合其费用减少 2
Draw two Vehicles from your deck and deploy them,~,从你的卡组中抽两张载具并部署它们。
"Draw two cards. For each troop drawn, create a random Combat Elixir in your hand",~,抽两张牌。每抽到一张部队，在你的手牌中生成一张随机战斗药剂。
"Draw two cards. For each troop drawn, gain 1",~,抽两张牌。每抽到一张部队牌，获得 1 点任务
Draw two troops and give them +1,~,抽两个部队并给予它们 +1 攻击和 +1 生命值。
Dreadnought,~,无畏机甲
Drone Companion,~,无人机伴生
Dual Screamer Kakophonist,~,双重尖啸刺耳者
Duelist's Hubris (Lucius' Talent),~,决斗者的傲慢（卢修斯的天赋）
Dust Storm,~,尘暴
Duty's End,~,职责终焉
"Duty: Deal 2 damage to all enemies. For each one that dies, deploy a Shock Trooper",~,职责：对所有敌人造成 2 点伤害。每有一个因此死亡的敌人，部署一个震荡突击兵。
Duty: Draw a Stratagem and lower its cost by 2,~,职责：抽一张战术，并使其费用减少 2 点。
Dynamic Offensive,~,动态攻势
Each friendly Beast gets +1 [fist] this turn and attacks a random enemy,~,每个友方野兽本回合获得 +1 攻击，并攻击 1 个随机敌人。
Each of your units deals damage equal to its Shuriken to a random enemy,~,你的每个单位对 1 个随机敌人造成等同于其星镖值的伤害
Each player deploys 3 troops from their deck. Your troops deployed this way gain Flank and Armour 3 this turn,~,双方各从其牌库部署 3 个部队。以该方式部署的你的部队本回合获得侧翼和护甲 3。
Earthquake,~,地震
Ecstasy 15: Gain +1 [Power] Talent: Excessive Vigour,~,狂喜 15：获得 +1 力量。天赋：过度活力。
Ecstasy 1: Deal 3 damage to a random enemy,~,狂喜 1：对一个随机敌人造成 3 点伤害。
Ecstasy 2: Gain Blood Thirst and Heal 1,~,狂喜 2：获得嗜血并治疗 1。
Ecstasy 2: Give a Dark Pact of Excess to all friendly troops,~,狂喜 2：给予所有友方部队纵欲黑暗契约。
Ecstasy 5: Double this troop's [Melee] and [Ranged].,~,狂喜 5：使本部队的近战和远程翻倍。
Efficiency and Excellence,~,效率与卓越
Eldritch Storm,~,秘术风暴
Electro-Static Interference,~,静电干扰
Eliac Zephyrblade,~,伊利亚克·泽菲刃
Eliminator,~,歼击者
Eliminator Sergeant,~,歼击者军士
Embers of Prospero,~,普罗斯佩罗余烬
Embrace the Pain,~,拥抱痛苦
Emergency Dispensation,~,紧急豁免
Emperor's Judgement,~,帝皇的审判
Empyric Ambush,~,灵能伏击
Empyric Rift,~,灵能裂隙
Encircle the Prey,~,合围猎物
Enemies have Vulnerable 1,~,敌人具有脆弱 1
Enemy troops have -2 Attack,~,敌方部队具有 -2 攻击。
Enforcer Battlesuit,~,执法者甲
Enhanced Aggression,~,强化攻击性
Enhanced Musculature,~,强化肌肉
Enhanced Organism,~,强化生物体
Enhanced Resilience,~,强化韧性
"Ephemeral.
Deal 1 damage.
4 ☀: Deal 2 additional damage",~,"临时。
造成 1 点伤害。
4 ☀：额外造成 2 点伤害"
Ephemeral. Choose a Rune and put it in your hand,~,临时。选择 1 枚符文放入你的手牌。
Ephemeral. Choose a card in your hand and return it to your deck. Draw a card. Gain 1.,~,临时。选择你手牌中的 1 张牌并将其放回牌库。抽 1 张牌。获得 ①。
Ephemeral. Choose an Astra Militarum Stratagem and add it to your hand.,~,临时。选择一张星界军战术牌并加入你的手牌。
Ephemeral. Choose an Invocation and put it in your hand,~,临时。选择 1 道战术并放入你的手牌
Ephemeral. Deal 1 damage to all friendly units and give them +2 this turn.,~,临时。对所有友方单位造成 1 点伤害，并本回合给予它们 +2 攻击和 +2 生命值。
"Ephemeral. Deal 1 damage to an enemy and heal 1 to your Warlord. If the target dies, create a Lord of the Storm in your hand.",~,临时。对一个敌人造成 1 点伤害，并为你的督军治疗 1 点。若目标死亡，在你的手牌中生成一张风暴领主。
Ephemeral. Deal 1 damage to an enemy or give +1 Health to a friendly unit,~,临时。对 1 个敌人造成 1 点伤害，或给予 1 个友方单位 +1 生命
"Ephemeral. Deal 1 damage to an enemy. If it's a troop, give it Hunt Mark.",~,临时。对 1 个敌人造成 1 点伤害。若其为部队，给予它猎杀标记。
"Ephemeral. Deal 1 damage to an enemy. If target survives, give +1 and Stomp to your Warlord this turn",~,临时。对一个敌人造成 1 点伤害。如果目标存活，本回合给予你的督军 +1 攻击、+1 生命值和践踏。
"Ephemeral. Deal 1 damage. If the target dies, draw a card",~,临时。造成 1 点伤害。若目标死亡，抽一张卡。
"Ephemeral. Deal 1 damage. If the target survives, gain 1.",~,临时。造成 1 点伤害。若目标存活，获得 1 点任务。
"Ephemeral. Deal 2 damage. If target dies, give Stealth to a random friendly Infantry.",~,临时。造成 2 点伤害。若目标死亡，给予 1 个随机友方步兵潜行。
"Ephemeral. Deal 3-5 damage to an enemy. If the target dies, gain 2.",~,临时。对一个敌人造成 3-5 点伤害。若目标死亡，获得 2 点任务。
Ephemeral. Deal 8 damage to an enemy and 3 to its adjacent units,~,临时。对一个敌人造成 8 点伤害，并对其相邻单位造成 3 点伤害。
Ephemeral. Deploy a Crisis Battlesuit and give it Flank.,~,临时。部署 1 个危机甲并给予其侧翼
Ephemeral. Deploy a Storm Guardian,~,临时。部署 1 个风暴守护者
"Ephemeral. Give +1 [Attack] and +1 [Armor] to your troops. If you don't control any, create an Intercessor in your hand.",~,临时。给予我方部队 +1 攻击与 +1 护甲。若你未控制任何部队，将一张仲裁者置入手牌。
Ephemeral. Give +1 and +1 to your units until your next turn,~,临时。直到你的下个回合，给予你的单位 +1/+1。
Ephemeral. Give +1 to a friendly unit until your next turn. Oath 2: Give it Armour 2 this turn,~,临时。给予 1 个友方单位 +1，直到你的下个回合。誓言 2：本回合给予它护甲 2。
"Ephemeral. Give +1 to your troops. If you don't control any, draw a troop",~,临时。给予你的部队 +1。若你未控制任何部队，抽 1 个部队。
"Ephemeral. Give +2 Attack, +2 Armor and +1 Health to a friendly troop",~,临时。给予 1 个友方部队 +2 攻击、+2 护甲和 +1 生命
Ephemeral. Give +2 Health to a friendly unit and reload its Duty ability.,~,临时。给予一个友方单位 +2 生命，并重置其职责能力。
"Ephemeral. Give +2 to a friendly troop, or to your Warlord this turn. Oath 3: Give it an additional +2",~,临时。给予 1 个友方部队 +2，或本回合给予你的督军 +2。誓言 3：额外给予它 +2。
Ephemeral. Give -2 Attack to an enemy troop until your next turn.,~,临时。给予 1 个敌方部队 -2 攻击，直到你的下个回合。
Ephemeral. Give Sentry 1 to a friendly unit until your next turn,~,临时。给予 1 个友方单位哨戒 1，直到你的下个回合。
Ephemeral. Give Shield to a friendly Battlesuit,~,临时。给予 1 个友方战斗服护盾
"Ephemeral. Give Shuriken 1 and Flying to a friendly Infantry this turn. If it has Stealth, give it Flank",~,临时。本回合给予 1 个友方步兵星镖 1 和飞行。若其有潜行，给予它侧翼
Ephemeral. Give Shuriken 1 to your units this turn,~,临时。本回合给予你的单位星镖 1
Ephemeral. Give Vulnerable 2 to an enemy troop and Backlash: Give a Dark Pact to a random enemy troop,~,临时。给予一个敌方部队脆弱 2，并附带反噬：给予随机一个敌方部队一个黑暗契约
Ephemeral. Give a Dark Pact to a friendly troop,~,临时。给予一个我方部队一个黑暗契约
Ephemeral. Heal 2 to a friendly unit and give it +1 [Attack] for each enemy unit this turn,~,临时。为一个我方单位治疗 2 点，并且本回合每有一个敌方单位，使其获得 +1 攻击
Ephemeral. Return a friendly Vehicle to your hand. It costs 4 less,~,临时。将一个我方载具移回手牌。其费用减少 4
"Ephemeral. Your Warlord gains ""Blast 2 and Slay: Deploy a Black Legionary"" this turn",~,临时。你的督军本回合获得“爆裂 2 与斩杀：部署一个黑色军团战士”
"Ephemeral. Your Warlord gains Flying and +2 Melee Attack this turn, plus an additional 1 for each friendly troop",~,临时。本回合你的督军获得飞行和 +2 近战攻击，每有 1 个友方部队再额外 +1
"Ephemeral. Your Warlord gains this turn ""+2 [Attack] and [Slay] Slay: Heals 3""",~,临时。你的督军本回合获得“+2[攻击] 和[斩杀]斩杀：治疗 3 点生命值”。
"Ephemeral. Your warlord gains this turn Sniper and ""Slay: Create a random Sabotage in the enemy hand""",~,临时。你的督军本回合获得狙击和“斩杀：在对手手牌中生成一张随机破坏卡”。
Ephrael Stern,~,埃弗拉尔·斯特恩
Epistolary Librarian,~,智典智库
Erika Luminas,~,埃丽卡·卢米纳斯
Eternal Servitude,~,永恒奴役
Ethereal Supreme,~,至尊以太
Euphoric Strike (Lord Exultant's Talent),~,狂喜重击（狂喜领主的天赋）
Evasive Manoeuvre,~,规避机动
Eve of the Uprising,~,起义前夕
Everstorm,~,永暴
Excessive Vigour (Daemon Prince's Talent),~,过度活力（恶魔亲王的天赋）
Execution,~,处决
Exemplar of Hate,~,憎恨典范
Exemplary Warrior,~,模范战士
Exhortation of Rage,~,狂怒劝诫
Exocrine,~,外泌兽
Exorcist,~,驱魔者
Experimental Bio-Horrors,~,实验性生物恐怖
Experimental Drone,~,实验无人机
Exquisite Swordsmanship,~,精湛剑术
Extermination Protocols,~,歼灭协议
Extractor Rig,~,回收塔车
Ezekiel,~,以西结
Factories Overdrive,~,工厂超载
Faeburn Vanquisher,~,法伯恩·歼灭者
Falcon,~,猎鹰
Fall Back,~,撤退
Farseer,~,先知
Farseer Skyrunner,~,先知天行者
Fasta Than Yooz,~,比你们快
Fate Inescapable,~,宿命难逃
Feeding Frenzy,~,进食狂潮
Fenrisian Blizzard,~,芬里斯暴风雪
Fenrisian Drop Pod,~,芬里斯空降舱
Fenrisian Monstrosities,~,芬里斯巨兽
Fenrisian Runestones,~,芬里斯符文石
Fenrisian Wolf,~,芬里斯狼
Fenrisian Wolfpack,~,芬里斯狼群
Ferocious Rage (Beastboss' Talent),~,凶暴之怒（野兽头目天赋）
Ferocity: Attack a random non Flying enemy troop,~,狂暴：攻击 1 个随机非飞行敌方部队。
Ferocity: Deploy two Grey Hunter,~,狂暴：部署 2 个灰猎手。
"Ferocity: Draw a troop. Give it +1 Attack, +1 Armor, and +1 Health.",~,狂暴：抽 1 个部队。给予其 +1 攻击、+1 装甲和 +1 生命。
Ferren Areios,~,费伦·阿雷奥斯
Fiend,~,恶鬼
Fiery Conviction,~,炽热信念
Fire Dragon,~,火龙
Fire Warrior,~,火氏战士
Fire Warrior Sniper,~,火氏狙击手
Fire and Fade,~,打了就跑
Fire prism,~,火焰棱镜
Firesight Marksman,~,锐眼射手
Firestrike Servo Turret,~,火击伺服炮塔
Firestrike Turrets,~,火击炮塔
First Light,~,初光
Firstborn,~,初生者
Flamer Trooper,~,喷火兵
Flank. Agenda: Gain 1,~,侧翼。议程：获得 1 点任务
Flank. Rally: Gain +3 this turn,~,侧翼。集结：本回合获得 +3
Flank. Slay: Gain 1,~,侧翼。斩杀：获得 1 点任务
Flawless Blade,~,无瑕之刃
Flawless Blade Champion,~,无瑕之刃冠军
Flayed One,~,剥皮者
Flayed Ones Pack,~,剥皮者兽群
Fleet Support,~,舰队支援
Flesh Shaper,~,血肉塑形者
Flickerjump,~,闪烁跳跃
Flying during your turn. Talent: Helspear Assault,~,你的回合期间飞行。天赋：地狱之矛突击
"Flying. At the start of your turn, give Markerlight 1 to a random enemy",~,飞行。你的回合开始时，给予 1 个随机敌人标记光 1
Flying. Blast 2,~,飞行。爆裂 2
Flying. Flank,~,飞行。侧翼
Flying. Flank. Armour 1,~,飞行。侧翼。护甲 1
Flying. Flank. Shuriken 2,~,飞行。侧翼。星镖 2
Flying. Flank. Sniper,~,飞行。侧翼。狙击
"Flying. Flank. When you deploy a Vehicle, give it Shuriken 1",~,飞行。侧翼。当你部署 1 个载具时，给予它星镖 1
Flying. Other friendly Daemons cost 2 less and have +2 [attack]. Cruelty: Draw a Daemon.,~,飞行。其他友方恶魔费用 -2，且具有 +2 攻击。残忍：抽一张恶魔。
"Flying. Rally: Give +2 [Attack] to a friendly unit this turn. At the start of your turn, gain 1 [Energy] and return to your hand.",~,飞行。集结：本回合给予 1 个友方单位 +2 近战攻击。在你的回合开始时，获得 1 ☀并返回你的手牌。
Flying. Sentry 1. Oath 1: Choose a non-Legendary Stratagem you played this game and return it to your hand.,~,飞行。哨戒 1。誓言 1：选择 1 张本场战斗中打出过的非传说战术，将其返回你的手牌。
Flying. Shuriken 3,~,飞行。星镖 3
Flying. Slay: Deal 3 damage to the enemy Warlord,~,飞行。斩杀：对敌方督军造成 3 点伤害。
Flying. Stealth,~,飞行。潜行
Flying. Strike: Draw a card,~,飞行。猛击：抽 1 张卡。
Flying. Talent: Aerial Seeding,~,飞行。天赋：空中播种
Flying. Talent: Reanimate,~,飞行。天赋：复生。
Flying. Talent: Skyborne Deployment,~,飞行。天赋：空降部署
"Flying. When an enemy attacks, deploy a Spore Mine",~,飞行。敌人攻击时，部署 1 个孢子雷
"Flying. When an enemy with Hunt Mark dies, deploy a Grey Hunter",~,飞行。当带猎杀标记的敌人死亡时，部署 1 个灰猎手。
"Flying. When you collect a Spirit Stone, deal 2-3 damage to a random enemy",~,飞行。当你收集灵魂石时，对 1 个随机敌人造成 2-3 点伤害
Follower of Gork,~,高克的追随者
"For each enemy in play, give +1 Melee Attack to your Warlord this turn",~,场上有多少个敌人，你的督军本回合便获得 +1 近战攻击
"For each enemy in play, give +1 [Attack] to a friendly unit this turn",~,场上有多少个敌人，本回合即给予一个我方单位 +1 攻击
For the Greater Good,~,为至高善意
"For the rest of the match, give Armour 1 to Vehicles you put in play",~,本场战斗持续生效：给予你放入场上的载具护甲 1。
"For the rest of this battle, at the start of your turn, deploy a Shock Trooper",~,本场战斗剩余时间内：在你的回合开始时，部署一个震荡突击兵。
"For the rest of this battle, give Shield to all Drones you deploy",~,直至本场战斗结束，给予你部署的所有无人机护盾
"For the rest of this battle, when a friendly troop becomes a Remnant it gains Shield. Give Shield to your Warlord",~,本场战斗剩余时间内：每当友方部队变为残骸时，其获得护盾。给予你的督军护盾。
"For the rest of this battle, when a friendly troop uses Ferocity, deal 2 damage to the enemy Warlord",~,本场战斗持续生效：当 1 个友方部队使用狂暴时，对敌方督军造成 2 点伤害。
"For the rest of this battle, when an enemy dies, gain 1 [Energy].",~,本场战斗持续生效：当敌人死亡时，你获得 1 点能量。
"For the rest of this battle, when an enemy troop is deployed, it gains Vulnerable 1",~,本场战斗持续生效：当敌方部队被部署时，其获得脆弱 1
Forewarned,~,预警
Forged Killers,~,锻造杀手
Fortified Positions,~,坚固阵地
Forward Deployment,~,前出部署
Friendly Beasts cost 1 less and have Slay: Gain Blood Thirst this turn,~,友方野兽费用 -1，并且拥有“斩杀：本回合获得嗜血”。
Friendly Beasts cost 1 less.⚡ Rally: Stratagems in your hand become a Hunting Wolf or Fenrisian Wolf,~,友方野兽费用 -1。⚡集结：你手牌中的战术变为猎狼或芬里斯狼。
Friendly Infantry costs 1 less.,~,友方步兵的费用减少 1 点。
Friendly Infantry troops have Armour 1. Duty: Deploy two Shock Trooper,~,友方步兵部队获得装甲 1。职责：部署 2 个震荡突击兵。
Friendly Vehicles cost 1 less. Strike: Trigger the Ambush abilities of all friendly troops,~,友方载具费用 -1。猛击：触发所有友方部队的伏击能力。
Friendly Vehicles have Flank. Agenda: Deal 3 damage to all enemies in Stealth and they lose Stealth.,~,我方载具具有侧翼。议程：对所有处于潜行的敌人造成 3 点伤害，且其失去潜行。
"Friendly Vehicles have Regeneration 1.
Rally: Draw a Vehicle",~,"友方载具拥有再生 1。
集结：抽 1 张载具。"
"Friendly [Oath] abilities apply an additional time.
[Talent]: Catechism of Death",~,"友方部队的誓言能力额外结算 1 次。
天赋：死亡教义。"
Friendly troops with Flying have Flank. Strike: Deploy a Tempestus Aquilon,~,拥有飞行的友方部队获得侧翼。猛击：部署一个暴风阿奎隆。
Friendly units with Pack have Invulnerable during your turn,~,你的回合期间，带兽群的友方单位拥有无敌。
Frost Claw Wulfen,~,霜爪狼人
Full Throttle,~,全速前进
Full moon,~,满月
Furious Reprisal,~,狂怒报复
Fury of the Righteous,~,义人之怒
Fury of the Unforgiven,~,宽恕者之怒
Fyrri Askar,~,菲里·阿斯卡尔
Gain +1 Armor for each other friendly Slugga Boy,~,每有一个其他友方斯鲁格小子，获得 +1 护甲。
Gain +1 [Attack] and [Armor]: +1 [Faith]. Gain +1 Health. Pray: Gain Shield.,~,2 ☀：获得 +1 近战和 +1 远程。4 ☀：获得 +1 生命。祈祷：获得护盾。
Gain +1 [attack],~,获得 +1[攻击]。
Gain +2 Attack and +1 Health,~,获得 +2 攻击和 +1 生命。
Gain +2 Ranged Attack and +2 Health,~,获得 +2 远程攻击和 +2 生命
"Gain +4 Attack, +4 Armor, and +2 Health",~,③：获得 +4 近战、+4 远程和 +2 生命
Gain 1 Energy,~,获得 1 点能量
Gain 2,~,获得 2 点任务
Gain 2 Spirit Stones,~,获得 2 颗灵魂石
Gain 3 Blast 5,~,③：获得爆裂 5
Gain 3 [Energy]. 12 [Energy]: Draw 3 cards,~,获得 3 ☀。12 ☀：抽 3 张牌
Gain 5 Spirit Stones,~,获得 5 颗灵魂石
Gain Armour 2,~,获得护甲 2
Gain Blast 1 this turn,~,本回合获得爆裂 1。
Gain Vanguard and 2,~,获得先锋与 2 点任务
Gain a random Dark Pact,~,获得一个随机黑暗契约
Gains Long Range when an enemy gains Markerlight,~,敌人获得标记光时获得远射
Gains [Invulnerable] until your next turn,~,获得 [无敌] 无敌直到你的下个回合
Gargantuan Squiggoth,~,巨型猪兽
Gargoyle,~,石像鬼
Gather the Company,~,集结战团
Gauss Blaster Immortal,~,高斯冲击枪不朽者
Gauss Reaper Warrior,~,高斯收割者战士
Genestealer,~,基因窃取者
Genestealer Familiar,~,基因窃取者魔宠
Gestalt Energy,~,聚合能量
Get'em ladz!,~,上啊，小子们！
Ghallaron the Pious,~,虔诚者加拉隆
Ghallaron's Champion,~,加拉隆的冠军
Ghallaron's Disciple,~,加拉隆的门徒
Ghazghkull Thraka,~,加兹古尔·斯拉卡
Ghost Ark,~,幽灵方舟
Gifts of Chaos,~,混沌恩赐
"Give ""Slay: Heal 2 and gain a Dark Pact of Excess"" to a friendly troop",~,给予一个友方部队“斩杀：治疗 2 并获得纵欲黑暗契约”。
"Give ""💀 Backlash: Return to your hand"" to a friendly troop",~,给予 1 个友方部队「💀反噬：返回你的手牌」
"Give ""💀 Backlash: Trigger the Codex ability of all friendly units"" to a friendly troop",~,给予 1 个友方部队「💀反噬：触发所有友方单位的典籍能力」。
Give +1 Attack and +1 Health to a friendly troop. Create a copy of it at the top of your deck.,~,给予一个我方部队 +1 攻击与 +1 生命。在其卡组顶部生成一张复制。
Give +1 Attack and +1 Health to a random Beast in your hand,~,给予你手牌中的一个随机野兽 +1 攻击和 +1 生命值。
Give +1 Attack and +1 Health to your units this turn. 4 Energy: Give +2 Attack and +2 Health instead and Heal them 1,~,本回合给予你的单位 +1 攻击和 +1 生命。4 能量：改为给予 +2 攻击和 +2 生命，并治疗 1 点生命
Give +1 Attack this turn and +1 Health to your Warlord and Infantry troops,~,给予你的督军和步兵部队本回合 +1 攻击和 +1 生命
Give +1 Attack to your other troops,~,给予你的其他部队 +1 攻击。
Give +1 Health and Regeneration 1,~,给予 +1 生命和再生 1。
Give +1 Health to all friendly units with Pack.,~,给予所有带兽群的友方单位 +1 生命。
Give +1 Health to your Warlord and adjacent units. Create a copy of Serene Unifier in your hand,~,给予你的督军和相邻单位 +1 生命。在你的手牌创建 1 张宁静统合者的复制
Give +1 Melee Attack to your troops. [1] Repeat this effect,~,给予你的部队 +1 近战攻击。①重复此效果
"Give +1 Melee Attack, +1 Ranged Attack and 1 Health to your troops",~,给予你的部队 +1 近战攻击、+1 远程攻击和 1 生命。
Give +1 Melee and +1 Ranged Attack to your Infantry troops,~,给予你的步兵部队 +1 近战攻击和 +1 远程攻击。
Give +1 Ranged Attack and +1 Health to all your troops,~,给予你的所有部队 +1 远程攻击和 +1 生命
Give +1 Ranged Attack and +2 Health to your Vehicles,~,②给予你的载具 +1 远程攻击和 +2 生命
"Give +1 [Armor] to your troops, and to your Warlord this turn",~,给予你的部队 +1 [护甲]，本回合同样给予你的督军
"Give +1 [Attack] and +1 Health to a friendly troop. If you control no other troops, give it Flank.",~,给予 1 个友方部队 +1 攻击和 +1 生命。若你未控制其他部队，给予它侧翼。
"Give +1 [Attack] and +1 [Health] to a friendly unit until your next turn. If it is [Destroyer], give it Armour 1 until your next turn",~,直到你的下个回合，给予一个友方单位 +1 [攻击] 和 +1 [生命]。若其为 [毁灭者]，则直到你的下个回合给予其装甲 1。
Give +1 [Attack] to all friendly troops. Oath 1: Give +1 Health to all friendly troops,~,给予所有友方部队 +1 攻击。誓言 1：给予所有友方部队 +1 生命。
"Give +1 [Attack] to your units this turn, or +3 [Attack] if they are Destroyer.",~,本回合给予你的单位 +1 [攻击]；若其为毁灭者，则给予 +3 [攻击]。
Give +1 [Attack] to your units this turn. Repeat for each Secret you played this game,~,本回合给予你的单位 +1 攻击。本局你每打出一张隐秘牌，重复一次。
"Give +1 [Attack], Blast 1 and Shield to your Warlord until your next turn. 8 [Energy]: Give it permanently",~,直到你的下个回合给予你的督军 +1 [攻击]、爆裂 1 和护盾。8 [能量]：使其永久生效
Give +1 [Power] and Stealth to your Infantry troops,~,给予你的步兵部队 +1 [Power] 和潜行
Give +1 [attack] to all friendly Daemons,~,给予所有友方恶魔 +1 攻击。
Give +1 [attack] to your units this turn and trigger their [Mob] Mob abilities,~,本回合给予你的单位 +1[攻击]，并触发它们的[群体]群体能力。
Give +1 and +1 to a friendly unit this turn,~,本回合给予 1 个友方单位 +1 和 +1。
Give +1 and +1 to all friendly troops,~,给予所有友方部队 +1 和 +1。
Give +1 and +1 to another random friendly troop,~,给予另一个随机友方部队 +1 和 +1。
Give +1 and +1 to your troops this turn,~,本回合给予你的部队 +1 和 +1。
Give +1 and Blast 1 to all friendly units this turn,~,本回合给予所有我方单位 +1 攻击与爆裂 1
Give +1 and Flank to a random troop in your hand,~,给予你手牌中的一个随机部队 +1 攻击和 +1 生命值，以及侧翼。
"Give +1 melee, +1 ranged and +1 Health to all your troops",~,给予你的所有部队 +1 近战、+1 远程和 +1 生命
Give +1 to a friendly unit. Gain 2,~,给予一个我方单位 +1 攻击。获得 2 点任务
Give +1 to your troops and reload their Duty abilities,~,给予你的部队 +1，并重置其职责能力。
Give +2 Attack and +2 Armor to a friendly unit this turn. 5 Energy: Draw a card,~,本回合给予 1 个友方单位 +2 近战和 +2 远程攻击。5 ☀：抽 1 张牌
Give +2 Attack and +2 Health to a friendly troop,~,给予一个友方部队 +2 攻击和 +2 生命值。
"Give +2 Attack and +2 Health to a friendly troop. If you control 3 or more troops, draw a card.",~,给予 1 个友方部队 +2 攻击和 +2 生命。若你控制 3 个或更多部队，抽 1 张卡。
Give +2 Attack and Flank to a friendly Vehicle,~,给予一个友方载具 +2 攻击和侧翼。
Give +2 Attack to a friendly unit this turn.,~,本回合给予 1 个友方单位 +2 攻击。
"Give +2 Attack, +2 Armor and +2 Health to your troops and trigger their Teleport abilities.",~,给予我方部队 +2 攻击、+2 护甲与 +2 生命，并触发其传送能力。
"Give +2 Health and ""Strike: Trigger this troop's Codex ability"" to a friendly troop",~,给予 1 个友方部队 +2 生命，并给予它「猛击：触发本部队的典籍能力」。
Give +2 Health and Camouflage,~,给予 +2 生命和伪装。
"Give +2 Health to a friendly unit. If it's a Beast, give it +2 Armor as well.",~,给予一个友方单位 +2 生命值。如果它是野兽，同时给予其 +2 护甲。
"Give +2 Health to a friendly unit. The next time it uses Ferocity this turn, it stays in play",~,给予 1 个友方单位 +2 生命。本回合它下次使用狂暴时，它将留在场上。
"Give +2 Health to all friendly units. If you control a Beast, heal 4 to your Warlord",~,给予所有友方单位 +2 生命值。如果你控制一只野兽，为你的督军治疗 4 点生命值。
Give +2 Health to all friendly units. Oath 4: Give them an additional +3 Health,~,给予所有友方单位 +2 生命。誓言 4：额外给予它们 +3 生命。
Give +2 Health to your units,~,给予你的单位 +2 生命值。
"Give +2 Health to your units.
4: Give an additional +1 Health.
7: Give them +1 Attack and +1 Weapon as well.",~,"给予你的单位 +2 生命。
4 ☀：额外给予 +1 生命。
7 ☀：同时给予它们 +1 攻击和 +1 武器。"
Give +2 Melee Attack and +2 Ranged Attack,~,给予 +2 近战攻击和 +2 远程攻击。
Give +2 Melee Attack and Vanguard,~,给予 +2 近战攻击和先锋。
Give +2 Melee Attack and Vanguard to a friendly troop,~,给予 1 个友方部队 +2 近战攻击和先锋。
Give +2 Melee Attack this turn and heal 1 to all friendly units,~,本回合给予所有我方单位 +2 近战攻击，并治疗所有我方单位 1 点
"Give +2 Melee Attack to a friendly troop, and an additional +2 Melee Attack for each Dark Pact on it",~,给予一个我方部队 +2 近战攻击，其上的每个黑暗契约再额外给予 +2 近战攻击
"Give +2 Melee Attack, +2 Ranged Attack and +2 Health to a friendly troop",~,给予 1 个友方部队 +2 近战攻击、+2 远程攻击和 +2 生命
Give +2 Melee and +2 Ranged Attack to your units. ② Repeat this effect,~,给予你的单位 +2 近战和 +2 远程攻击。②重复此效果
Give +2 Melee and +2 Ranged attack to a friendly unit this turn,~,给予 1 个友方单位本回合 +2 近战和 +2 远程攻击
Give +2 Melee to a friendly unit this turn,~,给予 1 个友方单位本回合 +2 近战
Give +2 Ranged Attack and +2 Health to a friendly troop,~,给予 1 个友方部队 +2 远程攻击和 +2 生命
Give +2 Ranged Attack to a friendly troop,~,给予 1 个友方部队 +2 远程攻击。
"Give +2 Ranged Attack to your troops, and trigger their Codex abilities",~,给予你的部队 +2 远程攻击，并触发它们的典籍能力。
Give +2 Ranged Attack to your units this turn,~,给予你的单位本回合 +2 远程攻击
Give +2 [Attack] and -2 [Armor] to your Infantry until your next turn,~,给予你的步兵 +2 攻击和 -2 装甲，直到你的下个回合。
Give +2 [Attack] and Concussive to a friendly Vehicle,~,给予一个友方载具 +2[攻击] 和震荡。
Give +2 [Attack] to a friendly troop and adjacent troops,~,给予一个友方部队及其相邻部队 +2 [攻击]。
Give +2 [Attack] to all friendly troops,~,给予所有友方部队 +2 攻击。
Give +2 [Attack] to your units until your next turn,~,直到你的下回合，给予你的单位 +2 攻击。
Give +2 [Might] to your units until your next turn. 4 [Energy]: Give an additional +1 [Might],~,直到你的下个回合给予你的单位 +2 [力量]。4 [能量]：额外给予 +1 [力量]
Give +2 [Ranged] to your units until your next turn. Lower cost by 1 when a friendly troop dies,~,直到你的下个回合，给予你的单位 +2 [远程]。每当一个友方部队死亡时，此牌费用减少 1 点。
Give +2 [attack] and Armour 2 to your Warlord this turn,~,本回合给予你的督军 +2 攻击与护甲 2
"Give +2 [attack], +2 [armor] and Concussive to a friendly troop",~,给予一个友方部队 +2 [攻击]、+2 [装甲] 和震荡。
Give +2 [health icon] and +2 [attack icon] to all your units in play and in hand. Lower cost by 1 when a friendly Troop or Stratagem trigger [Codex icon] Codex,~,给予你场上和手牌中的所有单位 +2 生命和 +2 攻击。当 1 个友方部队或战术触发典籍时，此卡费用 -1。
Give +2 attack to a friendly troop,~,给予一个友方部队 +2 攻击。
Give +2 to a friendly troop,~,给予一个友方部队 +2。
Give +2 to your Warlord and +1 to adjacent troops this turn. Gain 1.,~,本回合给予你的督军 +2 力量，并给予相邻部队 +1 力量。获得 1 ☀。
Give +2 to your units this turn,~,本回合给予你的单位 +2 攻击和 +2 生命值。
Give +3 Attack and +3 Armor to a friendly unit this turn. 1 Also give it Shield,~,本回合给予 1 个友方单位 +3 攻击和 +3 护甲。①同时给予它护盾
"Give +3 Attack, +3 Armor and +3 Health to a friendly troop.",~,给予 1 个友方部队 +3 攻击、+3 装甲和 +3 生命。
"Give +3 Health and Vanguard to a friendly troop, or reanimate a friendly Remnant",~,给予一个友方部队 +3 生命和先锋，或复生一个友方残骸。
Give +3 Health to a friendly unit,~,给予 1 个友方单位 +3 生命
"Give +3 Health to a friendly unit. If it's a Vehicle or Battlesuit, give it Long Range",~,给予 1 个友方单位 +3 生命。若其为载具或战斗服，给予其远射
Give +3 [Attack] and +1 Health to a friendly Infantry or Beast,~,给予一个友方步兵或野兽 +3[攻击] 和 +1 生命值。
"Give +3 [Attack], +3 [Armor] or +3 Health to a friendly troop",~,给予一个我方部队 +3 攻击、+3 护甲或 +3 生命
Give +3 [fist] to a friendly troop,~,给予一个友方部队 +3 拳头。
"Give +3 melee, +3 ranged and Invulnerable to a friendly unit until your next turn",~,给予一个我方单位 +3 近战、+3 远程与无敌，持续到你的下个回合
"Give +3 to a friendly unit this turn. If it's an Infantry, give it Flank as well",~,给予 1 个友方单位本回合 +3。若其为步兵，同时给予其侧翼
Give +3 to a friendly unit. Codex: Give it Armour 1 and heal 2 to it,~,给予 1 个友方单位 +3。典籍：给予它护甲 1，并治疗其 2 点。
Give +3 to your units this turn. Codex: Draw a card,~,本回合给予你的单位 +3。典籍：抽 1 张卡。
Give +4 Health to a friendly Vehicle,~,给予一个友方载具 +4 生命值。
Give +4 Melee Attack to a friendly unit,~,给予一个我方单位 +4 近战攻击
"Give +4 [Attack], +4 [Armour] and +4 Health to a friendly troop",~,给予 1 个友方部队 +4 攻击、+4 装甲和 +4 生命。
Give +4 to all friendly troops,~,给予所有友方部队 +4
Give +5 Ranged Attack to a friendly Battlesuit or Vehicle,~,给予 1 个友方战斗服或载具 +5 远程攻击
Give -1 Attack and -1 Armor to an enemy troop.,~,给予一个敌方部队 -1 攻击和 -1 护甲。
Give -2 [Attack] and -2 [Armor] to a random enemy troop,~,给予一个随机敌方部队 -2 攻击和 -2 护甲。
"Give -3 to an enemy troop. Then, if it has 0, destroy it",~,给予一个敌方部队 -3。然后，若其为 0，将其摧毁。
Give 1 to a friendly troop. Create a copy of Ahnakh-Yth Shrine in your hand,~,给予 1 个友方部队星镖 1。①在你的手牌中生成 1 张阿纳赫-伊斯圣殿的复制
Give 2 random Dark Pact to a friendly troop,~,给予一个我方部队 2 个随机黑暗契约
Give <i>Shuriken</i> 2 to a friendly unit this turn,~,本回合给予 1 个友方单位星镖 2
Give Armour 1 and +2 Health to a friendly troop,~,给予一个友方部队护甲 1 和 +2 生命。
Give Armour 1 and Camouflage to a friendly Infantry,~,给予 1 个友方步兵护甲 1 和伪装。
Give Armour 1 and Vanguard to a friendly unit until your next turn,~,给予 1 个友方单位护甲 1 和先锋，直到你的下个回合。
Give Armour 1 and heal 2 to your Vehicles,~,给予你的载具护甲 1，并治疗 2 点。
Give Armour 1 to a friendly troop,~,给予一个友方部队护甲 1。
Give Armour 1 to a friendly troop or Heal 4 to your Warlord.,~,给予 1 个友方部队护甲 1，或为你的督军治疗 4 点。
"Give Armour 1 to a friendly troop, and an additional Armour 1 for each Dark Pact on it",~,给予一个我方部队护甲 1，其上的每个黑暗契约再额外给予护甲 1
"Give Armour 1 to all your units. For the rest of this battle, your Warlords' Talent costs 1 less",~,给予你所有单位装甲 1。本场战斗剩余时间内：你的督军天赋费用减少 1 点。
"Give Armour 1 to your Warlord, plus +1 Health for each damaged enemy",~,给予你的督军护甲 1，并且每有一个受伤的敌人，你的督军额外获得 +1 生命值。
Give Armour 1 to your troops,~,给予你的部队护甲 1
Give Armour 2 and +1 Health to a friendly troop,~,给予 1 个友方部队护甲 2 和 +1 生命
Give Armour 2 to all friendly units until your next turn,~,给予所有我方单位护甲 2，持续到你的下个回合
Give Blast 1 to a friendly unit this turn,~,本回合给予一个友方单位爆裂 1。
Give Blast 2 to a friendly unit this turn,~,给予 1 个友方单位本回合爆裂 2
"Give Blast 3 to a friendly troop. If it is a Vehicle, give it Armour 1 as well",~,给予一个友方部队爆破 3。若其为载具，则同时给予其装甲 1。
Give Blast 3 to a friendly unit this turn. Codex: Give it +2 this turn as well,~,本回合给予 1 个友方单位爆裂 3。典籍：本回合额外给予它 +2。
Give Blast 3 to your units this turn,~,本回合给予你的单位爆裂 3。
Give Blood Thirst to a friendly Vehicle or +2 [attack] to another friendly troop,~,给予一个友方载具嗜血，或给予另一个友方部队 +2[攻击]。
Give Blood Thirst to a friendly unit this turn,~,给予 1 个友方单位本回合嗜血
Give Camouflage and Armour 1 to your troops,~,给予你的部队伪装和护甲 1。
Give Camouflage to a friendly unit,~,给予 1 个友方单位伪装
Give Camouflage to your troops,~,给予你的部队伪装。
Give Flank to a friendly troop,~,给予 1 个友方部队侧翼
Give Flank to a friendly troop or Stun an enemy troop,~,给予 1 个友方部队侧翼，或眩晕 1 个敌方部队
Give Flank to a friendly troop. Create a random Combat Elixir in your hand,~,给予一个友方部队侧翼。在你的手牌中生成一张随机战斗药剂。
"Give Flank to a friendly troop. If it is damaged, give it Blast 3 this turn",~,给予 1 个友方部队侧翼。若其受伤，本回合给予它爆裂 3
"Give Flank to a friendly troop. If it's a Vehicle, give it Vanguard as well",~,给予一个友方部队侧翼。如果它是载具，同时给予其先锋。
Give Flank to all your Infantry troops,~,给予你的所有步兵部队侧翼。
"Give Flank, +1 Attack and +1 Armor to a friendly troop.",~,给予 1 个友方部队侧翼、+1 攻击和 +1 装甲。
Give Hunt Mark to a random enemy troop,~,给予 1 个随机敌方部队猎杀标记。
Give Hunt Mark to a random enemy troop. Attack a random enemy with Hunt Mark.,~,给予 1 个随机敌方部队猎杀标记。攻击 1 个带猎杀标记的随机敌人。
Give Hunt Mark to all enemy troops,~,给予所有敌方部队猎杀标记。
Give Hunt Mark to an enemy troop. Draw a card,~,给予 1 个敌方部队猎杀标记。抽 1 张卡。
"Give Hunt Mark to an enemy troop. If it already had Hunt Mark, destroy it instead",~,给予 1 个敌方部队猎杀标记。若其已有猎杀标记，则改为摧毁它。
Give Invulnerable and +3 Attack to a friendly unit this turn,~,给予 1 个友方单位本回合无敌和 +3 攻击
"Give Invulnerable to a friendly troop this turn. Oath 8: Give it +8 attack, +8 health and +8 armor.",~,本回合给予 1 个友方部队无敌。誓言 8：给予它 +8 攻击、+8 生命和 +8 装甲。
Give Invulnerable to a friendly troop until your next turn,~,直到你的下回合，给予一个友方部队无敌。
Give Invulnerable to your Warlord until your next turn and give Vulnerable 2 to all enemy troops,~,让你的督军获得无敌，持续到你的下个回合，并给予所有敌方部队脆弱 2
Give Invulnerable to your troops this turn and trigger their Uprising abilities,~,本回合给予你的部队无敌，并触发它们的起义能力。
Give Long Range to all your units,~,给予你的所有单位远射
Give Markerlight 1 to an enemy,~,给予 1 个敌人标记光 1
Give Markerlight 1 to an enemy troop or +1 Ranged Attack this turn to a friendly unit,~,给予 1 个敌方部队标记光 1，或给予 1 个友方单位本回合 +1 远程攻击
Give Markerlight 2 to an enemy,~,给予 1 个敌人标记光 2
"Give Markerlight 2 to an enemy troop. If it already had Markerlight, destroy it instead",~,给予 1 个敌方部队标记光 2。若其已有标记光，改为将其摧毁
Give Pack to a friendly troop,~,给予 1 个友方部队兽群。
Give Sentry 1 to all friendly units. Oath 3: Create No Respite in your hand,~,给予所有友方单位哨戒 1。誓言 3：手牌生成 1 张不得喘息。
Give Shield and Vanguard to a friendly troop,~,给予 1 个友方部队护盾和先锋
Give Shield to a friendly unit,~,给予 1 个友方单位护盾。
Give Shield to a friendly unit. If the unit has Pray gain 1.,~,给予 1 个友方单位护盾。若该单位具有祈祷，获得 1 ☀。
Give Shield to a random friendly unit,~,给予 1 个随机友方单位护盾
Give Shield to your units. Each friendly unit that is Praying heals 3,~,给予你的单位护盾。每个正在祈祷的友方单位治疗 3 点生命
Give Shuriken 2 to a friendly unit,~,给予 1 个友方单位星镖 2
Give Shuriken 2 to your units this turn,~,本回合给予你的单位星镖 2
Give Stealth to a friendly troop,~,给予 1 个友方部队潜行
Give Stealth to a friendly troop.,~,给予 1 个友方部队潜行
Give Stealth to a friendly troop. Draw a card for each Dark Pact on it,~,给予一个我方部队潜行。其上的每个黑暗契约使你抽 1 张牌
"Give Stealth to a friendly troop. If it's a Vehicle, gain 1.",~,给予一个我方部队潜行。若其是载具，获得 1 点任务。
"Give Stealth to a random friendly Daemon. If you don't control any, draw a Daemon.",~,给予一个随机友方恶魔潜行。若你没有控制任何恶魔，抽一张恶魔。
Give Vanguard and Armour 3 to a friendly unit until your next turn,~,给予 1 个友方单位先锋和护甲 3，直到你的下个回合
"Give Vanguard to a friendly troop.
(1) Draw a card",~,"给予 1 个友方部队先锋。
①抽 1 张牌"
Give Vulnerable 1 to all enemies this turn,~,本回合给予所有敌人脆弱 1
Give Vulnerable 2 to all enemy troops,~,给予所有敌方部队易伤 2。
Give Vulnerable 2 to an enemy troop and adjacent troops,~,给予 1 个敌方部队及相邻部队脆弱 2
"Give Vulnerable 4 and ""Backlash: Your opponent gains 2"" to an enemy troop",~,给予一个敌方部队脆弱 4 与“反噬：你的对手获得 2 个骷髅头”
"Give Vulnerable 4 to an enemy troop. If it dies this turn, apply this effect to another random enemy troop",~,给予一个敌方部队脆弱 4。若其本回合死亡，将此效果施加于另一个随机敌方部队
Give [Invulnerable] Invulnerable to a friendly unit this turn. 6 [Energy]: Extend effect until your next turn,~,本回合给予 1 个友方单位 [无敌] 无敌。6 [能量]：将效果延长到你的下个回合
Give [Markerlight] Markerlight 2 to all enemy troops,~,给予所有敌方部队 [Markerlight] 标记光 2
Give [Shield] Shield to a friendly unit,~,给予 1 个友方单位 [Shield] 护盾
Give [Shield] to a friendly unit. Draw a card,~,给予 1 个友方单位护盾。抽 1 张卡。
"Give [Stomp] to a friendly unit. If it already has [Stomp], give it +2 [Attack] this turn instead",~,给予一个友方单位[践踏]。如果其已经拥有[践踏]，改为本回合给予其 +2[攻击]。
Give a Dark Pact of Excess to a friendly troop,~,给予一个友方部队纵欲黑暗契约。
"Give a Dark Pact of Excess to a friendly troop. If it's a Daemon, give it +2 Health as well",~,给予一个友方部队纵欲黑暗契约。若其为恶魔，另给予 +2 生命。
Give a Dark Pact of Excess to adjacent friendly troops,~,给予相邻友方部队纵欲黑暗契约。
Give a Dark Pact to a friendly troop,~,给予一个我方部队一个黑暗契约
Give a Kustom Job of your choice to a friendly Vehicle,~,给予一个友方载具一个由你选择的定制改装。
Give a [Chaos] Dark Pact to a friendly troop,~,给予一个我方部队一个混沌黑暗契约
Give a [Dark Pact] to all friendly troops,~,给予所有我方部队一个黑暗契约
Give a random Dark Pact to each friendly troop,~,给予每个我方部队一个随机黑暗契约
Give a random bonus to a friendly Vehicle,~,给予一个友方载具一个随机增益。
Give to a friendly troop Flank and 'Strike: Draw a card',~,给予一个友方部队侧翼和“猛击：抽一张牌”。
Give 🛡 Shield to a friendly unit. Gain 1 ☀.,~,给予 1 个友方单位 🛡护盾。获得 1 ☀。
Glittering Myriad Infractor,~,绚丽万千违规者
Gnarled and Rugged,~,皮糙肉厚
Godspear Warhead,~,神矛弹头
Goliath Rockgrinder,~,歌利亚碾石车
Goliath Truck,~,歌利亚卡车
Gorkanaut,~,高克机甲
Graceful Avoidance,~,灵巧规避
Grav Inhibitor Drone,~,重力抑制无人机
Greatest Deeds,~,丰功伟绩
Greatest Warboss,~,最伟大的战头目
Gretchin Mob,~,地精帮
Gretchin Tower,~,地精塔
Grey Hunter,~,灰猎手
Grey Hunter Pack Leader,~,灰猎手兽群首领
Grim Effigy,~,肃穆雕像
Grim Resolve,~,钢铁决心
Grisly Feast,~,血腥盛宴
Grizzled Skarboy,~,久经沙场的伤疤小子
Grot,~,地精
Grot Bomb,~,地精炸弹
Grot Orderly,~,地精勤务兵
Grot Tank,~,地精坦克
Grot on Bombsquig,~,炸弹猪上的地精
Grukk Face-Rippa,~,古鲁克·撕面者
Guardian Defender,~,防卫守护者
Guardian Drone,~,守护无人机
Guidance of the Saints,~,圣徒指引
Gun Drone,~,枪无人机
Gunwagon,~,炮战车
Haarken Worldclaimer,~,哈尔肯·夺世者
Hallowed Martyrs,~,圣洁殉道者
Halls of Legend,~,传奇殿堂
Hammerhead,~,锤头鲨
Hardened Biology,~,坚韧躯壳
Hardwired Destruction,~,硬接线毁灭
Harpy,~,鹰身女妖
Haruspex,~,内脏占卜者
Has Flying during your turn. Talent: Angel's Wrath,~,你的回合期间拥有飞行。天赋：天使之怒。
Havoc,~,破坏者
Havoc Champion,~,破坏者冠军
Heal 1 to a random friendly unit,~,为一个随机友方单位治疗 1 点。
Heal 1 to adjacent units. Talent: Exhortation of Rage,~,为相邻单位治疗 1 点。天赋：狂怒劝诫。
Heal 1 to your units and give them +1 Attack and +1 Armor this turn,~,为你的单位治疗 1，并使其本回合获得 +1 攻击和 +1 护甲。
Heal 2 to a friendly unit,~,治疗一个友方单位 2。
"Heal 2 to a friendly unit.
Gain (1)",~,"为一个我方单位治疗 2 点。
获得 1 点任务。"
Heal 2 to all your units and trigger their Regiment abilities,~,为你所有单位治疗 2 点，并触发其团能力。
Heal 3 to a friendly unit and give it +2 Melee Attack this turn,~,治疗友方单位 3 点，并给予其本回合 +2 近战攻击
Heal 3 to your units,~,为你的单位治疗 3 点。
Heal 4 to your Warlord,~,为你的督军治疗 4 点。
Heal 5 and give Camouflage to a friendly unit,~,为 1 个友方单位治疗 5 点生命并给予其伪装
"Heal 5 to a friendly unit. For each Dark Pact on it, deal 2 damage to a random enemy",~,为一个我方单位治疗 5 点。其上的每个黑暗契约，对随机一个敌人造成 2 点伤害
Heal 5 to your Warlord and give it +2 Melee Attack,~,为你的督军治疗 5 点，并给予其 +2 近战攻击。
Heals 1 to your Warlord and give it +1 [Attack] until your next turn,~,为你的督军治疗 1 点，并给予它 +1 攻击，直到你的下个回合。
Heavy Intercessor,~,重装仲裁者
Hektor Thenmann,~,赫克托·滕曼
Helbrute,~,地狱蛮兽
Heldrake,~,地狱飞龙
Heldrake Strike,~,地狱飞龙突袭
Helfire Outburst,~,地狱火爆发
Helfire Pit,~,地狱火坑
Helfire Torch,~,地狱火火炬
Heliotrophos,~,日光酮
Hellblaster,~,炼狱爆弹兵
Hellfire Pit,~,地狱火坑
Hellfire Torch,~,地狱火火炬
Helspear Assault,~,地狱之矛突击
Hemlock Wraithfighter,~,铁杉魂飞者
Hero of the Empire,~,帝国英雄
Hero's Respite,~,英雄的喘息
Hexmark Destroyer,~,六印毁灭者
Hidden Hunters,~,隐匿猎手
Hideous Mutation,~,恐怖变异
High Command,~,最高指挥部
High King of Fenris,~,芬里斯至高王
High Rune Priest,~,高阶符文祭司
Hive Commander,~,蜂巢指挥官
Hive Crone,~,蜂巢老妪
Hive Factory,~,蜂巢工厂
Hive Fleet Arrival,~,虫巢舰队降临
Hive Fleet Leviathan,~,蜂巢舰队利维坦
Hive Guard,~,蜂巢卫兵
Hive Tyrant,~,蜂巢暴君
Holy Fire,~,圣火
Homing Beacon,~,归航信标
Honour Guard,~,荣誉卫队
Honoured Ethereal,~,荣耀以太
Hordeslayer,~,灭群者
Hormagaunt,~,荷尔马根
Hornet,~,大黄蜂
Hornhelmz Boy,~,角盔小子
Hospitaller,~,医疗修女
Hosts of Chaos,~,混沌大军
Hosts of the Dead,~,亡者军团
Hound of Abaddon,~,阿巴顿猎犬
Howling Banshee,~,嚎叫女妖
Howling Banshee Exarch,~,嚎叫女妖长老
Hrolf the Ironhowl,~,铁嚎·赫罗尔夫
Hulking Aberrant,~,魁梧异形
Humanity's Shield,~,人类之盾
Hunt the Fallen,~,追猎堕落者
Hunta Rig,~,猎兽战车
Hunter's Guile,~,猎人诡计
Hunters Instincts,~,猎手本能
Hunters of Heretics,~,异端猎手
Hunting Wolf,~,猎狼
Hybrid Metamorph,~,变形混种
Hydra,~,九头蛇
Hymn of Battle,~,战斗圣歌
Hyper-adaptation,~,超速适应
Hyperlogical Strategist,~,超逻辑战略家
Icon of Excess Infractor,~,放纵圣像违规者
Idolatrous Despoilers,~,偶像崇拜掠夺者
"If you control no other troops, deploy a Necron Warrior",~,若你不控制其他部队，部署一个死灵战士。
"If you control no other troops, gain Flank",~,若你未控制其他部队，获得侧翼
Imagifier,~,圣像师
Immolator,~,焚化者
Immortal Beams,~,不朽光束
Immortal Pride,~,不朽之傲
Immortals Phalanx,~,不朽者方阵
Imperial Creed,~,帝国信条
Implacable Conqueror,~,无情征服者
Improvised Barricade,~,临时路障
Inceptor Sergeant,~,疾袭者军士
Incursor,~,渗透者
Indomitable Will,~,不屈意志
Indomitus Crusade,~,不屈远征
Inescapable Retribution,~,无法逃脱的惩罚
Infernal Gaze,~,地狱凝视
Infestation Node,~,侵染节点
Infinite Biomorphologies,~,无限生物形态
Infinity Circuit,~,无限回路
Infinity Circuit Overload,~,无限回路过载
Infractor,~,违规者
Infractor Obsessionist,~,违规者痴迷者
Inner Circle,~,内环
Inner Circle Companion,~,内环同伴
Inscrutable Cunning,~,莫测狡诈
Inspired Retribution,~,神启报复
Inspired to Greatness,~,伟业感召
Inspiring Legacy,~,激励传承
Inspiring Oratory,~,激励演说
Intercessor,~,仲裁者
Intercessor Sergeant,~,仲裁者军士
Internal Rivalry,~,内部纷争
Interrogator Chaplain,~,审讯牧师
Invictor Warsuit,~,无敌者机甲
Iron Priest,~,铁祭司
Iskandar Khayon,~,伊坎达尔·卡永
Jackal Outrider,~,胡狼骑兵
Jackal Scout,~,胡狼斥候
Jackal Specialist,~,胡狼专家
Jain Zar,~,杰因·扎尔
Jammed Communications,~,通讯干扰
Junith Eruita,~,朱妮丝·埃鲁伊塔
Kasrkin,~,卡斯金
Kauyon Tactics,~,考恩战术
Kelermorph,~,凯勒魔
Khorne,~,恐虐
Khorne Berzerker,~,恐虐狂战士
Kill Rig,~,杀戮战车
Killa Kan,~,杀戮罐
Knights of Macragge,~,马库拉格骑士
Kommando,~,敢死队
Konstrictus Tormentor,~,紧缚折磨者
Kroot Carnivore,~,克鲁特食肉者
Kroot Hound,~,克鲁特猎犬
Krootox Rampager,~,克鲁特狂暴兽
Krootox Rider,~,克鲁特骑手
Krump da Gitz,~,揍扁蠢货们！
Krumpaklaw,~,暴揍爪
Land Rider,~,兰德骑手
Land Speeder,~,兰德飞车
Land Speeder Vengeance,~,复仇者兰德飞车
Lead From the Front,~,身先士卒
Lead by Example,~,以身作则
Lead the Righteous,~,引领义人
Legacy of Vengeance,~,复仇遗产
Legendary Commandant,~,传奇司令官
Legendary Tenacity,~,传奇坚韧
Leman Russ,~,黎曼鲁斯
Leman Russ Vanquisher,~,黎曼鲁斯·歼灭者
Let Loose,~,释放
Leviathans Tendrils,~,利维坦触须
Lhaska Szenari,~,拉什卡·泽纳里
Lheorvine Ukris,~,莱奥尔文·乌克里斯
Lhykhis,~,莱基斯
Librarian,~,智库
Lictor,~,利克特
Lieutenant Calsius,~,卡尔修斯中尉
Lieutenant Titus,~,提图斯中尉
Lieutenant with Combi-Weapon,~,组合武器中尉
Light Cover,~,轻型掩体
Litany of Despair,~,绝望祷文
Living Icon,~,活体圣像
Living Lightning,~,活体闪电
Locus,~,洛克斯
Logan Grimnar,~,洛根·格里姆纳
Lokhust Destroyer,~,洛库斯特毁灭者
Lokhust Heavy Destroyer,~,洛库斯特重型毁灭者
Lokhust Lord,~,洛库斯特领主
Lone-spear,~,独矛
Long Fang,~,长牙
Long Range. Blast 3,~,远射。爆破 3。
Long Range. Companion 2: Gun Drone,~,远射。伴生 2：枪无人机
Long Range. Oath 1: Gain [eye icon] Stealth. Slay: Create a random Ultramarines card in hand.,~,远射。誓言 1：获得潜行。斩杀：手牌生成 1 张随机极限战士卡。
Longstrike,~,长袭者
Lord Commander,~,统帅
Lord Exultant,~,狂喜领主
Lord Kakophonist,~,刺耳者领主
Lord Kaphrael,~,卡弗拉尔领主
Lord Solar Leontus,~,太阳领主莱昂图斯
Lower cost by 2 every time a friendly unit triggers Synapse,~,每当友方单位触发突触时，费用 -2
Lower the cost of a friendly troop in hand by 1,~,使手牌中的一个友方部队费用减少 1 点。
Lower the cost of a random Infantry in your hand by 1,~,使你手牌中 1 个随机步兵的费用 -1。
Lower the cost of a random Infantry in your hand by 3,~,你手牌中的一个随机步兵费用 -3。
Lower the cost of all Vehicles in your hand and deck by 1. Draw a Vehicle from your deck,~,使你手牌和牌库中所有载具的费用 -1。从你的牌库抽 1 张载具。
Lower the cost of all cards in your hand by 2,~,使你手牌中所有卡的费用 -2。
Lower the cost of all troops in your deck by 2. Draw a troop,~,你卡组中所有部队牌的费用减少 2 点。抽一张部队牌。
Lucius The Eternal,~,永恒卢修斯
Lychguard,~,圣卫兵
Lying in Wait,~,伺机而动
Maelon Dhrost,~,梅隆·德罗斯特
Magus Uthrel Naas,~,大导师乌斯雷尔·纳斯
Makari the Grot,~,地精马卡里
Make a damaged friendly unit attack by itself,~,使一个受伤的我方单位自行攻击
Maleceptor,~,灵能受体兽
Malgarash the Adamant,~,马尔加拉什·坚毅者
Malicious Volleys,~,恶毒齐射
Manticore,~,曼提柯尔
March of Vengeance,~,复仇进军
Marker Drone,~,标记无人机
Marneus Calgar,~,马涅乌斯·卡尔加
Martial Superiority,~,武力优势
Master Chronomancer,~,时相大师
Master Interromancer,~,审讯大师
Master Lazarus,~,拉撒路大师
Master Outrider,~,骑术大师
Master Tactician,~,战术大师
Master Zacharial,~,扎卡里尔大师
Master of Arcana,~,秘法大师
Master of Arms,~,兵械大师
Master of Battle,~,战斗大师
Master of Executions,~,处刑大师
Master of Manoeuvre,~,机动大师
Master of Ordnance,~,军械大师
Master of Possession,~,附魔大师
Master of Repentance,~,忏悔大师
Master of the Deathwing,~,死翼大师
Master of the Fleet,~,舰队大师
Maulerfiend,~,蹂躏魔
Mawloc,~,巨口虫
Mechanised Infantry,~,机械化步兵
Mechanised Murder,~,机械杀戮
Medic Scion,~,医护圣选兵
Medreyal Ghaelyn,~,梅德雷亚尔·盖林
Mega Blasta Deffkopta,~,重爆死亡直升机
Meganob Ugrak,~,重甲老大乌格拉克
Mekaniak,~,技师狂人
Mekboy Gazmek,~,技师小子加兹梅克
Meltagun Legionary,~,热熔枪军团战士
Mercurial Host,~,善变大军
Metamorph Iconbearer,~,变形偶像持旗者
Metamorph Leader,~,变形队长
Method to the Madness,~,疯狂自有章法
Methodical Destruction,~,有条不紊的毁灭
Might of Heroes,~,英雄之力
Mining Tremors,~,采矿震颤
Ministorum Priest,~,国教牧师
Minka Lesk,~,明卡·莱斯克
Miraculous Feat,~,奇迹壮举
Missile Drone,~,导弹无人机
Missionary,~,传教士
Mob: Create a random Ork Beast in your hand that costs 5 or less,~,群体：在你的手牌中生成一个费用 5 或以下的随机兽人野兽。
Mob: Deal 1-2 damage to a random enemy,~,群体：对一个随机敌人造成 1-2 点伤害。
Mob: Gain +1 armor this turn,~,群体：本回合获得 +1 护甲。
Mob: Gain +2 and Armour 1,~,群体：获得 +2 攻击和 +2 生命值，并获得护甲 1。
Mob: Give +1 Health to adjacent units,~,群体：给予相邻单位 +1 生命值。
Moment of Grace,~,恩典时刻
Monolith,~,独石碑
Monster Hunters,~,怪物猎手
More Dakka,~,更多火力
Morkai Eliminator,~,莫凯歼击者
Mortifier,~,苦修机
Morvenn Vahl,~,莫文·瓦尔
Move! Move! Move!,~,前进！前进！前进！
Mozrog Skragbad,~,莫兹罗格·斯克拉格巴德
Mucolid Spore,~,黏液孢子
Munitorum Supplies,~,军需补给
Murderfang,~,弑杀之牙
Murderous Desires,~,嗜杀欲望
Murderous Hurricane,~,致命飓风
Necron Lord,~,死灵领主
Necron Warrior,~,死灵战士
Nemesor Zahndrekh,~,内默萨·赞德雷克
Neophyte Heavy,~,新教徒重装
Neophyte Hybrid,~,新教徒混种
Neophyte Iconbearer,~,新教徒持旗者
Neophyte Initiate,~,新教徒新兵
Neophyte Leader,~,新教徒队长
Neophyte Specialist,~,新教徒专家
Neophyte Trooper,~,新教徒步兵
Nephilim Jetfighter,~,尼非利姆喷气机
Neurogaunt,~,神经节虫
Neurogaunt Nodebeast,~,神经节虫巢兽
Neuroloid,~,神经虫体
Neurothrope,~,神经脑虫
Neurotyrant,~,神经元暴君
Nexos,~,枢纽者
Nexus of Devotion,~,虔诚枢纽
Night Attack,~,夜袭
Night Scythe,~,夜镰
Night Spinner,~,夜纺者
Nightshade Interceptors,~,夜影拦截者
Njal Stormcaller,~,尼亚尔·风暴召唤者
No Mercy,~,绝不留情
No Mukkin About,~,别磨蹭！
No Respite,~,不得喘息
Nob on Smasha Squig,~,重装砸猪老大
Noise Marine,~,噪声战士
None,~,护甲 1。狂喜 2：获得 +2。
None Must Know,~,无人知晓
Nork Deddog,~,诺克·德多格
Normal,~,普通
Normal Conditions,~,正常条件
Norn Emissary,~,诺恩使者
Nuadhu Fireheart,~,努阿杜·火心
Nurgle,~,纳垢
Oath 2: Deal 2 damage to an enemy and adjacent units,~,誓言 2：对 1 个敌人及其相邻单位造成 2 点伤害。
Oath 2: Deal 3 damage to all enemies,~,誓言 2：对所有敌人造成 3 点伤害。
Oath 2: Gain +1 and Flank,~,誓言 2：获得 +1 和侧翼。
"Oath 3: Gain +3 Attack, +3 Armor and +3 Health",~,誓言 3：获得 +3 攻击、+3 装甲和 +3 生命。
Oath abilities of friendly troops can be activated up to 3 times each turn. Oath 1: Deal 1 damage,~,友方部队的誓言能力每回合最多可激活 3 次。誓言 1：造成 1 点伤害。
Oath abilities of friendly troops may be activated on later turns. Oath 1: Gain Camouflage,~,友方部队的誓言能力可在后续回合激活。誓言 1：获得伪装。
Oath of Moment,~,誓言时刻
Obliterator,~,湮灭者
Obscure Ritual,~,晦涩仪式
Octavio Infiltrator,~,奥克塔维奥·渗透者
Ogryn,~,奥格林
Open Insurrection,~,公开叛乱
Ophydian Destroyer,~,奥菲迪安毁灭者
Orbital Bombardment,~,轨道轰炸
Orbital Defences,~,轨道防御
Orian Laratharjos,~,奥里安·拉拉萨约斯
Ork Boy,~,兽人小子
Ork Encampment,~,兽人营地
Ork Nob,~,兽人老大
Ork Spanner,~,兽人扳手
Other friendly Beasts have +1 [attack] and +1 [health].,~,其他友方野兽获得 +1[攻击] 和 +1[生命值]。
Outrider,~,前哨骑兵
Overwhelming Swarm,~,压倒性虫群
Pack of One,~,孤狼兽群
Pack. Armour 1,~,兽群。护甲 1
PainBoy Sniklaw,~,痛医官斯尼克拉夫
Painboss,~,痛医头目
Paragon Warsuit,~,典范战甲
Paragon of Ultramar,~,极限战士典范
Pariah Vanguard,~,弃儿先锋
Particle Whip,~,粒子鞭
Path of Command,~,统御之道
Path of the Seer,~,先知之道
Path of the Warrior,~,战士之道
Pathfinder,~,探路者
Patriarch,~,族长
Peerless Bladesmen,~,绝世剑士
Penitence: Deal 1 damage to all other units,~,忏悔：对所有其他单位造成 1 点伤害
Penitence: Deal 2 damage to a random enemy,~,忏悔：对 1 个随机敌人造成 2 点伤害
Penitence: Deal 2 damage to the enemy Warlord,~,忏悔：对敌方督军造成 2 点伤害
Penitence: Gain Flank and Blast 2,~,忏悔：获得侧翼和爆裂 2
Penitent Engine,~,忏悔引擎
Perfect Ambush,~,完美伏击
Perfect Hosts,~,完美宿主
Phobos Librarian,~,暗影智库
Phobos Lieutenant,~,暗影中尉
Pilfered Supplies,~,窃取补给
Pinning Fire,~,压制火力
Piranha,~,食人鲳
Plague Marine,~,瘟疫战士
Plains of Excess,~,纵欲平原
Planetary invasion,~,行星入侵
Plasma Generator,~,等离子发电机
Plasma Gun Tormentor,~,等离子枪折磨者
Plasmancer,~,等离子术士
Pledge to the Dark Prince,~,对黑暗王子的誓言
Point-Blank Shot,~,抵近射击
Poisoned Supplies,~,中毒补给
Possessed Champion,~,附魔冠军
Possessed Marine,~,附魔战士
Possession,~,附魔
Power of the Waaagh!,~,哇！战吼之力
Pray: Deal 1 damage,~,祈祷：造成 1 点伤害
"Pray: Deal 1 damage.
Talent: Righteous Repugnance",~,"祈祷：造成 1 点伤害。
天赋：义愤"
Pray: Deal 2 damage to an enemy,~,祈祷：对 1 个敌人造成 2 点伤害
"Pray: Deal 2-3 damage. If target dies, gain 1.",~,祈祷：造成 2-3 点伤害。若目标死亡，获得 1 ☀。
Pray: Deal 3 damage to an enemy and its adjacent units,~,祈祷：对 1 个敌人及其相邻单位造成 3 点伤害
Pray: Deploy a Celestian. 6☀: Deploy a Celestian,~,祈祷：部署 1 个天界修女。6☀：部署 1 个天界修女
Pray: Draw a troop,~,祈祷：抽 1 张部队牌
Pray: Gain +1 [armor] and +1 [attack] and heal 1,~,祈祷：获得 +1 近战和 +1 远程并治疗 1 点生命
Pray: Gain Shield,~,祈祷：获得护盾
Pray: Give +1 Armor and +1 Attack to all friendly units.,~,祈祷：给予所有友方单位 +1 护甲和 +1 攻击。
Pray: Give +1 Health to a friendly unit. Talent: Fury of the Righteous,~,祈祷：给予 1 个友方单位 +1 生命。天赋：义人之怒
Pray: Give +1 [armor] and +1 [attack] to a friendly troop. Talent: Daemonbreaker,~,祈祷：给予 1 个友方部队 +1 近战和 +1 远程。天赋：破魔者
"Pray: Give +1 attack, +1 armor and Flank to a friendly troop.",~,祈祷：给予 1 个友方部队 +1 近战、+1 远程和侧翼
Pray: Give +3 [attack] to a friendly unit this turn,~,祈祷：本回合给予 1 个友方单位 +3 近战攻击
Pray: Give Shield to a friendly unit,~,祈祷：给予 1 个友方单位护盾
Pray: Heal 1 to a friendly unit. Talent: Lead the Righteous,~,祈祷：为 1 个友方单位治疗 1 点生命。天赋：引领义人
Pray: Heal 3 to a friendly unit,~,祈祷：为 1 个友方单位治疗 3 点生命
Prayer,~,祷文
Preacher,~,布道者
Predator Annihilator,~,捕食者歼灭者
Predator Destructor,~,捕食者毁灭者
Predator Instincts,~,掠食者本能
Press the Attack,~,主动出击
Primarch of the XIII,~,第十三军团基因原体
Primaris Chaplain,~,原铸牧师
Primaris Eradicator,~,原铸歼灭者
Primaris Impulsor,~,原铸脉冲装甲车
Primaris Inceptor,~,原铸疾袭者
Primaris Intercessor,~,原铸仲裁者
Primaris Invader,~,原铸入侵者
Primaris Judiciar,~,原铸裁决者
Primaris Psyker,~,常备灵能者
Primaris Reiver,~,原铸掠夺者
Primaris Techmarine,~,原铸技术军士
Primus Saffa Rhiannor,~,首席萨法·里安诺
Priority Target,~,优先目标
Proper Hunt,~,正式狩猎
Proper Killy,~,真够狠
Prophet of the Waaagh,~,哇！战吼先知
Protection Protocol,~,保护协议
Protective Bio-structure,~,防护生物结构
Psychomancer,~,心灵术士
Psychophage,~,噬魂兽
Pulse Onslaught,~,脉冲猛攻
Purestrain Genestealer,~,纯血基因窃取者
Purgator Mirabilis,~,奇迹涤罪者
Pyromaniaks,~,纵火狂
Pyrovore,~,喷焰兽
Quail,~,鹌鹑
Quicksilver Grace,~,水银优雅
Radiation Storm,~,辐射风暴
Raging Storm,~,狂暴风暴
Ragnar Blackmane,~,拉格纳·黑鬃
Raid Tactics,~,突袭战术
Rally: Choose a 2-cost Genestealer Cults troop and create 2 copies in your hand Lower their cost by 1,~,集结：选择一张 2 费基因窃取者教派部队，在你的手牌中生成 2 张复制，并使其费用 -1。
Rally: Choose a Combat Elixir and create it in your hand. Stimulation: Gain Shield,~,集结：选择一张战斗药剂并在你的手牌中生成它。激励：获得护盾。
Rally: Choose a card from your deck and put it at the top of your deck,~,集结：从你的卡组选择一张牌置于卡组顶部
Rally: Choose a card in your opponent's hand and increase its cost by 1,~,集结：选择对手手牌中的一张牌，使其费用 +1。
"Rally: Choose and gain a bonus (+2 Melee, +2 Ranged or Armour 1)",~,集结：选择并获得一项增益（+2 近战、+2 远程或护甲 1）
Rally: Deal 1 damage to an enemy,~,集结：对一个敌人造成 1 点伤害
Rally: Deal 1 damage. 2 : Deal 1 additional damage,~,集结：造成 1 点伤害。2 ☀：额外造成 1 点伤害
"Rally: Deal 1 damage. If the target dies or is a friendly unit, gain 1 Energy.",~,集结：造成 1 点伤害。若目标死亡或是友方单位，获得 1 ☀。
Rally: Deal 1 damage. Oath 2: Stun an enemy,~,集结：造成 1 点伤害。誓言 2：使 1 个敌人眩晕。
Rally: Deal 2 damage to an enemy,~,集结：对 1 个敌人造成 2 点伤害
Rally: Deal 2 damage to an enemy and 1 damage to adjacent units,~,集结：对一个敌人造成 2 点伤害，并对其相邻单位造成 1 点伤害。
Rally: Deal 3 damage to a random enemy,~,集结：对一个随机敌人造成 3 点伤害。
"Rally: Deal 3 damage to a random enemy in Stealth, and it loses Stealth",~,集结：对 1 个随机潜行敌人造成 3 点伤害，并使其失去潜行
Rally: Deal 3 damage to an enemy,~,集结：对一个敌人造成 3 点伤害。
"Rally: Deal 3 damage to an enemy, or 6 if it has Hunt Mark",~,集结：对 1 个敌人造成 3 点伤害；若其带猎杀标记，则造成 6 点。
"Rally: Deal 3 damage to an enemy. If it has Flying, deal 5 damage and gain 1 [armor] instead",~,集结：对一个敌人造成 3 点伤害。若其具有飞行，改为造成 5 点伤害并获得 1 点护甲
"Rally: Deal 3 damage to an enemy. If it has Flying, deal 6 damage instead",~,集结：对 1 个敌人造成 3 点伤害。若其有飞行，改为造成 6 点伤害
Rally: Deal 4 damage to a random enemy Vehicle,~,集结：对一个随机敌方载具造成 4 点伤害。
"Rally: Deal 5 damage to an enemy. If target is a Vehicle, destroy it",~,集结：对一个敌人造成 5 点伤害。若目标是载具，将其摧毁
"Rally: Deal 6 damage to an enemy; if the target dies, gain",~,护甲 1。爆裂 4。集结：对一个敌人造成 6 点伤害；若目标死亡，获得 3 点任务。
Rally: Deal damage to an enemy troop equal to your Faith,~,集结：对 1 个敌方部队造成等同于你信仰值的伤害
Rally: Deploy a Kroot Hound,~,集结：部署 1 个克鲁特猎犬
Rally: Deploy a Shock Trooper. Duty: Give +2 [Attack] to your units this turn,~,集结：部署一个震荡突击兵。职责：本回合给予你的单位 +2 [攻击]。
Rally: Deploy a random friendly Beast that died this game. Talent: Dok's Toolz,~,集结：部署一个本局阵亡的随机友方野兽。天赋：医官的工具。
"Rally: Gain +2, +2 and +1 Health for each damaged enemy",~,集结：获得 +2、+2，且每有 1 个受伤的敌人获得 +1 生命
Rally: Gain 1,~,集结：获得 1 点任务
"Rally: Gain 1. When you create a Secret, deal 3 damage to a random enemy",~,集结：获得 1 点任务。当你生成一张隐秘牌时，对随机一个敌人造成 3 点伤害
Rally: Gain Invulnerable until your next turn,~,集结：获得无敌直到你的下个回合
Rally: Gain a Dark Pact,~,集结：获得一个黑暗契约
Rally: Give -2 [Health] and -2 [Attack] to an enemy troop. Friendly Daemonette have Flank.,~,集结：给予一个敌方部队 -2 生命和 -2 攻击。友方恶魔少女具有侧翼。
Rally: Give -4 [attack] and -4 [health] to an enemy unit this turn,~,集结：本回合给予一个敌方单位 -4 攻击和 -4 生命。
Rally: Give Blind to a damaged enemy,~,集结：给予 1 个受伤敌人失明。
Rally: Give Hunt Mark to an enemy troop,~,集结：给予 1 个敌方部队猎杀标记。
Rally: Give Markerlight 2 to an enemy,~,集结：给予 1 个敌人标记光 2
"Rally: Give Markerlight 2 to an enemy troop.
Companion 2: Marker Drone",~,"集结：给予 1 个敌方部队标记光 2。
伴生 2：标记无人机"
Rally: Give Markerlight 3 to an enemy troop,~,集结：给予 1 个敌方部队标记光 3
Rally: Give Vanguard to a unit until your next turn,~,集结：给予 1 个单位先锋直到你的下个回合
Rally: Give Vanguard to an enemy this turn. Uprising: Deal 3 damage to a random enemy with Stealth and it loses Stealth,~,集结：本回合给予一个敌人先锋。起义：对一个具有潜行的随机敌人造成 3 点伤害，并使其失去潜行。
"Rally: Heal 2 to a friendly unit. At the start of your turn, return to your hand",~,集结：治疗一个友方单位 2 点生命值。你的回合开始时，返回你的手牌。
Rally: Heal 2 to a friendly unit. Duty: Deploy a random friendly Infantry that died this turn.,~,集结：为一个友方单位治疗 2 点。职责：部署一个本回合阵亡的随机友方步兵。
Rally: Heal 3 to a friendly unit.,~,集结：治疗一个友方单位 3 点生命值。
"Rally: If you control a Spanner or Mekboy Gazmek, deal 2-3 damage to all enemies",~,集结：如果你控制一个兽人扳手或技师小子加兹梅克，对所有敌人造成 2-3 点伤害。
"Rally: If you control a Vehicle, gain Vanguard",~,集结：如果你控制一个载具，获得先锋。
"Rally: If you control no other troops, add a Kroot Carnivore to your hand",~,集结：若你场上没有其他部队，将 1 张克鲁特食肉者加入你的手牌
"Rally: If you control no other troops, gain Blood Thirst this turn",~,集结：若你不控制其他部队，本回合获得嗜血。
"Rally: If you control no other troops, gain Fast.",~,集结：如果你没有控制其他部队，获得迅捷。
"Rally: If you control no other troops, gain Flank",~,集结：若你场上没有其他部队，获得侧翼
"Rally: If you control no other troops, gain Stealth",~,集结：若你不控制其他部队，获得潜行。
Rally: Return a friendly Infantry to your hand. Lower its cost to 1,~,集结：将 1 个友方步兵返还你的手牌。其费用降至 1
Rally: Stun an enemy,~,集结：眩晕一个敌人
Rally: Stun an enemy. Talent: Vox-Hacker,~,集结：眩晕一个敌人。天赋：声讯黑客。
Rally: Your next Stratagem this turn costs 0,~,集结：本回合你的下一个战术费用为 0
Ramatekh The Cruel,~,残忍者拉玛泰克
Rampant Infestation,~,猖獗侵染
Ramshackle,~,七拼八凑
Ranger,~,游侠
Rapacious Hunger,~,贪婪饥渴
Rapid Deployment,~,快速部署
Rapid Evisceration,~,急速开膛
Rapturous Ruination,~,狂喜毁灭
Ratling,~,鼠人
Ravener,~,掠夺虫
Ravenous Hunter,~,饥渴猎手
Ravenwing Ancient,~,渡鸦翼旗手
Ravenwing Ballistus Dreadnought,~,渡鸦翼弩炮无畏机甲
Ravenwing Bikes,~,渡鸦翼摩托
Ravenwing Champion,~,渡鸦翼冠军
Ravenwing Speeder,~,渡鸦翼飞车
Ravenwing Talonmaster,~,渡鸦翼队长
Razorshark,~,剃刀鲨
Razorshark Strike,~,剃刀鲨突袭
Reanimate,~,复生
Reanimate a friendly Remnant and give it +1 Health,~,复生一个友方残骸，并给予其 +1 生命。
Reanimate a friendly Remnant.,~,复生一个友方残骸。
Reanimate all friendly Remnants,~,复生所有友方残骸。
Reanimation Protocol,~,复生协议
Reclaim the Stars,~,夺回群星
Recon Operation,~,侦察行动
Recon Sweep,~,侦察扫荡
Reconnaissance Mission,~,侦察任务
Reconstitution Protocols,~,重构协议
Redemptor Dreadnought,~,救赎者无畏机甲
Reductus Saboteur,~,消减破坏者
Refill 1 Energy,~,恢复 1 点能量。
Refill 2 Energy,~,回复 2 点能量。
Refill all your Energy,~,补满你的所有能量。
Refill all your Energy. Draw a troop,~,补满你的能量。抽一张部队牌
Refuse to Yield,~,拒不退让
Regeneration 1. Artifice: Deploy a Canoptek Scarab,~,再生 1。巧技：部署一个冥府圣甲虫。
Regeneration 2. Artifice: Gain Stealth,~,再生 2。巧技：获得潜行。
Regeneration 3. This troop's Melee is always equal to its Health,~,再生 3。此部队的近战值始终等于其生命值。
Regiment: Create a Shock Trooper in your hand,~,团：在你的手牌中生成一张震荡突击兵。
Regiment: Deal 1 damage to a random enemy troop,~,团：对一个随机敌方部队造成 1 点伤害。
"Regiment: Deal 1 damage to a random enemy. If it dies, draw a card",~,团：对一个随机敌人造成 1 点伤害。若其死亡，抽一张卡。
Regiment: Deal 4 damage to a random enemy with Flying.,~,团：对一个随机拥有飞行的敌人造成 4 点伤害。
Regiment: Gain +1,~,团：获得 +1。
Regiment: Give +1 Attack to a random friendly troop. Duty: Give +1 Health to all friendly Infantry.,~,团：给予一个随机友方部队 +1 攻击。职责：给予所有友方步兵 +1 生命。
Regiment: Give +1 [Attack] to your units this turn.,~,团：本回合给予你的单位 +1 [攻击]。
Regiment: Heal 2 to a friendly Vehicle. Duty: Lower the cost of all Vehicles in your hand and deck by 1,~,团：为一个友方载具治疗 2 点。职责：你手牌与卡组中的所有载具费用减少 1 点。
Regimental Doctrine,~,团队教义
Reiver,~,掠夺者
Relentless Advance,~,无情推进
Relentless Fusillade,~,无情齐射
Relentless March,~,无情进军
Relic Munitions,~,圣物弹药
Relics of Saint Katherine,~,圣凯瑟琳圣物
Reload the Duty abilities of all your units. Draw a troop.,~,重置你所有单位的职责能力。抽一张部队牌。
Remnant. Armour 2. Vanguard,~,残骸。装甲 2。先锋。
Remnant. Destroyer. Flank,~,残骸。毁灭者。侧翼。
Remnant. Flying. Flank,~,残骸。飞行。侧翼。
Remnant. Regeneration 2,~,残骸。再生 2。
Remnant. Regeneration 2. Talent: Indomitable Will,~,残骸。再生 2。天赋：不屈意志。
Remnant. Vanguard,~,残骸。先锋。
Renowned Bodyguard,~,著名保镖
Repulsor,~,驱逐者
Repulsor Executioner,~,处决者装甲车
Resurrection Orb,~,复活宝珠
Resurrection Vault,~,复活圣库
Retributor,~,惩戒修女
Return a friendly troop and a random enemy troop to the top of their deck,~,将一个我方部队与一个随机敌方部队移回其卡组顶部
"Return a friendly troop to your hand
Lower its cost by 2",~,"将 1 个友方部队返回你的手牌
使其费用 -2"
Return a friendly troop to your hand and reduce its cost to 1,~,将一张友方部队返回你的手牌，并将其费用降至 1。
Return a friendly troop to your hand. Oath 2: Lower its cost by 2 and give it Flank.,~,将 1 个友方部队返回你的手牌。誓言 2：使其费用 -2，并给予它侧翼。
Return up to 5 friendly troops that died this game to your deck and lower their cost by 3,~,将本场战斗中死亡的至多 5 张友方部队返回你的牌库，并使其费用 -3。
Righteous Fury,~,正义之怒
Righteous Gaze,~,正义凝视
Righteous Repugnance,~,义愤
Ripper Swarm,~,撕裂虫群
Riptide Battlesuit,~,激流甲
Rite of Restoration,~,复原仪式
Rites of Penance,~,赎罪礼
Rites of Possession,~,附魔仪式
Roaming Outriders,~,游荡侦骑
Roboute Guilliman,~,罗伯特·基里曼
Rogal Dorn Tank,~,罗加·多恩坦克
Rogue Informant,~,叛变线人
Rok Invasion,~,火箭入侵
Rokkit Boy,~,火箭小子
Royal Warden,~,皇家典狱官
Rubric Marine,~,咒缚战士
Rugged Disharmonist,~,粗犷失谐者
Rukkatrukk Squigbuggy,~,隆隆猪车
Runtherd,~,放牧者
Rusted Vent,~,锈蚀风口
Rusted Vents,~,锈蚀通风口
Sacred Altar,~,圣坛
Sacred Bolter,~,神圣爆弹枪
Sacred Rose,~,圣玫瑰
Sacred Rose Sister,~,圣玫瑰修女
Sacred Standard,~,神圣旗帜
Saga of the Bold,~,无畏者传奇
Saint Celestine,~,圣塞莱斯廷
Sammael,~,萨玛尔
Sanctus,~,圣徒
Savage Legacy,~,野蛮传承
Saviour Protocolst,~,救世协议
Sawbonez,~,锯骨大夫
Scarab Swarm,~,圣甲虫虫群
Scout,~,侦察兵
Scout Sentinel,~,侦察哨兵
Scout Sniper,~,侦察狙击手
Scout bike,~,侦察摩托
Scrag ’Em,~,干翻他们！
Screamer-Killer,~,尖啸杀手
Scryer's Gaze,~,预言者的凝视
Scythe Assault,~,镰刀突击
Secret Agenda,~,隐秘议程
Self-Destruction,~,自我毁灭
Sense of Stone,~,石之感知
Sentry 4. Other friendly units have Sentry 2.,~,哨戒 4。其他友方单位拥有哨戒 2。
Seraphim,~,炽天使
Serene Unifier,~,宁静统合者
Sergeant Allectius,~,阿莱克修斯军士
Sergeant Gadriel,~,加德里尔军士
Sergeant Naaman,~,纳曼军士
Sergeant Telion,~,特利昂军士
Shadowsun,~,影阳
Shall Know No Fear,~,不知畏惧
Sheltered Location,~,隐蔽位置
Shield Generator,~,护盾发生器
Shield. Adjacent troops have Vanguard. Talent: Serene Unifier,~,护盾。相邻部队获得先锋。天赋：宁静统合者
Shield. Camouflage. Talent: Master Interromancer,~,护盾。伪装。天赋：审讯大师
Shield. Duty: Deal 2-3 damage to an enemy or give Shield to a friendly unit,~,护盾。职责：对一个敌人造成 2-3 点伤害，或给予一个友方单位护盾。
Shield. Has Flying during your turn. Talent: Drone Companion,~,护盾。你的回合内拥有飞行。天赋：无人机伴生
Shield. Vanguard,~,护盾。先锋
Shield. Your troops cost 1 less. Talent: Serene Unifier,~,护盾。你的部队费用 -1。天赋：宁静统合者
Shining Spear,~,闪耀之矛
Shining Spear Exarch,~,闪耀之矛长老
Shivversplint,~,颤刺
Shock Trooper,~,震荡突击兵
Shock Trooper Sgt,~,震荡突击兵军士
Shock Troops,~,突击部队
Shoota Boy,~,射枪小子
Shrine Bombardement,~,圣殿轰击
Shrineworld,~,圣殿世界
Shroud Runner,~,隐匿行者
Siege Warfare,~,围城战
Simulacrum Bearer,~,圣像持有者
Simulacrum Imperialis,~,帝皇圣像
Sister Dogmata,~,教义修女
Sister Novitiate,~,见习修女
Sister Superior,~,修女长
Sisters Repentia,~,忏悔修女
Skarboy Nob,~,伤疤老大
Skeins of Fate,~,命运丝线
Skorcha Assault,~,喷火突击
Skorflense,~,斯克芬斯
Skorpekh Destroyer,~,斯科尔佩赫毁灭者
Skorpekh Lord,~,斯科尔佩赫领主
Skrag Every Stash!,~,抄光所有藏货！
Sky Ray Gunship,~,天雷炮艇
Skyborne Deployment,~,空降部署
Slaanesh,~,色孽
Slaanesh Sorcerer,~,色孽巫师
Slaanesh's Spawn,~,色孽之卵
Slay the Heretic,~,斩杀异端
Slay: Deal 2 damage to the enemy Warlord,~,斩杀：对敌方督军造成 2 点伤害。
Slay: Deal 3 damage to the enemy with highest Attack,~,斩杀：对攻击力最高的敌人造成 3 点伤害
Slay: Draw a card,~,斩杀：抽 1 张牌
Slay: Draw the next troop in your deck. Talent: Master of the Deathwing,~,斩杀：抽你卡组中的下一张部队牌。天赋：死翼大师
Slay: Gain 1,~,斩杀：获得 1 点任务
Slay: Give +1 Attack and +1 Armor to all friendly Vehicles,~,斩杀：给予所有我方载具 +1 攻击与 +1 护甲
"Slay: Give +1 [Might] to all friendly troops.
Ecstasy 3: Attack a random enemy.",~,"斩杀：给予所有友方部队 +1 威能。
狂喜 3：攻击一个随机敌人。"
Slay: Heal 2 and gain Blood Thirst this turn,~,斩杀：治疗 2 点，并本回合获得嗜血。
Slay: Heals 1. Talent: Alpha Warrior,~,斩杀：治疗 1。天赋：阿尔法战士
Slugga Boy,~,斯鲁格小子
Smite,~,天罚
Smothering Decree,~,窒息敕令
Snakebite Battlewagon,~,蛇咬战斗车
Snakebite Grot,~,蛇咬地精
Snakebite Nob,~,蛇咬老大
Sniper Drone,~,狙击无人机
Solar Eclipse,~,日食
Solar Pulse,~,太阳脉冲
Solar Storm,~,太阳风暴
Sonic Blaster Noise Marine,~,音爆噪声战士
Sorcerer,~,巫师
Sororitas Rhino,~,修女犀牛
Spawndom,~,混沌卵之域
Spear of Macragge,~,马库拉格之矛
Special Dose (Zodgrod Wortsnagga Talent),~,特制药剂（佐德格罗德·沃茨纳加天赋）
Spirit Leech,~,灵魂吸取
Spirit of the Martyr,~,殉道者之灵
Spiritseer,~,灵先知
Spiritseer Qelenaris,~,灵先知·奎莱纳里斯
Spore Cloud,~,孢子云
Spore Mine,~,孢子雷
Sporecaster Biostructure,~,孢子投掷生物结构
Sporocyst,~,孢子囊
Spotter Ridgerunner,~,观测山脊车
Spreading Corruption,~,蔓延腐化
Spyder Nest,~,蜘蛛巢
Squighog Boyz,~,猪骑士小子
Star Orbiting,~,环绕恒星
Start the game with Tyrnak and Fenrir in hand.,~,开局时手牌中就有提尔纳克与芬里尔。
Start the game with an Abaddon's Chosen in hand. Talent: A random Black Legion Psychic Power,~,游戏开始时，你的手牌中有一张阿巴顿神选。天赋：随机一个黑色军团灵能
Steadfast Warriors,~,坚定战士
Stealth Battlesuit,~,隐匿甲
Stealth Drone,~,潜行无人机
Stealth Shas’ui,~,隐匿火氏士
Stealth. Companion 2: Stealth Drone,~,潜行。伴生 2：潜行无人机
Stealth. Rally: Create Poisoned Supplies in the enemy hand. Talent: Experimental Bio-Horrors,~,潜行。集结：在对手手牌中生成一张中毒补给。天赋：实验性生物恐怖。
Stealth. Rally: Give Stealth to adjacent Drones. Talent: Structural Analyzer,~,潜行。集结：给予相邻无人机潜行。天赋：结构分析器
Stealth. Strike: Gain Stealth,~,潜行。猛击：获得潜行。
Stealth. Strike: Stun a random enemy,~,潜行。猛击：眩晕一个随机敌人。
Stealth. Talent: Empyric Ambush,~,潜行。天赋：灵能伏击
Stealth. Talent: Homing Beacon,~,潜行。天赋：归航信标
"Stealth. When you deploy a Drone, give it +1 Ranged Attack.
Rally: Give Markerlight 3 to an enemy troop",~,"潜行。当你部署无人机时，给予其 +1 远程攻击。
集结：给予 1 个敌方部队标记光 3"
Sternguard Sergeant,~,铁卫军士
Stikkbomb Boy,~,粘弹小子
Stimm-Vents Leak,~,兴奋剂排气泄漏
Stimulation: Deal 1 damage to a random enemy. Talent: Duelist's Hubris,~,激励：对一个随机敌人造成 1 点伤害。天赋：决斗者的傲慢。
"Stimulation: Gain +1 [Attack], +1 [Ranged] and heal 1",~,激励：获得 +1 攻击、+1 远程并治疗 1。
Stimulation: Gain Blast 1,~,激励：获得爆裂 1。
Stimulation: Give +1 to a random friendly troop. Talent: Euphoric Strike,~,激励：给予一个随机友方部队 +1。天赋：狂喜重击。
Stimulation: Give -1 🗡 and -1 🔫 to all enemy units until your next turn,~,激励：直到你的下回合，给予所有敌方单位 -1 近战和 -1 远程。
Stomp Em,~,踩扁他们！
"Stomp.
Talent: Da Bigger Dey Iz...",~,"践踏。
天赋：它们越大……"
Stomp. Rally: Choose a troop in the enemy hand and deploy it. This troop attacks it.,~,践踏。集结：选择敌方手牌中的一个部队并部署它。该部队攻击它。
Stomp. Rally: Stun an enemy and adjacent units. Mob: Deal 1 damage to all enemies,~,践踏。集结：使一个敌人及其相邻单位眩晕。群体：对所有敌人造成 1 点伤害。
Stompa,~,踩踏机甲
Storm Guardian,~,风暴守护者
Storm Speeder Hailstrike,~,风暴速攻艇·雹击者
Storm of Fire,~,风暴之火
Storm of Silence,~,寂静风暴
Stormboy,~,风暴小子
Stormboyz Strike,~,风暴小子突袭
Stormhawk Interception,~,风暴鹰拦截
Stormraven,~,风暴鸦
Stormsurge Battlesuit,~,风暴甲
Stormtalon,~,风暴利爪
Stormwolf,~,风暴狼
Stranded Termagant,~,搁浅泰玛根
Strike Team,~,打击小队
Strike: Create a random Sabotage in the enemy hand,~,猛击：在对手手牌中生成一张随机破坏卡。
"Strike: Deal 1 damage to a random enemy, 8 times",~,猛击：对 1 个随机敌人造成 1 点伤害，共 8 次
Strike: Destroy this troop,~,猛击：摧毁本部队
Strike: Gain +1☀. Talent: Hymn of Battle,~,猛击：获得 +1 ☀。天赋：战斗圣歌
Strike: Gain 1,~,猛击：获得 1 点任务
Strike: Gain Dark Pact of Blood,~,猛击：获得一个鲜血黑暗契约
Strike: Gain a random Dark Pact,~,猛击：获得一个随机黑暗契约
Strike: Give Invulnerable to adjacent troops this turn,~,猛击：本回合给予相邻部队无敌
"Strike: Heals 1.
Talent: Grisly Feast",~,"猛击：治疗 1。
天赋：血腥盛宴"
Strike: Heals 2,~,猛击：治疗 2 点
Strike: Heals 3,~,猛击：治疗 3 点。
Strike: Heals 4,~,猛击：治疗 4
"Strike: If the target is a troop and survives, give it Hunt Mark",~,猛击：若目标是部队且存活，给予它猎杀标记。
Strike: Return this card to your deck and reduce its cost by 3,~,猛击：将此牌返回你的牌库并使其费用 -3
Strike: Return this troop to your hand,~,猛击：将此部队返回你的手牌
Striking Scorpion,~,突击蝎子
Striking Scorpion Exarch,~,突击蝎子长老
Structural Analyzer,~,结构分析器
Stubborn Defiance,~,顽强抵抗
Stun a random enemy,~,使 1 个随机敌人眩晕
Stun an enemy,~,使一个敌人眩晕
Stun an enemy and give it Markerlight 1,~,使 1 个敌人眩晕，并给予其标记光 1
Stun an enemy troop and give it Vulnerable 5,~,使 1 个敌方部队眩晕，并给予其脆弱 5
Stun enemies attacked,~,使其所攻击的敌人眩晕。
Stun enemy troops attacked and give them -1 [armor] and -1 [attack],~,被本单位攻击的敌方部队获得眩晕，并获得 -1 护甲和 -1 攻击。
"Stun three random enemies.
4 : Refill 3 Energy",~,"眩晕 3 个随机敌人。
4 ☀：恢复 3 点能量"
Subterranean Ambush,~,地下伏击
Sudden Assault,~,突袭
Summary Execution,~,即决处决
Summon the Cult,~,召唤教派
Sump Overspill,~,污水外溢
Sun Shark Bomber,~,日鲨轰炸机
Suppressor,~,压制者
Supreme Grand Master,~,至高大师
Supreme Strategist,~,至高战略家
Swarm. Flying. Tide 2. Flank,~,虫群。飞行。潮涌 2。侧翼
Swarm. Tide 1. Stealth,~,虫群。潮涌 1。潜行
Swarm. Tide 2,~,虫群。潮涌 2
Swarm. Tide 2. Blast 2,~,虫群。潮涌 2。爆裂 2
Swarm. Tide 3,~,虫群。潮涌 3
Swarm. Tide 4,~,虫群。潮涌 4
SwarmLord,~,虫群领主
Swarming Masses,~,虫群大军
Sweeping Infestation,~,蔓延虫灾
Swooping Hawk,~,俯冲猎鹰
Swooping Hawk Exarch,~,俯冲猎鹰长老
Sylar Hexcorn,~,赛拉尔·赫克科恩
Synapse. Swarm. Tide 1,~,突触。虫群。潮涌 1
Synapse. Swarm. Tide 2,~,突触。虫群。潮涌 2
Synapse. Talent: Spirit Leech,~,突触。天赋：灵魂吸取
Synapse. Talent: Synaptic Imperative,~,突触。天赋：突触律令
"Synapse. When a friendly unit triggers Swarm, give it +1 Melee Attack and +1 Health",~,突触。友方单位触发虫群时，给予其 +1 近战攻击和 +1 生命
"Synapse. When a friendly unit triggers Synapse, deal 1-3 damage to a random enemy.",~,突触。友方单位触发突触时，对 1 个随机敌人造成 1-3 点伤害
Synaptic Imperative,~,突触律令
Tactical Doctrine,~,战术教义
Tactical Insight,~,战术洞察
Tactical Marine,~,战术战士
Take control of an enemy troop this turn and give it Fast,~,本回合控制一个敌方部队，并给予它迅捷。
Talent: 'Uge Choppa,~,天赋：超大砍刀。
Talent: A random Black Legion Psychic Power,~,天赋：随机一个黑色军团灵能
Talent: Brood Progenitor,~,天赋：巢群繁育者
Talent: Brood Prophet,~,天赋：教派先知。
Talent: Deploy Anchors,~,天赋：部署锚桩
Talent: Exemplary Warrior,~,天赋：模范战士。
Talent: Hero of the Empire,~,天赋：帝国英雄
Talent: Hive Commander,~,天赋：蜂巢指挥官
Talent: Inscrutable Cunning,~,天赋：莫测狡诈。
Talent: Lead by Example. Duty: Give Flank to a friendly Infantry,~,天赋：以身作则。职责：给予一个友方步兵侧翼。
Talent: Legendary Commandant. Duty: Deploy a Shock Trooper,~,天赋：传奇司令官。职责：部署一个震荡突击兵。
Talent: Lord Commander. Duty: Deal 3 damage,~,天赋：统帅。职责：造成 3 点伤害。
Talent: Master Outrider,~,天赋：骑术大师。
Talent: Master Tactician,~,天赋：战术大师。
Talent: Master of Arcana,~,天赋：秘法大师。
Talent: Master of the Fleet,~,天赋：舰队大师。
Talent: Mekaniak. Mob: Lower the cost of a random Vehicle in your hand by 1.,~,天赋：技师狂人。群体：你手牌中的一个随机载具费用 -1。
Talent: Path of Command,~,天赋：统御之道
Talent: Path of the Seer,~,天赋：先知之道
Talent: Reanimate. Artifice: Deploy a Necron Warrior.,~,天赋：复生。巧技：部署一个死灵战士。
Talent: Reanimate. Rally: Reanimate a friendly Remnant.,~,天赋：复生。集结：复生一个友方残骸。
Talent: Renowned Bodyguard,~,天赋：著名保镖。
Talent: Rites of Possession,~,天赋：附魔仪式
Talent: Shield Generator,~,天赋：护盾发生器
Talent: Worst Temper,~,天赋：暴脾气。
Tankbusta,~,破坦者
Target friendly unit attacks the enemy with highest attack,~,目标友方单位攻击攻击力最高的敌人。
Taurox,~,陶洛克装甲车
Taurox Prime,~,陶洛克精英装甲车
Tech-Priest Enginseer,~,机械神甫机务师
Techmarine,~,技术军士
Technological Supremacy,~,科技霸权
Technomancer,~,技术术士
Telephatic Domination,~,心灵支配
Tempest's Wrath,~,暴风之怒
Tempestor Sergeant,~,暴风军士长
Tempestus Aquilon,~,暴风阿奎隆
Tempestus Scion,~,暴风圣选兵
Termagant,~,泰玛根
Termagant Brood,~,泰玛根巢群
Terminator,~,终结者
Terminator Captain,~,终结者队长
Terminator Champion,~,终结者冠军
Terminator Rune Priest,~,终结者符文祭司
Terrifying Crescendo,~,骇人渐强
Terror of Vardenghast,~,瓦登加斯特之恐
Tervigon,~,繁育母兽
Tesla Carbine Immortal,~,特斯拉卡宾枪不朽者
The Chapter's Due,~,战团之偿
The Fang,~,巨牙
The Rock,~,磐石
The next Vehicle you play this turn costs 2 less,~,本回合你打出的下一张载具费用减少 2 点。
Thermal Weaponry,~,热能武器
This costs 1 less if you control a unit with Stealth. Give Vulnerable 2 to an enemy troop,~,若你控制 1 个具有潜行的单位，此卡费用 -1。给予 1 个敌方部队脆弱 2
This troop can ignore enemy units with Vanguard when attacking,~,此部队攻击时可以无视拥有先锋的敌方单位。
Threnodic Choir Flawless,~,悲歌合唱团无瑕者
Threnodic Choir Flawless Blade,~,悲歌合唱团无瑕之刃
Threnodic Choir Noise Marine,~,悲歌合唱团噪声战士
Thrill Seekers,~,寻求刺激者
Throne of the Heretic,~,异端王座
Thump Gun Beast Snagga,~,重锤炮猎兽小子
Thundering Rampage,~,雷霆暴怒
Thundering Stampede,~,雷鸣狂奔
Thunderous Charge,~,雷霆冲锋
Thunderstorm,~,雷暴
Thunderwolf Cavalry,~,雷狼骑兵
Thunderwolf Cavalry Pack Leader,~,雷狼骑兵兽群首领
Tide 1. Flying,~,潮涌 1。飞行。
"Tide 1. Stomp. Rally: If you control a Beast, gain +1 Health.",~,潮涌 1。践踏。集结：如果你控制一只野兽，获得 +1 生命值。
Tide 1. Stun troops attacked.,~,潮涌 1。使其所攻击的部队眩晕。
Tide 2. Rally: Other friendly Deffkopta deal 2 damage to a random enemy.,~,潮涌 2。集结：其他友方死亡直升机对一个随机敌人造成 2 点伤害。
"Tide 2. Stomp. Rally: If you control no other troops, gain Flank.",~,潮涌 2。践踏。集结：如果你没有控制其他部队，获得侧翼。
"Tide 3. When a friendly unit triggers Swarm, gain +1 [Attack].",~,潮涌 3。友方单位触发虫群时，获得 +1 [Attack]
Tide of Muscle,~,肌肉狂潮
Tidewall Droneport,~,潮墙无人机港
Tidewall Gunrig,~,潮墙炮架
Timely Reinforcements,~,及时增援
Tomb Blade,~,墓刃
Tomb World,~,墓穴世界
Tools of Torture,~,酷刑工具
Tormentor,~,折磨者
Tormentor Obsessionist,~,折磨者痴迷者
Toxic Bonfire,~,剧毒篝火
Toxic Entanglement,~,毒素缠绕
Toxic Fumes,~,毒性烟雾
Toxic Miasma,~,毒雾
Toxic Vapours,~,毒气
Trail Shaper,~,踪迹塑形者
Traitors Hate,~,叛徒之恨
Trial of Suffering,~,苦难试炼
Triarch Praetorian,~,三王禁卫
Triarch Stalker,~,三王猎手
Trigger the Codex ability of a friendly unit and choose a Codicil and put it in your hand,~,触发 1 个友方单位的典籍能力，并选择 1 张法典条款放入你的手牌。
Trigger the abilities requiring Spirit Stones of all your troops. ② Repeat this effect,~,触发你所有部队需要灵魂石的能力。②重复此效果
Triumph of Saint Katherine,~,圣凯瑟琳凯旋
Trukk Boy,~,卡车小子
Turyan Ghauze,~,图尔扬·高兹
Tyranid Invasion,~,泰伦入侵
Tyranid Prime,~,泰伦首相
Tyranid Warrior,~,泰伦战士
Tyrannic War Veteran,~,泰伦战争老兵
Tyrannocyte,~,泰伦孢囊
Tyrannofex,~,泰伦巨兽
Tyrant Guard,~,暴君卫队
Tyrnak and Fenrir,~,提尔纳克与芬里尔
Tzeench,~,奸奇
Uge Choppa,~,超大砍刀
Unbridled Carnage,~,无度屠戮
Unbridled Fury,~,无拘狂怒
Underground Network,~,地下网络
Undying Legions,~,不朽军团
Unforgiven Redemptor,~,宽恕者救赎者
Unhallowed Gifts,~,亵渎恩赐
Unholy Smite,~,亵渎重击
Unleashed TramplaSquig,~,脱缰践踏猪
Unstable. Armour 1,~,不稳定。护甲 1。
Unstable. Blast 3,~,不稳定。爆裂 3。
Unstable. Concussive,~,不稳定。震荡。
Unstable. Flank. Tide,~,不稳定。侧翼。潮涌。
Unstable. Flying. Blast 5. Rally: Create a Grot Bomb in your hand,~,不稳定。飞行。爆裂 5。集结：在你的手牌中生成一个地精炸弹。
Unstable. Mob: Deal 1-3 damage to a random enemy,~,不稳定。群体：对一个随机敌人造成 1-3 点伤害。
Unstable. Shield. Talent: Waaagh! Energy,~,不稳定。护盾。天赋：哇！战吼能量。
Unwavering Zeal,~,坚定狂热
Uprising: Gain Flank and +1,~,起义：获得侧翼和 +1。
Uriel Ventris,~,乌列尔·文特里斯
Ursula Creed,~,克里德
Valius Paxor,~,瓦利乌斯·帕克索
Valkyrie,~,瓦尔基里
Valkyrie Drop,~,女武神空降
Valtus,~,瓦图斯
Valued Sacrifice,~,崇高牺牲
"Vanguard. Adjacent units have +1 Ranged Attack.
Companion 2: Guardian Drone",~,"先锋。相邻单位获得 +1 远程攻击。
伴生 2：守护无人机"
Vanguard. Armour 1,~,先锋。护甲 1
Vanguard. Armour 2,~,先锋。护甲 2
Vargard Obyron,~,瓦加德·奥比伦
Varro Tigurius,~,瓦罗·提古里乌斯
Veldras the Sublime,~,维尔德拉斯·崇高者
Venerable Dreadnought,~,尊贵无畏机甲
Vengeance for Cadia,~,为卡迪亚复仇
Vengeful Brethren,~,复仇兄弟
Vengeful Brethren Bladeguard,~,复仇兄弟剑卫
Vengeful Brethren Hellblaster,~,复仇兄弟地狱火枪手
Vengeful Brethren Intercessor,~,复仇兄弟仲裁者
Vengeful Surge,~,复仇之潮
Vengeful Wraithblade,~,复仇幽刃
Venomcrawler,~,毒液爬虫
Venomthrope,~,毒瘴兽
Vespid Stingwings,~,黄蜂族刺翼
Veteran Flyboy,~,飞行老兵
Veteran Guardian,~,老兵守护者
Veteran Havoc,~,老兵破坏者
Veteran Legionary,~,老兵军团战士
Veteran Noise Marine,~,老兵噪声战士
Vex Machinator,~,维克·马奇内特
Vial Tanks,~,药剂罐
Vico Therbeus,~,维科·瑟贝乌斯
Vindicator,~,复仇者
Vitus Gryf,~,维图斯·格里夫
Void Combat,~,虚空作战
Von Ryans Leaper,~,瑞恩跳跃者
Vox Operator,~,通讯兵
Vox-Hacker,~,声讯黑客
Vyper,~,蝰蛇
Waaagh! Energy (Weirdboy Talent),~,哇！战吼能量（灵能小子天赋）
Wages of Retribution,~,报应代价
Wailing Doom,~,恸哭毁灭
War Howl,~,战嚎
War Shaper,~,战争塑形者
War Walker,~,战争行者
Warbiker,~,战争摩托手
Warboss Gordrang,~,战头目戈德朗
Warlock,~,术士
Warlock Skyrunner,~,术士天行者
Warmaster,~,战争统帅
Warp Spider,~,扭曲蜘蛛
Warp Spider Exarch,~,扭曲蜘蛛长老
Warp Storm,~,亚空间风暴
Warp Talon,~,亚空间爪
Watch Tower,~,瞭望塔
Watcher in the Dark,~,暗中守望者
Wave Serpent,~,波浪蛇
Waystone. Blast 4,~,路标石。爆裂 4
Waystone. Camouflage. Strike: Give +1 to your units,~,路标石。伪装。猛击：给予你的单位 +1 近战攻击
Waystone. Shuriken 1,~,路标石。星镖 1
Waystone. Shuriken 2,~,路标石。星镖 2
Waystone. Shuriken 3. Rally: All enemies lose Stealth and Camouflage.,~,路标石。星镖 3。集结：所有敌人失去潜行和伪装。
Waystone. Stealth (1). Gain Flank.,~,路标石。潜行 (1)。获得侧翼。
Waystone. Stealth. Shuriken 2,~,路标石。潜行。星镖 2
Waystone. Stealth. Shuriken 4,~,路标石。潜行。星镖 4
Waystone. Stealth. Sniper,~,路标石。潜行。狙击
"Waystone. Stealth. When a friendly unit loses Stealth, give it Shuriken 1 this turn. Talent: Flickerjump",~,路标石。潜行。当友方单位失去潜行时，本回合给予它星镖 1。天赋：闪烁跳跃
Waystone. Talent: Witchfire,~,路标石。天赋：巫火
Weapons Platform,~,武器平台
Webway Entrance,~,网道入口
Webway Gate,~,网道之门
Webway Incursion,~,网道入侵
Webway Rift,~,网道裂隙
Weirdboy,~,灵能小子
"When Reanimated, deal 3 damage to a random enemy",~,被复生时，对一个随机敌人造成 3 点伤害。
"When Reanimated, gain +2 Ranged Attack and +2 Health",~,被复生时，获得 +2 远程攻击和 +2 生命。
"When Reanimated, gain Fast.",~,被复生时，获得迅捷。
"When a friendly Vehicle attacks, gain 1 [Energy]. If it survives, heal 3 to it",~,当我方载具攻击时，获得 1 点能量。若其存活，为其治疗 3 点
"When a friendly troop dies, gain +1 [Ranged].",~,当我方部队死亡时，获得 +1 远程攻击。
"When a friendly troop dies, gain Blast 2",~,当我方部队死亡时，获得爆裂 2
"When a friendly troop dies, gain a Dark Pact of Resilience.",~,当我方部队死亡时，获得一个韧性黑暗契约。
"When a friendly troop receives a Dark Pact, deal 1 damage to a random enemy",~,当我方部队获得黑暗契约时，对随机一个敌人造成 1 点伤害
"When a friendly troop receives a Dark Pact, this troop gains it as well",~,当我方部队获得黑暗契约时，此部队同样获得该黑暗契约
"When a friendly troop triggers Duty, give it Armour 1",~,当友方部队触发职责时，给予其装甲 1。
"When a friendly unit Prays, give it Shield. Pray: Give +1 Health to your units",~,当友方单位祈祷时，给予它护盾。祈祷：给予你的单位 +1 生命
"When a friendly unit attacks, create a Neophyte Initiate in your hand",~,当友方单位攻击时，在你的手牌中生成一张新教徒新兵。
"When a friendly unit obtains [Shield], it heals 2. Rally: Heal 2 to a friendly unit",~,当我方单位获得护盾时，其治疗 2 点。集结：为一个我方单位治疗 2 点
"When a friendly unit triggers Mob, it triggers an additional time",~,当一个友方单位触发群体时，会额外触发一次。
"When a unit receives damage, gain +1 Ranged Attack this turn",~,当任意单位受到伤害时，本回合获得 +1 远程攻击
"When an enemy attacks, deal 2 damage to it",~,当敌人攻击时，对其造成 2 点伤害。
"When an enemy attacks, deal 2-3 damage to it",~,当一个敌人攻击时，对其造成 2-3 点伤害。
"When an enemy dies, gain +1 Melee and +1 Ranged Attack",~,当一个敌人死亡时，获得 +1 近战和 +1 远程攻击。
"When an enemy dies, gain [1]",~,当敌人死亡时，获得 1 点任务
"When an enemy dies, gain a Dark Pact of Blood",~,当敌人死亡时，获得一个鲜血黑暗契约
"When an enemy gets Hunt Mark, deal 1-2 damage to it and its adjacent units",~,当 1 个敌人获得猎杀标记时，对其及其相邻单位造成 1-2 点伤害。
"When an enemy gets a Hunt Mark, give +1 to your units this turn. Rally: Give Hunt Mark to an enemy troop",~,当 1 个敌人获得猎杀标记时，本回合你的单位获得 +1。集结：给予 1 个敌方部队猎杀标记。
"When an enemy is deployed, deal 2 damage to it",~,当 1 个敌人被部署时，对其造成 2 点伤害。
"When an enemy receives Stun, deal 3 damage to it",~,当敌人受到眩晕时，对其造成 3 点伤害
"When an enemy receives a Stun, deal 1 damage to it. Talent: Storm of Silence",~,当敌人受到眩晕时，对其造成 1 点伤害。天赋：寂静风暴
"When an enemy with Hunt Mark dies, Heal 2 to a random friendly unit.
Rally: Heal 2 to a friendly unit",~,"当带猎杀标记的敌人死亡时，为 1 个随机友方单位治疗 2 点。
集结：为 1 个友方单位治疗 2 点。"
"When an enemy with Vulnerable dies, heal 1. Talent: Litany of Despair",~,当具有脆弱的敌人死亡时，治疗 1 点。天赋：绝望祷文
"When another troop dies, deal 1 damage to a random enemy",~,当另一个部队死亡时，对一个随机敌人造成 1 点伤害。
"When another troop dies, deal 1-2 damage to a random enemy",~,当另一个部队死亡时，对一个随机敌人造成 1-2 点伤害。
"When another troop dies, heals 2",~,有其他部队死亡时，治疗 2
"When deployed, give Hunt Mark to a random enemy troop",~,部署时，给予 1 个随机敌方部队猎杀标记。
"When reanimated, deploy a copy of this troop",~,被复生时，部署此部队的一个复制。
"When this unit attacks an enemy with Hunt Mark, deal 3 damage to adjacent enemies",~,当此单位攻击带猎杀标记的敌人时，对相邻敌人造成 3 点伤害。
"When this unit kills an enemy, gain 1 [Faith]. Penitence: Gain +2 [Armor].",~,当此单位击杀 1 个敌人时，获得 1 ☀。忏悔：获得 +2 [护甲]。
"When this unit triggers Synapse, it applies the effect twice",~,本单位触发突触时，效果生效两次
"When you collect a Spirit Stone, gain +1 melee, +1 ranged and Stealth.",~,当你收集灵魂石时，获得 +1 近战、+1 远程和潜行。
"When you collect a Spirit Stone, gain 2 additional Spirit Stones",~,当你收集灵魂石时，额外获得 2 颗灵魂石
"When you collect a Spirit Stone, gain Shield. 1 Choose a card from your deck and draw it",~,当你收集灵魂石时，获得护盾。①从你的牌库中选择 1 张牌并抽到它
"When you deploy a Beast, give +1 [Attack] to your Warlord this turn.",~,当你部署一只野兽时，本回合给予你的督军 +1[攻击]。
"When you deploy a Stormboy, give it Flank.",~,当你部署一个风暴小子时，给予其侧翼。
"When you deploy a Vehicle, give it Flank
Talent: Spear of Macragge",~,"当你部署载具时，给予它侧翼。
天赋：马库拉格之矛。"
"When you deploy a Vehicle, give it Flank.",~,当你部署一个载具时，给予其侧翼。
"When you deploy a troop with Destroyer, give it Regeneration 1",~,当你部署一个拥有毁灭者的部队时，给予其再生 1。
"When you deploy a troop, give it +2 Health.
Companion 2: Marker Drone",~,"当你部署部队时，给予其 +2 生命。
伴生 2：标记无人机"
"When you deploy a troop, give it a random Dark Pact. Rally: Gain a random Dark Pact",~,当你部署部队时，给予其一个随机黑暗契约。集结：获得一个随机黑暗契约
When you deploy an Eliminator give it Stealth,~,当你部署歼击者时，给予它潜行。
"When you draw a card, gain a Dark Pact of Fate.",~,当你抽牌时，获得一个命运黑暗契约。
"When you draw a card, it costs 1 less this turn",~,当你抽牌时，该牌本回合费用减少 1
"When you gain [shield], heal 2",~,当你获得护盾时，治疗 2 点
"When you play a Stratagem, your Warlord takes 1 damage",~,当你打出战术时，你的督军受到 1 点伤害。
"When you play a troop, give it Flank",~,当你打出一个部队时，给予其侧翼。
"When you reanimate a Remnant, heal 1.",~,每当你复生一个残骸时，治疗 1 点。
"When you trigger Ferocity, High Rune Priest costs 1 less this turn. Talent: High Rune Priest",~,当你触发狂暴时，本回合高阶符文祭司费用 -1。天赋：高阶符文祭司。
"When you trigger a Spirit Stone ability, gain +1 Attack.",~,当你触发灵魂石能力时，获得 +1 攻击。
"When your Warlord receives damage, gain a ❄ Dark Pact of Excess",~,当你的督军受到伤害时，获得一个纵欲黑暗契约
"When your opponent plays a Stratagem, deal 3 damage to a random enemy",~,当对手打出战术时，对一个随机敌人造成 3 点伤害。
"When your opponent plays a Stratagem, give +1 and +1 Health to your troops",~,当对手打出战术时，给予你的部队 +1 和 +1 生命。
"Whenever you play a non-Ephemeral Stratagem, create an Ephemeral copy of it in your hand.",~,每当你打出非临时战术时，在你的手牌创建 1 张其临时复制
Whirling Death,~,回旋之死
Whirlwind,~,旋风
Wild Host,~,狂野宿主
Will of Asuryan,~,阿斯尤扬之意志
Will of Gork,~,高克之志
Windrider,~,风行者
Winged Autarch,~,有翼总督
Winged Daemon Prince,~,有翼恶魔亲王
Winged Tyrant,~,有翼暴君
Witchblade Warlock,~,巫刃术士
Witchfire,~,巫火
Wolf Guard Battle Leader,~,狼卫战斗领袖
Wolf Guard Headtaker,~,狼卫斩首者
Wolf Guard Terminator,~,狼卫终结者
Wolf Guard Terminator Pack Leader,~,狼卫终结者兽群首领
Wolf Priest,~,狼牧师
Worst Temper,~,暴脾气
Wraithblade,~,幽刃
Wraithguard,~,幽卫
Wraithknight,~,幽骑士
Wraithlord,~,幽尊
Wrath of Khaine,~,凯恩之怒
Wreckin Ball,~,拆迁铁球
Wulfen,~,狼人
Wulfen Dreadnought,~,狼人无畏机甲
Wulfen Pack Leader,~,狼人兽群首领
Wurrboy,~,嚎哭小子
Xarahan Daemon Prince,~,夏拉罕恶魔亲王
Xeno-Mutations,~,异形突变
Xylocil,~,克西洛西尔
Your Drones cost 1 less for the rest of this battle. Choose a Drone and add it to your hand,~,直至本场战斗结束，你的无人机费用 -1。选择 1 个无人机并将其加入你的手牌
Your Drones cost 1 less.,~,你的无人机费用 -1
Your Infantry troops cost 1 less this turn,~,本回合你的步兵部队费用 -1
Your Warlord becomes Invulnerable until your next turn,~,你的督军变为无敌，直到你的下个回合。
"Your Warlord gains ""Mob: Gain +1 [Armor] until your next turn""",~,你的督军获得“群体：直到你的下个回合获得 +1[护甲]”。
"Your Warlord gains ""Penitence: Deal 1 damage to two random enemy troops""",~,你的督军获得「忏悔：对 2 个随机敌方部队各造成 1 点伤害」
"Your Warlord gains ""Strike: Lower the cost of a random troop in hand by 1"". Draw a troop.",~,你的督军获得“猛击：将手牌中一张随机部队的费用 -1”。抽一张部队。
Your Warlord gains +1 [Attack] and Blast 2 this turn,~,你的督军本回合获得 +1 攻击和爆裂 2。
"Your Warlord gains +1 [Attack], [Shield] Armour 1 and [Wings] Flying this turn",~,你的督军本回合获得 +1[攻击]、[护盾]护甲 1 和[翅膀]飞行。
Your Warlord gains +1 this turn. Deal damage to all enemies equal to your Warlord's Melee,~,你的督军本回合获得 +1。对所有敌人造成等同于你的督军近战的伤害。
Your Warlord gains +2 [Health] this turn. (1) [Energy]: Stun a random enemy troop,~,你的督军本回合获得 +2 [生命]。①[能量]：眩晕 1 个随机敌方部队
Your Warlord gains Blood Thirst this turn,~,你的督军本回合获得嗜血。
Your Warlord gains Concussive until your next turn and heals 5,~,你的督军获得震荡（直到你的下个回合），并治疗 5 点生命值。
Your Warlord gains Invulnerable until your next turn,~,你的督军获得无敌，持续到你的下个回合。
Your Warlord gains this turn +1 [fist] and ' [skull] Slay: Draw a Beast',~,你的督军本回合获得 +1[拳头]，以及“[骷髅头] 斩杀：抽一张野兽”。
"Your Warlord gains: ""At the start of your turn, create a random Combat Elixir in your hand""",~,你的督军获得：“你的回合开始时，在你的手牌中生成一张随机战斗药剂”。
Your Warlord heals 1 and chooses an effect,~,你的督军治疗 1 点，并选择 1 个效果。
Your next Infantry costs 2 less,~,你的下 1 个步兵费用 -2
Your next Stratagem costs 1 less,~,你的下一张战术费用减少 1。
Your next Vehicle costs 2 less,~,你的下一个载具费用 -2。
Your next card this turn costs 1 less,~,本回合你的下一张卡费用 -1。
Your next troop this turn costs 2 less,~,本回合你的下一个部队费用 -2
Your other Flying units have +2 Melee and +2 Ranged Attack,~,你的其他飞行单位获得 +2 近战和 +2 远程攻击
Your other Infantry and Battlesuit troops have +2,~,你的其他步兵和战斗服部队获得 +2
Your other units have +1 Melee and +1 Ranged Attack,~,你的其他单位 +1 近战攻击和 +1 远程攻击。
Your other units have +2 Ranged Attack,~,你的其他单位获得 +2 远程攻击。
Your other units have +2 [strength]. Oath 1: Give Armour 1 to a friendly troop.,~,你的其他单位 +2 攻击。誓言 1：给予 1 个友方部队护甲 1。
Your troops cost 1 less for the rest of this battle. Draw a troop from your deck,~,直至本场战斗结束，你的部队费用 -1。从你的牌库抽 1 张部队牌
Your troops cost 1 less this turn,~,你的部队本回合费用 -1。
Your troops cost 1 less. Uprising: Give +1 [Attack] to all friendly troops,~,你的部队费用 -1。起义：给予所有友方部队 +1 攻击。
Your troops cost 3 less this turn,~,本回合你的部队费用 -3。
Your troops with Tide have +1 Attack. Talent: Da Red Waaagh,~,你的拥有潮涌的部队获得 +1 攻击。天赋：红色哇战吼。
Your units gain +1 [attack] until your next turn,~,直到你的下回合，你的单位获得 +1 攻击。
Yrlla the Huntress,~,女猎手伊尔拉
Zealot Legionary,~,狂热者军团战士
Zephyr's Grace,~,和风之恩
Zephyrim,~,泽菲里姆修女
Zephyrim Superior,~,泽菲里姆修女长
Zoanthrope,~,兽人脑
Zodgrod Wortsnagga,~,佐德格罗德·沃茨纳加
Bloodthirst,~,嗜血
Chaos,~,混沌
Adepta Sororitas,~,战斗修女团
Genestealer Cults,~,基因窃取者教派
Ultramarines,~,极限战士
Space Wolves,~,太空野狼
Alpha Warrior,~,阿尔法战士
Chosen of the Four,~,四神宠儿
Lord Commander,~,至高指挥官
Markerlight,~,标记光
Deep Strike,~,深空打击
Frontline,~,前线
Hymn of Battle,~,战斗赞歌
Agenda: Gain 1,~,议程：获得 1 点
Codex: Heals 3,~,典籍：治疗 3
Artifice: Deploy a Necron Warrior,~,巧技：部署一名死灵战士
Mob: Deal 1-3 damage to a random enemy,~,暴徒：对一名随机敌人造成 1-3 点伤害
Mob: Gain +1 armor this turn,~,暴徒：本回合获得 +1 护甲
Rally: Deal 1 damage to an enemy,~,集结：对一名敌人造成 1 点伤害
Strike: Draw a card,~,打击：抽一张卡
Teleport: Gain Vanguard and attack by itself,~,传送：获得先锋并自行攻击
Dark Pact of Excess,~,纵欲黑暗契约
Destroyer.,~,毁灭者
Remnant.,~,残响
Vanguard.,~,先锋
Stealth.,~,隐匿
Armour 2.,~,护甲 2
Ecstasy 5,~,狂喜 5
Oath 1,~,誓言 1
Oath 4,~,誓言 4
Sentry 1,~,哨戒 1
Sentry 2,~,哨戒 2
Tide 3,~,潮涌 3
Tide 4,~,潮涌 4
Regeneration 1,~,再生 1
Talent: Logan Grimnar,~,天赋：洛根·格里姆纳
Talent: Aggressor,~,天赋：侵略者
Talent: Arjac Rockfist,~,天赋：阿尔贾克·岩拳
Talent: Blackmane Aggressor,~,天赋：黑鬃突击者
Talent: Blackmane Reiver,~,天赋：黑鬃掠夺者
Talent: Blood Claw Pack Leader,~,天赋：血爪兽群首领
Talent: Blood Claw,~,天赋：血爪
Talent: Deathwolf Scout,~,天赋：死亡狼侦察兵
Talent: Fenrisian Wolf,~,天赋：芬里斯狼
Talent: Frost Claw Wulfen,~,天赋：霜爪狼人
Talent: Fyrri Askar,~,天赋：菲里·阿斯卡尔
Talent: Grey Hunter Pack Leader,~,天赋：灰猎手兽群首领
Talent: Grey Hunter,~,天赋：灰猎手
Talent: Hrolf the Ironhowl,~,天赋：铁嚎·赫罗尔夫
Talent: Hunting Wolf,~,天赋：猎狼
Talent: Iron Priest,~,天赋：铁祭司
Talent: Long Fang,~,天赋：长牙
Talent: Morkai Eliminator,~,天赋：莫凯歼击者
Talent: Terminator Rune Priest,~,天赋：终结者符文祭司
Talent: Thunderwolf Cavalry Pack Leader,~,天赋：雷狼骑兵兽群首领
Talent: Thunderwolf Cavalry,~,天赋：雷狼骑兵
Talent: Tyrnak and Fenrir,~,天赋：提尔纳克与芬里尔
Talent: Wolf Guard Battle Leader,~,天赋：狼卫战斗领袖
Talent: Wolf Guard Headtaker,~,天赋：狼卫斩首者
Talent: Wolf Guard Terminator Pack Leader,~,天赋：狼卫终结者兽群首领
Talent: Wolf Guard Terminator,~,天赋：狼卫终结者
Talent: Wolf Priest,~,天赋：狼牧师
Talent: Wulfen Pack Leader,~,天赋：狼人兽群首领
Talent: Wulfen,~,天赋：狼人
Talent: Default Conditions,~,天赋：默认条件
Talent: Everstorm,~,天赋：永暴
Talent: First Light,~,天赋：初光
Talent: Full moon,~,天赋：满月
Talent: Anvil of Endurance,~,天赋：坚忍之砧
Talent: Birth of a Saga,~,天赋：传奇的诞生
Talent: Bjorn's Shrine,~,天赋：比约恩的神龛
Talent: Canis Helix,~,天赋：卡尼斯螺旋
Talent: Death Shun,~,天赋：死亡闪避
Talent: Embers of Prospero,~,天赋：普罗斯佩罗余烬
Talent: Fenrisian Blizzard,~,天赋：芬里斯暴风雪
Talent: Fenrisian Monstrosities,~,天赋：芬里斯巨兽
Talent: Fenrisian Runestones,~,天赋：芬里斯符文石
Talent: Fenrisian Wolfpack,~,天赋：芬里斯狼群
Talent: Halls of Legend,~,天赋：传奇殿堂
Talent: High King of Fenris,~,天赋：芬里斯至高王
Talent: High Rune Priest,~,天赋：高阶符文祭司
Talent: Hordeslayer,~,天赋：灭群者
Talent: Hunter's Guile,~,天赋：猎人诡计
Talent: Legendary Tenacity,~,天赋：传奇坚韧
Talent: Let Loose,~,天赋：释放
Talent: Living Lightning,~,天赋：活体闪电
Talent: Murderous Hurricane,~,天赋：致命飓风
Talent: Orbital Defences,~,天赋：轨道防御
Talent: Pack of One,~,天赋：孤狼兽群
Talent: Proper Hunt,~,天赋：正式狩猎
Talent: Raid Tactics,~,天赋：突袭战术
Talent: Saga of the Bold,~,天赋：无畏者传奇
Talent: Savage Legacy,~,天赋：野蛮传承
Talent: Tempest's Wrath,~,天赋：暴风之怒
Talent: The Fang,~,天赋：巨牙
Talent: Unbridled Fury,~,天赋：无拘狂怒
Talent: War Howl,~,天赋：战嚎
Talent: Bjorn the Fell-Handed,~,天赋：比约恩·凶爪
Talent: Blackmane Inceptor,~,天赋：黑鬃疾袭者
Talent: Fenrisian Drop Pod,~,天赋：芬里斯空降舱
Talent: Land Rider,~,天赋：兰德骑手
Talent: Murderfang,~,天赋：弑杀之牙
Talent: Stormwolf,~,天赋：风暴狼
Talent: Venerable Dreadnought,~,天赋：尊贵无畏机甲
Talent: Vindicator,~,天赋：复仇者
Talent: Wulfen Dreadnought,~,天赋：狼人无畏机甲
Talent: Njal Stormcaller,~,天赋：尼亚尔·风暴召唤者
Talent: Ragnar Blackmane,~,天赋：拉格纳·黑鬃
Talent: Lieutenant Titus,~,天赋：提图斯中尉
Talent: Desolation Marine,~,天赋：荒芜战士
Talent: 2nd Company Terminator,~,天赋：第二连终结者
Talent: Aggressor Sergeant,~,天赋：突击者军士
Talent: Antaro Chronus,~,天赋：安塔罗·克罗努斯
Talent: Apothecary Polixis,~,天赋：药剂师波利克西斯
Talent: Assault Centurion,~,天赋：突击百夫长
Talent: Assault Intercessor,~,天赋：突击仲裁者
Talent: Bladeguard Ancient,~,天赋：剑卫老兵
Talent: Bladeguard Lieutenant,~,天赋：剑卫中尉
Talent: Bladeguard Sergeant,~,天赋：剑卫军士
Talent: Captain Sicarius,~,天赋：西卡里乌斯队长
Talent: Chairon,~,天赋：凯隆
Talent: Chaplain Cassius,~,天赋：牧师卡西乌斯
Talent: Chapter Champion,~,天赋：战团冠军
Talent: Company Ancient,~,天赋：连队老兵
Talent: Devastator Centurion,~,天赋：毁灭者百夫长
Talent: Devastator Marine,~,天赋：毁灭者战士
Talent: Eliminator Sergeant,~,天赋：歼击者军士
Talent: Eliminator,~,天赋：歼击者
Talent: Epistolary Librarian,~,天赋：智典智库
Talent: Ferren Areios,~,天赋：费伦·阿雷奥斯
Talent: Firstborn,~,天赋：初生者
Talent: Heavy Intercessor,~,天赋：重装仲裁者
Talent: Hellblaster,~,天赋：炼狱爆弹兵
Talent: Honour Guard,~,天赋：荣誉卫队
Talent: Inceptor Sergeant,~,天赋：疾袭者军士
Talent: Incursor,~,天赋：渗透者
Talent: Intercessor Sergeant,~,天赋：仲裁者军士
Talent: Lieutenant Calsius,~,天赋：卡尔修斯中尉
Talent: Lieutenant with Combi-Weapon,~,天赋：组合武器中尉
Talent: Octavio Infiltrator,~,天赋：奥克塔维奥·渗透者
Talent: Phobos Librarian,~,天赋：暗影智库
Talent: Phobos Lieutenant,~,天赋：暗影中尉
Talent: Primaris Chaplain,~,天赋：原铸牧师
Talent: Primaris Eradicator,~,天赋：原铸歼灭者
Talent: Primaris Inceptor,~,天赋：原铸疾袭者
Talent: Primaris Intercessor,~,天赋：原铸仲裁者
Talent: Primaris Judiciar,~,天赋：原铸裁决者
Talent: Primaris Reiver,~,天赋：原铸掠夺者
Talent: Primaris Techmarine,~,天赋：原铸技术军士
Talent: Scout Sniper,~,天赋：侦察狙击手
Talent: Scout,~,天赋：侦察兵
Talent: Sergeant Allectius,~,天赋：阿莱克修斯军士
Talent: Sergeant Gadriel,~,天赋：加德里尔军士
Talent: Sergeant Telion,~,天赋：特利昂军士
Talent: Sternguard Sergeant,~,天赋：铁卫军士
Talent: Suppressor,~,天赋：压制者
Talent: Tactical Marine,~,天赋：战术战士
Talent: Terminator Captain,~,天赋：终结者队长
Talent: Terminator,~,天赋：终结者
Talent: Tyrannic War Veteran,~,天赋：泰伦战争老兵
Talent: Vico Therbeus,~,天赋：维科·瑟贝乌斯
Talent: Fleet Support,~,天赋：舰队支援
Talent: Normal Conditions,~,天赋：正常条件
Talent: Orbital Bombardment,~,天赋：轨道轰炸
Talent: Thunderstorm,~,天赋：雷暴
Talent: Adaptive Strategy,~,天赋：适应性战略
Talent: Angel's Wrath,~,天赋：天使之怒
Talent: Angels of Death,~,天赋：死亡天使
Talent: Might of Heroes,~,天赋：英雄之力
Talent: Armoured Offensive,~,天赋：装甲攻势
Talent: Armoured Support,~,天赋：装甲支援
Talent: Author of the Codex,~,天赋：典籍作者
Talent: Avenging Zeal,~,天赋：复仇热忱
Talent: Battlefield Supremacy,~,天赋：战场霸权
Talent: Catechism of Death,~,天赋：死亡教义
Talent: Champions of Humanity,~,天赋：人类冠军
Talent: Chapter Council,~,天赋：战团议会
Talent: Codex Discipline,~,天赋：典籍纪律
Talent: Death from Above,~,天赋：天降死神
Talent: Duty's End,~,天赋：职责终焉
Talent: Exhortation of Rage,~,天赋：狂怒劝诫
Talent: Fall Back,~,天赋：撤退
Talent: Firestrike Turrets,~,天赋：火击炮塔
Talent: Forward Deployment,~,天赋：前出部署
Talent: Gather the Company,~,天赋：集结战团
Talent: Greatest Deeds,~,天赋：丰功伟绩
Talent: Hero's Respite,~,天赋：英雄的喘息
Talent: Hive Factory,~,天赋：蜂巢工厂
Talent: Humanity's Shield,~,天赋：人类之盾
Talent: Indomitus Crusade,~,天赋：不屈远征
Talent: Inspired Retribution,~,天赋：神启报复
Talent: Knights of Macragge,~,天赋：马库拉格骑士
Talent: Lead From the Front,~,天赋：身先士卒
Talent: Light Cover,~,天赋：轻型掩体
Talent: Master Tactician,~,天赋：战术大师
Talent: Master of Arcana,~,天赋：秘法大师
Talent: Master of Arms,~,天赋：兵械大师
Talent: Master of Battle,~,天赋：战斗大师
Talent: Master of the Fleet,~,天赋：舰队大师
Talent: No Mercy,~,天赋：绝不留情
Talent: No Respite,~,天赋：不得喘息
Talent: Oath of Moment,~,天赋：誓言时刻
Talent: Paragon of Ultramar,~,天赋：极限战士典范
Talent: Pariah Vanguard,~,天赋：弃儿先锋
Talent: Point-Blank Shot,~,天赋：抵近射击
Talent: Primarch of the XIII,~,天赋：第十三军团基因原体
Talent: Rapid Deployment,~,天赋：快速部署
Talent: Righteous Fury,~,天赋：正义之怒
Talent: Sacred Bolter,~,天赋：神圣爆弹枪
Talent: Scryer's Gaze,~,天赋：预言者的凝视
Talent: Shall Know No Fear,~,天赋：不知畏惧
Talent: Sheltered Location,~,天赋：隐蔽位置
Talent: Smite,~,天赋：天罚
Talent: Spear of Macragge,~,天赋：马库拉格之矛
Talent: Stormhawk Interception,~,天赋：风暴鹰拦截
Talent: Stormraven,~,天赋：风暴鸦
Talent: Supreme Strategist,~,天赋：至高战略家
Talent: Tactical Insight,~,天赋：战术洞察
Talent: The Chapter's Due,~,天赋：战团之偿
Talent: 7th Company Bike,~,天赋：第七连摩托
Talent: Attack Bike,~,天赋：攻击摩托
Talent: Brutalis Dreadnought,~,天赋：蛮横无畏机甲
Talent: Dreadnought,~,天赋：无畏机甲
Talent: Firestrike Servo Turret,~,天赋：火击伺服炮塔
Talent: Invictor Warsuit,~,天赋：无敌者机甲
Talent: Land Speeder,~,天赋：兰德飞车
Talent: Outrider,~,天赋：前哨骑兵
Talent: Predator Destructor,~,天赋：捕食者毁灭者
Talent: Primaris Impulsor,~,天赋：原铸脉冲装甲车
Talent: Primaris Invader,~,天赋：原铸入侵者
Talent: Redemptor Dreadnought,~,天赋：救赎者无畏机甲
Talent: Repulsor Executioner,~,天赋：处决者装甲车
Talent: Scout bike,~,天赋：侦察摩托
Talent: Storm Speeder Hailstrike,~,天赋：风暴速攻艇·雹击者
Talent: Stormtalon,~,天赋：风暴利爪
Talent: Valtus,~,天赋：瓦图斯
Talent: Whirlwind,~,天赋：旋风
Talent: Chaplain Letharius,~,天赋：牧师莱塔里乌斯
Talent: Marneus Calgar,~,天赋：马涅乌斯·卡尔加
Talent: Roboute Guilliman,~,天赋：罗伯特·基里曼
Talent: Uriel Ventris,~,天赋：乌列尔·文特里斯
Talent: Valius Paxor,~,天赋：瓦利乌斯·帕克索
Talent: Varro Tigurius,~,天赋：瓦罗·提古里乌斯
Talent: Assault Doctrine,~,天赋：突击教义
Talent: Devastator Doctrine,~,天赋：毁灭者教义
Talent: Tactical Doctrine,~,天赋：战术教义
Talent: Exemplary Warrior,~,天赋：模范战士
Talent: Predator Annihilator,~,天赋：捕食者歼灭者
Talent: Abaddon the Despoiler,~,天赋：掠夺者阿巴顿
Talent: Aspiring Champion,~,天赋：野心冠军
Talent: Black Legionary,~,天赋：黑色军团战士
Talent: Bringer of decay,~,天赋：腐朽使者
Talent: Chaos Legionary,~,天赋：混沌军团战士
Talent: Chaos Lord,~,天赋：混沌领主
Talent: Chaos Sergeant,~,天赋：混沌军士
Talent: Chaos Spawn,~,天赋：混沌卵
Talent: Chaos Terminator,~,天赋：混沌终结者
Talent: Child of Torment,~,天赋：折磨之子
Talent: Chosen Champion,~,天赋：神选冠军
Talent: Chosen,~,天赋：神选者
Talent: Daemon Blade Legionary,~,天赋：恶魔之刃军团战士
Talent: Dark Apostle,~,天赋：黑暗使徒
Talent: Dark Disciple,~,天赋：黑暗门徒
Talent: Ghallaron's Champion,~,天赋：加拉隆的冠军
Talent: Ghallaron's Disciple,~,天赋：加拉隆的门徒
Talent: Havoc Champion,~,天赋：破坏者冠军
Talent: Havoc,~,天赋：破坏者
Talent: Hound of Abaddon,~,天赋：阿巴顿猎犬
Talent: Iskandar Khayon,~,天赋：伊坎达尔·卡永
Talent: Khorne Berzerker,~,天赋：恐虐狂战士
Talent: Lheorvine Ukris,~,天赋：莱奥尔文·乌克里斯
Talent: Master of Executions,~,天赋：处刑大师
Talent: Master of Possession,~,天赋：附魔大师
Talent: Meltagun Legionary,~,天赋：热熔枪军团战士
Talent: Noise Marine,~,天赋：噪声战士
Talent: Obliterator,~,天赋：湮灭者
Talent: Plague Marine,~,天赋：瘟疫战士
Talent: Possessed Champion,~,天赋：附魔冠军
Talent: Possessed Marine,~,天赋：附魔战士
Talent: Rubric Marine,~,天赋：咒缚战士
Talent: Sorcerer,~,天赋：巫师
Talent: Terminator Champion,~,天赋：终结者冠军
Talent: Veteran Havoc,~,天赋：老兵破坏者
Talent: Veteran Legionary,~,天赋：老兵军团战士
Talent: Warp Talon,~,天赋：亚空间爪
Talent: Zealot Legionary,~,天赋：狂热者军团战士
Talent: Daemonic Feast,~,天赋：恶魔盛宴
Talent: Helfire Outburst,~,天赋：地狱火爆发
Talent: Warp Storm,~,天赋：亚空间风暴
Talent: Abaddons Chosen,~,天赋：阿巴顿神选
Talent: Bitter Blows,~,天赋：苦涩之击
Talent: Black Crusade,~,天赋：黑色远征
Talent: Daemonic Frenzy,~,天赋：恶魔狂暴
Talent: Daemonic Pact,~,天赋：恶魔契约
Talent: Dark Oratory,~,天赋：黑暗布道
Talent: Delightful Agonies,~,天赋：欢愉之痛
Talent: Diabolic Strength,~,天赋：恶魔之力
Talent: Disgustingly Resilient,~,天赋：恶心坚韧
Talent: Drachnyen,~,天赋：德拉赫尼恩
Talent: Execution,~,天赋：处决
Talent: Gifts of Chaos,~,天赋：混沌恩赐
Talent: Heldrake Strike,~,天赋：地狱飞龙突袭
Talent: Helfire Pit,~,天赋：地狱火坑
Talent: Helfire Torch,~,天赋：地狱火火炬
Talent: Helspear Assault,~,天赋：地狱之矛突击
Talent: Hideous Mutation,~,天赋：恐怖变异
Talent: Hosts of Chaos,~,天赋：混沌大军
Talent: Idolatrous Despoilers,~,天赋：偶像崇拜掠夺者
Talent: Infernal Gaze,~,天赋：地狱凝视
Talent: Legacy of Vengeance,~,天赋：复仇遗产
Talent: Litany of Despair,~,天赋：绝望祷文
Talent: Malicious Volleys,~,天赋：恶毒齐射
Talent: Khorne,~,天赋：恐虐
Talent: Nurgle,~,天赋：纳垢
Talent: Slaanesh,~,天赋：色孽
Talent: Tzeench,~,天赋：奸奇
Talent: Method to the Madness,~,天赋：疯狂自有章法
Talent: Murderous Desires,~,天赋：嗜杀欲望
Talent: Possession,~,天赋：附魔
Talent: Rites of Possession,~,天赋：附魔仪式
Talent: Skeins of Fate,~,天赋：命运丝线
Talent: Spawndom,~,天赋：混沌卵之域
Talent: Spreading Corruption,~,天赋：蔓延腐化
Talent: Throne of the Heretic,~,天赋：异端王座
Talent: Traitors Hate,~,天赋：叛徒之恨
Talent: Unhallowed Gifts,~,天赋：亵渎恩赐
Talent: Unholy Smite,~,天赋：亵渎重击
Talent: Warmaster,~,天赋：战争统帅
Talent: Accursed Helbrute,~,天赋：受诅地狱蛮兽
Talent: Helbrute,~,天赋：地狱蛮兽
Talent: Maulerfiend,~,天赋：蹂躏魔
Talent: Venomcrawler,~,天赋：毒液爬虫
Talent: Vex Machinator,~,天赋：维克·马奇内特
Talent: Haarken Worldclaimer,~,天赋：哈尔肯·夺世者
Talent: Sylar Hexcorn,~,天赋：赛拉尔·赫克科恩
Talent: Ghallaron the Pious,~,天赋：虔诚者加拉隆
Talent: Apothecary,~,天赋：医师
Talent: Bladeguard Veteran,~,天赋：剑卫老兵
Talent: Captain,~,天赋：队长
Talent: Chaplain,~,天赋：牧师
Talent: Company Champion,~,天赋：连队冠军
Talent: Company Master,~,天赋：连队队长
Talent: Company Veteran,~,天赋：连队老兵
Talent: Deathwing Champion,~,天赋：死翼冠军
Talent: Deathwing Knight Master,~,天赋：死翼骑士长
Talent: Deathwing Knight,~,天赋：死翼骑士
Talent: Deathwing Strikemaster,~,天赋：死翼打击大师
Talent: Deathwing Terminator,~,天赋：死翼终结者
Talent: Ezekiel,~,天赋：以西结
Talent: Inner Circle Companion,~,天赋：内环同伴
Talent: Intercessor,~,天赋：仲裁者
Talent: Interrogator Chaplain,~,天赋：审讯牧师
Talent: Librarian,~,天赋：智库
Talent: Master Lazarus,~,天赋：拉撒路大师
Talent: Reiver,~,天赋：掠夺者
Talent: Sergeant Naaman,~,天赋：纳曼军士
Talent: Techmarine,~,天赋：技术军士
Talent: Ancient Reliquary,~,天赋：圣物匣
Talent: Asteroid Zone,~,天赋：小行星区
Talent: Blacksword Missiles,~,天赋：黑剑导弹
Talent: Convoke the Circle,~,天赋：召集圆环
Talent: Covert Operation,~,天赋：秘密行动
Talent: Deadly Hunters,~,天赋：致命猎手
Talent: Deathwing Assault,~,天赋：死翼突袭
Talent: Defensive Turrets,~,天赋：防御炮塔
Talent: Desperate Mission,~,天赋：孤注一掷
Talent: Exemplar of Hate,~,天赋：憎恨典范
Talent: Fury of the Unforgiven,~,天赋：宽恕者之怒
Talent: Grim Effigy,~,天赋：肃穆雕像
Talent: Grim Resolve,~,天赋：钢铁决心
Talent: Hunt the Fallen,~,天赋：追猎堕落者
Talent: Inner Circle,~,天赋：内环
Talent: March of Vengeance,~,天赋：复仇进军
Talent: Martial Superiority,~,天赋：武力优势
Talent: Master Interromancer,~,天赋：审讯大师
Talent: Master of Manoeuvre,~,天赋：机动大师
Talent: Master of the Deathwing,~,天赋：死翼大师
Talent: None Must Know,~,天赋：无人知晓
Talent: Obscure Ritual,~,天赋：晦涩仪式
Talent: Plasma Generator,~,天赋：等离子发电机
Talent: Reconnaissance Mission,~,天赋：侦察任务
Talent: Rites of Penance,~,天赋：赎罪礼
Talent: Sacred Standard,~,天赋：神圣旗帜
Talent: Secret Agenda,~,天赋：隐秘议程
Talent: Smothering Decree,~,天赋：窒息敕令
Talent: Star Orbiting,~,天赋：环绕恒星
Talent: Steadfast Warriors,~,天赋：坚定战士
Talent: Stubborn Defiance,~,天赋：顽强抵抗
Talent: Supreme Grand Master,~,天赋：至高大师
Talent: The Rock,~,天赋：磐石
Talent: Unwavering Zeal,~,天赋：坚定狂热
Talent: Void Combat,~,天赋：虚空作战
Talent: Wages of Retribution,~,天赋：报应代价
Talent: Black Knight,~,天赋：黑骑士
Talent: Dark Talon,~,天赋：暗爪
Talent: Darkshroud,~,天赋：暗影笼罩
Talent: Land Speeder Vengeance,~,天赋：复仇者兰德飞车
Talent: Nephilim Jetfighter,~,天赋：尼非利姆喷气机
Talent: Ravenwing Ancient,~,天赋：渡鸦翼旗手
Talent: Ravenwing Bikes,~,天赋：渡鸦翼摩托
Talent: Ravenwing Champion,~,天赋：渡鸦翼冠军
Talent: Ravenwing Speeder,~,天赋：渡鸦翼飞车
Talent: Ravenwing Talonmaster,~,天赋：渡鸦翼队长
Talent: Repulsor,~,天赋：驱逐者
Talent: Sammael,~,天赋：萨玛尔
Talent: Unforgiven Redemptor,~,天赋：宽恕者救赎者
Talent: Asmodai,~,天赋：阿斯莫代
Talent: Azrael,~,天赋：阿兹瑞尔
Talent: Belial,~,天赋：贝利亚
Talent: Refuse to Yield,~,天赋：拒不退让
Talent: Assault Terminator,~,天赋：突击终结者
Talent: Chaplain Gabutheron,~,天赋：加布瑟隆牧师
Talent: Vengeful Brethren Bladeguard,~,天赋：复仇兄弟剑卫
Talent: Vengeful Brethren Hellblaster,~,天赋：复仇兄弟地狱火枪手
Talent: Vengeful Brethren Intercessor,~,天赋：复仇兄弟仲裁者
Talent: Watcher in the Dark,~,天赋：暗中守望者
Talent: Hunters of Heretics,~,天赋：异端猎手
Talent: Relic Munitions,~,天赋：圣物弹药
Talent: Vengeful Brethren,~,天赋：复仇兄弟
Talent: Ravenwing Ballistus Dreadnought,~,天赋：渡鸦翼弩炮无畏机甲
Talent: Master Zacharial,~,天赋：扎卡里尔大师
Talent: Master of Repentance,~,天赋：忏悔大师
Talent: Hellfire Torch,~,天赋：地狱火火炬
Talent: Hellfire Pit,~,天赋：地狱火坑
Talent: Alluress,~,天赋：魅惑者
Talent: Blissbringer,~,天赋：极乐使者
Talent: Daemonette,~,天赋：恶魔少女
Talent: Fiend,~,天赋：恶鬼
Talent: Slaanesh's Spawn,~,天赋：色孽之卵
Talent: Winged Daemon Prince,~,天赋：有翼恶魔亲王
Talent: Blastmaster Noise Marine,~,天赋：爆鸣者噪声战士
Talent: Disharmonist,~,天赋：失谐者
Talent: Dual Screamer Kakophonist,~,天赋：双重尖啸刺耳者
Talent: Flawless Blade Champion,~,天赋：无瑕之刃冠军
Talent: Flawless Blade,~,天赋：无瑕之刃
Talent: Glittering Myriad Infractor,~,天赋：绚丽万千违规者
Talent: Icon of Excess Infractor,~,天赋：放纵圣像违规者
Talent: Infractor Obsessionist,~,天赋：违规者痴迷者
Talent: Infractor,~,天赋：违规者
Talent: Konstrictus Tormentor,~,天赋：紧缚折磨者
Talent: Lord Exultant,~,天赋：狂喜领主
Talent: Lord Kakophonist,~,天赋：刺耳者领主
Talent: Malgarash the Adamant,~,天赋：马尔加拉什·坚毅者
Talent: Plasma Gun Tormentor,~,天赋：等离子枪折磨者
Talent: Rugged Disharmonist,~,天赋：粗犷失谐者
Talent: Slaanesh Sorcerer,~,天赋：色孽巫师
Talent: Sonic Blaster Noise Marine,~,天赋：音爆噪声战士
Talent: Threnodic Choir Flawless Blade,~,天赋：悲歌合唱团无瑕之刃
Talent: Threnodic Choir Flawless,~,天赋：悲歌合唱团无瑕者
Talent: Threnodic Choir Noise Marine,~,天赋：悲歌合唱团噪声战士
Talent: Tormentor Obsessionist,~,天赋：折磨者痴迷者
Talent: Tormentor,~,天赋：折磨者
Talent: Turyan Ghauze,~,天赋：图尔扬·高兹
Talent: Veteran Noise Marine,~,天赋：老兵噪声战士
Talent: Aural Hijack,~,天赋：听觉劫持
Talent: Empyric Rift,~,天赋：灵能裂隙
Talent: Stimm-Vents Leak,~,天赋：兴奋剂排气泄漏
Talent: Beautiful Death,~,天赋：美丽死亡
Talent: Carnival of Excess,~,天赋：纵欲狂欢
Talent: Chosen of Slaanesh,~,天赋：色孽选民
Talent: Coterie of the Conceited,~,天赋：自负者同盟
Talent: Dark Apparitions,~,天赋：黑暗幻影
Talent: Dark Prince´s Throne,~,天赋：黑暗王子王座
Talent: Duelist's Hubris (Lucius' Talent),~,天赋：决斗者的傲慢（卢修斯的天赋）
Talent: Antrak Silk,~,天赋：安特拉克丝
Talent: Heliotrophos,~,天赋：日光酮
Talent: Quail,~,天赋：鹌鹑
Talent: Shivversplint,~,天赋：颤刺
Talent: Skorflense,~,天赋：斯克芬斯
Talent: Xylocil,~,天赋：克西洛西尔
Talent: Embrace the Pain,~,天赋：拥抱痛苦
Talent: Eternal Servitude,~,天赋：永恒奴役
Talent: Euphoric Strike (Lord Exultant's Talent),~,天赋：狂喜重击（狂喜领主的天赋）
Talent: Excessive Vigour (Daemon Prince's Talent),~,天赋：过度活力（恶魔亲王的天赋）
Talent: Exquisite Swordsmanship,~,天赋：精湛剑术
Talent: Internal Rivalry,~,天赋：内部纷争
Talent: Mechanised Murder,~,天赋：机械杀戮
Talent: Mercurial Host,~,天赋：善变大军
Talent: Normal,~,天赋：普通
Talent: Peerless Bladesmen,~,天赋：绝世剑士
Talent: Plains of Excess,~,天赋：纵欲平原
Talent: Pledge to the Dark Prince,~,天赋：对黑暗王子的誓言
Talent: Quicksilver Grace,~,天赋：水银优雅
Talent: Rapid Evisceration,~,天赋：急速开膛
Talent: Rapturous Ruination,~,天赋：狂喜毁灭
Talent: Terrifying Crescendo,~,天赋：骇人渐强
Talent: Thrill Seekers,~,天赋：寻求刺激者
Talent: Tools of Torture,~,天赋：酷刑工具
Talent: Vengeful Surge,~,天赋：复仇之潮
Talent: Vial Tanks,~,天赋：药剂罐
Talent: Chaos Land Raider,~,天赋：混沌兰德袭击者
Talent: Chaos Rhino,~,天赋：混沌犀牛
Talent: Heldrake,~,天赋：地狱飞龙
Talent: Lucius The Eternal,~,天赋：永恒卢修斯
Talent: Xarahan Daemon Prince,~,天赋：夏拉罕恶魔亲王
Talent: Alien Idol,~,天赋：异形偶像
Talent: Pilfered Supplies,~,天赋：窃取补给
Talent: Rusted Vents,~,天赋：锈蚀通风口
Talent: Aberrant Hypermorph,~,天赋：异形超变体
Talent: Aberrant,~,天赋：异形
Talent: Abominant,~,天赋：异形霸主
Talent: Acolyte Heavy,~,天赋：侍僧重装
Talent: Acolyte Hybrid,~,天赋：侍僧混种
Talent: Acolyte Leader,~,天赋：侍僧队长
Talent: Acolyte Specialist,~,天赋：侍僧专家
Talent: Benefictus,~,天赋：受福者
Talent: Biophagus,~,天赋：噬生者
Talent: Clamavus,~,天赋：喧嚣者
Talent: Concealed Explosives,~,天赋：隐藏炸药
Talent: Genestealer Familiar,~,天赋：基因窃取者魔宠
Talent: Hulking Aberrant,~,天赋：魁梧异形
Talent: Hybrid Metamorph,~,天赋：变形混种
Talent: Kelermorph,~,天赋：凯勒魔
Talent: Locus,~,天赋：洛克斯
Talent: Metamorph Iconbearer,~,天赋：变形偶像持旗者
Talent: Metamorph Leader,~,天赋：变形队长
Talent: Neophyte Heavy,~,天赋：新教徒重装
Talent: Neophyte Hybrid,~,天赋：新教徒混种
Talent: Neophyte Iconbearer,~,天赋：新教徒持旗者
Talent: Neophyte Initiate,~,天赋：新教徒新兵
Talent: Neophyte Leader,~,天赋：新教徒队长
Talent: Neophyte Specialist,~,天赋：新教徒专家
Talent: Neophyte Trooper,~,天赋：新教徒步兵
Talent: Nexos,~,天赋：枢纽者
Talent: Patriarch,~,天赋：族长
Talent: Purestrain Genestealer,~,天赋：纯血基因窃取者
Talent: Reductus Saboteur,~,天赋：消减破坏者
Talent: Sanctus,~,天赋：圣徒
Talent: Mining Tremors,~,天赋：采矿震颤
Talent: Sump Overspill,~,天赋：污水外溢
Talent: Toxic Fumes,~,天赋：毒性烟雾
Talent: Ambush,~,天赋：伏击
Talent: A Trap Sprung,~,天赋：陷阱触发
Talent: Backstab,~,天赋：背刺
Talent: Bore Through,~,天赋：钻透
Talent: Brood Prophet,~,天赋：教派先知
Talent: Clandestine Operation,~,天赋：隐秘行动
Talent: Cult Propaganda,~,天赋：教派宣传
Talent: Cut Them Off,~,天赋：切断退路
Talent: Day of Ascension,~,天赋：升天之日
Talent: Deadliest Killer,~,天赋：最致命的杀手
Talent: Enhanced Aggression,~,天赋：强化攻击性
Talent: Enhanced Musculature,~,天赋：强化肌肉
Talent: Enhanced Resilience,~,天赋：强化韧性
Talent: Eve of the Uprising,~,天赋：起义前夕
Talent: Experimental Bio-Horrors,~,天赋：实验性生物恐怖
Talent: Gestalt Energy,~,天赋：聚合能量
Talent: Hive Fleet Arrival,~,天赋：虫巢舰队降临
Talent: Improvised Barricade,~,天赋：临时路障
Talent: Inscrutable Cunning,~,天赋：莫测狡诈
Talent: Jammed Communications,~,天赋：通讯干扰
Talent: Living Icon,~,天赋：活体圣像
Talent: Lying in Wait,~,天赋：伺机而动
Talent: Master Outrider,~,天赋：骑术大师
Talent: Nexus of Devotion,~,天赋：虔诚枢纽
Talent: Open Insurrection,~,天赋：公开叛乱
Talent: Perfect Ambush,~,天赋：完美伏击
Talent: Perfect Hosts,~,天赋：完美宿主
Talent: Poisoned Supplies,~,天赋：中毒补给
Talent: Rampant Infestation,~,天赋：猖獗侵染
Talent: Roaming Outriders,~,天赋：游荡侦骑
Talent: Rogue Informant,~,天赋：叛变线人
Talent: Subterranean Ambush,~,天赋：地下伏击
Talent: Summon the Cult,~,天赋：召唤教派
Talent: Telephatic Domination,~,天赋：心灵支配
Talent: Underground Network,~,天赋：地下网络
Talent: Vox-Hacker,~,天赋：声讯黑客
Talent: Xeno-Mutations,~,天赋：异形突变
Talent: Achilles Ridgerunner,~,天赋：阿喀琉斯山脊车
Talent: Atalan Jackal,~,天赋：阿塔兰胡狼
Talent: Atalan Leader,~,天赋：阿塔兰队长
Talent: Atalan Wolfquad,~,天赋：阿塔兰狼式摩托
Talent: Cult Leman Russ,~,天赋：教派莱曼·鲁斯
Talent: Cult Sentinel,~,天赋：教派哨兵
Talent: Goliath Rockgrinder,~,天赋：歌利亚碾石车
Talent: Goliath Truck,~,天赋：歌利亚卡车
Talent: Jackal Outrider,~,天赋：胡狼骑兵
Talent: Jackal Scout,~,天赋：胡狼斥候
Talent: Jackal Specialist,~,天赋：胡狼专家
Talent: Spotter Ridgerunner,~,天赋：观测山脊车
Talent: Acolyte Iconward,~,天赋：侍僧持旗者
Talent: Lhaska Szenari,~,天赋：拉什卡·泽纳里
Talent: Magus Uthrel Naas,~,天赋：大导师乌斯雷尔·纳斯
Talent: Primus Saffa Rhiannor,~,天赋：首席萨法·里安诺
Talent: Dark Pact of Fate,~,天赋：命运黑暗契约
Talent: Dark Pact of Blood,~,天赋：鲜血黑暗契约
Talent: Dark Pact of Excess,~,天赋：纵欲黑暗契约
Talent: Dark Pact of Resilience,~,天赋：韧性黑暗契约
Talent: Lord Kaphrael,~,天赋：卡弗拉尔领主
Talent: Veldras the Sublime,~,天赋：维尔德拉斯·崇高者
Talent: Armoury of Excess,~,天赋：纵欲军械库
Talent: Decadent Throne,~,天赋：颓废王座
Talent: Rusted Vent,~,天赋：锈蚀风口
Talent: Ghazghkull Thraka,~,天赋：加兹古尔·斯拉卡
Talent: Beast Snagga Boy,~,天赋：猎兽小子
Talent: Beastboss on Squigosaur,~,天赋：猪龙野兽头目
Talent: Gargantuan Squiggoth,~,天赋：巨型猪兽
Talent: Grot Orderly,~,天赋：地精勤务兵
Talent: Grot on Bombsquig,~,天赋：炸弹猪上的地精
Talent: Hunta Rig,~,天赋：猎兽战车
Talent: Kill Rig,~,天赋：杀戮战车
Talent: Nob on Smasha Squig,~,天赋：重装砸猪老大
Talent: Painboss,~,天赋：痛医头目
Talent: Runtherd,~,天赋：放牧者
Talent: Snakebite Grot,~,天赋：蛇咬地精
Talent: Squighog Boyz,~,天赋：猪骑士小子
Talent: Thump Gun Beast Snagga,~,天赋：重锤炮猎兽小子
Talent: Wurrboy,~,天赋：嚎哭小子
Talent: Zodgrod Wortsnagga,~,天赋：佐德格罗德·沃茨纳加
Talent: Cyber‑augmentation,~,天赋：赛博强化
Talent: Da Hunt is On,~,天赋：狩猎开始！
Talent: Da Old Ways,~,天赋：老规矩
Talent: Dok’s Toolz (Painboss' talent),~,天赋：医官的工具（痛医头目天赋）
Talent: Drag it Down,~,天赋：拖倒它！
Talent: Fasta Than Yooz,~,天赋：比你们快
Talent: Ferocious Rage (Beastboss' Talent),~,天赋：凶暴之怒（野兽头目天赋）
Talent: Gnarled and Rugged,~,天赋：皮糙肉厚
Talent: Monster Hunters,~,天赋：怪物猎手
Talent: Power of the Waaagh!,~,天赋：哇！战吼之力
Talent: Skrag Every Stash!,~,天赋：抄光所有藏货！
Talent: Thundering Stampede,~,天赋：雷鸣狂奔
Talent: Snakebite Battlewagon,~,天赋：蛇咬战斗车
Talent: Beastboss Morgrim,~,天赋：野兽头目莫格里姆
Talent: Mozrog Skragbad,~,天赋：莫兹罗格·斯克拉格巴德
Talent: Beast Snagga Nob,~,天赋：猎兽老大
Talent: Snakebite Nob,~,天赋：蛇咬老大
Talent: Unleashed TramplaSquig,~,天赋：脱缰践踏猪
Talent: Weirdboy,~,天赋：灵能小子
Talent: Da Bigger Dey Iz... (Mozrog's Talent),~,天赋：它们越大……（莫兹罗格天赋）
Talent: Special Dose (Zodgrod Wortsnagga Talent),~,天赋：特制药剂（佐德格罗德·沃茨纳加天赋）
Talent: Waaagh! Energy (Weirdboy Talent),~,天赋：哇！战吼能量（灵能小子天赋）
Talent: Ardshell Gurk,~,天赋：硬壳古尔克
Talent: Banner Nob,~,天赋：旗手老大
Talent: Big Choppa Nob,~,天赋：大砍刀老大
Talent: Big Krumpaz,~,天赋：暴揍打手
Talent: Big Shoota Boy,~,天赋：大枪小子
Talent: Bomb Squig,~,天赋：炸弹猪
Talent: Boss Nob,~,天赋：头目老大
Talent: Burna Boy,~,天赋：喷火小子
Talent: Deffgun Loota,~,天赋：死枪掠夺者
Talent: Grot,~,天赋：地精
Talent: Hornhelmz Boy,~,天赋：角盔小子
Talent: Kommando,~,天赋：敢死队
Talent: Makari the Grot,~,天赋：地精马卡里
Talent: Meganob Ugrak,~,天赋：重甲老大乌格拉克
Talent: Mekboy Gazmek,~,天赋：技师小子加兹梅克
Talent: Ork Boy,~,天赋：兽人小子
Talent: Ork Nob,~,天赋：兽人老大
Talent: Ork Spanner,~,天赋：兽人扳手
Talent: PainBoy Sniklaw,~,天赋：痛医官斯尼克拉夫
Talent: Rokkit Boy,~,天赋：火箭小子
Talent: Shoota Boy,~,天赋：射枪小子
Talent: Skarboy Nob,~,天赋：伤疤老大
Talent: Slugga Boy,~,天赋：斯鲁格小子
Talent: Stikkbomb Boy,~,天赋：粘弹小子
Talent: Stormboy,~,天赋：风暴小子
Talent: Tankbusta,~,天赋：破坦者
Talent: Trukk Boy,~,天赋：卡车小子
Talent: Veteran Flyboy,~,天赋：飞行老兵
Talent: Dust Storm,~,天赋：尘暴
Talent: Night Attack,~,天赋：夜袭
Talent: Spore Cloud,~,天赋：孢子云
Talent: Ard As Nails,~,天赋：硬如钉子
Talent: Attack Squig,~,天赋：突袭猪
Talent: Cloud Of Smoke,~,天赋：烟幕
Talent: Da Green Horde,~,天赋：绿皮大军
Talent: Da Irongob,~,天赋：铁嘴
Talent: Da Red Waaagh,~,天赋：红色哇战吼
Talent: Dead Choppy,~,天赋：贼能砍
Talent: Extractor Rig,~,天赋：回收塔车
Talent: Follower of Gork,~,天赋：高克的追随者
Talent: Get'em ladz!,~,天赋：上啊，小子们！
Talent: Greatest Warboss,~,天赋：最伟大的战头目
Talent: Gretchin Mob,~,天赋：地精帮
Talent: Gretchin Tower,~,天赋：地精塔
Talent: Grizzled Skarboy,~,天赋：久经沙场的伤疤小子
Talent: Grot Bomb,~,天赋：地精炸弹
Talent: Krump da Gitz,~,天赋：揍扁蠢货们！
Talent: Mekaniak,~,天赋：技师狂人
Talent: More Dakka,~,天赋：更多火力
Talent: No Mukkin About,~,天赋：别磨蹭！
Talent: Ork Encampment,~,天赋：兽人营地
Talent: Proper Killy,~,天赋：真够狠
Talent: Prophet of the Waaagh,~,天赋：哇！战吼先知
Talent: Pyromaniaks,~,天赋：纵火狂
Talent: Ramshackle,~,天赋：七拼八凑
Talent: Rok Invasion,~,天赋：火箭入侵
Talent: Sawbonez,~,天赋：锯骨大夫
Talent: Scrag ’Em,~,天赋：干翻他们！
Talent: Skorcha Assault,~,天赋：喷火突击
Talent: Stomp Em,~,天赋：踩扁他们！
Talent: Stormboyz Strike,~,天赋：风暴小子突袭
Talent: Tide of Muscle,~,天赋：肌肉狂潮
Talent: Toxic Bonfire,~,天赋：剧毒篝火
Talent: Uge Choppa,~,天赋：超大砍刀
Talent: Unbridled Carnage,~,天赋：无度屠戮
Talent: Will of Gork,~,天赋：高克之志
Talent: Worst Temper,~,天赋：暴脾气
Talent: Wreckin Ball,~,天赋：拆迁铁球
Talent: Battlewagon,~,天赋：战斗马车
Talent: Boomdakka Snazzwagon,~,天赋：爆轰炫车
Talent: Deff Dread,~,天赋：死恐无畏
Talent: Deffkopta,~,天赋：死亡直升机
Talent: Gorkanaut,~,天赋：高克机甲
Talent: Grot Tank,~,天赋：地精坦克
Talent: Gunwagon,~,天赋：炮战车
Talent: Killa Kan,~,天赋：杀戮罐
Talent: Krumpaklaw,~,天赋：暴揍爪
Talent: Rukkatrukk Squigbuggy,~,天赋：隆隆猪车
Talent: Stompa,~,天赋：踩踏机甲
Talent: Warbiker,~,天赋：战争摩托手
Talent: Boss Zagstruk,~,天赋：头目扎格斯特鲁克
Talent: Grukk Face-Rippa,~,天赋：古鲁克·撕面者
Talent: Warboss Gordrang,~,天赋：战头目戈德朗
Talent: Mega Blasta Deffkopta,~,天赋：重爆死亡直升机
Talent: Ursula Creed,~,天赋：克里德
Talent: Minka Lesk,~,天赋：明卡·莱斯克
Talent: Defence Batteries,~,天赋：防御炮组
Talent: Munitorum Supplies,~,天赋：军需补给
Talent: Timely Reinforcements,~,天赋：及时增援
Talent: Astropath,~,天赋：星语者
Talent: Attilan Rough Rider,~,天赋：阿提拉莽骑兵
Talent: Bullgryn Bone’ead,~,天赋：布尔格伦骨脑
Talent: Cadian Castellan,~,天赋：卡迪亚守备官
Talent: Cadian Medic,~,天赋：卡迪亚医疗兵
Talent: Cadian Standard Bearer,~,天赋：卡迪亚旗手
Talent: Commissar,~,天赋：政委
Talent: Faeburn Vanquisher,~,天赋：法伯恩·歼灭者
Talent: Flamer Trooper,~,天赋：喷火兵
Talent: Kasrkin,~,天赋：卡斯金
Talent: Maelon Dhrost,~,天赋：梅隆·德罗斯特
Talent: Master of Ordnance,~,天赋：军械大师
Talent: Medic Scion,~,天赋：医护圣选兵
Talent: Nork Deddog,~,天赋：诺克·德多格
Talent: Ogryn,~,天赋：奥格林
Talent: Primaris Psyker,~,天赋：常备灵能者
Talent: Ratling,~,天赋：鼠人
Talent: Shock Trooper Sgt,~,天赋：震荡突击兵军士
Talent: Shock Trooper,~,天赋：震荡突击兵
Talent: Tech-Priest Enginseer,~,天赋：机械神甫机务师
Talent: Tempestor Sergeant,~,天赋：暴风军士长
Talent: Tempestus Aquilon,~,天赋：暴风阿奎隆
Talent: Tempestus Scion,~,天赋：暴风圣选兵
Talent: Vitus Gryf,~,天赋：维图斯·格里夫
Talent: Vox Operator,~,天赋：通讯兵
Talent: Dawn Attack,~,天赋：黎明突袭
Talent: Factories Overdrive,~,天赋：工厂超载
Talent: Planetary invasion,~,天赋：行星入侵
Talent: Armoured Lightning,~,天赋：装甲闪电
Talent: Armoured Squadron,~,天赋：装甲中队
Talent: Artillery Strike,~,天赋：炮火打击
Talent: At All Costs,~,天赋：不惜一切
Talent: Born Soldier,~,天赋：天生士兵
Talent: Cadia Stands,~,天赋：卡迪亚屹立
Talent: Efficiency and Excellence,~,天赋：效率与卓越
Talent: Forged Killers,~,天赋：锻造杀手
Talent: Full Throttle,~,天赋：全速前进
Talent: Godspear Warhead,~,天赋：神矛弹头
Talent: High Command,~,天赋：最高指挥部
Talent: Lead by Example,~,天赋：以身作则
Talent: Legendary Commandant,~,天赋：传奇司令官
Talent: Mechanised Infantry,~,天赋：机械化步兵
Talent: Move! Move! Move!,~,天赋：前进！前进！前进！
Talent: Pinning Fire,~,天赋：压制火力
Talent: Press the Attack,~,天赋：主动出击
Talent: Recon Operation,~,天赋：侦察行动
Talent: Regimental Doctrine,~,天赋：团队教义
Talent: Renowned Bodyguard,~,天赋：著名保镖
Talent: Righteous Gaze,~,天赋：正义凝视
Talent: Shock Troops,~,天赋：突击部队
Talent: Siege Warfare,~,天赋：围城战
Talent: Summary Execution,~,天赋：即决处决
Talent: Thermal Weaponry,~,天赋：热能武器
Talent: Thunderous Charge,~,天赋：雷霆冲锋
Talent: Valkyrie Drop,~,天赋：女武神空降
Talent: Vengeance for Cadia,~,天赋：为卡迪亚复仇
Talent: Aquilon Servo-Sentry,~,天赋：阿奎隆伺服哨戒
Talent: Armoured Sentinel,~,天赋：装甲哨兵
Talent: Autocannon Squad,~,天赋：自动炮小队
Talent: Baneblade Tank,~,天赋：毒刃战车
Talent: Basilisk,~,天赋：巴西利斯克
Talent: Bombast Field Gun,~,天赋：邦巴斯特野战炮
Talent: Chimera,~,天赋：奇美拉
Talent: Hydra,~,天赋：九头蛇
Talent: Leman Russ Vanquisher,~,天赋：黎曼鲁斯·歼灭者
Talent: Leman Russ,~,天赋：黎曼鲁斯
Talent: Manticore,~,天赋：曼提柯尔
Talent: Rogal Dorn Tank,~,天赋：罗加·多恩坦克
Talent: Scout Sentinel,~,天赋：侦察哨兵
Talent: Taurox Prime,~,天赋：陶洛克精英装甲车
Talent: Taurox,~,天赋：陶洛克装甲车
Talent: Valkyrie,~,天赋：瓦尔基里
Talent: Commissar Elan,~,天赋：政委·埃兰
Talent: Hektor Thenmann,~,天赋：赫克托·滕曼
Talent: Lord Solar Leontus,~,天赋：太阳领主莱昂图斯
Talent: Ophydian Destroyer,~,天赋：奥菲迪安毁灭者
Talent: Canoptek Plasmacyte,~,天赋：冥府质体
Talent: Canoptek Scarab,~,天赋：冥府圣甲虫
Talent: Canoptek Spyder,~,天赋：冥府蜘蛛
Talent: Canoptek Wraith,~,天赋：冥府幽灵
Talent: Chronomancer,~,天赋：时相术士
Talent: Cryptothrall,~,天赋：墓穴仆役
Talent: Damaged Hexmark,~,天赋：受损六印毁灭者
Talent: Damaged Plasmacyte,~,天赋：受损冥府质体
Talent: Deathmark,~,天赋：死印
Talent: Flayed One,~,天赋：剥皮者
Talent: Flayed Ones Pack,~,天赋：剥皮者兽群
Talent: Gauss Blaster Immortal,~,天赋：高斯冲击枪不朽者
Talent: Gauss Reaper Warrior,~,天赋：高斯收割者战士
Talent: Hexmark Destroyer,~,天赋：六印毁灭者
Talent: Immortals Phalanx,~,天赋：不朽者方阵
Talent: Lokhust Destroyer,~,天赋：洛库斯特毁灭者
Talent: Lokhust Heavy Destroyer,~,天赋：洛库斯特重型毁灭者
Talent: Lokhust Lord,~,天赋：洛库斯特领主
Talent: Lychguard,~,天赋：圣卫兵
Talent: Necron Lord,~,天赋：死灵领主
Talent: Necron Warrior,~,天赋：死灵战士
Talent: Plasmancer,~,天赋：等离子术士
Talent: Psychomancer,~,天赋：心灵术士
Talent: Royal Warden,~,天赋：皇家典狱官
Talent: Scarab Swarm,~,天赋：圣甲虫虫群
Talent: Skorpekh Destroyer,~,天赋：斯科尔佩赫毁灭者
Talent: Skorpekh Lord,~,天赋：斯科尔佩赫领主
Talent: Technomancer,~,天赋：技术术士
Talent: Tesla Carbine Immortal,~,天赋：特斯拉卡宾枪不朽者
Talent: Triarch Praetorian,~,天赋：三王禁卫
Talent: Vargard Obyron,~,天赋：瓦加德·奥比伦
Talent: Canoptek Reanimator,~,天赋：冥府复生者
Talent: Earthquake,~,天赋：地震
Talent: Immortal Beams,~,天赋：不朽光束
Talent: Solar Storm,~,天赋：太阳风暴
Talent: Annihilation Command,~,天赋：歼灭指令
Talent: Awakened Dynasty,~,天赋：觉醒王朝
Talent: Awakening Obelisk,~,天赋：苏醒方尖碑
Talent: Conquering Tyrant,~,天赋：征服暴君
Talent: Curse of the Phaeron,~,天赋：法老诅咒
Talent: Dimensional Breach,~,天赋：次元裂隙
Talent: Dimensional Corridor,~,天赋：次元走廊
Talent: Disentegration Capacitors,~,天赋：解离电容
Talent: Disruption Blades,~,天赋：扰乱之刃
Talent: Divination Menhir,~,天赋：占卜石柱
Talent: Extermination Protocols,~,天赋：歼灭协议
Talent: Hardwired Destruction,~,天赋：硬接线毁灭
Talent: Hyperlogical Strategist,~,天赋：超逻辑战略家
Talent: Immortal Pride,~,天赋：不朽之傲
Talent: Implacable Conqueror,~,天赋：无情征服者
Talent: Indomitable Will,~,天赋：不屈意志
Talent: Inescapable Retribution,~,天赋：无法逃脱的惩罚
Talent: Lord of the Storm,~,天赋：风暴领主
Talent: Master Chronomancer,~,天赋：时相大师
Talent: Methodical Destruction,~,天赋：有条不紊的毁灭
Talent: Particle Whip,~,天赋：粒子鞭
Talent: Protection Protocol,~,天赋：保护协议
Talent: Reanimate,~,天赋：复生
Talent: Reanimation Protocol,~,天赋：复生协议
Talent: Reconstitution Protocols,~,天赋：重构协议
Talent: Relentless Advance,~,天赋：无情推进
Talent: Relentless March,~,天赋：无情进军
Talent: Resurrection Orb,~,天赋：复活宝珠
Talent: Resurrection Vault,~,天赋：复活圣库
Talent: Scythe Assault,~,天赋：镰刀突击
Talent: Self-Destruction,~,天赋：自我毁灭
Talent: Solar Pulse,~,天赋：太阳脉冲
Talent: Spyder Nest,~,天赋：蜘蛛巢
Talent: Tomb World,~,天赋：墓穴世界
Talent: Annihilation Barge,~,天赋：歼灭驳船
Talent: Command Barge,~,天赋：指挥驳船
Talent: Doom Scythe,~,天赋：末日镰刀
Talent: Doomstalker,~,天赋：末日行者
Talent: Ghost Ark,~,天赋：幽灵方舟
Talent: Monolith,~,天赋：独石碑
Talent: Night Scythe,~,天赋：夜镰
Talent: Tomb Blade,~,天赋：墓刃
Talent: Triarch Stalker,~,天赋：三王猎手
Talent: Nemesor Zahndrekh,~,天赋：内默萨·赞德雷克
Talent: Diviner,~,天赋：占卜师
Talent: Ramatekh The Cruel,~,天赋：残忍者拉玛泰克
Talent: Lord Commander,~,天赋：统帅
Talent: Undying Legions,~,天赋：不朽军团
Talent: Awakened Obelisk,~,天赋：觉醒方尖碑
Talent: Autarch,~,天赋：总督
Talent: Death Spinner Warp Spider,~,天赋：死亡纺锤扭曲蜘蛛
Talent: Dire Avenger Exarch,~,天赋：复仇者长老
Talent: Dire Avenger,~,天赋：复仇者
Talent: Farseer,~,天赋：先知
Talent: Fire Dragon,~,天赋：火龙
Talent: Guardian Defender,~,天赋：防卫守护者
Talent: Howling Banshee Exarch,~,天赋：嚎叫女妖长老
Talent: Howling Banshee,~,天赋：嚎叫女妖
Talent: Orian Laratharjos,~,天赋：奥里安·拉拉萨约斯
Talent: Ranger,~,天赋：游侠
Talent: Spiritseer Qelenaris,~,天赋：灵先知·奎莱纳里斯
Talent: Spiritseer,~,天赋：灵先知
Talent: Storm Guardian,~,天赋：风暴守护者
Talent: Striking Scorpion Exarch,~,天赋：突击蝎子长老
Talent: Striking Scorpion,~,天赋：突击蝎子
Talent: Swooping Hawk Exarch,~,天赋：俯冲猎鹰长老
Talent: Swooping Hawk,~,天赋：俯冲猎鹰
Talent: Vengeful Wraithblade,~,天赋：复仇幽刃
Talent: Veteran Guardian,~,天赋：老兵守护者
Talent: Warlock,~,天赋：术士
Talent: Warp Spider Exarch,~,天赋：扭曲蜘蛛长老
Talent: Warp Spider,~,天赋：扭曲蜘蛛
Talent: Weapons Platform,~,天赋：武器平台
Talent: Winged Autarch,~,天赋：有翼总督
Talent: Witchblade Warlock,~,天赋：巫刃术士
Talent: Wraithblade,~,天赋：幽刃
Talent: Wraithguard,~,天赋：幽卫
Talent: Yrlla the Huntress,~,天赋：女猎手伊尔拉
Talent: Avatar of Khaine,~,天赋：凯恩化身
Talent: Blackout,~,天赋：黑幕
Talent: Infinity Circuit Overload,~,天赋：无限回路过载
Talent: Webway Rift,~,天赋：网道裂隙
Talent: Aerial Dominion,~,天赋：空中霸权
Talent: Ahnakh-Yth Shrine,~,天赋：阿纳赫-伊斯圣殿
Talent: Aspect Shrine,~,天赋：支派圣殿
Talent: Banshee Mask,~,天赋：女妖面具
Talent: Bladestorm,~,天赋：剑刃风暴
Talent: Cosmic Serpent,~,天赋：宇宙巨蛇
Talent: Craftworld Convergence,~,天赋：方舟世界汇聚
Talent: Dance of Death,~,天赋：死亡之舞
Talent: Deadly Ambush,~,天赋：致命伏击
Talent: Devoted of Khaine,~,天赋：凯恩信徒
Talent: Eldritch Storm,~,天赋：秘术风暴
Talent: Evasive Manoeuvre,~,天赋：规避机动
Talent: Fate Inescapable,~,天赋：宿命难逃
Talent: Fire and Fade,~,天赋：打了就跑
Talent: Flickerjump,~,天赋：闪烁跳跃
Talent: Forewarned,~,天赋：预警
Talent: Graceful Avoidance,~,天赋：灵巧规避
Talent: Hosts of the Dead,~,天赋：亡者军团
Talent: Infinity Circuit,~,天赋：无限回路
Talent: Inspiring Legacy,~,天赋：激励传承
Talent: Nightshade Interceptors,~,天赋：夜影拦截者
Talent: Path of Command,~,天赋：统御之道
Talent: Path of the Seer,~,天赋：先知之道
Talent: Reclaim the Stars,~,天赋：夺回群星
Talent: Storm of Silence,~,天赋：寂静风暴
Talent: Sudden Assault,~,天赋：突袭
Talent: Wailing Doom,~,天赋：恸哭毁灭
Talent: Webway Entrance,~,天赋：网道入口
Talent: Webway Gate,~,天赋：网道之门
Talent: Webway Incursion,~,天赋：网道入侵
Talent: Whirling Death,~,天赋：回旋之死
Talent: Wild Host,~,天赋：狂野宿主
Talent: Will of Asuryan,~,天赋：阿斯尤扬之意志
Talent: Wrath of Khaine,~,天赋：凯恩之怒
Talent: Bright Lance Vyper,~,天赋：亮枪蝰蛇
Talent: Crimson Hunter,~,天赋：猩红猎手
Talent: Falcon,~,天赋：猎鹰
Talent: Farseer Skyrunner,~,天赋：先知天行者
Talent: Fire prism,~,天赋：火焰棱镜
Talent: Hemlock Wraithfighter,~,天赋：铁杉魂飞者
Talent: Hornet,~,天赋：大黄蜂
Talent: Night Spinner,~,天赋：夜纺者
Talent: Nuadhu Fireheart,~,天赋：努阿杜·火心
Talent: Shining Spear Exarch,~,天赋：闪耀之矛长老
Talent: Shining Spear,~,天赋：闪耀之矛
Talent: Shroud Runner,~,天赋：隐匿行者
Talent: Vyper,~,天赋：蝰蛇
Talent: War Walker,~,天赋：战争行者
Talent: Warlock Skyrunner,~,天赋：术士天行者
Talent: Wave Serpent,~,天赋：波浪蛇
Talent: Windrider,~,天赋：风行者
Talent: Wraithknight,~,天赋：幽骑士
Talent: Wraithlord,~,天赋：幽尊
Talent: Anvirr Keltoc,~,天赋：安维尔·凯尔托克
Talent: Eliac Zephyrblade,~,天赋：伊利亚克·泽菲刃
Talent: Medreyal Ghaelyn,~,天赋：梅德雷亚尔·盖林
Talent: Jain Zar,~,天赋：杰因·扎尔
Talent: Lhykhis,~,天赋：莱基斯
Talent: Adelaide the Serene,~,天赋：宁静的阿德莱德
Talent: Aestred-Thurga,~,天赋：艾斯特雷德-瑟加
Talent: Amalia Novena,~,天赋：阿玛莉亚·诺维娜
Talent: Arco-Flagellant,~,天赋：电鞭苦修者
Talent: Armorium Cherub,~,天赋：军械库小天使
Talent: Battle Sister Gunner,~,天赋：战斗修女枪手
Talent: Battle Sister,~,天赋：战斗修女
Talent: Canoness,~,天赋：教长
Talent: Celestian Sacresant,~,天赋：天界修女圣卫
Talent: Celestian Superior,~,天赋：天界修女长
Talent: Celestian,~,天赋：天界修女
Talent: Crusader,~,天赋：十字军战士
Talent: Death Cult Assassin,~,天赋：死亡教派刺客
Talent: Dialogus,~,天赋：执事
Talent: Dominion Superior,~,天赋：多米尼恩修女长
Talent: Dominion,~,天赋：多米尼恩修女
Talent: Ephrael Stern,~,天赋：埃弗拉尔·斯特恩
Talent: Hospitaller,~,天赋：医疗修女
Talent: Imagifier,~,天赋：圣像师
Talent: Ministorum Priest,~,天赋：国教牧师
Talent: Missionary,~,天赋：传教士
Talent: Preacher,~,天赋：布道者
Talent: Retributor,~,天赋：惩戒修女
Talent: Sacred Rose Sister,~,天赋：圣玫瑰修女
Talent: Saint Celestine,~,天赋：圣塞莱斯廷
Talent: Seraphim,~,天赋：炽天使
Talent: Simulacrum Bearer,~,天赋：圣像持有者
Talent: Simulacrum Imperialis,~,天赋：帝皇圣像
Talent: Sister Dogmata,~,天赋：教义修女
Talent: Sister Novitiate,~,天赋：见习修女
Talent: Sister Superior,~,天赋：修女长
Talent: Sisters Repentia,~,天赋：忏悔修女
Talent: Triumph of Saint Katherine,~,天赋：圣凯瑟琳凯旋
Talent: Zephyrim Superior,~,天赋：泽菲里姆修女长
Talent: Zephyrim,~,天赋：泽菲里姆修女
Talent: Beacon of Faith,~,天赋：信仰灯塔
Talent: Blade of Faith,~,天赋：信仰之刃
Talent: Cleansing Flames,~,天赋：净化之焰
Talent: Conviction of Faith,~,天赋：坚定信仰
Talent: Daemonbreaker,~,天赋：破魔者
Talent: Defenders of the Faith,~,天赋：信仰捍卫者
Talent: Devout Serenity,~,天赋：虔诚宁静
Talent: Devout Warriors,~,天赋：虔诚战士
Talent: Disrupted Sanctuary,~,天赋：受扰圣所
Talent: Divine Intervention,~,天赋：神圣干预
Talent: Emperor's Judgement,~,天赋：帝皇的审判
Talent: Fiery Conviction,~,天赋：炽热信念
Talent: Furious Reprisal,~,天赋：狂怒报复
Talent: Fury of the Righteous,~,天赋：义人之怒
Talent: Guidance of the Saints,~,天赋：圣徒指引
Talent: Hallowed Martyrs,~,天赋：圣洁殉道者
Talent: Holy Fire,~,天赋：圣火
Talent: Hymn of Battle,~,天赋：战斗圣歌
Talent: Imperial Creed,~,天赋：帝国信条
Talent: Inspiring Oratory,~,天赋：激励演说
Talent: Lead the Righteous,~,天赋：引领义人
Talent: Miraculous Feat,~,天赋：奇迹壮举
Talent: Prayer,~,天赋：祷文
Talent: Purgator Mirabilis,~,天赋：奇迹涤罪者
Talent: Raging Storm,~,天赋：狂暴风暴
Talent: Relics of Saint Katherine,~,天赋：圣凯瑟琳圣物
Talent: Righteous Repugnance,~,天赋：义愤
Talent: Rite of Restoration,~,天赋：复原仪式
Talent: Sacred Altar,~,天赋：圣坛
Talent: Sacred Rose,~,天赋：圣玫瑰
Talent: Shrine Bombardement,~,天赋：圣殿轰击
Talent: Shrineworld,~,天赋：圣殿世界
Talent: Slay the Heretic,~,天赋：斩杀异端
Talent: Spirit of the Martyr,~,天赋：殉道者之灵
Talent: Trial of Suffering,~,天赋：苦难试炼
Talent: Castigator,~,天赋：惩戒者
Talent: Exorcist,~,天赋：驱魔者
Talent: Immolator,~,天赋：焚化者
Talent: Mortifier,~,天赋：苦修机
Talent: Paragon Warsuit,~,天赋：典范战甲
Talent: Penitent Engine,~,天赋：忏悔引擎
Talent: Sororitas Rhino,~,天赋：修女犀牛
Talent: Celestian Sacresant Aveline,~,天赋：天界修女圣卫·阿芙琳
Talent: Erika Luminas,~,天赋：埃丽卡·卢米纳斯
Talent: Junith Eruita,~,天赋：朱妮丝·埃鲁伊塔
Talent: Morvenn Vahl,~,天赋：莫文·瓦尔
Talent: Moment of Grace,~,天赋：恩典时刻
Talent: Broadside Battlesuit,~,天赋：宽面甲
Talent: Coldstar Battlesuit,~,天赋：冷星甲
Talent: Crisis Battlesuit,~,天赋：危机甲
Talent: Crisis Bodyguard,~,天赋：危机护卫
Talent: Enforcer Battlesuit,~,天赋：执法者甲
Talent: Riptide Battlesuit,~,天赋：激流甲
Talent: Stealth Battlesuit,~,天赋：隐匿甲
Talent: Stealth Shas’ui,~,天赋：隐匿火氏士
Talent: Stormsurge Battlesuit,~,天赋：风暴甲
Talent: Grav Inhibitor Drone,~,天赋：重力抑制无人机
Talent: Guardian Drone,~,天赋：守护无人机
Talent: Gun Drone,~,天赋：枪无人机
Talent: Marker Drone,~,天赋：标记无人机
Talent: Missile Drone,~,天赋：导弹无人机
Talent: Sniper Drone,~,天赋：狙击无人机
Talent: Stealth Drone,~,天赋：潜行无人机
Talent: Aunshi Ethereal,~,天赋：昂希以太
Talent: Breacher Fire Warrior,~,天赋：突破者火氏战士
Talent: Breacher ShasUi,~,天赋：突破者火氏士
Talent: Cadre Fireblade,~,天赋：火刃干部
Talent: Darkstrider,~,天赋：暗行者
Talent: Fire Warrior Sniper,~,天赋：火氏狙击手
Talent: Fire Warrior,~,天赋：火氏战士
Talent: Firesight Marksman,~,天赋：锐眼射手
Talent: Flesh Shaper,~,天赋：血肉塑形者
Talent: Honoured Ethereal,~,天赋：荣耀以太
Talent: Kroot Carnivore,~,天赋：克鲁特食肉者
Talent: Kroot Hound,~,天赋：克鲁特猎犬
Talent: Krootox Rampager,~,天赋：克鲁特狂暴兽
Talent: Krootox Rider,~,天赋：克鲁特骑手
Talent: Lone-spear,~,天赋：独矛
Talent: Pathfinder,~,天赋：探路者
Talent: Strike Team,~,天赋：打击小队
Talent: Trail Shaper,~,天赋：踪迹塑形者
Talent: Vespid Stingwings,~,天赋：黄蜂族刺翼
Talent: Electro-Static Interference,~,天赋：静电干扰
Talent: Radiation Storm,~,天赋：辐射风暴
Talent: Solar Eclipse,~,天赋：日食
Talent: Burgeoning Empire,~,天赋：昌盛帝国
Talent: Coordinated Engagement,~,天赋：协同作战
Talent: Deploy Anchors,~,天赋：部署锚桩
Talent: Drone Companion,~,天赋：无人机伴生
Talent: Dynamic Offensive,~,天赋：动态攻势
Talent: Emergency Dispensation,~,天赋：紧急豁免
Talent: Ethereal Supreme,~,天赋：至尊以太
Talent: Experimental Drone,~,天赋：实验无人机
Talent: For the Greater Good,~,天赋：为至高善意
Talent: Fortified Positions,~,天赋：坚固阵地
Talent: Grisly Feast,~,天赋：血腥盛宴
Talent: Hero of the Empire,~,天赋：帝国英雄
Talent: Hidden Hunters,~,天赋：隐匿猎手
Talent: Homing Beacon,~,天赋：归航信标
Talent: Hunters Instincts,~,天赋：猎手本能
Talent: Inspired to Greatness,~,天赋：伟业感召
Talent: Kauyon Tactics,~,天赋：考恩战术
Talent: Priority Target,~,天赋：优先目标
Talent: Pulse Onslaught,~,天赋：脉冲猛攻
Talent: Razorshark Strike,~,天赋：剃刀鲨突袭
Talent: Recon Sweep,~,天赋：侦察扫荡
Talent: Relentless Fusillade,~,天赋：无情齐射
Talent: Saviour Protocolst,~,天赋：救世协议
Talent: Sense of Stone,~,天赋：石之感知
Talent: Serene Unifier,~,天赋：宁静统合者
Talent: Shield Generator,~,天赋：护盾发生器
Talent: Storm of Fire,~,天赋：风暴之火
Talent: Structural Analyzer,~,天赋：结构分析器
Talent: Technological Supremacy,~,天赋：科技霸权
Talent: Thundering Rampage,~,天赋：雷霆暴怒
Talent: Tidewall Droneport,~,天赋：潮墙无人机港
Talent: Tidewall Gunrig,~,天赋：潮墙炮架
Talent: Valued Sacrifice,~,天赋：崇高牺牲
Talent: Watch Tower,~,天赋：瞭望塔
Talent: Zephyr's Grace,~,天赋：和风之恩
Talent: DS8 Support Turret,~,天赋：支援炮塔
Talent: Devilfish,~,天赋：魔鬼鱼
Talent: Hammerhead,~,天赋：锤头鲨
Talent: Longstrike,~,天赋：长袭者
Talent: Piranha,~,天赋：食人鲳
Talent: Razorshark,~,天赋：剃刀鲨
Talent: Sky Ray Gunship,~,天赋：天雷炮艇
Talent: Sun Shark Bomber,~,天赋：日鲨轰炸机
Talent: Aun'Va,~,天赋：昂瓦
Talent: Commander O'Maisos,~,天赋：奥迈索斯指挥官
Talent: Shadowsun,~,天赋：影阳
Talent: War Shaper,~,天赋：战争塑形者
Talent: Hive Guard,~,天赋：蜂巢卫兵
Talent: Crushing Claws,~,天赋：粉碎之爪
Talent: Terror of Vardenghast,~,天赋：瓦登加斯特之恐
Talent: Barbgaunt,~,天赋：倒刺根
Talent: Biovore,~,天赋：孢子兽
Talent: Broodlord,~,天赋：繁育领主
Talent: Deathleaper,~,天赋：死神猎手
Talent: Gargoyle,~,天赋：石像鬼
Talent: Genestealer,~,天赋：基因窃取者
Talent: Hormagaunt,~,天赋：荷尔马根
Talent: Lictor,~,天赋：利克特
Talent: Mucolid Spore,~,天赋：黏液孢子
Talent: Neurogaunt Nodebeast,~,天赋：神经节虫巢兽
Talent: Neurogaunt,~,天赋：神经节虫
Talent: Neuroloid,~,天赋：神经虫体
Talent: Pyrovore,~,天赋：喷焰兽
Talent: Ravener,~,天赋：掠夺虫
Talent: Ripper Swarm,~,天赋：撕裂虫群
Talent: Spore Mine,~,天赋：孢子雷
Talent: Stranded Termagant,~,天赋：搁浅泰玛根
Talent: Termagant Brood,~,天赋：泰玛根巢群
Talent: Termagant,~,天赋：泰玛根
Talent: Tyranid Prime,~,天赋：泰伦首相
Talent: Tyranid Warrior,~,天赋：泰伦战士
Talent: Tyrant Guard,~,天赋：暴君卫队
Talent: Venomthrope,~,天赋：毒瘴兽
Talent: Von Ryans Leaper,~,天赋：瑞恩跳跃者
Talent: Zoanthrope,~,天赋：兽人脑
Talent: Carnifex,~,天赋：屠夫兽
Talent: Exocrine,~,天赋：外泌兽
Talent: Harpy,~,天赋：鹰身女妖
Talent: Haruspex,~,天赋：内脏占卜者
Talent: Hive Crone,~,天赋：蜂巢老妪
Talent: Hive Tyrant,~,天赋：蜂巢暴君
Talent: Maleceptor,~,天赋：灵能受体兽
Talent: Mawloc,~,天赋：巨口虫
Talent: Neurotyrant,~,天赋：神经元暴君
Talent: Norn Emissary,~,天赋：诺恩使者
Talent: Psychophage,~,天赋：噬魂兽
Talent: Screamer-Killer,~,天赋：尖啸杀手
Talent: Sporocyst,~,天赋：孢子囊
Talent: Tyrannocyte,~,天赋：泰伦孢囊
Talent: Tyrannofex,~,天赋：泰伦巨兽
Talent: Winged Tyrant,~,天赋：有翼暴君
Talent: Acid Rain,~,天赋：酸雨
Talent: Blazing Biomass,~,天赋：炽燃生物质
Talent: Sweeping Infestation,~,天赋：蔓延虫灾
Talent: Adrenal Surge,~,天赋：肾上腺激涌
Talent: Aerial Seeding,~,天赋：空中播种
Talent: Alpha Warrior,~,天赋：阿尔法战士
Talent: Ambush Predator,~,天赋：伏击掠食者
Talent: Apex Predator,~,天赋：顶级掠食者
Talent: Armoured Exoskeleton,~,天赋：装甲外骨骼
Talent: Augmented Ferocity,~,天赋：强化狂暴
Talent: Bestial Rage,~,天赋：兽性狂怒
Talent: Bounding Leap,~,天赋：腾跃
Talent: Brood Progenitor,~,天赋：巢群繁育者
Talent: Darkened Skies,~,天赋：昏暗天空
Talent: Devourer Cannon,~,天赋：吞噬者炮
Talent: Digestion Pool,~,天赋：消化池
Talent: Encircle the Prey,~,天赋：合围猎物
Talent: Enhanced Organism,~,天赋：强化生物体
Talent: Feeding Frenzy,~,天赋：进食狂潮
Talent: Hardened Biology,~,天赋：坚韧躯壳
Talent: Hive Commander,~,天赋：蜂巢指挥官
Talent: Hive Fleet Leviathan,~,天赋：蜂巢舰队利维坦
Talent: Hyper-adaptation,~,天赋：超速适应
Talent: Infestation Node,~,天赋：侵染节点
Talent: Infinite Biomorphologies,~,天赋：无限生物形态
Talent: Leviathans Tendrils,~,天赋：利维坦触须
Talent: Overwhelming Swarm,~,天赋：压倒性虫群
Talent: Predator Instincts,~,天赋：掠食者本能
Talent: Rapacious Hunger,~,天赋：贪婪饥渴
Talent: Ravenous Hunter,~,天赋：饥渴猎手
Talent: Spirit Leech,~,天赋：灵魂吸取
Talent: Sporecaster Biostructure,~,天赋：孢子投掷生物结构
Talent: Swarming Masses,~,天赋：虫群大军
Talent: Synaptic Imperative,~,天赋：突触律令
Talent: Toxic Entanglement,~,天赋：毒素缠绕
Talent: Toxic Miasma,~,天赋：毒雾
Talent: Toxic Vapours,~,天赋：毒气
Talent: Tyranid Invasion,~,天赋：泰伦入侵
Talent: Neurothrope,~,天赋：神经脑虫
Talent: SwarmLord,~,天赋：虫群领主
Talent: Tervigon,~,天赋：繁育母兽
Talent: Protective Bio-structure,~,天赋：防护生物结构
Companion 1: Logan Grimnar,~,伴生 1：洛根·格里姆纳
Companion 1: Aggressor,~,伴生 1：侵略者
Companion 1: Arjac Rockfist,~,伴生 1：阿尔贾克·岩拳
Companion 1: Blackmane Aggressor,~,伴生 1：黑鬃突击者
Companion 1: Blackmane Reiver,~,伴生 1：黑鬃掠夺者
Companion 1: Blood Claw Pack Leader,~,伴生 1：血爪兽群首领
Companion 1: Blood Claw,~,伴生 1：血爪
Companion 1: Deathwolf Scout,~,伴生 1：死亡狼侦察兵
Companion 1: Fenrisian Wolf,~,伴生 1：芬里斯狼
Companion 1: Frost Claw Wulfen,~,伴生 1：霜爪狼人
Companion 1: Fyrri Askar,~,伴生 1：菲里·阿斯卡尔
Companion 1: Grey Hunter Pack Leader,~,伴生 1：灰猎手兽群首领
Companion 1: Grey Hunter,~,伴生 1：灰猎手
Companion 1: Hrolf the Ironhowl,~,伴生 1：铁嚎·赫罗尔夫
Companion 1: Hunting Wolf,~,伴生 1：猎狼
Companion 1: Iron Priest,~,伴生 1：铁祭司
Companion 1: Long Fang,~,伴生 1：长牙
Companion 1: Morkai Eliminator,~,伴生 1：莫凯歼击者
Companion 1: Terminator Rune Priest,~,伴生 1：终结者符文祭司
Companion 1: Thunderwolf Cavalry Pack Leader,~,伴生 1：雷狼骑兵兽群首领
Companion 1: Thunderwolf Cavalry,~,伴生 1：雷狼骑兵
Companion 1: Tyrnak and Fenrir,~,伴生 1：提尔纳克与芬里尔
Companion 1: Wolf Guard Battle Leader,~,伴生 1：狼卫战斗领袖
Companion 1: Wolf Guard Headtaker,~,伴生 1：狼卫斩首者
Companion 1: Wolf Guard Terminator Pack Leader,~,伴生 1：狼卫终结者兽群首领
Companion 1: Wolf Guard Terminator,~,伴生 1：狼卫终结者
Companion 1: Wolf Priest,~,伴生 1：狼牧师
Companion 1: Wulfen Pack Leader,~,伴生 1：狼人兽群首领
Companion 1: Wulfen,~,伴生 1：狼人
Companion 1: Default Conditions,~,伴生 1：默认条件
Companion 1: Everstorm,~,伴生 1：永暴
Companion 1: First Light,~,伴生 1：初光
Companion 1: Full moon,~,伴生 1：满月
Companion 1: Anvil of Endurance,~,伴生 1：坚忍之砧
Companion 1: Birth of a Saga,~,伴生 1：传奇的诞生
Companion 1: Bjorn's Shrine,~,伴生 1：比约恩的神龛
Companion 1: Canis Helix,~,伴生 1：卡尼斯螺旋
Companion 1: Death Shun,~,伴生 1：死亡闪避
Companion 1: Embers of Prospero,~,伴生 1：普罗斯佩罗余烬
Companion 1: Fenrisian Blizzard,~,伴生 1：芬里斯暴风雪
Companion 1: Fenrisian Monstrosities,~,伴生 1：芬里斯巨兽
Companion 1: Fenrisian Runestones,~,伴生 1：芬里斯符文石
Companion 1: Fenrisian Wolfpack,~,伴生 1：芬里斯狼群
Companion 1: Halls of Legend,~,伴生 1：传奇殿堂
Companion 1: High King of Fenris,~,伴生 1：芬里斯至高王
Companion 1: High Rune Priest,~,伴生 1：高阶符文祭司
Companion 1: Hordeslayer,~,伴生 1：灭群者
Companion 1: Hunter's Guile,~,伴生 1：猎人诡计
Companion 1: Legendary Tenacity,~,伴生 1：传奇坚韧
Companion 1: Let Loose,~,伴生 1：释放
Companion 1: Living Lightning,~,伴生 1：活体闪电
Companion 1: Murderous Hurricane,~,伴生 1：致命飓风
Companion 1: Orbital Defences,~,伴生 1：轨道防御
Companion 1: Pack of One,~,伴生 1：孤狼兽群
Companion 1: Proper Hunt,~,伴生 1：正式狩猎
Companion 1: Raid Tactics,~,伴生 1：突袭战术
Companion 1: Saga of the Bold,~,伴生 1：无畏者传奇
Companion 1: Savage Legacy,~,伴生 1：野蛮传承
Companion 1: Tempest's Wrath,~,伴生 1：暴风之怒
Companion 1: The Fang,~,伴生 1：巨牙
Companion 1: Unbridled Fury,~,伴生 1：无拘狂怒
Companion 1: War Howl,~,伴生 1：战嚎
Companion 1: Bjorn the Fell-Handed,~,伴生 1：比约恩·凶爪
Companion 1: Blackmane Inceptor,~,伴生 1：黑鬃疾袭者
Companion 1: Fenrisian Drop Pod,~,伴生 1：芬里斯空降舱
Companion 1: Land Rider,~,伴生 1：兰德骑手
Companion 1: Murderfang,~,伴生 1：弑杀之牙
Companion 1: Stormwolf,~,伴生 1：风暴狼
Companion 1: Venerable Dreadnought,~,伴生 1：尊贵无畏机甲
Companion 1: Vindicator,~,伴生 1：复仇者
Companion 1: Wulfen Dreadnought,~,伴生 1：狼人无畏机甲
Companion 1: Njal Stormcaller,~,伴生 1：尼亚尔·风暴召唤者
Companion 1: Ragnar Blackmane,~,伴生 1：拉格纳·黑鬃
Companion 1: Lieutenant Titus,~,伴生 1：提图斯中尉
Companion 1: Desolation Marine,~,伴生 1：荒芜战士
Companion 1: 2nd Company Terminator,~,伴生 1：第二连终结者
Companion 1: Aggressor Sergeant,~,伴生 1：突击者军士
Companion 1: Antaro Chronus,~,伴生 1：安塔罗·克罗努斯
Companion 1: Apothecary Polixis,~,伴生 1：药剂师波利克西斯
Companion 1: Assault Centurion,~,伴生 1：突击百夫长
Companion 1: Assault Intercessor,~,伴生 1：突击仲裁者
Companion 1: Bladeguard Ancient,~,伴生 1：剑卫老兵
Companion 1: Bladeguard Lieutenant,~,伴生 1：剑卫中尉
Companion 1: Bladeguard Sergeant,~,伴生 1：剑卫军士
Companion 1: Captain Sicarius,~,伴生 1：西卡里乌斯队长
Companion 1: Chairon,~,伴生 1：凯隆
Companion 1: Chaplain Cassius,~,伴生 1：牧师卡西乌斯
Companion 1: Chapter Champion,~,伴生 1：战团冠军
Companion 1: Company Ancient,~,伴生 1：连队老兵
Companion 1: Devastator Centurion,~,伴生 1：毁灭者百夫长
Companion 1: Devastator Marine,~,伴生 1：毁灭者战士
Companion 1: Eliminator Sergeant,~,伴生 1：歼击者军士
Companion 1: Eliminator,~,伴生 1：歼击者
Companion 1: Epistolary Librarian,~,伴生 1：智典智库
Companion 1: Ferren Areios,~,伴生 1：费伦·阿雷奥斯
Companion 1: Firstborn,~,伴生 1：初生者
Companion 1: Heavy Intercessor,~,伴生 1：重装仲裁者
Companion 1: Hellblaster,~,伴生 1：炼狱爆弹兵
Companion 1: Honour Guard,~,伴生 1：荣誉卫队
Companion 1: Inceptor Sergeant,~,伴生 1：疾袭者军士
Companion 1: Incursor,~,伴生 1：渗透者
Companion 1: Intercessor Sergeant,~,伴生 1：仲裁者军士
Companion 1: Lieutenant Calsius,~,伴生 1：卡尔修斯中尉
Companion 1: Lieutenant with Combi-Weapon,~,伴生 1：组合武器中尉
Companion 1: Octavio Infiltrator,~,伴生 1：奥克塔维奥·渗透者
Companion 1: Phobos Librarian,~,伴生 1：暗影智库
Companion 1: Phobos Lieutenant,~,伴生 1：暗影中尉
Companion 1: Primaris Chaplain,~,伴生 1：原铸牧师
Companion 1: Primaris Eradicator,~,伴生 1：原铸歼灭者
Companion 1: Primaris Inceptor,~,伴生 1：原铸疾袭者
Companion 1: Primaris Intercessor,~,伴生 1：原铸仲裁者
Companion 1: Primaris Judiciar,~,伴生 1：原铸裁决者
Companion 1: Primaris Reiver,~,伴生 1：原铸掠夺者
Companion 1: Primaris Techmarine,~,伴生 1：原铸技术军士
Companion 1: Scout Sniper,~,伴生 1：侦察狙击手
Companion 1: Scout,~,伴生 1：侦察兵
Companion 1: Sergeant Allectius,~,伴生 1：阿莱克修斯军士
Companion 1: Sergeant Gadriel,~,伴生 1：加德里尔军士
Companion 1: Sergeant Telion,~,伴生 1：特利昂军士
Companion 1: Sternguard Sergeant,~,伴生 1：铁卫军士
Companion 1: Suppressor,~,伴生 1：压制者
Companion 1: Tactical Marine,~,伴生 1：战术战士
Companion 1: Terminator Captain,~,伴生 1：终结者队长
Companion 1: Terminator,~,伴生 1：终结者
Companion 1: Tyrannic War Veteran,~,伴生 1：泰伦战争老兵
Companion 1: Vico Therbeus,~,伴生 1：维科·瑟贝乌斯
Companion 1: Fleet Support,~,伴生 1：舰队支援
Companion 1: Normal Conditions,~,伴生 1：正常条件
Companion 1: Orbital Bombardment,~,伴生 1：轨道轰炸
Companion 1: Thunderstorm,~,伴生 1：雷暴
Companion 1: Adaptive Strategy,~,伴生 1：适应性战略
Companion 1: Angel's Wrath,~,伴生 1：天使之怒
Companion 1: Angels of Death,~,伴生 1：死亡天使
Companion 1: Might of Heroes,~,伴生 1：英雄之力
Companion 1: Armoured Offensive,~,伴生 1：装甲攻势
Companion 1: Armoured Support,~,伴生 1：装甲支援
Companion 1: Author of the Codex,~,伴生 1：典籍作者
Companion 1: Avenging Zeal,~,伴生 1：复仇热忱
Companion 1: Battlefield Supremacy,~,伴生 1：战场霸权
Companion 1: Catechism of Death,~,伴生 1：死亡教义
Companion 1: Champions of Humanity,~,伴生 1：人类冠军
Companion 1: Chapter Council,~,伴生 1：战团议会
Companion 1: Codex Discipline,~,伴生 1：典籍纪律
Companion 1: Death from Above,~,伴生 1：天降死神
Companion 1: Duty's End,~,伴生 1：职责终焉
Companion 1: Exhortation of Rage,~,伴生 1：狂怒劝诫
Companion 1: Fall Back,~,伴生 1：撤退
Companion 1: Firestrike Turrets,~,伴生 1：火击炮塔
Companion 1: Forward Deployment,~,伴生 1：前出部署
Companion 1: Gather the Company,~,伴生 1：集结战团
Companion 1: Greatest Deeds,~,伴生 1：丰功伟绩
Companion 1: Hero's Respite,~,伴生 1：英雄的喘息
Companion 1: Hive Factory,~,伴生 1：蜂巢工厂
Companion 1: Humanity's Shield,~,伴生 1：人类之盾
Companion 1: Indomitus Crusade,~,伴生 1：不屈远征
Companion 1: Inspired Retribution,~,伴生 1：神启报复
Companion 1: Knights of Macragge,~,伴生 1：马库拉格骑士
Companion 1: Lead From the Front,~,伴生 1：身先士卒
Companion 1: Light Cover,~,伴生 1：轻型掩体
Companion 1: Master Tactician,~,伴生 1：战术大师
Companion 1: Master of Arcana,~,伴生 1：秘法大师
Companion 1: Master of Arms,~,伴生 1：兵械大师
Companion 1: Master of Battle,~,伴生 1：战斗大师
Companion 1: Master of the Fleet,~,伴生 1：舰队大师
Companion 1: No Mercy,~,伴生 1：绝不留情
Companion 1: No Respite,~,伴生 1：不得喘息
Companion 1: Oath of Moment,~,伴生 1：誓言时刻
Companion 1: Paragon of Ultramar,~,伴生 1：极限战士典范
Companion 1: Pariah Vanguard,~,伴生 1：弃儿先锋
Companion 1: Point-Blank Shot,~,伴生 1：抵近射击
Companion 1: Primarch of the XIII,~,伴生 1：第十三军团基因原体
Companion 1: Rapid Deployment,~,伴生 1：快速部署
Companion 1: Righteous Fury,~,伴生 1：正义之怒
Companion 1: Sacred Bolter,~,伴生 1：神圣爆弹枪
Companion 1: Scryer's Gaze,~,伴生 1：预言者的凝视
Companion 1: Shall Know No Fear,~,伴生 1：不知畏惧
Companion 1: Sheltered Location,~,伴生 1：隐蔽位置
Companion 1: Smite,~,伴生 1：天罚
Companion 1: Spear of Macragge,~,伴生 1：马库拉格之矛
Companion 1: Stormhawk Interception,~,伴生 1：风暴鹰拦截
Companion 1: Stormraven,~,伴生 1：风暴鸦
Companion 1: Supreme Strategist,~,伴生 1：至高战略家
Companion 1: Tactical Insight,~,伴生 1：战术洞察
Companion 1: The Chapter's Due,~,伴生 1：战团之偿
Companion 1: 7th Company Bike,~,伴生 1：第七连摩托
Companion 1: Attack Bike,~,伴生 1：攻击摩托
Companion 1: Brutalis Dreadnought,~,伴生 1：蛮横无畏机甲
Companion 1: Dreadnought,~,伴生 1：无畏机甲
Companion 1: Firestrike Servo Turret,~,伴生 1：火击伺服炮塔
Companion 1: Invictor Warsuit,~,伴生 1：无敌者机甲
Companion 1: Land Speeder,~,伴生 1：兰德飞车
Companion 1: Outrider,~,伴生 1：前哨骑兵
Companion 1: Predator Destructor,~,伴生 1：捕食者毁灭者
Companion 1: Primaris Impulsor,~,伴生 1：原铸脉冲装甲车
Companion 1: Primaris Invader,~,伴生 1：原铸入侵者
Companion 1: Redemptor Dreadnought,~,伴生 1：救赎者无畏机甲
Companion 1: Repulsor Executioner,~,伴生 1：处决者装甲车
Companion 1: Scout bike,~,伴生 1：侦察摩托
Companion 1: Storm Speeder Hailstrike,~,伴生 1：风暴速攻艇·雹击者
Companion 1: Stormtalon,~,伴生 1：风暴利爪
Companion 1: Valtus,~,伴生 1：瓦图斯
Companion 1: Whirlwind,~,伴生 1：旋风
Companion 1: Chaplain Letharius,~,伴生 1：牧师莱塔里乌斯
Companion 1: Marneus Calgar,~,伴生 1：马涅乌斯·卡尔加
Companion 1: Roboute Guilliman,~,伴生 1：罗伯特·基里曼
Companion 1: Uriel Ventris,~,伴生 1：乌列尔·文特里斯
Companion 1: Valius Paxor,~,伴生 1：瓦利乌斯·帕克索
Companion 1: Varro Tigurius,~,伴生 1：瓦罗·提古里乌斯
Companion 1: Assault Doctrine,~,伴生 1：突击教义
Companion 1: Devastator Doctrine,~,伴生 1：毁灭者教义
Companion 1: Tactical Doctrine,~,伴生 1：战术教义
Companion 1: Exemplary Warrior,~,伴生 1：模范战士
Companion 1: Predator Annihilator,~,伴生 1：捕食者歼灭者
Companion 1: Abaddon the Despoiler,~,伴生 1：掠夺者阿巴顿
Companion 1: Aspiring Champion,~,伴生 1：野心冠军
Companion 1: Black Legionary,~,伴生 1：黑色军团战士
Companion 1: Bringer of decay,~,伴生 1：腐朽使者
Companion 1: Chaos Legionary,~,伴生 1：混沌军团战士
Companion 1: Chaos Lord,~,伴生 1：混沌领主
Companion 1: Chaos Sergeant,~,伴生 1：混沌军士
Companion 1: Chaos Spawn,~,伴生 1：混沌卵
Companion 1: Chaos Terminator,~,伴生 1：混沌终结者
Companion 1: Child of Torment,~,伴生 1：折磨之子
Companion 1: Chosen Champion,~,伴生 1：神选冠军
Companion 1: Chosen,~,伴生 1：神选者
Companion 1: Daemon Blade Legionary,~,伴生 1：恶魔之刃军团战士
Companion 1: Dark Apostle,~,伴生 1：黑暗使徒
Companion 1: Dark Disciple,~,伴生 1：黑暗门徒
Companion 1: Ghallaron's Champion,~,伴生 1：加拉隆的冠军
Companion 1: Ghallaron's Disciple,~,伴生 1：加拉隆的门徒
Companion 1: Havoc Champion,~,伴生 1：破坏者冠军
Companion 1: Havoc,~,伴生 1：破坏者
Companion 1: Hound of Abaddon,~,伴生 1：阿巴顿猎犬
Companion 1: Iskandar Khayon,~,伴生 1：伊坎达尔·卡永
Companion 1: Khorne Berzerker,~,伴生 1：恐虐狂战士
Companion 1: Lheorvine Ukris,~,伴生 1：莱奥尔文·乌克里斯
Companion 1: Master of Executions,~,伴生 1：处刑大师
Companion 1: Master of Possession,~,伴生 1：附魔大师
Companion 1: Meltagun Legionary,~,伴生 1：热熔枪军团战士
Companion 1: Noise Marine,~,伴生 1：噪声战士
Companion 1: Obliterator,~,伴生 1：湮灭者
Companion 1: Plague Marine,~,伴生 1：瘟疫战士
Companion 1: Possessed Champion,~,伴生 1：附魔冠军
Companion 1: Possessed Marine,~,伴生 1：附魔战士
Companion 1: Rubric Marine,~,伴生 1：咒缚战士
Companion 1: Sorcerer,~,伴生 1：巫师
Companion 1: Terminator Champion,~,伴生 1：终结者冠军
Companion 1: Veteran Havoc,~,伴生 1：老兵破坏者
Companion 1: Veteran Legionary,~,伴生 1：老兵军团战士
Companion 1: Warp Talon,~,伴生 1：亚空间爪
Companion 1: Zealot Legionary,~,伴生 1：狂热者军团战士
Companion 1: Daemonic Feast,~,伴生 1：恶魔盛宴
Companion 1: Helfire Outburst,~,伴生 1：地狱火爆发
Companion 1: Warp Storm,~,伴生 1：亚空间风暴
Companion 1: Abaddons Chosen,~,伴生 1：阿巴顿神选
Companion 1: Bitter Blows,~,伴生 1：苦涩之击
Companion 1: Black Crusade,~,伴生 1：黑色远征
Companion 1: Daemonic Frenzy,~,伴生 1：恶魔狂暴
Companion 1: Daemonic Pact,~,伴生 1：恶魔契约
Companion 1: Dark Oratory,~,伴生 1：黑暗布道
Companion 1: Delightful Agonies,~,伴生 1：欢愉之痛
Companion 1: Diabolic Strength,~,伴生 1：恶魔之力
Companion 1: Disgustingly Resilient,~,伴生 1：恶心坚韧
Companion 1: Drachnyen,~,伴生 1：德拉赫尼恩
Companion 1: Execution,~,伴生 1：处决
Companion 1: Gifts of Chaos,~,伴生 1：混沌恩赐
Companion 1: Heldrake Strike,~,伴生 1：地狱飞龙突袭
Companion 1: Helfire Pit,~,伴生 1：地狱火坑
Companion 1: Helfire Torch,~,伴生 1：地狱火火炬
Companion 1: Helspear Assault,~,伴生 1：地狱之矛突击
Companion 1: Hideous Mutation,~,伴生 1：恐怖变异
Companion 1: Hosts of Chaos,~,伴生 1：混沌大军
Companion 1: Idolatrous Despoilers,~,伴生 1：偶像崇拜掠夺者
Companion 1: Infernal Gaze,~,伴生 1：地狱凝视
Companion 1: Legacy of Vengeance,~,伴生 1：复仇遗产
Companion 1: Litany of Despair,~,伴生 1：绝望祷文
Companion 1: Malicious Volleys,~,伴生 1：恶毒齐射
Companion 1: Khorne,~,伴生 1：恐虐
Companion 1: Nurgle,~,伴生 1：纳垢
Companion 1: Slaanesh,~,伴生 1：色孽
Companion 1: Tzeench,~,伴生 1：奸奇
Companion 1: Method to the Madness,~,伴生 1：疯狂自有章法
Companion 1: Murderous Desires,~,伴生 1：嗜杀欲望
Companion 1: Possession,~,伴生 1：附魔
Companion 1: Rites of Possession,~,伴生 1：附魔仪式
Companion 1: Skeins of Fate,~,伴生 1：命运丝线
Companion 1: Spawndom,~,伴生 1：混沌卵之域
Companion 1: Spreading Corruption,~,伴生 1：蔓延腐化
Companion 1: Throne of the Heretic,~,伴生 1：异端王座
Companion 1: Traitors Hate,~,伴生 1：叛徒之恨
Companion 1: Unhallowed Gifts,~,伴生 1：亵渎恩赐
Companion 1: Unholy Smite,~,伴生 1：亵渎重击
Companion 1: Warmaster,~,伴生 1：战争统帅
Companion 1: Accursed Helbrute,~,伴生 1：受诅地狱蛮兽
Companion 1: Helbrute,~,伴生 1：地狱蛮兽
Companion 1: Maulerfiend,~,伴生 1：蹂躏魔
Companion 1: Venomcrawler,~,伴生 1：毒液爬虫
Companion 1: Vex Machinator,~,伴生 1：维克·马奇内特
Companion 1: Haarken Worldclaimer,~,伴生 1：哈尔肯·夺世者
Companion 1: Sylar Hexcorn,~,伴生 1：赛拉尔·赫克科恩
Companion 1: Ghallaron the Pious,~,伴生 1：虔诚者加拉隆
Companion 1: Apothecary,~,伴生 1：医师
Companion 1: Bladeguard Veteran,~,伴生 1：剑卫老兵
Companion 1: Captain,~,伴生 1：队长
Companion 1: Chaplain,~,伴生 1：牧师
Companion 1: Company Champion,~,伴生 1：连队冠军
Companion 1: Company Master,~,伴生 1：连队队长
Companion 1: Company Veteran,~,伴生 1：连队老兵
Companion 1: Deathwing Champion,~,伴生 1：死翼冠军
Companion 1: Deathwing Knight Master,~,伴生 1：死翼骑士长
Companion 1: Deathwing Knight,~,伴生 1：死翼骑士
Companion 1: Deathwing Strikemaster,~,伴生 1：死翼打击大师
Companion 1: Deathwing Terminator,~,伴生 1：死翼终结者
Companion 1: Ezekiel,~,伴生 1：以西结
Companion 1: Inner Circle Companion,~,伴生 1：内环同伴
Companion 1: Intercessor,~,伴生 1：仲裁者
Companion 1: Interrogator Chaplain,~,伴生 1：审讯牧师
Companion 1: Librarian,~,伴生 1：智库
Companion 1: Master Lazarus,~,伴生 1：拉撒路大师
Companion 1: Reiver,~,伴生 1：掠夺者
Companion 1: Sergeant Naaman,~,伴生 1：纳曼军士
Companion 1: Techmarine,~,伴生 1：技术军士
Companion 1: Ancient Reliquary,~,伴生 1：圣物匣
Companion 1: Asteroid Zone,~,伴生 1：小行星区
Companion 1: Blacksword Missiles,~,伴生 1：黑剑导弹
Companion 1: Convoke the Circle,~,伴生 1：召集圆环
Companion 1: Covert Operation,~,伴生 1：秘密行动
Companion 1: Deadly Hunters,~,伴生 1：致命猎手
Companion 1: Deathwing Assault,~,伴生 1：死翼突袭
Companion 1: Defensive Turrets,~,伴生 1：防御炮塔
Companion 1: Desperate Mission,~,伴生 1：孤注一掷
Companion 1: Exemplar of Hate,~,伴生 1：憎恨典范
Companion 1: Fury of the Unforgiven,~,伴生 1：宽恕者之怒
Companion 1: Grim Effigy,~,伴生 1：肃穆雕像
Companion 1: Grim Resolve,~,伴生 1：钢铁决心
Companion 1: Hunt the Fallen,~,伴生 1：追猎堕落者
Companion 1: Inner Circle,~,伴生 1：内环
Companion 1: March of Vengeance,~,伴生 1：复仇进军
Companion 1: Martial Superiority,~,伴生 1：武力优势
Companion 1: Master Interromancer,~,伴生 1：审讯大师
Companion 1: Master of Manoeuvre,~,伴生 1：机动大师
Companion 1: Master of the Deathwing,~,伴生 1：死翼大师
Companion 1: None Must Know,~,伴生 1：无人知晓
Companion 1: Obscure Ritual,~,伴生 1：晦涩仪式
Companion 1: Plasma Generator,~,伴生 1：等离子发电机
Companion 1: Reconnaissance Mission,~,伴生 1：侦察任务
Companion 1: Rites of Penance,~,伴生 1：赎罪礼
Companion 1: Sacred Standard,~,伴生 1：神圣旗帜
Companion 1: Secret Agenda,~,伴生 1：隐秘议程
Companion 1: Smothering Decree,~,伴生 1：窒息敕令
Companion 1: Star Orbiting,~,伴生 1：环绕恒星
Companion 1: Steadfast Warriors,~,伴生 1：坚定战士
Companion 1: Stubborn Defiance,~,伴生 1：顽强抵抗
Companion 1: Supreme Grand Master,~,伴生 1：至高大师
Companion 1: The Rock,~,伴生 1：磐石
Companion 1: Unwavering Zeal,~,伴生 1：坚定狂热
Companion 1: Void Combat,~,伴生 1：虚空作战
Companion 1: Wages of Retribution,~,伴生 1：报应代价
Companion 1: Black Knight,~,伴生 1：黑骑士
Companion 1: Dark Talon,~,伴生 1：暗爪
Companion 1: Darkshroud,~,伴生 1：暗影笼罩
Companion 1: Land Speeder Vengeance,~,伴生 1：复仇者兰德飞车
Companion 1: Nephilim Jetfighter,~,伴生 1：尼非利姆喷气机
Companion 1: Ravenwing Ancient,~,伴生 1：渡鸦翼旗手
Companion 1: Ravenwing Bikes,~,伴生 1：渡鸦翼摩托
Companion 1: Ravenwing Champion,~,伴生 1：渡鸦翼冠军
Companion 1: Ravenwing Speeder,~,伴生 1：渡鸦翼飞车
Companion 1: Ravenwing Talonmaster,~,伴生 1：渡鸦翼队长
Companion 1: Repulsor,~,伴生 1：驱逐者
Companion 1: Sammael,~,伴生 1：萨玛尔
Companion 1: Unforgiven Redemptor,~,伴生 1：宽恕者救赎者
Companion 1: Asmodai,~,伴生 1：阿斯莫代
Companion 1: Azrael,~,伴生 1：阿兹瑞尔
Companion 1: Belial,~,伴生 1：贝利亚
Companion 1: Refuse to Yield,~,伴生 1：拒不退让
Companion 1: Assault Terminator,~,伴生 1：突击终结者
Companion 1: Chaplain Gabutheron,~,伴生 1：加布瑟隆牧师
Companion 1: Vengeful Brethren Bladeguard,~,伴生 1：复仇兄弟剑卫
Companion 1: Vengeful Brethren Hellblaster,~,伴生 1：复仇兄弟地狱火枪手
Companion 1: Vengeful Brethren Intercessor,~,伴生 1：复仇兄弟仲裁者
Companion 1: Watcher in the Dark,~,伴生 1：暗中守望者
Companion 1: Hunters of Heretics,~,伴生 1：异端猎手
Companion 1: Relic Munitions,~,伴生 1：圣物弹药
Companion 1: Vengeful Brethren,~,伴生 1：复仇兄弟
Companion 1: Ravenwing Ballistus Dreadnought,~,伴生 1：渡鸦翼弩炮无畏机甲
Companion 1: Master Zacharial,~,伴生 1：扎卡里尔大师
Companion 1: Master of Repentance,~,伴生 1：忏悔大师
Companion 1: Hellfire Torch,~,伴生 1：地狱火火炬
Companion 1: Hellfire Pit,~,伴生 1：地狱火坑
Companion 1: Alluress,~,伴生 1：魅惑者
Companion 1: Blissbringer,~,伴生 1：极乐使者
Companion 1: Daemonette,~,伴生 1：恶魔少女
Companion 1: Fiend,~,伴生 1：恶鬼
Companion 1: Slaanesh's Spawn,~,伴生 1：色孽之卵
Companion 1: Winged Daemon Prince,~,伴生 1：有翼恶魔亲王
Companion 1: Blastmaster Noise Marine,~,伴生 1：爆鸣者噪声战士
Companion 1: Disharmonist,~,伴生 1：失谐者
Companion 1: Dual Screamer Kakophonist,~,伴生 1：双重尖啸刺耳者
Companion 1: Flawless Blade Champion,~,伴生 1：无瑕之刃冠军
Companion 1: Flawless Blade,~,伴生 1：无瑕之刃
Companion 1: Glittering Myriad Infractor,~,伴生 1：绚丽万千违规者
Companion 1: Icon of Excess Infractor,~,伴生 1：放纵圣像违规者
Companion 1: Infractor Obsessionist,~,伴生 1：违规者痴迷者
Companion 1: Infractor,~,伴生 1：违规者
Companion 1: Konstrictus Tormentor,~,伴生 1：紧缚折磨者
Companion 1: Lord Exultant,~,伴生 1：狂喜领主
Companion 1: Lord Kakophonist,~,伴生 1：刺耳者领主
Companion 1: Malgarash the Adamant,~,伴生 1：马尔加拉什·坚毅者
Companion 1: Plasma Gun Tormentor,~,伴生 1：等离子枪折磨者
Companion 1: Rugged Disharmonist,~,伴生 1：粗犷失谐者
Companion 1: Slaanesh Sorcerer,~,伴生 1：色孽巫师
Companion 1: Sonic Blaster Noise Marine,~,伴生 1：音爆噪声战士
Companion 1: Threnodic Choir Flawless Blade,~,伴生 1：悲歌合唱团无瑕之刃
Companion 1: Threnodic Choir Flawless,~,伴生 1：悲歌合唱团无瑕者
Companion 1: Threnodic Choir Noise Marine,~,伴生 1：悲歌合唱团噪声战士
Companion 1: Tormentor Obsessionist,~,伴生 1：折磨者痴迷者
Companion 1: Tormentor,~,伴生 1：折磨者
Companion 1: Turyan Ghauze,~,伴生 1：图尔扬·高兹
Companion 1: Veteran Noise Marine,~,伴生 1：老兵噪声战士
Companion 1: Aural Hijack,~,伴生 1：听觉劫持
Companion 1: Empyric Rift,~,伴生 1：灵能裂隙
Companion 1: Stimm-Vents Leak,~,伴生 1：兴奋剂排气泄漏
Companion 1: Beautiful Death,~,伴生 1：美丽死亡
Companion 1: Carnival of Excess,~,伴生 1：纵欲狂欢
Companion 1: Chosen of Slaanesh,~,伴生 1：色孽选民
Companion 1: Coterie of the Conceited,~,伴生 1：自负者同盟
Companion 1: Dark Apparitions,~,伴生 1：黑暗幻影
Companion 1: Dark Prince´s Throne,~,伴生 1：黑暗王子王座
Companion 1: Duelist's Hubris (Lucius' Talent),~,伴生 1：决斗者的傲慢（卢修斯的天赋）
Companion 1: Antrak Silk,~,伴生 1：安特拉克丝
Companion 1: Heliotrophos,~,伴生 1：日光酮
Companion 1: Quail,~,伴生 1：鹌鹑
Companion 1: Shivversplint,~,伴生 1：颤刺
Companion 1: Skorflense,~,伴生 1：斯克芬斯
Companion 1: Xylocil,~,伴生 1：克西洛西尔
Companion 1: Embrace the Pain,~,伴生 1：拥抱痛苦
Companion 1: Eternal Servitude,~,伴生 1：永恒奴役
Companion 1: Euphoric Strike (Lord Exultant's Talent),~,伴生 1：狂喜重击（狂喜领主的天赋）
Companion 1: Excessive Vigour (Daemon Prince's Talent),~,伴生 1：过度活力（恶魔亲王的天赋）
Companion 1: Exquisite Swordsmanship,~,伴生 1：精湛剑术
Companion 1: Internal Rivalry,~,伴生 1：内部纷争
Companion 1: Mechanised Murder,~,伴生 1：机械杀戮
Companion 1: Mercurial Host,~,伴生 1：善变大军
Companion 1: Normal,~,伴生 1：普通
Companion 1: Peerless Bladesmen,~,伴生 1：绝世剑士
Companion 1: Plains of Excess,~,伴生 1：纵欲平原
Companion 1: Pledge to the Dark Prince,~,伴生 1：对黑暗王子的誓言
Companion 1: Quicksilver Grace,~,伴生 1：水银优雅
Companion 1: Rapid Evisceration,~,伴生 1：急速开膛
Companion 1: Rapturous Ruination,~,伴生 1：狂喜毁灭
Companion 1: Terrifying Crescendo,~,伴生 1：骇人渐强
Companion 1: Thrill Seekers,~,伴生 1：寻求刺激者
Companion 1: Tools of Torture,~,伴生 1：酷刑工具
Companion 1: Vengeful Surge,~,伴生 1：复仇之潮
Companion 1: Vial Tanks,~,伴生 1：药剂罐
Companion 1: Chaos Land Raider,~,伴生 1：混沌兰德袭击者
Companion 1: Chaos Rhino,~,伴生 1：混沌犀牛
Companion 1: Heldrake,~,伴生 1：地狱飞龙
Companion 1: Lucius The Eternal,~,伴生 1：永恒卢修斯
Companion 1: Xarahan Daemon Prince,~,伴生 1：夏拉罕恶魔亲王
Companion 1: Alien Idol,~,伴生 1：异形偶像
Companion 1: Pilfered Supplies,~,伴生 1：窃取补给
Companion 1: Rusted Vents,~,伴生 1：锈蚀通风口
Companion 1: Aberrant Hypermorph,~,伴生 1：异形超变体
Companion 1: Aberrant,~,伴生 1：异形
Companion 1: Abominant,~,伴生 1：异形霸主
Companion 1: Acolyte Heavy,~,伴生 1：侍僧重装
Companion 1: Acolyte Hybrid,~,伴生 1：侍僧混种
Companion 1: Acolyte Leader,~,伴生 1：侍僧队长
Companion 1: Acolyte Specialist,~,伴生 1：侍僧专家
Companion 1: Benefictus,~,伴生 1：受福者
Companion 1: Biophagus,~,伴生 1：噬生者
Companion 1: Clamavus,~,伴生 1：喧嚣者
Companion 1: Concealed Explosives,~,伴生 1：隐藏炸药
Companion 1: Genestealer Familiar,~,伴生 1：基因窃取者魔宠
Companion 1: Hulking Aberrant,~,伴生 1：魁梧异形
Companion 1: Hybrid Metamorph,~,伴生 1：变形混种
Companion 1: Kelermorph,~,伴生 1：凯勒魔
Companion 1: Locus,~,伴生 1：洛克斯
Companion 1: Metamorph Iconbearer,~,伴生 1：变形偶像持旗者
Companion 1: Metamorph Leader,~,伴生 1：变形队长
Companion 1: Neophyte Heavy,~,伴生 1：新教徒重装
Companion 1: Neophyte Hybrid,~,伴生 1：新教徒混种
Companion 1: Neophyte Iconbearer,~,伴生 1：新教徒持旗者
Companion 1: Neophyte Initiate,~,伴生 1：新教徒新兵
Companion 1: Neophyte Leader,~,伴生 1：新教徒队长
Companion 1: Neophyte Specialist,~,伴生 1：新教徒专家
Companion 1: Neophyte Trooper,~,伴生 1：新教徒步兵
Companion 1: Nexos,~,伴生 1：枢纽者
Companion 1: Patriarch,~,伴生 1：族长
Companion 1: Purestrain Genestealer,~,伴生 1：纯血基因窃取者
Companion 1: Reductus Saboteur,~,伴生 1：消减破坏者
Companion 1: Sanctus,~,伴生 1：圣徒
Companion 1: Mining Tremors,~,伴生 1：采矿震颤
Companion 1: Sump Overspill,~,伴生 1：污水外溢
Companion 1: Toxic Fumes,~,伴生 1：毒性烟雾
Companion 1: Ambush,~,伴生 1：伏击
Companion 1: A Trap Sprung,~,伴生 1：陷阱触发
Companion 1: Backstab,~,伴生 1：背刺
Companion 1: Bore Through,~,伴生 1：钻透
Companion 1: Brood Prophet,~,伴生 1：教派先知
Companion 1: Clandestine Operation,~,伴生 1：隐秘行动
Companion 1: Cult Propaganda,~,伴生 1：教派宣传
Companion 1: Cut Them Off,~,伴生 1：切断退路
Companion 1: Day of Ascension,~,伴生 1：升天之日
Companion 1: Deadliest Killer,~,伴生 1：最致命的杀手
Companion 1: Enhanced Aggression,~,伴生 1：强化攻击性
Companion 1: Enhanced Musculature,~,伴生 1：强化肌肉
Companion 1: Enhanced Resilience,~,伴生 1：强化韧性
Companion 1: Eve of the Uprising,~,伴生 1：起义前夕
Companion 1: Experimental Bio-Horrors,~,伴生 1：实验性生物恐怖
Companion 1: Gestalt Energy,~,伴生 1：聚合能量
Companion 1: Hive Fleet Arrival,~,伴生 1：虫巢舰队降临
Companion 1: Improvised Barricade,~,伴生 1：临时路障
Companion 1: Inscrutable Cunning,~,伴生 1：莫测狡诈
Companion 1: Jammed Communications,~,伴生 1：通讯干扰
Companion 1: Living Icon,~,伴生 1：活体圣像
Companion 1: Lying in Wait,~,伴生 1：伺机而动
Companion 1: Master Outrider,~,伴生 1：骑术大师
Companion 1: Nexus of Devotion,~,伴生 1：虔诚枢纽
Companion 1: Open Insurrection,~,伴生 1：公开叛乱
Companion 1: Perfect Ambush,~,伴生 1：完美伏击
Companion 1: Perfect Hosts,~,伴生 1：完美宿主
Companion 1: Poisoned Supplies,~,伴生 1：中毒补给
Companion 1: Rampant Infestation,~,伴生 1：猖獗侵染
Companion 1: Roaming Outriders,~,伴生 1：游荡侦骑
Companion 1: Rogue Informant,~,伴生 1：叛变线人
Companion 1: Subterranean Ambush,~,伴生 1：地下伏击
Companion 1: Summon the Cult,~,伴生 1：召唤教派
Companion 1: Telephatic Domination,~,伴生 1：心灵支配
Companion 1: Underground Network,~,伴生 1：地下网络
Companion 1: Vox-Hacker,~,伴生 1：声讯黑客
Companion 1: Xeno-Mutations,~,伴生 1：异形突变
Companion 1: Achilles Ridgerunner,~,伴生 1：阿喀琉斯山脊车
Companion 1: Atalan Jackal,~,伴生 1：阿塔兰胡狼
Companion 1: Atalan Leader,~,伴生 1：阿塔兰队长
Companion 1: Atalan Wolfquad,~,伴生 1：阿塔兰狼式摩托
Companion 1: Cult Leman Russ,~,伴生 1：教派莱曼·鲁斯
Companion 1: Cult Sentinel,~,伴生 1：教派哨兵
Companion 1: Goliath Rockgrinder,~,伴生 1：歌利亚碾石车
Companion 1: Goliath Truck,~,伴生 1：歌利亚卡车
Companion 1: Jackal Outrider,~,伴生 1：胡狼骑兵
Companion 1: Jackal Scout,~,伴生 1：胡狼斥候
Companion 1: Jackal Specialist,~,伴生 1：胡狼专家
Companion 1: Spotter Ridgerunner,~,伴生 1：观测山脊车
Companion 1: Acolyte Iconward,~,伴生 1：侍僧持旗者
Companion 1: Lhaska Szenari,~,伴生 1：拉什卡·泽纳里
Companion 1: Magus Uthrel Naas,~,伴生 1：大导师乌斯雷尔·纳斯
Companion 1: Primus Saffa Rhiannor,~,伴生 1：首席萨法·里安诺
Companion 1: Dark Pact of Fate,~,伴生 1：命运黑暗契约
Companion 1: Dark Pact of Blood,~,伴生 1：鲜血黑暗契约
Companion 1: Dark Pact of Excess,~,伴生 1：纵欲黑暗契约
Companion 1: Dark Pact of Resilience,~,伴生 1：韧性黑暗契约
Companion 1: Lord Kaphrael,~,伴生 1：卡弗拉尔领主
Companion 1: Veldras the Sublime,~,伴生 1：维尔德拉斯·崇高者
Companion 1: Armoury of Excess,~,伴生 1：纵欲军械库
Companion 1: Decadent Throne,~,伴生 1：颓废王座
Companion 1: Rusted Vent,~,伴生 1：锈蚀风口
Companion 1: Ghazghkull Thraka,~,伴生 1：加兹古尔·斯拉卡
Companion 1: Beast Snagga Boy,~,伴生 1：猎兽小子
Companion 1: Beastboss on Squigosaur,~,伴生 1：猪龙野兽头目
Companion 1: Gargantuan Squiggoth,~,伴生 1：巨型猪兽
Companion 1: Grot Orderly,~,伴生 1：地精勤务兵
Companion 1: Grot on Bombsquig,~,伴生 1：炸弹猪上的地精
Companion 1: Hunta Rig,~,伴生 1：猎兽战车
Companion 1: Kill Rig,~,伴生 1：杀戮战车
Companion 1: Nob on Smasha Squig,~,伴生 1：重装砸猪老大
Companion 1: Painboss,~,伴生 1：痛医头目
Companion 1: Runtherd,~,伴生 1：放牧者
Companion 1: Snakebite Grot,~,伴生 1：蛇咬地精
Companion 1: Squighog Boyz,~,伴生 1：猪骑士小子
Companion 1: Thump Gun Beast Snagga,~,伴生 1：重锤炮猎兽小子
Companion 1: Wurrboy,~,伴生 1：嚎哭小子
Companion 1: Zodgrod Wortsnagga,~,伴生 1：佐德格罗德·沃茨纳加
Companion 1: Cyber‑augmentation,~,伴生 1：赛博强化
Companion 1: Da Hunt is On,~,伴生 1：狩猎开始！
Companion 1: Da Old Ways,~,伴生 1：老规矩
Companion 1: Dok’s Toolz (Painboss' talent),~,伴生 1：医官的工具（痛医头目天赋）
Companion 1: Drag it Down,~,伴生 1：拖倒它！
Companion 1: Fasta Than Yooz,~,伴生 1：比你们快
Companion 1: Ferocious Rage (Beastboss' Talent),~,伴生 1：凶暴之怒（野兽头目天赋）
Companion 1: Gnarled and Rugged,~,伴生 1：皮糙肉厚
Companion 1: Monster Hunters,~,伴生 1：怪物猎手
Companion 1: Power of the Waaagh!,~,伴生 1：哇！战吼之力
Companion 1: Skrag Every Stash!,~,伴生 1：抄光所有藏货！
Companion 1: Thundering Stampede,~,伴生 1：雷鸣狂奔
Companion 1: Snakebite Battlewagon,~,伴生 1：蛇咬战斗车
Companion 1: Beastboss Morgrim,~,伴生 1：野兽头目莫格里姆
Companion 1: Mozrog Skragbad,~,伴生 1：莫兹罗格·斯克拉格巴德
Companion 1: Beast Snagga Nob,~,伴生 1：猎兽老大
Companion 1: Snakebite Nob,~,伴生 1：蛇咬老大
Companion 1: Unleashed TramplaSquig,~,伴生 1：脱缰践踏猪
Companion 1: Weirdboy,~,伴生 1：灵能小子
Companion 1: Da Bigger Dey Iz... (Mozrog's Talent),~,伴生 1：它们越大……（莫兹罗格天赋）
Companion 1: Special Dose (Zodgrod Wortsnagga Talent),~,伴生 1：特制药剂（佐德格罗德·沃茨纳加天赋）
Companion 1: Waaagh! Energy (Weirdboy Talent),~,伴生 1：哇！战吼能量（灵能小子天赋）
Companion 1: Ardshell Gurk,~,伴生 1：硬壳古尔克
Companion 1: Banner Nob,~,伴生 1：旗手老大
Companion 1: Big Choppa Nob,~,伴生 1：大砍刀老大
Companion 1: Big Krumpaz,~,伴生 1：暴揍打手
Companion 1: Big Shoota Boy,~,伴生 1：大枪小子
Companion 1: Bomb Squig,~,伴生 1：炸弹猪
Companion 1: Boss Nob,~,伴生 1：头目老大
Companion 1: Burna Boy,~,伴生 1：喷火小子
Companion 1: Deffgun Loota,~,伴生 1：死枪掠夺者
Companion 1: Grot,~,伴生 1：地精
Companion 1: Hornhelmz Boy,~,伴生 1：角盔小子
Companion 1: Kommando,~,伴生 1：敢死队
Companion 1: Makari the Grot,~,伴生 1：地精马卡里
Companion 1: Meganob Ugrak,~,伴生 1：重甲老大乌格拉克
Companion 1: Mekboy Gazmek,~,伴生 1：技师小子加兹梅克
Companion 1: Ork Boy,~,伴生 1：兽人小子
Companion 1: Ork Nob,~,伴生 1：兽人老大
Companion 1: Ork Spanner,~,伴生 1：兽人扳手
Companion 1: PainBoy Sniklaw,~,伴生 1：痛医官斯尼克拉夫
Companion 1: Rokkit Boy,~,伴生 1：火箭小子
Companion 1: Shoota Boy,~,伴生 1：射枪小子
Companion 1: Skarboy Nob,~,伴生 1：伤疤老大
Companion 1: Slugga Boy,~,伴生 1：斯鲁格小子
Companion 1: Stikkbomb Boy,~,伴生 1：粘弹小子
Companion 1: Stormboy,~,伴生 1：风暴小子
Companion 1: Tankbusta,~,伴生 1：破坦者
Companion 1: Trukk Boy,~,伴生 1：卡车小子
Companion 1: Veteran Flyboy,~,伴生 1：飞行老兵
Companion 1: Dust Storm,~,伴生 1：尘暴
Companion 1: Night Attack,~,伴生 1：夜袭
Companion 1: Spore Cloud,~,伴生 1：孢子云
Companion 1: Ard As Nails,~,伴生 1：硬如钉子
Companion 1: Attack Squig,~,伴生 1：突袭猪
Companion 1: Cloud Of Smoke,~,伴生 1：烟幕
Companion 1: Da Green Horde,~,伴生 1：绿皮大军
Companion 1: Da Irongob,~,伴生 1：铁嘴
Companion 1: Da Red Waaagh,~,伴生 1：红色哇战吼
Companion 1: Dead Choppy,~,伴生 1：贼能砍
Companion 1: Extractor Rig,~,伴生 1：回收塔车
Companion 1: Follower of Gork,~,伴生 1：高克的追随者
Companion 1: Get'em ladz!,~,伴生 1：上啊，小子们！
Companion 1: Greatest Warboss,~,伴生 1：最伟大的战头目
Companion 1: Gretchin Mob,~,伴生 1：地精帮
Companion 1: Gretchin Tower,~,伴生 1：地精塔
Companion 1: Grizzled Skarboy,~,伴生 1：久经沙场的伤疤小子
Companion 1: Grot Bomb,~,伴生 1：地精炸弹
Companion 1: Krump da Gitz,~,伴生 1：揍扁蠢货们！
Companion 1: Mekaniak,~,伴生 1：技师狂人
Companion 1: More Dakka,~,伴生 1：更多火力
Companion 1: No Mukkin About,~,伴生 1：别磨蹭！
Companion 1: Ork Encampment,~,伴生 1：兽人营地
Companion 1: Proper Killy,~,伴生 1：真够狠
Companion 1: Prophet of the Waaagh,~,伴生 1：哇！战吼先知
Companion 1: Pyromaniaks,~,伴生 1：纵火狂
Companion 1: Ramshackle,~,伴生 1：七拼八凑
Companion 1: Rok Invasion,~,伴生 1：火箭入侵
Companion 1: Sawbonez,~,伴生 1：锯骨大夫
Companion 1: Scrag ’Em,~,伴生 1：干翻他们！
Companion 1: Skorcha Assault,~,伴生 1：喷火突击
Companion 1: Stomp Em,~,伴生 1：踩扁他们！
Companion 1: Stormboyz Strike,~,伴生 1：风暴小子突袭
Companion 1: Tide of Muscle,~,伴生 1：肌肉狂潮
Companion 1: Toxic Bonfire,~,伴生 1：剧毒篝火
Companion 1: Uge Choppa,~,伴生 1：超大砍刀
Companion 1: Unbridled Carnage,~,伴生 1：无度屠戮
Companion 1: Will of Gork,~,伴生 1：高克之志
Companion 1: Worst Temper,~,伴生 1：暴脾气
Companion 1: Wreckin Ball,~,伴生 1：拆迁铁球
Companion 1: Battlewagon,~,伴生 1：战斗马车
Companion 1: Boomdakka Snazzwagon,~,伴生 1：爆轰炫车
Companion 1: Deff Dread,~,伴生 1：死恐无畏
Companion 1: Deffkopta,~,伴生 1：死亡直升机
Companion 1: Gorkanaut,~,伴生 1：高克机甲
Companion 1: Grot Tank,~,伴生 1：地精坦克
Companion 1: Gunwagon,~,伴生 1：炮战车
Companion 1: Killa Kan,~,伴生 1：杀戮罐
Companion 1: Krumpaklaw,~,伴生 1：暴揍爪
Companion 1: Rukkatrukk Squigbuggy,~,伴生 1：隆隆猪车
Companion 1: Stompa,~,伴生 1：踩踏机甲
Companion 1: Warbiker,~,伴生 1：战争摩托手
Companion 1: Boss Zagstruk,~,伴生 1：头目扎格斯特鲁克
Companion 1: Grukk Face-Rippa,~,伴生 1：古鲁克·撕面者
Companion 1: Warboss Gordrang,~,伴生 1：战头目戈德朗
Companion 1: Mega Blasta Deffkopta,~,伴生 1：重爆死亡直升机
Companion 1: Ursula Creed,~,伴生 1：克里德
Companion 1: Minka Lesk,~,伴生 1：明卡·莱斯克
Companion 1: Defence Batteries,~,伴生 1：防御炮组
Companion 1: Munitorum Supplies,~,伴生 1：军需补给
Companion 1: Timely Reinforcements,~,伴生 1：及时增援
Companion 1: Astropath,~,伴生 1：星语者
Companion 1: Attilan Rough Rider,~,伴生 1：阿提拉莽骑兵
Companion 1: Bullgryn Bone’ead,~,伴生 1：布尔格伦骨脑
Companion 1: Cadian Castellan,~,伴生 1：卡迪亚守备官
Companion 1: Cadian Medic,~,伴生 1：卡迪亚医疗兵
Companion 1: Cadian Standard Bearer,~,伴生 1：卡迪亚旗手
Companion 1: Commissar,~,伴生 1：政委
Companion 1: Faeburn Vanquisher,~,伴生 1：法伯恩·歼灭者
Companion 1: Flamer Trooper,~,伴生 1：喷火兵
Companion 1: Kasrkin,~,伴生 1：卡斯金
Companion 1: Maelon Dhrost,~,伴生 1：梅隆·德罗斯特
Companion 1: Master of Ordnance,~,伴生 1：军械大师
Companion 1: Medic Scion,~,伴生 1：医护圣选兵
Companion 1: Nork Deddog,~,伴生 1：诺克·德多格
Companion 1: Ogryn,~,伴生 1：奥格林
Companion 1: Primaris Psyker,~,伴生 1：常备灵能者
Companion 1: Ratling,~,伴生 1：鼠人
Companion 1: Shock Trooper Sgt,~,伴生 1：震荡突击兵军士
Companion 1: Shock Trooper,~,伴生 1：震荡突击兵
Companion 1: Tech-Priest Enginseer,~,伴生 1：机械神甫机务师
Companion 1: Tempestor Sergeant,~,伴生 1：暴风军士长
Companion 1: Tempestus Aquilon,~,伴生 1：暴风阿奎隆
Companion 1: Tempestus Scion,~,伴生 1：暴风圣选兵
Companion 1: Vitus Gryf,~,伴生 1：维图斯·格里夫
Companion 1: Vox Operator,~,伴生 1：通讯兵
Companion 1: Dawn Attack,~,伴生 1：黎明突袭
Companion 1: Factories Overdrive,~,伴生 1：工厂超载
Companion 1: Planetary invasion,~,伴生 1：行星入侵
Companion 1: Armoured Lightning,~,伴生 1：装甲闪电
Companion 1: Armoured Squadron,~,伴生 1：装甲中队
Companion 1: Artillery Strike,~,伴生 1：炮火打击
Companion 1: At All Costs,~,伴生 1：不惜一切
Companion 1: Born Soldier,~,伴生 1：天生士兵
Companion 1: Cadia Stands,~,伴生 1：卡迪亚屹立
Companion 1: Cadian Honour,~,伴生 1：卡迪亚荣誉
Companion 1: Efficiency and Excellence,~,伴生 1：效率与卓越
Companion 1: Forged Killers,~,伴生 1：锻造杀手
Companion 1: Full Throttle,~,伴生 1：全速前进
Companion 1: Godspear Warhead,~,伴生 1：神矛弹头
Companion 1: High Command,~,伴生 1：最高指挥部
Companion 1: Lead by Example,~,伴生 1：以身作则
Companion 1: Legendary Commandant,~,伴生 1：传奇司令官
Companion 1: Mechanised Infantry,~,伴生 1：机械化步兵
Companion 1: Move! Move! Move!,~,伴生 1：前进！前进！前进！
Companion 1: Pinning Fire,~,伴生 1：压制火力
Companion 1: Press the Attack,~,伴生 1：主动出击
Companion 1: Recon Operation,~,伴生 1：侦察行动
Companion 1: Regimental Doctrine,~,伴生 1：团队教义
Companion 1: Renowned Bodyguard,~,伴生 1：著名保镖
Companion 1: Righteous Gaze,~,伴生 1：正义凝视
Companion 1: Shock Troops,~,伴生 1：突击部队
Companion 1: Siege Warfare,~,伴生 1：围城战
Companion 1: Summary Execution,~,伴生 1：即决处决
Companion 1: Thermal Weaponry,~,伴生 1：热能武器
Companion 1: Thunderous Charge,~,伴生 1：雷霆冲锋
Companion 1: Valkyrie Drop,~,伴生 1：女武神空降
Companion 1: Vengeance for Cadia,~,伴生 1：为卡迪亚复仇
Companion 1: Aquilon Servo-Sentry,~,伴生 1：阿奎隆伺服哨戒
Companion 1: Armoured Sentinel,~,伴生 1：装甲哨兵
Companion 1: Autocannon Squad,~,伴生 1：自动炮小队
Companion 1: Baneblade Tank,~,伴生 1：毒刃战车
Companion 1: Basilisk,~,伴生 1：巴西利斯克
Companion 1: Bombast Field Gun,~,伴生 1：邦巴斯特野战炮
Companion 1: Chimera,~,伴生 1：奇美拉
Companion 1: Hydra,~,伴生 1：九头蛇
Companion 1: Leman Russ Vanquisher,~,伴生 1：黎曼鲁斯·歼灭者
Companion 1: Leman Russ,~,伴生 1：黎曼鲁斯
Companion 1: Manticore,~,伴生 1：曼提柯尔
Companion 1: Rogal Dorn Tank,~,伴生 1：罗加·多恩坦克
Companion 1: Scout Sentinel,~,伴生 1：侦察哨兵
Companion 1: Taurox Prime,~,伴生 1：陶洛克精英装甲车
Companion 1: Taurox,~,伴生 1：陶洛克装甲车
Companion 1: Valkyrie,~,伴生 1：瓦尔基里
Companion 1: Commissar Elan,~,伴生 1：政委·埃兰
Companion 1: Hektor Thenmann,~,伴生 1：赫克托·滕曼
Companion 1: Lord Solar Leontus,~,伴生 1：太阳领主莱昂图斯
Companion 1: Ophydian Destroyer,~,伴生 1：奥菲迪安毁灭者
Companion 1: Canoptek Plasmacyte,~,伴生 1：冥府质体
Companion 1: Canoptek Scarab,~,伴生 1：冥府圣甲虫
Companion 1: Canoptek Spyder,~,伴生 1：冥府蜘蛛
Companion 1: Canoptek Wraith,~,伴生 1：冥府幽灵
Companion 1: Chronomancer,~,伴生 1：时相术士
Companion 1: Cryptothrall,~,伴生 1：墓穴仆役
Companion 1: Damaged Hexmark,~,伴生 1：受损六印毁灭者
Companion 1: Damaged Plasmacyte,~,伴生 1：受损冥府质体
Companion 1: Deathmark,~,伴生 1：死印
Companion 1: Flayed One,~,伴生 1：剥皮者
Companion 1: Flayed Ones Pack,~,伴生 1：剥皮者兽群
Companion 1: Gauss Blaster Immortal,~,伴生 1：高斯冲击枪不朽者
Companion 1: Gauss Reaper Warrior,~,伴生 1：高斯收割者战士
Companion 1: Hexmark Destroyer,~,伴生 1：六印毁灭者
Companion 1: Immortals Phalanx,~,伴生 1：不朽者方阵
Companion 1: Lokhust Destroyer,~,伴生 1：洛库斯特毁灭者
Companion 1: Lokhust Heavy Destroyer,~,伴生 1：洛库斯特重型毁灭者
Companion 1: Lokhust Lord,~,伴生 1：洛库斯特领主
Companion 1: Lychguard,~,伴生 1：圣卫兵
Companion 1: Necron Lord,~,伴生 1：死灵领主
Companion 1: Necron Warrior,~,伴生 1：死灵战士
Companion 1: Plasmancer,~,伴生 1：等离子术士
Companion 1: Psychomancer,~,伴生 1：心灵术士
Companion 1: Royal Warden,~,伴生 1：皇家典狱官
Companion 1: Scarab Swarm,~,伴生 1：圣甲虫虫群
Companion 1: Skorpekh Destroyer,~,伴生 1：斯科尔佩赫毁灭者
Companion 1: Skorpekh Lord,~,伴生 1：斯科尔佩赫领主
Companion 1: Technomancer,~,伴生 1：技术术士
Companion 1: Tesla Carbine Immortal,~,伴生 1：特斯拉卡宾枪不朽者
Companion 1: Triarch Praetorian,~,伴生 1：三王禁卫
Companion 1: Vargard Obyron,~,伴生 1：瓦加德·奥比伦
Companion 1: Canoptek Reanimator,~,伴生 1：冥府复生者
Companion 1: Earthquake,~,伴生 1：地震
Companion 1: Immortal Beams,~,伴生 1：不朽光束
Companion 1: Solar Storm,~,伴生 1：太阳风暴
Companion 1: Annihilation Command,~,伴生 1：歼灭指令
Companion 1: Awakened Dynasty,~,伴生 1：觉醒王朝
Companion 1: Awakening Obelisk,~,伴生 1：苏醒方尖碑
Companion 1: Conquering Tyrant,~,伴生 1：征服暴君
Companion 1: Curse of the Phaeron,~,伴生 1：法老诅咒
Companion 1: Dimensional Breach,~,伴生 1：次元裂隙
Companion 1: Dimensional Corridor,~,伴生 1：次元走廊
Companion 1: Disentegration Capacitors,~,伴生 1：解离电容
Companion 1: Disruption Blades,~,伴生 1：扰乱之刃
Companion 1: Divination Menhir,~,伴生 1：占卜石柱
Companion 1: Extermination Protocols,~,伴生 1：歼灭协议
Companion 1: Hardwired Destruction,~,伴生 1：硬接线毁灭
Companion 1: Hyperlogical Strategist,~,伴生 1：超逻辑战略家
Companion 1: Immortal Pride,~,伴生 1：不朽之傲
Companion 1: Implacable Conqueror,~,伴生 1：无情征服者
Companion 1: Indomitable Will,~,伴生 1：不屈意志
Companion 1: Inescapable Retribution,~,伴生 1：无法逃脱的惩罚
Companion 1: Lord of the Storm,~,伴生 1：风暴领主
Companion 1: Master Chronomancer,~,伴生 1：时相大师
Companion 1: Methodical Destruction,~,伴生 1：有条不紊的毁灭
Companion 1: Particle Whip,~,伴生 1：粒子鞭
Companion 1: Protection Protocol,~,伴生 1：保护协议
Companion 1: Reanimate,~,伴生 1：复生
Companion 1: Reanimation Protocol,~,伴生 1：复生协议
Companion 1: Reconstitution Protocols,~,伴生 1：重构协议
Companion 1: Relentless Advance,~,伴生 1：无情推进
Companion 1: Relentless March,~,伴生 1：无情进军
Companion 1: Resurrection Orb,~,伴生 1：复活宝珠
Companion 1: Resurrection Vault,~,伴生 1：复活圣库
Companion 1: Scythe Assault,~,伴生 1：镰刀突击
Companion 1: Self-Destruction,~,伴生 1：自我毁灭
Companion 1: Solar Pulse,~,伴生 1：太阳脉冲
Companion 1: Spyder Nest,~,伴生 1：蜘蛛巢
Companion 1: Tomb World,~,伴生 1：墓穴世界
Companion 1: Annihilation Barge,~,伴生 1：歼灭驳船
Companion 1: Command Barge,~,伴生 1：指挥驳船
Companion 1: Doom Scythe,~,伴生 1：末日镰刀
Companion 1: Doomstalker,~,伴生 1：末日行者
Companion 1: Ghost Ark,~,伴生 1：幽灵方舟
Companion 1: Monolith,~,伴生 1：独石碑
Companion 1: Night Scythe,~,伴生 1：夜镰
Companion 1: Tomb Blade,~,伴生 1：墓刃
Companion 1: Triarch Stalker,~,伴生 1：三王猎手
Companion 1: Nemesor Zahndrekh,~,伴生 1：内默萨·赞德雷克
Companion 1: Diviner,~,伴生 1：占卜师
Companion 1: Ramatekh The Cruel,~,伴生 1：残忍者拉玛泰克
Companion 1: Lord Commander,~,伴生 1：统帅
Companion 1: Undying Legions,~,伴生 1：不朽军团
Companion 1: Awakened Obelisk,~,伴生 1：觉醒方尖碑
Companion 1: Autarch,~,伴生 1：总督
Companion 1: Death Spinner Warp Spider,~,伴生 1：死亡纺锤扭曲蜘蛛
Companion 1: Dire Avenger Exarch,~,伴生 1：复仇者长老
Companion 1: Dire Avenger,~,伴生 1：复仇者
Companion 1: Farseer,~,伴生 1：先知
Companion 1: Fire Dragon,~,伴生 1：火龙
Companion 1: Guardian Defender,~,伴生 1：防卫守护者
Companion 1: Howling Banshee Exarch,~,伴生 1：嚎叫女妖长老
Companion 1: Howling Banshee,~,伴生 1：嚎叫女妖
Companion 1: Orian Laratharjos,~,伴生 1：奥里安·拉拉萨约斯
Companion 1: Ranger,~,伴生 1：游侠
Companion 1: Spiritseer Qelenaris,~,伴生 1：灵先知·奎莱纳里斯
Companion 1: Spiritseer,~,伴生 1：灵先知
Companion 1: Storm Guardian,~,伴生 1：风暴守护者
Companion 1: Striking Scorpion Exarch,~,伴生 1：突击蝎子长老
Companion 1: Striking Scorpion,~,伴生 1：突击蝎子
Companion 1: Swooping Hawk Exarch,~,伴生 1：俯冲猎鹰长老
Companion 1: Swooping Hawk,~,伴生 1：俯冲猎鹰
Companion 1: Vengeful Wraithblade,~,伴生 1：复仇幽刃
Companion 1: Veteran Guardian,~,伴生 1：老兵守护者
Companion 1: Warlock,~,伴生 1：术士
Companion 1: Warp Spider Exarch,~,伴生 1：扭曲蜘蛛长老
Companion 1: Warp Spider,~,伴生 1：扭曲蜘蛛
Companion 1: Weapons Platform,~,伴生 1：武器平台
Companion 1: Winged Autarch,~,伴生 1：有翼总督
Companion 1: Witchblade Warlock,~,伴生 1：巫刃术士
Companion 1: Wraithblade,~,伴生 1：幽刃
Companion 1: Wraithguard,~,伴生 1：幽卫
Companion 1: Yrlla the Huntress,~,伴生 1：女猎手伊尔拉
Companion 1: Avatar of Khaine,~,伴生 1：凯恩化身
Companion 1: Blackout,~,伴生 1：黑幕
Companion 1: Infinity Circuit Overload,~,伴生 1：无限回路过载
Companion 1: Webway Rift,~,伴生 1：网道裂隙
Companion 1: Aerial Dominion,~,伴生 1：空中霸权
Companion 1: Ahnakh-Yth Shrine,~,伴生 1：阿纳赫-伊斯圣殿
Companion 1: Aspect Shrine,~,伴生 1：支派圣殿
Companion 1: Banshee Mask,~,伴生 1：女妖面具
Companion 1: Bladestorm,~,伴生 1：剑刃风暴
Companion 1: Cosmic Serpent,~,伴生 1：宇宙巨蛇
Companion 1: Craftworld Convergence,~,伴生 1：方舟世界汇聚
Companion 1: Dance of Death,~,伴生 1：死亡之舞
Companion 1: Deadly Ambush,~,伴生 1：致命伏击
Companion 1: Devoted of Khaine,~,伴生 1：凯恩信徒
Companion 1: Eldritch Storm,~,伴生 1：秘术风暴
Companion 1: Empyric Ambush,~,伴生 1：灵能伏击
Companion 1: Evasive Manoeuvre,~,伴生 1：规避机动
Companion 1: Fate Inescapable,~,伴生 1：宿命难逃
Companion 1: Fire and Fade,~,伴生 1：打了就跑
Companion 1: Flickerjump,~,伴生 1：闪烁跳跃
Companion 1: Forewarned,~,伴生 1：预警
Companion 1: Graceful Avoidance,~,伴生 1：灵巧规避
Companion 1: Hosts of the Dead,~,伴生 1：亡者军团
Companion 1: Infinity Circuit,~,伴生 1：无限回路
Companion 1: Inspiring Legacy,~,伴生 1：激励传承
Companion 1: Nightshade Interceptors,~,伴生 1：夜影拦截者
Companion 1: Path of Command,~,伴生 1：统御之道
Companion 1: Path of the Seer,~,伴生 1：先知之道
Companion 1: Path of the Warrior,~,伴生 1：战士之道
Companion 1: Reclaim the Stars,~,伴生 1：夺回群星
Companion 1: Skyborne Deployment,~,伴生 1：空降部署
Companion 1: Storm of Silence,~,伴生 1：寂静风暴
Companion 1: Sudden Assault,~,伴生 1：突袭
Companion 1: Wailing Doom,~,伴生 1：恸哭毁灭
Companion 1: Webway Entrance,~,伴生 1：网道入口
Companion 1: Webway Gate,~,伴生 1：网道之门
Companion 1: Webway Incursion,~,伴生 1：网道入侵
Companion 1: Whirling Death,~,伴生 1：回旋之死
Companion 1: Wild Host,~,伴生 1：狂野宿主
Companion 1: Will of Asuryan,~,伴生 1：阿斯尤扬之意志
Companion 1: Witchfire,~,伴生 1：巫火
Companion 1: Wrath of Khaine,~,伴生 1：凯恩之怒
Companion 1: Bright Lance Vyper,~,伴生 1：亮枪蝰蛇
Companion 1: Crimson Hunter,~,伴生 1：猩红猎手
Companion 1: Falcon,~,伴生 1：猎鹰
Companion 1: Farseer Skyrunner,~,伴生 1：先知天行者
Companion 1: Fire prism,~,伴生 1：火焰棱镜
Companion 1: Hemlock Wraithfighter,~,伴生 1：铁杉魂飞者
Companion 1: Hornet,~,伴生 1：大黄蜂
Companion 1: Night Spinner,~,伴生 1：夜纺者
Companion 1: Nuadhu Fireheart,~,伴生 1：努阿杜·火心
Companion 1: Shining Spear Exarch,~,伴生 1：闪耀之矛长老
Companion 1: Shining Spear,~,伴生 1：闪耀之矛
Companion 1: Shroud Runner,~,伴生 1：隐匿行者
Companion 1: Vyper,~,伴生 1：蝰蛇
Companion 1: War Walker,~,伴生 1：战争行者
Companion 1: Warlock Skyrunner,~,伴生 1：术士天行者
Companion 1: Wave Serpent,~,伴生 1：波浪蛇
Companion 1: Windrider,~,伴生 1：风行者
Companion 1: Wraithknight,~,伴生 1：幽骑士
Companion 1: Wraithlord,~,伴生 1：幽尊
Companion 1: Anvirr Keltoc,~,伴生 1：安维尔·凯尔托克
Companion 1: Eliac Zephyrblade,~,伴生 1：伊利亚克·泽菲刃
Companion 1: Medreyal Ghaelyn,~,伴生 1：梅德雷亚尔·盖林
Companion 1: Jain Zar,~,伴生 1：杰因·扎尔
Companion 1: Lhykhis,~,伴生 1：莱基斯
Companion 1: Adelaide the Serene,~,伴生 1：宁静的阿德莱德
Companion 1: Aestred-Thurga,~,伴生 1：艾斯特雷德-瑟加
Companion 1: Amalia Novena,~,伴生 1：阿玛莉亚·诺维娜
Companion 1: Arco-Flagellant,~,伴生 1：电鞭苦修者
Companion 1: Armorium Cherub,~,伴生 1：军械库小天使
Companion 1: Battle Sister Gunner,~,伴生 1：战斗修女枪手
Companion 1: Battle Sister,~,伴生 1：战斗修女
Companion 1: Canoness,~,伴生 1：教长
Companion 1: Celestian Sacresant,~,伴生 1：天界修女圣卫
Companion 1: Celestian Superior,~,伴生 1：天界修女长
Companion 1: Celestian,~,伴生 1：天界修女
Companion 1: Crusader,~,伴生 1：十字军战士
Companion 1: Death Cult Assassin,~,伴生 1：死亡教派刺客
Companion 1: Dialogus,~,伴生 1：执事
Companion 1: Dominion Superior,~,伴生 1：多米尼恩修女长
Companion 1: Dominion,~,伴生 1：多米尼恩修女
Companion 1: Ephrael Stern,~,伴生 1：埃弗拉尔·斯特恩
Companion 1: Hospitaller,~,伴生 1：医疗修女
Companion 1: Imagifier,~,伴生 1：圣像师
Companion 1: Ministorum Priest,~,伴生 1：国教牧师
Companion 1: Missionary,~,伴生 1：传教士
Companion 1: Preacher,~,伴生 1：布道者
Companion 1: Retributor,~,伴生 1：惩戒修女
Companion 1: Sacred Rose Sister,~,伴生 1：圣玫瑰修女
Companion 1: Saint Celestine,~,伴生 1：圣塞莱斯廷
Companion 1: Seraphim,~,伴生 1：炽天使
Companion 1: Simulacrum Bearer,~,伴生 1：圣像持有者
Companion 1: Simulacrum Imperialis,~,伴生 1：帝皇圣像
Companion 1: Sister Dogmata,~,伴生 1：教义修女
Companion 1: Sister Novitiate,~,伴生 1：见习修女
Companion 1: Sister Superior,~,伴生 1：修女长
Companion 1: Sisters Repentia,~,伴生 1：忏悔修女
Companion 1: Triumph of Saint Katherine,~,伴生 1：圣凯瑟琳凯旋
Companion 1: Zephyrim Superior,~,伴生 1：泽菲里姆修女长
Companion 1: Zephyrim,~,伴生 1：泽菲里姆修女
Companion 1: Beacon of Faith,~,伴生 1：信仰灯塔
Companion 1: Blade of Faith,~,伴生 1：信仰之刃
Companion 1: Cleansing Flames,~,伴生 1：净化之焰
Companion 1: Conviction of Faith,~,伴生 1：坚定信仰
Companion 1: Daemonbreaker,~,伴生 1：破魔者
Companion 1: Defenders of the Faith,~,伴生 1：信仰捍卫者
Companion 1: Devout Serenity,~,伴生 1：虔诚宁静
Companion 1: Devout Warriors,~,伴生 1：虔诚战士
Companion 1: Disrupted Sanctuary,~,伴生 1：受扰圣所
Companion 1: Divine Intervention,~,伴生 1：神圣干预
Companion 1: Emperor's Judgement,~,伴生 1：帝皇的审判
Companion 1: Fiery Conviction,~,伴生 1：炽热信念
Companion 1: Furious Reprisal,~,伴生 1：狂怒报复
Companion 1: Fury of the Righteous,~,伴生 1：义人之怒
Companion 1: Guidance of the Saints,~,伴生 1：圣徒指引
Companion 1: Hallowed Martyrs,~,伴生 1：圣洁殉道者
Companion 1: Holy Fire,~,伴生 1：圣火
Companion 1: Hymn of Battle,~,伴生 1：战斗圣歌
Companion 1: Imperial Creed,~,伴生 1：帝国信条
Companion 1: Inspiring Oratory,~,伴生 1：激励演说
Companion 1: Lead the Righteous,~,伴生 1：引领义人
Companion 1: Miraculous Feat,~,伴生 1：奇迹壮举
Companion 1: Prayer,~,伴生 1：祷文
Companion 1: Purgator Mirabilis,~,伴生 1：奇迹涤罪者
Companion 1: Raging Storm,~,伴生 1：狂暴风暴
Companion 1: Relics of Saint Katherine,~,伴生 1：圣凯瑟琳圣物
Companion 1: Righteous Repugnance,~,伴生 1：义愤
Companion 1: Rite of Restoration,~,伴生 1：复原仪式
Companion 1: Sacred Altar,~,伴生 1：圣坛
Companion 1: Sacred Rose,~,伴生 1：圣玫瑰
Companion 1: Shrine Bombardement,~,伴生 1：圣殿轰击
Companion 1: Shrineworld,~,伴生 1：圣殿世界
Companion 1: Slay the Heretic,~,伴生 1：斩杀异端
Companion 1: Spirit of the Martyr,~,伴生 1：殉道者之灵
Companion 1: Trial of Suffering,~,伴生 1：苦难试炼
Companion 1: Castigator,~,伴生 1：惩戒者
Companion 1: Exorcist,~,伴生 1：驱魔者
Companion 1: Immolator,~,伴生 1：焚化者
Companion 1: Mortifier,~,伴生 1：苦修机
Companion 1: Paragon Warsuit,~,伴生 1：典范战甲
Companion 1: Penitent Engine,~,伴生 1：忏悔引擎
Companion 1: Sororitas Rhino,~,伴生 1：修女犀牛
Companion 1: Celestian Sacresant Aveline,~,伴生 1：天界修女圣卫·阿芙琳
Companion 1: Erika Luminas,~,伴生 1：埃丽卡·卢米纳斯
Companion 1: Junith Eruita,~,伴生 1：朱妮丝·埃鲁伊塔
Companion 1: Morvenn Vahl,~,伴生 1：莫文·瓦尔
Companion 1: Moment of Grace,~,伴生 1：恩典时刻
Companion 1: Broadside Battlesuit,~,伴生 1：宽面甲
Companion 1: Coldstar Battlesuit,~,伴生 1：冷星甲
Companion 1: Crisis Battlesuit,~,伴生 1：危机甲
Companion 1: Crisis Bodyguard,~,伴生 1：危机护卫
Companion 1: Enforcer Battlesuit,~,伴生 1：执法者甲
Companion 1: Riptide Battlesuit,~,伴生 1：激流甲
Companion 1: Stealth Battlesuit,~,伴生 1：隐匿甲
Companion 1: Stealth Shas’ui,~,伴生 1：隐匿火氏士
Companion 1: Stormsurge Battlesuit,~,伴生 1：风暴甲
Companion 1: Grav Inhibitor Drone,~,伴生 1：重力抑制无人机
Companion 1: Guardian Drone,~,伴生 1：守护无人机
Companion 1: Gun Drone,~,伴生 1：枪无人机
Companion 1: Marker Drone,~,伴生 1：标记无人机
Companion 1: Missile Drone,~,伴生 1：导弹无人机
Companion 1: Sniper Drone,~,伴生 1：狙击无人机
Companion 1: Stealth Drone,~,伴生 1：潜行无人机
Companion 1: Aunshi Ethereal,~,伴生 1：昂希以太
Companion 1: Breacher Fire Warrior,~,伴生 1：突破者火氏战士
Companion 1: Breacher ShasUi,~,伴生 1：突破者火氏士
Companion 1: Cadre Fireblade,~,伴生 1：火刃干部
Companion 1: Darkstrider,~,伴生 1：暗行者
Companion 1: Fire Warrior Sniper,~,伴生 1：火氏狙击手
Companion 1: Fire Warrior,~,伴生 1：火氏战士
Companion 1: Firesight Marksman,~,伴生 1：锐眼射手
Companion 1: Flesh Shaper,~,伴生 1：血肉塑形者
Companion 1: Honoured Ethereal,~,伴生 1：荣耀以太
Companion 1: Kroot Carnivore,~,伴生 1：克鲁特食肉者
Companion 1: Kroot Hound,~,伴生 1：克鲁特猎犬
Companion 1: Krootox Rampager,~,伴生 1：克鲁特狂暴兽
Companion 1: Krootox Rider,~,伴生 1：克鲁特骑手
Companion 1: Lone-spear,~,伴生 1：独矛
Companion 1: Pathfinder,~,伴生 1：探路者
Companion 1: Strike Team,~,伴生 1：打击小队
Companion 1: Trail Shaper,~,伴生 1：踪迹塑形者
Companion 1: Vespid Stingwings,~,伴生 1：黄蜂族刺翼
Companion 1: Electro-Static Interference,~,伴生 1：静电干扰
Companion 1: Radiation Storm,~,伴生 1：辐射风暴
Companion 1: Solar Eclipse,~,伴生 1：日食
Companion 1: Burgeoning Empire,~,伴生 1：昌盛帝国
Companion 1: Coordinated Engagement,~,伴生 1：协同作战
Companion 1: Deploy Anchors,~,伴生 1：部署锚桩
Companion 1: Drone Companion,~,伴生 1：无人机伴生
Companion 1: Dynamic Offensive,~,伴生 1：动态攻势
Companion 1: Emergency Dispensation,~,伴生 1：紧急豁免
Companion 1: Ethereal Supreme,~,伴生 1：至尊以太
Companion 1: Experimental Drone,~,伴生 1：实验无人机
Companion 1: For the Greater Good,~,伴生 1：为至高善意
Companion 1: Fortified Positions,~,伴生 1：坚固阵地
Companion 1: Grisly Feast,~,伴生 1：血腥盛宴
Companion 1: Hero of the Empire,~,伴生 1：帝国英雄
Companion 1: Hidden Hunters,~,伴生 1：隐匿猎手
Companion 1: Homing Beacon,~,伴生 1：归航信标
Companion 1: Hunters Instincts,~,伴生 1：猎手本能
Companion 1: Inspired to Greatness,~,伴生 1：伟业感召
Companion 1: Kauyon Tactics,~,伴生 1：考恩战术
Companion 1: Priority Target,~,伴生 1：优先目标
Companion 1: Pulse Onslaught,~,伴生 1：脉冲猛攻
Companion 1: Razorshark Strike,~,伴生 1：剃刀鲨突袭
Companion 1: Recon Sweep,~,伴生 1：侦察扫荡
Companion 1: Relentless Fusillade,~,伴生 1：无情齐射
Companion 1: Saviour Protocolst,~,伴生 1：救世协议
Companion 1: Sense of Stone,~,伴生 1：石之感知
Companion 1: Serene Unifier,~,伴生 1：宁静统合者
Companion 1: Shield Generator,~,伴生 1：护盾发生器
Companion 1: Storm of Fire,~,伴生 1：风暴之火
Companion 1: Structural Analyzer,~,伴生 1：结构分析器
Companion 1: Technological Supremacy,~,伴生 1：科技霸权
Companion 1: Thundering Rampage,~,伴生 1：雷霆暴怒
Companion 1: Tidewall Droneport,~,伴生 1：潮墙无人机港
Companion 1: Tidewall Gunrig,~,伴生 1：潮墙炮架
Companion 1: Valued Sacrifice,~,伴生 1：崇高牺牲
Companion 1: Watch Tower,~,伴生 1：瞭望塔
Companion 1: Zephyr's Grace,~,伴生 1：和风之恩
Companion 1: DS8 Support Turret,~,伴生 1：支援炮塔
Companion 1: Devilfish,~,伴生 1：魔鬼鱼
Companion 1: Hammerhead,~,伴生 1：锤头鲨
Companion 1: Longstrike,~,伴生 1：长袭者
Companion 1: Piranha,~,伴生 1：食人鲳
Companion 1: Razorshark,~,伴生 1：剃刀鲨
Companion 1: Sky Ray Gunship,~,伴生 1：天雷炮艇
Companion 1: Sun Shark Bomber,~,伴生 1：日鲨轰炸机
Companion 1: Aun'Va,~,伴生 1：昂瓦
Companion 1: Commander O'Maisos,~,伴生 1：奥迈索斯指挥官
Companion 1: Shadowsun,~,伴生 1：影阳
Companion 1: War Shaper,~,伴生 1：战争塑形者
Companion 1: Hive Guard,~,伴生 1：蜂巢卫兵
Companion 1: Crushing Claws,~,伴生 1：粉碎之爪
Companion 1: Terror of Vardenghast,~,伴生 1：瓦登加斯特之恐
Companion 1: Barbgaunt,~,伴生 1：倒刺根
Companion 1: Biovore,~,伴生 1：孢子兽
Companion 1: Broodlord,~,伴生 1：繁育领主
Companion 1: Deathleaper,~,伴生 1：死神猎手
Companion 1: Gargoyle,~,伴生 1：石像鬼
Companion 1: Genestealer,~,伴生 1：基因窃取者
Companion 1: Hormagaunt,~,伴生 1：荷尔马根
Companion 1: Lictor,~,伴生 1：利克特
Companion 1: Mucolid Spore,~,伴生 1：黏液孢子
Companion 1: Neurogaunt Nodebeast,~,伴生 1：神经节虫巢兽
Companion 1: Neurogaunt,~,伴生 1：神经节虫
Companion 1: Neuroloid,~,伴生 1：神经虫体
Companion 1: Pyrovore,~,伴生 1：喷焰兽
Companion 1: Ravener,~,伴生 1：掠夺虫
Companion 1: Ripper Swarm,~,伴生 1：撕裂虫群
Companion 1: Spore Mine,~,伴生 1：孢子雷
Companion 1: Stranded Termagant,~,伴生 1：搁浅泰玛根
Companion 1: Termagant Brood,~,伴生 1：泰玛根巢群
Companion 1: Termagant,~,伴生 1：泰玛根
Companion 1: Tyranid Prime,~,伴生 1：泰伦首相
Companion 1: Tyranid Warrior,~,伴生 1：泰伦战士
Companion 1: Tyrant Guard,~,伴生 1：暴君卫队
Companion 1: Venomthrope,~,伴生 1：毒瘴兽
Companion 1: Von Ryans Leaper,~,伴生 1：瑞恩跳跃者
Companion 1: Zoanthrope,~,伴生 1：兽人脑
Companion 1: Carnifex,~,伴生 1：屠夫兽
Companion 1: Exocrine,~,伴生 1：外泌兽
Companion 1: Harpy,~,伴生 1：鹰身女妖
Companion 1: Haruspex,~,伴生 1：内脏占卜者
Companion 1: Hive Crone,~,伴生 1：蜂巢老妪
Companion 1: Hive Tyrant,~,伴生 1：蜂巢暴君
Companion 1: Maleceptor,~,伴生 1：灵能受体兽
Companion 1: Mawloc,~,伴生 1：巨口虫
Companion 1: Neurotyrant,~,伴生 1：神经元暴君
Companion 1: Norn Emissary,~,伴生 1：诺恩使者
Companion 1: Psychophage,~,伴生 1：噬魂兽
Companion 1: Screamer-Killer,~,伴生 1：尖啸杀手
Companion 1: Sporocyst,~,伴生 1：孢子囊
Companion 1: Tyrannocyte,~,伴生 1：泰伦孢囊
Companion 1: Tyrannofex,~,伴生 1：泰伦巨兽
Companion 1: Winged Tyrant,~,伴生 1：有翼暴君
Companion 1: Acid Rain,~,伴生 1：酸雨
Companion 1: Blazing Biomass,~,伴生 1：炽燃生物质
Companion 1: Sweeping Infestation,~,伴生 1：蔓延虫灾
Companion 1: Adrenal Surge,~,伴生 1：肾上腺激涌
Companion 1: Aerial Seeding,~,伴生 1：空中播种
Companion 1: Alpha Warrior,~,伴生 1：阿尔法战士
Companion 1: Ambush Predator,~,伴生 1：伏击掠食者
Companion 1: Apex Predator,~,伴生 1：顶级掠食者
Companion 1: Armoured Exoskeleton,~,伴生 1：装甲外骨骼
Companion 1: Augmented Ferocity,~,伴生 1：强化狂暴
Companion 1: Bestial Rage,~,伴生 1：兽性狂怒
Companion 1: Bounding Leap,~,伴生 1：腾跃
Companion 1: Brood Progenitor,~,伴生 1：巢群繁育者
Companion 1: Darkened Skies,~,伴生 1：昏暗天空
Companion 1: Devourer Cannon,~,伴生 1：吞噬者炮
Companion 1: Digestion Pool,~,伴生 1：消化池
Companion 1: Encircle the Prey,~,伴生 1：合围猎物
Companion 1: Enhanced Organism,~,伴生 1：强化生物体
Companion 1: Feeding Frenzy,~,伴生 1：进食狂潮
Companion 1: Hardened Biology,~,伴生 1：坚韧躯壳
Companion 1: Hive Commander,~,伴生 1：蜂巢指挥官
Companion 1: Hive Fleet Leviathan,~,伴生 1：蜂巢舰队利维坦
Companion 1: Hyper-adaptation,~,伴生 1：超速适应
Companion 1: Infestation Node,~,伴生 1：侵染节点
Companion 1: Infinite Biomorphologies,~,伴生 1：无限生物形态
Companion 1: Leviathans Tendrils,~,伴生 1：利维坦触须
Companion 1: Overwhelming Swarm,~,伴生 1：压倒性虫群
Companion 1: Predator Instincts,~,伴生 1：掠食者本能
Companion 1: Rapacious Hunger,~,伴生 1：贪婪饥渴
Companion 1: Ravenous Hunter,~,伴生 1：饥渴猎手
Companion 1: Spirit Leech,~,伴生 1：灵魂吸取
Companion 1: Sporecaster Biostructure,~,伴生 1：孢子投掷生物结构
Companion 1: Swarming Masses,~,伴生 1：虫群大军
Companion 1: Synaptic Imperative,~,伴生 1：突触律令
Companion 1: Toxic Entanglement,~,伴生 1：毒素缠绕
Companion 1: Toxic Miasma,~,伴生 1：毒雾
Companion 1: Toxic Vapours,~,伴生 1：毒气
Companion 1: Tyranid Invasion,~,伴生 1：泰伦入侵
Companion 1: Neurothrope,~,伴生 1：神经脑虫
Companion 1: SwarmLord,~,伴生 1：虫群领主
Companion 1: Tervigon,~,伴生 1：繁育母兽
Companion 1: Protective Bio-structure,~,伴生 1：防护生物结构
Companion 2: Logan Grimnar,~,伴生 2：洛根·格里姆纳
Companion 2: Aggressor,~,伴生 2：侵略者
Companion 2: Arjac Rockfist,~,伴生 2：阿尔贾克·岩拳
Companion 2: Blackmane Aggressor,~,伴生 2：黑鬃突击者
Companion 2: Blackmane Reiver,~,伴生 2：黑鬃掠夺者
Companion 2: Blood Claw Pack Leader,~,伴生 2：血爪兽群首领
Companion 2: Blood Claw,~,伴生 2：血爪
Companion 2: Deathwolf Scout,~,伴生 2：死亡狼侦察兵
Companion 2: Fenrisian Wolf,~,伴生 2：芬里斯狼
Companion 2: Frost Claw Wulfen,~,伴生 2：霜爪狼人
Companion 2: Fyrri Askar,~,伴生 2：菲里·阿斯卡尔
Companion 2: Grey Hunter Pack Leader,~,伴生 2：灰猎手兽群首领
Companion 2: Grey Hunter,~,伴生 2：灰猎手
Companion 2: Hrolf the Ironhowl,~,伴生 2：铁嚎·赫罗尔夫
Companion 2: Hunting Wolf,~,伴生 2：猎狼
Companion 2: Iron Priest,~,伴生 2：铁祭司
Companion 2: Long Fang,~,伴生 2：长牙
Companion 2: Morkai Eliminator,~,伴生 2：莫凯歼击者
Companion 2: Terminator Rune Priest,~,伴生 2：终结者符文祭司
Companion 2: Thunderwolf Cavalry Pack Leader,~,伴生 2：雷狼骑兵兽群首领
Companion 2: Thunderwolf Cavalry,~,伴生 2：雷狼骑兵
Companion 2: Tyrnak and Fenrir,~,伴生 2：提尔纳克与芬里尔
Companion 2: Wolf Guard Battle Leader,~,伴生 2：狼卫战斗领袖
Companion 2: Wolf Guard Headtaker,~,伴生 2：狼卫斩首者
Companion 2: Wolf Guard Terminator Pack Leader,~,伴生 2：狼卫终结者兽群首领
Companion 2: Wolf Guard Terminator,~,伴生 2：狼卫终结者
Companion 2: Wolf Priest,~,伴生 2：狼牧师
Companion 2: Wulfen Pack Leader,~,伴生 2：狼人兽群首领
Companion 2: Wulfen,~,伴生 2：狼人
Companion 2: Default Conditions,~,伴生 2：默认条件
Companion 2: Everstorm,~,伴生 2：永暴
Companion 2: First Light,~,伴生 2：初光
Companion 2: Full moon,~,伴生 2：满月
Companion 2: Anvil of Endurance,~,伴生 2：坚忍之砧
Companion 2: Birth of a Saga,~,伴生 2：传奇的诞生
Companion 2: Bjorn's Shrine,~,伴生 2：比约恩的神龛
Companion 2: Canis Helix,~,伴生 2：卡尼斯螺旋
Companion 2: Death Shun,~,伴生 2：死亡闪避
Companion 2: Embers of Prospero,~,伴生 2：普罗斯佩罗余烬
Companion 2: Fenrisian Blizzard,~,伴生 2：芬里斯暴风雪
Companion 2: Fenrisian Monstrosities,~,伴生 2：芬里斯巨兽
Companion 2: Fenrisian Runestones,~,伴生 2：芬里斯符文石
Companion 2: Fenrisian Wolfpack,~,伴生 2：芬里斯狼群
Companion 2: Halls of Legend,~,伴生 2：传奇殿堂
Companion 2: High King of Fenris,~,伴生 2：芬里斯至高王
Companion 2: High Rune Priest,~,伴生 2：高阶符文祭司
Companion 2: Hordeslayer,~,伴生 2：灭群者
Companion 2: Hunter's Guile,~,伴生 2：猎人诡计
Companion 2: Legendary Tenacity,~,伴生 2：传奇坚韧
Companion 2: Let Loose,~,伴生 2：释放
Companion 2: Living Lightning,~,伴生 2：活体闪电
Companion 2: Murderous Hurricane,~,伴生 2：致命飓风
Companion 2: Orbital Defences,~,伴生 2：轨道防御
Companion 2: Pack of One,~,伴生 2：孤狼兽群
Companion 2: Proper Hunt,~,伴生 2：正式狩猎
Companion 2: Raid Tactics,~,伴生 2：突袭战术
Companion 2: Saga of the Bold,~,伴生 2：无畏者传奇
Companion 2: Savage Legacy,~,伴生 2：野蛮传承
Companion 2: Tempest's Wrath,~,伴生 2：暴风之怒
Companion 2: The Fang,~,伴生 2：巨牙
Companion 2: Unbridled Fury,~,伴生 2：无拘狂怒
Companion 2: War Howl,~,伴生 2：战嚎
Companion 2: Bjorn the Fell-Handed,~,伴生 2：比约恩·凶爪
Companion 2: Blackmane Inceptor,~,伴生 2：黑鬃疾袭者
Companion 2: Fenrisian Drop Pod,~,伴生 2：芬里斯空降舱
Companion 2: Land Rider,~,伴生 2：兰德骑手
Companion 2: Murderfang,~,伴生 2：弑杀之牙
Companion 2: Stormwolf,~,伴生 2：风暴狼
Companion 2: Venerable Dreadnought,~,伴生 2：尊贵无畏机甲
Companion 2: Vindicator,~,伴生 2：复仇者
Companion 2: Wulfen Dreadnought,~,伴生 2：狼人无畏机甲
Companion 2: Njal Stormcaller,~,伴生 2：尼亚尔·风暴召唤者
Companion 2: Ragnar Blackmane,~,伴生 2：拉格纳·黑鬃
Companion 2: Lieutenant Titus,~,伴生 2：提图斯中尉
Companion 2: Desolation Marine,~,伴生 2：荒芜战士
Companion 2: 2nd Company Terminator,~,伴生 2：第二连终结者
Companion 2: Aggressor Sergeant,~,伴生 2：突击者军士
Companion 2: Antaro Chronus,~,伴生 2：安塔罗·克罗努斯
Companion 2: Apothecary Polixis,~,伴生 2：药剂师波利克西斯
Companion 2: Assault Centurion,~,伴生 2：突击百夫长
Companion 2: Assault Intercessor,~,伴生 2：突击仲裁者
Companion 2: Bladeguard Ancient,~,伴生 2：剑卫老兵
Companion 2: Bladeguard Lieutenant,~,伴生 2：剑卫中尉
Companion 2: Bladeguard Sergeant,~,伴生 2：剑卫军士
Companion 2: Captain Sicarius,~,伴生 2：西卡里乌斯队长
Companion 2: Chairon,~,伴生 2：凯隆
Companion 2: Chaplain Cassius,~,伴生 2：牧师卡西乌斯
Companion 2: Chapter Champion,~,伴生 2：战团冠军
Companion 2: Company Ancient,~,伴生 2：连队老兵
Companion 2: Devastator Centurion,~,伴生 2：毁灭者百夫长
Companion 2: Devastator Marine,~,伴生 2：毁灭者战士
Companion 2: Eliminator Sergeant,~,伴生 2：歼击者军士
Companion 2: Eliminator,~,伴生 2：歼击者
Companion 2: Epistolary Librarian,~,伴生 2：智典智库
Companion 2: Ferren Areios,~,伴生 2：费伦·阿雷奥斯
Companion 2: Firstborn,~,伴生 2：初生者
Companion 2: Heavy Intercessor,~,伴生 2：重装仲裁者
Companion 2: Hellblaster,~,伴生 2：炼狱爆弹兵
Companion 2: Honour Guard,~,伴生 2：荣誉卫队
Companion 2: Inceptor Sergeant,~,伴生 2：疾袭者军士
Companion 2: Incursor,~,伴生 2：渗透者
Companion 2: Intercessor Sergeant,~,伴生 2：仲裁者军士
Companion 2: Lieutenant Calsius,~,伴生 2：卡尔修斯中尉
Companion 2: Lieutenant with Combi-Weapon,~,伴生 2：组合武器中尉
Companion 2: Octavio Infiltrator,~,伴生 2：奥克塔维奥·渗透者
Companion 2: Phobos Librarian,~,伴生 2：暗影智库
Companion 2: Phobos Lieutenant,~,伴生 2：暗影中尉
Companion 2: Primaris Chaplain,~,伴生 2：原铸牧师
Companion 2: Primaris Eradicator,~,伴生 2：原铸歼灭者
Companion 2: Primaris Inceptor,~,伴生 2：原铸疾袭者
Companion 2: Primaris Intercessor,~,伴生 2：原铸仲裁者
Companion 2: Primaris Judiciar,~,伴生 2：原铸裁决者
Companion 2: Primaris Reiver,~,伴生 2：原铸掠夺者
Companion 2: Primaris Techmarine,~,伴生 2：原铸技术军士
Companion 2: Scout Sniper,~,伴生 2：侦察狙击手
Companion 2: Scout,~,伴生 2：侦察兵
Companion 2: Sergeant Allectius,~,伴生 2：阿莱克修斯军士
Companion 2: Sergeant Gadriel,~,伴生 2：加德里尔军士
Companion 2: Sergeant Telion,~,伴生 2：特利昂军士
Companion 2: Sternguard Sergeant,~,伴生 2：铁卫军士
Companion 2: Suppressor,~,伴生 2：压制者
Companion 2: Tactical Marine,~,伴生 2：战术战士
Companion 2: Terminator Captain,~,伴生 2：终结者队长
Companion 2: Terminator,~,伴生 2：终结者
Companion 2: Tyrannic War Veteran,~,伴生 2：泰伦战争老兵
Companion 2: Vico Therbeus,~,伴生 2：维科·瑟贝乌斯
Companion 2: Fleet Support,~,伴生 2：舰队支援
Companion 2: Normal Conditions,~,伴生 2：正常条件
Companion 2: Orbital Bombardment,~,伴生 2：轨道轰炸
Companion 2: Thunderstorm,~,伴生 2：雷暴
Companion 2: Adaptive Strategy,~,伴生 2：适应性战略
Companion 2: Angel's Wrath,~,伴生 2：天使之怒
Companion 2: Angels of Death,~,伴生 2：死亡天使
Companion 2: Might of Heroes,~,伴生 2：英雄之力
Companion 2: Armoured Offensive,~,伴生 2：装甲攻势
Companion 2: Armoured Support,~,伴生 2：装甲支援
Companion 2: Author of the Codex,~,伴生 2：典籍作者
Companion 2: Avenging Zeal,~,伴生 2：复仇热忱
Companion 2: Battlefield Supremacy,~,伴生 2：战场霸权
Companion 2: Catechism of Death,~,伴生 2：死亡教义
Companion 2: Champions of Humanity,~,伴生 2：人类冠军
Companion 2: Chapter Council,~,伴生 2：战团议会
Companion 2: Codex Discipline,~,伴生 2：典籍纪律
Companion 2: Death from Above,~,伴生 2：天降死神
Companion 2: Duty's End,~,伴生 2：职责终焉
Companion 2: Exhortation of Rage,~,伴生 2：狂怒劝诫
Companion 2: Fall Back,~,伴生 2：撤退
Companion 2: Firestrike Turrets,~,伴生 2：火击炮塔
Companion 2: Forward Deployment,~,伴生 2：前出部署
Companion 2: Gather the Company,~,伴生 2：集结战团
Companion 2: Greatest Deeds,~,伴生 2：丰功伟绩
Companion 2: Hero's Respite,~,伴生 2：英雄的喘息
Companion 2: Hive Factory,~,伴生 2：蜂巢工厂
Companion 2: Humanity's Shield,~,伴生 2：人类之盾
Companion 2: Indomitus Crusade,~,伴生 2：不屈远征
Companion 2: Inspired Retribution,~,伴生 2：神启报复
Companion 2: Knights of Macragge,~,伴生 2：马库拉格骑士
Companion 2: Lead From the Front,~,伴生 2：身先士卒
Companion 2: Light Cover,~,伴生 2：轻型掩体
Companion 2: Master Tactician,~,伴生 2：战术大师
Companion 2: Master of Arcana,~,伴生 2：秘法大师
Companion 2: Master of Arms,~,伴生 2：兵械大师
Companion 2: Master of Battle,~,伴生 2：战斗大师
Companion 2: Master of the Fleet,~,伴生 2：舰队大师
Companion 2: No Mercy,~,伴生 2：绝不留情
Companion 2: No Respite,~,伴生 2：不得喘息
Companion 2: Oath of Moment,~,伴生 2：誓言时刻
Companion 2: Paragon of Ultramar,~,伴生 2：极限战士典范
Companion 2: Pariah Vanguard,~,伴生 2：弃儿先锋
Companion 2: Point-Blank Shot,~,伴生 2：抵近射击
Companion 2: Primarch of the XIII,~,伴生 2：第十三军团基因原体
Companion 2: Rapid Deployment,~,伴生 2：快速部署
Companion 2: Righteous Fury,~,伴生 2：正义之怒
Companion 2: Sacred Bolter,~,伴生 2：神圣爆弹枪
Companion 2: Scryer's Gaze,~,伴生 2：预言者的凝视
Companion 2: Shall Know No Fear,~,伴生 2：不知畏惧
Companion 2: Sheltered Location,~,伴生 2：隐蔽位置
Companion 2: Smite,~,伴生 2：天罚
Companion 2: Spear of Macragge,~,伴生 2：马库拉格之矛
Companion 2: Stormhawk Interception,~,伴生 2：风暴鹰拦截
Companion 2: Stormraven,~,伴生 2：风暴鸦
Companion 2: Supreme Strategist,~,伴生 2：至高战略家
Companion 2: Tactical Insight,~,伴生 2：战术洞察
Companion 2: The Chapter's Due,~,伴生 2：战团之偿
Companion 2: 7th Company Bike,~,伴生 2：第七连摩托
Companion 2: Attack Bike,~,伴生 2：攻击摩托
Companion 2: Brutalis Dreadnought,~,伴生 2：蛮横无畏机甲
Companion 2: Dreadnought,~,伴生 2：无畏机甲
Companion 2: Firestrike Servo Turret,~,伴生 2：火击伺服炮塔
Companion 2: Invictor Warsuit,~,伴生 2：无敌者机甲
Companion 2: Land Speeder,~,伴生 2：兰德飞车
Companion 2: Outrider,~,伴生 2：前哨骑兵
Companion 2: Predator Destructor,~,伴生 2：捕食者毁灭者
Companion 2: Primaris Impulsor,~,伴生 2：原铸脉冲装甲车
Companion 2: Primaris Invader,~,伴生 2：原铸入侵者
Companion 2: Redemptor Dreadnought,~,伴生 2：救赎者无畏机甲
Companion 2: Repulsor Executioner,~,伴生 2：处决者装甲车
Companion 2: Scout bike,~,伴生 2：侦察摩托
Companion 2: Storm Speeder Hailstrike,~,伴生 2：风暴速攻艇·雹击者
Companion 2: Stormtalon,~,伴生 2：风暴利爪
Companion 2: Valtus,~,伴生 2：瓦图斯
Companion 2: Whirlwind,~,伴生 2：旋风
Companion 2: Chaplain Letharius,~,伴生 2：牧师莱塔里乌斯
Companion 2: Marneus Calgar,~,伴生 2：马涅乌斯·卡尔加
Companion 2: Roboute Guilliman,~,伴生 2：罗伯特·基里曼
Companion 2: Uriel Ventris,~,伴生 2：乌列尔·文特里斯
Companion 2: Valius Paxor,~,伴生 2：瓦利乌斯·帕克索
Companion 2: Varro Tigurius,~,伴生 2：瓦罗·提古里乌斯
Companion 2: Assault Doctrine,~,伴生 2：突击教义
Companion 2: Devastator Doctrine,~,伴生 2：毁灭者教义
Companion 2: Tactical Doctrine,~,伴生 2：战术教义
Companion 2: Exemplary Warrior,~,伴生 2：模范战士
Companion 2: Predator Annihilator,~,伴生 2：捕食者歼灭者
Companion 2: Abaddon the Despoiler,~,伴生 2：掠夺者阿巴顿
Companion 2: Aspiring Champion,~,伴生 2：野心冠军
Companion 2: Black Legionary,~,伴生 2：黑色军团战士
Companion 2: Bringer of decay,~,伴生 2：腐朽使者
Companion 2: Chaos Legionary,~,伴生 2：混沌军团战士
Companion 2: Chaos Lord,~,伴生 2：混沌领主
Companion 2: Chaos Sergeant,~,伴生 2：混沌军士
Companion 2: Chaos Spawn,~,伴生 2：混沌卵
Companion 2: Chaos Terminator,~,伴生 2：混沌终结者
Companion 2: Child of Torment,~,伴生 2：折磨之子
Companion 2: Chosen Champion,~,伴生 2：神选冠军
Companion 2: Chosen,~,伴生 2：神选者
Companion 2: Daemon Blade Legionary,~,伴生 2：恶魔之刃军团战士
Companion 2: Dark Apostle,~,伴生 2：黑暗使徒
Companion 2: Dark Disciple,~,伴生 2：黑暗门徒
Companion 2: Ghallaron's Champion,~,伴生 2：加拉隆的冠军
Companion 2: Ghallaron's Disciple,~,伴生 2：加拉隆的门徒
Companion 2: Havoc Champion,~,伴生 2：破坏者冠军
Companion 2: Havoc,~,伴生 2：破坏者
Companion 2: Hound of Abaddon,~,伴生 2：阿巴顿猎犬
Companion 2: Iskandar Khayon,~,伴生 2：伊坎达尔·卡永
Companion 2: Khorne Berzerker,~,伴生 2：恐虐狂战士
Companion 2: Lheorvine Ukris,~,伴生 2：莱奥尔文·乌克里斯
Companion 2: Master of Executions,~,伴生 2：处刑大师
Companion 2: Master of Possession,~,伴生 2：附魔大师
Companion 2: Meltagun Legionary,~,伴生 2：热熔枪军团战士
Companion 2: Noise Marine,~,伴生 2：噪声战士
Companion 2: Obliterator,~,伴生 2：湮灭者
Companion 2: Plague Marine,~,伴生 2：瘟疫战士
Companion 2: Possessed Champion,~,伴生 2：附魔冠军
Companion 2: Possessed Marine,~,伴生 2：附魔战士
Companion 2: Rubric Marine,~,伴生 2：咒缚战士
Companion 2: Sorcerer,~,伴生 2：巫师
Companion 2: Terminator Champion,~,伴生 2：终结者冠军
Companion 2: Veteran Havoc,~,伴生 2：老兵破坏者
Companion 2: Veteran Legionary,~,伴生 2：老兵军团战士
Companion 2: Warp Talon,~,伴生 2：亚空间爪
Companion 2: Zealot Legionary,~,伴生 2：狂热者军团战士
Companion 2: Daemonic Feast,~,伴生 2：恶魔盛宴
Companion 2: Helfire Outburst,~,伴生 2：地狱火爆发
Companion 2: Warp Storm,~,伴生 2：亚空间风暴
Companion 2: Abaddons Chosen,~,伴生 2：阿巴顿神选
Companion 2: Bitter Blows,~,伴生 2：苦涩之击
Companion 2: Black Crusade,~,伴生 2：黑色远征
Companion 2: Daemonic Frenzy,~,伴生 2：恶魔狂暴
Companion 2: Daemonic Pact,~,伴生 2：恶魔契约
Companion 2: Dark Oratory,~,伴生 2：黑暗布道
Companion 2: Delightful Agonies,~,伴生 2：欢愉之痛
Companion 2: Diabolic Strength,~,伴生 2：恶魔之力
Companion 2: Disgustingly Resilient,~,伴生 2：恶心坚韧
Companion 2: Drachnyen,~,伴生 2：德拉赫尼恩
Companion 2: Execution,~,伴生 2：处决
Companion 2: Gifts of Chaos,~,伴生 2：混沌恩赐
Companion 2: Heldrake Strike,~,伴生 2：地狱飞龙突袭
Companion 2: Helfire Pit,~,伴生 2：地狱火坑
Companion 2: Helfire Torch,~,伴生 2：地狱火火炬
Companion 2: Helspear Assault,~,伴生 2：地狱之矛突击
Companion 2: Hideous Mutation,~,伴生 2：恐怖变异
Companion 2: Hosts of Chaos,~,伴生 2：混沌大军
Companion 2: Idolatrous Despoilers,~,伴生 2：偶像崇拜掠夺者
Companion 2: Infernal Gaze,~,伴生 2：地狱凝视
Companion 2: Legacy of Vengeance,~,伴生 2：复仇遗产
Companion 2: Litany of Despair,~,伴生 2：绝望祷文
Companion 2: Malicious Volleys,~,伴生 2：恶毒齐射
Companion 2: Khorne,~,伴生 2：恐虐
Companion 2: Nurgle,~,伴生 2：纳垢
Companion 2: Slaanesh,~,伴生 2：色孽
Companion 2: Tzeench,~,伴生 2：奸奇
Companion 2: Method to the Madness,~,伴生 2：疯狂自有章法
Companion 2: Murderous Desires,~,伴生 2：嗜杀欲望
Companion 2: Possession,~,伴生 2：附魔
Companion 2: Rites of Possession,~,伴生 2：附魔仪式
Companion 2: Skeins of Fate,~,伴生 2：命运丝线
Companion 2: Spawndom,~,伴生 2：混沌卵之域
Companion 2: Spreading Corruption,~,伴生 2：蔓延腐化
Companion 2: Throne of the Heretic,~,伴生 2：异端王座
Companion 2: Traitors Hate,~,伴生 2：叛徒之恨
Companion 2: Unhallowed Gifts,~,伴生 2：亵渎恩赐
Companion 2: Unholy Smite,~,伴生 2：亵渎重击
Companion 2: Warmaster,~,伴生 2：战争统帅
Companion 2: Accursed Helbrute,~,伴生 2：受诅地狱蛮兽
Companion 2: Helbrute,~,伴生 2：地狱蛮兽
Companion 2: Maulerfiend,~,伴生 2：蹂躏魔
Companion 2: Venomcrawler,~,伴生 2：毒液爬虫
Companion 2: Vex Machinator,~,伴生 2：维克·马奇内特
Companion 2: Haarken Worldclaimer,~,伴生 2：哈尔肯·夺世者
Companion 2: Sylar Hexcorn,~,伴生 2：赛拉尔·赫克科恩
Companion 2: Ghallaron the Pious,~,伴生 2：虔诚者加拉隆
Companion 2: Apothecary,~,伴生 2：医师
Companion 2: Bladeguard Veteran,~,伴生 2：剑卫老兵
Companion 2: Captain,~,伴生 2：队长
Companion 2: Chaplain,~,伴生 2：牧师
Companion 2: Company Champion,~,伴生 2：连队冠军
Companion 2: Company Master,~,伴生 2：连队队长
Companion 2: Company Veteran,~,伴生 2：连队老兵
Companion 2: Deathwing Champion,~,伴生 2：死翼冠军
Companion 2: Deathwing Knight Master,~,伴生 2：死翼骑士长
Companion 2: Deathwing Knight,~,伴生 2：死翼骑士
Companion 2: Deathwing Strikemaster,~,伴生 2：死翼打击大师
Companion 2: Deathwing Terminator,~,伴生 2：死翼终结者
Companion 2: Ezekiel,~,伴生 2：以西结
Companion 2: Inner Circle Companion,~,伴生 2：内环同伴
Companion 2: Intercessor,~,伴生 2：仲裁者
Companion 2: Interrogator Chaplain,~,伴生 2：审讯牧师
Companion 2: Librarian,~,伴生 2：智库
Companion 2: Master Lazarus,~,伴生 2：拉撒路大师
Companion 2: Reiver,~,伴生 2：掠夺者
Companion 2: Sergeant Naaman,~,伴生 2：纳曼军士
Companion 2: Techmarine,~,伴生 2：技术军士
Companion 2: Ancient Reliquary,~,伴生 2：圣物匣
Companion 2: Asteroid Zone,~,伴生 2：小行星区
Companion 2: Blacksword Missiles,~,伴生 2：黑剑导弹
Companion 2: Convoke the Circle,~,伴生 2：召集圆环
Companion 2: Covert Operation,~,伴生 2：秘密行动
Companion 2: Deadly Hunters,~,伴生 2：致命猎手
Companion 2: Deathwing Assault,~,伴生 2：死翼突袭
Companion 2: Defensive Turrets,~,伴生 2：防御炮塔
Companion 2: Desperate Mission,~,伴生 2：孤注一掷
Companion 2: Exemplar of Hate,~,伴生 2：憎恨典范
Companion 2: Fury of the Unforgiven,~,伴生 2：宽恕者之怒
Companion 2: Grim Effigy,~,伴生 2：肃穆雕像
Companion 2: Grim Resolve,~,伴生 2：钢铁决心
Companion 2: Hunt the Fallen,~,伴生 2：追猎堕落者
Companion 2: Inner Circle,~,伴生 2：内环
Companion 2: March of Vengeance,~,伴生 2：复仇进军
Companion 2: Martial Superiority,~,伴生 2：武力优势
Companion 2: Master Interromancer,~,伴生 2：审讯大师
Companion 2: Master of Manoeuvre,~,伴生 2：机动大师
Companion 2: Master of the Deathwing,~,伴生 2：死翼大师
Companion 2: None Must Know,~,伴生 2：无人知晓
Companion 2: Obscure Ritual,~,伴生 2：晦涩仪式
Companion 2: Plasma Generator,~,伴生 2：等离子发电机
Companion 2: Reconnaissance Mission,~,伴生 2：侦察任务
Companion 2: Rites of Penance,~,伴生 2：赎罪礼
Companion 2: Sacred Standard,~,伴生 2：神圣旗帜
Companion 2: Secret Agenda,~,伴生 2：隐秘议程
Companion 2: Smothering Decree,~,伴生 2：窒息敕令
Companion 2: Star Orbiting,~,伴生 2：环绕恒星
Companion 2: Steadfast Warriors,~,伴生 2：坚定战士
Companion 2: Stubborn Defiance,~,伴生 2：顽强抵抗
Companion 2: Supreme Grand Master,~,伴生 2：至高大师
Companion 2: The Rock,~,伴生 2：磐石
Companion 2: Unwavering Zeal,~,伴生 2：坚定狂热
Companion 2: Void Combat,~,伴生 2：虚空作战
Companion 2: Wages of Retribution,~,伴生 2：报应代价
Companion 2: Black Knight,~,伴生 2：黑骑士
Companion 2: Dark Talon,~,伴生 2：暗爪
Companion 2: Darkshroud,~,伴生 2：暗影笼罩
Companion 2: Land Speeder Vengeance,~,伴生 2：复仇者兰德飞车
Companion 2: Nephilim Jetfighter,~,伴生 2：尼非利姆喷气机
Companion 2: Ravenwing Ancient,~,伴生 2：渡鸦翼旗手
Companion 2: Ravenwing Bikes,~,伴生 2：渡鸦翼摩托
Companion 2: Ravenwing Champion,~,伴生 2：渡鸦翼冠军
Companion 2: Ravenwing Speeder,~,伴生 2：渡鸦翼飞车
Companion 2: Ravenwing Talonmaster,~,伴生 2：渡鸦翼队长
Companion 2: Repulsor,~,伴生 2：驱逐者
Companion 2: Sammael,~,伴生 2：萨玛尔
Companion 2: Unforgiven Redemptor,~,伴生 2：宽恕者救赎者
Companion 2: Asmodai,~,伴生 2：阿斯莫代
Companion 2: Azrael,~,伴生 2：阿兹瑞尔
Companion 2: Belial,~,伴生 2：贝利亚
Companion 2: Refuse to Yield,~,伴生 2：拒不退让
Companion 2: Assault Terminator,~,伴生 2：突击终结者
Companion 2: Chaplain Gabutheron,~,伴生 2：加布瑟隆牧师
Companion 2: Vengeful Brethren Bladeguard,~,伴生 2：复仇兄弟剑卫
Companion 2: Vengeful Brethren Hellblaster,~,伴生 2：复仇兄弟地狱火枪手
Companion 2: Vengeful Brethren Intercessor,~,伴生 2：复仇兄弟仲裁者
Companion 2: Watcher in the Dark,~,伴生 2：暗中守望者
Companion 2: Hunters of Heretics,~,伴生 2：异端猎手
Companion 2: Relic Munitions,~,伴生 2：圣物弹药
Companion 2: Vengeful Brethren,~,伴生 2：复仇兄弟
Companion 2: Ravenwing Ballistus Dreadnought,~,伴生 2：渡鸦翼弩炮无畏机甲
Companion 2: Master Zacharial,~,伴生 2：扎卡里尔大师
Companion 2: Master of Repentance,~,伴生 2：忏悔大师
Companion 2: Hellfire Torch,~,伴生 2：地狱火火炬
Companion 2: Hellfire Pit,~,伴生 2：地狱火坑
Companion 2: Alluress,~,伴生 2：魅惑者
Companion 2: Blissbringer,~,伴生 2：极乐使者
Companion 2: Daemonette,~,伴生 2：恶魔少女
Companion 2: Fiend,~,伴生 2：恶鬼
Companion 2: Slaanesh's Spawn,~,伴生 2：色孽之卵
Companion 2: Winged Daemon Prince,~,伴生 2：有翼恶魔亲王
Companion 2: Blastmaster Noise Marine,~,伴生 2：爆鸣者噪声战士
Companion 2: Disharmonist,~,伴生 2：失谐者
Companion 2: Dual Screamer Kakophonist,~,伴生 2：双重尖啸刺耳者
Companion 2: Flawless Blade Champion,~,伴生 2：无瑕之刃冠军
Companion 2: Flawless Blade,~,伴生 2：无瑕之刃
Companion 2: Glittering Myriad Infractor,~,伴生 2：绚丽万千违规者
Companion 2: Icon of Excess Infractor,~,伴生 2：放纵圣像违规者
Companion 2: Infractor Obsessionist,~,伴生 2：违规者痴迷者
Companion 2: Infractor,~,伴生 2：违规者
Companion 2: Konstrictus Tormentor,~,伴生 2：紧缚折磨者
Companion 2: Lord Exultant,~,伴生 2：狂喜领主
Companion 2: Lord Kakophonist,~,伴生 2：刺耳者领主
Companion 2: Malgarash the Adamant,~,伴生 2：马尔加拉什·坚毅者
Companion 2: Plasma Gun Tormentor,~,伴生 2：等离子枪折磨者
Companion 2: Rugged Disharmonist,~,伴生 2：粗犷失谐者
Companion 2: Slaanesh Sorcerer,~,伴生 2：色孽巫师
Companion 2: Sonic Blaster Noise Marine,~,伴生 2：音爆噪声战士
Companion 2: Threnodic Choir Flawless Blade,~,伴生 2：悲歌合唱团无瑕之刃
Companion 2: Threnodic Choir Flawless,~,伴生 2：悲歌合唱团无瑕者
Companion 2: Threnodic Choir Noise Marine,~,伴生 2：悲歌合唱团噪声战士
Companion 2: Tormentor Obsessionist,~,伴生 2：折磨者痴迷者
Companion 2: Tormentor,~,伴生 2：折磨者
Companion 2: Turyan Ghauze,~,伴生 2：图尔扬·高兹
Companion 2: Veteran Noise Marine,~,伴生 2：老兵噪声战士
Companion 2: Aural Hijack,~,伴生 2：听觉劫持
Companion 2: Empyric Rift,~,伴生 2：灵能裂隙
Companion 2: Stimm-Vents Leak,~,伴生 2：兴奋剂排气泄漏
Companion 2: Beautiful Death,~,伴生 2：美丽死亡
Companion 2: Carnival of Excess,~,伴生 2：纵欲狂欢
Companion 2: Chosen of Slaanesh,~,伴生 2：色孽选民
Companion 2: Coterie of the Conceited,~,伴生 2：自负者同盟
Companion 2: Dark Apparitions,~,伴生 2：黑暗幻影
Companion 2: Dark Prince´s Throne,~,伴生 2：黑暗王子王座
Companion 2: Duelist's Hubris (Lucius' Talent),~,伴生 2：决斗者的傲慢（卢修斯的天赋）
Companion 2: Antrak Silk,~,伴生 2：安特拉克丝
Companion 2: Heliotrophos,~,伴生 2：日光酮
Companion 2: Quail,~,伴生 2：鹌鹑
Companion 2: Shivversplint,~,伴生 2：颤刺
Companion 2: Skorflense,~,伴生 2：斯克芬斯
Companion 2: Xylocil,~,伴生 2：克西洛西尔
Companion 2: Embrace the Pain,~,伴生 2：拥抱痛苦
Companion 2: Eternal Servitude,~,伴生 2：永恒奴役
Companion 2: Euphoric Strike (Lord Exultant's Talent),~,伴生 2：狂喜重击（狂喜领主的天赋）
Companion 2: Excessive Vigour (Daemon Prince's Talent),~,伴生 2：过度活力（恶魔亲王的天赋）
Companion 2: Exquisite Swordsmanship,~,伴生 2：精湛剑术
Companion 2: Internal Rivalry,~,伴生 2：内部纷争
Companion 2: Mechanised Murder,~,伴生 2：机械杀戮
Companion 2: Mercurial Host,~,伴生 2：善变大军
Companion 2: Normal,~,伴生 2：普通
Companion 2: Peerless Bladesmen,~,伴生 2：绝世剑士
Companion 2: Plains of Excess,~,伴生 2：纵欲平原
Companion 2: Pledge to the Dark Prince,~,伴生 2：对黑暗王子的誓言
Companion 2: Quicksilver Grace,~,伴生 2：水银优雅
Companion 2: Rapid Evisceration,~,伴生 2：急速开膛
Companion 2: Rapturous Ruination,~,伴生 2：狂喜毁灭
Companion 2: Terrifying Crescendo,~,伴生 2：骇人渐强
Companion 2: Thrill Seekers,~,伴生 2：寻求刺激者
Companion 2: Tools of Torture,~,伴生 2：酷刑工具
Companion 2: Vengeful Surge,~,伴生 2：复仇之潮
Companion 2: Vial Tanks,~,伴生 2：药剂罐
Companion 2: Chaos Land Raider,~,伴生 2：混沌兰德袭击者
Companion 2: Chaos Rhino,~,伴生 2：混沌犀牛
Companion 2: Heldrake,~,伴生 2：地狱飞龙
Companion 2: Lucius The Eternal,~,伴生 2：永恒卢修斯
Companion 2: Xarahan Daemon Prince,~,伴生 2：夏拉罕恶魔亲王
Companion 2: Alien Idol,~,伴生 2：异形偶像
Companion 2: Pilfered Supplies,~,伴生 2：窃取补给
Companion 2: Rusted Vents,~,伴生 2：锈蚀通风口
Companion 2: Aberrant Hypermorph,~,伴生 2：异形超变体
Companion 2: Aberrant,~,伴生 2：异形
Companion 2: Abominant,~,伴生 2：异形霸主
Companion 2: Acolyte Heavy,~,伴生 2：侍僧重装
Companion 2: Acolyte Hybrid,~,伴生 2：侍僧混种
Companion 2: Acolyte Leader,~,伴生 2：侍僧队长
Companion 2: Acolyte Specialist,~,伴生 2：侍僧专家
Companion 2: Benefictus,~,伴生 2：受福者
Companion 2: Biophagus,~,伴生 2：噬生者
Companion 2: Clamavus,~,伴生 2：喧嚣者
Companion 2: Concealed Explosives,~,伴生 2：隐藏炸药
Companion 2: Genestealer Familiar,~,伴生 2：基因窃取者魔宠
Companion 2: Hulking Aberrant,~,伴生 2：魁梧异形
Companion 2: Hybrid Metamorph,~,伴生 2：变形混种
Companion 2: Kelermorph,~,伴生 2：凯勒魔
Companion 2: Locus,~,伴生 2：洛克斯
Companion 2: Metamorph Iconbearer,~,伴生 2：变形偶像持旗者
Companion 2: Metamorph Leader,~,伴生 2：变形队长
Companion 2: Neophyte Heavy,~,伴生 2：新教徒重装
Companion 2: Neophyte Hybrid,~,伴生 2：新教徒混种
Companion 2: Neophyte Iconbearer,~,伴生 2：新教徒持旗者
Companion 2: Neophyte Initiate,~,伴生 2：新教徒新兵
Companion 2: Neophyte Leader,~,伴生 2：新教徒队长
Companion 2: Neophyte Specialist,~,伴生 2：新教徒专家
Companion 2: Neophyte Trooper,~,伴生 2：新教徒步兵
Companion 2: Nexos,~,伴生 2：枢纽者
Companion 2: Patriarch,~,伴生 2：族长
Companion 2: Purestrain Genestealer,~,伴生 2：纯血基因窃取者
Companion 2: Reductus Saboteur,~,伴生 2：消减破坏者
Companion 2: Sanctus,~,伴生 2：圣徒
Companion 2: Mining Tremors,~,伴生 2：采矿震颤
Companion 2: Sump Overspill,~,伴生 2：污水外溢
Companion 2: Toxic Fumes,~,伴生 2：毒性烟雾
Companion 2: Ambush,~,伴生 2：伏击
Companion 2: A Trap Sprung,~,伴生 2：陷阱触发
Companion 2: Backstab,~,伴生 2：背刺
Companion 2: Bore Through,~,伴生 2：钻透
Companion 2: Brood Prophet,~,伴生 2：教派先知
Companion 2: Clandestine Operation,~,伴生 2：隐秘行动
Companion 2: Cult Propaganda,~,伴生 2：教派宣传
Companion 2: Cut Them Off,~,伴生 2：切断退路
Companion 2: Day of Ascension,~,伴生 2：升天之日
Companion 2: Deadliest Killer,~,伴生 2：最致命的杀手
Companion 2: Enhanced Aggression,~,伴生 2：强化攻击性
Companion 2: Enhanced Musculature,~,伴生 2：强化肌肉
Companion 2: Enhanced Resilience,~,伴生 2：强化韧性
Companion 2: Eve of the Uprising,~,伴生 2：起义前夕
Companion 2: Experimental Bio-Horrors,~,伴生 2：实验性生物恐怖
Companion 2: Gestalt Energy,~,伴生 2：聚合能量
Companion 2: Hive Fleet Arrival,~,伴生 2：虫巢舰队降临
Companion 2: Improvised Barricade,~,伴生 2：临时路障
Companion 2: Inscrutable Cunning,~,伴生 2：莫测狡诈
Companion 2: Jammed Communications,~,伴生 2：通讯干扰
Companion 2: Living Icon,~,伴生 2：活体圣像
Companion 2: Lying in Wait,~,伴生 2：伺机而动
Companion 2: Master Outrider,~,伴生 2：骑术大师
Companion 2: Nexus of Devotion,~,伴生 2：虔诚枢纽
Companion 2: Open Insurrection,~,伴生 2：公开叛乱
Companion 2: Perfect Ambush,~,伴生 2：完美伏击
Companion 2: Perfect Hosts,~,伴生 2：完美宿主
Companion 2: Poisoned Supplies,~,伴生 2：中毒补给
Companion 2: Rampant Infestation,~,伴生 2：猖獗侵染
Companion 2: Roaming Outriders,~,伴生 2：游荡侦骑
Companion 2: Rogue Informant,~,伴生 2：叛变线人
Companion 2: Subterranean Ambush,~,伴生 2：地下伏击
Companion 2: Summon the Cult,~,伴生 2：召唤教派
Companion 2: Telephatic Domination,~,伴生 2：心灵支配
Companion 2: Underground Network,~,伴生 2：地下网络
Companion 2: Vox-Hacker,~,伴生 2：声讯黑客
Companion 2: Xeno-Mutations,~,伴生 2：异形突变
Companion 2: Achilles Ridgerunner,~,伴生 2：阿喀琉斯山脊车
Companion 2: Atalan Jackal,~,伴生 2：阿塔兰胡狼
Companion 2: Atalan Leader,~,伴生 2：阿塔兰队长
Companion 2: Atalan Wolfquad,~,伴生 2：阿塔兰狼式摩托
Companion 2: Cult Leman Russ,~,伴生 2：教派莱曼·鲁斯
Companion 2: Cult Sentinel,~,伴生 2：教派哨兵
Companion 2: Goliath Rockgrinder,~,伴生 2：歌利亚碾石车
Companion 2: Goliath Truck,~,伴生 2：歌利亚卡车
Companion 2: Jackal Outrider,~,伴生 2：胡狼骑兵
Companion 2: Jackal Scout,~,伴生 2：胡狼斥候
Companion 2: Jackal Specialist,~,伴生 2：胡狼专家
Companion 2: Spotter Ridgerunner,~,伴生 2：观测山脊车
Companion 2: Acolyte Iconward,~,伴生 2：侍僧持旗者
Companion 2: Lhaska Szenari,~,伴生 2：拉什卡·泽纳里
Companion 2: Magus Uthrel Naas,~,伴生 2：大导师乌斯雷尔·纳斯
Companion 2: Primus Saffa Rhiannor,~,伴生 2：首席萨法·里安诺
Companion 2: Dark Pact of Fate,~,伴生 2：命运黑暗契约
Companion 2: Dark Pact of Blood,~,伴生 2：鲜血黑暗契约
Companion 2: Dark Pact of Excess,~,伴生 2：纵欲黑暗契约
Companion 2: Dark Pact of Resilience,~,伴生 2：韧性黑暗契约
Companion 2: Lord Kaphrael,~,伴生 2：卡弗拉尔领主
Companion 2: Veldras the Sublime,~,伴生 2：维尔德拉斯·崇高者
Companion 2: Armoury of Excess,~,伴生 2：纵欲军械库
Companion 2: Decadent Throne,~,伴生 2：颓废王座
Companion 2: Rusted Vent,~,伴生 2：锈蚀风口
Companion 2: Ghazghkull Thraka,~,伴生 2：加兹古尔·斯拉卡
Companion 2: Beast Snagga Boy,~,伴生 2：猎兽小子
Companion 2: Beastboss on Squigosaur,~,伴生 2：猪龙野兽头目
Companion 2: Gargantuan Squiggoth,~,伴生 2：巨型猪兽
Companion 2: Grot Orderly,~,伴生 2：地精勤务兵
Companion 2: Grot on Bombsquig,~,伴生 2：炸弹猪上的地精
Companion 2: Hunta Rig,~,伴生 2：猎兽战车
Companion 2: Kill Rig,~,伴生 2：杀戮战车
Companion 2: Nob on Smasha Squig,~,伴生 2：重装砸猪老大
Companion 2: Painboss,~,伴生 2：痛医头目
Companion 2: Runtherd,~,伴生 2：放牧者
Companion 2: Snakebite Grot,~,伴生 2：蛇咬地精
Companion 2: Squighog Boyz,~,伴生 2：猪骑士小子
Companion 2: Thump Gun Beast Snagga,~,伴生 2：重锤炮猎兽小子
Companion 2: Wurrboy,~,伴生 2：嚎哭小子
Companion 2: Zodgrod Wortsnagga,~,伴生 2：佐德格罗德·沃茨纳加
Companion 2: Cyber‑augmentation,~,伴生 2：赛博强化
Companion 2: Da Hunt is On,~,伴生 2：狩猎开始！
Companion 2: Da Old Ways,~,伴生 2：老规矩
Companion 2: Dok’s Toolz (Painboss' talent),~,伴生 2：医官的工具（痛医头目天赋）
Companion 2: Drag it Down,~,伴生 2：拖倒它！
Companion 2: Fasta Than Yooz,~,伴生 2：比你们快
Companion 2: Ferocious Rage (Beastboss' Talent),~,伴生 2：凶暴之怒（野兽头目天赋）
Companion 2: Gnarled and Rugged,~,伴生 2：皮糙肉厚
Companion 2: Monster Hunters,~,伴生 2：怪物猎手
Companion 2: Power of the Waaagh!,~,伴生 2：哇！战吼之力
Companion 2: Skrag Every Stash!,~,伴生 2：抄光所有藏货！
Companion 2: Thundering Stampede,~,伴生 2：雷鸣狂奔
Companion 2: Snakebite Battlewagon,~,伴生 2：蛇咬战斗车
Companion 2: Beastboss Morgrim,~,伴生 2：野兽头目莫格里姆
Companion 2: Mozrog Skragbad,~,伴生 2：莫兹罗格·斯克拉格巴德
Companion 2: Beast Snagga Nob,~,伴生 2：猎兽老大
Companion 2: Snakebite Nob,~,伴生 2：蛇咬老大
Companion 2: Unleashed TramplaSquig,~,伴生 2：脱缰践踏猪
Companion 2: Weirdboy,~,伴生 2：灵能小子
Companion 2: Da Bigger Dey Iz... (Mozrog's Talent),~,伴生 2：它们越大……（莫兹罗格天赋）
Companion 2: Special Dose (Zodgrod Wortsnagga Talent),~,伴生 2：特制药剂（佐德格罗德·沃茨纳加天赋）
Companion 2: Waaagh! Energy (Weirdboy Talent),~,伴生 2：哇！战吼能量（灵能小子天赋）
Companion 2: Ardshell Gurk,~,伴生 2：硬壳古尔克
Companion 2: Banner Nob,~,伴生 2：旗手老大
Companion 2: Big Choppa Nob,~,伴生 2：大砍刀老大
Companion 2: Big Krumpaz,~,伴生 2：暴揍打手
Companion 2: Big Shoota Boy,~,伴生 2：大枪小子
Companion 2: Bomb Squig,~,伴生 2：炸弹猪
Companion 2: Boss Nob,~,伴生 2：头目老大
Companion 2: Burna Boy,~,伴生 2：喷火小子
Companion 2: Deffgun Loota,~,伴生 2：死枪掠夺者
Companion 2: Grot,~,伴生 2：地精
Companion 2: Hornhelmz Boy,~,伴生 2：角盔小子
Companion 2: Kommando,~,伴生 2：敢死队
Companion 2: Makari the Grot,~,伴生 2：地精马卡里
Companion 2: Meganob Ugrak,~,伴生 2：重甲老大乌格拉克
Companion 2: Mekboy Gazmek,~,伴生 2：技师小子加兹梅克
Companion 2: Ork Boy,~,伴生 2：兽人小子
Companion 2: Ork Nob,~,伴生 2：兽人老大
Companion 2: Ork Spanner,~,伴生 2：兽人扳手
Companion 2: PainBoy Sniklaw,~,伴生 2：痛医官斯尼克拉夫
Companion 2: Rokkit Boy,~,伴生 2：火箭小子
Companion 2: Shoota Boy,~,伴生 2：射枪小子
Companion 2: Skarboy Nob,~,伴生 2：伤疤老大
Companion 2: Slugga Boy,~,伴生 2：斯鲁格小子
Companion 2: Stikkbomb Boy,~,伴生 2：粘弹小子
Companion 2: Stormboy,~,伴生 2：风暴小子
Companion 2: Tankbusta,~,伴生 2：破坦者
Companion 2: Trukk Boy,~,伴生 2：卡车小子
Companion 2: Veteran Flyboy,~,伴生 2：飞行老兵
Companion 2: Dust Storm,~,伴生 2：尘暴
Companion 2: Night Attack,~,伴生 2：夜袭
Companion 2: Spore Cloud,~,伴生 2：孢子云
Companion 2: Ard As Nails,~,伴生 2：硬如钉子
Companion 2: Attack Squig,~,伴生 2：突袭猪
Companion 2: Cloud Of Smoke,~,伴生 2：烟幕
Companion 2: Da Green Horde,~,伴生 2：绿皮大军
Companion 2: Da Irongob,~,伴生 2：铁嘴
Companion 2: Da Red Waaagh,~,伴生 2：红色哇战吼
Companion 2: Dead Choppy,~,伴生 2：贼能砍
Companion 2: Extractor Rig,~,伴生 2：回收塔车
Companion 2: Follower of Gork,~,伴生 2：高克的追随者
Companion 2: Get'em ladz!,~,伴生 2：上啊，小子们！
Companion 2: Greatest Warboss,~,伴生 2：最伟大的战头目
Companion 2: Gretchin Mob,~,伴生 2：地精帮
Companion 2: Gretchin Tower,~,伴生 2：地精塔
Companion 2: Grizzled Skarboy,~,伴生 2：久经沙场的伤疤小子
Companion 2: Grot Bomb,~,伴生 2：地精炸弹
Companion 2: Krump da Gitz,~,伴生 2：揍扁蠢货们！
Companion 2: Mekaniak,~,伴生 2：技师狂人
Companion 2: More Dakka,~,伴生 2：更多火力
Companion 2: No Mukkin About,~,伴生 2：别磨蹭！
Companion 2: Ork Encampment,~,伴生 2：兽人营地
Companion 2: Proper Killy,~,伴生 2：真够狠
Companion 2: Prophet of the Waaagh,~,伴生 2：哇！战吼先知
Companion 2: Pyromaniaks,~,伴生 2：纵火狂
Companion 2: Ramshackle,~,伴生 2：七拼八凑
Companion 2: Rok Invasion,~,伴生 2：火箭入侵
Companion 2: Sawbonez,~,伴生 2：锯骨大夫
Companion 2: Scrag ’Em,~,伴生 2：干翻他们！
Companion 2: Skorcha Assault,~,伴生 2：喷火突击
Companion 2: Stomp Em,~,伴生 2：踩扁他们！
Companion 2: Stormboyz Strike,~,伴生 2：风暴小子突袭
Companion 2: Tide of Muscle,~,伴生 2：肌肉狂潮
Companion 2: Toxic Bonfire,~,伴生 2：剧毒篝火
Companion 2: Uge Choppa,~,伴生 2：超大砍刀
Companion 2: Unbridled Carnage,~,伴生 2：无度屠戮
Companion 2: Will of Gork,~,伴生 2：高克之志
Companion 2: Worst Temper,~,伴生 2：暴脾气
Companion 2: Wreckin Ball,~,伴生 2：拆迁铁球
Companion 2: Battlewagon,~,伴生 2：战斗马车
Companion 2: Boomdakka Snazzwagon,~,伴生 2：爆轰炫车
Companion 2: Deff Dread,~,伴生 2：死恐无畏
Companion 2: Deffkopta,~,伴生 2：死亡直升机
Companion 2: Gorkanaut,~,伴生 2：高克机甲
Companion 2: Grot Tank,~,伴生 2：地精坦克
Companion 2: Gunwagon,~,伴生 2：炮战车
Companion 2: Killa Kan,~,伴生 2：杀戮罐
Companion 2: Krumpaklaw,~,伴生 2：暴揍爪
Companion 2: Rukkatrukk Squigbuggy,~,伴生 2：隆隆猪车
Companion 2: Stompa,~,伴生 2：踩踏机甲
Companion 2: Warbiker,~,伴生 2：战争摩托手
Companion 2: Boss Zagstruk,~,伴生 2：头目扎格斯特鲁克
Companion 2: Grukk Face-Rippa,~,伴生 2：古鲁克·撕面者
Companion 2: Warboss Gordrang,~,伴生 2：战头目戈德朗
Companion 2: Mega Blasta Deffkopta,~,伴生 2：重爆死亡直升机
Companion 2: Ursula Creed,~,伴生 2：克里德
Companion 2: Minka Lesk,~,伴生 2：明卡·莱斯克
Companion 2: Defence Batteries,~,伴生 2：防御炮组
Companion 2: Munitorum Supplies,~,伴生 2：军需补给
Companion 2: Timely Reinforcements,~,伴生 2：及时增援
Companion 2: Astropath,~,伴生 2：星语者
Companion 2: Attilan Rough Rider,~,伴生 2：阿提拉莽骑兵
Companion 2: Bullgryn Bone’ead,~,伴生 2：布尔格伦骨脑
Companion 2: Cadian Castellan,~,伴生 2：卡迪亚守备官
Companion 2: Cadian Medic,~,伴生 2：卡迪亚医疗兵
Companion 2: Cadian Standard Bearer,~,伴生 2：卡迪亚旗手
Companion 2: Commissar,~,伴生 2：政委
Companion 2: Faeburn Vanquisher,~,伴生 2：法伯恩·歼灭者
Companion 2: Flamer Trooper,~,伴生 2：喷火兵
Companion 2: Kasrkin,~,伴生 2：卡斯金
Companion 2: Maelon Dhrost,~,伴生 2：梅隆·德罗斯特
Companion 2: Master of Ordnance,~,伴生 2：军械大师
Companion 2: Medic Scion,~,伴生 2：医护圣选兵
Companion 2: Nork Deddog,~,伴生 2：诺克·德多格
Companion 2: Ogryn,~,伴生 2：奥格林
Companion 2: Primaris Psyker,~,伴生 2：常备灵能者
Companion 2: Ratling,~,伴生 2：鼠人
Companion 2: Shock Trooper Sgt,~,伴生 2：震荡突击兵军士
Companion 2: Shock Trooper,~,伴生 2：震荡突击兵
Companion 2: Tech-Priest Enginseer,~,伴生 2：机械神甫机务师
Companion 2: Tempestor Sergeant,~,伴生 2：暴风军士长
Companion 2: Tempestus Aquilon,~,伴生 2：暴风阿奎隆
Companion 2: Tempestus Scion,~,伴生 2：暴风圣选兵
Companion 2: Vitus Gryf,~,伴生 2：维图斯·格里夫
Companion 2: Vox Operator,~,伴生 2：通讯兵
Companion 2: Dawn Attack,~,伴生 2：黎明突袭
Companion 2: Factories Overdrive,~,伴生 2：工厂超载
Companion 2: Planetary invasion,~,伴生 2：行星入侵
Companion 2: Armoured Lightning,~,伴生 2：装甲闪电
Companion 2: Armoured Squadron,~,伴生 2：装甲中队
Companion 2: Artillery Strike,~,伴生 2：炮火打击
Companion 2: At All Costs,~,伴生 2：不惜一切
Companion 2: Born Soldier,~,伴生 2：天生士兵
Companion 2: Cadia Stands,~,伴生 2：卡迪亚屹立
Companion 2: Cadian Honour,~,伴生 2：卡迪亚荣誉
Companion 2: Efficiency and Excellence,~,伴生 2：效率与卓越
Companion 2: Forged Killers,~,伴生 2：锻造杀手
Companion 2: Full Throttle,~,伴生 2：全速前进
Companion 2: Godspear Warhead,~,伴生 2：神矛弹头
Companion 2: High Command,~,伴生 2：最高指挥部
Companion 2: Lead by Example,~,伴生 2：以身作则
Companion 2: Legendary Commandant,~,伴生 2：传奇司令官
Companion 2: Mechanised Infantry,~,伴生 2：机械化步兵
Companion 2: Move! Move! Move!,~,伴生 2：前进！前进！前进！
Companion 2: Pinning Fire,~,伴生 2：压制火力
Companion 2: Press the Attack,~,伴生 2：主动出击
Companion 2: Recon Operation,~,伴生 2：侦察行动
Companion 2: Regimental Doctrine,~,伴生 2：团队教义
Companion 2: Renowned Bodyguard,~,伴生 2：著名保镖
Companion 2: Righteous Gaze,~,伴生 2：正义凝视
Companion 2: Shock Troops,~,伴生 2：突击部队
Companion 2: Siege Warfare,~,伴生 2：围城战
Companion 2: Summary Execution,~,伴生 2：即决处决
Companion 2: Thermal Weaponry,~,伴生 2：热能武器
Companion 2: Thunderous Charge,~,伴生 2：雷霆冲锋
Companion 2: Valkyrie Drop,~,伴生 2：女武神空降
Companion 2: Vengeance for Cadia,~,伴生 2：为卡迪亚复仇
Companion 2: Aquilon Servo-Sentry,~,伴生 2：阿奎隆伺服哨戒
Companion 2: Armoured Sentinel,~,伴生 2：装甲哨兵
Companion 2: Autocannon Squad,~,伴生 2：自动炮小队
Companion 2: Baneblade Tank,~,伴生 2：毒刃战车
Companion 2: Basilisk,~,伴生 2：巴西利斯克
Companion 2: Bombast Field Gun,~,伴生 2：邦巴斯特野战炮
Companion 2: Chimera,~,伴生 2：奇美拉
Companion 2: Hydra,~,伴生 2：九头蛇
Companion 2: Leman Russ Vanquisher,~,伴生 2：黎曼鲁斯·歼灭者
Companion 2: Leman Russ,~,伴生 2：黎曼鲁斯
Companion 2: Manticore,~,伴生 2：曼提柯尔
Companion 2: Rogal Dorn Tank,~,伴生 2：罗加·多恩坦克
Companion 2: Scout Sentinel,~,伴生 2：侦察哨兵
Companion 2: Taurox Prime,~,伴生 2：陶洛克精英装甲车
Companion 2: Taurox,~,伴生 2：陶洛克装甲车
Companion 2: Valkyrie,~,伴生 2：瓦尔基里
Companion 2: Commissar Elan,~,伴生 2：政委·埃兰
Companion 2: Hektor Thenmann,~,伴生 2：赫克托·滕曼
Companion 2: Lord Solar Leontus,~,伴生 2：太阳领主莱昂图斯
Companion 2: Ophydian Destroyer,~,伴生 2：奥菲迪安毁灭者
Companion 2: Canoptek Plasmacyte,~,伴生 2：冥府质体
Companion 2: Canoptek Scarab,~,伴生 2：冥府圣甲虫
Companion 2: Canoptek Spyder,~,伴生 2：冥府蜘蛛
Companion 2: Canoptek Wraith,~,伴生 2：冥府幽灵
Companion 2: Chronomancer,~,伴生 2：时相术士
Companion 2: Cryptothrall,~,伴生 2：墓穴仆役
Companion 2: Damaged Hexmark,~,伴生 2：受损六印毁灭者
Companion 2: Damaged Plasmacyte,~,伴生 2：受损冥府质体
Companion 2: Deathmark,~,伴生 2：死印
Companion 2: Flayed One,~,伴生 2：剥皮者
Companion 2: Flayed Ones Pack,~,伴生 2：剥皮者兽群
Companion 2: Gauss Blaster Immortal,~,伴生 2：高斯冲击枪不朽者
Companion 2: Gauss Reaper Warrior,~,伴生 2：高斯收割者战士
Companion 2: Hexmark Destroyer,~,伴生 2：六印毁灭者
Companion 2: Immortals Phalanx,~,伴生 2：不朽者方阵
Companion 2: Lokhust Destroyer,~,伴生 2：洛库斯特毁灭者
Companion 2: Lokhust Heavy Destroyer,~,伴生 2：洛库斯特重型毁灭者
Companion 2: Lokhust Lord,~,伴生 2：洛库斯特领主
Companion 2: Lychguard,~,伴生 2：圣卫兵
Companion 2: Necron Lord,~,伴生 2：死灵领主
Companion 2: Necron Warrior,~,伴生 2：死灵战士
Companion 2: Plasmancer,~,伴生 2：等离子术士
Companion 2: Psychomancer,~,伴生 2：心灵术士
Companion 2: Royal Warden,~,伴生 2：皇家典狱官
Companion 2: Scarab Swarm,~,伴生 2：圣甲虫虫群
Companion 2: Skorpekh Destroyer,~,伴生 2：斯科尔佩赫毁灭者
Companion 2: Skorpekh Lord,~,伴生 2：斯科尔佩赫领主
Companion 2: Technomancer,~,伴生 2：技术术士
Companion 2: Tesla Carbine Immortal,~,伴生 2：特斯拉卡宾枪不朽者
Companion 2: Triarch Praetorian,~,伴生 2：三王禁卫
Companion 2: Vargard Obyron,~,伴生 2：瓦加德·奥比伦
Companion 2: Canoptek Reanimator,~,伴生 2：冥府复生者
Companion 2: Earthquake,~,伴生 2：地震
Companion 2: Immortal Beams,~,伴生 2：不朽光束
Companion 2: Solar Storm,~,伴生 2：太阳风暴
Companion 2: Annihilation Command,~,伴生 2：歼灭指令
Companion 2: Awakened Dynasty,~,伴生 2：觉醒王朝
Companion 2: Awakening Obelisk,~,伴生 2：苏醒方尖碑
Companion 2: Conquering Tyrant,~,伴生 2：征服暴君
Companion 2: Curse of the Phaeron,~,伴生 2：法老诅咒
Companion 2: Dimensional Breach,~,伴生 2：次元裂隙
Companion 2: Dimensional Corridor,~,伴生 2：次元走廊
Companion 2: Disentegration Capacitors,~,伴生 2：解离电容
Companion 2: Disruption Blades,~,伴生 2：扰乱之刃
Companion 2: Divination Menhir,~,伴生 2：占卜石柱
Companion 2: Extermination Protocols,~,伴生 2：歼灭协议
Companion 2: Hardwired Destruction,~,伴生 2：硬接线毁灭
Companion 2: Hyperlogical Strategist,~,伴生 2：超逻辑战略家
Companion 2: Immortal Pride,~,伴生 2：不朽之傲
Companion 2: Implacable Conqueror,~,伴生 2：无情征服者
Companion 2: Indomitable Will,~,伴生 2：不屈意志
Companion 2: Inescapable Retribution,~,伴生 2：无法逃脱的惩罚
Companion 2: Lord of the Storm,~,伴生 2：风暴领主
Companion 2: Master Chronomancer,~,伴生 2：时相大师
Companion 2: Methodical Destruction,~,伴生 2：有条不紊的毁灭
Companion 2: Particle Whip,~,伴生 2：粒子鞭
Companion 2: Protection Protocol,~,伴生 2：保护协议
Companion 2: Reanimate,~,伴生 2：复生
Companion 2: Reanimation Protocol,~,伴生 2：复生协议
Companion 2: Reconstitution Protocols,~,伴生 2：重构协议
Companion 2: Relentless Advance,~,伴生 2：无情推进
Companion 2: Relentless March,~,伴生 2：无情进军
Companion 2: Resurrection Orb,~,伴生 2：复活宝珠
Companion 2: Resurrection Vault,~,伴生 2：复活圣库
Companion 2: Scythe Assault,~,伴生 2：镰刀突击
Companion 2: Self-Destruction,~,伴生 2：自我毁灭
Companion 2: Solar Pulse,~,伴生 2：太阳脉冲
Companion 2: Spyder Nest,~,伴生 2：蜘蛛巢
Companion 2: Tomb World,~,伴生 2：墓穴世界
Companion 2: Annihilation Barge,~,伴生 2：歼灭驳船
Companion 2: Command Barge,~,伴生 2：指挥驳船
Companion 2: Doom Scythe,~,伴生 2：末日镰刀
Companion 2: Doomstalker,~,伴生 2：末日行者
Companion 2: Ghost Ark,~,伴生 2：幽灵方舟
Companion 2: Monolith,~,伴生 2：独石碑
Companion 2: Night Scythe,~,伴生 2：夜镰
Companion 2: Tomb Blade,~,伴生 2：墓刃
Companion 2: Triarch Stalker,~,伴生 2：三王猎手
Companion 2: Nemesor Zahndrekh,~,伴生 2：内默萨·赞德雷克
Companion 2: Diviner,~,伴生 2：占卜师
Companion 2: Ramatekh The Cruel,~,伴生 2：残忍者拉玛泰克
Companion 2: Lord Commander,~,伴生 2：统帅
Companion 2: Undying Legions,~,伴生 2：不朽军团
Companion 2: Awakened Obelisk,~,伴生 2：觉醒方尖碑
Companion 2: Autarch,~,伴生 2：总督
Companion 2: Death Spinner Warp Spider,~,伴生 2：死亡纺锤扭曲蜘蛛
Companion 2: Dire Avenger Exarch,~,伴生 2：复仇者长老
Companion 2: Dire Avenger,~,伴生 2：复仇者
Companion 2: Farseer,~,伴生 2：先知
Companion 2: Fire Dragon,~,伴生 2：火龙
Companion 2: Guardian Defender,~,伴生 2：防卫守护者
Companion 2: Howling Banshee Exarch,~,伴生 2：嚎叫女妖长老
Companion 2: Howling Banshee,~,伴生 2：嚎叫女妖
Companion 2: Orian Laratharjos,~,伴生 2：奥里安·拉拉萨约斯
Companion 2: Ranger,~,伴生 2：游侠
Companion 2: Spiritseer Qelenaris,~,伴生 2：灵先知·奎莱纳里斯
Companion 2: Spiritseer,~,伴生 2：灵先知
Companion 2: Storm Guardian,~,伴生 2：风暴守护者
Companion 2: Striking Scorpion Exarch,~,伴生 2：突击蝎子长老
Companion 2: Striking Scorpion,~,伴生 2：突击蝎子
Companion 2: Swooping Hawk Exarch,~,伴生 2：俯冲猎鹰长老
Companion 2: Swooping Hawk,~,伴生 2：俯冲猎鹰
Companion 2: Vengeful Wraithblade,~,伴生 2：复仇幽刃
Companion 2: Veteran Guardian,~,伴生 2：老兵守护者
Companion 2: Warlock,~,伴生 2：术士
Companion 2: Warp Spider Exarch,~,伴生 2：扭曲蜘蛛长老
Companion 2: Warp Spider,~,伴生 2：扭曲蜘蛛
Companion 2: Weapons Platform,~,伴生 2：武器平台
Companion 2: Winged Autarch,~,伴生 2：有翼总督
Companion 2: Witchblade Warlock,~,伴生 2：巫刃术士
Companion 2: Wraithblade,~,伴生 2：幽刃
Companion 2: Wraithguard,~,伴生 2：幽卫
Companion 2: Yrlla the Huntress,~,伴生 2：女猎手伊尔拉
Companion 2: Avatar of Khaine,~,伴生 2：凯恩化身
Companion 2: Blackout,~,伴生 2：黑幕
Companion 2: Infinity Circuit Overload,~,伴生 2：无限回路过载
Companion 2: Webway Rift,~,伴生 2：网道裂隙
Companion 2: Aerial Dominion,~,伴生 2：空中霸权
Companion 2: Ahnakh-Yth Shrine,~,伴生 2：阿纳赫-伊斯圣殿
Companion 2: Aspect Shrine,~,伴生 2：支派圣殿
Companion 2: Banshee Mask,~,伴生 2：女妖面具
Companion 2: Bladestorm,~,伴生 2：剑刃风暴
Companion 2: Cosmic Serpent,~,伴生 2：宇宙巨蛇
Companion 2: Craftworld Convergence,~,伴生 2：方舟世界汇聚
Companion 2: Dance of Death,~,伴生 2：死亡之舞
Companion 2: Deadly Ambush,~,伴生 2：致命伏击
Companion 2: Devoted of Khaine,~,伴生 2：凯恩信徒
Companion 2: Eldritch Storm,~,伴生 2：秘术风暴
Companion 2: Empyric Ambush,~,伴生 2：灵能伏击
Companion 2: Evasive Manoeuvre,~,伴生 2：规避机动
Companion 2: Fate Inescapable,~,伴生 2：宿命难逃
Companion 2: Fire and Fade,~,伴生 2：打了就跑
Companion 2: Flickerjump,~,伴生 2：闪烁跳跃
Companion 2: Forewarned,~,伴生 2：预警
Companion 2: Graceful Avoidance,~,伴生 2：灵巧规避
Companion 2: Hosts of the Dead,~,伴生 2：亡者军团
Companion 2: Infinity Circuit,~,伴生 2：无限回路
Companion 2: Inspiring Legacy,~,伴生 2：激励传承
Companion 2: Nightshade Interceptors,~,伴生 2：夜影拦截者
Companion 2: Path of Command,~,伴生 2：统御之道
Companion 2: Path of the Seer,~,伴生 2：先知之道
Companion 2: Path of the Warrior,~,伴生 2：战士之道
Companion 2: Reclaim the Stars,~,伴生 2：夺回群星
Companion 2: Skyborne Deployment,~,伴生 2：空降部署
Companion 2: Storm of Silence,~,伴生 2：寂静风暴
Companion 2: Sudden Assault,~,伴生 2：突袭
Companion 2: Wailing Doom,~,伴生 2：恸哭毁灭
Companion 2: Webway Entrance,~,伴生 2：网道入口
Companion 2: Webway Gate,~,伴生 2：网道之门
Companion 2: Webway Incursion,~,伴生 2：网道入侵
Companion 2: Whirling Death,~,伴生 2：回旋之死
Companion 2: Wild Host,~,伴生 2：狂野宿主
Companion 2: Will of Asuryan,~,伴生 2：阿斯尤扬之意志
Companion 2: Witchfire,~,伴生 2：巫火
Companion 2: Wrath of Khaine,~,伴生 2：凯恩之怒
Companion 2: Bright Lance Vyper,~,伴生 2：亮枪蝰蛇
Companion 2: Crimson Hunter,~,伴生 2：猩红猎手
Companion 2: Falcon,~,伴生 2：猎鹰
Companion 2: Farseer Skyrunner,~,伴生 2：先知天行者
Companion 2: Fire prism,~,伴生 2：火焰棱镜
Companion 2: Hemlock Wraithfighter,~,伴生 2：铁杉魂飞者
Companion 2: Hornet,~,伴生 2：大黄蜂
Companion 2: Night Spinner,~,伴生 2：夜纺者
Companion 2: Nuadhu Fireheart,~,伴生 2：努阿杜·火心
Companion 2: Shining Spear Exarch,~,伴生 2：闪耀之矛长老
Companion 2: Shining Spear,~,伴生 2：闪耀之矛
Companion 2: Shroud Runner,~,伴生 2：隐匿行者
Companion 2: Vyper,~,伴生 2：蝰蛇
Companion 2: War Walker,~,伴生 2：战争行者
Companion 2: Warlock Skyrunner,~,伴生 2：术士天行者
Companion 2: Wave Serpent,~,伴生 2：波浪蛇
Companion 2: Windrider,~,伴生 2：风行者
Companion 2: Wraithknight,~,伴生 2：幽骑士
Companion 2: Wraithlord,~,伴生 2：幽尊
Companion 2: Anvirr Keltoc,~,伴生 2：安维尔·凯尔托克
Companion 2: Eliac Zephyrblade,~,伴生 2：伊利亚克·泽菲刃
Companion 2: Medreyal Ghaelyn,~,伴生 2：梅德雷亚尔·盖林
Companion 2: Jain Zar,~,伴生 2：杰因·扎尔
Companion 2: Lhykhis,~,伴生 2：莱基斯
Companion 2: Adelaide the Serene,~,伴生 2：宁静的阿德莱德
Companion 2: Aestred-Thurga,~,伴生 2：艾斯特雷德-瑟加
Companion 2: Amalia Novena,~,伴生 2：阿玛莉亚·诺维娜
Companion 2: Arco-Flagellant,~,伴生 2：电鞭苦修者
Companion 2: Armorium Cherub,~,伴生 2：军械库小天使
Companion 2: Battle Sister Gunner,~,伴生 2：战斗修女枪手
Companion 2: Battle Sister,~,伴生 2：战斗修女
Companion 2: Canoness,~,伴生 2：教长
Companion 2: Celestian Sacresant,~,伴生 2：天界修女圣卫
Companion 2: Celestian Superior,~,伴生 2：天界修女长
Companion 2: Celestian,~,伴生 2：天界修女
Companion 2: Crusader,~,伴生 2：十字军战士
Companion 2: Death Cult Assassin,~,伴生 2：死亡教派刺客
Companion 2: Dialogus,~,伴生 2：执事
Companion 2: Dominion Superior,~,伴生 2：多米尼恩修女长
Companion 2: Dominion,~,伴生 2：多米尼恩修女
Companion 2: Ephrael Stern,~,伴生 2：埃弗拉尔·斯特恩
Companion 2: Hospitaller,~,伴生 2：医疗修女
Companion 2: Imagifier,~,伴生 2：圣像师
Companion 2: Ministorum Priest,~,伴生 2：国教牧师
Companion 2: Missionary,~,伴生 2：传教士
Companion 2: Preacher,~,伴生 2：布道者
Companion 2: Retributor,~,伴生 2：惩戒修女
Companion 2: Sacred Rose Sister,~,伴生 2：圣玫瑰修女
Companion 2: Saint Celestine,~,伴生 2：圣塞莱斯廷
Companion 2: Seraphim,~,伴生 2：炽天使
Companion 2: Simulacrum Bearer,~,伴生 2：圣像持有者
Companion 2: Simulacrum Imperialis,~,伴生 2：帝皇圣像
Companion 2: Sister Dogmata,~,伴生 2：教义修女
Companion 2: Sister Novitiate,~,伴生 2：见习修女
Companion 2: Sister Superior,~,伴生 2：修女长
Companion 2: Sisters Repentia,~,伴生 2：忏悔修女
Companion 2: Triumph of Saint Katherine,~,伴生 2：圣凯瑟琳凯旋
Companion 2: Zephyrim Superior,~,伴生 2：泽菲里姆修女长
Companion 2: Zephyrim,~,伴生 2：泽菲里姆修女
Companion 2: Beacon of Faith,~,伴生 2：信仰灯塔
Companion 2: Blade of Faith,~,伴生 2：信仰之刃
Companion 2: Cleansing Flames,~,伴生 2：净化之焰
Companion 2: Conviction of Faith,~,伴生 2：坚定信仰
Companion 2: Daemonbreaker,~,伴生 2：破魔者
Companion 2: Defenders of the Faith,~,伴生 2：信仰捍卫者
Companion 2: Devout Serenity,~,伴生 2：虔诚宁静
Companion 2: Devout Warriors,~,伴生 2：虔诚战士
Companion 2: Disrupted Sanctuary,~,伴生 2：受扰圣所
Companion 2: Divine Intervention,~,伴生 2：神圣干预
Companion 2: Emperor's Judgement,~,伴生 2：帝皇的审判
Companion 2: Fiery Conviction,~,伴生 2：炽热信念
Companion 2: Furious Reprisal,~,伴生 2：狂怒报复
Companion 2: Fury of the Righteous,~,伴生 2：义人之怒
Companion 2: Guidance of the Saints,~,伴生 2：圣徒指引
Companion 2: Hallowed Martyrs,~,伴生 2：圣洁殉道者
Companion 2: Holy Fire,~,伴生 2：圣火
Companion 2: Hymn of Battle,~,伴生 2：战斗圣歌
Companion 2: Imperial Creed,~,伴生 2：帝国信条
Companion 2: Inspiring Oratory,~,伴生 2：激励演说
Companion 2: Lead the Righteous,~,伴生 2：引领义人
Companion 2: Miraculous Feat,~,伴生 2：奇迹壮举
Companion 2: Prayer,~,伴生 2：祷文
Companion 2: Purgator Mirabilis,~,伴生 2：奇迹涤罪者
Companion 2: Raging Storm,~,伴生 2：狂暴风暴
Companion 2: Relics of Saint Katherine,~,伴生 2：圣凯瑟琳圣物
Companion 2: Righteous Repugnance,~,伴生 2：义愤
Companion 2: Rite of Restoration,~,伴生 2：复原仪式
Companion 2: Sacred Altar,~,伴生 2：圣坛
Companion 2: Sacred Rose,~,伴生 2：圣玫瑰
Companion 2: Shrine Bombardement,~,伴生 2：圣殿轰击
Companion 2: Shrineworld,~,伴生 2：圣殿世界
Companion 2: Slay the Heretic,~,伴生 2：斩杀异端
Companion 2: Spirit of the Martyr,~,伴生 2：殉道者之灵
Companion 2: Trial of Suffering,~,伴生 2：苦难试炼
Companion 2: Castigator,~,伴生 2：惩戒者
Companion 2: Exorcist,~,伴生 2：驱魔者
Companion 2: Immolator,~,伴生 2：焚化者
Companion 2: Mortifier,~,伴生 2：苦修机
Companion 2: Paragon Warsuit,~,伴生 2：典范战甲
Companion 2: Penitent Engine,~,伴生 2：忏悔引擎
Companion 2: Sororitas Rhino,~,伴生 2：修女犀牛
Companion 2: Celestian Sacresant Aveline,~,伴生 2：天界修女圣卫·阿芙琳
Companion 2: Erika Luminas,~,伴生 2：埃丽卡·卢米纳斯
Companion 2: Junith Eruita,~,伴生 2：朱妮丝·埃鲁伊塔
Companion 2: Morvenn Vahl,~,伴生 2：莫文·瓦尔
Companion 2: Moment of Grace,~,伴生 2：恩典时刻
Companion 2: Broadside Battlesuit,~,伴生 2：宽面甲
Companion 2: Coldstar Battlesuit,~,伴生 2：冷星甲
Companion 2: Crisis Battlesuit,~,伴生 2：危机甲
Companion 2: Crisis Bodyguard,~,伴生 2：危机护卫
Companion 2: Enforcer Battlesuit,~,伴生 2：执法者甲
Companion 2: Riptide Battlesuit,~,伴生 2：激流甲
Companion 2: Stealth Battlesuit,~,伴生 2：隐匿甲
Companion 2: Stealth Shas’ui,~,伴生 2：隐匿火氏士
Companion 2: Stormsurge Battlesuit,~,伴生 2：风暴甲
Companion 2: Grav Inhibitor Drone,~,伴生 2：重力抑制无人机
Companion 2: Guardian Drone,~,伴生 2：守护无人机
Companion 2: Gun Drone,~,伴生 2：枪无人机
Companion 2: Marker Drone,~,伴生 2：标记无人机
Companion 2: Missile Drone,~,伴生 2：导弹无人机
Companion 2: Sniper Drone,~,伴生 2：狙击无人机
Companion 2: Stealth Drone,~,伴生 2：潜行无人机
Companion 2: Aunshi Ethereal,~,伴生 2：昂希以太
Companion 2: Breacher Fire Warrior,~,伴生 2：突破者火氏战士
Companion 2: Breacher ShasUi,~,伴生 2：突破者火氏士
Companion 2: Cadre Fireblade,~,伴生 2：火刃干部
Companion 2: Darkstrider,~,伴生 2：暗行者
Companion 2: Fire Warrior Sniper,~,伴生 2：火氏狙击手
Companion 2: Fire Warrior,~,伴生 2：火氏战士
Companion 2: Firesight Marksman,~,伴生 2：锐眼射手
Companion 2: Flesh Shaper,~,伴生 2：血肉塑形者
Companion 2: Honoured Ethereal,~,伴生 2：荣耀以太
Companion 2: Kroot Carnivore,~,伴生 2：克鲁特食肉者
Companion 2: Kroot Hound,~,伴生 2：克鲁特猎犬
Companion 2: Krootox Rampager,~,伴生 2：克鲁特狂暴兽
Companion 2: Krootox Rider,~,伴生 2：克鲁特骑手
Companion 2: Lone-spear,~,伴生 2：独矛
Companion 2: Pathfinder,~,伴生 2：探路者
Companion 2: Strike Team,~,伴生 2：打击小队
Companion 2: Trail Shaper,~,伴生 2：踪迹塑形者
Companion 2: Vespid Stingwings,~,伴生 2：黄蜂族刺翼
Companion 2: Electro-Static Interference,~,伴生 2：静电干扰
Companion 2: Radiation Storm,~,伴生 2：辐射风暴
Companion 2: Solar Eclipse,~,伴生 2：日食
Companion 2: Burgeoning Empire,~,伴生 2：昌盛帝国
Companion 2: Coordinated Engagement,~,伴生 2：协同作战
Companion 2: Deploy Anchors,~,伴生 2：部署锚桩
Companion 2: Drone Companion,~,伴生 2：无人机伴生
Companion 2: Dynamic Offensive,~,伴生 2：动态攻势
Companion 2: Emergency Dispensation,~,伴生 2：紧急豁免
Companion 2: Ethereal Supreme,~,伴生 2：至尊以太
Companion 2: Experimental Drone,~,伴生 2：实验无人机
Companion 2: For the Greater Good,~,伴生 2：为至高善意
Companion 2: Fortified Positions,~,伴生 2：坚固阵地
Companion 2: Grisly Feast,~,伴生 2：血腥盛宴
Companion 2: Hero of the Empire,~,伴生 2：帝国英雄
Companion 2: Hidden Hunters,~,伴生 2：隐匿猎手
Companion 2: Homing Beacon,~,伴生 2：归航信标
Companion 2: Hunters Instincts,~,伴生 2：猎手本能
Companion 2: Inspired to Greatness,~,伴生 2：伟业感召
Companion 2: Kauyon Tactics,~,伴生 2：考恩战术
Companion 2: Priority Target,~,伴生 2：优先目标
Companion 2: Pulse Onslaught,~,伴生 2：脉冲猛攻
Companion 2: Razorshark Strike,~,伴生 2：剃刀鲨突袭
Companion 2: Recon Sweep,~,伴生 2：侦察扫荡
Companion 2: Relentless Fusillade,~,伴生 2：无情齐射
Companion 2: Saviour Protocolst,~,伴生 2：救世协议
Companion 2: Sense of Stone,~,伴生 2：石之感知
Companion 2: Serene Unifier,~,伴生 2：宁静统合者
Companion 2: Shield Generator,~,伴生 2：护盾发生器
Companion 2: Storm of Fire,~,伴生 2：风暴之火
Companion 2: Structural Analyzer,~,伴生 2：结构分析器
Companion 2: Technological Supremacy,~,伴生 2：科技霸权
Companion 2: Thundering Rampage,~,伴生 2：雷霆暴怒
Companion 2: Tidewall Droneport,~,伴生 2：潮墙无人机港
Companion 2: Tidewall Gunrig,~,伴生 2：潮墙炮架
Companion 2: Valued Sacrifice,~,伴生 2：崇高牺牲
Companion 2: Watch Tower,~,伴生 2：瞭望塔
Companion 2: Zephyr's Grace,~,伴生 2：和风之恩
Companion 2: DS8 Support Turret,~,伴生 2：支援炮塔
Companion 2: Devilfish,~,伴生 2：魔鬼鱼
Companion 2: Hammerhead,~,伴生 2：锤头鲨
Companion 2: Longstrike,~,伴生 2：长袭者
Companion 2: Piranha,~,伴生 2：食人鲳
Companion 2: Razorshark,~,伴生 2：剃刀鲨
Companion 2: Sky Ray Gunship,~,伴生 2：天雷炮艇
Companion 2: Sun Shark Bomber,~,伴生 2：日鲨轰炸机
Companion 2: Aun'Va,~,伴生 2：昂瓦
Companion 2: Commander O'Maisos,~,伴生 2：奥迈索斯指挥官
Companion 2: Shadowsun,~,伴生 2：影阳
Companion 2: War Shaper,~,伴生 2：战争塑形者
Companion 2: Hive Guard,~,伴生 2：蜂巢卫兵
Companion 2: Crushing Claws,~,伴生 2：粉碎之爪
Companion 2: Terror of Vardenghast,~,伴生 2：瓦登加斯特之恐
Companion 2: Barbgaunt,~,伴生 2：倒刺根
Companion 2: Biovore,~,伴生 2：孢子兽
Companion 2: Broodlord,~,伴生 2：繁育领主
Companion 2: Deathleaper,~,伴生 2：死神猎手
Companion 2: Gargoyle,~,伴生 2：石像鬼
Companion 2: Genestealer,~,伴生 2：基因窃取者
Companion 2: Hormagaunt,~,伴生 2：荷尔马根
Companion 2: Lictor,~,伴生 2：利克特
Companion 2: Mucolid Spore,~,伴生 2：黏液孢子
Companion 2: Neurogaunt Nodebeast,~,伴生 2：神经节虫巢兽
Companion 2: Neurogaunt,~,伴生 2：神经节虫
Companion 2: Neuroloid,~,伴生 2：神经虫体
Companion 2: Pyrovore,~,伴生 2：喷焰兽
Companion 2: Ravener,~,伴生 2：掠夺虫
Companion 2: Ripper Swarm,~,伴生 2：撕裂虫群
Companion 2: Spore Mine,~,伴生 2：孢子雷
Companion 2: Stranded Termagant,~,伴生 2：搁浅泰玛根
Companion 2: Termagant Brood,~,伴生 2：泰玛根巢群
Companion 2: Termagant,~,伴生 2：泰玛根
Companion 2: Tyranid Prime,~,伴生 2：泰伦首相
Companion 2: Tyranid Warrior,~,伴生 2：泰伦战士
Companion 2: Tyrant Guard,~,伴生 2：暴君卫队
Companion 2: Venomthrope,~,伴生 2：毒瘴兽
Companion 2: Von Ryans Leaper,~,伴生 2：瑞恩跳跃者
Companion 2: Zoanthrope,~,伴生 2：兽人脑
Companion 2: Carnifex,~,伴生 2：屠夫兽
Companion 2: Exocrine,~,伴生 2：外泌兽
Companion 2: Harpy,~,伴生 2：鹰身女妖
Companion 2: Haruspex,~,伴生 2：内脏占卜者
Companion 2: Hive Crone,~,伴生 2：蜂巢老妪
Companion 2: Hive Tyrant,~,伴生 2：蜂巢暴君
Companion 2: Maleceptor,~,伴生 2：灵能受体兽
Companion 2: Mawloc,~,伴生 2：巨口虫
Companion 2: Neurotyrant,~,伴生 2：神经元暴君
Companion 2: Norn Emissary,~,伴生 2：诺恩使者
Companion 2: Psychophage,~,伴生 2：噬魂兽
Companion 2: Screamer-Killer,~,伴生 2：尖啸杀手
Companion 2: Sporocyst,~,伴生 2：孢子囊
Companion 2: Tyrannocyte,~,伴生 2：泰伦孢囊
Companion 2: Tyrannofex,~,伴生 2：泰伦巨兽
Companion 2: Winged Tyrant,~,伴生 2：有翼暴君
Companion 2: Acid Rain,~,伴生 2：酸雨
Companion 2: Blazing Biomass,~,伴生 2：炽燃生物质
Companion 2: Sweeping Infestation,~,伴生 2：蔓延虫灾
Companion 2: Adrenal Surge,~,伴生 2：肾上腺激涌
Companion 2: Aerial Seeding,~,伴生 2：空中播种
Companion 2: Alpha Warrior,~,伴生 2：阿尔法战士
Companion 2: Ambush Predator,~,伴生 2：伏击掠食者
Companion 2: Apex Predator,~,伴生 2：顶级掠食者
Companion 2: Armoured Exoskeleton,~,伴生 2：装甲外骨骼
Companion 2: Augmented Ferocity,~,伴生 2：强化狂暴
Companion 2: Bestial Rage,~,伴生 2：兽性狂怒
Companion 2: Bounding Leap,~,伴生 2：腾跃
Companion 2: Brood Progenitor,~,伴生 2：巢群繁育者
Companion 2: Darkened Skies,~,伴生 2：昏暗天空
Companion 2: Devourer Cannon,~,伴生 2：吞噬者炮
Companion 2: Digestion Pool,~,伴生 2：消化池
Companion 2: Encircle the Prey,~,伴生 2：合围猎物
Companion 2: Enhanced Organism,~,伴生 2：强化生物体
Companion 2: Feeding Frenzy,~,伴生 2：进食狂潮
Companion 2: Hardened Biology,~,伴生 2：坚韧躯壳
Companion 2: Hive Commander,~,伴生 2：蜂巢指挥官
Companion 2: Hive Fleet Leviathan,~,伴生 2：蜂巢舰队利维坦
Companion 2: Hyper-adaptation,~,伴生 2：超速适应
Companion 2: Infestation Node,~,伴生 2：侵染节点
Companion 2: Infinite Biomorphologies,~,伴生 2：无限生物形态
Companion 2: Leviathans Tendrils,~,伴生 2：利维坦触须
Companion 2: Overwhelming Swarm,~,伴生 2：压倒性虫群
Companion 2: Predator Instincts,~,伴生 2：掠食者本能
Companion 2: Rapacious Hunger,~,伴生 2：贪婪饥渴
Companion 2: Ravenous Hunter,~,伴生 2：饥渴猎手
Companion 2: Spirit Leech,~,伴生 2：灵魂吸取
Companion 2: Sporecaster Biostructure,~,伴生 2：孢子投掷生物结构
Companion 2: Swarming Masses,~,伴生 2：虫群大军
Companion 2: Synaptic Imperative,~,伴生 2：突触律令
Companion 2: Toxic Entanglement,~,伴生 2：毒素缠绕
Companion 2: Toxic Miasma,~,伴生 2：毒雾
Companion 2: Toxic Vapours,~,伴生 2：毒气
Companion 2: Tyranid Invasion,~,伴生 2：泰伦入侵
Companion 2: Neurothrope,~,伴生 2：神经脑虫
Companion 2: SwarmLord,~,伴生 2：虫群领主
Companion 2: Tervigon,~,伴生 2：繁育母兽
Companion 2: Protective Bio-structure,~,伴生 2：防护生物结构
Talent: 'Uge Choppa,~,天赋：巨号砍刀
Upgrade this card\nto level {0},~,将本卡升级\n至 {0} 级
Infantry,~,步兵
Spell,~,咒语
Vehicle,~,载具
Tactic,~,战术
Defence,~,防御
Ability,~,能力
Monster,~,怪兽
Troop,~,部队
Event,~,事件
Beast,~,野兽
Unit,~,单位
Battlesuit,~,战甲
Psychic Power,~,灵能
Action,~,行动
Drone,~,无人机
Stratagem,~,战术
Command,~,指挥
Card,~,卡牌
Daemon,~,恶魔
Structure,~,建筑
Elixir,~,药剂
Overlord Power,~,霸主之力
Rune,~,符文
Invocation,~,计策
Soldier,~,士兵
Order,~,命令
Battle Ability,~,战斗能力
Mission,~,任务
Combat Elixir,~,战斗药剂
Warlord Power,~,督军之力
Flight,~,飞行
Submarine,~,潜艇
Mark of Chaos,~,混沌印记
Daemon Engine,~,恶魔引擎
Titanic,~,泰坦级
Titan Engine,~,泰坦引擎
Cult,~,教派
Hive,~,虫巢
Xeno,~,异形
War Engine,~,战争引擎
Aircraft,~,飞行器
Artillery,~,火炮
Bike,~,摩托
Tower,~,哨塔
Astra Militarum,~,星界军
Codicil,~,法典
Enhancement,~,强化
Pact,~,契约
Relic,~,圣物
T'au Empire,~,钛帝国
Trick,~,诡计
Warlord Ability,~,督军能力
mission,~,任务
spell,~,咒语
unit,~,单位
Cost %s    Melee %s    Ranged %s    Health %s,~,费用 %s    近战 %s    远程 %s    生命 %s
Keywords: %s,~,关键词：%s
Subtitle: %s,~,副标题：%s
Sautekh Dynasty,~,索泰克王朝
Imotekh the Stormlord,~,伊摩泰克·风暴领主
stormlord,~,伊摩泰克·风暴领主
Warlord removed - you can pick any faction warlord,~,督军已放回——可重新选择任意阵营的督军
