效果名	材质数	原 shader 列表	是否含未映射 shader	状态
Acid Rain Damage Target	8	Everguild/FX/Extra Color, Universal Render Pipeline/Particles/Unlit	否	OK
AcidSpraySweepAttack	12	Everguild/FX/Extra Color, Sprites/Default, Sprites/Mask, Universal Render Pipeline/Particles/Unlit, WarpforgeVFX/Particles/Extra Color	否	OK
Air to Ground Big	13	Everguild/FX/Extra Color, Mobile/Particles/Additive, Mobile/Particles/Alpha Blended, Shader Graphs/Fx_ParticleDissolve_apb, Universal Render Pipeline/Particles/Unlit, WarpforgeVFX/Particles/Extra Color	否	OK
AlphaWarriorEffect	9	Everguild/FX/Extra Color, Everguild/Matcap/Matcap With Texture, Sprites/Default, Sprites/Mask, Universal Render Pipeline/Particles/Unlit	否	OK
AmbushEffect	8	Everguild/FX/Extra Color, Everguild/FX/Particle Dissolve Mask, Universal Render Pipeline/Particles/Unlit	否	OK
Antimatter Explosion	8	Everguild/FX/Extra Color, Mobile/Particles/Additive, Universal Render Pipeline/Particles/Unlit	否	OK
Arco-Flagellant Strike	6	Everguild/FX/Extra Color, Universal Render Pipeline/Particles/Unlit	否	OK
ArdAsNailsEffect	8	Everguild/Sprites/Sprite Additive, Sprites/Default, Sprites/Mask, Universal Render Pipeline/Particles/Unlit	否	OK
Armor_Necron	4	Everguild/FX/Extra Color, Sprites/Default, Sprites/Mask, Universal Render Pipeline/Particles/Unlit	否	OK
ArmourEffect	7	Everguild/FX/Extra Color, Universal Render Pipeline/Particles/Unlit	否	OK
ArmourEffect_Bladeguard_Shield	10	Everguild/FX/Extra Color, Everguild/FX/ShieldVfx, Universal Render Pipeline/Particles/Unlit	是	OK
ArmourEffect_Nurgle	13	Mobile/Particles/Alpha Blended, Universal Render Pipeline/Particles/Unlit	否	OK
ArtificeEffect	8	Everguild/FX/Extra Color, Particles/Standard Unlit, Sprites/Default, Sprites/Mask, Universal Render Pipeline/Particles/Unlit	否	OK
Artillery Ground	12	Everguild/FX/Extra Color, Mobile/Particles/Additive, Mobile/Particles/Alpha Blended, Shader Graphs/Fx_ParticleDissolve_apb, Universal Render Pipeline/Particles/Unlit, WarpforgeVFX/Particles/Extra Color	否	OK
Artillery Manticore down 1x	13	Everguild/FX/Extra Color, Everguild/FX/Particle Distortion Affect Transparents, Everguild/Matcap/Matcap Full Options, Mobile/Particles/Alpha Blended, Universal Render Pipeline/Particles/Unlit, WarpforgeVFX/Particles/Extra Color	否	OK
Artillery Manticore down 2x spread	12	Everguild/FX/Extra Color, Everguild/FX/Particle Distortion Affect Transparents, Everguild/Matcap/Matcap Full Options, Mobile/Particles/Alpha Blended, Universal Render Pipeline/Particles/Unlit, WarpforgeVFX/Particles/Extra Color	否	OK
Artillery Manticore down 4x	13	Everguild/FX/Extra Color, Everguild/FX/Particle Distortion Affect Transparents, Everguild/Matcap/Matcap Full Options, Mobile/Particles/Alpha Blended, Universal Render Pipeline/Particles/Unlit, WarpforgeVFX/Particles/Extra Color	否	OK
Artillery Manticore down 4x spread	12	Everguild/FX/Extra Color, Everguild/FX/Particle Distortion Affect Transparents, Everguild/Matcap/Matcap Full Options, Mobile/Particles/Alpha Blended, Universal Render Pipeline/Particles/Unlit, WarpforgeVFX/Particles/Extra Color	否	OK
Artillery Manticore up 2x	18	Everguild/FX/Extra Color, Everguild/FX/Particle Distortion Affect Transparents, Everguild/Matcap/Matcap Full Options, Mobile/Particles/Additive, Mobile/Particles/Alpha Blended, Universal Render Pipeline/Particles/Unlit, WarpforgeVFX/Particles/Extra Color	否	OK
Artillery Manticore up 4x	18	Everguild/FX/Extra Color, Everguild/FX/Particle Distortion Affect Transparents, Everguild/Matcap/Matcap Full Options, Mobile/Particles/Additive, Mobile/Particles/Alpha Blended, Universal Render Pipeline/Particles/Unlit, WarpforgeVFX/Particles/Extra Color	否	OK
Atk_BulletImpact_Vox-pulse	9	Everguild/FX/Extra Color, Everguild/FX/Particle Distortion Affect Transparents, Mobile/Particles/Additive, Universal Render Pipeline/Particles/Unlit	否	OK
Atk_BulletImpact_Vox-pulse digital	9	Everguild/FX/Extra Color, Everguild/FX/Particle Distortion Affect Transparents, Mobile/Particles/Additive, Universal Render Pipeline/Particles/Unlit	否	OK
Atk_BulletImpact_Vox-pulse purple	9	Everguild/FX/Extra Color, Everguild/FX/Particle Distortion Affect Transparents, Mobile/Particles/Additive, Universal Render Pipeline/Particles/Unlit	否	OK
Atk_ChemVial_2	14	Everguild/FX/Extra Color, Everguild/FX/Rays For Trail, Everguild/Matcap/Matcap Full Options, GlassRefraction, Universal Render Pipeline/Particles/Unlit	是	OK
Atk_ExileGlaiveThrow Movement	12	Everguild/FX/Extra Color, Everguild/FX/Particle Dissolve Mask, Everguild/FX/Particle Distortion Affect Transparents, Everguild/FX/Rays For Trail, Mobile/Particles/Additive, Mobile/Particles/Alpha Blended, Universal Render Pipeline/Particles/Unlit	是	OK
Atk_GrotGrenade	11	Everguild/FX/Extra Color, Everguild/FX/Particle Distortion Affect Transparents, Everguild/FX/Rays For Trail, Universal Render Pipeline/Particles/Unlit	是	OK
Atk_GrotGrenade_big	13	Everguild/FX/Extra Color, Everguild/FX/Particle Distortion Affect Transparents, Everguild/FX/Particle Premultiply Greyscale Coloring, Everguild/FX/Rays For Trail, Mobile/Particles/Alpha Blended, Universal Render Pipeline/Particles/Unlit	是	OK
Atk_GrotRock	11	Everguild/FX/Extra Color, Everguild/FX/Particle Distortion Affect Transparents, Everguild/FX/Rays For Trail, Everguild/Matcap/Matcap Full Options, Mobile/Particles/Additive, Universal Render Pipeline/Particles/Unlit	是	OK
Atk_HelspearThrow Movement	12	Everguild/FX/Extra Color, Everguild/FX/Particle Dissolve Mask, Everguild/FX/Particle Distortion Affect Transparents, Everguild/FX/Particle Premultiply Greyscale Coloring, Everguild/FX/Rays For Trail, Mobile/Particles/Alpha Blended, Universal Render Pipeline/Particles/Unlit	是	OK
Atk_JainasMor	13	Everguild/FX/Extra Color, Everguild/FX/Particle Dissolve Mask, Everguild/FX/Particle Distortion Affect Transparents, Mobile/Particles/Additive, Universal Render Pipeline/Particles/Unlit	否	OK
Atk_KrootJavelinThrow Movement	13	Everguild/FX/Extra Color, Everguild/FX/Particle Distortion Affect Transparents, Everguild/FX/Rays For Trail, Everguild/Matcap/Matcap Full Options, Mobile/Particles/Additive, Universal Render Pipeline/Particles/Unlit	是	OK
Atk_Rokkit-Harpoon big	20	Everguild/FX/Extra Color, Everguild/FX/Particle Distortion Affect Transparents, Everguild/FX/Particle Premultiply, Everguild/Matcap/Matcap Full Options, Mobile/Particles/Additive, Mobile/Particles/Alpha Blended, Universal Render Pipeline/Particles/Unlit	否	OK
Atk_Rokkit-Harpoon small	19	Everguild/FX/Extra Color, Everguild/FX/Particle Distortion Affect Transparents, Everguild/FX/Particle Premultiply, Everguild/Matcap/Matcap Full Options, Mobile/Particles/Additive, Mobile/Particles/Alpha Blended, Universal Render Pipeline/Particles/Unlit	否	OK
Atk_StikkaThrow Movement	12	Everguild/FX/Particle Distortion Affect Transparents, Everguild/FX/Particle Premultiply Greyscale Coloring, Everguild/FX/Rays For Trail, Everguild/Matcap/Matcap Full Options VAT, Universal Render Pipeline/Particles/Unlit	是	OK
Attack_Stomp	6	Everguild/FX/Extra Color, Everguild/FX/Particle Distortion Affect Transparents, Universal Render Pipeline/Particles/Unlit	否	OK
AttackHitSmall	2	Everguild/FX/Extra Color, Everguild/FX/Particle Dissolve Premultiply	是	OK
AttackSquigEffect	3	Everguild/Matcap/Matcap Full Options, Universal Render Pipeline/Particles/Simple Lit, Universal Render Pipeline/Particles/Unlit	否	OK
Aura_WhileInPlay_1	4	Universal Render Pipeline/Particles/Unlit	否	OK
Aura_WhileInPlay_2	6	Mobile/Particles/Additive, Universal Render Pipeline/Particles/Unlit, WarpforgeVFX/Particles/Extra Color	否	OK
Axe_Slash_User_SW	7	Everguild/FX/Extra Color, Everguild/FX/Particle Distortion Affect Transparents, Everguild/FX/ShieldVfx, Mobile/Particles/Additive, Universal Render Pipeline/Particles/Unlit	是	OK
BacklashEffect	4	Everguild/FX/Particle Dissolve Mask, Everguild/FX/Particle Premultiply Greyscale Coloring, Legacy Shaders/Particles/Additive, Universal Render Pipeline/Particles/Unlit	否	OK
Backstab Dagger	8	Everguild/FX/Extra Color, Everguild/FX/Particle Distortion Affect Transparents, Everguild/Matcap/Matcap Full Options, Universal Render Pipeline/Particles/Unlit	否	OK
Backstab Dagger Intense	9	Everguild/FX/Extra Color, Everguild/FX/Particle Distortion Affect Transparents, Everguild/Matcap/Matcap Full Options, Universal Render Pipeline/Particles/Unlit	否	OK
BansheeHowl	2	Everguild/FX/Particle Distortion Affect Transparents, Universal Render Pipeline/Particles/Unlit	否	OK
BansheeHowl_blood	3	Everguild/FX/Particle Distortion Affect Transparents, Universal Render Pipeline/Particles/Unlit	否	OK
BansheeHowl_blood glow	4	Everguild/FX/Extra Color, Everguild/FX/Particle Distortion Affect Transparents, Universal Render Pipeline/Particles/Unlit	否	OK
BansheeHowl_warlord	2	Everguild/FX/Particle Distortion Affect Transparents, Universal Render Pipeline/Particles/Unlit	否	OK
Basic_army_BL	7	Everguild/FX/Extra Color, Universal Render Pipeline/Particles/Unlit	否	OK
Basic_army_DA	8	Everguild/FX/Extra Color, Universal Render Pipeline/Particles/Unlit	否	OK
Basic_army_DA_Intense	9	Everguild/FX/Extra Color, Universal Render Pipeline/Particles/Unlit	否	OK
Basic_army_DA_Intense_Secret	11	Everguild/FX/Extra Color, Universal Render Pipeline/Particles/Unlit	否	OK
Basic_army_DA_NoIcon	6	Everguild/FX/Extra Color, Universal Render Pipeline/Particles/Unlit	否	OK
Basic_army_GSC	8	Everguild/FX/Extra Color, Universal Render Pipeline/Particles/Unlit	否	OK
Basic_army_GSC_intense	8	Everguild/FX/Extra Color, Universal Render Pipeline/Particles/Unlit	否	OK
Basic_army_GSC_Jackal	13	Everguild/FX/Extra Color, Everguild/Matcap/Matcap Full Options, Universal Render Pipeline/Particles/Unlit	否	OK
Basic_army_GSC_shake	8	Everguild/FX/Extra Color, Universal Render Pipeline/Particles/Unlit	否	OK
Basic_army_Guard	7	Everguild/FX/Extra Color, Universal Render Pipeline/Particles/Unlit	否	OK
Basic_army_Guard Board	8	Everguild/FX/Extra Color, Universal Render Pipeline/Particles/Unlit	否	OK
Basic_army_Guard Digital	7	Everguild/FX/Alpha Mask One Layer, Everguild/FX/Extra Color, Universal Render Pipeline/Particles/Unlit	否	OK
Basic_army_Guard Intense	9	Everguild/FX/Extra Color, Universal Render Pipeline/Particles/Unlit	否	OK
Basic_army_Guard_quick	6	Everguild/FX/Extra Color, Universal Render Pipeline/Particles/Unlit	否	OK
Basic_army_Guard_quick Master of Ordnance	8	Everguild/FX/Extra Color, Everguild/FX/Particle Distortion Affect Transparents, Universal Render Pipeline/Particles/Unlit	否	OK
Basic_army_UM	7	Everguild/FX/Extra Color, Universal Render Pipeline/Particles/Unlit	否	OK
Basic_army_UM_Chainsword	8	Everguild/FX/Extra Color, Universal Render Pipeline/Particles/Unlit	否	OK
Basic_army_UM_Chant	7	Everguild/FX/Extra Color, Universal Render Pipeline/Particles/Unlit	否	OK
Basic_army_UM_chaplain	8	Everguild/FX/Extra Color, Universal Render Pipeline/Particles/Unlit	否	OK
Basic_army_UM_Guilliman	13	Everguild/FX/Extra Color, Everguild/FX/Particle Distortion Affect Transparents, Universal Render Pipeline/Particles/Unlit, WarpforgeVFX/Particles/Extra Color	否	OK
Basic_army_UM_Hammer	9	Everguild/FX/Extra Color, Everguild/FX/Particle Distortion Affect Transparents, Universal Render Pipeline/Particles/Unlit	否	OK
Basic_army_UM_Pre-Effect	6	Everguild/FX/Extra Color, Universal Render Pipeline/Particles/Unlit, WarpforgeVFX/Particles/Extra Color	否	OK
Basic_army_UM_quick	6	Everguild/FX/Extra Color, Universal Render Pipeline/Particles/Unlit	否	OK
BeastSnagga_Summon	8	Everguild/Matcap/Matcap Full Options, Universal Render Pipeline/Particles/Unlit	否	OK
BigKrumpaKlawEffect	10	Mobile/Particles/Alpha Blended, Mobile/Particles/Multiply, Universal Render Pipeline/Particles/Unlit	否	OK
Birth of a Saga	6	Everguild/Matcap/Matcap Full Options, Mobile/Particles/Additive, Universal Render Pipeline/Particles/Unlit	否	OK
BlackCrusade_Battleground	7	Everguild/FX/Particle Distortion Affect Transparents, Everguild/Matcap/Matcap Full Options, Mobile/Particles/Alpha Blended, Universal Render Pipeline/Particles/Unlit	否	OK
BlackCrusade_Battleground repeat	8	Everguild/FX/Particle Distortion Affect Transparents, Everguild/Matcap/Matcap Full Options, Mobile/Particles/Alpha Blended, Universal Render Pipeline/Particles/Unlit	否	OK
Blacksword_Missile_offscreen	22	Everguild/FX/Extra Color, Everguild/FX/Particle Distortion Affect Transparents, Everguild/Matcap/Matcap Full Options, Mobile/Particles/Additive, Mobile/Particles/Alpha Blended, Universal Render Pipeline/Particles/Unlit, WarpforgeVFX/Particles/Extra Color	否	OK
Blacksword_Missile_volley	19	Everguild/FX/Extra Color, Everguild/FX/Particle Distortion Affect Transparents, Everguild/Matcap/Matcap Full Options, Mobile/Particles/Additive, Mobile/Particles/Alpha Blended, Universal Render Pipeline/Particles/Unlit, WarpforgeVFX/Particles/Extra Color	否	OK
Blast_Big_Ork	11	Everguild/FX/Extra Color, Everguild/Matcap/Matcap With Texture, Mobile/Particles/Additive, Universal Render Pipeline/Particles/Unlit	否	OK
Blast_Big_Ork_Missiles	16	Everguild/FX/Extra Color, Everguild/Matcap/Matcap With Texture, Mobile/Particles/Additive, Universal Render Pipeline/Particles/Unlit	否	OK
Blast_Plasma	18	Everguild/FX/Extra Color, Everguild/FX/Particle Distortion Affect Transparents, Legacy Shaders/Particles/Additive, Universal Render Pipeline/Lit, Universal Render Pipeline/Particles/Unlit, WarpforgeVFX/Particles/Extra Color	否	OK
Blast_Plasma_Helbrute	22	Everguild/FX/Extra Color, Everguild/FX/Particle Distortion Affect Transparents, Legacy Shaders/Particles/Additive, Universal Render Pipeline/Particles/Unlit, WarpforgeVFX/Particles/Extra Color	否	OK
Blast_Plasma_MegaBlasta	21	Everguild/FX/Extra Color, Everguild/FX/Particle Distortion Affect Transparents, Legacy Shaders/Particles/Additive, Universal Render Pipeline/Particles/Unlit, WarpforgeVFX/Particles/Extra Color	否	OK
Blast_Plasma_Sentinel	23	Everguild/FX/Extra Color, Everguild/FX/Particle Distortion Affect Transparents, Legacy Shaders/Particles/Additive, Universal Render Pipeline/Particles/Unlit, WarpforgeVFX/Particles/Extra Color	否	OK
Blast_Plasma_Sentinel_twinlink	23	Everguild/FX/Extra Color, Everguild/FX/Particle Distortion Affect Transparents, Legacy Shaders/Particles/Additive, Universal Render Pipeline/Particles/Unlit, WarpforgeVFX/Particles/Extra Color	否	OK
BlastEffect	7	Shader Graphs/Fx_ParticleDissolve_apb, Shader Graphs/Fx_RockDissolve, Sprites/Default, Sprites/Mask, Universal Render Pipeline/Particles/Unlit	否	OK
Blind_continuous_effect	3	Mobile/Particles/Additive, Universal Render Pipeline/Particles/Unlit	否	OK
BlindEffect	7	Sprites/Default, Sprites/Mask, Universal Render Pipeline/Particles/Unlit	否	OK
BloodThirstEffect	7	Mobile/Particles/Additive, Sprites/Default, Sprites/Mask, Universal Render Pipeline/Particles/Unlit	否	OK
BloodThirstEffect_continuous	5	Mobile/Particles/Additive, Sprites/Default, Sprites/Mask, Universal Render Pipeline/Particles/Unlit	否	OK
BloodThirstEffect_Gain	9	Everguild/FX/Extra Color, Everguild/FX/Particle Shine Custom Vertex Streams, Mobile/Particles/Additive, Sprites/Default, Sprites/Mask, Universal Render Pipeline/Particles/Unlit	否	OK
BloodThirstEffect_Idle	5	Mobile/Particles/Additive, Sprites/Default, Sprites/Mask, Universal Render Pipeline/Particles/Unlit	否	OK
BloodThirstEffect_Lose	5	Mobile/Particles/Additive, Sprites/Default, Sprites/Mask, Universal Render Pipeline/Particles/Unlit	否	OK
BloodySplash	3	Mobile/Particles/Multiply, Universal Render Pipeline/Particles/Unlit	否	OK
BlueSummonCircle	7	Mobile/Particles/Additive, Mobile/Particles/Alpha Blended, Universal Render Pipeline/Particles/Unlit	否	OK
Bolter Casing_Imperial	1	Everguild/Matcap/Matcap With Texture	否	OK
Bolter Casing_Orks	1	Everguild/Matcap/Matcap With Texture	否	OK
Bolter Casing_Traitor	1	Everguild/Matcap/Matcap With Texture	否	OK
BolterSweep	10	Everguild/Matcap/Matcap With Texture, Mobile/Particles/Additive, Universal Render Pipeline/Particles/Unlit	否	OK
BolterSweep_2	14	Everguild/FX/Extra Color, Everguild/Matcap/Matcap With Texture, Mobile/Particles/Additive, Universal Render Pipeline/Particles/Unlit, WarpforgeVFX/Particles/Extra Color	否	OK
Bore Through	6	Everguild/FX/Extra Color, Universal Render Pipeline/Particles/Unlit	否	OK
Bore Through Intense	5	Everguild/FX/Extra Color, Universal Render Pipeline/Particles/Unlit	否	OK
Buff EC On Warlord When Creating Card	12	Everguild/FX/Extra Color, Mobile/Particles/Additive, Sprites/Default, Sprites/Mask, Universal Render Pipeline/Particles/Unlit, WarpforgeVFX/Particles/Extra Color	否	OK
Buff EC Pink Twirl	13	Everguild/FX/Extra Color, Mobile/Particles/Additive, Mobile/Particles/Alpha Blended, Sprites/Default, Sprites/Mask, Universal Render Pipeline/Particles/Unlit, WarpforgeVFX/Particles/Extra Color	否	OK
Buff EC Pink Twirl Intense	15	Everguild/FX/Extra Color, Mobile/Particles/Additive, Mobile/Particles/Alpha Blended, Sprites/Default, Sprites/Mask, Universal Render Pipeline/Particles/Unlit, WarpforgeVFX/Particles/Extra Color	否	OK
Buff EC Stimulate	13	Everguild/FX/Extra Color, Mobile/Particles/Additive, Sprites/Default, Sprites/Mask, Universal Render Pipeline/Particles/Unlit, WarpforgeVFX/Particles/Extra Color	否	OK
Buff EC Stimulate passive	4	Sprites/Default, Sprites/Mask, Universal Render Pipeline/Particles/Unlit	否	OK
Buff_BL_Intense	7	Everguild/FX/Extra Color, Universal Render Pipeline/Particles/Unlit	否	OK
Buff_Blue	4	Universal Render Pipeline/Particles/Unlit	否	OK
Buff_Blue_SW	5	Everguild/FX/Extra Color, Mobile/Particles/Additive, Universal Render Pipeline/Particles/Unlit	否	OK
Buff_Blue_SW_Intense	7	Everguild/FX/Extra Color, Mobile/Particles/Additive, Universal Render Pipeline/Particles/Unlit	否	OK
Buff_Blue_SW_Wolf	5	Everguild/FX/Extra Color, Mobile/Particles/Additive, Universal Render Pipeline/Particles/Unlit	否	OK
Buff_Blue_Tau	6	Everguild/FX/Alpha Mask One Layer, Everguild/FX/Extra Color, Universal Render Pipeline/Particles/Unlit	否	OK
Buff_Blue_Tau_quick	4	Everguild/FX/Extra Color, Universal Render Pipeline/Particles/Unlit	否	OK
Buff_Chaos_Star	10	Everguild/FX/Extra Color, Universal Render Pipeline/Particles/Unlit	否	OK
Buff_DA_Forest_Self	7	Everguild/FX/Extra Color, Everguild/FX/Spiral Trail FX, Universal Render Pipeline/Particles/Unlit	是	OK
Buff_DA_Forest_Target	6	Everguild/FX/Extra Color, Universal Render Pipeline/Particles/Unlit	否	OK
Buff_DaemonicFrenzy	7	Universal Render Pipeline/Particles/Unlit	否	OK
Buff_DaemonicPact	9	Mobile/Particles/Alpha Blended, Universal Render Pipeline/Particles/Unlit, WarpforgeVFX/Particles/Extra Color	否	OK
Buff_DaemonicPact_troop	5	Universal Render Pipeline/Particles/Unlit	否	OK
Buff_DarkOratory	7	Everguild/FX/Extra Color, Universal Render Pipeline/Particles/Unlit	否	OK
Buff_DiabolicStrength	6	Universal Render Pipeline/Particles/Unlit	否	OK
Buff_Drach'nyen	8	Everguild/FX/Extra Color, Universal Render Pipeline/Particles/Unlit	否	OK
Buff_Eldar_Warp Spider	10	Everguild/FX/Extra Color, Mobile/Particles/Additive, Universal Render Pipeline/Particles/Unlit, WarpforgeVFX/Particles/Extra Color	否	OK
Buff_Eldar_Warp Spider_intense	9	Everguild/FX/Extra Color, Mobile/Particles/Additive, Universal Render Pipeline/Particles/Unlit	否	OK
Buff_EnemyHand_GSC	4	Everguild/FX/Extra Color, Universal Render Pipeline/Particles/Unlit	否	OK
Buff_Flies	3	Universal Render Pipeline/Particles/Unlit	否	OK
Buff_FriendlyHand_GSC	4	Everguild/FX/Extra Color, Universal Render Pipeline/Particles/Unlit	否	OK
Buff_Green	6	Everguild/FX/Extra Color, Universal Render Pipeline/Particles/Unlit, WarpforgeVFX/Particles/Extra Color	否	OK
Buff_Green_Agenda	9	Everguild/FX/Extra Color, Mobile/Particles/Additive, Universal Render Pipeline/Particles/Unlit, WarpforgeVFX/Particles/Extra Color	否	OK
Buff_Green_DA	11	Everguild/FX/Extra Color, Mobile/Particles/Additive, Universal Render Pipeline/Particles/Unlit, WarpforgeVFX/Particles/Extra Color	否	OK
Buff_Green_Intense	6	Everguild/FX/Extra Color, Universal Render Pipeline/Particles/Unlit, WarpforgeVFX/Particles/Extra Color	否	OK
Buff_GSC	7	Everguild/FX/Extra Color, Universal Render Pipeline/Particles/Unlit, WarpforgeVFX/Particles/Extra Color	否	OK
Buff_Hand_1	3	Universal Render Pipeline/Particles/Unlit	否	OK
Buff_Hand_UM	4	Everguild/FX/Extra Color, Universal Render Pipeline/Particles/Unlit	否	OK
Buff_HideousMutation	8	Universal Render Pipeline/Particles/Unlit	否	OK
Buff_HideousMutation_EC	7	Everguild/Matcap/Matcap Full Options, Universal Render Pipeline/Particles/Unlit	否	OK
Buff_HideousMutation_rage	8	Universal Render Pipeline/Particles/Unlit	否	OK
Buff_LegacyOfVengeance	8	Everguild/FX/Extra Color, Universal Render Pipeline/Particles/Unlit	否	OK
Buff_Mana	6	Everguild/FX/Extra Color, Universal Render Pipeline/Particles/Unlit, WarpforgeVFX/Particles/Extra Color	否	OK
Buff_Mana_2	4	Everguild/FX/Extra Color, Universal Render Pipeline/Particles/Unlit, WarpforgeVFX/Particles/Extra Color	否	OK
Buff_Mana_3 Holy	5	Everguild/FX/Extra Color, Universal Render Pipeline/Particles/Unlit, WarpforgeVFX/Particles/Extra Color	否	OK
Buff_Mana_Blood	7	Everguild/FX/Extra Color, Universal Render Pipeline/Particles/Unlit, WarpforgeVFX/Particles/Extra Color	否	OK
Buff_MarkOfKhorne	5	Universal Render Pipeline/Particles/Unlit	否	OK
Buff_MarkOfNurgle	9	Mobile/Particles/Alpha Blended, Universal Render Pipeline/Particles/Unlit	否	OK
Buff_MarkOfSlaanesh	12	Mobile/Particles/Additive, Mobile/Particles/Alpha Blended, Universal Render Pipeline/Particles/Unlit, WarpforgeVFX/Particles/Extra Color	否	OK
Buff_MarkOfTzeentch	8	Everguild/FX/Extra Color, Mobile/Particles/Additive, Universal Render Pipeline/Particles/Unlit, WarpforgeVFX/Particles/Extra Color	否	OK
Buff_Orange	4	Universal Render Pipeline/Particles/Unlit	否	OK
Buff_Ork_Mek	11	Everguild/FX/Extra Color, Mobile/Particles/Additive, Sprites/Default, Sprites/Mask, Universal Render Pipeline/Particles/Unlit	否	OK
Buff_Purple	5	Universal Render Pipeline/Particles/Unlit	否	OK
Buff_Red	4	Universal Render Pipeline/Particles/Unlit	否	OK
Buff_Red_Intense	6	Everguild/FX/Extra Color, Universal Render Pipeline/Particles/Unlit, WarpforgeVFX/Particles/Extra Color	否	OK
Buff_Red_ork	5	Mobile/Particles/Additive, Universal Render Pipeline/Particles/Unlit	否	OK
Buff_Sautekh_Intense	7	Everguild/FX/Extra Color, Universal Render Pipeline/Particles/Unlit	否	OK
Buff_Sororitas	8	Everguild/FX/Extra Color, Universal Render Pipeline/Particles/Unlit, WarpforgeVFX/Particles/Extra Color	否	OK
Buff_Sororitas_Intense	6	Everguild/FX/Extra Color, Universal Render Pipeline/Particles/Unlit	否	OK
Buff_Sororitas_quick	6	Everguild/FX/Extra Color, Universal Render Pipeline/Particles/Unlit, WarpforgeVFX/Particles/Extra Color	否	OK
Buff_Sororitas_quick_fire	7	Everguild/FX/Alpha Masks Two Layer, Everguild/FX/Extra Color, Mobile/Particles/Additive, Universal Render Pipeline/Particles/Unlit, WarpforgeVFX/Particles/Extra Color	否	OK
Buff_Sororitas_quick_fire_intense	7	Everguild/FX/Alpha Masks Two Layer, Everguild/FX/Extra Color, Mobile/Particles/Additive, Universal Render Pipeline/Particles/Unlit, WarpforgeVFX/Particles/Extra Color	否	OK
Buff_SW_Blizzard	8	Everguild/FX/Alpha Mask One Layer, Everguild/FX/Extra Color, Mobile/Particles/Additive, Universal Render Pipeline/Particles/Unlit, WarpforgeVFX/Particles/Extra Color	否	OK
Buff_SW_Blizzard_Board	8	Everguild/FX/Alpha Mask One Layer, Everguild/FX/Extra Color, Mobile/Particles/Additive, Universal Render Pipeline/Particles/Unlit, WarpforgeVFX/Particles/Extra Color	否	OK
Buff_SW_Lightning	10	Everguild/FX/Extra Color, Everguild/Matcap/Matcap Full Options, Universal Render Pipeline/Particles/Unlit	否	OK
Buff_SW_Lightning_quick	9	Everguild/FX/Extra Color, Everguild/Matcap/Matcap Full Options, Universal Render Pipeline/Particles/Unlit	否	OK
Buff_SW_Rune_Blizzard	10	Everguild/FX/Extra Color, Everguild/FX/Particle Dissolve Mask, Mobile/Particles/Additive, Universal Render Pipeline/Particles/Unlit, WarpforgeVFX/Particles/Extra Color	否	OK
Buff_SW_Rune_Lightning	10	Everguild/FX/Extra Color, Everguild/FX/Particle Dissolve Mask, Mobile/Particles/Additive, Universal Render Pipeline/Particles/Unlit, WarpforgeVFX/Particles/Extra Color	否	OK
Buff_SW_Rune_Tornado	10	Everguild/FX/Extra Color, Everguild/FX/Particle Dissolve Mask, Mobile/Particles/Additive, Universal Render Pipeline/Particles/Unlit, WarpforgeVFX/Particles/Extra Color	否	OK
Buff_SW_Runes 1	8	Everguild/FX/Extra Color, Everguild/FX/Particle Dissolve Mask, Universal Render Pipeline/Particles/Unlit, WarpforgeVFX/Particles/Extra Color	否	OK
Buff_SW_Runes_Blizzard OLD	15	Everguild/FX/Extra Color, Everguild/FX/Particle Dissolve Mask, Mobile/Particles/Additive, Universal Render Pipeline/Particles/Unlit, WarpforgeVFX/Particles/Extra Color	否	OK
Buff_Tau_Air	5	Everguild/FX/Extra Color, Universal Render Pipeline/Particles/Unlit	否	OK
Buff_Tau_Earth	5	Everguild/FX/Extra Color, Universal Render Pipeline/Particles/Unlit	否	OK
Buff_Tau_Fire	5	Everguild/FX/Extra Color, Universal Render Pipeline/Particles/Unlit	否	OK
Buff_Tau_GrislyFeast	5	Universal Render Pipeline/Particles/Unlit	否	OK
Buff_Tau_Intense	5	Everguild/FX/Extra Color, Universal Render Pipeline/Particles/Unlit	否	OK
Buff_Tau_Kroot	4	Everguild/FX/Extra Color, Universal Render Pipeline/Particles/Unlit	否	OK
Buff_Tau_Kroot_FriendlyBoard	6	Everguild/FX/Extra Color, Everguild/FX/Particle Distortion Affect Transparents, Universal Render Pipeline/Particles/Unlit	否	OK
Buff_Tau_Kroot_intense	7	Everguild/FX/Extra Color, Universal Render Pipeline/Particles/Unlit, WarpforgeVFX/Particles/Extra Color	否	OK
Buff_Tau_Water	5	Everguild/FX/Extra Color, Universal Render Pipeline/Particles/Unlit	否	OK
Buff_Tyranid	7	Everguild/Matcap/Matcap With Texture, Universal Render Pipeline/Particles/Unlit	否	OK
Buff_Tyranid Armor	9	Everguild/Matcap/Matcap With Texture, Universal Render Pipeline/Particles/Unlit	否	OK
Buff_Tyranid Atk	7	Everguild/Matcap/Matcap With Texture, Universal Render Pipeline/Particles/Unlit	否	OK
Buff_Tyranid HP	7	Everguild/Matcap/Matcap With Texture, Universal Render Pipeline/Particles/Unlit	否	OK
Buff_UM_Intense	8	Everguild/FX/Extra Color, Universal Render Pipeline/Particles/Unlit, WarpforgeVFX/Particles/Extra Color	否	OK
BulletImpact_1hit_trail_ork	13	Everguild/FX/Extra Color, Mobile/Particles/Additive, Universal Render Pipeline/Particles/Unlit, WarpforgeVFX/Particles/Extra Color	否	OK
BulletImpact_1shot	3	Universal Render Pipeline/Particles/Unlit	否	OK
BulletImpact_1shot_pointblank	7	Everguild/FX/Extra Color, Mobile/Particles/Additive, Universal Render Pipeline/Particles/Unlit	否	OK
BulletImpact_1shot_random_chaos	14	Everguild/FX/Extra Color, Everguild/FX/Rays For Trail, Everguild/Matcap/Matcap With Texture, Mobile/Particles/Additive, Mobile/Particles/Alpha Blended, Universal Render Pipeline/Particles/Unlit	是	OK
BulletImpact_1shot_random_EC	13	Everguild/FX/Extra Color, Everguild/FX/Rays For Trail, Everguild/Matcap/Matcap With Texture, Mobile/Particles/Additive, Mobile/Particles/Alpha Blended, Universal Render Pipeline/Particles/Unlit	是	OK
BulletImpact_1shot_trail	12	Everguild/FX/Extra Color, Everguild/Matcap/Matcap With Texture, Mobile/Particles/Additive, Universal Render Pipeline/Particles/Unlit, WarpforgeVFX/Particles/Extra Color	否	OK
BulletImpact_1shot_trail_EC Daemon	11	Everguild/FX/Extra Color, Mobile/Particles/Additive, Mobile/Particles/Alpha Blended, Universal Render Pipeline/Particles/Unlit, WarpforgeVFX/Particles/Extra Color	否	OK
BulletImpact_1shotSniper	7	Everguild/FX/Extra Color, Mobile/Particles/Additive, Universal Render Pipeline/Particles/Unlit	否	OK
BulletImpact_1shotSniper_trail	15	Everguild/FX/Extra Color, Everguild/FX/Particle Distortion Affect Transparents, Everguild/Matcap/Matcap With Texture, Mobile/Particles/Additive, Universal Render Pipeline/Particles/Unlit, WarpforgeVFX/Particles/Extra Color	否	OK
BulletImpact_2shot	6	Everguild/FX/Extra Color, Mobile/Particles/Additive, Universal Render Pipeline/Particles/Unlit	否	OK
BulletImpact_2shot_autocannon	15	Everguild/FX/Extra Color, Everguild/Matcap/Matcap With Texture, Mobile/Particles/Additive, Universal Render Pipeline/Particles/Unlit, WarpforgeVFX/Particles/Extra Color	否	OK
BulletImpact_2shot_ork	6	Everguild/FX/Extra Color, Mobile/Particles/Additive, Universal Render Pipeline/Particles/Unlit	否	OK
BulletImpact_2shot_pointblank_chaos	6	Mobile/Particles/Additive, Universal Render Pipeline/Particles/Unlit	否	OK
BulletImpact_2shot_pointblank_EC	6	Mobile/Particles/Additive, Universal Render Pipeline/Particles/Unlit	否	OK
BulletImpact_2shot_Titus_AA	11	Everguild/FX/Extra Color, Everguild/Matcap/Matcap With Texture, Mobile/Particles/Additive, Universal Render Pipeline/Particles/Unlit, WarpforgeVFX/Particles/Extra Color	否	OK
BulletImpact_2shot_trail	14	Everguild/FX/Extra Color, Everguild/Matcap/Matcap With Texture, Mobile/Particles/Additive, Universal Render Pipeline/Particles/Unlit, WarpforgeVFX/Particles/Extra Color	否	OK
BulletImpact_2shot_trail_chaos	13	Everguild/FX/Extra Color, Everguild/FX/Rays For Trail, Everguild/Matcap/Matcap With Texture, Mobile/Particles/Additive, Mobile/Particles/Alpha Blended, Universal Render Pipeline/Particles/Unlit	是	OK
BulletImpact_2shot_trail_EC	13	Everguild/FX/Extra Color, Everguild/FX/Rays For Trail, Everguild/Matcap/Matcap With Texture, Mobile/Particles/Additive, Mobile/Particles/Alpha Blended, Universal Render Pipeline/Particles/Unlit	是	OK
BulletImpact_2shot_trail_EC Daemon	11	Everguild/FX/Extra Color, Mobile/Particles/Additive, Mobile/Particles/Alpha Blended, Universal Render Pipeline/Particles/Unlit, WarpforgeVFX/Particles/Extra Color	否	OK
BulletImpact_2shot_trail_nurgle	14	Everguild/FX/Extra Color, Everguild/FX/Rays For Trail, Everguild/Matcap/Matcap With Texture, Mobile/Particles/Additive, Mobile/Particles/Alpha Blended, Universal Render Pipeline/Particles/Unlit	是	OK
BulletImpact_2shot_trail_ork_NEW	13	Everguild/FX/Extra Color, Everguild/Matcap/Matcap With Texture, Mobile/Particles/Additive, Universal Render Pipeline/Particles/Unlit, WarpforgeVFX/Particles/Extra Color	否	OK
BulletImpact_2shot_trail_twinlink	14	Everguild/FX/Extra Color, Everguild/Matcap/Matcap With Texture, Mobile/Particles/Additive, Universal Render Pipeline/Particles/Unlit, WarpforgeVFX/Particles/Extra Color	否	OK
BulletImpact_3shot	6	Everguild/FX/Extra Color, Mobile/Particles/Additive, Universal Render Pipeline/Particles/Unlit	否	OK
BulletImpact_3shot_pointblank	7	Everguild/FX/Extra Color, Mobile/Particles/Additive, Universal Render Pipeline/Particles/Unlit	否	OK
BulletImpact_3shot_trail	14	Everguild/FX/Extra Color, Everguild/Matcap/Matcap With Texture, Mobile/Particles/Additive, Universal Render Pipeline/Particles/Unlit, WarpforgeVFX/Particles/Extra Color	否	OK
BulletImpact_3shot_trail_chaos	13	Everguild/FX/Extra Color, Everguild/FX/Rays For Trail, Everguild/Matcap/Matcap With Texture, Mobile/Particles/Additive, Mobile/Particles/Alpha Blended, Universal Render Pipeline/Particles/Unlit	是	OK
BulletImpact_3shot_trail_EC	13	Everguild/FX/Extra Color, Everguild/FX/Rays For Trail, Everguild/Matcap/Matcap With Texture, Mobile/Particles/Additive, Mobile/Particles/Alpha Blended, Universal Render Pipeline/Particles/Unlit	是	OK
BulletImpact_3shot_trail_ork	13	Everguild/FX/Extra Color, Everguild/Matcap/Matcap With Texture, Mobile/Particles/Additive, Universal Render Pipeline/Particles/Unlit, WarpforgeVFX/Particles/Extra Color	否	OK
BulletImpact_4shot	6	Everguild/FX/Extra Color, Mobile/Particles/Additive, Universal Render Pipeline/Particles/Unlit	否	OK
BulletImpact_4shot_trail	14	Everguild/FX/Extra Color, Everguild/Matcap/Matcap With Texture, Mobile/Particles/Additive, Universal Render Pipeline/Particles/Unlit, WarpforgeVFX/Particles/Extra Color	否	OK
BulletImpact_4shot_trail_chaos	13	Everguild/FX/Extra Color, Everguild/FX/Rays For Trail, Everguild/Matcap/Matcap With Texture, Mobile/Particles/Additive, Mobile/Particles/Alpha Blended, Universal Render Pipeline/Particles/Unlit	是	OK
BulletImpact_4shot_trail_EC	13	Everguild/FX/Extra Color, Everguild/FX/Rays For Trail, Everguild/Matcap/Matcap With Texture, Mobile/Particles/Additive, Mobile/Particles/Alpha Blended, Universal Render Pipeline/Particles/Unlit	是	OK
BulletImpact_4shot_trail_nurgle	14	Everguild/FX/Extra Color, Everguild/FX/Rays For Trail, Everguild/Matcap/Matcap With Texture, Mobile/Particles/Additive, Mobile/Particles/Alpha Blended, Universal Render Pipeline/Particles/Unlit	是	OK
BulletImpact_4shot_trail_twinlink	14	Everguild/FX/Extra Color, Everguild/Matcap/Matcap With Texture, Mobile/Particles/Additive, Universal Render Pipeline/Particles/Unlit, WarpforgeVFX/Particles/Extra Color	否	OK
BulletImpact_5shot	6	Everguild/FX/Extra Color, Mobile/Particles/Additive, Universal Render Pipeline/Particles/Unlit	否	OK
BulletImpact_5shot_trail	14	Everguild/FX/Extra Color, Everguild/Matcap/Matcap With Texture, Mobile/Particles/Additive, Universal Render Pipeline/Particles/Unlit, WarpforgeVFX/Particles/Extra Color	否	OK
BulletImpact_5shot_trail_chaos	13	Everguild/FX/Extra Color, Everguild/FX/Rays For Trail, Everguild/Matcap/Matcap With Texture, Mobile/Particles/Additive, Mobile/Particles/Alpha Blended, Universal Render Pipeline/Particles/Unlit	是	OK
BulletImpact_5shot_trail_EC	13	Everguild/FX/Extra Color, Everguild/FX/Rays For Trail, Everguild/Matcap/Matcap With Texture, Mobile/Particles/Additive, Mobile/Particles/Alpha Blended, Universal Render Pipeline/Particles/Unlit	是	OK
BulletImpact_5shot_trail_ork	13	Everguild/FX/Extra Color, Everguild/Matcap/Matcap With Texture, Mobile/Particles/Additive, Universal Render Pipeline/Particles/Unlit, WarpforgeVFX/Particles/Extra Color	否	OK
BulletImpact_5shot_trail_ork_low	13	Everguild/FX/Extra Color, Everguild/Matcap/Matcap With Texture, Mobile/Particles/Additive, Universal Render Pipeline/Particles/Unlit, WarpforgeVFX/Particles/Extra Color	否	OK
BulletImpact_6shot_autocannon_EC	16	Everguild/FX/Extra Color, Everguild/Matcap/Matcap With Texture, Legacy Shaders/Particles/Alpha Blended Premultiply, Mobile/Particles/Additive, Universal Render Pipeline/Particles/Unlit	否	OK
BulletImpact_6shot_trail_EC Daemon	11	Everguild/FX/Extra Color, Mobile/Particles/Additive, Mobile/Particles/Alpha Blended, Universal Render Pipeline/Particles/Unlit, WarpforgeVFX/Particles/Extra Color	否	OK
BulletImpact_9shot	5	Legacy Shaders/Particles/Alpha Blended Premultiply, Universal Render Pipeline/Particles/Unlit	否	OK
BulletImpact_9shot_trail	17	Everguild/FX/Extra Color, Everguild/Matcap/Matcap With Texture, Legacy Shaders/Particles/Alpha Blended Premultiply, Mobile/Particles/Additive, Universal Render Pipeline/Particles/Unlit, WarpforgeVFX/Particles/Extra Color	否	OK
BulletImpact_9shot_trail_chaos	15	Everguild/FX/Extra Color, Everguild/FX/Rays For Trail, Everguild/Matcap/Matcap With Texture, Legacy Shaders/Particles/Alpha Blended Premultiply, Mobile/Particles/Additive, Universal Render Pipeline/Particles/Unlit	是	OK
BulletImpact_9shot_trail_EC	15	Everguild/FX/Extra Color, Everguild/FX/Rays For Trail, Everguild/Matcap/Matcap With Texture, Legacy Shaders/Particles/Alpha Blended Premultiply, Mobile/Particles/Additive, Universal Render Pipeline/Particles/Unlit	是	OK
BulletImpact_9shot_trail_EC_twinlink	14	Everguild/FX/Extra Color, Everguild/Matcap/Matcap With Texture, Legacy Shaders/Particles/Alpha Blended Premultiply, Mobile/Particles/Additive, Universal Render Pipeline/Particles/Unlit	否	OK
BulletImpact_Abaddon_AA_StormBolter	17	Everguild/FX/Extra Color, Everguild/Matcap/Matcap With Texture, Mobile/Particles/Additive, Universal Render Pipeline/Particles/Unlit, WarpforgeVFX/Particles/Extra Color	否	OK
BulletImpact_AcidSpit	6	Everguild/FX/Extra Color, Universal Render Pipeline/Particles/Unlit	否	OK
BulletImpact_artillery_1shot	18	Everguild/FX/Extra Color, Everguild/FX/Particle Distortion Affect Transparents, Everguild/Matcap/Matcap Full Options, Mobile/Particles/Additive, Mobile/Particles/Alpha Blended, Universal Render Pipeline/Particles/Unlit, WarpforgeVFX/Particles/Extra Color	否	OK
BulletImpact_artillery_arc	16	Everguild/FX/Extra Color, Everguild/FX/Particle Distortion Affect Transparents, Everguild/Matcap/Matcap Full Options, Mobile/Particles/Alpha Blended, Universal Render Pipeline/Particles/Unlit, WarpforgeVFX/Particles/Extra Color	否	OK
BulletImpact_artillery_big	16	Everguild/FX/Extra Color, Everguild/FX/Particle Distortion Affect Transparents, Everguild/Matcap/Matcap Full Options, Mobile/Particles/Alpha Blended, Universal Render Pipeline/Particles/Unlit, WarpforgeVFX/Particles/Extra Color	否	OK
BulletImpact_artillery_manticore	18	Everguild/FX/Extra Color, Everguild/FX/Particle Distortion Affect Transparents, Everguild/Matcap/Matcap Full Options, Mobile/Particles/Additive, Mobile/Particles/Alpha Blended, Universal Render Pipeline/Particles/Unlit, WarpforgeVFX/Particles/Extra Color	否	OK
BulletImpact_artillery_manticore_spread	18	Everguild/FX/Extra Color, Everguild/FX/Particle Distortion Affect Transparents, Everguild/Matcap/Matcap Full Options, Mobile/Particles/Additive, Mobile/Particles/Alpha Blended, Universal Render Pipeline/Particles/Unlit, WarpforgeVFX/Particles/Extra Color	否	OK
BulletImpact_autocannon	15	Everguild/FX/Extra Color, Everguild/Matcap/Matcap With Texture, Mobile/Particles/Additive, Universal Render Pipeline/Particles/Unlit, WarpforgeVFX/Particles/Extra Color	否	OK
BulletImpact_autocannon_Firestrike	12	Everguild/FX/Extra Color, Everguild/FX/Particle Premultiply Greyscale Coloring, Mobile/Particles/Additive, Universal Render Pipeline/Particles/Unlit, WarpforgeVFX/Particles/Extra Color	否	OK
BulletImpact_autocannon_Hydra	14	Everguild/FX/Extra Color, Everguild/FX/Particle Premultiply Greyscale Coloring, Mobile/Particles/Additive, Universal Render Pipeline/Particles/Unlit, WarpforgeVFX/Particles/Extra Color	否	OK
BulletImpact_autocannon_rapid	15	Everguild/FX/Extra Color, Everguild/FX/Particle Premultiply Greyscale Coloring, Mobile/Particles/Additive, Universal Render Pipeline/Particles/Unlit, WarpforgeVFX/Particles/Extra Color	否	OK
BulletImpact_autogun_1shot	12	Everguild/FX/Extra Color, Everguild/Matcap/Matcap With Texture, Mobile/Particles/Additive, Universal Render Pipeline/Particles/Unlit, WarpforgeVFX/Particles/Extra Color	否	OK
BulletImpact_autogun_1shotSniper	16	Everguild/FX/Extra Color, Everguild/FX/Particle Distortion Affect Transparents, Everguild/Matcap/Matcap With Texture, Mobile/Particles/Additive, Universal Render Pipeline/Particles/Unlit, WarpforgeVFX/Particles/Extra Color	否	OK
BulletImpact_autogun_2shot	12	Everguild/FX/Extra Color, Everguild/Matcap/Matcap With Texture, Mobile/Particles/Additive, Universal Render Pipeline/Particles/Unlit, WarpforgeVFX/Particles/Extra Color	否	OK
BulletImpact_autogun_3shot	12	Everguild/FX/Extra Color, Everguild/Matcap/Matcap With Texture, Mobile/Particles/Additive, Universal Render Pipeline/Particles/Unlit, WarpforgeVFX/Particles/Extra Color	否	OK
BulletImpact_autogun_4shot	12	Everguild/FX/Extra Color, Everguild/Matcap/Matcap With Texture, Mobile/Particles/Additive, Universal Render Pipeline/Particles/Unlit, WarpforgeVFX/Particles/Extra Color	否	OK
BulletImpact_autogun_6shot	12	Everguild/FX/Extra Color, Everguild/Matcap/Matcap With Texture, Mobile/Particles/Additive, Universal Render Pipeline/Particles/Unlit, WarpforgeVFX/Particles/Extra Color	否	OK
BulletImpact_autogun_6shot_twinlink	12	Everguild/FX/Extra Color, Everguild/Matcap/Matcap With Texture, Mobile/Particles/Additive, Universal Render Pipeline/Particles/Unlit, WarpforgeVFX/Particles/Extra Color	否	OK
BulletImpact_autogun_8shot	12	Everguild/FX/Extra Color, Everguild/Matcap/Matcap With Texture, Mobile/Particles/Additive, Universal Render Pipeline/Particles/Unlit, WarpforgeVFX/Particles/Extra Color	否	OK
BulletImpact_autogun_Automatic	12	Everguild/FX/Extra Color, Everguild/Matcap/Matcap With Texture, Mobile/Particles/Additive, Universal Render Pipeline/Particles/Unlit, WarpforgeVFX/Particles/Extra Color	否	OK
BulletImpact_autogun_liberator_1shot	15	Everguild/FX/Extra Color, Everguild/FX/Particle Distortion Affect Transparents, Everguild/Matcap/Matcap With Texture, Mobile/Particles/Additive, Universal Render Pipeline/Particles/Unlit, WarpforgeVFX/Particles/Extra Color	否	OK
BulletImpact_autogun_liberator_repeat	15	Everguild/FX/Extra Color, Everguild/FX/Particle Distortion Affect Transparents, Everguild/Matcap/Matcap With Texture, Mobile/Particles/Additive, Universal Render Pipeline/Particles/Unlit, WarpforgeVFX/Particles/Extra Color	否	OK
BulletImpact_autogun_Shotgun	12	Everguild/FX/Extra Color, Mobile/Particles/Additive, Universal Render Pipeline/Particles/Unlit, WarpforgeVFX/Particles/Extra Color	否	OK
BulletImpact_Bolter_Large Area	14	Everguild/FX/Extra Color, Everguild/Matcap/Matcap With Texture, Mobile/Particles/Additive, Universal Render Pipeline/Particles/Unlit, WarpforgeVFX/Particles/Extra Color	否	OK
BulletImpact_Bolter_Wide Area	14	Everguild/FX/Extra Color, Everguild/Matcap/Matcap With Texture, Mobile/Particles/Additive, Universal Render Pipeline/Particles/Unlit, WarpforgeVFX/Particles/Extra Color	否	OK
BulletImpact_BulletHole	3	Everguild/FX/Extra Color, Universal Render Pipeline/Particles/Unlit	否	OK
BulletImpact_Chaos_Melta	12	Everguild/FX/Extra Color, Everguild/FX/Particle Distortion Affect Transparents, Universal Render Pipeline/Particles/Unlit, WarpforgeVFX/Particles/Extra Color	否	OK
BulletImpact_ChaosMissile	20	Everguild/FX/Extra Color, Everguild/FX/Particle Distortion Affect Transparents, Everguild/Matcap/Matcap Full Options, Mobile/Particles/Additive, Mobile/Particles/Alpha Blended, Universal Render Pipeline/Particles/Unlit, WarpforgeVFX/Particles/Extra Color	否	OK
BulletImpact_ChemVial	12	Everguild/FX/Extra Color, Everguild/Matcap/Matcap Full Options, GlassRefraction, Universal Render Pipeline/Particles/Unlit	是	OK
BulletImpact_Combi_Flamer_Infernus	8	Everguild/FX/Extra Color, Mobile/Particles/Additive, Universal Render Pipeline/Particles/Unlit	否	OK
BulletImpact_DA_MissileVolley_Ballistus	21	Everguild/FX/Extra Color, Everguild/FX/Particle Distortion Affect Transparents, Everguild/FX/Unlit UV scroll, Everguild/Matcap/Matcap Full Options, Mobile/Particles/Additive, Mobile/Particles/Alpha Blended, Universal Render Pipeline/Particles/Unlit, WarpforgeVFX/Particles/Extra Color	否	OK
BulletImpact_DCannon	14	Everguild/FX/Extra Color, Everguild/FX/Multi Ray, Mobile/Particles/Additive, Universal Render Pipeline/Particles/Unlit, WarpforgeVFX/Particles/Extra Color	否	OK
BulletImpact_DCannon_2	14	Everguild/FX/Extra Color, Mobile/Particles/Additive, Universal Render Pipeline/Particles/Unlit, WarpforgeVFX/Particles/Extra Color	否	OK
BulletImpact_DCannon_2_twinlink	14	Everguild/FX/Extra Color, Mobile/Particles/Additive, Universal Render Pipeline/Particles/Unlit, WarpforgeVFX/Particles/Extra Color	否	OK
BulletImpact_DCannon_twinlink	14	Everguild/FX/Extra Color, Everguild/FX/Multi Ray, Mobile/Particles/Additive, Universal Render Pipeline/Particles/Unlit, WarpforgeVFX/Particles/Extra Color	否	OK
BulletImpact_DeathSpinner	11	Everguild/FX/Extra Color, Everguild/FX/Multi Ray, Mobile/Particles/Additive, Universal Render Pipeline/Particles/Unlit, WarpforgeVFX/Particles/Extra Color	否	OK
BulletImpact_DeathSpinner Test	6	Everguild/FX/TrailShader_1, Universal Render Pipeline/Particles/Unlit, WarpforgeVFX/Particles/Extra Color	否	OK
BulletImpact_deathspinner_arc	15	Everguild/FX/Extra Color, Everguild/FX/TrailShader_1, Mobile/Particles/Additive, Shader Graphs/Doomweaver effect, Universal Render Pipeline/Particles/Unlit, WarpforgeVFX/Particles/Extra Color	否	OK
BulletImpact_deathspinner_arc_alt	13	Everguild/FX/Extra Color, Everguild/FX/TrailShader_1, Mobile/Particles/Additive, Shader Graphs/Doomweaver effect, Universal Render Pipeline/Particles/Unlit, WarpforgeVFX/Particles/Extra Color	否	OK
BulletImpact_DeathSpinner_spider	12	Everguild/FX/Extra Color, Mobile/Particles/Additive, UI/Additive, Universal Render Pipeline/Particles/Unlit, WarpforgeVFX/Particles/Extra Color	否	OK
BulletImpact_DeathSpinner_spider_twinlink	12	Everguild/FX/Extra Color, Mobile/Particles/Additive, UI/Additive, Universal Render Pipeline/Particles/Unlit, WarpforgeVFX/Particles/Extra Color	否	OK
BulletImpact_DeathSpinner_twinlink	11	Everguild/FX/Extra Color, Everguild/FX/Multi Ray, Mobile/Particles/Additive, Universal Render Pipeline/Particles/Unlit, WarpforgeVFX/Particles/Extra Color	否	OK
BulletImpact_DeathSpinner_twinlink_large	11	Everguild/FX/Extra Color, Mobile/Particles/Additive, Universal Render Pipeline/Particles/Unlit, WarpforgeVFX/Particles/Extra Color	否	OK
BulletImpact_DeathSpinner_twinlink_large parabolic	11	Everguild/FX/Extra Color, Mobile/Particles/Additive, Universal Render Pipeline/Particles/Unlit, WarpforgeVFX/Particles/Extra Color	否	OK
BulletImpact_DesolationMissile	18	Everguild/FX/Extra Color, Everguild/Matcap/Matcap Full Options, Mobile/Particles/Additive, Mobile/Particles/Alpha Blended, Universal Render Pipeline/Particles/Unlit, WarpforgeVFX/Particles/Extra Color	否	OK
BulletImpact_DesolationMissile_AOE	18	Everguild/FX/Extra Color, Everguild/Matcap/Matcap Full Options, Mobile/Particles/Additive, Mobile/Particles/Alpha Blended, Universal Render Pipeline/Particles/Unlit, WarpforgeVFX/Particles/Extra Color	否	OK
BulletImpact_DynamiteBundle_Throw	11	Everguild/FX/Extra Color, Everguild/Matcap/Matcap Full Options, Mobile/Particles/Additive, Mobile/Particles/Alpha Blended, Universal Render Pipeline/Particles/Unlit	否	OK
BulletImpact_Eldar_Lasblaster	13	Everguild/FX/Extra Color, Everguild/FX/Particle Distortion Affect Transparents, Mobile/Particles/Additive, Universal Render Pipeline/Particles/Unlit, WarpforgeVFX/Particles/Extra Color	否	OK
BulletImpact_Flamethrower_ClearanceIncinerator	7	Everguild/FX/Extra Color, Universal Render Pipeline/Particles/Unlit	否	OK
BulletImpact_Flamethrower_HandFlamer	8	Everguild/FX/Extra Color, Mobile/Particles/Additive, Universal Render Pipeline/Particles/Unlit	否	OK
BulletImpact_FlamethrowerSororitas	9	Everguild/FX/Extra Color, Mobile/Particles/Additive, Universal Render Pipeline/Particles/Unlit	否	OK
BulletImpact_FlamethrowerSororitas_long	8	Everguild/FX/Extra Color, Mobile/Particles/Additive, Universal Render Pipeline/Particles/Unlit	否	OK
BulletImpact_FlamethrowerSororitas_twinlink	9	Everguild/FX/Extra Color, Mobile/Particles/Additive, Universal Render Pipeline/Particles/Unlit	否	OK
BulletImpact_FusionGun	14	Everguild/FX/Extra Color, Mobile/Particles/Additive, Universal Render Pipeline/Particles/Unlit, WarpforgeVFX/Particles/Extra Color	否	OK
BulletImpact_gatling_1s	13	Everguild/FX/Extra Color, Everguild/Matcap/Matcap With Texture, Mobile/Particles/Additive, Universal Render Pipeline/Particles/Unlit, WarpforgeVFX/Particles/Extra Color	否	OK
BulletImpact_gatling_1s_invader	13	Everguild/FX/Extra Color, Everguild/Matcap/Matcap With Texture, Mobile/Particles/Additive, Universal Render Pipeline/Particles/Unlit, WarpforgeVFX/Particles/Extra Color	否	OK
BulletImpact_Ghazghkull_AA	15	Everguild/FX/Extra Color, Everguild/Matcap/Matcap With Texture, Mobile/Particles/Additive, Universal Render Pipeline/Particles/Unlit, WarpforgeVFX/Particles/Extra Color	否	OK
BulletImpact_Gordrang	13	Everguild/FX/Extra Color, Everguild/Matcap/Matcap With Texture, Mobile/Particles/Additive, Universal Render Pipeline/Particles/Unlit, WarpforgeVFX/Particles/Extra Color	否	OK
BulletImpact_Grenade_ThumpGun	15	Everguild/FX/Extra Color, Everguild/Matcap/Matcap Full Options, Mobile/Particles/Additive, Mobile/Particles/Alpha Blended, Universal Render Pipeline/Particles/Unlit	否	OK
BulletImpact_GrenadeLauncher	15	Everguild/FX/Extra Color, Everguild/Matcap/Matcap Full Options, Mobile/Particles/Additive, Mobile/Particles/Alpha Blended, Universal Render Pipeline/Particles/Unlit	否	OK
BulletImpact_GrenadierGauntlet	12	Everguild/FX/Extra Color, Everguild/FX/Particle Distortion Affect Transparents, Everguild/Matcap/Matcap Full Options, Mobile/Particles/Alpha Blended, Universal Render Pipeline/Particles/Unlit	否	OK
BulletImpact_Kroot_KrootGun OLD	11	Everguild/FX/Extra Color, Mobile/Particles/Additive, Universal Render Pipeline/Particles/Unlit, WarpforgeVFX/Particles/Extra Color	否	OK
BulletImpact_Kroot_KrootPistol	11	Everguild/FX/Extra Color, Mobile/Particles/Additive, Universal Render Pipeline/Particles/Unlit, WarpforgeVFX/Particles/Extra Color	否	OK
BulletImpact_Kroot_KrootRifle	11	Everguild/FX/Extra Color, Mobile/Particles/Additive, Universal Render Pipeline/Particles/Unlit, WarpforgeVFX/Particles/Extra Color	否	OK
BulletImpact_Kroot_KrootScattergun	11	Everguild/FX/Extra Color, Mobile/Particles/Additive, Universal Render Pipeline/Particles/Unlit, WarpforgeVFX/Particles/Extra Color	否	OK
BulletImpact_Kroot_RepeaterCannon	11	Everguild/FX/Extra Color, Mobile/Particles/Additive, Universal Render Pipeline/Particles/Unlit, WarpforgeVFX/Particles/Extra Color	否	OK
BulletImpact_Kroot_RepeaterCannon OLD	11	Everguild/FX/Extra Color, Mobile/Particles/Additive, Universal Render Pipeline/Particles/Unlit, WarpforgeVFX/Particles/Extra Color	否	OK
BulletImpact_Lascannon	17	Everguild/FX/Extra Color, Everguild/FX/Particle Premultiply Greyscale Coloring, Mobile/Particles/Additive, Universal Render Pipeline/Particles/Unlit, WarpforgeVFX/Particles/Extra Color	否	OK
BulletImpact_Lascannon_2shots	17	Everguild/FX/Extra Color, Everguild/FX/Particle Premultiply Greyscale Coloring, Mobile/Particles/Additive, Universal Render Pipeline/Particles/Unlit, WarpforgeVFX/Particles/Extra Color	否	OK
BulletImpact_Lascannon_twinlink	17	Everguild/FX/Extra Color, Everguild/FX/Particle Premultiply Greyscale Coloring, Mobile/Particles/Additive, Universal Render Pipeline/Particles/Unlit, WarpforgeVFX/Particles/Extra Color	否	OK
BulletImpact_Lascannon_twinlink_dread	17	Everguild/FX/Extra Color, Everguild/FX/Particle Premultiply Greyscale Coloring, Mobile/Particles/Additive, Universal Render Pipeline/Particles/Unlit, WarpforgeVFX/Particles/Extra Color	否	OK
BulletImpact_LongRifle_trail	11	Everguild/FX/Extra Color, Everguild/FX/Particle Distortion Affect Transparents, Mobile/Particles/Additive, Universal Render Pipeline/Particles/Unlit, WarpforgeVFX/Particles/Extra Color	否	OK
BulletImpact_MagicMissile_EC	15	Everguild/FX/Extra Color, Everguild/FX/Particle Distortion Affect Transparents, Mobile/Particles/Additive, Universal Render Pipeline/Particles/Unlit	否	OK
BulletImpact_MagicMissile_EC_Fire	15	Everguild/FX/Extra Color, Everguild/FX/Particle Distortion Affect Transparents, Mobile/Particles/Additive, Universal Render Pipeline/Particles/Unlit	否	OK
BulletImpact_MissileToTarget	17	Everguild/FX/Extra Color, Everguild/Matcap/Matcap Full Options, Mobile/Particles/Additive, Mobile/Particles/Alpha Blended, Universal Render Pipeline/Particles/Unlit	否	OK
BulletImpact_MissileToTarget_Orks	17	Everguild/FX/Extra Color, Mobile/Particles/Additive, Mobile/Particles/Alpha Blended, Universal Render Pipeline/Particles/Unlit	否	OK
BulletImpact_Morgrim	13	Everguild/FX/Extra Color, Everguild/Matcap/Matcap With Texture, Mobile/Particles/Additive, Universal Render Pipeline/Particles/Unlit, WarpforgeVFX/Particles/Extra Color	否	OK
BulletImpact_Needle gun_1shot	11	Everguild/FX/Extra Color, Mobile/Particles/Additive, Universal Render Pipeline/Particles/Unlit, WarpforgeVFX/Particles/Extra Color	否	OK
BulletImpact_noisemarine	12	Everguild/FX/Extra Color, Everguild/FX/Particle Distortion Affect Transparents, Mobile/Particles/Additive, Universal Render Pipeline/Particles/Unlit	否	OK
BulletImpact_Ork Heavy Lobba	18	Everguild/FX/Extra Color, Everguild/FX/Particle Distortion Affect Transparents, Everguild/FX/Particle Premultiply, Everguild/Matcap/Matcap Full Options, Mobile/Particles/Alpha Blended, Universal Render Pipeline/Particles/Unlit	否	OK
BulletImpact_Ork Missile Big	12	Everguild/FX/Extra Color, Everguild/FX/Particle Premultiply, Mobile/Particles/Alpha Blended, Universal Render Pipeline/Particles/Unlit	否	OK
BulletImpact_Ork Missiles 1	18	Everguild/FX/Extra Color, Mobile/Particles/Additive, Mobile/Particles/Alpha Blended, Universal Render Pipeline/Particles/Unlit, WarpforgeVFX/Particles/Extra Color	否	OK
BulletImpact_Ork Missiles 2	18	Everguild/FX/Extra Color, Mobile/Particles/Additive, Mobile/Particles/Alpha Blended, Universal Render Pipeline/Particles/Unlit, WarpforgeVFX/Particles/Extra Color	否	OK
BulletImpact_Ork Snakebite Squig Hook	16	Everguild/FX/Extra Color, Everguild/Matcap/Matcap Full Options, Mobile/Particles/Additive, Mobile/Particles/Alpha Blended, Universal Render Pipeline/Particles/Unlit, WarpforgeVFX/Particles/Extra Color	否	OK
BulletImpact_Psychophage	10	Everguild/FX/Extra Color, Everguild/FX/Particle Distortion Affect Transparents, Mobile/Particles/Additive, Mobile/Particles/Alpha Blended, Universal Render Pipeline/Particles/Unlit	否	OK
BulletImpact_Pyrovore	15	Everguild/FX/Extra Color, Everguild/FX/Particle Premultiply, Everguild/FX/Rays For Trail, Mobile/Particles/Alpha Blended, Universal Render Pipeline/Particles/Unlit, WarpforgeVFX/Particles/Extra Color	是	OK
BulletImpact_Pyrovore OLD	16	Everguild/FX/Extra Color, Everguild/FX/Particle Premultiply, Everguild/FX/Rays For Trail, Mobile/Particles/Alpha Blended, Universal Render Pipeline/Particles/Unlit, WarpforgeVFX/Particles/Extra Color	是	OK
BulletImpact_RandomShitGo	35	Everguild/FX/Extra Color, Everguild/FX/Particle Distortion Affect Transparents, Everguild/FX/Particle Premultiply, Everguild/FX/Particle Premultiply Greyscale Coloring, Everguild/Matcap/Matcap Full Options, Everguild/Matcap/Matcap Full Options VAT, Everguild/Matcap/Matcap With Texture, Mobile/Particles/Additive, Mobile/Particles/Alpha Blended, Universal Render Pipeline/Particles/Unlit, WarpforgeVFX/Particles/Extra Color	是	OK
BulletImpact_RiftCannon	13	Everguild/FX/Extra Color, Everguild/FX/Multi Ray, Everguild/FX/Particle Distortion Affect Transparents, Universal Render Pipeline/Particles/Unlit, WarpforgeVFX/Particles/Extra Color	否	OK
BulletImpact_Rippergun	13	Everguild/FX/Extra Color, Everguild/Matcap/Matcap With Texture, Mobile/Particles/Additive, Universal Render Pipeline/Particles/Unlit, WarpforgeVFX/Particles/Extra Color	否	OK
BulletImpact_Saboteur_DetonatorOnly	4	Everguild/FX/Extra Color, Everguild/Matcap/Matcap Full Options, Universal Render Pipeline/Particles/Unlit	否	OK
BulletImpact_SaboteurExplosive	12	Everguild/FX/Extra Color, Everguild/FX/Particle Distortion Affect Transparents, Everguild/Matcap/Matcap Full Options, Mobile/Particles/Additive, Mobile/Particles/Alpha Blended, Universal Render Pipeline/Particles/Unlit	否	OK
BulletImpact_Screamer-Killer	8	Everguild/FX/Extra Color, Everguild/FX/Particle Distortion Affect Transparents, Universal Render Pipeline/Particles/Unlit	否	OK
BulletImpact_Shuriken_Long	12	Everguild/FX/Extra Color, Everguild/FX/Multi Ray, Mobile/Particles/Additive, Universal Render Pipeline/Particles/Unlit, WarpforgeVFX/Particles/Extra Color	否	OK
BulletImpact_Shuriken_Long_twinlink	12	Everguild/FX/Extra Color, Everguild/FX/Multi Ray, Mobile/Particles/Additive, Universal Render Pipeline/Particles/Unlit, WarpforgeVFX/Particles/Extra Color	否	OK
BulletImpact_Shuriken_Pistol	11	Everguild/FX/Extra Color, Everguild/FX/Multi Ray, Mobile/Particles/Additive, Universal Render Pipeline/Particles/Unlit, WarpforgeVFX/Particles/Extra Color	否	OK
BulletImpact_Shuriken_Short	11	Everguild/FX/Extra Color, Everguild/FX/Multi Ray, Mobile/Particles/Additive, Universal Render Pipeline/Particles/Unlit, WarpforgeVFX/Particles/Extra Color	否	OK
BulletImpact_Shuriken_Short_twinlink	11	Everguild/FX/Extra Color, Everguild/FX/Multi Ray, Mobile/Particles/Additive, Universal Render Pipeline/Particles/Unlit, WarpforgeVFX/Particles/Extra Color	否	OK
BulletImpact_Sonic Weapon 1	18	Everguild/FX/Extra Color, Everguild/FX/Particle Distortion Affect Transparents, Mobile/Particles/Additive, Mobile/Particles/Alpha Blended, Universal Render Pipeline/Particles/Unlit	否	OK
BulletImpact_Sonic Weapon 1 Dual Pistol	18	Everguild/FX/Extra Color, Everguild/FX/Particle Distortion Affect Transparents, Mobile/Particles/Additive, Mobile/Particles/Alpha Blended, Universal Render Pipeline/Particles/Unlit	否	OK
BulletImpact_Sonic Weapon 1 Dual Pistol OLD	18	Everguild/FX/Extra Color, Everguild/FX/Particle Distortion Affect Transparents, Mobile/Particles/Additive, Mobile/Particles/Alpha Blended, Universal Render Pipeline/Particles/Unlit	否	OK
BulletImpact_Sonic Weapon 2	20	Everguild/FX/Extra Color, Everguild/FX/Particle Distortion Affect Transparents, Mobile/Particles/Additive, Mobile/Particles/Alpha Blended, Universal Render Pipeline/Particles/Unlit, WarpforgeVFX/Particles/Extra Color	否	OK
BulletImpact_Sonic Weapon 2 Pistol	20	Everguild/FX/Extra Color, Everguild/FX/Particle Distortion Affect Transparents, Mobile/Particles/Additive, Mobile/Particles/Alpha Blended, Universal Render Pipeline/Particles/Unlit, WarpforgeVFX/FX/Distortion, WarpforgeVFX/Particles/Extra Color	否	OK
BulletImpact_Sonic Weapon 2 Twinlink	22	Everguild/FX/Extra Color, Everguild/FX/Particle Distortion Affect Transparents, Mobile/Particles/Additive, Mobile/Particles/Alpha Blended, Universal Render Pipeline/Particles/Unlit, WarpforgeVFX/FX/Distortion, WarpforgeVFX/Particles/Extra Color	否	OK
BulletImpact_Sonic Weapon 2 variant	20	Everguild/FX/Extra Color, Everguild/FX/Particle Distortion Affect Transparents, Mobile/Particles/Additive, Mobile/Particles/Alpha Blended, Universal Render Pipeline/Particles/Unlit, WarpforgeVFX/Particles/Extra Color	否	OK
BulletImpact_Sororitas_Melta	13	Everguild/FX/Extra Color, Everguild/FX/Particle Distortion Affect Transparents, Universal Render Pipeline/Particles/Unlit, WarpforgeVFX/FX/Distortion, WarpforgeVFX/Particles/Extra Color	否	OK
BulletImpact_Sororitas_MissileVolley	18	Everguild/FX/Extra Color, Everguild/FX/Particle Distortion Affect Transparents, Everguild/FX/Spiral Trail FX, Everguild/Matcap/Matcap Full Options, Mobile/Particles/Additive, Mobile/Particles/Alpha Blended, Universal Render Pipeline/Particles/Unlit	是	OK
BulletImpact_Sororitas_MissileVolley_board_down	16	Everguild/FX/Extra Color, Everguild/FX/Particle Distortion Affect Transparents, Everguild/FX/Spiral Trail FX, Everguild/Matcap/Matcap Full Options, Mobile/Particles/Additive, Mobile/Particles/Alpha Blended, Universal Render Pipeline/Particles/Unlit	是	OK
BulletImpact_Sororitas_MissileVolley_board_up	18	Everguild/FX/Extra Color, Everguild/FX/Particle Distortion Affect Transparents, Everguild/FX/Spiral Trail FX, Everguild/Matcap/Matcap Full Options, Mobile/Particles/Additive, Mobile/Particles/Alpha Blended, Universal Render Pipeline/Particles/Unlit	是	OK
BulletImpact_Sororitas_MissileVolley_MoveAnim	18	Everguild/FX/Extra Color, Everguild/FX/Particle Distortion Affect Transparents, Everguild/FX/Spiral Trail FX, Everguild/Matcap/Matcap Full Options, Mobile/Particles/Additive, Mobile/Particles/Alpha Blended, Universal Render Pipeline/Particles/Unlit	是	OK
BulletImpact_Sororitas_MultiMelta	13	Everguild/FX/Extra Color, Everguild/FX/Particle Distortion Affect Transparents, Universal Render Pipeline/Particles/Unlit, WarpforgeVFX/FX/Distortion, WarpforgeVFX/Particles/Extra Color	否	OK
BulletImpact_Sororitas_MultiMelta_Junith	13	Everguild/FX/Extra Color, Everguild/FX/Particle Distortion Affect Transparents, Universal Render Pipeline/Particles/Unlit, WarpforgeVFX/FX/Distortion, WarpforgeVFX/Particles/Extra Color	否	OK
BulletImpact_Sororitas_SaintCelestine	10	Everguild/FX/Extra Color, Everguild/FX/Particle Distortion Affect Transparents, Universal Render Pipeline/Particles/Unlit, WarpforgeVFX/FX/Distortion	否	OK
BulletImpact_Spore Launch	17	Everguild/FX/Extra Color, Everguild/FX/Particle Distortion Affect Transparents, Everguild/FX/Unlit UV scroll, Everguild/Wind Matcap, Mobile/Particles/Alpha Blended, Universal Render Pipeline/Particles/Unlit	是	OK
BulletImpact_Spore Launch 1	17	Everguild/FX/Extra Color, Everguild/FX/Particle Distortion Affect Transparents, Everguild/FX/Unlit UV scroll, Everguild/Wind Matcap, Mobile/Particles/Alpha Blended, Universal Render Pipeline/Particles/Unlit	是	OK
BulletImpact_stormbolter_4shots	14	Everguild/FX/Extra Color, Everguild/Matcap/Matcap With Texture, Mobile/Particles/Additive, Universal Render Pipeline/Particles/Unlit, WarpforgeVFX/Particles/Extra Color	否	OK
BulletImpact_stormbolter_4shots_Logan_AA	11	Everguild/FX/Extra Color, Everguild/Matcap/Matcap With Texture, Mobile/Particles/Additive, Universal Render Pipeline/Particles/Unlit, WarpforgeVFX/Particles/Extra Color	否	OK
BulletImpact_stormbolter_6shots	14	Everguild/FX/Extra Color, Everguild/Matcap/Matcap With Texture, Mobile/Particles/Additive, Universal Render Pipeline/Particles/Unlit, WarpforgeVFX/Particles/Extra Color	否	OK
BulletImpact_tank_baneblade	15	Everguild/FX/Extra Color, Everguild/FX/Particle Distortion Affect Transparents, Everguild/Matcap/Matcap Full Options, Universal Render Pipeline/Particles/Unlit, WarpforgeVFX/Particles/Extra Color	否	OK
BulletImpact_tank_big	14	Everguild/FX/Extra Color, Everguild/FX/Particle Distortion Affect Transparents, Everguild/Matcap/Matcap Full Options, Mobile/Particles/Additive, Mobile/Particles/Alpha Blended, Universal Render Pipeline/Particles/Unlit, WarpforgeVFX/Particles/Extra Color	否	OK
BulletImpact_tank_huge	15	Everguild/FX/Extra Color, Everguild/FX/Particle Distortion Affect Transparents, Everguild/Matcap/Matcap Full Options, Mobile/Particles/Alpha Blended, Universal Render Pipeline/Particles/Unlit, WarpforgeVFX/Particles/Extra Color	否	OK
BulletImpact_tank_small	13	Everguild/FX/Extra Color, Everguild/FX/Particle Distortion Affect Transparents, Everguild/Matcap/Matcap Full Options, Mobile/Particles/Additive, Mobile/Particles/Alpha Blended, Universal Render Pipeline/Particles/Unlit, WarpforgeVFX/Particles/Extra Color	否	OK
BulletImpact_Tau_Burst Cannon	13	Everguild/FX/Extra Color, Mobile/Particles/Additive, Mobile/Particles/Alpha Blended, Universal Render Pipeline/Particles/Unlit, WarpforgeVFX/Particles/Extra Color	否	OK
BulletImpact_Tau_Burst Cannon_short	13	Everguild/FX/Extra Color, Mobile/Particles/Additive, Mobile/Particles/Alpha Blended, Universal Render Pipeline/Particles/Unlit, WarpforgeVFX/Particles/Extra Color	否	OK
BulletImpact_Tau_FusionBlaster	12	Everguild/FX/Extra Color, Everguild/FX/Multi Ray, Spine/Special/HiddenPass, Universal Render Pipeline/Particles/Unlit, WarpforgeVFX/Particles/Extra Color	是	OK
BulletImpact_Tau_FusionBlaster Dual	12	Everguild/FX/Extra Color, Everguild/FX/Multi Ray, Spine/Special/HiddenPass, Universal Render Pipeline/Particles/Unlit, WarpforgeVFX/Particles/Extra Color	是	OK
BulletImpact_Tau_GravPulse	9	Everguild/FX/Extra Color, Everguild/FX/Particle Distortion Affect Transparents, Mobile/Particles/Additive, Universal Render Pipeline/Particles/Unlit	否	OK
BulletImpact_Tau_IonAccelerator	20	Everguild/FX/Extra Color, Everguild/FX/Multi Ray, Mobile/Particles/Additive, Mobile/Particles/Alpha Blended, Spine/Special/HiddenPass, Universal Render Pipeline/Particles/Unlit, WarpforgeVFX/Particles/Extra Color	是	OK
BulletImpact_Tau_Missile 10x	18	Everguild/FX/Extra Color, Everguild/FX/Particle Distortion Affect Transparents, Everguild/FX/Spiral Trail FX, Everguild/Matcap/Matcap Full Options, Mobile/Particles/Additive, Mobile/Particles/Alpha Blended, Universal Render Pipeline/Particles/Unlit	是	OK
BulletImpact_Tau_Missile 3x	18	Everguild/FX/Extra Color, Everguild/FX/Particle Distortion Affect Transparents, Everguild/FX/Spiral Trail FX, Everguild/Matcap/Matcap Full Options, Mobile/Particles/Additive, Mobile/Particles/Alpha Blended, Universal Render Pipeline/Particles/Unlit	是	OK
BulletImpact_Tau_Plasma Cannon	19	Everguild/FX/Extra Color, Everguild/FX/Particle Distortion Affect Transparents, Mobile/Particles/Additive, Mobile/Particles/Alpha Blended, Universal Render Pipeline/Particles/Unlit, WarpforgeVFX/Particles/Extra Color	否	OK
BulletImpact_Tau_Pulse Blaster	11	Everguild/FX/Extra Color, Everguild/FX/Particle Premultiply Greyscale Coloring, Mobile/Particles/Additive, Universal Render Pipeline/Particles/Unlit, WarpforgeVFX/Particles/Extra Color	否	OK
BulletImpact_Tau_Pulse Bomb	18	Everguild/FX/Extra Color, Everguild/FX/Particle Distortion Affect Transparents, Mobile/Particles/Additive, Mobile/Particles/Alpha Blended, Universal Render Pipeline/Particles/Unlit, WarpforgeVFX/Particles/Extra Color	否	OK
BulletImpact_Tau_Pulse Carbine	10	Everguild/FX/Extra Color, Mobile/Particles/Additive, Universal Render Pipeline/Particles/Unlit, WarpforgeVFX/Particles/Extra Color	否	OK
BulletImpact_Tau_Pulse Carbine Dual	10	Everguild/FX/Extra Color, Mobile/Particles/Additive, Universal Render Pipeline/Particles/Unlit, WarpforgeVFX/Particles/Extra Color	否	OK
BulletImpact_Tau_Pulse Carbine Dual OLD	10	Everguild/FX/Extra Color, Everguild/FX/Particle Premultiply Greyscale Coloring, Mobile/Particles/Additive, Universal Render Pipeline/Particles/Unlit, WarpforgeVFX/Particles/Extra Color	否	OK
BulletImpact_Tau_Pulse Carbine OLD	10	Everguild/FX/Extra Color, Everguild/FX/Particle Premultiply Greyscale Coloring, Mobile/Particles/Additive, Universal Render Pipeline/Particles/Unlit, WarpforgeVFX/Particles/Extra Color	否	OK
BulletImpact_Tau_Pulse Drone Dual	10	Everguild/FX/Extra Color, Mobile/Particles/Additive, Universal Render Pipeline/Particles/Unlit, WarpforgeVFX/Particles/Extra Color	否	OK
BulletImpact_Tau_Pulse Pistol	10	Everguild/FX/Extra Color, Mobile/Particles/Additive, Universal Render Pipeline/Particles/Unlit, WarpforgeVFX/Particles/Extra Color	否	OK
BulletImpact_Tau_Pulse Rifle	10	Everguild/FX/Extra Color, Mobile/Particles/Additive, Universal Render Pipeline/Particles/Unlit, WarpforgeVFX/Particles/Extra Color	否	OK
BulletImpact_Tau_Pulse Rifle Dual	10	Everguild/FX/Extra Color, Mobile/Particles/Additive, Universal Render Pipeline/Particles/Unlit, WarpforgeVFX/Particles/Extra Color	否	OK
BulletImpact_Tau_PulseARCcannon	18	Everguild/FX/Extra Color, Everguild/FX/Particle Distortion Affect Transparents, Mobile/Particles/Additive, Universal Render Pipeline/Particles/Unlit, WarpforgeVFX/Particles/Extra Color	否	OK
BulletImpact_Tau_Rail Rifle	16	Everguild/FX/Extra Color, Everguild/FX/Particle Distortion Affect Transparents, Mobile/Particles/Additive, Universal Render Pipeline/Particles/Unlit, WarpforgeVFX/Particles/Extra Color	否	OK
BulletImpact_Tau_Sniper Pulse Rifle	13	Everguild/FX/Extra Color, Everguild/FX/Particle Distortion Affect Transparents, Mobile/Particles/Additive, Universal Render Pipeline/Particles/Unlit, WarpforgeVFX/Particles/Extra Color	否	OK
BulletImpact_Thunderfire	14	Everguild/FX/Extra Color, Everguild/FX/Particle Distortion Affect Transparents, Everguild/Matcap/Matcap Full Options, Mobile/Particles/Additive, Universal Render Pipeline/Particles/Unlit	否	OK
BulletImpact_Tyranid_Barblauncher	11	Everguild/FX/Extra Color, Everguild/FX/Rays For Trail, Everguild/Matcap/Matcap With Texture, Mobile/Particles/Additive, Mobile/Particles/Alpha Blended, Universal Render Pipeline/Particles/Unlit	是	OK
BulletImpact_Tyranid_Big	12	Everguild/FX/Extra Color, Everguild/FX/Rays For Trail, Mobile/Particles/Additive, Mobile/Particles/Alpha Blended, Universal Render Pipeline/Particles/Unlit	是	OK
BulletImpact_Tyranid_Cannon	15	Everguild/FX/Extra Color, Everguild/FX/Particle Distortion Affect Transparents, Everguild/FX/Rays For Trail, Mobile/Particles/Additive, Mobile/Particles/Alpha Blended, Universal Render Pipeline/Particles/Unlit	是	OK
BulletImpact_Tyranid_Small	12	Everguild/FX/Extra Color, Everguild/FX/Rays For Trail, Mobile/Particles/Additive, Mobile/Particles/Alpha Blended, Universal Render Pipeline/Particles/Unlit	是	OK
BulletImpact_Tyranid_Small_Dual	12	Everguild/FX/Extra Color, Everguild/FX/Rays For Trail, Mobile/Particles/Additive, Mobile/Particles/Alpha Blended, Universal Render Pipeline/Particles/Unlit	是	OK
BulletImpact_Tyranid_Stranglethorn	13	Everguild/FX/Extra Color, Everguild/FX/Rays For Trail, Everguild/FX/Unlit UV scroll, Mobile/Particles/Additive, Mobile/Particles/Alpha Blended, Universal Render Pipeline/Particles/Unlit	是	OK
BulletImpact_Tyranid_Stranglethorn_Dual	12	Everguild/FX/Extra Color, Everguild/FX/Rays For Trail, Everguild/FX/Unlit UV scroll, Mobile/Particles/Additive, Mobile/Particles/Alpha Blended, Universal Render Pipeline/Particles/Unlit	是	OK
BulletImpact_ValkyrieMissile	14	Everguild/FX/Extra Color, Everguild/FX/Particle Distortion Affect Transparents, Everguild/Matcap/Matcap Full Options, Mobile/Particles/Additive, Universal Render Pipeline/Particles/Unlit	否	OK
BulletImpact_Webber	12	Everguild/FX/Extra Color, Mobile/Particles/Additive, Universal Render Pipeline/Particles/Unlit, WarpforgeVFX/Particles/Extra Color	否	OK
BulletImpactBurst_Blood	3	Legacy Shaders/Particles/Alpha Blended, Universal Render Pipeline/Particles/Unlit	否	OK
BulletImpactBurst_crowd	3	Everguild/FX/Extra Color, Universal Render Pipeline/Particles/Unlit	否	OK
BulletTrail	8	Everguild/FX/Extra Color, Mobile/Particles/Additive, Shader Graphs/Fx_ParticleDissolve_apb, Universal Render Pipeline/Particles/Unlit	否	OK
BulletTrail_Single	8	Everguild/FX/Extra Color, Mobile/Particles/Additive, Shader Graphs/Fx_ParticleDissolve_apb, Universal Render Pipeline/Particles/Unlit	否	OK
BulletTrail_Stormraven	10	Everguild/FX/Extra Color, Everguild/Matcap/Matcap Full Options, Universal Render Pipeline/Particles/Unlit, WarpforgeVFX/Particles/Extra Color	否	OK
BulletTrail_Stormraven_Single	10	Everguild/FX/Extra Color, Everguild/Matcap/Matcap Full Options, Universal Render Pipeline/Particles/Unlit, WarpforgeVFX/Particles/Extra Color	否	OK
CamouflageEffect	4	Everguild/FX/Unlit UV scroll, Sprites/Default, Sprites/Mask, Universal Render Pipeline/Particles/Unlit	否	OK
CamouflageEffect New	5	Everguild/FX/Extra Color, Everguild/FX/Unlit UV scroll, Sprites/Default, Sprites/Mask, Universal Render Pipeline/Particles/Unlit	否	OK
CantAttackEffect	6	Everguild/FX/Extra Color, Sprites/Default, Sprites/Mask, Universal Render Pipeline/Particles/Unlit	否	OK
Card_Buff_Hand	3	Everguild/FX/Extra Color, Universal Render Pipeline/Particles/Unlit	否	OK
Card_Buff_Hand_Ork	6	Everguild/FX/Extra Color, Mobile/Particles/Additive, Universal Render Pipeline/Particles/Unlit	否	OK
Card_Buff_Hand_SW	5	Everguild/FX/Extra Color, Mobile/Particles/Additive, Universal Render Pipeline/Particles/Unlit	否	OK
Card_Buff_Sabotage_trigger	3	Everguild/FX/Extra Color, Universal Render Pipeline/Particles/Unlit	否	OK
Card_Buff_Tyranid	2	Universal Render Pipeline/Particles/Unlit	否	OK
CardDisappear	5	Mobile/Particles/Additive, Universal Render Pipeline/Particles/Unlit	否	OK
CardPrefab	11	Everguild/Cards/3D Card, Everguild/Cards/BlobShadow, Everguild/FX/Card Highlight And Shadow, Everguild/FX/Halo UV scroll, Sprites/Default, TextMeshPro/Distance Field, TextMeshPro/Distance Field Offset, Universal Render Pipeline/Particles/Unlit	是	OK
Chaos_Destroy_Brutal	12	Everguild/FX/Extra Color, Everguild/FX/Particle Distortion Affect Transparents, Legacy Shaders/Particles/Alpha Blended, Mobile/Particles/Alpha Blended, Particles/Standard Unlit, Universal Render Pipeline/Particles/Simple Lit, Universal Render Pipeline/Particles/Unlit	否	OK
Chronomancer_Buff	5	Everguild/FX/Extra Color, Everguild/FX/TrailShader_1, Universal Render Pipeline/Particles/Unlit	否	OK
CodexEffect	7	Everguild/FX/Extra Color, Mobile/Particles/Additive, Sprites/Default, Sprites/Mask, Universal Render Pipeline/Particles/Unlit	否	OK
CodexIdleEffect	7	Everguild/FX/Extra Color, Mobile/Particles/Additive, Sprites/Default, Sprites/Mask, Universal Render Pipeline/Particles/Unlit	否	OK
ComboEffect	9	Everguild/FX/Extra Color, Everguild/FX/Particle Shine Custom Vertex Streams, Sprites/Default, Sprites/Mask, Universal Render Pipeline/Particles/Unlit, WarpforgeVFX/Particles/Extra Color	否	OK
CompanionEffect	9	Everguild/FX/Alpha Mask One Layer, Everguild/FX/Particle Shine Custom Vertex Streams, Mobile/Particles/Additive, Sprites/Default, Sprites/Mask, Universal Render Pipeline/Particles/Unlit	否	OK
ConcussiveEffect	9	Mobile/Particles/Additive, Shader Graphs/Fx_ParticleDissolve_apb, Sprites/Default, Sprites/Mask, Universal Render Pipeline/Particles/Unlit	否	OK
CoordinatedEngagement	22	Everguild/FX/Alpha Mask One Layer, Everguild/FX/Extra Color, Everguild/FX/Particle Distortion Affect Transparents, Mobile/Particles/Additive, Sprites/Default, Sprites/Mask, Universal Render Pipeline/Particles/Unlit, WarpforgeVFX/Particles/Extra Color	否	OK
Cosmic Serpent	12	Everguild/Cards/Gem Crystal Glitter, Everguild/FX/Extra Color, Everguild/FX/Unlit UV scroll, Mobile/Particles/Additive, Universal Render Pipeline/Particles/Unlit, WarpforgeVFX/Particles/Extra Color	是	OK
Cosmic Serpent_Secondary	12	Everguild/Cards/Gem Crystal Glitter, Everguild/FX/Extra Color, Everguild/FX/Unlit UV scroll, Mobile/Particles/Additive, Universal Render Pipeline/Particles/Unlit, WarpforgeVFX/Particles/Extra Color	是	OK
CreateCard	9	Everguild/FX/Extra Color, Everguild/FX/Particle Dissolve Mask, Mobile/Particles/Additive, Universal Render Pipeline/Particles/Unlit	否	OK
CreateCard BlackLegion	10	Everguild/FX/Extra Color, Everguild/FX/Particle Dissolve Mask, Mobile/Particles/Additive, Universal Render Pipeline/Particles/Unlit	否	OK
CreateCard DA	12	Everguild/FX/Extra Color, Everguild/FX/Particle Dissolve Mask, Everguild/FX/Spiral Trail FX, Mobile/Particles/Additive, Universal Render Pipeline/Particles/Unlit	是	OK
CreateCard EC	12	Everguild/FX/Extra Color, Everguild/FX/Particle Dissolve Mask, Universal Render Pipeline/Particles/Unlit, WarpforgeVFX/Particles/Extra Color	否	OK
CreateCard EC Elixir	12	Everguild/FX/Extra Color, Everguild/FX/Particle Dissolve Mask, Universal Render Pipeline/Particles/Unlit, WarpforgeVFX/Particles/Extra Color	否	OK
CreateCard Gold	10	Everguild/FX/Extra Color, Everguild/FX/Particle Dissolve Mask, Mobile/Particles/Additive, Universal Render Pipeline/Particles/Unlit	否	OK
CreateCard GSC	10	Everguild/FX/Extra Color, Everguild/FX/Particle Dissolve Mask, Universal Render Pipeline/Particles/Unlit	否	OK
CreateCard GSC 5x	10	Everguild/FX/Extra Color, Everguild/FX/Particle Dissolve Mask, Universal Render Pipeline/Particles/Unlit	否	OK
CreateCard Necron	9	Everguild/FX/Extra Color, Everguild/FX/Particle Dissolve Mask, Universal Render Pipeline/Particles/Unlit	否	OK
CreateCard Orks	10	Everguild/FX/Extra Color, Everguild/FX/Particle Dissolve Mask, Universal Render Pipeline/Particles/Unlit	否	OK
CreateCard Orks 1	10	Everguild/FX/Extra Color, Everguild/FX/Particle Dissolve Mask, Universal Render Pipeline/Particles/Unlit	否	OK
CreateCard Sabotage	9	Everguild/FX/Extra Color, Everguild/FX/Particle Dissolve Mask, Universal Render Pipeline/Particles/Unlit	否	OK
CreateCard_Tau	12	Everguild/FX/Extra Color, Everguild/FX/Particle Dissolve Mask, Mobile/Particles/Additive, Universal Render Pipeline/Particles/Unlit	否	OK
CrueltyEffect	8	Everguild/FX/Particle Shine Custom Vertex Streams, Sprites/Default, Sprites/Mask, Universal Render Pipeline/Particles/Unlit	否	OK
Cryptek_Stun	4	Everguild/FX/Extra Color, Universal Render Pipeline/Particles/Unlit	否	OK
Cut Axe SW	6	Everguild/FX/Extra Color, Particles/Standard Unlit, Universal Render Pipeline/Particles/Unlit	否	OK
Cut EC	6	Particles/Standard Unlit, Universal Render Pipeline/Particles/Unlit	否	OK
Cut EC 3x	6	Particles/Standard Unlit, Universal Render Pipeline/Particles/Unlit	否	OK
Cut EC Reverse	6	Particles/Standard Unlit, Universal Render Pipeline/Particles/Unlit	否	OK
Cut EC sword 7x warlord	6	Particles/Standard Unlit, Universal Render Pipeline/Particles/Unlit	否	OK
Cut Termie Lightning Claws	8	Everguild/FX/Extra Color, Everguild/FX/Particle Distortion Affect Transparents, Particles/Standard Unlit, Universal Render Pipeline/Particles/Unlit	否	OK
Cut Wulfen SW	6	Everguild/FX/Extra Color, Particles/Standard Unlit, Universal Render Pipeline/Particles/Unlit	否	OK
Cut Wulfen SW Double	6	Everguild/FX/Extra Color, Particles/Standard Unlit, Universal Render Pipeline/Particles/Unlit	否	OK
Cut Wulfen SW Reverse	6	Everguild/FX/Extra Color, Particles/Standard Unlit, Universal Render Pipeline/Particles/Unlit	否	OK
Cuts Brutal	5	Everguild/FX/Extra Color, Universal Render Pipeline/Particles/Unlit	否	OK
Cuts Brutal_Warp Spider	4	Universal Render Pipeline/Particles/Unlit	否	OK
DaIrongobEffect	9	Mobile/Particles/Additive, Sprites/Default, Sprites/Mask, Universal Render Pipeline/Particles/Unlit, WarpforgeVFX/Particles/Extra Color	否	OK
Death Cult Strike	5	Everguild/FX/Extra Color, Universal Render Pipeline/Particles/Unlit	否	OK
Deathspinner Cut Effect	1	Shader Graphs/Doomweaver effect	否	OK
Debuff EC	11	Everguild/FX/Particle Shine Custom Vertex Streams, Particles/Standard Unlit, Sprites/Default, Sprites/Mask, Universal Render Pipeline/Particles/Unlit	否	OK
Debuff_Mana_Tyranid	6	Everguild/FX/Extra Color, Everguild/FX/Particle Distortion Affect Transparents, Universal Render Pipeline/Particles/Unlit, WarpforgeVFX/Particles/Extra Color	否	OK
DeckBuff Grey	4	Everguild/FX/Extra Color, Universal Render Pipeline/Particles/Unlit	否	OK
DeckBuff_BlackLegion	4	Everguild/FX/Extra Color, Universal Render Pipeline/Particles/Unlit	否	OK
DeckBuff_Green	7	Everguild/FX/Extra Color, Mobile/Particles/Additive, Universal Render Pipeline/Particles/Unlit, WarpforgeVFX/Particles/Extra Color	否	OK
DeckBuff_Green 2	4	Everguild/FX/Extra Color, Universal Render Pipeline/Particles/Unlit	否	OK
DeckBuff_GSC	4	UI/Additive, Universal Render Pipeline/Particles/Unlit	否	OK
DeckBuff_MoveToTop	7	Everguild/FX/Extra Color, Mobile/Particles/Additive, Universal Render Pipeline/Particles/Unlit, WarpforgeVFX/Particles/Extra Color	否	OK
DeckBuff_Orks	4	Everguild/FX/Extra Color, Universal Render Pipeline/Particles/Unlit	否	OK
DeckBuff_SW	5	Everguild/FX/Extra Color, Universal Render Pipeline/Particles/Unlit, WarpforgeVFX/Particles/Extra Color	否	OK
DeckBuff_Tau	4	Everguild/FX/Alpha Mask One Layer, Everguild/FX/Extra Color, Universal Render Pipeline/Particles/Unlit	否	OK
DeckBuff1	4	Everguild/FX/Extra Color, Universal Render Pipeline/Particles/Unlit	否	OK
Default Tap Floor	3	Universal Render Pipeline/Particles/Unlit	否	OK
Delightful Agonies Launch Projectile	16	Everguild/FX/Extra Color, Everguild/FX/Particle Distortion Affect Transparents, Everguild/FX/Unlit UV scroll, Mobile/Particles/Additive, Universal Render Pipeline/Particles/Unlit, WarpforgeVFX/Particles/Extra Color	否	OK
Delightful_Agonies_Projectile	8	Mobile/Particles/Additive, Universal Render Pipeline/Particles/Unlit, WarpforgeVFX/Particles/Extra Color	否	OK
Duty Reset	8	Everguild/FX/Extra Color, Everguild/FX/FX Shine For Animation, Mobile/Particles/Additive, Sprites/Default, Sprites/Mask, Universal Render Pipeline/Particles/Unlit	是	OK
DutyEffect	7	Everguild/FX/Extra Color, Everguild/FX/FX Shine For Animation, Mobile/Particles/Additive, Sprites/Default, Sprites/Mask, Universal Render Pipeline/Particles/Unlit	是	OK
EarthCrack_Single	3	Universal Render Pipeline/Particles/Unlit	否	OK
Earthquake Rockfall Board	5	Everguild/Matcap/Matcap Full Options, Legacy Shaders/Particles/Anim Alpha Blended, Mobile/Particles/Alpha Blended, Universal Render Pipeline/Particles/Unlit	否	OK
Earthquake Rockfall Target	4	Everguild/Matcap/Matcap Full Options, Legacy Shaders/Particles/Anim Alpha Blended, Universal Render Pipeline/Particles/Unlit	否	OK
EC Heldrake Attack	9	Everguild/FX/Extra Color, Everguild/FX/Particle Premultiply, Everguild/Matcap/Matcap Full Options, UI/Additive, Universal Render Pipeline/Particles/Unlit, WarpforgeVFX/Particles/Extra Color	否	OK
EC Heldrake Rally	11	Everguild/FX/Extra Color, Everguild/FX/Particle Premultiply, Everguild/Matcap/Matcap Full Options, UI/Additive, Universal Render Pipeline/Particles/Unlit, WarpforgeVFX/Particles/Extra Color	否	OK
EC Sword Cut Board DMC Style	1	Everguild/FX/Rays For Trail	是	OK
EC Target	7	Everguild/FX/Extra Color, Mobile/Particles/Additive, Particles/Standard Unlit, Sprites/Default, Sprites/Mask, Universal Render Pipeline/Particles/Unlit	否	OK
EC_Sonic Shock	9	Everguild/FX/Extra Color, Everguild/FX/Particle Distortion Affect Transparents, Everguild/Matcap/Matcap Full Options, Mobile/Particles/Alpha Blended, Universal Render Pipeline/Particles/Unlit	否	OK
EC_Sonic Stomp	9	Everguild/FX/Extra Color, Everguild/FX/Particle Distortion Affect Transparents, Everguild/Matcap/Matcap Full Options, Mobile/Particles/Alpha Blended, Universal Render Pipeline/Particles/Unlit	否	OK
EC_Target_user	11	Everguild/FX/Extra Color, Everguild/FX/Particle Distortion Affect Transparents, Sprites/Default, Sprites/Mask, Universal Render Pipeline/Particles/Unlit	否	OK
EC_Target_user Lucius	11	Everguild/FX/Extra Color, Everguild/FX/Particle Distortion Affect Transparents, Sprites/Default, Sprites/Mask, Universal Render Pipeline/Particles/Unlit	否	OK
EcstasyEffect	10	Everguild/FX/Particle Shine Custom Vertex Streams, Sprites/Default, Sprites/Mask, Universal Render Pipeline/Particles/Unlit	否	OK
Emperors Children Generic Buff	10	Everguild/FX/Extra Color, Mobile/Particles/Additive, Universal Render Pipeline/Particles/Unlit	否	OK
Emperors Children Generic Buff Record	10	Everguild/FX/Extra Color, Mobile/Particles/Additive, Universal Render Pipeline/Particles/Unlit	否	OK
Emperors Children Scenario Bombardment	9	Everguild/FX/Extra Color, Mobile/Particles/Additive, Universal Render Pipeline/Particles/Unlit	否	OK
Emperors Children Summon	14	Everguild/FX/Extra Color, Everguild/FX/Particle Distortion Affect Transparents, Mobile/Particles/Additive, Universal Render Pipeline/Particles/Unlit	否	OK
Environmental Condition Astra Militarum Dawn Attack	6	Everguild/FX/Extra Color, Everguild/UnlitAmbient, Universal Render Pipeline/Particles/Unlit	否	OK
Environmental Condition Astra Militarum Factory Overdrive	7	Everguild/FX/Alpha Mask One Layer, Everguild/FX/Extra Color, Universal Render Pipeline/Particles/Unlit	否	OK
Environmental Condition Astra Militarum Planetary Invasion	25	Everguild/FX/Extra Color, Everguild/FX/Particle Distortion Affect Transparents, Everguild/FX/Spiral Trail FX, Everguild/Matcap/Matcap Full Options, Mobile/Particles/Alpha Blended, Universal Render Pipeline/Particles/Unlit, WarpforgeVFX/Particles/Extra Color	是	OK
Environmental Condition Black Legion Daemonic Feast	23	Everguild/FX/Alpha Masks Two Layer, Everguild/FX/Extra Color, Everguild/FX/Particle Distortion Affect Transparents, Mobile/Particles/Additive, Universal Render Pipeline/Particles/Unlit, WarpforgeVFX/Particles/Extra Color	否	OK
Environmental Condition Black Legion Helfire Outburst	16	Everguild/FX/Particle Distortion Affect Transparents, Everguild/FX/Particle Premultiply Greyscale Coloring, Universal Render Pipeline/Particles/Unlit	否	OK
Environmental Condition Black Legion Warp Storm	27	Everguild/FX/Extra Color, Everguild/FX/Particle Distortion Affect Transparents, Mobile/Particles/Additive, Mobile/Particles/Alpha Blended, Universal Render Pipeline/Particles/Unlit, WarpforgeVFX/Particles/Extra Color	否	OK
Environmental Condition Dark Angels Asteroid Zone	10	Everguild/FX/Alpha Masks Two Layer, Everguild/FX/Extra Color, Everguild/Matcap/Matcap Full Options, Mobile/Particles/Additive, Universal Render Pipeline/Particles/Unlit	否	OK
Environmental Condition Dark Angels Orbiting	4	Everguild/FX/Extra Color, Everguild/UnlitAmbient, Universal Render Pipeline/Particles/Unlit	否	OK
Environmental Condition Dark Angels Void Combat	18	Everguild/FX/Alpha Masks Two Layer, Everguild/FX/Extra Color, Everguild/UnlitAmbient, Spine/Special/HiddenPass, Universal Render Pipeline/Particles/Unlit, WarpforgeVFX/Particles/Extra Color	是	OK
Environmental Condition Emperor's Children 1 Green	11	Everguild/FX/Particle Distortion Affect Transparents, Everguild/Matcap/Matcap Full Options, Mobile/Particles/Alpha Blended, Universal Render Pipeline/Particles/Unlit	否	OK
Environmental Condition Emperor's Children 1 Pink REJECTED	10	Everguild/FX/Particle Distortion Affect Transparents, Everguild/Matcap/Matcap Full Options, Universal Render Pipeline/Particles/Unlit	否	OK
Environmental Condition Emperor's Children 2 Fumes	9	Everguild/FX/Alpha Mask One Layer, Everguild/FX/Extra Color, Universal Render Pipeline/Particles/Unlit	否	OK
Environmental Condition Emperor's Children Empyric Rift	18	Everguild/FX/Extra Color, Mobile/Particles/Additive, Universal Render Pipeline/Particles/Unlit, WarpforgeVFX/Particles/Extra Color	否	OK
Environmental Condition Emperor's Children Empyric Rift OLD	19	Everguild/FX/Extra Color, Everguild/FX/Unlit UV scroll, Mobile/Particles/Additive, Universal Render Pipeline/Particles/Unlit, WarpforgeVFX/Particles/Extra Color	否	OK
Environmental Condition GSC Mining Tremors	18	Everguild/FX/Alpha Mask One Layer, Everguild/FX/Extra Color, Everguild/Matcap/Matcap Full Options, Legacy Shaders/Particles/Anim Alpha Blended, Mobile/Particles/Alpha Blended, Universal Render Pipeline/Particles/Unlit	否	OK
Environmental Condition GSC Sump Overspill	16	Everguild/FX/Extra Color, Everguild/FX/Particle Distortion Affect Transparents, Mobile/Particles/Additive, Universal Render Pipeline/Particles/Lit, Universal Render Pipeline/Particles/Unlit	是	OK
Environmental Condition GSC Sump Overspill OLD	10	Everguild/FX/Extra Color, Universal Render Pipeline/Particles/Lit, Universal Render Pipeline/Particles/Unlit	是	OK
Environmental Condition GSC Toxic Fumes	10	Everguild/FX/Alpha Mask One Layer, Everguild/FX/Extra Color, Universal Render Pipeline/Particles/Unlit	否	OK
Environmental Condition Necrons Earthquake	23	Everguild/FX/Extra Color, Everguild/FX/Specific/Necrons Rays, Everguild/Matcap/Matcap Full Options, Legacy Shaders/Particles/Anim Alpha Blended, Mobile/Particles/Additive, Mobile/Particles/Alpha Blended, Sprites/Mask, Universal Render Pipeline/Particles/Unlit, WarpforgeVFX/Particles/Extra Color	是	OK
Environmental Condition Necrons Immortal Beams	20	Everguild/FX/Extra Color, Everguild/FX/Specific/Necrons Rays, Mobile/Particles/Additive, Sprites/Mask, Universal Render Pipeline/Particles/Unlit, WarpforgeVFX/Particles/Extra Color	是	OK
Environmental Condition Necrons Solar Storm	21	Everguild/FX/Extra Color, Everguild/FX/Specific/Necrons Rays, Everguild/FX/Unlit UV scroll, Mobile/Particles/Additive, Sprites/Mask, Universal Render Pipeline/Particles/Unlit, WarpforgeVFX/Particles/Extra Color	是	OK
Environmental Condition Space Wolves Everstorm	15	Everguild/FX/Alpha Mask One Layer, Everguild/FX/Extra Color, Mobile/Particles/Additive, Universal Render Pipeline/Particles/Unlit, WarpforgeVFX/Particles/Extra Color	否	OK
Environmental Condition Space Wolves First Light	16	Everguild/FX/Alpha Mask One Layer, Everguild/FX/Extra Color, Everguild/UnlitAmbient, Universal Render Pipeline/Particles/Unlit	否	OK
Environmental Condition Space Wolves Full Moon	9	Everguild/FX/Alpha Mask One Layer, Everguild/UnlitAmbient, Universal Render Pipeline/Particles/Unlit	否	OK
EnvironmentalCondition Leviathan Acid Rain	12	Everguild/FX/Unlit UV scroll, Universal Render Pipeline/Particles/Unlit	否	OK
EnvironmentalCondition Leviathan Blazing Biomatter	11	Everguild/FX/Unlit UV scroll, Everguild/UnlitAmbient, Universal Render Pipeline/Particles/Unlit	否	OK
EnvironmentalCondition Leviathan Sweeping Infestation	12	Everguild/FX/Unlit UV scroll, Everguild/UnlitAmbient, Universal Render Pipeline/Particles/Unlit	否	OK
EnvironmentalCondition Saim Hann Blackout	9	Everguild/FX/Extra Color, Universal Render Pipeline/Particles/Unlit	否	OK
EnvironmentalCondition Saim Hann Infinity Circuit Overload	15	Everguild/FX/Alpha Masks Two Layer, Everguild/FX/Extra Color, Everguild/FX/Vortex, Universal Render Pipeline/Particles/Unlit, WarpforgeVFX/Particles/Extra Color	是	OK
EnvironmentalCondition Saim Hann Webway Rift	24	Everguild/FX/Alpha Masks Two Layer, Everguild/FX/Extra Color, Mobile/Particles/Additive, Mobile/Particles/Alpha Blended, Universal Render Pipeline/Particles/Unlit, Universal Render Pipeline/Unlit, WarpforgeVFX/Particles/Extra Color	否	OK
EnvironmentalCondition Sororitas Disrupted Ceremony	18	Everguild/FX/Alpha Mask One Layer, Everguild/FX/Extra Color, Everguild/Matcap/Matcap Full Options, Everguild/UnlitAmbient Emissive Flickker, Universal Render Pipeline/Particles/Unlit	否	OK
EnvironmentalCondition Sororitas Raging Storm	5	Everguild/FX/Alpha Mask One Layer, Everguild/FX/Extra Color, Universal Render Pipeline/Particles/Unlit	否	OK
EnvironmentalCondition Sororitas Shrine Bombardment	17	Everguild/FX/Alpha Mask One Layer, Everguild/FX/Extra Color, Everguild/Matcap/Matcap Full Options, Legacy Shaders/Particles/Anim Alpha Blended, Sprites/Mask, Universal Render Pipeline/Particles/Unlit	否	OK
EnvironmentalCondition Tau Electro-Static Interference	14	Everguild/FX/Extra Color, Everguild/FX/Particle Distortion Affect Transparents, Shader Graphs/Eclipse Tau, Universal Render Pipeline/Particles/Unlit, WarpforgeVFX/Particles/Extra Color	否	OK
EnvironmentalCondition Tau Radiation Storm	19	Everguild/FX/Alpha Mask One Layer, Everguild/FX/Extra Color, Everguild/FX/Particle Distortion Affect Transparents, Mobile/Particles/Alpha Blended, Shader Graphs/Eclipse Tau, Universal Render Pipeline/Particles/Unlit, WarpforgeVFX/Particles/Extra Color	否	OK
EnvironmentalCondition Tau Solar Eclipse	4	Everguild/FX/Extra Color, Shader Graphs/Eclipse Tau, Universal Render Pipeline/Particles/Unlit	否	OK
EnvironmentalCondition Ultramarines Aerial Clash	33	Everguild/FX/Extra Color, Everguild/Matcap/Matcap Full Options, Everguild/UnlitAmbient, Mobile/Particles/Additive, Mobile/Particles/Alpha Blended, Shader Graphs/Fx_ParticleDissolve_apb, Universal Render Pipeline/Particles/Unlit, WarpforgeVFX/Particles/Extra Color	否	OK
EnvironmentalCondition Ultramarines Bombardment	20	Everguild/FX/Extra Color, Everguild/FX/Particle Distortion Affect Transparents, Everguild/FX/Rays For Trail, Universal Render Pipeline/Particles/Unlit	是	OK
EnvironmentalCondition Ultramarines Thunderstorm	9	Everguild/FX/Extra Color, Universal Render Pipeline/Particles/Unlit, WarpforgeVFX/Particles/Extra Color	否	OK
Execution_BlackLegion	10	Sprites/Default, Sprites/Mask, Universal Render Pipeline/Particles/Unlit	否	OK
Explosion Fenrisian Monstrosities	15	Everguild/FX/Extra Color, Everguild/FX/Particle Distortion Affect Transparents, Everguild/Matcap/Matcap Full Options, Mobile/Particles/Additive, Universal Render Pipeline/Particles/Unlit	否	OK
Explosion Fenrisian Monstrosities Extra Damage	9	Everguild/FX/Extra Color, Everguild/Matcap/Matcap Full Options, Mobile/Particles/Additive, Universal Render Pipeline/Particles/Unlit	否	OK
Explosion Hand UI	4	Everguild/FX/Extra Color, Universal Render Pipeline/Particles/Unlit	否	OK
Explosion Hand UI 0,5s delay	5	Everguild/FX/Extra Color, Mobile/Particles/Alpha Blended, Universal Render Pipeline/Particles/Unlit	否	OK
Explosion Hive Fleet Arrival Explosions only	20	Everguild/FX/Burning, Everguild/FX/Burning Dissolve, Everguild/FX/Extra Color, Everguild/FX/Particle Distortion Affect Transparents, Everguild/Matcap/Matcap Full Options, Mobile/Particles/Alpha Blended, Universal Render Pipeline/Particles/Unlit	是	OK
Explosion Hive Fleet Arrival Tendrils	17	Everguild/FX/Burning, Everguild/FX/Extra Color, Everguild/FX/Particle Distortion Affect Transparents, Everguild/Matcap/Matcap Full Options, Universal Render Pipeline/Particles/Unlit	是	OK
Explosion Hive Fleet Arrival Tendrils OLD	17	Everguild/FX/Burning, Everguild/FX/Burning Dissolve, Everguild/FX/Extra Color, Everguild/FX/Particle Distortion Affect Transparents, Everguild/Matcap/Matcap Full Options, Universal Render Pipeline/Particles/Unlit	是	OK
Explosion_BombQuick	9	Everguild/FX/Extra Color, Everguild/FX/Particle Distortion Affect Transparents, Mobile/Particles/Additive, Mobile/Particles/Alpha Blended, Universal Render Pipeline/Particles/Unlit	否	OK
Explosion_BombQuick_triple	9	Everguild/FX/Extra Color, Everguild/FX/Particle Distortion Affect Transparents, Mobile/Particles/Additive, Mobile/Particles/Alpha Blended, Universal Render Pipeline/Particles/Unlit	否	OK
Explosion_ConcealedExplosives	9	Everguild/FX/Extra Color, Mobile/Particles/Additive, Mobile/Particles/Alpha Blended, Universal Render Pipeline/Particles/Unlit	否	OK
Explosion_Debris	5	Everguild/FX/Particle Distortion Affect Transparents, Mobile/Particles/Alpha Blended, Universal Render Pipeline/Particles/Unlit	否	OK
Explosion_Debris_UI	5	Everguild/FX/Particle Distortion Affect Transparents, Mobile/Particles/Alpha Blended, Universal Render Pipeline/Particles/Unlit	否	OK
Explosion_gauss	8	Everguild/FX/Extra Color, Universal Render Pipeline/Particles/Unlit, WarpforgeVFX/Particles/Extra Color	否	OK
Explosion_gauss_yellow	6	Everguild/FX/Extra Color, Everguild/FX/Multi Ray, Universal Render Pipeline/Particles/Unlit, WarpforgeVFX/Particles/Extra Color	否	OK
Explosion_Ground	1	Everguild/FX/Particle Premultiply	否	OK
Explosion_GroundBreak	10	Everguild/FX/Extra Color, Everguild/FX/Particle Distortion Affect Transparents, Everguild/Matcap/Matcap Full Options, Mobile/Particles/Additive, Mobile/Particles/Alpha Blended, Universal Render Pipeline/Particles/Unlit	否	OK
Explosion_Possession	7	Mobile/Particles/Alpha Blended, Universal Render Pipeline/Particles/Unlit, WarpforgeVFX/Particles/Extra Color	否	OK
Explosion_Short	4	Mobile/Particles/Additive, Universal Render Pipeline/Particles/Unlit	否	OK
Factory Overdrive Damage	10	Everguild/FX/Extra Color, Mobile/Particles/Additive, Sprites/Default, Sprites/Mask, Universal Render Pipeline/Particles/Unlit	否	OK
Faith UI Gain	5	Universal Render Pipeline/Particles/Unlit	否	OK
Faith UI Trigger	5	Everguild/FX/Extra Color, Everguild/FX/Particle Shine Custom Vertex Streams, Universal Render Pipeline/Particles/Unlit	否	OK
Faith_trigger_unit	7	Everguild/FX/Extra Color, Universal Render Pipeline/Particles/Unlit	否	OK
FastEffect	10	Everguild/FX/Extra Color, Everguild/FX/Particle Shine Custom Vertex Streams, Mobile/Particles/Additive, Sprites/Default, Sprites/Mask, Universal Render Pipeline/Particles/Unlit	否	OK
FeedingFrenzy	10	Universal Render Pipeline/Particles/Simple Lit, Universal Render Pipeline/Particles/Unlit	否	OK
Ferocity_RecallToDeck	9	Everguild/FX/Extra Color, Mobile/Particles/Additive, Universal Render Pipeline/Particles/Unlit	否	OK
FerocityEffect	10	Everguild/FX/Extra Color, Everguild/FX/Particle Shine Custom Vertex Streams, Sprites/Default, Sprites/Mask, Universal Render Pipeline/Particles/Unlit	否	OK
Fire_Board	4	Universal Render Pipeline/Particles/Unlit	否	OK
FlameBurst_Sororitas	4	Everguild/FX/Extra Color, Universal Render Pipeline/Particles/Unlit	否	OK
FlamethrowerBurna	9	Mobile/Particles/Additive, Sprites/Default, Sprites/Mask, Universal Render Pipeline/Particles/Unlit	否	OK
FlamethrowerSingleAttack_1	7	Mobile/Particles/Additive, Sprites/Default, Sprites/Mask, Universal Render Pipeline/Particles/Unlit	否	OK
FlamethrowerSingleAttack_2	6	Mobile/Particles/Additive, Sprites/Default, Sprites/Mask, Universal Render Pipeline/Particles/Unlit	否	OK
FlamethrowerSweepAttack_1	4	Mobile/Particles/Additive, Universal Render Pipeline/Particles/Unlit	否	OK
FlamethrowerSweepAttack_sororitas	8	Everguild/FX/Extra Color, Mobile/Particles/Additive, Universal Render Pipeline/Particles/Unlit	否	OK
FlankEffect	8	Everguild/FX/Extra Color, Everguild/FX/Particle Shine Custom Vertex Streams, Sprites/Default, Sprites/Mask, Universal Render Pipeline/Particles/Unlit	否	OK
Flayed One Summon	4	Universal Render Pipeline/Particles/Unlit	否	OK
FlyingEffect	7	Everguild/FX/Extra Color, Sprites/Default, Sprites/Mask, Universal Render Pipeline/Particles/Unlit	否	OK
Forewarned_Board	3	Universal Render Pipeline/Particles/Unlit	否	OK
FrenziedEffect	5	Everguild/FX/Extra Color, Everguild/FX/Particle Shine Custom Vertex Streams, Sprites/Default, Sprites/Mask, Universal Render Pipeline/Particles/Unlit	否	OK
Gain_Sentry	8	Everguild/FX/Extra Color, Everguild/FX/Particle Shine Custom Vertex Streams, Universal Render Pipeline/Particles/Unlit, WarpforgeVFX/Particles/Extra Color	否	OK
GainShuriken	8	Everguild/FX/Extra Color, Everguild/FX/Particle Shine Custom Vertex Streams, Sprites/Default, Sprites/Mask, Universal Render Pipeline/Particles/Unlit	否	OK
GatlingSweep	13	Everguild/FX/Extra Color, Everguild/Matcap/Matcap With Texture, Mobile/Particles/Additive, Universal Render Pipeline/Particles/Unlit, WarpforgeVFX/Particles/Extra Color	否	OK
Generic Tap Material	2	Universal Render Pipeline/Particles/Unlit	否	OK
Godspear Warhead Full	27	Everguild/FX/Alpha Mask One Layer, Everguild/FX/Alpha Masks Two Layer, Everguild/FX/Extra Color, Everguild/FX/Particle Distortion Affect Transparents, Everguild/Matcap/Matcap Full Options, Mobile/Particles/Alpha Blended, Universal Render Pipeline/Particles/Unlit, WarpforgeVFX/Particles/Extra Color	否	OK
Goff_GreatestWarboss	7	Everguild/Matcap/Matcap Full Options, Sprites/Default, Sprites/Mask, Universal Render Pipeline/Particles/Unlit	否	OK
Goff_ProperKilly	8	Everguild/FX/Glow Shader, Everguild/Matcap/Matcap Full Options, Mobile/Particles/Additive, Universal Render Pipeline/Particles/Unlit	是	OK
Goff_ProphetOfDaWaaagh	6	Everguild/Matcap/Matcap Full Options, Sprites/Default, Sprites/Mask, Universal Render Pipeline/Particles/Unlit	否	OK
Goff_Rok_Invasion	4	Mobile/Particles/Additive, Mobile/Particles/Alpha Blended, Mobile/Particles/Multiply, Universal Render Pipeline/Particles/Unlit	否	OK
Goff_UnbridledCarnageEffect	7	Universal Render Pipeline/Particles/Simple Lit, Universal Render Pipeline/Particles/Unlit	否	OK
Goff_Waaagh	4	Everguild/FX/Extra Color, Universal Render Pipeline/Particles/Unlit	否	OK
Goff_WaaaghRed	3	Mobile/Particles/Additive, Universal Render Pipeline/Particles/Unlit	否	OK
Goff_WaaaghRed_skulls	6	Everguild/FX/Extra Color, Mobile/Particles/Additive, Universal Render Pipeline/Particles/Unlit	否	OK
GreenSummonCircle	7	Everguild/FX/Extra Color, Universal Render Pipeline/Particles/Unlit	否	OK
GSC RecallToHand	5	Everguild/FX/Extra Color, Universal Render Pipeline/Particles/Unlit	否	OK
GSC Rockfall	6	Everguild/Matcap/Matcap Full Options, Legacy Shaders/Particles/Anim Alpha Blended, Mobile/Particles/Alpha Blended, Universal Render Pipeline/Particles/Unlit	否	OK
GSC Sabotage Use	5	Everguild/FX/Extra Color, Universal Render Pipeline/Particles/Unlit	否	OK
GSC Summon	4	Universal Render Pipeline/Particles/Unlit	否	OK
GuardSummon	2	Universal Render Pipeline/Particles/Unlit	否	OK
Hammer_Slam_SW	16	Everguild/FX/Extra Color, Everguild/FX/Particle Distortion Affect Transparents, Everguild/FX/ShieldVfx, Mobile/Particles/Additive, Universal Render Pipeline/Particles/Unlit, WarpforgeVFX/Particles/Extra Color	是	OK
Hammer_Throw_SW	14	Everguild/FX/Extra Color, Everguild/FX/Particle Distortion Affect Transparents, Everguild/FX/ShieldVfx, Mobile/Particles/Additive, Universal Render Pipeline/Particles/Unlit	是	OK
Healing_Circles	3	Mobile/Particles/Additive, Universal Render Pipeline/Particles/Unlit	否	OK
Healing_Projectile	5	Everguild/FX/Extra Color, Mobile/Particles/Additive, Universal Render Pipeline/Particles/Unlit	否	OK
Healing_Projectile_Frost	6	Everguild/FX/Extra Color, Mobile/Particles/Additive, Universal Render Pipeline/Particles/Unlit	否	OK
Healing_Projectile_Green	5	Everguild/FX/Extra Color, Mobile/Particles/Additive, Universal Render Pipeline/Particles/Unlit	否	OK
Healing_Projectile_Ork	8	Everguild/FX/Extra Color, Mobile/Particles/Additive, Universal Render Pipeline/Particles/Unlit	否	OK
HeldrakeStrike	10	Everguild/FX/Extra Color, Everguild/FX/Particle Premultiply, Everguild/Matcap/Matcap Full Options, Universal Render Pipeline/Particles/Unlit, WarpforgeVFX/Particles/Extra Color	否	OK
Helfire Burst Target	7	Everguild/FX/Extra Color, Universal Render Pipeline/Particles/Unlit	否	OK
Helspear_Assault_Buff	8	Universal Render Pipeline/Particles/Unlit	否	OK
HeroOfTheEmpire OLD	8	Everguild/FX/Extra Color, Mobile/Particles/Additive, Sprites/Default, Sprites/Mask, Universal Render Pipeline/Lit, Universal Render Pipeline/Particles/Unlit	否	OK
HeroRespiteEffect	6	Sprites/Default, Sprites/Mask, Universal Render Pipeline/Particles/Unlit	否	OK
Hexmark_Artifice_Deal1	9	Everguild/FX/Extra Color, Spine/Special/HiddenPass, Universal Render Pipeline/Particles/Unlit, WarpforgeVFX/Particles/Extra Color	是	OK
Hive Fleet Ground Growth	7	Everguild/FX/Extra Color, Mobile/Particles/Alpha Blended, Universal Render Pipeline/Particles/Unlit	否	OK
Hunta Rig Harpoon Hand	12	Everguild/FX/Unlit UV scroll, Everguild/Matcap/Matcap Full Options, Mobile/Particles/Additive, Sprites/Default, Sprites/Mask, Universal Render Pipeline/Particles/Unlit, WarpforgeVFX/Particles/Extra Color	否	OK
HuntMark_DamageEffect	23	Everguild/FX/Extra Color, Everguild/FX/Particle Distortion Affect Transparents, Mobile/Particles/Additive, Mobile/Particles/Alpha Blended, Sprites/Default, Sprites/Mask, Universal Render Pipeline/Particles/Unlit	否	OK
HuntMark_EndEffect	9	Mobile/Particles/Additive, Mobile/Particles/Alpha Blended, Sprites/Default, Sprites/Mask, Universal Render Pipeline/Particles/Unlit	否	OK
HuntMark_IdleEffect	11	Mobile/Particles/Additive, Mobile/Particles/Alpha Blended, Sprites/Default, Sprites/Mask, TextMeshPro/Distance Field, Universal Render Pipeline/Particles/Unlit	是	OK
HuntMark_StackEffect	9	Everguild/FX/Extra Color, Mobile/Particles/Additive, Sprites/Default, Sprites/Mask, Universal Render Pipeline/Particles/Unlit	否	OK
HuntMark_StartEffect	12	Everguild/FX/Extra Color, Mobile/Particles/Additive, Sprites/Default, Sprites/Mask, Universal Render Pipeline/Particles/Unlit	否	OK
HuntMark_User	5	Everguild/FX/Extra Color, Mobile/Particles/Additive, Universal Render Pipeline/Particles/Unlit	否	OK
Immortal Beam	7	Everguild/FX/Extra Color, Mobile/Particles/Additive, Universal Render Pipeline/Particles/Unlit	否	OK
Impact_blunt_lightning	7	Everguild/FX/Extra Color, Everguild/FX/Particle Distortion Affect Transparents, Universal Render Pipeline/Particles/Unlit	否	OK
Impact_blunt_lightning_Big	8	Everguild/FX/Extra Color, Everguild/FX/Particle Distortion Affect Transparents, Universal Render Pipeline/Particles/Unlit	否	OK
Impact_blunt_lightning_Big_Recoil	8	Everguild/FX/Extra Color, Everguild/FX/Particle Distortion Affect Transparents, Universal Render Pipeline/Particles/Unlit	否	OK
Impact_Ground_Stomp	6	Everguild/FX/Extra Color, Everguild/FX/Particle Distortion Affect Transparents, Universal Render Pipeline/Particles/Unlit	否	OK
Impact_Ground_Stomp_Big	8	Everguild/FX/Extra Color, Everguild/FX/Particle Distortion Affect Transparents, Everguild/Matcap/Matcap Full Options, Universal Render Pipeline/Particles/Unlit	否	OK
Infernal_Gaze	7	Everguild/FX/Extra Color, Mobile/Particles/Additive, Universal Render Pipeline/Particles/Unlit	否	OK
Infinity Circuit	5	Everguild/FX/Extra Color, Universal Render Pipeline/Particles/Unlit, WarpforgeVFX/Particles/Extra Color	否	OK
InspiredRetributionEffect	11	Everguild/FX/Extra Color, Sprites/Default, Sprites/Mask, Universal Render Pipeline/Particles/Unlit, WarpforgeVFX/Particles/Extra Color	否	OK
Invoke Minion Card Fade Default	4	Universal Render Pipeline/Particles/Unlit	否	OK
Invoke Minion Card Fade Legendary	2	Universal Render Pipeline/Particles/Unlit	否	OK
Invoke Minion Hits Ground	5	Shader Graphs/Fx_ParticleDissolve_apb, Shader Graphs/Fx_RockDissolve, Universal Render Pipeline/Particles/Unlit	否	OK
Invoke Minion Hits Ground Legendary	12	Everguild/FX/Extra Color, Shader Graphs/Fx_ParticleDissolve_apb, Shader Graphs/Fx_RockDissolve, Universal Render Pipeline/Particles/Unlit, WarpforgeVFX/Particles/Extra Color	否	OK
Invoke Minion Legendary ALT	7	Everguild/FX/Extra Color, Shader Graphs/Fx_ParticleDissolve_apb, Shader Graphs/Fx_RockDissolve, Universal Render Pipeline/Particles/Unlit	否	OK
InvulnerableEffect	6	Everguild/FX/Extra Color, Mobile/Particles/Additive, Sprites/Default, Sprites/Mask, Universal Render Pipeline/Particles/Unlit	否	OK
InvulnerableEffectDark	8	Everguild/FX/Extra Color, Sprites/Default, Sprites/Mask, Universal Render Pipeline/Particles/Unlit	否	OK
InvulnerableEffectGSC	7	Everguild/FX/Extra Color, Sprites/Default, Sprites/Mask, Universal Render Pipeline/Particles/Unlit	否	OK
InvulnerableEffectGuard	6	Everguild/FX/Extra Color, Sprites/Default, Sprites/Mask, Universal Render Pipeline/Particles/Unlit	否	OK
InvulnerableEffectSW	7	Everguild/FX/Extra Color, Mobile/Particles/Additive, Sprites/Default, Sprites/Mask, Universal Render Pipeline/Particles/Unlit	否	OK
InvulnerableEffectTau	7	Everguild/FX/Extra Color, Mobile/Particles/Additive, Sprites/Default, Sprites/Mask, Universal Render Pipeline/Particles/Unlit	否	OK
InvulnerableEffectTyranid	6	Everguild/FX/Extra Color, Mobile/Particles/Additive, Sprites/Default, Sprites/Mask, Universal Render Pipeline/Particles/Unlit	否	OK
Jammed Communications damage	8	Everguild/FX/Extra Color, Everguild/FX/Particle Distortion Affect Transparents, Mobile/Particles/Additive, Universal Render Pipeline/Particles/Unlit	否	OK
KhaineBuff	6	Everguild/Matcap/Matcap Full Options, Mobile/Particles/Additive, Universal Render Pipeline/Particles/Unlit	否	OK
Kroot_Summon_quick	3	Everguild/FX/Extra Color, Universal Render Pipeline/Particles/Unlit	否	OK
Laser_Red	9	Everguild/FX/Extra Color, Everguild/FX/Multi Ray, Everguild/FX/Particle Premultiply Greyscale Coloring, Spine/Special/HiddenPass, Universal Render Pipeline/Particles/Unlit, WarpforgeVFX/Particles/Extra Color	是	OK
Lasrifle Offscreen Target	9	Everguild/FX/Extra Color, Everguild/FX/Particle Distortion Affect Transparents, Universal Render Pipeline/Particles/Unlit, WarpforgeVFX/Particles/Extra Color	否	OK
Lasrifle_3shots	11	Everguild/FX/Extra Color, Everguild/FX/Particle Distortion Affect Transparents, Spine/Special/HiddenPass, Universal Render Pipeline/Particles/Unlit, WarpforgeVFX/Particles/Extra Color	是	OK
Lasrifle_auto	11	Everguild/FX/Extra Color, Everguild/FX/Particle Distortion Affect Transparents, Universal Render Pipeline/Particles/Unlit, WarpforgeVFX/Particles/Extra Color	否	OK
Lasrifle_auto OLD	11	Everguild/FX/Extra Color, Everguild/FX/Particle Distortion Affect Transparents, Spine/Special/HiddenPass, Universal Render Pipeline/Particles/Unlit, WarpforgeVFX/Particles/Extra Color	是	OK
Lasrifle_basic	11	Everguild/FX/Extra Color, Everguild/FX/Particle Distortion Affect Transparents, Universal Render Pipeline/Particles/Unlit, WarpforgeVFX/Particles/Extra Color	否	OK
Lasrifle_basic OLD	11	Everguild/FX/Extra Color, Everguild/FX/Particle Distortion Affect Transparents, Spine/Special/HiddenPass, Universal Render Pipeline/Particles/Unlit, WarpforgeVFX/Particles/Extra Color	是	OK
Lasrifle_hellpistol	11	Everguild/FX/Extra Color, Everguild/FX/Particle Distortion Affect Transparents, Spine/Special/HiddenPass, Universal Render Pipeline/Particles/Unlit, WarpforgeVFX/Particles/Extra Color	是	OK
Lasrifle_Hotshot_2shots	12	Everguild/FX/Extra Color, Everguild/FX/Particle Distortion Affect Transparents, Universal Render Pipeline/Particles/Unlit, WarpforgeVFX/Particles/Extra Color	否	OK
Lasrifle_Hotshot_3shots	12	Everguild/FX/Extra Color, Everguild/FX/Particle Distortion Affect Transparents, Universal Render Pipeline/Particles/Unlit, WarpforgeVFX/Particles/Extra Color	否	OK
Lasrifle_Hotshot_auto_burst	12	Everguild/FX/Extra Color, Everguild/FX/Particle Distortion Affect Transparents, Universal Render Pipeline/Particles/Unlit, WarpforgeVFX/Particles/Extra Color	否	OK
Lasrifle_Hotshot_basic	12	Everguild/FX/Extra Color, Everguild/FX/Particle Distortion Affect Transparents, Universal Render Pipeline/Particles/Unlit, WarpforgeVFX/Particles/Extra Color	否	OK
Lasrifle_Hotshot_pistol	12	Everguild/FX/Extra Color, Everguild/FX/Particle Distortion Affect Transparents, Universal Render Pipeline/Particles/Unlit, WarpforgeVFX/Particles/Extra Color	否	OK
Lasrifle_laspistol	11	Everguild/FX/Extra Color, Everguild/FX/Particle Distortion Affect Transparents, Universal Render Pipeline/Particles/Unlit, WarpforgeVFX/Particles/Extra Color	否	OK
Lasrifle_laspistol OLD	11	Everguild/FX/Extra Color, Everguild/FX/Particle Distortion Affect Transparents, Spine/Special/HiddenPass, Universal Render Pipeline/Particles/Unlit, WarpforgeVFX/Particles/Extra Color	是	OK
Lasrifle_laspistol_quick	11	Everguild/FX/Extra Color, Everguild/FX/Particle Distortion Affect Transparents, Universal Render Pipeline/Particles/Unlit, WarpforgeVFX/Particles/Extra Color	否	OK
Lasrifle_laspistol_Ursula_AA	11	Everguild/FX/Extra Color, Mobile/Particles/Additive, Universal Render Pipeline/Particles/Unlit, WarpforgeVFX/Particles/Extra Color	否	OK
Lasrifle_offscreen	8	Everguild/FX/Extra Color, Everguild/FX/Particle Distortion Affect Transparents, Universal Render Pipeline/Particles/Unlit, WarpforgeVFX/Particles/Extra Color	否	OK
Lasrifle_offscreen_1x	8	Everguild/FX/Extra Color, Everguild/FX/Particle Distortion Affect Transparents, Universal Render Pipeline/Particles/Unlit, WarpforgeVFX/Particles/Extra Color	否	OK
Lasrifle_offscreen_5x	8	Everguild/FX/Extra Color, Everguild/FX/Particle Distortion Affect Transparents, Universal Render Pipeline/Particles/Unlit, WarpforgeVFX/Particles/Extra Color	否	OK
Lightning burst webway	6	Everguild/FX/Extra Color, Universal Render Pipeline/Particles/Unlit, WarpforgeVFX/Particles/Extra Color	否	OK
Lightning_Green	8	Everguild/FX/Extra Color, Mobile/Particles/Additive, Sprites/Default, Sprites/Mask, Universal Render Pipeline/Particles/Unlit, WarpforgeVFX/Particles/Extra Color	否	OK
LongRange_GainTrait	6	Everguild/FX/Extra Color, Everguild/FX/Particle Dissolve Mask, Universal Render Pipeline/Particles/Unlit	否	OK
LongRange_LoseTrait	4	Everguild/FX/Extra Color, Everguild/FX/Particle Dissolve Mask, Universal Render Pipeline/Particles/Unlit	否	OK
MarkerlightExpire	6	Everguild/FX/Extra Color, Everguild/FX/MarkerLight, Everguild/FX/Unlit UV scroll, Universal Render Pipeline/Particles/Unlit	是	OK
MarkerlightIdle	8	Everguild/FX/Extra Color, Everguild/FX/MarkerLight, Everguild/FX/Unlit UV scroll, TextMeshPro/Distance Field, Universal Render Pipeline/Particles/Unlit	是	OK
MarkerlightProcEffect	15	Everguild/FX/Alpha Mask One Layer, Everguild/FX/Extra Color, Sprites/Default, Sprites/Mask, Universal Render Pipeline/Particles/Unlit	否	OK
MarkerlightSource	9	Everguild/FX/Alpha Mask One Layer, Everguild/FX/Extra Color, Everguild/FX/Unlit UV scroll, Sprites/Default, Sprites/Mask, Universal Render Pipeline/Particles/Unlit	否	OK
MarkerlightTriggerDamage	14	Everguild/FX/Extra Color, Sprites/Default, Sprites/Mask, Universal Render Pipeline/Particles/Unlit	否	OK
MarkOfKhorne_enchantment	2	Everguild/FX/Extra Color, Universal Render Pipeline/Particles/Unlit	否	OK
MarkOfNurgle_enchantment	4	Mobile/Particles/Alpha Blended, Universal Render Pipeline/Particles/Unlit	否	OK
MarkOfSlaanesh_enchantment	3	Universal Render Pipeline/Particles/Unlit	否	OK
MarkOfTzeentch_enchantment	4	Everguild/FX/Extra Color, Mobile/Particles/Additive, Universal Render Pipeline/Particles/Unlit, WarpforgeVFX/Particles/Extra Color	否	OK
MasterOfExecutions	5	Legacy Shaders/Particles/Alpha Blended, Mobile/Particles/Additive, Universal Render Pipeline/Particles/Simple Lit, Universal Render Pipeline/Particles/Unlit	否	OK
MegaBlasta	17	Everguild/FX/Extra Color, Everguild/FX/Multi Ray, Spine/Special/HiddenPass, Universal Render Pipeline/Particles/Unlit, WarpforgeVFX/Particles/Extra Color	是	OK
MegaBlasta_Small	18	Everguild/FX/Extra Color, Everguild/FX/Particle Distortion Affect Transparents, Everguild/FX/Particle Premultiply Greyscale Coloring, Legacy Shaders/Particles/Additive, Universal Render Pipeline/Particles/Unlit, WarpforgeVFX/Particles/Extra Color	否	OK
Meteor Angled	5	Universal Render Pipeline/Particles/Unlit	否	OK
Mining_Laser	11	Everguild/FX/Extra Color, Everguild/FX/Multi Ray, Everguild/FX/Particle Premultiply Greyscale Coloring, Mobile/Particles/Additive, Spine/Special/HiddenPass, Universal Render Pipeline/Particles/Unlit, WarpforgeVFX/Particles/Extra Color	是	OK
MobEffect	8	Everguild/FX/Particle Shine Custom Vertex Streams, Mobile/Particles/Additive, Sprites/Default, Sprites/Mask, Universal Render Pipeline/Particles/Unlit	否	OK
MoreDakkaEffect	5	Sprites/Default, Sprites/Mask, Universal Render Pipeline/Particles/Unlit	否	OK
Necron_Regenerate	4	Everguild/FX/Extra Color, Sprites/Default, Sprites/Mask, Universal Render Pipeline/Particles/Unlit	否	OK
NecronGauss	12	Everguild/FX/Extra Color, Everguild/FX/Multi Ray, Spine/Special/HiddenPass, Universal Render Pipeline/Particles/Unlit, WarpforgeVFX/Particles/Extra Color	是	OK
NecronGauss_Damaged Hexmark	9	Everguild/FX/Extra Color, Spine/Special/HiddenPass, Universal Render Pipeline/Particles/Unlit, WarpforgeVFX/Particles/Extra Color	是	OK
NecronGauss_Deathmark	11	Everguild/FX/Extra Color, Everguild/FX/Multi Ray, Spine/Special/HiddenPass, Universal Render Pipeline/Particles/Unlit, WarpforgeVFX/Particles/Extra Color	是	OK
NecronGauss_Double	12	Everguild/FX/Extra Color, Everguild/FX/Multi Ray, Spine/Special/HiddenPass, Universal Render Pipeline/Particles/Unlit, WarpforgeVFX/Particles/Extra Color	是	OK
NecronGauss_Hexmark	9	Everguild/FX/Extra Color, Spine/Special/HiddenPass, Universal Render Pipeline/Particles/Unlit, WarpforgeVFX/Particles/Extra Color	是	OK
NecronGauss_Imotekh_AA	15	Everguild/FX/Extra Color, Everguild/FX/Multi Ray, Mobile/Particles/Additive, Universal Render Pipeline/Particles/Unlit, WarpforgeVFX/Particles/Extra Color	否	OK
NecronGauss_Large	12	Everguild/FX/Extra Color, Everguild/FX/Multi Ray, Spine/Special/HiddenPass, Universal Render Pipeline/Particles/Unlit, WarpforgeVFX/Particles/Extra Color	是	OK
NecronGauss_Tesla	8	Everguild/FX/Extra Color, Everguild/FX/Multi Ray, Universal Render Pipeline/Particles/Unlit, WarpforgeVFX/Particles/Extra Color	否	OK
NecronGauss_Tesla_Annihilation Barge	9	Everguild/FX/Extra Color, Everguild/FX/Multi Ray, Everguild/FX/Particle Distortion Affect Transparents, Universal Render Pipeline/Particles/Unlit, WarpforgeVFX/Particles/Extra Color	否	OK
NecronGauss_Trilinked	12	Everguild/FX/Extra Color, Everguild/FX/Multi Ray, Spine/Special/HiddenPass, Universal Render Pipeline/Particles/Unlit, WarpforgeVFX/Particles/Extra Color	是	OK
NecronGauss_Twinlinked	12	Everguild/FX/Extra Color, Everguild/FX/Multi Ray, Spine/Special/HiddenPass, Universal Render Pipeline/Particles/Unlit, WarpforgeVFX/Particles/Extra Color	是	OK
Necrons death explosion	9	Everguild/Cards/3D Card Explosion, Everguild/FX/Extra Color, Everguild/FX/Rays For Trail, Universal Render Pipeline/Particles/Unlit	是	OK
NephilimShadow_Flyover	1	Universal Render Pipeline/Particles/Unlit	否	OK
Njal Blizzard Attack	15	Everguild/FX/Alpha Mask One Layer, Everguild/FX/Extra Color, Everguild/Matcap/Matcap Full Options, Mobile/Particles/Additive, Universal Render Pipeline/Particles/Unlit, WarpforgeVFX/Particles/Extra Color	否	OK
NoMukkinAboutEffect	14	Everguild/FX/Burning, Everguild/FX/Extra Color, Everguild/FX/Particle Distortion Affect Transparents, Everguild/Matcap/Matcap Full Options, Legacy Shaders/Particles/Additive, Legacy Shaders/Particles/Alpha Blended, Mobile/Particles/Additive, Universal Render Pipeline/Particles/Unlit, WarpforgeVFX/Particles/Extra Color	是	OK
Oath_Effect	8	Everguild/FX/Extra Color, Everguild/FX/Particle Shine Custom Vertex Streams, UI/Additive, Universal Render Pipeline/Particles/Unlit, WarpforgeVFX/Particles/Extra Color	否	OK
Offensive_Sweeping_Infestation_Target	8	Everguild/FX/Extra Color, Universal Render Pipeline/Particles/Unlit	否	OK
Offensive_Thunderstorm Target	10	Everguild/FX/Extra Color, Mobile/Particles/Alpha Blended, Universal Render Pipeline/Particles/Unlit, WarpforgeVFX/Particles/Extra Color	否	OK
Orbital 3 repeat	10	Everguild/FX/Extra Color, Everguild/FX/Rays For Trail, Universal Render Pipeline/Particles/Unlit	是	OK
Orbital 4 repeat	10	Everguild/FX/Extra Color, Everguild/FX/Rays For Trail, Universal Render Pipeline/Particles/Unlit	是	OK
Orbital 5 repeat	10	Everguild/FX/Extra Color, Everguild/FX/Rays For Trail, Universal Render Pipeline/Particles/Unlit	是	OK
Orbital Bombardment Enemy Warlord	18	Everguild/FX/Extra Color, Everguild/FX/Particle Distortion Affect Transparents, Everguild/FX/Rays For Trail, Everguild/Matcap/Matcap Full Options, Universal Render Pipeline/Particles/Unlit	是	OK
Orbital Bombardment Target	18	Everguild/FX/Extra Color, Everguild/FX/Particle Distortion Affect Transparents, Everguild/FX/Rays For Trail, Everguild/Matcap/Matcap Full Options, Universal Render Pipeline/Particles/Unlit	是	OK
Ork Environmental Condition Dust	2	Universal Render Pipeline/Particles/Unlit	否	OK
Ork Environmental Condition Spore Clouds	9	Universal Render Pipeline/Particles/Unlit	否	OK
Ork_Rocket	4	Everguild/FX/Extra Color, Legacy Shaders/Particles/Alpha Blended Premultiply, Mobile/Particles/Additive, Universal Render Pipeline/Particles/Unlit	否	OK
Ork_RocketDown	10	Everguild/FX/Extra Color, Legacy Shaders/Particles/Alpha Blended Premultiply, Mobile/Particles/Additive, Mobile/Particles/Alpha Blended, Universal Render Pipeline/Particles/Unlit	否	OK
Ork_RocketUp	6	Everguild/FX/Extra Color, Legacy Shaders/Particles/Alpha Blended Premultiply, Mobile/Particles/Additive, Universal Render Pipeline/Particles/Unlit	否	OK
Ork_Squiggoth_Charge	6	Everguild/FX/Extra Color, Everguild/Matcap/Matcap Full Options, Mobile/Particles/Alpha Blended, Universal Render Pipeline/Particles/Unlit	否	OK
Ork_StormboyzStrike	10	Everguild/FX/Extra Color, Everguild/FX/Particle Distortion Affect Transparents, Universal Render Pipeline/Particles/Unlit	否	OK
Ork_Target	7	Everguild/FX/Extra Color, Sprites/Default, Sprites/Mask, Universal Render Pipeline/Particles/Unlit	否	OK
Ork_Trampla_Charge	6	Everguild/FX/Extra Color, Everguild/Matcap/Matcap Full Options, Mobile/Particles/Alpha Blended, Universal Render Pipeline/Particles/Unlit	否	OK
OrkBuff_KrumpDaGitz	12	Everguild/FX/Extra Color, Everguild/FX/Particle Shine Custom Vertex Streams, Mobile/Particles/Additive, Sprites/Default, Sprites/Mask, Universal Render Pipeline/Particles/Unlit	否	OK
OrkBuff_Recall	6	Everguild/FX/Extra Color, Mobile/Particles/Additive, Universal Render Pipeline/Particles/Unlit	否	OK
OrkBuff_Snakebitez_1	9	Mobile/Particles/Additive, Sprites/Default, Sprites/Mask, Universal Render Pipeline/Particles/Unlit	否	OK
OrkBuff_Snakebitez_1_2D_SFX	9	Mobile/Particles/Additive, Sprites/Default, Sprites/Mask, Universal Render Pipeline/Particles/Unlit	否	OK
OrkBuff_Snakebitez_1_NoIcon	8	Mobile/Particles/Additive, Sprites/Default, Sprites/Mask, Universal Render Pipeline/Particles/Unlit	否	OK
OrkBuff_Snakebitez_1_Quick	8	Mobile/Particles/Additive, Sprites/Default, Sprites/Mask, Universal Render Pipeline/Particles/Unlit	否	OK
OrkBuff_Snakebitez_2	7	Everguild/FX/Extra Color, Mobile/Particles/Additive, Universal Render Pipeline/Particles/Unlit	否	OK
OrkBuff_Snakebitez_2_Intense	9	Everguild/FX/Extra Color, Everguild/FX/Particle Distortion Affect Transparents, Mobile/Particles/Additive, Universal Render Pipeline/Particles/Unlit	否	OK
OrkBuffGreenWaaagh	9	Mobile/Particles/Additive, Sprites/Default, Sprites/Mask, Universal Render Pipeline/Particles/Unlit	否	OK
Pack_WhileInPlay	5	Universal Render Pipeline/Particles/Unlit	否	OK
PathOfCommand_buff	8	Everguild/FX/Extra Color, Everguild/FX/Particle Dissolve Mask, Everguild/FX/Unlit UV scroll, Universal Render Pipeline/Particles/Unlit, WarpforgeVFX/Particles/Extra Color	否	OK
PathOfTheSeer	6	Universal Render Pipeline/Particles/Unlit	否	OK
PathOfTheSeer_BG-effect	6	Universal Render Pipeline/Particles/Unlit	否	OK
PathOfTheSeerGreen	6	Universal Render Pipeline/Particles/Unlit	否	OK
PathOfTheSeerRed	6	Universal Render Pipeline/Particles/Unlit	否	OK
PathOfTheWarrior_Projectile	9	Everguild/FX/Particle Shine Custom Vertex Streams, Particles/Standard Unlit, Universal Render Pipeline/Particles/Unlit, WarpforgeVFX/Particles/Extra Color	否	OK
PenitenceEffect	8	Everguild/FX/Extra Color, Everguild/FX/Particle Dissolve Mask, Everguild/FX/Particle Premultiply Greyscale Coloring, Sprites/Default, Sprites/Mask, Universal Render Pipeline/Particles/Unlit	否	OK
PinDownEffect	5	Sprites/Default, Sprites/Mask, Universal Render Pipeline/Particles/Unlit	否	OK
Plasma_basic OLD	9	Everguild/FX/Extra Color, Everguild/FX/Particle Distortion Affect Transparents, Legacy Shaders/Particles/Additive, Universal Render Pipeline/Lit, Universal Render Pipeline/Particles/Unlit	否	OK
Plasma_basic_blue	15	Everguild/FX/Extra Color, Everguild/FX/Particle Distortion Affect Transparents, Legacy Shaders/Particles/Additive, Universal Render Pipeline/Lit, Universal Render Pipeline/Particles/Unlit, WarpforgeVFX/Particles/Extra Color	否	OK
Plasma_basic_blue_double	15	Everguild/FX/Extra Color, Everguild/FX/Particle Distortion Affect Transparents, Legacy Shaders/Particles/Additive, Universal Render Pipeline/Lit, Universal Render Pipeline/Particles/Unlit, WarpforgeVFX/Particles/Extra Color	否	OK
Plasma_basic_blue_triple	15	Everguild/FX/Extra Color, Everguild/FX/Particle Distortion Affect Transparents, Legacy Shaders/Particles/Additive, Universal Render Pipeline/Lit, Universal Render Pipeline/Particles/Unlit, WarpforgeVFX/Particles/Extra Color	否	OK
Plasma_basic_blue_twinlink	15	Everguild/FX/Extra Color, Everguild/FX/Particle Distortion Affect Transparents, Legacy Shaders/Particles/Additive, Universal Render Pipeline/Lit, Universal Render Pipeline/Particles/Unlit, WarpforgeVFX/Particles/Extra Color	否	OK
Plasma_basic_burst_turqoise	17	Everguild/FX/Extra Color, Everguild/FX/Particle Distortion Affect Transparents, Legacy Shaders/Particles/Additive, Universal Render Pipeline/Lit, Universal Render Pipeline/Particles/Unlit, WarpforgeVFX/Particles/Extra Color	否	OK
Plasma_basic_pink	16	Everguild/FX/Extra Color, Everguild/FX/Particle Distortion Affect Transparents, Legacy Shaders/Particles/Additive, Universal Render Pipeline/Lit, Universal Render Pipeline/Particles/Unlit, WarpforgeVFX/Particles/Extra Color	否	OK
Plasma_basic_pink OLD	9	Everguild/FX/Extra Color, Everguild/FX/Particle Distortion Affect Transparents, Legacy Shaders/Particles/Additive, Universal Render Pipeline/Lit, Universal Render Pipeline/Particles/Unlit	否	OK
Plasma_basic_red	16	Everguild/FX/Extra Color, Everguild/FX/Particle Distortion Affect Transparents, Legacy Shaders/Particles/Additive, Universal Render Pipeline/Lit, Universal Render Pipeline/Particles/Unlit, WarpforgeVFX/Particles/Extra Color	否	OK
Plasma_basic_turqoise	17	Everguild/FX/Extra Color, Everguild/FX/Particle Distortion Affect Transparents, Legacy Shaders/Particles/Additive, Universal Render Pipeline/Lit, Universal Render Pipeline/Particles/Unlit, WarpforgeVFX/Particles/Extra Color	否	OK
Plasma_basic_yellow	16	Everguild/FX/Extra Color, Everguild/FX/Particle Distortion Affect Transparents, Legacy Shaders/Particles/Additive, Universal Render Pipeline/Lit, Universal Render Pipeline/Particles/Unlit, WarpforgeVFX/Particles/Extra Color	否	OK
Plasma_blue_pointblank	10	Everguild/FX/Extra Color, Everguild/FX/Particle Distortion Affect Transparents, Universal Render Pipeline/Lit, Universal Render Pipeline/Particles/Unlit	否	OK
Plasma_blue_pointblank_double	10	Everguild/FX/Extra Color, Everguild/FX/Particle Distortion Affect Transparents, Universal Render Pipeline/Lit, Universal Render Pipeline/Particles/Unlit	否	OK
Plasma_triple_Azrael_AA	15	Everguild/FX/Extra Color, Mobile/Particles/Additive, Universal Render Pipeline/Lit, Universal Render Pipeline/Particles/Unlit, WarpforgeVFX/Particles/Extra Color	否	OK
Plasmancer_Damage	5	Everguild/FX/Extra Color, Everguild/FX/TrailShader_1, Universal Render Pipeline/Particles/Unlit	否	OK
Possession_self	8	Mobile/Particles/Alpha Blended, Universal Render Pipeline/Particles/Unlit, WarpforgeVFX/Particles/Extra Color	否	OK
Pray_Exit	8	Everguild/FX/Extra Color, Everguild/FX/Particle Dissolve Mask, Universal Render Pipeline/Particles/Unlit, WarpforgeVFX/Particles/Extra Color	否	OK
Pray_Idle	5	Everguild/FX/Extra Color, Everguild/FX/Specific/Pray Glow, Universal Render Pipeline/Particles/Unlit, WarpforgeVFX/Particles/Extra Color	是	OK
Pray_Start	9	Everguild/FX/Extra Color, Universal Render Pipeline/Particles/Unlit, WarpforgeVFX/Particles/Extra Color	否	OK
Pray_Success	13	Everguild/FX/Extra Color, Universal Render Pipeline/Particles/Unlit, WarpforgeVFX/Particles/Extra Color	否	OK
Protocol Base	6	Everguild/FX/Extra Color, Mobile/Particles/Additive, Universal Render Pipeline/Particles/Unlit	否	OK
Psychic_Lightning	7	Everguild/FX/Extra Color, Mobile/Particles/Additive, Universal Render Pipeline/Particles/Unlit, WarpforgeVFX/Particles/Extra Color	否	OK
Psychic_Lightning_blast	7	Everguild/FX/Extra Color, Mobile/Particles/Additive, Universal Render Pipeline/Particles/Unlit, WarpforgeVFX/Particles/Extra Color	否	OK
Psychic_Lightning_blast_chaos	8	Everguild/FX/Extra Color, Mobile/Particles/Additive, Universal Render Pipeline/Particles/Unlit, WarpforgeVFX/Particles/Extra Color	否	OK
Psychic_Lightning_chaos	8	Everguild/FX/Extra Color, Mobile/Particles/Additive, Universal Render Pipeline/Particles/Unlit, WarpforgeVFX/Particles/Extra Color	否	OK
Psychic_Lightning_down	7	Everguild/FX/Extra Color, Mobile/Particles/Additive, Universal Render Pipeline/Particles/Unlit, WarpforgeVFX/Particles/Extra Color	否	OK
Psychic_Lightning_down_Intense_white	11	Everguild/FX/Extra Color, Universal Render Pipeline/Particles/Unlit, WarpforgeVFX/Particles/Extra Color	否	OK
Psychic_Lightning_down_Waaagh_Green	12	Everguild/FX/Extra Color, Universal Render Pipeline/Particles/Unlit, WarpforgeVFX/Particles/Extra Color	否	OK
Psychic_Lightning_Genestealer	13	Everguild/FX/Extra Color, Everguild/FX/Particle Distortion Affect Transparents, Mobile/Particles/Additive, Universal Render Pipeline/Particles/Unlit, WarpforgeVFX/Particles/Extra Color	否	OK
Psychic_Lightning_Genestealer_Benefictus	13	Everguild/FX/Extra Color, Everguild/FX/Particle Distortion Affect Transparents, Mobile/Particles/Additive, Universal Render Pipeline/Particles/Unlit, WarpforgeVFX/Particles/Extra Color	否	OK
Psychic_Lightning_NornEmissary	9	Everguild/FX/Extra Color, Everguild/FX/Particle Distortion Affect Transparents, Mobile/Particles/Additive, Universal Render Pipeline/Particles/Unlit, WarpforgeVFX/Particles/Extra Color	否	OK
Psychic_Lightning_Purple	7	Everguild/FX/Extra Color, Mobile/Particles/Additive, Universal Render Pipeline/Particles/Unlit, WarpforgeVFX/Particles/Extra Color	否	OK
Psychic_Lightning_Red	7	Everguild/FX/Extra Color, Mobile/Particles/Additive, Universal Render Pipeline/Particles/Unlit, WarpforgeVFX/Particles/Extra Color	否	OK
Psychic_Lightning_Swarmlord	8	Everguild/FX/Extra Color, Mobile/Particles/Additive, Universal Render Pipeline/Particles/Unlit, WarpforgeVFX/Particles/Extra Color	否	OK
Psychic_Lightning_Tyranid	8	Everguild/FX/Extra Color, Mobile/Particles/Additive, Universal Render Pipeline/Particles/Unlit, WarpforgeVFX/Particles/Extra Color	否	OK
Psychic_Lightning_Waaagh	13	Everguild/FX/Extra Color, Mobile/Particles/Additive, Universal Render Pipeline/Particles/Unlit, WarpforgeVFX/Particles/Extra Color	否	OK
Psychic_Lightning_Waaagh_Board	12	Everguild/FX/Extra Color, Universal Render Pipeline/Particles/Unlit, WarpforgeVFX/Particles/Extra Color	否	OK
Psychic_Lightning_warlord_chaos	7	Everguild/FX/Extra Color, Mobile/Particles/Additive, Universal Render Pipeline/Particles/Unlit, WarpforgeVFX/Particles/Extra Color	否	OK
Psychic_Lightning_warlord_OLD	7	Everguild/FX/Extra Color, Mobile/Particles/Additive, Universal Render Pipeline/Particles/Unlit, WarpforgeVFX/Particles/Extra Color	否	OK
Psychic_Lightning_white	7	Everguild/FX/Extra Color, Mobile/Particles/Additive, Universal Render Pipeline/Particles/Unlit, WarpforgeVFX/Particles/Extra Color	否	OK
Psychomancer_Stun	6	Everguild/FX/Extra Color, Everguild/FX/Particle Premultiply Greyscale Coloring, Everguild/FX/TrailShader_1, Universal Render Pipeline/Particles/Unlit	否	OK
Pulse Onslaught	10	Everguild/FX/Extra Color, Mobile/Particles/Additive, Universal Render Pipeline/Particles/Unlit, WarpforgeVFX/Particles/Extra Color	否	OK
Quest UI Gain	6	Universal Render Pipeline/Particles/Unlit	否	OK
Quest UI Trigger	6	Everguild/FX/Extra Color, Everguild/FX/Particle Shine Custom Vertex Streams, Universal Render Pipeline/Particles/Unlit	否	OK
Railgun turret	8	Everguild/FX/Extra Color, Everguild/FX/Particle Distortion Affect Transparents, Mobile/Particles/Additive, WarpforgeVFX/Particles/Extra Color	否	OK
RallyEffect	8	Everguild/FX/Extra Color, Mobile/Particles/Additive, Sprites/Default, Sprites/Mask, Universal Render Pipeline/Particles/Unlit, WarpforgeVFX/Particles/Extra Color	否	OK
Rapacious_Hunger	7	Everguild/FX/Particle Distortion Affect Transparents, Everguild/FX/Unlit UV scroll, Universal Render Pipeline/Particles/Unlit	否	OK
Rapturous Ruination Board	11	Everguild/FX/Extra Color, Everguild/FX/Particle Distortion Affect Transparents, Everguild/Matcap/Matcap Full Options, Mobile/Particles/Additive, Mobile/Particles/Alpha Blended, Universal Render Pipeline/Particles/Unlit, WarpforgeVFX/Particles/Extra Color	否	OK
Recall_Eldar	7	Mobile/Particles/Additive, Mobile/Particles/Alpha Blended, Universal Render Pipeline/Particles/Unlit	否	OK
Recall_Eldar_2	8	Everguild/FX/Extra Color, Mobile/Particles/Additive, Mobile/Particles/Alpha Blended, Universal Render Pipeline/Particles/Unlit	否	OK
Recall_Eldar_2_quick	8	Everguild/FX/Extra Color, Mobile/Particles/Additive, Mobile/Particles/Alpha Blended, Universal Render Pipeline/Particles/Unlit	否	OK
Recall_Eldar_2_quick_ground	9	Everguild/FX/Extra Color, Everguild/Matcap/Matcap Full Options, Mobile/Particles/Additive, Mobile/Particles/Alpha Blended, Universal Render Pipeline/Particles/Unlit	否	OK
Recall_Eldar_2_quick_ground_warlord	9	Everguild/FX/Extra Color, Everguild/Matcap/Matcap Full Options, Mobile/Particles/Additive, Mobile/Particles/Alpha Blended, Universal Render Pipeline/Particles/Unlit	否	OK
Recall_Eldar_2_quick_UI	8	Everguild/FX/Extra Color, Mobile/Particles/Additive, Mobile/Particles/Alpha Blended, Universal Render Pipeline/Particles/Unlit	否	OK
Recall_Eldar_2_reverse	8	Everguild/FX/Extra Color, Mobile/Particles/Additive, Mobile/Particles/Alpha Blended, Universal Render Pipeline/Particles/Unlit	否	OK
Recall_Generic	7	Everguild/FX/Extra Color, Universal Render Pipeline/Particles/Unlit	否	OK
Recon Enemy Hand	5	Everguild/FX/Alpha Mask One Layer, Mobile/Particles/Additive, Universal Render Pipeline/Particles/Unlit	否	OK
Recon Enemy Hand Purple	6	Everguild/FX/Alpha Mask One Layer, Everguild/FX/Extra Color, Mobile/Particles/Additive, Universal Render Pipeline/Particles/Unlit	否	OK
Recon Hit	8	Everguild/FX/Alpha Mask One Layer, Everguild/FX/Extra Color, Everguild/FX/Unlit UV scroll, Sprites/Default, Sprites/Mask, Universal Render Pipeline/Particles/Unlit	否	OK
Recon Hit Purple	8	Everguild/FX/Alpha Mask One Layer, Everguild/FX/Extra Color, Everguild/FX/Unlit UV scroll, Sprites/Default, Sprites/Mask, Universal Render Pipeline/Particles/Unlit	否	OK
Recon Scan	9	Everguild/FX/Alpha Mask One Layer, Everguild/FX/Extra Color, Everguild/FX/Unlit UV scroll, Sprites/Default, Sprites/Mask, Universal Render Pipeline/Particles/Unlit	否	OK
Recon Scan 2	6	Everguild/FX/Extra Color, Everguild/FX/Unlit UV scroll, Sprites/Default, Sprites/Mask, Universal Render Pipeline/Particles/Unlit	否	OK
Recon Scan Purple	8	Everguild/FX/Extra Color, Everguild/FX/Unlit UV scroll, Sprites/Default, Sprites/Mask, Universal Render Pipeline/Particles/Unlit, WarpforgeVFX/Particles/Extra Color	否	OK
RegimentEffect	6	Everguild/FX/FX Shine For Animation, Mobile/Particles/Additive, Sprites/Default, Sprites/Mask, Universal Render Pipeline/Particles/Unlit	是	OK
Relentless Fusillade	10	Everguild/FX/Extra Color, Mobile/Particles/Additive, Universal Render Pipeline/Particles/Unlit, WarpforgeVFX/Particles/Extra Color	否	OK
Relentless Fusillade sniper	12	Everguild/FX/Extra Color, Everguild/FX/Particle Distortion Affect Transparents, Mobile/Particles/Additive, Universal Render Pipeline/Particles/Unlit, WarpforgeVFX/Particles/Extra Color	否	OK
RelentlessEffect	5	Sprites/Default, Sprites/Mask, Universal Render Pipeline/Particles/Unlit	否	OK
RemnantBody3D Aeldari	19	Everguild/Cards/3D Card Explosion, Everguild/Cards/Gem Crystal Glitter, Everguild/Cards/Gem Crystal Glitter Explosion, Everguild/FX/Extra Color, Everguild/FX/Particle Distortion Affect Transparents, Everguild/FX/Rays For Trail, Everguild/FX/Unlit UV scroll, Sprites/Default, Universal Render Pipeline/Particles/Unlit	是	OK
RemnantBody3D Necrons	15	Everguild/Cards/Necrons Base Death, Everguild/Cards/Shatter Inner Pieces, Everguild/FX/Card Remnant Death Icon, Everguild/FX/Extra Color, Everguild/FX/Unlit UV scroll, Sprites/Default, Universal Render Pipeline/Particles/Unlit	是	OK
RiftCannon_Laser	14	Everguild/FX/Extra Color, Everguild/FX/Particle Distortion Affect Transparents, Everguild/FX/Particle Premultiply Greyscale Coloring, Mobile/Particles/Additive, Spine/Special/HiddenPass, Universal Render Pipeline/Particles/Unlit, WarpforgeVFX/Particles/Extra Color	是	OK
RocketTrail	10	Universal Render Pipeline/Particles/Unlit	否	OK
Rockfall	5	Everguild/Matcap/Matcap Full Options, Legacy Shaders/Particles/Anim Alpha Blended, Mobile/Particles/Alpha Blended, Universal Render Pipeline/Particles/Unlit	否	OK
SAU_CardDraw	6	Everguild/FX/Extra Color, Mobile/Particles/Additive, Sprites/Default, Sprites/Mask, Universal Render Pipeline/Particles/Unlit	否	OK
Sau_CurseOfThePhaeron	4	Everguild/FX/Particle Premultiply Greyscale Coloring, Universal Render Pipeline/Particles/Unlit	否	OK
Sau_DamageProtocol	9	Everguild/FX/Extra Color, Mobile/Particles/Additive, Universal Render Pipeline/Particles/Unlit	否	OK
Sau_DamageProtocol_OLD	7	Everguild/FX/Extra Color, Mobile/Particles/Additive, Universal Render Pipeline/Particles/Unlit	否	OK
Sau_DamageProtocol_Quick	7	Everguild/FX/Extra Color, Mobile/Particles/Additive, Universal Render Pipeline/Particles/Unlit	否	OK
Sau_Dimensional_Breach_Battleground	9	Everguild/FX/Extra Color, Everguild/FX/TrailShader_Fading, Universal Render Pipeline/Particles/Unlit, WarpforgeVFX/Particles/Extra Color	否	OK
Sau_Dimensional_Breach_Spawn	12	Everguild/FX/Extra Color, Everguild/FX/TrailShader_Fading, Universal Render Pipeline/Particles/Unlit, WarpforgeVFX/Particles/Extra Color	否	OK
Sau_HealProtocol	9	Everguild/FX/Extra Color, Mobile/Particles/Additive, Universal Render Pipeline/Particles/Unlit	否	OK
Sau_HealProtocol_OLD	7	Everguild/FX/Extra Color, Mobile/Particles/Additive, Universal Render Pipeline/Particles/Unlit	否	OK
Sau_IndomitableWill	5	Everguild/FX/Extra Color, Mobile/Particles/Additive, Universal Render Pipeline/Particles/Unlit	否	OK
Sau_LordOfTheStorm	10	Everguild/FX/Extra Color, Mobile/Particles/Alpha Blended, Universal Render Pipeline/Particles/Unlit	否	OK
Sau_MasterChronomancer	9	Everguild/FX/Extra Color, Mobile/Particles/Additive, Universal Render Pipeline/Particles/Unlit	否	OK
Sau_MethodicalDestruction	11	Everguild/FX/Extra Color, Everguild/FX/Multi Ray, Everguild/FX/Particle Distortion Affect Transparents, Everguild/Matcap/Matcap Full Options, Mobile/Particles/Additive, Universal Render Pipeline/Particles/Unlit	否	OK
Sau_ParticleWhip	15	Everguild/FX/Extra Color, Everguild/FX/Multi Ray, Everguild/FX/Particle Distortion Affect Transparents, Everguild/Matcap/Matcap Full Options, Mobile/Particles/Additive, Universal Render Pipeline/Particles/Unlit, WarpforgeVFX/Particles/Extra Color	否	OK
Sau_ReconstitutionProtocol	9	Everguild/FX/Extra Color, Mobile/Particles/Additive, Universal Render Pipeline/Particles/Unlit	否	OK
Sau_ResurrectionOrb	12	Everguild/FX/Extra Color, Everguild/FX/Particle Distortion Affect Transparents, Everguild/FX/TrailShader_1, Mobile/Particles/Additive, Universal Render Pipeline/Particles/Unlit, WarpforgeVFX/Particles/Extra Color	否	OK
Sau_SolarPulse	4	Mobile/Particles/Additive, Universal Render Pipeline/Particles/Unlit	否	OK
Scarab Explosion	10	Everguild/FX/Extra Color, Everguild/FX/Particle Premultiply Greyscale Coloring, Everguild/FX/Rays For Trail, Universal Render Pipeline/Particles/Unlit	是	OK
Scrapcode_aimed_target	9	Everguild/FX/Multi Ray, Mobile/Particles/Additive, Mobile/Particles/Alpha Blended, Universal Render Pipeline/Particles/Unlit, WarpforgeVFX/Particles/Extra Color	否	OK
Scream_gold	2	Everguild/FX/Particle Distortion Affect Transparents, Universal Render Pipeline/Particles/Unlit	否	OK
Scream_purple	2	Everguild/FX/Particle Distortion Affect Transparents, Universal Render Pipeline/Particles/Unlit	否	OK
Scream_purple_nid	3	Everguild/FX/Particle Distortion Affect Transparents, Universal Render Pipeline/Particles/Unlit	否	OK
Scream_purple_Quick	2	Everguild/FX/Particle Distortion Affect Transparents, Universal Render Pipeline/Particles/Unlit	否	OK
Scream_Ragnar_Target	4	Everguild/FX/Particle Distortion Affect Transparents, Universal Render Pipeline/Particles/Unlit	否	OK
Scream_SW_Ragnar	6	Everguild/FX/Particle Distortion Affect Transparents, Everguild/Matcap/Matcap Full Options, Universal Render Pipeline/Particles/Unlit	否	OK
Screen_Gold	2	Mobile/Particles/Additive, Universal Render Pipeline/Particles/Unlit	否	OK
Screen_Red	2	Mobile/Particles/Alpha Blended, Universal Render Pipeline/Particles/Unlit	否	OK
Screen_Top_Green	1	Universal Render Pipeline/Particles/Unlit	否	OK
ScytheAssault	9	Everguild/FX/Extra Color, Everguild/FX/Multi Ray, Mobile/Particles/Alpha Blended, Universal Render Pipeline/Particles/Unlit, WarpforgeVFX/Particles/Extra Color	否	OK
ScytheAssaultShadow	1	Universal Render Pipeline/Particles/Unlit	否	OK
Sentry_Effect	9	Everguild/FX/Extra Color, Everguild/FX/Particle Shine Custom Vertex Streams, Universal Render Pipeline/Particles/Unlit, WarpforgeVFX/Particles/Extra Color	否	OK
Shadow_Projectile	6	Everguild/FX/Extra Color, Mobile/Particles/Additive, Universal Render Pipeline/Particles/Unlit	否	OK
Shadow_Projectile_EC	8	Everguild/FX/Extra Color, Mobile/Particles/Additive, Universal Render Pipeline/Particles/Unlit	否	OK
Shadow_Projectile_GSC_Invulnerable	7	Everguild/FX/Extra Color, Mobile/Particles/Additive, Universal Render Pipeline/Particles/Unlit	否	OK
ShieldTraitEffect_Idle	9	Everguild/FX/Extra Color, Everguild/FX/ShieldVfx, Mobile/Particles/Additive, Universal Render Pipeline/Particles/Unlit	是	OK
ShieldTraitEffect_Idle Emperor's Children Variant	12	Everguild/FX/Extra Color, Everguild/FX/ShieldVfx, Mobile/Particles/Additive, Universal Render Pipeline/Particles/Unlit	是	OK
ShieldTraitEffect_Idle Necron Variant	9	Everguild/FX/Extra Color, Everguild/FX/ShieldVfx, Mobile/Particles/Additive, Universal Render Pipeline/Particles/Unlit	是	OK
ShieldTraitEffect_Idle Sororitas Variant	11	Everguild/FX/Extra Color, Everguild/FX/ShieldVfx, Mobile/Particles/Additive, Universal Render Pipeline/Particles/Unlit	是	OK
ShieldTraitEffect_Idle TAU Variant	9	Everguild/FX/Extra Color, Everguild/FX/ShieldVfx, Mobile/Particles/Additive, Universal Render Pipeline/Particles/Unlit	是	OK
Shuriken_Short_Trait	14	Everguild/FX/Extra Color, Everguild/FX/Multi Ray, Everguild/FX/Particle Shine Custom Vertex Streams, Mobile/Particles/Additive, Universal Render Pipeline/Particles/Unlit, WarpforgeVFX/Particles/Extra Color	否	OK
ShurikenEffect	6	Everguild/FX/Particle Shine Custom Vertex Streams, Sprites/Default, Sprites/Mask, Universal Render Pipeline/Particles/Unlit	否	OK
SkorchaAttackEffect	10	Everguild/FX/Extra Color, Universal Render Pipeline/Particles/Unlit	否	OK
Slash Repeating 2x	6	Everguild/FX/Particle Distortion Affect Transparents, Universal Render Pipeline/Particles/Unlit	否	OK
Slash Repeating 5x	6	Everguild/FX/Particle Distortion Affect Transparents, Universal Render Pipeline/Particles/Unlit	否	OK
SlayEffect	10	Everguild/FX/Extra Color, Everguild/FX/Particle Shine Custom Vertex Streams, Mobile/Particles/Additive, Sprites/Default, Sprites/Mask, Universal Render Pipeline/Particles/Unlit	否	OK
Smoke_Board	4	Universal Render Pipeline/Particles/Unlit	否	OK
Smoke_Explosion	5	Universal Render Pipeline/Particles/Unlit	否	OK
Sniper Target	3	Everguild/FX/Extra Color, Universal Render Pipeline/Particles/Unlit	否	OK
SniperPreEffect	4	Mobile/Particles/Additive, Universal Render Pipeline/Particles/Unlit	否	OK
Solar Beam Target	8	Everguild/FX/Extra Color, Universal Render Pipeline/Particles/Unlit, WarpforgeVFX/Particles/Extra Color	否	OK
Sororitas Saint Custom summon	6	Everguild/FX/Extra Color, Universal Render Pipeline/Particles/Unlit	否	OK
Sororitas Summon Basic	5	Everguild/FX/Extra Color, Universal Render Pipeline/Particles/Unlit	否	OK
Sororitas Summon Resurrect	7	Everguild/FX/Extra Color, Universal Render Pipeline/Particles/Unlit	否	OK
Sororitas_BladeOfFaith	13	Everguild/FX/Extra Color, Everguild/FX/Particle Distortion Affect Transparents, Universal Render Pipeline/Particles/Unlit	否	OK
Sororitas_Destroy_Flames	12	Everguild/FX/Extra Color, Everguild/FX/Particle Distortion Affect Transparents, Universal Render Pipeline/Particles/Unlit	否	OK
Sororitas_Divine Intervention_ Battleground	6	Everguild/FX/Extra Color, Universal Render Pipeline/Particles/Unlit	否	OK
Sororitas_Divine Intervention_Target	12	Everguild/FX/Extra Color, Everguild/FX/Particle Distortion Affect Transparents, Universal Render Pipeline/Particles/Unlit	否	OK
Space Wolves Summon	9	Everguild/FX/Extra Color, Everguild/Matcap/Matcap Full Options, Mobile/Particles/Additive, Universal Render Pipeline/Particles/Unlit	否	OK
Space Wolves Summon OLD	10	Everguild/FX/Extra Color, Everguild/Matcap/Matcap Full Options, Mobile/Particles/Additive, Universal Render Pipeline/Particles/Unlit	否	OK
Space Wolves Summon Wolves	9	Everguild/FX/Extra Color, Everguild/Matcap/Matcap Full Options, Mobile/Particles/Additive, Universal Render Pipeline/Particles/Unlit	否	OK
Spore Explosion	7	Everguild/FX/Particle Distortion Affect Transparents, Mobile/Particles/Additive, Universal Render Pipeline/Particles/Unlit	否	OK
Spore Mine Explosion	13	Everguild/FX/Extra Color, Everguild/FX/Particle Distortion Affect Transparents, Everguild/FX/Unlit UV scroll, Mobile/Particles/Alpha Blended, Universal Render Pipeline/Particles/Unlit	否	OK
Squig_BigChompaJaws	4	Everguild/Matcap/Matcap Full Options, Universal Render Pipeline/Particles/Simple Lit, Universal Render Pipeline/Particles/Unlit	否	OK
Squig_Explosion	7	Universal Render Pipeline/Particles/Unlit	否	OK
Stealth_Proc	7	Sprites/Default, Sprites/Mask, Universal Render Pipeline/Particles/Unlit	否	OK
Stealth_Proc_Eldar	8	Everguild/FX/Extra Color, Mobile/Particles/Additive, Mobile/Particles/Alpha Blended, Universal Render Pipeline/Particles/Unlit	否	OK
Stealth_Proc_UM	7	Everguild/FX/Alpha Mask One Layer, Everguild/FX/Extra Color, Everguild/FX/Particle Distortion Affect Transparents, Mobile/Particles/Alpha Blended, Universal Render Pipeline/Particles/Unlit	否	OK
StealthEffect	2	Everguild/FX/Unlit UV scroll, Universal Render Pipeline/Particles/Unlit	否	OK
StimulateEffect	11	Everguild/FX/Extra Color, Everguild/FX/Particle Shine Custom Vertex Streams, Sprites/Default, Sprites/Mask, Universal Render Pipeline/Particles/Unlit	否	OK
StompEffect	11	Everguild/FX/Extra Color, Everguild/FX/FX Shine For Animation, Everguild/FX/Particle Distortion Affect Transparents, Mobile/Particles/Additive, Sprites/Default, Sprites/Mask, Universal Render Pipeline/Particles/Unlit	是	OK
StrikeEffect	5	Everguild/FX/Unlit UV scroll, Universal Render Pipeline/Particles/Unlit	否	OK
StunEffect	5	Everguild/FX/Extra Color, Mobile/Particles/Additive, Universal Render Pipeline/Particles/Unlit, WarpforgeVFX/Particles/Extra Color	否	OK
StunEffect_idle	3	Everguild/FX/Extra Color, Universal Render Pipeline/Particles/Unlit, WarpforgeVFX/Particles/Extra Color	否	OK
StunEffect_proc	2	Mobile/Particles/Additive, Universal Render Pipeline/Particles/Unlit	否	OK
Summon_Generic	5	Everguild/FX/Extra Color, Universal Render Pipeline/Particles/Unlit	否	OK
SW_Axe_Buff	9	Everguild/FX/Extra Color, Everguild/FX/ShieldVfx, Mobile/Particles/Additive, Universal Render Pipeline/Particles/Unlit	是	OK
SW_Tornado	6	Everguild/FX/Extra Color, Mobile/Particles/Alpha Blended, Universal Render Pipeline/Particles/Unlit	否	OK
Swarm Card Merge VFX	5	Everguild/Cards/BlobShadow, Everguild/Cards/Card Swarm Effect, Everguild/FX/Extra Color, Universal Render Pipeline/Particles/Unlit	是	OK
Swarm_Trigger_OnTarget	4	Everguild/FX/Extra Color, Universal Render Pipeline/Particles/Unlit	否	OK
Sword_10x_EC	14	Everguild/FX/Extra Color, Everguild/FX/Particle Distortion Affect Transparents, Universal Render Pipeline/Particles/Unlit, WarpforgeVFX/Particles/Extra Color	否	OK
Sword_Slash_DA	8	Everguild/FX/Extra Color, Everguild/FX/Glow Shader, Everguild/FX/Particle Distortion Affect Transparents, Universal Render Pipeline/Particles/Unlit	是	OK
Sword_Slash_DA_Heavy	8	Everguild/FX/Extra Color, Everguild/FX/Glow Shader, Everguild/FX/Particle Distortion Affect Transparents, Universal Render Pipeline/Particles/Unlit	是	OK
Sword_Slash_EC	10	Everguild/FX/Extra Color, Everguild/FX/Particle Distortion Affect Transparents, Universal Render Pipeline/Particles/Unlit	否	OK
Sword_Slash_EC 3x	10	Everguild/FX/Extra Color, Everguild/FX/Particle Distortion Affect Transparents, Universal Render Pipeline/Particles/Unlit	否	OK
Sword_Slash_EC_User	9	Everguild/FX/Extra Color, Everguild/FX/Particle Distortion Affect Transparents, Sprites/Default, Sprites/Mask, Universal Render Pipeline/Particles/Unlit	否	OK
Sword_Slash_EC_User 3x	9	Everguild/FX/Extra Color, Everguild/FX/Particle Distortion Affect Transparents, Sprites/Default, Sprites/Mask, Universal Render Pipeline/Particles/Unlit	否	OK
Sword_Slash_EC_User 7x	9	Everguild/FX/Extra Color, Everguild/FX/Particle Distortion Affect Transparents, Sprites/Default, Sprites/Mask, Universal Render Pipeline/Particles/Unlit	否	OK
Sword_Slash_EC_User Inverted	9	Everguild/FX/Extra Color, Everguild/FX/Particle Distortion Affect Transparents, Sprites/Default, Sprites/Mask, Universal Render Pipeline/Particles/Unlit	否	OK
Sword_Slash_Simple	7	Everguild/FX/Extra Color, Everguild/FX/Particle Distortion Affect Transparents, Everguild/FX/Unlit UV scroll, Universal Render Pipeline/Particles/Unlit	否	OK
Sword_Slash_User_DA	5	Everguild/FX/Glow Shader, Everguild/FX/Particle Distortion Affect Transparents, Universal Render Pipeline/Particles/Unlit	是	OK
Sword_Slash_User_DA No Tween	5	Everguild/FX/Glow Shader, Everguild/FX/Particle Distortion Affect Transparents, Universal Render Pipeline/Particles/Unlit	是	OK
SynapseEffect	11	Everguild/FX/Particle Distortion Affect Transparents, Everguild/FX/Unlit UV scroll, Sprites/Default, Sprites/Mask, Universal Render Pipeline/Particles/Unlit	否	OK
SynapseEffect_NoIcon	11	Everguild/FX/Particle Distortion Affect Transparents, Everguild/FX/Unlit UV scroll, Sprites/Default, Sprites/Mask, Universal Render Pipeline/Particles/Unlit	否	OK
Talent_Warmaster	6	Universal Render Pipeline/Particles/Unlit	否	OK
TalentEffect	5	Everguild/FX/Particle Shine Custom Vertex Streams, Sprites/Default, Sprites/Mask, Universal Render Pipeline/Particles/Unlit	否	OK
Tank_Shot_Small	4	Universal Render Pipeline/Particles/Unlit	否	OK
Tap Blue Glow	2	Everguild/FX/Extra Color, Universal Render Pipeline/Particles/Unlit	否	OK
Tap Blue Glow Blink	2	Everguild/FX/Extra Color, Universal Render Pipeline/Particles/Unlit	否	OK
Tap Fire Eldar	4	Mobile/Particles/Additive, Universal Render Pipeline/Particles/Unlit	否	OK
Tap Firepit	3	Everguild/FX/Extra Color, Universal Render Pipeline/Particles/Unlit	否	OK
Tap Firepit 2	4	Everguild/FX/Extra Color, Universal Render Pipeline/Particles/Unlit	否	OK
Tap Floor Grille	2	Everguild/FX/Extra Color, Universal Render Pipeline/Particles/Unlit	否	OK
Tap Green Glow	2	Everguild/FX/Extra Color, Universal Render Pipeline/Particles/Unlit	否	OK
Tap Hit Metal	2	Everguild/FX/Extra Color, Universal Render Pipeline/Particles/Unlit	否	OK
Tap Hit Metal Red	3	Everguild/FX/Extra Color, Universal Render Pipeline/Particles/Unlit	否	OK
Tap Hit Metal Small	2	Everguild/FX/Extra Color, Universal Render Pipeline/Particles/Unlit	否	OK
Tap Monolith Left Glow	3	Everguild/FX/Extra Color, Sprites/Mask, Universal Render Pipeline/Particles/Unlit	否	OK
Tap Monolith Right Glow	3	Everguild/FX/Extra Color, Sprites/Mask, Universal Render Pipeline/Particles/Unlit	否	OK
Tap Plasma generator	4	Everguild/FX/Extra Color, Everguild/FX/Particle Distortion Affect Transparents, Universal Render Pipeline/Particles/Unlit	否	OK
Tap Red Glow Eye	2	Everguild/FX/Extra Color, Universal Render Pipeline/Particles/Unlit	否	OK
Tap Rock	3	Universal Render Pipeline/Particles/Unlit	否	OK
Tap Squig	1	Universal Render Pipeline/Particles/Unlit	否	OK
Tap squishy	3	Universal Render Pipeline/Particles/Unlit	否	OK
Tap Toxic Sludge	4	Everguild/FX/Particle Distortion Affect Transparents, Everguild/Matcap/Matcap Full Options, Universal Render Pipeline/Particles/Unlit	否	OK
Tap Toxic Sludge green	3	Universal Render Pipeline/Particles/Unlit	否	OK
Tap Webway Portal	5	Everguild/FX/Extra Color, Everguild/FX/Particle Distortion Affect Transparents, Universal Render Pipeline/Particles/Unlit	否	OK
Tau Buff Ranged	11	Everguild/FX/Alpha Mask One Layer, Everguild/FX/Extra Color, Sprites/Default, Sprites/Mask, Universal Render Pipeline/Particles/Unlit	否	OK
Tau Coordinated Engagement	17	Everguild/FX/Extra Color, Everguild/FX/Particle Distortion Affect Transparents, Mobile/Particles/Additive, Universal Render Pipeline/Particles/Unlit, WarpforgeVFX/Particles/Extra Color	否	OK
Tau_AerialBombardment	16	Everguild/FX/Extra Color, Everguild/FX/Particle Distortion Affect Transparents, Everguild/Matcap/Matcap Full Options, Universal Render Pipeline/Particles/Unlit, WarpforgeVFX/Particles/Extra Color	否	OK
Tau_RailBombardment UNUSED	30	Everguild/FX/Extra Color, Everguild/FX/Particle Distortion Affect Transparents, Everguild/Matcap/Matcap Full Options, Mobile/Particles/Additive, Universal Render Pipeline/Particles/Unlit, WarpforgeVFX/Particles/Extra Color	否	OK
Tau_SummonCircle	7	Everguild/FX/Extra Color, Mobile/Particles/Additive, Universal Render Pipeline/Particles/Unlit	否	OK
Tau_Vespid_laser	7	Everguild/FX/Multi Ray, Spine/Special/HiddenPass, UI/Additive, Universal Render Pipeline/Particles/Unlit, WarpforgeVFX/Particles/Extra Color	是	OK
Technomancer_Buff	3	Everguild/FX/Extra Color, Everguild/FX/TrailShader_1, Universal Render Pipeline/Particles/Unlit	否	OK
Telepathic_Control_target	4	Everguild/FX/Extra Color, Everguild/FX/Particle Distortion Affect Transparents, Universal Render Pipeline/Particles/Unlit	否	OK
Telepathic_Control_User	5	Everguild/FX/Extra Color, Everguild/FX/Particle Distortion Affect Transparents, Universal Render Pipeline/Particles/Unlit	否	OK
Teleport Recall	7	Everguild/FX/Extra Color, Universal Render Pipeline/Particles/Unlit	否	OK
Teleport Trait Summon	11	Everguild/FX/Extra Color, Everguild/FX/Multi Ray, Universal Render Pipeline/Particles/Unlit, WarpforgeVFX/Particles/Extra Color	否	OK
Teleport Trigger Effect Quick	9	Everguild/FX/Extra Color, Universal Render Pipeline/Particles/Unlit, WarpforgeVFX/Particles/Extra Color	否	OK
Thunderhawk Flyover	3	Universal Render Pipeline/Particles/Unlit	否	OK
TideEffect	7	Mobile/Particles/Additive, Sprites/Default, Sprites/Mask, Universal Render Pipeline/Particles/Unlit	否	OK
Tidewall Gunrig	19	Everguild/FX/Extra Color, Everguild/FX/Particle Distortion Affect Transparents, Mobile/Particles/Additive, Sprites/Default, Sprites/Mask, Universal Render Pipeline/Particles/Unlit, WarpforgeVFX/Particles/Extra Color	否	OK
TinyFlames	1	Universal Render Pipeline/Particles/Unlit	否	OK
Toxic Vapors Damage	5	Everguild/FX/Extra Color, Universal Render Pipeline/Particles/Unlit	否	OK
Toxic Vapors Damage quick	5	Everguild/FX/Extra Color, Universal Render Pipeline/Particles/Unlit	否	OK
Toxic_Entanglement	7	Custom/EditorIcon, Universal Render Pipeline/Particles/Unlit	是	OK
ToxicMiasma_Board	3	Mobile/Particles/Alpha Blended, Universal Render Pipeline/Particles/Unlit	否	OK
ToxicMiasma_Venomthrope	2	Mobile/Particles/Alpha Blended, Universal Render Pipeline/Particles/Unlit	否	OK
ToxicMiasma_Warlord	5	Everguild/FX/Particle Distortion Affect Transparents, Mobile/Particles/Alpha Blended, Universal Render Pipeline/Particles/Unlit	否	OK
Trait_GainQuest	11	Everguild/FX/Extra Color, Mobile/Particles/Additive, Sprites/Default, Sprites/Mask, Universal Render Pipeline/Particles/Unlit, WarpforgeVFX/Particles/Extra Color	否	OK
TraitorsHate_Board	5	Everguild/FX/Extra Color, Universal Render Pipeline/Particles/Unlit, WarpforgeVFX/Particles/Extra Color	否	OK
TraitorsHate_Target	4	Everguild/FX/Extra Color, Universal Render Pipeline/Particles/Unlit	否	OK
Tyranid Spawn	6	Universal Render Pipeline/Particles/Unlit	否	OK
Tyranid_Burrow	4	Everguild/Matcap/Matcap Full Options, Universal Render Pipeline/Particles/Unlit	否	OK
TyranidInvasion_Spawn	10	Everguild/FX/Extra Color, Everguild/FX/Particle Distortion Affect Transparents, Everguild/FX/Unlit UV scroll, Universal Render Pipeline/Particles/Unlit, WarpforgeVFX/Particles/Extra Color	否	OK
UM_AvengingSon	6	Mobile/Particles/Additive, Universal Render Pipeline/Particles/Unlit	否	OK
UM_Buff	8	Mobile/Particles/Additive, Sprites/Default, Sprites/Mask, Universal Render Pipeline/Particles/Unlit	否	OK
UM_CardDraw	6	Everguild/FX/Extra Color, Sprites/Default, Sprites/Mask, Universal Render Pipeline/Particles/Unlit	否	OK
UM_DeathFromAbove	11	Everguild/FX/Extra Color, Mobile/Particles/Alpha Blended, Shader Graphs/Fx_ParticleDissolve_apb, Universal Render Pipeline/Particles/Unlit, WarpforgeVFX/Particles/Extra Color	否	OK
UM_MasterOfArcanaEffect	18	Everguild/FX/Extra Color, Mobile/Particles/Additive, Sprites/Default, Sprites/Mask, Universal Render Pipeline/Particles/Unlit, WarpforgeVFX/Particles/Extra Color	否	OK
UM_MightOfHeroesEffect	6	Mobile/Particles/Additive, Sprites/Default, Sprites/Mask, Universal Render Pipeline/Particles/Unlit	否	OK
UM_StormravenShadow	4	Everguild/Matcap/Matcap Full Options, Mobile/Particles/Alpha Blended, Universal Render Pipeline/Particles/Unlit	否	OK
UM_StormravenShadow_Perpendicular	4	Everguild/Matcap/Matcap Full Options, Mobile/Particles/Alpha Blended, Universal Render Pipeline/Particles/Unlit	否	OK
UM_TacticalInsight	7	Mobile/Particles/Additive, Universal Render Pipeline/Particles/Unlit, WarpforgeVFX/Particles/Extra Color	否	OK
UM_Target_LockOn_Crosshair	2	Everguild/FX/Extra Color	否	OK
Unit Freezing	6	Legacy Shaders/Particles/Anim Alpha Blended, Mobile/Particles/Additive, Sprites/Default, Sprites/Mask, Universal Render Pipeline/Particles/Unlit	否	OK
UnstableEffect	15	Everguild/FX/Extra Color, Everguild/FX/Particle Distortion Affect Transparents, Mobile/Particles/Alpha Blended, Sprites/Default, Sprites/Mask, Universal Render Pipeline/Particles/Unlit	否	OK
UnstableEffect_ExplosionExtra	10	Everguild/FX/Extra Color, Everguild/FX/Particle Distortion Affect Transparents, Mobile/Particles/Alpha Blended, Universal Render Pipeline/Particles/Unlit	否	OK
UnstableEffect_WaaaghEnergy	17	Everguild/FX/Extra Color, Everguild/FX/Particle Distortion Affect Transparents, Everguild/Matcap/Matcap Full Options, Mobile/Particles/Alpha Blended, Sprites/Default, Sprites/Mask, Universal Render Pipeline/Particles/Unlit	否	OK
Uprising Trait	8	Everguild/FX/Extra Color, Mobile/Particles/Additive, Universal Render Pipeline/Particles/Unlit	否	OK
Valkyrie Flyover Hover Dust	3	Universal Render Pipeline/Particles/Unlit	否	OK
Valkyrie_MultiLaser_Hover	8	Everguild/FX/Extra Color, Everguild/FX/Particle Distortion Affect Transparents, Universal Render Pipeline/Particles/Unlit, WarpforgeVFX/Particles/Extra Color	否	OK
Vanguard Onslaught Board	17	Everguild/FX/Extra Color, Everguild/FX/Rays For Trail, Mobile/Particles/Alpha Blended, Universal Render Pipeline/Particles/Unlit	是	OK
VanguardIdleEffect	9	Everguild/FX/Extra Color, Everguild/Matcap/Matcap Full Options VAT, Mobile/Particles/Additive, Universal Render Pipeline/Particles/Unlit	是	OK
Vortex Explosion Massive	12	Everguild/FX/Alpha Masks Two Layer, Everguild/FX/Extra Color, Everguild/FX/Particle Distortion Affect Transparents, Everguild/Matcap/Matcap Full Options, Universal Render Pipeline/Particles/Unlit	否	OK
Vortex Warhead Impact	13	Everguild/FX/Extra Color, Everguild/FX/Particle Distortion Affect Transparents, Everguild/Matcap/Matcap Full Options, Mobile/Particles/Alpha Blended, Universal Render Pipeline/Particles/Unlit, WarpforgeVFX/Particles/Extra Color	否	OK
VulnerableEffect	4	Everguild/FX/Unlit UV scroll, Mobile/Particles/Additive, Sprites/Mask	否	OK
VulnerableEffectEnd	3	Everguild/FX/Unlit UV scroll, Mobile/Particles/Additive, Sprites/Mask	否	OK
Waaagh_Lightning	7	Everguild/FX/Extra Color, Mobile/Particles/Alpha Blended, Universal Render Pipeline/Particles/Unlit	否	OK
WailingDoom	15	Everguild/FX/Extra Color, Everguild/FX/Particle Distortion Affect Transparents, Everguild/FX/Particle Premultiply Greyscale Coloring, Everguild/Matcap/Matcap Full Options, Universal Render Pipeline/Particles/Unlit	否	OK
Warp Storm Target	11	Everguild/FX/Extra Color, Universal Render Pipeline/Particles/Unlit	否	OK
Waystone UI Gain	3	Everguild/FX/Particle Shine Custom Vertex Streams, Universal Render Pipeline/Particles/Unlit	否	OK
Waystone UI Spend	5	Everguild/FX/Extra Color, Everguild/FX/Particle Shine Custom Vertex Streams, Universal Render Pipeline/Particles/Unlit, WarpforgeVFX/Particles/Extra Color	否	OK
WaystoneCollect	5	Mobile/Particles/Additive, Universal Render Pipeline/Particles/Unlit	否	OK
WaystoneTrigger	7	Everguild/Cards/Gem Crystal Glitter, Mobile/Particles/Additive, Universal Render Pipeline/Particles/Unlit	是	OK
WhileInPlay_Nurgle	7	Mobile/Particles/Alpha Blended, Universal Render Pipeline/Particles/Unlit	否	OK
WhileInPlay_Tzeentch	5	Everguild/FX/Extra Color, Mobile/Particles/Additive, Universal Render Pipeline/Particles/Unlit, WarpforgeVFX/Particles/Extra Color	否	OK
Whip Attack EC Daemon	9	Everguild/FX/Extra Color, Everguild/Matcap/Matcap Full Options, Universal Render Pipeline/Particles/Unlit	否	OK
Whip Attack EC Lucius	13	Everguild/FX/Extra Color, Everguild/FX/Unlit UV scroll, Everguild/Matcap/Matcap Full Options, Particles/Standard Unlit, Universal Render Pipeline/Particles/Unlit, WarpforgeVFX/Particles/Extra Color	否	OK
Whip Attack EC Maulerfiend	10	Everguild/FX/Extra Color, Everguild/Matcap/Matcap Full Options, Particles/Standard Unlit, Universal Render Pipeline/Particles/Unlit, WarpforgeVFX/Matcap/Matcap	否	OK
Whip Attack EC Normal	8	Everguild/Matcap/Matcap Full Options, Particles/Standard Unlit, Universal Render Pipeline/Particles/Unlit	否	OK
Wild Rider Chieftain	7	Everguild/FX/Unlit UV scroll, Mobile/Particles/Additive, Universal Render Pipeline/Particles/Unlit	否	OK
Will Of Gork	14	Everguild/FX/Burning Dissolve, Everguild/FX/Extra Color, Everguild/FX/Particle Dissolve Mask, Everguild/FX/Particle Distortion Affect Transparents, Everguild/FX/Particle Premultiply, Everguild/Matcap/Matcap Full Options, Universal Render Pipeline/Particles/Unlit	是	OK
WorstTemperEffect	6	Everguild/FX/Extra Color, Mobile/Particles/Additive, Sprites/Default, Sprites/Mask, Universal Render Pipeline/Particles/Unlit	否	OK
