# TMP 的 pref: (0,「确定」) → LG_UNK 之后 —— 逐节点读数对照
# 口径：bundle_menus_assets_all 的 308 个根（无 m_Father 的 RT）· --depth 12 · 真 sprite 索引
# 生成：子代理乙 2026-10-06；脚本见本文件头（临时脚本，重跑法见报告 §四）
# 列：根pid	根名	缩进	节点名	路径	est旧	est新	翻转	宽旧	宽新	高旧	高新	矩形旧	矩形新
-9116452869196274325	DraftLeaderboardPopup	7	Name Holder	DraftLeaderboardPopup/Ranking Display/Content/Scroll View/Viewport/Content/AllianceRankingRow Skulls Variant/Name Holder	ok	unk	OK→UNK	733.9500	733.9500	100.0000	100.0000	650.00,288.59,1383.95,388.59	650.00,288.59,1383.95,388.59
-9116452869196274325	DraftLeaderboardPopup	7	Name Holder	DraftLeaderboardPopup/Ranking Display/Content/Scroll View/Viewport/Content/PlayerRankingRow/Name Holder	ok	unk	OK→UNK	733.9500	733.9500	100.0000	100.0000	650.00,403.59,1383.95,503.59	650.00,403.59,1383.95,503.59
-9045307815018592580	Expansion Pass Premium Drawer	2	Label	Expansion Pass Premium Drawer/Content/Label	ok	unk	OK→UNK	640.8000	640.8000	108.0000	108.0000	639.60,810.00,1280.40,918.00	639.60,810.00,1280.40,918.00
-9045307815018592580	Expansion Pass Premium Drawer	4	text	Expansion Pass Premium Drawer/Content/Converted Drawer/Price Display/text	-	-		0.0000	108.9700	93.5475	93.5475	1006.77,943.23,1006.77,1036.77	952.29,943.23,1061.26,1036.77
-9045307815018592580	Expansion Pass Premium Drawer	4	text	Expansion Pass Premium Drawer/Content/Ephemeral Drawer/Price Display/text	-	-		0.0000	190.6100	93.5475	93.5475	1006.77,943.23,1006.77,1036.77	911.47,943.23,1102.08,1036.77
-9027692333134892393	Icon Campaign Points Drawer Variant	4	text	Icon Campaign Points Drawer Variant/Content/Converted Drawer/Price Display/text	-	-		0.0000	108.9700	93.5475	93.5475	841.17,943.23,841.17,1036.77	786.69,943.23,895.66,1036.77
-9027692333134892393	Icon Campaign Points Drawer Variant	4	text	Icon Campaign Points Drawer Variant/Content/Ephemeral Drawer/Price Display/text	-	-		0.0000	190.6100	93.5475	93.5475	841.17,943.23,841.17,1036.77	745.87,943.23,936.48,1036.77
-8983978142876753237	Daily Streak Popup	2	Current Streak	Daily Streak Popup/Streak Successful/Current Streak	-	-		0.0000	490.9100	82.6520	82.6520	43.00,212.42,43.00,295.07	43.00,212.42,533.91,295.07
-8983978142876753237	Daily Streak Popup	3	Current Streak Value	Daily Streak Popup/Streak Successful/Current Streak/Current Streak Value	-	-		0.0000	37.8500	82.6520	82.6520	55.00,212.42,55.00,295.07	545.91,212.42,583.76,295.07
-8983978142876753237	Daily Streak Popup	3	Window Title	Daily Streak Popup/Header With Back Button/Header Background/Window Title	-	-		0.0000	379.3000	82.6520	82.6520	155.00,38.00,155.00,120.66	155.00,38.00,534.30,120.66
-8961456912614231573	General Basic Offer Container Variant Booster + 2 Currencies	7	text	General Basic Offer Container Variant Booster + 2 Currencies/background/Dynamic Content/Icon Container Drawer Variant/Content/Converted Drawer/Price Display/text	-	-		0.0000	108.9700	93.5475	93.5475	208.05,1147.13,208.05,1240.68	153.56,1147.13,262.53,1240.68
-8961456912614231573	General Basic Offer Container Variant Booster + 2 Currencies	7	text	General Basic Offer Container Variant Booster + 2 Currencies/background/Dynamic Content/Icon Currency Drawer Variant (1)/Content/Converted Drawer/Price Display/text	-	-		0.0000	108.9700	93.5475	93.5475	188.96,1360.14,188.96,1453.68	134.47,1360.14,243.44,1453.68
-8961456912614231573	General Basic Offer Container Variant Booster + 2 Currencies	7	text	General Basic Offer Container Variant Booster + 2 Currencies/background/Dynamic Content/Icon Currency Drawer Variant (1)/Content/Ephemeral Drawer/Price Display/text	-	-		0.0000	190.6100	93.5475	93.5475	188.96,1360.14,188.96,1453.68	93.65,1360.14,284.26,1453.68
-8961456912614231573	General Basic Offer Container Variant Booster + 2 Currencies	7	text	General Basic Offer Container Variant Booster + 2 Currencies/background/Dynamic Content/Icon Currency Drawer Variant/Content/Converted Drawer/Price Display/text	-	-		0.0000	108.9700	93.5475	93.5475	345.61,1368.00,345.61,1461.54	291.12,1368.00,400.09,1461.54
-8961456912614231573	General Basic Offer Container Variant Booster + 2 Currencies	7	text	General Basic Offer Container Variant Booster + 2 Currencies/background/Dynamic Content/Icon Currency Drawer Variant/Content/Ephemeral Drawer/Price Display/text	-	-		0.0000	190.6100	93.5475	93.5475	345.61,1368.00,345.61,1461.54	250.30,1368.00,440.91,1461.54
-8961456912614231573	General Basic Offer Container Variant Booster + 2 Currencies	6	text	General Basic Offer Container Variant Booster + 2 Currencies/background/name-bg/Price Display Button/Generic UI Button/Price Display/text	-	-		0.0000	92.2200	42.5532	42.5532	-10.14,1404.33,-10.14,1446.88	-56.25,1404.33,35.97,1446.88
-8906586025671765898	General Basic Offer Popup Variant 2 Currencies	6	text	General Basic Offer Popup Variant 2 Currencies/window/Icon Currency Drawer Variant (1)/Content/Converted Drawer/Price Display/text	-	-		0.0000	108.9700	93.5475	93.5475	648.89,843.93,648.89,937.47	594.41,843.93,703.38,937.47
-8906586025671765898	General Basic Offer Popup Variant 2 Currencies	6	text	General Basic Offer Popup Variant 2 Currencies/window/Icon Currency Drawer Variant (1)/Content/Ephemeral Drawer/Price Display/text	-	-		0.0000	190.6100	93.5475	93.5475	648.89,843.93,648.89,937.47	553.59,843.93,744.20,937.47
-8906586025671765898	General Basic Offer Popup Variant 2 Currencies	6	text	General Basic Offer Popup Variant 2 Currencies/window/Icon Currency Drawer Variant/Content/Converted Drawer/Price Display/text	-	-		0.0000	108.9700	93.5475	93.5475	923.89,691.93,923.89,785.47	869.41,691.93,978.38,785.47
-8906586025671765898	General Basic Offer Popup Variant 2 Currencies	6	text	General Basic Offer Popup Variant 2 Currencies/window/Icon Currency Drawer Variant/Content/Ephemeral Drawer/Price Display/text	-	-		0.0000	190.6100	93.5475	93.5475	923.89,691.93,923.89,785.47	828.59,691.93,1019.20,785.47
-8906586025671765898	General Basic Offer Popup Variant 2 Currencies	3	Timer	General Basic Offer Popup Variant 2 Currencies/window/Text/Timer	ok	unk	OK→UNK	197.6700	197.6700	26.7550	26.7550	1241.58,747.56,1439.25,774.31	1241.58,747.56,1439.25,774.31
-8906586025671765898	General Basic Offer Popup Variant 2 Currencies	7	text	General Basic Offer Popup Variant 2 Currencies/window/Text/Purchase buttons/Price Display/Generic UI Button/Price Display/text	-	-		0.0000	92.2200	44.9601	44.9601	1254.14,693.27,1254.14,738.23	1208.03,693.27,1300.25,738.23
-8906586025671765898	General Basic Offer Popup Variant 2 Currencies	5	Button Text	General Basic Offer Popup Variant 2 Currencies/window/Text/Purchase buttons/WebShop Button/Button Text	-	-		0.0000	132.0000	51.8850	51.8850	1514.67,689.26,1514.67,741.14	1448.67,689.26,1580.67,741.14
-8853925410182284828	RankedSkirmishLeaderboardPopup	7	Name Holder	RankedSkirmishLeaderboardPopup/Ranking Display/Content/Scroll View/Viewport/Content/PlayerRankingRow/Name Holder	ok	unk	OK→UNK	733.9500	733.9500	100.0000	100.0000	650.00,288.59,1383.95,388.59	650.00,288.59,1383.95,388.59
-8758525009346617965	Raid Progress Bar	2	text	Raid Progress Bar/Points/text	-	-		0.0000	108.9951	37.2397	37.2397	810.93,822.47,810.93,859.71	756.43,822.47,865.43,859.71
-8724534246040509135	WhereToGetCardsPopup	10	text	WhereToGetCardsPopup/Scroll View/Viewport/Content/Section For Reference/Content/Card Drawer/Content/Converted Drawer/Price Display/text	-	-		0.0000	108.9700	93.5475	93.5475	788.26,346.99,788.26,440.53	733.77,346.99,842.74,440.53
-8724534246040509135	WhereToGetCardsPopup	10	text	WhereToGetCardsPopup/Scroll View/Viewport/Content/Section For Reference/Content/Card Drawer/Content/Ephemeral Drawer/Price Display/text	-	-		0.0000	190.6100	93.5475	93.5475	788.26,346.99,788.26,440.53	692.95,346.99,883.56,440.53
-8590421974419862753	Expansion Pass Tab	7	text	Expansion Pass Tab/Purchase premium Panel/Last Premium Reward/Card Drawer/Content/Converted Drawer/Price Display/text	-	-		0.0000	108.9700	93.5475	93.5475	986.05,415.10,986.05,508.65	931.56,415.10,1040.53,508.65
-8590421974419862753	Expansion Pass Tab	7	text	Expansion Pass Tab/Purchase premium Panel/Last Premium Reward/Card Drawer/Content/Ephemeral Drawer/Price Display/text	-	-		0.0000	190.6100	93.5475	93.5475	986.05,415.10,986.05,508.65	890.74,415.10,1081.35,508.65
-8590421974419862753	Expansion Pass Tab	7	text	Expansion Pass Tab/Purchase premium Panel/Fisrt Premium Reward/Card Drawer/Content/Converted Drawer/Price Display/text	-	-		0.0000	108.9700	93.5475	93.5475	869.44,410.08,869.44,503.63	814.96,410.08,923.93,503.63
-8590421974419862753	Expansion Pass Tab	7	text	Expansion Pass Tab/Purchase premium Panel/Fisrt Premium Reward/Card Drawer/Content/Ephemeral Drawer/Price Display/text	-	-		0.0000	190.6100	93.5475	93.5475	869.44,410.08,869.44,503.63	774.14,410.08,964.75,503.63
-8590421974419862753	Expansion Pass Tab	8	text	Expansion Pass Tab/Purchase premium Panel/Is Premium/Extra points message/Icon Expansion Pass Points Drawer Variant/Content/Converted Drawer/Price Display/text	-	-		0.0000	6.3726	5.4707	5.4707	-246.89,559.96,-246.89,565.43	-250.08,559.96,-243.71,565.43
-8590421974419862753	Expansion Pass Tab	8	text	Expansion Pass Tab/Purchase premium Panel/Is Premium/Extra points message/Icon Expansion Pass Points Drawer Variant/Content/Ephemeral Drawer/Price Display/text	-	-		0.0000	11.1469	5.4707	5.4707	-246.89,559.96,-246.89,565.43	-252.47,559.96,-241.32,565.43
-8553180748554641560	Choose Army Deck FTUE Window	3	Text (TMP)	Choose Army Deck FTUE Window/Continue Group/Continue Button/Text (TMP)	-	-		0.0000	217.1900	85.5100	85.5100	902.35,968.54,902.35,1054.06	793.76,968.54,1010.95,1054.06
-8471322460331332829	Webshop Offer Container	6	text	Webshop Offer Container/background/name-bg/Price Display Button/Generic UI Button/Price Display/text	-	-		0.0000	92.2200	0.0000	0.0000	-69.83,1470.00,-69.83,1470.00	-115.94,1470.00,-23.72,1470.00
-8131400314525235479	XSolla Offer Drawer	2	Label	XSolla Offer Drawer/Content/Label	ok	unk	OK→UNK	640.8000	640.8000	108.0000	108.0000	639.60,810.00,1280.40,918.00	639.60,810.00,1280.40,918.00
-8131400314525235479	XSolla Offer Drawer	4	text	XSolla Offer Drawer/Content/Converted Drawer/Price Display/text	-	-		0.0000	108.9700	93.5475	93.5475	1006.77,943.23,1006.77,1036.77	952.29,943.23,1061.26,1036.77
-8131400314525235479	XSolla Offer Drawer	4	text	XSolla Offer Drawer/Content/Ephemeral Drawer/Price Display/text	-	-		0.0000	190.6100	93.5475	93.5475	1006.77,943.23,1006.77,1036.77	911.47,943.23,1102.08,1036.77
-8104118781876387039	Mission Container Vertical	3	Rewards	Mission Container Vertical/background/footer/Rewards	ok	unk	OK→UNK	325.0000	325.0000	77.6430	77.6430	-164.02,1142.91,160.98,1220.55	-164.02,1142.91,160.98,1220.55
-8104118781876387039	Mission Container Vertical	4	Reward Display Mission	Mission Container Vertical/background/footer/Rewards/Reward Display Mission	ok	unk	OK→UNK	162.5000	162.5000	77.6430	77.6430	-164.02,1142.91,-1.52,1220.55	-164.02,1142.91,-1.52,1220.55
-8104118781876387039	Mission Container Vertical	10	text	Mission Container Vertical/background/footer/Rewards/Reward Display Mission/drawerHolder/Icon Campaign Points Drawer Variant/Content/Converted Drawer/Price Display/text	-	-		0.0000	5.5494	4.7640	4.7640	-553.07,1458.52,-553.07,1463.28	-555.85,1458.52,-550.30,1463.28
-8104118781876387039	Mission Container Vertical	10	text	Mission Container Vertical/background/footer/Rewards/Reward Display Mission/drawerHolder/Icon Campaign Points Drawer Variant/Content/Ephemeral Drawer/Price Display/text	-	-		0.0000	9.7070	4.7640	4.7640	-553.07,1458.52,-553.07,1463.28	-557.92,1458.52,-548.22,1463.28
-8104118781876387039	Mission Container Vertical	4	Reward Display Mission	Mission Container Vertical/background/footer/Rewards/Reward Display Mission	ok	unk	OK→UNK	162.5000	162.5000	77.6430	77.6430	-1.52,1142.91,160.98,1220.55	-1.52,1142.91,160.98,1220.55
-8104118781876387039	Mission Container Vertical	10	text	Mission Container Vertical/background/footer/Rewards/Reward Display Mission/drawerHolder/Icon Campaign Points Drawer Variant/Content/Converted Drawer/Price Display/text	-	-		0.0000	5.5494	4.7640	4.7640	-390.57,1458.52,-390.57,1463.28	-393.35,1458.52,-387.80,1463.28
-8104118781876387039	Mission Container Vertical	10	text	Mission Container Vertical/background/footer/Rewards/Reward Display Mission/drawerHolder/Icon Campaign Points Drawer Variant/Content/Ephemeral Drawer/Price Display/text	-	-		0.0000	9.7070	4.7640	4.7640	-390.57,1458.52,-390.57,1463.28	-395.42,1458.52,-385.72,1463.28
-8104118781876387039	Mission Container Vertical	3	GameObject (1)	Mission Container Vertical/background/debug_buttons/GameObject (1)	ok	unk	OK→UNK	131.6268	131.6268	40.1137	40.1137	30.87,1005.20,162.50,1045.32	30.87,1005.20,162.50,1045.32
-8082027721818892289	Alliance Badge Drawer	2	Label	Alliance Badge Drawer/Content/Label	ok	unk	OK→UNK	640.8000	640.8000	108.0000	108.0000	639.60,810.00,1280.40,918.00	639.60,810.00,1280.40,918.00
-8082027721818892289	Alliance Badge Drawer	4	text	Alliance Badge Drawer/Content/Ephemeral Drawer/Price Display/text	-	-		0.0000	190.6100	93.5475	93.5475	1006.77,943.23,1006.77,1036.77	911.47,943.23,1102.08,1036.77
-8052967300505178988	Base Offer Popup	3	Timer	Base Offer Popup/window/Text/Timer	ok	unk	OK→UNK	197.6700	197.6700	26.7550	26.7550	1102.97,766.48,1300.64,793.24	1102.97,766.48,1300.64,793.24
-8052967300505178988	Base Offer Popup	7	text	Base Offer Popup/window/Text/Purchase buttons/Price Display/Generic UI Button/Price Display/text	-	-		0.0000	124.5000	44.9601	44.9601	1096.56,710.17,1096.56,755.13	1034.31,710.17,1158.81,755.13
-8052967300505178988	Base Offer Popup	5	Button Text	Base Offer Popup/window/Text/Purchase buttons/WebShop Button/Button Text	-	-		0.0000	132.0000	51.8850	51.8850	1352.94,706.16,1352.94,758.04	1286.94,706.16,1418.94,758.04
-7713161099415829731	Icon Expansion Pass Points Drawer Variant	4	text	Icon Expansion Pass Points Drawer Variant/Content/Converted Drawer/Price Display/text	-	-		0.0000	108.9700	93.5475	93.5475	841.17,943.23,841.17,1036.77	786.69,943.23,895.66,1036.77
-7713161099415829731	Icon Expansion Pass Points Drawer Variant	4	text	Icon Expansion Pass Points Drawer Variant/Content/Ephemeral Drawer/Price Display/text	-	-		0.0000	190.6100	93.5475	93.5475	841.17,943.23,841.17,1036.77	745.87,943.23,936.48,1036.77
-7393992900465269462	Item Shop Tab No Automatic Ordering	2	TimeCounter	Item Shop Tab No Automatic Ordering/daily shop header/TimeCounter	ok	unk	OK→UNK	311.3983	311.3983	80.0000	80.0000	200.30,-0.00,511.70,80.00	200.30,-0.00,511.70,80.00
-7393992900465269462	Item Shop Tab No Automatic Ordering	10	text	Item Shop Tab No Automatic Ordering/Packs Scroll View/Viewport/Content/Catalog Item Shop Container/background/price-bg/Price Display Button/Generic UI Button/Price Display/text	-	-		0.0000	92.2200	0.1959	0.1959	247.89,1080.62,247.89,1080.82	201.78,1080.62,294.00,1080.82
-7393992900465269462	Item Shop Tab No Automatic Ordering	11	text	Item Shop Tab No Automatic Ordering/Packs Scroll View/Viewport/Content/Catalog Item Shop Container/background/DrawerHolder/Card Drawer/Content/Converted Drawer/Price Display/text	-	-		0.0000	108.9700	93.5475	93.5475	529.32,1222.74,529.32,1316.29	474.84,1222.74,583.81,1316.29
-7393992900465269462	Item Shop Tab No Automatic Ordering	11	text	Item Shop Tab No Automatic Ordering/Packs Scroll View/Viewport/Content/Catalog Item Shop Container/background/DrawerHolder/Card Drawer/Content/Ephemeral Drawer/Price Display/text	-	-		0.0000	190.6100	93.5475	93.5475	529.32,1222.74,529.32,1316.29	434.02,1222.74,624.63,1316.29
-7329399711831283640	General Basic Offer Container Variant Premium_Premium_cardback_avatar	5	Label	General Basic Offer Container Variant Premium_Premium_cardback_avatar/background/Dynamic Content/Cardback Drawer/Content/Label	ok	unk	OK→UNK	640.8000	640.8000	108.0000	108.0000	-269.10,1232.20,371.70,1340.20	-269.10,1232.20,371.70,1340.20
-7329399711831283640	General Basic Offer Container Variant Premium_Premium_cardback_avatar	7	text	General Basic Offer Container Variant Premium_Premium_cardback_avatar/background/Dynamic Content/Cardback Drawer/Content/Converted Drawer/Price Display/text	-	-		0.0000	32.1805	27.6260	27.6260	-160.67,1271.54,-160.67,1299.17	-176.76,1271.54,-144.58,1299.17
-7329399711831283640	General Basic Offer Container Variant Premium_Premium_cardback_avatar	7	text	General Basic Offer Container Variant Premium_Premium_cardback_avatar/background/Dynamic Content/Cardback Drawer/Content/Ephemeral Drawer/Price Display/text	-	-		0.0000	56.2901	27.6260	27.6260	-160.67,1271.54,-160.67,1299.17	-188.81,1271.54,-132.52,1299.17
-7329399711831283640	General Basic Offer Container Variant Premium_Premium_cardback_avatar	7	text	General Basic Offer Container Variant Premium_Premium_cardback_avatar/background/Dynamic Content/Icon Avatar Drawer Variant/Content/Converted Drawer/Price Display/text	-	-		0.0000	108.9700	93.5475	93.5475	224.51,1053.95,224.51,1147.50	170.02,1053.95,278.99,1147.50
-7329399711831283640	General Basic Offer Container Variant Premium_Premium_cardback_avatar	7	text	General Basic Offer Container Variant Premium_Premium_cardback_avatar/background/Dynamic Content/Icon Avatar Drawer Variant/Content/Ephemeral Drawer/Price Display/text	-	-		0.0000	190.6100	93.5475	93.5475	224.51,1053.95,224.51,1147.50	129.20,1053.95,319.81,1147.50
-7329399711831283640	General Basic Offer Container Variant Premium_Premium_cardback_avatar	7	text	General Basic Offer Container Variant Premium_Premium_cardback_avatar/background/Dynamic Content/Icon Premium Campaign Drawer Variant/Content/Converted Drawer/Price Display/text	-	-		0.0000	5.3668	4.6072	4.6072	-2757.93,3472.97,-2757.93,3477.58	-2760.62,3472.97,-2755.25,3477.58
-7329399711831283640	General Basic Offer Container Variant Premium_Premium_cardback_avatar	7	text	General Basic Offer Container Variant Premium_Premium_cardback_avatar/background/Dynamic Content/Icon Premium Campaign Drawer Variant/Content/Ephemeral Drawer/Price Display/text	-	-		0.0000	9.3876	4.6072	4.6072	-2757.93,3472.97,-2757.93,3477.58	-2762.63,3472.97,-2753.24,3477.58
-7329399711831283640	General Basic Offer Container Variant Premium_Premium_cardback_avatar	7	text	General Basic Offer Container Variant Premium_Premium_cardback_avatar/background/Dynamic Content/Icon Premium Campaign Drawer Variant (1)/Content/Converted Drawer/Price Display/text	-	-		0.0000	5.3668	4.6072	4.6072	-2608.23,3529.07,-2608.23,3533.68	-2610.92,3529.07,-2605.55,3533.68
-7329399711831283640	General Basic Offer Container Variant Premium_Premium_cardback_avatar	7	text	General Basic Offer Container Variant Premium_Premium_cardback_avatar/background/Dynamic Content/Icon Premium Campaign Drawer Variant (1)/Content/Ephemeral Drawer/Price Display/text	-	-		0.0000	9.3876	4.6072	4.6072	-2608.23,3529.07,-2608.23,3533.68	-2612.93,3529.07,-2603.54,3533.68
-7325794292743582319	General Basic Offer Container Booster_CardOrAltArt	7	text	General Basic Offer Container Booster_CardOrAltArt/background/Dynamic Content/Icon Container Drawer Variant/Content/Converted Drawer/Price Display/text	-	-		0.0000	108.9700	93.5475	93.5475	277.32,1068.32,277.32,1161.87	222.83,1068.32,331.80,1161.87
-7325794292743582319	General Basic Offer Container Booster_CardOrAltArt	7	text	General Basic Offer Container Booster_CardOrAltArt/background/Dynamic Content/Card Alternate Art Drawer/Content/Converted Drawer/Price Display/text	-	-		0.0000	108.9700	93.5475	93.5475	-17.83,1247.26,-17.83,1340.81	-72.31,1247.26,36.66,1340.81
-7325794292743582319	General Basic Offer Container Booster_CardOrAltArt	7	text	General Basic Offer Container Booster_CardOrAltArt/background/Dynamic Content/Card Alternate Art Drawer/Content/Ephemeral Drawer/Price Display/text	-	-		0.0000	190.6100	93.5475	93.5475	193.86,1354.24,193.86,1447.79	98.55,1354.24,289.16,1447.79
-7325794292743582319	General Basic Offer Container Booster_CardOrAltArt	7	text	General Basic Offer Container Booster_CardOrAltArt/background/Dynamic Content/Card Drawer/Content/Converted Drawer/Price Display/text	-	-		0.0000	108.9700	93.5475	93.5475	183.47,1333.10,183.47,1426.65	128.98,1333.10,237.95,1426.65
-7325794292743582319	General Basic Offer Container Booster_CardOrAltArt	7	text	General Basic Offer Container Booster_CardOrAltArt/background/Dynamic Content/Card Drawer/Content/Ephemeral Drawer/Price Display/text	-	-		0.0000	190.6100	93.5475	93.5475	183.47,1333.10,183.47,1426.65	88.16,1333.10,278.77,1426.65
-7203466050789399505	Icon Wildcard Drawer Variant	4	text	Icon Wildcard Drawer Variant/Content/Converted Drawer/Price Display/text	-	-		0.0000	108.9700	93.5475	93.5475	841.17,943.23,841.17,1036.77	786.69,943.23,895.66,1036.77
-7203466050789399505	Icon Wildcard Drawer Variant	4	text	Icon Wildcard Drawer Variant/Content/Ephemeral Drawer/Price Display/text	-	-		0.0000	190.6100	93.5475	93.5475	841.17,943.23,841.17,1036.77	745.87,943.23,936.48,1036.77
-7066813013973172314	Main Menu Settings Window	5	Disable Bots	Main Menu Settings Window/Menu Area/Tab Content/General Tab/Checkboxes/Disable Bots	ok	unk	OK→UNK	751.3650	751.3650	68.0769	68.0769	632.87,455.52,1384.23,523.60	632.87,455.52,1384.23,523.60
-7066813013973172314	Main Menu Settings Window	5	Disable Notifications	Main Menu Settings Window/Menu Area/Tab Content/General Tab/Checkboxes/Disable Notifications	ok	unk	OK→UNK	751.3650	751.3650	68.0769	68.0769	632.87,528.10,1384.23,596.18	632.87,528.10,1384.23,596.18
-7066813013973172314	Main Menu Settings Window	5	Touch Input	Main Menu Settings Window/Menu Area/Tab Content/General Tab/Checkboxes/Touch Input	ok	unk	OK→UNK	751.3650	751.3650	68.0769	68.0769	632.87,600.68,1384.23,668.75	632.87,600.68,1384.23,668.75
-7066813013973172314	Main Menu Settings Window	7	Content	Main Menu Settings Window/Menu Area/Tab Content/Graphics Tab/Content/Scroll View/Viewport/Content	ok	ok		107.1000	409.6890	270.0000	270.0000	603.17,443.25,710.27,713.25	603.17,443.25,1012.86,713.25
-7066813013973172314	Main Menu Settings Window	8	Small Screen Size Toggle	Main Menu Settings Window/Menu Area/Tab Content/Graphics Tab/Content/Scroll View/Viewport/Content/Small Screen Size Toggle	ok	unk	OK→UNK	107.1000	409.6890	68.0769	68.0769	603.17,443.25,710.27,511.32	603.17,443.25,1012.86,511.32
-7066813013973172314	Main Menu Settings Window	8	Auto Zoom Toggle	Main Menu Settings Window/Menu Area/Tab Content/Graphics Tab/Content/Scroll View/Viewport/Content/Auto Zoom Toggle	ok	unk	OK→UNK	107.1000	409.6890	68.0769	68.0769	603.17,515.82,710.27,583.90	603.17,515.82,1012.86,583.90
-7066813013973172314	Main Menu Settings Window	8	Hi FPS toggl	Main Menu Settings Window/Menu Area/Tab Content/Graphics Tab/Content/Scroll View/Viewport/Content/Hi FPS toggl	ok	unk	OK→UNK	107.1000	409.6890	68.0769	68.0769	603.17,588.40,710.27,656.48	603.17,588.40,1012.86,656.48
-7066813013973172314	Main Menu Settings Window	8	Android extra compatibility	Main Menu Settings Window/Menu Area/Tab Content/Graphics Tab/Content/Scroll View/Viewport/Content/Android extra compatibility	ok	unk	OK→UNK	426.9240	426.9240	68.0769	68.0769	603.17,660.98,1030.09,729.05	603.17,660.98,1030.09,729.05
-7066813013973172314	Main Menu Settings Window	8	Use super sampling	Main Menu Settings Window/Menu Area/Tab Content/Graphics Tab/Content/Scroll View/Viewport/Content/Use super sampling	ok	unk	OK→UNK	107.1000	409.6890	68.0769	68.0769	603.17,660.98,710.27,729.05	603.17,660.98,1012.86,729.05
-7066813013973172314	Main Menu Settings Window	8	Vsync	Main Menu Settings Window/Menu Area/Tab Content/Graphics Tab/Content/Scroll View/Viewport/Content/Vsync	ok	unk	OK→UNK	107.1000	409.6890	68.0769	68.0769	603.17,733.55,710.27,801.63	603.17,733.55,1012.86,801.63
-7066813013973172314	Main Menu Settings Window	8	FPS Limit	Main Menu Settings Window/Menu Area/Tab Content/Graphics Tab/Content/Scroll View/Viewport/Content/FPS Limit	-	-		107.1000	409.6890	94.5000	94.5000	603.17,806.13,710.27,900.63	603.17,806.13,1012.86,900.63
-7066813013973172314	Main Menu Settings Window	9	FPS Slider	Main Menu Settings Window/Menu Area/Tab Content/Graphics Tab/Content/Scroll View/Viewport/Content/FPS Limit/FPS Slider	-	-		442.0607	442.0607	11.7000	11.7000	691.29,881.91,1133.35,893.61	842.58,881.91,1284.64,893.61
-7066813013973172314	Main Menu Settings Window	10	Background	Main Menu Settings Window/Menu Area/Tab Content/Graphics Tab/Content/Scroll View/Viewport/Content/FPS Limit/FPS Slider/Background	-	-		442.0607	442.0607	11.7000	11.7000	691.29,881.91,1133.35,893.61	842.58,881.91,1284.64,893.61
-7066813013973172314	Main Menu Settings Window	10	Fill	Main Menu Settings Window/Menu Area/Tab Content/Graphics Tab/Content/Scroll View/Viewport/Content/FPS Limit/FPS Slider/Fill	-	-		0.0000	0.0000	11.7000	11.7000	691.29,881.91,691.29,893.61	842.58,881.91,842.58,893.61
-7066813013973172314	Main Menu Settings Window	10	Handle Slide Area	Main Menu Settings Window/Menu Area/Tab Content/Graphics Tab/Content/Scroll View/Viewport/Content/FPS Limit/FPS Slider/Handle Slide Area	-	-		433.0607	433.0607	11.7000	11.7000	691.29,881.91,1124.35,893.61	842.58,881.91,1275.64,893.61
-7066813013973172314	Main Menu Settings Window	11	Handle	Main Menu Settings Window/Menu Area/Tab Content/Graphics Tab/Content/Scroll View/Viewport/Content/FPS Limit/FPS Slider/Handle Slide Area/Handle	-	-		42.1299	42.1299	31.8654	31.8654	681.02,871.83,723.15,903.69	832.32,871.83,874.45,903.69
-7066813013973172314	Main Menu Settings Window	10	30 FPS	Main Menu Settings Window/Menu Area/Tab Content/Graphics Tab/Content/Scroll View/Viewport/Content/FPS Limit/FPS Slider/30 FPS	-	-		205.2141	205.2141	55.8000	55.8000	598.58,830.52,803.79,886.32	749.87,830.52,955.08,886.32
-7066813013973172314	Main Menu Settings Window	10	60 FPS	Main Menu Settings Window/Menu Area/Tab Content/Graphics Tab/Content/Scroll View/Viewport/Content/FPS Limit/FPS Slider/60 FPS	-	-		205.2141	205.2141	55.8000	55.8000	815.38,830.52,1020.60,886.32	966.68,830.52,1171.89,886.32
-7066813013973172314	Main Menu Settings Window	10	Unlimited	Main Menu Settings Window/Menu Area/Tab Content/Graphics Tab/Content/Scroll View/Viewport/Content/FPS Limit/FPS Slider/Unlimited	-	-		205.2141	205.2141	55.8000	55.8000	1027.87,826.11,1233.09,881.91	1179.17,826.11,1384.38,881.91
-7058060996923004182	Draft Mode Timed Mode Window	3	Packs	Draft Mode Timed Mode Window/Draft Mode Select Packs State/Content/Packs	ok	unk	OK→UNK	446.9030	446.9030	47.9270	47.9270	698.61,317.61,1145.51,365.53	698.61,317.61,1145.51,365.53
-7058060996923004182	Draft Mode Timed Mode Window	6	text	Draft Mode Timed Mode Window/Draft Mode Select Packs State/Reroll/Price Display Button 2 Variant/Generic UI Button/Price Display/text	-	-		0.0000	90.5300	57.2710	57.2710	1224.14,880.77,1224.14,938.04	1178.88,880.77,1269.41,938.04
-7058060996923004182	Draft Mode Timed Mode Window	5	Timer	Draft Mode Timed Mode Window/Draft Mode Ongoing State/MainContent/Scaled Content/Timer/Timer	-	-		0.0000	211.0142	59.2593	59.2593	1105.33,241.18,1105.33,300.43	999.82,241.18,1210.83,300.43
-7058060996923004182	Draft Mode Timed Mode Window	10	Text fill	Draft Mode Timed Mode Window/Draft Mode Deck Info Panel/content/Cards in deck panel/Scroll View/Viewport/Content/Deck Selector Card Info button/Content/Background/Text fill	ok	unk	OK→UNK	263.7399	263.7399	38.7000	38.7000	1589.06,272.91,1852.80,311.61	1589.06,272.91,1852.80,311.61
-7058060996923004182	Draft Mode Timed Mode Window	3	Window Title	Draft Mode Timed Mode Window/Game Mode Header With Back Button/Header Background/Window Title	-	-		0.0000	369.3600	82.6520	82.6520	155.00,30.35,155.00,113.01	155.00,30.35,524.36,113.01
-7004980321802476188	Ranked Division Info	3	Timer	Ranked Division Info/Content/Timer/Timer	-	-		0.0000	167.6400	55.9050	55.9050	405.48,210.19,405.48,266.09	321.66,210.19,489.30,266.09
-7004980321802476188	Ranked Division Info	3	Highest Faction Rating	Ranked Division Info/Content/footer/Highest Faction Rating	ok	unk	OK→UNK	355.4387	355.4387	39.7997	39.7997	208.34,266.09,563.78,305.89	208.34,266.09,563.78,305.89
-7004980321802476188	Ranked Division Info	4	Rating Text	Ranked Division Info/Content/footer/Highest Faction Rating/Rating Text	ok	unk	OK→UNK	120.0000	0.0000	59.1670	59.1670	326.06,256.41,446.06,315.57	386.06,256.41,386.06,315.57
-7004980321802476188	Ranked Division Info	5	Secondary Icon	Ranked Division Info/Content/footer/Highest Faction Rating/Rating Text/Secondary Icon	-	-		60.0000	60.0000	59.1670	59.1670	326.06,256.41,386.06,315.57	386.06,256.41,446.06,315.57
-7004980321802476188	Ranked Division Info	5	Main Icon	Ranked Division Info/Content/footer/Highest Faction Rating/Rating Text/Main Icon	-	-		60.0000	60.0000	59.1670	59.1670	386.06,256.41,446.06,315.57	446.06,256.41,506.06,315.57
-7004980321802476188	Ranked Division Info	5	Individual rating value	Ranked Division Info/Content/footer/Highest Faction Rating/Rating Text/Individual rating value	-	-		0.0000	0.0000	0.0000	0.0000	446.06,285.99,446.06,285.99	506.06,285.99,506.06,285.99
-7004980321802476188	Ranked Division Info	4	Global Rating	Ranked Division Info/Content/footer/MainRating/Global Rating	ok	unk	OK→UNK	216.6844	216.6844	57.3560	57.3560	331.63,267.58,548.32,324.93	331.63,267.58,548.32,324.93
-6983295669049598314	AllianceRankingRow Variant	1	Name Holder	AllianceRankingRow Variant/Name Holder	ok	unk	OK→UNK	733.9500	733.9500	100.0000	100.0000	290.00,1030.00,1023.95,1130.00	290.00,1030.00,1023.95,1130.00
-6891680362383757002	Profile Player Info	2	Name and Title Holder	Profile Player Info/Info Section with Alliance/Name and Title Holder	ok	unk	OK→UNK	864.3366	864.3366	49.8280	49.8280	159.15,167.70,1023.49,217.53	159.15,167.70,1023.49,217.53
-6745258406248085284	Skirmish Ranked Game Mode Container 1x2	2	Global Rating	Skirmish Ranked Game Mode Container 1x2/Rating/Global Rating	ok	unk	OK→UNK	494.6118	494.6118	109.5245	109.5245	-247.31,1288.47,247.31,1398.00	-247.31,1288.47,247.31,1398.00
-6729966927197553114	General Basic Offer Popup Variant Booster + 2 Currencies	6	text	General Basic Offer Popup Variant Booster + 2 Currencies/window/Icon Container Drawer Variant/Content/Converted Drawer/Price Display/text	-	-		0.0000	108.9700	93.5475	93.5475	749.31,690.84,749.31,784.39	694.83,690.84,803.80,784.39
-6729966927197553114	General Basic Offer Popup Variant Booster + 2 Currencies	6	text	General Basic Offer Popup Variant Booster + 2 Currencies/window/Icon Currency Drawer Variant (1)/Content/Converted Drawer/Price Display/text	-	-		0.0000	108.9700	93.5475	93.5475	652.98,875.99,652.98,969.54	598.50,875.99,707.47,969.54
-6729966927197553114	General Basic Offer Popup Variant Booster + 2 Currencies	6	text	General Basic Offer Popup Variant Booster + 2 Currencies/window/Icon Currency Drawer Variant (1)/Content/Ephemeral Drawer/Price Display/text	-	-		0.0000	190.6100	93.5475	93.5475	652.98,875.99,652.98,969.54	557.68,875.99,748.29,969.54
-6729966927197553114	General Basic Offer Popup Variant Booster + 2 Currencies	6	text	General Basic Offer Popup Variant Booster + 2 Currencies/window/Icon Currency Drawer Variant/Content/Converted Drawer/Price Display/text	-	-		0.0000	108.9700	93.5475	93.5475	974.62,889.86,974.62,983.41	920.13,889.86,1029.10,983.41
-6729966927197553114	General Basic Offer Popup Variant Booster + 2 Currencies	6	text	General Basic Offer Popup Variant Booster + 2 Currencies/window/Icon Currency Drawer Variant/Content/Ephemeral Drawer/Price Display/text	-	-		0.0000	190.6100	93.5475	93.5475	974.62,889.86,974.62,983.41	879.31,889.86,1069.92,983.41
-6729966927197553114	General Basic Offer Popup Variant Booster + 2 Currencies	3	Timer	General Basic Offer Popup Variant Booster + 2 Currencies/window/Text/Timer	ok	unk	OK→UNK	197.6700	197.6700	26.7550	26.7550	1241.58,747.56,1439.25,774.31	1241.58,747.56,1439.25,774.31
-6729966927197553114	General Basic Offer Popup Variant Booster + 2 Currencies	7	text	General Basic Offer Popup Variant Booster + 2 Currencies/window/Text/Purchase buttons/Price Display/Generic UI Button/Price Display/text	-	-		0.0000	92.2200	44.9601	44.9601	1254.14,693.27,1254.14,738.23	1208.03,693.27,1300.25,738.23
-6729966927197553114	General Basic Offer Popup Variant Booster + 2 Currencies	5	Button Text	General Basic Offer Popup Variant Booster + 2 Currencies/window/Text/Purchase buttons/WebShop Button/Button Text	-	-		0.0000	132.0000	51.8850	51.8850	1514.67,689.26,1514.67,741.14	1448.67,689.26,1580.67,741.14
-6727319281860360580	General Basic Offer Popup Variant Premium_Booster_avatar_cardback_title	6	text	General Basic Offer Popup Variant Premium_Booster_avatar_cardback_title/window/Icon Container Drawer Variant/Content/Converted Drawer/Price Display/text	-	-		0.0000	108.9700	93.5475	93.5475	916.21,702.84,916.21,796.39	861.73,702.84,970.70,796.39
-6727319281860360580	General Basic Offer Popup Variant Premium_Booster_avatar_cardback_title	4	Label	General Basic Offer Popup Variant Premium_Booster_avatar_cardback_title/window/Cardback Drawer/Content/Label	ok	unk	OK→UNK	640.8000	640.8000	108.0000	108.0000	105.49,760.10,746.29,868.10	105.49,760.10,746.29,868.10
-6727319281860360580	General Basic Offer Popup Variant Premium_Booster_avatar_cardback_title	6	text	General Basic Offer Popup Variant Premium_Booster_avatar_cardback_title/window/Cardback Drawer/Content/Converted Drawer/Price Display/text	-	-		0.0000	48.7410	41.8427	41.8427	269.72,819.69,269.72,861.53	245.35,819.69,294.09,861.53
-6727319281860360580	General Basic Offer Popup Variant Premium_Booster_avatar_cardback_title	6	text	General Basic Offer Popup Variant Premium_Booster_avatar_cardback_title/window/Cardback Drawer/Content/Ephemeral Drawer/Price Display/text	-	-		0.0000	85.2576	41.8427	41.8427	269.72,819.69,269.72,861.53	227.09,819.69,312.35,861.53
-6727319281860360580	General Basic Offer Popup Variant Premium_Booster_avatar_cardback_title	6	text	General Basic Offer Popup Variant Premium_Booster_avatar_cardback_title/window/Icon Avatar Drawer Variant/Content/Converted Drawer/Price Display/text	-	-		0.0000	108.9700	93.5475	93.5475	1165.41,933.77,1165.41,1027.31	1110.93,933.77,1219.90,1027.31
-6727319281860360580	General Basic Offer Popup Variant Premium_Booster_avatar_cardback_title	6	text	General Basic Offer Popup Variant Premium_Booster_avatar_cardback_title/window/Icon Avatar Drawer Variant/Content/Ephemeral Drawer/Price Display/text	-	-		0.0000	190.6100	93.5475	93.5475	1165.41,933.77,1165.41,1027.31	1070.11,933.77,1260.72,1027.31
-6727319281860360580	General Basic Offer Popup Variant Premium_Booster_avatar_cardback_title	4	Label	General Basic Offer Popup Variant Premium_Booster_avatar_cardback_title/window/Title Drawer Horizontal Variant/Content/Label	ok	unk	OK→UNK	925.2000	925.2000	37.0000	37.0000	-35.00,854.60,890.20,891.60	-35.00,854.60,890.20,891.60
-6727319281860360580	General Basic Offer Popup Variant Premium_Booster_avatar_cardback_title	6	text	General Basic Offer Popup Variant Premium_Booster_avatar_cardback_title/window/Title Drawer Horizontal Variant/Content/Converted Drawer/Price Display/text	-	-		0.0000	32.6936	28.0665	28.0665	75.16,894.57,75.16,922.64	58.81,894.57,91.51,922.64
-6727319281860360580	General Basic Offer Popup Variant Premium_Booster_avatar_cardback_title	6	text	General Basic Offer Popup Variant Premium_Booster_avatar_cardback_title/window/Title Drawer Horizontal Variant/Content/Ephemeral Drawer/Price Display/text	-	-		0.0000	57.1875	28.0665	28.0665	75.16,894.57,75.16,922.64	46.57,894.57,103.75,922.64
-6727319281860360580	General Basic Offer Popup Variant Premium_Booster_avatar_cardback_title	6	text	General Basic Offer Popup Variant Premium_Booster_avatar_cardback_title/window/Icon Premium Campaign Drawer Variant/Content/Converted Drawer/Price Display/text	-	-		0.0000	108.9700	93.5475	93.5475	818.82,1029.32,818.82,1122.86	764.33,1029.32,873.30,1122.86
-6727319281860360580	General Basic Offer Popup Variant Premium_Booster_avatar_cardback_title	6	text	General Basic Offer Popup Variant Premium_Booster_avatar_cardback_title/window/Icon Premium Campaign Drawer Variant/Content/Ephemeral Drawer/Price Display/text	-	-		0.0000	190.6100	93.5475	93.5475	818.82,1029.32,818.82,1122.86	723.51,1029.32,914.12,1122.86
-6727319281860360580	General Basic Offer Popup Variant Premium_Booster_avatar_cardback_title	3	Timer	General Basic Offer Popup Variant Premium_Booster_avatar_cardback_title/window/Text/Timer	ok	unk	OK→UNK	197.6700	197.6700	26.7550	26.7550	1241.58,747.56,1439.25,774.31	1241.58,747.56,1439.25,774.31
-6727319281860360580	General Basic Offer Popup Variant Premium_Booster_avatar_cardback_title	7	text	General Basic Offer Popup Variant Premium_Booster_avatar_cardback_title/window/Text/Purchase buttons/Price Display/Generic UI Button/Price Display/text	-	-		0.0000	92.2200	44.9601	44.9601	886.97,693.27,886.97,738.23	840.86,693.27,933.08,738.23
-6688256047385132283	General Basic Offer Popup Variant Premium_Resource	6	text	General Basic Offer Popup Variant Premium_Resource/window/Icon Currency Drawer Variant/Content/Converted Drawer/Price Display/text	-	-		0.0000	108.9700	93.5475	93.5475	845.89,650.93,845.89,744.47	791.41,650.93,900.38,744.47
-6688256047385132283	General Basic Offer Popup Variant Premium_Resource	6	text	General Basic Offer Popup Variant Premium_Resource/window/Icon Currency Drawer Variant/Content/Ephemeral Drawer/Price Display/text	-	-		0.0000	190.6100	93.5475	93.5475	845.89,650.93,845.89,744.47	750.59,650.93,941.20,744.47
-6688256047385132283	General Basic Offer Popup Variant Premium_Resource	6	text	General Basic Offer Popup Variant Premium_Resource/window/Icon Premium Campaign Drawer Variant/Content/Converted Drawer/Price Display/text	-	-		0.0000	108.9700	93.5475	93.5475	493.37,1099.77,493.37,1193.32	438.88,1099.77,547.85,1193.32
-6688256047385132283	General Basic Offer Popup Variant Premium_Resource	6	text	General Basic Offer Popup Variant Premium_Resource/window/Icon Premium Campaign Drawer Variant/Content/Ephemeral Drawer/Price Display/text	-	-		0.0000	190.6100	93.5475	93.5475	493.37,1099.77,493.37,1193.32	398.06,1099.77,588.67,1193.32
-6688256047385132283	General Basic Offer Popup Variant Premium_Resource	6	text	General Basic Offer Popup Variant Premium_Resource/window/Icon Expansion Pass Premium Drawer Variant/Content/Converted Drawer/Price Display/text	-	-		0.0000	100.1316	85.9600	85.9600	433.59,1121.83,433.59,1207.79	383.53,1121.83,483.66,1207.79
-6688256047385132283	General Basic Offer Popup Variant Premium_Resource	6	text	General Basic Offer Popup Variant Premium_Resource/window/Icon Expansion Pass Premium Drawer Variant/Content/Ephemeral Drawer/Price Display/text	-	-		0.0000	175.1499	85.9600	85.9600	433.59,1121.83,433.59,1207.79	346.02,1121.83,521.17,1207.79
-6688256047385132283	General Basic Offer Popup Variant Premium_Resource	3	Timer	General Basic Offer Popup Variant Premium_Resource/window/Text/Timer	ok	unk	OK→UNK	197.6700	197.6700	26.7550	26.7550	1241.58,747.56,1439.25,774.31	1241.58,747.56,1439.25,774.31
-6600266130723535266	Daily Reward Popup Entry	7	text	Daily Reward Popup Entry/NormalReward/Reward Holder/Icon Container Drawer Variant/Content/Converted Drawer/Price Display/text	-	-		0.0000	87.1760	74.8380	74.8380	92.73,1233.25,92.73,1308.08	49.14,1233.25,136.31,1308.08
-6600266130723535266	Daily Reward Popup Entry	7	text	Daily Reward Popup Entry/Premium Reward/Reward Holder/Icon Container Drawer Variant/Content/Converted Drawer/Price Display/text	-	-		0.0000	87.1760	74.8380	74.8380	92.73,1627.74,92.73,1702.57	49.14,1627.74,136.31,1702.57
-6379526190611790725	Cosmetic Item Shop Container	5	Label	Cosmetic Item Shop Container/background/DrawerHolder/Cardback Drawer/Content/Label	ok	unk	OK→UNK	640.8000	640.8000	108.0000	108.0000	-320.40,1368.15,320.40,1476.15	-320.40,1368.15,320.40,1476.15
-6379526190611790725	Cosmetic Item Shop Container	7	text	Cosmetic Item Shop Container/background/DrawerHolder/Cardback Drawer/Content/Converted Drawer/Price Display/text	-	-		0.0000	26.6286	22.8599	22.8599	-230.67,1400.70,-230.67,1423.56	-243.99,1400.70,-217.36,1423.56
-6379526190611790725	Cosmetic Item Shop Container	7	text	Cosmetic Item Shop Container/background/DrawerHolder/Cardback Drawer/Content/Ephemeral Drawer/Price Display/text	-	-		0.0000	46.5787	22.8599	22.8599	-230.67,1400.70,-230.67,1423.56	-253.96,1400.70,-207.39,1423.56
-6379526190611790725	Cosmetic Item Shop Container	5	Label	Cosmetic Item Shop Container/background/DrawerHolder/Title Drawer/Content/Label	ok	unk	OK→UNK	640.8000	640.8000	108.0000	108.0000	-320.40,1368.15,320.40,1476.15	-320.40,1368.15,320.40,1476.15
-6379526190611790725	Cosmetic Item Shop Container	7	text	Cosmetic Item Shop Container/background/DrawerHolder/Title Drawer/Content/Converted Drawer/Price Display/text	-	-		0.0000	26.6286	22.8599	22.8599	-230.67,1400.70,-230.67,1423.56	-243.99,1400.70,-217.36,1423.56
-6379526190611790725	Cosmetic Item Shop Container	7	text	Cosmetic Item Shop Container/background/DrawerHolder/Title Drawer/Content/Ephemeral Drawer/Price Display/text	-	-		0.0000	46.5787	22.8599	22.8599	-230.67,1400.70,-230.67,1423.56	-253.96,1400.70,-207.39,1423.56
-6379526190611790725	Cosmetic Item Shop Container	5	Label	Cosmetic Item Shop Container/background/DrawerHolder/Avatar Drawer Shop Variant/Content/Label	ok	unk	OK→UNK	712.9775	712.9775	118.8000	118.8000	-356.49,1368.15,356.49,1486.95	-356.49,1368.15,356.49,1486.95
-6379526190611790725	Cosmetic Item Shop Container	7	text	Cosmetic Item Shop Container/background/DrawerHolder/Avatar Drawer Shop Variant/Content/Converted Drawer/Price Display/text	-	-		0.0000	26.6286	22.8599	22.8599	-230.67,1400.70,-230.67,1423.56	-243.99,1400.70,-217.36,1423.56
-6379526190611790725	Cosmetic Item Shop Container	7	text	Cosmetic Item Shop Container/background/DrawerHolder/Avatar Drawer Shop Variant/Content/Ephemeral Drawer/Price Display/text	-	-		0.0000	46.5787	22.8599	22.8599	-230.67,1400.70,-230.67,1423.56	-253.96,1400.70,-207.39,1423.56
-6335606694345398962	Deck Selector Defensive Card Slot	2	Text fill	Deck Selector Defensive Card Slot/Content/Text fill	ok	unk	OK→UNK	246.7128	246.7128	47.9020	47.9020	333.20,509.39,579.91,557.29	333.20,509.39,579.91,557.29
-6130148164684420588	Random Card Drawer	2	Label	Random Card Drawer/Content/Label	ok	unk	OK→UNK	640.8000	640.8000	108.0000	108.0000	639.60,810.00,1280.40,918.00	639.60,810.00,1280.40,918.00
-6130148164684420588	Random Card Drawer	4	text	Random Card Drawer/Content/Converted Drawer/Price Display/text	-	-		0.0000	108.9700	93.5475	93.5475	1006.77,943.23,1006.77,1036.77	952.29,943.23,1061.26,1036.77
-6130148164684420588	Random Card Drawer	4	text	Random Card Drawer/Content/Ephemeral Drawer/Price Display/text	-	-		0.0000	190.6100	93.5475	93.5475	1006.77,943.23,1006.77,1036.77	911.47,943.23,1102.08,1036.77
-6078415646050387259	Draft Mode Menu Demo	4	Timer	Draft Mode Menu Demo/Draft Mode Pay State/Scale menu/Timer/Timer	-	-		0.0000	199.0700	55.9050	55.9050	1261.42,318.75,1261.42,374.65	1161.88,318.75,1360.95,374.65
-6078415646050387259	Draft Mode Menu Demo	3	Packs	Draft Mode Menu Demo/Draft Mode Select Packs State/Content/Packs	ok	unk	OK→UNK	446.9030	446.9030	47.9270	47.9270	754.61,353.59,1201.51,401.51	754.61,353.59,1201.51,401.51
-6078415646050387259	Draft Mode Menu Demo	6	text	Draft Mode Menu Demo/Draft Mode Select Packs State/Reroll/Price Display Button 2 Variant/Generic UI Button/Price Display/text	-	-		0.0000	90.5300	57.2710	57.2710	1224.14,880.77,1224.14,938.04	1178.88,880.77,1269.41,938.04
-6078415646050387259	Draft Mode Menu Demo	5	Timer	Draft Mode Menu Demo/Draft Mode Ongoing State/MainContent/Scaled Content/Timer/Timer	-	-		0.0000	211.0142	59.2593	59.2593	1105.33,241.18,1105.33,300.43	999.82,241.18,1210.83,300.43
-6078415646050387259	Draft Mode Menu Demo	10	Text fill	Draft Mode Menu Demo/Draft Mode Deck Info Panel/content/Cards in deck panel/Scroll View/Viewport/Content/Deck Selector Card Info button/Content/Background/Text fill	ok	unk	OK→UNK	263.7399	263.7399	38.7000	38.7000	1589.06,272.91,1852.80,311.61	1589.06,272.91,1852.80,311.61
-6078415646050387259	Draft Mode Menu Demo	3	Window Title	Draft Mode Menu Demo/Game Mode Header With Back Button/Header Background/Window Title	-	-		0.0000	369.3600	82.6520	82.6520	155.00,30.35,155.00,113.01	155.00,30.35,524.36,113.01
-5971036757887598296	Price Display Button 2 Variant	2	Price Display	Price Display Button 2 Variant/Generic UI Button/Price Display	ok	unk	OK→UNK	293.2117	293.2117	60.0253	60.0253	304.62,868.20,597.83,928.22	304.62,868.20,597.83,928.22
-5956426265568548204	Shop Item Container	6	text	Shop Item Container/background/name-bg/Price Display Button/Generic UI Button/Price Display/text	-	-		0.0000	92.2200	42.5532	42.5532	-16.96,1221.93,-16.96,1264.49	-63.07,1221.93,29.15,1264.49
-5927186537933677229	General Basic Offer Popup Variant Premium_Booster_avatar_cardback_title_resource	6	text	General Basic Offer Popup Variant Premium_Booster_avatar_cardback_title_resource/window/Icon Container Drawer Variant/Content/Converted Drawer/Price Display/text	-	-		0.0000	108.9700	93.5475	93.5475	896.21,686.84,896.21,780.39	841.73,686.84,950.70,780.39
-5927186537933677229	General Basic Offer Popup Variant Premium_Booster_avatar_cardback_title_resource	4	Label	General Basic Offer Popup Variant Premium_Booster_avatar_cardback_title_resource/window/Cardback Drawer/Content/Label	ok	unk	OK→UNK	640.8000	640.8000	108.0000	108.0000	105.49,760.10,746.29,868.10	105.49,760.10,746.29,868.10
-5927186537933677229	General Basic Offer Popup Variant Premium_Booster_avatar_cardback_title_resource	6	text	General Basic Offer Popup Variant Premium_Booster_avatar_cardback_title_resource/window/Cardback Drawer/Content/Converted Drawer/Price Display/text	-	-		0.0000	48.7410	41.8427	41.8427	269.72,819.69,269.72,861.53	245.35,819.69,294.09,861.53
-5927186537933677229	General Basic Offer Popup Variant Premium_Booster_avatar_cardback_title_resource	6	text	General Basic Offer Popup Variant Premium_Booster_avatar_cardback_title_resource/window/Cardback Drawer/Content/Ephemeral Drawer/Price Display/text	-	-		0.0000	85.2576	41.8427	41.8427	269.72,819.69,269.72,861.53	227.09,819.69,312.35,861.53
-5927186537933677229	General Basic Offer Popup Variant Premium_Booster_avatar_cardback_title_resource	6	text	General Basic Offer Popup Variant Premium_Booster_avatar_cardback_title_resource/window/Icon Avatar Drawer Variant/Content/Converted Drawer/Price Display/text	-	-		0.0000	108.9700	93.5475	93.5475	1213.41,796.31,1213.41,889.85	1158.93,796.31,1267.90,889.85
-5927186537933677229	General Basic Offer Popup Variant Premium_Booster_avatar_cardback_title_resource	6	text	General Basic Offer Popup Variant Premium_Booster_avatar_cardback_title_resource/window/Icon Avatar Drawer Variant/Content/Ephemeral Drawer/Price Display/text	-	-		0.0000	190.6100	93.5475	93.5475	1213.41,796.31,1213.41,889.85	1118.11,796.31,1308.72,889.85
-5927186537933677229	General Basic Offer Popup Variant Premium_Booster_avatar_cardback_title_resource	4	Label	General Basic Offer Popup Variant Premium_Booster_avatar_cardback_title_resource/window/Title Drawer Horizontal Variant/Content/Label	ok	unk	OK→UNK	925.2000	925.2000	37.0000	37.0000	-35.00,854.60,890.20,891.60	-35.00,854.60,890.20,891.60
-5927186537933677229	General Basic Offer Popup Variant Premium_Booster_avatar_cardback_title_resource	6	text	General Basic Offer Popup Variant Premium_Booster_avatar_cardback_title_resource/window/Title Drawer Horizontal Variant/Content/Converted Drawer/Price Display/text	-	-		0.0000	32.6936	28.0665	28.0665	75.16,894.57,75.16,922.64	58.81,894.57,91.51,922.64
-5927186537933677229	General Basic Offer Popup Variant Premium_Booster_avatar_cardback_title_resource	6	text	General Basic Offer Popup Variant Premium_Booster_avatar_cardback_title_resource/window/Title Drawer Horizontal Variant/Content/Ephemeral Drawer/Price Display/text	-	-		0.0000	57.1875	28.0665	28.0665	75.16,894.57,75.16,922.64	46.57,894.57,103.75,922.64
-5927186537933677229	General Basic Offer Popup Variant Premium_Booster_avatar_cardback_title_resource	6	text	General Basic Offer Popup Variant Premium_Booster_avatar_cardback_title_resource/window/Icon Premium Campaign Drawer Variant/Content/Converted Drawer/Price Display/text	-	-		0.0000	108.9700	93.5475	93.5475	818.82,1029.32,818.82,1122.86	764.33,1029.32,873.30,1122.86
-5927186537933677229	General Basic Offer Popup Variant Premium_Booster_avatar_cardback_title_resource	6	text	General Basic Offer Popup Variant Premium_Booster_avatar_cardback_title_resource/window/Icon Premium Campaign Drawer Variant/Content/Ephemeral Drawer/Price Display/text	-	-		0.0000	190.6100	93.5475	93.5475	818.82,1029.32,818.82,1122.86	723.51,1029.32,914.12,1122.86
-5927186537933677229	General Basic Offer Popup Variant Premium_Booster_avatar_cardback_title_resource	3	Timer	General Basic Offer Popup Variant Premium_Booster_avatar_cardback_title_resource/window/Text/Timer	ok	unk	OK→UNK	197.6700	197.6700	26.7550	26.7550	1241.58,752.28,1439.25,779.03	1241.58,752.28,1439.25,779.03
-5927186537933677229	General Basic Offer Popup Variant Premium_Booster_avatar_cardback_title_resource	7	text	General Basic Offer Popup Variant Premium_Booster_avatar_cardback_title_resource/window/Text/Purchase buttons/Price Display/Generic UI Button/Price Display/text	-	-		0.0000	124.5000	44.9601	44.9601	1255.14,695.44,1255.14,740.40	1192.89,695.44,1317.39,740.40
-5927186537933677229	General Basic Offer Popup Variant Premium_Booster_avatar_cardback_title_resource	5	Button Text	General Basic Offer Popup Variant Premium_Booster_avatar_cardback_title_resource/window/Text/Purchase buttons/WebShop Button/Button Text	-	-		0.0000	132.0000	51.8850	51.8850	1515.67,691.43,1515.67,743.31	1449.67,691.43,1581.67,743.31
-5927186537933677229	General Basic Offer Popup Variant Premium_Booster_avatar_cardback_title_resource	6	text	General Basic Offer Popup Variant Premium_Booster_avatar_cardback_title_resource/window/Icon Currency Drawer Variant (1)/Content/Converted Drawer/Price Display/text	-	-		0.0000	108.9700	93.5475	93.5475	1091.85,945.73,1091.85,1039.27	1037.37,945.73,1146.34,1039.27
-5927186537933677229	General Basic Offer Popup Variant Premium_Booster_avatar_cardback_title_resource	6	text	General Basic Offer Popup Variant Premium_Booster_avatar_cardback_title_resource/window/Icon Currency Drawer Variant (1)/Content/Ephemeral Drawer/Price Display/text	-	-		0.0000	190.6100	93.5475	93.5475	1091.85,945.73,1091.85,1039.27	996.55,945.73,1187.16,1039.27
-5927186537933677229	General Basic Offer Popup Variant Premium_Booster_avatar_cardback_title_resource	6	text	General Basic Offer Popup Variant Premium_Booster_avatar_cardback_title_resource/window/Icon Expansion Pass Premium Drawer Variant/Content/Converted Drawer/Price Display/text	-	-		0.0000	74.6813	64.1117	64.1117	602.84,1070.40,602.84,1134.52	565.50,1070.40,640.18,1134.52
-5927186537933677229	General Basic Offer Popup Variant Premium_Booster_avatar_cardback_title_resource	6	text	General Basic Offer Popup Variant Premium_Booster_avatar_cardback_title_resource/window/Icon Expansion Pass Premium Drawer Variant/Content/Ephemeral Drawer/Price Display/text	-	-		0.0000	130.6323	64.1117	64.1117	602.84,1070.40,602.84,1134.52	537.52,1070.40,668.15,1134.52
-5803042674273016194	Deck Drawer	4	text	Deck Drawer/Content/Converted Drawer/Price Display/text	-	-		0.0000	108.9700	93.5475	93.5475	1006.41,943.23,1006.41,1036.77	951.93,943.23,1060.90,1036.77
-5803042674273016194	Deck Drawer	4	text	Deck Drawer/Content/Ephemeral Drawer/Price Display/text	-	-		0.0000	190.6100	93.5475	93.5475	1006.41,943.23,1006.41,1036.77	911.11,943.23,1101.72,1036.77
-5685836554828673561	Expansion Pass Points Drawer	2	Label	Expansion Pass Points Drawer/Content/Label	ok	unk	OK→UNK	640.8000	640.8000	108.0000	108.0000	639.60,810.00,1280.40,918.00	639.60,810.00,1280.40,918.00
-5685836554828673561	Expansion Pass Points Drawer	4	text	Expansion Pass Points Drawer/Content/Converted Drawer/Price Display/text	-	-		0.0000	108.9700	93.5475	93.5475	1006.77,943.23,1006.77,1036.77	952.29,943.23,1061.26,1036.77
-5685836554828673561	Expansion Pass Points Drawer	4	text	Expansion Pass Points Drawer/Content/Ephemeral Drawer/Price Display/text	-	-		0.0000	190.6100	93.5475	93.5475	1006.77,943.23,1006.77,1036.77	911.47,943.23,1102.08,1036.77
-5679784654821165323	Expansion Pass Missions Tab	4	Rewards	Expansion Pass Missions Tab/Daily Missions/Daily Missions Holder/Daily Mission Container Ref/Rewards	ok	unk	OK→UNK	242.5772	242.5772	91.0594	91.0594	513.76,575.82,756.33,666.88	513.76,575.82,756.33,666.88
-5679784654821165323	Expansion Pass Missions Tab	5	Reward Display Mission	Expansion Pass Missions Tab/Daily Missions/Daily Missions Holder/Daily Mission Container Ref/Rewards/Reward Display Mission	ok	unk	OK→UNK	242.5772	242.5772	91.0594	91.0594	513.76,575.82,756.33,666.88	513.76,575.82,756.33,666.88
-5679784654821165323	Expansion Pass Missions Tab	11	text	Expansion Pass Missions Tab/Daily Missions/Daily Missions Holder/Daily Mission Container Ref/Rewards/Reward Display Mission/drawerHolder/Icon Expansion Pass Points Drawer Variant/Content/Converted Drawer/Price Display/text	-	-		0.0000	6.2555	5.3702	5.3702	164.29,898.99,164.29,904.36	161.16,898.99,167.41,904.36
-5679784654821165323	Expansion Pass Missions Tab	11	text	Expansion Pass Missions Tab/Daily Missions/Daily Missions Holder/Daily Mission Container Ref/Rewards/Reward Display Mission/drawerHolder/Icon Expansion Pass Points Drawer Variant/Content/Ephemeral Drawer/Price Display/text	-	-		0.0000	10.9421	5.3702	5.3702	164.29,898.99,164.29,904.36	158.81,898.99,169.76,904.36
-5679784654821165323	Expansion Pass Missions Tab	5	GameObject (1)	Expansion Pass Missions Tab/Daily Missions/Daily Missions Holder/Daily Mission Container Ref/Mission Debug Buttons/GameObject (1)	ok	unk	OK→UNK	121.0566	121.0566	33.6528	33.6528	699.81,496.81,820.87,530.47	699.81,496.81,820.87,530.47
-5679784654821165323	Expansion Pass Missions Tab	4	Rewards	Expansion Pass Missions Tab/Daily Skulls Mission Container/background/footer/Rewards	ok	unk	OK→UNK	325.0000	325.0000	77.6430	77.6430	671.44,216.77,996.44,294.41	671.44,216.77,996.44,294.41
-5679784654821165323	Expansion Pass Missions Tab	5	Reward Display Mission	Expansion Pass Missions Tab/Daily Skulls Mission Container/background/footer/Rewards/Reward Display Mission	ok	unk	OK→UNK	325.0000	325.0000	77.6430	77.6430	671.44,216.77,996.44,294.41	671.44,216.77,996.44,294.41
-5679784654821165323	Expansion Pass Missions Tab	11	text	Expansion Pass Missions Tab/Daily Skulls Mission Container/background/footer/Rewards/Reward Display Mission/drawerHolder/Icon Currency Drawer Variant/Content/Converted Drawer/Price Display/text	-	-		0.0000	108.9700	93.5475	93.5475	1156.43,408.23,1156.43,501.78	1101.94,408.23,1210.91,501.78
-5679784654821165323	Expansion Pass Missions Tab	11	text	Expansion Pass Missions Tab/Daily Skulls Mission Container/background/footer/Rewards/Reward Display Mission/drawerHolder/Icon Currency Drawer Variant/Content/Ephemeral Drawer/Price Display/text	-	-		0.0000	190.6100	93.5475	93.5475	1156.43,408.23,1156.43,501.78	1061.12,408.23,1251.73,501.78
-5679784654821165323	Expansion Pass Missions Tab	4	GameObject (1)	Expansion Pass Missions Tab/Daily Skulls Mission Container/background/debug_buttons/GameObject (1)	ok	unk	OK→UNK	131.6268	131.6268	40.1137	40.1137	1047.23,340.90,1178.86,381.01	1047.23,340.90,1178.86,381.01
-5506482146120125958	Icon Avatar Border Drawer Variant	4	text	Icon Avatar Border Drawer Variant/Content/Ephemeral Drawer/Price Display/text	-	-		0.0000	190.6100	93.5475	93.5475	1006.77,943.23,1006.77,1036.77	911.47,943.23,1102.08,1036.77
-5482103135386201446	Draft Mode Card in deck container Variant	5	Text fill	Draft Mode Card in deck container Variant/Content/Deck Selector Card Info button_ref/Content/Background/Text fill	ok	unk	OK→UNK	-5.0000	-5.0000	0.0000	0.0000	980.89,862.60,975.89,862.60	980.89,862.60,975.89,862.60
-5468676590696539388	Forge Menu Reward Button	6	text	Forge Menu Reward Button/Points/Icon Forge Points Drawer Variant/Content/Converted Drawer/Price Display/text	-	-		0.0000	108.9700	93.5475	93.5475	321.93,821.50,321.93,915.05	267.44,821.50,376.41,915.05
-5468676590696539388	Forge Menu Reward Button	6	text	Forge Menu Reward Button/Points/Icon Forge Points Drawer Variant/Content/Ephemeral Drawer/Price Display/text	-	-		0.0000	190.6100	93.5475	93.5475	321.93,821.50,321.93,915.05	226.62,821.50,417.23,915.05
-5468676590696539388	Forge Menu Reward Button	2	PointsLabel	Forge Menu Reward Button/Points/PointsLabel	-	-		0.0000	162.5400	40.8397	40.8397	-1.28,657.64,-1.28,698.48	-1.28,657.64,161.26,698.48
-5405937039350838823	General Basic Offer Container Variant Booster_title_resource	7	text	General Basic Offer Container Variant Booster_title_resource/background/Dynamic Content/Icon Container Drawer Variant/Content/Converted Drawer/Price Display/text	-	-		0.0000	108.9700	93.5475	93.5475	226.96,1180.57,226.96,1274.12	172.47,1180.57,281.44,1274.12
-5405937039350838823	General Basic Offer Container Variant Booster_title_resource	7	text	General Basic Offer Container Variant Booster_title_resource/background/Dynamic Content/Icon Currency Drawer Variant/Content/Converted Drawer/Price Display/text	-	-		0.0000	108.9700	93.5475	93.5475	334.38,1340.00,334.38,1433.55	279.89,1340.00,388.86,1433.55
-5405937039350838823	General Basic Offer Container Variant Booster_title_resource	7	text	General Basic Offer Container Variant Booster_title_resource/background/Dynamic Content/Icon Currency Drawer Variant/Content/Ephemeral Drawer/Price Display/text	-	-		0.0000	190.6100	93.5475	93.5475	334.38,1340.00,334.38,1433.55	239.07,1340.00,429.68,1433.55
-5405937039350838823	General Basic Offer Container Variant Booster_title_resource	4	Label	General Basic Offer Container Variant Booster_title_resource/background/Title Drawer Horizontal Variant (1)/Content/Label	ok	unk	OK→UNK	925.2000	925.2000	37.0000	37.0000	-533.60,1348.50,391.60,1385.50	-533.60,1348.50,391.60,1385.50
-5405937039350838823	General Basic Offer Container Variant Booster_title_resource	6	text	General Basic Offer Container Variant Booster_title_resource/background/Title Drawer Horizontal Variant (1)/Content/Converted Drawer/Price Display/text	-	-		0.0000	22.3966	19.2268	19.2268	-458.13,1375.88,-458.13,1395.11	-469.33,1375.88,-446.94,1395.11
-5405937039350838823	General Basic Offer Container Variant Booster_title_resource	6	text	General Basic Offer Container Variant Booster_title_resource/background/Title Drawer Horizontal Variant (1)/Content/Ephemeral Drawer/Price Display/text	-	-		0.0000	39.1760	19.2268	19.2268	-458.13,1375.88,-458.13,1395.11	-477.72,1375.88,-438.55,1395.11
-5302832900879598852	Icon Avatar Drawer Variant	4	text	Icon Avatar Drawer Variant/Content/Converted Drawer/Price Display/text	-	-		0.0000	108.9700	93.5475	93.5475	841.17,943.23,841.17,1036.77	786.69,943.23,895.66,1036.77
-5302832900879598852	Icon Avatar Drawer Variant	4	text	Icon Avatar Drawer Variant/Content/Ephemeral Drawer/Price Display/text	-	-		0.0000	190.6100	93.5475	93.5475	841.17,943.23,841.17,1036.77	745.87,943.23,936.48,1036.77
-5248557923122353729	Checkbox	0	Checkbox	Checkbox	ok	unk	OK→UNK	472.4600	472.4600	75.6410	75.6410	537.53,481.68,1010.00,557.32	537.53,481.68,1010.00,557.32
-4956827903339373591	General Basic Offer Container Variant Premium_Resource	7	text	General Basic Offer Container Variant Premium_Resource/background/Dynamic Content/Icon Currency Drawer Variant/Content/Converted Drawer/Price Display/text	-	-		0.0000	108.9700	93.5475	93.5475	282.31,1127.35,282.31,1220.90	227.83,1127.35,336.80,1220.90
-4956827903339373591	General Basic Offer Container Variant Premium_Resource	7	text	General Basic Offer Container Variant Premium_Resource/background/Dynamic Content/Icon Currency Drawer Variant/Content/Ephemeral Drawer/Price Display/text	-	-		0.0000	190.6100	93.5475	93.5475	282.31,1127.35,282.31,1220.90	187.01,1127.35,377.62,1220.90
-4956827903339373591	General Basic Offer Container Variant Premium_Resource	7	text	General Basic Offer Container Variant Premium_Resource/background/Dynamic Content/Icon Expansion Pass Premium Drawer Variant/Content/Converted Drawer/Price Display/text	-	-		0.0000	68.4114	58.7292	58.7292	-119.59,1567.94,-119.59,1626.67	-153.79,1567.94,-85.38,1626.67
-4956827903339373591	General Basic Offer Container Variant Premium_Resource	7	text	General Basic Offer Container Variant Premium_Resource/background/Dynamic Content/Icon Expansion Pass Premium Drawer Variant/Content/Ephemeral Drawer/Price Display/text	-	-		0.0000	119.6651	58.7292	58.7292	-119.59,1567.94,-119.59,1626.67	-179.42,1567.94,-59.76,1626.67
-4956827903339373591	General Basic Offer Container Variant Premium_Resource	7	text	General Basic Offer Container Variant Premium_Resource/background/Dynamic Content/Icon Premium Campaign Drawer Variant/Content/Converted Drawer/Price Display/text	-	-		0.0000	5.3668	4.6072	4.6072	-4179.49,4734.18,-4179.49,4738.78	-4182.18,4734.18,-4176.81,4738.78
-4956827903339373591	General Basic Offer Container Variant Premium_Resource	7	text	General Basic Offer Container Variant Premium_Resource/background/Dynamic Content/Icon Premium Campaign Drawer Variant/Content/Ephemeral Drawer/Price Display/text	-	-		0.0000	9.3876	4.6072	4.6072	-4179.49,4734.18,-4179.49,4738.78	-4184.19,4734.18,-4174.80,4738.78
-4856841361826038617	General Basic Offer Container Variant Premium_booster_title_avatarOrResource	7	text	General Basic Offer Container Variant Premium_booster_title_avatarOrResource/background/Dynamic Content/Icon Container Drawer Variant/Content/Converted Drawer/Price Display/text	-	-		0.0000	108.9700	93.5475	93.5475	236.85,1271.57,236.85,1365.12	182.36,1271.57,291.33,1365.12
-4856841361826038617	General Basic Offer Container Variant Premium_booster_title_avatarOrResource	7	text	General Basic Offer Container Variant Premium_booster_title_avatarOrResource/background/Dynamic Content/Icon Avatar Drawer Variant/Content/Converted Drawer/Price Display/text	-	-		0.0000	108.9700	93.5475	93.5475	425.05,1312.67,425.05,1406.22	370.56,1312.67,479.53,1406.22
-4856841361826038617	General Basic Offer Container Variant Premium_booster_title_avatarOrResource	7	text	General Basic Offer Container Variant Premium_booster_title_avatarOrResource/background/Dynamic Content/Icon Avatar Drawer Variant/Content/Ephemeral Drawer/Price Display/text	-	-		0.0000	190.6100	93.5475	93.5475	425.05,1312.67,425.05,1406.22	329.74,1312.67,520.35,1406.22
-4856841361826038617	General Basic Offer Container Variant Premium_booster_title_avatarOrResource	5	Label	General Basic Offer Container Variant Premium_booster_title_avatarOrResource/background/Dynamic Content/Title Drawer Horizontal Variant/Content/Label	ok	unk	OK→UNK	925.2000	925.2000	37.0000	37.0000	-511.90,1244.30,413.30,1281.30	-511.90,1244.30,413.30,1281.30
-4856841361826038617	General Basic Offer Container Variant Premium_booster_title_avatarOrResource	7	text	General Basic Offer Container Variant Premium_booster_title_avatarOrResource/background/Dynamic Content/Title Drawer Horizontal Variant/Content/Converted Drawer/Price Display/text	-	-		0.0000	20.9935	18.0223	18.0223	-441.16,1269.97,-441.16,1287.99	-451.66,1269.97,-430.67,1287.99
-4856841361826038617	General Basic Offer Container Variant Premium_booster_title_avatarOrResource	7	text	General Basic Offer Container Variant Premium_booster_title_avatarOrResource/background/Dynamic Content/Title Drawer Horizontal Variant/Content/Ephemeral Drawer/Price Display/text	-	-		0.0000	36.7218	18.0223	18.0223	-441.16,1269.97,-441.16,1287.99	-459.52,1269.97,-422.80,1287.99
-4856841361826038617	General Basic Offer Container Variant Premium_booster_title_avatarOrResource	7	text	General Basic Offer Container Variant Premium_booster_title_avatarOrResource/background/Dynamic Content/Icon Currency Drawer Variant/Content/Converted Drawer/Price Display/text	-	-		0.0000	108.9700	93.5475	93.5475	435.40,1310.22,435.40,1403.77	380.91,1310.22,489.88,1403.77
-4856841361826038617	General Basic Offer Container Variant Premium_booster_title_avatarOrResource	7	text	General Basic Offer Container Variant Premium_booster_title_avatarOrResource/background/Dynamic Content/Icon Currency Drawer Variant/Content/Ephemeral Drawer/Price Display/text	-	-		0.0000	190.6100	93.5475	93.5475	435.40,1310.22,435.40,1403.77	340.09,1310.22,530.70,1403.77
-4856841361826038617	General Basic Offer Container Variant Premium_booster_title_avatarOrResource	7	text	General Basic Offer Container Variant Premium_booster_title_avatarOrResource/background/Dynamic Content/Icon Premium Campaign Drawer Variant/Content/Converted Drawer/Price Display/text	-	-		0.0000	5.3668	4.6072	4.6072	-2434.65,3075.94,-2434.65,3080.55	-2437.34,3075.94,-2431.97,3080.55
-4856841361826038617	General Basic Offer Container Variant Premium_booster_title_avatarOrResource	7	text	General Basic Offer Container Variant Premium_booster_title_avatarOrResource/background/Dynamic Content/Icon Premium Campaign Drawer Variant/Content/Ephemeral Drawer/Price Display/text	-	-		0.0000	9.3876	4.6072	4.6072	-2434.65,3075.94,-2434.65,3080.55	-2439.35,3075.94,-2429.96,3080.55
-4749101273812142985	FactionScoreBig	1	Alliance Rating Display	FactionScoreBig/Alliance Rating Display	ok	unk	OK→UNK	164.0000	164.0000	41.0000	41.0000	-82.00,1225.80,82.00,1266.80	-82.00,1225.80,82.00,1266.80
-4749101273812142985	FactionScoreBig	1	MaxRating	FactionScoreBig/MaxRating	ok	unk	OK→UNK	164.0000	164.0000	26.7615	26.7615	-82.00,1266.80,82.00,1293.56	-82.00,1266.80,82.00,1293.56
-4694485188199678529	Expansion Pass Reward Container	4	text	Expansion Pass Reward Container/Personal Progression/Expansion Pass Progress Bar/Points/text	-	-		0.0000	108.9951	37.2397	37.2397	-156.04,1311.88,-156.04,1349.12	-210.54,1311.88,-101.55,1349.12
-4411922385736236237	General Basic Offer Container Variant avatarOrTitle_resource	7	text	General Basic Offer Container Variant avatarOrTitle_resource/background/Dynamic Content/Icon Currency Drawer Variant/Content/Converted Drawer/Price Display/text	-	-		0.0000	108.9700	93.5475	93.5475	230.81,1119.48,230.81,1213.03	176.32,1119.48,285.29,1213.03
-4411922385736236237	General Basic Offer Container Variant avatarOrTitle_resource	7	text	General Basic Offer Container Variant avatarOrTitle_resource/background/Dynamic Content/Icon Currency Drawer Variant/Content/Ephemeral Drawer/Price Display/text	-	-		0.0000	190.6100	93.5475	93.5475	230.81,1119.48,230.81,1213.03	135.50,1119.48,326.11,1213.03
-4411922385736236237	General Basic Offer Container Variant avatarOrTitle_resource	5	Label	General Basic Offer Container Variant avatarOrTitle_resource/background/Dynamic Content/Title Drawer Horizontal Variant (1)/Content/Label	ok	unk	OK→UNK	925.2000	925.2000	37.0000	37.0000	-472.60,1285.50,452.60,1322.50	-472.60,1285.50,452.60,1322.50
-4411922385736236237	General Basic Offer Container Variant avatarOrTitle_resource	7	text	General Basic Offer Container Variant avatarOrTitle_resource/background/Dynamic Content/Title Drawer Horizontal Variant (1)/Content/Converted Drawer/Price Display/text	-	-		0.0000	35.0372	30.0784	30.0784	-354.54,1328.34,-354.54,1358.41	-372.06,1328.34,-337.02,1358.41
-4411922385736236237	General Basic Offer Container Variant avatarOrTitle_resource	7	text	General Basic Offer Container Variant avatarOrTitle_resource/background/Dynamic Content/Title Drawer Horizontal Variant (1)/Content/Ephemeral Drawer/Price Display/text	-	-		0.0000	61.2870	30.0784	30.0784	-354.54,1328.34,-354.54,1358.41	-385.19,1328.34,-323.90,1358.41
-4411922385736236237	General Basic Offer Container Variant avatarOrTitle_resource	7	text	General Basic Offer Container Variant avatarOrTitle_resource/background/Dynamic Content/Icon Avatar Drawer Variant/Content/Converted Drawer/Price Display/text	-	-		0.0000	108.9700	93.5475	93.5475	249.22,1344.87,249.22,1438.41	194.74,1344.87,303.71,1438.41
-4411922385736236237	General Basic Offer Container Variant avatarOrTitle_resource	7	text	General Basic Offer Container Variant avatarOrTitle_resource/background/Dynamic Content/Icon Avatar Drawer Variant/Content/Ephemeral Drawer/Price Display/text	-	-		0.0000	190.6100	93.5475	93.5475	249.22,1344.87,249.22,1438.41	153.92,1344.87,344.53,1438.41
-4303578147115700816	Avatar Drawer Shop Variant	2	Label	Avatar Drawer Shop Variant/Content/Label	ok	unk	OK→UNK	716.0000	716.0000	118.8000	118.8000	602.00,810.00,1318.00,928.80	602.00,810.00,1318.00,928.80
-4303578147115700816	Avatar Drawer Shop Variant	4	text	Avatar Drawer Shop Variant/Content/Converted Drawer/Price Display/text	-	-		0.0000	108.9700	93.5475	93.5475	1006.77,943.23,1006.77,1036.77	952.29,943.23,1061.26,1036.77
-4303578147115700816	Avatar Drawer Shop Variant	4	text	Avatar Drawer Shop Variant/Content/Ephemeral Drawer/Price Display/text	-	-		0.0000	190.6100	93.5475	93.5475	1006.77,943.23,1006.77,1036.77	911.47,943.23,1102.08,1036.77
-4214911320211205320	Card Drawer	4	text	Card Drawer/Content/Converted Drawer/Price Display/text	-	-		0.0000	108.9700	93.5475	93.5475	1006.41,943.23,1006.41,1036.77	951.93,943.23,1060.90,1036.77
-4214911320211205320	Card Drawer	4	text	Card Drawer/Content/Ephemeral Drawer/Price Display/text	-	-		0.0000	190.6100	93.5475	93.5475	1006.41,943.23,1006.41,1036.77	911.11,943.23,1101.72,1036.77
-3883952598416666820	Practice Mode Menu	7	Text fill	Practice Mode Menu/Deck info/Deck List Drawer/Content/Deck Selector Card Info button_ref/Content/Background/Text fill	ok	unk	OK→UNK	-5.0000	-5.0000	0.0000	0.0000	1261.27,793.88,1256.27,793.88	1261.27,793.88,1256.27,793.88
-3807375325832175008	Legendary Display Profile	3	Rating Text	Legendary Display Profile/Content/Legendary Counter/Rating Text	ok	unk	OK→UNK	330.6681	330.6681	36.2908	36.2908	439.48,337.14,770.15,373.44	439.48,337.14,770.15,373.44
-3802079028803110966	General Basic Offer Popup Booster_CardOrAltArt	3	Timer	General Basic Offer Popup Booster_CardOrAltArt/window/Text/Timer	ok	unk	OK→UNK	197.6700	197.6700	26.7550	26.7550	1089.57,749.58,1287.24,776.34	1089.57,749.58,1287.24,776.34
-3802079028803110966	General Basic Offer Popup Booster_CardOrAltArt	7	text	General Basic Offer Popup Booster_CardOrAltArt/window/Text/Purchase buttons/Price Display/Generic UI Button/Price Display/text	-	-		0.0000	124.5000	44.9601	44.9601	1110.14,693.27,1110.14,738.23	1047.89,693.27,1172.39,738.23
-3802079028803110966	General Basic Offer Popup Booster_CardOrAltArt	6	text	General Basic Offer Popup Booster_CardOrAltArt/window/Icon Container Drawer Variant/Content/Converted Drawer/Price Display/text	-	-		0.0000	108.9700	93.5475	93.5475	920.68,679.60,920.68,773.15	866.20,679.60,975.17,773.15
-3802079028803110966	General Basic Offer Popup Booster_CardOrAltArt	6	text	General Basic Offer Popup Booster_CardOrAltArt/window/Card Drawer/Content/Converted Drawer/Price Display/text	-	-		0.0000	108.9700	93.5475	93.5475	786.70,775.64,786.70,869.18	732.21,775.64,841.18,869.18
-3802079028803110966	General Basic Offer Popup Booster_CardOrAltArt	6	text	General Basic Offer Popup Booster_CardOrAltArt/window/Card Drawer/Content/Ephemeral Drawer/Price Display/text	-	-		0.0000	190.6100	93.5475	93.5475	786.70,775.64,786.70,869.18	691.39,775.64,882.00,869.18
-3802079028803110966	General Basic Offer Popup Booster_CardOrAltArt	6	text	General Basic Offer Popup Booster_CardOrAltArt/window/Card Alternate Art Drawer/Content/Converted Drawer/Price Display/text	-	-		0.0000	108.9700	93.5475	93.5475	586.77,665.87,586.77,759.42	532.29,665.87,641.26,759.42
-3802079028803110966	General Basic Offer Popup Booster_CardOrAltArt	6	text	General Basic Offer Popup Booster_CardOrAltArt/window/Card Alternate Art Drawer/Content/Ephemeral Drawer/Price Display/text	-	-		0.0000	190.6100	93.5475	93.5475	782.71,759.60,782.71,853.15	687.41,759.60,878.02,853.15
-3660172590642962269	Social Submenu Variant	11	text	Social Submenu Variant/Content Area/Tabs/Alliances Tab/AllianceNotMemberVariant/Create Alliance View/TopAnchor/Create Alliance Text/Price Display Button/Generic UI Button/Price Display/text	-	-		0.0000	67.0600	46.9133	46.9133	580.28,730.73,580.28,777.65	546.75,730.73,613.81,777.65
-3402538805193995621	General Basic Offer Container Variant Deck_cardback_avatar	7	text	General Basic Offer Container Variant Deck_cardback_avatar/background/Dynamic Content/Deck Drawer/Content/Converted Drawer/Price Display/text	-	-		0.0000	108.9700	93.5475	93.5475	221.50,1225.49,221.50,1319.04	167.01,1225.49,275.98,1319.04
-3402538805193995621	General Basic Offer Container Variant Deck_cardback_avatar	7	text	General Basic Offer Container Variant Deck_cardback_avatar/background/Dynamic Content/Deck Drawer/Content/Ephemeral Drawer/Price Display/text	-	-		0.0000	190.6100	93.5475	93.5475	221.50,1225.49,221.50,1319.04	126.19,1225.49,316.80,1319.04
-3402538805193995621	General Basic Offer Container Variant Deck_cardback_avatar	5	Label	General Basic Offer Container Variant Deck_cardback_avatar/background/Dynamic Content/Cardback Drawer/Content/Label	ok	unk	OK→UNK	640.8000	640.8000	108.0000	108.0000	-240.40,1384.00,400.40,1492.00	-240.40,1384.00,400.40,1492.00
-3402538805193995621	General Basic Offer Container Variant Deck_cardback_avatar	7	text	General Basic Offer Container Variant Deck_cardback_avatar/background/Dynamic Content/Cardback Drawer/Content/Converted Drawer/Price Display/text	-	-		0.0000	25.5865	21.9653	21.9653	-154.19,1415.28,-154.19,1437.25	-166.98,1415.28,-141.39,1437.25
-3402538805193995621	General Basic Offer Container Variant Deck_cardback_avatar	7	text	General Basic Offer Container Variant Deck_cardback_avatar/background/Dynamic Content/Cardback Drawer/Content/Ephemeral Drawer/Price Display/text	-	-		0.0000	44.7558	21.9653	21.9653	-154.19,1415.28,-154.19,1437.25	-176.56,1415.28,-131.81,1437.25
-3402538805193995621	General Basic Offer Container Variant Deck_cardback_avatar	7	text	General Basic Offer Container Variant Deck_cardback_avatar/background/Dynamic Content/Icon Avatar Drawer Variant/Content/Converted Drawer/Price Display/text	-	-		0.0000	108.9700	93.5475	93.5475	200.81,1308.65,200.81,1402.20	146.32,1308.65,255.29,1402.20
-3402538805193995621	General Basic Offer Container Variant Deck_cardback_avatar	7	text	General Basic Offer Container Variant Deck_cardback_avatar/background/Dynamic Content/Icon Avatar Drawer Variant/Content/Ephemeral Drawer/Price Display/text	-	-		0.0000	190.6100	93.5475	93.5475	200.81,1308.65,200.81,1402.20	105.50,1308.65,296.11,1402.20
-3395622975239603535	EnergySinglePlayerOnlyEventWindow	3	Window Title	EnergySinglePlayerOnlyEventWindow/Header With Back Button/Header Background/Window Title	-	-		0.0000	410.1600	82.6520	82.6520	155.00,57.37,155.00,140.03	155.00,57.37,565.16,140.03
-3175443152892953396	Daily Skulls Mission Container	3	Rewards	Daily Skulls Mission Container/background/footer/Rewards	ok	unk	OK→UNK	325.0000	325.0000	77.6430	77.6430	795.98,602.91,1120.98,680.55	795.98,602.91,1120.98,680.55
-3175443152892953396	Daily Skulls Mission Container	4	Reward Display Mission	Daily Skulls Mission Container/background/footer/Rewards/Reward Display Mission	ok	unk	OK→UNK	162.5000	162.5000	77.6430	77.6430	795.98,602.91,958.48,680.55	795.98,602.91,958.48,680.55
-3175443152892953396	Daily Skulls Mission Container	10	text	Daily Skulls Mission Container/background/footer/Rewards/Reward Display Mission/drawerHolder/Icon Campaign Points Drawer Variant/Content/Converted Drawer/Price Display/text	-	-		0.0000	5.5494	4.7640	4.7640	406.93,918.52,406.93,923.28	404.15,918.52,409.70,923.28
-3175443152892953396	Daily Skulls Mission Container	10	text	Daily Skulls Mission Container/background/footer/Rewards/Reward Display Mission/drawerHolder/Icon Campaign Points Drawer Variant/Content/Ephemeral Drawer/Price Display/text	-	-		0.0000	9.7070	4.7640	4.7640	406.93,918.52,406.93,923.28	402.08,918.52,411.78,923.28
-3175443152892953396	Daily Skulls Mission Container	4	Reward Display Mission	Daily Skulls Mission Container/background/footer/Rewards/Reward Display Mission	ok	unk	OK→UNK	162.5000	162.5000	77.6430	77.6430	958.48,602.91,1120.98,680.55	958.48,602.91,1120.98,680.55
-3175443152892953396	Daily Skulls Mission Container	10	text	Daily Skulls Mission Container/background/footer/Rewards/Reward Display Mission/drawerHolder/Icon Campaign Points Drawer Variant/Content/Converted Drawer/Price Display/text	-	-		0.0000	5.5494	4.7640	4.7640	569.43,918.52,569.43,923.28	566.65,918.52,572.20,923.28
-3175443152892953396	Daily Skulls Mission Container	10	text	Daily Skulls Mission Container/background/footer/Rewards/Reward Display Mission/drawerHolder/Icon Campaign Points Drawer Variant/Content/Ephemeral Drawer/Price Display/text	-	-		0.0000	9.7070	4.7640	4.7640	569.43,918.52,569.43,923.28	564.58,918.52,574.28,923.28
-3175443152892953396	Daily Skulls Mission Container	3	GameObject (1)	Daily Skulls Mission Container/background/debug_buttons/GameObject (1)	ok	unk	OK→UNK	131.6268	131.6268	40.1137	40.1137	990.87,512.93,1122.50,553.04	990.87,512.93,1122.50,553.04
-2839345888552073092	Shop Menu Variant	5	TimeCounter	Shop Menu Variant/Content Area/Tabs/Shop Tab/daily shop header/TimeCounter	ok	unk	OK→UNK	311.3983	311.3983	80.0000	80.0000	367.48,70.94,678.87,150.94	367.48,70.94,678.87,150.94
-2839345888552073092	Shop Menu Variant	12	Label	Shop Menu Variant/Content Area/Tabs/Shop Tab/Packs Scroll View/Viewport/Content/Comsetic Item Shop Container/background/DrawerHolder/Cardback Drawer/Content/Label	ok	unk	OK→UNK	640.8000	640.8000	108.0000	108.0000	9.36,1341.51,650.16,1449.51	9.36,1341.51,650.16,1449.51
-2839345888552073092	Shop Menu Variant	12	Label	Shop Menu Variant/Content Area/Tabs/Shop Tab/Packs Scroll View/Viewport/Content/Comsetic Item Shop Container/background/DrawerHolder/Title Drawer/Content/Label	ok	unk	OK→UNK	640.8000	640.8000	108.0000	108.0000	9.36,1341.51,650.16,1449.51	9.36,1341.51,650.16,1449.51
-2839345888552073092	Shop Menu Variant	12	Label	Shop Menu Variant/Content Area/Tabs/Shop Tab/Packs Scroll View/Viewport/Content/Comsetic Item Shop Container/background/DrawerHolder/Avatar Drawer Shop Variant/Content/Label	ok	unk	OK→UNK	712.0671	712.0671	118.8000	118.8000	-26.27,1341.56,685.79,1460.36	-26.27,1341.56,685.79,1460.36
-2801813057467665629	Draft Mode Ongoing Content	2	Timer	Draft Mode Ongoing Content/Timer/Timer	-	-		0.0000	199.0700	55.9050	55.9050	1088.74,256.88,1088.74,312.78	989.21,256.88,1188.28,312.78
-2705666888391468898	Title Drawer Horizontal Variant	2	Label	Title Drawer Horizontal Variant/Content/Label	ok	unk	OK→UNK	925.2000	925.2000	37.0000	37.0000	497.40,632.50,1422.60,669.50	497.40,632.50,1422.60,669.50
-2705666888391468898	Title Drawer Horizontal Variant	4	text	Title Drawer Horizontal Variant/Content/Converted Drawer/Price Display/text	-	-		0.0000	203.5237	174.7192	174.7192	1183.17,881.33,1183.17,1056.05	1081.41,881.33,1284.93,1056.05
-2705666888391468898	Title Drawer Horizontal Variant	4	text	Title Drawer Horizontal Variant/Content/Ephemeral Drawer/Price Display/text	-	-		0.0000	356.0031	174.7192	174.7192	1183.17,881.33,1183.17,1056.05	1005.17,881.33,1361.17,1056.05
-2681804251775444352	Avatar Border Drawer Shop Variant	2	Label	Avatar Border Drawer Shop Variant/Content/Label	ok	unk	OK→UNK	640.8000	640.8000	108.0000	108.0000	639.60,810.00,1280.40,918.00	639.60,810.00,1280.40,918.00
-2681804251775444352	Avatar Border Drawer Shop Variant	4	text	Avatar Border Drawer Shop Variant/Content/Ephemeral Drawer/Price Display/text	-	-		0.0000	190.6100	93.5475	93.5475	1006.77,943.23,1006.77,1036.77	911.47,943.23,1102.08,1036.77
-2665125893406248379	General Basic Offer Popup Variant Booster_avatar_cardback_title	6	text	General Basic Offer Popup Variant Booster_avatar_cardback_title/window/Icon Container Drawer Variant/Content/Converted Drawer/Price Display/text	-	-		0.0000	108.9700	93.5475	93.5475	831.97,777.11,831.97,870.65	777.49,777.11,886.46,870.65
-2665125893406248379	General Basic Offer Popup Variant Booster_avatar_cardback_title	3	Timer	General Basic Offer Popup Variant Booster_avatar_cardback_title/window/Text/Timer	ok	unk	OK→UNK	197.6700	197.6700	26.7550	26.7550	1089.57,749.58,1287.24,776.34	1089.57,749.58,1287.24,776.34
-2665125893406248379	General Basic Offer Popup Variant Booster_avatar_cardback_title	7	text	General Basic Offer Popup Variant Booster_avatar_cardback_title/window/Text/Purchase buttons/Price Display/Generic UI Button/Price Display/text	-	-		0.0000	124.5000	44.9601	44.9601	1083.16,693.27,1083.16,738.23	1020.91,693.27,1145.41,738.23
-2665125893406248379	General Basic Offer Popup Variant Booster_avatar_cardback_title	5	Button Text	General Basic Offer Popup Variant Booster_avatar_cardback_title/window/Text/Purchase buttons/WebShop Button/Button Text	-	-		0.0000	132.0000	51.8850	51.8850	1339.54,689.26,1339.54,741.14	1273.54,689.26,1405.54,741.14
-2665125893406248379	General Basic Offer Popup Variant Booster_avatar_cardback_title	4	Label	General Basic Offer Popup Variant Booster_avatar_cardback_title/window/Cardback Drawer/Content/Label	ok	unk	OK→UNK	640.8000	640.8000	108.0000	108.0000	179.20,789.10,820.00,897.10	179.20,789.10,820.00,897.10
-2665125893406248379	General Basic Offer Popup Variant Booster_avatar_cardback_title	6	text	General Basic Offer Popup Variant Booster_avatar_cardback_title/window/Cardback Drawer/Content/Converted Drawer/Price Display/text	-	-		0.0000	43.6846	37.5019	37.5019	326.39,842.51,326.39,880.01	304.55,842.51,348.24,880.01
-2665125893406248379	General Basic Offer Popup Variant Booster_avatar_cardback_title	6	text	General Basic Offer Popup Variant Booster_avatar_cardback_title/window/Cardback Drawer/Content/Ephemeral Drawer/Price Display/text	-	-		0.0000	76.4129	37.5019	37.5019	326.39,842.51,326.39,880.01	288.19,842.51,364.60,880.01
-2665125893406248379	General Basic Offer Popup Variant Booster_avatar_cardback_title	6	text	General Basic Offer Popup Variant Booster_avatar_cardback_title/window/Icon Avatar Drawer Variant/Content/Converted Drawer/Price Display/text	-	-		0.0000	108.9700	93.5475	93.5475	1102.31,896.92,1102.31,990.47	1047.82,896.92,1156.79,990.47
-2665125893406248379	General Basic Offer Popup Variant Booster_avatar_cardback_title	6	text	General Basic Offer Popup Variant Booster_avatar_cardback_title/window/Icon Avatar Drawer Variant/Content/Ephemeral Drawer/Price Display/text	-	-		0.0000	190.6100	93.5475	93.5475	1102.31,896.92,1102.31,990.47	1007.00,896.92,1197.61,990.47
-2665125893406248379	General Basic Offer Popup Variant Booster_avatar_cardback_title	4	Label	General Basic Offer Popup Variant Booster_avatar_cardback_title/window/Title Drawer Horizontal Variant/Content/Label	ok	unk	OK→UNK	925.2000	925.2000	37.0000	37.0000	79.00,823.60,1004.20,860.60	79.00,823.60,1004.20,860.60
-2665125893406248379	General Basic Offer Popup Variant Booster_avatar_cardback_title	6	text	General Basic Offer Popup Variant Booster_avatar_cardback_title/window/Title Drawer Horizontal Variant/Content/Converted Drawer/Price Display/text	-	-		0.0000	32.6936	28.0665	28.0665	189.16,863.57,189.16,891.64	172.81,863.57,205.51,891.64
-2665125893406248379	General Basic Offer Popup Variant Booster_avatar_cardback_title	6	text	General Basic Offer Popup Variant Booster_avatar_cardback_title/window/Title Drawer Horizontal Variant/Content/Ephemeral Drawer/Price Display/text	-	-		0.0000	57.1875	28.0665	28.0665	189.16,863.57,189.16,891.64	160.57,863.57,217.75,891.64
-2582785123254017665	GenericPromptWindow	1	Window	GenericPromptWindow/Window	ok	unk	OK→UNK	900.0000	900.0000	390.0000	0.0000	510.00,345.00,1410.00,735.00	510.00,540.00,1410.00,540.00
-2582785123254017665	GenericPromptWindow	2	Generic Popup Background	GenericPromptWindow/Window/Generic Popup Background	-	-		1000.0000	1000.0000	490.0000	100.0000	460.00,295.00,1460.00,785.00	460.00,490.00,1460.00,590.00
-2582785123254017665	GenericPromptWindow	3	Mask	GenericPromptWindow/Window/Generic Popup Background/Mask	-	-		979.7320	979.7320	470.7550	80.7550	470.40,304.44,1450.13,775.20	470.40,499.44,1450.13,580.20
-2582785123254017665	GenericPromptWindow	4	Background fill	GenericPromptWindow/Window/Generic Popup Background/Mask/Background fill	-	-		979.7320	979.7320	470.7550	80.7550	470.40,304.44,1450.13,775.20	470.40,499.44,1450.13,580.20
-2582785123254017665	GenericPromptWindow	2	MessageText	GenericPromptWindow/Window/MessageText	-	-		900.0000	900.0000	100.0000	100.0000	510.00,345.00,1410.00,445.00	510.00,540.00,1410.00,640.00
-2582785123254017665	GenericPromptWindow	2	inputs	GenericPromptWindow/Window/inputs	ok	ok		900.0000	900.0000	90.0000	90.0000	510.00,445.00,1410.00,535.00	510.00,640.00,1410.00,730.00
-2582785123254017665	GenericPromptWindow	3	template	GenericPromptWindow/Window/inputs/template	-	-		900.0000	900.0000	90.0000	90.0000	510.00,445.00,1410.00,535.00	510.00,640.00,1410.00,730.00
-2582785123254017665	GenericPromptWindow	4	Text Area	GenericPromptWindow/Window/inputs/template/Text Area	-	-		880.0000	880.0000	77.0000	77.0000	520.00,452.00,1400.00,529.00	520.00,647.00,1400.00,724.00
-2582785123254017665	GenericPromptWindow	5	Placeholder	GenericPromptWindow/Window/inputs/template/Text Area/Placeholder	-	-		880.0000	880.0000	77.0000	77.0000	520.00,452.00,1400.00,529.00	520.00,647.00,1400.00,724.00
-2582785123254017665	GenericPromptWindow	5	Text	GenericPromptWindow/Window/inputs/template/Text Area/Text	-	-		880.0000	880.0000	77.0000	77.0000	520.00,452.00,1400.00,529.00	520.00,647.00,1400.00,724.00
-2582785123254017665	GenericPromptWindow	2	Error Message	GenericPromptWindow/Window/Error Message	-	-		900.0000	900.0000	90.0000	90.0000	510.00,535.00,1410.00,625.00	510.00,730.00,1410.00,820.00
-2582785123254017665	GenericPromptWindow	2	Buttons	GenericPromptWindow/Window/Buttons	ok	ok		900.0000	900.0000	110.0000	110.0000	510.00,625.00,1410.00,735.00	510.00,820.00,1410.00,930.00
-2582785123254017665	GenericPromptWindow	3	CancelButton	GenericPromptWindow/Window/Buttons/CancelButton	-	-		430.0000	430.0000	80.0000	80.0000	510.00,655.00,940.00,735.00	510.00,850.00,940.00,930.00
-2582785123254017665	GenericPromptWindow	4	Button Text	GenericPromptWindow/Window/Buttons/CancelButton/Button Text	-	-		404.0000	404.0000	78.5905	78.5905	522.70,655.10,926.70,733.69	522.70,850.10,926.70,928.69
-2582785123254017665	GenericPromptWindow	3	OkButton	GenericPromptWindow/Window/Buttons/OkButton	-	-		430.0000	430.0000	80.0000	80.0000	980.00,655.00,1410.00,735.00	980.00,850.00,1410.00,930.00
-2582785123254017665	GenericPromptWindow	4	Button Text	GenericPromptWindow/Window/Buttons/OkButton/Button Text	-	-		404.0000	404.0000	78.5905	78.5905	992.70,655.10,1396.70,733.69	992.70,850.10,1396.70,928.69
-2226207050567155813	Reward Display Mission Vertical Variant	6	text	Reward Display Mission Vertical Variant/drawerHolder/Icon Campaign Points Drawer Variant/Content/Converted Drawer/Price Display/text	-	-		0.0000	104.6950	89.8776	89.8776	826.77,916.82,826.77,1006.69	774.42,916.82,879.12,1006.69
-2226207050567155813	Reward Display Mission Vertical Variant	6	text	Reward Display Mission Vertical Variant/drawerHolder/Icon Campaign Points Drawer Variant/Content/Ephemeral Drawer/Price Display/text	-	-		0.0000	183.1323	89.8776	89.8776	826.77,916.82,826.77,1006.69	735.20,916.82,918.34,1006.69
-2115534062810325398	Card Info Draft Mode button	3	Text fill	Card Info Draft Mode button/Content/Background/Text fill	ok	unk	OK→UNK	231.6369	231.6369	47.9020	47.9020	386.92,523.63,618.56,571.54	386.92,523.63,618.56,571.54
-2027785224557862961	Daily Reward Popup	12	text	Daily Reward Popup/Tracks/Rewards Scroll View/Viewport/Rewards Content/Daily Reward Popup Entry/NormalReward/Reward Holder/Icon Container Drawer Variant/Content/Converted Drawer/Price Display/text	-	-		0.0000	87.1760	74.8380	74.8380	590.05,514.40,590.05,589.24	546.46,514.40,633.64,589.24
-2027785224557862961	Daily Reward Popup	12	text	Daily Reward Popup/Tracks/Rewards Scroll View/Viewport/Rewards Content/Daily Reward Popup Entry/Premium Reward/Reward Holder/Icon Container Drawer Variant/Content/Converted Drawer/Price Display/text	-	-		0.0000	87.1760	74.8380	74.8380	590.05,908.89,590.05,983.73	546.46,908.89,633.64,983.73
-2027785224557862961	Daily Reward Popup	12	text	Daily Reward Popup/Tracks/Rewards Scroll View/Viewport/Rewards Content/Daily Reward Popup Entry (1)/NormalReward/Reward Holder/Icon Container Drawer Variant/Content/Converted Drawer/Price Display/text	-	-		0.0000	87.1760	74.8380	74.8380	841.08,514.40,841.08,589.24	797.49,514.40,884.67,589.24
-2027785224557862961	Daily Reward Popup	12	text	Daily Reward Popup/Tracks/Rewards Scroll View/Viewport/Rewards Content/Daily Reward Popup Entry (1)/Premium Reward/Reward Holder/Icon Container Drawer Variant/Content/Converted Drawer/Price Display/text	-	-		0.0000	87.1760	74.8380	74.8380	841.08,908.89,841.08,983.73	797.49,908.89,884.67,983.73
-2027785224557862961	Daily Reward Popup	12	text	Daily Reward Popup/Tracks/Rewards Scroll View/Viewport/Rewards Content/Daily Reward Popup Entry (2)/NormalReward/Reward Holder/Icon Container Drawer Variant/Content/Converted Drawer/Price Display/text	-	-		0.0000	87.1760	74.8380	74.8380	1092.11,514.40,1092.11,589.24	1048.52,514.40,1135.69,589.24
-2027785224557862961	Daily Reward Popup	12	text	Daily Reward Popup/Tracks/Rewards Scroll View/Viewport/Rewards Content/Daily Reward Popup Entry (2)/Premium Reward/Reward Holder/Icon Container Drawer Variant/Content/Converted Drawer/Price Display/text	-	-		0.0000	87.1760	74.8380	74.8380	1092.11,908.89,1092.11,983.73	1048.52,908.89,1135.69,983.73
-2027785224557862961	Daily Reward Popup	12	text	Daily Reward Popup/Tracks/Rewards Scroll View/Viewport/Rewards Content/Daily Reward Popup Entry (3)/NormalReward/Reward Holder/Icon Container Drawer Variant/Content/Converted Drawer/Price Display/text	-	-		0.0000	87.1760	74.8380	74.8380	1343.13,514.40,1343.13,589.24	1299.55,514.40,1386.72,589.24
-2027785224557862961	Daily Reward Popup	12	text	Daily Reward Popup/Tracks/Rewards Scroll View/Viewport/Rewards Content/Daily Reward Popup Entry (3)/Premium Reward/Reward Holder/Icon Container Drawer Variant/Content/Converted Drawer/Price Display/text	-	-		0.0000	87.1760	74.8380	74.8380	1343.13,908.89,1343.13,983.73	1299.55,908.89,1386.72,983.73
-2027785224557862961	Daily Reward Popup	6	Price Display	Daily Reward Popup/Tracks Side Bar/BG/Premium Track/Price Display Button 2 Variant/Generic UI Button/Price Display	ok	unk	OK→UNK	155.2581	155.2581	31.7839	31.7839	39.96,819.27,195.22,851.05	39.96,819.27,195.22,851.05
-1963178349700079329	Icon Forge Points Drawer Variant	4	text	Icon Forge Points Drawer Variant/Content/Converted Drawer/Price Display/text	-	-		0.0000	108.9700	93.5475	93.5475	841.17,943.23,841.17,1036.77	786.69,943.23,895.66,1036.77
-1963178349700079329	Icon Forge Points Drawer Variant	4	text	Icon Forge Points Drawer Variant/Content/Ephemeral Drawer/Price Display/text	-	-		0.0000	190.6100	93.5475	93.5475	841.17,943.23,841.17,1036.77	745.87,943.23,936.48,1036.77
-1884887092308283714	General Basic Offer Container Variant Single Item Type	7	text	General Basic Offer Container Variant Single Item Type/background/Dynamic Content/Icon Container Drawer Variant/Content/Converted Drawer/Price Display/text	-	-		0.0000	108.9700	93.5475	93.5475	236.85,1248.57,236.85,1342.12	182.36,1248.57,291.33,1342.12
-1884887092308283714	General Basic Offer Container Variant Single Item Type	7	text	General Basic Offer Container Variant Single Item Type/background/Dynamic Content/Icon Avatar Drawer Variant/Content/Converted Drawer/Price Display/text	-	-		0.0000	108.9700	93.5475	93.5475	233.30,1270.21,233.30,1363.75	178.81,1270.21,287.78,1363.75
-1884887092308283714	General Basic Offer Container Variant Single Item Type	7	text	General Basic Offer Container Variant Single Item Type/background/Dynamic Content/Icon Avatar Drawer Variant/Content/Ephemeral Drawer/Price Display/text	-	-		0.0000	190.6100	93.5475	93.5475	233.30,1270.21,233.30,1363.75	137.99,1270.21,328.60,1363.75
-1884887092308283714	General Basic Offer Container Variant Single Item Type	7	text	General Basic Offer Container Variant Single Item Type/background/Dynamic Content/Icon Avatar Drawer Variant 2/Content/Converted Drawer/Price Display/text	-	-		0.0000	108.9700	93.5475	93.5475	400.75,1288.39,400.75,1381.94	346.27,1288.39,455.24,1381.94
-1884887092308283714	General Basic Offer Container Variant Single Item Type	7	text	General Basic Offer Container Variant Single Item Type/background/Dynamic Content/Icon Avatar Drawer Variant 2/Content/Ephemeral Drawer/Price Display/text	-	-		0.0000	190.6100	93.5475	93.5475	400.75,1288.39,400.75,1381.94	305.45,1288.39,496.06,1381.94
-1884887092308283714	General Basic Offer Container Variant Single Item Type	5	Label	General Basic Offer Container Variant Single Item Type/background/Dynamic Content/Title Drawer Horizontal Variant/Content/Label	ok	unk	OK→UNK	925.2000	925.2000	37.0000	37.0000	-490.60,1223.30,434.60,1260.30	-490.60,1223.30,434.60,1260.30
-1884887092308283714	General Basic Offer Container Variant Single Item Type	7	text	General Basic Offer Container Variant Single Item Type/background/Dynamic Content/Title Drawer Horizontal Variant/Content/Converted Drawer/Price Display/text	-	-		0.0000	22.3966	19.2268	19.2268	-415.13,1250.68,-415.13,1269.91	-426.33,1250.68,-403.94,1269.91
-1884887092308283714	General Basic Offer Container Variant Single Item Type	7	text	General Basic Offer Container Variant Single Item Type/background/Dynamic Content/Title Drawer Horizontal Variant/Content/Ephemeral Drawer/Price Display/text	-	-		0.0000	39.1760	19.2268	19.2268	-415.13,1250.68,-415.13,1269.91	-434.72,1250.68,-395.55,1269.91
-1884887092308283714	General Basic Offer Container Variant Single Item Type	7	text	General Basic Offer Container Variant Single Item Type/background/Dynamic Content/Icon Currency Drawer Variant/Content/Converted Drawer/Price Display/text	-	-		0.0000	108.9700	93.5475	93.5475	225.03,1274.64,225.03,1368.19	170.54,1274.64,279.51,1368.19
-1884887092308283714	General Basic Offer Container Variant Single Item Type	7	text	General Basic Offer Container Variant Single Item Type/background/Dynamic Content/Icon Currency Drawer Variant/Content/Ephemeral Drawer/Price Display/text	-	-		0.0000	190.6100	93.5475	93.5475	225.03,1274.64,225.03,1368.19	129.72,1274.64,320.33,1368.19
-1884887092308283714	General Basic Offer Container Variant Single Item Type	7	text	General Basic Offer Container Variant Single Item Type/background/Dynamic Content/Icon Currency Drawer Variant 2/Content/Converted Drawer/Price Display/text	-	-		0.0000	108.9700	93.5475	93.5475	393.27,1289.29,393.27,1382.84	338.79,1289.29,447.76,1382.84
-1884887092308283714	General Basic Offer Container Variant Single Item Type	7	text	General Basic Offer Container Variant Single Item Type/background/Dynamic Content/Icon Currency Drawer Variant 2/Content/Ephemeral Drawer/Price Display/text	-	-		0.0000	190.6100	93.5475	93.5475	393.27,1289.29,393.27,1382.84	297.97,1289.29,488.58,1382.84
-1884887092308283714	General Basic Offer Container Variant Single Item Type	7	text	General Basic Offer Container Variant Single Item Type/background/Dynamic Content/Icon Currency Drawer Variant 3/Content/Converted Drawer/Price Display/text	-	-		0.0000	108.9700	93.5475	93.5475	252.27,1137.54,252.27,1231.09	197.78,1137.54,306.75,1231.09
-1884887092308283714	General Basic Offer Container Variant Single Item Type	7	text	General Basic Offer Container Variant Single Item Type/background/Dynamic Content/Icon Currency Drawer Variant 3/Content/Ephemeral Drawer/Price Display/text	-	-		0.0000	190.6100	93.5475	93.5475	252.27,1137.54,252.27,1231.09	156.96,1137.54,347.57,1231.09
-1884887092308283714	General Basic Offer Container Variant Single Item Type	7	text	General Basic Offer Container Variant Single Item Type/background/Dynamic Content/Icon Premium Campaign Drawer Variant/Content/Converted Drawer/Price Display/text	-	-		0.0000	294.2190	252.5784	252.5784	878.87,1517.21,878.87,1769.78	731.76,1517.21,1025.98,1769.78
-1884887092308283714	General Basic Offer Container Variant Single Item Type	7	text	General Basic Offer Container Variant Single Item Type/background/Dynamic Content/Icon Premium Campaign Drawer Variant/Content/Ephemeral Drawer/Price Display/text	-	-		0.0000	514.6470	252.5784	252.5784	878.87,1517.21,878.87,1769.79	621.55,1517.21,1136.19,1769.79
-1884887092308283714	General Basic Offer Container Variant Single Item Type	7	text	General Basic Offer Container Variant Single Item Type/background/Dynamic Content/Card Drawer/Content/Converted Drawer/Price Display/text	-	-		0.0000	108.9700	93.5475	93.5475	207.22,1143.34,207.22,1236.89	152.74,1143.34,261.70,1236.89
-1884887092308283714	General Basic Offer Container Variant Single Item Type	7	text	General Basic Offer Container Variant Single Item Type/background/Dynamic Content/Card Drawer/Content/Ephemeral Drawer/Price Display/text	-	-		0.0000	190.6100	93.5475	93.5475	207.22,1143.34,207.22,1236.89	111.92,1143.34,302.52,1236.89
-1884887092308283714	General Basic Offer Container Variant Single Item Type	7	text	General Basic Offer Container Variant Single Item Type/background/Dynamic Content/Icon Expansion Pass Premium Drawer Variant (1)/Content/Converted Drawer/Price Display/text	-	-		0.0000	21.9727	18.8629	18.8629	-806.67,1878.86,-806.67,1897.73	-817.66,1878.86,-795.69,1897.73
-1884887092308283714	General Basic Offer Container Variant Single Item Type	7	text	General Basic Offer Container Variant Single Item Type/background/Dynamic Content/Icon Expansion Pass Premium Drawer Variant (1)/Content/Ephemeral Drawer/Price Display/text	-	-		0.0000	38.4346	18.8629	18.8629	-806.67,1878.86,-806.67,1897.73	-825.89,1878.86,-787.45,1897.73
-1884887092308283714	General Basic Offer Container Variant Single Item Type	7	text	General Basic Offer Container Variant Single Item Type/background/Dynamic Content/Icon Avatar Border Drawer/Content/Ephemeral Drawer/Price Display/text	-	-		0.0000	76.5907	37.5892	37.5892	-91.16,1558.73,-91.16,1596.32	-129.46,1558.73,-52.87,1596.32
-1884887092308283714	General Basic Offer Container Variant Single Item Type	5	Label	General Basic Offer Container Variant Single Item Type/background/Dynamic Content/Cardback Drawer/Content/Label	ok	unk	OK→UNK	640.8000	640.8000	108.0000	108.0000	-413.10,1451.71,227.70,1559.71	-413.10,1451.71,227.70,1559.71
-1884887092308283714	General Basic Offer Container Variant Single Item Type	7	text	General Basic Offer Container Variant Single Item Type/background/Dynamic Content/Cardback Drawer/Content/Converted Drawer/Price Display/text	-	-		0.0000	27.1906	23.3424	23.3424	-321.48,1484.95,-321.48,1508.30	-335.08,1484.95,-307.88,1508.30
-1884887092308283714	General Basic Offer Container Variant Single Item Type	7	text	General Basic Offer Container Variant Single Item Type/background/Dynamic Content/Cardback Drawer/Content/Ephemeral Drawer/Price Display/text	-	-		0.0000	47.5618	23.3424	23.3424	-321.48,1484.95,-321.48,1508.30	-345.26,1484.95,-297.70,1508.30
-1884887092308283714	General Basic Offer Container Variant Single Item Type	6	text	General Basic Offer Container Variant Single Item Type/background/name-bg/Price Display Button/Generic UI Button/Price Display/text	-	-		0.0000	124.5000	42.5532	42.5532	-20.94,1416.03,-20.94,1458.58	-83.19,1416.03,41.31,1458.58
-1720589476892194284	Title Drawer	2	Label	Title Drawer/Content/Label	ok	unk	OK→UNK	640.8000	640.8000	108.0000	108.0000	639.60,810.00,1280.40,918.00	639.60,810.00,1280.40,918.00
-1720589476892194284	Title Drawer	4	text	Title Drawer/Content/Converted Drawer/Price Display/text	-	-		0.0000	108.9700	93.5475	93.5475	1006.77,943.23,1006.77,1036.77	952.29,943.23,1061.26,1036.77
-1720589476892194284	Title Drawer	4	text	Title Drawer/Content/Ephemeral Drawer/Price Display/text	-	-		0.0000	190.6100	93.5475	93.5475	1006.77,943.23,1006.77,1036.77	911.47,943.23,1102.08,1036.77
-1641510382826058936	Icon Title Drawer Variant	4	text	Icon Title Drawer Variant/Content/Converted Drawer/Price Display/text	-	-		0.0000	108.9700	93.5475	93.5475	841.17,943.23,841.17,1036.77	786.69,943.23,895.66,1036.77
-1641510382826058936	Icon Title Drawer Variant	4	text	Icon Title Drawer Variant/Content/Ephemeral Drawer/Price Display/text	-	-		0.0000	190.6100	93.5475	93.5475	841.17,943.23,841.17,1036.77	745.87,943.23,936.48,1036.77
-1343020938911037578	Tutorial Mode Menu	3	Window Title	Tutorial Mode Menu/Header With Back Button/Header Background/Window Title	-	-		0.0000	275.1200	82.6520	82.6520	155.00,57.22,155.00,139.87	155.00,57.22,430.12,139.87
-1280772513942098547	Campaign Tab	2	Points	Campaign Tab/Campaign Header/Points	-	-		0.0000	368.1800	33.0000	33.0000	313.52,80.75,313.52,113.75	313.52,80.75,681.70,113.75
-1280772513942098547	Campaign Tab	3	Point Icon	Campaign Tab/Campaign Header/Points/Point Icon	-	-		50.0000	50.0000	33.0000	33.0000	292.76,80.75,342.76,113.75	660.94,80.75,710.94,113.75
-1280772513942098547	Campaign Tab	4	Campaign Point Background	Campaign Tab/Campaign Header/Points/Point Icon/Campaign Point Background	-	-		50.0000	50.0000	33.0000	33.0000	292.76,80.75,342.76,113.75	660.94,80.75,710.94,113.75
-1280772513942098547	Campaign Tab	4	Army Icon	Campaign Tab/Campaign Header/Points/Point Icon/Army Icon	-	-		50.0000	50.0000	33.0000	33.0000	292.76,80.75,342.76,113.75	660.94,80.75,710.94,113.75
-1280772513942098547	Campaign Tab	3	Quantity	Campaign Tab/Premium Panel/Points/Quantity	-	-		0.0000	76.9900	57.9090	57.9090	329.75,916.33,329.75,974.24	291.25,916.33,368.24,974.24
-1280772513942098547	Campaign Tab	8	text	Campaign Tab/Premium Panel/Points/Points/Icon Campaign Points Drawer Variant/Content/Converted Drawer/Price Display/text	-	-		0.0000	6.5584	5.6302	5.6302	-57.36,1223.30,-57.36,1228.93	-60.64,1223.30,-54.08,1228.93
-1280772513942098547	Campaign Tab	8	text	Campaign Tab/Premium Panel/Points/Points/Icon Campaign Points Drawer Variant/Content/Ephemeral Drawer/Price Display/text	-	-		0.0000	11.4719	5.6302	5.6302	-57.36,1223.30,-57.36,1228.93	-63.10,1223.30,-51.62,1228.93
-1280772513942098547	Campaign Tab	3	Timer Text	Campaign Tab/Premium Panel/Timer/Timer Text	-	-		0.0000	285.9200	24.4210	24.4210	241.45,1037.14,241.45,1061.56	241.45,1037.14,527.37,1061.56
-1241972356922622757	InApp Shop Container	6	text	InApp Shop Container/background/name-bg/Price Display Button/Generic UI Button/Price Display/text	-	-		0.0000	124.5000	42.5532	42.5532	-46.48,1221.93,-46.48,1264.49	-108.73,1221.93,15.77,1264.49
-1233936064576581298	Ranked Division Change Window	3	Ranking Points Quantity Text	Ranked Division Change Window/Text Content/Rank Points/Ranking Points Quantity Text	-	-		0.0000	104.7700	79.3350	79.3350	1010.00,745.35,1010.00,824.69	957.62,745.35,1062.38,824.69
-1141224851347280127	General Basic Offer Popup Variant avatarOrTitle_resource	6	text	General Basic Offer Popup Variant avatarOrTitle_resource/window/Icon Currency Drawer Variant/Content/Converted Drawer/Price Display/text	-	-		0.0000	108.9700	93.5475	93.5475	951.83,652.74,951.83,746.29	897.35,652.74,1006.32,746.29
-1141224851347280127	General Basic Offer Popup Variant avatarOrTitle_resource	6	text	General Basic Offer Popup Variant avatarOrTitle_resource/window/Icon Currency Drawer Variant/Content/Ephemeral Drawer/Price Display/text	-	-		0.0000	190.6100	93.5475	93.5475	951.83,652.74,951.83,746.29	856.53,652.74,1047.14,746.29
-1141224851347280127	General Basic Offer Popup Variant avatarOrTitle_resource	4	Label	General Basic Offer Popup Variant avatarOrTitle_resource/window/Title Drawer Horizontal Variant (1)/Content/Label	ok	unk	OK→UNK	925.2000	925.2000	37.0000	37.0000	137.00,762.60,1062.20,799.60	137.00,762.60,1062.20,799.60
-1141224851347280127	General Basic Offer Popup Variant avatarOrTitle_resource	6	text	General Basic Offer Popup Variant avatarOrTitle_resource/window/Title Drawer Horizontal Variant (1)/Content/Converted Drawer/Price Display/text	-	-		0.0000	43.1979	37.0842	37.0842	282.56,815.41,282.56,852.50	260.96,815.41,304.15,852.50
-1141224851347280127	General Basic Offer Popup Variant avatarOrTitle_resource	6	text	General Basic Offer Popup Variant avatarOrTitle_resource/window/Title Drawer Horizontal Variant (1)/Content/Ephemeral Drawer/Price Display/text	-	-		0.0000	75.5617	37.0842	37.0842	282.56,815.41,282.56,852.50	244.77,815.41,320.34,852.50
-1141224851347280127	General Basic Offer Popup Variant avatarOrTitle_resource	6	text	General Basic Offer Popup Variant avatarOrTitle_resource/window/Icon Avatar Drawer Variant/Content/Converted Drawer/Price Display/text	-	-		0.0000	108.9700	93.5475	93.5475	790.73,822.07,790.73,915.62	736.25,822.07,845.22,915.62
-1141224851347280127	General Basic Offer Popup Variant avatarOrTitle_resource	6	text	General Basic Offer Popup Variant avatarOrTitle_resource/window/Icon Avatar Drawer Variant/Content/Ephemeral Drawer/Price Display/text	-	-		0.0000	190.6100	93.5475	93.5475	790.73,822.07,790.73,915.62	695.43,822.07,886.04,915.62
-1141224851347280127	General Basic Offer Popup Variant avatarOrTitle_resource	3	Timer	General Basic Offer Popup Variant avatarOrTitle_resource/window/Text/Timer	ok	unk	OK→UNK	197.6700	197.6700	26.7550	26.7550	1089.57,749.58,1287.24,776.34	1089.57,749.58,1287.24,776.34
-1141224851347280127	General Basic Offer Popup Variant avatarOrTitle_resource	7	text	General Basic Offer Popup Variant avatarOrTitle_resource/window/Text/Purchase buttons/Price Display/Generic UI Button/Price Display/text	-	-		0.0000	92.2200	44.9601	44.9601	1110.14,693.27,1110.14,738.23	1064.03,693.27,1156.25,738.23
-1139428287192474499	Alliance Trophy Info Popup	5	Checkbox	Alliance Trophy Info Popup/window/RightSide/Controls/selectButton/Checkbox	ok	unk	OK→UNK	486.7300	486.7300	58.1974	58.1974	990.39,669.83,1477.12,728.03	990.39,669.83,1477.12,728.03
-789557150673010205	PlayerRankingRow	1	Name Holder	PlayerRankingRow/Name Holder	ok	unk	OK→UNK	733.9500	733.9500	100.0000	100.0000	290.00,1030.00,1023.95,1130.00	290.00,1030.00,1023.95,1130.00
-625737770140864799	Catalog Item Shop Container	7	text	Catalog Item Shop Container/background/DrawerHolder/Card Drawer/Content/Converted Drawer/Price Display/text	-	-		0.0000	108.9700	93.5475	93.5475	293.73,1301.54,293.73,1395.08	239.25,1301.54,348.22,1395.08
-625737770140864799	Catalog Item Shop Container	7	text	Catalog Item Shop Container/background/DrawerHolder/Card Drawer/Content/Ephemeral Drawer/Price Display/text	-	-		0.0000	190.6100	93.5475	93.5475	293.73,1301.54,293.73,1395.08	198.43,1301.54,389.04,1395.08
-566750301245805063	Daily Reward Popup Item Drawer	6	text	Daily Reward Popup Item Drawer/Reward Holder/Icon Container Drawer Variant/Content/Converted Drawer/Price Display/text	-	-		0.0000	87.1760	74.8380	74.8380	1148.16,437.27,1148.16,512.10	1104.57,437.27,1191.75,512.10
-544290873757376816	Ranked Boost Reward Event Window	2	Timer	Ranked Boost Reward Event Window/window/Timer	ok	unk	OK→UNK	306.4626	306.4626	79.3481	79.3481	806.77,772.30,1113.23,851.65	806.77,772.30,1113.23,851.65
-240618298541811746	Expansion Pass Progress Bar	2	text	Expansion Pass Progress Bar/Points/text	-	-		0.0000	108.9951	37.2397	37.2397	820.24,822.47,820.24,859.71	765.74,822.47,874.74,859.71
108940773697247289	Purchase Premium Window	4	Price Display	Purchase Premium Window/Army Info/Price Display Button 2/Generic UI Button/Price Display	ok	unk	OK→UNK	293.2117	293.2117	60.0253	60.0253	1114.54,837.66,1407.75,897.68	1114.54,837.66,1407.75,897.68
108940773697247289	Purchase Premium Window	4	Handle	Purchase Premium Window/Scroll View/Scrollbar Collection/Sliding Area/Handle	-	-		20.0000	20.0000	888.3859	888.3859	194.09,nan,214.09,nan	194.09,nan,214.09,nan
140675043086260725	Small General Basic Offer Container Variant Single Item Type	7	text	Small General Basic Offer Container Variant Single Item Type/background/Dynamic Content/Icon Container Drawer Variant/Content/Converted Drawer/Price Display/text	-	-		0.0000	108.9700	93.5475	93.5475	236.85,1248.57,236.85,1342.12	182.36,1248.57,291.33,1342.12
140675043086260725	Small General Basic Offer Container Variant Single Item Type	7	text	Small General Basic Offer Container Variant Single Item Type/background/Dynamic Content/Icon Avatar Drawer Variant/Content/Converted Drawer/Price Display/text	-	-		0.0000	108.9700	93.5475	93.5475	233.30,1270.21,233.30,1363.75	178.81,1270.21,287.78,1363.75
140675043086260725	Small General Basic Offer Container Variant Single Item Type	7	text	Small General Basic Offer Container Variant Single Item Type/background/Dynamic Content/Icon Avatar Drawer Variant/Content/Ephemeral Drawer/Price Display/text	-	-		0.0000	190.6100	93.5475	93.5475	233.30,1270.21,233.30,1363.75	137.99,1270.21,328.60,1363.75
140675043086260725	Small General Basic Offer Container Variant Single Item Type	5	Label	Small General Basic Offer Container Variant Single Item Type/background/Dynamic Content/Title Drawer Horizontal Variant/Content/Label	ok	unk	OK→UNK	925.2000	925.2000	37.0000	37.0000	-490.60,1223.30,434.60,1260.30	-490.60,1223.30,434.60,1260.30
140675043086260725	Small General Basic Offer Container Variant Single Item Type	7	text	Small General Basic Offer Container Variant Single Item Type/background/Dynamic Content/Title Drawer Horizontal Variant/Content/Converted Drawer/Price Display/text	-	-		0.0000	22.3966	19.2268	19.2268	-415.13,1250.68,-415.13,1269.91	-426.33,1250.68,-403.94,1269.91
140675043086260725	Small General Basic Offer Container Variant Single Item Type	7	text	Small General Basic Offer Container Variant Single Item Type/background/Dynamic Content/Title Drawer Horizontal Variant/Content/Ephemeral Drawer/Price Display/text	-	-		0.0000	39.1760	19.2268	19.2268	-415.13,1250.68,-415.13,1269.91	-434.72,1250.68,-395.55,1269.91
140675043086260725	Small General Basic Offer Container Variant Single Item Type	7	text	Small General Basic Offer Container Variant Single Item Type/background/Dynamic Content/Icon Currency Drawer Variant/Content/Converted Drawer/Price Display/text	-	-		0.0000	108.9700	93.5475	93.5475	243.68,1259.63,243.68,1353.17	189.19,1259.63,298.16,1353.17
140675043086260725	Small General Basic Offer Container Variant Single Item Type	7	text	Small General Basic Offer Container Variant Single Item Type/background/Dynamic Content/Icon Currency Drawer Variant/Content/Ephemeral Drawer/Price Display/text	-	-		0.0000	190.6100	93.5475	93.5475	243.68,1259.63,243.68,1353.17	148.37,1259.63,338.98,1353.17
140675043086260725	Small General Basic Offer Container Variant Single Item Type	5	Label	Small General Basic Offer Container Variant Single Item Type/background/Dynamic Content/Cardback Drawer/Content/Label	ok	unk	OK→UNK	640.8000	640.8000	108.0000	108.0000	-385.20,1316.80,255.60,1424.80	-385.20,1316.80,255.60,1424.80
140675043086260725	Small General Basic Offer Container Variant Single Item Type	7	text	Small General Basic Offer Container Variant Single Item Type/background/Dynamic Content/Cardback Drawer/Content/Converted Drawer/Price Display/text	-	-		0.0000	27.1906	23.3424	23.3424	-293.58,1350.04,-293.58,1373.39	-307.18,1350.04,-279.99,1373.39
140675043086260725	Small General Basic Offer Container Variant Single Item Type	7	text	Small General Basic Offer Container Variant Single Item Type/background/Dynamic Content/Cardback Drawer/Content/Ephemeral Drawer/Price Display/text	-	-		0.0000	47.5618	23.3424	23.3424	-293.58,1350.04,-293.58,1373.39	-317.36,1350.04,-269.80,1373.39
140675043086260725	Small General Basic Offer Container Variant Single Item Type	7	text	Small General Basic Offer Container Variant Single Item Type/background/Dynamic Content/Icon Expansion Pass Premium Drawer Variant/Content/Converted Drawer/Price Display/text	-	-		0.0000	17.0963	14.6767	14.6767	-903.49,1936.78,-903.49,1951.45	-912.04,1936.78,-894.95,1951.45
140675043086260725	Small General Basic Offer Container Variant Single Item Type	7	text	Small General Basic Offer Container Variant Single Item Type/background/Dynamic Content/Icon Expansion Pass Premium Drawer Variant/Content/Ephemeral Drawer/Price Display/text	-	-		0.0000	29.9048	14.6767	14.6767	-903.49,1936.78,-903.49,1951.45	-918.45,1936.78,-888.54,1951.45
140675043086260725	Small General Basic Offer Container Variant Single Item Type	7	text	Small General Basic Offer Container Variant Single Item Type/background/Dynamic Content/Icon Premium Campaign Drawer Variant/Content/Converted Drawer/Price Display/text	-	-		0.0000	326.9100	280.6426	280.6426	1029.87,1488.10,1029.87,1768.75	866.42,1488.10,1193.33,1768.75
140675043086260725	Small General Basic Offer Container Variant Single Item Type	7	text	Small General Basic Offer Container Variant Single Item Type/background/Dynamic Content/Icon Premium Campaign Drawer Variant/Content/Ephemeral Drawer/Price Display/text	-	-		0.0000	571.8300	280.6426	280.6426	1029.87,1488.11,1029.87,1768.75	743.96,1488.11,1315.79,1768.75
340272506660692693	RankedEventWindow	4	Timer	RankedEventWindow/Ranked Division Info/Content/Timer/Timer	-	-		0.0000	167.6400	55.9050	55.9050	488.42,295.03,488.42,350.93	404.60,295.03,572.24,350.93
340272506660692693	RankedEventWindow	4	Highest Faction Rating	RankedEventWindow/Ranked Division Info/Content/footer/Highest Faction Rating	ok	unk	OK→UNK	355.4387	355.4387	39.7997	39.7997	86.28,511.03,441.72,550.83	86.28,511.03,441.72,550.83
340272506660692693	RankedEventWindow	5	Rating Text	RankedEventWindow/Ranked Division Info/Content/footer/Highest Faction Rating/Rating Text	ok	unk	OK→UNK	120.0000	0.0000	59.1670	59.1670	204.00,501.35,324.00,560.52	264.00,501.35,264.00,560.52
340272506660692693	RankedEventWindow	6	Secondary Icon	RankedEventWindow/Ranked Division Info/Content/footer/Highest Faction Rating/Rating Text/Secondary Icon	-	-		60.0000	60.0000	59.1670	59.1670	204.00,501.35,264.00,560.52	264.00,501.35,324.00,560.52
340272506660692693	RankedEventWindow	6	Main Icon	RankedEventWindow/Ranked Division Info/Content/footer/Highest Faction Rating/Rating Text/Main Icon	-	-		60.0000	60.0000	59.1670	59.1670	264.00,501.35,324.00,560.52	324.00,501.35,384.00,560.52
340272506660692693	RankedEventWindow	6	Individual rating value	RankedEventWindow/Ranked Division Info/Content/footer/Highest Faction Rating/Rating Text/Individual rating value	-	-		0.0000	0.0000	0.0000	0.0000	324.00,530.93,324.00,530.93	384.00,530.93,384.00,530.93
340272506660692693	RankedEventWindow	5	Global Rating	RankedEventWindow/Ranked Division Info/Content/footer/MainRating/Global Rating	ok	unk	OK→UNK	256.4594	256.4594	57.3560	57.3560	374.79,481.33,631.25,538.68	374.79,481.33,631.25,538.68
340272506660692693	RankedEventWindow	7	Text fill	RankedEventWindow/Deck info/Deck List Drawer/Content/Deck Selector Card Info button_ref/Content/Background/Text fill	ok	unk	OK→UNK	-5.0000	-5.0000	0.0000	0.0000	1280.94,798.03,1275.94,798.03	1280.94,798.03,1275.94,798.03
471114273799851884	Alliance List Entry	2	Ranking Value	Alliance List Entry/Ranking/Ranking Value	-	-		0.0000	41.9100	56.0000	56.0000	1170.32,53.49,1170.32,109.49	1149.36,53.49,1191.27,109.49
507527829764970239	Rewards Base Submenu Variant	9	Rewards	Rewards Base Submenu Variant/Content Area/Tabs/Missions Tab/Normal Missions/Special Missions/Daily Login Container/background/footer/Rewards	ok	unk	OK→UNK	373.7500	373.7500	89.2894	89.2894	183.75,724.42,557.50,813.71	183.75,724.42,557.50,813.71
507527829764970239	Rewards Base Submenu Variant	10	Reward Display Mission	Rewards Base Submenu Variant/Content Area/Tabs/Missions Tab/Normal Missions/Special Missions/Daily Login Container/background/footer/Rewards/Reward Display Mission	ok	unk	OK→UNK	170.2000	186.8750	89.2894	89.2894	183.75,724.42,353.95,813.71	183.75,724.42,370.62,813.71
507527829764970239	Rewards Base Submenu Variant	11	drawerHolder	Rewards Base Submenu Variant/Content Area/Tabs/Missions Tab/Normal Missions/Special Missions/Daily Login Container/background/footer/Rewards/Reward Display Mission/drawerHolder	-	-		63.2500	63.2500	89.2894	89.2894	284.95,724.42,348.20,813.71	301.62,724.42,364.87,813.71
507527829764970239	Rewards Base Submenu Variant	12	Currency	Rewards Base Submenu Variant/Content Area/Tabs/Missions Tab/Normal Missions/Special Missions/Daily Login Container/background/footer/Rewards/Reward Display Mission/drawerHolder/Currency	-	-		67.6113	67.6113	67.6113	67.6113	285.48,735.26,353.09,802.87	302.15,735.26,369.76,802.87
507527829764970239	Rewards Base Submenu Variant	11	count	Rewards Base Submenu Variant/Content Area/Tabs/Missions Tab/Normal Missions/Special Missions/Daily Login Container/background/footer/Rewards/Reward Display Mission/count	-	-		0.0000	0.0000	89.2894	89.2894	353.95,724.42,353.95,813.71	370.62,724.42,370.62,813.71
507527829764970239	Rewards Base Submenu Variant	10	Reward Display Mission	Rewards Base Submenu Variant/Content Area/Tabs/Missions Tab/Normal Missions/Special Missions/Daily Login Container/background/footer/Rewards/Reward Display Mission	ok	unk	OK→UNK	203.5500	186.8750	89.2894	89.2894	353.95,724.42,557.50,813.71	370.62,724.42,557.50,813.71
507527829764970239	Rewards Base Submenu Variant	11	drawerHolder	Rewards Base Submenu Variant/Content Area/Tabs/Missions Tab/Normal Missions/Special Missions/Daily Login Container/background/footer/Rewards/Reward Display Mission/drawerHolder	-	-		63.2500	63.2500	89.2894	89.2894	365.45,724.42,428.70,813.71	382.12,724.42,445.37,813.71
507527829764970239	Rewards Base Submenu Variant	12	Campaign Points 	Rewards Base Submenu Variant/Content Area/Tabs/Missions Tab/Normal Missions/Special Missions/Daily Login Container/background/footer/Rewards/Reward Display Mission/drawerHolder/Campaign Points 	-	-		58.9310	58.9310	89.2894	89.2894	367.61,724.42,426.54,813.71	384.28,724.42,443.21,813.71
507527829764970239	Rewards Base Submenu Variant	11	count	Rewards Base Submenu Variant/Content Area/Tabs/Missions Tab/Normal Missions/Special Missions/Daily Login Container/background/footer/Rewards/Reward Display Mission/count	-	-		0.0000	0.0000	89.2894	89.2894	433.30,724.42,433.30,813.71	449.97,724.42,449.97,813.71
507527829764970239	Rewards Base Submenu Variant	9	GameObject (1)	Rewards Base Submenu Variant/Content Area/Tabs/Missions Tab/Normal Missions/Special Missions/Daily Login Container/background/debug_buttons/GameObject (1)	ok	unk	OK→UNK	151.3708	151.3708	46.1308	46.1308	407.87,566.06,559.25,612.19	407.87,566.06,559.25,612.19
507527829764970239	Rewards Base Submenu Variant	9	Rewards	Rewards Base Submenu Variant/Content Area/Tabs/Missions Tab/Normal Missions/Special Missions/Daily Skulls Mission Container/background/footer/Rewards	ok	unk	OK→UNK	373.7500	373.7500	89.2894	89.2894	383.64,488.02,757.39,577.31	383.64,488.02,757.39,577.31
507527829764970239	Rewards Base Submenu Variant	10	Reward Display Mission	Rewards Base Submenu Variant/Content Area/Tabs/Missions Tab/Normal Missions/Special Missions/Daily Skulls Mission Container/background/footer/Rewards/Reward Display Mission	ok	unk	OK→UNK	186.8750	186.8750	89.2894	89.2894	383.64,488.02,570.52,577.31	383.64,488.02,570.52,577.31
507527829764970239	Rewards Base Submenu Variant	10	Reward Display Mission	Rewards Base Submenu Variant/Content Area/Tabs/Missions Tab/Normal Missions/Special Missions/Daily Skulls Mission Container/background/footer/Rewards/Reward Display Mission	ok	unk	OK→UNK	186.8750	186.8750	89.2894	89.2894	570.52,488.02,757.39,577.31	570.52,488.02,757.39,577.31
507527829764970239	Rewards Base Submenu Variant	9	GameObject (1)	Rewards Base Submenu Variant/Content Area/Tabs/Missions Tab/Normal Missions/Special Missions/Daily Skulls Mission Container/background/debug_buttons/GameObject (1)	ok	unk	OK→UNK	151.3708	151.3708	46.1308	46.1308	607.77,384.55,759.14,430.68	607.77,384.55,759.14,430.68
507527829764970239	Rewards Base Submenu Variant	9	GameObject (1)	Rewards Base Submenu Variant/Content Area/Tabs/Missions Tab/Normal Missions/Daily Missions/Daily Missions Holder/Daily Mission Container/Mission Debug Buttons/GameObject (1)	ok	unk	OK→UNK	139.2190	139.2190	38.7018	38.7018	1503.53,99.94,1642.75,138.64	1503.53,99.94,1642.75,138.64
507527829764970239	Rewards Base Submenu Variant	9	GameObject (1)	Rewards Base Submenu Variant/Content Area/Tabs/Missions Tab/Normal Missions/Daily Missions/Daily Missions Holder/Daily Mission Container (1)/Mission Debug Buttons/GameObject (1)	ok	unk	OK→UNK	139.2190	139.2190	38.7018	38.7018	1503.53,293.77,1642.75,332.47	1503.53,293.77,1642.75,332.47
507527829764970239	Rewards Base Submenu Variant	9	GameObject (1)	Rewards Base Submenu Variant/Content Area/Tabs/Missions Tab/Normal Missions/Daily Missions/Daily Missions Holder/Daily Mission Container (2)/Mission Debug Buttons/GameObject (1)	ok	unk	OK→UNK	139.2190	139.2190	38.7018	38.7018	1503.53,487.60,1642.75,526.31	1503.53,487.60,1642.75,526.31
507527829764970239	Rewards Base Submenu Variant	8	Rewards	Rewards Base Submenu Variant/Content Area/Tabs/Missions Tab/Weekly Mission Holder/Weekly Mission/background/footer/Rewards	ok	unk	OK→UNK	1000.0000	1000.0000	113.0100	113.0100	485.59,926.04,1485.59,1039.05	485.59,926.04,1485.59,1039.05
507527829764970239	Rewards Base Submenu Variant	9	Reward Display Mission	Rewards Base Submenu Variant/Content Area/Tabs/Missions Tab/Weekly Mission Holder/Weekly Mission/background/footer/Rewards/Reward Display Mission	ok	unk	OK→UNK	250.0000	250.0000	113.0100	113.0100	485.59,926.04,735.59,1039.05	485.59,926.04,735.59,1039.05
507527829764970239	Rewards Base Submenu Variant	9	Reward Display Mission	Rewards Base Submenu Variant/Content Area/Tabs/Missions Tab/Weekly Mission Holder/Weekly Mission/background/footer/Rewards/Reward Display Mission	ok	unk	OK→UNK	250.0000	250.0000	113.0100	113.0100	735.59,926.04,985.59,1039.05	735.59,926.04,985.59,1039.05
507527829764970239	Rewards Base Submenu Variant	9	Reward Display Mission (1)	Rewards Base Submenu Variant/Content Area/Tabs/Missions Tab/Weekly Mission Holder/Weekly Mission/background/footer/Rewards/Reward Display Mission (1)	ok	unk	OK→UNK	250.0000	250.0000	113.0100	113.0100	985.59,926.04,1235.59,1039.05	985.59,926.04,1235.59,1039.05
507527829764970239	Rewards Base Submenu Variant	9	Reward Display Mission (2)	Rewards Base Submenu Variant/Content Area/Tabs/Missions Tab/Weekly Mission Holder/Weekly Mission/background/footer/Rewards/Reward Display Mission (2)	ok	unk	OK→UNK	250.0000	250.0000	113.0100	113.0100	1235.59,926.04,1485.59,1039.05	1235.59,926.04,1485.59,1039.05
507527829764970239	Rewards Base Submenu Variant	7	debug_buttons	Rewards Base Submenu Variant/Content Area/Tabs/Missions Tab/Weekly Mission Holder/Weekly Mission/background/debug_buttons	ok	unk	OK→UNK	261.6626	261.6626	144.9179	144.9179	1574.90,834.84,1836.56,979.76	1574.90,834.84,1836.56,979.76
507527829764970239	Rewards Base Submenu Variant	8	GameObject (1)	Rewards Base Submenu Variant/Content Area/Tabs/Missions Tab/Weekly Mission Holder/Weekly Mission/background/debug_buttons/GameObject (1)	ok	unk	OK→UNK	261.6626	261.6626	0.0000	0.0000	1574.90,979.76,1836.56,979.76	1574.90,979.76,1836.56,979.76
507527829764970239	Rewards Base Submenu Variant	5	Points	Rewards Base Submenu Variant/Content Area/Tabs/Campaign Tab/Campaign Header/Points	-	-		0.0000	368.1800	33.0000	33.0000	480.69,151.69,480.69,184.69	480.69,151.69,848.87,184.69
507527829764970239	Rewards Base Submenu Variant	6	Point Icon	Rewards Base Submenu Variant/Content Area/Tabs/Campaign Tab/Campaign Header/Points/Point Icon	-	-		50.0000	50.0000	33.0000	33.0000	459.93,151.69,509.93,184.69	828.11,151.69,878.11,184.69
507527829764970239	Rewards Base Submenu Variant	7	Campaign Point Background	Rewards Base Submenu Variant/Content Area/Tabs/Campaign Tab/Campaign Header/Points/Point Icon/Campaign Point Background	-	-		50.0000	50.0000	33.0000	33.0000	459.93,151.69,509.93,184.69	828.11,151.69,878.11,184.69
507527829764970239	Rewards Base Submenu Variant	7	Army Icon	Rewards Base Submenu Variant/Content Area/Tabs/Campaign Tab/Campaign Header/Points/Point Icon/Army Icon	-	-		50.0000	50.0000	33.0000	33.0000	459.93,151.69,509.93,184.69	828.11,151.69,878.11,184.69
507527829764970239	Rewards Base Submenu Variant	6	Quantity	Rewards Base Submenu Variant/Content Area/Tabs/Campaign Tab/Premium Panel/Points/Quantity	-	-		0.0000	76.9900	57.9090	57.9090	496.92,916.33,496.92,974.24	458.43,916.33,535.42,974.24
507527829764970239	Rewards Base Submenu Variant	11	text	Rewards Base Submenu Variant/Content Area/Tabs/Campaign Tab/Premium Panel/Points/Points/Icon Campaign Points Drawer Variant/Content/Converted Drawer/Price Display/text	-	-		0.0000	6.5584	5.6302	5.6302	109.81,1223.30,109.81,1228.93	106.54,1223.30,113.09,1228.93
507527829764970239	Rewards Base Submenu Variant	11	text	Rewards Base Submenu Variant/Content Area/Tabs/Campaign Tab/Premium Panel/Points/Points/Icon Campaign Points Drawer Variant/Content/Ephemeral Drawer/Price Display/text	-	-		0.0000	11.4719	5.6302	5.6302	109.81,1223.30,109.81,1228.93	104.08,1223.30,115.55,1228.93
507527829764970239	Rewards Base Submenu Variant	6	Timer Text	Rewards Base Submenu Variant/Content Area/Tabs/Campaign Tab/Premium Panel/Timer/Timer Text	-	-		0.0000	285.9200	24.4210	24.4210	408.62,1037.14,408.62,1061.56	408.62,1037.14,694.54,1061.56
519457241897503149	Wildcard Drawer	2	Label	Wildcard Drawer/Content/Label	ok	unk	OK→UNK	640.8000	640.8000	108.0000	108.0000	639.60,810.00,1280.40,918.00	639.60,810.00,1280.40,918.00
519457241897503149	Wildcard Drawer	4	text	Wildcard Drawer/Content/Converted Drawer/Price Display/text	-	-		0.0000	108.9700	93.5475	93.5475	1006.77,943.23,1006.77,1036.77	952.29,943.23,1061.26,1036.77
519457241897503149	Wildcard Drawer	4	text	Wildcard Drawer/Content/Ephemeral Drawer/Price Display/text	-	-		0.0000	190.6100	93.5475	93.5475	1006.77,943.23,1006.77,1036.77	911.47,943.23,1102.08,1036.77
816306729927331186	SkirmishModeEventWindow	3	Window Title	SkirmishModeEventWindow/Game Mode Header With Back Button/Header Background/Window Title	-	-		0.0000	369.3600	82.6520	82.6520	155.00,57.22,155.00,139.87	155.00,57.22,524.36,139.87
816306729927331186	SkirmishModeEventWindow	2	Timer	SkirmishModeEventWindow/Timer/Timer	-	-		0.0000	248.4400	55.9050	55.9050	857.73,1013.55,857.73,1069.45	857.73,1013.55,1106.17,1069.45
816961253267490999	General Basic Offer Container Variant Booster_avatar_resource	7	text	General Basic Offer Container Variant Booster_avatar_resource/background/Dynamic Content/Icon Container Drawer Variant/Content/Converted Drawer/Price Display/text	-	-		0.0000	108.9700	93.5475	93.5475	236.85,1199.47,236.85,1293.02	182.36,1199.47,291.33,1293.02
816961253267490999	General Basic Offer Container Variant Booster_avatar_resource	7	text	General Basic Offer Container Variant Booster_avatar_resource/background/Dynamic Content/Icon Avatar Drawer Variant/Content/Converted Drawer/Price Display/text	-	-		0.0000	108.9700	93.5475	93.5475	204.60,1290.43,204.60,1383.98	150.12,1290.43,259.09,1383.98
816961253267490999	General Basic Offer Container Variant Booster_avatar_resource	7	text	General Basic Offer Container Variant Booster_avatar_resource/background/Dynamic Content/Icon Avatar Drawer Variant/Content/Ephemeral Drawer/Price Display/text	-	-		0.0000	190.6100	93.5475	93.5475	204.60,1290.43,204.60,1383.98	109.30,1290.43,299.91,1383.98
816961253267490999	General Basic Offer Container Variant Booster_avatar_resource	7	text	General Basic Offer Container Variant Booster_avatar_resource/background/Dynamic Content/Icon Currency Drawer Variant/Content/Converted Drawer/Price Display/text	-	-		0.0000	108.9700	93.5475	93.5475	349.38,1415.00,349.38,1508.55	294.89,1415.00,403.86,1508.55
816961253267490999	General Basic Offer Container Variant Booster_avatar_resource	7	text	General Basic Offer Container Variant Booster_avatar_resource/background/Dynamic Content/Icon Currency Drawer Variant/Content/Ephemeral Drawer/Price Display/text	-	-		0.0000	190.6100	93.5475	93.5475	349.38,1415.00,349.38,1508.55	254.07,1415.00,444.68,1508.55
846031223718891546	Premium Drawer	2	Label	Premium Drawer/Content/Label	ok	unk	OK→UNK	640.8000	640.8000	108.0000	108.0000	639.60,810.00,1280.40,918.00	639.60,810.00,1280.40,918.00
846031223718891546	Premium Drawer	4	text	Premium Drawer/Content/Converted Drawer/Price Display/text	-	-		0.0000	108.9700	93.5475	93.5475	1006.77,943.23,1006.77,1036.77	952.29,943.23,1061.26,1036.77
846031223718891546	Premium Drawer	4	text	Premium Drawer/Content/Ephemeral Drawer/Price Display/text	-	-		0.0000	190.6100	93.5475	93.5475	1006.77,943.23,1006.77,1036.77	911.47,943.23,1102.08,1036.77
895912214204932304	Tutorial Message Window PopUp	6	text	Tutorial Message Window PopUp/Container Campaign Points/Icon Campaign Points Drawer Variant/Content/Converted Drawer/Price Display/text	-	-		0.0000	32.3828	27.7997	27.7997	350.11,811.59,350.11,839.39	333.92,811.59,366.30,839.39
895912214204932304	Tutorial Message Window PopUp	6	text	Tutorial Message Window PopUp/Container Campaign Points/Icon Campaign Points Drawer Variant/Content/Ephemeral Drawer/Price Display/text	-	-		0.0000	56.6438	27.7997	27.7997	350.11,811.59,350.11,839.39	321.79,811.59,378.44,839.39
921856553433295504	Icon Currency Drawer Variant	4	text	Icon Currency Drawer Variant/Content/Converted Drawer/Price Display/text	-	-		0.0000	108.9700	93.5475	93.5475	841.17,943.23,841.17,1036.77	786.69,943.23,895.66,1036.77
921856553433295504	Icon Currency Drawer Variant	4	text	Icon Currency Drawer Variant/Content/Ephemeral Drawer/Price Display/text	-	-		0.0000	190.6100	93.5475	93.5475	841.17,943.23,841.17,1036.77	745.87,943.23,936.48,1036.77
1030972374666531409	Daily Skulls Mission Container Variant  Expansion Pass	3	Rewards	Daily Skulls Mission Container Variant  Expansion Pass/background/footer/Rewards	ok	unk	OK→UNK	325.0000	325.0000	77.6430	77.6430	1259.55,815.25,1584.55,892.89	1259.55,815.25,1584.55,892.89
1030972374666531409	Daily Skulls Mission Container Variant  Expansion Pass	4	Reward Display Mission	Daily Skulls Mission Container Variant  Expansion Pass/background/footer/Rewards/Reward Display Mission	ok	unk	OK→UNK	325.0000	325.0000	77.6430	77.6430	1259.55,815.25,1584.55,892.89	1259.55,815.25,1584.55,892.89
1030972374666531409	Daily Skulls Mission Container Variant  Expansion Pass	10	text	Daily Skulls Mission Container Variant  Expansion Pass/background/footer/Rewards/Reward Display Mission/drawerHolder/Icon Currency Drawer Variant/Content/Converted Drawer/Price Display/text	-	-		0.0000	108.9700	93.5475	93.5475	1744.53,1006.71,1744.53,1100.26	1690.05,1006.71,1799.02,1100.26
1030972374666531409	Daily Skulls Mission Container Variant  Expansion Pass	10	text	Daily Skulls Mission Container Variant  Expansion Pass/background/footer/Rewards/Reward Display Mission/drawerHolder/Icon Currency Drawer Variant/Content/Ephemeral Drawer/Price Display/text	-	-		0.0000	190.6100	93.5475	93.5475	1744.53,1006.71,1744.53,1100.26	1649.23,1006.71,1839.84,1100.26
1030972374666531409	Daily Skulls Mission Container Variant  Expansion Pass	3	GameObject (1)	Daily Skulls Mission Container Variant  Expansion Pass/background/debug_buttons/GameObject (1)	ok	unk	OK→UNK	131.6268	131.6268	40.1137	40.1137	1635.34,939.38,1766.96,979.49	1635.34,939.38,1766.96,979.49
1034399236954726164	Icon Expansion Pass Premium Drawer Variant	4	text	Icon Expansion Pass Premium Drawer Variant/Content/Converted Drawer/Price Display/text	-	-		0.0000	108.9700	93.5475	93.5475	1006.77,943.23,1006.77,1036.77	952.29,943.23,1061.26,1036.77
1034399236954726164	Icon Expansion Pass Premium Drawer Variant	4	text	Icon Expansion Pass Premium Drawer Variant/Content/Ephemeral Drawer/Price Display/text	-	-		0.0000	190.6100	93.5475	93.5475	1006.77,943.23,1006.77,1036.77	911.47,943.23,1102.08,1036.77
1179691781198557881	Missions Tab	6	Rewards	Missions Tab/Normal Missions/Special Missions/Daily Login Container/background/footer/Rewards	ok	unk	OK→UNK	373.7500	373.7500	89.2894	89.2894	208.62,422.13,582.37,511.42	208.62,422.13,582.37,511.42
1179691781198557881	Missions Tab	7	Reward Display Mission	Missions Tab/Normal Missions/Special Missions/Daily Login Container/background/footer/Rewards/Reward Display Mission	ok	unk	OK→UNK	170.2000	186.8750	89.2894	89.2894	208.62,422.13,378.82,511.42	208.62,422.13,395.50,511.42
1179691781198557881	Missions Tab	8	drawerHolder	Missions Tab/Normal Missions/Special Missions/Daily Login Container/background/footer/Rewards/Reward Display Mission/drawerHolder	-	-		63.2500	63.2500	89.2894	89.2894	309.82,422.13,373.07,511.42	326.50,422.13,389.75,511.42
1179691781198557881	Missions Tab	9	Currency	Missions Tab/Normal Missions/Special Missions/Daily Login Container/background/footer/Rewards/Reward Display Mission/drawerHolder/Currency	-	-		67.6113	67.6113	67.6113	67.6113	310.35,432.97,377.96,500.58	327.03,432.97,394.64,500.58
1179691781198557881	Missions Tab	10	Content	Missions Tab/Normal Missions/Special Missions/Daily Login Container/background/footer/Rewards/Reward Display Mission/drawerHolder/Currency/Content	-	-		67.6113	67.6113	67.6113	67.6113	310.35,432.97,377.96,500.58	327.03,432.97,394.64,500.58
1179691781198557881	Missions Tab	11	Image	Missions Tab/Normal Missions/Special Missions/Daily Login Container/background/footer/Rewards/Reward Display Mission/drawerHolder/Currency/Content/Image	-	-		57.1722	57.1722	57.1722	57.1722	315.57,438.19,372.74,495.36	332.24,438.19,389.42,495.36
1179691781198557881	Missions Tab	8	count	Missions Tab/Normal Missions/Special Missions/Daily Login Container/background/footer/Rewards/Reward Display Mission/count	-	-		0.0000	0.0000	89.2894	89.2894	378.82,422.13,378.82,511.42	395.50,422.13,395.50,511.42
1179691781198557881	Missions Tab	7	Reward Display Mission	Missions Tab/Normal Missions/Special Missions/Daily Login Container/background/footer/Rewards/Reward Display Mission	ok	unk	OK→UNK	203.5500	186.8750	89.2894	89.2894	378.82,422.13,582.37,511.42	395.50,422.13,582.37,511.42
1179691781198557881	Missions Tab	8	drawerHolder	Missions Tab/Normal Missions/Special Missions/Daily Login Container/background/footer/Rewards/Reward Display Mission/drawerHolder	-	-		63.2500	63.2500	89.2894	89.2894	390.32,422.13,453.57,511.42	407.00,422.13,470.25,511.42
1179691781198557881	Missions Tab	9	Campaign Points 	Missions Tab/Normal Missions/Special Missions/Daily Login Container/background/footer/Rewards/Reward Display Mission/drawerHolder/Campaign Points 	-	-		58.9310	58.9310	89.2894	89.2894	392.48,422.13,451.41,511.42	409.16,422.13,468.09,511.42
1179691781198557881	Missions Tab	10	Content	Missions Tab/Normal Missions/Special Missions/Daily Login Container/background/footer/Rewards/Reward Display Mission/drawerHolder/Campaign Points /Content	-	-		58.9310	58.9310	89.2894	89.2894	392.48,422.13,451.41,511.42	409.16,422.13,468.09,511.42
1179691781198557881	Missions Tab	11	Campaign Glow	Missions Tab/Normal Missions/Special Missions/Daily Login Container/background/footer/Rewards/Reward Display Mission/drawerHolder/Campaign Points /Content/Campaign Glow	-	-		58.9310	58.9310	89.2894	89.2894	392.48,422.13,451.41,511.42	409.16,422.13,468.09,511.42
1179691781198557881	Missions Tab	11	Image	Missions Tab/Normal Missions/Special Missions/Daily Login Container/background/footer/Rewards/Reward Display Mission/drawerHolder/Campaign Points /Content/Image	-	-		58.9310	58.9310	89.2894	89.2894	392.48,422.13,451.41,511.42	409.16,422.13,468.09,511.42
1179691781198557881	Missions Tab	8	count	Missions Tab/Normal Missions/Special Missions/Daily Login Container/background/footer/Rewards/Reward Display Mission/count	-	-		0.0000	0.0000	89.2894	89.2894	458.17,422.13,458.17,511.42	474.85,422.13,474.85,511.42
1179691781198557881	Missions Tab	6	GameObject (1)	Missions Tab/Normal Missions/Special Missions/Daily Login Container/background/debug_buttons/GameObject (1)	ok	unk	OK→UNK	151.3708	151.3708	46.1308	46.1308	432.75,263.77,584.12,309.90	432.75,263.77,584.12,309.90
1179691781198557881	Missions Tab	6	Rewards	Missions Tab/Normal Missions/Special Missions/Daily Skulls Mission Container/background/footer/Rewards	ok	unk	OK→UNK	373.7500	373.7500	89.2894	89.2894	216.47,417.08,590.22,506.37	216.47,417.08,590.22,506.37
1179691781198557881	Missions Tab	7	Reward Display Mission	Missions Tab/Normal Missions/Special Missions/Daily Skulls Mission Container/background/footer/Rewards/Reward Display Mission	ok	unk	OK→UNK	186.8750	186.8750	89.2894	89.2894	216.47,417.08,403.34,506.37	216.47,417.08,403.34,506.37
1179691781198557881	Missions Tab	7	Reward Display Mission	Missions Tab/Normal Missions/Special Missions/Daily Skulls Mission Container/background/footer/Rewards/Reward Display Mission	ok	unk	OK→UNK	186.8750	186.8750	89.2894	89.2894	403.34,417.08,590.22,506.37	403.34,417.08,590.22,506.37
1179691781198557881	Missions Tab	6	GameObject (1)	Missions Tab/Normal Missions/Special Missions/Daily Skulls Mission Container/background/debug_buttons/GameObject (1)	ok	unk	OK→UNK	151.3708	151.3708	46.1308	46.1308	440.59,313.61,591.96,359.74	440.59,313.61,591.96,359.74
1179691781198557881	Missions Tab	12	text	Missions Tab/Normal Missions/Daily Missions/Daily Missions Holder/Daily Mission Container/Rewards/Reward Display Mission Vertical Variant/drawerHolder/Icon Campaign Points Drawer Variant/Content/Converted Drawer/Price Display/text	-	-		0.0000	10.5183	9.0296	9.0296	163.42,431.07,163.42,440.10	158.16,431.07,168.68,440.10
1179691781198557881	Missions Tab	12	text	Missions Tab/Normal Missions/Daily Missions/Daily Missions Holder/Daily Mission Container/Rewards/Reward Display Mission Vertical Variant/drawerHolder/Icon Campaign Points Drawer Variant/Content/Ephemeral Drawer/Price Display/text	-	-		0.0000	18.3985	9.0296	9.0296	163.42,431.07,163.42,440.10	154.22,431.07,172.62,440.10
1179691781198557881	Missions Tab	6	GameObject (1)	Missions Tab/Normal Missions/Daily Missions/Daily Missions Holder/Daily Mission Container/Mission Debug Buttons/GameObject (1)	ok	unk	OK→UNK	139.2190	139.2190	38.7018	38.7018	1336.36,29.00,1475.57,67.70	1336.36,29.00,1475.57,67.70
1179691781198557881	Missions Tab	12	text	Missions Tab/Normal Missions/Daily Missions/Daily Missions Holder/Daily Mission Container (1)/Rewards/Reward Display Mission Vertical Variant/drawerHolder/Icon Campaign Points Drawer Variant/Content/Converted Drawer/Price Display/text	-	-		0.0000	10.5183	9.0296	9.0296	163.42,624.90,163.42,633.93	158.16,624.90,168.68,633.93
1179691781198557881	Missions Tab	12	text	Missions Tab/Normal Missions/Daily Missions/Daily Missions Holder/Daily Mission Container (1)/Rewards/Reward Display Mission Vertical Variant/drawerHolder/Icon Campaign Points Drawer Variant/Content/Ephemeral Drawer/Price Display/text	-	-		0.0000	18.3985	9.0296	9.0296	163.42,624.90,163.42,633.93	154.22,624.90,172.62,633.93
1179691781198557881	Missions Tab	6	GameObject (1)	Missions Tab/Normal Missions/Daily Missions/Daily Missions Holder/Daily Mission Container (1)/Mission Debug Buttons/GameObject (1)	ok	unk	OK→UNK	139.2190	139.2190	38.7018	38.7018	1336.36,222.83,1475.57,261.53	1336.36,222.83,1475.57,261.53
1179691781198557881	Missions Tab	12	text	Missions Tab/Normal Missions/Daily Missions/Daily Missions Holder/Daily Mission Container (2)/Rewards/Reward Display Mission Vertical Variant/drawerHolder/Icon Campaign Points Drawer Variant/Content/Converted Drawer/Price Display/text	-	-		0.0000	10.5183	9.0296	9.0296	163.42,818.73,163.42,827.76	158.16,818.73,168.68,827.76
1179691781198557881	Missions Tab	12	text	Missions Tab/Normal Missions/Daily Missions/Daily Missions Holder/Daily Mission Container (2)/Rewards/Reward Display Mission Vertical Variant/drawerHolder/Icon Campaign Points Drawer Variant/Content/Ephemeral Drawer/Price Display/text	-	-		0.0000	18.3985	9.0296	9.0296	163.42,818.73,163.42,827.76	154.22,818.73,172.62,827.76
1179691781198557881	Missions Tab	6	GameObject (1)	Missions Tab/Normal Missions/Daily Missions/Daily Missions Holder/Daily Mission Container (2)/Mission Debug Buttons/GameObject (1)	ok	unk	OK→UNK	139.2190	139.2190	38.7018	38.7018	1336.36,416.66,1475.57,455.37	1336.36,416.66,1475.57,455.37
1179691781198557881	Missions Tab	5	Rewards	Missions Tab/Weekly Mission Holder/Weekly Mission/background/footer/Rewards	ok	unk	OK→UNK	1000.0000	1000.0000	113.0100	113.0100	318.42,855.10,1318.42,968.11	318.42,855.10,1318.42,968.11
1179691781198557881	Missions Tab	6	Reward Display Mission	Missions Tab/Weekly Mission Holder/Weekly Mission/background/footer/Rewards/Reward Display Mission	ok	unk	OK→UNK	250.0000	250.0000	113.0100	113.0100	318.42,855.10,568.42,968.11	318.42,855.10,568.42,968.11
1179691781198557881	Missions Tab	12	text	Missions Tab/Weekly Mission Holder/Weekly Mission/background/footer/Rewards/Reward Display Mission/drawerHolder/Icon Campaign Points Drawer Variant/Content/Converted Drawer/Price Display/text	-	-		0.0000	5.5494	4.7640	4.7640	-26.88,1188.39,-26.88,1193.16	-29.66,1188.39,-24.11,1193.16
1179691781198557881	Missions Tab	12	text	Missions Tab/Weekly Mission Holder/Weekly Mission/background/footer/Rewards/Reward Display Mission/drawerHolder/Icon Campaign Points Drawer Variant/Content/Ephemeral Drawer/Price Display/text	-	-		0.0000	9.7070	4.7640	4.7640	-26.88,1188.39,-26.88,1193.16	-31.74,1188.39,-22.03,1193.16
1179691781198557881	Missions Tab	6	Reward Display Mission	Missions Tab/Weekly Mission Holder/Weekly Mission/background/footer/Rewards/Reward Display Mission	ok	unk	OK→UNK	250.0000	250.0000	113.0100	113.0100	568.42,855.10,818.42,968.11	568.42,855.10,818.42,968.11
1179691781198557881	Missions Tab	12	text	Missions Tab/Weekly Mission Holder/Weekly Mission/background/footer/Rewards/Reward Display Mission/drawerHolder/Icon Campaign Points Drawer Variant/Content/Converted Drawer/Price Display/text	-	-		0.0000	5.5494	4.7640	4.7640	223.12,1188.39,223.12,1193.16	220.34,1188.39,225.89,1193.16
1179691781198557881	Missions Tab	12	text	Missions Tab/Weekly Mission Holder/Weekly Mission/background/footer/Rewards/Reward Display Mission/drawerHolder/Icon Campaign Points Drawer Variant/Content/Ephemeral Drawer/Price Display/text	-	-		0.0000	9.7070	4.7640	4.7640	223.12,1188.39,223.12,1193.16	218.26,1188.39,227.97,1193.16
1179691781198557881	Missions Tab	6	Reward Display Mission (1)	Missions Tab/Weekly Mission Holder/Weekly Mission/background/footer/Rewards/Reward Display Mission (1)	ok	unk	OK→UNK	250.0000	250.0000	113.0100	113.0100	818.42,855.10,1068.42,968.11	818.42,855.10,1068.42,968.11
1179691781198557881	Missions Tab	12	text	Missions Tab/Weekly Mission Holder/Weekly Mission/background/footer/Rewards/Reward Display Mission (1)/drawerHolder/Icon Campaign Points Drawer Variant/Content/Converted Drawer/Price Display/text	-	-		0.0000	5.5494	4.7640	4.7640	473.12,1188.39,473.12,1193.16	470.34,1188.39,475.89,1193.16
1179691781198557881	Missions Tab	12	text	Missions Tab/Weekly Mission Holder/Weekly Mission/background/footer/Rewards/Reward Display Mission (1)/drawerHolder/Icon Campaign Points Drawer Variant/Content/Ephemeral Drawer/Price Display/text	-	-		0.0000	9.7070	4.7640	4.7640	473.12,1188.39,473.12,1193.16	468.26,1188.39,477.97,1193.16
1179691781198557881	Missions Tab	6	Reward Display Mission (2)	Missions Tab/Weekly Mission Holder/Weekly Mission/background/footer/Rewards/Reward Display Mission (2)	ok	unk	OK→UNK	250.0000	250.0000	113.0100	113.0100	1068.42,855.10,1318.42,968.11	1068.42,855.10,1318.42,968.11
1179691781198557881	Missions Tab	12	text	Missions Tab/Weekly Mission Holder/Weekly Mission/background/footer/Rewards/Reward Display Mission (2)/drawerHolder/Icon Campaign Points Drawer Variant/Content/Converted Drawer/Price Display/text	-	-		0.0000	5.5494	4.7640	4.7640	723.12,1188.39,723.12,1193.16	720.34,1188.39,725.89,1193.16
1179691781198557881	Missions Tab	12	text	Missions Tab/Weekly Mission Holder/Weekly Mission/background/footer/Rewards/Reward Display Mission (2)/drawerHolder/Icon Campaign Points Drawer Variant/Content/Ephemeral Drawer/Price Display/text	-	-		0.0000	9.7070	4.7640	4.7640	723.12,1188.39,723.12,1193.16	718.26,1188.39,727.97,1193.16
1179691781198557881	Missions Tab	4	debug_buttons	Missions Tab/Weekly Mission Holder/Weekly Mission/background/debug_buttons	ok	unk	OK→UNK	261.6626	261.6626	144.9179	144.9179	1407.72,763.90,1669.39,908.82	1407.72,763.90,1669.39,908.82
1179691781198557881	Missions Tab	5	GameObject (1)	Missions Tab/Weekly Mission Holder/Weekly Mission/background/debug_buttons/GameObject (1)	ok	unk	OK→UNK	261.6626	261.6626	0.0000	0.0000	1407.72,908.82,1669.39,908.82	1407.72,908.82,1669.39,908.82
1239226065574471383	General Basic Offer Container Variant cardback_premiumOrAvatarOrResource_titleOrResource	5	Label	General Basic Offer Container Variant cardback_premiumOrAvatarOrResource_titleOrResource/background/Dynamic Content/Cardback Drawer/Content/Label	ok	unk	OK→UNK	640.8000	640.8000	108.0000	108.0000	-268.20,1307.10,372.60,1415.10	-268.20,1307.10,372.60,1415.10
1239226065574471383	General Basic Offer Container Variant cardback_premiumOrAvatarOrResource_titleOrResource	7	text	General Basic Offer Container Variant cardback_premiumOrAvatarOrResource_titleOrResource/background/Dynamic Content/Cardback Drawer/Content/Converted Drawer/Price Display/text	-	-		0.0000	32.1805	27.6260	27.6260	-159.77,1346.44,-159.77,1374.07	-175.86,1346.44,-143.68,1374.07
1239226065574471383	General Basic Offer Container Variant cardback_premiumOrAvatarOrResource_titleOrResource	7	text	General Basic Offer Container Variant cardback_premiumOrAvatarOrResource_titleOrResource/background/Dynamic Content/Cardback Drawer/Content/Ephemeral Drawer/Price Display/text	-	-		0.0000	56.2901	27.6260	27.6260	-159.77,1346.44,-159.77,1374.07	-187.91,1346.44,-131.62,1374.07
1239226065574471383	General Basic Offer Container Variant cardback_premiumOrAvatarOrResource_titleOrResource	7	text	General Basic Offer Container Variant cardback_premiumOrAvatarOrResource_titleOrResource/background/Dynamic Content/Icon Avatar Drawer Variant/Content/Converted Drawer/Price Display/text	-	-		0.0000	108.9700	93.5475	93.5475	234.61,1284.45,234.61,1378.00	180.12,1284.45,289.09,1378.00
1239226065574471383	General Basic Offer Container Variant cardback_premiumOrAvatarOrResource_titleOrResource	7	text	General Basic Offer Container Variant cardback_premiumOrAvatarOrResource_titleOrResource/background/Dynamic Content/Icon Avatar Drawer Variant/Content/Ephemeral Drawer/Price Display/text	-	-		0.0000	190.6100	93.5475	93.5475	234.61,1284.45,234.61,1378.00	139.30,1284.45,329.91,1378.00
1239226065574471383	General Basic Offer Container Variant cardback_premiumOrAvatarOrResource_titleOrResource	5	Label	General Basic Offer Container Variant cardback_premiumOrAvatarOrResource_titleOrResource/background/Dynamic Content/Title Drawer Horizontal Variant/Content/Label	ok	unk	OK→UNK	925.2000	925.2000	37.0000	37.0000	-504.10,1074.30,421.10,1111.30	-504.10,1074.30,421.10,1111.30
1239226065574471383	General Basic Offer Container Variant cardback_premiumOrAvatarOrResource_titleOrResource	7	text	General Basic Offer Container Variant cardback_premiumOrAvatarOrResource_titleOrResource/background/Dynamic Content/Title Drawer Horizontal Variant/Content/Converted Drawer/Price Display/text	-	-		0.0000	22.3966	19.2268	19.2268	-428.63,1101.68,-428.63,1120.91	-439.83,1101.68,-417.44,1120.91
1239226065574471383	General Basic Offer Container Variant cardback_premiumOrAvatarOrResource_titleOrResource	7	text	General Basic Offer Container Variant cardback_premiumOrAvatarOrResource_titleOrResource/background/Dynamic Content/Title Drawer Horizontal Variant/Content/Ephemeral Drawer/Price Display/text	-	-		0.0000	39.1760	19.2268	19.2268	-428.63,1101.68,-428.63,1120.91	-448.22,1101.68,-409.05,1120.91
1239226065574471383	General Basic Offer Container Variant cardback_premiumOrAvatarOrResource_titleOrResource	7	text	General Basic Offer Container Variant cardback_premiumOrAvatarOrResource_titleOrResource/background/Dynamic Content/Icon Currency Drawer Variant/Content/Converted Drawer/Price Display/text	-	-		0.0000	108.9700	93.5475	93.5475	226.46,1287.72,226.46,1381.27	171.97,1287.72,280.94,1381.27
1239226065574471383	General Basic Offer Container Variant cardback_premiumOrAvatarOrResource_titleOrResource	7	text	General Basic Offer Container Variant cardback_premiumOrAvatarOrResource_titleOrResource/background/Dynamic Content/Icon Currency Drawer Variant/Content/Ephemeral Drawer/Price Display/text	-	-		0.0000	190.6100	93.5475	93.5475	226.46,1287.72,226.46,1381.27	131.15,1287.72,321.76,1381.27
1239226065574471383	General Basic Offer Container Variant cardback_premiumOrAvatarOrResource_titleOrResource	7	text	General Basic Offer Container Variant cardback_premiumOrAvatarOrResource_titleOrResource/background/Dynamic Content/Icon Currency Drawer Variant 2/Content/Converted Drawer/Price Display/text	-	-		0.0000	108.9700	93.5475	93.5475	221.79,1135.92,221.79,1229.47	167.30,1135.92,276.27,1229.47
1239226065574471383	General Basic Offer Container Variant cardback_premiumOrAvatarOrResource_titleOrResource	7	text	General Basic Offer Container Variant cardback_premiumOrAvatarOrResource_titleOrResource/background/Dynamic Content/Icon Currency Drawer Variant 2/Content/Ephemeral Drawer/Price Display/text	-	-		0.0000	190.6100	93.5475	93.5475	221.79,1135.92,221.79,1229.47	126.48,1135.92,317.09,1229.47
1239226065574471383	General Basic Offer Container Variant cardback_premiumOrAvatarOrResource_titleOrResource	7	text	General Basic Offer Container Variant cardback_premiumOrAvatarOrResource_titleOrResource/background/Dynamic Content/Icon Premium Campaign Drawer Variant/Content/Converted Drawer/Price Display/text	-	-		0.0000	5.3668	4.6072	4.6072	-2762.83,3443.37,-2762.83,3447.98	-2765.52,3443.37,-2760.15,3447.98
1239226065574471383	General Basic Offer Container Variant cardback_premiumOrAvatarOrResource_titleOrResource	7	text	General Basic Offer Container Variant cardback_premiumOrAvatarOrResource_titleOrResource/background/Dynamic Content/Icon Premium Campaign Drawer Variant/Content/Ephemeral Drawer/Price Display/text	-	-		0.0000	9.3876	4.6072	4.6072	-2762.83,3443.37,-2762.83,3447.98	-2767.53,3443.37,-2758.14,3447.98
1757979619816277462	General Basic Offer Popup Variant Deck_cardback_avatar	6	text	General Basic Offer Popup Variant Deck_cardback_avatar/window/Deck Drawer/Content/Converted Drawer/Price Display/text	-	-		0.0000	108.9700	93.5475	93.5475	825.63,740.34,825.63,833.89	771.15,740.34,880.12,833.89
1757979619816277462	General Basic Offer Popup Variant Deck_cardback_avatar	6	text	General Basic Offer Popup Variant Deck_cardback_avatar/window/Deck Drawer/Content/Ephemeral Drawer/Price Display/text	-	-		0.0000	190.6100	93.5475	93.5475	825.63,740.34,825.63,833.89	730.33,740.34,920.94,833.89
1757979619816277462	General Basic Offer Popup Variant Deck_cardback_avatar	4	Label	General Basic Offer Popup Variant Deck_cardback_avatar/window/Cardback Drawer/Content/Label	ok	unk	OK→UNK	640.8000	640.8000	108.0000	108.0000	477.20,851.10,1118.00,959.10	477.20,851.10,1118.00,959.10
1757979619816277462	General Basic Offer Popup Variant Deck_cardback_avatar	6	text	General Basic Offer Popup Variant Deck_cardback_avatar/window/Cardback Drawer/Content/Converted Drawer/Price Display/text	-	-		0.0000	40.4246	34.7034	34.7034	613.41,900.52,613.41,935.23	593.20,900.52,633.62,935.23
1757979619816277462	General Basic Offer Popup Variant Deck_cardback_avatar	6	text	General Basic Offer Popup Variant Deck_cardback_avatar/window/Cardback Drawer/Content/Ephemeral Drawer/Price Display/text	-	-		0.0000	70.7106	34.7034	34.7034	613.41,900.52,613.41,935.23	578.06,900.52,648.77,935.23
1757979619816277462	General Basic Offer Popup Variant Deck_cardback_avatar	6	text	General Basic Offer Popup Variant Deck_cardback_avatar/window/Icon Avatar Drawer Variant/Content/Converted Drawer/Price Display/text	-	-		0.0000	108.9700	93.5475	93.5475	767.31,849.92,767.31,943.47	712.82,849.92,821.79,943.47
1757979619816277462	General Basic Offer Popup Variant Deck_cardback_avatar	6	text	General Basic Offer Popup Variant Deck_cardback_avatar/window/Icon Avatar Drawer Variant/Content/Ephemeral Drawer/Price Display/text	-	-		0.0000	190.6100	93.5475	93.5475	767.31,849.92,767.31,943.47	672.00,849.92,862.61,943.47
1757979619816277462	General Basic Offer Popup Variant Deck_cardback_avatar	3	Timer	General Basic Offer Popup Variant Deck_cardback_avatar/window/Text/Timer	ok	unk	OK→UNK	197.6700	197.6700	26.7550	26.7550	1089.57,749.58,1287.24,776.34	1089.57,749.58,1287.24,776.34
1757979619816277462	General Basic Offer Popup Variant Deck_cardback_avatar	7	text	General Basic Offer Popup Variant Deck_cardback_avatar/window/Text/Purchase buttons/Price Display/Generic UI Button/Price Display/text	-	-		0.0000	124.5000	44.9601	44.9601	1083.16,693.27,1083.16,738.23	1020.91,693.27,1145.41,738.23
1757979619816277462	General Basic Offer Popup Variant Deck_cardback_avatar	5	Button Text	General Basic Offer Popup Variant Deck_cardback_avatar/window/Text/Purchase buttons/WebShop Button/Button Text	-	-		0.0000	132.0000	51.8850	51.8850	1339.54,689.26,1339.54,741.14	1273.54,689.26,1405.54,741.14
1891358437299704270	Give Feedback Popup menu	6	Header	Give Feedback Popup menu/Window/Scroll Rect/Questions container/Section 1/S1Q1/Header	ok	unk	OK→UNK	1675.0000	1675.0000	80.0000	80.0000	121.38,219.62,1796.38,299.62	121.38,219.62,1796.38,299.62
1891358437299704270	Give Feedback Popup menu	7	Checkbox	Give Feedback Popup menu/Window/Scroll Rect/Questions container/Section 1/S1Q1/Questions List/Checkbox	ok	unk	OK→UNK	1675.0000	1675.0000	75.6410	75.6410	121.38,299.62,1796.38,375.26	121.38,299.62,1796.38,375.26
1891358437299704270	Give Feedback Popup menu	7	Checkbox (1)	Give Feedback Popup menu/Window/Scroll Rect/Questions container/Section 1/S1Q1/Questions List/Checkbox (1)	ok	unk	OK→UNK	1675.0000	1675.0000	75.6410	75.6410	121.38,385.26,1796.38,460.91	121.38,385.26,1796.38,460.91
1891358437299704270	Give Feedback Popup menu	7	Checkbox (2)	Give Feedback Popup menu/Window/Scroll Rect/Questions container/Section 1/S1Q1/Questions List/Checkbox (2)	ok	unk	OK→UNK	1675.0000	1675.0000	75.6410	75.6410	121.38,470.91,1796.38,546.55	121.38,470.91,1796.38,546.55
1891358437299704270	Give Feedback Popup menu	7	Checkbox (3)	Give Feedback Popup menu/Window/Scroll Rect/Questions container/Section 1/S1Q1/Questions List/Checkbox (3)	ok	unk	OK→UNK	1675.0000	1675.0000	75.6410	75.6410	121.38,556.55,1796.38,632.19	121.38,556.55,1796.38,632.19
1891358437299704270	Give Feedback Popup menu	7	Checkbox (4)	Give Feedback Popup menu/Window/Scroll Rect/Questions container/Section 1/S1Q1/Questions List/Checkbox (4)	ok	unk	OK→UNK	1675.0000	1675.0000	75.6410	75.6410	121.38,642.19,1796.38,717.83	121.38,642.19,1796.38,717.83
1891358437299704270	Give Feedback Popup menu	5	S2Q1 Header	Give Feedback Popup menu/Window/Scroll Rect/Questions container/Section 2/S2Q1 Header	ok	unk	OK→UNK	1675.0000	1675.0000	70.0000	70.0000	121.38,770.22,1796.38,840.22	121.38,770.22,1796.38,840.22
1891358437299704270	Give Feedback Popup menu	6	Header	Give Feedback Popup menu/Window/Scroll Rect/Questions container/Section 2/S2Q3/Header	ok	unk	OK→UNK	1675.0000	1675.0000	80.0000	80.0000	121.38,1100.83,1796.38,1180.83	121.38,1100.83,1796.38,1180.83
1891358437299704270	Give Feedback Popup menu	7	Checkbox	Give Feedback Popup menu/Window/Scroll Rect/Questions container/Section 2/S2Q3/Questions List/Checkbox	ok	unk	OK→UNK	1675.0000	1675.0000	75.6410	75.6410	121.38,1180.83,1796.38,1256.47	121.38,1180.83,1796.38,1256.47
1891358437299704270	Give Feedback Popup menu	7	Checkbox (1)	Give Feedback Popup menu/Window/Scroll Rect/Questions container/Section 2/S2Q3/Questions List/Checkbox (1)	ok	unk	OK→UNK	1675.0000	1675.0000	75.6410	75.6410	121.38,1266.47,1796.38,1342.11	121.38,1266.47,1796.38,1342.11
1891358437299704270	Give Feedback Popup menu	7	Checkbox (2)	Give Feedback Popup menu/Window/Scroll Rect/Questions container/Section 2/S2Q3/Questions List/Checkbox (2)	ok	unk	OK→UNK	1675.0000	1675.0000	75.6410	75.6410	121.38,1352.11,1796.38,1427.75	121.38,1352.11,1796.38,1427.75
1891358437299704270	Give Feedback Popup menu	7	Checkbox (3)	Give Feedback Popup menu/Window/Scroll Rect/Questions container/Section 2/S2Q3/Questions List/Checkbox (3)	ok	unk	OK→UNK	1675.0000	1675.0000	75.6410	75.6410	121.38,1437.75,1796.38,1513.39	121.38,1437.75,1796.38,1513.39
1891358437299704270	Give Feedback Popup menu	7	Checkbox (4)	Give Feedback Popup menu/Window/Scroll Rect/Questions container/Section 2/S2Q3/Questions List/Checkbox (4)	ok	unk	OK→UNK	1675.0000	1675.0000	75.6410	75.6410	121.38,1523.39,1796.38,1599.03	121.38,1523.39,1796.38,1599.03
1891358437299704270	Give Feedback Popup menu	7	Checkbox (5)	Give Feedback Popup menu/Window/Scroll Rect/Questions container/Section 2/S2Q3/Questions List/Checkbox (5)	ok	unk	OK→UNK	1675.0000	1675.0000	75.6410	75.6410	121.38,1609.03,1796.38,1684.67	121.38,1609.03,1796.38,1684.67
1891358437299704270	Give Feedback Popup menu	7	Checkbox (6)	Give Feedback Popup menu/Window/Scroll Rect/Questions container/Section 2/S2Q3/Questions List/Checkbox (6)	ok	unk	OK→UNK	1675.0000	1675.0000	75.6410	75.6410	121.38,1694.67,1796.38,1770.31	121.38,1694.67,1796.38,1770.31
1891358437299704270	Give Feedback Popup menu	7	Checkbox (7)	Give Feedback Popup menu/Window/Scroll Rect/Questions container/Section 2/S2Q3/Questions List/Checkbox (7)	ok	unk	OK→UNK	1675.0000	1675.0000	75.6410	75.6410	121.38,1780.31,1796.38,1855.95	121.38,1780.31,1796.38,1855.95
1891358437299704270	Give Feedback Popup menu	7	Checkbox (8)	Give Feedback Popup menu/Window/Scroll Rect/Questions container/Section 2/S2Q3/Questions List/Checkbox (8)	ok	unk	OK→UNK	1675.0000	1675.0000	75.6410	75.6410	121.38,1865.95,1796.38,1941.60	121.38,1865.95,1796.38,1941.60
1891358437299704270	Give Feedback Popup menu	7	Checkbox (9)	Give Feedback Popup menu/Window/Scroll Rect/Questions container/Section 2/S2Q3/Questions List/Checkbox (9)	ok	unk	OK→UNK	1675.0000	1675.0000	75.6410	75.6410	121.38,1951.60,1796.38,2027.24	121.38,1951.60,1796.38,2027.24
1891358437299704270	Give Feedback Popup menu	7	Checkbox (10)	Give Feedback Popup menu/Window/Scroll Rect/Questions container/Section 2/S2Q3/Questions List/Checkbox (10)	ok	unk	OK→UNK	1675.0000	1675.0000	75.6410	75.6410	121.38,2037.24,1796.38,2112.88	121.38,2037.24,1796.38,2112.88
1891358437299704270	Give Feedback Popup menu	6	Header	Give Feedback Popup menu/Window/Scroll Rect/Questions container/Section 2/S2Q4/Header	ok	unk	OK→UNK	1675.0000	1675.0000	80.0000	80.0000	121.38,2157.63,1796.38,2237.63	121.38,2157.63,1796.38,2237.63
1891358437299704270	Give Feedback Popup menu	5	S3 Header	Give Feedback Popup menu/Window/Scroll Rect/Questions container/Section 3/S3 Header	ok	unk	OK→UNK	1675.0000	1675.0000	70.0000	70.0000	121.38,2500.79,1796.38,2570.79	121.38,2500.79,1796.38,2570.79
1891358437299704270	Give Feedback Popup menu	5	S3Q1	Give Feedback Popup menu/Window/Scroll Rect/Questions container/Section 3/S3Q1	ok	unk	OK→UNK	1675.0000	1675.0000	62.2800	62.2800	121.38,2580.79,1796.38,2643.07	121.38,2580.79,1796.38,2643.07
1891358437299704270	Give Feedback Popup menu	5	S3Q2	Give Feedback Popup menu/Window/Scroll Rect/Questions container/Section 3/S3Q2	ok	unk	OK→UNK	1675.0000	1675.0000	62.2800	62.2800	121.38,2653.07,1796.38,2715.35	121.38,2653.07,1796.38,2715.35
1891358437299704270	Give Feedback Popup menu	5	S3Q3	Give Feedback Popup menu/Window/Scroll Rect/Questions container/Section 3/S3Q3	ok	unk	OK→UNK	1675.0000	1675.0000	62.2800	62.2800	121.38,2725.35,1796.38,2787.63	121.38,2725.35,1796.38,2787.63
1891358437299704270	Give Feedback Popup menu	5	S3Q4	Give Feedback Popup menu/Window/Scroll Rect/Questions container/Section 3/S3Q4	ok	unk	OK→UNK	1675.0000	1675.0000	62.2800	62.2800	121.38,2797.63,1796.38,2859.91	121.38,2797.63,1796.38,2859.91
1891358437299704270	Give Feedback Popup menu	5	S3Q5	Give Feedback Popup menu/Window/Scroll Rect/Questions container/Section 3/S3Q5	ok	unk	OK→UNK	1675.0000	1675.0000	62.2800	62.2800	121.38,2869.91,1796.38,2932.19	121.38,2869.91,1796.38,2932.19
1891358437299704270	Give Feedback Popup menu	5	S3Q6	Give Feedback Popup menu/Window/Scroll Rect/Questions container/Section 3/S3Q6	ok	unk	OK→UNK	1675.0000	1675.0000	62.2800	62.2800	121.38,2942.19,1796.38,3004.47	121.38,2942.19,1796.38,3004.47
1891358437299704270	Give Feedback Popup menu	5	S3Q7	Give Feedback Popup menu/Window/Scroll Rect/Questions container/Section 3/S3Q7	ok	unk	OK→UNK	1675.0000	1675.0000	62.2800	62.2800	121.38,3014.47,1796.38,3076.75	121.38,3014.47,1796.38,3076.75
1891358437299704270	Give Feedback Popup menu	5	S3Q8	Give Feedback Popup menu/Window/Scroll Rect/Questions container/Section 3/S3Q8	ok	unk	OK→UNK	1675.0000	1675.0000	62.2800	62.2800	121.38,3086.75,1796.38,3149.03	121.38,3086.75,1796.38,3149.03
1891358437299704270	Give Feedback Popup menu	5	S3Q9	Give Feedback Popup menu/Window/Scroll Rect/Questions container/Section 3/S3Q9	ok	unk	OK→UNK	1675.0000	1675.0000	62.2800	62.2800	121.38,3159.03,1796.38,3221.31	121.38,3159.03,1796.38,3221.31
1891358437299704270	Give Feedback Popup menu	6	Header	Give Feedback Popup menu/Window/Scroll Rect/Questions container/Section 3/S3Q10/Header	ok	unk	OK→UNK	1675.0000	1675.0000	80.0000	80.0000	121.38,3231.31,1796.38,3311.31	121.38,3231.31,1796.38,3311.31
1891358437299704270	Give Feedback Popup menu	7	Checkbox	Give Feedback Popup menu/Window/Scroll Rect/Questions container/Section 3/S3Q10/Questions List/Checkbox	ok	unk	OK→UNK	1675.0000	1675.0000	75.6410	75.6410	121.38,3311.31,1796.38,3386.95	121.38,3311.31,1796.38,3386.95
1891358437299704270	Give Feedback Popup menu	7	Checkbox (1)	Give Feedback Popup menu/Window/Scroll Rect/Questions container/Section 3/S3Q10/Questions List/Checkbox (1)	ok	unk	OK→UNK	1675.0000	1675.0000	75.6410	75.6410	121.38,3396.95,1796.38,3472.59	121.38,3396.95,1796.38,3472.59
1891358437299704270	Give Feedback Popup menu	7	Checkbox (2)	Give Feedback Popup menu/Window/Scroll Rect/Questions container/Section 3/S3Q10/Questions List/Checkbox (2)	ok	unk	OK→UNK	1675.0000	1675.0000	75.6410	75.6410	121.38,3482.59,1796.38,3558.23	121.38,3482.59,1796.38,3558.23
1891358437299704270	Give Feedback Popup menu	7	Checkbox (3)	Give Feedback Popup menu/Window/Scroll Rect/Questions container/Section 3/S3Q10/Questions List/Checkbox (3)	ok	unk	OK→UNK	1675.0000	1675.0000	75.6410	75.6410	121.38,3568.23,1796.38,3643.87	121.38,3568.23,1796.38,3643.87
1891358437299704270	Give Feedback Popup menu	6	Header	Give Feedback Popup menu/Window/Scroll Rect/Questions container/Section 4/S4Q1/Header	ok	unk	OK→UNK	1675.0000	1675.0000	80.0000	80.0000	121.38,3716.11,1796.38,3796.11	121.38,3716.11,1796.38,3796.11
1891358437299704270	Give Feedback Popup menu	7	Checkbox	Give Feedback Popup menu/Window/Scroll Rect/Questions container/Section 4/S4Q1/Questions List/Checkbox	ok	unk	OK→UNK	1675.0000	1675.0000	75.6410	75.6410	121.38,3796.11,1796.38,3871.75	121.38,3796.11,1796.38,3871.75
1891358437299704270	Give Feedback Popup menu	7	Checkbox (1)	Give Feedback Popup menu/Window/Scroll Rect/Questions container/Section 4/S4Q1/Questions List/Checkbox (1)	ok	unk	OK→UNK	1675.0000	1675.0000	75.6410	75.6410	121.38,3881.75,1796.38,3957.39	121.38,3881.75,1796.38,3957.39
1891358437299704270	Give Feedback Popup menu	6	Header	Give Feedback Popup menu/Window/Scroll Rect/Questions container/Section 4/S4Q2/Header	ok	unk	OK→UNK	1675.0000	1675.0000	80.0000	80.0000	121.38,3994.25,1796.38,4074.25	121.38,3994.25,1796.38,4074.25
1891358437299704270	Give Feedback Popup menu	7	Checkbox	Give Feedback Popup menu/Window/Scroll Rect/Questions container/Section 4/S4Q2/Questions List/Checkbox	ok	unk	OK→UNK	1675.0000	1675.0000	75.6410	75.6410	121.38,4074.25,1796.38,4149.89	121.38,4074.25,1796.38,4149.89
1891358437299704270	Give Feedback Popup menu	7	Checkbox (1)	Give Feedback Popup menu/Window/Scroll Rect/Questions container/Section 4/S4Q2/Questions List/Checkbox (1)	ok	unk	OK→UNK	1675.0000	1675.0000	75.6410	75.6410	121.38,4159.89,1796.38,4235.53	121.38,4159.89,1796.38,4235.53
1891358437299704270	Give Feedback Popup menu	7	Checkbox (2)	Give Feedback Popup menu/Window/Scroll Rect/Questions container/Section 4/S4Q2/Questions List/Checkbox (2)	ok	unk	OK→UNK	1675.0000	1675.0000	75.6410	75.6410	121.38,4245.53,1796.38,4321.18	121.38,4245.53,1796.38,4321.18
1891358437299704270	Give Feedback Popup menu	7	Checkbox (3)	Give Feedback Popup menu/Window/Scroll Rect/Questions container/Section 4/S4Q2/Questions List/Checkbox (3)	ok	unk	OK→UNK	1675.0000	1675.0000	75.6410	75.6410	121.38,4331.18,1796.38,4406.82	121.38,4331.18,1796.38,4406.82
1891358437299704270	Give Feedback Popup menu	7	Checkbox (4)	Give Feedback Popup menu/Window/Scroll Rect/Questions container/Section 4/S4Q2/Questions List/Checkbox (4)	ok	unk	OK→UNK	1675.0000	1675.0000	75.6410	75.6410	121.38,4416.82,1796.38,4492.46	121.38,4416.82,1796.38,4492.46
1891358437299704270	Give Feedback Popup menu	7	Checkbox (5)	Give Feedback Popup menu/Window/Scroll Rect/Questions container/Section 4/S4Q2/Questions List/Checkbox (5)	ok	unk	OK→UNK	1675.0000	1675.0000	75.6410	75.6410	121.38,4502.46,1796.38,4578.10	121.38,4502.46,1796.38,4578.10
1891358437299704270	Give Feedback Popup menu	6	Header	Give Feedback Popup menu/Window/Scroll Rect/Questions container/Section 4/S4Q2_Extra/Header	ok	unk	OK→UNK	1675.0000	1675.0000	80.0000	80.0000	121.38,4605.50,1796.38,4685.50	121.38,4605.50,1796.38,4685.50
1891358437299704270	Give Feedback Popup menu	6	Header	Give Feedback Popup menu/Window/Scroll Rect/Questions container/Section 4/S4Q3/Header	ok	unk	OK→UNK	1675.0000	1675.0000	80.0000	80.0000	121.38,4942.66,1796.38,5022.66	121.38,4942.66,1796.38,5022.66
1891358437299704270	Give Feedback Popup menu	7	Checkbox	Give Feedback Popup menu/Window/Scroll Rect/Questions container/Section 4/S4Q3/Questions List/Checkbox	ok	unk	OK→UNK	1675.0000	1675.0000	75.6410	75.6410	121.38,5022.66,1796.38,5098.30	121.38,5022.66,1796.38,5098.30
1891358437299704270	Give Feedback Popup menu	7	Checkbox (1)	Give Feedback Popup menu/Window/Scroll Rect/Questions container/Section 4/S4Q3/Questions List/Checkbox (1)	ok	unk	OK→UNK	1675.0000	1675.0000	75.6410	75.6410	121.38,5108.30,1796.38,5183.94	121.38,5108.30,1796.38,5183.94
1891358437299704270	Give Feedback Popup menu	7	Checkbox (2)	Give Feedback Popup menu/Window/Scroll Rect/Questions container/Section 4/S4Q3/Questions List/Checkbox (2)	ok	unk	OK→UNK	1675.0000	1675.0000	75.6410	75.6410	121.38,5193.94,1796.38,5269.58	121.38,5193.94,1796.38,5269.58
1891358437299704270	Give Feedback Popup menu	7	Checkbox (3)	Give Feedback Popup menu/Window/Scroll Rect/Questions container/Section 4/S4Q3/Questions List/Checkbox (3)	ok	unk	OK→UNK	1675.0000	1675.0000	75.6410	75.6410	121.38,5279.58,1796.38,5355.22	121.38,5279.58,1796.38,5355.22
1891358437299704270	Give Feedback Popup menu	7	Checkbox (4)	Give Feedback Popup menu/Window/Scroll Rect/Questions container/Section 4/S4Q3/Questions List/Checkbox (4)	ok	unk	OK→UNK	1675.0000	1675.0000	75.6410	75.6410	121.38,5365.22,1796.38,5440.86	121.38,5365.22,1796.38,5440.86
1891358437299704270	Give Feedback Popup menu	7	Checkbox (5)	Give Feedback Popup menu/Window/Scroll Rect/Questions container/Section 4/S4Q3/Questions List/Checkbox (5)	ok	unk	OK→UNK	1675.0000	1675.0000	75.6410	75.6410	121.38,5450.86,1796.38,5526.50	121.38,5450.86,1796.38,5526.50
1891358437299704270	Give Feedback Popup menu	6	Header	Give Feedback Popup menu/Window/Scroll Rect/Questions container/Section 4/S4Q3_Extra/Header	ok	unk	OK→UNK	1675.0000	1675.0000	80.0000	80.0000	121.38,5566.71,1796.38,5646.71	121.38,5566.71,1796.38,5646.71
1891358437299704270	Give Feedback Popup menu	6	Header	Give Feedback Popup menu/Window/Scroll Rect/Questions container/Section 4/S4Q4/Header	ok	unk	OK→UNK	1675.0000	1675.0000	80.0000	80.0000	121.38,5903.87,1796.38,5983.87	121.38,5903.87,1796.38,5983.87
1891358437299704270	Give Feedback Popup menu	7	Checkbox	Give Feedback Popup menu/Window/Scroll Rect/Questions container/Section 4/S4Q4/Questions List/Checkbox	ok	unk	OK→UNK	1675.0000	1675.0000	75.6410	75.6410	121.38,5983.87,1796.38,6059.52	121.38,5983.87,1796.38,6059.52
1891358437299704270	Give Feedback Popup menu	7	Checkbox (1)	Give Feedback Popup menu/Window/Scroll Rect/Questions container/Section 4/S4Q4/Questions List/Checkbox (1)	ok	unk	OK→UNK	1675.0000	1675.0000	75.6410	75.6410	121.38,6069.52,1796.38,6145.16	121.38,6069.52,1796.38,6145.16
1891358437299704270	Give Feedback Popup menu	7	Checkbox (2)	Give Feedback Popup menu/Window/Scroll Rect/Questions container/Section 4/S4Q4/Questions List/Checkbox (2)	ok	unk	OK→UNK	1675.0000	1675.0000	75.6410	75.6410	121.38,6155.16,1796.38,6230.80	121.38,6155.16,1796.38,6230.80
1891358437299704270	Give Feedback Popup menu	7	Checkbox (3)	Give Feedback Popup menu/Window/Scroll Rect/Questions container/Section 4/S4Q4/Questions List/Checkbox (3)	ok	unk	OK→UNK	1675.0000	1675.0000	75.6410	75.6410	121.38,6240.80,1796.38,6316.44	121.38,6240.80,1796.38,6316.44
1891358437299704270	Give Feedback Popup menu	7	Checkbox (4)	Give Feedback Popup menu/Window/Scroll Rect/Questions container/Section 4/S4Q4/Questions List/Checkbox (4)	ok	unk	OK→UNK	1675.0000	1675.0000	75.6410	75.6410	121.38,6326.44,1796.38,6402.08	121.38,6326.44,1796.38,6402.08
1891358437299704270	Give Feedback Popup menu	7	Checkbox (5)	Give Feedback Popup menu/Window/Scroll Rect/Questions container/Section 4/S4Q4/Questions List/Checkbox (5)	ok	unk	OK→UNK	1675.0000	1675.0000	75.6410	75.6410	121.38,6412.08,1796.38,6487.72	121.38,6412.08,1796.38,6487.72
1891358437299704270	Give Feedback Popup menu	7	Checkbox (6)	Give Feedback Popup menu/Window/Scroll Rect/Questions container/Section 4/S4Q4/Questions List/Checkbox (6)	ok	unk	OK→UNK	1675.0000	1675.0000	75.6410	75.6410	121.38,6497.72,1796.38,6573.36	121.38,6497.72,1796.38,6573.36
2393394495608508271	Card Alternate Art Drawer	4	text	Card Alternate Art Drawer/Content/Converted Drawer/Price Display/text	-	-		0.0000	108.9700	93.5475	93.5475	1006.17,1014.23,1006.17,1107.77	951.69,1014.23,1060.66,1107.77
2393394495608508271	Card Alternate Art Drawer	4	text	Card Alternate Art Drawer/Content/Ephemeral Drawer/Price Display/text	-	-		0.0000	190.6100	93.5475	93.5475	1006.41,943.23,1006.41,1036.77	911.11,943.23,1101.72,1036.77
2439992069526822022	Campaign Reward Window	12	text	Campaign Reward Window/Content/Scroll View/Viewport/Content/Base Rewards/Rewards/Unlock Button/Icon Campaign Points Drawer Variant/Content/Converted Drawer/Price Display/text	-	-		0.0000	4.5404	3.8978	3.8978	128.80,1283.05,128.80,1286.95	126.53,1283.05,131.07,1286.95
2439992069526822022	Campaign Reward Window	12	text	Campaign Reward Window/Content/Scroll View/Viewport/Content/Base Rewards/Rewards/Unlock Button/Icon Campaign Points Drawer Variant/Content/Ephemeral Drawer/Price Display/text	-	-		0.0000	7.9421	3.8978	3.8978	128.80,1283.05,128.80,1286.95	124.83,1283.05,132.77,1286.95
2439992069526822022	Campaign Reward Window	12	text	Campaign Reward Window/Content/Scroll View/Viewport/Content/Premium Rewards/Rewards/Unlock Button/Icon Campaign Points Drawer Variant/Content/Converted Drawer/Price Display/text	-	-		0.0000	4.5404	3.8978	3.8978	318.80,1283.05,318.80,1286.95	316.53,1283.05,321.07,1286.95
2439992069526822022	Campaign Reward Window	12	text	Campaign Reward Window/Content/Scroll View/Viewport/Content/Premium Rewards/Rewards/Unlock Button/Icon Campaign Points Drawer Variant/Content/Ephemeral Drawer/Price Display/text	-	-		0.0000	7.9421	3.8978	3.8978	318.80,1283.05,318.80,1286.95	314.83,1283.05,322.77,1286.95
2557767477060588447	General Basic Offer Popup Just Foreground	3	Timer	General Basic Offer Popup Just Foreground/window/Text/Timer	ok	unk	OK→UNK	197.6700	197.6700	26.7550	26.7550	1089.57,749.58,1287.24,776.34	1089.57,749.58,1287.24,776.34
2557767477060588447	General Basic Offer Popup Just Foreground	7	text	General Basic Offer Popup Just Foreground/window/Text/Purchase buttons/Price Display/Generic UI Button/Price Display/text	-	-		0.0000	124.5000	44.9601	44.9601	1110.14,693.27,1110.14,738.23	1047.89,693.27,1172.39,738.23
2567787025713900786	Ranked Leaderboard Display	2	Timer	Ranked Leaderboard Display/Timer/Timer	-	-		0.0000	209.5500	102.9640	102.9640	1569.72,73.06,1569.72,176.03	1464.95,73.06,1674.50,176.03
2595149282406623271	PlayerRankingRow For Army	1	Name Holder	PlayerRankingRow For Army/Name Holder	ok	unk	OK→UNK	733.9500	733.9500	100.0000	100.0000	290.00,1030.00,1023.95,1130.00	290.00,1030.00,1023.95,1130.00
2633458108729585444	Deck Editing Menu	10	Text fill	Deck Editing Menu/Content Area/Sidebar/Deck Details/Deck List drawer/Scroll View/Viewport/Content/Deck Selector Defensive Card Slot/Content/Text fill	ok	unk	OK→UNK	245.8528	245.8528	47.9020	47.9020	63.64,427.57,309.49,475.47	63.64,427.57,309.49,475.47
2633458108729585444	Deck Editing Menu	11	Text fill	Deck Editing Menu/Content Area/Sidebar/Deck Details/Deck List drawer/Scroll View/Viewport/Content/Deck Selector Card Info button/Content/Background/Text fill	ok	unk	OK→UNK	245.9007	245.9007	47.9020	47.9020	63.59,485.27,309.49,533.17	63.59,485.27,309.49,533.17
2662822401296242896	Daily Mission Container	8	text	Daily Mission Container/Rewards/Reward Display Mission Vertical Variant/drawerHolder/Icon Campaign Points Drawer Variant/Content/Converted Drawer/Price Display/text	-	-		0.0000	9.1463	7.8518	7.8518	-842.01,1340.00,-842.01,1347.85	-846.59,1340.00,-837.44,1347.85
2662822401296242896	Daily Mission Container	8	text	Daily Mission Container/Rewards/Reward Display Mission Vertical Variant/drawerHolder/Icon Campaign Points Drawer Variant/Content/Ephemeral Drawer/Price Display/text	-	-		0.0000	15.9987	7.8518	7.8518	-842.01,1340.00,-842.01,1347.85	-850.01,1340.00,-834.02,1347.85
2662822401296242896	Daily Mission Container	2	GameObject (1)	Daily Mission Container/Mission Debug Buttons/GameObject (1)	ok	unk	OK→UNK	121.0600	121.0600	33.6537	33.6537	360.44,990.37,481.50,1024.03	360.44,990.37,481.50,1024.03
2679894256985406120	Ranked Season Ended Window	2	Ranking Points Title	Ranked Season Ended Window/Rank Points/Ranking Points Title	-	-		0.0000	119.3700	79.3350	79.3350	857.62,110.50,857.62,189.84	797.93,110.50,917.30,189.84
2679894256985406120	Ranked Season Ended Window	2	Ranking Points Quantity Text	Ranked Season Ended Window/Rank Points/Ranking Points Quantity Text	-	-		0.0000	104.7700	79.3350	79.3350	1069.68,110.50,1069.68,189.84	1017.30,110.50,1122.07,189.84
2698030075821513724	Raid Reward Container	4	text	Raid Reward Container/Community Progression/Community Raid Progress Bar/Points/text	-	-		0.0000	108.9951	37.2397	37.2397	-163.93,702.05,-163.93,739.29	-218.43,702.05,-109.43,739.29
2698030075821513724	Raid Reward Container	4	text	Raid Reward Container/Personal Progression/Personal Raid Progress Bar/Points/text	-	-		0.0000	108.9951	37.2397	37.2397	-165.36,1301.27,-165.36,1338.51	-219.85,1301.27,-110.86,1338.51
2698030075821513724	Raid Reward Container	4	text	Raid Reward Container/Personal Progression/Claim Button Container/Old Price Display/text	-	-		0.0000	124.5000	40.0712	40.0712	22.99,1195.36,22.99,1235.44	-39.26,1195.36,85.24,1235.44
2698030075821513724	Raid Reward Container	6	text	Raid Reward Container/Personal Progression/Claim Button Container/Collect Button/Generic UI Button/Button Price Display/text	-	-		0.0000	124.5000	41.6141	41.6141	23.05,1264.81,23.05,1306.42	-39.20,1264.81,85.30,1306.42
2795773948791472825	Icon Random Card Drawer Variant	4	text	Icon Random Card Drawer Variant/Content/Converted Drawer/Price Display/text	-	-		0.0000	108.9700	93.5475	93.5475	1006.41,943.23,1006.41,1036.77	951.93,943.23,1060.90,1036.77
2795773948791472825	Icon Random Card Drawer Variant	4	text	Icon Random Card Drawer Variant/Content/Ephemeral Drawer/Price Display/text	-	-		0.0000	190.6100	93.5475	93.5475	1006.41,943.23,1006.41,1036.77	911.11,943.23,1101.72,1036.77
2814194656236313102	Ranked Game Mode Container 1x2	2	Global Rating	Ranked Game Mode Container 1x2/Rating/Global Rating	ok	unk	OK→UNK	494.6118	494.6118	109.5245	109.5245	-247.31,1288.47,247.31,1398.00	-247.31,1288.47,247.31,1398.00
2977319349381770496	General Basic Offer Container Variant Premium_Booster_avatar_cardback_title	7	text	General Basic Offer Container Variant Premium_Booster_avatar_cardback_title/background/Dynamic Content/Icon Container Drawer Variant/Content/Converted Drawer/Price Display/text	-	-		0.0000	108.9700	93.5475	93.5475	236.85,1199.47,236.85,1293.02	182.36,1199.47,291.33,1293.02
2977319349381770496	General Basic Offer Container Variant Premium_Booster_avatar_cardback_title	5	Label	General Basic Offer Container Variant Premium_Booster_avatar_cardback_title/background/Dynamic Content/Cardback Drawer/Content/Label	ok	unk	OK→UNK	640.8000	640.8000	108.0000	108.0000	-390.10,1330.00,250.70,1438.00	-390.10,1330.00,250.70,1438.00
2977319349381770496	General Basic Offer Container Variant Premium_Booster_avatar_cardback_title	7	text	General Basic Offer Container Variant Premium_Booster_avatar_cardback_title/background/Dynamic Content/Cardback Drawer/Content/Converted Drawer/Price Display/text	-	-		0.0000	27.1906	23.3424	23.3424	-298.48,1363.24,-298.48,1386.59	-312.08,1363.24,-284.89,1386.59
2977319349381770496	General Basic Offer Container Variant Premium_Booster_avatar_cardback_title	7	text	General Basic Offer Container Variant Premium_Booster_avatar_cardback_title/background/Dynamic Content/Cardback Drawer/Content/Ephemeral Drawer/Price Display/text	-	-		0.0000	47.5618	23.3424	23.3424	-298.48,1363.24,-298.48,1386.59	-322.26,1363.24,-274.70,1386.59
2977319349381770496	General Basic Offer Container Variant Premium_Booster_avatar_cardback_title	5	Label	General Basic Offer Container Variant Premium_Booster_avatar_cardback_title/background/Dynamic Content/Title Drawer Horizontal Variant/Content/Label	ok	unk	OK→UNK	925.2000	925.2000	37.0000	37.0000	-518.26,1338.50,406.94,1375.50	-518.26,1338.50,406.94,1375.50
2977319349381770496	General Basic Offer Container Variant Premium_Booster_avatar_cardback_title	7	text	General Basic Offer Container Variant Premium_Booster_avatar_cardback_title/background/Dynamic Content/Title Drawer Horizontal Variant/Content/Converted Drawer/Price Display/text	-	-		0.0000	22.3966	19.2268	19.2268	-442.80,1365.88,-442.80,1385.11	-454.00,1365.88,-431.60,1385.11
2977319349381770496	General Basic Offer Container Variant Premium_Booster_avatar_cardback_title	7	text	General Basic Offer Container Variant Premium_Booster_avatar_cardback_title/background/Dynamic Content/Title Drawer Horizontal Variant/Content/Ephemeral Drawer/Price Display/text	-	-		0.0000	39.1760	19.2268	19.2268	-442.80,1365.88,-442.80,1385.11	-462.39,1365.88,-423.21,1385.11
2977319349381770496	General Basic Offer Container Variant Premium_Booster_avatar_cardback_title	7	text	General Basic Offer Container Variant Premium_Booster_avatar_cardback_title/background/Dynamic Content/Icon Avatar Drawer Variant/Content/Converted Drawer/Price Display/text	-	-		0.0000	108.9700	93.5475	93.5475	421.25,1408.80,421.25,1502.35	366.77,1408.80,475.74,1502.35
2977319349381770496	General Basic Offer Container Variant Premium_Booster_avatar_cardback_title	7	text	General Basic Offer Container Variant Premium_Booster_avatar_cardback_title/background/Dynamic Content/Icon Avatar Drawer Variant/Content/Ephemeral Drawer/Price Display/text	-	-		0.0000	190.6100	93.5475	93.5475	421.25,1408.80,421.25,1502.35	325.95,1408.80,516.56,1502.35
2977319349381770496	General Basic Offer Container Variant Premium_Booster_avatar_cardback_title	7	text	General Basic Offer Container Variant Premium_Booster_avatar_cardback_title/background/Dynamic Content/Icon Premium Campaign Drawer Variant/Content/Converted Drawer/Price Display/text	-	-		0.0000	5.3668	4.6072	4.6072	-2847.60,3633.17,-2847.60,3637.78	-2850.28,3633.17,-2844.92,3637.78
2977319349381770496	General Basic Offer Container Variant Premium_Booster_avatar_cardback_title	7	text	General Basic Offer Container Variant Premium_Booster_avatar_cardback_title/background/Dynamic Content/Icon Premium Campaign Drawer Variant/Content/Ephemeral Drawer/Price Display/text	-	-		0.0000	9.3876	4.6072	4.6072	-2847.60,3633.17,-2847.60,3637.78	-2852.29,3633.17,-2842.91,3637.78
3049761815625002667	Deck Selector Card Info button	3	Text fill	Deck Selector Card Info button/Content/Background/Text fill	ok	unk	OK→UNK	246.7127	246.7127	47.9020	47.9020	375.09,523.63,621.80,571.54	375.09,523.63,621.80,571.54
3081501085759721026	General Basic Offer Container Booster_CardOrAltArt_Cardback_Avatar_Title	5	Label	General Basic Offer Container Booster_CardOrAltArt_Cardback_Avatar_Title/background/Dynamic Content/Cardback Drawer/Content/Label	ok	unk	OK→UNK	640.8000	640.8000	108.0000	108.0000	-250.40,1150.00,390.40,1258.00	-250.40,1150.00,390.40,1258.00
3081501085759721026	General Basic Offer Container Booster_CardOrAltArt_Cardback_Avatar_Title	7	text	General Basic Offer Container Booster_CardOrAltArt_Cardback_Avatar_Title/background/Dynamic Content/Cardback Drawer/Content/Converted Drawer/Price Display/text	-	-		0.0000	34.0581	29.2379	29.2379	-135.64,1191.64,-135.64,1220.88	-152.67,1191.64,-118.61,1220.88
3081501085759721026	General Basic Offer Container Booster_CardOrAltArt_Cardback_Avatar_Title	7	text	General Basic Offer Container Booster_CardOrAltArt_Cardback_Avatar_Title/background/Dynamic Content/Cardback Drawer/Content/Ephemeral Drawer/Price Display/text	-	-		0.0000	59.5743	29.2379	29.2379	-135.64,1191.64,-135.64,1220.88	-165.43,1191.64,-105.85,1220.88
3081501085759721026	General Basic Offer Container Booster_CardOrAltArt_Cardback_Avatar_Title	7	text	General Basic Offer Container Booster_CardOrAltArt_Cardback_Avatar_Title/background/Dynamic Content/Icon Container Drawer Variant/Content/Converted Drawer/Price Display/text	-	-		0.0000	108.9700	93.5475	93.5475	313.93,1344.96,313.93,1438.51	259.45,1344.96,368.42,1438.51
3081501085759721026	General Basic Offer Container Booster_CardOrAltArt_Cardback_Avatar_Title	7	text	General Basic Offer Container Booster_CardOrAltArt_Cardback_Avatar_Title/background/Dynamic Content/Icon Avatar Drawer Variant/Content/Converted Drawer/Price Display/text	-	-		0.0000	108.9700	93.5475	93.5475	186.77,943.89,186.77,1037.44	132.29,943.89,241.26,1037.44
3081501085759721026	General Basic Offer Container Booster_CardOrAltArt_Cardback_Avatar_Title	7	text	General Basic Offer Container Booster_CardOrAltArt_Cardback_Avatar_Title/background/Dynamic Content/Icon Avatar Drawer Variant/Content/Ephemeral Drawer/Price Display/text	-	-		0.0000	190.6100	93.5475	93.5475	186.77,943.89,186.77,1037.44	91.47,943.89,282.08,1037.44
3081501085759721026	General Basic Offer Container Booster_CardOrAltArt_Cardback_Avatar_Title	7	text	General Basic Offer Container Booster_CardOrAltArt_Cardback_Avatar_Title/background/Dynamic Content/Card Alternate Art Drawer/Content/Converted Drawer/Price Display/text	-	-		0.0000	108.9700	93.5475	93.5475	-21.83,1167.26,-21.83,1260.81	-76.31,1167.26,32.66,1260.81
3081501085759721026	General Basic Offer Container Booster_CardOrAltArt_Cardback_Avatar_Title	7	text	General Basic Offer Container Booster_CardOrAltArt_Cardback_Avatar_Title/background/Dynamic Content/Card Alternate Art Drawer/Content/Ephemeral Drawer/Price Display/text	-	-		0.0000	190.6100	93.5475	93.5475	189.86,1274.24,189.86,1367.79	94.55,1274.24,285.16,1367.79
3081501085759721026	General Basic Offer Container Booster_CardOrAltArt_Cardback_Avatar_Title	7	text	General Basic Offer Container Booster_CardOrAltArt_Cardback_Avatar_Title/background/Dynamic Content/Card Drawer/Content/Converted Drawer/Price Display/text	-	-		0.0000	108.9700	93.5475	93.5475	179.47,1253.10,179.47,1346.65	124.98,1253.10,233.95,1346.65
3081501085759721026	General Basic Offer Container Booster_CardOrAltArt_Cardback_Avatar_Title	7	text	General Basic Offer Container Booster_CardOrAltArt_Cardback_Avatar_Title/background/Dynamic Content/Card Drawer/Content/Ephemeral Drawer/Price Display/text	-	-		0.0000	190.6100	93.5475	93.5475	179.47,1253.10,179.47,1346.65	84.16,1253.10,274.77,1346.65
3081501085759721026	General Basic Offer Container Booster_CardOrAltArt_Cardback_Avatar_Title	5	Label	General Basic Offer Container Booster_CardOrAltArt_Cardback_Avatar_Title/background/Dynamic Content/Title Drawer Horizontal Variant (1)/Content/Label	ok	unk	OK→UNK	925.2000	925.2000	37.0000	37.0000	-544.60,1360.50,380.60,1397.50	-544.60,1360.50,380.60,1397.50
3081501085759721026	General Basic Offer Container Booster_CardOrAltArt_Cardback_Avatar_Title	7	text	General Basic Offer Container Booster_CardOrAltArt_Cardback_Avatar_Title/background/Dynamic Content/Title Drawer Horizontal Variant (1)/Content/Converted Drawer/Price Display/text	-	-		0.0000	25.9975	22.3181	22.3181	-457.00,1392.28,-457.00,1414.60	-470.00,1392.28,-444.00,1414.60
3081501085759721026	General Basic Offer Container Booster_CardOrAltArt_Cardback_Avatar_Title	7	text	General Basic Offer Container Booster_CardOrAltArt_Cardback_Avatar_Title/background/Dynamic Content/Title Drawer Horizontal Variant (1)/Content/Ephemeral Drawer/Price Display/text	-	-		0.0000	45.4748	22.3181	22.3181	-457.00,1392.28,-457.00,1414.60	-479.74,1392.28,-434.26,1414.60
3081501085759721026	General Basic Offer Container Booster_CardOrAltArt_Cardback_Avatar_Title	6	text	General Basic Offer Container Booster_CardOrAltArt_Cardback_Avatar_Title/background/name-bg/Price Display Button/Generic UI Button/Price Display/text	-	-		0.0000	124.5000	49.1918	49.1918	-24.16,1482.33,-24.16,1531.52	-86.41,1482.33,38.09,1531.52
3217024225106505222	Two Sides Event Window	4	Window Title	Two Sides Event Window/Event On Going Tab/Game Mode Header With Back Button/Header Background/Window Title	-	-		0.0000	369.3600	82.6520	82.6520	155.00,57.22,155.00,139.87	155.00,57.22,524.36,139.87
3247364092570266402	Card in deck container	5	Text fill	Card in deck container/Content/Deck Selector Card Info button_ref/Content/Background/Text fill	ok	unk	OK→UNK	-5.0000	-5.0000	0.0000	0.0000	980.89,862.60,975.89,862.60	980.89,862.60,975.89,862.60
3563109928533698132	Daily Login Bonus Container	3	Rewards	Daily Login Bonus Container/background/footer/Rewards	ok	unk	OK→UNK	325.0000	325.0000	77.6430	77.6430	-164.02,1142.91,160.98,1220.55	-164.02,1142.91,160.98,1220.55
3563109928533698132	Daily Login Bonus Container	4	Reward Display Mission	Daily Login Bonus Container/background/footer/Rewards/Reward Display Mission	ok	unk	OK→UNK	148.0000	162.5000	77.6430	77.6430	-164.02,1142.91,-16.02,1220.55	-164.02,1142.91,-1.52,1220.55
3563109928533698132	Daily Login Bonus Container	5	drawerHolder	Daily Login Bonus Container/background/footer/Rewards/Reward Display Mission/drawerHolder	-	-		55.0000	55.0000	77.6430	77.6430	-76.02,1142.91,-21.02,1220.55	-61.52,1142.91,-6.52,1220.55
3563109928533698132	Daily Login Bonus Container	6	Currency	Daily Login Bonus Container/background/footer/Rewards/Reward Display Mission/drawerHolder/Currency	-	-		58.7924	58.7924	58.7924	58.7924	-75.56,1152.34,-16.77,1211.13	-61.06,1152.34,-2.27,1211.13
3563109928533698132	Daily Login Bonus Container	7	Content	Daily Login Bonus Container/background/footer/Rewards/Reward Display Mission/drawerHolder/Currency/Content	-	-		58.7924	58.7924	58.7924	58.7924	-75.56,1152.34,-16.77,1211.13	-61.06,1152.34,-2.27,1211.13
3563109928533698132	Daily Login Bonus Container	8	Image	Daily Login Bonus Container/background/footer/Rewards/Reward Display Mission/drawerHolder/Currency/Content/Image	-	-		51.6112	51.6112	51.6112	51.6112	-71.97,1155.93,-20.36,1207.54	-57.47,1155.93,-5.86,1207.54
3563109928533698132	Daily Login Bonus Container	5	count	Daily Login Bonus Container/background/footer/Rewards/Reward Display Mission/count	-	-		0.0000	0.0000	77.6430	77.6430	-16.02,1142.91,-16.02,1220.55	-1.52,1142.91,-1.52,1220.55
3563109928533698132	Daily Login Bonus Container	4	Reward Display Mission	Daily Login Bonus Container/background/footer/Rewards/Reward Display Mission	ok	unk	OK→UNK	177.0000	162.5000	77.6430	77.6430	-16.02,1142.91,160.98,1220.55	-1.52,1142.91,160.98,1220.55
3563109928533698132	Daily Login Bonus Container	5	drawerHolder	Daily Login Bonus Container/background/footer/Rewards/Reward Display Mission/drawerHolder	-	-		55.0000	55.0000	77.6430	77.6430	-6.02,1142.91,48.98,1220.55	8.48,1142.91,63.48,1220.55
3563109928533698132	Daily Login Bonus Container	6	Campaign Points 	Daily Login Bonus Container/background/footer/Rewards/Reward Display Mission/drawerHolder/Campaign Points 	-	-		51.2444	51.2444	77.6430	77.6430	-4.14,1142.91,47.10,1220.55	10.36,1142.91,61.60,1220.55
3563109928533698132	Daily Login Bonus Container	7	Content	Daily Login Bonus Container/background/footer/Rewards/Reward Display Mission/drawerHolder/Campaign Points /Content	-	-		51.2444	51.2444	77.6430	77.6430	-4.14,1142.91,47.10,1220.55	10.36,1142.91,61.60,1220.55
3563109928533698132	Daily Login Bonus Container	8	Campaign Glow	Daily Login Bonus Container/background/footer/Rewards/Reward Display Mission/drawerHolder/Campaign Points /Content/Campaign Glow	-	-		51.2444	51.2444	77.6430	77.6430	-4.14,1142.91,47.10,1220.55	10.36,1142.91,61.60,1220.55
3563109928533698132	Daily Login Bonus Container	8	Image	Daily Login Bonus Container/background/footer/Rewards/Reward Display Mission/drawerHolder/Campaign Points /Content/Image	-	-		51.2444	51.2444	77.6430	77.6430	-4.14,1142.91,47.10,1220.55	10.36,1142.91,61.60,1220.55
3563109928533698132	Daily Login Bonus Container	5	count	Daily Login Bonus Container/background/footer/Rewards/Reward Display Mission/count	-	-		0.0000	0.0000	77.6430	77.6430	52.98,1142.91,52.98,1220.55	67.48,1142.91,67.48,1220.55
3563109928533698132	Daily Login Bonus Container	3	GameObject (1)	Daily Login Bonus Container/background/debug_buttons/GameObject (1)	ok	unk	OK→UNK	131.6268	131.6268	40.1137	40.1137	30.87,1005.20,162.50,1045.32	30.87,1005.20,162.50,1045.32
3658446023305605198	Icon Premium Campaign Drawer Variant	4	text	Icon Premium Campaign Drawer Variant/Content/Converted Drawer/Price Display/text	-	-		0.0000	108.9700	93.5475	93.5475	1006.41,943.23,1006.41,1036.77	951.93,943.23,1060.90,1036.77
3658446023305605198	Icon Premium Campaign Drawer Variant	4	text	Icon Premium Campaign Drawer Variant/Content/Ephemeral Drawer/Price Display/text	-	-		0.0000	190.6100	93.5475	93.5475	1006.41,943.23,1006.41,1036.77	911.11,943.23,1101.72,1036.77
3688698112917563772	AllianceRankingRow Skulls Variant	1	Name Holder	AllianceRankingRow Skulls Variant/Name Holder	ok	unk	OK→UNK	733.9500	733.9500	100.0000	100.0000	290.00,1030.00,1023.95,1130.00	290.00,1030.00,1023.95,1130.00
3738119768301547765	General Basic Offer Popup Variant Single Item Type	3	Timer	General Basic Offer Popup Variant Single Item Type/window/Text/Timer	ok	unk	OK→UNK	197.6700	197.6700	26.7550	26.7550	1089.57,749.58,1287.24,776.34	1089.57,749.58,1287.24,776.34
3738119768301547765	General Basic Offer Popup Variant Single Item Type	6	text	General Basic Offer Popup Variant Single Item Type/window/Icon Container Drawer Variant/Content/Converted Drawer/Price Display/text	-	-		0.0000	108.9700	93.5475	93.5475	797.87,785.41,797.87,878.95	743.39,785.41,852.36,878.95
3738119768301547765	General Basic Offer Popup Variant Single Item Type	4	Label	General Basic Offer Popup Variant Single Item Type/window/Title Drawer Horizontal Variant/Content/Label	ok	unk	OK→UNK	925.2000	925.2000	37.0000	37.0000	85.50,740.30,1010.70,777.30	85.50,740.30,1010.70,777.30
3738119768301547765	General Basic Offer Popup Variant Single Item Type	6	text	General Basic Offer Popup Variant Single Item Type/window/Title Drawer Horizontal Variant/Content/Converted Drawer/Price Display/text	-	-		0.0000	32.6936	28.0665	28.0665	195.66,780.27,195.66,808.34	179.31,780.27,212.01,808.34
3738119768301547765	General Basic Offer Popup Variant Single Item Type	6	text	General Basic Offer Popup Variant Single Item Type/window/Title Drawer Horizontal Variant/Content/Ephemeral Drawer/Price Display/text	-	-		0.0000	57.1875	28.0665	28.0665	195.66,780.27,195.66,808.34	167.07,780.27,224.25,808.34
3738119768301547765	General Basic Offer Popup Variant Single Item Type	4	Label	General Basic Offer Popup Variant Single Item Type/window/Title Drawer Horizontal Variant (1)/Content/Label	ok	unk	OK→UNK	925.2000	925.2000	37.0000	37.0000	85.50,495.30,1010.70,532.30	85.50,495.30,1010.70,532.30
3738119768301547765	General Basic Offer Popup Variant Single Item Type	6	text	General Basic Offer Popup Variant Single Item Type/window/Title Drawer Horizontal Variant (1)/Content/Converted Drawer/Price Display/text	-	-		0.0000	32.6936	28.0665	28.0665	195.66,535.27,195.66,563.34	179.31,535.27,212.01,563.34
3738119768301547765	General Basic Offer Popup Variant Single Item Type	6	text	General Basic Offer Popup Variant Single Item Type/window/Title Drawer Horizontal Variant (1)/Content/Ephemeral Drawer/Price Display/text	-	-		0.0000	57.1875	28.0665	28.0665	195.66,535.27,195.66,563.34	167.07,535.27,224.25,563.34
3738119768301547765	General Basic Offer Popup Variant Single Item Type	6	text	General Basic Offer Popup Variant Single Item Type/window/Icon Avatar Drawer Variant/Content/Converted Drawer/Price Display/text	-	-		0.0000	108.9700	93.5475	93.5475	796.41,783.92,796.41,877.47	741.92,783.92,850.89,877.47
3738119768301547765	General Basic Offer Popup Variant Single Item Type	6	text	General Basic Offer Popup Variant Single Item Type/window/Icon Avatar Drawer Variant/Content/Ephemeral Drawer/Price Display/text	-	-		0.0000	190.6100	93.5475	93.5475	796.41,783.92,796.41,877.47	701.10,783.92,891.71,877.47
3738119768301547765	General Basic Offer Popup Variant Single Item Type	6	text	General Basic Offer Popup Variant Single Item Type/window/Icon Avatar Drawer Variant (1)/Content/Converted Drawer/Price Display/text	-	-		0.0000	108.9700	93.5475	93.5475	1074.23,821.81,1074.23,915.35	1019.74,821.81,1128.71,915.35
3738119768301547765	General Basic Offer Popup Variant Single Item Type	6	text	General Basic Offer Popup Variant Single Item Type/window/Icon Avatar Drawer Variant (1)/Content/Ephemeral Drawer/Price Display/text	-	-		0.0000	190.6100	93.5475	93.5475	1074.23,821.81,1074.23,915.35	978.92,821.81,1169.53,915.35
3738119768301547765	General Basic Offer Popup Variant Single Item Type	6	text	General Basic Offer Popup Variant Single Item Type/window/Icon Currency Drawer Variant/Content/Converted Drawer/Price Display/text	-	-		0.0000	108.9700	93.5475	93.5475	788.29,811.16,788.29,904.71	733.80,811.16,842.77,904.71
3738119768301547765	General Basic Offer Popup Variant Single Item Type	6	text	General Basic Offer Popup Variant Single Item Type/window/Icon Currency Drawer Variant/Content/Ephemeral Drawer/Price Display/text	-	-		0.0000	190.6100	93.5475	93.5475	788.29,811.16,788.29,904.71	692.99,811.16,883.60,904.71
3738119768301547765	General Basic Offer Popup Variant Single Item Type	6	text	General Basic Offer Popup Variant Single Item Type/window/Icon Currency Drawer Variant (1)/Content/Converted Drawer/Price Display/text	-	-		0.0000	108.9700	93.5475	93.5475	1079.88,830.33,1079.88,923.88	1025.39,830.33,1134.37,923.88
3738119768301547765	General Basic Offer Popup Variant Single Item Type	6	text	General Basic Offer Popup Variant Single Item Type/window/Icon Currency Drawer Variant (1)/Content/Ephemeral Drawer/Price Display/text	-	-		0.0000	190.6100	93.5475	93.5475	1079.88,830.33,1079.88,923.88	984.58,830.33,1175.18,923.88
3738119768301547765	General Basic Offer Popup Variant Single Item Type	6	text	General Basic Offer Popup Variant Single Item Type/window/Icon Currency Drawer Variant (2)/Content/Converted Drawer/Price Display/text	-	-		0.0000	108.9700	93.5475	93.5475	789.48,613.03,789.48,706.58	735.00,613.03,843.97,706.58
3738119768301547765	General Basic Offer Popup Variant Single Item Type	6	text	General Basic Offer Popup Variant Single Item Type/window/Icon Currency Drawer Variant (2)/Content/Ephemeral Drawer/Price Display/text	-	-		0.0000	190.6100	93.5475	93.5475	789.48,613.03,789.48,706.58	694.17,613.03,884.78,706.58
3738119768301547765	General Basic Offer Popup Variant Single Item Type	4	Label	General Basic Offer Popup Variant Single Item Type/window/Cardback Drawer/Content/Label	ok	unk	OK→UNK	640.8000	640.8000	108.0000	108.0000	194.10,794.60,834.90,902.60	194.10,794.60,834.90,902.60
3738119768301547765	General Basic Offer Popup Variant Single Item Type	6	text	General Basic Offer Popup Variant Single Item Type/window/Cardback Drawer/Content/Converted Drawer/Price Display/text	-	-		0.0000	43.6846	37.5019	37.5019	341.29,848.01,341.29,885.51	319.45,848.01,363.14,885.51
3738119768301547765	General Basic Offer Popup Variant Single Item Type	6	text	General Basic Offer Popup Variant Single Item Type/window/Cardback Drawer/Content/Ephemeral Drawer/Price Display/text	-	-		0.0000	76.4129	37.5019	37.5019	341.29,848.01,341.29,885.51	303.09,848.01,379.50,885.51
3738119768301547765	General Basic Offer Popup Variant Single Item Type	6	text	General Basic Offer Popup Variant Single Item Type/window/Icon Premium Campaign Drawer Variant/Content/Converted Drawer/Price Display/text	-	-		0.0000	435.8800	374.1902	374.1902	2061.44,1119.94,2061.44,1494.13	1843.50,1119.94,2279.38,1494.13
3738119768301547765	General Basic Offer Popup Variant Single Item Type	6	text	General Basic Offer Popup Variant Single Item Type/window/Icon Premium Campaign Drawer Variant/Content/Ephemeral Drawer/Price Display/text	-	-		0.0000	762.4400	374.1902	374.1902	2061.44,1119.94,2061.44,1494.13	1680.22,1119.94,2442.66,1494.13
3739876766092782147	Avatar Border Drawer	2	Label	Avatar Border Drawer/Content/Label	ok	unk	OK→UNK	640.8000	640.8000	108.0000	108.0000	639.60,810.00,1280.40,918.00	639.60,810.00,1280.40,918.00
3739876766092782147	Avatar Border Drawer	4	text	Avatar Border Drawer/Content/Ephemeral Drawer/Price Display/text	-	-		0.0000	190.6100	93.5475	93.5475	1006.77,943.23,1006.77,1036.77	911.47,943.23,1102.08,1036.77
3828449952678386583	Booster Offer Container	6	text	Booster Offer Container/background/name-bg/Price Display Button/Generic UI Button/Price Display/text	-	-		0.0000	92.2200	42.5532	42.5532	-20.94,1221.93,-20.94,1264.49	-67.05,1221.93,25.17,1264.49
3936266632123375790	Card Shop Tab	2	TimeCounter	Card Shop Tab/daily shop header/TimeCounter	ok	unk	OK→UNK	311.3983	311.3983	80.0000	80.0000	200.30,-0.00,511.70,80.00	200.30,-0.00,511.70,80.00
3936266632123375790	Card Shop Tab	10	text	Card Shop Tab/Packs Scroll View/Viewport/Content/Catalog Item Shop Container/background/price-bg/Price Display Button/Generic UI Button/Price Display/text	-	-		0.0000	92.2200	0.1959	0.1959	247.89,1080.62,247.89,1080.82	201.78,1080.62,294.00,1080.82
3936266632123375790	Card Shop Tab	11	text	Card Shop Tab/Packs Scroll View/Viewport/Content/Catalog Item Shop Container/background/DrawerHolder/Card Drawer/Content/Converted Drawer/Price Display/text	-	-		0.0000	108.9700	93.5475	93.5475	529.32,1222.74,529.32,1316.29	474.84,1222.74,583.81,1316.29
3936266632123375790	Card Shop Tab	11	text	Card Shop Tab/Packs Scroll View/Viewport/Content/Catalog Item Shop Container/background/DrawerHolder/Card Drawer/Content/Ephemeral Drawer/Price Display/text	-	-		0.0000	190.6100	93.5475	93.5475	529.32,1222.74,529.32,1316.29	434.02,1222.74,624.63,1316.29
4012886780711531580	General Basic Offer Popup Booster_CardOrAltArt_AvatarORTitle	3	Timer	General Basic Offer Popup Booster_CardOrAltArt_AvatarORTitle/window/Text/Timer	ok	unk	OK→UNK	197.6700	197.6700	26.7550	26.7550	1089.57,749.58,1287.24,776.34	1089.57,749.58,1287.24,776.34
4012886780711531580	General Basic Offer Popup Booster_CardOrAltArt_AvatarORTitle	7	text	General Basic Offer Popup Booster_CardOrAltArt_AvatarORTitle/window/Text/Purchase buttons/Price Display/Generic UI Button/Price Display/text	-	-		0.0000	124.5000	44.9601	44.9601	1110.14,693.27,1110.14,738.23	1047.89,693.27,1172.39,738.23
4012886780711531580	General Basic Offer Popup Booster_CardOrAltArt_AvatarORTitle	4	Label	General Basic Offer Popup Booster_CardOrAltArt_AvatarORTitle/window/Cardback Drawer/Content/Label	ok	unk	OK→UNK	640.8000	640.8000	108.0000	108.0000	482.20,676.10,1123.00,784.10	482.20,676.10,1123.00,784.10
4012886780711531580	General Basic Offer Popup Booster_CardOrAltArt_AvatarORTitle	6	text	General Basic Offer Popup Booster_CardOrAltArt_AvatarORTitle/window/Cardback Drawer/Content/Converted Drawer/Price Display/text	-	-		0.0000	35.9389	30.8525	30.8525	603.30,720.04,603.30,750.89	585.33,720.04,621.27,750.89
4012886780711531580	General Basic Offer Popup Booster_CardOrAltArt_AvatarORTitle	6	text	General Basic Offer Popup Booster_CardOrAltArt_AvatarORTitle/window/Cardback Drawer/Content/Ephemeral Drawer/Price Display/text	-	-		0.0000	62.8642	30.8525	30.8525	603.30,720.04,603.30,750.89	571.86,720.04,634.73,750.89
4012886780711531580	General Basic Offer Popup Booster_CardOrAltArt_AvatarORTitle	6	text	General Basic Offer Popup Booster_CardOrAltArt_AvatarORTitle/window/Icon Container Drawer Variant/Content/Converted Drawer/Price Display/text	-	-		0.0000	108.9700	93.5475	93.5475	967.27,648.60,967.27,742.15	912.79,648.60,1021.76,742.15
4012886780711531580	General Basic Offer Popup Booster_CardOrAltArt_AvatarORTitle	6	text	General Basic Offer Popup Booster_CardOrAltArt_AvatarORTitle/window/Card Drawer/Content/Converted Drawer/Price Display/text	-	-		0.0000	108.9700	93.5475	93.5475	786.70,775.64,786.70,869.18	732.21,775.64,841.18,869.18
4012886780711531580	General Basic Offer Popup Booster_CardOrAltArt_AvatarORTitle	6	text	General Basic Offer Popup Booster_CardOrAltArt_AvatarORTitle/window/Card Drawer/Content/Ephemeral Drawer/Price Display/text	-	-		0.0000	190.6100	93.5475	93.5475	786.70,775.64,786.70,869.18	691.39,775.64,882.00,869.18
4012886780711531580	General Basic Offer Popup Booster_CardOrAltArt_AvatarORTitle	6	text	General Basic Offer Popup Booster_CardOrAltArt_AvatarORTitle/window/Card Alternate Art Drawer/Content/Ephemeral Drawer/Price Display/text	-	-		0.0000	190.6100	93.5475	93.5475	782.71,759.60,782.71,853.15	687.41,759.60,878.02,853.15
4012886780711531580	General Basic Offer Popup Booster_CardOrAltArt_AvatarORTitle	4	Label	General Basic Offer Popup Booster_CardOrAltArt_AvatarORTitle/window/Title Drawer Horizontal Variant/Content/Label	ok	unk	OK→UNK	925.2000	925.2000	37.0000	37.0000	366.00,798.60,1291.20,835.60	366.00,798.60,1291.20,835.60
4012886780711531580	General Basic Offer Popup Booster_CardOrAltArt_AvatarORTitle	6	text	General Basic Offer Popup Booster_CardOrAltArt_AvatarORTitle/window/Title Drawer Horizontal Variant/Content/Converted Drawer/Price Display/text	-	-		0.0000	32.6936	28.0665	28.0665	476.16,838.57,476.16,866.64	459.81,838.57,492.51,866.64
4012886780711531580	General Basic Offer Popup Booster_CardOrAltArt_AvatarORTitle	6	text	General Basic Offer Popup Booster_CardOrAltArt_AvatarORTitle/window/Title Drawer Horizontal Variant/Content/Ephemeral Drawer/Price Display/text	-	-		0.0000	57.1875	28.0665	28.0665	476.16,838.57,476.16,866.64	447.57,838.57,504.75,866.64
4012886780711531580	General Basic Offer Popup Booster_CardOrAltArt_AvatarORTitle	6	text	General Basic Offer Popup Booster_CardOrAltArt_AvatarORTitle/window/Icon Avatar Drawer Variant/Content/Converted Drawer/Price Display/text	-	-		0.0000	108.9700	93.5475	93.5475	1100.31,875.92,1100.31,969.47	1045.82,875.92,1154.79,969.47
4012886780711531580	General Basic Offer Popup Booster_CardOrAltArt_AvatarORTitle	6	text	General Basic Offer Popup Booster_CardOrAltArt_AvatarORTitle/window/Icon Avatar Drawer Variant/Content/Ephemeral Drawer/Price Display/text	-	-		0.0000	190.6100	93.5475	93.5475	1100.31,875.92,1100.31,969.47	1005.00,875.92,1195.61,969.47
4123356544880070379	General Basic Offer Popup Variant cardback_premiumOrAvatarOrResource_titleOrResource	4	Label	General Basic Offer Popup Variant cardback_premiumOrAvatarOrResource_titleOrResource/window/Cardback Drawer/Content/Label	ok	unk	OK→UNK	640.8000	640.8000	108.0000	108.0000	444.20,796.10,1085.00,904.10	444.20,796.10,1085.00,904.10
4123356544880070379	General Basic Offer Popup Variant cardback_premiumOrAvatarOrResource_titleOrResource	6	text	General Basic Offer Popup Variant cardback_premiumOrAvatarOrResource_titleOrResource/window/Cardback Drawer/Content/Converted Drawer/Price Display/text	-	-		0.0000	49.1910	42.2290	42.2290	609.95,856.24,609.95,898.47	585.35,856.24,634.54,898.47
4123356544880070379	General Basic Offer Popup Variant cardback_premiumOrAvatarOrResource_titleOrResource	6	text	General Basic Offer Popup Variant cardback_premiumOrAvatarOrResource_titleOrResource/window/Cardback Drawer/Content/Ephemeral Drawer/Price Display/text	-	-		0.0000	86.0448	42.2290	42.2290	609.95,856.24,609.95,898.47	566.93,856.24,652.97,898.47
4123356544880070379	General Basic Offer Popup Variant cardback_premiumOrAvatarOrResource_titleOrResource	4	Label	General Basic Offer Popup Variant cardback_premiumOrAvatarOrResource_titleOrResource/window/Title Drawer Horizontal Variant/Content/Label	ok	unk	OK→UNK	925.2000	925.2000	37.0000	37.0000	106.00,518.60,1031.20,555.60	106.00,518.60,1031.20,555.60
4123356544880070379	General Basic Offer Popup Variant cardback_premiumOrAvatarOrResource_titleOrResource	6	text	General Basic Offer Popup Variant cardback_premiumOrAvatarOrResource_titleOrResource/window/Title Drawer Horizontal Variant/Content/Converted Drawer/Price Display/text	-	-		0.0000	32.6936	28.0665	28.0665	216.16,558.57,216.16,586.64	199.81,558.57,232.51,586.64
4123356544880070379	General Basic Offer Popup Variant cardback_premiumOrAvatarOrResource_titleOrResource	6	text	General Basic Offer Popup Variant cardback_premiumOrAvatarOrResource_titleOrResource/window/Title Drawer Horizontal Variant/Content/Ephemeral Drawer/Price Display/text	-	-		0.0000	57.1875	28.0665	28.0665	216.16,558.57,216.16,586.64	187.57,558.57,244.75,586.64
4123356544880070379	General Basic Offer Popup Variant cardback_premiumOrAvatarOrResource_titleOrResource	6	text	General Basic Offer Popup Variant cardback_premiumOrAvatarOrResource_titleOrResource/window/Icon Avatar Drawer Variant/Content/Converted Drawer/Price Display/text	-	-		0.0000	108.9700	93.5475	93.5475	809.81,800.82,809.81,894.37	755.32,800.82,864.29,894.37
4123356544880070379	General Basic Offer Popup Variant cardback_premiumOrAvatarOrResource_titleOrResource	6	text	General Basic Offer Popup Variant cardback_premiumOrAvatarOrResource_titleOrResource/window/Icon Avatar Drawer Variant/Content/Ephemeral Drawer/Price Display/text	-	-		0.0000	190.6100	93.5475	93.5475	809.81,800.82,809.81,894.37	714.50,800.82,905.11,894.37
4123356544880070379	General Basic Offer Popup Variant cardback_premiumOrAvatarOrResource_titleOrResource	6	text	General Basic Offer Popup Variant cardback_premiumOrAvatarOrResource_titleOrResource/window/Icon Currency Drawer Variant/Content/Converted Drawer/Price Display/text	-	-		0.0000	108.9700	93.5475	93.5475	829.11,818.36,829.11,911.91	774.63,818.36,883.60,911.91
4123356544880070379	General Basic Offer Popup Variant cardback_premiumOrAvatarOrResource_titleOrResource	6	text	General Basic Offer Popup Variant cardback_premiumOrAvatarOrResource_titleOrResource/window/Icon Currency Drawer Variant/Content/Ephemeral Drawer/Price Display/text	-	-		0.0000	190.6100	93.5475	93.5475	829.11,818.36,829.11,911.91	733.81,818.36,924.42,911.91
4123356544880070379	General Basic Offer Popup Variant cardback_premiumOrAvatarOrResource_titleOrResource	6	text	General Basic Offer Popup Variant cardback_premiumOrAvatarOrResource_titleOrResource/window/Icon Currency Drawer Variant (1)/Content/Converted Drawer/Price Display/text	-	-		0.0000	108.9700	93.5475	93.5475	824.09,587.93,824.09,681.48	769.60,587.93,878.57,681.48
4123356544880070379	General Basic Offer Popup Variant cardback_premiumOrAvatarOrResource_titleOrResource	6	text	General Basic Offer Popup Variant cardback_premiumOrAvatarOrResource_titleOrResource/window/Icon Currency Drawer Variant (1)/Content/Ephemeral Drawer/Price Display/text	-	-		0.0000	190.6100	93.5475	93.5475	824.09,587.93,824.09,681.48	728.78,587.93,919.39,681.48
4123356544880070379	General Basic Offer Popup Variant cardback_premiumOrAvatarOrResource_titleOrResource	3	Timer	General Basic Offer Popup Variant cardback_premiumOrAvatarOrResource_titleOrResource/window/Text/Timer	ok	unk	OK→UNK	197.6700	197.6700	26.7550	26.7550	1089.57,749.58,1287.24,776.34	1089.57,749.58,1287.24,776.34
4123356544880070379	General Basic Offer Popup Variant cardback_premiumOrAvatarOrResource_titleOrResource	7	text	General Basic Offer Popup Variant cardback_premiumOrAvatarOrResource_titleOrResource/window/Text/Purchase buttons/Price Display/Generic UI Button/Price Display/text	-	-		0.0000	124.5000	44.9601	44.9601	1083.16,693.27,1083.16,738.23	1020.91,693.27,1145.41,738.23
4123356544880070379	General Basic Offer Popup Variant cardback_premiumOrAvatarOrResource_titleOrResource	5	Button Text	General Basic Offer Popup Variant cardback_premiumOrAvatarOrResource_titleOrResource/window/Text/Purchase buttons/WebShop Button/Button Text	-	-		0.0000	132.0000	51.8850	51.8850	1339.54,689.26,1339.54,741.14	1273.54,689.26,1405.54,741.14
4123356544880070379	General Basic Offer Popup Variant cardback_premiumOrAvatarOrResource_titleOrResource	6	text	General Basic Offer Popup Variant cardback_premiumOrAvatarOrResource_titleOrResource/window/Icon Premium Campaign Drawer Variant/Content/Converted Drawer/Price Display/text	-	-		0.0000	108.9700	93.5475	93.5475	726.77,999.15,726.77,1092.70	672.29,999.15,781.26,1092.70
4123356544880070379	General Basic Offer Popup Variant cardback_premiumOrAvatarOrResource_titleOrResource	6	text	General Basic Offer Popup Variant cardback_premiumOrAvatarOrResource_titleOrResource/window/Icon Premium Campaign Drawer Variant/Content/Ephemeral Drawer/Price Display/text	-	-		0.0000	190.6100	93.5475	93.5475	726.77,999.15,726.77,1092.70	631.47,999.15,822.08,1092.70
4394594019830033454	Daily Shop Tab	2	TimeCounter	Daily Shop Tab/daily shop header/TimeCounter	ok	unk	OK→UNK	311.3983	311.3983	80.0000	80.0000	200.30,-0.00,511.70,80.00	200.30,-0.00,511.70,80.00
4394594019830033454	Daily Shop Tab	10	text	Daily Shop Tab/Packs Scroll View/Viewport/Content/Catalog Item Shop Container/background/price-bg/Price Display Button/Generic UI Button/Price Display/text	-	-		0.0000	92.2200	0.1959	0.1959	247.89,1080.62,247.89,1080.82	201.78,1080.62,294.00,1080.82
4394594019830033454	Daily Shop Tab	11	text	Daily Shop Tab/Packs Scroll View/Viewport/Content/Catalog Item Shop Container/background/DrawerHolder/Card Drawer/Content/Converted Drawer/Price Display/text	-	-		0.0000	108.9700	93.5475	93.5475	529.32,1222.74,529.32,1316.29	474.84,1222.74,583.81,1316.29
4394594019830033454	Daily Shop Tab	11	text	Daily Shop Tab/Packs Scroll View/Viewport/Content/Catalog Item Shop Container/background/DrawerHolder/Card Drawer/Content/Ephemeral Drawer/Price Display/text	-	-		0.0000	190.6100	93.5475	93.5475	529.32,1222.74,529.32,1316.29	434.02,1222.74,624.63,1316.29
4492963972871030794	Item Shop Tab	2	TimeCounter	Item Shop Tab/daily shop header/TimeCounter	ok	unk	OK→UNK	311.3983	311.3983	80.0000	80.0000	200.30,-0.00,511.70,80.00	200.30,-0.00,511.70,80.00
4492963972871030794	Item Shop Tab	10	text	Item Shop Tab/Packs Scroll View/Viewport/Content/Catalog Item Shop Container/background/price-bg/Price Display Button/Generic UI Button/Price Display/text	-	-		0.0000	92.2200	0.1959	0.1959	247.89,1080.62,247.89,1080.82	201.78,1080.62,294.00,1080.82
4492963972871030794	Item Shop Tab	11	text	Item Shop Tab/Packs Scroll View/Viewport/Content/Catalog Item Shop Container/background/DrawerHolder/Card Drawer/Content/Converted Drawer/Price Display/text	-	-		0.0000	108.9700	93.5475	93.5475	529.32,1222.74,529.32,1316.29	474.84,1222.74,583.81,1316.29
4492963972871030794	Item Shop Tab	11	text	Item Shop Tab/Packs Scroll View/Viewport/Content/Catalog Item Shop Container/background/DrawerHolder/Card Drawer/Content/Ephemeral Drawer/Price Display/text	-	-		0.0000	190.6100	93.5475	93.5475	529.32,1222.74,529.32,1316.29	434.02,1222.74,624.63,1316.29
4587749789875575042	Daily Skulls Mission Container Small	3	Rewards	Daily Skulls Mission Container Small/background/footer/Rewards	ok	unk	OK→UNK	109.2500	109.2500	47.4330	47.4330	800.15,602.91,909.40,650.34	800.15,602.91,909.40,650.34
4587749789875575042	Daily Skulls Mission Container Small	4	Reward Display Mission	Daily Skulls Mission Container Small/background/footer/Rewards/Reward Display Mission	ok	unk	OK→UNK	109.2500	109.2500	47.4330	47.4330	800.15,602.91,909.40,650.34	800.15,602.91,909.40,650.34
4587749789875575042	Daily Skulls Mission Container Small	10	text	Daily Skulls Mission Container Small/background/footer/Rewards/Reward Display Mission/drawerHolder/Icon Campaign Points Drawer Variant/Content/Converted Drawer/Price Display/text	-	-		0.0000	4.7859	4.1086	4.1086	381.91,902.48,381.91,906.59	379.51,902.48,384.30,906.59
4587749789875575042	Daily Skulls Mission Container Small	10	text	Daily Skulls Mission Container Small/background/footer/Rewards/Reward Display Mission/drawerHolder/Icon Campaign Points Drawer Variant/Content/Ephemeral Drawer/Price Display/text	-	-		0.0000	8.3715	4.1086	4.1086	381.91,902.48,381.91,906.59	377.72,902.48,386.09,906.59
4587749789875575042	Daily Skulls Mission Container Small	3	TimerHolder	Daily Skulls Mission Container Small/background/footer/TimerHolder	ok	unk	OK→UNK	157.9000	157.9000	59.9260	59.9260	963.08,460.56,1120.98,520.49	963.08,460.56,1120.98,520.49
4587749789875575042	Daily Skulls Mission Container Small	3	GameObject (1)	Daily Skulls Mission Container Small/background/debug_buttons/GameObject (1)	ok	unk	OK→UNK	18.1308	18.1308	25.3580	25.3580	1109.87,691.88,1128.00,717.24	1109.87,691.88,1128.00,717.24
4637759950426307018	Cardback Drawer	2	Label	Cardback Drawer/Content/Label	ok	unk	OK→UNK	640.8000	640.8000	108.0000	108.0000	639.60,810.00,1280.40,918.00	639.60,810.00,1280.40,918.00
4637759950426307018	Cardback Drawer	4	text	Cardback Drawer/Content/Converted Drawer/Price Display/text	-	-		0.0000	108.9700	93.5475	93.5475	1006.77,943.23,1006.77,1036.77	952.29,943.23,1061.26,1036.77
4637759950426307018	Cardback Drawer	4	text	Cardback Drawer/Content/Ephemeral Drawer/Price Display/text	-	-		0.0000	190.6100	93.5475	93.5475	1006.77,943.23,1006.77,1036.77	911.47,943.23,1102.08,1036.77
4906128087989257485	Mission Debug Buttons	1	GameObject (1)	Mission Debug Buttons/GameObject (1)	ok	unk	OK→UNK	150.4680	150.4680	40.1137	40.1137	785.50,493.17,935.97,533.29	785.50,493.17,935.97,533.29
4964121667986312931	General Basic Offer Container Booster_CardOrAltArt__AvatarORTitle	5	Label	General Basic Offer Container Booster_CardOrAltArt__AvatarORTitle/background/Dynamic Content/Cardback Drawer/Content/Label	ok	unk	OK→UNK	640.8000	640.8000	108.0000	108.0000	-250.40,1150.00,390.40,1258.00	-250.40,1150.00,390.40,1258.00
4964121667986312931	General Basic Offer Container Booster_CardOrAltArt__AvatarORTitle	7	text	General Basic Offer Container Booster_CardOrAltArt__AvatarORTitle/background/Dynamic Content/Cardback Drawer/Content/Converted Drawer/Price Display/text	-	-		0.0000	34.0581	29.2379	29.2379	-135.64,1191.64,-135.64,1220.88	-152.67,1191.64,-118.61,1220.88
4964121667986312931	General Basic Offer Container Booster_CardOrAltArt__AvatarORTitle	7	text	General Basic Offer Container Booster_CardOrAltArt__AvatarORTitle/background/Dynamic Content/Cardback Drawer/Content/Ephemeral Drawer/Price Display/text	-	-		0.0000	59.5743	29.2379	29.2379	-135.64,1191.64,-135.64,1220.88	-165.43,1191.64,-105.85,1220.88
4964121667986312931	General Basic Offer Container Booster_CardOrAltArt__AvatarORTitle	7	text	General Basic Offer Container Booster_CardOrAltArt__AvatarORTitle/background/Dynamic Content/Icon Container Drawer Variant/Content/Converted Drawer/Price Display/text	-	-		0.0000	108.9700	93.5475	93.5475	252.45,1097.76,252.45,1191.31	197.97,1097.76,306.94,1191.31
4964121667986312931	General Basic Offer Container Booster_CardOrAltArt__AvatarORTitle	7	text	General Basic Offer Container Booster_CardOrAltArt__AvatarORTitle/background/Dynamic Content/Card Alternate Art Drawer/Content/Converted Drawer/Price Display/text	-	-		0.0000	90.5300	93.5475	93.5475	-21.83,1167.26,-21.83,1260.81	-67.09,1167.26,23.44,1260.81
4964121667986312931	General Basic Offer Container Booster_CardOrAltArt__AvatarORTitle	7	text	General Basic Offer Container Booster_CardOrAltArt__AvatarORTitle/background/Dynamic Content/Card Alternate Art Drawer/Content/Ephemeral Drawer/Price Display/text	-	-		0.0000	190.6100	93.5475	93.5475	189.86,1274.24,189.86,1367.79	94.55,1274.24,285.16,1367.79
4964121667986312931	General Basic Offer Container Booster_CardOrAltArt__AvatarORTitle	7	text	General Basic Offer Container Booster_CardOrAltArt__AvatarORTitle/background/Dynamic Content/Card Drawer/Content/Converted Drawer/Price Display/text	-	-		0.0000	108.9700	93.5475	93.5475	179.47,1253.10,179.47,1346.65	124.98,1253.10,233.95,1346.65
4964121667986312931	General Basic Offer Container Booster_CardOrAltArt__AvatarORTitle	7	text	General Basic Offer Container Booster_CardOrAltArt__AvatarORTitle/background/Dynamic Content/Card Drawer/Content/Ephemeral Drawer/Price Display/text	-	-		0.0000	190.6100	93.5475	93.5475	179.47,1253.10,179.47,1346.65	84.16,1253.10,274.77,1346.65
4964121667986312931	General Basic Offer Container Booster_CardOrAltArt__AvatarORTitle	5	Label	General Basic Offer Container Booster_CardOrAltArt__AvatarORTitle/background/Dynamic Content/Title Drawer Horizontal Variant (1)/Content/Label	ok	unk	OK→UNK	925.2000	925.2000	37.0000	37.0000	-544.60,1360.50,380.60,1397.50	-544.60,1360.50,380.60,1397.50
4964121667986312931	General Basic Offer Container Booster_CardOrAltArt__AvatarORTitle	7	text	General Basic Offer Container Booster_CardOrAltArt__AvatarORTitle/background/Dynamic Content/Title Drawer Horizontal Variant (1)/Content/Converted Drawer/Price Display/text	-	-		0.0000	25.9975	22.3181	22.3181	-457.00,1392.28,-457.00,1414.60	-470.00,1392.28,-444.00,1414.60
4964121667986312931	General Basic Offer Container Booster_CardOrAltArt__AvatarORTitle	7	text	General Basic Offer Container Booster_CardOrAltArt__AvatarORTitle/background/Dynamic Content/Title Drawer Horizontal Variant (1)/Content/Ephemeral Drawer/Price Display/text	-	-		0.0000	45.4748	22.3181	22.3181	-457.00,1392.28,-457.00,1414.60	-479.74,1392.28,-434.26,1414.60
4964121667986312931	General Basic Offer Container Booster_CardOrAltArt__AvatarORTitle	7	text	General Basic Offer Container Booster_CardOrAltArt__AvatarORTitle/background/Dynamic Content/Icon Avatar Drawer Variant/Content/Converted Drawer/Price Display/text	-	-		0.0000	108.9700	93.5475	93.5475	405.07,1409.06,405.07,1502.61	350.58,1409.06,459.55,1502.61
4964121667986312931	General Basic Offer Container Booster_CardOrAltArt__AvatarORTitle	7	text	General Basic Offer Container Booster_CardOrAltArt__AvatarORTitle/background/Dynamic Content/Icon Avatar Drawer Variant/Content/Ephemeral Drawer/Price Display/text	-	-		0.0000	190.6100	93.5475	93.5475	405.07,1409.06,405.07,1502.61	309.76,1409.06,500.37,1502.61
4964121667986312931	General Basic Offer Container Booster_CardOrAltArt__AvatarORTitle	6	text	General Basic Offer Container Booster_CardOrAltArt__AvatarORTitle/background/name-bg/Price Display Button/Generic UI Button/Price Display/text	-	-		0.0000	124.5000	49.1918	49.1918	-24.16,1482.33,-24.16,1531.52	-86.41,1482.33,38.09,1531.52
5000423773705659476	Icon Container Drawer Variant	4	text	Icon Container Drawer Variant/Content/Converted Drawer/Price Display/text	-	-		0.0000	108.9700	93.5475	93.5475	841.17,943.23,841.17,1036.77	786.69,943.23,895.66,1036.77
5153958281162187520	General Basic Offer Container Variant Booster_cardback_resource	7	text	General Basic Offer Container Variant Booster_cardback_resource/background/Dynamic Content/Icon Container Drawer Variant/Content/Converted Drawer/Price Display/text	-	-		0.0000	108.9700	93.5475	93.5475	236.85,1199.47,236.85,1293.02	182.36,1199.47,291.33,1293.02
5153958281162187520	General Basic Offer Container Variant Booster_cardback_resource	5	Label	General Basic Offer Container Variant Booster_cardback_resource/background/Dynamic Content/Cardback Drawer/Content/Label	ok	unk	OK→UNK	640.8000	640.8000	108.0000	108.0000	-390.10,1330.00,250.70,1438.00	-390.10,1330.00,250.70,1438.00
5153958281162187520	General Basic Offer Container Variant Booster_cardback_resource	7	text	General Basic Offer Container Variant Booster_cardback_resource/background/Dynamic Content/Cardback Drawer/Content/Converted Drawer/Price Display/text	-	-		0.0000	27.1906	23.3424	23.3424	-298.48,1363.24,-298.48,1386.59	-312.08,1363.24,-284.89,1386.59
5153958281162187520	General Basic Offer Container Variant Booster_cardback_resource	7	text	General Basic Offer Container Variant Booster_cardback_resource/background/Dynamic Content/Cardback Drawer/Content/Ephemeral Drawer/Price Display/text	-	-		0.0000	47.5618	23.3424	23.3424	-298.48,1363.24,-298.48,1386.59	-322.26,1363.24,-274.70,1386.59
5153958281162187520	General Basic Offer Container Variant Booster_cardback_resource	7	text	General Basic Offer Container Variant Booster_cardback_resource/background/Dynamic Content/Icon Currency Drawer Variant/Content/Converted Drawer/Price Display/text	-	-		0.0000	108.9700	93.5475	93.5475	332.73,1397.36,332.73,1490.91	278.25,1397.36,387.22,1490.91
5153958281162187520	General Basic Offer Container Variant Booster_cardback_resource	7	text	General Basic Offer Container Variant Booster_cardback_resource/background/Dynamic Content/Icon Currency Drawer Variant/Content/Ephemeral Drawer/Price Display/text	-	-		0.0000	190.6100	93.5475	93.5475	332.73,1397.36,332.73,1490.91	237.43,1397.36,428.04,1490.91
5216459392306860810	Weekly Mission Container	3	Rewards	Weekly Mission Container/background/footer/Rewards	ok	unk	OK→UNK	1000.0000	1000.0000	113.0100	113.0100	313.73,592.50,1313.73,705.51	313.73,592.50,1313.73,705.51
5216459392306860810	Weekly Mission Container	4	Reward Display Mission	Weekly Mission Container/background/footer/Rewards/Reward Display Mission	ok	unk	OK→UNK	250.0000	250.0000	113.0100	113.0100	313.73,592.50,563.73,705.51	313.73,592.50,563.73,705.51
5216459392306860810	Weekly Mission Container	10	text	Weekly Mission Container/background/footer/Rewards/Reward Display Mission/drawerHolder/Icon Campaign Points Drawer Variant/Content/Converted Drawer/Price Display/text	-	-		0.0000	5.5494	4.7640	4.7640	-31.58,925.79,-31.58,930.55	-34.35,925.79,-28.80,930.55
5216459392306860810	Weekly Mission Container	10	text	Weekly Mission Container/background/footer/Rewards/Reward Display Mission/drawerHolder/Icon Campaign Points Drawer Variant/Content/Ephemeral Drawer/Price Display/text	-	-		0.0000	9.7070	4.7640	4.7640	-31.58,925.79,-31.58,930.55	-36.43,925.79,-26.72,930.55
5216459392306860810	Weekly Mission Container	4	Reward Display Mission	Weekly Mission Container/background/footer/Rewards/Reward Display Mission	ok	unk	OK→UNK	250.0000	250.0000	113.0100	113.0100	563.73,592.50,813.73,705.51	563.73,592.50,813.73,705.51
5216459392306860810	Weekly Mission Container	10	text	Weekly Mission Container/background/footer/Rewards/Reward Display Mission/drawerHolder/Icon Campaign Points Drawer Variant/Content/Converted Drawer/Price Display/text	-	-		0.0000	5.5494	4.7640	4.7640	218.42,925.79,218.42,930.55	215.65,925.79,221.20,930.55
5216459392306860810	Weekly Mission Container	10	text	Weekly Mission Container/background/footer/Rewards/Reward Display Mission/drawerHolder/Icon Campaign Points Drawer Variant/Content/Ephemeral Drawer/Price Display/text	-	-		0.0000	9.7070	4.7640	4.7640	218.42,925.79,218.42,930.55	213.57,925.79,223.28,930.55
5216459392306860810	Weekly Mission Container	4	Reward Display Mission (1)	Weekly Mission Container/background/footer/Rewards/Reward Display Mission (1)	ok	unk	OK→UNK	250.0000	250.0000	113.0100	113.0100	813.73,592.50,1063.73,705.51	813.73,592.50,1063.73,705.51
5216459392306860810	Weekly Mission Container	10	text	Weekly Mission Container/background/footer/Rewards/Reward Display Mission (1)/drawerHolder/Icon Campaign Points Drawer Variant/Content/Converted Drawer/Price Display/text	-	-		0.0000	5.5494	4.7640	4.7640	468.42,925.79,468.42,930.55	465.65,925.79,471.20,930.55
5216459392306860810	Weekly Mission Container	10	text	Weekly Mission Container/background/footer/Rewards/Reward Display Mission (1)/drawerHolder/Icon Campaign Points Drawer Variant/Content/Ephemeral Drawer/Price Display/text	-	-		0.0000	9.7070	4.7640	4.7640	468.42,925.79,468.42,930.55	463.57,925.79,473.28,930.55
5216459392306860810	Weekly Mission Container	4	Reward Display Mission (2)	Weekly Mission Container/background/footer/Rewards/Reward Display Mission (2)	ok	unk	OK→UNK	250.0000	250.0000	113.0100	113.0100	1063.73,592.50,1313.73,705.51	1063.73,592.50,1313.73,705.51
5216459392306860810	Weekly Mission Container	10	text	Weekly Mission Container/background/footer/Rewards/Reward Display Mission (2)/drawerHolder/Icon Campaign Points Drawer Variant/Content/Converted Drawer/Price Display/text	-	-		0.0000	5.5494	4.7640	4.7640	718.42,925.79,718.42,930.55	715.65,925.79,721.20,930.55
5216459392306860810	Weekly Mission Container	10	text	Weekly Mission Container/background/footer/Rewards/Reward Display Mission (2)/drawerHolder/Icon Campaign Points Drawer Variant/Content/Ephemeral Drawer/Price Display/text	-	-		0.0000	9.7070	4.7640	4.7640	718.42,925.79,718.42,930.55	713.57,925.79,723.28,930.55
5216459392306860810	Weekly Mission Container	2	debug_buttons	Weekly Mission Container/background/debug_buttons	ok	unk	OK→UNK	261.6626	261.6626	144.9179	144.9179	1403.03,927.54,1664.69,1072.46	1403.03,927.54,1664.69,1072.46
5216459392306860810	Weekly Mission Container	3	GameObject (1)	Weekly Mission Container/background/debug_buttons/GameObject (1)	ok	unk	OK→UNK	261.6626	261.6626	0.0000	0.0000	1403.03,1072.46,1664.69,1072.46	1403.03,1072.46,1664.69,1072.46
5332220219999636914	Draft Mode Deck Info Panel	9	Text fill	Draft Mode Deck Info Panel/content/Cards in deck panel/Scroll View/Viewport/Content/Deck Selector Card Info button/Content/Background/Text fill	ok	unk	OK→UNK	263.7399	263.7399	38.7000	38.7000	1590.06,236.86,1853.80,275.56	1590.06,236.86,1853.80,275.56
5361293370349838552	Premium Drawer No Glow	2	Label	Premium Drawer No Glow/Content/Label	ok	unk	OK→UNK	640.8000	640.8000	108.0000	108.0000	639.60,810.00,1280.40,918.00	639.60,810.00,1280.40,918.00
5361293370349838552	Premium Drawer No Glow	4	text	Premium Drawer No Glow/Content/Converted Drawer/Price Display/text	-	-		0.0000	108.9700	93.5475	93.5475	1006.77,943.23,1006.77,1036.77	952.29,943.23,1061.26,1036.77
5361293370349838552	Premium Drawer No Glow	4	text	Premium Drawer No Glow/Content/Ephemeral Drawer/Price Display/text	-	-		0.0000	190.6100	93.5475	93.5475	1006.77,943.23,1006.77,1036.77	911.47,943.23,1102.08,1036.77
5515522263905532302	General Basic Offer Popup Variant Premium_Premium_cardback_avatar	4	Label	General Basic Offer Popup Variant Premium_Premium_cardback_avatar/window/Cardback Drawer/Content/Label	ok	unk	OK→UNK	640.8000	640.8000	108.0000	108.0000	213.20,762.10,854.00,870.10	213.20,762.10,854.00,870.10
5515522263905532302	General Basic Offer Popup Variant Premium_Premium_cardback_avatar	6	text	General Basic Offer Popup Variant Premium_Premium_cardback_avatar/window/Cardback Drawer/Content/Converted Drawer/Price Display/text	-	-		0.0000	50.2346	43.1249	43.1249	382.47,823.52,382.47,866.64	357.35,823.52,407.58,866.64
5515522263905532302	General Basic Offer Popup Variant Premium_Premium_cardback_avatar	6	text	General Basic Offer Popup Variant Premium_Premium_cardback_avatar/window/Cardback Drawer/Content/Ephemeral Drawer/Price Display/text	-	-		0.0000	87.8702	43.1249	43.1249	382.47,823.52,382.47,866.64	338.53,823.52,426.40,866.64
5515522263905532302	General Basic Offer Popup Variant Premium_Premium_cardback_avatar	6	text	General Basic Offer Popup Variant Premium_Premium_cardback_avatar/window/Icon Premium Campaign Drawer Variant/Content/Converted Drawer/Price Display/text	-	-		0.0000	108.9700	93.5475	93.5475	943.70,752.47,943.70,846.02	889.22,752.47,998.19,846.02
5515522263905532302	General Basic Offer Popup Variant Premium_Premium_cardback_avatar	6	text	General Basic Offer Popup Variant Premium_Premium_cardback_avatar/window/Icon Premium Campaign Drawer Variant/Content/Ephemeral Drawer/Price Display/text	-	-		0.0000	190.6100	93.5475	93.5475	943.70,752.47,943.70,846.02	848.40,752.47,1039.01,846.02
5515522263905532302	General Basic Offer Popup Variant Premium_Premium_cardback_avatar	6	text	General Basic Offer Popup Variant Premium_Premium_cardback_avatar/window/Icon Premium Campaign Drawer Variant 2/Content/Converted Drawer/Price Display/text	-	-		0.0000	108.9700	93.5475	93.5475	975.41,1047.71,975.41,1141.26	920.93,1047.71,1029.90,1141.26
5515522263905532302	General Basic Offer Popup Variant Premium_Premium_cardback_avatar	6	text	General Basic Offer Popup Variant Premium_Premium_cardback_avatar/window/Icon Premium Campaign Drawer Variant 2/Content/Ephemeral Drawer/Price Display/text	-	-		0.0000	190.6100	93.5475	93.5475	975.41,1047.71,975.41,1141.26	880.11,1047.71,1070.72,1141.26
5515522263905532302	General Basic Offer Popup Variant Premium_Premium_cardback_avatar	6	text	General Basic Offer Popup Variant Premium_Premium_cardback_avatar/window/Icon Avatar Drawer Variant/Content/Converted Drawer/Price Display/text	-	-		0.0000	108.9700	93.5475	93.5475	846.31,883.92,846.31,977.47	791.82,883.92,900.79,977.47
5515522263905532302	General Basic Offer Popup Variant Premium_Premium_cardback_avatar	6	text	General Basic Offer Popup Variant Premium_Premium_cardback_avatar/window/Icon Avatar Drawer Variant/Content/Ephemeral Drawer/Price Display/text	-	-		0.0000	190.6100	93.5475	93.5475	846.31,883.92,846.31,977.47	751.00,883.92,941.61,977.47
5515522263905532302	General Basic Offer Popup Variant Premium_Premium_cardback_avatar	3	Timer	General Basic Offer Popup Variant Premium_Premium_cardback_avatar/window/Text/Timer	ok	unk	OK→UNK	197.6700	197.6700	26.7550	26.7550	1089.57,749.58,1287.24,776.34	1089.57,749.58,1287.24,776.34
5515522263905532302	General Basic Offer Popup Variant Premium_Premium_cardback_avatar	7	text	General Basic Offer Popup Variant Premium_Premium_cardback_avatar/window/Text/Purchase buttons/Price Display/Generic UI Button/Price Display/text	-	-		0.0000	92.2200	44.9601	44.9601	1110.14,693.27,1110.14,738.23	1064.03,693.27,1156.25,738.23
5515522263905532302	General Basic Offer Popup Variant Premium_Premium_cardback_avatar	5	Button Text	General Basic Offer Popup Variant Premium_Premium_cardback_avatar/window/Text/Purchase buttons/WebShop Button/Button Text	-	-		0.0000	132.0000	51.8850	51.8850	1370.67,689.26,1370.67,741.14	1304.67,689.26,1436.67,741.14
5682590394376628658	Campaign Points Drawer	2	Label	Campaign Points Drawer/Content/Label	ok	unk	OK→UNK	640.8000	640.8000	108.0000	108.0000	639.60,810.00,1280.40,918.00	639.60,810.00,1280.40,918.00
5682590394376628658	Campaign Points Drawer	4	text	Campaign Points Drawer/Content/Converted Drawer/Price Display/text	-	-		0.0000	108.9700	93.5475	93.5475	1006.77,943.23,1006.77,1036.77	952.29,943.23,1061.26,1036.77
5682590394376628658	Campaign Points Drawer	4	text	Campaign Points Drawer/Content/Ephemeral Drawer/Price Display/text	-	-		0.0000	190.6100	93.5475	93.5475	1006.77,943.23,1006.77,1036.77	911.47,943.23,1102.08,1036.77
5808028739973573960	Offer Container	6	text	Offer Container/background/name-bg/Price Display Button/Generic UI Button/Price Display/text	-	-		0.0000	92.2200	42.5532	42.5532	-20.94,1416.03,-20.94,1458.58	-67.05,1416.03,25.17,1458.58
5823516886071648943	Booster Info Popup	7	text	Booster Info Popup/window/Text/Purchase buttons/Price Display/Generic UI Button/Price Display/text	-	-		0.0000	92.2200	43.5594	43.5594	1104.81,730.55,1104.81,774.11	1058.70,730.55,1150.92,774.11
5823516886071648943	Booster Info Popup	5	Button Text	Booster Info Popup/window/Text/Purchase buttons/WebShop Button/Button Text	-	-		0.0000	132.0000	51.8850	51.8850	1362.42,725.86,1362.42,777.74	1296.42,725.86,1428.42,777.74
6030421012472178610	Alliance Member Entry	2	Draft Rating	Alliance Member Entry/Ratings/Draft Rating	ok	unk	OK→UNK	215.7380	215.7380	46.5000	46.5000	149.44,1033.36,365.18,1079.86	149.44,1033.36,365.18,1079.86
6030421012472178610	Alliance Member Entry	2	Ranked Rating	Alliance Member Entry/Ratings/Ranked Rating	ok	unk	OK→UNK	215.7380	215.7380	46.5000	46.5000	149.44,1079.86,365.18,1126.36	149.44,1079.86,365.18,1126.36
6060464544399548608	General Basic Offer Container Variant Premium_Booster_avatar_cardback_title_resource	7	text	General Basic Offer Container Variant Premium_Booster_avatar_cardback_title_resource/background/Dynamic Content/Icon Container Drawer Variant/Content/Converted Drawer/Price Display/text	-	-		0.0000	108.9700	93.5475	93.5475	248.96,1098.57,248.96,1192.12	194.47,1098.57,303.44,1192.12
6060464544399548608	General Basic Offer Container Variant Premium_Booster_avatar_cardback_title_resource	5	Label	General Basic Offer Container Variant Premium_Booster_avatar_cardback_title_resource/background/Dynamic Content/Cardback Drawer/Content/Label	ok	unk	OK→UNK	640.8000	640.8000	108.0000	108.0000	-389.40,1282.00,251.40,1390.00	-389.40,1282.00,251.40,1390.00
6060464544399548608	General Basic Offer Container Variant Premium_Booster_avatar_cardback_title_resource	7	text	General Basic Offer Container Variant Premium_Booster_avatar_cardback_title_resource/background/Dynamic Content/Cardback Drawer/Content/Converted Drawer/Price Display/text	-	-		0.0000	27.1906	23.3424	23.3424	-297.78,1315.24,-297.78,1338.59	-311.38,1315.24,-284.19,1338.59
6060464544399548608	General Basic Offer Container Variant Premium_Booster_avatar_cardback_title_resource	7	text	General Basic Offer Container Variant Premium_Booster_avatar_cardback_title_resource/background/Dynamic Content/Cardback Drawer/Content/Ephemeral Drawer/Price Display/text	-	-		0.0000	47.5618	23.3424	23.3424	-297.78,1315.24,-297.78,1338.59	-321.56,1315.24,-274.00,1338.59
6060464544399548608	General Basic Offer Container Variant Premium_Booster_avatar_cardback_title_resource	5	Label	General Basic Offer Container Variant Premium_Booster_avatar_cardback_title_resource/background/Dynamic Content/Title Drawer Horizontal Variant/Content/Label	ok	unk	OK→UNK	925.2000	925.2000	37.0000	37.0000	-518.26,1338.50,406.94,1375.50	-518.26,1338.50,406.94,1375.50
6060464544399548608	General Basic Offer Container Variant Premium_Booster_avatar_cardback_title_resource	7	text	General Basic Offer Container Variant Premium_Booster_avatar_cardback_title_resource/background/Dynamic Content/Title Drawer Horizontal Variant/Content/Converted Drawer/Price Display/text	-	-		0.0000	22.3966	19.2268	19.2268	-442.80,1365.88,-442.80,1385.11	-454.00,1365.88,-431.60,1385.11
6060464544399548608	General Basic Offer Container Variant Premium_Booster_avatar_cardback_title_resource	7	text	General Basic Offer Container Variant Premium_Booster_avatar_cardback_title_resource/background/Dynamic Content/Title Drawer Horizontal Variant/Content/Ephemeral Drawer/Price Display/text	-	-		0.0000	39.1760	19.2268	19.2268	-442.80,1365.88,-442.80,1385.11	-462.39,1365.88,-423.21,1385.11
6060464544399548608	General Basic Offer Container Variant Premium_Booster_avatar_cardback_title_resource	7	text	General Basic Offer Container Variant Premium_Booster_avatar_cardback_title_resource/background/Dynamic Content/Icon Avatar Drawer Variant/Content/Converted Drawer/Price Display/text	-	-		0.0000	108.9700	93.5475	93.5475	423.31,1432.34,423.31,1525.89	368.82,1432.34,477.79,1525.89
6060464544399548608	General Basic Offer Container Variant Premium_Booster_avatar_cardback_title_resource	7	text	General Basic Offer Container Variant Premium_Booster_avatar_cardback_title_resource/background/Dynamic Content/Icon Avatar Drawer Variant/Content/Ephemeral Drawer/Price Display/text	-	-		0.0000	190.6100	93.5475	93.5475	423.31,1432.34,423.31,1525.89	328.00,1432.34,518.61,1525.89
6060464544399548608	General Basic Offer Container Variant Premium_Booster_avatar_cardback_title_resource	7	text	General Basic Offer Container Variant Premium_Booster_avatar_cardback_title_resource/background/Dynamic Content/Icon Expansion Pass Premium Drawer Variant/Content/Converted Drawer/Price Display/text	-	-		0.0000	46.3836	39.8190	39.8190	-119.11,1501.71,-119.11,1541.53	-142.30,1501.71,-95.92,1541.53
6060464544399548608	General Basic Offer Container Variant Premium_Booster_avatar_cardback_title_resource	7	text	General Basic Offer Container Variant Premium_Booster_avatar_cardback_title_resource/background/Dynamic Content/Icon Expansion Pass Premium Drawer Variant/Content/Ephemeral Drawer/Price Display/text	-	-		0.0000	81.1340	39.8190	39.8190	-119.11,1501.71,-119.11,1541.53	-159.68,1501.71,-78.54,1541.53
6060464544399548608	General Basic Offer Container Variant Premium_Booster_avatar_cardback_title_resource	7	text	General Basic Offer Container Variant Premium_Booster_avatar_cardback_title_resource/background/Dynamic Content/Icon Currency Drawer Variant/Content/Converted Drawer/Price Display/text	-	-		0.0000	5.3668	4.6072	4.6072	-1363.11,1857.74,-1363.11,1862.34	-1365.80,1857.74,-1360.43,1862.34
6060464544399548608	General Basic Offer Container Variant Premium_Booster_avatar_cardback_title_resource	7	text	General Basic Offer Container Variant Premium_Booster_avatar_cardback_title_resource/background/Dynamic Content/Icon Currency Drawer Variant/Content/Ephemeral Drawer/Price Display/text	-	-		0.0000	9.3876	4.6072	4.6072	-1363.11,1857.74,-1363.11,1862.34	-1367.81,1857.74,-1358.42,1862.34
6060464544399548608	General Basic Offer Container Variant Premium_Booster_avatar_cardback_title_resource	7	text	General Basic Offer Container Variant Premium_Booster_avatar_cardback_title_resource/background/Dynamic Content/Icon Premium Campaign Drawer Variant/Content/Converted Drawer/Price Display/text	-	-		0.0000	5.3668	4.6072	4.6072	-2846.70,3635.97,-2846.70,3640.58	-2849.38,3635.97,-2844.02,3640.58
6060464544399548608	General Basic Offer Container Variant Premium_Booster_avatar_cardback_title_resource	7	text	General Basic Offer Container Variant Premium_Booster_avatar_cardback_title_resource/background/Dynamic Content/Icon Premium Campaign Drawer Variant/Content/Ephemeral Drawer/Price Display/text	-	-		0.0000	9.3876	4.6072	4.6072	-2846.70,3635.97,-2846.70,3640.58	-2851.39,3635.97,-2842.01,3640.58
6060464544399548608	General Basic Offer Container Variant Premium_Booster_avatar_cardback_title_resource	6	text	General Basic Offer Container Variant Premium_Booster_avatar_cardback_title_resource/background/name-bg/Price Display Button/Generic UI Button/Price Display/text	-	-		0.0000	92.2200	42.5532	42.5532	-20.94,1416.03,-20.94,1458.58	-67.05,1416.03,25.17,1458.58
6123473869608530604	Icon VIP Premium Campaign Drawer Variant	4	text	Icon VIP Premium Campaign Drawer Variant/Content/Converted Drawer/Price Display/text	-	-		0.0000	108.9700	93.5475	93.5475	841.17,943.23,841.17,1036.77	786.69,943.23,895.66,1036.77
6123473869608530604	Icon VIP Premium Campaign Drawer Variant	4	text	Icon VIP Premium Campaign Drawer Variant/Content/Ephemeral Drawer/Price Display/text	-	-		0.0000	190.6100	93.5475	93.5475	841.17,943.23,841.17,1036.77	745.87,943.23,936.48,1036.77
6150508924682398672	Reward Display Mission	0	Reward Display Mission	Reward Display Mission	ok	unk	OK→UNK	100.0000	100.0000	44.6450	44.6450	198.64,346.16,298.64,390.80	198.64,346.16,298.64,390.80
6150508924682398672	Reward Display Mission	6	text	Reward Display Mission/drawerHolder/Icon Campaign Points Drawer Variant/Content/Converted Drawer/Price Display/text	-	-		0.0000	4.5046	3.8671	3.8671	-225.18,643.99,-225.18,647.85	-227.44,643.99,-222.93,647.85
6150508924682398672	Reward Display Mission	6	text	Reward Display Mission/drawerHolder/Icon Campaign Points Drawer Variant/Content/Ephemeral Drawer/Price Display/text	-	-		0.0000	7.8794	3.8671	3.8671	-225.18,643.99,-225.18,647.85	-229.12,643.99,-221.24,647.85
6379363956007680007	Price Display	1	text	Price Display/text	-	-		0.0000	92.2200	33.1211	33.1211	985.30,523.44,985.30,556.56	939.19,523.44,1031.41,556.56
6608750465114610754	Main Menu Offer Container 1x1 Premium_booster_title_avatarOrResource	6	text	Main Menu Offer Container 1x1 Premium_booster_title_avatarOrResource/Dynamic Content/Icon Container Drawer Variant/Content/Converted Drawer/Price Display/text	-	-		0.0000	108.9700	93.5475	93.5475	1319.75,738.99,1319.75,832.54	1265.27,738.99,1374.24,832.54
6608750465114610754	Main Menu Offer Container 1x1 Premium_booster_title_avatarOrResource	4	Label	Main Menu Offer Container 1x1 Premium_booster_title_avatarOrResource/Dynamic Content/Title Drawer Horizontal Variant/Content/Label	ok	unk	OK→UNK	925.2000	925.2000	37.0000	37.0000	368.48,739.42,1293.68,776.42	368.48,739.42,1293.68,776.42
6608750465114610754	Main Menu Offer Container 1x1 Premium_booster_title_avatarOrResource	6	text	Main Menu Offer Container 1x1 Premium_booster_title_avatarOrResource/Dynamic Content/Title Drawer Horizontal Variant/Content/Converted Drawer/Price Display/text	-	-		0.0000	22.3966	19.2268	19.2268	443.95,766.80,443.95,786.03	432.75,766.80,455.14,786.03
6608750465114610754	Main Menu Offer Container 1x1 Premium_booster_title_avatarOrResource	6	text	Main Menu Offer Container 1x1 Premium_booster_title_avatarOrResource/Dynamic Content/Title Drawer Horizontal Variant/Content/Ephemeral Drawer/Price Display/text	-	-		0.0000	39.1760	19.2268	19.2268	443.95,766.80,443.95,786.03	424.36,766.80,463.53,786.03
6608750465114610754	Main Menu Offer Container 1x1 Premium_booster_title_avatarOrResource	6	text	Main Menu Offer Container 1x1 Premium_booster_title_avatarOrResource/Dynamic Content/Icon Avatar Drawer Variant/Content/Converted Drawer/Price Display/text	-	-		0.0000	108.9700	93.5475	93.5475	1411.37,790.94,1411.37,884.49	1356.88,790.94,1465.85,884.49
6608750465114610754	Main Menu Offer Container 1x1 Premium_booster_title_avatarOrResource	6	text	Main Menu Offer Container 1x1 Premium_booster_title_avatarOrResource/Dynamic Content/Icon Avatar Drawer Variant/Content/Ephemeral Drawer/Price Display/text	-	-		0.0000	190.6100	93.5475	93.5475	1411.37,790.94,1411.37,884.49	1316.06,790.94,1506.67,884.49
6608750465114610754	Main Menu Offer Container 1x1 Premium_booster_title_avatarOrResource	6	text	Main Menu Offer Container 1x1 Premium_booster_title_avatarOrResource/Dynamic Content/Icon Currency Drawer Variant/Content/Converted Drawer/Price Display/text	-	-		0.0000	108.9700	93.5475	93.5475	1402.01,789.94,1402.01,883.49	1347.53,789.94,1456.50,883.49
6608750465114610754	Main Menu Offer Container 1x1 Premium_booster_title_avatarOrResource	6	text	Main Menu Offer Container 1x1 Premium_booster_title_avatarOrResource/Dynamic Content/Icon Currency Drawer Variant/Content/Ephemeral Drawer/Price Display/text	-	-		0.0000	190.6100	93.5475	93.5475	1402.01,789.94,1402.01,883.49	1306.71,789.94,1497.32,883.49
6608750465114610754	Main Menu Offer Container 1x1 Premium_booster_title_avatarOrResource	6	text	Main Menu Offer Container 1x1 Premium_booster_title_avatarOrResource/Dynamic Content/Icon Premium Campaign Drawer Variant/Content/Converted Drawer/Price Display/text	-	-		0.0000	5.3668	4.6072	4.6072	-1649.21,2659.03,-1649.21,2663.64	-1651.89,2659.03,-1646.53,2663.64
6608750465114610754	Main Menu Offer Container 1x1 Premium_booster_title_avatarOrResource	6	text	Main Menu Offer Container 1x1 Premium_booster_title_avatarOrResource/Dynamic Content/Icon Premium Campaign Drawer Variant/Content/Ephemeral Drawer/Price Display/text	-	-		0.0000	9.3876	4.6072	4.6072	-1649.21,2659.03,-1649.21,2663.64	-1653.90,2659.03,-1644.52,2663.64
6717562337363815394	RankedClassicLeaderboardPopup Variant	7	Name Holder	RankedClassicLeaderboardPopup Variant/Ranking Display/Content/Scroll View/Viewport/Content/PlayerRankingRow/Name Holder	ok	unk	OK→UNK	733.9500	733.9500	100.0000	100.0000	650.00,288.59,1383.95,388.59	650.00,288.59,1383.95,388.59
6837807522738505648	RankedEventWindowV2	3	Window Title	RankedEventWindowV2/Game Mode Header With Back Button/Header Background/Window Title	-	-		0.0000	369.3600	82.6520	82.6520	155.00,57.22,155.00,139.87	155.00,57.22,524.36,139.87
6837807522738505648	RankedEventWindowV2	4	Highest Faction Rating	RankedEventWindowV2/Ranked Division Info/Content/footer/Highest Faction Rating	ok	unk	OK→UNK	355.4387	355.4387	39.7997	39.7997	141.28,717.95,496.72,757.75	141.28,717.95,496.72,757.75
6837807522738505648	RankedEventWindowV2	5	Rating Text	RankedEventWindowV2/Ranked Division Info/Content/footer/Highest Faction Rating/Rating Text	ok	unk	OK→UNK	120.0000	0.0000	59.1670	59.1670	259.00,708.26,379.00,767.43	319.00,708.26,319.00,767.43
6837807522738505648	RankedEventWindowV2	6	Secondary Icon	RankedEventWindowV2/Ranked Division Info/Content/footer/Highest Faction Rating/Rating Text/Secondary Icon	-	-		60.0000	60.0000	59.1670	59.1670	259.00,708.26,319.00,767.43	319.00,708.26,379.00,767.43
6837807522738505648	RankedEventWindowV2	6	Main Icon	RankedEventWindowV2/Ranked Division Info/Content/footer/Highest Faction Rating/Rating Text/Main Icon	-	-		60.0000	60.0000	59.1670	59.1670	319.00,708.26,379.00,767.43	379.00,708.26,439.00,767.43
6837807522738505648	RankedEventWindowV2	6	Individual rating value	RankedEventWindowV2/Ranked Division Info/Content/footer/Highest Faction Rating/Rating Text/Individual rating value	-	-		0.0000	0.0000	0.0000	0.0000	379.00,737.85,379.00,737.85	439.00,737.85,439.00,737.85
6837807522738505648	RankedEventWindowV2	6	Global Rating	RankedEventWindowV2/Ranked Division Info/Content/footer/MainRating/Legendary Ratings/Global Rating	ok	unk	OK→UNK	182.9600	182.9600	57.3560	57.3560	258.42,723.17,441.38,780.52	258.42,723.17,441.38,780.52
6837807522738505648	RankedEventWindowV2	4	Timer	RankedEventWindowV2/Ranked Division Info/Content/Timer/Timer	-	-		0.0000	248.4400	55.9050	55.9050	216.73,790.75,216.73,846.65	216.73,790.75,465.17,846.65
6886942995626807548	General Basic Offer Popup Booster_CardOrAltArt_Cardback_Avatar_Title	3	Timer	General Basic Offer Popup Booster_CardOrAltArt_Cardback_Avatar_Title/window/Text/Timer	ok	unk	OK→UNK	197.6700	197.6700	26.7550	26.7550	1089.57,749.58,1287.24,776.34	1089.57,749.58,1287.24,776.34
6886942995626807548	General Basic Offer Popup Booster_CardOrAltArt_Cardback_Avatar_Title	7	text	General Basic Offer Popup Booster_CardOrAltArt_Cardback_Avatar_Title/window/Text/Purchase buttons/Price Display/Generic UI Button/Price Display/text	-	-		0.0000	124.5000	44.9601	44.9601	1110.14,693.27,1110.14,738.23	1047.89,693.27,1172.39,738.23
6886942995626807548	General Basic Offer Popup Booster_CardOrAltArt_Cardback_Avatar_Title	4	Label	General Basic Offer Popup Booster_CardOrAltArt_Cardback_Avatar_Title/window/Cardback Drawer/Content/Label	ok	unk	OK→UNK	640.8000	640.8000	108.0000	108.0000	482.20,676.10,1123.00,784.10	482.20,676.10,1123.00,784.10
6886942995626807548	General Basic Offer Popup Booster_CardOrAltArt_Cardback_Avatar_Title	6	text	General Basic Offer Popup Booster_CardOrAltArt_Cardback_Avatar_Title/window/Cardback Drawer/Content/Converted Drawer/Price Display/text	-	-		0.0000	35.9389	30.8525	30.8525	603.30,720.04,603.30,750.89	585.33,720.04,621.27,750.89
6886942995626807548	General Basic Offer Popup Booster_CardOrAltArt_Cardback_Avatar_Title	6	text	General Basic Offer Popup Booster_CardOrAltArt_Cardback_Avatar_Title/window/Cardback Drawer/Content/Ephemeral Drawer/Price Display/text	-	-		0.0000	62.8642	30.8525	30.8525	603.30,720.04,603.30,750.89	571.86,720.04,634.73,750.89
6886942995626807548	General Basic Offer Popup Booster_CardOrAltArt_Cardback_Avatar_Title	6	text	General Basic Offer Popup Booster_CardOrAltArt_Cardback_Avatar_Title/window/Icon Container Drawer Variant/Content/Converted Drawer/Price Display/text	-	-		0.0000	108.9700	93.5475	93.5475	921.45,660.39,921.45,753.94	866.97,660.39,975.94,753.94
6886942995626807548	General Basic Offer Popup Booster_CardOrAltArt_Cardback_Avatar_Title	6	text	General Basic Offer Popup Booster_CardOrAltArt_Cardback_Avatar_Title/window/Card Drawer/Content/Converted Drawer/Price Display/text	-	-		0.0000	108.9700	93.5475	93.5475	786.70,775.64,786.70,869.18	732.21,775.64,841.18,869.18
6886942995626807548	General Basic Offer Popup Booster_CardOrAltArt_Cardback_Avatar_Title	6	text	General Basic Offer Popup Booster_CardOrAltArt_Cardback_Avatar_Title/window/Card Drawer/Content/Ephemeral Drawer/Price Display/text	-	-		0.0000	190.6100	93.5475	93.5475	786.70,775.64,786.70,869.18	691.39,775.64,882.00,869.18
6886942995626807548	General Basic Offer Popup Booster_CardOrAltArt_Cardback_Avatar_Title	6	text	General Basic Offer Popup Booster_CardOrAltArt_Cardback_Avatar_Title/window/Card Alternate Art Drawer/Content/Converted Drawer/Price Display/text	-	-		0.0000	108.9700	93.5475	93.5475	586.77,665.87,586.77,759.42	532.29,665.87,641.26,759.42
6886942995626807548	General Basic Offer Popup Booster_CardOrAltArt_Cardback_Avatar_Title	6	text	General Basic Offer Popup Booster_CardOrAltArt_Cardback_Avatar_Title/window/Card Alternate Art Drawer/Content/Ephemeral Drawer/Price Display/text	-	-		0.0000	190.6100	93.5475	93.5475	782.71,759.60,782.71,853.15	687.41,759.60,878.02,853.15
6886942995626807548	General Basic Offer Popup Booster_CardOrAltArt_Cardback_Avatar_Title	4	Label	General Basic Offer Popup Booster_CardOrAltArt_Cardback_Avatar_Title/window/Title Drawer Horizontal Variant/Content/Label	ok	unk	OK→UNK	925.2000	925.2000	37.0000	37.0000	117.80,835.49,1043.00,872.49	117.80,835.49,1043.00,872.49
6886942995626807548	General Basic Offer Popup Booster_CardOrAltArt_Cardback_Avatar_Title	6	text	General Basic Offer Popup Booster_CardOrAltArt_Cardback_Avatar_Title/window/Title Drawer Horizontal Variant/Content/Converted Drawer/Price Display/text	-	-		0.0000	32.6936	28.0665	28.0665	227.96,875.47,227.96,903.53	211.61,875.47,244.30,903.53
6886942995626807548	General Basic Offer Popup Booster_CardOrAltArt_Cardback_Avatar_Title	6	text	General Basic Offer Popup Booster_CardOrAltArt_Cardback_Avatar_Title/window/Title Drawer Horizontal Variant/Content/Ephemeral Drawer/Price Display/text	-	-		0.0000	57.1875	28.0665	28.0665	227.96,875.47,227.96,903.53	199.36,875.47,256.55,903.53
6886942995626807548	General Basic Offer Popup Booster_CardOrAltArt_Cardback_Avatar_Title	6	text	General Basic Offer Popup Booster_CardOrAltArt_Cardback_Avatar_Title/window/Icon Avatar Drawer Variant/Content/Converted Drawer/Price Display/text	-	-		0.0000	108.9700	93.5475	93.5475	1139.31,859.92,1139.31,953.47	1084.82,859.92,1193.79,953.47
6886942995626807548	General Basic Offer Popup Booster_CardOrAltArt_Cardback_Avatar_Title	6	text	General Basic Offer Popup Booster_CardOrAltArt_Cardback_Avatar_Title/window/Icon Avatar Drawer Variant/Content/Ephemeral Drawer/Price Display/text	-	-		0.0000	190.6100	93.5475	93.5475	1139.31,859.92,1139.31,953.47	1044.00,859.92,1234.61,953.47
7189168232786238593	Daily Streak Reward Popup Entry	7	text	Daily Streak Reward Popup Entry/NormalReward/Reward Holder/Icon Container Drawer Variant/Content/Converted Drawer/Price Display/text	-	-		0.0000	104.6112	89.8057	89.8057	164.91,1274.43,164.91,1364.23	112.60,1274.43,217.21,1364.23
7480556530422595417	General Basic Offer Popup Variant Booster_title_resource	6	text	General Basic Offer Popup Variant Booster_title_resource/window/Icon Container Drawer Variant/Content/Converted Drawer/Price Display/text	-	-		0.0000	108.9700	93.5475	93.5475	827.97,758.11,827.97,851.65	773.49,758.11,882.46,851.65
7480556530422595417	General Basic Offer Popup Variant Booster_title_resource	3	Timer	General Basic Offer Popup Variant Booster_title_resource/window/Text/Timer	ok	unk	OK→UNK	197.6700	197.6700	26.7550	26.7550	1089.57,749.58,1287.24,776.34	1089.57,749.58,1287.24,776.34
7480556530422595417	General Basic Offer Popup Variant Booster_title_resource	7	text	General Basic Offer Popup Variant Booster_title_resource/window/Text/Purchase buttons/Price Display/Generic UI Button/Price Display/text	-	-		0.0000	92.2200	44.9601	44.9601	1110.14,693.27,1110.14,738.23	1064.03,693.27,1156.25,738.23
7480556530422595417	General Basic Offer Popup Variant Booster_title_resource	6	text	General Basic Offer Popup Variant Booster_title_resource/window/Icon Currency Drawer Variant/Content/Converted Drawer/Price Display/text	-	-		0.0000	108.9700	93.5475	93.5475	1078.65,818.73,1078.65,912.27	1024.17,818.73,1133.14,912.27
7480556530422595417	General Basic Offer Popup Variant Booster_title_resource	6	text	General Basic Offer Popup Variant Booster_title_resource/window/Icon Currency Drawer Variant/Content/Ephemeral Drawer/Price Display/text	-	-		0.0000	190.6100	93.5475	93.5475	1078.65,818.73,1078.65,912.27	983.35,818.73,1173.96,912.27
7480556530422595417	General Basic Offer Popup Variant Booster_title_resource	4	Label	General Basic Offer Popup Variant Booster_title_resource/window/Title Drawer Horizontal Variant (1)/Content/Label	ok	unk	OK→UNK	925.2000	925.2000	37.0000	37.0000	65.60,806.70,990.80,843.70	65.60,806.70,990.80,843.70
7480556530422595417	General Basic Offer Popup Variant Booster_title_resource	6	text	General Basic Offer Popup Variant Booster_title_resource/window/Title Drawer Horizontal Variant (1)/Content/Converted Drawer/Price Display/text	-	-		0.0000	32.6936	28.0665	28.0665	175.76,846.67,175.76,874.74	159.41,846.67,192.11,874.74
7480556530422595417	General Basic Offer Popup Variant Booster_title_resource	6	text	General Basic Offer Popup Variant Booster_title_resource/window/Title Drawer Horizontal Variant (1)/Content/Ephemeral Drawer/Price Display/text	-	-		0.0000	57.1875	28.0665	28.0665	175.76,846.67,175.76,874.74	147.17,846.67,204.35,874.74
7593988434155097737	Main Menu Offer Container 1x1	6	text	Main Menu Offer Container 1x1/Dynamic Content/Icon Container Drawer Variant/Content/Converted Drawer/Price Display/text	-	-		0.0000	108.9700	93.5475	93.5475	1319.75,738.99,1319.75,832.54	1265.27,738.99,1374.24,832.54
7593988434155097737	Main Menu Offer Container 1x1	4	Label	Main Menu Offer Container 1x1/Dynamic Content/Cardback Drawer/Content/Label	ok	unk	OK→UNK	640.8000	640.8000	108.0000	108.0000	471.55,803.25,1112.35,911.25	471.55,803.25,1112.35,911.25
7593988434155097737	Main Menu Offer Container 1x1	6	text	Main Menu Offer Container 1x1/Dynamic Content/Cardback Drawer/Content/Converted Drawer/Price Display/text	-	-		0.0000	29.4995	25.3245	25.3245	570.95,839.31,570.95,864.64	556.20,839.31,585.70,864.64
7593988434155097737	Main Menu Offer Container 1x1	6	text	Main Menu Offer Container 1x1/Dynamic Content/Cardback Drawer/Content/Ephemeral Drawer/Price Display/text	-	-		0.0000	51.6004	25.3245	25.3245	570.95,839.31,570.95,864.64	545.15,839.31,596.75,864.64
7593988434155097737	Main Menu Offer Container 1x1	4	Label	Main Menu Offer Container 1x1/Dynamic Content/Title Drawer Horizontal Variant/Content/Label	ok	unk	OK→UNK	925.2000	925.2000	37.0000	37.0000	652.90,738.99,1578.10,775.99	652.90,738.99,1578.10,775.99
7593988434155097737	Main Menu Offer Container 1x1	6	text	Main Menu Offer Container 1x1/Dynamic Content/Title Drawer Horizontal Variant/Content/Converted Drawer/Price Display/text	-	-		0.0000	22.3966	19.2268	19.2268	728.37,766.37,728.37,785.60	717.17,766.37,739.56,785.60
7593988434155097737	Main Menu Offer Container 1x1	6	text	Main Menu Offer Container 1x1/Dynamic Content/Title Drawer Horizontal Variant/Content/Ephemeral Drawer/Price Display/text	-	-		0.0000	39.1760	19.2268	19.2268	728.37,766.37,728.37,785.60	708.78,766.37,747.95,785.60
7593988434155097737	Main Menu Offer Container 1x1	6	text	Main Menu Offer Container 1x1/Dynamic Content/Icon Avatar Drawer Variant/Content/Converted Drawer/Price Display/text	-	-		0.0000	108.9700	93.5475	93.5475	1258.07,790.94,1258.07,884.49	1203.58,790.94,1312.55,884.49
7593988434155097737	Main Menu Offer Container 1x1	6	text	Main Menu Offer Container 1x1/Dynamic Content/Icon Avatar Drawer Variant/Content/Ephemeral Drawer/Price Display/text	-	-		0.0000	190.6100	93.5475	93.5475	1258.07,790.94,1258.07,884.49	1162.76,790.94,1353.37,884.49
7669939960357509727	Currency Drawer	2	Label	Currency Drawer/Content/Label	ok	unk	OK→UNK	640.8000	640.8000	108.0000	108.0000	639.60,810.00,1280.40,918.00	639.60,810.00,1280.40,918.00
7669939960357509727	Currency Drawer	4	text	Currency Drawer/Content/Converted Drawer/Price Display/text	-	-		0.0000	108.9700	93.5475	93.5475	1006.77,943.23,1006.77,1036.77	952.29,943.23,1061.26,1036.77
7669939960357509727	Currency Drawer	4	text	Currency Drawer/Content/Ephemeral Drawer/Price Display/text	-	-		0.0000	190.6100	93.5475	93.5475	1006.77,943.23,1006.77,1036.77	911.47,943.23,1102.08,1036.77
7699046959392090494	General Basic Offer Container Variant Booster_avatar_cardback_title	7	text	General Basic Offer Container Variant Booster_avatar_cardback_title/background/Dynamic Content/Icon Container Drawer Variant/Content/Converted Drawer/Price Display/text	-	-		0.0000	108.9700	93.5475	93.5475	236.85,1199.47,236.85,1293.02	182.36,1199.47,291.33,1293.02
7699046959392090494	General Basic Offer Container Variant Booster_avatar_cardback_title	5	Label	General Basic Offer Container Variant Booster_avatar_cardback_title/background/Dynamic Content/Cardback Drawer/Content/Label	ok	unk	OK→UNK	640.8000	640.8000	108.0000	108.0000	-390.10,1330.00,250.70,1438.00	-390.10,1330.00,250.70,1438.00
7699046959392090494	General Basic Offer Container Variant Booster_avatar_cardback_title	7	text	General Basic Offer Container Variant Booster_avatar_cardback_title/background/Dynamic Content/Cardback Drawer/Content/Converted Drawer/Price Display/text	-	-		0.0000	27.1906	23.3424	23.3424	-298.48,1363.24,-298.48,1386.59	-312.08,1363.24,-284.89,1386.59
7699046959392090494	General Basic Offer Container Variant Booster_avatar_cardback_title	7	text	General Basic Offer Container Variant Booster_avatar_cardback_title/background/Dynamic Content/Cardback Drawer/Content/Ephemeral Drawer/Price Display/text	-	-		0.0000	47.5618	23.3424	23.3424	-298.48,1363.24,-298.48,1386.59	-322.26,1363.24,-274.70,1386.59
7699046959392090494	General Basic Offer Container Variant Booster_avatar_cardback_title	5	Label	General Basic Offer Container Variant Booster_avatar_cardback_title/background/Dynamic Content/Title Drawer Horizontal Variant/Content/Label	ok	unk	OK→UNK	925.2000	925.2000	37.0000	37.0000	-511.40,1329.30,413.80,1366.30	-511.40,1329.30,413.80,1366.30
7699046959392090494	General Basic Offer Container Variant Booster_avatar_cardback_title	7	text	General Basic Offer Container Variant Booster_avatar_cardback_title/background/Dynamic Content/Title Drawer Horizontal Variant/Content/Converted Drawer/Price Display/text	-	-		0.0000	22.3966	19.2268	19.2268	-435.93,1356.68,-435.93,1375.91	-447.13,1356.68,-424.74,1375.91
7699046959392090494	General Basic Offer Container Variant Booster_avatar_cardback_title	7	text	General Basic Offer Container Variant Booster_avatar_cardback_title/background/Dynamic Content/Title Drawer Horizontal Variant/Content/Ephemeral Drawer/Price Display/text	-	-		0.0000	39.1760	19.2268	19.2268	-435.93,1356.68,-435.93,1375.91	-455.52,1356.68,-416.35,1375.91
7699046959392090494	General Basic Offer Container Variant Booster_avatar_cardback_title	7	text	General Basic Offer Container Variant Booster_avatar_cardback_title/background/Dynamic Content/Icon Avatar Drawer Variant/Content/Converted Drawer/Price Display/text	-	-		0.0000	108.9700	93.5475	93.5475	412.95,1391.23,412.95,1484.78	358.47,1391.23,467.44,1484.78
7699046959392090494	General Basic Offer Container Variant Booster_avatar_cardback_title	7	text	General Basic Offer Container Variant Booster_avatar_cardback_title/background/Dynamic Content/Icon Avatar Drawer Variant/Content/Ephemeral Drawer/Price Display/text	-	-		0.0000	190.6100	93.5475	93.5475	412.95,1391.23,412.95,1484.78	317.65,1391.23,508.26,1484.78
7702034214215294339	General Basic Offer Popup Variant Premium_booster_title_avatarOrResource	6	text	General Basic Offer Popup Variant Premium_booster_title_avatarOrResource/window/Icon Container Drawer Variant/Content/Converted Drawer/Price Display/text	-	-		0.0000	108.9700	93.5475	93.5475	811.27,802.31,811.27,895.85	756.79,802.31,865.76,895.85
7702034214215294339	General Basic Offer Popup Variant Premium_booster_title_avatarOrResource	4	Label	General Basic Offer Popup Variant Premium_booster_title_avatarOrResource/window/Title Drawer Horizontal Variant/Content/Label	ok	unk	OK→UNK	925.2000	925.2000	37.0000	37.0000	104.00,533.60,1029.20,570.60	104.00,533.60,1029.20,570.60
7702034214215294339	General Basic Offer Popup Variant Premium_booster_title_avatarOrResource	6	text	General Basic Offer Popup Variant Premium_booster_title_avatarOrResource/window/Title Drawer Horizontal Variant/Content/Converted Drawer/Price Display/text	-	-		0.0000	32.6936	28.0665	28.0665	214.16,573.57,214.16,601.64	197.81,573.57,230.51,601.64
7702034214215294339	General Basic Offer Popup Variant Premium_booster_title_avatarOrResource	6	text	General Basic Offer Popup Variant Premium_booster_title_avatarOrResource/window/Title Drawer Horizontal Variant/Content/Ephemeral Drawer/Price Display/text	-	-		0.0000	57.1875	28.0665	28.0665	214.16,573.57,214.16,601.64	185.57,573.57,242.75,601.64
7702034214215294339	General Basic Offer Popup Variant Premium_booster_title_avatarOrResource	6	text	General Basic Offer Popup Variant Premium_booster_title_avatarOrResource/window/Icon Avatar Drawer Variant/Content/Converted Drawer/Price Display/text	-	-		0.0000	108.9700	93.5475	93.5475	1062.31,840.92,1062.31,934.47	1007.82,840.92,1116.79,934.47
7702034214215294339	General Basic Offer Popup Variant Premium_booster_title_avatarOrResource	6	text	General Basic Offer Popup Variant Premium_booster_title_avatarOrResource/window/Icon Avatar Drawer Variant/Content/Ephemeral Drawer/Price Display/text	-	-		0.0000	190.6100	93.5475	93.5475	1062.31,840.92,1062.31,934.47	967.00,840.92,1157.61,934.47
7702034214215294339	General Basic Offer Popup Variant Premium_booster_title_avatarOrResource	6	text	General Basic Offer Popup Variant Premium_booster_title_avatarOrResource/window/Icon Currency Drawer Variant/Content/Converted Drawer/Price Display/text	-	-		0.0000	108.9700	93.5475	93.5475	1058.53,837.57,1058.53,931.12	1004.05,837.57,1113.02,931.12
7702034214215294339	General Basic Offer Popup Variant Premium_booster_title_avatarOrResource	6	text	General Basic Offer Popup Variant Premium_booster_title_avatarOrResource/window/Icon Currency Drawer Variant/Content/Ephemeral Drawer/Price Display/text	-	-		0.0000	190.6100	93.5475	93.5475	1058.53,837.57,1058.53,931.12	963.23,837.57,1153.84,931.12
7702034214215294339	General Basic Offer Popup Variant Premium_booster_title_avatarOrResource	3	Timer	General Basic Offer Popup Variant Premium_booster_title_avatarOrResource/window/Text/Timer	ok	unk	OK→UNK	197.6700	197.6700	26.7550	26.7550	1089.57,749.58,1287.24,776.34	1089.57,749.58,1287.24,776.34
7702034214215294339	General Basic Offer Popup Variant Premium_booster_title_avatarOrResource	7	text	General Basic Offer Popup Variant Premium_booster_title_avatarOrResource/window/Text/Purchase buttons/Price Display/Generic UI Button/Price Display/text	-	-		0.0000	124.5000	44.9601	44.9601	1083.16,693.27,1083.16,738.23	1020.91,693.27,1145.41,738.23
7702034214215294339	General Basic Offer Popup Variant Premium_booster_title_avatarOrResource	5	Button Text	General Basic Offer Popup Variant Premium_booster_title_avatarOrResource/window/Text/Purchase buttons/WebShop Button/Button Text	-	-		0.0000	132.0000	51.8850	51.8850	1339.54,689.26,1339.54,741.14	1273.54,689.26,1405.54,741.14
7702034214215294339	General Basic Offer Popup Variant Premium_booster_title_avatarOrResource	6	text	General Basic Offer Popup Variant Premium_booster_title_avatarOrResource/window/Icon Premium Campaign Drawer Variant/Content/Converted Drawer/Price Display/text	-	-		0.0000	108.9700	93.5475	93.5475	693.77,1003.15,693.77,1096.70	639.29,1003.15,748.26,1096.70
7702034214215294339	General Basic Offer Popup Variant Premium_booster_title_avatarOrResource	6	text	General Basic Offer Popup Variant Premium_booster_title_avatarOrResource/window/Icon Premium Campaign Drawer Variant/Content/Ephemeral Drawer/Price Display/text	-	-		0.0000	190.6100	93.5475	93.5475	693.77,1003.15,693.77,1096.70	598.47,1003.15,789.08,1096.70
7917334768966327538	General Basic Offer Container Variant 2 Currencies	7	text	General Basic Offer Container Variant 2 Currencies/background/Dynamic Content/Icon Currency Drawer Variant/Content/Converted Drawer/Price Display/text	-	-		0.0000	108.9700	93.5475	93.5475	272.31,1120.15,272.31,1213.70	217.83,1120.15,326.80,1213.70
7917334768966327538	General Basic Offer Container Variant 2 Currencies	7	text	General Basic Offer Container Variant 2 Currencies/background/Dynamic Content/Icon Currency Drawer Variant/Content/Ephemeral Drawer/Price Display/text	-	-		0.0000	190.6100	93.5475	93.5475	272.31,1120.15,272.31,1213.70	177.01,1120.15,367.62,1213.70
7917334768966327538	General Basic Offer Container Variant 2 Currencies	7	text	General Basic Offer Container Variant 2 Currencies/background/Dynamic Content/Icon Currency Drawer Variant (1)/Content/Converted Drawer/Price Display/text	-	-		0.0000	108.9700	93.5475	93.5475	196.31,1381.15,196.31,1474.70	141.83,1381.15,250.80,1474.70
7917334768966327538	General Basic Offer Container Variant 2 Currencies	7	text	General Basic Offer Container Variant 2 Currencies/background/Dynamic Content/Icon Currency Drawer Variant (1)/Content/Ephemeral Drawer/Price Display/text	-	-		0.0000	190.6100	93.5475	93.5475	196.31,1381.15,196.31,1474.70	101.01,1381.15,291.62,1474.70
7917334768966327538	General Basic Offer Container Variant 2 Currencies	6	text	General Basic Offer Container Variant 2 Currencies/background/name-bg/Price Display Button/Generic UI Button/Price Display/text	-	-		0.0000	92.2200	42.5532	42.5532	-20.94,1416.03,-20.94,1458.58	-67.05,1416.03,25.17,1458.58
7980150378349061248	General Basic Offer Popup Variant Booster_avatar_resource	6	text	General Basic Offer Popup Variant Booster_avatar_resource/window/Icon Container Drawer Variant/Content/Converted Drawer/Price Display/text	-	-		0.0000	108.9700	93.5475	93.5475	827.97,758.11,827.97,851.65	773.49,758.11,882.46,851.65
7980150378349061248	General Basic Offer Popup Variant Booster_avatar_resource	3	Timer	General Basic Offer Popup Variant Booster_avatar_resource/window/Text/Timer	ok	unk	OK→UNK	197.6700	197.6700	26.7550	26.7550	1089.57,749.58,1287.24,776.34	1089.57,749.58,1287.24,776.34
7980150378349061248	General Basic Offer Popup Variant Booster_avatar_resource	7	text	General Basic Offer Popup Variant Booster_avatar_resource/window/Text/Purchase buttons/Price Display/Generic UI Button/Price Display/text	-	-		0.0000	92.2200	44.9601	44.9601	1110.14,693.27,1110.14,738.23	1064.03,693.27,1156.25,738.23
7980150378349061248	General Basic Offer Popup Variant Booster_avatar_resource	5	Button Text	General Basic Offer Popup Variant Booster_avatar_resource/window/Text/Purchase buttons/WebShop Button/Button Text	-	-		0.0000	132.0000	51.8850	51.8850	1370.67,689.26,1370.67,741.14	1304.67,689.26,1436.67,741.14
7980150378349061248	General Basic Offer Popup Variant Booster_avatar_resource	6	text	General Basic Offer Popup Variant Booster_avatar_resource/window/Icon Avatar Drawer Variant/Content/Converted Drawer/Price Display/text	-	-		0.0000	108.9700	93.5475	93.5475	1077.89,901.26,1077.89,994.81	1023.40,901.26,1132.37,994.81
7980150378349061248	General Basic Offer Popup Variant Booster_avatar_resource	6	text	General Basic Offer Popup Variant Booster_avatar_resource/window/Icon Avatar Drawer Variant/Content/Ephemeral Drawer/Price Display/text	-	-		0.0000	190.6100	93.5475	93.5475	1077.89,901.26,1077.89,994.81	982.58,901.26,1173.19,994.81
7980150378349061248	General Basic Offer Popup Variant Booster_avatar_resource	6	text	General Basic Offer Popup Variant Booster_avatar_resource/window/Icon Currency Drawer Variant/Content/Converted Drawer/Price Display/text	-	-		0.0000	108.9700	93.5475	93.5475	787.65,847.73,787.65,941.27	733.17,847.73,842.14,941.27
7980150378349061248	General Basic Offer Popup Variant Booster_avatar_resource	6	text	General Basic Offer Popup Variant Booster_avatar_resource/window/Icon Currency Drawer Variant/Content/Ephemeral Drawer/Price Display/text	-	-		0.0000	190.6100	93.5475	93.5475	787.65,847.73,787.65,941.27	692.35,847.73,882.96,941.27
7991195384612967879	General Basic Offer Popup Variant Expansion pass	6	text	General Basic Offer Popup Variant Expansion pass/window/Icon Avatar Drawer Variant/Content/Converted Drawer/Price Display/text	-	-		0.0000	108.9700	93.5475	93.5475	809.81,800.82,809.81,894.37	755.32,800.82,864.29,894.37
7991195384612967879	General Basic Offer Popup Variant Expansion pass	6	text	General Basic Offer Popup Variant Expansion pass/window/Icon Avatar Drawer Variant/Content/Ephemeral Drawer/Price Display/text	-	-		0.0000	190.6100	93.5475	93.5475	809.81,800.82,809.81,894.37	714.50,800.82,905.11,894.37
7991195384612967879	General Basic Offer Popup Variant Expansion pass	6	text	General Basic Offer Popup Variant Expansion pass/window/Icon Currency Drawer Variant/Content/Converted Drawer/Price Display/text	-	-		0.0000	108.9700	93.5475	93.5475	1096.09,866.96,1096.09,960.51	1041.61,866.96,1150.58,960.51
7991195384612967879	General Basic Offer Popup Variant Expansion pass	6	text	General Basic Offer Popup Variant Expansion pass/window/Icon Currency Drawer Variant/Content/Ephemeral Drawer/Price Display/text	-	-		0.0000	190.6100	93.5475	93.5475	1096.09,866.96,1096.09,960.51	1000.78,866.96,1191.39,960.51
7991195384612967879	General Basic Offer Popup Variant Expansion pass	6	text	General Basic Offer Popup Variant Expansion pass/window/Card Drawer/Content/Converted Drawer/Price Display/text	-	-		0.0000	108.9700	93.5475	93.5475	797.71,675.21,797.71,768.75	743.23,675.21,852.20,768.75
7991195384612967879	General Basic Offer Popup Variant Expansion pass	6	text	General Basic Offer Popup Variant Expansion pass/window/Card Drawer/Content/Ephemeral Drawer/Price Display/text	-	-		0.0000	190.6100	93.5475	93.5475	797.71,675.21,797.71,768.75	702.41,675.21,893.02,768.75
7991195384612967879	General Basic Offer Popup Variant Expansion pass	4	Label	General Basic Offer Popup Variant Expansion pass/window/Cardback Drawer/Content/Label	ok	unk	OK→UNK	640.8000	640.8000	108.0000	108.0000	480.60,686.20,1121.40,794.20	480.60,686.20,1121.40,794.20
7991195384612967879	General Basic Offer Popup Variant Expansion pass	6	text	General Basic Offer Popup Variant Expansion pass/window/Cardback Drawer/Content/Converted Drawer/Price Display/text	-	-		0.0000	34.3640	29.5005	29.5005	596.39,728.21,596.39,757.71	579.21,728.21,613.57,757.71
7991195384612967879	General Basic Offer Popup Variant Expansion pass	6	text	General Basic Offer Popup Variant Expansion pass/window/Cardback Drawer/Content/Ephemeral Drawer/Price Display/text	-	-		0.0000	60.1094	29.5005	29.5005	596.39,728.21,596.39,757.71	566.33,728.21,626.44,757.71
7991195384612967879	General Basic Offer Popup Variant Expansion pass	4	Label	General Basic Offer Popup Variant Expansion pass/window/Avatar Border Drawer Shop Variant/Content/Label	ok	unk	OK→UNK	640.8000	640.8000	108.0000	108.0000	209.20,966.10,850.00,1074.10	209.20,966.10,850.00,1074.10
7991195384612967879	General Basic Offer Popup Variant Expansion pass	6	text	General Basic Offer Popup Variant Expansion pass/window/Avatar Border Drawer Shop Variant/Content/Ephemeral Drawer/Price Display/text	-	-		0.0000	76.0322	37.3151	37.3151	355.66,1019.24,355.66,1056.56	317.65,1019.24,393.68,1056.56
7991195384612967879	General Basic Offer Popup Variant Expansion pass	6	text	General Basic Offer Popup Variant Expansion pass/window/Card Drawer (1)/Content/Converted Drawer/Price Display/text	-	-		0.0000	108.9700	93.5475	93.5475	1058.09,647.13,1058.09,740.67	1003.60,647.13,1112.57,740.67
7991195384612967879	General Basic Offer Popup Variant Expansion pass	6	text	General Basic Offer Popup Variant Expansion pass/window/Card Drawer (1)/Content/Ephemeral Drawer/Price Display/text	-	-		0.0000	190.6100	93.5475	93.5475	1058.09,647.13,1058.09,740.67	962.78,647.13,1153.39,740.67
7991195384612967879	General Basic Offer Popup Variant Expansion pass	6	text	General Basic Offer Popup Variant Expansion pass/window/Icon Expansion Pass Premium Drawer Variant Variant/Content/Converted Drawer/Price Display/text	-	-		0.0000	43.1541	37.0465	37.0465	478.45,1177.86,478.45,1214.91	456.87,1177.86,500.02,1214.91
7991195384612967879	General Basic Offer Popup Variant Expansion pass	6	text	General Basic Offer Popup Variant Expansion pass/window/Icon Expansion Pass Premium Drawer Variant Variant/Content/Ephemeral Drawer/Price Display/text	-	-		0.0000	75.4850	37.0465	37.0465	478.45,1177.86,478.45,1214.91	440.70,1177.86,516.19,1214.91
7991195384612967879	General Basic Offer Popup Variant Expansion pass	3	Timer	General Basic Offer Popup Variant Expansion pass/window/Text/Timer	ok	unk	OK→UNK	197.6700	197.6700	26.7550	26.7550	1089.57,749.58,1287.24,776.34	1089.57,749.58,1287.24,776.34
7991195384612967879	General Basic Offer Popup Variant Expansion pass	7	text	General Basic Offer Popup Variant Expansion pass/window/Text/Purchase buttons/Price Display/Generic UI Button/Price Display/text	-	-		0.0000	124.5000	44.9601	44.9601	1110.14,693.27,1110.14,738.23	1047.89,693.27,1172.39,738.23
7992547736266529480	Forge Points Drawer	2	Label	Forge Points Drawer/Content/Label	ok	unk	OK→UNK	640.8000	640.8000	108.0000	108.0000	639.60,810.00,1280.40,918.00	639.60,810.00,1280.40,918.00
7992547736266529480	Forge Points Drawer	4	text	Forge Points Drawer/Content/Converted Drawer/Price Display/text	-	-		0.0000	108.9700	93.5475	93.5475	1006.77,943.23,1006.77,1036.77	952.29,943.23,1061.26,1036.77
7992547736266529480	Forge Points Drawer	4	text	Forge Points Drawer/Content/Ephemeral Drawer/Price Display/text	-	-		0.0000	190.6100	93.5475	93.5475	1006.77,943.23,1006.77,1036.77	911.47,943.23,1102.08,1036.77
8062273106828348184	General Basic Offer Popup Variant Booster_cardback_resource	6	text	General Basic Offer Popup Variant Booster_cardback_resource/window/Icon Container Drawer Variant/Content/Converted Drawer/Price Display/text	-	-		0.0000	108.9700	93.5475	93.5475	831.97,777.11,831.97,870.65	777.49,777.11,886.46,870.65
8062273106828348184	General Basic Offer Popup Variant Booster_cardback_resource	3	Timer	General Basic Offer Popup Variant Booster_cardback_resource/window/Text/Timer	ok	unk	OK→UNK	197.6700	197.6700	26.7550	26.7550	1089.57,749.58,1287.24,776.34	1089.57,749.58,1287.24,776.34
8062273106828348184	General Basic Offer Popup Variant Booster_cardback_resource	7	text	General Basic Offer Popup Variant Booster_cardback_resource/window/Text/Purchase buttons/Price Display/Generic UI Button/Price Display/text	-	-		0.0000	92.2200	44.9601	44.9601	1110.14,693.27,1110.14,738.23	1064.03,693.27,1156.25,738.23
8062273106828348184	General Basic Offer Popup Variant Booster_cardback_resource	5	Button Text	General Basic Offer Popup Variant Booster_cardback_resource/window/Text/Purchase buttons/WebShop Button/Button Text	-	-		0.0000	132.0000	51.8850	51.8850	1370.67,689.26,1370.67,741.14	1304.67,689.26,1436.67,741.14
8062273106828348184	General Basic Offer Popup Variant Booster_cardback_resource	4	Label	General Basic Offer Popup Variant Booster_cardback_resource/window/Cardback Drawer/Content/Label	ok	unk	OK→UNK	640.8000	640.8000	108.0000	108.0000	179.20,789.10,820.00,897.10	179.20,789.10,820.00,897.10
8062273106828348184	General Basic Offer Popup Variant Booster_cardback_resource	6	text	General Basic Offer Popup Variant Booster_cardback_resource/window/Cardback Drawer/Content/Converted Drawer/Price Display/text	-	-		0.0000	43.6846	37.5019	37.5019	326.39,842.51,326.39,880.01	304.55,842.51,348.24,880.01
8062273106828348184	General Basic Offer Popup Variant Booster_cardback_resource	6	text	General Basic Offer Popup Variant Booster_cardback_resource/window/Cardback Drawer/Content/Ephemeral Drawer/Price Display/text	-	-		0.0000	76.4129	37.5019	37.5019	326.39,842.51,326.39,880.01	288.19,842.51,364.60,880.01
8062273106828348184	General Basic Offer Popup Variant Booster_cardback_resource	6	text	General Basic Offer Popup Variant Booster_cardback_resource/window/Icon Currency Drawer Variant/Content/Converted Drawer/Price Display/text	-	-		0.0000	108.9700	93.5475	93.5475	1048.65,897.73,1048.65,991.27	994.17,897.73,1103.14,991.27
8062273106828348184	General Basic Offer Popup Variant Booster_cardback_resource	6	text	General Basic Offer Popup Variant Booster_cardback_resource/window/Icon Currency Drawer Variant/Content/Ephemeral Drawer/Price Display/text	-	-		0.0000	190.6100	93.5475	93.5475	1048.65,897.73,1048.65,991.27	953.35,897.73,1143.96,991.27
8203037592003709352	Deck info Popup	7	Text fill	Deck info Popup/Info Panel/Deck List/Content/Deck Selector Card Info button/Content/Background/Text fill	ok	unk	OK→UNK	-5.0000	-5.0000	0.0000	0.0000	659.00,868.10,654.00,868.10	659.00,868.10,654.00,868.10
8435719331632918616	Base Drawer	2	Label	Base Drawer/Content/Label	ok	unk	OK→UNK	640.8000	640.8000	108.0000	108.0000	639.60,810.00,1280.40,918.00	639.60,810.00,1280.40,918.00
8435719331632918616	Base Drawer	4	text	Base Drawer/Content/Converted Drawer/Price Display/text	-	-		0.0000	108.9700	93.5475	93.5475	1006.77,943.23,1006.77,1036.77	952.29,943.23,1061.26,1036.77
8435719331632918616	Base Drawer	4	text	Base Drawer/Content/Ephemeral Drawer/Price Display/text	-	-		0.0000	190.6100	93.5475	93.5475	1006.77,943.23,1006.77,1036.77	911.47,943.23,1102.08,1036.77
8897360498599033394	Player Profile Window	7	Name and Title Holder	Player Profile Window/Menu Area/Tab  Area/Tab Content/Profile Tab/Player Info/Info Section with Alliance/Name and Title Holder	ok	unk	OK→UNK	864.3366	864.3366	49.8280	49.8280	510.19,168.16,1374.52,217.99	510.19,168.16,1374.52,217.99
8897360498599033394	Player Profile Window	7	Content	Player Profile Window/Menu Area/Tab  Area/Tab Content/Profile Tab/Ranking/Current Rank/Content	ok	unk	OK→UNK	372.6028	372.6028	489.4792	489.4792	375.74,339.65,748.34,829.13	375.74,339.65,748.34,829.13
8897360498599033394	Player Profile Window	9	Timer	Player Profile Window/Menu Area/Tab  Area/Tab Content/Profile Tab/Ranking/Current Rank/Content/Timer/Timer	-	-		0.0000	167.6400	55.9050	55.9050	395.16,803.68,395.16,859.58	311.34,803.68,478.98,859.58
8897360498599033394	Player Profile Window	9	Highest Faction Rating	Player Profile Window/Menu Area/Tab  Area/Tab Content/Profile Tab/Ranking/Current Rank/Content/footer/Highest Faction Rating	ok	unk	OK→UNK	355.4387	355.4387	39.7997	39.7997	179.32,617.75,534.76,657.55	179.32,617.75,534.76,657.55
8897360498599033394	Player Profile Window	10	Rating Text	Player Profile Window/Menu Area/Tab  Area/Tab Content/Profile Tab/Ranking/Current Rank/Content/footer/Highest Faction Rating/Rating Text	ok	unk	OK→UNK	120.0000	0.0000	59.1670	59.1670	297.04,608.07,417.04,667.23	357.04,608.07,357.04,667.23
8897360498599033394	Player Profile Window	11	Secondary Icon	Player Profile Window/Menu Area/Tab  Area/Tab Content/Profile Tab/Ranking/Current Rank/Content/footer/Highest Faction Rating/Rating Text/Secondary Icon	-	-		60.0000	60.0000	59.1670	59.1670	297.04,608.07,357.04,667.23	357.04,608.07,417.04,667.23
8897360498599033394	Player Profile Window	11	Main Icon	Player Profile Window/Menu Area/Tab  Area/Tab Content/Profile Tab/Ranking/Current Rank/Content/footer/Highest Faction Rating/Rating Text/Main Icon	-	-		60.0000	60.0000	59.1670	59.1670	357.04,608.07,417.04,667.23	417.04,608.07,477.04,667.23
8897360498599033394	Player Profile Window	11	Individual rating value	Player Profile Window/Menu Area/Tab  Area/Tab Content/Profile Tab/Ranking/Current Rank/Content/footer/Highest Faction Rating/Rating Text/Individual rating value	-	-		0.0000	0.0000	0.0000	0.0000	417.04,637.65,417.04,637.65	477.04,637.65,477.04,637.65
8897360498599033394	Player Profile Window	9	MainRating	Player Profile Window/Menu Area/Tab  Area/Tab Content/Profile Tab/Ranking/Current Rank/Content/footer/MainRating	ok	unk	OK→UNK	386.3734	386.3734	60.3253	60.3253	368.85,457.65,755.23,517.98	368.85,457.65,755.23,517.98
8897360498599033394	Player Profile Window	10	Mission Milestones Progress	Player Profile Window/Menu Area/Tab  Area/Tab Content/Profile Tab/Ranking/Current Rank/Content/footer/MainRating/Mission Milestones Progress	-	-		163.1867	193.1867	86.5143	86.5143	368.85,444.56,532.04,531.07	368.85,444.56,562.04,531.07
8897360498599033394	Player Profile Window	11	steps	Player Profile Window/Menu Area/Tab  Area/Tab Content/Profile Tab/Ranking/Current Rank/Content/footer/MainRating/Mission Milestones Progress/steps	ok	ok		163.1867	193.1867	86.5143	86.5143	368.85,444.56,532.04,531.07	368.85,444.56,562.04,531.07
8897360498599033394	Player Profile Window	12	RankedSealStep	Player Profile Window/Menu Area/Tab  Area/Tab Content/Profile Tab/Ranking/Current Rank/Content/footer/MainRating/Mission Milestones Progress/steps/RankedSealStep	-	-		40.7967	48.2967	60.3250	60.3250	368.85,457.65,409.65,517.98	368.85,457.65,417.15,517.98
8897360498599033394	Player Profile Window	12	RankedSealStep (2)	Player Profile Window/Menu Area/Tab  Area/Tab Content/Profile Tab/Ranking/Current Rank/Content/footer/MainRating/Mission Milestones Progress/steps/RankedSealStep (2)	-	-		40.7967	48.2967	60.3250	60.3250	409.65,457.65,450.45,517.98	417.15,457.65,465.45,517.98
8897360498599033394	Player Profile Window	12	RankedSealStep (3)	Player Profile Window/Menu Area/Tab  Area/Tab Content/Profile Tab/Ranking/Current Rank/Content/footer/MainRating/Mission Milestones Progress/steps/RankedSealStep (3)	-	-		40.7967	48.2967	60.3250	60.3250	450.45,457.65,491.24,517.98	465.45,457.65,513.74,517.98
8897360498599033394	Player Profile Window	12	RankedSealStep (4)	Player Profile Window/Menu Area/Tab  Area/Tab Content/Profile Tab/Ranking/Current Rank/Content/footer/MainRating/Mission Milestones Progress/steps/RankedSealStep (4)	-	-		40.7967	48.2967	60.3250	60.3250	491.24,457.65,532.04,517.98	513.74,457.65,562.04,517.98
8897360498599033394	Player Profile Window	10	Global Rating	Player Profile Window/Menu Area/Tab  Area/Tab Content/Profile Tab/Ranking/Current Rank/Content/footer/MainRating/Global Rating	ok	unk	OK→UNK	223.1867	193.1867	57.3560	57.3560	532.04,459.14,755.23,516.49	562.04,459.14,755.23,516.49
8897360498599033394	Player Profile Window	11	Secondary Icon	Player Profile Window/Menu Area/Tab  Area/Tab Content/Profile Tab/Ranking/Current Rank/Content/footer/MainRating/Global Rating/Secondary Icon	-	-		0.0000	0.0000	0.0000	0.0000	532.04,516.49,532.04,516.49	562.04,516.49,562.04,516.49
8897360498599033394	Player Profile Window	11	Main Icon	Player Profile Window/Menu Area/Tab  Area/Tab Content/Profile Tab/Ranking/Current Rank/Content/footer/MainRating/Global Rating/Main Icon	-	-		60.0000	60.0000	57.3560	57.3560	613.63,459.14,673.63,516.49	628.63,459.14,688.63,516.49
8897360498599033394	Player Profile Window	11	Individual rating value	Player Profile Window/Menu Area/Tab  Area/Tab Content/Profile Tab/Ranking/Current Rank/Content/footer/MainRating/Global Rating/Individual rating value	-	-		0.0000	0.0000	0.0000	0.0000	673.63,487.81,673.63,487.81	688.63,487.81,688.63,487.81
8897360498599033394	Player Profile Window	7	Content	Player Profile Window/Menu Area/Tab  Area/Tab Content/Profile Tab/Ranking/Highest Rank/Content	ok	unk	OK→UNK	315.1429	315.1429	466.2119	466.2119	798.26,340.49,1113.41,806.70	798.26,340.49,1113.41,806.70
8897360498599033394	Player Profile Window	9	Timer	Player Profile Window/Menu Area/Tab  Area/Tab Content/Profile Tab/Ranking/Highest Rank/Content/Timer/Timer	-	-		0.0000	167.6400	55.9050	55.9050	817.68,781.25,817.68,837.16	733.86,781.25,901.50,837.16
8897360498599033394	Player Profile Window	9	Highest Faction Rating	Player Profile Window/Menu Area/Tab  Area/Tab Content/Profile Tab/Ranking/Highest Rank/Content/footer/Highest Faction Rating	ok	unk	OK→UNK	355.4387	355.4387	0.0000	0.0000	778.12,464.80,1133.55,464.80	778.12,464.80,1133.55,464.80
8897360498599033394	Player Profile Window	10	Rating Text	Player Profile Window/Menu Area/Tab  Area/Tab Content/Profile Tab/Ranking/Highest Rank/Content/footer/Highest Faction Rating/Rating Text	ok	unk	OK→UNK	86.0000	0.0000	35.9000	35.9000	912.84,446.85,998.84,482.75	955.84,446.85,955.84,482.75
8897360498599033394	Player Profile Window	11	Secondary Icon	Player Profile Window/Menu Area/Tab  Area/Tab Content/Profile Tab/Ranking/Highest Rank/Content/footer/Highest Faction Rating/Rating Text/Secondary Icon	-	-		43.0000	0.0000	35.9000	35.9000	912.84,446.85,955.84,482.75	955.84,446.85,955.84,482.75
8897360498599033394	Player Profile Window	11	Main Icon	Player Profile Window/Menu Area/Tab  Area/Tab Content/Profile Tab/Ranking/Highest Rank/Content/footer/Highest Faction Rating/Rating Text/Main Icon	-	-		43.0000	0.0000	35.9000	35.9000	955.84,446.85,998.84,482.75	955.84,446.85,955.84,482.75
8897360498599033394	Player Profile Window	11	Individual rating value	Player Profile Window/Menu Area/Tab  Area/Tab Content/Profile Tab/Ranking/Highest Rank/Content/footer/Highest Faction Rating/Rating Text/Individual rating value	-	-		0.0000	0.0000	0.0000	0.0000	998.84,464.80,998.84,464.80	955.84,464.80,955.84,464.80
8897360498599033394	Player Profile Window	9	MainRating	Player Profile Window/Menu Area/Tab  Area/Tab Content/Profile Tab/Ranking/Highest Rank/Content/footer/MainRating	ok	unk	OK→UNK	386.3734	386.3734	43.1000	43.1000	762.65,497.39,1149.02,540.49	762.65,497.39,1149.02,540.49
8897360498599033394	Player Profile Window	10	Global Rating	Player Profile Window/Menu Area/Tab  Area/Tab Content/Profile Tab/Ranking/Highest Rank/Content/footer/MainRating/Global Rating	ok	unk	OK→UNK	386.3734	386.3734	34.4000	34.4000	762.65,501.74,1149.02,536.14	762.65,501.74,1149.02,536.14
8897360498599033394	Player Profile Window	9	Rating Text	Player Profile Window/Menu Area/Tab  Area/Tab Content/Profile Tab/Ranking/Highest Rank/Content/Legendarey Counter/Rating Text	ok	unk	OK→UNK	330.6681	330.6681	36.2908	36.2908	790.50,683.75,1121.17,720.04	790.50,683.75,1121.17,720.04
8897360498599033394	Player Profile Window	9	Rating Text	Player Profile Window/Menu Area/Tab  Area/Tab Content/Profile Tab/Ranking/Legendary Display Profile/Content/Legendary Counter/Rating Text	ok	unk	OK→UNK	330.6681	330.6681	36.2908	36.2908	790.50,389.60,1121.17,425.89	790.50,389.60,1121.17,425.89
8897360498599033394	Player Profile Window	9	text	Player Profile Window/Menu Area/Tab  Area/Tab Content/Profile Tab/ChooseNameWindow/Change Name Button/Generic UI Button/Price Display/text	-	-		0.0000	92.2200	51.4738	51.4738	989.81,586.77,989.81,638.24	943.70,586.77,1035.92,638.24
8897360498599033394	Player Profile Window	7	Name and Title Holder	Player Profile Window/Menu Area/Tab  Area/Tab Content/Ranking Tab/Profile Player Info/Info Section with Alliance/Name and Title Holder	ok	unk	OK→UNK	864.3366	864.3366	49.8280	49.8280	510.19,168.16,1374.52,217.99	510.19,168.16,1374.52,217.99
8897360498599033394	Player Profile Window	9	Alliance Rating Display	Player Profile Window/Menu Area/Tab  Area/Tab Content/Ranking Tab/Top4/content/left-side/#1 FactionScoreBig/Alliance Rating Display	ok	unk	OK→UNK	164.0000	164.0000	41.0000	41.0000	397.36,509.26,561.36,550.26	397.36,509.26,561.36,550.26
8897360498599033394	Player Profile Window	9	MaxRating	Player Profile Window/Menu Area/Tab  Area/Tab Content/Ranking Tab/Top4/content/left-side/#1 FactionScoreBig/MaxRating	ok	unk	OK→UNK	164.0000	164.0000	26.7615	26.7615	397.36,550.26,561.36,577.02	397.36,550.26,561.36,577.02
8897360498599033394	Player Profile Window	9	Alliance Rating Display	Player Profile Window/Menu Area/Tab  Area/Tab Content/Ranking Tab/Top4/content/left-side/#2 FactionScoreBig/Alliance Rating Display	ok	unk	OK→UNK	164.0000	164.0000	41.0000	41.0000	397.36,789.70,561.36,830.70	397.36,789.70,561.36,830.70
8897360498599033394	Player Profile Window	9	MaxRating	Player Profile Window/Menu Area/Tab  Area/Tab Content/Ranking Tab/Top4/content/left-side/#2 FactionScoreBig/MaxRating	ok	unk	OK→UNK	164.0000	164.0000	26.7615	26.7615	397.36,830.70,561.36,857.46	397.36,830.70,561.36,857.46
8897360498599033394	Player Profile Window	9	MainRating	Player Profile Window/Menu Area/Tab  Area/Tab Content/Ranking Tab/Top4/content/center/footer/MainRating	ok	unk	OK→UNK	355.4387	355.4387	60.3253	60.3253	591.29,805.58,946.73,865.91	591.29,805.58,946.73,865.91
8897360498599033394	Player Profile Window	10	Global Rating	Player Profile Window/Menu Area/Tab  Area/Tab Content/Ranking Tab/Top4/content/center/footer/MainRating/Global Rating	ok	unk	OK→UNK	355.4387	355.4387	57.3560	57.3560	591.29,807.07,946.73,864.42	591.29,807.07,946.73,864.42
8897360498599033394	Player Profile Window	9	Alliance Rating Display	Player Profile Window/Menu Area/Tab  Area/Tab Content/Ranking Tab/Top4/content/right-side/#3 FactionScoreBig/Alliance Rating Display	ok	unk	OK→UNK	164.0000	164.0000	41.0000	41.0000	976.66,509.26,1140.66,550.26	976.66,509.26,1140.66,550.26
8897360498599033394	Player Profile Window	9	MaxRating	Player Profile Window/Menu Area/Tab  Area/Tab Content/Ranking Tab/Top4/content/right-side/#3 FactionScoreBig/MaxRating	ok	unk	OK→UNK	164.0000	164.0000	26.7615	26.7615	976.66,550.26,1140.66,577.02	976.66,550.26,1140.66,577.02
8897360498599033394	Player Profile Window	9	Alliance Rating Display	Player Profile Window/Menu Area/Tab  Area/Tab Content/Ranking Tab/Top4/content/right-side/#4 FactionScoreBig/Alliance Rating Display	ok	unk	OK→UNK	164.0000	164.0000	41.0000	41.0000	976.66,789.70,1140.66,830.70	976.66,789.70,1140.66,830.70
8897360498599033394	Player Profile Window	9	MaxRating	Player Profile Window/Menu Area/Tab  Area/Tab Content/Ranking Tab/Top4/content/right-side/#4 FactionScoreBig/MaxRating	ok	unk	OK→UNK	164.0000	164.0000	26.7615	26.7615	976.66,830.70,1140.66,857.46	976.66,830.70,1140.66,857.46
8969048085094699929	Card Shop VIP Tab Variant	2	TimeCounter	Card Shop VIP Tab Variant/daily shop header/TimeCounter	ok	unk	OK→UNK	311.3983	311.3983	80.0000	80.0000	200.30,-0.00,511.70,80.00	200.30,-0.00,511.70,80.00
8969048085094699929	Card Shop VIP Tab Variant	3	No VIP	Card Shop VIP Tab Variant/daily shop header/VIP Status/No VIP	-	-		0.0000	526.4100	48.8890	48.8890	814.25,12.10,814.25,60.99	814.25,12.10,1340.66,60.99
8969048085094699929	Card Shop VIP Tab Variant	4	tooltip trigger	Card Shop VIP Tab Variant/daily shop header/VIP Status/No VIP/tooltip trigger	-	-		51.0140	51.0140	48.4800	48.4800	826.35,12.30,877.36,60.78	1352.76,12.30,1403.77,60.78
8969048085094699929	Card Shop VIP Tab Variant	10	text	Card Shop VIP Tab Variant/Packs Scroll View/Viewport/Content/Catalog Item Shop Container/background/price-bg/Price Display Button/Generic UI Button/Price Display/text	-	-		0.0000	124.5000	0.1959	0.1959	264.03,1080.62,264.03,1080.82	201.78,1080.62,326.28,1080.82
8969048085094699929	Card Shop VIP Tab Variant	11	text	Card Shop VIP Tab Variant/Packs Scroll View/Viewport/Content/Catalog Item Shop Container/background/DrawerHolder/Card Drawer/Content/Converted Drawer/Price Display/text	-	-		0.0000	108.9700	93.5475	93.5475	529.32,1222.74,529.32,1316.29	474.84,1222.74,583.81,1316.29
8969048085094699929	Card Shop VIP Tab Variant	11	text	Card Shop VIP Tab Variant/Packs Scroll View/Viewport/Content/Catalog Item Shop Container/background/DrawerHolder/Card Drawer/Content/Ephemeral Drawer/Price Display/text	-	-		0.0000	190.6100	93.5475	93.5475	529.32,1222.74,529.32,1316.29	434.02,1222.74,624.63,1316.29
9055579458391151760	Container Drawer	2	Label	Container Drawer/Content/Label	ok	unk	OK→UNK	640.8000	640.8000	108.0000	108.0000	639.60,810.00,1280.40,918.00	639.60,810.00,1280.40,918.00
9055579458391151760	Container Drawer	4	text	Container Drawer/Content/Converted Drawer/Price Display/text	-	-		0.0000	108.9700	93.5475	93.5475	1006.77,943.23,1006.77,1036.77	952.29,943.23,1061.26,1036.77
9157271151543223167	Avatar Drawer	2	Label	Avatar Drawer/Content/Label	ok	unk	OK→UNK	640.8000	640.8000	108.0000	108.0000	639.60,810.00,1280.40,918.00	639.60,810.00,1280.40,918.00
9157271151543223167	Avatar Drawer	4	text	Avatar Drawer/Content/Converted Drawer/Price Display/text	-	-		0.0000	108.9700	93.5475	93.5475	1006.77,943.23,1006.77,1036.77	952.29,943.23,1061.26,1036.77
9157271151543223167	Avatar Drawer	4	text	Avatar Drawer/Content/Ephemeral Drawer/Price Display/text	-	-		0.0000	190.6100	93.5475	93.5475	1006.77,943.23,1006.77,1036.77	911.47,943.23,1102.08,1036.77
