name	width	height	mipCount	bundle
01-Rook	512	512	1	rankeddivisionicons_assets_all.bundle
02-Veteran	512	512	1	rankeddivisionicons_assets_all.bundle
03-Commander	512	512	1	rankeddivisionicons_assets_all.bundle
04-Admiral	512	512	1	rankeddivisionicons_assets_all.bundle
05-Conqueror	512	512	1	rankeddivisionicons_assets_all.bundle
06-Galactic Threat	512	512	1	rankeddivisionicons_assets_all.bundle
07-Legend	512	512	1	rankeddivisionicons_assets_all.bundle
1	512	512	10	battlesharedresources_assets_all.bundle
10	64	64	7	battleprefabs_vfxandmisc_assets_all.bundle
2	512	512	10	battlesharedresources_assets_all.bundle
2_40k_cardframe_rarity_rare	84	76	1	shaders_assets_all.bundle
3	512	512	10	battlesharedresources_assets_all.bundle
40K_ArmyTrack_bar_position	64	64	1	menusharedresources_assets_all.bundle
40K_Icon_trait_fast	256	256	9	battleprefabs_vfxandmisc_assets_all.bundle
40K_Icon_trait_flank	256	256	9	battleprefabs_vfxandmisc_assets_all.bundle
40K_Icon_trait_mob	256	256	9	battleprefabs_vfxandmisc_assets_all.bundle
40K_display_Flavortext Aeldari	1024	128	1	flavourframes_assets_all.bundle
40K_display_Flavortext Astra Militarum	1024	128	1	flavourframes_assets_all.bundle
40K_display_Flavortext Black Legion	1024	128	1	flavourframes_assets_all.bundle
40K_display_Flavortext Dark Angels	1024	128	1	flavourframes_assets_all.bundle
40K_display_Flavortext Emperors Children	1024	128	1	flavourframes_assets_all.bundle
40K_display_Flavortext Genestealers	1024	128	1	flavourframes_assets_all.bundle
40K_display_Flavortext Necron	1024	128	1	flavourframes_assets_all.bundle
40K_display_Flavortext Orks	1024	128	1	flavourframes_assets_all.bundle
40K_display_Flavortext Sororitas	1024	128	1	flavourframes_assets_all.bundle
40K_display_Flavortext Space Wolves	1024	128	1	flavourframes_assets_all.bundle
40K_display_Flavortext Tau	1024	128	1	flavourframes_assets_all.bundle
40K_display_Flavortext Tyranid	1024	128	1	flavourframes_assets_all.bundle
40K_display_Flavortext Ultramarines	1024	128	1	flavourframes_assets_all.bundle
40K_genearl_icon_Campaign points	128	128	1	menusharedresources_assets_all.bundle
40K_genearl_icon_Campaign points_big	256	256	1	menusharedresources_assets_all.bundle
40K_general_icon_currency blackstone	512	512	1	boosterpacks_assets_all.bundle
40K_icon_card_VIP	512	512	10	boosterpacks_assets_all.bundle
40K_icon_ticket_bundle	512	512	10	boosterpacks_assets_all.bundle
40K_shop_offer_bg_AM	512	512	1	boosterpacks_assets_all.bundle
40K_shop_offer_bg_BL	512	512	1	boosterpacks_assets_all.bundle
40K_shop_offer_bg_Dark Angels	512	512	1	boosterpacks_assets_all.bundle
40K_shop_offer_bg_Emperors Children	512	512	1	boosterpacks_assets_all.bundle
40K_shop_offer_bg_Genestealers	512	512	1	boosterpacks_assets_all.bundle
40K_shop_offer_bg_Goff	512	512	1	boosterpacks_assets_all.bundle
40K_shop_offer_bg_Leviathan	512	512	1	boosterpacks_assets_all.bundle
40K_shop_offer_bg_Referral	512	512	1	boosterpacks_assets_all.bundle
40K_shop_offer_bg_SW	512	512	1	boosterpacks_assets_all.bundle
40K_shop_offer_bg_SaimHann	512	512	1	boosterpacks_assets_all.bundle
40K_shop_offer_bg_Sautekh	512	512	1	boosterpacks_assets_all.bundle
40K_shop_offer_bg_Sororitas	512	512	1	boosterpacks_assets_all.bundle
40K_shop_offer_bg_Tau	512	512	1	boosterpacks_assets_all.bundle
40K_shop_offer_bg_UM	512	512	1	boosterpacks_assets_all.bundle
40K_shop_offer_bg_generic	512	512	1	boosterpacks_assets_all.bundle
40K_shop_offer_booster_AM	1024	1024	1	boosterpacks_assets_all.bundle
40K_shop_offer_booster_BL	1024	1024	1	boosterpacks_assets_all.bundle
40K_shop_offer_booster_Dark Angels	1024	1024	1	boosterpacks_assets_all.bundle
40K_shop_offer_booster_Emperors Children	1024	1024	1	boosterpacks_assets_all.bundle
40K_shop_offer_booster_Genestealers	1024	1024	1	boosterpacks_assets_all.bundle
40K_shop_offer_booster_Ork	1024	1024	1	boosterpacks_assets_all.bundle
40K_shop_offer_booster_Ork Expansion	1024	1024	1	boosterpacks_assets_all.bundle
40K_shop_offer_booster_SaimHann	1024	1024	1	boosterpacks_assets_all.bundle
40K_shop_offer_booster_Sautekh	1024	1024	1	boosterpacks_assets_all.bundle
40K_shop_offer_booster_Sororitas	1024	1024	1	boosterpacks_assets_all.bundle
40K_shop_offer_booster_Space Wolves	1024	1024	1	boosterpacks_assets_all.bundle
40K_shop_offer_booster_Tau	1024	1024	1	boosterpacks_assets_all.bundle
40K_shop_offer_booster_UM	1024	1024	1	boosterpacks_assets_all.bundle
40K_shop_offer_booster_UM Expansion 1	2048	2048	1	boosterpacks_assets_all.bundle
40K_shop_offer_booster_generic	1024	1024	1	boosterpacks_assets_all.bundle
40K_shop_offer_booster_leviathan	1024	1024	1	boosterpacks_assets_all.bundle
40k Trait icon atlas	1024	1024	1	atlasindividual_assets_40ktraiticonatlas.bundle
40k_Cardframe_stratagem_BlackLegion_SDF_tier1	128	128	1	chaosspacemarinesblacklegioncardassets_assets_all.bundle
40k_Cardframe_stratagem_BlackLegion_SDF_tier2	128	128	1	chaosspacemarinesblacklegioncardassets_assets_all.bundle
40k_Cardframe_stratagem_BlackLegion_SDF_tier3	128	128	1	chaosspacemarinesblacklegioncardassets_assets_all.bundle
40k_Cardframe_stratagem_BlackLegion_SDF_tier4	128	128	1	chaosspacemarinesblacklegioncardassets_assets_all.bundle
40k_Cardframe_stratagem_BlackLegion_tier1	1024	1024	1	chaosspacemarinesblacklegioncardassets_assets_all.bundle
40k_Cardframe_stratagem_BlackLegion_tier2	1024	1024	1	chaosspacemarinesblacklegioncardassets_assets_all.bundle
40k_Cardframe_stratagem_BlackLegion_tier3	1024	1024	1	chaosspacemarinesblacklegioncardassets_assets_all.bundle
40k_Cardframe_stratagem_BlackLegion_tier4	1024	1024	1	chaosspacemarinesblacklegioncardassets_assets_all.bundle
40k_Cardframe_stratagem_GSC_SDF_tier1	128	128	1	genestealercultscardassets_assets_all.bundle
40k_Cardframe_stratagem_GSC_SDF_tier2	128	128	1	genestealercultscardassets_assets_all.bundle
40k_Cardframe_stratagem_GSC_SDF_tier3	128	128	1	genestealercultscardassets_assets_all.bundle
40k_Cardframe_stratagem_GSC_SDF_tier4	128	128	1	genestealercultscardassets_assets_all.bundle
40k_Cardframe_stratagem_GSC_tier1	1024	1024	1	genestealercultscardassets_assets_all.bundle
40k_Cardframe_stratagem_GSC_tier2	1024	1024	1	genestealercultscardassets_assets_all.bundle
40k_Cardframe_stratagem_GSC_tier3	1024	1024	1	genestealercultscardassets_assets_all.bundle
40k_Cardframe_stratagem_GSC_tier4	1024	1024	1	genestealercultscardassets_assets_all.bundle
40k_Cardframe_stratagem_Leviathan_SDF_tier1	128	128	1	tyranidsleviathancardassets_assets_all.bundle
40k_Cardframe_stratagem_Leviathan_SDF_tier2	128	128	1	tyranidsleviathancardassets_assets_all.bundle
40k_Cardframe_stratagem_Leviathan_SDF_tier3	128	128	1	tyranidsleviathancardassets_assets_all.bundle
40k_Cardframe_stratagem_Leviathan_SDF_tier4	128	128	1	tyranidsleviathancardassets_assets_all.bundle
40k_Cardframe_stratagem_Leviathan_tier1	1024	1024	1	tyranidsleviathancardassets_assets_all.bundle
40k_Cardframe_stratagem_Leviathan_tier2	1024	1024	1	tyranidsleviathancardassets_assets_all.bundle
40k_Cardframe_stratagem_Leviathan_tier3	1024	1024	1	tyranidsleviathancardassets_assets_all.bundle
40k_Cardframe_stratagem_Leviathan_tier4	1024	1024	1	tyranidsleviathancardassets_assets_all.bundle
40k_Cardframe_stratagem_Orks_SDF_tier1	128	128	1	orksgoffcardassets_assets_all.bundle
40k_Cardframe_stratagem_Orks_SDF_tier2	128	128	1	orksgoffcardassets_assets_all.bundle
40k_Cardframe_stratagem_Orks_SDF_tier3	128	128	1	orksgoffcardassets_assets_all.bundle
40k_Cardframe_stratagem_Orks_SDF_tier4	128	128	1	orksgoffcardassets_assets_all.bundle
40k_Cardframe_stratagem_Orks_tier1	1024	1024	1	orksgoffcardassets_assets_all.bundle
40k_Cardframe_stratagem_Orks_tier2	1024	1024	1	orksgoffcardassets_assets_all.bundle
40k_Cardframe_stratagem_Orks_tier3	1024	1024	1	orksgoffcardassets_assets_all.bundle
40k_Cardframe_stratagem_Orks_tier4	1024	1024	1	orksgoffcardassets_assets_all.bundle
40k_Cardframe_stratagem_SaimHann_SDF_tier1	128	128	1	aeldarisaimhanncardassets_assets_all.bundle
40k_Cardframe_stratagem_SaimHann_SDF_tier2	128	128	1	aeldarisaimhanncardassets_assets_all.bundle
40k_Cardframe_stratagem_SaimHann_SDF_tier3	128	128	1	aeldarisaimhanncardassets_assets_all.bundle
40k_Cardframe_stratagem_SaimHann_SDF_tier4	128	128	1	aeldarisaimhanncardassets_assets_all.bundle
40k_Cardframe_stratagem_SaimHann_tier1	1024	1024	1	aeldarisaimhanncardassets_assets_all.bundle
40k_Cardframe_stratagem_SaimHann_tier2	1024	1024	1	aeldarisaimhanncardassets_assets_all.bundle
40k_Cardframe_stratagem_SaimHann_tier3	1024	1024	1	aeldarisaimhanncardassets_assets_all.bundle
40k_Cardframe_stratagem_SaimHann_tier4	1024	1024	1	aeldarisaimhanncardassets_assets_all.bundle
40k_Cardframe_stratagem_Sautekh_SDF_tier1	128	128	1	necronssautekhcardassets_assets_all.bundle
40k_Cardframe_stratagem_Sautekh_SDF_tier2	128	128	1	necronssautekhcardassets_assets_all.bundle
40k_Cardframe_stratagem_Sautekh_SDF_tier3	128	128	1	necronssautekhcardassets_assets_all.bundle
40k_Cardframe_stratagem_Sautekh_SDF_tier4	128	128	1	necronssautekhcardassets_assets_all.bundle
40k_Cardframe_stratagem_Sautekh_tier1	1024	1024	1	necronssautekhcardassets_assets_all.bundle
40k_Cardframe_stratagem_Sautekh_tier2	1024	1024	1	necronssautekhcardassets_assets_all.bundle
40k_Cardframe_stratagem_Sautekh_tier3	1024	1024	1	necronssautekhcardassets_assets_all.bundle
40k_Cardframe_stratagem_Sautekh_tier4	1024	1024	1	necronssautekhcardassets_assets_all.bundle
40k_Cardframe_stratagem_Sororitas_SDF_tier1	128	128	1	sororitascardassets_assets_all.bundle
40k_Cardframe_stratagem_Sororitas_SDF_tier2	128	128	1	sororitascardassets_assets_all.bundle
40k_Cardframe_stratagem_Sororitas_SDF_tier3	128	128	1	sororitascardassets_assets_all.bundle
40k_Cardframe_stratagem_Sororitas_SDF_tier4	128	128	1	sororitascardassets_assets_all.bundle
40k_Cardframe_stratagem_Sororitas_tier1	1024	1024	1	sororitascardassets_assets_all.bundle
40k_Cardframe_stratagem_Sororitas_tier2	1024	1024	1	sororitascardassets_assets_all.bundle
40k_Cardframe_stratagem_Sororitas_tier3	1024	1024	1	sororitascardassets_assets_all.bundle
40k_Cardframe_stratagem_Sororitas_tier4	1024	1024	1	sororitascardassets_assets_all.bundle
40k_Cardframe_stratagem_Tau_SDF_tier1	128	128	1	tauempirecardassets_assets_all.bundle
40k_Cardframe_stratagem_Tau_SDF_tier2	128	128	1	tauempirecardassets_assets_all.bundle
40k_Cardframe_stratagem_Tau_SDF_tier3	128	128	1	tauempirecardassets_assets_all.bundle
40k_Cardframe_stratagem_Tau_SDF_tier4	128	128	1	tauempirecardassets_assets_all.bundle
40k_Cardframe_stratagem_Tau_tier1	1024	1024	1	tauempirecardassets_assets_all.bundle
40k_Cardframe_stratagem_Tau_tier2	1024	1024	1	tauempirecardassets_assets_all.bundle
40k_Cardframe_stratagem_Tau_tier3	1024	1024	1	tauempirecardassets_assets_all.bundle
40k_Cardframe_stratagem_Tau_tier4	1024	1024	1	tauempirecardassets_assets_all.bundle
40k_Cardframe_stratagem_Ultramarines_SDF_tier1	128	128	1	spacemarinesultramarinescardassets_assets_all.bundle
40k_Cardframe_stratagem_Ultramarines_SDF_tier2	128	128	1	spacemarinesultramarinescardassets_assets_all.bundle
40k_Cardframe_stratagem_Ultramarines_SDF_tier3	128	128	1	spacemarinesultramarinescardassets_assets_all.bundle
40k_Cardframe_stratagem_Ultramarines_SDF_tier4	128	128	1	spacemarinesultramarinescardassets_assets_all.bundle
40k_Cardframe_stratagem_Ultramarines_tier1	1024	1024	1	spacemarinesultramarinescardassets_assets_all.bundle
40k_Cardframe_stratagem_Ultramarines_tier2	1024	1024	1	spacemarinesultramarinescardassets_assets_all.bundle
40k_Cardframe_stratagem_Ultramarines_tier3	1024	1024	1	spacemarinesultramarinescardassets_assets_all.bundle
40k_Cardframe_stratagem_Ultramarines_tier4	1024	1024	1	spacemarinesultramarinescardassets_assets_all.bundle
40k_Cardframe_troop_BlackLegion_SDF_tier1	128	128	1	chaosspacemarinesblacklegioncardassets_assets_all.bundle
40k_Cardframe_troop_BlackLegion_SDF_tier2	128	128	1	chaosspacemarinesblacklegioncardassets_assets_all.bundle
40k_Cardframe_troop_BlackLegion_SDF_tier3	128	128	1	chaosspacemarinesblacklegioncardassets_assets_all.bundle
40k_Cardframe_troop_BlackLegion_SDF_tier4	128	128	1	chaosspacemarinesblacklegioncardassets_assets_all.bundle
40k_Cardframe_troop_BlackLegion_tier1	1024	1024	1	chaosspacemarinesblacklegioncardassets_assets_all.bundle
40k_Cardframe_troop_BlackLegion_tier2	1024	1024	1	chaosspacemarinesblacklegioncardassets_assets_all.bundle
40k_Cardframe_troop_BlackLegion_tier3	1024	1024	1	chaosspacemarinesblacklegioncardassets_assets_all.bundle
40k_Cardframe_troop_BlackLegion_tier4	1024	1024	1	chaosspacemarinesblacklegioncardassets_assets_all.bundle
40k_Cardframe_troop_GSC_SDF_tier1	128	128	1	genestealercultscardassets_assets_all.bundle
40k_Cardframe_troop_GSC_SDF_tier2	128	128	1	genestealercultscardassets_assets_all.bundle
40k_Cardframe_troop_GSC_SDF_tier3	128	128	1	genestealercultscardassets_assets_all.bundle
40k_Cardframe_troop_GSC_SDF_tier4	128	128	1	genestealercultscardassets_assets_all.bundle
40k_Cardframe_troop_GSC_tier1	1024	1024	1	genestealercultscardassets_assets_all.bundle
40k_Cardframe_troop_GSC_tier2	1024	1024	1	genestealercultscardassets_assets_all.bundle
40k_Cardframe_troop_GSC_tier3	1024	1024	1	genestealercultscardassets_assets_all.bundle
40k_Cardframe_troop_GSC_tier4	1024	1024	1	genestealercultscardassets_assets_all.bundle
40k_Cardframe_troop_Leviathan_SDF_tier1	128	128	1	tyranidsleviathancardassets_assets_all.bundle
40k_Cardframe_troop_Leviathan_SDF_tier2	128	128	1	tyranidsleviathancardassets_assets_all.bundle
40k_Cardframe_troop_Leviathan_SDF_tier3	128	128	1	tyranidsleviathancardassets_assets_all.bundle
40k_Cardframe_troop_Leviathan_SDF_tier4	128	128	1	tyranidsleviathancardassets_assets_all.bundle
40k_Cardframe_troop_Leviathan_tier1	1024	1024	1	tyranidsleviathancardassets_assets_all.bundle
40k_Cardframe_troop_Leviathan_tier2	1024	1024	1	tyranidsleviathancardassets_assets_all.bundle
40k_Cardframe_troop_Leviathan_tier3	1024	1024	1	tyranidsleviathancardassets_assets_all.bundle
40k_Cardframe_troop_Leviathan_tier4	1024	1024	1	tyranidsleviathancardassets_assets_all.bundle
40k_Cardframe_troop_Orks_SDF_tier1	128	128	1	orksgoffcardassets_assets_all.bundle
40k_Cardframe_troop_Orks_SDF_tier2	128	128	1	orksgoffcardassets_assets_all.bundle
40k_Cardframe_troop_Orks_SDF_tier3	128	128	1	orksgoffcardassets_assets_all.bundle
40k_Cardframe_troop_Orks_SDF_tier4	128	128	1	orksgoffcardassets_assets_all.bundle
40k_Cardframe_troop_Orks_tier1	1024	1024	1	orksgoffcardassets_assets_all.bundle
40k_Cardframe_troop_Orks_tier2	1024	1024	1	orksgoffcardassets_assets_all.bundle
40k_Cardframe_troop_Orks_tier3	1024	1024	1	orksgoffcardassets_assets_all.bundle
40k_Cardframe_troop_Orks_tier4	1024	1024	1	orksgoffcardassets_assets_all.bundle
40k_Cardframe_troop_SaimHann_SDF_tier1	128	128	1	aeldarisaimhanncardassets_assets_all.bundle
40k_Cardframe_troop_SaimHann_SDF_tier2	128	128	1	aeldarisaimhanncardassets_assets_all.bundle
40k_Cardframe_troop_SaimHann_SDF_tier3	128	128	1	aeldarisaimhanncardassets_assets_all.bundle
40k_Cardframe_troop_SaimHann_SDF_tier4	128	128	1	aeldarisaimhanncardassets_assets_all.bundle
40k_Cardframe_troop_SaimHann_tier1	1024	1024	1	aeldarisaimhanncardassets_assets_all.bundle
40k_Cardframe_troop_SaimHann_tier2	1024	1024	1	aeldarisaimhanncardassets_assets_all.bundle
40k_Cardframe_troop_SaimHann_tier3	1024	1024	1	aeldarisaimhanncardassets_assets_all.bundle
40k_Cardframe_troop_SaimHann_tier4	1024	1024	1	aeldarisaimhanncardassets_assets_all.bundle
40k_Cardframe_troop_Sautekh_SDF_tier1	128	128	1	necronssautekhcardassets_assets_all.bundle
40k_Cardframe_troop_Sautekh_SDF_tier2	128	128	1	necronssautekhcardassets_assets_all.bundle
40k_Cardframe_troop_Sautekh_SDF_tier3	128	128	1	necronssautekhcardassets_assets_all.bundle
40k_Cardframe_troop_Sautekh_SDF_tier4	128	128	1	necronssautekhcardassets_assets_all.bundle
40k_Cardframe_troop_Sautekh_tier1	1024	1024	1	necronssautekhcardassets_assets_all.bundle
40k_Cardframe_troop_Sautekh_tier2	1024	1024	1	necronssautekhcardassets_assets_all.bundle
40k_Cardframe_troop_Sautekh_tier3	1024	1024	1	necronssautekhcardassets_assets_all.bundle
40k_Cardframe_troop_Sautekh_tier4	1024	1024	1	necronssautekhcardassets_assets_all.bundle
40k_Cardframe_troop_Sororitas_SDF_tier1	128	128	1	sororitascardassets_assets_all.bundle
40k_Cardframe_troop_Sororitas_SDF_tier2	128	128	1	sororitascardassets_assets_all.bundle
40k_Cardframe_troop_Sororitas_SDF_tier3	128	128	1	sororitascardassets_assets_all.bundle
40k_Cardframe_troop_Sororitas_SDF_tier4	128	128	1	sororitascardassets_assets_all.bundle
40k_Cardframe_troop_Sororitas_tier1	1024	1024	1	sororitascardassets_assets_all.bundle
40k_Cardframe_troop_Sororitas_tier2	1024	1024	1	sororitascardassets_assets_all.bundle
40k_Cardframe_troop_Sororitas_tier3	1024	1024	1	sororitascardassets_assets_all.bundle
40k_Cardframe_troop_Sororitas_tier4	1024	1024	1	sororitascardassets_assets_all.bundle
40k_Cardframe_troop_Tau_SDF_tier1	128	128	1	tauempirecardassets_assets_all.bundle
40k_Cardframe_troop_Tau_SDF_tier2	128	128	1	tauempirecardassets_assets_all.bundle
40k_Cardframe_troop_Tau_SDF_tier3	128	128	1	tauempirecardassets_assets_all.bundle
40k_Cardframe_troop_Tau_SDF_tier4	128	128	1	tauempirecardassets_assets_all.bundle
40k_Cardframe_troop_Tau_tier1	1024	1024	1	tauempirecardassets_assets_all.bundle
40k_Cardframe_troop_Tau_tier2	1024	1024	1	tauempirecardassets_assets_all.bundle
40k_Cardframe_troop_Tau_tier3	1024	1024	1	tauempirecardassets_assets_all.bundle
40k_Cardframe_troop_Tau_tier4	1024	1024	1	tauempirecardassets_assets_all.bundle
40k_Cardframe_troop_Ultramarines_SDF_tier1	128	128	1	spacemarinesultramarinescardassets_assets_all.bundle
40k_Cardframe_troop_Ultramarines_SDF_tier2	128	128	1	spacemarinesultramarinescardassets_assets_all.bundle
40k_Cardframe_troop_Ultramarines_SDF_tier3	128	128	1	spacemarinesultramarinescardassets_assets_all.bundle
40k_Cardframe_troop_Ultramarines_SDF_tier4	128	128	1	spacemarinesultramarinescardassets_assets_all.bundle
40k_Cardframe_troop_Ultramarines_tier1	1024	1024	1	spacemarinesultramarinescardassets_assets_all.bundle
40k_Cardframe_troop_Ultramarines_tier2	1024	1024	1	spacemarinesultramarinescardassets_assets_all.bundle
40k_Cardframe_troop_Ultramarines_tier3	1024	1024	1	spacemarinesultramarinescardassets_assets_all.bundle
40k_Cardframe_troop_Ultramarines_tier4	1024	1024	1	spacemarinesultramarinescardassets_assets_all.bundle
40k_Cardframes_Troop_Astra Militarum_SDF_tier1	128	128	1	astramilitarumcardassets_assets_all.bundle
40k_Cardframes_Troop_Astra Militarum_SDF_tier2	128	128	1	astramilitarumcardassets_assets_all.bundle
40k_Cardframes_Troop_Astra Militarum_SDF_tier3	128	128	1	astramilitarumcardassets_assets_all.bundle
40k_Cardframes_Troop_Astra Militarum_SDF_tier4	128	128	1	astramilitarumcardassets_assets_all.bundle
40k_Cardframes_Troop_Astra Militarum_tier1	1024	1024	1	astramilitarumcardassets_assets_all.bundle
40k_Cardframes_Troop_Astra Militarum_tier2	1024	1024	1	astramilitarumcardassets_assets_all.bundle
40k_Cardframes_Troop_Astra Militarum_tier3	1024	1024	1	astramilitarumcardassets_assets_all.bundle
40k_Cardframes_Troop_Astra Militarum_tier4	1024	1024	1	astramilitarumcardassets_assets_all.bundle
40k_Cardframes_Troop_DarkAngels_SDF_tier1	128	128	1	spacemarinesdarkangelscardassets_assets_all.bundle
40k_Cardframes_Troop_DarkAngels_SDF_tier2	128	128	1	spacemarinesdarkangelscardassets_assets_all.bundle
40k_Cardframes_Troop_DarkAngels_SDF_tier3	128	128	1	spacemarinesdarkangelscardassets_assets_all.bundle
40k_Cardframes_Troop_DarkAngels_SDF_tier4	128	128	1	spacemarinesdarkangelscardassets_assets_all.bundle
40k_Cardframes_Troop_DarkAngels_tier1	1024	1024	1	spacemarinesdarkangelscardassets_assets_all.bundle
40k_Cardframes_Troop_DarkAngels_tier2	1024	1024	1	spacemarinesdarkangelscardassets_assets_all.bundle
40k_Cardframes_Troop_DarkAngels_tier3	1024	1024	1	spacemarinesdarkangelscardassets_assets_all.bundle
40k_Cardframes_Troop_DarkAngels_tier4	1024	1024	1	spacemarinesdarkangelscardassets_assets_all.bundle
40k_Cardframes_Troop_Emperor Children_SDF_tier1	128	128	1	chaosspacemarinesemperorschildrencardassets_assets_all.bundle
40k_Cardframes_Troop_Emperor Children_SDF_tier2	128	128	1	chaosspacemarinesemperorschildrencardassets_assets_all.bundle
40k_Cardframes_Troop_Emperor Children_SDF_tier3	128	128	1	chaosspacemarinesemperorschildrencardassets_assets_all.bundle
40k_Cardframes_Troop_Emperor Children_SDF_tier4	128	128	1	chaosspacemarinesemperorschildrencardassets_assets_all.bundle
40k_Cardframes_Troop_Emperor Children_tier1	1024	1024	1	chaosspacemarinesemperorschildrencardassets_assets_all.bundle
40k_Cardframes_Troop_Emperor Children_tier2	1024	1024	1	chaosspacemarinesemperorschildrencardassets_assets_all.bundle
40k_Cardframes_Troop_Emperor Children_tier3	1024	1024	1	chaosspacemarinesemperorschildrencardassets_assets_all.bundle
40k_Cardframes_Troop_Emperor Children_tier4	1024	1024	1	chaosspacemarinesemperorschildrencardassets_assets_all.bundle
40k_Cardframes_Troop_Space Wolves_SDF_tier1	128	128	1	spacemarinesspacewolvescardassets_assets_all.bundle
40k_Cardframes_Troop_Space Wolves_SDF_tier2	128	128	1	spacemarinesspacewolvescardassets_assets_all.bundle
40k_Cardframes_Troop_Space Wolves_SDF_tier3	128	128	1	spacemarinesspacewolvescardassets_assets_all.bundle
40k_Cardframes_Troop_Space Wolves_SDF_tier4	128	128	1	spacemarinesspacewolvescardassets_assets_all.bundle
40k_Cardframes_Troop_Space Wolves_tier1	1024	1024	1	spacemarinesspacewolvescardassets_assets_all.bundle
40k_Cardframes_Troop_Space Wolves_tier2	1024	1024	1	spacemarinesspacewolvescardassets_assets_all.bundle
40k_Cardframes_Troop_Space Wolves_tier3	1024	1024	1	spacemarinesspacewolvescardassets_assets_all.bundle
40k_Cardframes_Troop_Space Wolves_tier4	1024	1024	1	spacemarinesspacewolvescardassets_assets_all.bundle
40k_Cardframes_stratagem_Astra Militarum_SDF_tier1	128	128	1	astramilitarumcardassets_assets_all.bundle
40k_Cardframes_stratagem_Astra Militarum_SDF_tier2	128	128	1	astramilitarumcardassets_assets_all.bundle
40k_Cardframes_stratagem_Astra Militarum_SDF_tier3	128	128	1	astramilitarumcardassets_assets_all.bundle
40k_Cardframes_stratagem_Astra Militarum_SDF_tier4	128	128	1	astramilitarumcardassets_assets_all.bundle
40k_Cardframes_stratagem_Astra Militarum_tier1	1024	1024	1	astramilitarumcardassets_assets_all.bundle
40k_Cardframes_stratagem_Astra Militarum_tier2	1024	1024	1	astramilitarumcardassets_assets_all.bundle
40k_Cardframes_stratagem_Astra Militarum_tier3	1024	1024	1	astramilitarumcardassets_assets_all.bundle
40k_Cardframes_stratagem_Astra Militarum_tier4	1024	1024	1	astramilitarumcardassets_assets_all.bundle
40k_Cardframes_stratagem_DarkAngels_SDF_tier1	128	128	1	spacemarinesdarkangelscardassets_assets_all.bundle
40k_Cardframes_stratagem_DarkAngels_SDF_tier2	128	128	1	spacemarinesdarkangelscardassets_assets_all.bundle
40k_Cardframes_stratagem_DarkAngels_SDF_tier3	128	128	1	spacemarinesdarkangelscardassets_assets_all.bundle
40k_Cardframes_stratagem_DarkAngels_SDF_tier4	128	128	1	spacemarinesdarkangelscardassets_assets_all.bundle
40k_Cardframes_stratagem_DarkAngels_tier1	1024	1024	1	spacemarinesdarkangelscardassets_assets_all.bundle
40k_Cardframes_stratagem_DarkAngels_tier2	1024	1024	1	spacemarinesdarkangelscardassets_assets_all.bundle
40k_Cardframes_stratagem_DarkAngels_tier3	1024	1024	1	spacemarinesdarkangelscardassets_assets_all.bundle
40k_Cardframes_stratagem_DarkAngels_tier4	1024	1024	1	spacemarinesdarkangelscardassets_assets_all.bundle
40k_Cardframes_stratagem_Emperor Children_SDF_tier1	128	128	1	chaosspacemarinesemperorschildrencardassets_assets_all.bundle
40k_Cardframes_stratagem_Emperor Children_SDF_tier2	128	128	1	chaosspacemarinesemperorschildrencardassets_assets_all.bundle
40k_Cardframes_stratagem_Emperor Children_SDF_tier3	128	128	1	chaosspacemarinesemperorschildrencardassets_assets_all.bundle
40k_Cardframes_stratagem_Emperor Children_SDF_tier4	128	128	1	chaosspacemarinesemperorschildrencardassets_assets_all.bundle
40k_Cardframes_stratagem_Emperor Children_tier1	1024	1024	1	chaosspacemarinesemperorschildrencardassets_assets_all.bundle
40k_Cardframes_stratagem_Emperor Children_tier2	1024	1024	1	chaosspacemarinesemperorschildrencardassets_assets_all.bundle
40k_Cardframes_stratagem_Emperor Children_tier3	1024	1024	1	chaosspacemarinesemperorschildrencardassets_assets_all.bundle
40k_Cardframes_stratagem_Emperor Children_tier4	1024	1024	1	chaosspacemarinesemperorschildrencardassets_assets_all.bundle
40k_Cardframes_stratagem_Space Wolves_SDF_tier1	128	128	1	spacemarinesspacewolvescardassets_assets_all.bundle
40k_Cardframes_stratagem_Space Wolves_SDF_tier2	128	128	1	spacemarinesspacewolvescardassets_assets_all.bundle
40k_Cardframes_stratagem_Space Wolves_SDF_tier3	128	128	1	spacemarinesspacewolvescardassets_assets_all.bundle
40k_Cardframes_stratagem_Space Wolves_SDF_tier4	128	128	1	spacemarinesspacewolvescardassets_assets_all.bundle
40k_Cardframes_stratagem_Space Wolves_tier1	1024	1024	1	spacemarinesspacewolvescardassets_assets_all.bundle
40k_Cardframes_stratagem_Space Wolves_tier2	1024	1024	1	spacemarinesspacewolvescardassets_assets_all.bundle
40k_Cardframes_stratagem_Space Wolves_tier3	1024	1024	1	spacemarinesspacewolvescardassets_assets_all.bundle
40k_Cardframes_stratagem_Space Wolves_tier4	1024	1024	1	spacemarinesspacewolvescardassets_assets_all.bundle
40k_Crate_Tier1_Iron	512	512	10	boosterpacks_assets_all.bundle
40k_Crate_Tier1_Iron_open	512	512	10	boosterpacks_assets_all.bundle
40k_Crate_Tier2_Copper	512	512	10	boosterpacks_assets_all.bundle
40k_Crate_Tier2_Copper_open	512	512	10	boosterpacks_assets_all.bundle
40k_Crate_Tier3_Silver	512	512	10	boosterpacks_assets_all.bundle
40k_Crate_Tier3_Silver_open	512	512	10	boosterpacks_assets_all.bundle
40k_Crate_Tier4_Gold	512	512	10	boosterpacks_assets_all.bundle
40k_Crate_Tier4_Gold_open	512	512	10	boosterpacks_assets_all.bundle
40k_Crate_Tier5_Warp	512	512	10	boosterpacks_assets_all.bundle
40k_Crate_Tier5_Warp_open	512	512	10	boosterpacks_assets_all.bundle
40k_Crate_Tier5_Warp_premium	512	512	10	boosterpacks_assets_all.bundle
40k_DeckSelection_bt_Arjac Rockfist	329	329	1	deckselectionbuttons_assets_all.bundle
40k_DeckSelection_bt_Bjorn the Fell-Handed	329	329	1	deckselectionbuttons_assets_all.bundle
40k_DeckSelection_bt_Hrolf the Ironhowl	329	329	1	deckselectionbuttons_assets_all.bundle
40k_DeckSelection_bt_Iron Priest	329	329	1	deckselectionbuttons_assets_all.bundle
40k_DeckSelection_bt_Terminator Rune Priest	329	329	1	deckselectionbuttons_assets_all.bundle
40k_DeckSelection_bt_Wulfen Pack Leader	329	329	1	deckselectionbuttons_assets_all.bundle
40k_DeckSelection_icon_FactionBlackLegion	256	256	1	armyicons_assets_all.bundle
40k_DeckSelection_icon_FactionDarkAngels	256	256	1	armyicons_assets_all.bundle
40k_DeckSelection_icon_FactionUM	256	256	1	armyicons_assets_all.bundle
40k_Generic Smooth line	113	32	1	menus_assets_all.bundle
40k_Rewards_icon_base card SDF	128	128	1	menus_assets_all.bundle
40k_UI_icon_ranked_Skirmish	128	128	1	armyicons_assets_all.bundle
40k_UI_icon_ranked_classic	128	128	1	armyicons_assets_all.bundle
40k_battle_Win Skull SDF	128	128	1	menus_assets_all.bundle
40k_battle_fx_gargoyle	512	512	10	battleprefabs_vfxandmisc_assets_all.bundle
40k_gamemode_icon_classic	256	256	1	armyicons_assets_all.bundle
40k_gamemode_icon_skirmish	256	256	1	armyicons_assets_all.bundle
40k_general_icon_currency_crystal	512	512	1	boosterpacks_assets_all.bundle
40k_general_icon_currency_gold	512	512	1	boosterpacks_assets_all.bundle
40k_icon_currency_energy_big	512	512	10	boosterpacks_assets_all.bundle
40k_main_GameMode_CampaignPoints	1024	1024	1	liveopsmenuimages_assets_all.bundle
40k_main_GameMode_Skirmish	1024	1024	1	liveopsmenuimages_assets_all.bundle
40k_main_gamemode_DailyStreak 1x1	1024	1024	1	liveopsmenuimages_assets_all.bundle
40k_main_icon_event points	90	90	1	boosterpacks_assets_all.bundle
40k_main_icon_event points - big	512	512	1	boosterpacks_assets_all.bundle
40k_popup_texture	128	128	1	duplicateassetisolation_assets_all.bundle
40k_shop_popup_info_bg	565	588	1	boosterpacks_assets_all.bundle
40k_topmarquee_currency_blackstone	90	90	1	boosterpacks_assets_all.bundle
40k_topmarquee_currency_crystal	90	90	1	boosterpacks_assets_all.bundle
40k_topmarquee_currency_energy	90	90	1	boosterpacks_assets_all.bundle
40k_topmarquee_currency_gold	90	90	1	boosterpacks_assets_all.bundle
40k_topmarquee_currency_ticket	90	90	1	boosterpacks_assets_all.bundle
40k_voicelines_radio_wave equalizer	708	96	1	battlesharedresources_assets_all.bundle
7	512	512	10	battlesharedresources_assets_all.bundle
8	512	512	10	battlesharedresources_assets_all.bundle
9	512	512	10	battlesharedresources_assets_all.bundle
AA_HB_AstraMilitarum_war_Ursula Creed	1024	1024	1	astramilitarumcardassets_assets_all.bundle
AA_HB_Ork_Goff_war_Ghazghkull Thraka	1024	1024	1	orksgoffcardassets_assets_all.bundle
AA_HB_SpaceWolves_war_Logan Grimnar	1024	1024	1	spacemarinesspacewolvescardassets_assets_all.bundle
AA_HB_Ultramarines_war_Lieutenant Titus	1024	1024	1	spacemarinesultramarinescardassets_assets_all.bundle
AA_HB__BlackLegion_war_Abaddon the Despoiler	1024	1024	1	chaosspacemarinesblacklegioncardassets_assets_all.bundle
Aeldari Vortex Reflection	256	256	9	battlesharedresources_assets_all.bundle
Aeldari_Ships	128	512	10	scenes_scenes_battlearenaaeldari.bundle
Alliance_Trophies_AM	1024	1024	1	alliancesbadgesimages_assets_all.bundle
Alliance_Trophies_Black Legion event 1	1024	1024	1	alliancesbadgesimages_assets_all.bundle
Alliance_Trophies_BlackLegion	1024	1024	1	alliancesbadgesimages_assets_all.bundle
Alliance_Trophies_Dark Angels	1024	1024	1	alliancesbadgesimages_assets_all.bundle
Alliance_Trophies_Default_v2	1024	1024	1	alliancesbadgesimages_assets_all.bundle
Alliance_Trophies_Emperors Children	1024	1024	1	alliancesbadgesimages_assets_all.bundle
Alliance_Trophies_GSC	1024	1024	1	alliancesbadgesimages_assets_all.bundle
Alliance_Trophies_Goff	1024	1024	1	alliancesbadgesimages_assets_all.bundle
Alliance_Trophies_Leviathan	1024	1024	1	alliancesbadgesimages_assets_all.bundle
Alliance_Trophies_Ork	1024	1024	1	alliancesbadgesimages_assets_all.bundle
Alliance_Trophies_SaimHann	1024	1024	1	alliancesbadgesimages_assets_all.bundle
Alliance_Trophies_Sautekh	1024	1024	1	alliancesbadgesimages_assets_all.bundle
Alliance_Trophies_Sororitas	1024	1024	1	alliancesbadgesimages_assets_all.bundle
Alliance_Trophies_Space Marine 2 event	512	512	1	alliancesbadgesimages_assets_all.bundle
Alliance_Trophies_Space Wolves	1024	1024	1	alliancesbadgesimages_assets_all.bundle
Alliance_Trophies_TIER1	1024	1024	1	alliancesbadgesimages_assets_all.bundle
Alliance_Trophies_TIER2	1024	1024	1	alliancesbadgesimages_assets_all.bundle
Alliance_Trophies_TIER3	1024	1024	1	alliancesbadgesimages_assets_all.bundle
Alliance_Trophies_TIER4	1024	1024	1	alliancesbadgesimages_assets_all.bundle
Alliance_Trophies_Tau	1024	1024	1	alliancesbadgesimages_assets_all.bundle
Alliance_Trophies_Ultramarines	1024	1024	1	alliancesbadgesimages_assets_all.bundle
Alliance_Trophies_Ultramarines event	1024	1024	1	alliancesbadgesimages_assets_all.bundle
Ambush Icon VFX	128	128	8	battleprefabs_vfxandmisc_assets_all.bundle
Armour_VFX_Atlas	256	256	9	battleprefabs_vfxandmisc_assets_all.bundle
Armour_VFX_Rusty	256	256	9	battleprefabs_vfxandmisc_assets_all.bundle
Arrow Wide	128	128	8	battleprefabs_vfxandmisc_assets_all.bundle
Asar-Regular SDF Atlas	1024	1024	1	fonts_assets_all.bundle
Asteroid_sheet_2	256	256	9	battlesharedresources_assets_all.bundle
Astra Militarum Background Sky Sunrise	8192	8192	14	battleprefabs_vfxandmisc_assets_all.bundle
Astra Militarum Ground Atlas	4096	4096	13	scenes_scenes_battlearenaastramilitarum.bundle
AstraMilitarum_Inf_Minka Lesk	1024	1024	1	astramilitarumcardassets_assets_all.bundle
AstraMilitarum_defence_Defence Batteries	1024	1024	1	astramilitarumcardassets_assets_all.bundle
AstraMilitarum_defence_Munitorum Supplies	1024	1024	1	astramilitarumcardassets_assets_all.bundle
AstraMilitarum_defence_Timely Reinforcements	1024	1024	1	astramilitarumcardassets_assets_all.bundle
AstraMilitarum_inf_Astropath	1024	1024	1	astramilitarumcardassets_assets_all.bundle
AstraMilitarum_inf_Attilan Rough Rider	1024	1024	1	astramilitarumcardassets_assets_all.bundle
AstraMilitarum_inf_Bullgryn Bone’ead	1024	1024	1	astramilitarumcardassets_assets_all.bundle
AstraMilitarum_inf_Cadian Castellan	1024	1024	1	astramilitarumcardassets_assets_all.bundle
AstraMilitarum_inf_Cadian Medic	1024	1024	1	astramilitarumcardassets_assets_all.bundle
AstraMilitarum_inf_Cadian Standard Bearer	1024	1024	1	astramilitarumcardassets_assets_all.bundle
AstraMilitarum_inf_Commissar	1024	1024	1	astramilitarumcardassets_assets_all.bundle
AstraMilitarum_inf_Faeburn Vanquisher	1024	1024	1	astramilitarumcardassets_assets_all.bundle
AstraMilitarum_inf_Flamer Trooper	1024	1024	1	astramilitarumcardassets_assets_all.bundle
AstraMilitarum_inf_Kasrkin	1024	1024	1	astramilitarumcardassets_assets_all.bundle
AstraMilitarum_inf_Maelon Dhrost	1024	1024	1	astramilitarumcardassets_assets_all.bundle
AstraMilitarum_inf_Master of Ordnance	1024	1024	1	astramilitarumcardassets_assets_all.bundle
AstraMilitarum_inf_Medic Scion	1024	1024	1	astramilitarumcardassets_assets_all.bundle
AstraMilitarum_inf_Nork Deddog	1024	1024	1	astramilitarumcardassets_assets_all.bundle
AstraMilitarum_inf_Ogryn	1024	1024	1	astramilitarumcardassets_assets_all.bundle
AstraMilitarum_inf_Primaris Psyker	1024	1024	1	astramilitarumcardassets_assets_all.bundle
AstraMilitarum_inf_Ratling	1024	1024	1	astramilitarumcardassets_assets_all.bundle
AstraMilitarum_inf_Shock Trooper	1024	1024	1	astramilitarumcardassets_assets_all.bundle
AstraMilitarum_inf_Shock Trooper Sgt	1024	1024	1	astramilitarumcardassets_assets_all.bundle
AstraMilitarum_inf_Tech-Priest Enginseer	1024	1024	1	astramilitarumcardassets_assets_all.bundle
AstraMilitarum_inf_Tempestor Sergeant	1024	1024	1	astramilitarumcardassets_assets_all.bundle
AstraMilitarum_inf_Tempestus Aquilon	1024	1024	1	astramilitarumcardassets_assets_all.bundle
AstraMilitarum_inf_Tempestus Scion	1024	1024	1	astramilitarumcardassets_assets_all.bundle
AstraMilitarum_inf_Vitus Gryf	1024	1024	1	astramilitarumcardassets_assets_all.bundle
AstraMilitarum_inf_Vox Operator	1024	1024	1	astramilitarumcardassets_assets_all.bundle
AstraMilitarum_offensive_Dawn Attack	1024	1024	1	astramilitarumcardassets_assets_all.bundle
AstraMilitarum_offensive_Factories Overdrive	1024	1024	1	astramilitarumcardassets_assets_all.bundle
AstraMilitarum_offensive_Normal	1024	1024	1	astramilitarumcardassets_assets_all.bundle
AstraMilitarum_offensive_Planetary invasion	1024	1024	1	astramilitarumcardassets_assets_all.bundle
AstraMilitarum_strat_Armoured Lightning	1024	1024	1	astramilitarumcardassets_assets_all.bundle
AstraMilitarum_strat_Armoured Squadron	1024	1024	1	astramilitarumcardassets_assets_all.bundle
AstraMilitarum_strat_Artillery Strike	1024	1024	1	astramilitarumcardassets_assets_all.bundle
AstraMilitarum_strat_At All Costs	1024	1024	1	astramilitarumcardassets_assets_all.bundle
AstraMilitarum_strat_Born Soldier	1024	1024	1	astramilitarumcardassets_assets_all.bundle
AstraMilitarum_strat_Cadia Stands	1024	1024	1	astramilitarumcardassets_assets_all.bundle
AstraMilitarum_strat_Cadian Honour	1024	1024	1	astramilitarumcardassets_assets_all.bundle
AstraMilitarum_strat_Efficiency and Excellence	1024	1024	1	astramilitarumcardassets_assets_all.bundle
AstraMilitarum_strat_Forged Killers	1024	1024	1	astramilitarumcardassets_assets_all.bundle
AstraMilitarum_strat_Full Throttle	1024	1024	1	astramilitarumcardassets_assets_all.bundle
AstraMilitarum_strat_Godspear Warhead	1024	1024	1	astramilitarumcardassets_assets_all.bundle
AstraMilitarum_strat_High Command	1024	1024	1	astramilitarumcardassets_assets_all.bundle
AstraMilitarum_strat_Lead by Example	1024	1024	1	astramilitarumcardassets_assets_all.bundle
AstraMilitarum_strat_Legendary Commandant	1024	1024	1	astramilitarumcardassets_assets_all.bundle
AstraMilitarum_strat_Mechanised Infantry	1024	1024	1	astramilitarumcardassets_assets_all.bundle
AstraMilitarum_strat_Move! Move! Move!	1024	1024	1	astramilitarumcardassets_assets_all.bundle
AstraMilitarum_strat_Pinning Fire	1024	1024	1	astramilitarumcardassets_assets_all.bundle
AstraMilitarum_strat_Press the Attack	1024	1024	1	astramilitarumcardassets_assets_all.bundle
AstraMilitarum_strat_Recon Operation	1024	1024	1	astramilitarumcardassets_assets_all.bundle
AstraMilitarum_strat_Regimental Doctrine	1024	1024	1	astramilitarumcardassets_assets_all.bundle
AstraMilitarum_strat_Renowned Bodyguard	1024	1024	1	astramilitarumcardassets_assets_all.bundle
AstraMilitarum_strat_Righteous Gaze	1024	1024	1	astramilitarumcardassets_assets_all.bundle
AstraMilitarum_strat_Shock Troops	1024	1024	1	astramilitarumcardassets_assets_all.bundle
AstraMilitarum_strat_Siege Warfare	1024	1024	1	astramilitarumcardassets_assets_all.bundle
AstraMilitarum_strat_Summary Execution	1024	1024	1	astramilitarumcardassets_assets_all.bundle
AstraMilitarum_strat_Thermal Weaponry	1024	1024	1	astramilitarumcardassets_assets_all.bundle
AstraMilitarum_strat_Thunderous Charge	1024	1024	1	astramilitarumcardassets_assets_all.bundle
AstraMilitarum_strat_Valkyrie Drop	1024	1024	1	astramilitarumcardassets_assets_all.bundle
AstraMilitarum_strat_Vengeance for Cadia	1024	1024	1	astramilitarumcardassets_assets_all.bundle
AstraMilitarum_veh_Aquilon Servo-Sentry	1024	1024	1	astramilitarumcardassets_assets_all.bundle
AstraMilitarum_veh_Armoured Sentinel	1024	1024	1	astramilitarumcardassets_assets_all.bundle
AstraMilitarum_veh_Autocannon Squad	1024	1024	1	astramilitarumcardassets_assets_all.bundle
AstraMilitarum_veh_Baneblade Tank	1024	1024	1	astramilitarumcardassets_assets_all.bundle
AstraMilitarum_veh_Basilisk	1024	1024	1	astramilitarumcardassets_assets_all.bundle
AstraMilitarum_veh_Bombast Field Gun	1024	1024	1	astramilitarumcardassets_assets_all.bundle
AstraMilitarum_veh_Chimera	1024	1024	1	astramilitarumcardassets_assets_all.bundle
AstraMilitarum_veh_Hydra	1024	1024	1	astramilitarumcardassets_assets_all.bundle
AstraMilitarum_veh_Leman Russ	1024	1024	1	astramilitarumcardassets_assets_all.bundle
AstraMilitarum_veh_Leman Russ Vanquisher	1024	1024	1	astramilitarumcardassets_assets_all.bundle
AstraMilitarum_veh_Manticore	1024	1024	1	astramilitarumcardassets_assets_all.bundle
AstraMilitarum_veh_Rogal Dorn Tank	1024	1024	1	astramilitarumcardassets_assets_all.bundle
AstraMilitarum_veh_Scout Sentinel	1024	1024	1	astramilitarumcardassets_assets_all.bundle
AstraMilitarum_veh_Taurox	1024	1024	1	astramilitarumcardassets_assets_all.bundle
AstraMilitarum_veh_Taurox Prime	1024	1024	1	astramilitarumcardassets_assets_all.bundle
AstraMilitarum_veh_Valkyrie	1024	1024	1	astramilitarumcardassets_assets_all.bundle
AstraMilitarum_warlord_Commissar Elan	1024	1024	1	astramilitarumcardassets_assets_all.bundle
AstraMilitarum_warlord_Hektor Thenmann	1024	1024	1	astramilitarumcardassets_assets_all.bundle
AstraMilitarum_warlord_Lord Solar Leontus	1024	1024	1	astramilitarumcardassets_assets_all.bundle
AstraMilitarum_warlord_Ursula Creed	1024	1024	1	astramilitarumcardassets_assets_all.bundle
Attack type button Agenda	128	128	1	battleprefabs_vfxandmisc_assets_all.bundle
Attack type button Duty	128	128	1	battleprefabs_vfxandmisc_assets_all.bundle
Attack type button Ferocity	128	128	1	battleprefabs_vfxandmisc_assets_all.bundle
Attack type button Oath	128	128	1	battleprefabs_vfxandmisc_assets_all.bundle
Attack type button Pray	128	128	1	battleprefabs_vfxandmisc_assets_all.bundle
Aura_1	128	128	8	battleprefabs_vfxandmisc_assets_all.bundle
Aura_2	128	128	8	menusharedresources_assets_all.bundle
Avatar_AM_Aquilon Servo Sentry	512	512	1	cosmeticavatarsimages_assets_all.bundle
Avatar_AM_Astropath	512	512	1	cosmeticavatarsimages_assets_all.bundle
Avatar_AM_Attilan Rough Rider	512	512	1	cosmeticavatarsimages_assets_all.bundle
Avatar_AM_Bullgryn Bone'ead	512	512	1	cosmeticavatarsimages_assets_all.bundle
Avatar_AM_Cadian Castellan	512	512	1	cosmeticavatarsimages_assets_all.bundle
Avatar_AM_Cadian Medic	512	512	1	cosmeticavatarsimages_assets_all.bundle
Avatar_AM_Cadian Standard Bearer	512	512	1	cosmeticavatarsimages_assets_all.bundle
Avatar_AM_Commissar	512	512	1	cosmeticavatarsimages_assets_all.bundle
Avatar_AM_Commissar Deckler	512	512	1	cosmeticavatarsimages_assets_all.bundle
Avatar_AM_Faeburn Vanquisher	512	512	1	cosmeticavatarsimages_assets_all.bundle
Avatar_AM_Flamer Trooper	512	512	1	cosmeticavatarsimages_assets_all.bundle
Avatar_AM_Hektor Thenmann	512	512	1	cosmeticavatarsimages_assets_all.bundle
Avatar_AM_Kasrkin	512	512	1	cosmeticavatarsimages_assets_all.bundle
Avatar_AM_Leontus	512	512	1	cosmeticavatarsimages_assets_all.bundle
Avatar_AM_Lord Solar Leontus	512	512	1	cosmeticavatarsimages_assets_all.bundle
Avatar_AM_Maelon Dhrost	512	512	1	cosmeticavatarsimages_assets_all.bundle
Avatar_AM_Master of Ordnance	512	512	1	cosmeticavatarsimages_assets_all.bundle
Avatar_AM_Medic Scion	512	512	1	cosmeticavatarsimages_assets_all.bundle
Avatar_AM_Minka Lesk	512	512	1	cosmeticavatarsimages_assets_all.bundle
Avatar_AM_Nork Deddog	512	512	1	cosmeticavatarsimages_assets_all.bundle
Avatar_AM_Ogryn	512	512	1	cosmeticavatarsimages_assets_all.bundle
Avatar_AM_Primaris Psyker	512	512	1	cosmeticavatarsimages_assets_all.bundle
Avatar_AM_Ratling	512	512	1	cosmeticavatarsimages_assets_all.bundle
Avatar_AM_Shock Trooper	512	512	1	cosmeticavatarsimages_assets_all.bundle
Avatar_AM_Shock Trooper Sgt	512	512	1	cosmeticavatarsimages_assets_all.bundle
Avatar_AM_Taurox Prime	512	512	1	cosmeticavatarsimages_assets_all.bundle
Avatar_AM_Tech-Priest Enginseer	512	512	1	cosmeticavatarsimages_assets_all.bundle
Avatar_AM_Tempestor Sergeant	512	512	1	cosmeticavatarsimages_assets_all.bundle
Avatar_AM_Tempestus Aquilon	512	512	1	cosmeticavatarsimages_assets_all.bundle
Avatar_AM_Tempestus Scion	512	512	1	cosmeticavatarsimages_assets_all.bundle
Avatar_AM_Ursula Creed	512	512	1	cosmeticavatarsimages_assets_all.bundle
Avatar_AM_Ursula Creed AA	512	512	1	cosmeticavatarsimages_assets_all.bundle
Avatar_AM_Vitus Gryf	512	512	1	cosmeticavatarsimages_assets_all.bundle
Avatar_AM_Vox Operator	512	512	1	cosmeticavatarsimages_assets_all.bundle
Avatar_ASH_Ahnakh-Yth Shrine	512	512	1	cosmeticavatarsimages_assets_all.bundle
Avatar_ASH_Anvirr Keltoc	512	512	1	cosmeticavatarsimages_assets_all.bundle
Avatar_ASH_Autarch	512	512	1	cosmeticavatarsimages_assets_all.bundle
Avatar_ASH_Avatar of Khaine	512	512	1	cosmeticavatarsimages_assets_all.bundle
Avatar_ASH_Bright Lance Vyper	512	512	1	cosmeticavatarsimages_assets_all.bundle
Avatar_ASH_Death Spinner Warp Spider	512	512	1	cosmeticavatarsimages_assets_all.bundle
Avatar_ASH_Dire Avenger	512	512	1	cosmeticavatarsimages_assets_all.bundle
Avatar_ASH_Eliac Zephyrblade	512	512	1	cosmeticavatarsimages_assets_all.bundle
Avatar_ASH_Farseer	512	512	1	cosmeticavatarsimages_assets_all.bundle
Avatar_ASH_Farseer Skyrunner	512	512	1	cosmeticavatarsimages_assets_all.bundle
Avatar_ASH_Fate Inescapable	512	512	1	cosmeticavatarsimages_assets_all.bundle
Avatar_ASH_Fire Dragon	512	512	1	cosmeticavatarsimages_assets_all.bundle
Avatar_ASH_Guardian Defender	512	512	1	cosmeticavatarsimages_assets_all.bundle
Avatar_ASH_Howling Banshee	512	512	1	cosmeticavatarsimages_assets_all.bundle
Avatar_ASH_Howling Banshee Exarch	512	512	1	cosmeticavatarsimages_assets_all.bundle
Avatar_ASH_Jain Zar	512	512	1	cosmeticavatarsimages_assets_all.bundle
Avatar_ASH_Lhykhis	512	512	1	cosmeticavatarsimages_assets_all.bundle
Avatar_ASH_Medreyal Ghaelyn	512	512	1	cosmeticavatarsimages_assets_all.bundle
Avatar_ASH_Orian Laratharjos	512	512	1	cosmeticavatarsimages_assets_all.bundle
Avatar_ASH_Ranger	512	512	1	cosmeticavatarsimages_assets_all.bundle
Avatar_ASH_Scorpion Exarch	512	512	1	cosmeticavatarsimages_assets_all.bundle
Avatar_ASH_Shining Spear	512	512	1	cosmeticavatarsimages_assets_all.bundle
Avatar_ASH_Shining Spear Exarch	512	512	1	cosmeticavatarsimages_assets_all.bundle
Avatar_ASH_Spiritseer Qelenaris	512	512	1	cosmeticavatarsimages_assets_all.bundle
Avatar_ASH_Storm Guardian	512	512	1	cosmeticavatarsimages_assets_all.bundle
Avatar_ASH_Striking Scorpion	512	512	1	cosmeticavatarsimages_assets_all.bundle
Avatar_ASH_Swooping Hawk	512	512	1	cosmeticavatarsimages_assets_all.bundle
Avatar_ASH_Swooping Hawk Exarch	512	512	1	cosmeticavatarsimages_assets_all.bundle
Avatar_ASH_Veteran Guardian	512	512	1	cosmeticavatarsimages_assets_all.bundle
Avatar_ASH_Warlock	512	512	1	cosmeticavatarsimages_assets_all.bundle
Avatar_ASH_Warp Spider	512	512	1	cosmeticavatarsimages_assets_all.bundle
Avatar_ASH_Warp Spider Exarch	512	512	1	cosmeticavatarsimages_assets_all.bundle
Avatar_ASH_Wraithknight	512	512	1	cosmeticavatarsimages_assets_all.bundle
Avatar_ASH_Yrlla the Huntress	512	512	1	cosmeticavatarsimages_assets_all.bundle
Avatar_All_Servo Skull	512	512	1	cosmeticavatarsimages_assets_all.bundle
Avatar_BL_Abaddon	512	512	1	cosmeticavatarsimages_assets_all.bundle
Avatar_BL_Abaddon_AA_HB	512	512	1	cosmeticavatarsimages_assets_all.bundle
Avatar_BL_Accursed Helbrute	512	512	1	cosmeticavatarsimages_assets_all.bundle
Avatar_BL_Avatar_Chosen	512	512	1	cosmeticavatarsimages_assets_all.bundle
Avatar_BL_Black Legionary	512	512	1	cosmeticavatarsimages_assets_all.bundle
Avatar_BL_Chaos Legionary	512	512	1	cosmeticavatarsimages_assets_all.bundle
Avatar_BL_Chaos Terminator	512	512	1	cosmeticavatarsimages_assets_all.bundle
Avatar_BL_Child of Torment	512	512	1	cosmeticavatarsimages_assets_all.bundle
Avatar_BL_Ghallaron	512	512	1	cosmeticavatarsimages_assets_all.bundle
Avatar_BL_Ghallaron Champion	512	512	1	cosmeticavatarsimages_assets_all.bundle
Avatar_BL_Ghallaron Disciple	512	512	1	cosmeticavatarsimages_assets_all.bundle
Avatar_BL_Haarken	512	512	1	cosmeticavatarsimages_assets_all.bundle
Avatar_BL_Havoc	512	512	1	cosmeticavatarsimages_assets_all.bundle
Avatar_BL_Havoc Champion	512	512	1	cosmeticavatarsimages_assets_all.bundle
Avatar_BL_Khorne Berserker	512	512	1	cosmeticavatarsimages_assets_all.bundle
Avatar_BL_Master of Executions	512	512	1	cosmeticavatarsimages_assets_all.bundle
Avatar_BL_Master of Possession	512	512	1	cosmeticavatarsimages_assets_all.bundle
Avatar_BL_Maulerfiend	512	512	1	cosmeticavatarsimages_assets_all.bundle
Avatar_BL_Meltagun Legionary	512	512	1	cosmeticavatarsimages_assets_all.bundle
Avatar_BL_Noise Marine	512	512	1	cosmeticavatarsimages_assets_all.bundle
Avatar_BL_Plague Marine	512	512	1	cosmeticavatarsimages_assets_all.bundle
Avatar_BL_Rubric Marine	512	512	1	cosmeticavatarsimages_assets_all.bundle
Avatar_BL_Sorcerer	512	512	1	cosmeticavatarsimages_assets_all.bundle
Avatar_BL_Sylar	512	512	1	cosmeticavatarsimages_assets_all.bundle
Avatar_BL_Veteran Havoc	512	512	1	cosmeticavatarsimages_assets_all.bundle
Avatar_BL_Zealot Legionary	512	512	1	cosmeticavatarsimages_assets_all.bundle
Avatar_DA_Agressor	512	512	1	cosmeticavatarsimages_assets_all.bundle
Avatar_DA_Apothecary	512	512	1	cosmeticavatarsimages_assets_all.bundle
Avatar_DA_Asmodai	512	512	1	cosmeticavatarsimages_assets_all.bundle
Avatar_DA_Assault Terminator	512	512	1	cosmeticavatarsimages_assets_all.bundle
Avatar_DA_Azrael	512	512	1	cosmeticavatarsimages_assets_all.bundle
Avatar_DA_AzraelAA	512	512	1	cosmeticavatarsimages_assets_all.bundle
Avatar_DA_Ballistus Dreadnought	512	512	1	cosmeticavatarsimages_assets_all.bundle
Avatar_DA_Belial	512	512	1	cosmeticavatarsimages_assets_all.bundle
Avatar_DA_Black Knight	512	512	1	cosmeticavatarsimages_assets_all.bundle
Avatar_DA_Bladeguard Veteran	512	512	1	cosmeticavatarsimages_assets_all.bundle
Avatar_DA_Captain	512	512	1	cosmeticavatarsimages_assets_all.bundle
Avatar_DA_Chaplain	512	512	1	cosmeticavatarsimages_assets_all.bundle
Avatar_DA_Chaplain Gabutheron	512	512	1	cosmeticavatarsimages_assets_all.bundle
Avatar_DA_Company Champion	512	512	1	cosmeticavatarsimages_assets_all.bundle
Avatar_DA_Company Master	512	512	1	cosmeticavatarsimages_assets_all.bundle
Avatar_DA_Company Veteran	512	512	1	cosmeticavatarsimages_assets_all.bundle
Avatar_DA_Deathwing Champion	512	512	1	cosmeticavatarsimages_assets_all.bundle
Avatar_DA_Deathwing Knight	512	512	1	cosmeticavatarsimages_assets_all.bundle
Avatar_DA_Deathwing Knight Master	512	512	1	cosmeticavatarsimages_assets_all.bundle
Avatar_DA_Deathwing Strikemaster	512	512	1	cosmeticavatarsimages_assets_all.bundle
Avatar_DA_Deathwing Terminator	512	512	1	cosmeticavatarsimages_assets_all.bundle
Avatar_DA_Ezekiel	512	512	1	cosmeticavatarsimages_assets_all.bundle
Avatar_DA_Inner Circle Companion	512	512	1	cosmeticavatarsimages_assets_all.bundle
Avatar_DA_Intercessor	512	512	1	cosmeticavatarsimages_assets_all.bundle
Avatar_DA_Interrogator Chaplain	512	512	1	cosmeticavatarsimages_assets_all.bundle
Avatar_DA_Librarian	512	512	1	cosmeticavatarsimages_assets_all.bundle
Avatar_DA_Master Lazarus	512	512	1	cosmeticavatarsimages_assets_all.bundle
Avatar_DA_Master Zacharial	512	512	1	cosmeticavatarsimages_assets_all.bundle
Avatar_DA_Ravenwing Ancient	512	512	1	cosmeticavatarsimages_assets_all.bundle
Avatar_DA_Ravenwing Bikes	512	512	1	cosmeticavatarsimages_assets_all.bundle
Avatar_DA_Ravenwing Champion	512	512	1	cosmeticavatarsimages_assets_all.bundle
Avatar_DA_Ravenwing Talonmaster	512	512	1	cosmeticavatarsimages_assets_all.bundle
Avatar_DA_Ravenwing Talonmaster Gunner	512	512	1	cosmeticavatarsimages_assets_all.bundle
Avatar_DA_Reiver	512	512	1	cosmeticavatarsimages_assets_all.bundle
Avatar_DA_Sammael	512	512	1	cosmeticavatarsimages_assets_all.bundle
Avatar_DA_Sergeant Naaman	512	512	1	cosmeticavatarsimages_assets_all.bundle
Avatar_DA_Techmarine	512	512	1	cosmeticavatarsimages_assets_all.bundle
Avatar_DA_Vengeful Brethren Bladeguard	512	512	1	cosmeticavatarsimages_assets_all.bundle
Avatar_DA_Vengeful Brethren Hellblaster	512	512	1	cosmeticavatarsimages_assets_all.bundle
Avatar_DA_Vengeful Brethren Intercessor	512	512	1	cosmeticavatarsimages_assets_all.bundle
Avatar_DA_Watcher in the Dark	512	512	1	cosmeticavatarsimages_assets_all.bundle
Avatar_EC_Alluress	512	512	1	cosmeticavatarsimages_assets_all.bundle
Avatar_EC_Blastmaster Noise Marine	512	512	1	cosmeticavatarsimages_assets_all.bundle
Avatar_EC_Blissbringer	512	512	1	cosmeticavatarsimages_assets_all.bundle
Avatar_EC_Daemonette	512	512	1	cosmeticavatarsimages_assets_all.bundle
Avatar_EC_Disharmonist	512	512	1	cosmeticavatarsimages_assets_all.bundle
Avatar_EC_Embrace the Pain	512	512	1	cosmeticavatarsimages_assets_all.bundle
Avatar_EC_Eternal Servitude	512	512	1	cosmeticavatarsimages_assets_all.bundle
Avatar_EC_Flawless Blade Champion	512	512	1	cosmeticavatarsimages_assets_all.bundle
Avatar_EC_Heldrake	512	512	1	cosmeticavatarsimages_assets_all.bundle
Avatar_EC_Icon of Excess	512	512	1	cosmeticavatarsimages_assets_all.bundle
Avatar_EC_Infractor	512	512	1	cosmeticavatarsimages_assets_all.bundle
Avatar_EC_Infractor Obsessionist	512	512	1	cosmeticavatarsimages_assets_all.bundle
Avatar_EC_Internal Rivalry	512	512	1	cosmeticavatarsimages_assets_all.bundle
Avatar_EC_Konstrictus Tormentor	512	512	1	cosmeticavatarsimages_assets_all.bundle
Avatar_EC_Lord Kakophonist	512	512	1	cosmeticavatarsimages_assets_all.bundle
Avatar_EC_Lord Kaphrael	512	512	1	cosmeticavatarsimages_assets_all.bundle
Avatar_EC_Lucius	512	512	1	cosmeticavatarsimages_assets_all.bundle
Avatar_EC_Malgarash the Adamant	512	512	1	cosmeticavatarsimages_assets_all.bundle
Avatar_EC_Maulerfiend	512	512	1	cosmeticavatarsimages_assets_all.bundle
Avatar_EC_Myriad Infractor	512	512	1	cosmeticavatarsimages_assets_all.bundle
Avatar_EC_Plasma Gun Tormentor	512	512	1	cosmeticavatarsimages_assets_all.bundle
Avatar_EC_Rugged Disharmonist	512	512	1	cosmeticavatarsimages_assets_all.bundle
Avatar_EC_Slaanesh Sorcerer	512	512	1	cosmeticavatarsimages_assets_all.bundle
Avatar_EC_Slaanesh Spawn	512	512	1	cosmeticavatarsimages_assets_all.bundle
Avatar_EC_Terminator	512	512	1	cosmeticavatarsimages_assets_all.bundle
Avatar_EC_Terminator Champion	512	512	1	cosmeticavatarsimages_assets_all.bundle
Avatar_EC_Threnodic Choir Noise Marine	512	512	1	cosmeticavatarsimages_assets_all.bundle
Avatar_EC_Tormentor	512	512	1	cosmeticavatarsimages_assets_all.bundle
Avatar_EC_Tormentor Obsessionist	512	512	1	cosmeticavatarsimages_assets_all.bundle
Avatar_EC_Veldras the Sublime	512	512	1	cosmeticavatarsimages_assets_all.bundle
Avatar_EC_Winged Daemon Prince	512	512	1	cosmeticavatarsimages_assets_all.bundle
Avatar_EC_Xarahan Daemon Prince	512	512	1	cosmeticavatarsimages_assets_all.bundle
Avatar_GOF_Ardshell Gurk	512	512	1	cosmeticavatarsimages_assets_all.bundle
Avatar_GOF_Big Choppa Nob	512	512	1	cosmeticavatarsimages_assets_all.bundle
Avatar_GOF_Boss Nob	512	512	1	cosmeticavatarsimages_assets_all.bundle
Avatar_GOF_Freebooter	512	512	1	cosmeticavatarsimages_assets_all.bundle
Avatar_GOF_Ghazghkull	512	512	1	cosmeticavatarsimages_assets_all.bundle
Avatar_GOF_Gordrang Grot	512	512	1	cosmeticavatarsimages_assets_all.bundle
Avatar_GOF_Gorkanaut	512	512	1	cosmeticavatarsimages_assets_all.bundle
Avatar_GOF_Grot	512	512	1	cosmeticavatarsimages_assets_all.bundle
Avatar_GOF_Grukk Face-Rippa	512	512	1	cosmeticavatarsimages_assets_all.bundle
Avatar_GOF_Grumpy Squig	512	512	1	cosmeticavatarsimages_assets_all.bundle
Avatar_GOF_Kommando	512	512	1	cosmeticavatarsimages_assets_all.bundle
Avatar_GOF_Krumpaklaw	512	512	1	cosmeticavatarsimages_assets_all.bundle
Avatar_GOF_Mekboy	512	512	1	cosmeticavatarsimages_assets_all.bundle
Avatar_GOF_Nob	512	512	1	cosmeticavatarsimages_assets_all.bundle
Avatar_GOF_Red Gobbo	512	512	1	cosmeticavatarsimages_assets_all.bundle
Avatar_GOF_Rokkit Boy	512	512	1	cosmeticavatarsimages_assets_all.bundle
Avatar_GOF_Spanner	512	512	1	cosmeticavatarsimages_assets_all.bundle
Avatar_GOF_Squig	512	512	1	cosmeticavatarsimages_assets_all.bundle
Avatar_GOF_Squigosaur	512	512	1	cosmeticavatarsimages_assets_all.bundle
Avatar_GOF_Stikkbomb Boy	512	512	1	cosmeticavatarsimages_assets_all.bundle
Avatar_GOF_Stormboy	512	512	1	cosmeticavatarsimages_assets_all.bundle
Avatar_GOF_Warboss Gordrang	512	512	1	cosmeticavatarsimages_assets_all.bundle
Avatar_GOF_Wreckin Ball	512	512	1	cosmeticavatarsimages_assets_all.bundle
Avatar_GOF_Zagstruk	512	512	1	cosmeticavatarsimages_assets_all.bundle
Avatar_GSC_Aberrant Hypermorph	512	512	1	cosmeticavatarsimages_assets_all.bundle
Avatar_GSC_Abominant	512	512	1	cosmeticavatarsimages_assets_all.bundle
Avatar_GSC_Acolyte Heavy	512	512	1	cosmeticavatarsimages_assets_all.bundle
Avatar_GSC_Acolyte Leader	512	512	1	cosmeticavatarsimages_assets_all.bundle
Avatar_GSC_Acolyte Specialist	512	512	1	cosmeticavatarsimages_assets_all.bundle
Avatar_GSC_Atalan Jackal	512	512	1	cosmeticavatarsimages_assets_all.bundle
Avatar_GSC_Atalan Leader	512	512	1	cosmeticavatarsimages_assets_all.bundle
Avatar_GSC_Atalan Wolfquad	512	512	1	cosmeticavatarsimages_assets_all.bundle
Avatar_GSC_Benefictus	512	512	1	cosmeticavatarsimages_assets_all.bundle
Avatar_GSC_Biophagus	512	512	1	cosmeticavatarsimages_assets_all.bundle
Avatar_GSC_Broodmind	512	512	1	cosmeticavatarsimages_assets_all.bundle
Avatar_GSC_Clamavus	512	512	1	cosmeticavatarsimages_assets_all.bundle
Avatar_GSC_Concealed Explosives	512	512	1	cosmeticavatarsimages_assets_all.bundle
Avatar_GSC_Genestealer Familiar	512	512	1	cosmeticavatarsimages_assets_all.bundle
Avatar_GSC_Hulking Aberrant	512	512	1	cosmeticavatarsimages_assets_all.bundle
Avatar_GSC_Hybrid Metamorph	512	512	1	cosmeticavatarsimages_assets_all.bundle
Avatar_GSC_Iconward	512	512	1	cosmeticavatarsimages_assets_all.bundle
Avatar_GSC_Jackal Outrider	512	512	1	cosmeticavatarsimages_assets_all.bundle
Avatar_GSC_Jackal Scout	512	512	1	cosmeticavatarsimages_assets_all.bundle
Avatar_GSC_Jackal Specialist	512	512	1	cosmeticavatarsimages_assets_all.bundle
Avatar_GSC_Kelermorph	512	512	1	cosmeticavatarsimages_assets_all.bundle
Avatar_GSC_Lhaska Szenari	512	512	1	cosmeticavatarsimages_assets_all.bundle
Avatar_GSC_Locus	512	512	1	cosmeticavatarsimages_assets_all.bundle
Avatar_GSC_Magus	512	512	1	cosmeticavatarsimages_assets_all.bundle
Avatar_GSC_Neophyte Hybrid	512	512	1	cosmeticavatarsimages_assets_all.bundle
Avatar_GSC_Neophyte Iconbearer	512	512	1	cosmeticavatarsimages_assets_all.bundle
Avatar_GSC_Neophyte Initiate	512	512	1	cosmeticavatarsimages_assets_all.bundle
Avatar_GSC_Neophyte Leader	512	512	1	cosmeticavatarsimages_assets_all.bundle
Avatar_GSC_Neophyte Specialist	512	512	1	cosmeticavatarsimages_assets_all.bundle
Avatar_GSC_Nexos	512	512	1	cosmeticavatarsimages_assets_all.bundle
Avatar_GSC_Patriarch	512	512	1	cosmeticavatarsimages_assets_all.bundle
Avatar_GSC_Primus Saffa	512	512	1	cosmeticavatarsimages_assets_all.bundle
Avatar_GSC_Purestrain Genestealer	512	512	1	cosmeticavatarsimages_assets_all.bundle
Avatar_GSC_Reductus Saboteur	512	512	1	cosmeticavatarsimages_assets_all.bundle
Avatar_GSC_Ridgerunner Gunner	512	512	1	cosmeticavatarsimages_assets_all.bundle
Avatar_GSC_Sanctus	512	512	1	cosmeticavatarsimages_assets_all.bundle
Avatar_GSC_Spotter Ridgerunner	512	512	1	cosmeticavatarsimages_assets_all.bundle
Avatar_GSC_Tunnel Crawler	512	512	1	cosmeticavatarsimages_assets_all.bundle
Avatar_Ork_Beast Snagga Boy	512	512	1	cosmeticavatarsimages_assets_all.bundle
Avatar_Ork_Beast Snagga Nob	512	512	1	cosmeticavatarsimages_assets_all.bundle
Avatar_Ork_Beastboss Morgrim	512	512	1	cosmeticavatarsimages_assets_all.bundle
Avatar_Ork_Beastboss on Squigosaur	512	512	1	cosmeticavatarsimages_assets_all.bundle
Avatar_Ork_Big Chompa	512	512	1	cosmeticavatarsimages_assets_all.bundle
Avatar_Ork_Bombsquig	512	512	1	cosmeticavatarsimages_assets_all.bundle
Avatar_Ork_Gargantuan Squiggoth	512	512	1	cosmeticavatarsimages_assets_all.bundle
Avatar_Ork_Ghazghkull_AA_HB	512	512	1	cosmeticavatarsimages_assets_all.bundle
Avatar_Ork_Grot Orderly	512	512	1	cosmeticavatarsimages_assets_all.bundle
Avatar_Ork_Grot on Bombsquig	512	512	1	cosmeticavatarsimages_assets_all.bundle
Avatar_Ork_Morgrim Squig	512	512	1	cosmeticavatarsimages_assets_all.bundle
Avatar_Ork_Mozrog Skragbad	512	512	1	cosmeticavatarsimages_assets_all.bundle
Avatar_Ork_Nob on Smasha Squig	512	512	1	cosmeticavatarsimages_assets_all.bundle
Avatar_Ork_Painboss	512	512	1	cosmeticavatarsimages_assets_all.bundle
Avatar_Ork_Runtherd	512	512	1	cosmeticavatarsimages_assets_all.bundle
Avatar_Ork_Runtherd Squig	512	512	1	cosmeticavatarsimages_assets_all.bundle
Avatar_Ork_Smasha Squig	512	512	1	cosmeticavatarsimages_assets_all.bundle
Avatar_Ork_Snakebite Grot	512	512	1	cosmeticavatarsimages_assets_all.bundle
Avatar_Ork_Snakebite Grot Squig	512	512	1	cosmeticavatarsimages_assets_all.bundle
Avatar_Ork_Squighog	512	512	1	cosmeticavatarsimages_assets_all.bundle
Avatar_Ork_Squighog Boy	512	512	1	cosmeticavatarsimages_assets_all.bundle
Avatar_Ork_Squigosaur	512	512	1	cosmeticavatarsimages_assets_all.bundle
Avatar_Ork_Thumb Gun Beast Snagga	512	512	1	cosmeticavatarsimages_assets_all.bundle
Avatar_Ork_Unleashed TramplaSquig	512	512	1	cosmeticavatarsimages_assets_all.bundle
Avatar_Ork_Wurrboy	512	512	1	cosmeticavatarsimages_assets_all.bundle
Avatar_Ork_Zodgrod Worstnagga	512	512	1	cosmeticavatarsimages_assets_all.bundle
Avatar_SAU_Canoptek Spyder	512	512	1	cosmeticavatarsimages_assets_all.bundle
Avatar_SAU_Chronomancer	512	512	1	cosmeticavatarsimages_assets_all.bundle
Avatar_SAU_Cryptothrall	512	512	1	cosmeticavatarsimages_assets_all.bundle
Avatar_SAU_Damaged Hexmark	512	512	1	cosmeticavatarsimages_assets_all.bundle
Avatar_SAU_Damaged Plasmacyte	512	512	1	cosmeticavatarsimages_assets_all.bundle
Avatar_SAU_Deathmark	437	441	1	cosmeticavatarsimages_assets_all.bundle
Avatar_SAU_Flayed One	512	512	1	cosmeticavatarsimages_assets_all.bundle
Avatar_SAU_Flayed Ones	512	512	1	cosmeticavatarsimages_assets_all.bundle
Avatar_SAU_Gauss Warrior	512	512	1	cosmeticavatarsimages_assets_all.bundle
Avatar_SAU_Hexmark Destroyer	512	512	1	cosmeticavatarsimages_assets_all.bundle
Avatar_SAU_Immortals Phalanx	512	512	1	cosmeticavatarsimages_assets_all.bundle
Avatar_SAU_Imotekh	512	512	1	cosmeticavatarsimages_assets_all.bundle
Avatar_SAU_Imotekh_AA_HB	512	512	1	cosmeticavatarsimages_assets_all.bundle
Avatar_SAU_Lokhust Destroyer	512	512	1	cosmeticavatarsimages_assets_all.bundle
Avatar_SAU_Lokhust Heavy Destroyer	512	512	1	cosmeticavatarsimages_assets_all.bundle
Avatar_SAU_Lokhust Lord	512	512	1	cosmeticavatarsimages_assets_all.bundle
Avatar_SAU_Lychguard	512	512	1	cosmeticavatarsimages_assets_all.bundle
Avatar_SAU_Necron Lord	512	512	1	cosmeticavatarsimages_assets_all.bundle
Avatar_SAU_Nemesor	512	512	1	cosmeticavatarsimages_assets_all.bundle
Avatar_SAU_Ophydian Destroyer	512	512	1	cosmeticavatarsimages_assets_all.bundle
Avatar_SAU_Orikan	512	512	1	cosmeticavatarsimages_assets_all.bundle
Avatar_SAU_Ramatekh	512	512	1	cosmeticavatarsimages_assets_all.bundle
Avatar_SAU_Remnant	512	512	1	cosmeticavatarsimages_assets_all.bundle
Avatar_SAU_Royal Warden	512	512	1	cosmeticavatarsimages_assets_all.bundle
Avatar_SAU_Scarab	512	512	1	cosmeticavatarsimages_assets_all.bundle
Avatar_SAU_Technomancer	512	512	1	cosmeticavatarsimages_assets_all.bundle
Avatar_SAU_Triarch Praetorian	512	512	1	cosmeticavatarsimages_assets_all.bundle
Avatar_SAU_Vargard Obyron	437	441	1	cosmeticavatarsimages_assets_all.bundle
Avatar_SOR_Adelaide the Serene	512	512	1	cosmeticavatarsimages_assets_all.bundle
Avatar_SOR_Amalia Novena	512	512	1	cosmeticavatarsimages_assets_all.bundle
Avatar_SOR_Arco Flagellant	512	512	1	cosmeticavatarsimages_assets_all.bundle
Avatar_SOR_Armorium Cherub	512	512	1	cosmeticavatarsimages_assets_all.bundle
Avatar_SOR_Battle Sister	512	512	1	cosmeticavatarsimages_assets_all.bundle
Avatar_SOR_Canoness Superior	512	512	1	cosmeticavatarsimages_assets_all.bundle
Avatar_SOR_Celestian Sacresanct	512	512	1	cosmeticavatarsimages_assets_all.bundle
Avatar_SOR_Celestian Sacresant Aveline	512	512	1	cosmeticavatarsimages_assets_all.bundle
Avatar_SOR_Celestian Sacresant Aveline v2	512	512	1	cosmeticavatarsimages_assets_all.bundle
Avatar_SOR_Celestian Superior	512	512	1	cosmeticavatarsimages_assets_all.bundle
Avatar_SOR_Crusader	512	512	1	cosmeticavatarsimages_assets_all.bundle
Avatar_SOR_Death Cult Assassin	512	512	1	cosmeticavatarsimages_assets_all.bundle
Avatar_SOR_Dialogus	512	512	1	cosmeticavatarsimages_assets_all.bundle
Avatar_SOR_Dominion	512	512	1	cosmeticavatarsimages_assets_all.bundle
Avatar_SOR_Ephrael Stern	512	512	1	cosmeticavatarsimages_assets_all.bundle
Avatar_SOR_Erika Luminas	512	512	1	cosmeticavatarsimages_assets_all.bundle
Avatar_SOR_Hallowed Martyr	512	512	1	cosmeticavatarsimages_assets_all.bundle
Avatar_SOR_Junith Eruita	512	512	1	cosmeticavatarsimages_assets_all.bundle
Avatar_SOR_Ministorum Priest	512	512	1	cosmeticavatarsimages_assets_all.bundle
Avatar_SOR_Missionary	512	512	1	cosmeticavatarsimages_assets_all.bundle
Avatar_SOR_Morvenn Vahl	512	512	1	cosmeticavatarsimages_assets_all.bundle
Avatar_SOR_Novitiate	512	512	1	cosmeticavatarsimages_assets_all.bundle
Avatar_SOR_Paragon Warsuit	512	512	1	cosmeticavatarsimages_assets_all.bundle
Avatar_SOR_Penitent Engine	512	512	1	cosmeticavatarsimages_assets_all.bundle
Avatar_SOR_Preacher	512	512	1	cosmeticavatarsimages_assets_all.bundle
Avatar_SOR_Retributor	512	512	1	cosmeticavatarsimages_assets_all.bundle
Avatar_SOR_Sacred Rose	512	512	1	cosmeticavatarsimages_assets_all.bundle
Avatar_SOR_Sacred Rose Sister	512	512	1	cosmeticavatarsimages_assets_all.bundle
Avatar_SOR_Saint Cellestine	512	512	1	cosmeticavatarsimages_assets_all.bundle
Avatar_SOR_Sister Dogmata	512	512	1	cosmeticavatarsimages_assets_all.bundle
Avatar_SOR_Sister Repentia	512	512	1	cosmeticavatarsimages_assets_all.bundle
Avatar_SOR_Sister Superior	512	512	1	cosmeticavatarsimages_assets_all.bundle
Avatar_SOR_War of Faith	512	512	1	cosmeticavatarsimages_assets_all.bundle
Avatar_SOR_Zephyrim Superior	512	512	1	cosmeticavatarsimages_assets_all.bundle
Avatar_SW_Aggressor	512	512	1	cosmeticavatarsimages_assets_all.bundle
Avatar_SW_Arjac Rockfist	512	512	1	cosmeticavatarsimages_assets_all.bundle
Avatar_SW_Bjorn Fell-Handed	512	512	1	cosmeticavatarsimages_assets_all.bundle
Avatar_SW_Blackmane Inceptor	512	512	1	cosmeticavatarsimages_assets_all.bundle
Avatar_SW_Blackmane Reiver	512	512	1	cosmeticavatarsimages_assets_all.bundle
Avatar_SW_Blood Claw	512	512	1	cosmeticavatarsimages_assets_all.bundle
Avatar_SW_Blood Claw Pack Leader	512	512	1	cosmeticavatarsimages_assets_all.bundle
Avatar_SW_Deathwolf Scout	512	512	1	cosmeticavatarsimages_assets_all.bundle
Avatar_SW_Fenrir	512	512	1	cosmeticavatarsimages_assets_all.bundle
Avatar_SW_Fenrisian Drop Pod	512	512	1	cosmeticavatarsimages_assets_all.bundle
Avatar_SW_Fenrisian Wolf	512	512	1	cosmeticavatarsimages_assets_all.bundle
Avatar_SW_Frost Claw Wulfen	512	512	1	cosmeticavatarsimages_assets_all.bundle
Avatar_SW_Fyrri Askar	512	512	1	cosmeticavatarsimages_assets_all.bundle
Avatar_SW_Grey Hunter	512	512	1	cosmeticavatarsimages_assets_all.bundle
Avatar_SW_Grey Hunter Pack Leader	512	512	1	cosmeticavatarsimages_assets_all.bundle
Avatar_SW_Hrolf the Ironhowl	512	512	1	cosmeticavatarsimages_assets_all.bundle
Avatar_SW_Hunting Wolf	512	512	1	cosmeticavatarsimages_assets_all.bundle
Avatar_SW_Iron Priest	512	512	1	cosmeticavatarsimages_assets_all.bundle
Avatar_SW_Land Raider	512	512	1	cosmeticavatarsimages_assets_all.bundle
Avatar_SW_Logan Grimnar	512	512	1	cosmeticavatarsimages_assets_all.bundle
Avatar_SW_Logan_AA_HB	512	512	1	cosmeticavatarsimages_assets_all.bundle
Avatar_SW_Long Fang	512	512	1	cosmeticavatarsimages_assets_all.bundle
Avatar_SW_Murderfang	512	512	1	cosmeticavatarsimages_assets_all.bundle
Avatar_SW_Njal Stormcaller	512	512	1	cosmeticavatarsimages_assets_all.bundle
Avatar_SW_Ragnar Blackmane	512	512	1	cosmeticavatarsimages_assets_all.bundle
Avatar_SW_Sons of Morkai Eliminator	512	512	1	cosmeticavatarsimages_assets_all.bundle
Avatar_SW_Stormwolf	512	512	1	cosmeticavatarsimages_assets_all.bundle
Avatar_SW_Terminator Rune Priest	512	512	1	cosmeticavatarsimages_assets_all.bundle
Avatar_SW_Thunderwolf Cavalry	512	512	1	cosmeticavatarsimages_assets_all.bundle
Avatar_SW_Thunderwolf Cavalry Pack Leader	512	512	1	cosmeticavatarsimages_assets_all.bundle
Avatar_SW_Tyrnak	512	512	1	cosmeticavatarsimages_assets_all.bundle
Avatar_SW_Venerable Dreadnought	512	512	1	cosmeticavatarsimages_assets_all.bundle
Avatar_SW_Vindicator	512	512	1	cosmeticavatarsimages_assets_all.bundle
Avatar_SW_Wolf Guard Battle Leader	512	512	1	cosmeticavatarsimages_assets_all.bundle
Avatar_SW_Wolf Guard Headtaker	512	512	1	cosmeticavatarsimages_assets_all.bundle
Avatar_SW_Wolf Guard Terminator	512	512	1	cosmeticavatarsimages_assets_all.bundle
Avatar_SW_Wolf Guard Terminator Pack Leader	512	512	1	cosmeticavatarsimages_assets_all.bundle
Avatar_SW_Wolf Priest	512	512	1	cosmeticavatarsimages_assets_all.bundle
Avatar_SW_Wulfen	512	512	1	cosmeticavatarsimages_assets_all.bundle
Avatar_SW_Wulfen Dreadnought	512	512	1	cosmeticavatarsimages_assets_all.bundle
Avatar_SW_Wulfen Pack Leader	512	512	1	cosmeticavatarsimages_assets_all.bundle
Avatar_TAU_AunVa	512	512	1	cosmeticavatarsimages_assets_all.bundle
Avatar_TAU_Aunshi	512	512	1	cosmeticavatarsimages_assets_all.bundle
Avatar_TAU_Cadre Fireblade	512	512	1	cosmeticavatarsimages_assets_all.bundle
Avatar_TAU_Coldstar Battlesuit	512	512	1	cosmeticavatarsimages_assets_all.bundle
Avatar_TAU_Crisis Battlesuit	512	512	1	cosmeticavatarsimages_assets_all.bundle
Avatar_TAU_Darkstrider	512	512	1	cosmeticavatarsimages_assets_all.bundle
Avatar_TAU_Darkstrider Drone	512	512	1	cosmeticavatarsimages_assets_all.bundle
Avatar_TAU_Enforcer Battlesuit	512	512	1	cosmeticavatarsimages_assets_all.bundle
Avatar_TAU_Fire Warrior Breacher	512	512	1	cosmeticavatarsimages_assets_all.bundle
Avatar_TAU_Flesh Shaper	512	512	1	cosmeticavatarsimages_assets_all.bundle
Avatar_TAU_Honoured Ethereal	512	512	1	cosmeticavatarsimages_assets_all.bundle
Avatar_TAU_Inhibitor Drone	512	512	1	cosmeticavatarsimages_assets_all.bundle
Avatar_TAU_Kalamandra	512	512	1	cosmeticavatarsimages_assets_all.bundle
Avatar_TAU_Kroot Carnivore	512	512	1	cosmeticavatarsimages_assets_all.bundle
Avatar_TAU_Kroot Hound	512	512	1	cosmeticavatarsimages_assets_all.bundle
Avatar_TAU_Krootox	512	512	1	cosmeticavatarsimages_assets_all.bundle
Avatar_TAU_Krootox Rampager	512	512	1	cosmeticavatarsimages_assets_all.bundle
Avatar_TAU_Lone-Spear	512	512	1	cosmeticavatarsimages_assets_all.bundle
Avatar_TAU_Marker Drone	512	512	1	cosmeticavatarsimages_assets_all.bundle
Avatar_TAU_OMaisos	512	512	1	cosmeticavatarsimages_assets_all.bundle
Avatar_TAU_Shadowsun	512	512	1	cosmeticavatarsimages_assets_all.bundle
Avatar_TAU_Stealth Battlesuit	512	512	1	cosmeticavatarsimages_assets_all.bundle
Avatar_TAU_Strike Team	512	512	1	cosmeticavatarsimages_assets_all.bundle
Avatar_TAU_Trail Shaper	512	512	1	cosmeticavatarsimages_assets_all.bundle
Avatar_TAU_War Shaper	512	512	1	cosmeticavatarsimages_assets_all.bundle
Avatar_TL_Biovore	512	512	1	cosmeticavatarsimages_assets_all.bundle
Avatar_TL_Broodlord	512	512	1	cosmeticavatarsimages_assets_all.bundle
Avatar_TL_Deathleaper	512	512	1	cosmeticavatarsimages_assets_all.bundle
Avatar_TL_Exocrine	512	512	1	cosmeticavatarsimages_assets_all.bundle
Avatar_TL_Gargoyle	512	512	1	cosmeticavatarsimages_assets_all.bundle
Avatar_TL_Genestealer	512	512	1	cosmeticavatarsimages_assets_all.bundle
Avatar_TL_Hive Guard	512	512	1	cosmeticavatarsimages_assets_all.bundle
Avatar_TL_Hormagaunt	512	512	1	cosmeticavatarsimages_assets_all.bundle
Avatar_TL_Neurogaunt	512	512	1	cosmeticavatarsimages_assets_all.bundle
Avatar_TL_Neuroloid	512	512	1	cosmeticavatarsimages_assets_all.bundle
Avatar_TL_Neurothrope	512	512	1	cosmeticavatarsimages_assets_all.bundle
Avatar_TL_Neurotyrant	512	512	1	cosmeticavatarsimages_assets_all.bundle
Avatar_TL_Norn Emissary	512	512	1	cosmeticavatarsimages_assets_all.bundle
Avatar_TL_Ravener	512	512	1	cosmeticavatarsimages_assets_all.bundle
Avatar_TL_Spore Mine	512	512	1	cosmeticavatarsimages_assets_all.bundle
Avatar_TL_Swarmlord	512	512	1	cosmeticavatarsimages_assets_all.bundle
Avatar_TL_Termagant Brood	512	512	1	cosmeticavatarsimages_assets_all.bundle
Avatar_TL_Tervigon	512	512	1	cosmeticavatarsimages_assets_all.bundle
Avatar_TL_Tyranid Prime	512	512	1	cosmeticavatarsimages_assets_all.bundle
Avatar_TL_Tyranid Warrior	512	512	1	cosmeticavatarsimages_assets_all.bundle
Avatar_TL_Tyrannofex	512	512	1	cosmeticavatarsimages_assets_all.bundle
Avatar_TL_Tyrant Guard	512	512	1	cosmeticavatarsimages_assets_all.bundle
Avatar_TL_Winged Tyranid Prime	512	512	1	cosmeticavatarsimages_assets_all.bundle
Avatar_Tau_Krootox Rider	512	512	1	cosmeticavatarsimages_assets_all.bundle
Avatar_Tau_Pathfinder Shas’ui	512	512	1	cosmeticavatarsimages_assets_all.bundle
Avatar_Tau_Riptide Battlesuit	512	512	1	cosmeticavatarsimages_assets_all.bundle
Avatar_UM_2nd Company Terminator	512	512	1	cosmeticavatarsimages_assets_all.bundle
Avatar_UM_Aggresor Sergeant	512	512	1	cosmeticavatarsimages_assets_all.bundle
Avatar_UM_Antaro Chronus	512	512	1	cosmeticavatarsimages_assets_all.bundle
Avatar_UM_Assault Centurion	512	512	1	cosmeticavatarsimages_assets_all.bundle
Avatar_UM_Attack Bike	512	512	1	cosmeticavatarsimages_assets_all.bundle
Avatar_UM_Bladeguard Ancient	512	512	1	cosmeticavatarsimages_assets_all.bundle
Avatar_UM_Bladeguard Lieutenant	512	512	1	cosmeticavatarsimages_assets_all.bundle
Avatar_UM_Bladeguard Sergeant	512	512	1	cosmeticavatarsimages_assets_all.bundle
Avatar_UM_Brutalis Dreadnought	512	512	1	cosmeticavatarsimages_assets_all.bundle
Avatar_UM_Captain Sicarius	512	512	1	cosmeticavatarsimages_assets_all.bundle
Avatar_UM_Chairon	512	512	1	cosmeticavatarsimages_assets_all.bundle
Avatar_UM_Chaplain	512	512	1	cosmeticavatarsimages_assets_all.bundle
Avatar_UM_Chaplain Cassius	512	512	1	cosmeticavatarsimages_assets_all.bundle
Avatar_UM_Chaplain Letharius	512	512	1	cosmeticavatarsimages_assets_all.bundle
Avatar_UM_Chapter Champion	512	512	1	cosmeticavatarsimages_assets_all.bundle
Avatar_UM_Company Ancient	512	512	1	cosmeticavatarsimages_assets_all.bundle
Avatar_UM_Devastator Centurion	512	512	1	cosmeticavatarsimages_assets_all.bundle
Avatar_UM_Devastator Marine	512	512	1	cosmeticavatarsimages_assets_all.bundle
Avatar_UM_Dreadnought	512	512	1	cosmeticavatarsimages_assets_all.bundle
Avatar_UM_Eliminator	512	512	1	cosmeticavatarsimages_assets_all.bundle
Avatar_UM_Eliminator Sergeant	512	512	1	cosmeticavatarsimages_assets_all.bundle
Avatar_UM_Ferren Areios	512	512	1	cosmeticavatarsimages_assets_all.bundle
Avatar_UM_Firestrike Servo-Turret	512	512	1	cosmeticavatarsimages_assets_all.bundle
Avatar_UM_Firstborn	512	512	1	cosmeticavatarsimages_assets_all.bundle
Avatar_UM_Gadriel	512	512	1	cosmeticavatarsimages_assets_all.bundle
Avatar_UM_Heavy Intercessor	512	512	1	cosmeticavatarsimages_assets_all.bundle
Avatar_UM_Honour Guard	512	512	1	cosmeticavatarsimages_assets_all.bundle
Avatar_UM_Incursor	512	512	1	cosmeticavatarsimages_assets_all.bundle
Avatar_UM_Indomitus Veteran	512	512	1	cosmeticavatarsimages_assets_all.bundle
Avatar_UM_Intercessor	512	512	1	cosmeticavatarsimages_assets_all.bundle
Avatar_UM_Intercessor Sergeant	512	512	1	cosmeticavatarsimages_assets_all.bundle
Avatar_UM_Invictor Warsuit	512	512	1	cosmeticavatarsimages_assets_all.bundle
Avatar_UM_Judiciar	512	512	1	cosmeticavatarsimages_assets_all.bundle
Avatar_UM_Marneus Calgar	512	512	1	cosmeticavatarsimages_assets_all.bundle
Avatar_UM_Octavio Infiltrator	512	512	1	cosmeticavatarsimages_assets_all.bundle
Avatar_UM_Outrider	512	512	1	cosmeticavatarsimages_assets_all.bundle
Avatar_UM_Phobos Librarian	512	512	1	cosmeticavatarsimages_assets_all.bundle
Avatar_UM_Phobos Lieutenant	512	512	1	cosmeticavatarsimages_assets_all.bundle
Avatar_UM_Premium_Land Speeder Pilot	512	512	1	cosmeticavatarsimages_assets_all.bundle
Avatar_UM_Primaris Eradicator	512	512	1	cosmeticavatarsimages_assets_all.bundle
Avatar_UM_Primaris Techmarine	512	512	1	cosmeticavatarsimages_assets_all.bundle
Avatar_UM_Reiver	512	512	1	cosmeticavatarsimages_assets_all.bundle
Avatar_UM_Roboute Guilliman	512	512	1	cosmeticavatarsimages_assets_all.bundle
Avatar_UM_Scout Bike	512	512	1	cosmeticavatarsimages_assets_all.bundle
Avatar_UM_Scout Sniper	512	512	1	cosmeticavatarsimages_assets_all.bundle
Avatar_UM_Sergeant Allectius	512	512	1	cosmeticavatarsimages_assets_all.bundle
Avatar_UM_Sternguard Sergeant	512	512	1	cosmeticavatarsimages_assets_all.bundle
Avatar_UM_Suppressor	512	512	1	cosmeticavatarsimages_assets_all.bundle
Avatar_UM_Tactical Marine	512	512	1	cosmeticavatarsimages_assets_all.bundle
Avatar_UM_Terminator	512	512	1	cosmeticavatarsimages_assets_all.bundle
Avatar_UM_Terminator Captain	512	512	1	cosmeticavatarsimages_assets_all.bundle
Avatar_UM_Titus	512	512	1	cosmeticavatarsimages_assets_all.bundle
Avatar_UM_Titus AA	512	512	1	cosmeticavatarsimages_assets_all.bundle
Avatar_UM_Uriel Ventris	512	512	1	cosmeticavatarsimages_assets_all.bundle
Avatar_UM_Valius Paxor	512	512	1	cosmeticavatarsimages_assets_all.bundle
Avatar_UM_Valtus	512	512	1	cosmeticavatarsimages_assets_all.bundle
Avatar_UM_Varro Tigurius	512	512	1	cosmeticavatarsimages_assets_all.bundle
Avatar_UM_Vico Therbeus	512	512	1	cosmeticavatarsimages_assets_all.bundle
Avatar_UM_Whirlwind	512	512	1	cosmeticavatarsimages_assets_all.bundle
Avatar_WF_Warpforge Empty	512	512	1	cosmeticavatarsimages_assets_all.bundle
Avatar_WF_Warpforge Splash	512	512	1	cosmeticavatarsimages_assets_all.bundle
BL_Raid_Background	2048	1024	1	liveopsmenuimages_assets_all.bundle
Background	32	32	6	Warpforge_unitybuiltinassets.bundle
Barge_1	1024	1024	11	battleprefabs_vfxandmisc_assets_all.bundle
Battle Arean Emperor's Children Baked Mat-_BaseMap-atlas-0	4096	4096	1	scenes_scenes_battlearenaemperorschildren.bundle
Battle Arena 1 Back  Background	2048	2048	1	scenes_scenes_battlearena1.bundle
Battle Arena 1 Background	2048	2048	1	scenes_scenes_battlearena1.bundle
Battle Arena 1 Floor	4096	4096	1	scenes_scenes_battlearena1.bundle
Battle Arena 2 Ground	4096	4096	1	scenes_scenes_battlearena2.bundle
Battle Arena Aeldari Atlas 2	4096	4096	1	battlesharedresources_assets_all.bundle
Battle Arena Aeldari Atlas-mat-_BaseMap-atlas-0	4096	4096	1	battlesharedresources_assets_all.bundle
Battle Arena Aeldari Ground Mask	2048	2048	12	battlesharedresources_assets_all.bundle
Battle Arena Astra Militarum Texture Bake result-mat-_BaseMap-atlas-0	4096	4096	13	scenes_scenes_battlearenaastramilitarum.bundle
Battle Arena Dark Angels Texture Bake result 2-mat-_BaseMap-atlas-0	1024	512	11	scenes_scenes_battlearenadarkangels.bundle
Battle Arena Dark Angels Texture Bake result-mat-_BaseMap-atlas-0	4096	4096	1	battlesharedresources_assets_all.bundle
Battle Arena Necrons Ground With Reflection Mask	4096	4096	1	battlesharedresources_assets_all.bundle
Battle Arena Space Wolves Floor	4096	4096	1	battlesharedresources_assets_all.bundle
Battle Arena Space Wolves Props 1	8192	8192	14	battleprefabs_vfxandmisc_assets_all.bundle
Battle Arena Tau Viorla Combined Material-mat-_BaseMap-atlas-0	4096	4096	1	scenes_scenes_battlearenatauviorla.bundle
Battle Arena Tau Viorla Ground Atlas	4096	4096	1	scenes_scenes_battlearenatauviorla.bundle
Battle Arena Tyranids Ground	4096	4096	1	battlesharedresources_assets_all.bundle
Battle For Warpforge Container Background 1x1	1024	1024	1	liveopsmenuimages_assets_all.bundle
Battle arena 1 Clouds	512	256	10	shaders_assets_all.bundle
BattleArena1 Texture Baked	2048	4096	1	scenes_scenes_battlearena1.bundle
BattleArena2Atlas Baked	4096	4096	1	scenes_scenes_battlearena2.bundle
BattleArena2Atlas Baked 2	4096	4096	1	scenes_scenes_battlearena2.bundle
BattleArena3Atlas-mat-_BaseMap-atlas-0	4096	4096	1	battlesharedresources_assets_all.bundle
Black Legion Atlas 2 Banners	2048	2048	1	scenes_scenes_battlearenablacklegion.bundle
Black Legion Atlas 2-mat-_MainTex-atlas-0	8192	4096	1	scenes_scenes_battlearenablacklegion.bundle
Black Legion Ground Atlas	4096	4096	1	scenes_scenes_battlearenablacklegion.bundle
Booster Pack Explosion	1024	1024	11	boosterpacks_assets_all.bundle
Booster Pack Explosion Necron	1024	1024	11	boosterpacks_assets_all.bundle
Booster Pack Explosion SW 1	1024	1024	11	boosterpacks_assets_all.bundle
Booster Pack Explosion Tau	1024	1024	11	boosterpacks_assets_all.bundle
Booster Pack Explosion Tyranid	1024	1024	11	boosterpacks_assets_all.bundle
Booster Pack Explosions Sororitas	1024	1024	11	boosterpacks_assets_all.bundle
Border Circles FX	128	128	1	generalgamewindows_assets_all.bundle
Border Line FX	128	128	1	menusharedresources_assets_all.bundle
Border Line Only Horizontal FX	128	64	1	menus_assets_all.bundle
Border Thick Circle FX	256	256	1	menusharedresources_assets_all.bundle
BulletHoleMetalThrough	256	256	9	battleprefabs_vfxandmisc_assets_all.bundle
BulletHole_Ghaz_AA	256	256	9	battleprefabs_vfxandmisc_assets_all.bundle
CSM_BlackLegion_inf_Aspiring Champion	1024	1024	1	chaosspacemarinesblacklegioncardassets_assets_all.bundle
CSM_BlackLegion_inf_Black Legionary	1024	1024	1	chaosspacemarinesblacklegioncardassets_assets_all.bundle
CSM_BlackLegion_inf_Bringer of decay	1024	1024	1	chaosspacemarinesblacklegioncardassets_assets_all.bundle
CSM_BlackLegion_inf_Chaos Legionary	1024	1024	1	chaosspacemarinesblacklegioncardassets_assets_all.bundle
CSM_BlackLegion_inf_Chaos Lord	1024	1024	1	chaosspacemarinesblacklegioncardassets_assets_all.bundle
CSM_BlackLegion_inf_Chaos Sergeant	1024	1024	1	chaosspacemarinesblacklegioncardassets_assets_all.bundle
CSM_BlackLegion_inf_Chaos Spawn	1024	1024	1	chaosspacemarinesblacklegioncardassets_assets_all.bundle
CSM_BlackLegion_inf_Chaos Terminator	1024	1024	1	chaosspacemarinesblacklegioncardassets_assets_all.bundle
CSM_BlackLegion_inf_Child of Torment	1024	1024	1	chaosspacemarinesblacklegioncardassets_assets_all.bundle
CSM_BlackLegion_inf_Chosen	1024	1024	1	chaosspacemarinesblacklegioncardassets_assets_all.bundle
CSM_BlackLegion_inf_Chosen Champion	1024	1024	1	chaosspacemarinesblacklegioncardassets_assets_all.bundle
CSM_BlackLegion_inf_Daemon Blade Legionary	1024	1024	1	chaosspacemarinesblacklegioncardassets_assets_all.bundle
CSM_BlackLegion_inf_Dark Apostle	1024	1024	1	chaosspacemarinesblacklegioncardassets_assets_all.bundle
CSM_BlackLegion_inf_Dark Disciple	1024	1024	1	chaosspacemarinesblacklegioncardassets_assets_all.bundle
CSM_BlackLegion_inf_Ghallaron's Champion	1024	1024	1	chaosspacemarinesblacklegioncardassets_assets_all.bundle
CSM_BlackLegion_inf_Ghallaron's Disciple	1024	1024	1	chaosspacemarinesblacklegioncardassets_assets_all.bundle
CSM_BlackLegion_inf_Havoc	1024	1024	1	chaosspacemarinesblacklegioncardassets_assets_all.bundle
CSM_BlackLegion_inf_Havoc Champion	1024	1024	1	chaosspacemarinesblacklegioncardassets_assets_all.bundle
CSM_BlackLegion_inf_Hound of Abaddon	1024	1024	1	chaosspacemarinesblacklegioncardassets_assets_all.bundle
CSM_BlackLegion_inf_Iskandar Khayon	1024	1024	1	chaosspacemarinesblacklegioncardassets_assets_all.bundle
CSM_BlackLegion_inf_Khorne Berzerker	1024	1024	1	chaosspacemarinesblacklegioncardassets_assets_all.bundle
CSM_BlackLegion_inf_Lheorvine Ukris	1024	1024	1	chaosspacemarinesblacklegioncardassets_assets_all.bundle
CSM_BlackLegion_inf_Master of Executions	1024	1024	1	chaosspacemarinesblacklegioncardassets_assets_all.bundle
CSM_BlackLegion_inf_Master of Possession	1024	1024	1	chaosspacemarinesblacklegioncardassets_assets_all.bundle
CSM_BlackLegion_inf_Meltagun Legionary	1024	1024	1	chaosspacemarinesblacklegioncardassets_assets_all.bundle
CSM_BlackLegion_inf_Noise Marine	1024	1024	1	chaosspacemarinesblacklegioncardassets_assets_all.bundle
CSM_BlackLegion_inf_Obliterator	1024	1024	1	chaosspacemarinesblacklegioncardassets_assets_all.bundle
CSM_BlackLegion_inf_Plague Marine	1024	1024	1	chaosspacemarinesblacklegioncardassets_assets_all.bundle
CSM_BlackLegion_inf_Possessed Champion	1024	1024	1	chaosspacemarinesblacklegioncardassets_assets_all.bundle
CSM_BlackLegion_inf_Possessed Marine	1024	1024	1	chaosspacemarinesblacklegioncardassets_assets_all.bundle
CSM_BlackLegion_inf_Rubric Marine	1024	1024	1	chaosspacemarinesblacklegioncardassets_assets_all.bundle
CSM_BlackLegion_inf_Sorcerer	1024	1024	1	chaosspacemarinesblacklegioncardassets_assets_all.bundle
CSM_BlackLegion_inf_Terminator Champion	1024	1024	1	chaosspacemarinesblacklegioncardassets_assets_all.bundle
CSM_BlackLegion_inf_Veteran Havoc	1024	1024	1	chaosspacemarinesblacklegioncardassets_assets_all.bundle
CSM_BlackLegion_inf_Veteran Legionary	1024	1024	1	chaosspacemarinesblacklegioncardassets_assets_all.bundle
CSM_BlackLegion_inf_Warp Talon	1024	1024	1	chaosspacemarinesblacklegioncardassets_assets_all.bundle
CSM_BlackLegion_inf_Zealot Legionary	1024	1024	1	chaosspacemarinesblacklegioncardassets_assets_all.bundle
CSM_BlackLegion_offensive_Daemonic Feast	1024	1024	1	chaosspacemarinesblacklegioncardassets_assets_all.bundle
CSM_BlackLegion_offensive_Helfire Outburst	1024	1024	1	chaosspacemarinesblacklegioncardassets_assets_all.bundle
CSM_BlackLegion_offensive_Normal Conditions	1024	1024	1	chaosspacemarinesblacklegioncardassets_assets_all.bundle
CSM_BlackLegion_offensive_Warp Storm	1024	1024	1	chaosspacemarinesblacklegioncardassets_assets_all.bundle
CSM_BlackLegion_strat_Abaddons Chosen	1024	1024	1	chaosspacemarinesblacklegioncardassets_assets_all.bundle
CSM_BlackLegion_strat_Bitter Blows	1024	1024	1	chaosspacemarinesblacklegioncardassets_assets_all.bundle
CSM_BlackLegion_strat_Black Crusade	1024	1024	1	chaosspacemarinesblacklegioncardassets_assets_all.bundle
CSM_BlackLegion_strat_Daemonic Frenzy	1024	1024	1	chaosspacemarinesblacklegioncardassets_assets_all.bundle
CSM_BlackLegion_strat_Daemonic Pact	1024	1024	1	chaosspacemarinesblacklegioncardassets_assets_all.bundle
CSM_BlackLegion_strat_Dark Oratory	1024	1024	1	chaosspacemarinesblacklegioncardassets_assets_all.bundle
CSM_BlackLegion_strat_Delightful Agonies	1024	1024	1	chaosspacemarinesblacklegioncardassets_assets_all.bundle
CSM_BlackLegion_strat_Diabolic Strength	1024	1024	1	chaosspacemarinesblacklegioncardassets_assets_all.bundle
CSM_BlackLegion_strat_Disgustingly Resilient	1024	1024	1	chaosspacemarinesblacklegioncardassets_assets_all.bundle
CSM_BlackLegion_strat_Drachnyen	1024	1024	1	chaosspacemarinesblacklegioncardassets_assets_all.bundle
CSM_BlackLegion_strat_Execution	1024	1024	1	chaosspacemarinesblacklegioncardassets_assets_all.bundle
CSM_BlackLegion_strat_Gifts of Chaos	1024	1024	1	chaosspacemarinesblacklegioncardassets_assets_all.bundle
CSM_BlackLegion_strat_Heldrake Strike	1024	1024	1	chaosspacemarinesblacklegioncardassets_assets_all.bundle
CSM_BlackLegion_strat_Helfire Pit	1024	1024	1	chaosspacemarinesblacklegioncardassets_assets_all.bundle
CSM_BlackLegion_strat_Helfire Torch	1024	1024	1	chaosspacemarinesblacklegioncardassets_assets_all.bundle
CSM_BlackLegion_strat_Helspear Assault	1024	1024	1	chaosspacemarinesblacklegioncardassets_assets_all.bundle
CSM_BlackLegion_strat_Hideous Mutation	1024	1024	1	chaosspacemarinesblacklegioncardassets_assets_all.bundle
CSM_BlackLegion_strat_Hosts of Chaos	1024	1024	1	chaosspacemarinesblacklegioncardassets_assets_all.bundle
CSM_BlackLegion_strat_Idolatrous Despoilers	1024	1024	1	chaosspacemarinesblacklegioncardassets_assets_all.bundle
CSM_BlackLegion_strat_Infernal Gaze	1024	1024	1	chaosspacemarinesblacklegioncardassets_assets_all.bundle
CSM_BlackLegion_strat_Legacy of Vengeance	1024	1024	1	chaosspacemarinesblacklegioncardassets_assets_all.bundle
CSM_BlackLegion_strat_Litany of Despair	1024	1024	1	chaosspacemarinesblacklegioncardassets_assets_all.bundle
CSM_BlackLegion_strat_Malicious Volleys	1024	1024	1	chaosspacemarinesblacklegioncardassets_assets_all.bundle
CSM_BlackLegion_strat_Mark of Chaos_Khorne	1024	1024	1	chaosspacemarinesblacklegioncardassets_assets_all.bundle
CSM_BlackLegion_strat_Mark of Chaos_Nurgle	1024	1024	1	chaosspacemarinesblacklegioncardassets_assets_all.bundle
CSM_BlackLegion_strat_Mark of Chaos_Slaanesh	1024	1024	1	chaosspacemarinesblacklegioncardassets_assets_all.bundle
CSM_BlackLegion_strat_Mark of Chaos_Tzeench	1024	1024	1	chaosspacemarinesblacklegioncardassets_assets_all.bundle
CSM_BlackLegion_strat_Method to the Madness	1024	1024	1	chaosspacemarinesblacklegioncardassets_assets_all.bundle
CSM_BlackLegion_strat_Murderous Desires	1024	1024	1	chaosspacemarinesblacklegioncardassets_assets_all.bundle
CSM_BlackLegion_strat_Possession	1024	1024	1	chaosspacemarinesblacklegioncardassets_assets_all.bundle
CSM_BlackLegion_strat_Rites of Possession	1024	1024	1	chaosspacemarinesblacklegioncardassets_assets_all.bundle
CSM_BlackLegion_strat_Skeins of Fate	1024	1024	1	chaosspacemarinesblacklegioncardassets_assets_all.bundle
CSM_BlackLegion_strat_Spawndom	1024	1024	1	chaosspacemarinesblacklegioncardassets_assets_all.bundle
CSM_BlackLegion_strat_Spreading Corruption	1024	1024	1	chaosspacemarinesblacklegioncardassets_assets_all.bundle
CSM_BlackLegion_strat_Throne of the Heretic	1024	1024	1	chaosspacemarinesblacklegioncardassets_assets_all.bundle
CSM_BlackLegion_strat_Traitors Hate	1024	1024	1	chaosspacemarinesblacklegioncardassets_assets_all.bundle
CSM_BlackLegion_strat_Unhallowed Gifts	1024	1024	1	chaosspacemarinesblacklegioncardassets_assets_all.bundle
CSM_BlackLegion_strat_Unholy Smite	1024	1024	1	chaosspacemarinesblacklegioncardassets_assets_all.bundle
CSM_BlackLegion_strat_Warmaster	1024	1024	1	chaosspacemarinesblacklegioncardassets_assets_all.bundle
CSM_BlackLegion_veh_Accursed Helbrute	1024	1024	1	chaosspacemarinesblacklegioncardassets_assets_all.bundle
CSM_BlackLegion_veh_Helbrute	1024	1024	1	chaosspacemarinesblacklegioncardassets_assets_all.bundle
CSM_BlackLegion_veh_Maulerfiend	1024	1024	1	chaosspacemarinesblacklegioncardassets_assets_all.bundle
CSM_BlackLegion_veh_Venomcrawler	1024	1024	1	chaosspacemarinesblacklegioncardassets_assets_all.bundle
CSM_BlackLegion_veh_Vex Machinator	1024	1024	1	chaosspacemarinesblacklegioncardassets_assets_all.bundle
CSM_BlackLegion_war_Abaddon the Despoiler 	1024	1024	1	chaosspacemarinesblacklegioncardassets_assets_all.bundle
CSM_BlackLegion_war_Haarken Worldclaimer	1024	1024	1	chaosspacemarinesblacklegioncardassets_assets_all.bundle
CSM_BlackLegion_war_Sylar Hexcorn	1024	1024	1	chaosspacemarinesblacklegioncardassets_assets_all.bundle
CSM_BlackLegion_warlord_Ghallaron the Pious	1024	1024	1	chaosspacemarinesblacklegioncardassets_assets_all.bundle
CSM_EmperorsChildren_dae_Alluress	1024	1024	1	chaosspacemarinesemperorschildrencardassets_assets_all.bundle
CSM_EmperorsChildren_dae_Blissbringer	1024	1024	1	chaosspacemarinesemperorschildrencardassets_assets_all.bundle
CSM_EmperorsChildren_dae_Daemonette	1024	1024	1	chaosspacemarinesemperorschildrencardassets_assets_all.bundle
CSM_EmperorsChildren_dae_Fiend	1024	1024	1	chaosspacemarinesemperorschildrencardassets_assets_all.bundle
CSM_EmperorsChildren_dae_Slaanesh's Spawn	1024	1024	1	chaosspacemarinesemperorschildrencardassets_assets_all.bundle
CSM_EmperorsChildren_dae_Winged Daemon Prince	1024	1024	1	chaosspacemarinesemperorschildrencardassets_assets_all.bundle
CSM_EmperorsChildren_inf_Blastmaster Noise Marine	1024	1024	1	chaosspacemarinesemperorschildrencardassets_assets_all.bundle
CSM_EmperorsChildren_inf_Disharmonist	1024	1024	1	chaosspacemarinesemperorschildrencardassets_assets_all.bundle
CSM_EmperorsChildren_inf_Dual Screamer Kakophonist	1024	1024	1	chaosspacemarinesemperorschildrencardassets_assets_all.bundle
CSM_EmperorsChildren_inf_Flawless Blade	1024	1024	1	chaosspacemarinesemperorschildrencardassets_assets_all.bundle
CSM_EmperorsChildren_inf_Flawless Blade Champion	1024	1024	1	chaosspacemarinesemperorschildrencardassets_assets_all.bundle
CSM_EmperorsChildren_inf_Glittering Myriad Infractor	1024	1024	1	chaosspacemarinesemperorschildrencardassets_assets_all.bundle
CSM_EmperorsChildren_inf_Icon of Excess Infractor	1024	1024	1	chaosspacemarinesemperorschildrencardassets_assets_all.bundle
CSM_EmperorsChildren_inf_Infractor	1024	1024	1	chaosspacemarinesemperorschildrencardassets_assets_all.bundle
CSM_EmperorsChildren_inf_Infractor Obsessionist	1024	1024	1	chaosspacemarinesemperorschildrencardassets_assets_all.bundle
CSM_EmperorsChildren_inf_Konstrictus Tormentor	1024	1024	1	chaosspacemarinesemperorschildrencardassets_assets_all.bundle
CSM_EmperorsChildren_inf_Lord Exultant	1024	1024	1	chaosspacemarinesemperorschildrencardassets_assets_all.bundle
CSM_EmperorsChildren_inf_Lord Kakophonist	1024	1024	1	chaosspacemarinesemperorschildrencardassets_assets_all.bundle
CSM_EmperorsChildren_inf_Malgarash the Adamant	1024	1024	1	chaosspacemarinesemperorschildrencardassets_assets_all.bundle
CSM_EmperorsChildren_inf_Plasma Gun Tormentor	1024	1024	1	chaosspacemarinesemperorschildrencardassets_assets_all.bundle
CSM_EmperorsChildren_inf_Rugged Disharmonist	1024	1024	1	chaosspacemarinesemperorschildrencardassets_assets_all.bundle
CSM_EmperorsChildren_inf_Slaanesh Sorcerer	1024	1024	1	chaosspacemarinesemperorschildrencardassets_assets_all.bundle
CSM_EmperorsChildren_inf_Sonic Blaster Noise Marine	1024	1024	1	chaosspacemarinesemperorschildrencardassets_assets_all.bundle
CSM_EmperorsChildren_inf_Terminator	1024	1024	1	chaosspacemarinesemperorschildrencardassets_assets_all.bundle
CSM_EmperorsChildren_inf_Terminator Champion	1024	1024	1	chaosspacemarinesemperorschildrencardassets_assets_all.bundle
CSM_EmperorsChildren_inf_Threnodic Choir Flawless	1024	1024	1	chaosspacemarinesemperorschildrencardassets_assets_all.bundle
CSM_EmperorsChildren_inf_Threnodic Choir Flawless Blade	1024	1024	1	chaosspacemarinesemperorschildrencardassets_assets_all.bundle
CSM_EmperorsChildren_inf_Threnodic Choir Noise Marine	1024	1024	1	chaosspacemarinesemperorschildrencardassets_assets_all.bundle
CSM_EmperorsChildren_inf_Tormentor	1024	1024	1	chaosspacemarinesemperorschildrencardassets_assets_all.bundle
CSM_EmperorsChildren_inf_Tormentor Obsessionist	1024	1024	1	chaosspacemarinesemperorschildrencardassets_assets_all.bundle
CSM_EmperorsChildren_inf_Turyan Ghauze	1024	1024	1	chaosspacemarinesemperorschildrencardassets_assets_all.bundle
CSM_EmperorsChildren_inf_Veteran Noise Marine	1024	1024	1	chaosspacemarinesemperorschildrencardassets_assets_all.bundle
CSM_EmperorsChildren_offensive_Aural Hijack	1024	1024	1	chaosspacemarinesemperorschildrencardassets_assets_all.bundle
CSM_EmperorsChildren_offensive_Empyric Rift	1024	1024	1	chaosspacemarinesemperorschildrencardassets_assets_all.bundle
CSM_EmperorsChildren_offensive_Stimm-Vents Leak	1024	1024	1	chaosspacemarinesemperorschildrencardassets_assets_all.bundle
CSM_EmperorsChildren_strat_Beautiful Death	1024	1024	1	chaosspacemarinesemperorschildrencardassets_assets_all.bundle
CSM_EmperorsChildren_strat_Carnival of Excess	1024	1024	1	chaosspacemarinesemperorschildrencardassets_assets_all.bundle
CSM_EmperorsChildren_strat_Chosen of Slaanesh	1024	1024	1	chaosspacemarinesemperorschildrencardassets_assets_all.bundle
CSM_EmperorsChildren_strat_Coterie of the Conceited	1024	1024	1	chaosspacemarinesemperorschildrencardassets_assets_all.bundle
CSM_EmperorsChildren_strat_Dark Apparitions	1024	1024	1	chaosspacemarinesemperorschildrencardassets_assets_all.bundle
CSM_EmperorsChildren_strat_Dark Prince´s Throne	1024	1024	1	chaosspacemarinesemperorschildrencardassets_assets_all.bundle
CSM_EmperorsChildren_strat_Duelist's Hubris (Lucius' Talent)	1024	1024	1	chaosspacemarinesemperorschildrencardassets_assets_all.bundle
CSM_EmperorsChildren_strat_Elixir_Antrak Silk	1024	1024	1	chaosspacemarinesemperorschildrencardassets_assets_all.bundle
CSM_EmperorsChildren_strat_Elixir_Heliotrophos	1024	1024	1	chaosspacemarinesemperorschildrencardassets_assets_all.bundle
CSM_EmperorsChildren_strat_Elixir_Quail	1024	1024	1	chaosspacemarinesemperorschildrencardassets_assets_all.bundle
CSM_EmperorsChildren_strat_Elixir_Shivversplint	1024	1024	1	chaosspacemarinesemperorschildrencardassets_assets_all.bundle
CSM_EmperorsChildren_strat_Elixir_Skorflense	1024	1024	1	chaosspacemarinesemperorschildrencardassets_assets_all.bundle
CSM_EmperorsChildren_strat_Elixir_Xylocil	1024	1024	1	chaosspacemarinesemperorschildrencardassets_assets_all.bundle
CSM_EmperorsChildren_strat_Embrace the Pain	1024	1024	1	chaosspacemarinesemperorschildrencardassets_assets_all.bundle
CSM_EmperorsChildren_strat_Eternal Servitude	1024	1024	1	chaosspacemarinesemperorschildrencardassets_assets_all.bundle
CSM_EmperorsChildren_strat_Euphoric Strike (Lord Exultant's Talent)	1024	1024	1	chaosspacemarinesemperorschildrencardassets_assets_all.bundle
CSM_EmperorsChildren_strat_Excessive Vigour (Daemon Prince's Talent)	1024	1024	1	chaosspacemarinesemperorschildrencardassets_assets_all.bundle
CSM_EmperorsChildren_strat_Exquisite Swordsmanship	1024	1024	1	chaosspacemarinesemperorschildrencardassets_assets_all.bundle
CSM_EmperorsChildren_strat_Internal Rivalry	1024	1024	1	chaosspacemarinesemperorschildrencardassets_assets_all.bundle
CSM_EmperorsChildren_strat_Mechanised Murder	1024	1024	1	chaosspacemarinesemperorschildrencardassets_assets_all.bundle
CSM_EmperorsChildren_strat_Mercurial Host	1024	1024	1	chaosspacemarinesemperorschildrencardassets_assets_all.bundle
CSM_EmperorsChildren_strat_Normal	1024	1024	1	chaosspacemarinesemperorschildrencardassets_assets_all.bundle
CSM_EmperorsChildren_strat_Peerless Bladesmen	1024	1024	1	chaosspacemarinesemperorschildrencardassets_assets_all.bundle
CSM_EmperorsChildren_strat_Plains of Excess	1024	1024	1	chaosspacemarinesemperorschildrencardassets_assets_all.bundle
CSM_EmperorsChildren_strat_Pledge to the Dark Prince	1024	1024	1	chaosspacemarinesemperorschildrencardassets_assets_all.bundle
CSM_EmperorsChildren_strat_Quicksilver Grace	1024	1024	1	chaosspacemarinesemperorschildrencardassets_assets_all.bundle
CSM_EmperorsChildren_strat_Rapid Evisceration	1024	1024	1	chaosspacemarinesemperorschildrencardassets_assets_all.bundle
CSM_EmperorsChildren_strat_Rapturous Ruination	1024	1024	1	chaosspacemarinesemperorschildrencardassets_assets_all.bundle
CSM_EmperorsChildren_strat_Terrifying Crescendo	1024	1024	1	chaosspacemarinesemperorschildrencardassets_assets_all.bundle
CSM_EmperorsChildren_strat_Thrill Seekers	1024	1024	1	chaosspacemarinesemperorschildrencardassets_assets_all.bundle
CSM_EmperorsChildren_strat_Tools of Torture	1024	1024	1	chaosspacemarinesemperorschildrencardassets_assets_all.bundle
CSM_EmperorsChildren_strat_Vengeful Surge	1024	1024	1	chaosspacemarinesemperorschildrencardassets_assets_all.bundle
CSM_EmperorsChildren_strat_Vial Tanks	1024	1024	1	chaosspacemarinesemperorschildrencardassets_assets_all.bundle
CSM_EmperorsChildren_veh_Chaos Land Raider	1024	1024	1	chaosspacemarinesemperorschildrencardassets_assets_all.bundle
CSM_EmperorsChildren_veh_Chaos Rhino	1024	1024	1	chaosspacemarinesemperorschildrencardassets_assets_all.bundle
CSM_EmperorsChildren_veh_Heldrake	1024	1024	1	chaosspacemarinesemperorschildrencardassets_assets_all.bundle
CSM_EmperorsChildren_veh_Maulerfiend	1024	1024	1	chaosspacemarinesemperorschildrencardassets_assets_all.bundle
CSM_EmperorsChildren_warlord_Lord Exultant	1024	1024	1	chaosspacemarinesemperorschildrencardassets_assets_all.bundle
CSM_EmperorsChildren_warlord_Lucius The Eternal	1024	1024	1	chaosspacemarinesemperorschildrencardassets_assets_all.bundle
CSM_EmperorsChildren_warlord_Xarahan Daemon Prince	1024	1024	1	chaosspacemarinesemperorschildrencardassets_assets_all.bundle
Campaign_Faction_Bck_AstraMilitarum	1024	1024	1	campaignrewardbackgrounds_assets_all.bundle
Campaign_Faction_Bck_BlackLegion	1024	1024	1	campaignrewardbackgrounds_assets_all.bundle
Campaign_Faction_Bck_Dark Angels	1024	1024	1	campaignrewardbackgrounds_assets_all.bundle
Campaign_Faction_Bck_Emperors Children	1024	1024	1	campaignrewardbackgrounds_assets_all.bundle
Campaign_Faction_Bck_Genestealers	1024	1024	1	campaignrewardbackgrounds_assets_all.bundle
Campaign_Faction_Bck_Leviathan	1024	1024	1	campaignrewardbackgrounds_assets_all.bundle
Campaign_Faction_Bck_Orks	1024	1024	1	campaignrewardbackgrounds_assets_all.bundle
Campaign_Faction_Bck_Saim-Hann	1024	1024	1	campaignrewardbackgrounds_assets_all.bundle
Campaign_Faction_Bck_Sautekh	1024	1024	1	campaignrewardbackgrounds_assets_all.bundle
Campaign_Faction_Bck_Sororitas	1024	1024	1	campaignrewardbackgrounds_assets_all.bundle
Campaign_Faction_Bck_Space Wolves	1024	1024	1	campaignrewardbackgrounds_assets_all.bundle
Campaign_Faction_Bck_Tau_Empire	1024	1024	1	campaignrewardbackgrounds_assets_all.bundle
Campaign_Faction_Bck_Ultramarines	1024	1024	1	campaignrewardbackgrounds_assets_all.bundle
CandleFlame	512	512	10	battlesharedresources_assets_all.bundle
Card Booster Pack Normal	256	256	9	boosterpacks_assets_all.bundle
Card Damage	256	256	9	battleprefabs_vfxandmisc_assets_all.bundle
Card Heal	256	256	9	battleprefabs_vfxandmisc_assets_all.bundle
Card Heal GS	256	256	9	battleprefabs_vfxandmisc_assets_all.bundle
Card Ready For Level Up	256	256	1	duplicateassetisolation_assets_all.bundle
Card Remnant_Remnant Anim 1_PositionTex	150	15	1	battleprefabs_vfxandmisc_assets_all.bundle
Card Remnant_Remnant Anim 1_RotationTex	75	15	1	battleprefabs_vfxandmisc_assets_all.bundle
Card Remnant_Remnant Anim 3_PositionTex	150	15	1	battleprefabs_vfxandmisc_assets_all.bundle
Card Remnant_Remnant Anim 3_RotationTex	75	15	1	battleprefabs_vfxandmisc_assets_all.bundle
Card Remnant_Remnant Anim 5_PositionTex	150	15	1	battleprefabs_vfxandmisc_assets_all.bundle
Card Remnant_Remnant Anim 5_RotationTex	75	15	1	battleprefabs_vfxandmisc_assets_all.bundle
Card Remnant_Remnant Anim 8_PositionTex	150	15	1	battleprefabs_vfxandmisc_assets_all.bundle
Card Remnant_Remnant Anim 8_RotationTex	75	15	1	battleprefabs_vfxandmisc_assets_all.bundle
Card Remnant_Remnant Anim 9_PositionTex	150	15	1	battleprefabs_vfxandmisc_assets_all.bundle
Card Remnant_Remnant Anim 9_RotationTex	75	15	1	battleprefabs_vfxandmisc_assets_all.bundle
Card Shatter	512	512	10	battleprefabs_vfxandmisc_assets_all.bundle
Card Sprite Mask	128	128	8	battleprefabs_vfxandmisc_assets_all.bundle
Card Text smooth background	32	32	1	duplicateassetisolation_assets_all.bundle
Card base Matcap	256	256	1	battleprefabs_vfxandmisc_assets_all.bundle
Card blob shadow	128	128	1	battleprefabs_vfxandmisc_assets_all.bundle
Card board frame SDF	128	128	1	battleprefabs_vfxandmisc_assets_all.bundle
Card3d Interior Glow	128	128	1	battleprefabs_vfxandmisc_assets_all.bundle
CardFlip	256	256	9	menus_assets_all.bundle
Cardback_AM_Cold Blood	1024	1024	1	cosmeticscardbacksimages_assets_all.bundle
Cardback_AM_Drop and Secure	1024	1024	1	cosmeticscardbacksimages_assets_all.bundle
Cardback_AM_Forge_Grit and Determination	1024	1024	1	cosmeticscardbacksimages_assets_all.bundle
Cardback_AM_Hammer of the Emperor	1024	1024	1	cosmeticscardbacksimages_assets_all.bundle
Cardback_AM_Legacy of Strife	1024	1024	1	cosmeticscardbacksimages_assets_all.bundle
Cardback_AM_Regimental Liveries	1024	1024	1	cosmeticscardbacksimages_assets_all.bundle
Cardback_AM_Shield of Humanity	1024	1024	1	cosmeticscardbacksimages_assets_all.bundle
Cardback_AM_Shock and Awe	1024	1024	1	cosmeticscardbacksimages_assets_all.bundle
Cardback_AM_Steel Host	1024	1024	1	cosmeticscardbacksimages_assets_all.bundle
Cardback_AM_Tempestus Scions	1024	1024	1	cosmeticscardbacksimages_assets_all.bundle
Cardback_AM_Unsung Heroes	1024	1024	1	cosmeticscardbacksimages_assets_all.bundle
Cardback_AM_Ursula Creed_AA_HB	1024	1024	1	cosmeticscardbacksimages_assets_all.bundle
Cardback_ASH_Asuryani Path	1024	1024	1	cosmeticscardbacksimages_assets_all.bundle
Cardback_ASH_Campaign_Free	1024	1024	1	cosmeticscardbacksimages_assets_all.bundle
Cardback_ASH_Campaign_Premium	1024	1024	1	cosmeticscardbacksimages_assets_all.bundle
Cardback_ASH_Forge	1024	1024	1	cosmeticscardbacksimages_assets_all.bundle
Cardback_ASH_Jain Zar	1024	1024	1	cosmeticscardbacksimages_assets_all.bundle
Cardback_ASH_Premium_Craftworld Guardian	1024	1024	1	cosmeticscardbacksimages_assets_all.bundle
Cardback_ASH_Presale_Eliac	1024	1024	1	cosmeticscardbacksimages_assets_all.bundle
Cardback_ASH_Presale_SaimHann	1024	1024	1	cosmeticscardbacksimages_assets_all.bundle
Cardback_ASH_RF_Banshee Exarch	1024	1024	1	cosmeticscardbacksimages_assets_all.bundle
Cardback_ASH_RF_Path of the Warrior	1024	1024	1	cosmeticscardbacksimages_assets_all.bundle
Cardback_ASH_Warlord_Ghaelyn	1024	1024	1	cosmeticscardbacksimages_assets_all.bundle
Cardback_ASH_Warp Spider	1024	1024	1	cosmeticscardbacksimages_assets_all.bundle
Cardback_ASH_Whispering Web	1024	1024	1	cosmeticscardbacksimages_assets_all.bundle
Cardback_ASH_Wraithbone Revenant	1024	1024	1	cosmeticscardbacksimages_assets_all.bundle
Cardback_All_Closed alpha	1024	1024	1	cosmeticscardbacksimages_assets_all.bundle
Cardback_All_Early Backer	1024	1024	1	cosmeticscardbacksimages_assets_all.bundle
Cardback_All_Premium2	1024	1024	1	cosmeticscardbacksimages_assets_all.bundle
Cardback_All_Premium4	1024	1024	1	cosmeticscardbacksimages_assets_all.bundle
Cardback_All_Starter	1024	1024	1	cosmeticscardbacksimages_assets_all.bundle
Cardback_BL_Abaddon_AA_HB	1024	1024	1	cosmeticscardbacksimages_assets_all.bundle
Cardback_BL_Campaign_Free	1024	1024	1	cosmeticscardbacksimages_assets_all.bundle
Cardback_BL_Campaign_Premium	1024	1024	1	cosmeticscardbacksimages_assets_all.bundle
Cardback_BL_Forge	1024	1024	1	cosmeticscardbacksimages_assets_all.bundle
Cardback_BL_Premium_Ambitions End	1024	1024	1	cosmeticscardbacksimages_assets_all.bundle
Cardback_BL_Premium_Dark Hereticus	1024	1024	1	cosmeticscardbacksimages_assets_all.bundle
Cardback_BL_Premium_Eye of Horus	1024	1024	1	cosmeticscardbacksimages_assets_all.bundle
Cardback_BL_Presale_Abaddon	1024	1024	1	cosmeticscardbacksimages_assets_all.bundle
Cardback_BL_Presale_BlackLegion	1024	1024	1	cosmeticscardbacksimages_assets_all.bundle
Cardback_BL_RF1_Dark Rewards	1024	1024	1	cosmeticscardbacksimages_assets_all.bundle
Cardback_BL_RF1_Infernal Blessing	1024	1024	1	cosmeticscardbacksimages_assets_all.bundle
Cardback_BL_RF1_Unholy Prayers	1024	1024	1	cosmeticscardbacksimages_assets_all.bundle
Cardback_CSM_EmperorsChildren_A Canvas Eclectic	1024	1024	1	cosmeticscardbacksimages_assets_all.bundle
Cardback_CSM_EmperorsChildren_Chorus of Excess	1024	1024	1	cosmeticscardbacksimages_assets_all.bundle
Cardback_CSM_EmperorsChildren_Dark Tempations	1024	1024	1	cosmeticscardbacksimages_assets_all.bundle
Cardback_CSM_EmperorsChildren_Feeding the Addiction	1024	1024	1	cosmeticscardbacksimages_assets_all.bundle
Cardback_CSM_EmperorsChildren_Genesis of Perfection	1024	1024	1	cosmeticscardbacksimages_assets_all.bundle
Cardback_CSM_EmperorsChildren_Lament of the Flayed	1024	1024	1	cosmeticscardbacksimages_assets_all.bundle
Cardback_CSM_EmperorsChildren_Lord of Excess	1024	1024	1	cosmeticscardbacksimages_assets_all.bundle
Cardback_CSM_EmperorsChildren_Thrill Seekers	1024	1024	1	cosmeticscardbacksimages_assets_all.bundle
Cardback_DA_Ancient Rites	1024	1024	1	cosmeticscardbacksimages_assets_all.bundle
Cardback_DA_Angels of Caliban	1024	1024	1	cosmeticscardbacksimages_assets_all.bundle
Cardback_DA_Azrael AA	1024	1024	1	cosmeticscardbacksimages_assets_all.bundle
Cardback_DA_Forge_Psychic Trace	1024	1024	1	cosmeticscardbacksimages_assets_all.bundle
Cardback_DA_Insular Brotherhood	1024	1024	1	cosmeticscardbacksimages_assets_all.bundle
Cardback_DA_Knights of Caliban	1024	1024	1	cosmeticscardbacksimages_assets_all.bundle
Cardback_DA_Lightning Claws	1024	1024	1	cosmeticscardbacksimages_assets_all.bundle
Cardback_DA_Relic Shield	1024	1024	1	cosmeticscardbacksimages_assets_all.bundle
Cardback_DA_Shrouded in Mystery	1024	1024	1	cosmeticscardbacksimages_assets_all.bundle
Cardback_DA_Sobre Determination	1024	1024	1	cosmeticscardbacksimages_assets_all.bundle
Cardback_DA_Sons of the Lion	1024	1024	1	cosmeticscardbacksimages_assets_all.bundle
Cardback_DA_The First Legion	1024	1024	1	cosmeticscardbacksimages_assets_all.bundle
Cardback_DA_Veil of Caliban	1024	1024	1	cosmeticscardbacksimages_assets_all.bundle
Cardback_EC_Emperors Children	1024	1024	1	cosmeticscardbacksimages_assets_all.bundle
Cardback_GOF_Campaign_Free	1024	1024	1	cosmeticscardbacksimages_assets_all.bundle
Cardback_GOF_Campaign_Premium	1024	1024	1	cosmeticscardbacksimages_assets_all.bundle
Cardback_GOF_Face-Rippa	1024	1024	1	cosmeticscardbacksimages_assets_all.bundle
Cardback_GOF_Forge	1024	1024	1	cosmeticscardbacksimages_assets_all.bundle
Cardback_GOF_Ghazgkhull_AA_HB	1024	1024	1	cosmeticscardbacksimages_assets_all.bundle
Cardback_GOF_Gordrang_Reinforcement	1024	1024	1	cosmeticscardbacksimages_assets_all.bundle
Cardback_GOF_Gordrang_Reinforcement_2	1024	1024	1	cosmeticscardbacksimages_assets_all.bundle
Cardback_GOF_Kustom_Job	1024	1024	1	cosmeticscardbacksimages_assets_all.bundle
Cardback_GOF_Presale_Ghazghkull	1024	1024	1	cosmeticscardbacksimages_assets_all.bundle
Cardback_GOF_Presale_Goff	1024	1024	1	cosmeticscardbacksimages_assets_all.bundle
Cardback_GOF_Red Gobbo	1024	1024	1	cosmeticscardbacksimages_assets_all.bundle
Cardback_GSC_Alien Majesty	1024	1024	1	cosmeticscardbacksimages_assets_all.bundle
Cardback_GSC_Dawn of Uprising	1024	1024	1	cosmeticscardbacksimages_assets_all.bundle
Cardback_GSC_Forge_Broodmind	1024	1024	1	cosmeticscardbacksimages_assets_all.bundle
Cardback_GSC_Genestealer Curse	1024	1024	1	cosmeticscardbacksimages_assets_all.bundle
Cardback_GSC_Genetic Lineage	1024	1024	1	cosmeticscardbacksimages_assets_all.bundle
Cardback_GSC_Industrial Affinity	1024	1024	1	cosmeticscardbacksimages_assets_all.bundle
Cardback_GSC_Marked for Death	1024	1024	1	cosmeticscardbacksimages_assets_all.bundle
Cardback_GSC_Purestrain	1024	1024	1	cosmeticscardbacksimages_assets_all.bundle
Cardback_GSC_Tainted Offspring	1024	1024	1	cosmeticscardbacksimages_assets_all.bundle
Cardback_GSC_Telephatic Whispers	1024	1024	1	cosmeticscardbacksimages_assets_all.bundle
Cardback_GSC_Unseen Peril	1024	1024	1	cosmeticscardbacksimages_assets_all.bundle
Cardback_ORK_Beast Snagga	1024	1024	1	cosmeticscardbacksimages_assets_all.bundle
Cardback_ORK_Big Chompa	1024	1024	1	cosmeticscardbacksimages_assets_all.bundle
Cardback_ORK_Da Monsta Eater	1024	1024	1	cosmeticscardbacksimages_assets_all.bundle
Cardback_ORK_Squig Breeding	1024	1024	1	cosmeticscardbacksimages_assets_all.bundle
Cardback_ORK_Visions of Prey	1024	1024	1	cosmeticscardbacksimages_assets_all.bundle
Cardback_Ranked_Generic_Tier1	1024	1024	1	cosmeticscardbacksimages_assets_all.bundle
Cardback_Ranked_Generic_Tier2	1024	1024	1	cosmeticscardbacksimages_assets_all.bundle
Cardback_Ranked_Generic_Tier3	1024	1024	1	cosmeticscardbacksimages_assets_all.bundle
Cardback_Ranked_Skirmish_Tier1	1024	1024	1	cosmeticscardbacksimages_assets_all.bundle
Cardback_Ranked_Skirmish_Tier2	1024	1024	1	cosmeticscardbacksimages_assets_all.bundle
Cardback_Ranked_Skirmish_Tier3	1024	1024	1	cosmeticscardbacksimages_assets_all.bundle
Cardback_SAU_Biotransference	1024	1024	1	cosmeticscardbacksimages_assets_all.bundle
Cardback_SAU_Campaign_Free	1024	1024	1	cosmeticscardbacksimages_assets_all.bundle
Cardback_SAU_Campaign_Premium	1024	1024	1	cosmeticscardbacksimages_assets_all.bundle
Cardback_SAU_Canoptek Court	1024	1024	1	cosmeticscardbacksimages_assets_all.bundle
Cardback_SAU_Forge	1024	1024	1	cosmeticscardbacksimages_assets_all.bundle
Cardback_SAU_Imotekh_AA_HB	1024	1024	1	cosmeticscardbacksimages_assets_all.bundle
Cardback_SAU_Imprisoned C’tan	1024	1024	1	cosmeticscardbacksimages_assets_all.bundle
Cardback_SAU_Presale_Imotekh	1024	1024	1	cosmeticscardbacksimages_assets_all.bundle
Cardback_SAU_Presale_Sautekh	1024	1024	1	cosmeticscardbacksimages_assets_all.bundle
Cardback_SAU_Soulless Reaper	1024	1024	1	cosmeticscardbacksimages_assets_all.bundle
Cardback_SAU_Tomb Guardians	1024	1024	1	cosmeticscardbacksimages_assets_all.bundle
Cardback_SAU_Warlord_Orikan	1024	1024	1	cosmeticscardbacksimages_assets_all.bundle
Cardback_SOR_Campaign_Free	1024	1024	1	cosmeticscardbacksimages_assets_all.bundle
Cardback_SOR_Campaign_Premium	1024	1024	1	cosmeticscardbacksimages_assets_all.bundle
Cardback_SOR_Convent Prioris	1024	1024	1	cosmeticscardbacksimages_assets_all.bundle
Cardback_SOR_Forge	1024	1024	1	cosmeticscardbacksimages_assets_all.bundle
Cardback_SOR_Hallowed Martyr	1024	1024	1	cosmeticscardbacksimages_assets_all.bundle
Cardback_SOR_Holy Rage	1024	1024	1	cosmeticscardbacksimages_assets_all.bundle
Cardback_SOR_Light of Serenity	1024	1024	1	cosmeticscardbacksimages_assets_all.bundle
Cardback_SOR_Psalm of Fortitude	1024	1024	1	cosmeticscardbacksimages_assets_all.bundle
Cardback_SOR_Sacred Rose	1024	1024	1	cosmeticscardbacksimages_assets_all.bundle
Cardback_SOR_Sisters of Battle	1024	1024	1	cosmeticscardbacksimages_assets_all.bundle
Cardback_SOR_Wars of Faith	1024	1024	1	cosmeticscardbacksimages_assets_all.bundle
Cardback_SW_Campaign Free	1024	1024	1	cosmeticscardbacksimages_assets_all.bundle
Cardback_SW_Campaign Premium	1024	1024	1	cosmeticscardbacksimages_assets_all.bundle
Cardback_SW_Feral Barbarity	1024	1024	1	cosmeticscardbacksimages_assets_all.bundle
Cardback_SW_Forge	1024	1024	1	cosmeticscardbacksimages_assets_all.bundle
Cardback_SW_Logan_AA_HB	1024	1024	1	cosmeticscardbacksimages_assets_all.bundle
Cardback_SW_Premium Bundle 1	1024	1024	1	cosmeticscardbacksimages_assets_all.bundle
Cardback_SW_Premium Bundle 2	1024	1024	1	cosmeticscardbacksimages_assets_all.bundle
Cardback_SW_Premium Bundle 3	1024	1024	1	cosmeticscardbacksimages_assets_all.bundle
Cardback_SW_Silent Tread	1024	1024	1	cosmeticscardbacksimages_assets_all.bundle
Cardback_SW_Sky Warriors	1024	1024	1	cosmeticscardbacksimages_assets_all.bundle
Cardback_SW_The Wolftime	1024	1024	1	cosmeticscardbacksimages_assets_all.bundle
Cardback_Season_2_Tier1	1024	1024	1	cosmeticscardbacksimages_assets_all.bundle
Cardback_Season_2_Tier2	1024	1024	1	cosmeticscardbacksimages_assets_all.bundle
Cardback_Season_2_Tier3	1024	1024	1	cosmeticscardbacksimages_assets_all.bundle
Cardback_Season_3_Tier1	1024	1024	1	cosmeticscardbacksimages_assets_all.bundle
Cardback_Season_3_Tier2	1024	1024	1	cosmeticscardbacksimages_assets_all.bundle
Cardback_Season_3_Tier3	1024	1024	1	cosmeticscardbacksimages_assets_all.bundle
Cardback_Season_April_2024_Tier1	1024	1024	1	cosmeticscardbacksimages_assets_all.bundle
Cardback_Season_April_2024_Tier2	1024	1024	1	cosmeticscardbacksimages_assets_all.bundle
Cardback_Season_April_2024_Tier3	1024	1024	1	cosmeticscardbacksimages_assets_all.bundle
Cardback_Season_April_2025_Tier1	1024	1024	1	cosmeticscardbacksimages_assets_all.bundle
Cardback_Season_April_2025_Tier2	1024	1024	1	cosmeticscardbacksimages_assets_all.bundle
Cardback_Season_April_2025_Tier3	1024	1024	1	cosmeticscardbacksimages_assets_all.bundle
Cardback_Season_August_2024_Tier1	1024	1024	1	cosmeticscardbacksimages_assets_all.bundle
Cardback_Season_August_2024_Tier2	1024	1024	1	cosmeticscardbacksimages_assets_all.bundle
Cardback_Season_August_2024_Tier3	1024	1024	1	cosmeticscardbacksimages_assets_all.bundle
Cardback_Season_December_2024_Tier1	1024	1024	1	cosmeticscardbacksimages_assets_all.bundle
Cardback_Season_December_2024_Tier2	1024	1024	1	cosmeticscardbacksimages_assets_all.bundle
Cardback_Season_December_2024_Tier3	1024	1024	1	cosmeticscardbacksimages_assets_all.bundle
Cardback_Season_February_2024_Tier1	1024	1024	1	cosmeticscardbacksimages_assets_all.bundle
Cardback_Season_February_2024_Tier2	1024	1024	1	cosmeticscardbacksimages_assets_all.bundle
Cardback_Season_February_2024_Tier3	1024	1024	1	cosmeticscardbacksimages_assets_all.bundle
Cardback_Season_February_2025_Tier1	1024	1024	1	cosmeticscardbacksimages_assets_all.bundle
Cardback_Season_February_2025_Tier2	1024	1024	1	cosmeticscardbacksimages_assets_all.bundle
Cardback_Season_February_2025_Tier3	1024	1024	1	cosmeticscardbacksimages_assets_all.bundle
Cardback_Season_January_2025_Tier1	1024	1024	1	cosmeticscardbacksimages_assets_all.bundle
Cardback_Season_January_2025_Tier2	1024	1024	1	cosmeticscardbacksimages_assets_all.bundle
Cardback_Season_January_2025_Tier3	1024	1024	1	cosmeticscardbacksimages_assets_all.bundle
Cardback_Season_July_2024_Tier1	1024	1024	1	cosmeticscardbacksimages_assets_all.bundle
Cardback_Season_July_2024_Tier2	1024	1024	1	cosmeticscardbacksimages_assets_all.bundle
Cardback_Season_July_2024_Tier3	1024	1024	1	cosmeticscardbacksimages_assets_all.bundle
Cardback_Season_July_2025_Tier1	1024	1024	1	cosmeticscardbacksimages_assets_all.bundle
Cardback_Season_July_2025_Tier2	1024	1024	1	cosmeticscardbacksimages_assets_all.bundle
Cardback_Season_July_2025_Tier3	1024	1024	1	cosmeticscardbacksimages_assets_all.bundle
Cardback_Season_Jun_2024_Tier1	1024	1024	1	cosmeticscardbacksimages_assets_all.bundle
Cardback_Season_Jun_2024_Tier2	1024	1024	1	cosmeticscardbacksimages_assets_all.bundle
Cardback_Season_Jun_2024_Tier3	1024	1024	1	cosmeticscardbacksimages_assets_all.bundle
Cardback_Season_June_2025_Tier1	1024	1024	1	cosmeticscardbacksimages_assets_all.bundle
Cardback_Season_June_2025_Tier2	1024	1024	1	cosmeticscardbacksimages_assets_all.bundle
Cardback_Season_June_2025_Tier3	1024	1024	1	cosmeticscardbacksimages_assets_all.bundle
Cardback_Season_March_2024_Tier1	1024	1024	1	cosmeticscardbacksimages_assets_all.bundle
Cardback_Season_March_2024_Tier2	1024	1024	1	cosmeticscardbacksimages_assets_all.bundle
Cardback_Season_March_2024_Tier3	1024	1024	1	cosmeticscardbacksimages_assets_all.bundle
Cardback_Season_March_2025_Tier1	1024	1024	1	cosmeticscardbacksimages_assets_all.bundle
Cardback_Season_March_2025_Tier2	1024	1024	1	cosmeticscardbacksimages_assets_all.bundle
Cardback_Season_March_2025_Tier3	1024	1024	1	cosmeticscardbacksimages_assets_all.bundle
Cardback_Season_May_2024_Tier1	1024	1024	1	cosmeticscardbacksimages_assets_all.bundle
Cardback_Season_May_2024_Tier2	1024	1024	1	cosmeticscardbacksimages_assets_all.bundle
Cardback_Season_May_2024_Tier3	1024	1024	1	cosmeticscardbacksimages_assets_all.bundle
Cardback_Season_May_2025_Tier1	1024	1024	1	cosmeticscardbacksimages_assets_all.bundle
Cardback_Season_May_2025_Tier2	1024	1024	1	cosmeticscardbacksimages_assets_all.bundle
Cardback_Season_May_2025_Tier3	1024	1024	1	cosmeticscardbacksimages_assets_all.bundle
Cardback_Season_November_2024_Tier1	1024	1024	1	cosmeticscardbacksimages_assets_all.bundle
Cardback_Season_November_2024_Tier2	1024	1024	1	cosmeticscardbacksimages_assets_all.bundle
Cardback_Season_November_2024_Tier3	1024	1024	1	cosmeticscardbacksimages_assets_all.bundle
Cardback_Season_October_2024_Tier1	1024	1024	1	cosmeticscardbacksimages_assets_all.bundle
Cardback_Season_October_2024_Tier2	1024	1024	1	cosmeticscardbacksimages_assets_all.bundle
Cardback_Season_October_2024_Tier3	1024	1024	1	cosmeticscardbacksimages_assets_all.bundle
Cardback_Season_September_2024_Tier1	1024	1024	1	cosmeticscardbacksimages_assets_all.bundle
Cardback_Season_September_2024_Tier2	1024	1024	1	cosmeticscardbacksimages_assets_all.bundle
Cardback_Season_September_2024_Tier3	1024	1024	1	cosmeticscardbacksimages_assets_all.bundle
Cardback_TAU_Campaign_Free	1024	1024	1	cosmeticscardbacksimages_assets_all.bundle
Cardback_TAU_Campaign_Premium	1024	1024	1	cosmeticscardbacksimages_assets_all.bundle
Cardback_TAU_Campaign_Sphere of Expansion	1024	1024	1	cosmeticscardbacksimages_assets_all.bundle
Cardback_TAU_Ethereal	1024	1024	1	cosmeticscardbacksimages_assets_all.bundle
Cardback_TAU_Feral Hunters	1024	1024	1	cosmeticscardbacksimages_assets_all.bundle
Cardback_TAU_Forge	1024	1024	1	cosmeticscardbacksimages_assets_all.bundle
Cardback_TAU_Ghostkeel	1024	1024	1	cosmeticscardbacksimages_assets_all.bundle
Cardback_TAU_Kroot Shaper	1024	1024	1	cosmeticscardbacksimages_assets_all.bundle
Cardback_TAU_Presale	1024	1024	1	cosmeticscardbacksimages_assets_all.bundle
Cardback_TAU_Primitive Aggression	1024	1024	1	cosmeticscardbacksimages_assets_all.bundle
Cardback_TAU_Shadowsun	1024	1024	1	cosmeticscardbacksimages_assets_all.bundle
Cardback_TL_Campaign_Free	1024	1024	1	cosmeticscardbacksimages_assets_all.bundle
Cardback_TL_Campaign_Premium	1024	1024	1	cosmeticscardbacksimages_assets_all.bundle
Cardback_TL_Forge	1024	1024	1	cosmeticscardbacksimages_assets_all.bundle
Cardback_TL_Presale_Leviathan	1024	1024	1	cosmeticscardbacksimages_assets_all.bundle
Cardback_TL_Presale_Swarmlord	1024	1024	1	cosmeticscardbacksimages_assets_all.bundle
Cardback_TL_Reinforcement1	1024	1024	1	cosmeticscardbacksimages_assets_all.bundle
Cardback_TL_Reinforcement2	1024	1024	1	cosmeticscardbacksimages_assets_all.bundle
Cardback_TL_SoulLeech	1024	1024	1	cosmeticscardbacksimages_assets_all.bundle
Cardback_TL_Warlord_Alien_Menace	1024	1024	1	cosmeticscardbacksimages_assets_all.bundle
Cardback_TL_Warlord_Swarmlord	1024	1024	1	cosmeticscardbacksimages_assets_all.bundle
Cardback_UM_Astartes	1024	1024	1	cosmeticscardbacksimages_assets_all.bundle
Cardback_UM_Campaign_Free	1024	1024	1	cosmeticscardbacksimages_assets_all.bundle
Cardback_UM_Campaign_Premium	1024	1024	1	cosmeticscardbacksimages_assets_all.bundle
Cardback_UM_Defenders of Ultramar	1024	1024	1	cosmeticscardbacksimages_assets_all.bundle
Cardback_UM_Forge	1024	1024	1	cosmeticscardbacksimages_assets_all.bundle
Cardback_UM_Presale_Calgar	1024	1024	1	cosmeticscardbacksimages_assets_all.bundle
Cardback_UM_Presale_Ultramarines	1024	1024	1	cosmeticscardbacksimages_assets_all.bundle
Cardback_UM_Primaris Chaplain	1024	1024	1	cosmeticscardbacksimages_assets_all.bundle
Cardback_UM_Primaris Lieutenant	1024	1024	1	cosmeticscardbacksimages_assets_all.bundle
Cardback_UM_RG_Exemplar	1024	1024	1	cosmeticscardbacksimages_assets_all.bundle
Cardback_UM_RG_Primarch of the XIII	1024	1024	1	cosmeticscardbacksimages_assets_all.bundle
Cardback_UM_RG_The 2nd Company	1024	1024	1	cosmeticscardbacksimages_assets_all.bundle
Cardback_UM_RG_Valiant Heroes	1024	1024	1	cosmeticscardbacksimages_assets_all.bundle
Cardback_UM_RG_Victrix Honour Guard	1024	1024	1	cosmeticscardbacksimages_assets_all.bundle
Cardback_UM_Sacred Bolter	1024	1024	1	cosmeticscardbacksimages_assets_all.bundle
Cardback_UM_Storm Shield	1024	1024	1	cosmeticscardbacksimages_assets_all.bundle
Cardback_UM_Titus_AA_HB	1024	1024	1	cosmeticscardbacksimages_assets_all.bundle
Cardback_UM_Warlord_Tigurius	1024	1024	1	cosmeticscardbacksimages_assets_all.bundle
Cardback_UM_Warlord_Titus	1024	1024	1	cosmeticscardbacksimages_assets_all.bundle
Cardback_UM_Warlord_Ventris	1024	1024	1	cosmeticscardbacksimages_assets_all.bundle
Chain_Rugged_Trail	128	128	8	battleprefabs_vfxandmisc_assets_all.bundle
Chain_circle	128	128	8	battleprefabs_vfxandmisc_assets_all.bundle
Chaos_star_2	256	256	9	battleprefabs_vfxandmisc_assets_all.bundle
Chaplain_Icon_VFX	256	256	9	battleprefabs_vfxandmisc_assets_all.bundle
Checkmark	64	64	7	Warpforge_unitybuiltinassets.bundle
ChemVial_Albedo	512	512	10	battleprefabs_vfxandmisc_assets_all.bundle
ChemVial_Emission	512	512	10	battleprefabs_vfxandmisc_assets_all.bundle
Chestrays_Focused	256	512	10	battleprefabs_vfxandmisc_assets_all.bundle
Choppa-tex	256	256	9	battleprefabs_vfxandmisc_assets_all.bundle
Circle Halo	128	128	1	duplicateassetisolation_assets_all.bundle
Circle No center	128	128	8	battleprefabs_vfxandmisc_assets_all.bundle
Circle Particle	128	128	8	duplicateassetisolation_assets_all.bundle
Circle Teeth	512	512	10	battleprefabs_vfxandmisc_assets_all.bundle
Circle_Arc	512	512	10	battleprefabs_vfxandmisc_assets_all.bundle
Circle_Fragmented	128	128	8	battleprefabs_vfxandmisc_assets_all.bundle
Circle_Hoop	256	256	9	duplicateassetisolation_assets_all.bundle
Circle_Segmented_2	256	256	9	battleprefabs_vfxandmisc_assets_all.bundle
Cloud	256	256	9	battleprefabs_vfxandmisc_assets_all.bundle
Cloud_puff	256	256	9	battlesharedresources_assets_all.bundle
Cognition_Glyph	256	256	9	battleprefabs_vfxandmisc_assets_all.bundle
Concrete_Crack_1	256	256	9	battleprefabs_vfxandmisc_assets_all.bundle
Container Image Draft	1024	1024	1	liveopsmenuimages_assets_all.bundle
Container Image Practice 1x1	1024	1024	1	liveopsmenuimages_assets_all.bundle
Container Image Practice 1x2	1024	1024	1	liveopsmenuimages_assets_all.bundle
Container Image Ranked	1024	1024	1	liveopsmenuimages_assets_all.bundle
Container Image Tutorial	1024	1024	1	liveopsmenuimages_assets_all.bundle
Copy@3x	48	48	1	menus_assets_all.bundle
Cracks_04_A01	256	256	9	battleprefabs_vfxandmisc_assets_all.bundle
Cracks_04_A03	256	256	9	battleprefabs_vfxandmisc_assets_all.bundle
Cracks_1	512	512	10	battleprefabs_vfxandmisc_assets_all.bundle
Cracks_2	1024	1024	11	battleprefabs_vfxandmisc_assets_all.bundle
Craftworld_SaimHann_inf_Autarch	1024	1024	1	aeldarisaimhanncardassets_assets_all.bundle
Craftworld_SaimHann_inf_Death Spinner Warp Spider	1024	1024	1	aeldarisaimhanncardassets_assets_all.bundle
Craftworld_SaimHann_inf_Dire Avenger	1024	1024	1	aeldarisaimhanncardassets_assets_all.bundle
Craftworld_SaimHann_inf_Dire Avenger Exarch	1024	1024	1	aeldarisaimhanncardassets_assets_all.bundle
Craftworld_SaimHann_inf_Farseer	1024	1024	1	aeldarisaimhanncardassets_assets_all.bundle
Craftworld_SaimHann_inf_Fire Dragon	1024	1024	1	aeldarisaimhanncardassets_assets_all.bundle
Craftworld_SaimHann_inf_Guardian Defender	1024	1024	1	aeldarisaimhanncardassets_assets_all.bundle
Craftworld_SaimHann_inf_Howling Banshee	1024	1024	1	aeldarisaimhanncardassets_assets_all.bundle
Craftworld_SaimHann_inf_Howling Banshee Exarch	1024	1024	1	aeldarisaimhanncardassets_assets_all.bundle
Craftworld_SaimHann_inf_Orian Laratharjos	1024	1024	1	aeldarisaimhanncardassets_assets_all.bundle
Craftworld_SaimHann_inf_Ranger	1024	1024	1	aeldarisaimhanncardassets_assets_all.bundle
Craftworld_SaimHann_inf_Spiritseer	1024	1024	1	aeldarisaimhanncardassets_assets_all.bundle
Craftworld_SaimHann_inf_Spiritseer Qelenaris	1024	1024	1	aeldarisaimhanncardassets_assets_all.bundle
Craftworld_SaimHann_inf_Storm Guardian	1024	1024	1	aeldarisaimhanncardassets_assets_all.bundle
Craftworld_SaimHann_inf_Striking Scorpion	1024	1024	1	aeldarisaimhanncardassets_assets_all.bundle
Craftworld_SaimHann_inf_Striking Scorpion Exarch	1024	1024	1	aeldarisaimhanncardassets_assets_all.bundle
Craftworld_SaimHann_inf_Swooping Hawk	1024	1024	1	aeldarisaimhanncardassets_assets_all.bundle
Craftworld_SaimHann_inf_Swooping Hawk Exarch	1024	1024	1	aeldarisaimhanncardassets_assets_all.bundle
Craftworld_SaimHann_inf_Vengeful Wraithblade	1024	1024	1	aeldarisaimhanncardassets_assets_all.bundle
Craftworld_SaimHann_inf_Veteran Guardian	1024	1024	1	aeldarisaimhanncardassets_assets_all.bundle
Craftworld_SaimHann_inf_Warlock	1024	1024	1	aeldarisaimhanncardassets_assets_all.bundle
Craftworld_SaimHann_inf_Warp Spider	1024	1024	1	aeldarisaimhanncardassets_assets_all.bundle
Craftworld_SaimHann_inf_Warp Spider Exarch	1024	1024	1	aeldarisaimhanncardassets_assets_all.bundle
Craftworld_SaimHann_inf_Weapons Platform	1024	1024	1	aeldarisaimhanncardassets_assets_all.bundle
Craftworld_SaimHann_inf_Winged Autarch	1024	1024	1	aeldarisaimhanncardassets_assets_all.bundle
Craftworld_SaimHann_inf_Witchblade Warlock	1024	1024	1	aeldarisaimhanncardassets_assets_all.bundle
Craftworld_SaimHann_inf_Wraithblade	1024	1024	1	aeldarisaimhanncardassets_assets_all.bundle
Craftworld_SaimHann_inf_Wraithguard	1024	1024	1	aeldarisaimhanncardassets_assets_all.bundle
Craftworld_SaimHann_inf_Yrlla the Huntress	1024	1024	1	aeldarisaimhanncardassets_assets_all.bundle
Craftworld_SaimHann_monster_Avatar of Khaine	1024	1024	1	aeldarisaimhanncardassets_assets_all.bundle
Craftworld_SaimHann_offensive_Blackout	1024	1024	1	aeldarisaimhanncardassets_assets_all.bundle
Craftworld_SaimHann_offensive_Infinity Circuit Overload	1024	1024	1	aeldarisaimhanncardassets_assets_all.bundle
Craftworld_SaimHann_offensive_Normal Conditions	1024	1024	1	aeldarisaimhanncardassets_assets_all.bundle
Craftworld_SaimHann_offensive_Webway Rift	1024	1024	1	aeldarisaimhanncardassets_assets_all.bundle
Craftworld_SaimHann_strat_Aerial Dominion	1024	1024	1	aeldarisaimhanncardassets_assets_all.bundle
Craftworld_SaimHann_strat_Ahnakh-Yth Shrine	1024	1024	1	aeldarisaimhanncardassets_assets_all.bundle
Craftworld_SaimHann_strat_Aspect Shrine	1024	1024	1	aeldarisaimhanncardassets_assets_all.bundle
Craftworld_SaimHann_strat_Banshee Mask	1024	1024	1	aeldarisaimhanncardassets_assets_all.bundle
Craftworld_SaimHann_strat_Bladestorm	1024	1024	1	aeldarisaimhanncardassets_assets_all.bundle
Craftworld_SaimHann_strat_Cosmic Serpent	1024	1024	1	aeldarisaimhanncardassets_assets_all.bundle
Craftworld_SaimHann_strat_Craftworld Convergence	1024	1024	1	aeldarisaimhanncardassets_assets_all.bundle
Craftworld_SaimHann_strat_Dance of Death	1024	1024	1	aeldarisaimhanncardassets_assets_all.bundle
Craftworld_SaimHann_strat_Deadly Ambush	1024	1024	1	aeldarisaimhanncardassets_assets_all.bundle
Craftworld_SaimHann_strat_Devoted of Khaine	1024	1024	1	aeldarisaimhanncardassets_assets_all.bundle
Craftworld_SaimHann_strat_Eldritch Storm	1024	1024	1	aeldarisaimhanncardassets_assets_all.bundle
Craftworld_SaimHann_strat_Empyric Ambush	1024	1024	1	aeldarisaimhanncardassets_assets_all.bundle
Craftworld_SaimHann_strat_Evasive Manoeuvre	1024	1024	1	aeldarisaimhanncardassets_assets_all.bundle
Craftworld_SaimHann_strat_Fate Inescapable	1024	1024	1	aeldarisaimhanncardassets_assets_all.bundle
Craftworld_SaimHann_strat_Fire and Fade	1024	1024	1	aeldarisaimhanncardassets_assets_all.bundle
Craftworld_SaimHann_strat_Flickerjump	1024	1024	1	aeldarisaimhanncardassets_assets_all.bundle
Craftworld_SaimHann_strat_Forewarned	1024	1024	1	aeldarisaimhanncardassets_assets_all.bundle
Craftworld_SaimHann_strat_Graceful Avoidance	1024	1024	1	aeldarisaimhanncardassets_assets_all.bundle
Craftworld_SaimHann_strat_Hosts of the Dead	1024	1024	1	aeldarisaimhanncardassets_assets_all.bundle
Craftworld_SaimHann_strat_Infinity Circuit	1024	1024	1	aeldarisaimhanncardassets_assets_all.bundle
Craftworld_SaimHann_strat_Inspiring Legacy	1024	1024	1	aeldarisaimhanncardassets_assets_all.bundle
Craftworld_SaimHann_strat_Nightshade Interceptors	1024	1024	1	aeldarisaimhanncardassets_assets_all.bundle
Craftworld_SaimHann_strat_Path of Command	1024	1024	1	aeldarisaimhanncardassets_assets_all.bundle
Craftworld_SaimHann_strat_Path of the Seer	1024	1024	1	aeldarisaimhanncardassets_assets_all.bundle
Craftworld_SaimHann_strat_Path of the Warrior	1024	1024	1	aeldarisaimhanncardassets_assets_all.bundle
Craftworld_SaimHann_strat_Reclaim the Stars	1024	1024	1	aeldarisaimhanncardassets_assets_all.bundle
Craftworld_SaimHann_strat_Skyborne Deployment	1024	1024	1	aeldarisaimhanncardassets_assets_all.bundle
Craftworld_SaimHann_strat_Storm of Silence	1024	1024	1	aeldarisaimhanncardassets_assets_all.bundle
Craftworld_SaimHann_strat_Sudden Assault	1024	1024	1	aeldarisaimhanncardassets_assets_all.bundle
Craftworld_SaimHann_strat_Wailing Doom	1024	1024	1	aeldarisaimhanncardassets_assets_all.bundle
Craftworld_SaimHann_strat_Webway Entrance	1024	1024	1	aeldarisaimhanncardassets_assets_all.bundle
Craftworld_SaimHann_strat_Webway Gate	1024	1024	1	aeldarisaimhanncardassets_assets_all.bundle
Craftworld_SaimHann_strat_Webway Incursion	1024	1024	1	aeldarisaimhanncardassets_assets_all.bundle
Craftworld_SaimHann_strat_Whirling Death	1024	1024	1	aeldarisaimhanncardassets_assets_all.bundle
Craftworld_SaimHann_strat_Wild Host	1024	1024	1	aeldarisaimhanncardassets_assets_all.bundle
Craftworld_SaimHann_strat_Will of Asuryan	1024	1024	1	aeldarisaimhanncardassets_assets_all.bundle
Craftworld_SaimHann_strat_Witchfire	1024	1024	1	aeldarisaimhanncardassets_assets_all.bundle
Craftworld_SaimHann_strat_Wrath of Khaine	1024	1024	1	aeldarisaimhanncardassets_assets_all.bundle
Craftworld_SaimHann_veh_Bright Lance Vyper	1024	1024	1	aeldarisaimhanncardassets_assets_all.bundle
Craftworld_SaimHann_veh_Crimson Hunter	1024	1024	1	aeldarisaimhanncardassets_assets_all.bundle
Craftworld_SaimHann_veh_Falcon	1024	1024	1	aeldarisaimhanncardassets_assets_all.bundle
Craftworld_SaimHann_veh_Farseer Skyrunner	1024	1024	1	aeldarisaimhanncardassets_assets_all.bundle
Craftworld_SaimHann_veh_Fire prism	1024	1024	1	aeldarisaimhanncardassets_assets_all.bundle
Craftworld_SaimHann_veh_Hemlock Wraithfighter	1024	1024	1	aeldarisaimhanncardassets_assets_all.bundle
Craftworld_SaimHann_veh_Hornet	1024	1024	1	aeldarisaimhanncardassets_assets_all.bundle
Craftworld_SaimHann_veh_Night Spinner	1024	1024	1	aeldarisaimhanncardassets_assets_all.bundle
Craftworld_SaimHann_veh_Nuadhu Fireheart	1024	1024	1	aeldarisaimhanncardassets_assets_all.bundle
Craftworld_SaimHann_veh_Shining Spear	1024	1024	1	aeldarisaimhanncardassets_assets_all.bundle
Craftworld_SaimHann_veh_Shining Spear Exarch	1024	1024	1	aeldarisaimhanncardassets_assets_all.bundle
Craftworld_SaimHann_veh_Shroud Runner	1024	1024	1	aeldarisaimhanncardassets_assets_all.bundle
Craftworld_SaimHann_veh_Vyper	1024	1024	1	aeldarisaimhanncardassets_assets_all.bundle
Craftworld_SaimHann_veh_War Walker	1024	1024	1	aeldarisaimhanncardassets_assets_all.bundle
Craftworld_SaimHann_veh_Warlock Skyrunner	1024	1024	1	aeldarisaimhanncardassets_assets_all.bundle
Craftworld_SaimHann_veh_Wave Serpent	1024	1024	1	aeldarisaimhanncardassets_assets_all.bundle
Craftworld_SaimHann_veh_Windrider	1024	1024	1	aeldarisaimhanncardassets_assets_all.bundle
Craftworld_SaimHann_veh_Wraithknight	1024	1024	1	aeldarisaimhanncardassets_assets_all.bundle
Craftworld_SaimHann_veh_Wraithlord	1024	1024	1	aeldarisaimhanncardassets_assets_all.bundle
Craftworld_SaimHann_war_Anvirr Keltoc	1024	1024	1	aeldarisaimhanncardassets_assets_all.bundle
Craftworld_SaimHann_war_Eliac Zephyrblade	1024	1024	1	aeldarisaimhanncardassets_assets_all.bundle
Craftworld_SaimHann_war_Medreyal Ghaelyn	1024	1024	1	aeldarisaimhanncardassets_assets_all.bundle
Craftworld_SaimHann_warlord_Jain Zar	1024	1024	1	aeldarisaimhanncardassets_assets_all.bundle
Craftworld_SaimHann_warlord_Lhykhis	1024	1024	1	aeldarisaimhanncardassets_assets_all.bundle
Crate Border Highlight	128	128	1	menus_assets_all.bundle
Crosshair 3	256	256	9	battleprefabs_vfxandmisc_assets_all.bundle
Crosshair 3 Ring	512	512	10	duplicateassetisolation_assets_all.bundle
CrosshairTrail	64	64	1	battlesharedresources_assets_all.bundle
Crosshair_1	64	64	1	battleprefabs_vfxandmisc_assets_all.bundle
Crosshair_2	64	64	1	battleprefabs_vfxandmisc_assets_all.bundle
Crosshair_2_Thin	512	512	10	duplicateassetisolation_assets_all.bundle
Crosshair_3_Icon	64	64	7	battleprefabs_vfxandmisc_assets_all.bundle
Crosshair_4_Icon	64	64	7	battleprefabs_vfxandmisc_assets_all.bundle
Cursor_AstraMillitarum_01	128	128	1	armycursors_assets_all.bundle
Cursor_AstraMillitarum_01Glow	128	128	1	armycursors_assets_all.bundle
Cursor_Chaos_01	128	128	1	armycursors_assets_all.bundle
Cursor_Chaos_01Glow	128	128	1	armycursors_assets_all.bundle
Cursor_Dark Angels	128	128	1	armycursors_assets_all.bundle
Cursor_Eldar_01	128	128	1	armycursors_assets_all.bundle
Cursor_Eldar_01Glow	128	128	1	armycursors_assets_all.bundle
Cursor_Genestealer_01	128	128	1	armycursors_assets_all.bundle
Cursor_Genestealer_01Glow	128	128	1	armycursors_assets_all.bundle
Cursor_Necron_01	128	128	1	armycursors_assets_all.bundle
Cursor_Necron_01Glow	128	128	1	armycursors_assets_all.bundle
Cursor_Ork_01	128	128	1	armycursors_assets_all.bundle
Cursor_Ork_01Glow	128	128	1	armycursors_assets_all.bundle
Cursor_Sororitas	128	128	1	armycursors_assets_all.bundle
Cursor_Sororitas_Glow	128	128	1	armycursors_assets_all.bundle
Cursor_Space Marine_01	128	128	1	armycursors_assets_all.bundle
Cursor_Space Marine_01Glow	128	128	1	armycursors_assets_all.bundle
Cursor_Space Tyranid_01	128	128	1	armycursors_assets_all.bundle
Cursor_Space Tyranid_01Glow	128	128	1	armycursors_assets_all.bundle
Cursor_Tau_01	128	128	1	armycursors_assets_all.bundle
Cursor_Tau_01Glow	128	128	1	armycursors_assets_all.bundle
Cut Arc	256	256	9	battleprefabs_vfxandmisc_assets_all.bundle
Cut_1	128	128	8	battleprefabs_vfxandmisc_assets_all.bundle
Cut_2	128	128	8	battleprefabs_vfxandmisc_assets_all.bundle
Cut_3	256	256	9	battleprefabs_vfxandmisc_assets_all.bundle
Cut_4	256	256	9	battleprefabs_vfxandmisc_assets_all.bundle
Cut_Multiple_1	512	512	10	battleprefabs_vfxandmisc_assets_all.bundle
DA RF Container 1x2	1024	1024	1	liveopsmenuimages_assets_all.bundle
DA_Icon_Glow	256	256	9	battleprefabs_vfxandmisc_assets_all.bundle
DA_Quest_Icon_VFX	256	256	9	battleprefabs_vfxandmisc_assets_all.bundle
Damage_Glyph	256	256	9	battleprefabs_vfxandmisc_assets_all.bundle
Dark Angels Ground Atlas	4096	4096	1	scenes_scenes_battlearenadarkangels.bundle
DarkAngels_AA_warlord_Azrael_v2	1024	1024	1	spacemarinesdarkangelscardassets_assets_all.bundle
DarkAngels_inf_Aggressor	1024	1024	1	spacemarinesdarkangelscardassets_assets_all.bundle
DarkAngels_inf_Apothecary	1024	1024	1	spacemarinesdarkangelscardassets_assets_all.bundle
DarkAngels_inf_Bladeguard Veteran	1024	1024	1	spacemarinesdarkangelscardassets_assets_all.bundle
DarkAngels_inf_Captain	1024	1024	1	spacemarinesdarkangelscardassets_assets_all.bundle
DarkAngels_inf_Chaplain	1024	1024	1	spacemarinesdarkangelscardassets_assets_all.bundle
DarkAngels_inf_Company Champion	1024	1024	1	spacemarinesdarkangelscardassets_assets_all.bundle
DarkAngels_inf_Company Master	1024	1024	1	spacemarinesdarkangelscardassets_assets_all.bundle
DarkAngels_inf_Company Veteran	1024	1024	1	spacemarinesdarkangelscardassets_assets_all.bundle
DarkAngels_inf_Deathwing Champion	1024	1024	1	spacemarinesdarkangelscardassets_assets_all.bundle
DarkAngels_inf_Deathwing Knight	1024	1024	1	spacemarinesdarkangelscardassets_assets_all.bundle
DarkAngels_inf_Deathwing Knight Master	1024	1024	1	spacemarinesdarkangelscardassets_assets_all.bundle
DarkAngels_inf_Deathwing Strikemaster	1024	1024	1	spacemarinesdarkangelscardassets_assets_all.bundle
DarkAngels_inf_Deathwing Terminator	1024	1024	1	spacemarinesdarkangelscardassets_assets_all.bundle
DarkAngels_inf_Ezekiel	1024	1024	1	spacemarinesdarkangelscardassets_assets_all.bundle
DarkAngels_inf_Inner Circle Companion	1024	1024	1	spacemarinesdarkangelscardassets_assets_all.bundle
DarkAngels_inf_Intercessor	1024	1024	1	spacemarinesdarkangelscardassets_assets_all.bundle
DarkAngels_inf_Interrogator Chaplain	1024	1024	1	spacemarinesdarkangelscardassets_assets_all.bundle
DarkAngels_inf_Librarian	1024	1024	1	spacemarinesdarkangelscardassets_assets_all.bundle
DarkAngels_inf_Master Lazarus	1024	1024	1	spacemarinesdarkangelscardassets_assets_all.bundle
DarkAngels_inf_Reiver	1024	1024	1	spacemarinesdarkangelscardassets_assets_all.bundle
DarkAngels_inf_Sergeant Naaman	1024	1024	1	spacemarinesdarkangelscardassets_assets_all.bundle
DarkAngels_inf_Techmarine	1024	1024	1	spacemarinesdarkangelscardassets_assets_all.bundle
DarkAngels_strat_Ancient Reliquary	1024	1024	1	spacemarinesdarkangelscardassets_assets_all.bundle
DarkAngels_strat_Asteroid Zone	1024	1024	1	spacemarinesdarkangelscardassets_assets_all.bundle
DarkAngels_strat_Blacksword Missiles	1024	1024	1	spacemarinesdarkangelscardassets_assets_all.bundle
DarkAngels_strat_Convoke the Circle	1024	1024	1	spacemarinesdarkangelscardassets_assets_all.bundle
DarkAngels_strat_Covert Operation	1024	1024	1	spacemarinesdarkangelscardassets_assets_all.bundle
DarkAngels_strat_Deadly Hunters	1024	1024	1	spacemarinesdarkangelscardassets_assets_all.bundle
DarkAngels_strat_Deathwing Assault	1024	1024	1	spacemarinesdarkangelscardassets_assets_all.bundle
DarkAngels_strat_Defensive Turrets	1024	1024	1	spacemarinesdarkangelscardassets_assets_all.bundle
DarkAngels_strat_Desperate Mission	1024	1024	1	spacemarinesdarkangelscardassets_assets_all.bundle
DarkAngels_strat_Exemplar of Hate	1024	1024	1	spacemarinesdarkangelscardassets_assets_all.bundle
DarkAngels_strat_Fury of the Unforgiven	1024	1024	1	spacemarinesdarkangelscardassets_assets_all.bundle
DarkAngels_strat_Grim Effigy	1024	1024	1	spacemarinesdarkangelscardassets_assets_all.bundle
DarkAngels_strat_Grim Resolve	1024	1024	1	spacemarinesdarkangelscardassets_assets_all.bundle
DarkAngels_strat_Hunt the Fallen	1024	1024	1	spacemarinesdarkangelscardassets_assets_all.bundle
DarkAngels_strat_Inner Circle	1024	1024	1	spacemarinesdarkangelscardassets_assets_all.bundle
DarkAngels_strat_March of Vengeance	1024	1024	1	spacemarinesdarkangelscardassets_assets_all.bundle
DarkAngels_strat_Martial Superiority	1024	1024	1	spacemarinesdarkangelscardassets_assets_all.bundle
DarkAngels_strat_Master Interromancer	1024	1024	1	spacemarinesdarkangelscardassets_assets_all.bundle
DarkAngels_strat_Master of Manoeuvre	1024	1024	1	spacemarinesdarkangelscardassets_assets_all.bundle
DarkAngels_strat_Master of the Deathwing	1024	1024	1	spacemarinesdarkangelscardassets_assets_all.bundle
DarkAngels_strat_None Must Know	1024	1024	1	spacemarinesdarkangelscardassets_assets_all.bundle
DarkAngels_strat_Normal Conditions	1024	1024	1	spacemarinesdarkangelscardassets_assets_all.bundle
DarkAngels_strat_Obscure Ritual	1024	1024	1	spacemarinesdarkangelscardassets_assets_all.bundle
DarkAngels_strat_Plasma Generator	1024	1024	1	spacemarinesdarkangelscardassets_assets_all.bundle
DarkAngels_strat_Reconnaissance Mission	1024	1024	1	spacemarinesdarkangelscardassets_assets_all.bundle
DarkAngels_strat_Rites of Penance	1024	1024	1	spacemarinesdarkangelscardassets_assets_all.bundle
DarkAngels_strat_Sacred Standard	1024	1024	1	spacemarinesdarkangelscardassets_assets_all.bundle
DarkAngels_strat_Secret Agenda	1024	1024	1	spacemarinesdarkangelscardassets_assets_all.bundle
DarkAngels_strat_Smothering Decree	1024	1024	1	spacemarinesdarkangelscardassets_assets_all.bundle
DarkAngels_strat_Star Orbiting	1024	1024	1	spacemarinesdarkangelscardassets_assets_all.bundle
DarkAngels_strat_Steadfast Warriors	1024	1024	1	spacemarinesdarkangelscardassets_assets_all.bundle
DarkAngels_strat_Stubborn Defiance	1024	1024	1	spacemarinesdarkangelscardassets_assets_all.bundle
DarkAngels_strat_Supreme Grand Master	1024	1024	1	spacemarinesdarkangelscardassets_assets_all.bundle
DarkAngels_strat_The Rock	1024	1024	1	spacemarinesdarkangelscardassets_assets_all.bundle
DarkAngels_strat_Unwavering Zeal	1024	1024	1	spacemarinesdarkangelscardassets_assets_all.bundle
DarkAngels_strat_Void Combat	1024	1024	1	spacemarinesdarkangelscardassets_assets_all.bundle
DarkAngels_strat_Wages of Retribution	1024	1024	1	spacemarinesdarkangelscardassets_assets_all.bundle
DarkAngels_veh_Black Knight	1024	1024	1	spacemarinesdarkangelscardassets_assets_all.bundle
DarkAngels_veh_Dark Talon	1024	1024	1	spacemarinesdarkangelscardassets_assets_all.bundle
DarkAngels_veh_Darkshroud	1024	1024	1	spacemarinesdarkangelscardassets_assets_all.bundle
DarkAngels_veh_Land Speeder Vengeance	1024	1024	1	spacemarinesdarkangelscardassets_assets_all.bundle
DarkAngels_veh_Nephilim Jetfighter	1024	1024	1	spacemarinesdarkangelscardassets_assets_all.bundle
DarkAngels_veh_Ravenwing Ancient	1024	1024	1	spacemarinesdarkangelscardassets_assets_all.bundle
DarkAngels_veh_Ravenwing Bikes	1024	1024	1	spacemarinesdarkangelscardassets_assets_all.bundle
DarkAngels_veh_Ravenwing Champion	1024	1024	1	spacemarinesdarkangelscardassets_assets_all.bundle
DarkAngels_veh_Ravenwing Speeder	1024	1024	1	spacemarinesdarkangelscardassets_assets_all.bundle
DarkAngels_veh_Ravenwing Talonmaster	1024	1024	1	spacemarinesdarkangelscardassets_assets_all.bundle
DarkAngels_veh_Repulsor	1024	1024	1	spacemarinesdarkangelscardassets_assets_all.bundle
DarkAngels_veh_Sammael	1024	1024	1	spacemarinesdarkangelscardassets_assets_all.bundle
DarkAngels_veh_Unforgiven Redemptor	1024	1024	1	spacemarinesdarkangelscardassets_assets_all.bundle
DarkAngels_warlord_Asmodai	1024	1024	1	spacemarinesdarkangelscardassets_assets_all.bundle
DarkAngels_warlord_Azrael	1024	1024	1	spacemarinesdarkangelscardassets_assets_all.bundle
DarkAngels_warlord_Belial	1024	1024	1	spacemarinesdarkangelscardassets_assets_all.bundle
Data-mat-_MainTex-atlas-0	4096	2048	1	battlesharedresources_assets_all.bundle
Debris	256	256	9	battlesharedresources_assets_all.bundle
Debris Particle	128	128	8	battleprefabs_vfxandmisc_assets_all.bundle
Default-Particle	64	64	7	Warpforge_unitybuiltinassets.bundle
Desolation_Missile_tex	256	256	9	battleprefabs_vfxandmisc_assets_all.bundle
DigitalSymbols_3x3	512	512	10	battleprefabs_vfxandmisc_assets_all.bundle
DigitalSymbols_3x3_2	512	512	10	battleprefabs_vfxandmisc_assets_all.bundle
Disk_SwordArc	512	512	10	battleprefabs_vfxandmisc_assets_all.bundle
Distortion Star	128	128	8	battleprefabs_vfxandmisc_assets_all.bundle
DoubleFlames	64	64	7	battleprefabs_vfxandmisc_assets_all.bundle
Drachnyen_Sprite	256	256	9	battleprefabs_vfxandmisc_assets_all.bundle
DustPuffSmall	256	256	9	battleprefabs_vfxandmisc_assets_all.bundle
DustPuffSmallParticleSheet	256	256	9	battleprefabs_vfxandmisc_assets_all.bundle
DynamiteBundle_Albedo_combined	1024	1024	11	battleprefabs_vfxandmisc_assets_all.bundle
EC Whip Basic	128	128	8	battleprefabs_vfxandmisc_assets_all.bundle
EC Whip Lucius 2	256	256	9	battleprefabs_vfxandmisc_assets_all.bundle
EarthCrackAlbedo	512	512	1	battleprefabs_vfxandmisc_assets_all.bundle
EarthCrackEmissive	1024	1024	11	battleprefabs_vfxandmisc_assets_all.bundle
EarthCrackNormal	1024	1024	11	battleprefabs_vfxandmisc_assets_all.bundle
Eclipse Sun	256	256	1	battlesharedresources_assets_all.bundle
Embers	128	128	1	battleprefabs_vfxandmisc_assets_all.bundle
Emperors Children Ground Atlas	4096	4096	1	scenes_scenes_battlearenaemperorschildren.bundle
Emperos Children Fake Distort 1	256	512	10	scenes_scenes_battlearenaemperorschildren.bundle
Emperos Children Fake Distort 2	128	128	8	scenes_scenes_battlearenaemperorschildren.bundle
EnergyEffect	2048	2048	12	battleprefabs_vfxandmisc_assets_all.bundle
ExileGlaive-tex	256	256	9	battleprefabs_vfxandmisc_assets_all.bundle
Explosion	2048	2048	12	battlesharedresources_assets_all.bundle
Explosion Distort	64	64	7	duplicateassetisolation_assets_all.bundle
ExplosionEmission	1024	1024	11	battlesharedresources_assets_all.bundle
Explosion_Simple_2	256	256	9	battleprefabs_vfxandmisc_assets_all.bundle
Explosion_big	2048	2048	12	battleprefabs_vfxandmisc_assets_all.bundle
Explosion_big_ground	2048	2048	12	battleprefabs_vfxandmisc_assets_all.bundle
Explosion_default	2048	2048	12	battleprefabs_vfxandmisc_assets_all.bundle
FX Square UI SDF	128	128	1	menus_assets_all.bundle
FireBallEmission	512	512	10	battlesharedresources_assets_all.bundle
FireExplosion	2048	2048	12	battlesharedresources_assets_all.bundle
Fire_001	256	256	1	battleprefabs_vfxandmisc_assets_all.bundle
Fireball	2048	2048	12	battlesharedresources_assets_all.bundle
Fireflies_Basecolor	128	128	8	battleprefabs_vfxandmisc_assets_all.bundle
Fireflies_Emisive	128	128	8	battleprefabs_vfxandmisc_assets_all.bundle
Flame Loop	1024	1024	11	battleprefabs_vfxandmisc_assets_all.bundle
Flame01	2048	2048	12	battlesharedresources_assets_all.bundle
Flame02	2048	2048	12	battleprefabs_vfxandmisc_assets_all.bundle
Flame03	2048	2048	12	scenes_scenes_battlearena2.bundle
FlameBW	1024	1024	11	battleprefabs_vfxandmisc_assets_all.bundle
FlameHit	256	256	9	battleprefabs_vfxandmisc_assets_all.bundle
FlameWave	128	128	8	battleprefabs_vfxandmisc_assets_all.bundle
Flame_Quick	1024	1024	11	battleprefabs_vfxandmisc_assets_all.bundle
Flare 6	128	128	8	battleprefabs_vfxandmisc_assets_all.bundle
Flare_1	128	128	8	battleprefabs_vfxandmisc_assets_all.bundle
Floor fire embers	256	256	9	battlesharedresources_assets_all.bundle
Font Texture	0	0	1	fonts_assets_all.bundle
GSC Dagger Emission	128	128	8	battleprefabs_vfxandmisc_assets_all.bundle
GSC Dagger Texture	256	256	9	battleprefabs_vfxandmisc_assets_all.bundle
Gargoyle_shadow	1024	1024	11	battleprefabs_vfxandmisc_assets_all.bundle
Gauss Rays	256	128	9	battleprefabs_vfxandmisc_assets_all.bundle
Gauss Rays Noise	256	128	9	battleprefabs_vfxandmisc_assets_all.bundle
Gauss Rays Stylized	1024	1024	11	battleprefabs_vfxandmisc_assets_all.bundle
Gear_SpriteSheet	1024	1024	11	battleprefabs_vfxandmisc_assets_all.bundle
Genestaler Fan	1024	1024	11	scenes_scenes_battlearenagenestealers.bundle
GenestealerCults_defence_Alien Idol	1024	1024	1	genestealercultscardassets_assets_all.bundle
GenestealerCults_defence_Pilfered Supplies	1024	1024	1	genestealercultscardassets_assets_all.bundle
GenestealerCults_defence_Rusted Vents	1024	1024	1	genestealercultscardassets_assets_all.bundle
GenestealerCults_inf_Aberrant	1024	1024	1	genestealercultscardassets_assets_all.bundle
GenestealerCults_inf_Aberrant Hypermorph	1024	1024	1	genestealercultscardassets_assets_all.bundle
GenestealerCults_inf_Abominant	1024	1024	1	genestealercultscardassets_assets_all.bundle
GenestealerCults_inf_Acolyte Heavy	1024	1024	1	genestealercultscardassets_assets_all.bundle
GenestealerCults_inf_Acolyte Hybrid	1024	1024	1	genestealercultscardassets_assets_all.bundle
GenestealerCults_inf_Acolyte Leader	1024	1024	1	genestealercultscardassets_assets_all.bundle
GenestealerCults_inf_Acolyte Specialist	1024	1024	1	genestealercultscardassets_assets_all.bundle
GenestealerCults_inf_Benefictus	1024	1024	1	genestealercultscardassets_assets_all.bundle
GenestealerCults_inf_Biophagus	1024	1024	1	genestealercultscardassets_assets_all.bundle
GenestealerCults_inf_Clamavus	1024	1024	1	genestealercultscardassets_assets_all.bundle
GenestealerCults_inf_Concealed Explosives	1024	1024	1	genestealercultscardassets_assets_all.bundle
GenestealerCults_inf_Genestealer Familiar	1024	1024	1	genestealercultscardassets_assets_all.bundle
GenestealerCults_inf_Hulking Aberrant	1024	1024	1	genestealercultscardassets_assets_all.bundle
GenestealerCults_inf_Hybrid Metamorph	1024	1024	1	genestealercultscardassets_assets_all.bundle
GenestealerCults_inf_Kelermorph	1024	1024	1	genestealercultscardassets_assets_all.bundle
GenestealerCults_inf_Locus	1024	1024	1	genestealercultscardassets_assets_all.bundle
GenestealerCults_inf_Metamorph Iconbearer	1024	1024	1	genestealercultscardassets_assets_all.bundle
GenestealerCults_inf_Metamorph Leader	1024	1024	1	genestealercultscardassets_assets_all.bundle
GenestealerCults_inf_Neophyte Heavy	1024	1024	1	genestealercultscardassets_assets_all.bundle
GenestealerCults_inf_Neophyte Hybrid	1024	1024	1	genestealercultscardassets_assets_all.bundle
GenestealerCults_inf_Neophyte Iconbearer	1024	1024	1	genestealercultscardassets_assets_all.bundle
GenestealerCults_inf_Neophyte Initiate	1024	1024	1	genestealercultscardassets_assets_all.bundle
GenestealerCults_inf_Neophyte Leader	1024	1024	1	genestealercultscardassets_assets_all.bundle
GenestealerCults_inf_Neophyte Specialist	1024	1024	1	genestealercultscardassets_assets_all.bundle
GenestealerCults_inf_Neophyte Trooper	1024	1024	1	genestealercultscardassets_assets_all.bundle
GenestealerCults_inf_Nexos	1024	1024	1	genestealercultscardassets_assets_all.bundle
GenestealerCults_inf_Patriarch	1024	1024	1	genestealercultscardassets_assets_all.bundle
GenestealerCults_inf_Purestrain Genestealer	1024	1024	1	genestealercultscardassets_assets_all.bundle
GenestealerCults_inf_Reductus Saboteur	1024	1024	1	genestealercultscardassets_assets_all.bundle
GenestealerCults_inf_Sanctus	1024	1024	1	genestealercultscardassets_assets_all.bundle
GenestealerCults_offensive_Mining Tremors	1024	1024	1	genestealercultscardassets_assets_all.bundle
GenestealerCults_offensive_Normal Conditions	1024	1024	1	genestealercultscardassets_assets_all.bundle
GenestealerCults_offensive_Sump Overspill	1024	1024	1	genestealercultscardassets_assets_all.bundle
GenestealerCults_offensive_Toxic Fumes	1024	1024	1	genestealercultscardassets_assets_all.bundle
GenestealerCults_special_Ambush	1024	1024	1	genestealercultscardassets_assets_all.bundle
GenestealerCults_strat_A Trap Sprung	1024	1024	1	genestealercultscardassets_assets_all.bundle
GenestealerCults_strat_Alien Idol	1024	1024	1	genestealercultscardassets_assets_all.bundle
GenestealerCults_strat_Backstab	1024	1024	1	genestealercultscardassets_assets_all.bundle
GenestealerCults_strat_Bore Through	1024	1024	1	genestealercultscardassets_assets_all.bundle
GenestealerCults_strat_Brood Prophet	1024	1024	1	genestealercultscardassets_assets_all.bundle
GenestealerCults_strat_Clandestine Operation	1024	1024	1	genestealercultscardassets_assets_all.bundle
GenestealerCults_strat_Cult Propaganda	1024	1024	1	genestealercultscardassets_assets_all.bundle
GenestealerCults_strat_Cut Them Off	1024	1024	1	genestealercultscardassets_assets_all.bundle
GenestealerCults_strat_Day of Ascension	1024	1024	1	genestealercultscardassets_assets_all.bundle
GenestealerCults_strat_Deadliest Killer	1024	1024	1	genestealercultscardassets_assets_all.bundle
GenestealerCults_strat_Enhanced Aggression	1024	1024	1	genestealercultscardassets_assets_all.bundle
GenestealerCults_strat_Enhanced Musculature	1024	1024	1	genestealercultscardassets_assets_all.bundle
GenestealerCults_strat_Enhanced Resilience	1024	1024	1	genestealercultscardassets_assets_all.bundle
GenestealerCults_strat_Eve of the Uprising	1024	1024	1	genestealercultscardassets_assets_all.bundle
GenestealerCults_strat_Experimental Bio-Horrors	1024	1024	1	genestealercultscardassets_assets_all.bundle
GenestealerCults_strat_Gestalt Energy	1024	1024	1	genestealercultscardassets_assets_all.bundle
GenestealerCults_strat_Hive Fleet Arrival	1024	1024	1	genestealercultscardassets_assets_all.bundle
GenestealerCults_strat_Improvised Barricade	1024	1024	1	genestealercultscardassets_assets_all.bundle
GenestealerCults_strat_Inscrutable Cunning	1024	1024	1	genestealercultscardassets_assets_all.bundle
GenestealerCults_strat_Jammed Communications	1024	1024	1	genestealercultscardassets_assets_all.bundle
GenestealerCults_strat_Living Icon	1024	1024	1	genestealercultscardassets_assets_all.bundle
GenestealerCults_strat_Lying in Wait	1024	1024	1	genestealercultscardassets_assets_all.bundle
GenestealerCults_strat_Master Outrider	1024	1024	1	genestealercultscardassets_assets_all.bundle
GenestealerCults_strat_Nexus of Devotion	1024	1024	1	genestealercultscardassets_assets_all.bundle
GenestealerCults_strat_Open Insurrection	1024	1024	1	genestealercultscardassets_assets_all.bundle
GenestealerCults_strat_Perfect Ambush	1024	1024	1	genestealercultscardassets_assets_all.bundle
GenestealerCults_strat_Perfect Hosts	1024	1024	1	genestealercultscardassets_assets_all.bundle
GenestealerCults_strat_Pilfered Supplies	1024	1024	1	genestealercultscardassets_assets_all.bundle
GenestealerCults_strat_Poisoned Supplies	1024	1024	1	genestealercultscardassets_assets_all.bundle
GenestealerCults_strat_Rampant Infestation	1024	1024	1	genestealercultscardassets_assets_all.bundle
GenestealerCults_strat_Roaming Outriders	1024	1024	1	genestealercultscardassets_assets_all.bundle
GenestealerCults_strat_Rogue Informant	1024	1024	1	genestealercultscardassets_assets_all.bundle
GenestealerCults_strat_Rusted Vents	1024	1024	1	genestealercultscardassets_assets_all.bundle
GenestealerCults_strat_Subterranean Ambush	1024	1024	1	genestealercultscardassets_assets_all.bundle
GenestealerCults_strat_Summon the Cult	1024	1024	1	genestealercultscardassets_assets_all.bundle
GenestealerCults_strat_Telephatic Domination	1024	1024	1	genestealercultscardassets_assets_all.bundle
GenestealerCults_strat_Underground Network	1024	1024	1	genestealercultscardassets_assets_all.bundle
GenestealerCults_strat_Vox-Hacker	1024	1024	1	genestealercultscardassets_assets_all.bundle
GenestealerCults_strat_Xeno-Mutations	1024	1024	1	genestealercultscardassets_assets_all.bundle
GenestealerCults_veh_Achilles Ridgerunner	1024	1024	1	genestealercultscardassets_assets_all.bundle
GenestealerCults_veh_Atalan Jackal	1024	1024	1	genestealercultscardassets_assets_all.bundle
GenestealerCults_veh_Atalan Leader	1024	1024	1	genestealercultscardassets_assets_all.bundle
GenestealerCults_veh_Atalan Wolfquad	1024	1024	1	genestealercultscardassets_assets_all.bundle
GenestealerCults_veh_Cult Leman Russ	1024	1024	1	genestealercultscardassets_assets_all.bundle
GenestealerCults_veh_Cult Sentinel	1024	1024	1	genestealercultscardassets_assets_all.bundle
GenestealerCults_veh_Goliath Rockgrinder	1024	1024	1	genestealercultscardassets_assets_all.bundle
GenestealerCults_veh_Goliath Truck	1024	1024	1	genestealercultscardassets_assets_all.bundle
GenestealerCults_veh_Jackal Outrider	1024	1024	1	genestealercultscardassets_assets_all.bundle
GenestealerCults_veh_Jackal Scout	1024	1024	1	genestealercultscardassets_assets_all.bundle
GenestealerCults_veh_Jackal Specialist	1024	1024	1	genestealercultscardassets_assets_all.bundle
GenestealerCults_veh_Spotter Ridgerunner	1024	1024	1	genestealercultscardassets_assets_all.bundle
GenestealerCults_warlord_Acolyte Iconward	1024	1024	1	genestealercultscardassets_assets_all.bundle
GenestealerCults_warlord_Lhaska Szenari	1024	1024	1	genestealercultscardassets_assets_all.bundle
GenestealerCults_warlord_Magus Uthrel Naas	1024	1024	1	genestealercultscardassets_assets_all.bundle
GenestealerCults_warlord_Primus Saffa Rhiannor	1024	1024	1	genestealercultscardassets_assets_all.bundle
Genestealers Atlas 1-_BaseMap-atlas-0	4096	4096	1	scenes_scenes_battlearenagenestealers.bundle
Genestealers Ground reflections	4096	4096	13	scenes_scenes_battlearenagenestealers.bundle
Genestealers Ground reflections Atlas	4096	4096	1	scenes_scenes_battlearenagenestealers.bundle
Genestealers_Icon_VFX	256	256	9	battleprefabs_vfxandmisc_assets_all.bundle
Glow	128	128	1	duplicateassetisolation_assets_all.bundle
Glow Narrow	128	128	8	battleprefabs_vfxandmisc_assets_all.bundle
Glow Noise	128	128	8	battleprefabs_vfxandmisc_assets_all.bundle
Glow Rays	128	128	8	duplicateassetisolation_assets_all.bundle
Glow Scattered	128	128	1	battleprefabs_vfxandmisc_assets_all.bundle
Glow Sharp medium	512	512	10	battleprefabs_vfxandmisc_assets_all.bundle
Glow UI W40K	123	123	1	duplicateassetisolation_assets_all.bundle
GlowPalet	32	32	6	battleprefabs_vfxandmisc_assets_all.bundle
GlowTriangleGradient	128	128	1	battleprefabs_vfxandmisc_assets_all.bundle
GlowTriangleGradientSharp	128	128	8	battleprefabs_vfxandmisc_assets_all.bundle
Glow_Noise_Stylized	256	256	9	battleprefabs_vfxandmisc_assets_all.bundle
Glow_Rays_Ring	256	256	9	battlesharedresources_assets_all.bundle
Glow_Rays_Stylized	256	256	9	battleprefabs_vfxandmisc_assets_all.bundle
Glyphs_Sheet	1024	1024	11	battleprefabs_vfxandmisc_assets_all.bundle
GoopSprayAlbedo	512	512	10	battleprefabs_vfxandmisc_assets_all.bundle
GoopSprayNormal	512	512	10	battleprefabs_vfxandmisc_assets_all.bundle
GoopStreakAlbedo	512	512	10	battleprefabs_vfxandmisc_assets_all.bundle
GoopStreakNormal	512	512	10	battleprefabs_vfxandmisc_assets_all.bundle
GradCardsHalo	512	512	1	duplicateassetisolation_assets_all.bundle
Gradient_Vertical_Linear	256	256	9	shaders_assets_all.bundle
Grot_grenade-tex	64	64	7	battleprefabs_vfxandmisc_assets_all.bundle
Growth_1_Icon	512	512	10	battleprefabs_vfxandmisc_assets_all.bundle
Growth_2_Icon	512	512	10	battleprefabs_vfxandmisc_assets_all.bundle
Growth_3_Icon	512	512	10	battleprefabs_vfxandmisc_assets_all.bundle
Guard Icon VFX	128	128	8	battleprefabs_vfxandmisc_assets_all.bundle
Guard Icon VFX Glow	128	128	8	battleprefabs_vfxandmisc_assets_all.bundle
Guard Summon Icon	128	128	8	battleprefabs_vfxandmisc_assets_all.bundle
HammerAndBolter_Plasma_Explosion_2	1024	1024	11	battleprefabs_vfxandmisc_assets_all.bundle
HammerAndBolter_Plasma_Explosion_Emission	1024	1024	11	battleprefabs_vfxandmisc_assets_all.bundle
HammerAndBolter_Plasma_Fire	2048	2048	12	battleprefabs_vfxandmisc_assets_all.bundle
HammerAndBolter_Plasma_Muzzle	1024	1024	11	battleprefabs_vfxandmisc_assets_all.bundle
Harpoon Texture	256	256	9	battleprefabs_vfxandmisc_assets_all.bundle
Heal_Glyph	256	256	9	battleprefabs_vfxandmisc_assets_all.bundle
Heldrake_top	256	256	9	battleprefabs_vfxandmisc_assets_all.bundle
Helspear	32	256	9	battleprefabs_vfxandmisc_assets_all.bundle
HexagonGradient	2048	2048	12	battleprefabs_vfxandmisc_assets_all.bundle
Hexagon_1	512	512	10	battleprefabs_vfxandmisc_assets_all.bundle
Hexagon_2	256	256	9	battleprefabs_vfxandmisc_assets_all.bundle
Hexagon_3	512	512	10	duplicateassetisolation_assets_all.bundle
Hive_1	128	128	8	battleprefabs_vfxandmisc_assets_all.bundle
HologramLines Generic Popup	128	128	8	battleprefabs_vfxandmisc_assets_all.bundle
Inbox Image_ASH RF2 announce	1024	256	1	inboxmessagesheaderslocal_assets_all.bundle
Inbox Image_Astra Militarum	1024	256	1	inboxmessagesheaderslocal_assets_all.bundle
Inbox Image_DA announce	1024	256	1	inboxmessagesheaderslocal_assets_all.bundle
Inbox Image_GSC RF announce	1024	256	1	inboxmessagesheaderslocal_assets_all.bundle
Inbox Image_GSC announce	1024	256	1	inboxmessagesheaderslocal_assets_all.bundle
Inbox Image_Kroot announce	1024	256	1	inboxmessagesheaderslocal_assets_all.bundle
Inbox Image_Orks_Beast Snagga announce	1024	256	1	inboxmessagesheaderslocal_assets_all.bundle
Inbox Image_SAU announce	1024	256	1	inboxmessagesheaderslocal_assets_all.bundle
Inbox Image_SW announce	1024	256	1	inboxmessagesheaderslocal_assets_all.bundle
Inbox Image_Sororitas RF announce	1024	256	1	inboxmessagesheaderslocal_assets_all.bundle
Inbox Image_Sororitas announce	1024	256	1	inboxmessagesheaderslocal_assets_all.bundle
Inbox Image_Space Marine announce	1024	256	1	inboxmessagesheaderslocal_assets_all.bundle
Inbox Image_Tau announce	1024	256	1	inboxmessagesheaderslocal_assets_all.bundle
Inbox Image_UM Guilliman announce	1024	256	1	inboxmessagesheaderslocal_assets_all.bundle
Inbox Image_Xsola purchase	1024	256	1	inboxmessagesheaderslocal_assets_all.bundle
Ingame message UMRF	1024	256	1	inboxmessagesheaderslocal_assets_all.bundle
InputFieldBackground	32	32	6	Warpforge_unitybuiltinassets.bundle
Iron_Halo 1	256	256	9	battleprefabs_vfxandmisc_assets_all.bundle
Iron_Halo 2	256	256	9	battleprefabs_vfxandmisc_assets_all.bundle
Iron_Halo_GSC	256	256	9	battleprefabs_vfxandmisc_assets_all.bundle
Iron_Halo_Guard	512	512	10	battleprefabs_vfxandmisc_assets_all.bundle
Iron_Halo_Tau	256	256	9	battleprefabs_vfxandmisc_assets_all.bundle
Iron_Halo_Tyranid	256	256	9	battleprefabs_vfxandmisc_assets_all.bundle
Jainas Mor	256	256	9	battleprefabs_vfxandmisc_assets_all.bundle
KhaineSword	32	128	8	battleprefabs_vfxandmisc_assets_all.bundle
KrootJavelin_tex	1024	1024	11	battleprefabs_vfxandmisc_assets_all.bundle
LUT Battle Arena Aeldari	256	16	9	scenes_scenes_battlearenaaeldari.bundle
LUT Battle Arena Emperors Children	256	16	9	scenes_scenes_battlearenaemperorschildren.bundle
LUT Battle Arena Genestaler Cults	256	16	9	scenes_scenes_battlearenagenestealers.bundle
LUT Battle Arena Leviathan	256	16	9	scenes_scenes_battlearenaleviathan.bundle
LUT Battle Arena Sororitas	256	16	9	scenes_scenes_battlearenasororitas.bundle
LUT Battle Arena Space Wolves	256	16	9	scenes_scenes_battlearenaspacewolves.bundle
LUT Battle Arena Tau Viorla	256	16	9	scenes_scenes_battlearenatauviorla.bundle
LUT Blind	256	16	9	battleprefabs_vfxandmisc_assets_all.bundle
LUT Blizzard	256	16	9	battleprefabs_vfxandmisc_assets_all.bundle
LUT Blue Tint	256	16	9	battleprefabs_vfxandmisc_assets_all.bundle
LUT Dimensional Breach	256	16	9	battleprefabs_vfxandmisc_assets_all.bundle
LUT Invert	256	16	9	battleprefabs_vfxandmisc_assets_all.bundle
LUT Normal	256	16	9	battlesharedresources_assets_all.bundle
LUT Nuclear	256	16	9	battleprefabs_vfxandmisc_assets_all.bundle
LUT Overexpose High	64	4	7	battleprefabs_vfxandmisc_assets_all.bundle
LUT Pink Emperors Children	256	16	9	battleprefabs_vfxandmisc_assets_all.bundle
LUT Pink Emperors Children Extreme	256	16	9	battleprefabs_vfxandmisc_assets_all.bundle
LUT Poster	256	16	9	battleprefabs_vfxandmisc_assets_all.bundle
LUT Red Hell	256	16	9	battleprefabs_vfxandmisc_assets_all.bundle
LUT Red Tint	256	16	9	battleprefabs_vfxandmisc_assets_all.bundle
LUT_Dark	256	16	9	battleprefabs_vfxandmisc_assets_all.bundle
LargeFlame01	2048	2048	12	battlesharedresources_assets_all.bundle
LargeFlame02	1024	2048	12	battlesharedresources_assets_all.bundle
Large_Monolith_Mask	256	512	1	battlesharedresources_assets_all.bundle
Laser_Wave_2	256	256	9	menus_assets_all.bundle
Leaves_alpha	128	128	8	battleprefabs_vfxandmisc_assets_all.bundle
Legions gold crate	256	256	9	menus_assets_all.bundle
Legions_Logo	512	512	1	menus_assets_all.bundle
Lens_Flare_1	512	512	10	battlesharedresources_assets_all.bundle
Light_Cross	128	128	8	battleprefabs_vfxandmisc_assets_all.bundle
Lighting Trail	128	128	8	battleprefabs_vfxandmisc_assets_all.bundle
Lightning	512	512	10	battleprefabs_vfxandmisc_assets_all.bundle
Lightning Circle	256	256	9	battleprefabs_vfxandmisc_assets_all.bundle
LightningGrowing_3	1024	1024	11	battleprefabs_vfxandmisc_assets_all.bundle
LightningStrike_001	256	256	1	battleprefabs_vfxandmisc_assets_all.bundle
LightningTrail	128	128	8	duplicateassetisolation_assets_all.bundle
LightningTrailSharpSlanted	128	128	8	battleprefabs_vfxandmisc_assets_all.bundle
Lightning_001	256	256	1	battleprefabs_vfxandmisc_assets_all.bundle
Lightning_Burst_Random	512	512	10	duplicateassetisolation_assets_all.bundle
Lightning_Random	1024	1024	11	duplicateassetisolation_assets_all.bundle
Lightning_Random_Stylized	512	512	10	battleprefabs_vfxandmisc_assets_all.bundle
Main Menu Fake Background	256	256	1	menus_assets_all.bundle
MatCap Card Level 1	128	128	1	battlesharedresources_assets_all.bundle
MatCap Cel Shaded 2	512	512	10	battleprefabs_vfxandmisc_assets_all.bundle
MatCap Polish	128	128	1	battlesharedresources_assets_all.bundle
Matcap Booster Pack	256	256	9	boosterpacks_assets_all.bundle
Matcap Bronze	128	128	8	battlesharedresources_assets_all.bundle
Matcap Gold	128	128	8	battlesharedresources_assets_all.bundle
Matcap Gold Emperos Children	1024	1024	11	scenes_scenes_battlearenaemperorschildren.bundle
Matcap Mod Spirit Stone	64	64	7	battleprefabs_vfxandmisc_assets_all.bundle
Matcap Silver	128	128	8	battlesharedresources_assets_all.bundle
Matcap Skin	128	128	1	battleprefabs_vfxandmisc_assets_all.bundle
Matcap generic diffuse	128	128	1	battleprefabs_vfxandmisc_assets_all.bundle
Maulerfiend_Tentacle	1024	1024	11	battleprefabs_vfxandmisc_assets_all.bundle
MediumFlame	2048	2048	12	battleprefabs_vfxandmisc_assets_all.bundle
MediumFlame01	2048	2048	12	battleprefabs_vfxandmisc_assets_all.bundle
MediumFlame01Emission	2048	2048	12	battleprefabs_vfxandmisc_assets_all.bundle
MedumFlame02	2048	2048	12	battleprefabs_vfxandmisc_assets_all.bundle
Mutate_spikes-tex	1024	1024	11	battleprefabs_vfxandmisc_assets_all.bundle
Muzzle Flash	512	512	10	battleprefabs_vfxandmisc_assets_all.bundle
MuzzleFlash_Front	64	64	7	battleprefabs_vfxandmisc_assets_all.bundle
MuzzleFlash_Front_Abaddon_AA	256	256	9	battleprefabs_vfxandmisc_assets_all.bundle
MuzzleFlash_Front_Ghaz_AA	256	256	9	battleprefabs_vfxandmisc_assets_all.bundle
MuzzleFlash_Side	64	64	7	battlesharedresources_assets_all.bundle
MuzzleFlash_Side4	64	64	7	battleprefabs_vfxandmisc_assets_all.bundle
MuzzleFlash_Side_Abaddon_AA	256	256	9	battleprefabs_vfxandmisc_assets_all.bundle
MuzzleFlash_Sparks	64	64	7	battleprefabs_vfxandmisc_assets_all.bundle
Nebula Content	128	128	8	duplicateassetisolation_assets_all.bundle
Nebula Shape	128	128	8	duplicateassetisolation_assets_all.bundle
Necron_Cryptek_Skull	128	128	8	battleprefabs_vfxandmisc_assets_all.bundle
Necron_Sautekh_Inf_Ophydian Destroyer	1024	1024	1	necronssautekhcardassets_assets_all.bundle
Necron_Sautekh_inf_Canoptek Plasmacyte	1024	1024	1	necronssautekhcardassets_assets_all.bundle
Necron_Sautekh_inf_Canoptek Scarab	1024	1024	1	necronssautekhcardassets_assets_all.bundle
Necron_Sautekh_inf_Canoptek Spyder	1024	1024	1	necronssautekhcardassets_assets_all.bundle
Necron_Sautekh_inf_Canoptek Wraith	1024	1024	1	necronssautekhcardassets_assets_all.bundle
Necron_Sautekh_inf_Chronomancer	1024	1024	1	necronssautekhcardassets_assets_all.bundle
Necron_Sautekh_inf_Cryptothrall	1024	1024	1	necronssautekhcardassets_assets_all.bundle
Necron_Sautekh_inf_Damaged Hexmark	1024	1024	1	necronssautekhcardassets_assets_all.bundle
Necron_Sautekh_inf_Damaged Plasmacyte	1024	1024	1	necronssautekhcardassets_assets_all.bundle
Necron_Sautekh_inf_Deathmark	1024	1024	1	necronssautekhcardassets_assets_all.bundle
Necron_Sautekh_inf_Flayed One	1024	1024	1	necronssautekhcardassets_assets_all.bundle
Necron_Sautekh_inf_Flayed Ones Pack	1024	1024	1	necronssautekhcardassets_assets_all.bundle
Necron_Sautekh_inf_Gauss Blaster Immortal	1024	1024	1	necronssautekhcardassets_assets_all.bundle
Necron_Sautekh_inf_Gauss Reaper Warrior	1024	1024	1	necronssautekhcardassets_assets_all.bundle
Necron_Sautekh_inf_Hexmark Destroyer	1024	1024	1	necronssautekhcardassets_assets_all.bundle
Necron_Sautekh_inf_Immortals Phalanx	1024	1024	1	necronssautekhcardassets_assets_all.bundle
Necron_Sautekh_inf_Lokhust Destroyer	1024	1024	1	necronssautekhcardassets_assets_all.bundle
Necron_Sautekh_inf_Lokhust Heavy Destroyer	1024	1024	1	necronssautekhcardassets_assets_all.bundle
Necron_Sautekh_inf_Lokhust Lord	1024	1024	1	necronssautekhcardassets_assets_all.bundle
Necron_Sautekh_inf_Lychguard	1024	1024	1	necronssautekhcardassets_assets_all.bundle
Necron_Sautekh_inf_Necron Lord	1024	1024	1	necronssautekhcardassets_assets_all.bundle
Necron_Sautekh_inf_Necron Warrior	1024	1024	1	necronssautekhcardassets_assets_all.bundle
Necron_Sautekh_inf_Plasmancer	1024	1024	1	necronssautekhcardassets_assets_all.bundle
Necron_Sautekh_inf_Psychomancer	1024	1024	1	necronssautekhcardassets_assets_all.bundle
Necron_Sautekh_inf_Royal Warden	1024	1024	1	necronssautekhcardassets_assets_all.bundle
Necron_Sautekh_inf_Scarab Swarm	1024	1024	1	necronssautekhcardassets_assets_all.bundle
Necron_Sautekh_inf_Skorpekh Destroyer	1024	1024	1	necronssautekhcardassets_assets_all.bundle
Necron_Sautekh_inf_Skorpekh Lord	1024	1024	1	necronssautekhcardassets_assets_all.bundle
Necron_Sautekh_inf_Technomancer	1024	1024	1	necronssautekhcardassets_assets_all.bundle
Necron_Sautekh_inf_Tesla Carbine Immortal	1024	1024	1	necronssautekhcardassets_assets_all.bundle
Necron_Sautekh_inf_Triarch Praetorian	1024	1024	1	necronssautekhcardassets_assets_all.bundle
Necron_Sautekh_inf_Vargard Obyron	1024	1024	1	necronssautekhcardassets_assets_all.bundle
Necron_Sautekh_monster_Canoptek Reanimator	1024	1024	1	necronssautekhcardassets_assets_all.bundle
Necron_Sautekh_offensive_Earthquake	1024	1024	1	necronssautekhcardassets_assets_all.bundle
Necron_Sautekh_offensive_Immortal Beams	1024	1024	1	necronssautekhcardassets_assets_all.bundle
Necron_Sautekh_offensive_Normal Conditions	1024	1024	1	necronssautekhcardassets_assets_all.bundle
Necron_Sautekh_offensive_Solar Storm	1024	1024	1	necronssautekhcardassets_assets_all.bundle
Necron_Sautekh_strat_Annihilation Command	1024	1024	1	necronssautekhcardassets_assets_all.bundle
Necron_Sautekh_strat_Awakened Dynasty	1024	1024	1	necronssautekhcardassets_assets_all.bundle
Necron_Sautekh_strat_Awakening Obelisk	1024	1024	1	necronssautekhcardassets_assets_all.bundle
Necron_Sautekh_strat_Conquering Tyrant	1024	1024	1	necronssautekhcardassets_assets_all.bundle
Necron_Sautekh_strat_Curse of the Phaeron	1024	1024	1	necronssautekhcardassets_assets_all.bundle
Necron_Sautekh_strat_Dimensional Breach	1024	1024	1	necronssautekhcardassets_assets_all.bundle
Necron_Sautekh_strat_Dimensional Corridor	1024	1024	1	necronssautekhcardassets_assets_all.bundle
Necron_Sautekh_strat_Disentegration Capacitors	1024	1024	1	necronssautekhcardassets_assets_all.bundle
Necron_Sautekh_strat_Disruption Blades	1024	1024	1	necronssautekhcardassets_assets_all.bundle
Necron_Sautekh_strat_Divination Menhir	1024	1024	1	necronssautekhcardassets_assets_all.bundle
Necron_Sautekh_strat_Extermination Protocols	1024	1024	1	necronssautekhcardassets_assets_all.bundle
Necron_Sautekh_strat_Hardwired Destruction	1024	1024	1	necronssautekhcardassets_assets_all.bundle
Necron_Sautekh_strat_Hyperlogical Strategist	1024	1024	1	necronssautekhcardassets_assets_all.bundle
Necron_Sautekh_strat_Immortal Pride	1024	1024	1	necronssautekhcardassets_assets_all.bundle
Necron_Sautekh_strat_Implacable Conqueror	1024	1024	1	necronssautekhcardassets_assets_all.bundle
Necron_Sautekh_strat_Indomitable Will	1024	1024	1	necronssautekhcardassets_assets_all.bundle
Necron_Sautekh_strat_Inescapable Retribution	1024	1024	1	necronssautekhcardassets_assets_all.bundle
Necron_Sautekh_strat_Lord of the Storm	1024	1024	1	necronssautekhcardassets_assets_all.bundle
Necron_Sautekh_strat_Master Chronomancer	1024	1024	1	necronssautekhcardassets_assets_all.bundle
Necron_Sautekh_strat_Methodical Destruction	1024	1024	1	necronssautekhcardassets_assets_all.bundle
Necron_Sautekh_strat_Particle Whip	1024	1024	1	necronssautekhcardassets_assets_all.bundle
Necron_Sautekh_strat_Protection Protocol	1024	1024	1	necronssautekhcardassets_assets_all.bundle
Necron_Sautekh_strat_Reanimate	1024	1024	1	necronssautekhcardassets_assets_all.bundle
Necron_Sautekh_strat_Reanimation Protocol	1024	1024	1	necronssautekhcardassets_assets_all.bundle
Necron_Sautekh_strat_Reconstitution Protocols	1024	1024	1	necronssautekhcardassets_assets_all.bundle
Necron_Sautekh_strat_Relentless Advance	1024	1024	1	necronssautekhcardassets_assets_all.bundle
Necron_Sautekh_strat_Relentless March	1024	1024	1	necronssautekhcardassets_assets_all.bundle
Necron_Sautekh_strat_Resurrection Orb	1024	1024	1	necronssautekhcardassets_assets_all.bundle
Necron_Sautekh_strat_Resurrection Vault	1024	1024	1	necronssautekhcardassets_assets_all.bundle
Necron_Sautekh_strat_Scythe Assault	1024	1024	1	necronssautekhcardassets_assets_all.bundle
Necron_Sautekh_strat_Self-Destruction	1024	1024	1	necronssautekhcardassets_assets_all.bundle
Necron_Sautekh_strat_Solar Pulse	1024	1024	1	necronssautekhcardassets_assets_all.bundle
Necron_Sautekh_strat_Spyder Nest	1024	1024	1	necronssautekhcardassets_assets_all.bundle
Necron_Sautekh_strat_Tomb World	1024	1024	1	necronssautekhcardassets_assets_all.bundle
Necron_Sautekh_veh_Annihilation Barge	1024	1024	1	necronssautekhcardassets_assets_all.bundle
Necron_Sautekh_veh_Command Barge	1024	1024	1	necronssautekhcardassets_assets_all.bundle
Necron_Sautekh_veh_Doom Scythe	1024	1024	1	necronssautekhcardassets_assets_all.bundle
Necron_Sautekh_veh_Doomstalker	1024	1024	1	necronssautekhcardassets_assets_all.bundle
Necron_Sautekh_veh_Ghost Ark	1024	1024	1	necronssautekhcardassets_assets_all.bundle
Necron_Sautekh_veh_Monolith	1024	1024	1	necronssautekhcardassets_assets_all.bundle
Necron_Sautekh_veh_Night Scythe	1024	1024	1	necronssautekhcardassets_assets_all.bundle
Necron_Sautekh_veh_Tomb Blade	1024	1024	1	necronssautekhcardassets_assets_all.bundle
Necron_Sautekh_veh_Triarch Stalker	1024	1024	1	necronssautekhcardassets_assets_all.bundle
Necron_Sautekh_warlord_Imotekh the Stormlord_AA_HB	1024	1024	1	necronssautekhcardassets_assets_all.bundle
Necron_Sautekh_warlord_Imotekh_the_stormlord	1024	1024	1	necronssautekhcardassets_assets_all.bundle
Necron_Sautekh_warlord_Nemesor Zahndrekh	1024	1024	1	necronssautekhcardassets_assets_all.bundle
Necron_Sautekh_warlord_Orikan_the_Diviner	1024	1024	1	necronssautekhcardassets_assets_all.bundle
Necron_Sautekh_warlord_Ramatekh The Cruel	1024	1024	1	necronssautekhcardassets_assets_all.bundle
Necron_Skull1	128	128	8	battleprefabs_vfxandmisc_assets_all.bundle
NephilimJetfighter_Shadow	1024	1024	11	battleprefabs_vfxandmisc_assets_all.bundle
Noise Blob	128	128	8	battlesharedresources_assets_all.bundle
Noise Combined	128	128	1	duplicateassetisolation_assets_all.bundle
NoiseContrast	512	512	1	battleprefabs_vfxandmisc_assets_all.bundle
NoiseNRM	128	128	8	battlesharedresources_assets_all.bundle
NotoSerifCJK-Regular SDF Atlas	1	1	1	fonts_assets_all.bundle
OctagonUI Border SDF	128	128	1	menusharedresources_assets_all.bundle
OctagonUI Border SDF 2	128	128	1	menus_assets_all.bundle
OctagonUI Filled Fade SDF	128	128	1	menus_assets_all.bundle
OctagonUI Filled SDF	128	128	1	duplicateassetisolation_assets_all.bundle
Ork eye	64	64	7	scenes_scenes_battlearena2.bundle
OrkSporeMushroom_tex	1024	1024	11	battleprefabs_vfxandmisc_assets_all.bundle
Ork_BeastSnagga_inf_Beast Snagga Boy	1024	1024	1	orksgoffcardassets_assets_all.bundle
Ork_BeastSnagga_inf_Beastboss on Squigosaur	1024	1024	1	orksgoffcardassets_assets_all.bundle
Ork_BeastSnagga_inf_Gargantuan Squiggoth	1024	1024	1	orksgoffcardassets_assets_all.bundle
Ork_BeastSnagga_inf_Grot Orderly	1024	1024	1	orksgoffcardassets_assets_all.bundle
Ork_BeastSnagga_inf_Grot on Bombsquig	1024	1024	1	orksgoffcardassets_assets_all.bundle
Ork_BeastSnagga_inf_Hunta Rig	1024	1024	1	orksgoffcardassets_assets_all.bundle
Ork_BeastSnagga_inf_Kill Rig	1024	1024	1	orksgoffcardassets_assets_all.bundle
Ork_BeastSnagga_inf_Nob on Smasha Squig	1024	1024	1	orksgoffcardassets_assets_all.bundle
Ork_BeastSnagga_inf_Painboss	1024	1024	1	orksgoffcardassets_assets_all.bundle
Ork_BeastSnagga_inf_Runtherd	1024	1024	1	orksgoffcardassets_assets_all.bundle
Ork_BeastSnagga_inf_Snakebite Grot	1024	1024	1	orksgoffcardassets_assets_all.bundle
Ork_BeastSnagga_inf_Squighog Boyz	1024	1024	1	orksgoffcardassets_assets_all.bundle
Ork_BeastSnagga_inf_Thump Gun Beast Snagga	1024	1024	1	orksgoffcardassets_assets_all.bundle
Ork_BeastSnagga_inf_Wurrboy	1024	1024	1	orksgoffcardassets_assets_all.bundle
Ork_BeastSnagga_inf_Zodgrod Wortsnagga	1024	1024	1	orksgoffcardassets_assets_all.bundle
Ork_BeastSnagga_strat_Cyber‑augmentation	1024	1024	1	orksgoffcardassets_assets_all.bundle
Ork_BeastSnagga_strat_Da Hunt is On	1024	1024	1	orksgoffcardassets_assets_all.bundle
Ork_BeastSnagga_strat_Da Old Ways	1024	1024	1	orksgoffcardassets_assets_all.bundle
Ork_BeastSnagga_strat_Dok’s Toolz (Painboss' talent)	1024	1024	1	orksgoffcardassets_assets_all.bundle
Ork_BeastSnagga_strat_Drag it Down	1024	1024	1	orksgoffcardassets_assets_all.bundle
Ork_BeastSnagga_strat_Fasta Than Yooz	1024	1024	1	orksgoffcardassets_assets_all.bundle
Ork_BeastSnagga_strat_Ferocious Rage (Beastboss' Talent)	1024	1024	1	orksgoffcardassets_assets_all.bundle
Ork_BeastSnagga_strat_Gnarled and Rugged	1024	1024	1	orksgoffcardassets_assets_all.bundle
Ork_BeastSnagga_strat_Monster Hunters	1024	1024	1	orksgoffcardassets_assets_all.bundle
Ork_BeastSnagga_strat_Power of the Waaagh!	1024	1024	1	orksgoffcardassets_assets_all.bundle
Ork_BeastSnagga_strat_Skrag Every Stash!	1024	1024	1	orksgoffcardassets_assets_all.bundle
Ork_BeastSnagga_strat_Thundering Stampede	1024	1024	1	orksgoffcardassets_assets_all.bundle
Ork_BeastSnagga_veh_Snakebite Battlewagon	1024	1024	1	orksgoffcardassets_assets_all.bundle
Ork_BeastSnagga_warlord_Beastboss Morgrim	1024	1024	1	orksgoffcardassets_assets_all.bundle
Ork_BeastSnagga_warlord_Mozrog Skragbad	1024	1024	1	orksgoffcardassets_assets_all.bundle
Ork_Beastsnagga_inf_Beast Snagga Nob	1024	1024	1	orksgoffcardassets_assets_all.bundle
Ork_Beastsnagga_inf_Snakebite Nob	1024	1024	1	orksgoffcardassets_assets_all.bundle
Ork_Beastsnagga_inf_Unleashed TramplaSquig	1024	1024	1	orksgoffcardassets_assets_all.bundle
Ork_Beastsnagga_inf_Weirdboy	1024	1024	1	orksgoffcardassets_assets_all.bundle
Ork_Beastsnagga_strat_Da Bigger Dey Iz... (Mozrog's Talent)	1024	1024	1	orksgoffcardassets_assets_all.bundle
Ork_Beastsnagga_strat_Special Dose (Zodgrod Wortsnagga Talent)	1024	1024	1	orksgoffcardassets_assets_all.bundle
Ork_Beastsnagga_strat_Waaagh! Energy (Weirdboy Talent)	1024	1024	1	orksgoffcardassets_assets_all.bundle
Ork_Goff_inf_Ardshell Gurk	1024	1024	1	orksgoffcardassets_assets_all.bundle
Ork_Goff_inf_Banner Nob	1024	1024	1	orksgoffcardassets_assets_all.bundle
Ork_Goff_inf_Big Choppa Nob	1024	1024	1	orksgoffcardassets_assets_all.bundle
Ork_Goff_inf_Big Krumpaz	1024	1024	1	orksgoffcardassets_assets_all.bundle
Ork_Goff_inf_Big Shoota Boy	1024	1024	1	orksgoffcardassets_assets_all.bundle
Ork_Goff_inf_Bomb Squig	1024	1024	1	orksgoffcardassets_assets_all.bundle
Ork_Goff_inf_Boss Nob	1024	1024	1	orksgoffcardassets_assets_all.bundle
Ork_Goff_inf_Burna Boy	1024	1024	1	orksgoffcardassets_assets_all.bundle
Ork_Goff_inf_Deffgun Loota	1024	1024	1	orksgoffcardassets_assets_all.bundle
Ork_Goff_inf_Grot	1024	1024	1	orksgoffcardassets_assets_all.bundle
Ork_Goff_inf_Hornhelmz Boy	1024	1024	1	orksgoffcardassets_assets_all.bundle
Ork_Goff_inf_Kommando	1024	1024	1	orksgoffcardassets_assets_all.bundle
Ork_Goff_inf_Makari the Grot	1024	1024	1	orksgoffcardassets_assets_all.bundle
Ork_Goff_inf_Meganob Ugrak	1024	1024	1	orksgoffcardassets_assets_all.bundle
Ork_Goff_inf_Mekboy Gazmek	1024	1024	1	orksgoffcardassets_assets_all.bundle
Ork_Goff_inf_Ork Boy	1024	1024	1	orksgoffcardassets_assets_all.bundle
Ork_Goff_inf_Ork Nob	1024	1024	1	orksgoffcardassets_assets_all.bundle
Ork_Goff_inf_Ork Spanner	1024	1024	1	orksgoffcardassets_assets_all.bundle
Ork_Goff_inf_PainBoy Sniklaw	1024	1024	1	orksgoffcardassets_assets_all.bundle
Ork_Goff_inf_Rokkit Boy	1024	1024	1	orksgoffcardassets_assets_all.bundle
Ork_Goff_inf_Shoota Boy	1024	1024	1	orksgoffcardassets_assets_all.bundle
Ork_Goff_inf_Skarboy Nob	1024	1024	1	orksgoffcardassets_assets_all.bundle
Ork_Goff_inf_Slugga Boy	1024	1024	1	orksgoffcardassets_assets_all.bundle
Ork_Goff_inf_Stikkbomb Boy	1024	1024	1	orksgoffcardassets_assets_all.bundle
Ork_Goff_inf_Stormboy	1024	1024	1	orksgoffcardassets_assets_all.bundle
Ork_Goff_inf_Tankbusta	1024	1024	1	orksgoffcardassets_assets_all.bundle
Ork_Goff_inf_Trukk Boy	1024	1024	1	orksgoffcardassets_assets_all.bundle
Ork_Goff_inf_Veteran Flyboy	1024	1024	1	orksgoffcardassets_assets_all.bundle
Ork_Goff_offensive_Dust Storm	1024	1024	1	orksgoffcardassets_assets_all.bundle
Ork_Goff_offensive_Night Attack	1024	1024	1	orksgoffcardassets_assets_all.bundle
Ork_Goff_offensive_Normal Conditions	1024	1024	1	orksgoffcardassets_assets_all.bundle
Ork_Goff_offensive_Spore Cloud	1024	1024	1	orksgoffcardassets_assets_all.bundle
Ork_Goff_strat_Ard As Nails	1024	1024	1	orksgoffcardassets_assets_all.bundle
Ork_Goff_strat_Attack Squig	1024	1024	1	orksgoffcardassets_assets_all.bundle
Ork_Goff_strat_Cloud Of Smoke	1024	1024	1	orksgoffcardassets_assets_all.bundle
Ork_Goff_strat_Da Green Horde	1024	1024	1	orksgoffcardassets_assets_all.bundle
Ork_Goff_strat_Da Irongob	1024	1024	1	orksgoffcardassets_assets_all.bundle
Ork_Goff_strat_Da Red Waaagh	1024	1024	1	orksgoffcardassets_assets_all.bundle
Ork_Goff_strat_Dead Choppy	1024	1024	1	orksgoffcardassets_assets_all.bundle
Ork_Goff_strat_Extractor Rig	1024	1024	1	orksgoffcardassets_assets_all.bundle
Ork_Goff_strat_Follower of Gork	1024	1024	1	orksgoffcardassets_assets_all.bundle
Ork_Goff_strat_Get'em ladz!	1024	1024	1	orksgoffcardassets_assets_all.bundle
Ork_Goff_strat_Greatest Warboss	1024	1024	1	orksgoffcardassets_assets_all.bundle
Ork_Goff_strat_Gretchin Mob	1024	1024	1	orksgoffcardassets_assets_all.bundle
Ork_Goff_strat_Gretchin Tower	1024	1024	1	orksgoffcardassets_assets_all.bundle
Ork_Goff_strat_Grizzled Skarboy	1024	1024	1	orksgoffcardassets_assets_all.bundle
Ork_Goff_strat_Grot Bomb	1024	1024	1	orksgoffcardassets_assets_all.bundle
Ork_Goff_strat_Krump da Gitz	1024	1024	1	orksgoffcardassets_assets_all.bundle
Ork_Goff_strat_Mekaniak	1024	1024	1	orksgoffcardassets_assets_all.bundle
Ork_Goff_strat_More Dakka	1024	1024	1	orksgoffcardassets_assets_all.bundle
Ork_Goff_strat_No Mukkin About	1024	1024	1	orksgoffcardassets_assets_all.bundle
Ork_Goff_strat_Ork Encampment	1024	1024	1	orksgoffcardassets_assets_all.bundle
Ork_Goff_strat_Proper Killy	1024	1024	1	orksgoffcardassets_assets_all.bundle
Ork_Goff_strat_Prophet of the Waaagh	1024	1024	1	orksgoffcardassets_assets_all.bundle
Ork_Goff_strat_Pyromaniaks	1024	1024	1	orksgoffcardassets_assets_all.bundle
Ork_Goff_strat_Ramshackle	1024	1024	1	orksgoffcardassets_assets_all.bundle
Ork_Goff_strat_Rok Invasion	1024	1024	1	orksgoffcardassets_assets_all.bundle
Ork_Goff_strat_Sawbonez	1024	1024	1	orksgoffcardassets_assets_all.bundle
Ork_Goff_strat_Scrag ’Em	1024	1024	1	orksgoffcardassets_assets_all.bundle
Ork_Goff_strat_Skorcha Assault	1024	1024	1	orksgoffcardassets_assets_all.bundle
Ork_Goff_strat_Stomp Em	1024	1024	1	orksgoffcardassets_assets_all.bundle
Ork_Goff_strat_Stormboyz Strike	1024	1024	1	orksgoffcardassets_assets_all.bundle
Ork_Goff_strat_Tide of Muscle	1024	1024	1	orksgoffcardassets_assets_all.bundle
Ork_Goff_strat_Toxic Bonfire	1024	1024	1	orksgoffcardassets_assets_all.bundle
Ork_Goff_strat_Uge Choppa	512	512	1	orksgoffcardassets_assets_all.bundle
Ork_Goff_strat_Unbridled Carnage	1024	1024	1	orksgoffcardassets_assets_all.bundle
Ork_Goff_strat_Will of Gork	1024	1024	1	orksgoffcardassets_assets_all.bundle
Ork_Goff_strat_Worst Temper	1024	1024	1	orksgoffcardassets_assets_all.bundle
Ork_Goff_strat_Wreckin Ball	1024	1024	1	orksgoffcardassets_assets_all.bundle
Ork_Goff_veh_Battlewagon	1024	1024	1	orksgoffcardassets_assets_all.bundle
Ork_Goff_veh_Boomdakka Snazzwagon	1024	1024	1	orksgoffcardassets_assets_all.bundle
Ork_Goff_veh_Deff Dread	1024	1024	1	orksgoffcardassets_assets_all.bundle
Ork_Goff_veh_Deffkopta	1024	1024	1	orksgoffcardassets_assets_all.bundle
Ork_Goff_veh_Gorkanaut	1024	1024	1	orksgoffcardassets_assets_all.bundle
Ork_Goff_veh_Grot Tank	1024	1024	1	orksgoffcardassets_assets_all.bundle
Ork_Goff_veh_Gunwagon	1024	1024	1	orksgoffcardassets_assets_all.bundle
Ork_Goff_veh_Killa Kan	1024	1024	1	orksgoffcardassets_assets_all.bundle
Ork_Goff_veh_Krumpaklaw	1024	1024	1	orksgoffcardassets_assets_all.bundle
Ork_Goff_veh_Rukkatrukk Squigbuggy	1024	1024	1	orksgoffcardassets_assets_all.bundle
Ork_Goff_veh_Stompa	1024	1024	1	orksgoffcardassets_assets_all.bundle
Ork_Goff_veh_Warbiker	1024	1024	1	orksgoffcardassets_assets_all.bundle
Ork_Goff_war_Boss Zagstruk	1024	1024	1	orksgoffcardassets_assets_all.bundle
Ork_Goff_war_Ghazghkull Thraka	1024	1024	1	orksgoffcardassets_assets_all.bundle
Ork_Goff_war_Grukk Face-Rippa	1024	1024	1	orksgoffcardassets_assets_all.bundle
Ork_Goff_warlord_Warboss Gordrang	1024	1024	1	orksgoffcardassets_assets_all.bundle
Ork_Missile_tex	256	256	9	battleprefabs_vfxandmisc_assets_all.bundle
Ork_Rok	512	512	10	battleprefabs_vfxandmisc_assets_all.bundle
Ork_Skull_2	358	347	1	boosterpacks_assets_all.bundle
Ork_Skull_Top_only	358	347	1	battleprefabs_vfxandmisc_assets_all.bundle
Orks_Arrow_VFX	1024	1024	11	battleprefabs_vfxandmisc_assets_all.bundle
Orks_Goff_veh_Mega Blasta Deffkopta	1024	1024	1	orksgoffcardassets_assets_all.bundle
Orks_Icon_v2_VFX	1024	1024	11	battleprefabs_vfxandmisc_assets_all.bundle
Orks_Ring	256	256	9	battleprefabs_vfxandmisc_assets_all.bundle
Penitence_Icon_VFX	128	128	8	battleprefabs_vfxandmisc_assets_all.bundle
Player_Avatar_selected	256	256	1	cosmeticavatarsimages_assets_all.bundle
Pragati-Regular SDF Atlas	1024	2048	1	fonts_assets_all.bundle
Pray_Icon_VFX	256	256	9	battleprefabs_vfxandmisc_assets_all.bundle
Railgun texture	512	512	10	scenes_scenes_battlearenatauviorla.bundle
Ramp03	64	64	7	battleprefabs_vfxandmisc_assets_all.bundle
Ring_Sharp	256	256	9	battleprefabs_vfxandmisc_assets_all.bundle
Ring_gradient_2	128	128	8	battleprefabs_vfxandmisc_assets_all.bundle
RippleNormal	128	128	8	battleprefabs_vfxandmisc_assets_all.bundle
RippleSubtle	128	128	8	battlesharedresources_assets_all.bundle
RobotoCondensed-Regular SDF Atlas	512	512	1	fonts_assets_all.bundle
Rock Dust SpriteSheet	512	512	10	battleprefabs_vfxandmisc_assets_all.bundle
Rock Spike	512	512	10	battleprefabs_vfxandmisc_assets_all.bundle
Rock_A_CS	1024	1024	11	battleprefabs_vfxandmisc_assets_all.bundle
RocksAlbedoEmissive	512	512	10	battleprefabs_vfxandmisc_assets_all.bundle
Roman I	128	128	1	rankeddivisionicons_assets_all.bundle
Roman II	128	128	1	rankeddivisionicons_assets_all.bundle
Roman III	128	128	1	rankeddivisionicons_assets_all.bundle
Roman IV	128	128	1	rankeddivisionicons_assets_all.bundle
Roman V	128	128	1	rankeddivisionicons_assets_all.bundle
Roman VI	128	128	1	rankeddivisionicons_assets_all.bundle
Rune_Circle_1	512	512	10	battleprefabs_vfxandmisc_assets_all.bundle
Rune_Circle_2	512	512	10	battleprefabs_vfxandmisc_assets_all.bundle
Rune_Circle_4	512	512	10	battleprefabs_vfxandmisc_assets_all.bundle
Runes_1	1024	1024	11	battleprefabs_vfxandmisc_assets_all.bundle
Runes_2	512	512	10	battleprefabs_vfxandmisc_assets_all.bundle
SAU_Raid_Background	2048	1024	1	liveopsmenuimages_assets_all.bundle
SM_Dark Angels_strat_Refuse to Yield	1024	1024	1	spacemarinesdarkangelscardassets_assets_all.bundle
SM_DarkAngels_inf_Assault Terminator	1024	1024	1	spacemarinesdarkangelscardassets_assets_all.bundle
SM_DarkAngels_inf_Chaplain Gabutheron	1024	1024	1	spacemarinesdarkangelscardassets_assets_all.bundle
SM_DarkAngels_inf_Vengeful Brethren Bladeguard	1024	1024	1	spacemarinesdarkangelscardassets_assets_all.bundle
SM_DarkAngels_inf_Vengeful Brethren Hellblaster	1024	1024	1	spacemarinesdarkangelscardassets_assets_all.bundle
SM_DarkAngels_inf_Vengeful Brethren Intercessor	1024	1024	1	spacemarinesdarkangelscardassets_assets_all.bundle
SM_DarkAngels_inf_Watcher in the Dark	1024	1024	1	spacemarinesdarkangelscardassets_assets_all.bundle
SM_DarkAngels_strat_Hunters of Heretics	1024	1024	1	spacemarinesdarkangelscardassets_assets_all.bundle
SM_DarkAngels_strat_Relic Munitions	1024	1024	1	spacemarinesdarkangelscardassets_assets_all.bundle
SM_DarkAngels_strat_Vengeful Brethren	1024	1024	1	spacemarinesdarkangelscardassets_assets_all.bundle
SM_DarkAngels_veh_Ravenwing Ballistus Dreadnought	1024	1024	1	spacemarinesdarkangelscardassets_assets_all.bundle
SM_DarkAngels_warlord_Master Zacharial	1024	1024	1	spacemarinesdarkangelscardassets_assets_all.bundle
SM_SpaceWolves_inf_ Iron Priest	1024	1024	1	spacemarinesspacewolvescardassets_assets_all.bundle
SM_SpaceWolves_inf_Aggressor	1024	1024	1	spacemarinesspacewolvescardassets_assets_all.bundle
SM_SpaceWolves_inf_Arjac Rockfist	1024	1024	1	spacemarinesspacewolvescardassets_assets_all.bundle
SM_SpaceWolves_inf_Blackmane Aggressor	1024	1024	1	spacemarinesspacewolvescardassets_assets_all.bundle
SM_SpaceWolves_inf_Blackmane Reiver	1024	1024	1	spacemarinesspacewolvescardassets_assets_all.bundle
SM_SpaceWolves_inf_Blood Claw	1024	1024	1	spacemarinesspacewolvescardassets_assets_all.bundle
SM_SpaceWolves_inf_Blood Claw Pack Leader	1024	1024	1	spacemarinesspacewolvescardassets_assets_all.bundle
SM_SpaceWolves_inf_Deathwolf Scout	1024	1024	1	spacemarinesspacewolvescardassets_assets_all.bundle
SM_SpaceWolves_inf_Fenrisian Wolf	1024	1024	1	spacemarinesspacewolvescardassets_assets_all.bundle
SM_SpaceWolves_inf_Frost Claw Wulfen	1024	1024	1	spacemarinesspacewolvescardassets_assets_all.bundle
SM_SpaceWolves_inf_Fyrri Askar	1024	1024	1	spacemarinesspacewolvescardassets_assets_all.bundle
SM_SpaceWolves_inf_Grey Hunter	1024	1024	1	spacemarinesspacewolvescardassets_assets_all.bundle
SM_SpaceWolves_inf_Grey Hunter Pack Leader	1024	1024	1	spacemarinesspacewolvescardassets_assets_all.bundle
SM_SpaceWolves_inf_Hrolf the Ironhowl	1024	1024	1	spacemarinesspacewolvescardassets_assets_all.bundle
SM_SpaceWolves_inf_Hunting Wolf	1024	1024	1	spacemarinesspacewolvescardassets_assets_all.bundle
SM_SpaceWolves_inf_Iron Priest	1024	1024	1	spacemarinesspacewolvescardassets_assets_all.bundle
SM_SpaceWolves_inf_Long Fang	1024	1024	1	spacemarinesspacewolvescardassets_assets_all.bundle
SM_SpaceWolves_inf_Morkai Eliminator	1024	1024	1	spacemarinesspacewolvescardassets_assets_all.bundle
SM_SpaceWolves_inf_Terminator Rune Priest	1024	1024	1	spacemarinesspacewolvescardassets_assets_all.bundle
SM_SpaceWolves_inf_Thunderwolf Cavalry	1024	1024	1	spacemarinesspacewolvescardassets_assets_all.bundle
SM_SpaceWolves_inf_Thunderwolf Cavalry Pack Leader	1024	1024	1	spacemarinesspacewolvescardassets_assets_all.bundle
SM_SpaceWolves_inf_Tyrnak and Fenrir	1024	1024	1	spacemarinesspacewolvescardassets_assets_all.bundle
SM_SpaceWolves_inf_Wolf Guard Battle Leader	1024	1024	1	spacemarinesspacewolvescardassets_assets_all.bundle
SM_SpaceWolves_inf_Wolf Guard Headtaker	1024	1024	1	spacemarinesspacewolvescardassets_assets_all.bundle
SM_SpaceWolves_inf_Wolf Guard Terminator	1024	1024	1	spacemarinesspacewolvescardassets_assets_all.bundle
SM_SpaceWolves_inf_Wolf Guard Terminator Pack Leader	1024	1024	1	spacemarinesspacewolvescardassets_assets_all.bundle
SM_SpaceWolves_inf_Wolf Priest	1024	1024	1	spacemarinesspacewolvescardassets_assets_all.bundle
SM_SpaceWolves_inf_Wulfen	1024	1024	1	spacemarinesspacewolvescardassets_assets_all.bundle
SM_SpaceWolves_inf_Wulfen Pack Leader	1024	1024	1	spacemarinesspacewolvescardassets_assets_all.bundle
SM_SpaceWolves_offensive_Default Conditions	1024	1024	1	spacemarinesspacewolvescardassets_assets_all.bundle
SM_SpaceWolves_offensive_Everstorm	1024	1024	1	spacemarinesspacewolvescardassets_assets_all.bundle
SM_SpaceWolves_offensive_First Light	1024	1024	1	spacemarinesspacewolvescardassets_assets_all.bundle
SM_SpaceWolves_offensive_Full moon	1024	1024	1	spacemarinesspacewolvescardassets_assets_all.bundle
SM_SpaceWolves_strat_Anvil of Endurance	1024	1024	1	spacemarinesspacewolvescardassets_assets_all.bundle
SM_SpaceWolves_strat_Birth of a Saga	1024	1024	1	spacemarinesspacewolvescardassets_assets_all.bundle
SM_SpaceWolves_strat_Bjorn's Shrine	1024	1024	1	spacemarinesspacewolvescardassets_assets_all.bundle
SM_SpaceWolves_strat_Canis Helix	1024	1024	1	spacemarinesspacewolvescardassets_assets_all.bundle
SM_SpaceWolves_strat_Death Shun	1024	1024	1	spacemarinesspacewolvescardassets_assets_all.bundle
SM_SpaceWolves_strat_Embers of Prospero	1024	1024	1	spacemarinesspacewolvescardassets_assets_all.bundle
SM_SpaceWolves_strat_Fenrisian Blizzard	1024	1024	1	spacemarinesspacewolvescardassets_assets_all.bundle
SM_SpaceWolves_strat_Fenrisian Monstrosities	1024	1024	1	spacemarinesspacewolvescardassets_assets_all.bundle
SM_SpaceWolves_strat_Fenrisian Runestones	1024	1024	1	spacemarinesspacewolvescardassets_assets_all.bundle
SM_SpaceWolves_strat_Fenrisian Wolfpack	1024	1024	1	spacemarinesspacewolvescardassets_assets_all.bundle
SM_SpaceWolves_strat_Halls of Legend	1024	1024	1	spacemarinesspacewolvescardassets_assets_all.bundle
SM_SpaceWolves_strat_High King of Fenris	1024	1024	1	spacemarinesspacewolvescardassets_assets_all.bundle
SM_SpaceWolves_strat_High Rune Priest	1024	1024	1	spacemarinesspacewolvescardassets_assets_all.bundle
SM_SpaceWolves_strat_Hordeslayer	1024	1024	1	spacemarinesspacewolvescardassets_assets_all.bundle
SM_SpaceWolves_strat_Hunter's Guile	1024	1024	1	spacemarinesspacewolvescardassets_assets_all.bundle
SM_SpaceWolves_strat_Legendary Tenacity	1024	1024	1	spacemarinesspacewolvescardassets_assets_all.bundle
SM_SpaceWolves_strat_Let Loose	1024	1024	1	spacemarinesspacewolvescardassets_assets_all.bundle
SM_SpaceWolves_strat_Living Lightning	1024	1024	1	spacemarinesspacewolvescardassets_assets_all.bundle
SM_SpaceWolves_strat_Murderous Hurricane	1024	1024	1	spacemarinesspacewolvescardassets_assets_all.bundle
SM_SpaceWolves_strat_Orbital Defences	1024	1024	1	spacemarinesspacewolvescardassets_assets_all.bundle
SM_SpaceWolves_strat_Pack of One	1024	1024	1	spacemarinesspacewolvescardassets_assets_all.bundle
SM_SpaceWolves_strat_Proper Hunt	1024	1024	1	spacemarinesspacewolvescardassets_assets_all.bundle
SM_SpaceWolves_strat_Raid Tactics	1024	1024	1	spacemarinesspacewolvescardassets_assets_all.bundle
SM_SpaceWolves_strat_Saga of the Bold	1024	1024	1	spacemarinesspacewolvescardassets_assets_all.bundle
SM_SpaceWolves_strat_Savage Legacy	1024	1024	1	spacemarinesspacewolvescardassets_assets_all.bundle
SM_SpaceWolves_strat_Tempest's Wrath	1024	1024	1	spacemarinesspacewolvescardassets_assets_all.bundle
SM_SpaceWolves_strat_The Fang	1024	1024	1	spacemarinesspacewolvescardassets_assets_all.bundle
SM_SpaceWolves_strat_Unbridled Fury	1024	1024	1	spacemarinesspacewolvescardassets_assets_all.bundle
SM_SpaceWolves_strat_War Howl	1024	1024	1	spacemarinesspacewolvescardassets_assets_all.bundle
SM_SpaceWolves_veh_Bjorn the Fell-Handed	1024	1024	1	spacemarinesspacewolvescardassets_assets_all.bundle
SM_SpaceWolves_veh_Blackmane Inceptor	1024	1024	1	spacemarinesspacewolvescardassets_assets_all.bundle
SM_SpaceWolves_veh_Fenrisian Drop Pod	1024	1024	1	spacemarinesspacewolvescardassets_assets_all.bundle
SM_SpaceWolves_veh_Land Rider	1024	1024	1	spacemarinesspacewolvescardassets_assets_all.bundle
SM_SpaceWolves_veh_Murderfang	1024	1024	1	spacemarinesspacewolvescardassets_assets_all.bundle
SM_SpaceWolves_veh_Stormwolf	1024	1024	1	spacemarinesspacewolvescardassets_assets_all.bundle
SM_SpaceWolves_veh_Venerable Dreadnought	1024	1024	1	spacemarinesspacewolvescardassets_assets_all.bundle
SM_SpaceWolves_veh_Vindicator	1024	1024	1	spacemarinesspacewolvescardassets_assets_all.bundle
SM_SpaceWolves_veh_Wulfen Dreadnought	1024	1024	1	spacemarinesspacewolvescardassets_assets_all.bundle
SM_SpaceWolves_warlord_Logan Grimnar	1024	1024	1	spacemarinesspacewolvescardassets_assets_all.bundle
SM_SpaceWolves_warlord_Njal Stormcaller	1024	1024	1	spacemarinesspacewolvescardassets_assets_all.bundle
SM_SpaceWolves_warlord_Ragnar Blackmane	1024	1024	1	spacemarinesspacewolvescardassets_assets_all.bundle
SM_UM_Inf_Desolation Marine	1024	1024	1	spacemarinesultramarinescardassets_assets_all.bundle
SM_UM_inf_2nd Company Terminator	1024	1024	1	spacemarinesultramarinescardassets_assets_all.bundle
SM_UM_inf_Aggressor Sergeant	1024	1024	1	spacemarinesultramarinescardassets_assets_all.bundle
SM_UM_inf_Antaro Chronus	1024	1024	1	spacemarinesultramarinescardassets_assets_all.bundle
SM_UM_inf_Apothecary Polixis	1024	1024	1	spacemarinesultramarinescardassets_assets_all.bundle
SM_UM_inf_Assault Centurion	1024	1024	1	spacemarinesultramarinescardassets_assets_all.bundle
SM_UM_inf_Assault Intercessor	1024	1024	1	spacemarinesultramarinescardassets_assets_all.bundle
SM_UM_inf_Bladeguard Ancient	1024	1024	1	spacemarinesultramarinescardassets_assets_all.bundle
SM_UM_inf_Bladeguard Lieutenant	1024	1024	1	spacemarinesultramarinescardassets_assets_all.bundle
SM_UM_inf_Bladeguard Sergeant	1024	1024	1	spacemarinesultramarinescardassets_assets_all.bundle
SM_UM_inf_Captain Sicarius	1024	1024	1	spacemarinesultramarinescardassets_assets_all.bundle
SM_UM_inf_Chairon	1024	1024	1	spacemarinesultramarinescardassets_assets_all.bundle
SM_UM_inf_Chaplain Cassius	1024	1024	1	spacemarinesultramarinescardassets_assets_all.bundle
SM_UM_inf_Chapter Champion	1024	1024	1	spacemarinesultramarinescardassets_assets_all.bundle
SM_UM_inf_Company Ancient	1024	1024	1	spacemarinesultramarinescardassets_assets_all.bundle
SM_UM_inf_Devastator Centurion	1024	1024	1	spacemarinesultramarinescardassets_assets_all.bundle
SM_UM_inf_Devastator Marine	1024	1024	1	spacemarinesultramarinescardassets_assets_all.bundle
SM_UM_inf_Eliminator	1024	1024	1	spacemarinesultramarinescardassets_assets_all.bundle
SM_UM_inf_Eliminator Sergeant	1024	1024	1	spacemarinesultramarinescardassets_assets_all.bundle
SM_UM_inf_Epistolary Librarian	1024	1024	1	spacemarinesultramarinescardassets_assets_all.bundle
SM_UM_inf_Ferren Areios	1024	1024	1	spacemarinesultramarinescardassets_assets_all.bundle
SM_UM_inf_Firstborn	1024	1024	1	spacemarinesultramarinescardassets_assets_all.bundle
SM_UM_inf_Heavy Intercessor	1024	1024	1	spacemarinesultramarinescardassets_assets_all.bundle
SM_UM_inf_Hellblaster	1024	1024	1	spacemarinesultramarinescardassets_assets_all.bundle
SM_UM_inf_Honour Guard	1024	1024	1	spacemarinesultramarinescardassets_assets_all.bundle
SM_UM_inf_Inceptor Sergeant	1024	1024	1	spacemarinesultramarinescardassets_assets_all.bundle
SM_UM_inf_Incursor	1024	1024	1	spacemarinesultramarinescardassets_assets_all.bundle
SM_UM_inf_Intercessor Sergeant	1024	1024	1	spacemarinesultramarinescardassets_assets_all.bundle
SM_UM_inf_Lieutenant Calsius	1024	1024	1	spacemarinesultramarinescardassets_assets_all.bundle
SM_UM_inf_Lieutenant with Combi-Weapon	1024	1024	1	spacemarinesultramarinescardassets_assets_all.bundle
SM_UM_inf_Octavio Infiltrator	1024	1024	1	spacemarinesultramarinescardassets_assets_all.bundle
SM_UM_inf_Phobos Librarian	1024	1024	1	spacemarinesultramarinescardassets_assets_all.bundle
SM_UM_inf_Phobos Lieutenant	1024	1024	1	spacemarinesultramarinescardassets_assets_all.bundle
SM_UM_inf_Primaris Chaplain	1024	1024	1	spacemarinesultramarinescardassets_assets_all.bundle
SM_UM_inf_Primaris Eradicator	1024	1024	1	spacemarinesultramarinescardassets_assets_all.bundle
SM_UM_inf_Primaris Inceptor	1024	1024	1	spacemarinesultramarinescardassets_assets_all.bundle
SM_UM_inf_Primaris Intercessor	1024	1024	1	spacemarinesultramarinescardassets_assets_all.bundle
SM_UM_inf_Primaris Judiciar	1024	1024	1	spacemarinesultramarinescardassets_assets_all.bundle
SM_UM_inf_Primaris Reiver	1024	1024	1	spacemarinesultramarinescardassets_assets_all.bundle
SM_UM_inf_Primaris Techmarine	1024	1024	1	spacemarinesultramarinescardassets_assets_all.bundle
SM_UM_inf_Scout	1024	1024	1	spacemarinesultramarinescardassets_assets_all.bundle
SM_UM_inf_Scout Sniper	1024	1024	1	spacemarinesultramarinescardassets_assets_all.bundle
SM_UM_inf_Sergeant Allectius	1024	1024	1	spacemarinesultramarinescardassets_assets_all.bundle
SM_UM_inf_Sergeant Gadriel	1024	1024	1	spacemarinesultramarinescardassets_assets_all.bundle
SM_UM_inf_Sergeant Telion	1024	1024	1	spacemarinesultramarinescardassets_assets_all.bundle
SM_UM_inf_Sternguard Sergeant	1024	1024	1	spacemarinesultramarinescardassets_assets_all.bundle
SM_UM_inf_Suppressor	1024	1024	1	spacemarinesultramarinescardassets_assets_all.bundle
SM_UM_inf_Tactical Marine	1024	1024	1	spacemarinesultramarinescardassets_assets_all.bundle
SM_UM_inf_Terminator	1024	1024	1	spacemarinesultramarinescardassets_assets_all.bundle
SM_UM_inf_Terminator Captain	1024	1024	1	spacemarinesultramarinescardassets_assets_all.bundle
SM_UM_inf_Tyrannic War Veteran	1024	1024	1	spacemarinesultramarinescardassets_assets_all.bundle
SM_UM_inf_Vico Therbeus	1024	1024	1	spacemarinesultramarinescardassets_assets_all.bundle
SM_UM_offensive_Fleet Support	1024	1024	1	spacemarinesultramarinescardassets_assets_all.bundle
SM_UM_offensive_Normal Conditions	1024	1024	1	spacemarinesultramarinescardassets_assets_all.bundle
SM_UM_offensive_Orbital Bombardment	1024	1024	1	spacemarinesultramarinescardassets_assets_all.bundle
SM_UM_offensive_Thunderstorm	1024	1024	1	spacemarinesultramarinescardassets_assets_all.bundle
SM_UM_strat_Adaptive Strategy	1024	1024	1	spacemarinesultramarinescardassets_assets_all.bundle
SM_UM_strat_Angel's Wrath	1024	1024	1	spacemarinesultramarinescardassets_assets_all.bundle
SM_UM_strat_Angels of Death	1024	1024	1	spacemarinesultramarinescardassets_assets_all.bundle
SM_UM_strat_Arcana_Might of Heroes	1024	1024	1	spacemarinesultramarinescardassets_assets_all.bundle
SM_UM_strat_Armoured Offensive	1024	1024	1	spacemarinesultramarinescardassets_assets_all.bundle
SM_UM_strat_Armoured Support	1024	1024	1	spacemarinesultramarinescardassets_assets_all.bundle
SM_UM_strat_Author of the Codex	1024	1024	1	spacemarinesultramarinescardassets_assets_all.bundle
SM_UM_strat_Avenging Zeal	1024	1024	1	spacemarinesultramarinescardassets_assets_all.bundle
SM_UM_strat_Battlefield Supremacy	1024	1024	1	spacemarinesultramarinescardassets_assets_all.bundle
SM_UM_strat_Catechism of Death	1024	1024	1	spacemarinesultramarinescardassets_assets_all.bundle
SM_UM_strat_Champions of Humanity	1024	1024	1	spacemarinesultramarinescardassets_assets_all.bundle
SM_UM_strat_Chapter Council	1024	1024	1	spacemarinesultramarinescardassets_assets_all.bundle
SM_UM_strat_Codex Discipline	1024	1024	1	spacemarinesultramarinescardassets_assets_all.bundle
SM_UM_strat_Death from Above	1024	1024	1	spacemarinesultramarinescardassets_assets_all.bundle
SM_UM_strat_Duty's End	1024	1024	1	spacemarinesultramarinescardassets_assets_all.bundle
SM_UM_strat_Exhortation of Rage	1024	1024	1	spacemarinesultramarinescardassets_assets_all.bundle
SM_UM_strat_Fall Back	1024	1024	1	spacemarinesultramarinescardassets_assets_all.bundle
SM_UM_strat_Firestrike Turrets	1024	1024	1	spacemarinesultramarinescardassets_assets_all.bundle
SM_UM_strat_Forward Deployment	1024	1024	1	spacemarinesultramarinescardassets_assets_all.bundle
SM_UM_strat_Gather the Company	1024	1024	1	spacemarinesultramarinescardassets_assets_all.bundle
SM_UM_strat_Greatest Deeds	1024	1024	1	spacemarinesultramarinescardassets_assets_all.bundle
SM_UM_strat_Hero's Respite	1024	1024	1	spacemarinesultramarinescardassets_assets_all.bundle
SM_UM_strat_Hive Factory	1024	1024	1	spacemarinesultramarinescardassets_assets_all.bundle
SM_UM_strat_Humanity's Shield	1024	1024	1	spacemarinesultramarinescardassets_assets_all.bundle
SM_UM_strat_Indomitus Crusade	1024	1024	1	spacemarinesultramarinescardassets_assets_all.bundle
SM_UM_strat_Inspired Retribution	1024	1024	1	spacemarinesultramarinescardassets_assets_all.bundle
SM_UM_strat_Knights of Macragge	1024	1024	1	spacemarinesultramarinescardassets_assets_all.bundle
SM_UM_strat_Lead From the Front	1024	1024	1	spacemarinesultramarinescardassets_assets_all.bundle
SM_UM_strat_Light Cover	1024	1024	1	spacemarinesultramarinescardassets_assets_all.bundle
SM_UM_strat_Master Tactician	1024	1024	1	spacemarinesultramarinescardassets_assets_all.bundle
SM_UM_strat_Master of Arcana	1024	1024	1	spacemarinesultramarinescardassets_assets_all.bundle
SM_UM_strat_Master of Arms	1024	1024	1	spacemarinesultramarinescardassets_assets_all.bundle
SM_UM_strat_Master of Battle	1024	1024	1	spacemarinesultramarinescardassets_assets_all.bundle
SM_UM_strat_Master of the Fleet	1024	1024	1	spacemarinesultramarinescardassets_assets_all.bundle
SM_UM_strat_No Mercy	1024	1024	1	spacemarinesultramarinescardassets_assets_all.bundle
SM_UM_strat_No Respite	1024	1024	1	spacemarinesultramarinescardassets_assets_all.bundle
SM_UM_strat_Oath of Moment	1024	1024	1	spacemarinesultramarinescardassets_assets_all.bundle
SM_UM_strat_Paragon of Ultramar	1024	1024	1	spacemarinesultramarinescardassets_assets_all.bundle
SM_UM_strat_Pariah Vanguard	1024	1024	1	spacemarinesultramarinescardassets_assets_all.bundle
SM_UM_strat_Point-Blank Shot	1024	1024	1	spacemarinesultramarinescardassets_assets_all.bundle
SM_UM_strat_Primarch of the XIII	1024	1024	1	spacemarinesultramarinescardassets_assets_all.bundle
SM_UM_strat_Rapid Deployment	1024	1024	1	spacemarinesultramarinescardassets_assets_all.bundle
SM_UM_strat_Righteous Fury	1024	1024	1	spacemarinesultramarinescardassets_assets_all.bundle
SM_UM_strat_Sacred Bolter	1024	1024	1	spacemarinesultramarinescardassets_assets_all.bundle
SM_UM_strat_Scryer's Gaze	1024	1024	1	spacemarinesultramarinescardassets_assets_all.bundle
SM_UM_strat_Shall Know No Fear	1024	1024	1	spacemarinesultramarinescardassets_assets_all.bundle
SM_UM_strat_Sheltered Location	1024	1024	1	spacemarinesultramarinescardassets_assets_all.bundle
SM_UM_strat_Smite	1024	1024	1	spacemarinesultramarinescardassets_assets_all.bundle
SM_UM_strat_Spear of Macragge	1024	1024	1	spacemarinesultramarinescardassets_assets_all.bundle
SM_UM_strat_Stormhawk Interception	1024	1024	1	spacemarinesultramarinescardassets_assets_all.bundle
SM_UM_strat_Stormraven	1024	1024	1	spacemarinesultramarinescardassets_assets_all.bundle
SM_UM_strat_Supreme Strategist	1024	1024	1	spacemarinesultramarinescardassets_assets_all.bundle
SM_UM_strat_Tactical Insight	1024	1024	1	spacemarinesultramarinescardassets_assets_all.bundle
SM_UM_strat_The Chapter's Due	1024	1024	1	spacemarinesultramarinescardassets_assets_all.bundle
SM_UM_veh_7th Company Bike	1024	1024	1	spacemarinesultramarinescardassets_assets_all.bundle
SM_UM_veh_Attack Bike	1024	1024	1	spacemarinesultramarinescardassets_assets_all.bundle
SM_UM_veh_Brutalis Dreadnought	1024	1024	1	spacemarinesultramarinescardassets_assets_all.bundle
SM_UM_veh_Dreadnought	1024	1024	1	spacemarinesultramarinescardassets_assets_all.bundle
SM_UM_veh_Firestrike Servo Turret	1024	1024	1	spacemarinesultramarinescardassets_assets_all.bundle
SM_UM_veh_Invictor Warsuit	1024	1024	1	spacemarinesultramarinescardassets_assets_all.bundle
SM_UM_veh_Land Speeder	1024	1024	1	spacemarinesultramarinescardassets_assets_all.bundle
SM_UM_veh_Outrider	1024	1024	1	spacemarinesultramarinescardassets_assets_all.bundle
SM_UM_veh_Predator Destructor	1024	1024	1	spacemarinesultramarinescardassets_assets_all.bundle
SM_UM_veh_Primaris Impulsor	1024	1024	1	spacemarinesultramarinescardassets_assets_all.bundle
SM_UM_veh_Primaris Invader	1024	1024	1	spacemarinesultramarinescardassets_assets_all.bundle
SM_UM_veh_Redemptor Dreadnought	1024	1024	1	spacemarinesultramarinescardassets_assets_all.bundle
SM_UM_veh_Repulsor Executioner	1024	1024	1	spacemarinesultramarinescardassets_assets_all.bundle
SM_UM_veh_Scout bike	1024	1024	1	spacemarinesultramarinescardassets_assets_all.bundle
SM_UM_veh_Storm Speeder Hailstrike	1024	1024	1	spacemarinesultramarinescardassets_assets_all.bundle
SM_UM_veh_Stormtalon	1024	1024	1	spacemarinesultramarinescardassets_assets_all.bundle
SM_UM_veh_Valtus	1024	1024	1	spacemarinesultramarinescardassets_assets_all.bundle
SM_UM_veh_Whirlwind	1024	1024	1	spacemarinesultramarinescardassets_assets_all.bundle
SM_UM_war_Chaplain Letharius	1024	1024	1	spacemarinesultramarinescardassets_assets_all.bundle
SM_UM_warlord_Lieutenant Titus	1024	1024	1	spacemarinesultramarinescardassets_assets_all.bundle
SM_UM_warlord_Marneus Calgar	1024	1024	1	spacemarinesultramarinescardassets_assets_all.bundle
SM_UM_warlord_Roboute Guilliman	1024	1024	1	spacemarinesultramarinescardassets_assets_all.bundle
SM_UM_warlord_Uriel Ventris	1024	1024	1	spacemarinesultramarinescardassets_assets_all.bundle
SM_UM_warlord_Valius Paxor	1024	1024	1	spacemarinesultramarinescardassets_assets_all.bundle
SM_UM_warlord_Varro Tigurius	1024	1024	1	spacemarinesultramarinescardassets_assets_all.bundle
SW_Hunt_Mark_1	256	256	9	battleprefabs_vfxandmisc_assets_all.bundle
SW_Hunt_Mark_2	256	256	9	battleprefabs_vfxandmisc_assets_all.bundle
SW_Hunt_Mark_3	512	512	10	battleprefabs_vfxandmisc_assets_all.bundle
SaimHann1	128	128	8	battleprefabs_vfxandmisc_assets_all.bundle
SaimHann2	128	128	8	battleprefabs_vfxandmisc_assets_all.bundle
SaimHannCol	1024	1024	11	battleprefabs_vfxandmisc_assets_all.bundle
Sand Wind 1	128	256	9	battlesharedresources_assets_all.bundle
Sand Wind 2	128	256	9	battlesharedresources_assets_all.bundle
SandDecalAlbedo	512	512	10	battleprefabs_vfxandmisc_assets_all.bundle
SandDecalNormal	512	512	10	battleprefabs_vfxandmisc_assets_all.bundle
Sautekh Glyphs Ring Layout1	512	512	10	battleprefabs_vfxandmisc_assets_all.bundle
ScanLines	128	128	8	duplicateassetisolation_assets_all.bundle
Scarab_Necron	64	64	7	battlesharedresources_assets_all.bundle
Scythe_Shadow	512	512	10	battleprefabs_vfxandmisc_assets_all.bundle
Shaft_SoftEdges	128	128	8	duplicateassetisolation_assets_all.bundle
ShellCasingColor-tex	512	512	10	battleprefabs_vfxandmisc_assets_all.bundle
ShellCasing_Color_Cel	512	512	10	battleprefabs_vfxandmisc_assets_all.bundle
Shimmers01	256	256	9	battlesharedresources_assets_all.bundle
Shine Noisy	128	128	8	battleprefabs_vfxandmisc_assets_all.bundle
Shine trail	128	128	1	battlesharedresources_assets_all.bundle
Shockwave_1	128	128	8	battleprefabs_vfxandmisc_assets_all.bundle
Shuriken3	128	128	8	battleprefabs_vfxandmisc_assets_all.bundle
Skull_Icon	128	128	8	battleprefabs_vfxandmisc_assets_all.bundle
Slash_6	2048	2048	12	battleprefabs_vfxandmisc_assets_all.bundle
Small Monolith Right Mask	64	128	1	battleprefabs_vfxandmisc_assets_all.bundle
SmallDots	128	128	8	battleprefabs_vfxandmisc_assets_all.bundle
Smoke	128	128	1	duplicateassetisolation_assets_all.bundle
Smoke Cloud	256	256	9	duplicateassetisolation_assets_all.bundle
Smoke Cloud With Mask	128	128	1	menus_assets_all.bundle
Smoke Sprite Sheet	512	512	10	battlesharedresources_assets_all.bundle
Smoke Tile Texture	256	256	9	battlesharedresources_assets_all.bundle
Smoke5	1024	1024	11	duplicateassetisolation_assets_all.bundle
Smoke5_Stylized	1024	1024	11	battleprefabs_vfxandmisc_assets_all.bundle
SmokeLoop	2048	2048	12	battlesharedresources_assets_all.bundle
SmokeLoopAlpha	64	64	7	battleprefabs_vfxandmisc_assets_all.bundle
SmokePuff	2048	2048	12	battlesharedresources_assets_all.bundle
SmokePuff01	2048	2048	12	battlesharedresources_assets_all.bundle
SmokePuffNormal	512	512	10	battleprefabs_vfxandmisc_assets_all.bundle
Smooth Debris Particle	128	128	8	battlesharedresources_assets_all.bundle
Smooth background square	32	32	1	battleprefabs_vfxandmisc_assets_all.bundle
Snakebites_Icons_1	512	512	10	battleprefabs_vfxandmisc_assets_all.bundle
Snakebites_Icons_2	256	256	9	battleprefabs_vfxandmisc_assets_all.bundle
Snakebites_Trail_1	512	512	10	battleprefabs_vfxandmisc_assets_all.bundle
Sororitas Atlas 3-_BaseMap-atlas-0	4096	4096	1	battlesharedresources_assets_all.bundle
Sororitas Ground Atlas	4096	4096	1	battlesharedresources_assets_all.bundle
Sororitas_Faith_Icon_VFX	256	256	9	battleprefabs_vfxandmisc_assets_all.bundle
Sororitas_Halo	256	256	9	battleprefabs_vfxandmisc_assets_all.bundle
Sororitas_Icon_1	256	256	9	duplicateassetisolation_assets_all.bundle
Sororitas_Icon_2	256	256	9	battleprefabs_vfxandmisc_assets_all.bundle
Sororitas_Icon_2_Intense	256	256	9	battleprefabs_vfxandmisc_assets_all.bundle
Sororitas_Large_VFX	512	512	10	battleprefabs_vfxandmisc_assets_all.bundle
Sororitas_VFX_Mask	256	256	1	battleprefabs_vfxandmisc_assets_all.bundle
Sororitas_Window	256	256	9	battleprefabs_vfxandmisc_assets_all.bundle
Sororitas_Window_floor	256	256	9	battleprefabs_vfxandmisc_assets_all.bundle
Sororitas_Window_mask	256	256	1	battleprefabs_vfxandmisc_assets_all.bundle
Sororitas_Wings_1	256	256	9	battleprefabs_vfxandmisc_assets_all.bundle
Sororitas_inf_Adelaide the Serene	1024	1024	1	sororitascardassets_assets_all.bundle
Sororitas_inf_Aestred-Thurga	1024	1024	1	sororitascardassets_assets_all.bundle
Sororitas_inf_Amalia Novena	1024	1024	1	sororitascardassets_assets_all.bundle
Sororitas_inf_Arco-Flagellant	1024	1024	1	sororitascardassets_assets_all.bundle
Sororitas_inf_Armorium Cherub	1024	1024	1	sororitascardassets_assets_all.bundle
Sororitas_inf_Battle Sister	1024	1024	1	sororitascardassets_assets_all.bundle
Sororitas_inf_Battle Sister Gunner	1024	1024	1	sororitascardassets_assets_all.bundle
Sororitas_inf_Canoness	1024	1024	1	sororitascardassets_assets_all.bundle
Sororitas_inf_Celestian	1024	1024	1	sororitascardassets_assets_all.bundle
Sororitas_inf_Celestian Sacresant	1024	1024	1	sororitascardassets_assets_all.bundle
Sororitas_inf_Celestian Superior	1024	1024	1	sororitascardassets_assets_all.bundle
Sororitas_inf_Crusader	1024	1024	1	sororitascardassets_assets_all.bundle
Sororitas_inf_Death Cult Assassin	1024	1024	1	sororitascardassets_assets_all.bundle
Sororitas_inf_Dialogus	1024	1024	1	sororitascardassets_assets_all.bundle
Sororitas_inf_Dominion	1024	1024	1	sororitascardassets_assets_all.bundle
Sororitas_inf_Dominion Superior	1024	1024	1	sororitascardassets_assets_all.bundle
Sororitas_inf_Ephrael Stern	1024	1024	1	sororitascardassets_assets_all.bundle
Sororitas_inf_Hospitaller	1024	1024	1	sororitascardassets_assets_all.bundle
Sororitas_inf_Imagifier	1024	1024	1	sororitascardassets_assets_all.bundle
Sororitas_inf_Ministorum Priest	1024	1024	1	sororitascardassets_assets_all.bundle
Sororitas_inf_Missionary	1024	1024	1	sororitascardassets_assets_all.bundle
Sororitas_inf_Preacher	1024	1024	1	sororitascardassets_assets_all.bundle
Sororitas_inf_Retributor	1024	1024	1	sororitascardassets_assets_all.bundle
Sororitas_inf_Sacred Rose Sister	1024	1024	1	sororitascardassets_assets_all.bundle
Sororitas_inf_Saint Celestine	1024	1024	1	sororitascardassets_assets_all.bundle
Sororitas_inf_Seraphim	1024	1024	1	sororitascardassets_assets_all.bundle
Sororitas_inf_Simulacrum Bearer	1024	1024	1	sororitascardassets_assets_all.bundle
Sororitas_inf_Simulacrum Imperialis	1024	1024	1	sororitascardassets_assets_all.bundle
Sororitas_inf_Sister Dogmata	1024	1024	1	sororitascardassets_assets_all.bundle
Sororitas_inf_Sister Novitiate	1024	1024	1	sororitascardassets_assets_all.bundle
Sororitas_inf_Sister Superior	1024	1024	1	sororitascardassets_assets_all.bundle
Sororitas_inf_Sisters Repentia	1024	1024	1	sororitascardassets_assets_all.bundle
Sororitas_inf_Triumph of Saint Katherine	1024	1024	1	sororitascardassets_assets_all.bundle
Sororitas_inf_Zephyrim	1024	1024	1	sororitascardassets_assets_all.bundle
Sororitas_inf_Zephyrim Superior	1024	1024	1	sororitascardassets_assets_all.bundle
Sororitas_strat_Beacon of Faith	1024	1024	1	sororitascardassets_assets_all.bundle
Sororitas_strat_Blade of Faith	1024	1024	1	sororitascardassets_assets_all.bundle
Sororitas_strat_Cleansing Flames	1024	1024	1	sororitascardassets_assets_all.bundle
Sororitas_strat_Conviction of Faith	1024	1024	1	sororitascardassets_assets_all.bundle
Sororitas_strat_Daemonbreaker	1024	1024	1	sororitascardassets_assets_all.bundle
Sororitas_strat_Defenders of the Faith	1024	1024	1	sororitascardassets_assets_all.bundle
Sororitas_strat_Devout Serenity	1024	1024	1	sororitascardassets_assets_all.bundle
Sororitas_strat_Devout Warriors	1024	1024	1	sororitascardassets_assets_all.bundle
Sororitas_strat_Disrupted Sanctuary	1024	1024	1	sororitascardassets_assets_all.bundle
Sororitas_strat_Divine Intervention	1024	1024	1	sororitascardassets_assets_all.bundle
Sororitas_strat_Emperor's Judgement	1024	1024	1	sororitascardassets_assets_all.bundle
Sororitas_strat_Fiery Conviction	1024	1024	1	sororitascardassets_assets_all.bundle
Sororitas_strat_Furious Reprisal	1024	1024	1	sororitascardassets_assets_all.bundle
Sororitas_strat_Fury of the Righteous	1024	1024	1	sororitascardassets_assets_all.bundle
Sororitas_strat_Guidance of the Saints	1024	1024	1	sororitascardassets_assets_all.bundle
Sororitas_strat_Hallowed Martyrs	1024	1024	1	sororitascardassets_assets_all.bundle
Sororitas_strat_Holy Fire	1024	1024	1	sororitascardassets_assets_all.bundle
Sororitas_strat_Hymn of Battle	1024	1024	1	sororitascardassets_assets_all.bundle
Sororitas_strat_Imperial Creed	1024	1024	1	sororitascardassets_assets_all.bundle
Sororitas_strat_Inspiring Oratory	1024	1024	1	sororitascardassets_assets_all.bundle
Sororitas_strat_Lead the Righteous	1024	1024	1	sororitascardassets_assets_all.bundle
Sororitas_strat_Miraculous Feat	1024	1024	1	sororitascardassets_assets_all.bundle
Sororitas_strat_Normal	1024	1024	1	sororitascardassets_assets_all.bundle
Sororitas_strat_Prayer	1024	1024	1	sororitascardassets_assets_all.bundle
Sororitas_strat_Purgator Mirabilis	1024	1024	1	sororitascardassets_assets_all.bundle
Sororitas_strat_Raging Storm	1024	1024	1	sororitascardassets_assets_all.bundle
Sororitas_strat_Relics of Saint Katherine	1024	1024	1	sororitascardassets_assets_all.bundle
Sororitas_strat_Righteous Repugnance	1024	1024	1	sororitascardassets_assets_all.bundle
Sororitas_strat_Rite of Restoration	1024	1024	1	sororitascardassets_assets_all.bundle
Sororitas_strat_Sacred Altar	1024	1024	1	sororitascardassets_assets_all.bundle
Sororitas_strat_Sacred Rose	1024	1024	1	sororitascardassets_assets_all.bundle
Sororitas_strat_Shrine Bombardement	1024	1024	1	sororitascardassets_assets_all.bundle
Sororitas_strat_Shrineworld	1024	1024	1	sororitascardassets_assets_all.bundle
Sororitas_strat_Slay the Heretic	1024	1024	1	sororitascardassets_assets_all.bundle
Sororitas_strat_Spirit of the Martyr	1024	1024	1	sororitascardassets_assets_all.bundle
Sororitas_strat_Trial of Suffering	1024	1024	1	sororitascardassets_assets_all.bundle
Sororitas_veh_Castigator	1024	1024	1	sororitascardassets_assets_all.bundle
Sororitas_veh_Exorcist	1024	1024	1	sororitascardassets_assets_all.bundle
Sororitas_veh_Immolator	1024	1024	1	sororitascardassets_assets_all.bundle
Sororitas_veh_Mortifier	1024	1024	1	sororitascardassets_assets_all.bundle
Sororitas_veh_Paragon Warsuit	1024	1024	1	sororitascardassets_assets_all.bundle
Sororitas_veh_Penitent Engine	1024	1024	1	sororitascardassets_assets_all.bundle
Sororitas_veh_Sororitas Rhino	1024	1024	1	sororitascardassets_assets_all.bundle
Sororitas_warlord_Celestian Sacresant Aveline	1024	1024	1	sororitascardassets_assets_all.bundle
Sororitas_warlord_Erika Luminas	1024	1024	1	sororitascardassets_assets_all.bundle
Sororitas_warlord_Junith Eruita	1024	1024	1	sororitascardassets_assets_all.bundle
Sororitas_warlord_Morvenn Vahl	1024	1024	1	sororitascardassets_assets_all.bundle
Space Wolves Battle Arena Baked Atlas-_BaseMap-atlas-0	4096	4096	1	battlesharedresources_assets_all.bundle
Space Wolves Container 1x2	1024	1024	1	liveopsmenuimages_assets_all.bundle
Spark	64	64	1	duplicateassetisolation_assets_all.bundle
Spark UI	128	128	1	battleprefabs_vfxandmisc_assets_all.bundle
Spark_Impact_Stylized	512	512	10	battleprefabs_vfxandmisc_assets_all.bundle
Sparkle	8	32	6	battlesharedresources_assets_all.bundle
Sparkle Large	256	256	9	scenes_scenes_battlearenadarkangels.bundle
Sparks Metal	32	32	6	battleprefabs_vfxandmisc_assets_all.bundle
SphereAlbedo	256	256	9	battlesharedresources_assets_all.bundle
Splash01	1024	1024	11	battlesharedresources_assets_all.bundle
SplatNormal	512	512	10	battlesharedresources_assets_all.bundle
Splatter_1_Icon	256	256	9	battleprefabs_vfxandmisc_assets_all.bundle
SporeMine-tex	128	128	8	battleprefabs_vfxandmisc_assets_all.bundle
Square	256	256	1	battleprefabs_vfxandmisc_assets_all.bundle
Square Smooth	128	128	8	battleprefabs_vfxandmisc_assets_all.bundle
Square_Glow_2_Icon	128	128	8	duplicateassetisolation_assets_all.bundle
Square_Glow_Icon	64	64	7	duplicateassetisolation_assets_all.bundle
Square_flat	256	256	9	duplicateassetisolation_assets_all.bundle
Squig Combined	512	512	10	battleprefabs_vfxandmisc_assets_all.bundle
Squig1.1	256	256	9	battleprefabs_vfxandmisc_assets_all.bundle
Squig_jaws	256	256	9	battleprefabs_vfxandmisc_assets_all.bundle
Star_35_A01	128	128	8	battleprefabs_vfxandmisc_assets_all.bundle
Stikka_tex	512	512	10	battleprefabs_vfxandmisc_assets_all.bundle
StoneAlbedo	256	256	9	battleprefabs_vfxandmisc_assets_all.bundle
Stormraven_Shadow	256	256	9	battleprefabs_vfxandmisc_assets_all.bundle
Strike_Background	128	128	8	battleprefabs_vfxandmisc_assets_all.bundle
Strike_Skull	128	128	8	battleprefabs_vfxandmisc_assets_all.bundle
Strike_Sword	128	128	8	battleprefabs_vfxandmisc_assets_all.bundle
Tactic Missing Image	64	64	1	duplicateassetisolation_assets_all.bundle
Tau Caste Symbols	256	256	1	battleprefabs_vfxandmisc_assets_all.bundle
Tau_Empire_battlesuit_Broadside Battlesuit	1024	1024	1	tauempirecardassets_assets_all.bundle
Tau_Empire_battlesuit_Coldstar Battlesuit	1024	1024	1	tauempirecardassets_assets_all.bundle
Tau_Empire_battlesuit_Crisis Battlesuit	1024	1024	1	tauempirecardassets_assets_all.bundle
Tau_Empire_battlesuit_Crisis Bodyguard	1024	1024	1	tauempirecardassets_assets_all.bundle
Tau_Empire_battlesuit_Enforcer Battlesuit	1024	1024	1	tauempirecardassets_assets_all.bundle
Tau_Empire_battlesuit_Riptide Battlesuit	1024	1024	1	tauempirecardassets_assets_all.bundle
Tau_Empire_battlesuit_Stealth Battlesuit	1024	1024	1	tauempirecardassets_assets_all.bundle
Tau_Empire_battlesuit_Stealth Shas’ui	1024	1024	1	tauempirecardassets_assets_all.bundle
Tau_Empire_battlesuit_Stormsurge Battlesuit	1024	1024	1	tauempirecardassets_assets_all.bundle
Tau_Empire_drone_Grav Inhibitor Drone	1024	1024	1	tauempirecardassets_assets_all.bundle
Tau_Empire_drone_Guardian Drone	1024	1024	1	tauempirecardassets_assets_all.bundle
Tau_Empire_drone_Gun Drone	1024	1024	1	tauempirecardassets_assets_all.bundle
Tau_Empire_drone_Marker Drone	1024	1024	1	tauempirecardassets_assets_all.bundle
Tau_Empire_drone_Missile Drone	1024	1024	1	tauempirecardassets_assets_all.bundle
Tau_Empire_drone_Sniper Drone	1024	1024	1	tauempirecardassets_assets_all.bundle
Tau_Empire_drone_Stealth Drone	1024	1024	1	tauempirecardassets_assets_all.bundle
Tau_Empire_inf_Aunshi Ethereal	1024	1024	1	tauempirecardassets_assets_all.bundle
Tau_Empire_inf_Breacher Fire Warrior	1024	1024	1	tauempirecardassets_assets_all.bundle
Tau_Empire_inf_Breacher ShasUi	1024	1024	1	tauempirecardassets_assets_all.bundle
Tau_Empire_inf_Cadre Fireblade	1024	1024	1	tauempirecardassets_assets_all.bundle
Tau_Empire_inf_Darkstrider	1024	1024	1	tauempirecardassets_assets_all.bundle
Tau_Empire_inf_Fire Warrior	1024	1024	1	tauempirecardassets_assets_all.bundle
Tau_Empire_inf_Fire Warrior Sniper	1024	1024	1	tauempirecardassets_assets_all.bundle
Tau_Empire_inf_Firesight Marksman	1024	1024	1	tauempirecardassets_assets_all.bundle
Tau_Empire_inf_Flesh Shaper	1024	1024	1	tauempirecardassets_assets_all.bundle
Tau_Empire_inf_Honoured Ethereal	1024	1024	1	tauempirecardassets_assets_all.bundle
Tau_Empire_inf_Kroot Carnivore	1024	1024	1	tauempirecardassets_assets_all.bundle
Tau_Empire_inf_Kroot Hound	1024	1024	1	tauempirecardassets_assets_all.bundle
Tau_Empire_inf_Krootox Rampager	1024	1024	1	tauempirecardassets_assets_all.bundle
Tau_Empire_inf_Krootox Rider	1024	1024	1	tauempirecardassets_assets_all.bundle
Tau_Empire_inf_Lone-spear	1024	1024	1	tauempirecardassets_assets_all.bundle
Tau_Empire_inf_Pathfinder	1024	1024	1	tauempirecardassets_assets_all.bundle
Tau_Empire_inf_Strike Team	1024	1024	1	tauempirecardassets_assets_all.bundle
Tau_Empire_inf_Trail Shaper	1024	1024	1	tauempirecardassets_assets_all.bundle
Tau_Empire_inf_Vespid Stingwings	1024	1024	1	tauempirecardassets_assets_all.bundle
Tau_Empire_offence_Normal Conditions	1024	1024	1	tauempirecardassets_assets_all.bundle
Tau_Empire_offensive_Electro-Static Interference	1024	1024	1	tauempirecardassets_assets_all.bundle
Tau_Empire_offensive_Radiation Storm	1024	1024	1	tauempirecardassets_assets_all.bundle
Tau_Empire_offensive_Solar Eclipse	1024	1024	1	tauempirecardassets_assets_all.bundle
Tau_Empire_strat_Burgeoning Empire	1024	1024	1	tauempirecardassets_assets_all.bundle
Tau_Empire_strat_Coordinated Engagement	1024	1024	1	tauempirecardassets_assets_all.bundle
Tau_Empire_strat_Deploy Anchors	1024	1024	1	tauempirecardassets_assets_all.bundle
Tau_Empire_strat_Drone Companion	1024	1024	1	tauempirecardassets_assets_all.bundle
Tau_Empire_strat_Dynamic Offensive	1024	1024	1	tauempirecardassets_assets_all.bundle
Tau_Empire_strat_Emergency Dispensation	1024	1024	1	tauempirecardassets_assets_all.bundle
Tau_Empire_strat_Ethereal Supreme	1024	1024	1	tauempirecardassets_assets_all.bundle
Tau_Empire_strat_Experimental Drone	1024	1024	1	tauempirecardassets_assets_all.bundle
Tau_Empire_strat_For the Greater Good	1024	1024	1	tauempirecardassets_assets_all.bundle
Tau_Empire_strat_Fortified Positions	1024	1024	1	tauempirecardassets_assets_all.bundle
Tau_Empire_strat_Grisly Feast	1024	1024	1	tauempirecardassets_assets_all.bundle
Tau_Empire_strat_Hero of the Empire	1024	1024	1	tauempirecardassets_assets_all.bundle
Tau_Empire_strat_Hidden Hunters	1024	1024	1	tauempirecardassets_assets_all.bundle
Tau_Empire_strat_Homing Beacon	1024	1024	1	tauempirecardassets_assets_all.bundle
Tau_Empire_strat_Hunters Instincts	1024	1024	1	tauempirecardassets_assets_all.bundle
Tau_Empire_strat_Inspired to Greatness	1024	1024	1	tauempirecardassets_assets_all.bundle
Tau_Empire_strat_Kauyon Tactics	1024	1024	1	tauempirecardassets_assets_all.bundle
Tau_Empire_strat_Priority Target	1024	1024	1	tauempirecardassets_assets_all.bundle
Tau_Empire_strat_Pulse Onslaught	1024	1024	1	tauempirecardassets_assets_all.bundle
Tau_Empire_strat_Razorshark Strike	1024	1024	1	tauempirecardassets_assets_all.bundle
Tau_Empire_strat_Recon Sweep	1024	1024	1	tauempirecardassets_assets_all.bundle
Tau_Empire_strat_Relentless Fusillade	1024	1024	1	tauempirecardassets_assets_all.bundle
Tau_Empire_strat_Saviour Protocolst	1024	1024	1	tauempirecardassets_assets_all.bundle
Tau_Empire_strat_Sense of Stone	1024	1024	1	tauempirecardassets_assets_all.bundle
Tau_Empire_strat_Serene Unifier	1024	1024	1	tauempirecardassets_assets_all.bundle
Tau_Empire_strat_Shield Generator	1024	1024	1	tauempirecardassets_assets_all.bundle
Tau_Empire_strat_Storm of Fire	1024	1024	1	tauempirecardassets_assets_all.bundle
Tau_Empire_strat_Structural Analyzer	1024	1024	1	tauempirecardassets_assets_all.bundle
Tau_Empire_strat_Technological Supremacy	1024	1024	1	tauempirecardassets_assets_all.bundle
Tau_Empire_strat_Thundering Rampage	1024	1024	1	tauempirecardassets_assets_all.bundle
Tau_Empire_strat_Tidewall Droneport	1024	1024	1	tauempirecardassets_assets_all.bundle
Tau_Empire_strat_Tidewall Gunrig	1024	1024	1	tauempirecardassets_assets_all.bundle
Tau_Empire_strat_Valued Sacrifice	1024	1024	1	tauempirecardassets_assets_all.bundle
Tau_Empire_strat_Watch Tower	1024	1024	1	tauempirecardassets_assets_all.bundle
Tau_Empire_strat_Zephyr's Grace	1024	1024	1	tauempirecardassets_assets_all.bundle
Tau_Empire_veh_DS8 Support Turret	1024	1024	1	tauempirecardassets_assets_all.bundle
Tau_Empire_veh_Devilfish	1024	1024	1	tauempirecardassets_assets_all.bundle
Tau_Empire_veh_Hammerhead	1024	1024	1	tauempirecardassets_assets_all.bundle
Tau_Empire_veh_Longstrike	1024	1024	1	tauempirecardassets_assets_all.bundle
Tau_Empire_veh_Piranha	1024	1024	1	tauempirecardassets_assets_all.bundle
Tau_Empire_veh_Razorshark	1024	1024	1	tauempirecardassets_assets_all.bundle
Tau_Empire_veh_Sky Ray Gunship	1024	1024	1	tauempirecardassets_assets_all.bundle
Tau_Empire_veh_Sun Shark Bomber	1024	1024	1	tauempirecardassets_assets_all.bundle
Tau_Empire_warlord_Aun'Va	1024	1024	1	tauempirecardassets_assets_all.bundle
Tau_Empire_warlord_Commander O'Maisos	1024	1024	1	tauempirecardassets_assets_all.bundle
Tau_Empire_warlord_Shadowsun	1024	1024	1	tauempirecardassets_assets_all.bundle
Tau_Empire_warlord_War Shaper	1024	1024	1	tauempirecardassets_assets_all.bundle
Tau_Emprie_inf_Kroot Carnivore	1024	1024	1	tauempirecardassets_assets_all.bundle
Tau_letters_Locking	512	512	10	battleprefabs_vfxandmisc_assets_all.bundle
TendrilSurface	1024	1024	11	battleprefabs_vfxandmisc_assets_all.bundle
TendrilSurface2	1024	1024	11	battleprefabs_vfxandmisc_assets_all.bundle
Tex_fx_particle_set	1024	1024	11	battleprefabs_vfxandmisc_assets_all.bundle
Tex_fx_rock	1024	1024	11	battleprefabs_vfxandmisc_assets_all.bundle
Thunderhawk_Transport_Shadow	256	256	9	battleprefabs_vfxandmisc_assets_all.bundle
Thunderhawk_Transport_Shadow_blurred	256	256	9	battleprefabs_vfxandmisc_assets_all.bundle
Tiled Hexagon	128	128	8	battleprefabs_vfxandmisc_assets_all.bundle
Tiled Hexagon Inverted	128	128	8	battleprefabs_vfxandmisc_assets_all.bundle
TinyFlame	2048	2048	12	battlesharedresources_assets_all.bundle
TinyStones	256	256	9	battleprefabs_vfxandmisc_assets_all.bundle
TinyStonesNormals	256	256	9	duplicateassetisolation_assets_all.bundle
Tiretrack_motorcycle_1	256	256	9	battleprefabs_vfxandmisc_assets_all.bundle
Trail Narrow Noise	128	128	8	battleprefabs_vfxandmisc_assets_all.bundle
Trail_Custom_Continuous	256	256	9	battleprefabs_vfxandmisc_assets_all.bundle
Trail_Plasma_Stylized_2	128	128	8	battleprefabs_vfxandmisc_assets_all.bundle
Trail_fading	128	128	8	battleprefabs_vfxandmisc_assets_all.bundle
Transition-Horizontal	256	256	1	menusharedresources_assets_all.bundle
Transition_LegacyHorizontal	256	256	1	scenes_scenes_mainmenuwarpforge.bundle
Triangle_Blur	128	128	8	battleprefabs_vfxandmisc_assets_all.bundle
Tutorial Highlight	128	128	1	duplicateassetisolation_assets_all.bundle
Twinkle	512	512	10	battlesharedresources_assets_all.bundle
TwoSidesEventBattleBackGround	2048	1024	1	liveopsmenuimages_assets_all.bundle
Tyranid_Fangs	512	512	10	battleprefabs_vfxandmisc_assets_all.bundle
Tyranid_Leviathan_Inf_Hive Guard	1024	1024	1	tyranidsleviathancardassets_assets_all.bundle
Tyranid_Leviathan_Strat_Crushing Claws	1024	1024	1	tyranidsleviathancardassets_assets_all.bundle
Tyranid_Leviathan_Warlord_Terror of Vardenghast	1024	1024	1	tyranidsleviathancardassets_assets_all.bundle
Tyranid_Leviathan_inf_Barbgaunt	1024	1024	1	tyranidsleviathancardassets_assets_all.bundle
Tyranid_Leviathan_inf_Biovore	1024	1024	1	tyranidsleviathancardassets_assets_all.bundle
Tyranid_Leviathan_inf_Broodlord	1024	1024	1	tyranidsleviathancardassets_assets_all.bundle
Tyranid_Leviathan_inf_Deathleaper	1024	1024	1	tyranidsleviathancardassets_assets_all.bundle
Tyranid_Leviathan_inf_Gargoyle	1024	1024	1	tyranidsleviathancardassets_assets_all.bundle
Tyranid_Leviathan_inf_Genestealer	1024	1024	1	tyranidsleviathancardassets_assets_all.bundle
Tyranid_Leviathan_inf_Hormagaunt	1024	1024	1	tyranidsleviathancardassets_assets_all.bundle
Tyranid_Leviathan_inf_Lictor	1024	1024	1	tyranidsleviathancardassets_assets_all.bundle
Tyranid_Leviathan_inf_Mucolid Spore	1024	1024	1	tyranidsleviathancardassets_assets_all.bundle
Tyranid_Leviathan_inf_Neurogaunt	1024	1024	1	tyranidsleviathancardassets_assets_all.bundle
Tyranid_Leviathan_inf_Neurogaunt Nodebeast	1024	1024	1	tyranidsleviathancardassets_assets_all.bundle
Tyranid_Leviathan_inf_Neuroloid	1024	1024	1	tyranidsleviathancardassets_assets_all.bundle
Tyranid_Leviathan_inf_Pyrovore	1024	1024	1	tyranidsleviathancardassets_assets_all.bundle
Tyranid_Leviathan_inf_Ravener	1024	1024	1	tyranidsleviathancardassets_assets_all.bundle
Tyranid_Leviathan_inf_Ripper Swarm	1024	1024	1	tyranidsleviathancardassets_assets_all.bundle
Tyranid_Leviathan_inf_Spore Mine	1024	1024	1	tyranidsleviathancardassets_assets_all.bundle
Tyranid_Leviathan_inf_Stranded Termagant	1024	1024	1	tyranidsleviathancardassets_assets_all.bundle
Tyranid_Leviathan_inf_Termagant	1024	1024	1	tyranidsleviathancardassets_assets_all.bundle
Tyranid_Leviathan_inf_Termagant Brood	1024	1024	1	tyranidsleviathancardassets_assets_all.bundle
Tyranid_Leviathan_inf_Tyranid Prime	1024	1024	1	tyranidsleviathancardassets_assets_all.bundle
Tyranid_Leviathan_inf_Tyranid Warrior	1024	1024	1	tyranidsleviathancardassets_assets_all.bundle
Tyranid_Leviathan_inf_Tyrant Guard	1024	1024	1	tyranidsleviathancardassets_assets_all.bundle
Tyranid_Leviathan_inf_Venomthrope	1024	1024	1	tyranidsleviathancardassets_assets_all.bundle
Tyranid_Leviathan_inf_Von Ryans Leaper	1024	1024	1	tyranidsleviathancardassets_assets_all.bundle
Tyranid_Leviathan_inf_Zoanthrope	1024	1024	1	tyranidsleviathancardassets_assets_all.bundle
Tyranid_Leviathan_mon_Carnifex	1024	1024	1	tyranidsleviathancardassets_assets_all.bundle
Tyranid_Leviathan_mon_Exocrine	1024	1024	1	tyranidsleviathancardassets_assets_all.bundle
Tyranid_Leviathan_mon_Harpy	1024	1024	1	tyranidsleviathancardassets_assets_all.bundle
Tyranid_Leviathan_mon_Haruspex	1024	1024	1	tyranidsleviathancardassets_assets_all.bundle
Tyranid_Leviathan_mon_Hive Crone	1024	1024	1	tyranidsleviathancardassets_assets_all.bundle
Tyranid_Leviathan_mon_Hive Tyrant	1024	1024	1	tyranidsleviathancardassets_assets_all.bundle
Tyranid_Leviathan_mon_Maleceptor	1024	1024	1	tyranidsleviathancardassets_assets_all.bundle
Tyranid_Leviathan_mon_Mawloc	1024	1024	1	tyranidsleviathancardassets_assets_all.bundle
Tyranid_Leviathan_mon_Neurotyrant	1024	1024	1	tyranidsleviathancardassets_assets_all.bundle
Tyranid_Leviathan_mon_Norn Emissary	1024	1024	1	tyranidsleviathancardassets_assets_all.bundle
Tyranid_Leviathan_mon_Psychophage	1024	1024	1	tyranidsleviathancardassets_assets_all.bundle
Tyranid_Leviathan_mon_Screamer-Killer	1024	1024	1	tyranidsleviathancardassets_assets_all.bundle
Tyranid_Leviathan_mon_Sporocyst	1024	1024	1	tyranidsleviathancardassets_assets_all.bundle
Tyranid_Leviathan_mon_Tyrannocyte	1024	1024	1	tyranidsleviathancardassets_assets_all.bundle
Tyranid_Leviathan_mon_Tyrannofex	1024	1024	1	tyranidsleviathancardassets_assets_all.bundle
Tyranid_Leviathan_mon_Winged Tyrant	1024	1024	1	tyranidsleviathancardassets_assets_all.bundle
Tyranid_Leviathan_offensive_Acid Rain	1024	1024	1	tyranidsleviathancardassets_assets_all.bundle
Tyranid_Leviathan_offensive_Blazing Biomass	1024	1024	1	tyranidsleviathancardassets_assets_all.bundle
Tyranid_Leviathan_offensive_Normal Conditions	1024	1024	1	tyranidsleviathancardassets_assets_all.bundle
Tyranid_Leviathan_offensive_Sweeping Infestation	1024	1024	1	tyranidsleviathancardassets_assets_all.bundle
Tyranid_Leviathan_strat_Adrenal Surge	1024	1024	1	tyranidsleviathancardassets_assets_all.bundle
Tyranid_Leviathan_strat_Aerial Seeding	1024	1024	1	tyranidsleviathancardassets_assets_all.bundle
Tyranid_Leviathan_strat_Alpha Warrior	1024	1024	1	tyranidsleviathancardassets_assets_all.bundle
Tyranid_Leviathan_strat_Ambush Predator	1024	1024	1	tyranidsleviathancardassets_assets_all.bundle
Tyranid_Leviathan_strat_Apex Predator	1024	1024	1	tyranidsleviathancardassets_assets_all.bundle
Tyranid_Leviathan_strat_Armoured Exoskeleton	1024	1024	1	tyranidsleviathancardassets_assets_all.bundle
Tyranid_Leviathan_strat_Augmented Ferocity	1024	1024	1	tyranidsleviathancardassets_assets_all.bundle
Tyranid_Leviathan_strat_Bestial Rage	1024	1024	1	tyranidsleviathancardassets_assets_all.bundle
Tyranid_Leviathan_strat_Bounding Leap	1024	1024	1	tyranidsleviathancardassets_assets_all.bundle
Tyranid_Leviathan_strat_Brood Progenitor	1024	1024	1	tyranidsleviathancardassets_assets_all.bundle
Tyranid_Leviathan_strat_Darkened Skies	1024	1024	1	tyranidsleviathancardassets_assets_all.bundle
Tyranid_Leviathan_strat_Devourer Cannon	1024	1024	1	tyranidsleviathancardassets_assets_all.bundle
Tyranid_Leviathan_strat_Digestion Pool	1024	1024	1	tyranidsleviathancardassets_assets_all.bundle
Tyranid_Leviathan_strat_Encircle the Prey	1024	1024	1	tyranidsleviathancardassets_assets_all.bundle
Tyranid_Leviathan_strat_Enhanced Organism	1024	1024	1	tyranidsleviathancardassets_assets_all.bundle
Tyranid_Leviathan_strat_Feeding Frenzy	1024	1024	1	tyranidsleviathancardassets_assets_all.bundle
Tyranid_Leviathan_strat_Hardened Biology	1024	1024	1	tyranidsleviathancardassets_assets_all.bundle
Tyranid_Leviathan_strat_Hive Commander	1024	1024	1	tyranidsleviathancardassets_assets_all.bundle
Tyranid_Leviathan_strat_Hive Fleet Leviathan	1024	1024	1	tyranidsleviathancardassets_assets_all.bundle
Tyranid_Leviathan_strat_Hyper-adaptation	1024	1024	1	tyranidsleviathancardassets_assets_all.bundle
Tyranid_Leviathan_strat_Infestation Node	1024	1024	1	tyranidsleviathancardassets_assets_all.bundle
Tyranid_Leviathan_strat_Infinite Biomorphologies	1024	1024	1	tyranidsleviathancardassets_assets_all.bundle
Tyranid_Leviathan_strat_Leviathans Tendrils	1024	1024	1	tyranidsleviathancardassets_assets_all.bundle
Tyranid_Leviathan_strat_Overwhelming Swarm	1024	1024	1	tyranidsleviathancardassets_assets_all.bundle
Tyranid_Leviathan_strat_Predator Instincts	1024	1024	1	tyranidsleviathancardassets_assets_all.bundle
Tyranid_Leviathan_strat_Rapacious Hunger	1024	1024	1	tyranidsleviathancardassets_assets_all.bundle
Tyranid_Leviathan_strat_Ravenous Hunter	1024	1024	1	tyranidsleviathancardassets_assets_all.bundle
Tyranid_Leviathan_strat_Spirit Leech	1024	1024	1	tyranidsleviathancardassets_assets_all.bundle
Tyranid_Leviathan_strat_Sporecaster Biostructure	1024	1024	1	tyranidsleviathancardassets_assets_all.bundle
Tyranid_Leviathan_strat_Swarming Masses	1024	1024	1	tyranidsleviathancardassets_assets_all.bundle
Tyranid_Leviathan_strat_Synaptic Imperative	1024	1024	1	tyranidsleviathancardassets_assets_all.bundle
Tyranid_Leviathan_strat_Toxic Entanglement	1024	1024	1	tyranidsleviathancardassets_assets_all.bundle
Tyranid_Leviathan_strat_Toxic Miasma	1024	1024	1	tyranidsleviathancardassets_assets_all.bundle
Tyranid_Leviathan_strat_Toxic Vapours	1024	1024	1	tyranidsleviathancardassets_assets_all.bundle
Tyranid_Leviathan_strat_Tyranid Invasion	1024	1024	1	tyranidsleviathancardassets_assets_all.bundle
Tyranid_Leviathan_warlord_Neurothrope	1024	1024	1	tyranidsleviathancardassets_assets_all.bundle
Tyranid_Leviathan_warlord_SwarmLord	1024	1024	1	tyranidsleviathancardassets_assets_all.bundle
Tyranid_Leviathan_warlord_Tervigon	1024	1024	1	tyranidsleviathancardassets_assets_all.bundle
Tyranid_Meshes_2	1024	1024	11	battleprefabs_vfxandmisc_assets_all.bundle
Tyranid_Tentacle	256	256	9	battleprefabs_vfxandmisc_assets_all.bundle
UI Dirt And Noise skratches	1024	1024	1	menus_assets_all.bundle
UIMask	32	32	6	Warpforge_unitybuiltinassets.bundle
UISprite	32	32	6	Warpforge_unitybuiltinassets.bundle
UI_Deck_Draft Generic Image	2048	2048	1	uiwarlords_assets_all.bundle
UI_Deck_Master Zacharial	2048	2048	1	uiwarlords_assets_all.bundle
UI_Deck_Warlord_Abaddon	2048	2048	1	uiwarlords_assets_all.bundle
UI_Deck_Warlord_Abaddon_AA_HB	2048	2048	1	uiwarlords_assets_all.bundle
UI_Deck_Warlord_Acolyte Iconward	2048	2048	1	uiwarlords_assets_all.bundle
UI_Deck_Warlord_Anvirr Keltoc	2048	2048	1	uiwarlords_assets_all.bundle
UI_Deck_Warlord_Asmodai	2048	2048	1	uiwarlords_assets_all.bundle
UI_Deck_Warlord_AunVa	2048	2048	1	uiwarlords_assets_all.bundle
UI_Deck_Warlord_Azrael	2048	2048	1	uiwarlords_assets_all.bundle
UI_Deck_Warlord_AzraelAA	2048	2048	1	uiwarlords_assets_all.bundle
UI_Deck_Warlord_Beastboss Morgrim	2048	2048	1	uiwarlords_assets_all.bundle
UI_Deck_Warlord_Belial	2048	2048	1	uiwarlords_assets_all.bundle
UI_Deck_Warlord_Boss Zagstruk	2048	2048	1	uiwarlords_assets_all.bundle
UI_Deck_Warlord_Celestian Sacresant Aveline	2048	2048	1	uiwarlords_assets_all.bundle
UI_Deck_Warlord_Chaplain Letharius	2048	2048	1	uiwarlords_assets_all.bundle
UI_Deck_Warlord_Commander OMaisos	2048	2048	1	uiwarlords_assets_all.bundle
UI_Deck_Warlord_Commissar Deckler	2048	2048	1	uiwarlords_assets_all.bundle
UI_Deck_Warlord_Daemon Prince	2048	2048	1	uiwarlords_assets_all.bundle
UI_Deck_Warlord_Eliac Zephyrblade	2048	2048	1	uiwarlords_assets_all.bundle
UI_Deck_Warlord_Erika Luminas	2048	2048	1	uiwarlords_assets_all.bundle
UI_Deck_Warlord_Ghallaron	2048	2048	1	uiwarlords_assets_all.bundle
UI_Deck_Warlord_Ghazghkull Thraka	2048	2048	1	uiwarlords_assets_all.bundle
UI_Deck_Warlord_Ghazghkull_AA_HB	2048	2048	1	uiwarlords_assets_all.bundle
UI_Deck_Warlord_Gordrang	2048	2048	1	uiwarlords_assets_all.bundle
UI_Deck_Warlord_Grukk Face-Rippa	2048	2048	1	uiwarlords_assets_all.bundle
UI_Deck_Warlord_Guilliman	2048	2048	1	uiwarlords_assets_all.bundle
UI_Deck_Warlord_Haarken Worldclaimer	2048	2048	1	uiwarlords_assets_all.bundle
UI_Deck_Warlord_Hektor Thenmann	2048	2048	1	uiwarlords_assets_all.bundle
UI_Deck_Warlord_Imotekh the Stormlord	2048	2048	1	uiwarlords_assets_all.bundle
UI_Deck_Warlord_Imotekh_AA_HB	2048	2048	1	uiwarlords_assets_all.bundle
UI_Deck_Warlord_Jain Zar	2048	2048	1	uiwarlords_assets_all.bundle
UI_Deck_Warlord_Junith Eruita	2048	2048	1	uiwarlords_assets_all.bundle
UI_Deck_Warlord_Leontus	2048	2048	1	uiwarlords_assets_all.bundle
UI_Deck_Warlord_Lhaska Szenari	2048	2048	1	uiwarlords_assets_all.bundle
UI_Deck_Warlord_Lhykhis	2048	2048	1	uiwarlords_assets_all.bundle
UI_Deck_Warlord_Logan Grimnar	2048	2048	1	uiwarlords_assets_all.bundle
UI_Deck_Warlord_Logan_AA_HB	2048	2048	1	uiwarlords_assets_all.bundle
UI_Deck_Warlord_Lord Exultant	2048	2048	1	uiwarlords_assets_all.bundle
UI_Deck_Warlord_Lucius	2048	2048	1	uiwarlords_assets_all.bundle
UI_Deck_Warlord_Magus	2048	2048	1	uiwarlords_assets_all.bundle
UI_Deck_Warlord_Marneus Calgar	2048	2048	1	uiwarlords_assets_all.bundle
UI_Deck_Warlord_Medreyal Ghaelyn	2048	2048	1	uiwarlords_assets_all.bundle
UI_Deck_Warlord_Morvenn Vahl	2048	2048	1	uiwarlords_assets_all.bundle
UI_Deck_Warlord_Mozrog Skragbad	2048	2048	1	uiwarlords_assets_all.bundle
UI_Deck_Warlord_Nemesor Zahndrekh	2048	2048	1	uiwarlords_assets_all.bundle
UI_Deck_Warlord_Neurothrope	2048	2048	1	uiwarlords_assets_all.bundle
UI_Deck_Warlord_Njal Stormcaller	2048	2048	1	uiwarlords_assets_all.bundle
UI_Deck_Warlord_Orikan the Diviner	2048	2048	1	uiwarlords_assets_all.bundle
UI_Deck_Warlord_Ragnar Blackmane	2048	2048	1	uiwarlords_assets_all.bundle
UI_Deck_Warlord_Ramatekh	2048	2048	1	uiwarlords_assets_all.bundle
UI_Deck_Warlord_Saffa Rhiannor	2048	2048	1	uiwarlords_assets_all.bundle
UI_Deck_Warlord_Shadowsun	2048	2048	1	uiwarlords_assets_all.bundle
UI_Deck_Warlord_Swarmlord	2048	2048	1	uiwarlords_assets_all.bundle
UI_Deck_Warlord_Sylar Hexcorn	2048	2048	1	uiwarlords_assets_all.bundle
UI_Deck_Warlord_Tempestor Prime	2048	2048	1	uiwarlords_assets_all.bundle
UI_Deck_Warlord_Tervigon	2048	2048	1	uiwarlords_assets_all.bundle
UI_Deck_Warlord_Titus	2048	2048	1	uiwarlords_assets_all.bundle
UI_Deck_Warlord_Titus_AA_HB	2048	2048	1	uiwarlords_assets_all.bundle
UI_Deck_Warlord_Uriel Ventris	2048	2048	1	uiwarlords_assets_all.bundle
UI_Deck_Warlord_Ursula Creed	2048	2048	1	uiwarlords_assets_all.bundle
UI_Deck_Warlord_Ursula_AA_HB	2048	2048	1	uiwarlords_assets_all.bundle
UI_Deck_Warlord_Valius Paxor	2048	2048	1	uiwarlords_assets_all.bundle
UI_Deck_Warlord_Varro Tigurius	2048	2048	1	uiwarlords_assets_all.bundle
UI_Deck_Warlord_War Shaper	2048	2048	1	uiwarlords_assets_all.bundle
UI_Deck_Warlord_Winged Tyranid Prime	2048	2048	1	uiwarlords_assets_all.bundle
UI_PopUp_Campaigns Offers	1024	1024	1	liveopsmenuimages_assets_all.bundle
UM Guilliman Container 1x2	1024	1024	1	liveopsmenuimages_assets_all.bundle
UM_Raid_Background	2048	1024	1	liveopsmenuimages_assets_all.bundle
UM_strat_Assault Doctrine	1024	1024	1	spacemarinesultramarinescardassets_assets_all.bundle
UM_strat_Devastator Doctrine	1024	1024	1	spacemarinesultramarinescardassets_assets_all.bundle
UM_strat_Tactical Doctrine	1024	1024	1	spacemarinesultramarinescardassets_assets_all.bundle
Up Rays	128	256	1	duplicateassetisolation_assets_all.bundle
Uprising Icon VFX	128	128	8	battleprefabs_vfxandmisc_assets_all.bundle
Vanguard Frame Animation VAT_PositionTex	28	41	1	battleprefabs_vfxandmisc_assets_all.bundle
Vanguard Frame Animation VAT_RotationTex	14	41	1	battleprefabs_vfxandmisc_assets_all.bundle
Vanguard_emission	128	128	8	battleprefabs_vfxandmisc_assets_all.bundle
Vanguard_tex2	512	512	10	battleprefabs_vfxandmisc_assets_all.bundle
Vortex_1_Icon	256	256	9	battleprefabs_vfxandmisc_assets_all.bundle
WF 3D Card_Card 3D_BaseColor	512	512	10	battlesharedresources_assets_all.bundle
WF_Beast Snagga Expansion_KeyArt-GP-nologos	1920	1080	1	liveopsmenuimages_assets_all.bundle
WF_BlackFriday25_SuperBundle_full	1024	1024	1	specialofferscontentlocal_assets_all.bundle
WF_Booster Pack_Astra Militarum	1024	1024	1	boosterpacks_assets_all.bundle
WF_Booster Pack_Black Legion	1024	1024	1	boosterpacks_assets_all.bundle
WF_Booster Pack_Dark Angels	1024	1024	1	boosterpacks_assets_all.bundle
WF_Booster Pack_Emperors Children	1024	1024	1	boosterpacks_assets_all.bundle
WF_Booster Pack_Generic	1024	1024	1	boosterpacks_assets_all.bundle
WF_Booster Pack_Genestealer Cults	1024	1024	1	boosterpacks_assets_all.bundle
WF_Booster Pack_Goff Clan	1024	1024	1	boosterpacks_assets_all.bundle
WF_Booster Pack_Leviathan Hive Fleet	1024	1024	1	boosterpacks_assets_all.bundle
WF_Booster Pack_Orks_Beast Snagga	1024	1024	1	boosterpacks_assets_all.bundle
WF_Booster Pack_Saim Hann Craftworld	1024	1024	1	boosterpacks_assets_all.bundle
WF_Booster Pack_Sautekh Dinasty	1024	1024	1	boosterpacks_assets_all.bundle
WF_Booster Pack_Sororitas	1024	1024	1	boosterpacks_assets_all.bundle
WF_Booster Pack_Space Wolves	1024	1024	1	boosterpacks_assets_all.bundle
WF_Booster Pack_Tau Empire	1024	1024	1	boosterpacks_assets_all.bundle
WF_Booster Pack_UM_Guilliman	1024	1024	1	boosterpacks_assets_all.bundle
WF_Booster Pack_Ultramarines	1024	1024	1	boosterpacks_assets_all.bundle
WF_Campaign_Levelspot-Premium	256	256	1	menus_assets_all.bundle
WF_DA RF Drop_Keyart-GP-nologos	1920	1080	1	liveopsmenuimages_assets_all.bundle
WF_Dark Angels_Icon_Secret	512	512	10	battleprefabs_vfxandmisc_assets_all.bundle
WF_EC Keyart-GP-nologos	1920	1080	1	liveopsmenuimages_assets_all.bundle
WF_Filler_troop	1024	1024	1	duplicateassetisolation_assets_all.bundle
WF_Guilliman Keyart_showcase-GP-nologos	1920	1080	1	liveopsmenuimages_assets_all.bundle
WF_LoyalistVSTraitor_Ticket Bundle_full	316	739	1	specialofferscontentlocal_assets_all.bundle
WF_Raid_AM bg tiled	2048	1024	1	liveopsmenuimages_assets_all.bundle
WF_Raid_ASH bg tiled	2048	1024	1	liveopsmenuimages_assets_all.bundle
WF_Raid_ASH_2 bg tiled	2048	1024	1	liveopsmenuimages_assets_all.bundle
WF_Raid_Beast Snagga bg tiled	2048	1024	1	liveopsmenuimages_assets_all.bundle
WF_Raid_DA bg tiled	2048	1024	1	liveopsmenuimages_assets_all.bundle
WF_Raid_EC bg tiled	2048	1024	1	liveopsmenuimages_assets_all.bundle
WF_Raid_GSC bg tiled	2048	1024	1	liveopsmenuimages_assets_all.bundle
WF_Raid_SOR bg tiled	2048	1024	1	liveopsmenuimages_assets_all.bundle
WF_Raid_SW bg tiled	2048	1024	1	liveopsmenuimages_assets_all.bundle
WF_Raid_Tau bg kroot tiled	2048	1024	1	liveopsmenuimages_assets_all.bundle
WF_SW Keyart-GP-nologos	1920	1080	1	liveopsmenuimages_assets_all.bundle
WF_SaimHann RF2 Keyart-nologos	1920	1080	1	liveopsmenuimages_assets_all.bundle
WF_Shop_offer_Premium Raid	1024	1024	1	specialofferscontentlocal_assets_all.bundle
WF_icon_clock for shader	64	64	1	menus_assets_all.bundle
WarpStuff	512	512	10	duplicateassetisolation_assets_all.bundle
WaterFall	256	256	9	scenes_scenes_battlearena2.bundle
WaterRipplesParticle	256	256	9	battlesharedresources_assets_all.bundle
White Square	8	8	1	duplicateassetisolation_assets_all.bundle
Wispy Clouds	256	256	9	battlesharedresources_assets_all.bundle
Wrench	256	256	9	battleprefabs_vfxandmisc_assets_all.bundle
ah_twirl	256	256	9	battleprefabs_vfxandmisc_assets_all.bundle
air_sharpswirl	256	256	1	duplicateassetisolation_assets_all.bundle
blood	256	256	9	battleprefabs_vfxandmisc_assets_all.bundle
bubble	256	256	9	battleprefabs_vfxandmisc_assets_all.bundle
burst_puff	256	256	9	battleprefabs_vfxandmisc_assets_all.bundle
chestrays_mat	256	512	10	duplicateassetisolation_assets_all.bundle
drops_cloud	256	256	9	duplicateassetisolation_assets_all.bundle
drops_dripping	256	256	9	battleprefabs_vfxandmisc_assets_all.bundle
dust_1_t	512	512	10	battleprefabs_vfxandmisc_assets_all.bundle
dust_2_t	512	512	10	battleprefabs_vfxandmisc_assets_all.bundle
electricle	256	256	1	battleprefabs_vfxandmisc_assets_all.bundle
fighter jets	256	256	9	battlesharedresources_assets_all.bundle
fire1	128	128	1	battleprefabs_vfxandmisc_assets_all.bundle
fire_flame	128	128	8	battleprefabs_vfxandmisc_assets_all.bundle
flak1	128	128	1	battleprefabs_vfxandmisc_assets_all.bundle
flash1	256	256	9	battleprefabs_vfxandmisc_assets_all.bundle
fx_explosion	256	256	1	battleprefabs_vfxandmisc_assets_all.bundle
glowsphere01	256	256	9	duplicateassetisolation_assets_all.bundle
lava_rock	256	256	9	battleprefabs_vfxandmisc_assets_all.bundle
levelup_ring	512	512	10	duplicateassetisolation_assets_all.bundle
lightningtwirl	128	128	8	battleprefabs_vfxandmisc_assets_all.bundle
line	256	256	1	battlesharedresources_assets_all.bundle
necron_skull	128	128	8	battleprefabs_vfxandmisc_assets_all.bundle
rain_ripples	256	256	9	scenes_scenes_battlearenagenestealers.bundle
ring1	256	256	9	battleprefabs_vfxandmisc_assets_all.bundle
ring2	512	512	1	battleprefabs_vfxandmisc_assets_all.bundle
ring4	256	256	9	duplicateassetisolation_assets_all.bundle
ring_warp	512	512	10	duplicateassetisolation_assets_all.bundle
roundsmoothitem	512	512	1	battleprefabs_vfxandmisc_assets_all.bundle
sactx-0-1024x1024-BC7-Deck Selection Atlas Astra Militarum-5636858c	1024	1024	1	deckselectionbuttons_assets_all.bundle
sactx-0-1024x1024-BC7-Deck Selection Atlas Black Legion-dae4eb21	1024	1024	1	deckselectionbuttons_assets_all.bundle
sactx-0-1024x1024-BC7-Deck Selection Atlas Dark Angels-511a712e	1024	1024	1	deckselectionbuttons_assets_all.bundle
sactx-0-1024x1024-BC7-Deck Selection Atlas Emperors Children-188310a5	1024	1024	1	deckselectionbuttons_assets_all.bundle
sactx-0-1024x1024-BC7-Deck Selection Atlas Genestealers-b5c6ed4d	1024	1024	1	deckselectionbuttons_assets_all.bundle
sactx-0-1024x1024-BC7-Deck Selection Atlas Goff-6bf7b4a7	1024	1024	1	deckselectionbuttons_assets_all.bundle
sactx-0-1024x1024-BC7-Deck Selection Atlas Leviathan-d5b22636	1024	1024	1	deckselectionbuttons_assets_all.bundle
sactx-0-1024x1024-BC7-Deck Selection Atlas SaimHann-6436ab87	1024	1024	1	deckselectionbuttons_assets_all.bundle
sactx-0-1024x1024-BC7-Deck Selection Atlas Sautekh-8f6fde40	1024	1024	1	deckselectionbuttons_assets_all.bundle
sactx-0-1024x1024-BC7-Deck Selection Sororitas-3410d682	1024	1024	1	deckselectionbuttons_assets_all.bundle
sactx-0-1024x1024-BC7-Deck Selection Tau-0272de53	1024	1024	1	deckselectionbuttons_assets_all.bundle
sactx-0-1024x1024-BC7-Deck Selection Ultramarines-94ca3e2d	1024	1024	1	deckselectionbuttons_assets_all.bundle
sactx-0-1024x1024-Crunch-SocialMediaIconsAtlas-738433bd	1024	1024	1	atlasgroup_assets_all.bundle
sactx-0-1024x1024-DXT5|BC3-Draft Mode Atlas-f3b419d9	1024	1024	1	atlasgroup_assets_all.bundle
sactx-0-1024x1024-DXT5|BC3-Missions Atlas-7462919c	1024	1024	1	atlasgroup_assets_all.bundle
sactx-0-1024x512-BC7-Skull Particle icons-5e776a28	1024	512	1	battleprefabs_vfxandmisc_assets_all.bundle
sactx-0-1024x512-DXT5|BC3-Battle Debug Atlas-b47fa7c1	1024	512	1	battlesharedresources_assets_all.bundle
sactx-0-2048x1024-BC7-0_RewardsAtlas-3f5f537a	2048	1024	1	atlasgroup_assets_all.bundle
sactx-0-2048x1024-DXT5|BC3-Army Icons-8b1b6e77	2048	1024	1	armyicons_assets_all.bundle
sactx-0-2048x1024-DXT5|BC3-Offers Atlas-786dc0a7	2048	1024	1	liveopsmenuimages_assets_all.bundle
sactx-0-2048x2048-BC7-Army Medium Backgrounds-a5628248	2048	2048	1	atlasgroup_assets_all.bundle
sactx-0-2048x2048-BC7-BattleAtlasUI-06d3a381	2048	2048	1	atlasindividual_assets_battleatlasui.bundle
sactx-0-4096x2048-BC7-0_GeneralUI Atlas-7a9721b1	4096	2048	1	duplicateassetisolation_assets_all.bundle
sactx-0-4096x2048-BC7-0_MainMenu-77d61a47	4096	2048	1	atlasindividual_assets_0_mainmenu.bundle
sactx-0-512x512-BC7-Forge Icons-e386baf7	512	512	1	atlasgroup_assets_all.bundle
sactx-0-512x512-BC7-FriendsMenu-be8fb6ee	512	512	1	atlasgroup_assets_all.bundle
sactx-0-512x512-DXT5|BC3-Liveop Icons-b11043a2	512	512	1	liveopsicons_assets_all.bundle
shockwave	512	512	10	duplicateassetisolation_assets_all.bundle
smoke1	256	256	9	duplicateassetisolation_assets_all.bundle
smoke3	256	256	9	battleprefabs_vfxandmisc_assets_all.bundle
smoke_dark	256	256	9	battleprefabs_vfxandmisc_assets_all.bundle
smokeysteam	2048	2048	12	battlesharedresources_assets_all.bundle
spacemarine droppod	64	64	7	scenes_scenes_battlearena1.bundle
sparkle_blue 1	256	256	9	duplicateassetisolation_assets_all.bundle
stomp3	256	256	9	battleprefabs_vfxandmisc_assets_all.bundle
stomp3_sprite	512	512	1	battleprefabs_vfxandmisc_assets_all.bundle
trait_icon_Cruelty	80	80	1	battleprefabs_vfxandmisc_assets_all.bundle
trait_icon_Duty	256	256	1	battleprefabs_vfxandmisc_assets_all.bundle
trait_icon_Ecstasy	80	80	1	battleprefabs_vfxandmisc_assets_all.bundle
trait_icon_Regiment_v2	256	256	1	battleprefabs_vfxandmisc_assets_all.bundle
trait_icon_agenda	80	80	1	battleprefabs_vfxandmisc_assets_all.bundle
trait_icon_ambush	80	80	1	battleprefabs_vfxandmisc_assets_all.bundle
trait_icon_ferocity	80	80	1	battleprefabs_vfxandmisc_assets_all.bundle
trait_icon_oath	80	80	1	battleprefabs_vfxandmisc_assets_all.bundle
trait_icon_sentry	80	80	1	battleprefabs_vfxandmisc_assets_all.bundle
trait_icon_shuriken	80	80	1	battleprefabs_vfxandmisc_assets_all.bundle
trait_icon_stealth	80	80	1	battleprefabs_vfxandmisc_assets_all.bundle
trait_icon_stimulation	80	80	1	battleprefabs_vfxandmisc_assets_all.bundle
trait_icon_stomp	256	256	1	battleprefabs_vfxandmisc_assets_all.bundle
trait_icon_synapse	80	80	1	battleprefabs_vfxandmisc_assets_all.bundle
trait_icon_vulnerable	80	80	1	battleprefabs_vfxandmisc_assets_all.bundle
warp_tentacle	512	512	10	battleprefabs_vfxandmisc_assets_all.bundle
water	256	256	9	battleprefabs_vfxandmisc_assets_all.bundle
wispySmoke	1024	2048	1	battlesharedresources_assets_all.bundle
