00d582b5bab800844ab2ab109f54bee9	None	?	aeldarisaimhanncardanims_assets_all.bundle
01950c74083119f4a9562c3990f5040d	None	?	aeldarisaimhanncardanims_assets_all.bundle
06e716985dbc10c4086d89b02e112162	None	?	aeldarisaimhanncardanims_assets_all.bundle
0b053d490ea2df14894d76a29470e7b8	None	?	aeldarisaimhanncardanims_assets_all.bundle
0bf3aba63fdfd3f4797be94f11b58db8	None	?	aeldarisaimhanncardanims_assets_all.bundle
0fe9c099a57f5fb428f2e9731047336a	None	?	aeldarisaimhanncardanims_assets_all.bundle
12b73b4833858b34498778284e5a25db	None	?	aeldarisaimhanncardanims_assets_all.bundle
144b2147d562f4e4c8b454fa4ed4378a	None	?	aeldarisaimhanncardanims_assets_all.bundle
17989741f1073484ba7929b2bb52d9a0	None	?	aeldarisaimhanncardanims_assets_all.bundle
23f24b6d95be09946a29e5d26181b985	None	?	aeldarisaimhanncardanims_assets_all.bundle
2493822a0848ccd40810e221b8d92796	None	?	aeldarisaimhanncardanims_assets_all.bundle
254c3f0dca4666645a14ceee7f46c564	None	?	aeldarisaimhanncardanims_assets_all.bundle
26377fa9f45b6934c8490dcdf443c58e	None	?	aeldarisaimhanncardanims_assets_all.bundle
2d85de15a6b450e4e83eb89968ae1aea	None	?	aeldarisaimhanncardanims_assets_all.bundle
31c30db28c6ee6040a634f12630e36cd	None	?	aeldarisaimhanncardanims_assets_all.bundle
38a6f53a42f628a4e8ba9cc85fe2b2ad	None	?	aeldarisaimhanncardanims_assets_all.bundle
3b1a9918d77652846be6df7abb092ad6	None	?	aeldarisaimhanncardanims_assets_all.bundle
3d7dfcc6d1ba5464283bc04b16eb5787	None	?	aeldarisaimhanncardanims_assets_all.bundle
433d086e23ba6ed4ab7c5df511809c90	None	?	aeldarisaimhanncardanims_assets_all.bundle
48667b4d4d9fd1847880b7d5199f24fa	None	?	aeldarisaimhanncardanims_assets_all.bundle
4bd0c76e2dd58954a896ef5becc2b113	None	?	aeldarisaimhanncardanims_assets_all.bundle
4c1152ad3ff1244498e0eb0572469aee	None	?	aeldarisaimhanncardanims_assets_all.bundle
501a594c192019b4087b05b13e2bde8c	None	?	aeldarisaimhanncardanims_assets_all.bundle
53b132d82ccdc0b438accf31735c76f8	None	?	aeldarisaimhanncardanims_assets_all.bundle
55e8e778c8ee7fd4aa2bf79cf3312b9c	None	?	aeldarisaimhanncardanims_assets_all.bundle
5bb9a01f34dd83b48a71eb9aa21b51a3	None	?	aeldarisaimhanncardanims_assets_all.bundle
5d1d282cde1717a4c82bf4c1db91b421	None	?	aeldarisaimhanncardanims_assets_all.bundle
5f4e79a40ae3a434c9e916a57cc942cf	None	?	aeldarisaimhanncardanims_assets_all.bundle
6c4e04351887e95479082b4a74533038	None	?	aeldarisaimhanncardanims_assets_all.bundle
6e844317f5187164588854192204ba64	None	?	aeldarisaimhanncardanims_assets_all.bundle
6f204b72000dd8145af893eab7759c38	None	?	aeldarisaimhanncardanims_assets_all.bundle
7228bacf3cfd6e043b367171fd84f3fc	None	?	aeldarisaimhanncardanims_assets_all.bundle
73cfd7ef6af2a7a4db8bdcaa9db79448	None	?	aeldarisaimhanncardanims_assets_all.bundle
7461cade4b3790b4fb411204bf6857ec	None	?	aeldarisaimhanncardanims_assets_all.bundle
78ff98b3b5af12b42a6ce7d0863d3946	None	?	aeldarisaimhanncardanims_assets_all.bundle
7b21bd9325b5047469ed1a14a380db8c	None	?	aeldarisaimhanncardanims_assets_all.bundle
803536f25c843334ca1fdc09d42cf93e	None	?	aeldarisaimhanncardanims_assets_all.bundle
87e4313f34620b7408f9e54caa74adae	None	?	aeldarisaimhanncardanims_assets_all.bundle
8af95155e2f84944eb343a03d8569a1e	None	?	aeldarisaimhanncardanims_assets_all.bundle
8e616f5c8726cfe47a0467ef8366722e	None	?	aeldarisaimhanncardanims_assets_all.bundle
a0a1091e1e8a44c46a876c4467f2f37d	None	?	aeldarisaimhanncardanims_assets_all.bundle
a3eef686ecf1d224db0733b080f6b5b5	None	?	aeldarisaimhanncardanims_assets_all.bundle
a6faa440adb7dd94eb5151b8be580355	None	?	aeldarisaimhanncardanims_assets_all.bundle
aa976da29d4846649a1fba8caa4f3e05	None	?	aeldarisaimhanncardanims_assets_all.bundle
ad005cd45c74c99418f490e1f5b2c157	None	?	aeldarisaimhanncardanims_assets_all.bundle
b12c0f31203cc5742b74cc6dea9182a3	None	?	aeldarisaimhanncardanims_assets_all.bundle
b135f8cb4c28a1f4dbaf1845c148b8cd	None	?	aeldarisaimhanncardanims_assets_all.bundle
b277fe66b4df1464f883fdd34f4408bc	None	?	aeldarisaimhanncardanims_assets_all.bundle
bbd02bca2bd5d6c4dbf88f5d2971c119	None	?	aeldarisaimhanncardanims_assets_all.bundle
c15012068a1302a4f837e95967837bd5	None	?	aeldarisaimhanncardanims_assets_all.bundle
c81864e34e048624ea6256312951e13d	None	?	aeldarisaimhanncardanims_assets_all.bundle
ca76038f1800acb47a35aa66f61b6d14	None	?	aeldarisaimhanncardanims_assets_all.bundle
cbb26cd683f734f46a8c043143c66018	None	?	aeldarisaimhanncardanims_assets_all.bundle
cc61d807ec8234b3082ec764f07b4808	None	?	aeldarisaimhanncardanims_assets_all.bundle
cd968f606c91a56489d1dafd29e2ab55	None	?	aeldarisaimhanncardanims_assets_all.bundle
d1edea284c56e674ba5762a5d26723b0	None	?	aeldarisaimhanncardanims_assets_all.bundle
d46b815658980d240b842a05f3a42b87	None	?	aeldarisaimhanncardanims_assets_all.bundle
dd2a065837fc4894c9d1d7acf5e5c2b2	None	?	aeldarisaimhanncardanims_assets_all.bundle
dd35fee4c7731b44ebd0f15e68d99499	None	?	aeldarisaimhanncardanims_assets_all.bundle
df138b834086ffe43a025ca6ec25d46f	None	?	aeldarisaimhanncardanims_assets_all.bundle
e38c2ca58d6f30849b7449df3477f0d2	None	?	aeldarisaimhanncardanims_assets_all.bundle
eac7926f2b092b44aa99364df9eb4e54	None	?	aeldarisaimhanncardanims_assets_all.bundle
ef4d601ef5f27ac41ab9b7de98faa4d3	None	?	aeldarisaimhanncardanims_assets_all.bundle
f1eace0a6a98cba489110fd85c86e661	None	?	aeldarisaimhanncardanims_assets_all.bundle
f271b62a1b2dfc84887533519988b7d7	None	?	aeldarisaimhanncardanims_assets_all.bundle
f7348b635e6a0f148a692ba9a6376a38	None	?	aeldarisaimhanncardanims_assets_all.bundle
008b2df23284546f29acb83a7d8ea785	None	?	aeldarisaimhanncardassets_assets_all.bundle
016f27aafbbc7490bb23c914acd9debd	None	?	aeldarisaimhanncardassets_assets_all.bundle
038c613786b03482aaea30e603f67eed	None	?	aeldarisaimhanncardassets_assets_all.bundle
03c55abcadcbf413b8a8f988e6cdeda9	None	?	aeldarisaimhanncardassets_assets_all.bundle
06441394c01cf49bf9382336d08f3484	None	?	aeldarisaimhanncardassets_assets_all.bundle
06e038b7d5ace42f2ae3cbf2d16c2249	None	?	aeldarisaimhanncardassets_assets_all.bundle
07475ffaec3df400f94fea4d06050130	None	?	aeldarisaimhanncardassets_assets_all.bundle
07552de8ba551114e96ce064f0a95b1a	None	?	aeldarisaimhanncardassets_assets_all.bundle
0870f8cf083862b43afa27dd9e76af23	None	?	aeldarisaimhanncardassets_assets_all.bundle
09a47587398e4485fb1b6919cdec70ff	None	?	aeldarisaimhanncardassets_assets_all.bundle
0a61ccc4dbd8c4cbbae7f002bd96fe61	None	?	aeldarisaimhanncardassets_assets_all.bundle
0afb642475011d14296bcd53a380c34e	None	?	aeldarisaimhanncardassets_assets_all.bundle
0b25da0932e8c41589b14dfb1d372d2e	None	?	aeldarisaimhanncardassets_assets_all.bundle
0ba4630694d27428dac0a719fd47e4c4	None	?	aeldarisaimhanncardassets_assets_all.bundle
0c1e9be990ae0d14f8a0aaf9ddaf8213	None	?	aeldarisaimhanncardassets_assets_all.bundle
0ea1ab254a64345c5842bf5312926537	None	?	aeldarisaimhanncardassets_assets_all.bundle
0eaf9c5d76ce6154182484d1a0f98c71	None	?	aeldarisaimhanncardassets_assets_all.bundle
13001bce34a3f491f8525cec9a01405a	None	?	aeldarisaimhanncardassets_assets_all.bundle
1355edf197d00ce478c64d9007931053	None	?	aeldarisaimhanncardassets_assets_all.bundle
13998330d7a15804098acbdff8f9208a	None	?	aeldarisaimhanncardassets_assets_all.bundle
16a42638a73255f42b17cdc89ef3eede	None	?	aeldarisaimhanncardassets_assets_all.bundle
173c1cd3c6c8f436fb03d968a3206d60	None	?	aeldarisaimhanncardassets_assets_all.bundle
17c728bfca200431eb465c52d14e6136	None	?	aeldarisaimhanncardassets_assets_all.bundle
185a665b13f2a48c7a19608bdeec207d	None	?	aeldarisaimhanncardassets_assets_all.bundle
18e274b53e21444989d2a0a8fbf5acae	None	?	aeldarisaimhanncardassets_assets_all.bundle
1903ab9524e6947eb99c2b6fd5dedf2d	None	?	aeldarisaimhanncardassets_assets_all.bundle
19c90404f909c4f1990bafde95c869c0	None	?	aeldarisaimhanncardassets_assets_all.bundle
1aa01a0043e8c4832935a16e817bc9ef	None	?	aeldarisaimhanncardassets_assets_all.bundle
1af80da7d6d5e4b55951caf06897b43c	None	?	aeldarisaimhanncardassets_assets_all.bundle
1b7da86b47be5d445937c589f257ecab	None	?	aeldarisaimhanncardassets_assets_all.bundle
1d881fbefc574473c8613084fee363e7	None	?	aeldarisaimhanncardassets_assets_all.bundle
1e2a8936408e54ce09a6bd13b199ec0d	None	?	aeldarisaimhanncardassets_assets_all.bundle
1fedee027514740cb8426a41496eca4d	None	?	aeldarisaimhanncardassets_assets_all.bundle
21eacecf1c86a49329fb6465d84fc42b	None	?	aeldarisaimhanncardassets_assets_all.bundle
228bd4823a9b8d84bbd9e36005019394	None	?	aeldarisaimhanncardassets_assets_all.bundle
22be22c51511b0a44b2fdb0fbbcbb54a	None	?	aeldarisaimhanncardassets_assets_all.bundle
23ab77be951a941a3a3f0a5b4c861ab1	None	?	aeldarisaimhanncardassets_assets_all.bundle
241938861f367486b83add9630880700	None	?	aeldarisaimhanncardassets_assets_all.bundle
24f7836c5d83a4b0fbae326bf9970c7c	None	?	aeldarisaimhanncardassets_assets_all.bundle
255617a9c62964c569827383a6119058	None	?	aeldarisaimhanncardassets_assets_all.bundle
265be08c8b9f94a1eb13487c07a6aa37	None	?	aeldarisaimhanncardassets_assets_all.bundle
268a79e5c768d44ce907d6fcf19a21ba	None	?	aeldarisaimhanncardassets_assets_all.bundle
2694b8bde3a196f4cbbc2d4771eae171	None	?	aeldarisaimhanncardassets_assets_all.bundle
2782e3e8b453844b9a8c2f4e4c8013a1	None	?	aeldarisaimhanncardassets_assets_all.bundle
287cfb3297b9840e1b52951e554d29a4	None	?	aeldarisaimhanncardassets_assets_all.bundle
289835ff1af9b4f309df39dd4372eb57	None	?	aeldarisaimhanncardassets_assets_all.bundle
28d25d5fec19544709b2b49e0ff581ad	None	?	aeldarisaimhanncardassets_assets_all.bundle
2977a95a61c024d2cb875433700af0ff	None	?	aeldarisaimhanncardassets_assets_all.bundle
2a9445abf08f03d429c794d94da94240	None	?	aeldarisaimhanncardassets_assets_all.bundle
2b5cc8343d6264c09bc6ddeca3e68972	None	?	aeldarisaimhanncardassets_assets_all.bundle
2c488d4e7bea43149a494bd3ad8cdfb9	None	?	aeldarisaimhanncardassets_assets_all.bundle
2cae5e8d09dc96a4eb07d59bc967cd0b	None	?	aeldarisaimhanncardassets_assets_all.bundle
2cd243d0cd2fa44d2bf47a70dd962d42	None	?	aeldarisaimhanncardassets_assets_all.bundle
2d098a33cc0a844129b97227a233be7c	None	?	aeldarisaimhanncardassets_assets_all.bundle
2df22d31eba5747909550b3091a9b68f	None	?	aeldarisaimhanncardassets_assets_all.bundle
2fb70e966f1f1450bafc5681775c19f0	None	?	aeldarisaimhanncardassets_assets_all.bundle
2ff6cdba76a1f4d4ab61fccc0bfa3502	None	?	aeldarisaimhanncardassets_assets_all.bundle
32b83b54498044caaaaeda603f7c3022	None	?	aeldarisaimhanncardassets_assets_all.bundle
32ea3b09e18684e68a8c6460aae4466c	None	?	aeldarisaimhanncardassets_assets_all.bundle
332a51636dda6284ba24c784057d7326	None	?	aeldarisaimhanncardassets_assets_all.bundle
363afab51b0cf4a448b964000c60a264	None	?	aeldarisaimhanncardassets_assets_all.bundle
366fabb0067e244cd9830f7ae9853017	None	?	aeldarisaimhanncardassets_assets_all.bundle
377797946f8ac43f5a5e74fe482f131a	None	?	aeldarisaimhanncardassets_assets_all.bundle
387d42b964c994f9bba18d1cc2dc0b44	None	?	aeldarisaimhanncardassets_assets_all.bundle
3883b4a267bcf40968697e6efeb8dba0	None	?	aeldarisaimhanncardassets_assets_all.bundle
395478eedea79a24e8b561ad546b237f	None	?	aeldarisaimhanncardassets_assets_all.bundle
39d10fa1e786a4dcca23ecf59378258a	None	?	aeldarisaimhanncardassets_assets_all.bundle
39dd98ec687354d489cab32e7690c5db	None	?	aeldarisaimhanncardassets_assets_all.bundle
3a1cfaec0a9265e4f8cdca755bf1bd22	None	?	aeldarisaimhanncardassets_assets_all.bundle
3a268242fcdd945c2a75973a34e09fb3	None	?	aeldarisaimhanncardassets_assets_all.bundle
3c16c9a99098646c0a4b90f5c32463c7	None	?	aeldarisaimhanncardassets_assets_all.bundle
3c2f7b7c8cdf043d2a1a71696f73c5f3	None	?	aeldarisaimhanncardassets_assets_all.bundle
3c6b21f4e6067407baf277d06a524f86	None	?	aeldarisaimhanncardassets_assets_all.bundle
3d339fcafcd5a4c308506c02b86e7b15	None	?	aeldarisaimhanncardassets_assets_all.bundle
3d664e0987184477197fefa571d1bb59	None	?	aeldarisaimhanncardassets_assets_all.bundle
3f4f93ead85a44017ab83e264d26f4ac	None	?	aeldarisaimhanncardassets_assets_all.bundle
40de23159c9914c789ffd6895ed25be8	None	?	aeldarisaimhanncardassets_assets_all.bundle
416439d14aa784618b3e64f73496b56a	None	?	aeldarisaimhanncardassets_assets_all.bundle
4308c625f41a24ce5924c3ac7a2d9a0a	None	?	aeldarisaimhanncardassets_assets_all.bundle
43a5359d203da17449a0a02570e6f591	None	?	aeldarisaimhanncardassets_assets_all.bundle
448a961ac07fd4f0f98ce5c63cccdf6f	None	?	aeldarisaimhanncardassets_assets_all.bundle
475b4de34fbf399459e4ea487bad8419	None	?	aeldarisaimhanncardassets_assets_all.bundle
476bb17c3e7e9404dbf7e0ad92d8991f	None	?	aeldarisaimhanncardassets_assets_all.bundle
477fce8bd261c6c40bbebed4a2bf05d9	None	?	aeldarisaimhanncardassets_assets_all.bundle
486e62ae9330844be92479e1fa40f8ac	None	?	aeldarisaimhanncardassets_assets_all.bundle
49ab313ff3228437b86f67c668f0969a	None	?	aeldarisaimhanncardassets_assets_all.bundle
4a1490005814a4f498a3ed0db2ff0cf8	None	?	aeldarisaimhanncardassets_assets_all.bundle
4a2f30e8412bf400ea1911bf54829d20	None	?	aeldarisaimhanncardassets_assets_all.bundle
4a3b5b9752e234c55bb468fa124a9bb0	None	?	aeldarisaimhanncardassets_assets_all.bundle
4a64c43ad70d44add9bbb91ff760c69d	None	?	aeldarisaimhanncardassets_assets_all.bundle
4cb4b3f593e1b454d8658395bffc8bbe	None	?	aeldarisaimhanncardassets_assets_all.bundle
4d0167882af08e24498c4067254808e8	None	?	aeldarisaimhanncardassets_assets_all.bundle
4f753608c2817074eb2c2458c229609c	None	?	aeldarisaimhanncardassets_assets_all.bundle
515af670ddfb54545a40339f5a2b5325	None	?	aeldarisaimhanncardassets_assets_all.bundle
51765623eee4da94495b6abc862c70e7	None	?	aeldarisaimhanncardassets_assets_all.bundle
53cbcef3109324ae09a2c0f2047185e5	None	?	aeldarisaimhanncardassets_assets_all.bundle
549afb06e6a02734ea232670ff654d77	None	?	aeldarisaimhanncardassets_assets_all.bundle
5833e5d05ffa14f4c95e78697ee0fcb7	None	?	aeldarisaimhanncardassets_assets_all.bundle
58b8e724af6e044aba4ea42f0368f7f6	None	?	aeldarisaimhanncardassets_assets_all.bundle
591239ea5b7e7449ab5af40578b08415	None	?	aeldarisaimhanncardassets_assets_all.bundle
5a13a78e438a4ba40a8b2b872a35d9be	None	?	aeldarisaimhanncardassets_assets_all.bundle
5a5e80f171a924c4196bf3b9ca2d01b7	None	?	aeldarisaimhanncardassets_assets_all.bundle
5b3bd6838e8a0bf42ae7ef2f69690b85	None	?	aeldarisaimhanncardassets_assets_all.bundle
5d4937133e286b2448573d2c849f3402	None	?	aeldarisaimhanncardassets_assets_all.bundle
5ded8189f92a947269d69d52be1fae85	None	?	aeldarisaimhanncardassets_assets_all.bundle
61cc022f35c4b417eb0ec7f5a913f1c5	None	?	aeldarisaimhanncardassets_assets_all.bundle
62379f41524dd47b39946b8f1f20eb82	None	?	aeldarisaimhanncardassets_assets_all.bundle
62c58437b2fb6a14594be7ec6489bbd8	None	?	aeldarisaimhanncardassets_assets_all.bundle
63d87ce276fc84358ab6f67d8a178842	None	?	aeldarisaimhanncardassets_assets_all.bundle
67142b9f639644aa78c491c3af1d9ffc	None	?	aeldarisaimhanncardassets_assets_all.bundle
68403930e1c9ad744b966ad3e908c410	None	?	aeldarisaimhanncardassets_assets_all.bundle
68641e15716aa46e39ce9fba40063519	None	?	aeldarisaimhanncardassets_assets_all.bundle
6a2f9707047e6d442b2247b21fa9d4ae	None	?	aeldarisaimhanncardassets_assets_all.bundle
6b0eeca0a2473b14d9db163706c04ddf	None	?	aeldarisaimhanncardassets_assets_all.bundle
6bc8c37e680bd4fbfa73d6e14fc2c17a	None	?	aeldarisaimhanncardassets_assets_all.bundle
6c1b53aaa80eb47e196ae0334350d208	None	?	aeldarisaimhanncardassets_assets_all.bundle
6d4b7f12949d1634b91ed8dca06d34fd	None	?	aeldarisaimhanncardassets_assets_all.bundle
6df5f58cebcf1499199d645eda1bc04f	None	?	aeldarisaimhanncardassets_assets_all.bundle
6e07609b2c574b14f9a8e0ff51f28fa0	None	?	aeldarisaimhanncardassets_assets_all.bundle
6f22b49758ccb44e5a4f5eedde863bff	None	?	aeldarisaimhanncardassets_assets_all.bundle
6f7024d999ec34c0b87e4f5e9a5deea8	None	?	aeldarisaimhanncardassets_assets_all.bundle
716826073b15344ab9405216bc7ffda8	None	?	aeldarisaimhanncardassets_assets_all.bundle
7265b7c57eb784345abacbfe1ce887a6	None	?	aeldarisaimhanncardassets_assets_all.bundle
729a7e90730ea4b8086ec886460d54d3	None	?	aeldarisaimhanncardassets_assets_all.bundle
732c75c7096d242238adb911464a48c9	None	?	aeldarisaimhanncardassets_assets_all.bundle
76ee8fd1c85c3446ea02a42a874b3c17	None	?	aeldarisaimhanncardassets_assets_all.bundle
7831af64723f1497688720e9a2f7c901	None	?	aeldarisaimhanncardassets_assets_all.bundle
7a2071d0c5b78440092bedc4af5baa71	None	?	aeldarisaimhanncardassets_assets_all.bundle
7a9597b8cfd0541f0a15781469003270	None	?	aeldarisaimhanncardassets_assets_all.bundle
7d16192dcc41240a18d43e13b04ce0c6	None	?	aeldarisaimhanncardassets_assets_all.bundle
7e2e1d713d70a411ebcc18a9f62cafe3	None	?	aeldarisaimhanncardassets_assets_all.bundle
7e5319265378c4b2495f5030e345f854	None	?	aeldarisaimhanncardassets_assets_all.bundle
7ea1127855c0b473c88824e7859baf21	None	?	aeldarisaimhanncardassets_assets_all.bundle
7f6138a3d17434e408f41adca4845592	None	?	aeldarisaimhanncardassets_assets_all.bundle
7fc7160ce511644b783aa36ba286bc7a	None	?	aeldarisaimhanncardassets_assets_all.bundle
8036842861b58d642b5075bcb320c172	None	?	aeldarisaimhanncardassets_assets_all.bundle
851534249a4e64d9ea0215dd8fb6a8ef	None	?	aeldarisaimhanncardassets_assets_all.bundle
859cb163c59c1459da4e0d55233ca517	None	?	aeldarisaimhanncardassets_assets_all.bundle
85d46821b01c640e9809efe6554d3d0d	None	?	aeldarisaimhanncardassets_assets_all.bundle
865d01566c9dc4b1b8182026416b6b17	None	?	aeldarisaimhanncardassets_assets_all.bundle
8701ed9b044db4c059159c81e97280e8	None	?	aeldarisaimhanncardassets_assets_all.bundle
872c4a4fdada64a12bc2dd7e57657e68	None	?	aeldarisaimhanncardassets_assets_all.bundle
893526ad099c94d46adcb4ccf5f8e355	None	?	aeldarisaimhanncardassets_assets_all.bundle
8940c566c8f90481ab1e9437d1783198	None	?	aeldarisaimhanncardassets_assets_all.bundle
899459d1e1a2549c18944cf3e136c3af	None	?	aeldarisaimhanncardassets_assets_all.bundle
89d1ddaa963564d5d8efe572896b7f47	None	?	aeldarisaimhanncardassets_assets_all.bundle
8b0ae2ec0961541189eb7322312075e7	None	?	aeldarisaimhanncardassets_assets_all.bundle
8b105ca8087ec4bb78c4497e9322e1e0	None	?	aeldarisaimhanncardassets_assets_all.bundle
8c53a725d8a664d39814be59d40abdb5	None	?	aeldarisaimhanncardassets_assets_all.bundle
8c80c26f977d2410fbc9cf27a99b2fc8	None	?	aeldarisaimhanncardassets_assets_all.bundle
8c93e16a8ebaf4098814dd1df308e931	None	?	aeldarisaimhanncardassets_assets_all.bundle
9021b01022b874975b920a3f21e86d73	None	?	aeldarisaimhanncardassets_assets_all.bundle
91ff76bca5a574dc9867052dab296568	None	?	aeldarisaimhanncardassets_assets_all.bundle
9359232215700478cb37acabee41b0fc	None	?	aeldarisaimhanncardassets_assets_all.bundle
9526ed32831e4e04a864b276db3f52ad	None	?	aeldarisaimhanncardassets_assets_all.bundle
96786a266638b495fb463073d64511ce	None	?	aeldarisaimhanncardassets_assets_all.bundle
98246b3f306777848866bc339eb95150	None	?	aeldarisaimhanncardassets_assets_all.bundle
98311da2b318b4e809e49b97763b4c4e	None	?	aeldarisaimhanncardassets_assets_all.bundle
9908e4c64cf5c434785be05098d78e73	None	?	aeldarisaimhanncardassets_assets_all.bundle
99e5fbc0ef05c9a41a128a747097857f	None	?	aeldarisaimhanncardassets_assets_all.bundle
9a68a66a537e840429aa6059fd327eb0	None	?	aeldarisaimhanncardassets_assets_all.bundle
9b494030f268e4ef7b0c30ee0e28542e	None	?	aeldarisaimhanncardassets_assets_all.bundle
9bc14d5c06cb34a4da2618c395033f81	None	?	aeldarisaimhanncardassets_assets_all.bundle
9ffe6ee77ef9844a1872bb370d032822	None	?	aeldarisaimhanncardassets_assets_all.bundle
a061c5cbd11ed495e84602abfe7fbe4c	None	?	aeldarisaimhanncardassets_assets_all.bundle
a0d4e46c4242c497a9f9a4050a66433a	None	?	aeldarisaimhanncardassets_assets_all.bundle
a106729e7f075c447a68e1781e92cdd2	None	?	aeldarisaimhanncardassets_assets_all.bundle
a15434f17648b498bb0ccd9ad544db36	None	?	aeldarisaimhanncardassets_assets_all.bundle
a3335c71c54534ed6a5a387a8212c173	None	?	aeldarisaimhanncardassets_assets_all.bundle
a4318454ee8b04b9e8a5204722336403	None	?	aeldarisaimhanncardassets_assets_all.bundle
a4730dbb473af9242866074f63097a8b	None	?	aeldarisaimhanncardassets_assets_all.bundle
a686e8e8ef39e423aa94d4561fef6b36	None	?	aeldarisaimhanncardassets_assets_all.bundle
a7c70841c2b8844cfa22303b8199aee1	None	?	aeldarisaimhanncardassets_assets_all.bundle
a82750a4c53b49f45a60788ffb374eff	None	?	aeldarisaimhanncardassets_assets_all.bundle
a8b4c9b7723be4e3ca1de400f2531d2b	None	?	aeldarisaimhanncardassets_assets_all.bundle
a94b26937bdfe40f19c0fd6324d0bd4a	None	?	aeldarisaimhanncardassets_assets_all.bundle
aae32acf794f04fc181efc6a530913e0	None	?	aeldarisaimhanncardassets_assets_all.bundle
ab7d8da397cf9eb43802a0a3601e4f81	None	?	aeldarisaimhanncardassets_assets_all.bundle
acfc61da88973ed48849b71fd59abd31	None	?	aeldarisaimhanncardassets_assets_all.bundle
ad8eeaf262e054537a1d0123c1d63e3c	None	?	aeldarisaimhanncardassets_assets_all.bundle
ae0b20221b86443deaa508922689c070	None	?	aeldarisaimhanncardassets_assets_all.bundle
ae108e91aa8a74b689648bc2797ba34e	None	?	aeldarisaimhanncardassets_assets_all.bundle
b04a1ead7184c4bf7b4f73eb478c07e8	None	?	aeldarisaimhanncardassets_assets_all.bundle
b339f8f718f7fb441bb02aaffb464eb5	None	?	aeldarisaimhanncardassets_assets_all.bundle
b3b6b0feda13858418133b7d857584fa	None	?	aeldarisaimhanncardassets_assets_all.bundle
b4a21837b806d1d448a46e528331127c	None	?	aeldarisaimhanncardassets_assets_all.bundle
b4e8e658f8ae7cd429e1c43cd4ca5c11	None	?	aeldarisaimhanncardassets_assets_all.bundle
b6162dcd5593247e38b8c99dac70f6c2	None	?	aeldarisaimhanncardassets_assets_all.bundle
b664200fd6de6c54b97c31ef3891f6a4	None	?	aeldarisaimhanncardassets_assets_all.bundle
b75a34f08ecb942438a1e48fddff6031	None	?	aeldarisaimhanncardassets_assets_all.bundle
b85eeecbb6de84e3d9f51346f8f5cef5	None	?	aeldarisaimhanncardassets_assets_all.bundle
b8ee9d31536ec4dcc9ef6e1331cc6cdc	None	?	aeldarisaimhanncardassets_assets_all.bundle
baad9f5ae050e467185bbcf32761e5fc	None	?	aeldarisaimhanncardassets_assets_all.bundle
bb6b7766e06e84c7792af790e1df5445	None	?	aeldarisaimhanncardassets_assets_all.bundle
bbe0bdeff5ed540b18cde3a92cc9f4a6	None	?	aeldarisaimhanncardassets_assets_all.bundle
bd62765ffa72e4d2eb54923851848615	None	?	aeldarisaimhanncardassets_assets_all.bundle
be47692b35af846c3ab690083a1524df	None	?	aeldarisaimhanncardassets_assets_all.bundle
bf70b7cc5425640699858b88fa1a66bd	None	?	aeldarisaimhanncardassets_assets_all.bundle
c15a88e4332ea4667a4368289120cb67	None	?	aeldarisaimhanncardassets_assets_all.bundle
c30d8be21c85f47e8a24d9ecef8dea35	None	?	aeldarisaimhanncardassets_assets_all.bundle
c3727d88e1ad7417db1ba6630345206b	None	?	aeldarisaimhanncardassets_assets_all.bundle
c497a5d048a735f44aacc8aa945c21ad	None	?	aeldarisaimhanncardassets_assets_all.bundle
c49b87daf274b40d9a041c1a4a2d1b4a	None	?	aeldarisaimhanncardassets_assets_all.bundle
c5d79ebcce1a4455489015c34d480ddd	None	?	aeldarisaimhanncardassets_assets_all.bundle
c5ea9260824554fd483966938410536a	None	?	aeldarisaimhanncardassets_assets_all.bundle
c63cc9c99c17d417194842f03e56f40c	None	?	aeldarisaimhanncardassets_assets_all.bundle
c69bf5007d13d42e3bc7eb28e4a76885	None	?	aeldarisaimhanncardassets_assets_all.bundle
c90b2aba1889c4b44b2c859800d2c600	None	?	aeldarisaimhanncardassets_assets_all.bundle
c93d7fcf87ad14f4c8132b414be90ecd	None	?	aeldarisaimhanncardassets_assets_all.bundle
c944d45325fb74292aad22cd87f89e45	None	?	aeldarisaimhanncardassets_assets_all.bundle
c9f04f0716c1ae441a48f695c4b7b220	None	?	aeldarisaimhanncardassets_assets_all.bundle
cac17cf453d1e594d95555e7606cbe7c	None	?	aeldarisaimhanncardassets_assets_all.bundle
cbbb50a8bba3143c2aee477eb54db81e	None	?	aeldarisaimhanncardassets_assets_all.bundle
cc56a526df346d54695580c271f4f9f6	None	?	aeldarisaimhanncardassets_assets_all.bundle
ce010c9d7af2c874d8dc2aba46610cf4	None	?	aeldarisaimhanncardassets_assets_all.bundle
cfcea8c16fe254407b04c75b4cbb8f3a	None	?	aeldarisaimhanncardassets_assets_all.bundle
d060b3221c7744da6a268c21c5c07bfb	None	?	aeldarisaimhanncardassets_assets_all.bundle
d12a7f52e861b48faa8756982f3c1e55	None	?	aeldarisaimhanncardassets_assets_all.bundle
d137d77ecc84b42d7a389d15f3c9427c	None	?	aeldarisaimhanncardassets_assets_all.bundle
d25c44f31855d49199c9969ad35d97bc	None	?	aeldarisaimhanncardassets_assets_all.bundle
d2cab1d8eca84428a9019dc597605cab	None	?	aeldarisaimhanncardassets_assets_all.bundle
d46f13df946c94b7db7bb0171f5f6d07	None	?	aeldarisaimhanncardassets_assets_all.bundle
d4ac5dce90ab34ea0a3779b66f4ecda7	None	?	aeldarisaimhanncardassets_assets_all.bundle
d5463ef3ec811481597ec31b6f6b4762	None	?	aeldarisaimhanncardassets_assets_all.bundle
d63371e292eca7f4ca6f9c9fdaa34509	None	?	aeldarisaimhanncardassets_assets_all.bundle
d68184d3ca5994516acf6bcf49405068	None	?	aeldarisaimhanncardassets_assets_all.bundle
d7f1a553c2f0440049a90983182866de	None	?	aeldarisaimhanncardassets_assets_all.bundle
d83703d7186914cf381e58f32f56d50f	None	?	aeldarisaimhanncardassets_assets_all.bundle
d83faf00889cb4dc5b679a78e1d81dc1	None	?	aeldarisaimhanncardassets_assets_all.bundle
d8c937ca45f1d46d494b9b75fe2b8ddf	None	?	aeldarisaimhanncardassets_assets_all.bundle
d902d9e2952de49a5b9a3c1dacf4f0f9	None	?	aeldarisaimhanncardassets_assets_all.bundle
d9030838fe5c54305ac0dd55c19793ee	None	?	aeldarisaimhanncardassets_assets_all.bundle
db992ca17d4c15e49975ed68dc27fcf7	None	?	aeldarisaimhanncardassets_assets_all.bundle
dbd131420e94c4f2dbaaab8e9cd086ca	None	?	aeldarisaimhanncardassets_assets_all.bundle
de5cf219f56a7459e942eb6c0e80741d	None	?	aeldarisaimhanncardassets_assets_all.bundle
dedbed3d070f59a4294f8d26562f5071	None	?	aeldarisaimhanncardassets_assets_all.bundle
df1b3e863791d4b548645e94967d0cda	None	?	aeldarisaimhanncardassets_assets_all.bundle
df3bbcced205e4e31b6c007b61196223	None	?	aeldarisaimhanncardassets_assets_all.bundle
dfcc32ed8b1314d2c8c3559b68959b7f	None	?	aeldarisaimhanncardassets_assets_all.bundle
e13328a6bc06c4dbba742510e22a6287	None	?	aeldarisaimhanncardassets_assets_all.bundle
e17ec8cc6b9f471458ecd7b564882d3b	None	?	aeldarisaimhanncardassets_assets_all.bundle
e312dfc422eb84102ade5348f58858a5	None	?	aeldarisaimhanncardassets_assets_all.bundle
e82b3b78329904f62995b0d867289735	None	?	aeldarisaimhanncardassets_assets_all.bundle
e8381420b7787481d80a2d5b43b8afaf	None	?	aeldarisaimhanncardassets_assets_all.bundle
e94ac5011351f46ed933ccdcc4bf4833	None	?	aeldarisaimhanncardassets_assets_all.bundle
eab7df9ae65614958848da7c0fe776f3	None	?	aeldarisaimhanncardassets_assets_all.bundle
ebc0d75482b9c4d688393d9a52844fa2	None	?	aeldarisaimhanncardassets_assets_all.bundle
ecd590303c92c4a9c8d446ce26546573	None	?	aeldarisaimhanncardassets_assets_all.bundle
ed35802b537ea45048d13e6d53fd97b5	None	?	aeldarisaimhanncardassets_assets_all.bundle
eda25622828197c4ba9d2cf74fcc9861	None	?	aeldarisaimhanncardassets_assets_all.bundle
efbc3306d52b75d43bca292fb7f288ec	None	?	aeldarisaimhanncardassets_assets_all.bundle
f167dda60a48b43f689b17f84c0db7ca	None	?	aeldarisaimhanncardassets_assets_all.bundle
f293accf40cf24591a1e6f90404481cc	None	?	aeldarisaimhanncardassets_assets_all.bundle
f327a2a7061c04880923cee191cac577	None	?	aeldarisaimhanncardassets_assets_all.bundle
f3428f140078a451eb660c81100453f5	None	?	aeldarisaimhanncardassets_assets_all.bundle
f42e5376e26ff410c858b79913005baa	None	?	aeldarisaimhanncardassets_assets_all.bundle
f43c7700c67f94a7ca2e651d4d1ae35b	None	?	aeldarisaimhanncardassets_assets_all.bundle
f5d6f8bc4b1df412bac0b90068a27fcb	None	?	aeldarisaimhanncardassets_assets_all.bundle
f7a2d412281684d55ba2ce73ff5f3a09	None	?	aeldarisaimhanncardassets_assets_all.bundle
f7ac1342f94e24af6b1e06868b674597	None	?	aeldarisaimhanncardassets_assets_all.bundle
f9cedb2e368334d849b3c7c142e23b6b	None	?	aeldarisaimhanncardassets_assets_all.bundle
f9ef13e82ff49476a95ca45a1834f8ce	None	?	aeldarisaimhanncardassets_assets_all.bundle
fb1c09fddaefb4e69ac29f7e33aa7ae1	None	?	aeldarisaimhanncardassets_assets_all.bundle
fbb3ab601f648450c93ad94ddbd3d424	None	?	aeldarisaimhanncardassets_assets_all.bundle
fe294304eb2594b27b7b88255e076009	None	?	aeldarisaimhanncardassets_assets_all.bundle
fe89356b360de4817a830bdd696d01c5	None	?	aeldarisaimhanncardassets_assets_all.bundle
ff464fe5943e5a74fb5b3b8688bd5980	None	?	aeldarisaimhanncardassets_assets_all.bundle
0aa90b9fcb45db44fa94051a110dccaf	None	?	alliancesbadgesimages_assets_all.bundle
12d7cba3769fd4b138c6553a346f86c7	None	?	alliancesbadgesimages_assets_all.bundle
14351789bea4adc4da18e73a9b36aa5c	None	?	alliancesbadgesimages_assets_all.bundle
18a4c0df52b3d8a49a397fbd4112da73	None	?	alliancesbadgesimages_assets_all.bundle
19698e90858ed4247b679e1f404d9498	None	?	alliancesbadgesimages_assets_all.bundle
22d281e2a8bcd814eb86896d0d8b1a3e	None	?	alliancesbadgesimages_assets_all.bundle
2a823f4316cefd448963288be3284d0a	None	?	alliancesbadgesimages_assets_all.bundle
364a71022c7d3484c8a1f90a46836e4f	None	?	alliancesbadgesimages_assets_all.bundle
37730ad9387031145b82833092330a42	None	?	alliancesbadgesimages_assets_all.bundle
4454f2f827fbfa748923e218c4035681	None	?	alliancesbadgesimages_assets_all.bundle
48ef4f94941b349ccb0185075e140525	None	?	alliancesbadgesimages_assets_all.bundle
64a321e4efc70914f9905a70b9f9643a	None	?	alliancesbadgesimages_assets_all.bundle
78bdcffeb7335544884ec50183580419	None	?	alliancesbadgesimages_assets_all.bundle
9b6a86d64cce9413aa03651e7e5dc414	None	?	alliancesbadgesimages_assets_all.bundle
a3186d14f0e614ec586b97c2ee7db6bd	None	?	alliancesbadgesimages_assets_all.bundle
abd1e5cab052b734494382600c76453b	None	?	alliancesbadgesimages_assets_all.bundle
b321812b9e4727547be248926b2bca3a	None	?	alliancesbadgesimages_assets_all.bundle
ca4b0412e76f6b240af7ff4b07d5a990	None	?	alliancesbadgesimages_assets_all.bundle
dc632b392a6b37646b2bd419afb7e291	None	?	alliancesbadgesimages_assets_all.bundle
e19541b332314bd49a72caa79ceb0d8d	None	?	alliancesbadgesimages_assets_all.bundle
e858b047ef4734fe6b56dcaf75e777d4	None	?	alliancesbadgesimages_assets_all.bundle
fb991d86f45aa3a4d925ceaf3b77351d	None	?	alliancesbadgesimages_assets_all.bundle
0fd3771d3c2894433a18ec20533bdf1a	None	?	armycursors_assets_all.bundle
10752303384da416082192355d687f80	None	?	armycursors_assets_all.bundle
1d2178e9d28e349388a77cf092a9d14f	None	?	armycursors_assets_all.bundle
39418a4163c494a9691adc9b655d7874	None	?	armycursors_assets_all.bundle
41db3e7c13fcb4fd28286ba4e3a5684d	None	?	armycursors_assets_all.bundle
4464f9a79022841e4b999b530b1fa443	None	?	armycursors_assets_all.bundle
4af5b5577106942b8857272b1ebcdb7a	None	?	armycursors_assets_all.bundle
517e9f701479a4745a9cbba3dcc74d08	None	?	armycursors_assets_all.bundle
6b21dc273a0b5422198a63bbb64f46f1	None	?	armycursors_assets_all.bundle
763d15735f3bf4c7094e53fa6cdbbea5	None	?	armycursors_assets_all.bundle
7f977d48a713f48faa8f4a1babbebebe	None	?	armycursors_assets_all.bundle
93c2b23cddff7427d82d03dc0e685776	None	?	armycursors_assets_all.bundle
a058130fab9f741afaf0c088aed375e6	None	?	armycursors_assets_all.bundle
b2038f6086fa74e1e9b75313530480e1	None	?	armycursors_assets_all.bundle
ba55dd8a71ded4169ba4bfc152c80051	None	?	armycursors_assets_all.bundle
d69f4b152ff864d9587a31e53f431a91	None	?	armycursors_assets_all.bundle
d7e8e1dd2b9b64306ab549c1c9b27baf	None	?	armycursors_assets_all.bundle
ed92ddaae871c4e39b31c7e4afd1f114	None	?	armycursors_assets_all.bundle
f2e55a9bd13284d97bfb42d77567ec0e	None	?	armycursors_assets_all.bundle
f5c808e7144e44d81baf7232be121a7c	None	?	armycursors_assets_all.bundle
f6bc30d05ad66467cbf6f4c5439b2b91	None	?	armycursors_assets_all.bundle
04b9d446908036a48adddb2e9322b609	None	?	armyicons_assets_all.bundle
1bd5410ba56104b02a101cde12c165ce	None	?	armyicons_assets_all.bundle
2184ec9935760904a9eb1632314c8d33	None	?	armyicons_assets_all.bundle
3407b24cf64c74ed7820fac29969e9e4	None	?	armyicons_assets_all.bundle
5037de524241841dcb39def0f8200334	None	?	armyicons_assets_all.bundle
5c839d39738144fc784b3666a64db57f	None	?	armyicons_assets_all.bundle
61273bcb40d6d4b31aa25b2a000f2b21	None	?	armyicons_assets_all.bundle
65c7897b52f1b44d1b97202343d3588e	None	?	armyicons_assets_all.bundle
73a53afd0f1344e919a702a9c5557653	None	?	armyicons_assets_all.bundle
841e066a59c2548c085fcaaaf50effb4	None	?	armyicons_assets_all.bundle
99f674dadf61543de9da5c239ba0ca1a	None	?	armyicons_assets_all.bundle
9fcb1488cd4be4902b1fbac59e1ab3b8	None	?	armyicons_assets_all.bundle
aede04a1ebb9c4700996738ccd6a5918	None	?	armyicons_assets_all.bundle
bb56ccdf1c5574c009131f256acfc938	None	?	armyicons_assets_all.bundle
c648fbc1691c64a79b7416d053c768c5	None	?	armyicons_assets_all.bundle
cd1608dfc27c748e88545ea269e9b0e8	None	?	armyicons_assets_all.bundle
d0d37dbe746b06846b937b6c41d5ed30	None	?	armyicons_assets_all.bundle
e0b4afa4a6b964283a0b8ef0b93fe1ab	None	?	armyicons_assets_all.bundle
0a90f48568a930d42816be94cab9aaec	None	?	astramilitarumcardanims_assets_all.bundle
0e319744a50505c40883128e814d02a4	None	?	astramilitarumcardanims_assets_all.bundle
0ffe7b3a9a01e56409cfe5af779f6407	None	?	astramilitarumcardanims_assets_all.bundle
1c1159c2994e1974f8ee8f84f7017073	None	?	astramilitarumcardanims_assets_all.bundle
1e56d9192c5c85b4e893b1755c751bab	None	?	astramilitarumcardanims_assets_all.bundle
2bb742a0a43301848864f7d803c9a0b2	None	?	astramilitarumcardanims_assets_all.bundle
2bfc32aae4ae01f47ac979a22a8e809e	None	?	astramilitarumcardanims_assets_all.bundle
2f3c041aadce3244fa4545da74ffbf1f	None	?	astramilitarumcardanims_assets_all.bundle
38b2fdaced158cd4ea0ef429b0eb0d29	None	?	astramilitarumcardanims_assets_all.bundle
49c8fe11ce329c540ad2afd256348af7	None	?	astramilitarumcardanims_assets_all.bundle
4f3493ef1b90a8c4daaf3a0e9ec620d5	None	?	astramilitarumcardanims_assets_all.bundle
5a904084e24b7a84eb14d886971df143	None	?	astramilitarumcardanims_assets_all.bundle
66c303aefc16b4c429b54ef321936bf8	None	?	astramilitarumcardanims_assets_all.bundle
7f071e26b37bdf642aad6b6472dc5e5e	None	?	astramilitarumcardanims_assets_all.bundle
7f2c1ba8d0f2b324dbfe9bf95896f3c8	None	?	astramilitarumcardanims_assets_all.bundle
800ef0c1a2bba4b4a8839c1b1e6ae15a	None	?	astramilitarumcardanims_assets_all.bundle
801fa9c7268500341bf9c504c2ed4f85	None	?	astramilitarumcardanims_assets_all.bundle
80977c39e830b4c408aef7cf5266b70d	None	?	astramilitarumcardanims_assets_all.bundle
93f27ad724574314f8bbcbeb4dfb606c	None	?	astramilitarumcardanims_assets_all.bundle
96ace07d03614bf458f3a9af59e46bbb	None	?	astramilitarumcardanims_assets_all.bundle
9762f9f8bee9f3946bb23c3d78abf572	None	?	astramilitarumcardanims_assets_all.bundle
98b4336726559a442b73576d8cf38ab7	None	?	astramilitarumcardanims_assets_all.bundle
9b531045a5e2bf6449e8dc2b07e17c86	None	?	astramilitarumcardanims_assets_all.bundle
a7d81b7d21acdf740afa1cd8a93d5802	None	?	astramilitarumcardanims_assets_all.bundle
a97d8b347b8ea4c439bf695e42dc4ee9	None	?	astramilitarumcardanims_assets_all.bundle
b587b47a93919e74b8c2a35bf2d92ef5	None	?	astramilitarumcardanims_assets_all.bundle
bb10796381b511943a4764091f974c47	None	?	astramilitarumcardanims_assets_all.bundle
c3a05b2beaf35d241a5dcf4200de5de3	None	?	astramilitarumcardanims_assets_all.bundle
c438c0c6a15006a489aa78cb202fbc17	None	?	astramilitarumcardanims_assets_all.bundle
d467ae44a877f1e44b0e2248da7406ef	None	?	astramilitarumcardanims_assets_all.bundle
d777239e59c60fb45ba9b61a2e6b70b0	None	?	astramilitarumcardanims_assets_all.bundle
ec2fe45ebe783a047991e8b4f2db56df	None	?	astramilitarumcardanims_assets_all.bundle
f29cc6a2b922f1041ad31c886d48aac8	None	?	astramilitarumcardanims_assets_all.bundle
f6dbf3e5562b9d44b835b9a0eb537646	None	?	astramilitarumcardanims_assets_all.bundle
003e19f60535d4fa6bc558bc92a67733	None	?	astramilitarumcardassets_assets_all.bundle
008615dfed9f84f2397d9f48765eae70	None	?	astramilitarumcardassets_assets_all.bundle
008fbf34fd41e9f4eaccbc85e244604c	None	?	astramilitarumcardassets_assets_all.bundle
02b8de27cf2c05d438f54f50417eb1d2	None	?	astramilitarumcardassets_assets_all.bundle
036b20516c96e47ee8cddc4e783a7e9c	None	?	astramilitarumcardassets_assets_all.bundle
057ffda27b242074ab964b5db45192c4	None	?	astramilitarumcardassets_assets_all.bundle
05db21cf3c2f04ce5a1db0c4bd335494	None	?	astramilitarumcardassets_assets_all.bundle
08b61f7df758707478069fd093fdabd5	None	?	astramilitarumcardassets_assets_all.bundle
0943a9e07da2048ac8a5f89ae960d443	None	?	astramilitarumcardassets_assets_all.bundle
09ad31116b0ea4c4382ded4f5846e762	None	?	astramilitarumcardassets_assets_all.bundle
0b6d03979abc34c3784bcfcb6a39af55	None	?	astramilitarumcardassets_assets_all.bundle
0e4344771502a6b488ff3a5d0fd595c6	None	?	astramilitarumcardassets_assets_all.bundle
0ed896f45230949418565a69ccf0ed4f	None	?	astramilitarumcardassets_assets_all.bundle
0fe5bfb12fef24fe18a388a764c50dbd	None	?	astramilitarumcardassets_assets_all.bundle
10ede875f93dd489db998942bddebb33	None	?	astramilitarumcardassets_assets_all.bundle
121500ed1c4694886b0631a6d0e71ec5	None	?	astramilitarumcardassets_assets_all.bundle
134b4c27a365c4a24a338c623a06c471	None	?	astramilitarumcardassets_assets_all.bundle
139511d72cd5047c2b305687a5472778	None	?	astramilitarumcardassets_assets_all.bundle
14f0af4caa766824b8b2449d6ba9e4af	None	?	astramilitarumcardassets_assets_all.bundle
1792f5f1341f44bdd8ba84c5eecb5495	None	?	astramilitarumcardassets_assets_all.bundle
17a373750198145b1a418fa1510e4b5b	None	?	astramilitarumcardassets_assets_all.bundle
190d577673e5e440899d09ccdce000d2	None	?	astramilitarumcardassets_assets_all.bundle
19ed4b4a6e42235498fa51f2af700b1d	None	?	astramilitarumcardassets_assets_all.bundle
1c3bc80070e4d45bcaac79146f065a27	None	?	astramilitarumcardassets_assets_all.bundle
1c517c0a3806c46ce89b24da9ca2a971	None	?	astramilitarumcardassets_assets_all.bundle
1db3e3d7555c748c59a10c78c7415483	None	?	astramilitarumcardassets_assets_all.bundle
1dde7cafe18064342802e9bea0264dde	None	?	astramilitarumcardassets_assets_all.bundle
1de738b8f975b804896e9f208647770d	None	?	astramilitarumcardassets_assets_all.bundle
1de8ee9941c8640d58dae626c0eac403	None	?	astramilitarumcardassets_assets_all.bundle
1e0eab70bd3a7d545ab2e1848807ca59	None	?	astramilitarumcardassets_assets_all.bundle
1e6b641fa2f6e44739b9e94e41ca3163	None	?	astramilitarumcardassets_assets_all.bundle
1f6c37adb6799bd4e9fa42cb61192143	None	?	astramilitarumcardassets_assets_all.bundle
2193074e5eaab43dbacebcaa9cd0ceb1	None	?	astramilitarumcardassets_assets_all.bundle
22971f069877f4cf8832de45b03aebfd	None	?	astramilitarumcardassets_assets_all.bundle
23192bd772b44f74ba46eb09e84ac1d6	None	?	astramilitarumcardassets_assets_all.bundle
25600e1b1c810466ebd91a76d69a4020	None	?	astramilitarumcardassets_assets_all.bundle
2665dccedf6694d4396ebdfcb99b7430	None	?	astramilitarumcardassets_assets_all.bundle
276919dbd0762274d943d098ba8f2032	None	?	astramilitarumcardassets_assets_all.bundle
27d018c52e7558045ada487297942149	None	?	astramilitarumcardassets_assets_all.bundle
27f475f69a43c40d5aac87497796c3a0	None	?	astramilitarumcardassets_assets_all.bundle
2951e1171909148a3b6334101591d3a4	None	?	astramilitarumcardassets_assets_all.bundle
2a4a0bf123f404b03845dc52083a675a	None	?	astramilitarumcardassets_assets_all.bundle
2aeb88eb6e083441598f94d22c0f9fc1	None	?	astramilitarumcardassets_assets_all.bundle
2b1230601cf1bd44a9d8d8810b7d4693	None	?	astramilitarumcardassets_assets_all.bundle
2cbb7151a27a64f8ca0232c895b4d269	None	?	astramilitarumcardassets_assets_all.bundle
2e33f5444a8b8a44b94cd667357bf0ad	None	?	astramilitarumcardassets_assets_all.bundle
2f95d32972cd04e35a1e602f09ee4357	None	?	astramilitarumcardassets_assets_all.bundle
2fb454a96a825445cb4117d012f313e7	None	?	astramilitarumcardassets_assets_all.bundle
30abc0916dbaa48ec80391b09e80bb5e	None	?	astramilitarumcardassets_assets_all.bundle
30c69a3178497ed429bbf4af45c1d336	None	?	astramilitarumcardassets_assets_all.bundle
33a49a98843d39341a2e5d5be0aeb755	None	?	astramilitarumcardassets_assets_all.bundle
33c0265a7f59a2145a66cccf2b2eb3be	None	?	astramilitarumcardassets_assets_all.bundle
33d54121103ce426dbe9a04ff77ecda0	None	?	astramilitarumcardassets_assets_all.bundle
360bd3b9781da194b9e1457e9f247482	None	?	astramilitarumcardassets_assets_all.bundle
36d7cc26f406f694992b6ca67d2b5003	None	?	astramilitarumcardassets_assets_all.bundle
37d17cf4175da0f429d8f33e05445047	None	?	astramilitarumcardassets_assets_all.bundle
37f2ea6b4153849d6b5f334eec22e1a5	None	?	astramilitarumcardassets_assets_all.bundle
3818df1e77c074290a4f70c2520ed46c	None	?	astramilitarumcardassets_assets_all.bundle
38b2de4e8864fc140ae536eb0b18a2d8	None	?	astramilitarumcardassets_assets_all.bundle
3af178ce78145465797dbc1f1e496c93	None	?	astramilitarumcardassets_assets_all.bundle
3b844c09c1e7f42b8ac6ca4a424b9089	None	?	astramilitarumcardassets_assets_all.bundle
3c0ac66c9cbb6e34cb4e2a10688e2ae4	None	?	astramilitarumcardassets_assets_all.bundle
3f32dde9cdf24624f9ae343966fe6bc7	None	?	astramilitarumcardassets_assets_all.bundle
3f36d83ab629d264588ca71063af5013	None	?	astramilitarumcardassets_assets_all.bundle
3f704653059b246be87608a2d3d543f6	None	?	astramilitarumcardassets_assets_all.bundle
3f74aead0b30240efba2d5fde60dcdaf	None	?	astramilitarumcardassets_assets_all.bundle
3ff45eda64aae460d9cfb9adcc0a3118	None	?	astramilitarumcardassets_assets_all.bundle
40e668acd5e804a5f98ea92d03077f4d	None	?	astramilitarumcardassets_assets_all.bundle
412e97145f3f942b7b408079a9575f66	None	?	astramilitarumcardassets_assets_all.bundle
445499ab56baf4f868b4576d39657df5	None	?	astramilitarumcardassets_assets_all.bundle
46367608194c941b8a669394e4f1aea3	None	?	astramilitarumcardassets_assets_all.bundle
464983b7cda9e45c79954f808c8e33e7	None	?	astramilitarumcardassets_assets_all.bundle
474718e4e57a247eca5605c1fa790c03	None	?	astramilitarumcardassets_assets_all.bundle
478656a6d724f9b4fa80ffd29c814d27	None	?	astramilitarumcardassets_assets_all.bundle
480f84a1c41d6554ebc94549dd918854	None	?	astramilitarumcardassets_assets_all.bundle
4935809ed918aee46b6f03e3d38fb4be	None	?	astramilitarumcardassets_assets_all.bundle
499192dcb298045b6b1a1fbc5263ff95	None	?	astramilitarumcardassets_assets_all.bundle
4ab07cf01f5330d418491dd66768ca2e	None	?	astramilitarumcardassets_assets_all.bundle
4c2d394ec9a39434e997d95c43fc2f75	None	?	astramilitarumcardassets_assets_all.bundle
4cac207ee1cba4146ac61195b342369c	None	?	astramilitarumcardassets_assets_all.bundle
4db3721af857c5b40b67cc95e7e24bf6	None	?	astramilitarumcardassets_assets_all.bundle
4f3c75d4fa354564b9e3622b47412f3a	None	?	astramilitarumcardassets_assets_all.bundle
4f63cf7d6ac03ec44b65ddf99a2e9a44	None	?	astramilitarumcardassets_assets_all.bundle
4fe51d738d9e9442c8d2842757adebd8	None	?	astramilitarumcardassets_assets_all.bundle
51be2c17d52b54d15a1a1486b409bf8f	None	?	astramilitarumcardassets_assets_all.bundle
558678d7d2b0581418e619ed08838f13	None	?	astramilitarumcardassets_assets_all.bundle
55ddd8ccd902d4dcea67c3c435878f40	None	?	astramilitarumcardassets_assets_all.bundle
563f822def25a4f458e6d84282acbd7b	None	?	astramilitarumcardassets_assets_all.bundle
56f9e8899fac94103bdefc87bb558a14	None	?	astramilitarumcardassets_assets_all.bundle
5863c73c29710e641bb8ad7075a29a53	None	?	astramilitarumcardassets_assets_all.bundle
5b4023ad43266427785606bbe6986be1	None	?	astramilitarumcardassets_assets_all.bundle
5e67a2dbe53122a4e9ef419c2d3c8dc0	None	?	astramilitarumcardassets_assets_all.bundle
5f68c549572b94f09934030fc9d35435	None	?	astramilitarumcardassets_assets_all.bundle
60198e6ab1259408c9ba3afca1bd1d94	None	?	astramilitarumcardassets_assets_all.bundle
6167edcacfb964f24a29c3ccb0238ff1	None	?	astramilitarumcardassets_assets_all.bundle
6488c4cf8c4714fef84932131718b0cb	None	?	astramilitarumcardassets_assets_all.bundle
64b504649cc8efc43a17dc5cba2f7f64	None	?	astramilitarumcardassets_assets_all.bundle
651fad2d7fff14fe5961957c1a4b9d28	None	?	astramilitarumcardassets_assets_all.bundle
65c28603978304750befe45c98f829bb	None	?	astramilitarumcardassets_assets_all.bundle
667254867db47964c90457410f3280d7	None	?	astramilitarumcardassets_assets_all.bundle
66b7eb102412f493592150cf8ab96ee3	None	?	astramilitarumcardassets_assets_all.bundle
6847dd857ae9e4bb2b2adc2b3433e3f1	None	?	astramilitarumcardassets_assets_all.bundle
699cadd4584fc274f982ce9e069dd501	None	?	astramilitarumcardassets_assets_all.bundle
6a84a935ea8424d089f9fad709a265ac	None	?	astramilitarumcardassets_assets_all.bundle
6c7795dbad673db41b7c433d46d248e0	None	?	astramilitarumcardassets_assets_all.bundle
6dcf286f4b8654bc0a0ec0b0d434183c	None	?	astramilitarumcardassets_assets_all.bundle
7053ba45ac7984dc384ef7fbcb3a9c1d	None	?	astramilitarumcardassets_assets_all.bundle
70c914fd21a17b1419e6fc7b8b083116	None	?	astramilitarumcardassets_assets_all.bundle
72184ff101b6b48e7b19ee006ecc9289	None	?	astramilitarumcardassets_assets_all.bundle
72426a0bdcfd540908c72cc3a00e4a0c	None	?	astramilitarumcardassets_assets_all.bundle
73529798766794cdfa536ab3c7303e11	None	?	astramilitarumcardassets_assets_all.bundle
742ac90e09e0c474884fb50a4ff1df0d	None	?	astramilitarumcardassets_assets_all.bundle
74c35e04ad25eae4ab66032456eb1a2b	None	?	astramilitarumcardassets_assets_all.bundle
75b9f68f628d2574e8f6b1fae4c5df88	None	?	astramilitarumcardassets_assets_all.bundle
7629d87699c464e5a9543a24f3c40020	None	?	astramilitarumcardassets_assets_all.bundle
77b00e4cda1f24712ad5cb37e344d74b	None	?	astramilitarumcardassets_assets_all.bundle
79d6cfa8bb74d8844be8f6149c2718cc	None	?	astramilitarumcardassets_assets_all.bundle
7a26976677ca0423080a8d6f20d90150	None	?	astramilitarumcardassets_assets_all.bundle
7a4bb9e71bb724e5c9a4d704d6e7d470	None	?	astramilitarumcardassets_assets_all.bundle
7afa1884c606046fc9b52727c5c0cd04	None	?	astramilitarumcardassets_assets_all.bundle
7b01a5f736d237a4eb0c3eec3438b2e5	None	?	astramilitarumcardassets_assets_all.bundle
7cf239fff5e22964680beda357bbfad6	None	?	astramilitarumcardassets_assets_all.bundle
7e42ee847488d4ea19d82dbe3ac2e5c6	None	?	astramilitarumcardassets_assets_all.bundle
7f53de0b9072d864d8f43757bdbfd48c	None	?	astramilitarumcardassets_assets_all.bundle
7fbebfce702b048158de22f824423b94	None	?	astramilitarumcardassets_assets_all.bundle
8106b8dd7f87241a8b59633484ddf6bf	None	?	astramilitarumcardassets_assets_all.bundle
8884cfb67e5162f49ba4de000d7323c2	None	?	astramilitarumcardassets_assets_all.bundle
88b153e3c4de71d4a8994d2c8d01ecce	None	?	astramilitarumcardassets_assets_all.bundle
89efed6d4b1b81e4c9c8c10bbbff5c06	None	?	astramilitarumcardassets_assets_all.bundle
8a7eb5e61ca4d4c12b35bddae7c6c1e5	None	?	astramilitarumcardassets_assets_all.bundle
8a9d3b802372d3c48bb18959fbc990f1	None	?	astramilitarumcardassets_assets_all.bundle
8aff1fdc80cd5324f9787bd83dcef39e	None	?	astramilitarumcardassets_assets_all.bundle
8bba4a13a035cdd45b8f0db5d01481c9	None	?	astramilitarumcardassets_assets_all.bundle
8c291dbd7f89a490a9053bf9a65f1422	None	?	astramilitarumcardassets_assets_all.bundle
8ee9780aff8579447b60211c43849d52	None	?	astramilitarumcardassets_assets_all.bundle
908f428b43f864d348e406382d7b44fc	None	?	astramilitarumcardassets_assets_all.bundle
912640d093e695d4f9d62dcf47de7436	None	?	astramilitarumcardassets_assets_all.bundle
955bc73b29d1c4852a95651e0230857a	None	?	astramilitarumcardassets_assets_all.bundle
95b7095571d066743a1404cb386d2fb0	None	?	astramilitarumcardassets_assets_all.bundle
95ce37bea6477436d8be716be982b3fd	None	?	astramilitarumcardassets_assets_all.bundle
96863a20316dd4aa094c02e1a2e65d64	None	?	astramilitarumcardassets_assets_all.bundle
96b88c8ea50e747cb9279f355457323c	None	?	astramilitarumcardassets_assets_all.bundle
97b1f77b72b45e34a9b70e3be4e3bee6	None	?	astramilitarumcardassets_assets_all.bundle
98a949367e063422880e812d51de6b17	None	?	astramilitarumcardassets_assets_all.bundle
9981fc521ac25634e92dd016bd877427	None	?	astramilitarumcardassets_assets_all.bundle
9aa4710024e8ac540ab8fc9b28e6e711	None	?	astramilitarumcardassets_assets_all.bundle
9aa7d5e402dbd0b4eb982e6530178ceb	None	?	astramilitarumcardassets_assets_all.bundle
9b0782bccadb57440a57fc551c02c0e9	None	?	astramilitarumcardassets_assets_all.bundle
9b1f08ba4b00538419958bcc851bbd90	None	?	astramilitarumcardassets_assets_all.bundle
9bca6cdd1f2ec4db690f5890956d34ed	None	?	astramilitarumcardassets_assets_all.bundle
9fafb28e5e03b4bf687496ea771674be	None	?	astramilitarumcardassets_assets_all.bundle
a2b16814908f7bc4fbe2d9892cf87c80	None	?	astramilitarumcardassets_assets_all.bundle
a2fa478c0b980477693be1ac62b495b6	None	?	astramilitarumcardassets_assets_all.bundle
a3a4d6bc3bb74804b83df2433d13a891	None	?	astramilitarumcardassets_assets_all.bundle
a3ad3ac0778ef4849a60187c46a471ed	None	?	astramilitarumcardassets_assets_all.bundle
a3e219fa8db214ebbb9fb437bf7f7e54	None	?	astramilitarumcardassets_assets_all.bundle
a7cb1766a4d564813b62f891dda4105b	None	?	astramilitarumcardassets_assets_all.bundle
a931e667127c13747a150520bc7095b5	None	?	astramilitarumcardassets_assets_all.bundle
a9cfa3461cf934fb5b2cd98ac44015b8	None	?	astramilitarumcardassets_assets_all.bundle
ab22f687141a5fb4a8ecc841a6402f33	None	?	astramilitarumcardassets_assets_all.bundle
adde3b77b9858d14499c2d248f0ead07	None	?	astramilitarumcardassets_assets_all.bundle
afc54a3a779b0412884de2b5ecdbb607	None	?	astramilitarumcardassets_assets_all.bundle
aff03b9de2f24461bb431d98d0f6cb91	None	?	astramilitarumcardassets_assets_all.bundle
b1b58b1385823ca41b50c24096f61b2a	None	?	astramilitarumcardassets_assets_all.bundle
b312887fc088049e69a1c9b7b55b97a8	None	?	astramilitarumcardassets_assets_all.bundle
b35ca90ec93584c0c952db04824771ae	None	?	astramilitarumcardassets_assets_all.bundle
b3ebf4764e410ed4dbfbf44470f72b6f	None	?	astramilitarumcardassets_assets_all.bundle
b3f95ba1d83c08f47b83da818cc9b6cc	None	?	astramilitarumcardassets_assets_all.bundle
b58ab375badc8416295d9471d7644d87	None	?	astramilitarumcardassets_assets_all.bundle
b592e8b9d44c427469fd4a247849c42c	None	?	astramilitarumcardassets_assets_all.bundle
b5fc5333b59e5ce4db4eb71143457dc8	None	?	astramilitarumcardassets_assets_all.bundle
b7c3852538d174d4eb8c4d741b37bf49	None	?	astramilitarumcardassets_assets_all.bundle
b83a2d91f831fd743a4f22c5a5b8a8fa	None	?	astramilitarumcardassets_assets_all.bundle
b8529724927e29d47890953b260c28f2	None	?	astramilitarumcardassets_assets_all.bundle
bb7d2e5e0f5140046a665a0d68d3054c	None	?	astramilitarumcardassets_assets_all.bundle
bc843ddf4c811124d8e8a2d7e84f43a8	None	?	astramilitarumcardassets_assets_all.bundle
bdfece2f861f86e44827163d01f708dc	None	?	astramilitarumcardassets_assets_all.bundle
be8ec60420d60413b96ba9dff61015d8	None	?	astramilitarumcardassets_assets_all.bundle
c063390aae695ca41b94e9674547ca8b	None	?	astramilitarumcardassets_assets_all.bundle
c17b491ad07b36a4e9544be83d278333	None	?	astramilitarumcardassets_assets_all.bundle
c1fd0500d0c0243d3a20777812bb74fd	None	?	astramilitarumcardassets_assets_all.bundle
c2265ea1f9f474fbd82e2fed22631a09	None	?	astramilitarumcardassets_assets_all.bundle
c2a6827ab9c79465787f1c2fa383098b	None	?	astramilitarumcardassets_assets_all.bundle
c2db6e0a90aa0435692c26f8c2664ee2	None	?	astramilitarumcardassets_assets_all.bundle
c33b45f48456049738ee1ee3b92051d3	None	?	astramilitarumcardassets_assets_all.bundle
c4657b2621d5749cf894cd881d41a268	None	?	astramilitarumcardassets_assets_all.bundle
c58e7eb4460e8994b9008872505aaad1	None	?	astramilitarumcardassets_assets_all.bundle
c71e8456598c747a9a87838f9193a6bd	None	?	astramilitarumcardassets_assets_all.bundle
ca1fef64e6284f84c80fc32d3d06aaf4	None	?	astramilitarumcardassets_assets_all.bundle
ca8999f53052d1e4cb2537c4ab2401bc	None	?	astramilitarumcardassets_assets_all.bundle
caca491ae44174fe995b28cacbe002ef	None	?	astramilitarumcardassets_assets_all.bundle
cb9a2e7c789d0c043ad4dc1dc59adc19	None	?	astramilitarumcardassets_assets_all.bundle
ccd1acf9e8a074073a695e7900510006	None	?	astramilitarumcardassets_assets_all.bundle
d06086a785a944a6f9498ff3f6ad7875	None	?	astramilitarumcardassets_assets_all.bundle
d29b6276eebdea04ab3801810f36b1aa	None	?	astramilitarumcardassets_assets_all.bundle
d3df530b003c348f39a0dec31201431a	None	?	astramilitarumcardassets_assets_all.bundle
d4286e8f2aa96e34cb4f4bfa6ef03c57	None	?	astramilitarumcardassets_assets_all.bundle
d50d16bdf8a84b84da6357976e6cb002	None	?	astramilitarumcardassets_assets_all.bundle
d6fb3546f0850449fa2933b3837d9c9d	None	?	astramilitarumcardassets_assets_all.bundle
d8dfdbf7f143cad42bba14086cfbf68a	None	?	astramilitarumcardassets_assets_all.bundle
db52d078c1807b746a478b68e67a7768	None	?	astramilitarumcardassets_assets_all.bundle
ddef82d6e3c8541e295d134bb7bc01f5	None	?	astramilitarumcardassets_assets_all.bundle
de41fffb5a800499ead8700e22fbe2b8	None	?	astramilitarumcardassets_assets_all.bundle
de790c5f5c3853d4ca06bd9ffa10c6e6	None	?	astramilitarumcardassets_assets_all.bundle
dfaee375d71be4b2bb5db91468ad4961	None	?	astramilitarumcardassets_assets_all.bundle
dfd739b8a30c06248adb112752e54f07	None	?	astramilitarumcardassets_assets_all.bundle
e10bc5775d3909749a76a26e946f7da3	None	?	astramilitarumcardassets_assets_all.bundle
e1f51b4a5d1bef049a309d8f754cad0f	None	?	astramilitarumcardassets_assets_all.bundle
e29e2762cd06d493c9fe60aa7d89ceca	None	?	astramilitarumcardassets_assets_all.bundle
e2a995bde69daca4cb55af61d963a204	None	?	astramilitarumcardassets_assets_all.bundle
e3c7e704e4b9048cb80906d0a0ff7af1	None	?	astramilitarumcardassets_assets_all.bundle
e404cc57a87f5477d8a374ac8e7ff8f4	None	?	astramilitarumcardassets_assets_all.bundle
e4237522a15e14737a9c1cbd02b80587	None	?	astramilitarumcardassets_assets_all.bundle
e58725c26713645788e767a59af3a1fa	None	?	astramilitarumcardassets_assets_all.bundle
e62a8d5bcc1574fa9aeac3383b9cdbca	None	?	astramilitarumcardassets_assets_all.bundle
e879c8747b81c4a1f880209faddd32f8	None	?	astramilitarumcardassets_assets_all.bundle
e8bedfbe586306f46a6c0cc2ef7b2d8b	None	?	astramilitarumcardassets_assets_all.bundle
e95f2810256747844821683a031771bc	None	?	astramilitarumcardassets_assets_all.bundle
eab1b9ce71d5cc547ae8febdf477eef2	None	?	astramilitarumcardassets_assets_all.bundle
ebe4a35c9710a4625942803f3b031d8b	None	?	astramilitarumcardassets_assets_all.bundle
ec1137331767f46e2b6a0c139dcd4dc2	None	?	astramilitarumcardassets_assets_all.bundle
f10b05901be6b45b5af411af0d0725e8	None	?	astramilitarumcardassets_assets_all.bundle
f1949ff54cbf0413fb3f5df2dd68eebb	None	?	astramilitarumcardassets_assets_all.bundle
f38de994a43cd42fb88bf4cc0fa978bb	None	?	astramilitarumcardassets_assets_all.bundle
f4676d92db85645fb8f29686eaf59aef	None	?	astramilitarumcardassets_assets_all.bundle
f5640d16235f54e9ba3e7f32bb4eef43	None	?	astramilitarumcardassets_assets_all.bundle
f5f08cadf6cc640a19419fe36fa465e1	None	?	astramilitarumcardassets_assets_all.bundle
f78b12f02b80e4e8e9015912a040b8ad	None	?	astramilitarumcardassets_assets_all.bundle
f7c8275389e444ee5942dae8e8a61a01	None	?	astramilitarumcardassets_assets_all.bundle
f8ccdade158e54c8cb4da9824c1eb5c6	None	?	astramilitarumcardassets_assets_all.bundle
f97622bb2bfcb44d596190c6bdb4706e	None	?	astramilitarumcardassets_assets_all.bundle
fb064f50ba6084581b303440d3bb940e	None	?	astramilitarumcardassets_assets_all.bundle
fb5e2099cbd7f4827bb17db0a3c7fdc8	None	?	astramilitarumcardassets_assets_all.bundle
fc2095b39501c459eb15255bc22a65e3	None	?	astramilitarumcardassets_assets_all.bundle
fc3daff5b40d2431699cd2404996d3c0	None	?	astramilitarumcardassets_assets_all.bundle
fd24b1f7af59f7b49a41b3e1f155b807	None	?	astramilitarumcardassets_assets_all.bundle
fe35d84f0f29b43729031716234fac8e	None	?	astramilitarumcardassets_assets_all.bundle
fe99d540ff206b3449201ed432b4302b	None	?	astramilitarumcardassets_assets_all.bundle
febef1f372c4df944957ca4119330e98	None	?	astramilitarumcardassets_assets_all.bundle
ff98dc92c11d85b4f9baea3abcb776ac	None	?	astramilitarumcardassets_assets_all.bundle
15ed2b2a75bc149bca011dc55b0727dd	None	?	atlasgroup_assets_all.bundle
7387d095d1aa043c5a3c25f972f4a8ce	None	?	atlasgroup_assets_all.bundle
871469d868918411c8840234c9a2ba8e	None	?	atlasgroup_assets_all.bundle
9448c32626ec74901beb2e77a6dac3ae	None	?	atlasgroup_assets_all.bundle
f0a748ece21304929b558d5c791f3bf0	None	?	atlasgroup_assets_all.bundle
f4420fd3b56ed4c8591360aefc9bcb54	None	?	atlasgroup_assets_all.bundle
f7b4f3a2c5b6f47b0a366ff97398d5c4	None	?	atlasgroup_assets_all.bundle
d218fd6e524d1470c91a6c80ed0da301	None	?	atlasindividual_assets_0_mainmenu.bundle
8b3a49359f4e34fd18c4659be2b9aef5	None	?	atlasindividual_assets_40ktraiticonatlas.bundle
858e288dcfb154021b52d38a8906bf20	None	?	atlasindividual_assets_battleatlasui.bundle
1cfd83ef84b5c4054aaedc37f0ffb7e5	None	?	audiocontrol_assets_all.bundle
44a49a2eb9b0d4381840a9bed36925b3	None	?	audiocontrol_assets_all.bundle
c58ac7f67fc9a4919a2412fe35bfd621	None	?	audiocontrol_assets_all.bundle
000a0dfa8ee5075408429753462d91fd	None	?	battleprefabs_vfxandmisc_assets_all.bundle
003430a5a0d636e47afe7866c999816d	None	?	battleprefabs_vfxandmisc_assets_all.bundle
0071ec40dcdba2742a687ae1fb40aad0	None	?	battleprefabs_vfxandmisc_assets_all.bundle
00782db85e9188a48876b29b51120d7b	None	?	battleprefabs_vfxandmisc_assets_all.bundle
00857338eccd549b8b419f18a787babf	None	?	battleprefabs_vfxandmisc_assets_all.bundle
010ede9fb0628894db0449309131113b	None	?	battleprefabs_vfxandmisc_assets_all.bundle
0118556d8e0384a8ba9332e5a699018c	None	?	battleprefabs_vfxandmisc_assets_all.bundle
017844c5e56a78f4d8c357524b318b70	None	?	battleprefabs_vfxandmisc_assets_all.bundle
01bd8392367ec8a4fbac545c66d5e47b	None	?	battleprefabs_vfxandmisc_assets_all.bundle
01edae2f39f44e14c966a902b338e6e0	None	?	battleprefabs_vfxandmisc_assets_all.bundle
01f5f093eab084c459cdde4465922795	None	?	battleprefabs_vfxandmisc_assets_all.bundle
020034fac801fe5488750bbd2b329466	None	?	battleprefabs_vfxandmisc_assets_all.bundle
021f29a7481107d4981fe21f5ec77417	None	?	battleprefabs_vfxandmisc_assets_all.bundle
039cdaa87466280448674f94e7204771	None	?	battleprefabs_vfxandmisc_assets_all.bundle
039f16bd331c5f0459dc6798c612d560	None	?	battleprefabs_vfxandmisc_assets_all.bundle
03a92719b16a2bc42b96f246bde5ec5c	None	?	battleprefabs_vfxandmisc_assets_all.bundle
042ad82bb8a697c44b7977ab36a2d698	None	?	battleprefabs_vfxandmisc_assets_all.bundle
046c3c0095e2d074d8403b2e3877b9b3	None	?	battleprefabs_vfxandmisc_assets_all.bundle
0474186f76ffd7e4dbfd2955fac19f2c	None	?	battleprefabs_vfxandmisc_assets_all.bundle
0475a819019902c40813fe5af1e3467e	None	?	battleprefabs_vfxandmisc_assets_all.bundle
04ad55664fa3de94ab24d78e4fb81b01	None	?	battleprefabs_vfxandmisc_assets_all.bundle
04c4bf6508599294997d79048f73a215	None	?	battleprefabs_vfxandmisc_assets_all.bundle
04e89c5ef083b0c458d59e0e28e7dd7b	None	?	battleprefabs_vfxandmisc_assets_all.bundle
050f200511b146c4a9be57865d02985a	None	?	battleprefabs_vfxandmisc_assets_all.bundle
055f9ba662d63d145a8a480b321e7569	None	?	battleprefabs_vfxandmisc_assets_all.bundle
0626cf701769ea34da465b36ee3ffff1	None	?	battleprefabs_vfxandmisc_assets_all.bundle
063a2f9812188a548ad35c99b62abe34	None	?	battleprefabs_vfxandmisc_assets_all.bundle
06946a9ab456c474f9b4f86e00fecf9c	None	?	battleprefabs_vfxandmisc_assets_all.bundle
06954e53431ec40468656b3dcabc4fbd	None	?	battleprefabs_vfxandmisc_assets_all.bundle
0698f0c487e9b0f4f84383a7310d4260	None	?	battleprefabs_vfxandmisc_assets_all.bundle
06e53093503777a4a86c3951bc4deaf4	None	?	battleprefabs_vfxandmisc_assets_all.bundle
06f2adddad815704fbb3fe41035b8b4b	None	?	battleprefabs_vfxandmisc_assets_all.bundle
075362c876138754a808eb48f2991d44	None	?	battleprefabs_vfxandmisc_assets_all.bundle
07676a272c0cb4144a5ab8b7d1969896	None	?	battleprefabs_vfxandmisc_assets_all.bundle
079383c6af0075c4a877cb2d413acce1	None	?	battleprefabs_vfxandmisc_assets_all.bundle
07ce9f7aa3187944dbb9894bd185ab6d	None	?	battleprefabs_vfxandmisc_assets_all.bundle
0806790aa8989a94fbf2e3a8ca7b45d1	None	?	battleprefabs_vfxandmisc_assets_all.bundle
0813aa0a41bc26f4c82394481266fc71	None	?	battleprefabs_vfxandmisc_assets_all.bundle
0844ae6ca7df7e3498a458891a4eee29	None	?	battleprefabs_vfxandmisc_assets_all.bundle
0845afd8ff74f6245af4fe2bfc862f6c	None	?	battleprefabs_vfxandmisc_assets_all.bundle
08569ab5a57880443a627c2d51605849	None	?	battleprefabs_vfxandmisc_assets_all.bundle
086323d63d410714db8b2ce2475b53e3	None	?	battleprefabs_vfxandmisc_assets_all.bundle
086f0104176357e43843b89c0ab89a6e	None	?	battleprefabs_vfxandmisc_assets_all.bundle
08b27d5b9a1160e4bb2c494a355d55b4	None	?	battleprefabs_vfxandmisc_assets_all.bundle
08cb8864ce2550d4c87c53b550001107	None	?	battleprefabs_vfxandmisc_assets_all.bundle
0913b008a43b0e84e8d6c4e4874dc4f0	None	?	battleprefabs_vfxandmisc_assets_all.bundle
092d6a0780a07a24e8b2a2c731b754e5	None	?	battleprefabs_vfxandmisc_assets_all.bundle
09b54c26715dd9648a3c1c9a322fd05b	None	?	battleprefabs_vfxandmisc_assets_all.bundle
0a2e765967604d142ba3486e51ecc7d5	None	?	battleprefabs_vfxandmisc_assets_all.bundle
0a8d330030a37e14bb21ebb2d6bd9003	None	?	battleprefabs_vfxandmisc_assets_all.bundle
0b21f13f7c445b44883f5768a74a3fe2	None	?	battleprefabs_vfxandmisc_assets_all.bundle
0b3fedb4a131b854199bebb3039af831	None	?	battleprefabs_vfxandmisc_assets_all.bundle
0b712f80366b1d04a9b8c782793eb271	None	?	battleprefabs_vfxandmisc_assets_all.bundle
0ba0cfa852266ba4f88c9cf95bbd66eb	None	?	battleprefabs_vfxandmisc_assets_all.bundle
0bb53b7efff4c754e8b5cdbcfc089a94	None	?	battleprefabs_vfxandmisc_assets_all.bundle
0bffc172e0734624daf7e3ca93c6c1db	None	?	battleprefabs_vfxandmisc_assets_all.bundle
0c4e92903a357be47ba29222ce698aa4	None	?	battleprefabs_vfxandmisc_assets_all.bundle
0c656b8f781b70545852c0951cddd7fe	None	?	battleprefabs_vfxandmisc_assets_all.bundle
0cf83c1f51885124b9bb56c738390788	None	?	battleprefabs_vfxandmisc_assets_all.bundle
0d9f216b7b22e5b428cfa876680592be	None	?	battleprefabs_vfxandmisc_assets_all.bundle
0de73baa34aa52d43b3af74e63d72712	None	?	battleprefabs_vfxandmisc_assets_all.bundle
0e2594862aa0cfd4a86b1fd61e1d7428	None	?	battleprefabs_vfxandmisc_assets_all.bundle
0e269acfe4410634c836f425fbc5523a	None	?	battleprefabs_vfxandmisc_assets_all.bundle
0e8a0fff75c700942bf54ce33c9f1dde	None	?	battleprefabs_vfxandmisc_assets_all.bundle
0e8f423ab7bc3274ba0e92df725ba698	None	?	battleprefabs_vfxandmisc_assets_all.bundle
0f318a0917fb46048baf3929395eee2c	None	?	battleprefabs_vfxandmisc_assets_all.bundle
0f679e358ff468c48bdf6162fd10a86b	None	?	battleprefabs_vfxandmisc_assets_all.bundle
0f6a80f20f2280d4b959d1c2002b032a	None	?	battleprefabs_vfxandmisc_assets_all.bundle
0f6abb8d40a8cd54388dcfb355821e09	None	?	battleprefabs_vfxandmisc_assets_all.bundle
0f7c71d4f03f118419b4d63719849d3b	None	?	battleprefabs_vfxandmisc_assets_all.bundle
1053e521ed4022c419284b6ddd1a8953	None	?	battleprefabs_vfxandmisc_assets_all.bundle
1087e81a91fab364fa81e8c16a05093a	None	?	battleprefabs_vfxandmisc_assets_all.bundle
10fe1389abd4c5c41be48df100462f8a	None	?	battleprefabs_vfxandmisc_assets_all.bundle
1115ca888b8b1bc40b7b607e741e6ca6	None	?	battleprefabs_vfxandmisc_assets_all.bundle
1135d255e4ade004abc66d4839ca79cd	None	?	battleprefabs_vfxandmisc_assets_all.bundle
1150edb074ba2f843bfa28fd2bfebe34	None	?	battleprefabs_vfxandmisc_assets_all.bundle
11edc70b3fde259469f1efc03e78e29a	None	?	battleprefabs_vfxandmisc_assets_all.bundle
1204aa689b3261c489ab683b58613895	None	?	battleprefabs_vfxandmisc_assets_all.bundle
12072cac42db08e499841c2540eff1ea	None	?	battleprefabs_vfxandmisc_assets_all.bundle
1246e21c441308841bc6facec910317f	None	?	battleprefabs_vfxandmisc_assets_all.bundle
12504cc03a139fb478870359bdf99a61	None	?	battleprefabs_vfxandmisc_assets_all.bundle
1252eb54f8c88da42bc67e3636375344	None	?	battleprefabs_vfxandmisc_assets_all.bundle
129c4b8ead66c4e4db3691ffc595823a	None	?	battleprefabs_vfxandmisc_assets_all.bundle
12cb2c69868137a4aa265e8258bcb421	None	?	battleprefabs_vfxandmisc_assets_all.bundle
130b3fcc8a86c2344892d522f042ab9d	None	?	battleprefabs_vfxandmisc_assets_all.bundle
1337104ca10ae2248900f388a4221776	None	?	battleprefabs_vfxandmisc_assets_all.bundle
1376c34a5011a5141ba75955bade60cb	None	?	battleprefabs_vfxandmisc_assets_all.bundle
143e5efd0c521b6489a0fa7a51de559c	None	?	battleprefabs_vfxandmisc_assets_all.bundle
145390ede7a170749a1b17213e81235a	None	?	battleprefabs_vfxandmisc_assets_all.bundle
14ecf02c8a8b5bb43ba403751337d205	None	?	battleprefabs_vfxandmisc_assets_all.bundle
15008ebb300cdf240b9e9511dded2e96	None	?	battleprefabs_vfxandmisc_assets_all.bundle
1504f3c01148ae4459e90dfe5f809e86	None	?	battleprefabs_vfxandmisc_assets_all.bundle
1575b7864fc96e948b066d5889b82e55	None	?	battleprefabs_vfxandmisc_assets_all.bundle
168a4d152d926264ca6796aee04e73c8	None	?	battleprefabs_vfxandmisc_assets_all.bundle
168cabf7874a12b43bf739dfc2869bb4	None	?	battleprefabs_vfxandmisc_assets_all.bundle
177932eae9b189040816c1ee3967f001	None	?	battleprefabs_vfxandmisc_assets_all.bundle
17c519bcf5f1aa74ab0472858f829cd1	None	?	battleprefabs_vfxandmisc_assets_all.bundle
17e215ed0fac5ec49a2018cf49f0d7dd	None	?	battleprefabs_vfxandmisc_assets_all.bundle
17e6a82782f1b9647b6fac80e34ebc93	None	?	battleprefabs_vfxandmisc_assets_all.bundle
1815a130812803e47afeb08490e9356f	None	?	battleprefabs_vfxandmisc_assets_all.bundle
1857b49f967c06547a756c2da8d29916	None	?	battleprefabs_vfxandmisc_assets_all.bundle
185c4a23fed4790499ef3b177aee3413	None	?	battleprefabs_vfxandmisc_assets_all.bundle
18a2077d68b585447ad39c4a4437f5ad	None	?	battleprefabs_vfxandmisc_assets_all.bundle
18ec9ece0a492cb429a763be38c9e54e	None	?	battleprefabs_vfxandmisc_assets_all.bundle
18f4134ebd2e18a4390e661b5bde3d7c	None	?	battleprefabs_vfxandmisc_assets_all.bundle
191aa182ae260bf429f03e2454c199fe	None	?	battleprefabs_vfxandmisc_assets_all.bundle
192e8050e4474ab469b995043ab67e77	None	?	battleprefabs_vfxandmisc_assets_all.bundle
197e0170900cb0246bf6fd2aec1078c6	None	?	battleprefabs_vfxandmisc_assets_all.bundle
199ecf3893e83c84bbc840a3d38ede51	None	?	battleprefabs_vfxandmisc_assets_all.bundle
19eda937a7590a44584b76816136dacb	None	?	battleprefabs_vfxandmisc_assets_all.bundle
19eff127da2497148a76cb685aeabc6f	None	?	battleprefabs_vfxandmisc_assets_all.bundle
1a49a03a8cd83c44eab1141940b4d362	None	?	battleprefabs_vfxandmisc_assets_all.bundle
1a8336ece14ad5c438f29d3a1077fa53	None	?	battleprefabs_vfxandmisc_assets_all.bundle
1a97539fabd3f55429fccf5d32a2f545	None	?	battleprefabs_vfxandmisc_assets_all.bundle
1a9c23bfabad0ea43bcfbef56c313869	None	?	battleprefabs_vfxandmisc_assets_all.bundle
1a9d6d55b5bd76a4a8a83a74e9763bfe	None	?	battleprefabs_vfxandmisc_assets_all.bundle
1ad90b9f6d7f9a54d995058c99162c5e	None	?	battleprefabs_vfxandmisc_assets_all.bundle
1b31c2fade263004192cf07888f75b86	None	?	battleprefabs_vfxandmisc_assets_all.bundle
1b54861c68fbff6449217bd5f6d98ac6	None	?	battleprefabs_vfxandmisc_assets_all.bundle
1ba047b6deaf77b4ea299274f141f888	None	?	battleprefabs_vfxandmisc_assets_all.bundle
1bbdcbf5f03886640a0b130b6a9adfa6	None	?	battleprefabs_vfxandmisc_assets_all.bundle
1bfe12035a4b3a947befb49f6b6fcbc3	None	?	battleprefabs_vfxandmisc_assets_all.bundle
1c14cf0ec0691eb4496897707985a84f	None	?	battleprefabs_vfxandmisc_assets_all.bundle
1c77e6aaed546e744940910425c92dee	None	?	battleprefabs_vfxandmisc_assets_all.bundle
1caa66492eb5b0d43b4f968972272a3d	None	?	battleprefabs_vfxandmisc_assets_all.bundle
1cda9c26defd0d04d8118eec51c1767d	None	?	battleprefabs_vfxandmisc_assets_all.bundle
1ce4d5e313cc3314e9714bd58054058c	None	?	battleprefabs_vfxandmisc_assets_all.bundle
1d17edfdf86346142bf99d2404f88473	None	?	battleprefabs_vfxandmisc_assets_all.bundle
1d79c9ddfa56d1a47ad83f6d14fd6506	None	?	battleprefabs_vfxandmisc_assets_all.bundle
1da64c88fb020604f8552f45ef0fe104	None	?	battleprefabs_vfxandmisc_assets_all.bundle
1de4f5fd4d035734b84138d177e24c46	None	?	battleprefabs_vfxandmisc_assets_all.bundle
1df304b35048a854f8d21edb1c148275	None	?	battleprefabs_vfxandmisc_assets_all.bundle
1e41b7c8d1ed0e44e960cd9051b23b18	None	?	battleprefabs_vfxandmisc_assets_all.bundle
1ea60f0f38465ec48ae34b3937d0e79f	None	?	battleprefabs_vfxandmisc_assets_all.bundle
1f109ed2b02e54433853eb7b3bf62ead	None	?	battleprefabs_vfxandmisc_assets_all.bundle
1f8726c3d25446544b4944d65f4bdf43	None	?	battleprefabs_vfxandmisc_assets_all.bundle
202f517961665fa44b48fd0e24d0d984	None	?	battleprefabs_vfxandmisc_assets_all.bundle
2054818851e846e47b5005b9c94f1883	None	?	battleprefabs_vfxandmisc_assets_all.bundle
207a9618b5b415e42835d8dad02e4498	None	?	battleprefabs_vfxandmisc_assets_all.bundle
2088de4c895a85743944489a0e983b70	None	?	battleprefabs_vfxandmisc_assets_all.bundle
2144b58c1fa83b541bb4dba4fdd83bd7	None	?	battleprefabs_vfxandmisc_assets_all.bundle
2174237eee27e3449811d1649eb2efea	None	?	battleprefabs_vfxandmisc_assets_all.bundle
218609745a53e4b43993829fd0393b3e	None	?	battleprefabs_vfxandmisc_assets_all.bundle
21ac15897687a2845898e043d32580d2	None	?	battleprefabs_vfxandmisc_assets_all.bundle
21e75cfe1c102a144aa63f159fca6a9a	None	?	battleprefabs_vfxandmisc_assets_all.bundle
2223a4d235c6dbb44bc92c2db85bc13d	None	?	battleprefabs_vfxandmisc_assets_all.bundle
223a230d4cab5fd4cb5ec620af4e3cd7	None	?	battleprefabs_vfxandmisc_assets_all.bundle
227a487aac3e3d248b79841247608e2c	None	?	battleprefabs_vfxandmisc_assets_all.bundle
22dadcf9aeb610243a5c1110ffead708	None	?	battleprefabs_vfxandmisc_assets_all.bundle
232f032fd3196614299f1e22cb231f30	None	?	battleprefabs_vfxandmisc_assets_all.bundle
236e6d22f96b22e44b9fed5b00f7c665	None	?	battleprefabs_vfxandmisc_assets_all.bundle
23a1ec3b5db110a4995bbcecb2368c6c	None	?	battleprefabs_vfxandmisc_assets_all.bundle
241803afe4930da4085a5c2fc6428246	None	?	battleprefabs_vfxandmisc_assets_all.bundle
244a35ada8239c048aab5764c551a840	None	?	battleprefabs_vfxandmisc_assets_all.bundle
250745f981db148cbabe0c87e1adb4ce	None	?	battleprefabs_vfxandmisc_assets_all.bundle
25231da2fff1d4bd8916745a7e42f1ab	None	?	battleprefabs_vfxandmisc_assets_all.bundle
254a9a87ffc6e5445a135489a5490457	None	?	battleprefabs_vfxandmisc_assets_all.bundle
264483432bb8c8f4195d8c2f6110ed3d	None	?	battleprefabs_vfxandmisc_assets_all.bundle
26715de5e3f2cbd409f49617bd6fdb90	None	?	battleprefabs_vfxandmisc_assets_all.bundle
26bfd83065e81354da2c9aa6d818c795	None	?	battleprefabs_vfxandmisc_assets_all.bundle
26c2286f1325962448b29a2cdfc2b9af	None	?	battleprefabs_vfxandmisc_assets_all.bundle
26efb5f5f6624d4428c8b12e372c9ddd	None	?	battleprefabs_vfxandmisc_assets_all.bundle
2741d684160275241a062b8c6e731c64	None	?	battleprefabs_vfxandmisc_assets_all.bundle
277c1d30f5351dc40ae9d5519abee615	None	?	battleprefabs_vfxandmisc_assets_all.bundle
285f43b468118cb408b05840d90ee07f	None	?	battleprefabs_vfxandmisc_assets_all.bundle
29239e005367bda4b8d8a5b600327e31	None	?	battleprefabs_vfxandmisc_assets_all.bundle
29252694b94914448b4046321b8942d9	None	?	battleprefabs_vfxandmisc_assets_all.bundle
293533f7d1114154583c39e703399bfa	None	?	battleprefabs_vfxandmisc_assets_all.bundle
29456cad5eb105f4f8545cbe81d11ecc	None	?	battleprefabs_vfxandmisc_assets_all.bundle
296e91b74d50d9c41a61c94e68cfd55f	None	?	battleprefabs_vfxandmisc_assets_all.bundle
29999189780bdcc4a8be2e0c325228ea	None	?	battleprefabs_vfxandmisc_assets_all.bundle
29aa2876f3ea5294c9bd3a2272371914	None	?	battleprefabs_vfxandmisc_assets_all.bundle
29c0fef0550944b428427420e2d42e98	None	?	battleprefabs_vfxandmisc_assets_all.bundle
29e588b93f8bab74da62f4b6cec362b2	None	?	battleprefabs_vfxandmisc_assets_all.bundle
2a8aed79d270add4eb4b104b00276f4d	None	?	battleprefabs_vfxandmisc_assets_all.bundle
2a8f46596d54e6f4ab68191fc48c45fb	None	?	battleprefabs_vfxandmisc_assets_all.bundle
2af40d50451b90548b1f690e51648429	None	?	battleprefabs_vfxandmisc_assets_all.bundle
2b8e3acb831f9504db9d16ff3bdbd2de	None	?	battleprefabs_vfxandmisc_assets_all.bundle
2c3480a7dc499314587f9b0a30d8c85d	None	?	battleprefabs_vfxandmisc_assets_all.bundle
2c4f7ff416b7258499968beeeb4f9b76	None	?	battleprefabs_vfxandmisc_assets_all.bundle
2cf99d7930a75574186459a2e05f9f39	None	?	battleprefabs_vfxandmisc_assets_all.bundle
2d79d519d3180394d84f48d4729b074d	None	?	battleprefabs_vfxandmisc_assets_all.bundle
2dbcb179f6680664891519abcc0e2cd7	None	?	battleprefabs_vfxandmisc_assets_all.bundle
2de143bb0f8efbf47821f7063808198c	None	?	battleprefabs_vfxandmisc_assets_all.bundle
2e0f080b46c3a3f429c24542029887ba	None	?	battleprefabs_vfxandmisc_assets_all.bundle
2e1c61e4d5579d947af56abddfce9046	None	?	battleprefabs_vfxandmisc_assets_all.bundle
2e97589b93fb16b41a7b5bb955e4b7d1	None	?	battleprefabs_vfxandmisc_assets_all.bundle
2ea103e0f96284b14a67205aa460773e	None	?	battleprefabs_vfxandmisc_assets_all.bundle
2ed7986b788be664988993611c87c39b	None	?	battleprefabs_vfxandmisc_assets_all.bundle
2eee82696dd5f7b46adf126c6c011b03	None	?	battleprefabs_vfxandmisc_assets_all.bundle
2efb99af4f40ada42b56726f93527006	None	?	battleprefabs_vfxandmisc_assets_all.bundle
2f26a95c5d9ade348809657cb9efa3d5	None	?	battleprefabs_vfxandmisc_assets_all.bundle
2fb8a4b0c8e65b047ab7b9797b47c52c	None	?	battleprefabs_vfxandmisc_assets_all.bundle
2fe38e2901ca65a42a6f2c0f601f1ae3	None	?	battleprefabs_vfxandmisc_assets_all.bundle
305e57754b5dc094c9412d01782cedaf	None	?	battleprefabs_vfxandmisc_assets_all.bundle
3067f2e9eb1a0e24aa85108afcbade23	None	?	battleprefabs_vfxandmisc_assets_all.bundle
30e8dfdd54815114a8b83ac574663dee	None	?	battleprefabs_vfxandmisc_assets_all.bundle
31cb54564c8da7c41a28c728056d5084	None	?	battleprefabs_vfxandmisc_assets_all.bundle
3224fcdd93f371e48a02eef3b7cd7c69	None	?	battleprefabs_vfxandmisc_assets_all.bundle
3230cc4593dd72141be52ac17cbc6b0b	None	?	battleprefabs_vfxandmisc_assets_all.bundle
32608202910ba514fba66a6fa6fded86	None	?	battleprefabs_vfxandmisc_assets_all.bundle
3285ae3fc1b18f84d9c536a58c0635bc	None	?	battleprefabs_vfxandmisc_assets_all.bundle
32a81feeb916fbe4dbf51f7f6edac9ec	None	?	battleprefabs_vfxandmisc_assets_all.bundle
32c33fd64f742384ebec6601602067f2	None	?	battleprefabs_vfxandmisc_assets_all.bundle
331a8f0b43b70694ab7cca02be4e1c49	None	?	battleprefabs_vfxandmisc_assets_all.bundle
332cdd1bffdb2f240904c13db52e44ca	None	?	battleprefabs_vfxandmisc_assets_all.bundle
332d8f65b78934b4d825ddfe93b57e52	None	?	battleprefabs_vfxandmisc_assets_all.bundle
3388efc9febe44a4185816b70027bbab	None	?	battleprefabs_vfxandmisc_assets_all.bundle
33a66f845fef7c34a8c784430f0c7091	None	?	battleprefabs_vfxandmisc_assets_all.bundle
33ea92619fe3fca4ca00624434971c70	None	?	battleprefabs_vfxandmisc_assets_all.bundle
33f063fd92010884a92be027d20cd10b	None	?	battleprefabs_vfxandmisc_assets_all.bundle
349ddf8cc18c4b749a96d29dc435c61a	None	?	battleprefabs_vfxandmisc_assets_all.bundle
34a0e9197471f7d4684cc30767d15a22	None	?	battleprefabs_vfxandmisc_assets_all.bundle
3542d619a03da23488aa74f2e6934ab3	None	?	battleprefabs_vfxandmisc_assets_all.bundle
356b21113efa4404f8c5809b316eed12	None	?	battleprefabs_vfxandmisc_assets_all.bundle
357719dc185544cd8a4f7431a998e996	None	?	battleprefabs_vfxandmisc_assets_all.bundle
3584730f78555cc438a9e73c8fc5d5c1	None	?	battleprefabs_vfxandmisc_assets_all.bundle
35ff833b047bb5442939de82ee067b42	None	?	battleprefabs_vfxandmisc_assets_all.bundle
36167dc48a502574f9cbd3b93e3d5a65	None	?	battleprefabs_vfxandmisc_assets_all.bundle
36227910ef615da47ac33f826a7bab56	None	?	battleprefabs_vfxandmisc_assets_all.bundle
369853336be95bd46ae122f0033266ba	None	?	battleprefabs_vfxandmisc_assets_all.bundle
36acea8707f88be46ac1cfadc8e4422b	None	?	battleprefabs_vfxandmisc_assets_all.bundle
37183bd97c1d48846b744b5b9cbf1de6	None	?	battleprefabs_vfxandmisc_assets_all.bundle
37320bfe2c85e624e88fc3f33a12eace	None	?	battleprefabs_vfxandmisc_assets_all.bundle
375d142f27197404884be8e317eca8dc	None	?	battleprefabs_vfxandmisc_assets_all.bundle
37721729e930af34f87226f4521cf78d	None	?	battleprefabs_vfxandmisc_assets_all.bundle
37881691bc287b14fbfae2571c674210	None	?	battleprefabs_vfxandmisc_assets_all.bundle
379c4c5dc560cfd4cae03621ccb0dca4	None	?	battleprefabs_vfxandmisc_assets_all.bundle
37c4413740d502a419ed8bb9d5b1b60f	None	?	battleprefabs_vfxandmisc_assets_all.bundle
385a4240679dd2d4da8025978c85a4e1	None	?	battleprefabs_vfxandmisc_assets_all.bundle
389e095047b384845a5b305aa766537e	None	?	battleprefabs_vfxandmisc_assets_all.bundle
389e79f0916bac844adca12c234fbdb8	None	?	battleprefabs_vfxandmisc_assets_all.bundle
38ca4ff7730810545bc1da928d9ee03e	None	?	battleprefabs_vfxandmisc_assets_all.bundle
38d4921f1b203e540a7ad58e47bc500e	None	?	battleprefabs_vfxandmisc_assets_all.bundle
391b148cc70e83b4aa019c048638981b	None	?	battleprefabs_vfxandmisc_assets_all.bundle
395855bc02644994681bc02fe67da1d9	None	?	battleprefabs_vfxandmisc_assets_all.bundle
39643f02e15a27c4c9511078e697ef9f	None	?	battleprefabs_vfxandmisc_assets_all.bundle
39657e3359ee34748b0d8e6ca066f21d	None	?	battleprefabs_vfxandmisc_assets_all.bundle
397153b2822098a4ea65017994f02c94	None	?	battleprefabs_vfxandmisc_assets_all.bundle
399ff148003f640959eb87ba52717556	None	?	battleprefabs_vfxandmisc_assets_all.bundle
39ccfa50761d6bf44be117dc944bf3db	None	?	battleprefabs_vfxandmisc_assets_all.bundle
3a4c58f79559542468773d6ba9190751	None	?	battleprefabs_vfxandmisc_assets_all.bundle
3a670eb0c024b384990cb063101cbad7	None	?	battleprefabs_vfxandmisc_assets_all.bundle
3a8b870c798db424b97b5e58f989977d	None	?	battleprefabs_vfxandmisc_assets_all.bundle
3ac57c3a629e1144c9eaa1bbece2caee	None	?	battleprefabs_vfxandmisc_assets_all.bundle
3b605326f48a9cc4f97027398a0ded83	None	?	battleprefabs_vfxandmisc_assets_all.bundle
3c586320585444a18b77defd90204b75	None	?	battleprefabs_vfxandmisc_assets_all.bundle
3c7f21bbadf98a342a5664948f7d03e9	None	?	battleprefabs_vfxandmisc_assets_all.bundle
3d04420bfbe567949aaf763463f56743	None	?	battleprefabs_vfxandmisc_assets_all.bundle
3d96c7bc653262b4cb83c7e6544a7e53	None	?	battleprefabs_vfxandmisc_assets_all.bundle
3dc5682da4a044a43a4f12f252b9a58a	None	?	battleprefabs_vfxandmisc_assets_all.bundle
3ded6cac1bd3de044b7dd20ca036bd39	None	?	battleprefabs_vfxandmisc_assets_all.bundle
3df06e24746e2ca4cbd2fd203d06813e	None	?	battleprefabs_vfxandmisc_assets_all.bundle
3df84718fe8de6b4a90f1f92a410c8c2	None	?	battleprefabs_vfxandmisc_assets_all.bundle
3e0656bc65aca204fb87a0b81587f751	None	?	battleprefabs_vfxandmisc_assets_all.bundle
3e150af4555163f4ba079b56308528a0	None	?	battleprefabs_vfxandmisc_assets_all.bundle
3e1d29ec6aedf0c499d5c903b2db9f5c	None	?	battleprefabs_vfxandmisc_assets_all.bundle
3eb8df5fac0929744b2ffbe1faec6ede	None	?	battleprefabs_vfxandmisc_assets_all.bundle
3ec032224efc5b743aabbff095925056	None	?	battleprefabs_vfxandmisc_assets_all.bundle
3f04ca04ec3a41243a6009fe9c165859	None	?	battleprefabs_vfxandmisc_assets_all.bundle
3f16c0533d6710f4cbdfad534e13a5f8	None	?	battleprefabs_vfxandmisc_assets_all.bundle
3f26db6cfea3d8d4098445d0f8cc4317	None	?	battleprefabs_vfxandmisc_assets_all.bundle
3f48437b91bd98f4a9574819e77b1d3b	None	?	battleprefabs_vfxandmisc_assets_all.bundle
3fcda75b4020a35479f24884f45ec1c2	None	?	battleprefabs_vfxandmisc_assets_all.bundle
405622c62537b484a95b10f1dbf7b848	None	?	battleprefabs_vfxandmisc_assets_all.bundle
407417f280ec4344782b709ee7da61d1	None	?	battleprefabs_vfxandmisc_assets_all.bundle
4080c7fc450020942bde325cf6f7c4fc	None	?	battleprefabs_vfxandmisc_assets_all.bundle
419f35f1b05963c47b4ed1cd88f483e3	None	?	battleprefabs_vfxandmisc_assets_all.bundle
420a7201e25f9184d850b4dcc313de41	None	?	battleprefabs_vfxandmisc_assets_all.bundle
4248b3d463579de4a8210da6f98ed19c	None	?	battleprefabs_vfxandmisc_assets_all.bundle
42784afd0146a254eae2421b890107bb	None	?	battleprefabs_vfxandmisc_assets_all.bundle
4293285cc67c5344eaa4e9f1c622a48d	None	?	battleprefabs_vfxandmisc_assets_all.bundle
431930937165e40c0864393245dba713	None	?	battleprefabs_vfxandmisc_assets_all.bundle
433944146fd5ab7418c2faf53548fb3c	None	?	battleprefabs_vfxandmisc_assets_all.bundle
43847ef10ae344e518d41f21d38f7df5	None	?	battleprefabs_vfxandmisc_assets_all.bundle
448fcd08550a5c1489197fa33d5c313c	None	?	battleprefabs_vfxandmisc_assets_all.bundle
44a06bc429e2fca47a384b12d73b0fa5	None	?	battleprefabs_vfxandmisc_assets_all.bundle
456d1ccb7dd79e443ad5aa138f0eca83	None	?	battleprefabs_vfxandmisc_assets_all.bundle
457bf41a9e219fa42a96040e08b7d0be	None	?	battleprefabs_vfxandmisc_assets_all.bundle
45c3b9d11aec111459d5600c3ca90583	None	?	battleprefabs_vfxandmisc_assets_all.bundle
461f83913570d124bad6e21f1f26a7f2	None	?	battleprefabs_vfxandmisc_assets_all.bundle
463240f3c4e858f4ba16cc684a4343f4	None	?	battleprefabs_vfxandmisc_assets_all.bundle
4634b278e9d8ca047b54cb43172e9f19	None	?	battleprefabs_vfxandmisc_assets_all.bundle
463f804abe48f0641b8374ab534d8084	None	?	battleprefabs_vfxandmisc_assets_all.bundle
4643aae2baf32bf46aaa4149376d00d4	None	?	battleprefabs_vfxandmisc_assets_all.bundle
468cb7aa5bf9a4f4bab5a2b594dd5aa2	None	?	battleprefabs_vfxandmisc_assets_all.bundle
469b7ad3666ce43edb3f5b6da5009cd1	None	?	battleprefabs_vfxandmisc_assets_all.bundle
46f6a280e57630a4ab4e60e40d1b2916	None	?	battleprefabs_vfxandmisc_assets_all.bundle
474805c4d8fdb4a4d863979f9c8544c7	None	?	battleprefabs_vfxandmisc_assets_all.bundle
47815877912dbf5469337983beab7c3b	None	?	battleprefabs_vfxandmisc_assets_all.bundle
47f3dc6173f7f7540a371eed1f4cf8bd	None	?	battleprefabs_vfxandmisc_assets_all.bundle
4843bdc10de1b914aa6e2bcfbcb1f2b7	None	?	battleprefabs_vfxandmisc_assets_all.bundle
484d4b869c9f05a4abbddd2b57346e98	None	?	battleprefabs_vfxandmisc_assets_all.bundle
489a144b4811b0b478822b8a97ce61ac	None	?	battleprefabs_vfxandmisc_assets_all.bundle
48a78aba61a9e19459a0803feacccc6f	None	?	battleprefabs_vfxandmisc_assets_all.bundle
48afcaf23fdaf5e4b99d1e773d39368d	None	?	battleprefabs_vfxandmisc_assets_all.bundle
495028fef1e0c7c448a21e672f91f080	None	?	battleprefabs_vfxandmisc_assets_all.bundle
496ee62f71523de48985ea2bebc4d4a6	None	?	battleprefabs_vfxandmisc_assets_all.bundle
49abb17727bca374d953fc947f17b90c	None	?	battleprefabs_vfxandmisc_assets_all.bundle
4a01cd8b41be2cf458e2ccb186f22766	None	?	battleprefabs_vfxandmisc_assets_all.bundle
4ac621b34e639034f9fe743adbd9b882	None	?	battleprefabs_vfxandmisc_assets_all.bundle
4b1c98569db7f154aa196f7c60f935da	None	?	battleprefabs_vfxandmisc_assets_all.bundle
4b9cdd9803c004b7a8b087a6e9ed5820	None	?	battleprefabs_vfxandmisc_assets_all.bundle
4bf7f860bf7faaa44b46096a1cb3126c	None	?	battleprefabs_vfxandmisc_assets_all.bundle
4c323f2bb8213dd4d92b37c06b163252	None	?	battleprefabs_vfxandmisc_assets_all.bundle
4c3ec4a65f123114da53e42f670c9aa1	None	?	battleprefabs_vfxandmisc_assets_all.bundle
4c4bdac386f339f4f86f15c3eec36a37	None	?	battleprefabs_vfxandmisc_assets_all.bundle
4c6cf7b401d544a4db74ead53c414b01	None	?	battleprefabs_vfxandmisc_assets_all.bundle
4c8afde03e2f65c479bcf6ae0340476c	None	?	battleprefabs_vfxandmisc_assets_all.bundle
4c933ab453fd3144a90b90a6783c62a4	None	?	battleprefabs_vfxandmisc_assets_all.bundle
4cc7f774f6141834686e6dc65735d6bd	None	?	battleprefabs_vfxandmisc_assets_all.bundle
4ccb57e822017164b981670afd74d994	None	?	battleprefabs_vfxandmisc_assets_all.bundle
4ce3ace9dfaa59f4ca11923efd3312ed	None	?	battleprefabs_vfxandmisc_assets_all.bundle
4d4c43428900f9a4fa3a79b55a973bd2	None	?	battleprefabs_vfxandmisc_assets_all.bundle
4d7bffc4dbfb2ad4f84a7dd92cbdc02f	None	?	battleprefabs_vfxandmisc_assets_all.bundle
4d907b8dfd6c2e444ab64101da10e1ce	None	?	battleprefabs_vfxandmisc_assets_all.bundle
4dd444be45e6c4b42920f42ee951713e	None	?	battleprefabs_vfxandmisc_assets_all.bundle
4e28c9d4c5765804ebd7a10f8714afb1	None	?	battleprefabs_vfxandmisc_assets_all.bundle
4e3107dd01f62b640aec74541bd4a6f2	None	?	battleprefabs_vfxandmisc_assets_all.bundle
4e505659de58c5e4e87f3f62c6a00099	None	?	battleprefabs_vfxandmisc_assets_all.bundle
4e8e208f9dce28b46930428f1fd5d4eb	None	?	battleprefabs_vfxandmisc_assets_all.bundle
4e95d1353493507459f2ad6f6c94b200	None	?	battleprefabs_vfxandmisc_assets_all.bundle
4f828e4af428e7e4588f424f3acecc92	None	?	battleprefabs_vfxandmisc_assets_all.bundle
4fc7ad55d9be4a44896bbccd1b4e5afd	None	?	battleprefabs_vfxandmisc_assets_all.bundle
4fef0c6a4b3605542b85347299bbcc71	None	?	battleprefabs_vfxandmisc_assets_all.bundle
5012ca7a4e3b360478b50447cc19e55a	None	?	battleprefabs_vfxandmisc_assets_all.bundle
5028a219fbc318248b9909e7429b0036	None	?	battleprefabs_vfxandmisc_assets_all.bundle
5041a12423b67164abf8bb6aedf69097	None	?	battleprefabs_vfxandmisc_assets_all.bundle
504a9137e39a8924586dc32596b49ea9	None	?	battleprefabs_vfxandmisc_assets_all.bundle
5070df2cef5756842b4186422a3dc6b4	None	?	battleprefabs_vfxandmisc_assets_all.bundle
50b59fb6a108c1f438378911b9ae724f	None	?	battleprefabs_vfxandmisc_assets_all.bundle
50bafd41e067cae45ad1bb23e5c361c8	None	?	battleprefabs_vfxandmisc_assets_all.bundle
50c074fce8d260f44abccd85d4d45021	None	?	battleprefabs_vfxandmisc_assets_all.bundle
50f6de8d20462ef4bb6a63dd71cb8977	None	?	battleprefabs_vfxandmisc_assets_all.bundle
514ebb5cd55049a4a8ab6d260305569f	None	?	battleprefabs_vfxandmisc_assets_all.bundle
515e08b932532354db8c0425e3ef64a7	None	?	battleprefabs_vfxandmisc_assets_all.bundle
5160bcd088a19694b81971781558816d	None	?	battleprefabs_vfxandmisc_assets_all.bundle
51b7cccc94efec147ba1ee1b25bad5d9	None	?	battleprefabs_vfxandmisc_assets_all.bundle
51df72d541424d94aa74e9a418328f48	None	?	battleprefabs_vfxandmisc_assets_all.bundle
524cb3bb2a3ff6442855e7f4ca53d45b	None	?	battleprefabs_vfxandmisc_assets_all.bundle
5254962f4f6523440b3109be3d335925	None	?	battleprefabs_vfxandmisc_assets_all.bundle
5257cd699d76a224dbde5b7db30fa3aa	None	?	battleprefabs_vfxandmisc_assets_all.bundle
528a05cdbcca15e4a92a593af5639ded	None	?	battleprefabs_vfxandmisc_assets_all.bundle
530a185b424da5344923ef0fd0866f2f	None	?	battleprefabs_vfxandmisc_assets_all.bundle
531fd23b671b842f78ec0f641f5c30a8	None	?	battleprefabs_vfxandmisc_assets_all.bundle
5365f8fdcfdd78948af52ea87e276288	None	?	battleprefabs_vfxandmisc_assets_all.bundle
53bd4601b74f69a4abbc059f615324a7	None	?	battleprefabs_vfxandmisc_assets_all.bundle
54a4fb8d139e72b44b7e42aa772f9fe9	None	?	battleprefabs_vfxandmisc_assets_all.bundle
5515b8fc986afc94d8375f5f43a30710	None	?	battleprefabs_vfxandmisc_assets_all.bundle
556682eea97634403b728973969e6b4f	None	?	battleprefabs_vfxandmisc_assets_all.bundle
557f7424bcd7d7949ba95f6e458c87a5	None	?	battleprefabs_vfxandmisc_assets_all.bundle
564290f63a8850048864c34c05945934	None	?	battleprefabs_vfxandmisc_assets_all.bundle
564f595b360c9674c8f8846fbe4865c6	None	?	battleprefabs_vfxandmisc_assets_all.bundle
565f81a4a9a7e5c459cf8442cfde1de9	None	?	battleprefabs_vfxandmisc_assets_all.bundle
566ed65d414d03d49887a650be2d4394	None	?	battleprefabs_vfxandmisc_assets_all.bundle
56a9ad040c3fa804b97a17ed12a0d994	None	?	battleprefabs_vfxandmisc_assets_all.bundle
56eaeedd9d21b474d96a4b0c68aa540a	None	?	battleprefabs_vfxandmisc_assets_all.bundle
56ee4a1b9bfdd964aaf8648448e8e849	None	?	battleprefabs_vfxandmisc_assets_all.bundle
5792bee22b9580d4db0e70516adebe4f	None	?	battleprefabs_vfxandmisc_assets_all.bundle
57bb22a818bb17c47ad199d9e55ae981	None	?	battleprefabs_vfxandmisc_assets_all.bundle
57edbbcd0b4e67a438872c8029eb05c4	None	?	battleprefabs_vfxandmisc_assets_all.bundle
581668ebaafc6b144b4717fac96f278b	None	?	battleprefabs_vfxandmisc_assets_all.bundle
5836c65dbf3c9aa49858a790531ff1cd	None	?	battleprefabs_vfxandmisc_assets_all.bundle
583c17550f87daa4585ea3d0908a10c6	None	?	battleprefabs_vfxandmisc_assets_all.bundle
5853f8686c433e942b1a7a92b1d93e8a	None	?	battleprefabs_vfxandmisc_assets_all.bundle
58db0a1f684b5ee4ba197e8d344012d2	None	?	battleprefabs_vfxandmisc_assets_all.bundle
59184b1a18536794ea4b0678b1dc2861	None	?	battleprefabs_vfxandmisc_assets_all.bundle
5919ec1121e4b984da966a04e742a1f4	None	?	battleprefabs_vfxandmisc_assets_all.bundle
593dd3a8c154ecb4aace646ab64fa6b1	None	?	battleprefabs_vfxandmisc_assets_all.bundle
596e21402ed35c1498cf9009d23d939d	None	?	battleprefabs_vfxandmisc_assets_all.bundle
59882d0a76d568c47b826ca963af7cb8	None	?	battleprefabs_vfxandmisc_assets_all.bundle
5997c150a503ecf45af43a63e4b2f8a8	None	?	battleprefabs_vfxandmisc_assets_all.bundle
59a5606f713dec0469c942afa5914155	None	?	battleprefabs_vfxandmisc_assets_all.bundle
5a0afaac52b61294d8d3219273f63f51	None	?	battleprefabs_vfxandmisc_assets_all.bundle
5aa5684809628524e96bcae157aa0653	None	?	battleprefabs_vfxandmisc_assets_all.bundle
5b43c621ab41ca84892ea3317d3b0e73	None	?	battleprefabs_vfxandmisc_assets_all.bundle
5b62966bbea96ee4681392fd01858cd8	None	?	battleprefabs_vfxandmisc_assets_all.bundle
5b8cdad5eec69b442bbb04d847ece289	None	?	battleprefabs_vfxandmisc_assets_all.bundle
5b9baddd3ba59bb49afc4dec8bae9749	None	?	battleprefabs_vfxandmisc_assets_all.bundle
5bbc15aa244637d4b97044b12cb02b00	None	?	battleprefabs_vfxandmisc_assets_all.bundle
5bf3490815ffe7147b19bab0577c38f0	None	?	battleprefabs_vfxandmisc_assets_all.bundle
5c231d37706c3c84a91c10e4a3ac36c0	None	?	battleprefabs_vfxandmisc_assets_all.bundle
5c415d3d7e25c3f4d96fd8375b274127	None	?	battleprefabs_vfxandmisc_assets_all.bundle
5c55c3819015f594797d61cafe1738ba	None	?	battleprefabs_vfxandmisc_assets_all.bundle
5c89daec9ac68214bbf6d47b368dc927	None	?	battleprefabs_vfxandmisc_assets_all.bundle
5cc5540f14a6bd345946ecc329e07463	None	?	battleprefabs_vfxandmisc_assets_all.bundle
5d0897cb086425a4db3958bb7684b585	None	?	battleprefabs_vfxandmisc_assets_all.bundle
5d4a11627e4bb0b4eafe6a295057543f	None	?	battleprefabs_vfxandmisc_assets_all.bundle
5d64d8439061a004eb26da4c67aad652	None	?	battleprefabs_vfxandmisc_assets_all.bundle
5e8ee03d886149e42876d8c2cfcd726b	None	?	battleprefabs_vfxandmisc_assets_all.bundle
5e977521119914de5b08bba7f4d2eed6	None	?	battleprefabs_vfxandmisc_assets_all.bundle
5ef5b3c69f148df4999e6a95fa133e57	None	?	battleprefabs_vfxandmisc_assets_all.bundle
5ef5fc9fa38940c4f8cfa7dcbf408e21	None	?	battleprefabs_vfxandmisc_assets_all.bundle
5f45d5885978acc4a93751078864cfea	None	?	battleprefabs_vfxandmisc_assets_all.bundle
5fad5179506119c47af3792b716dba8b	None	?	battleprefabs_vfxandmisc_assets_all.bundle
5fe8d0917a0e4b147b39a196f0a84ecf	None	?	battleprefabs_vfxandmisc_assets_all.bundle
612ee8ef2139b7546b6c3f17427444c9	None	?	battleprefabs_vfxandmisc_assets_all.bundle
613a9df7cbb2c1f4fb0843e1fc2b98ef	None	?	battleprefabs_vfxandmisc_assets_all.bundle
615a0eb87552ab64083e2dde2028b875	None	?	battleprefabs_vfxandmisc_assets_all.bundle
6188579de5c98fc40a90544b8132daa2	None	?	battleprefabs_vfxandmisc_assets_all.bundle
623c272d0c1f7e54e9522d6306a79f19	None	?	battleprefabs_vfxandmisc_assets_all.bundle
624bfc4d37351ad4ca00a7c898a347f8	None	?	battleprefabs_vfxandmisc_assets_all.bundle
62536d894f7960b48a808276ba1db215	None	?	battleprefabs_vfxandmisc_assets_all.bundle
625acaa0c5a3a1a4b8af0f4bcf9a7f22	None	?	battleprefabs_vfxandmisc_assets_all.bundle
625df46d9a9a0b84d9f6f4da8fa8f092	None	?	battleprefabs_vfxandmisc_assets_all.bundle
627c216733fc65d49bf0407ed86223bc	None	?	battleprefabs_vfxandmisc_assets_all.bundle
628636f3e378f1749a2b68374bcec8f4	None	?	battleprefabs_vfxandmisc_assets_all.bundle
629741951c40548a49e35451a449d9d7	None	?	battleprefabs_vfxandmisc_assets_all.bundle
62e3cc8cf50d4834d9b4429c59b26f84	None	?	battleprefabs_vfxandmisc_assets_all.bundle
6370a8a2b90121b458efe3446f899209	None	?	battleprefabs_vfxandmisc_assets_all.bundle
6385e051700d8754aa42d79bbc0e0f37	None	?	battleprefabs_vfxandmisc_assets_all.bundle
6386d3198b0b789418789296abed0aee	None	?	battleprefabs_vfxandmisc_assets_all.bundle
63acbd99fb2d2574e8808eb458c3b55d	None	?	battleprefabs_vfxandmisc_assets_all.bundle
64d194c3dbeae5c48849272dc803a385	None	?	battleprefabs_vfxandmisc_assets_all.bundle
6518976bc3efc5e4a8023400008b30fc	None	?	battleprefabs_vfxandmisc_assets_all.bundle
651fd5cd2cddcd84188d63d1eb038469	None	?	battleprefabs_vfxandmisc_assets_all.bundle
65263f59b2500854aaf3b87c90667c84	None	?	battleprefabs_vfxandmisc_assets_all.bundle
658795983a48e2f4f8d48b3b72c4b054	None	?	battleprefabs_vfxandmisc_assets_all.bundle
6594ac1f138c1c341941329499856a50	None	?	battleprefabs_vfxandmisc_assets_all.bundle
65dfa94d1707d2749ac15bb2050ac8df	None	?	battleprefabs_vfxandmisc_assets_all.bundle
6641d4f8722025144b3ca6e49e78b6b2	None	?	battleprefabs_vfxandmisc_assets_all.bundle
666ffa5d2de90f643999eebc62b1aed4	None	?	battleprefabs_vfxandmisc_assets_all.bundle
677c475e1cc15e148afa901f25bcbb0a	None	?	battleprefabs_vfxandmisc_assets_all.bundle
67beba2e9427a6d4da185b821e80c34d	None	?	battleprefabs_vfxandmisc_assets_all.bundle
67eb257eb9c274e99944dab7986571b4	None	?	battleprefabs_vfxandmisc_assets_all.bundle
67ec43472bb956b43a8a24f3413c5c1b	None	?	battleprefabs_vfxandmisc_assets_all.bundle
67f34964af7c6b54ba12c79ab00adf5b	None	?	battleprefabs_vfxandmisc_assets_all.bundle
6800157e73f5d554fad050bb8dd67391	None	?	battleprefabs_vfxandmisc_assets_all.bundle
68788c0b809b31f4685443b1dee5b054	None	?	battleprefabs_vfxandmisc_assets_all.bundle
68d74bad7fa127144adbd9de73be380b	None	?	battleprefabs_vfxandmisc_assets_all.bundle
68df006a1513ba54183b1786c0635f54	None	?	battleprefabs_vfxandmisc_assets_all.bundle
68eaea3b2c69d7f44884b66971a8e8b7	None	?	battleprefabs_vfxandmisc_assets_all.bundle
692f306f917d6c54f94c3b03e844220b	None	?	battleprefabs_vfxandmisc_assets_all.bundle
6993ab5f06ca2459e824b6e569909662	None	?	battleprefabs_vfxandmisc_assets_all.bundle
69af7577f9b329c48aba4193a46830bb	None	?	battleprefabs_vfxandmisc_assets_all.bundle
69bad7da3ac611047ba1f525cff260ec	None	?	battleprefabs_vfxandmisc_assets_all.bundle
69eda08cd4fb9ab44ac1f8bc4a525a05	None	?	battleprefabs_vfxandmisc_assets_all.bundle
6a7cc4f1cd544914c856ad4e8207b3f1	None	?	battleprefabs_vfxandmisc_assets_all.bundle
6b3486ac06ac877478dd358b175615b0	None	?	battleprefabs_vfxandmisc_assets_all.bundle
6bc493c7cdf869342ba35df6689cb929	None	?	battleprefabs_vfxandmisc_assets_all.bundle
6be61eb7af447714eb4a2ff206c8c9f2	None	?	battleprefabs_vfxandmisc_assets_all.bundle
6c0437c34c2da644e988bae99258de3c	None	?	battleprefabs_vfxandmisc_assets_all.bundle
6c31de4b3afceaf4eb9262f5de9b3efc	None	?	battleprefabs_vfxandmisc_assets_all.bundle
6c4f8ce37906ed34a934ef92b381b2f5	None	?	battleprefabs_vfxandmisc_assets_all.bundle
6cb8ac4c6553312428f0753e18495724	None	?	battleprefabs_vfxandmisc_assets_all.bundle
6cc53b48a4a0acb4a94b5c618c4c8d7f	None	?	battleprefabs_vfxandmisc_assets_all.bundle
6cded3ddd5d309541b0b53f5f8ce59f6	None	?	battleprefabs_vfxandmisc_assets_all.bundle
6d12b4630996c2e4c91cd50151a97a2b	None	?	battleprefabs_vfxandmisc_assets_all.bundle
6d4dc79c0a4b68a4bbcbdc0047a7cf31	None	?	battleprefabs_vfxandmisc_assets_all.bundle
6d5129941c2bd894e8c8f255e4e2fbe3	None	?	battleprefabs_vfxandmisc_assets_all.bundle
6d90517f70a19fa409d6232b556d18e1	None	?	battleprefabs_vfxandmisc_assets_all.bundle
6de5735211b24d34ea99bd850780c5e0	None	?	battleprefabs_vfxandmisc_assets_all.bundle
6e6b5c94f0c3e934dab561911cc76f2d	None	?	battleprefabs_vfxandmisc_assets_all.bundle
6f28dc6d9177b1f429774b03917c3c8e	None	?	battleprefabs_vfxandmisc_assets_all.bundle
6f496c84b8ec41b4eb55bfb67c0a2644	None	?	battleprefabs_vfxandmisc_assets_all.bundle
6fd53e12be8544580937a37b17ffbb64	None	?	battleprefabs_vfxandmisc_assets_all.bundle
6fdb2cebf898a4d36bce5ab60cef8589	None	?	battleprefabs_vfxandmisc_assets_all.bundle
70011b4f9c8f4ea4da9c2a6b6c36c5d9	None	?	battleprefabs_vfxandmisc_assets_all.bundle
702b8646f8f4930498396f47bf84ca06	None	?	battleprefabs_vfxandmisc_assets_all.bundle
702e839e59c956b4697433d150a46ed5	None	?	battleprefabs_vfxandmisc_assets_all.bundle
703bd98195bd0f44f90d71c983df425b	None	?	battleprefabs_vfxandmisc_assets_all.bundle
70e306dc655d8634293219621b5da0fe	None	?	battleprefabs_vfxandmisc_assets_all.bundle
70e63894cc9b67e43be4fd0f7ed53197	None	?	battleprefabs_vfxandmisc_assets_all.bundle
7128e8c8227dfac479af277bbea7bba6	None	?	battleprefabs_vfxandmisc_assets_all.bundle
7173801578bee3a4fbff6565bbb2d690	None	?	battleprefabs_vfxandmisc_assets_all.bundle
71a7558030a8b9d43a7404b0c6990b65	None	?	battleprefabs_vfxandmisc_assets_all.bundle
71e5f76d76fd04d43bf89bc448e8424b	None	?	battleprefabs_vfxandmisc_assets_all.bundle
723d4f7ac2804d64eadcabed99db7ec5	None	?	battleprefabs_vfxandmisc_assets_all.bundle
729c2f82b3fe2d24dafbc14cc12b5040	None	?	battleprefabs_vfxandmisc_assets_all.bundle
7336f7f14b895884a83c5cb916117b82	None	?	battleprefabs_vfxandmisc_assets_all.bundle
7346f9246382ef1468e3cc5afe362818	None	?	battleprefabs_vfxandmisc_assets_all.bundle
736978d58f31b124ab8a740bdc98df5f	None	?	battleprefabs_vfxandmisc_assets_all.bundle
7397a67a885ca7b47a2a2826138d93fd	None	?	battleprefabs_vfxandmisc_assets_all.bundle
73cc655908ef34ab191d766dc0b8c62c	None	?	battleprefabs_vfxandmisc_assets_all.bundle
74664042f5728414da3d3db99bb44da4	None	?	battleprefabs_vfxandmisc_assets_all.bundle
747b0e05ddfd8d54689beb2a02ed91a2	None	?	battleprefabs_vfxandmisc_assets_all.bundle
74919cd44018bef42b03ad098c6b5555	None	?	battleprefabs_vfxandmisc_assets_all.bundle
74936ff3cd8fc1846897712c3a103506	None	?	battleprefabs_vfxandmisc_assets_all.bundle
752676b105f6f674386b151ffdf8f4ca	None	?	battleprefabs_vfxandmisc_assets_all.bundle
75bc41f587f6626498cafc0ace04c743	None	?	battleprefabs_vfxandmisc_assets_all.bundle
75cf0cb2ddde60f4f8ddddf1e8ca07be	None	?	battleprefabs_vfxandmisc_assets_all.bundle
75f4cc6db86f9a14c97b59d8f368647b	None	?	battleprefabs_vfxandmisc_assets_all.bundle
7603fb5150a300d4cac483738a43b3da	None	?	battleprefabs_vfxandmisc_assets_all.bundle
7606cfc3407854440a6ecb5dd7f22122	None	?	battleprefabs_vfxandmisc_assets_all.bundle
7614edef2326d2347b994e191f9e28e6	None	?	battleprefabs_vfxandmisc_assets_all.bundle
7689c14b5174a8c42a5c8c46d7ef128f	None	?	battleprefabs_vfxandmisc_assets_all.bundle
76e4d3fb48326bf4f8ed263db0570b69	None	?	battleprefabs_vfxandmisc_assets_all.bundle
76e71a7f318521448ae1d6e37a9a0753	None	?	battleprefabs_vfxandmisc_assets_all.bundle
77046214aa74b2f4cb8cfd0ffec8c6ba	None	?	battleprefabs_vfxandmisc_assets_all.bundle
777ccbb3f14fa3146bcdbdfcec145d37	None	?	battleprefabs_vfxandmisc_assets_all.bundle
77a915c1e96f6604c97cc1bf20b36365	None	?	battleprefabs_vfxandmisc_assets_all.bundle
789c60ff3d845ba428714cb0bc17e969	None	?	battleprefabs_vfxandmisc_assets_all.bundle
78b706d21666abc418e5bce0cf16cd34	None	?	battleprefabs_vfxandmisc_assets_all.bundle
78b8426c134dd3c46990aed27cb4b40f	None	?	battleprefabs_vfxandmisc_assets_all.bundle
7907272168e845b4b89468fe1841ae25	None	?	battleprefabs_vfxandmisc_assets_all.bundle
796d76e007e2d5a4093e5181a856b086	None	?	battleprefabs_vfxandmisc_assets_all.bundle
7971228312f967f419900bb45d8b3444	None	?	battleprefabs_vfxandmisc_assets_all.bundle
79c8838d9bb1b3f4ab47ec5492264bd2	None	?	battleprefabs_vfxandmisc_assets_all.bundle
7a2510ea5a99cf94c986e0574800c4d3	None	?	battleprefabs_vfxandmisc_assets_all.bundle
7a3de73ff1e924385a4015b892ef0a78	None	?	battleprefabs_vfxandmisc_assets_all.bundle
7a566ecc78bd59e49b395b517196a703	None	?	battleprefabs_vfxandmisc_assets_all.bundle
7a5fc9c643c44cd4c8faeefe3b4069c9	None	?	battleprefabs_vfxandmisc_assets_all.bundle
7ab1632408b553047891fe4db6036a64	None	?	battleprefabs_vfxandmisc_assets_all.bundle
7ae98399227c2e448b14f75f51593f2e	None	?	battleprefabs_vfxandmisc_assets_all.bundle
7b0048a2d2a6b4c43b0a39830ef7d169	None	?	battleprefabs_vfxandmisc_assets_all.bundle
7b37383f86c604d4380d9c12aa4b0fa1	None	?	battleprefabs_vfxandmisc_assets_all.bundle
7b5074a9dec2c4447b2019a019faa1f2	None	?	battleprefabs_vfxandmisc_assets_all.bundle
7b9424042f4b649438eab4d6e1b8f987	None	?	battleprefabs_vfxandmisc_assets_all.bundle
7b96ee56a5b633d42a8d4fa2e4e791b2	None	?	battleprefabs_vfxandmisc_assets_all.bundle
7ba16c077b4bf1c41bec957e5930efdd	None	?	battleprefabs_vfxandmisc_assets_all.bundle
7bbb92df579916841ac5fe45d9fbceca	None	?	battleprefabs_vfxandmisc_assets_all.bundle
7c0738da69c3eaf4d84f31c6cec19ca3	None	?	battleprefabs_vfxandmisc_assets_all.bundle
7c16fdce5bda46447b42888dd4d7a2a8	None	?	battleprefabs_vfxandmisc_assets_all.bundle
7c9d10ce4df57b64ba33927e10d872a2	None	?	battleprefabs_vfxandmisc_assets_all.bundle
7cc67377dd728034d9f6b4d5bc08d6a5	None	?	battleprefabs_vfxandmisc_assets_all.bundle
7cd5692734a325049a47cdfbaaabe59c	None	?	battleprefabs_vfxandmisc_assets_all.bundle
7cdd8dcfb8fcae445add37a7a7603894	None	?	battleprefabs_vfxandmisc_assets_all.bundle
7ce0ec8fcd22494419ef0a4ee535bb15	None	?	battleprefabs_vfxandmisc_assets_all.bundle
7d17de8810824e84c9b863193408ef01	None	?	battleprefabs_vfxandmisc_assets_all.bundle
7d22d93e83b44604ebee68acbe5a1aad	None	?	battleprefabs_vfxandmisc_assets_all.bundle
7da38b8baf64dcd4783831afe97ccc39	None	?	battleprefabs_vfxandmisc_assets_all.bundle
7dac409776d0a07459cccfb7ea7f5ff5	None	?	battleprefabs_vfxandmisc_assets_all.bundle
7e194b6a3e9f6a54fad5adaa9ebdfbc6	None	?	battleprefabs_vfxandmisc_assets_all.bundle
7e477f3fe808c284f876b27666a0b3f3	None	?	battleprefabs_vfxandmisc_assets_all.bundle
7e6ff34d204564e43836cad8ffea0754	None	?	battleprefabs_vfxandmisc_assets_all.bundle
7ea880f8c0010434cb7c11fcdae93d48	None	?	battleprefabs_vfxandmisc_assets_all.bundle
7ed3a50625c52cf49bc3f1675a7e4a85	None	?	battleprefabs_vfxandmisc_assets_all.bundle
7f3407a421a1f474db7372f21ac3ce23	None	?	battleprefabs_vfxandmisc_assets_all.bundle
7fa097787d9f32844a188b151641a46d	None	?	battleprefabs_vfxandmisc_assets_all.bundle
7fbf8c65279e7dd4bbbc6da5694d4c2f	None	?	battleprefabs_vfxandmisc_assets_all.bundle
801671d0a4c98e44eb075b3cd0d10ee8	None	?	battleprefabs_vfxandmisc_assets_all.bundle
8029067dcc442ad47a4aa7e46a93c047	None	?	battleprefabs_vfxandmisc_assets_all.bundle
80342823d9cacb24185624197325d190	None	?	battleprefabs_vfxandmisc_assets_all.bundle
80a9088fb88e0af4e85705bc8566ca31	None	?	battleprefabs_vfxandmisc_assets_all.bundle
80d072fab7d56fe4f8619eb5ff7c51d9	None	?	battleprefabs_vfxandmisc_assets_all.bundle
820ba8abbc9fbac499307260bacdfa1f	None	?	battleprefabs_vfxandmisc_assets_all.bundle
8262f7451b63d3f48884c553517e9b4f	None	?	battleprefabs_vfxandmisc_assets_all.bundle
826956f78544a7742a7c6f8aa5b978e1	None	?	battleprefabs_vfxandmisc_assets_all.bundle
82951aac22f1d7d4396faeefd56284f3	None	?	battleprefabs_vfxandmisc_assets_all.bundle
82c84ad5279949b498bba1f948c8e144	None	?	battleprefabs_vfxandmisc_assets_all.bundle
837c61434748ca14989ffbfd8ca10fb6	None	?	battleprefabs_vfxandmisc_assets_all.bundle
839c69a4cd7facb4ebfed84c64c6496a	None	?	battleprefabs_vfxandmisc_assets_all.bundle
83e23fd180e084044bb6939ed6546b1a	None	?	battleprefabs_vfxandmisc_assets_all.bundle
844c2ba34af4a614996f978a7d791eb3	None	?	battleprefabs_vfxandmisc_assets_all.bundle
84cb0d7e3b1cbdc4bbd878aabf7b6db7	None	?	battleprefabs_vfxandmisc_assets_all.bundle
850cb8779ff34bc429386ba6f2684aa9	None	?	battleprefabs_vfxandmisc_assets_all.bundle
85bde2f1150ad1d4ca98ab5f480c455d	None	?	battleprefabs_vfxandmisc_assets_all.bundle
86421a06184a2664a9862dc0506fb6b8	None	?	battleprefabs_vfxandmisc_assets_all.bundle
8691d13522e36374980268577bc94c89	None	?	battleprefabs_vfxandmisc_assets_all.bundle
86a28d2bcd0b27e48815b44e9203caa6	None	?	battleprefabs_vfxandmisc_assets_all.bundle
86ad1e09f3ff7f342a797ccffdb132e9	None	?	battleprefabs_vfxandmisc_assets_all.bundle
86ae93babfc4f664483b61664f1b5fb2	None	?	battleprefabs_vfxandmisc_assets_all.bundle
87092a3e08408694d97f5de74cdd565f	None	?	battleprefabs_vfxandmisc_assets_all.bundle
879c98eb57e5310448a1f90f35da54d8	None	?	battleprefabs_vfxandmisc_assets_all.bundle
87a100c766fda41059e261e3e1ed817b	None	?	battleprefabs_vfxandmisc_assets_all.bundle
87b53c65de80c5344a20d076b9407b67	None	?	battleprefabs_vfxandmisc_assets_all.bundle
8833d5591cc0a4e66ad5954053b4398b	None	?	battleprefabs_vfxandmisc_assets_all.bundle
8845f72a467f3e04baab7c9fb4aac636	None	?	battleprefabs_vfxandmisc_assets_all.bundle
888b7b30416a3f44288acec6dac9785c	None	?	battleprefabs_vfxandmisc_assets_all.bundle
89333ae553be86c45bc1c45d4172f5d4	None	?	battleprefabs_vfxandmisc_assets_all.bundle
896550507b510e742be11d8265c22440	None	?	battleprefabs_vfxandmisc_assets_all.bundle
89c86d9e4a3e7d94f9ae028637a54514	None	?	battleprefabs_vfxandmisc_assets_all.bundle
89d2ae6f075869a45a34ffbae52ec103	None	?	battleprefabs_vfxandmisc_assets_all.bundle
8a15c6942f529064abacf464c8220381	None	?	battleprefabs_vfxandmisc_assets_all.bundle
8a1e3c8a12757b84f86433676b6d649e	None	?	battleprefabs_vfxandmisc_assets_all.bundle
8a4bb7a204b21f744b8eb9f42f593812	None	?	battleprefabs_vfxandmisc_assets_all.bundle
8a745f1eb8c3a0240b2cb1d751b876da	None	?	battleprefabs_vfxandmisc_assets_all.bundle
8a90d91ace769054b89f30d796f52fbb	None	?	battleprefabs_vfxandmisc_assets_all.bundle
8ad2e793067e12a4d85ac49fb0d85cd8	None	?	battleprefabs_vfxandmisc_assets_all.bundle
8aff12cc707fe044dbaa4e078dd6ae02	None	?	battleprefabs_vfxandmisc_assets_all.bundle
8b68cc4ed96bb744095468d14d55ff85	None	?	battleprefabs_vfxandmisc_assets_all.bundle
8b744924047aa594dbea25217fc73bac	None	?	battleprefabs_vfxandmisc_assets_all.bundle
8bd3facd68efc454abc6a4a0fc1398d1	None	?	battleprefabs_vfxandmisc_assets_all.bundle
8bfe7eab9bdce5d4b905a11286324695	None	?	battleprefabs_vfxandmisc_assets_all.bundle
8c19efc451bd6c649939699c3c9227ce	None	?	battleprefabs_vfxandmisc_assets_all.bundle
8c3490ea82297c94ba53ac5f85c16831	None	?	battleprefabs_vfxandmisc_assets_all.bundle
8c8c147d899626048827ec7ce9bd1139	None	?	battleprefabs_vfxandmisc_assets_all.bundle
8cfd4c2ff79ea964b97506b0ca9c426f	None	?	battleprefabs_vfxandmisc_assets_all.bundle
8d35995a67418e74fa5eecbcc86eb089	None	?	battleprefabs_vfxandmisc_assets_all.bundle
8d51f8ee5dcf30b45b19d71aa8c11ff0	None	?	battleprefabs_vfxandmisc_assets_all.bundle
8d65faf08bb7eab409563aaac05b2819	None	?	battleprefabs_vfxandmisc_assets_all.bundle
8d86e3d1c403a9f42896e9dc6ad04425	None	?	battleprefabs_vfxandmisc_assets_all.bundle
8d998f87c7be0f1438dba58aa72f2c04	None	?	battleprefabs_vfxandmisc_assets_all.bundle
8df03334903d6d34d844e28a640b0625	None	?	battleprefabs_vfxandmisc_assets_all.bundle
8e1364fad98405f4a91e1aaeadcce778	None	?	battleprefabs_vfxandmisc_assets_all.bundle
8e39220c9401b30438088ed7943ee588	None	?	battleprefabs_vfxandmisc_assets_all.bundle
8e660976c32e65d468298a8a2f067fd9	None	?	battleprefabs_vfxandmisc_assets_all.bundle
8ed522479a9df67469ea5ecba3757977	None	?	battleprefabs_vfxandmisc_assets_all.bundle
8f4146eb45a05894a87ec9374262d924	None	?	battleprefabs_vfxandmisc_assets_all.bundle
8f981c5013c1b0c46bb00ba9272b0ff6	None	?	battleprefabs_vfxandmisc_assets_all.bundle
8fbd5d8184576c24ba6c7159abd48f06	None	?	battleprefabs_vfxandmisc_assets_all.bundle
8fc8d966e7e73634da5e70c7999be330	None	?	battleprefabs_vfxandmisc_assets_all.bundle
8fd1a7cb52716d84eb2e5dd948f9a25a	None	?	battleprefabs_vfxandmisc_assets_all.bundle
90d4a16aa8e97994b9f2e4739c473cf0	None	?	battleprefabs_vfxandmisc_assets_all.bundle
91aba6ebe7963b84f9545b009a9051ff	None	?	battleprefabs_vfxandmisc_assets_all.bundle
91b08c69343efb3419eb1afec0115a8f	None	?	battleprefabs_vfxandmisc_assets_all.bundle
91cca9893ea27d040981921ac9197526	None	?	battleprefabs_vfxandmisc_assets_all.bundle
91fb73d4e819769488b8bc850105a618	None	?	battleprefabs_vfxandmisc_assets_all.bundle
920334f8def0d0e48bca07d04263aa34	None	?	battleprefabs_vfxandmisc_assets_all.bundle
9222d093c50ce2f409e0f8ef62e6822e	None	?	battleprefabs_vfxandmisc_assets_all.bundle
9239a7a9f0fa34f478dbc965e8d2b320	None	?	battleprefabs_vfxandmisc_assets_all.bundle
926198c46e95a47c2873da41970b03cf	None	?	battleprefabs_vfxandmisc_assets_all.bundle
92ace1244cc07104b9893df26af3e66d	None	?	battleprefabs_vfxandmisc_assets_all.bundle
92cb279b29f7bfe4082e2b3c0099f40b	None	?	battleprefabs_vfxandmisc_assets_all.bundle
92fab26de588ec6458332c69746669d0	None	?	battleprefabs_vfxandmisc_assets_all.bundle
93061fc690be628468901350bbcfb82c	None	?	battleprefabs_vfxandmisc_assets_all.bundle
934e4bef3d9685847adb30fce0feca0d	None	?	battleprefabs_vfxandmisc_assets_all.bundle
94543cb08c9b54f4eb7379ded9e7465a	None	?	battleprefabs_vfxandmisc_assets_all.bundle
946599ccb6fe24e4a8fe6f6287cb39e9	None	?	battleprefabs_vfxandmisc_assets_all.bundle
94e9a4b7ed6ca584c80c2f9102aeae8c	None	?	battleprefabs_vfxandmisc_assets_all.bundle
957c85d49028b8b46965c081a28a1211	None	?	battleprefabs_vfxandmisc_assets_all.bundle
95bfb82299520b24aae0064078e465ec	None	?	battleprefabs_vfxandmisc_assets_all.bundle
9635d2fbd7826294591fe89c485e260b	None	?	battleprefabs_vfxandmisc_assets_all.bundle
96525a33bd1bd5f488215b7d0b0f5b6c	None	?	battleprefabs_vfxandmisc_assets_all.bundle
966b7e4d8ef94584dab338ddcb070a9b	None	?	battleprefabs_vfxandmisc_assets_all.bundle
96ade3a1423a21c41852884a286c8484	None	?	battleprefabs_vfxandmisc_assets_all.bundle
96bbe1e38dc44b14291260e639e65155	None	?	battleprefabs_vfxandmisc_assets_all.bundle
97343a6d86d22f547a9ad28601531e6b	None	?	battleprefabs_vfxandmisc_assets_all.bundle
9784f12dbf31437479498b29e9c4cb1a	None	?	battleprefabs_vfxandmisc_assets_all.bundle
978aa840788d38848a62866494ee0823	None	?	battleprefabs_vfxandmisc_assets_all.bundle
97c373726b7dcfc4db3c60cc3740ea90	None	?	battleprefabs_vfxandmisc_assets_all.bundle
980dbc9a102183a4f977258d4f8d9b29	None	?	battleprefabs_vfxandmisc_assets_all.bundle
98bc0b762a03de040a2a10f4618c8366	None	?	battleprefabs_vfxandmisc_assets_all.bundle
98c2b73cf00c03e49a4d5eb037e7dba4	None	?	battleprefabs_vfxandmisc_assets_all.bundle
9908495d6165ee74998a00062ea73cb0	None	?	battleprefabs_vfxandmisc_assets_all.bundle
99a90fa574a8bab408f067beef4a3bd6	None	?	battleprefabs_vfxandmisc_assets_all.bundle
9a03662bd39afaa48add44b12e07af9e	None	?	battleprefabs_vfxandmisc_assets_all.bundle
9a1ec5215e6cb184ba7e5404e08d8ebe	None	?	battleprefabs_vfxandmisc_assets_all.bundle
9a26dd4c64fb2c2468eb6084b7b1e7ea	None	?	battleprefabs_vfxandmisc_assets_all.bundle
9a90d008359a26c49b3886948ce89f32	None	?	battleprefabs_vfxandmisc_assets_all.bundle
9a9afe15f5cb4414f8a84c66bc041de5	None	?	battleprefabs_vfxandmisc_assets_all.bundle
9add110318e3d874886774f779dbc051	None	?	battleprefabs_vfxandmisc_assets_all.bundle
9ae02f1392252364ba7c255ea241746d	None	?	battleprefabs_vfxandmisc_assets_all.bundle
9ae25a58eea840642a7692dad27b1184	None	?	battleprefabs_vfxandmisc_assets_all.bundle
9afe367ed4ac8c84792a915f40a920c8	None	?	battleprefabs_vfxandmisc_assets_all.bundle
9b2972f9e64f14244b3b485f2897302f	None	?	battleprefabs_vfxandmisc_assets_all.bundle
9c2c9dae6c01e5949b5ef07241f7679d	None	?	battleprefabs_vfxandmisc_assets_all.bundle
9c44ccadc6282064d8a6c61c20bf97dd	None	?	battleprefabs_vfxandmisc_assets_all.bundle
9c64c57799b137b428e5b03914cb019e	None	?	battleprefabs_vfxandmisc_assets_all.bundle
9ca4376d12252f943ba0c691f9904189	None	?	battleprefabs_vfxandmisc_assets_all.bundle
9cf69ddeae6686a4bbc6424b6d336ed5	None	?	battleprefabs_vfxandmisc_assets_all.bundle
9d7fa450783823848b546a73cd6e0f54	None	?	battleprefabs_vfxandmisc_assets_all.bundle
9df032b72a6ad0c46a29f17fe840790e	None	?	battleprefabs_vfxandmisc_assets_all.bundle
9e21139d6eb61c34bae889d0db725ee0	None	?	battleprefabs_vfxandmisc_assets_all.bundle
9e7a3f96619f14a4997c652271689d82	None	?	battleprefabs_vfxandmisc_assets_all.bundle
9ea05b928c369214082382a4cecba46d	None	?	battleprefabs_vfxandmisc_assets_all.bundle
9ec8ab9f4cf927d4398bf037fea12793	None	?	battleprefabs_vfxandmisc_assets_all.bundle
9ecebdff558323245afa553fa0c20435	None	?	battleprefabs_vfxandmisc_assets_all.bundle
9efac729e853f474499193dec12510b0	None	?	battleprefabs_vfxandmisc_assets_all.bundle
9f3b0a07fa1ab044394d0dfd3b98dce8	None	?	battleprefabs_vfxandmisc_assets_all.bundle
9feb59c4c40c12c4da02d2855a97402d	None	?	battleprefabs_vfxandmisc_assets_all.bundle
a05dbaa8a361e4ea8a296d408bccb1e2	None	?	battleprefabs_vfxandmisc_assets_all.bundle
a07a9f1be151ebe43be7fdefe571faf4	None	?	battleprefabs_vfxandmisc_assets_all.bundle
a07b2fd86bbb6ad4aab7c587482dcc2b	None	?	battleprefabs_vfxandmisc_assets_all.bundle
a08a9c94de516ce4fa601bfca60f5a3f	None	?	battleprefabs_vfxandmisc_assets_all.bundle
a0a3b1c802d1c0d4cbeb68d37fc69954	None	?	battleprefabs_vfxandmisc_assets_all.bundle
a0d0ada01c2391440809fd55343a0236	None	?	battleprefabs_vfxandmisc_assets_all.bundle
a19064e7e9828fa48b736e5c884b5537	None	?	battleprefabs_vfxandmisc_assets_all.bundle
a32f3d77a067dd74c9b9504bbe7ea790	None	?	battleprefabs_vfxandmisc_assets_all.bundle
a336c47522cbce840bd1e70d659d79cc	None	?	battleprefabs_vfxandmisc_assets_all.bundle
a36694584a38cdc4aa4b051afcb79afb	None	?	battleprefabs_vfxandmisc_assets_all.bundle
a4f894c13f0fa1b4ea179d549048a7d1	None	?	battleprefabs_vfxandmisc_assets_all.bundle
a507cda0ff6760943a08cfb2cb7d4a91	None	?	battleprefabs_vfxandmisc_assets_all.bundle
a50ed892ac684fe48901096ff7939009	None	?	battleprefabs_vfxandmisc_assets_all.bundle
a52abe099d72ae84a9ee46aa4402afca	None	?	battleprefabs_vfxandmisc_assets_all.bundle
a5834a7ae2dd92745a7d0e2637239c47	None	?	battleprefabs_vfxandmisc_assets_all.bundle
a588d47fd5409eb42bc639e4477a011b	None	?	battleprefabs_vfxandmisc_assets_all.bundle
a5913e0f48fb1f54d96ab3db052c475c	None	?	battleprefabs_vfxandmisc_assets_all.bundle
a5b2ee141d20316418393b5343bc6db2	None	?	battleprefabs_vfxandmisc_assets_all.bundle
a649084ae5e0afc4192af0f7a691f2fb	None	?	battleprefabs_vfxandmisc_assets_all.bundle
a66412c77a56b664389129d570331b7e	None	?	battleprefabs_vfxandmisc_assets_all.bundle
a67143e9313c82849982d3a97100c4a0	None	?	battleprefabs_vfxandmisc_assets_all.bundle
a67fb5a068bd3a04fbba4db1d7274d08	None	?	battleprefabs_vfxandmisc_assets_all.bundle
a6a03387db031b641a50ab8e5cec7a36	None	?	battleprefabs_vfxandmisc_assets_all.bundle
a6fd56e976826a545a0dc61099104d0a	None	?	battleprefabs_vfxandmisc_assets_all.bundle
a73edcfdf485b7b4781f12d9ccdec763	None	?	battleprefabs_vfxandmisc_assets_all.bundle
a73f1b283502845438bca6cc17526f8b	None	?	battleprefabs_vfxandmisc_assets_all.bundle
a7c314bc6db4e4756977cb80a8023697	None	?	battleprefabs_vfxandmisc_assets_all.bundle
a7d6ba3de255d9248bbb07f2a3a2c25d	None	?	battleprefabs_vfxandmisc_assets_all.bundle
a82b836e9484442cc97e8708f1fdc799	None	?	battleprefabs_vfxandmisc_assets_all.bundle
a8c733f45a3b8f943939ae4d4deaa2c0	None	?	battleprefabs_vfxandmisc_assets_all.bundle
a9840b9cca0f3964aad61576233301a8	None	?	battleprefabs_vfxandmisc_assets_all.bundle
aa92796a99d74874c8e275cc287b3ab4	None	?	battleprefabs_vfxandmisc_assets_all.bundle
aa9935b561061b9419cd65770e18aa89	None	?	battleprefabs_vfxandmisc_assets_all.bundle
aaa6d967c11476940b405bff7cc8964a	None	?	battleprefabs_vfxandmisc_assets_all.bundle
aac3fe87a4618f5478ceaad364650105	None	?	battleprefabs_vfxandmisc_assets_all.bundle
aaeee2647cea25f408e31f9ea02d91dd	None	?	battleprefabs_vfxandmisc_assets_all.bundle
ab3d4d8d628cca5479c127defd79bda3	None	?	battleprefabs_vfxandmisc_assets_all.bundle
ac139c2c025bc044182232ab316afb13	None	?	battleprefabs_vfxandmisc_assets_all.bundle
ac42518234602ea4abaf3932e61ecf81	None	?	battleprefabs_vfxandmisc_assets_all.bundle
ac80d4fde3e86bc4292358e213ce6505	None	?	battleprefabs_vfxandmisc_assets_all.bundle
ad1842ad4dc6e304387a3d34055beda2	None	?	battleprefabs_vfxandmisc_assets_all.bundle
ad22be2297ea5424a8bf2a1c0012a764	None	?	battleprefabs_vfxandmisc_assets_all.bundle
ad27ae2e79895f044a20c8bd6da1d062	None	?	battleprefabs_vfxandmisc_assets_all.bundle
ad2a5053c38eabb4a838e66d530a5742	None	?	battleprefabs_vfxandmisc_assets_all.bundle
ad611943ec5ce7c4bbcd7d4b01915e92	None	?	battleprefabs_vfxandmisc_assets_all.bundle
addf7d95facc6c846803ee7f631a6dbe	None	?	battleprefabs_vfxandmisc_assets_all.bundle
ae32e60e10f47294681b8a7078a12c91	None	?	battleprefabs_vfxandmisc_assets_all.bundle
aea3207a026cb4806be0fce777fe6035	None	?	battleprefabs_vfxandmisc_assets_all.bundle
aee7a2270f38d154e8edfbcf16a8df09	None	?	battleprefabs_vfxandmisc_assets_all.bundle
af78d9242171c25489608f7d7c8ae17b	None	?	battleprefabs_vfxandmisc_assets_all.bundle
af7ec6aaf5b1d9a499e6d236efcdd4bb	None	?	battleprefabs_vfxandmisc_assets_all.bundle
aff6f8cffa1ea164c8285c6bb3071655	None	?	battleprefabs_vfxandmisc_assets_all.bundle
b00a353e6711f294da6fb07141a93900	None	?	battleprefabs_vfxandmisc_assets_all.bundle
b0377d6f7fd73b244814232901f5b0a2	None	?	battleprefabs_vfxandmisc_assets_all.bundle
b05e705c6bead1a4791eb5d6b3b6492f	None	?	battleprefabs_vfxandmisc_assets_all.bundle
b0cd6ee6b06345d459204ebae25c3d09	None	?	battleprefabs_vfxandmisc_assets_all.bundle
b1146b4cfd9705a4b8aa43d33014790b	None	?	battleprefabs_vfxandmisc_assets_all.bundle
b14341242802d4346b3179eb4b3cd5f6	None	?	battleprefabs_vfxandmisc_assets_all.bundle
b18526036f8f6d6408cbf8821f0e612c	None	?	battleprefabs_vfxandmisc_assets_all.bundle
b1bac39c8d34e0b4d8b3e66843e54782	None	?	battleprefabs_vfxandmisc_assets_all.bundle
b1c37e51805a64c4aa2797c8bc032f74	None	?	battleprefabs_vfxandmisc_assets_all.bundle
b24231419e66a8e4d820f56a0435d298	None	?	battleprefabs_vfxandmisc_assets_all.bundle
b2552aaebc80a2140b76afe001d39a66	None	?	battleprefabs_vfxandmisc_assets_all.bundle
b320c765c6485fa419c06b1a926ae6b6	None	?	battleprefabs_vfxandmisc_assets_all.bundle
b3313154572eb4026b10e10a5157f238	None	?	battleprefabs_vfxandmisc_assets_all.bundle
b36dc3c7c4fe4e848944806a3c4c253a	None	?	battleprefabs_vfxandmisc_assets_all.bundle
b38b11802cece5347b40e49b624a80c2	None	?	battleprefabs_vfxandmisc_assets_all.bundle
b4a336c6afa84674184337c4968587c6	None	?	battleprefabs_vfxandmisc_assets_all.bundle
b4e08e1f2fc72d74891f496ddadb77e3	None	?	battleprefabs_vfxandmisc_assets_all.bundle
b5218b16377a2b5419a9c9f870ac8fde	None	?	battleprefabs_vfxandmisc_assets_all.bundle
b5271fe86da5b094aa10c43b993b6390	None	?	battleprefabs_vfxandmisc_assets_all.bundle
b62b104fbf3f0414e86cd5cef0bfdc69	None	?	battleprefabs_vfxandmisc_assets_all.bundle
b65f30f8775bcbf4c918ffa7b6b9eba3	None	?	battleprefabs_vfxandmisc_assets_all.bundle
b768b1f224c3e3d41934491c0407da82	None	?	battleprefabs_vfxandmisc_assets_all.bundle
b76ff9fe832ed4d4a9eb35bc1be6b860	None	?	battleprefabs_vfxandmisc_assets_all.bundle
b788ff0f7c2c9344887fe13f4f26bda6	None	?	battleprefabs_vfxandmisc_assets_all.bundle
b7a66c447496ea740829517a295f5605	None	?	battleprefabs_vfxandmisc_assets_all.bundle
b7a76f41ca8937148baa246e0ada9607	None	?	battleprefabs_vfxandmisc_assets_all.bundle
b7a8cfdc5f976fe40ad43053d722f130	None	?	battleprefabs_vfxandmisc_assets_all.bundle
b7be2c41029c6da4d9bd34d490bd2390	None	?	battleprefabs_vfxandmisc_assets_all.bundle
b7e9179143849594dbf7a59b79d71aeb	None	?	battleprefabs_vfxandmisc_assets_all.bundle
b880f7eb79561974799597c8379b0d1d	None	?	battleprefabs_vfxandmisc_assets_all.bundle
b910f73134850e249a5e4bebbc1f6101	None	?	battleprefabs_vfxandmisc_assets_all.bundle
b93a7c47748504b1db7bcbf2bedfbf12	None	?	battleprefabs_vfxandmisc_assets_all.bundle
b9edcf63021f7204fbee1dd37f9b0266	None	?	battleprefabs_vfxandmisc_assets_all.bundle
b9fc88315a37e4d47a84fdbe48e6a14c	None	?	battleprefabs_vfxandmisc_assets_all.bundle
ba6764dbbe6a1f649a9a148f3442da84	None	?	battleprefabs_vfxandmisc_assets_all.bundle
ba6e53f1003844969a75396150aeba91	None	?	battleprefabs_vfxandmisc_assets_all.bundle
ba6f9e2b1372ccb4cb99385270d9ac4c	None	?	battleprefabs_vfxandmisc_assets_all.bundle
bab191adcbfd87d4e83f43ba19427483	None	?	battleprefabs_vfxandmisc_assets_all.bundle
badb75089307d1f4382d1a46945b453d	None	?	battleprefabs_vfxandmisc_assets_all.bundle
bb541f4b43e64ea489b629b13468d308	None	?	battleprefabs_vfxandmisc_assets_all.bundle
bb6f79eca7e77e946afaef2ecab839f3	None	?	battleprefabs_vfxandmisc_assets_all.bundle
bb754b9326fc65644bd8775fd6542185	None	?	battleprefabs_vfxandmisc_assets_all.bundle
bc13f08c72c10ee458307c5ac5aacd89	None	?	battleprefabs_vfxandmisc_assets_all.bundle
bc3972b4af802234da9e8eb89ab3a29a	None	?	battleprefabs_vfxandmisc_assets_all.bundle
bcc111fe6614e4747b6e82958a788041	None	?	battleprefabs_vfxandmisc_assets_all.bundle
bcef841e0c7f7734398a300ab18d4e12	None	?	battleprefabs_vfxandmisc_assets_all.bundle
bd01fd693d9ea24439b64dc63865038b	None	?	battleprefabs_vfxandmisc_assets_all.bundle
bd0805eea7a724a4594bbde941216fba	None	?	battleprefabs_vfxandmisc_assets_all.bundle
bd406ebbc7067184ca0755ad20bebcb9	None	?	battleprefabs_vfxandmisc_assets_all.bundle
bd568e7c1b13f7a40a4abcc28fe80fc4	None	?	battleprefabs_vfxandmisc_assets_all.bundle
bdc4abc7bc11eed419b0ced513869f96	None	?	battleprefabs_vfxandmisc_assets_all.bundle
be2aacb7e1b38174cb1e23ccc1111038	None	?	battleprefabs_vfxandmisc_assets_all.bundle
befe86d289062c44aa1743af88662ee3	None	?	battleprefabs_vfxandmisc_assets_all.bundle
bf7b815402e35b746a1187a12e866c68	None	?	battleprefabs_vfxandmisc_assets_all.bundle
c05ac7128a52abf41947d5e59c4f9f48	None	?	battleprefabs_vfxandmisc_assets_all.bundle
c0a5a6991a9972b4d9a27ef2a03f6e51	None	?	battleprefabs_vfxandmisc_assets_all.bundle
c0a8c90c208248449a552e67bc649d1a	None	?	battleprefabs_vfxandmisc_assets_all.bundle
c12adc4b40d3fe5429ddecdc7e684f21	None	?	battleprefabs_vfxandmisc_assets_all.bundle
c1b520d7921e49d4fb43288f124d433c	None	?	battleprefabs_vfxandmisc_assets_all.bundle
c2345d6220f45a54aaa121cb21a40400	None	?	battleprefabs_vfxandmisc_assets_all.bundle
c256a3c15b4cf62489a76ace989067b0	None	?	battleprefabs_vfxandmisc_assets_all.bundle
c353be9392aa8d24ca98b21cdadedf93	None	?	battleprefabs_vfxandmisc_assets_all.bundle
c353c442350e74a40903efeac4ba6870	None	?	battleprefabs_vfxandmisc_assets_all.bundle
c4340392a4bacc54a9aeebb92dbb39fa	None	?	battleprefabs_vfxandmisc_assets_all.bundle
c46eb705f7902434eba6d7a7ff138830	None	?	battleprefabs_vfxandmisc_assets_all.bundle
c494c6449d2ebd049a5e3a87dc3db9ed	None	?	battleprefabs_vfxandmisc_assets_all.bundle
c53d2e222bd19854d9b34c23a3a0543f	None	?	battleprefabs_vfxandmisc_assets_all.bundle
c5791d8261734484f98bc891caf8580b	None	?	battleprefabs_vfxandmisc_assets_all.bundle
c57aabba815c7904d9582c24084c2444	None	?	battleprefabs_vfxandmisc_assets_all.bundle
c5deb2c916c9b0548b099ceb517cdcc3	None	?	battleprefabs_vfxandmisc_assets_all.bundle
c62541cf45af1dd4aa98e4ffc3fa06d5	None	?	battleprefabs_vfxandmisc_assets_all.bundle
c66c955185f265e45a4bc5212728281f	None	?	battleprefabs_vfxandmisc_assets_all.bundle
c6c2dea691aeb61448b872d79b35f0fe	None	?	battleprefabs_vfxandmisc_assets_all.bundle
c77b385036b261747a324ad4c0a6a50f	None	?	battleprefabs_vfxandmisc_assets_all.bundle
c7a4d67434b49a1419cd51ef547f6d9e	None	?	battleprefabs_vfxandmisc_assets_all.bundle
c8187239a56cd91448a4e3b497228590	None	?	battleprefabs_vfxandmisc_assets_all.bundle
c81dd8c348c284d4187eb343a4ae14fa	None	?	battleprefabs_vfxandmisc_assets_all.bundle
c82c979e5f02c124ba99edc39700eb44	None	?	battleprefabs_vfxandmisc_assets_all.bundle
c866a62e69da1334b87e99d5c63fbef6	None	?	battleprefabs_vfxandmisc_assets_all.bundle
c8b101064892f404eb641363205a9c05	None	?	battleprefabs_vfxandmisc_assets_all.bundle
c96b715bef2c63e45976c5c099e72cdc	None	?	battleprefabs_vfxandmisc_assets_all.bundle
c9b9702a6f1247a4ab68096920d3d9bf	None	?	battleprefabs_vfxandmisc_assets_all.bundle
c9bb6bbccc1234dba80a12b2cf2fb040	None	?	battleprefabs_vfxandmisc_assets_all.bundle
c9dabedc496901a4ca2c4a5839e044a6	None	?	battleprefabs_vfxandmisc_assets_all.bundle
c9ff24c757eb59246aa1dc489b43af56	None	?	battleprefabs_vfxandmisc_assets_all.bundle
ca8e6b61a1fe5ff4b9d1c4bee721667d	None	?	battleprefabs_vfxandmisc_assets_all.bundle
cadbe30a49f8dad4d808b283627a7e35	None	?	battleprefabs_vfxandmisc_assets_all.bundle
cb4be6fc563ee4a43b28db18764f3e52	None	?	battleprefabs_vfxandmisc_assets_all.bundle
cb5141e626e99ba488fc3757467f6381	None	?	battleprefabs_vfxandmisc_assets_all.bundle
cb6d68a8b489680488eb3b81e49feb3d	None	?	battleprefabs_vfxandmisc_assets_all.bundle
cbc41432ce429ce43b41cc7808af6def	None	?	battleprefabs_vfxandmisc_assets_all.bundle
cbd4fa4c442eb7c49988bacc9123b1f6	None	?	battleprefabs_vfxandmisc_assets_all.bundle
cc0f038676948e7439d779444e99a7c5	None	?	battleprefabs_vfxandmisc_assets_all.bundle
cc807b1c2fc985e47ba5e8a2f92d4027	None	?	battleprefabs_vfxandmisc_assets_all.bundle
ccaa1eaa98ea9324a87999f2b6f4af6d	None	?	battleprefabs_vfxandmisc_assets_all.bundle
ccef7d4457581e847a0e38426cc6391b	None	?	battleprefabs_vfxandmisc_assets_all.bundle
cd1820cb720d5524399418bd5723f79c	None	?	battleprefabs_vfxandmisc_assets_all.bundle
cd2a24d9f8a29d84ba4edd979138b0ff	None	?	battleprefabs_vfxandmisc_assets_all.bundle
cd53a0d1d79a8524fb4b95c6a3dce9f9	None	?	battleprefabs_vfxandmisc_assets_all.bundle
cdcca14b25c2bcb4f8fd2f46df89a105	None	?	battleprefabs_vfxandmisc_assets_all.bundle
cde1a34864fe29842abdb0ef0a8e62c6	None	?	battleprefabs_vfxandmisc_assets_all.bundle
ce387c19e9b0d39418a56c4ccd51ab64	None	?	battleprefabs_vfxandmisc_assets_all.bundle
ceb60b2b2677e1248ab499a52fc2c964	None	?	battleprefabs_vfxandmisc_assets_all.bundle
cf21242bee848694299e70771b8ddc49	None	?	battleprefabs_vfxandmisc_assets_all.bundle
cf85684028e29574e8030a456bb31024	None	?	battleprefabs_vfxandmisc_assets_all.bundle
cfc2edef57b7f8f4c8789347ccfb55dc	None	?	battleprefabs_vfxandmisc_assets_all.bundle
d00884ce573e7ef4492099371ae916e4	None	?	battleprefabs_vfxandmisc_assets_all.bundle
d01a70b0f010d7c42921ad95df33e774	None	?	battleprefabs_vfxandmisc_assets_all.bundle
d0276678efc156b41a623f2b0d8ddc23	None	?	battleprefabs_vfxandmisc_assets_all.bundle
d0694a22fddc08645a88938ffd94de29	None	?	battleprefabs_vfxandmisc_assets_all.bundle
d0e462bf59a7e4847b04d1f07784196b	None	?	battleprefabs_vfxandmisc_assets_all.bundle
d15e16df3f843164797090a230850994	None	?	battleprefabs_vfxandmisc_assets_all.bundle
d2058fddbf2991c4db6553201f833327	None	?	battleprefabs_vfxandmisc_assets_all.bundle
d2d1c669cc28af94198add504991cf47	None	?	battleprefabs_vfxandmisc_assets_all.bundle
d336ba46ba2a63147adbd6b5b6336ed7	None	?	battleprefabs_vfxandmisc_assets_all.bundle
d3a97177b9f2049428a4f144f4245c1a	None	?	battleprefabs_vfxandmisc_assets_all.bundle
d452aa2635367174d973628d13673302	None	?	battleprefabs_vfxandmisc_assets_all.bundle
d4d9a362b3ea15346900e71b53c10a07	None	?	battleprefabs_vfxandmisc_assets_all.bundle
d4f120f5843a7d6419b3c79b689613ce	None	?	battleprefabs_vfxandmisc_assets_all.bundle
d5277c1cabee41c47b12d70e470f5e31	None	?	battleprefabs_vfxandmisc_assets_all.bundle
d5a9bf3bdb3df784db0389a0ca379dd0	None	?	battleprefabs_vfxandmisc_assets_all.bundle
d5aef7253448f074c87f80c84ae2c175	None	?	battleprefabs_vfxandmisc_assets_all.bundle
d5b33f74d8baa5a4a9a2596ae6de52eb	None	?	battleprefabs_vfxandmisc_assets_all.bundle
d5bcf78c5d49667499dccd577a92561d	None	?	battleprefabs_vfxandmisc_assets_all.bundle
d5e9c073a9708094ba58a4d5f417d50b	None	?	battleprefabs_vfxandmisc_assets_all.bundle
d62ab743b68db1e4bac752330db1ecdb	None	?	battleprefabs_vfxandmisc_assets_all.bundle
d632582c102b95041b12550b9867d9f6	None	?	battleprefabs_vfxandmisc_assets_all.bundle
d634c20688d274847937ccc51e031e57	None	?	battleprefabs_vfxandmisc_assets_all.bundle
d6743c993689e224b9fa9dabb1c8243a	None	?	battleprefabs_vfxandmisc_assets_all.bundle
d6ce7873d2f538640b3e61f2b0c304eb	None	?	battleprefabs_vfxandmisc_assets_all.bundle
d700f9d667889354ea47318210a6d4fc	None	?	battleprefabs_vfxandmisc_assets_all.bundle
d744b9d506654194384a9eca232b21eb	None	?	battleprefabs_vfxandmisc_assets_all.bundle
d75e13377c6353d4d97c5b9ecc4ae93f	None	?	battleprefabs_vfxandmisc_assets_all.bundle
d75e4177a50518f4288ae5f1354f3984	None	?	battleprefabs_vfxandmisc_assets_all.bundle
d77be6299bd1fa5499032460a02ce309	None	?	battleprefabs_vfxandmisc_assets_all.bundle
d78d911438a9f5649b74881ebeabec24	None	?	battleprefabs_vfxandmisc_assets_all.bundle
d7fba10e0f6f7ba45bf0b3741201c799	None	?	battleprefabs_vfxandmisc_assets_all.bundle
d80e6b561d4dbf642a6c10b1ce9e16e0	None	?	battleprefabs_vfxandmisc_assets_all.bundle
d86dbfac4abf8a94ea0a23266f762b7d	None	?	battleprefabs_vfxandmisc_assets_all.bundle
d887d9e3d1495934ba29c21b019a38d5	None	?	battleprefabs_vfxandmisc_assets_all.bundle
d9328c3f97b045c40b5732526d1240f3	None	?	battleprefabs_vfxandmisc_assets_all.bundle
d94b738fa865a4241a077d02efcaac73	None	?	battleprefabs_vfxandmisc_assets_all.bundle
d94d5e19c945d564985f0d54a992eaf7	None	?	battleprefabs_vfxandmisc_assets_all.bundle
d9a909b0f770417498bc5f92b8918e08	None	?	battleprefabs_vfxandmisc_assets_all.bundle
da358ed32e96d75488bc15c0da30dcc0	None	?	battleprefabs_vfxandmisc_assets_all.bundle
da39ab6075f20274aa95c2dd69676491	None	?	battleprefabs_vfxandmisc_assets_all.bundle
da664da633b76af4da4f45e4af6159f1	None	?	battleprefabs_vfxandmisc_assets_all.bundle
dab936704cd333849804104733e3611c	None	?	battleprefabs_vfxandmisc_assets_all.bundle
db1f14de1b34300499f1b1c92688c995	None	?	battleprefabs_vfxandmisc_assets_all.bundle
db23e57175c99a34590903d2f21a6345	None	?	battleprefabs_vfxandmisc_assets_all.bundle
db49d0d29656b4d498adf2a45f9d2cf2	None	?	battleprefabs_vfxandmisc_assets_all.bundle
db6543e22058a8346a621d5a9583fd78	None	?	battleprefabs_vfxandmisc_assets_all.bundle
dc676b77a56484442bc42ac7baa933fb	None	?	battleprefabs_vfxandmisc_assets_all.bundle
dcc1fdea2f668d24dac101933922ec6c	None	?	battleprefabs_vfxandmisc_assets_all.bundle
dccfbb5f462b5b146986cb9dc16e0ae6	None	?	battleprefabs_vfxandmisc_assets_all.bundle
dce7db122a99b2b47b6e4a5be94181bd	None	?	battleprefabs_vfxandmisc_assets_all.bundle
dd5e4142fdcec9f4e8e54a24df00733b	None	?	battleprefabs_vfxandmisc_assets_all.bundle
ddd8575355e6e764da7e5326d8e0cae3	None	?	battleprefabs_vfxandmisc_assets_all.bundle
de47136f0368f094994a1434ee70cef4	None	?	battleprefabs_vfxandmisc_assets_all.bundle
de6762a981a43d9419606616fef625cf	None	?	battleprefabs_vfxandmisc_assets_all.bundle
de887f4c842a84a2a9618f0813b1eef6	None	?	battleprefabs_vfxandmisc_assets_all.bundle
df1589df80317a549830d361a4ea1a4d	None	?	battleprefabs_vfxandmisc_assets_all.bundle
df3f88fe16b7e0644925ece369895a2d	None	?	battleprefabs_vfxandmisc_assets_all.bundle
df6a42b4eb9b448499ed7d58220d2821	None	?	battleprefabs_vfxandmisc_assets_all.bundle
df6b7afe4f0bb8d419513013ead582d9	None	?	battleprefabs_vfxandmisc_assets_all.bundle
df998b1403482994698b1f69a719431b	None	?	battleprefabs_vfxandmisc_assets_all.bundle
dfd4fb122b36ad34c8a208ec3179a32d	None	?	battleprefabs_vfxandmisc_assets_all.bundle
dfeeb1a209694b948b17400484af84df	None	?	battleprefabs_vfxandmisc_assets_all.bundle
e0032a70c33088c43a7511eed2ca2a2d	None	?	battleprefabs_vfxandmisc_assets_all.bundle
e020c432e11eb1843bd152187a1ce3f2	None	?	battleprefabs_vfxandmisc_assets_all.bundle
e03263dd69416d64e9fbc3a1d5b39b50	None	?	battleprefabs_vfxandmisc_assets_all.bundle
e0ad9c22ccac7684c8bc64c119359014	None	?	battleprefabs_vfxandmisc_assets_all.bundle
e0dacf6ff79e26b41823515a7786965b	None	?	battleprefabs_vfxandmisc_assets_all.bundle
e109c24e0c6b74321ab72ac55e435ff9	None	?	battleprefabs_vfxandmisc_assets_all.bundle
e16a0e56a877d9848960de9f1f53ba67	None	?	battleprefabs_vfxandmisc_assets_all.bundle
e1c62a4b29b0e94448b0ffb5756a8ad9	None	?	battleprefabs_vfxandmisc_assets_all.bundle
e1e185eaae5f3428b9373c507192c6f2	None	?	battleprefabs_vfxandmisc_assets_all.bundle
e1ee479e8a0544749ae1938619859ea0	None	?	battleprefabs_vfxandmisc_assets_all.bundle
e1eef1e24f8bfce4bb87f3874535488b	None	?	battleprefabs_vfxandmisc_assets_all.bundle
e200ae515a16600409990b10e9db158c	None	?	battleprefabs_vfxandmisc_assets_all.bundle
e20b769d96096634ea182640ade4a5d9	None	?	battleprefabs_vfxandmisc_assets_all.bundle
e224305084efb554bbcf738a66197e10	None	?	battleprefabs_vfxandmisc_assets_all.bundle
e22b6341f0126f94280391b02a7c3313	None	?	battleprefabs_vfxandmisc_assets_all.bundle
e30f03b84c6bf234eaeb6436fc05c323	None	?	battleprefabs_vfxandmisc_assets_all.bundle
e31ba237c353b3547b49926a951e1c33	None	?	battleprefabs_vfxandmisc_assets_all.bundle
e3964915a64286d4c9d04e09214c1d4c	None	?	battleprefabs_vfxandmisc_assets_all.bundle
e3d406cdbfcca3d41b56e9d4491ed7e6	None	?	battleprefabs_vfxandmisc_assets_all.bundle
e3e845dd76afdb64996f83f04c78a47e	None	?	battleprefabs_vfxandmisc_assets_all.bundle
e3fb08046c9644b40941bb6d870bcc7c	None	?	battleprefabs_vfxandmisc_assets_all.bundle
e49058a205ee5844db25076bc6fd01f9	None	?	battleprefabs_vfxandmisc_assets_all.bundle
e4abaf304899c3144a3d55e3a26b7e9b	None	?	battleprefabs_vfxandmisc_assets_all.bundle
e4afc7d1bad67da41a851f3faf7d7927	None	?	battleprefabs_vfxandmisc_assets_all.bundle
e4d98a563f27dd74f94e7c3b0bc1a30f	None	?	battleprefabs_vfxandmisc_assets_all.bundle
e534752ceeeb6a34489566cb81ee09c6	None	?	battleprefabs_vfxandmisc_assets_all.bundle
e538a85fa2d930142b65f49e5719e7b4	None	?	battleprefabs_vfxandmisc_assets_all.bundle
e615fe15c2bad7544a0c2551dfc2dce3	None	?	battleprefabs_vfxandmisc_assets_all.bundle
e61b2a56a39cfc64e94ae320ee14f90c	None	?	battleprefabs_vfxandmisc_assets_all.bundle
e72a6353319e69d4da688643437bc157	None	?	battleprefabs_vfxandmisc_assets_all.bundle
e83c181b628246b4a80e4a9f555c9eec	None	?	battleprefabs_vfxandmisc_assets_all.bundle
e870e83ed149d694985415c2fdaf9975	None	?	battleprefabs_vfxandmisc_assets_all.bundle
e8c2c875ea5df9a489f6cc18a4e9f7d1	None	?	battleprefabs_vfxandmisc_assets_all.bundle
e8e1c40f2f1f849cba4cf4c1388b1d1a	None	?	battleprefabs_vfxandmisc_assets_all.bundle
e917ffd602ac64843b8db272331f337c	None	?	battleprefabs_vfxandmisc_assets_all.bundle
e96691212388e94428f84671ac172d6e	None	?	battleprefabs_vfxandmisc_assets_all.bundle
e9df38c6994e395418245758ba699da5	None	?	battleprefabs_vfxandmisc_assets_all.bundle
e9ed265c62f999340941362d4d12f92d	None	?	battleprefabs_vfxandmisc_assets_all.bundle
ea4fb55d0227e604386f44f905cfe7c0	None	?	battleprefabs_vfxandmisc_assets_all.bundle
ead4c78413200d94483fcbb1e4f47c06	None	?	battleprefabs_vfxandmisc_assets_all.bundle
eb3639e7d382bda42825cdc23dc3f766	None	?	battleprefabs_vfxandmisc_assets_all.bundle
ebd0344b0e868e6428c4fd5ab1e3c17d	None	?	battleprefabs_vfxandmisc_assets_all.bundle
ec25bd19999728e4ba4affdc31feb609	None	?	battleprefabs_vfxandmisc_assets_all.bundle
ec541ca35e3c55249b9844728d8e32c9	None	?	battleprefabs_vfxandmisc_assets_all.bundle
ec7868b7fa42a124c9d54c6374eb9e6e	None	?	battleprefabs_vfxandmisc_assets_all.bundle
ed1f1fa54bb296149b6f39c5010692ca	None	?	battleprefabs_vfxandmisc_assets_all.bundle
ed3c31a9635c362448165a33c1cde36a	None	?	battleprefabs_vfxandmisc_assets_all.bundle
edc4d8959954b164ab1523ccde255173	None	?	battleprefabs_vfxandmisc_assets_all.bundle
ee12f4bc98cd15d45b202d95345531d5	None	?	battleprefabs_vfxandmisc_assets_all.bundle
ee1561923d3d7604cbd6229f741c8b09	None	?	battleprefabs_vfxandmisc_assets_all.bundle
ee2cef116e5f144beb6e866cd9e79e68	None	?	battleprefabs_vfxandmisc_assets_all.bundle
ee767291ce7bb6044bbdf6038f25ff59	None	?	battleprefabs_vfxandmisc_assets_all.bundle
f0247c08bb4feeb4fa9296bafa5e078d	None	?	battleprefabs_vfxandmisc_assets_all.bundle
f09a2c26b3950b24087b59a35055b122	None	?	battleprefabs_vfxandmisc_assets_all.bundle
f0d146dd08ba6134e9fe655ed50397ed	None	?	battleprefabs_vfxandmisc_assets_all.bundle
f10c05c7c82719149b01bb3483dd07d6	None	?	battleprefabs_vfxandmisc_assets_all.bundle
f18e84401e7fc3c4a909953ecebf2892	None	?	battleprefabs_vfxandmisc_assets_all.bundle
f1e1dfda4903a954ca6e0c3d43af8f79	None	?	battleprefabs_vfxandmisc_assets_all.bundle
f2008842f42f8c545bdaf4f3f8753c62	None	?	battleprefabs_vfxandmisc_assets_all.bundle
f24dc7d09fe49164cabe181b6bd6885a	None	?	battleprefabs_vfxandmisc_assets_all.bundle
f25be64b38fe7454dab320466620fcce	None	?	battleprefabs_vfxandmisc_assets_all.bundle
f281fe2dab6a4a7498320cdc16fc64b6	None	?	battleprefabs_vfxandmisc_assets_all.bundle
f2b25f1fcf6c23b4093d57c5451a45d6	None	?	battleprefabs_vfxandmisc_assets_all.bundle
f2b5699994c1014478428efb61a8967c	None	?	battleprefabs_vfxandmisc_assets_all.bundle
f2be4541d0578274b8324c960ffbc8ce	None	?	battleprefabs_vfxandmisc_assets_all.bundle
f396d83003f4bab498e464ed29033274	None	?	battleprefabs_vfxandmisc_assets_all.bundle
f41195f9d920d344ea7b1c909bbe6d2f	None	?	battleprefabs_vfxandmisc_assets_all.bundle
f44a95c645f09304da01bf3aefc03ab6	None	?	battleprefabs_vfxandmisc_assets_all.bundle
f54ab4a8bbc79a048875f03332a00b32	None	?	battleprefabs_vfxandmisc_assets_all.bundle
f5685c1c6557f864f9dcd6ff287fafd0	None	?	battleprefabs_vfxandmisc_assets_all.bundle
f5b031836114b224e907bf1736a287a5	None	?	battleprefabs_vfxandmisc_assets_all.bundle
f5d9d523cac91ee4cb74f2844a5f82aa	None	?	battleprefabs_vfxandmisc_assets_all.bundle
f5eae3479ad72e741bc87cb5877086fb	None	?	battleprefabs_vfxandmisc_assets_all.bundle
f5f101c48ae5b7242a35d33bdb18971e	None	?	battleprefabs_vfxandmisc_assets_all.bundle
f5fc3af815c97a044b4cde067dc40511	None	?	battleprefabs_vfxandmisc_assets_all.bundle
f6916bf94f718c34dbf846c4fe3c1195	None	?	battleprefabs_vfxandmisc_assets_all.bundle
f6aac0bae8e2a724e99151f397c21432	None	?	battleprefabs_vfxandmisc_assets_all.bundle
f6b092f153851cf46a54ef31354888be	None	?	battleprefabs_vfxandmisc_assets_all.bundle
f76e456fe39732449b1b86cf6ffc18c6	None	?	battleprefabs_vfxandmisc_assets_all.bundle
f7791f01f381307438122e8101b2bb62	None	?	battleprefabs_vfxandmisc_assets_all.bundle
f7e6382169e40e24d8f07141bbbb0918	None	?	battleprefabs_vfxandmisc_assets_all.bundle
f7e8d8181d77e4c4a911983b7ff5b16c	None	?	battleprefabs_vfxandmisc_assets_all.bundle
f7fca88ea9ec0f6429969058c8dae8f3	None	?	battleprefabs_vfxandmisc_assets_all.bundle
f81b93a23f478554c8bbf8c14bcd5c5f	None	?	battleprefabs_vfxandmisc_assets_all.bundle
f8c4eebec0b748344975377da962cf5d	None	?	battleprefabs_vfxandmisc_assets_all.bundle
f8cef79c15af4f04fab706ce9554f060	None	?	battleprefabs_vfxandmisc_assets_all.bundle
f93ba4ad36b254a429052f25f2bf4106	None	?	battleprefabs_vfxandmisc_assets_all.bundle
f93e07b30c0db174c972bdfe6802202f	None	?	battleprefabs_vfxandmisc_assets_all.bundle
f9b8e2e7ca0697c4ea5325e30bcfaef3	None	?	battleprefabs_vfxandmisc_assets_all.bundle
fa3295ee1d2c842438e3aa3ca2788c44	None	?	battleprefabs_vfxandmisc_assets_all.bundle
fa6f2b255511963429a0dc24fc906a31	None	?	battleprefabs_vfxandmisc_assets_all.bundle
fabba98ddf5429a4493d63b122fbccf8	None	?	battleprefabs_vfxandmisc_assets_all.bundle
fadef87830b62224a9c6722de04cfe70	None	?	battleprefabs_vfxandmisc_assets_all.bundle
fb07f52246771d5489569abf9c95df92	None	?	battleprefabs_vfxandmisc_assets_all.bundle
fbbab3dbed6085040aa681f5d2338df7	None	?	battleprefabs_vfxandmisc_assets_all.bundle
fbc90b3cf6f6f2e409bcf0d6985a1b3d	None	?	battleprefabs_vfxandmisc_assets_all.bundle
fc0f8cb38e2f2784ba1442f10310174e	None	?	battleprefabs_vfxandmisc_assets_all.bundle
fc1c34333d7325f4abcdfcfe34e0cd0e	None	?	battleprefabs_vfxandmisc_assets_all.bundle
fc53fdfb11fb3ec46bd407b849db739b	None	?	battleprefabs_vfxandmisc_assets_all.bundle
fc8266b7634bcf74ca56a16517f20886	None	?	battleprefabs_vfxandmisc_assets_all.bundle
fc88a2afda6b39847b0481e161c3c65e	None	?	battleprefabs_vfxandmisc_assets_all.bundle
fcc32c6594e746f44a34c631d77632e3	None	?	battleprefabs_vfxandmisc_assets_all.bundle
fd2a7d0c80ab8d14698bf90128068ecf	None	?	battleprefabs_vfxandmisc_assets_all.bundle
fe0750bea3e127f499af8b8e523fe7ef	None	?	battleprefabs_vfxandmisc_assets_all.bundle
fe1ffcce0e59d1549833134a96523483	None	?	battleprefabs_vfxandmisc_assets_all.bundle
fedd46412ec04864faa10b44af0713de	None	?	battleprefabs_vfxandmisc_assets_all.bundle
feedd0a7fa661084385693bca0e2b1cd	None	?	battleprefabs_vfxandmisc_assets_all.bundle
ff21d92c2157091489f8667ef2ef90cd	None	?	battleprefabs_vfxandmisc_assets_all.bundle
ff907efd41bb0ed46ab01601636f1b40	None	?	battleprefabs_vfxandmisc_assets_all.bundle
ffb22144ab3bc5a47b008c6cdf6e6bf2	None	?	battleprefabs_vfxandmisc_assets_all.bundle
ffc318e0dc52cd646bfa2d70bf3b4016	None	?	battleprefabs_vfxandmisc_assets_all.bundle
ffd7bf7eaaf1e46c19c8f88055926978	None	?	battleprefabs_vfxandmisc_assets_all.bundle
01dc1c1c99bf4984ca35c1591d3eeb54	None	?	battlesharedresources_assets_all.bundle
0491051b82b09be4eaa3b2224971acc7	None	?	battlesharedresources_assets_all.bundle
0540aeb2acc8049dd8e1191d23aad9fd	None	?	battlesharedresources_assets_all.bundle
05db667749fd79541b026bff39d94a66	None	?	battlesharedresources_assets_all.bundle
061c7cca650879d4b8b9d8ebecadbb42	None	?	battlesharedresources_assets_all.bundle
0660389cc5a6f4947997407fb6945fa1	None	?	battlesharedresources_assets_all.bundle
08b0d913657584922b1bf0e9f86e023d	None	?	battlesharedresources_assets_all.bundle
0928104f6967d19408c5da91119f0d42	None	?	battlesharedresources_assets_all.bundle
0b0b03dc1028b4e57be04f6296fc8f55	None	?	battlesharedresources_assets_all.bundle
0b547325b4c9ee6428382d6608ce5df3	None	?	battlesharedresources_assets_all.bundle
0c8311cad3fd84e0385698b0d2a52e3b	None	?	battlesharedresources_assets_all.bundle
12681944d092434439a8b5877094523f	None	?	battlesharedresources_assets_all.bundle
12d09d80a539fb14eb4961edb3d844db	None	?	battlesharedresources_assets_all.bundle
181b607b00e756745852295c0fc24405	None	?	battlesharedresources_assets_all.bundle
1933bfb3027e0954aaf009c35af42cf6	None	?	battlesharedresources_assets_all.bundle
1a17280f0d2b64ef797da56c994c0ebb	None	?	battlesharedresources_assets_all.bundle
1a98321a9c160483ca09c9ab9d4cf2bc	None	?	battlesharedresources_assets_all.bundle
1aaf0a268d4072146ae39302e3b81c14	None	?	battlesharedresources_assets_all.bundle
1ae51c47d18ca494ca74b365207c9514	None	?	battlesharedresources_assets_all.bundle
1b1ac1890c1f744ff873beeae41017ab	None	?	battlesharedresources_assets_all.bundle
1e49d90c5ad51f044befe1d37550afd0	None	?	battlesharedresources_assets_all.bundle
1e59d1729d67847d186ed2dfccb91988	None	?	battlesharedresources_assets_all.bundle
1e71702a9230a48149359e38295ad356	None	?	battlesharedresources_assets_all.bundle
1e81cd0e8147713448dafc0e3042e646	None	?	battlesharedresources_assets_all.bundle
1f3f4ebbb0df746128f1f1a37dfcd690	None	?	battlesharedresources_assets_all.bundle
1f402ecec4785427dba029e6a726e71e	None	?	battlesharedresources_assets_all.bundle
22415333884d84ae99c7597f32e96af8	None	?	battlesharedresources_assets_all.bundle
26e206bd730800f4f82b828eb9f1c067	None	?	battlesharedresources_assets_all.bundle
288ffbd6615bf43c2bb5d40b793e109b	None	?	battlesharedresources_assets_all.bundle
2a24b896dbe48144ab8d4a90468ad00e	None	?	battlesharedresources_assets_all.bundle
2d0c1892b0bf2974387f0ff008ae0a2f	None	?	battlesharedresources_assets_all.bundle
2d282c0947eee96498c042da0345c03b	None	?	battlesharedresources_assets_all.bundle
30a5ade59791d0648a9ac1124f629bd4	None	?	battlesharedresources_assets_all.bundle
31369ec081dd44f3aac409d5a42217aa	None	?	battlesharedresources_assets_all.bundle
32dcfb02ee611af4c95d12c0df89b434	None	?	battlesharedresources_assets_all.bundle
3dd303a7ce2c3464b9539ba48731c2bc	None	?	battlesharedresources_assets_all.bundle
3e42bd6a4fc33b048a3cf2b2aa538d9d	None	?	battlesharedresources_assets_all.bundle
3ecef47b507e84bec9a37808fa78bb27	None	?	battlesharedresources_assets_all.bundle
3f5b35e6ba9b74e3a966142e03273470	None	?	battlesharedresources_assets_all.bundle
405dfd0023d7f7f4592cba3d77392e1f	None	?	battlesharedresources_assets_all.bundle
409ef26b64696f340b2f62b41d2fc11f	None	?	battlesharedresources_assets_all.bundle
414b550a2f46b5a488615816686b9743	None	?	battlesharedresources_assets_all.bundle
42b1cf90a729745fcbdb0a635feb548b	None	?	battlesharedresources_assets_all.bundle
430672b683c05465888998cb71c7feb3	None	?	battlesharedresources_assets_all.bundle
43d3e21dd15c3b847957abee25d004d9	None	?	battlesharedresources_assets_all.bundle
4aa9e9c9f98c7a449ac023f74184d0b0	None	?	battlesharedresources_assets_all.bundle
4b0fb8a7d6188864f869df44f111a305	None	?	battlesharedresources_assets_all.bundle
4b2939f2ceb83a5409a4a3b11ef25e2a	None	?	battlesharedresources_assets_all.bundle
4c642cd0547f54857898641dd9b786f4	None	?	battlesharedresources_assets_all.bundle
4cd7f6cf6430b2347803bd0c957fbbce	None	?	battlesharedresources_assets_all.bundle
4d9e00d8487d246c78447ddbcfaf42d8	None	?	battlesharedresources_assets_all.bundle
50741ba3e2717422d86390a225292343	None	?	battlesharedresources_assets_all.bundle
50d576b32d1c88f4abcea02ff8e68dbe	None	?	battlesharedresources_assets_all.bundle
52eeafa937fc94afe9787f8c2246cfee	None	?	battlesharedresources_assets_all.bundle
535f41d569f684ee892ba1f4a7867fca	None	?	battlesharedresources_assets_all.bundle
54ad8dd50efac4d5b8da595d8d6f9ef1	None	?	battlesharedresources_assets_all.bundle
54e4504898e623640b2df9155fa29aa3	None	?	battlesharedresources_assets_all.bundle
566fba077b529eb42be00e7fae1b68eb	None	?	battlesharedresources_assets_all.bundle
59459fa5f4874d34c8a955afad00260b	None	?	battlesharedresources_assets_all.bundle
59f31fe6597054da28eb886dab2370a1	None	?	battlesharedresources_assets_all.bundle
5d02ff685c9924423ab7616c67db8f51	None	?	battlesharedresources_assets_all.bundle
61df5e72106e4884c841cdf60ccb55ca	None	?	battlesharedresources_assets_all.bundle
6217d774c33fe4db9ba22e36316a7f13	None	?	battlesharedresources_assets_all.bundle
62bea6ec572d0ea469e3b630ac333e59	None	?	battlesharedresources_assets_all.bundle
6421a5a06ae9f7a47a57b67f35c73b5a	None	?	battlesharedresources_assets_all.bundle
65446234b901d074f9f44e6adfe03e3e	None	?	battlesharedresources_assets_all.bundle
65957bc69725042f38aeb92c3a8617df	None	?	battlesharedresources_assets_all.bundle
66c75462442ff4512a111f605b483520	None	?	battlesharedresources_assets_all.bundle
698a8134f4ebbbd4e848648685f68067	None	?	battlesharedresources_assets_all.bundle
72815344e9e9c7446895e130936932d7	None	?	battlesharedresources_assets_all.bundle
7447befca5a758549b5692cf2e5f1612	None	?	battlesharedresources_assets_all.bundle
74aa1e98e93c81548b78dac784fd2e4e	None	?	battlesharedresources_assets_all.bundle
74c95a6e09ba44474b9e8a8c1adb8fcb	None	?	battlesharedresources_assets_all.bundle
76e25da1cefc7f446bcc43a70fb13a0f	None	?	battlesharedresources_assets_all.bundle
7a306caa8f9f7ed40a5361ce411cdf1b	None	?	battlesharedresources_assets_all.bundle
7a71e731c778b45c181ce075743e702b	None	?	battlesharedresources_assets_all.bundle
7f0cae66be88b4b6d891304471bf2f28	None	?	battlesharedresources_assets_all.bundle
7f2295c533daf5e4aba3922c45cfc883	None	?	battlesharedresources_assets_all.bundle
81dc186ef5abc4f0294f523aa3c1268d	None	?	battlesharedresources_assets_all.bundle
822ad749129fe4225b1ce0a131dcc850	None	?	battlesharedresources_assets_all.bundle
853b0630854c4ec428ac4d9fd2930f27	None	?	battlesharedresources_assets_all.bundle
85e0e03e2ff8b46139d322f1f75303bc	None	?	battlesharedresources_assets_all.bundle
86f1f38b4e3728047a9933e8e6c060f3	None	?	battlesharedresources_assets_all.bundle
8b12f103a80e77a4286dc286688b0228	None	?	battlesharedresources_assets_all.bundle
8d9d143b4fb9c41eb95788990871cef4	None	?	battlesharedresources_assets_all.bundle
8dc2a45f80f6940e1a8235ee972b2aa8	None	?	battlesharedresources_assets_all.bundle
8efaf93eb967a4688b393d325b2c7116	None	?	battlesharedresources_assets_all.bundle
9236e4fded37d46df9f38ca973962e85	None	?	battlesharedresources_assets_all.bundle
92d663ad6ee71384892b3be068f8ebfa	None	?	battlesharedresources_assets_all.bundle
9412ac7116ebf6a479733dd8a20a4777	None	?	battlesharedresources_assets_all.bundle
952f6c71d67744b5bb85f730c0517b6f	None	?	battlesharedresources_assets_all.bundle
975d41930f72845e5b60ae08beccb519	None	?	battlesharedresources_assets_all.bundle
9bcaab01e074542e8b7db92aa2d84312	None	?	battlesharedresources_assets_all.bundle
9c6ae39d3dcab704f96416a2b5f63677	None	?	battlesharedresources_assets_all.bundle
9cd414a341fcb46a8bb103035d0f0c86	None	?	battlesharedresources_assets_all.bundle
9d0862121c112ec4abc229920df08581	None	?	battlesharedresources_assets_all.bundle
9fef941396c089141afe8e76ad667a6f	None	?	battlesharedresources_assets_all.bundle
a0a243891db69d743aa08a4066effb00	None	?	battlesharedresources_assets_all.bundle
a1bf56607aaf14046806b413600db129	None	?	battlesharedresources_assets_all.bundle
a291e5dde50874f8bb531e73b0985af1	None	?	battlesharedresources_assets_all.bundle
a3170e07860264ea2b22abbd22feffad	None	?	battlesharedresources_assets_all.bundle
a41590bd53dfad74186d9b3e9e3156e4	None	?	battlesharedresources_assets_all.bundle
a63253073e5da402e8e367275b0ebb8b	None	?	battlesharedresources_assets_all.bundle
a90dd9680e2324439843d84494c3fa37	None	?	battlesharedresources_assets_all.bundle
aa8de74845eb5b048ae743f58c644951	None	?	battlesharedresources_assets_all.bundle
aa918c433e08a4824a94a8732dd778d5	None	?	battlesharedresources_assets_all.bundle
af1f1b45fa6b5e64894c04ceb8a592f7	None	?	battlesharedresources_assets_all.bundle
af88179080e125845bc9f0a2746582ec	None	?	battlesharedresources_assets_all.bundle
b25dd701bdc692249907c8b4e4b784b2	None	?	battlesharedresources_assets_all.bundle
b71afc5edbc2da1479a3af6d2cb56d08	None	?	battlesharedresources_assets_all.bundle
b96c69e599825d84e985962673d1679c	None	?	battlesharedresources_assets_all.bundle
bb011d95a85a0e540b6a71c7649c25ac	None	?	battlesharedresources_assets_all.bundle
bb86f34baba0f5e42a9ca6959a448116	None	?	battlesharedresources_assets_all.bundle
bcaabf06585fa48ea9e9ea19e0950ba5	None	?	battlesharedresources_assets_all.bundle
bce8558201d59754882393c8b5d556de	None	?	battlesharedresources_assets_all.bundle
bdbaf2a0fef8b4d0c875d8d1e65dbc8e	None	?	battlesharedresources_assets_all.bundle
bf92c31c351268c4aad5aefd91e11648	None	?	battlesharedresources_assets_all.bundle
c01e599d0c8474d0d90e0a6374d5195d	None	?	battlesharedresources_assets_all.bundle
c1387360ac8f16249b0ec3e0e3243c7b	None	?	battlesharedresources_assets_all.bundle
c153ef9723ec84bd1b6b792bea48fe67	None	?	battlesharedresources_assets_all.bundle
c3d99af7c1318074daeb72b174531db1	None	?	battlesharedresources_assets_all.bundle
c4a18ccaee99e44a28e76da023700d8f	None	?	battlesharedresources_assets_all.bundle
c4fffbf9a10f3d64f978d4912150f3f1	None	?	battlesharedresources_assets_all.bundle
c9ebd39724ed1d64b834086a80602180	None	?	battlesharedresources_assets_all.bundle
cae6987809c33d84f8ab2648362684a7	None	?	battlesharedresources_assets_all.bundle
cd9b6069d0dbb4b768f38c7380a80d9c	None	?	battlesharedresources_assets_all.bundle
cf1b5374a59c440e8843afce44c00636	None	?	battlesharedresources_assets_all.bundle
d004fcfdccecdba4fa29a16b1d7d56e2	None	?	battlesharedresources_assets_all.bundle
d1b932090277f37428c753cf27824d4a	None	?	battlesharedresources_assets_all.bundle
d425f2312c93b39409b47a4797815769	None	?	battlesharedresources_assets_all.bundle
db21508aeea7448f9a8275f9fb39ad40	None	?	battlesharedresources_assets_all.bundle
db5b0407b6bb34144bc1c02e02ca6fda	None	?	battlesharedresources_assets_all.bundle
df0a9d4a1d2f26c4eb697a71ac5b82d6	None	?	battlesharedresources_assets_all.bundle
e025562dc019d43ca80948e26410a9ed	None	?	battlesharedresources_assets_all.bundle
e2580e97efd2aa34580ef00fbec9a2d4	None	?	battlesharedresources_assets_all.bundle
e43d70c08c6bf7e4aa274e46393928b3	None	?	battlesharedresources_assets_all.bundle
e4b4765ab857d4871b13815cf73a9d00	None	?	battlesharedresources_assets_all.bundle
e689f2433ec031e41ae61c69dfb6db02	None	?	battlesharedresources_assets_all.bundle
e6a8e640b5c024bbdaff1bab3c1dcfaa	None	?	battlesharedresources_assets_all.bundle
e9479d826e8ef15429fa21cb5a46ab56	None	?	battlesharedresources_assets_all.bundle
e966fe96fc4c60f4fa9eff9e6d32ba67	None	?	battlesharedresources_assets_all.bundle
eead605bd405247a48b4fd39d1ebdd67	None	?	battlesharedresources_assets_all.bundle
f052ef321c3e743bd8c9b25ced7c2fc2	None	?	battlesharedresources_assets_all.bundle
f06455b167e1b0b428c9af62d7aa6832	None	?	battlesharedresources_assets_all.bundle
f3010fa356a964f23a58a2bc6f75516d	None	?	battlesharedresources_assets_all.bundle
f74d5af6522bd4edea54e16de269da97	None	?	battlesharedresources_assets_all.bundle
f7fd234da7ffd4966b64aa441cfa58dd	None	?	battlesharedresources_assets_all.bundle
f86d13752fdcc9344a778f1d09b4acd0	None	?	battlesharedresources_assets_all.bundle
f8a77ab17f5e068418877afe4f8cf780	None	?	battlesharedresources_assets_all.bundle
fa35d75604d172d48b7a6b62a07c7dbf	None	?	battlesharedresources_assets_all.bundle
fd6bf0ad2dca643108a5d2bde57f4019	None	?	battlesharedresources_assets_all.bundle
fd80cdb028e1d864392334da34ca021d	None	?	battlesharedresources_assets_all.bundle
feebd9fe3a61f384286140f9201d038d	None	?	battlesharedresources_assets_all.bundle
ff2bb419b98e149138e5ba61a880dae6	None	?	battlesharedresources_assets_all.bundle
024f9d0226abf40de8d3902412da08b2	None	?	boosterpacks_assets_all.bundle
06d94e328d732894d9cbdf0739f21064	None	?	boosterpacks_assets_all.bundle
0d5c13dc75f9b8e4bb229cf1ce58e1a4	None	?	boosterpacks_assets_all.bundle
174993151588bcd43af5bb601fba6b7a	None	?	boosterpacks_assets_all.bundle
18c4958cffd80e84bb5e4ab8348a45af	None	?	boosterpacks_assets_all.bundle
1ea49e73a5a104392ae3bfc6f14970e1	None	?	boosterpacks_assets_all.bundle
1eaee2ed6b7e34146a92a2d886660889	None	?	boosterpacks_assets_all.bundle
29c65af23433d9a4fa10ad0ad867d747	None	?	boosterpacks_assets_all.bundle
2e6e6c573a303b04aaff347c6ec2029f	None	?	boosterpacks_assets_all.bundle
2f2365f2056be914f9017ec8c099c53a	None	?	boosterpacks_assets_all.bundle
33b7f5d9ad0df4f9b928ba276b9d291f	None	?	boosterpacks_assets_all.bundle
3c043d41261db0e4c828b25c69610e4c	None	?	boosterpacks_assets_all.bundle
3cb9e71936342430aaed801daec90d07	None	?	boosterpacks_assets_all.bundle
3cf224f17fb654508af7836d4867278d	None	?	boosterpacks_assets_all.bundle
3df9027c457b642c3bec9751061ceca5	None	?	boosterpacks_assets_all.bundle
45843baed9e574973aa164f03e327a81	None	?	boosterpacks_assets_all.bundle
45afd66ddd999424db115af8eb80e384	None	?	boosterpacks_assets_all.bundle
46f0c781b48294b07adde5996a3db595	None	?	boosterpacks_assets_all.bundle
4dea3bb102513cd42b748d4b1020caa5	None	?	boosterpacks_assets_all.bundle
504c865a1edc55549be191ae49733e08	None	?	boosterpacks_assets_all.bundle
547d4488f68171249a2488b97224bacd	None	?	boosterpacks_assets_all.bundle
5bd123c8f05954d3e9e0268f44bd250e	None	?	boosterpacks_assets_all.bundle
5f5b62f9aa043324387b7afbf38cb47f	None	?	boosterpacks_assets_all.bundle
630dfc19383a6554e99dc2d0843e3ef6	None	?	boosterpacks_assets_all.bundle
63a162f8c883d5640868e99d489efd8f	None	?	boosterpacks_assets_all.bundle
656038e4cec56004bbdbf1f8dd6f2628	None	?	boosterpacks_assets_all.bundle
65ed84b9693e142caa3bf45bda952471	None	?	boosterpacks_assets_all.bundle
678e9f52a1d3d4780b03c2db95721dd8	None	?	boosterpacks_assets_all.bundle
6962b4e16f50b6f4aa0a863f08dbf221	None	?	boosterpacks_assets_all.bundle
69f47a684ece6ec438220b8686ecc16e	None	?	boosterpacks_assets_all.bundle
6cd580ab0acf0f44ea9885a973ff8335	None	?	boosterpacks_assets_all.bundle
6fffa785d7c28b24fbe63539e593b4e6	None	?	boosterpacks_assets_all.bundle
72019db6b1d6440f49b754b014b2c9c0	None	?	boosterpacks_assets_all.bundle
74ea2e8946a86ea4ca6dd777b9c5a77f	None	?	boosterpacks_assets_all.bundle
77d8d9177be5d8f4187e8d63000bd4ea	None	?	boosterpacks_assets_all.bundle
785c113b246cf4339bab2bd28d86436c	None	?	boosterpacks_assets_all.bundle
7e4fe465375b907469f5d5f64f2f45fb	None	?	boosterpacks_assets_all.bundle
8240f0b1ff8779d4fb5b7e9505c76b1f	None	?	boosterpacks_assets_all.bundle
82e84ae0fbb109a4aa41bf3825800c93	None	?	boosterpacks_assets_all.bundle
8331576d1746341a780ba44735ffd59b	None	?	boosterpacks_assets_all.bundle
835e86c1ae7714ab8b4528005b7c74b0	None	?	boosterpacks_assets_all.bundle
83acdc4d189074d9e9ac9a7d66d61255	None	?	boosterpacks_assets_all.bundle
84ad171ed80af4270857351afb41175b	None	?	boosterpacks_assets_all.bundle
882835a4425c744b1afcc96f00daa613	None	?	boosterpacks_assets_all.bundle
9270ee44acef045f78cf4cf6ea3318cd	None	?	boosterpacks_assets_all.bundle
93cacad11bb0e1645b995d10fe88ea53	None	?	boosterpacks_assets_all.bundle
952d547300e28497db021dc7f1ba0c18	None	?	boosterpacks_assets_all.bundle
9a585dbf3c2431f488424d3bb50bf61d	None	?	boosterpacks_assets_all.bundle
a200b555a6b63424aad155f6809f9ff9	None	?	boosterpacks_assets_all.bundle
a24a2a420b8c646418a411c1f730c678	None	?	boosterpacks_assets_all.bundle
a3709a2db6fde2549a48b7694a12eba9	None	?	boosterpacks_assets_all.bundle
a528dd799ef78438b87ef6d4e6a5306b	None	?	boosterpacks_assets_all.bundle
a6372675b606846798904ab2a1b63a13	None	?	boosterpacks_assets_all.bundle
a9e9f75eadc2142f88f0dafd83654de9	None	?	boosterpacks_assets_all.bundle
ad4ebd349906a4021ad5a4ea8a671bfe	None	?	boosterpacks_assets_all.bundle
b1503c1d493a74e3a96031aa954d2181	None	?	boosterpacks_assets_all.bundle
b955316aa0c764c3da3957bbb400616b	None	?	boosterpacks_assets_all.bundle
bf13e1342991c4840b9ae32b91d673a7	None	?	boosterpacks_assets_all.bundle
c3f4202ac285749cf804371ecf317fc3	None	?	boosterpacks_assets_all.bundle
ce1e92580b8bb4998b575dd157df8b82	None	?	boosterpacks_assets_all.bundle
d1aa68778671a4cb2aa4edf5b392283e	None	?	boosterpacks_assets_all.bundle
d8c9d44fae738cb4f9a61db871c42eb9	None	?	boosterpacks_assets_all.bundle
df2ed09ae147e408d8198dcef05a9ae8	None	?	boosterpacks_assets_all.bundle
e2565cdd40c1cfc4bafe5f4747e1f613	None	?	boosterpacks_assets_all.bundle
e281fc85c39b2f14ea230014a38f4e1f	None	?	boosterpacks_assets_all.bundle
e613a9c0c96d22d49880e2666e6503a6	None	?	boosterpacks_assets_all.bundle
e70ffaeb2b6324bfda7d25e7608a908e	None	?	boosterpacks_assets_all.bundle
e7af3237ed78b3c44a4ad914a7bafc8d	None	?	boosterpacks_assets_all.bundle
eadc4af139c6a4ab582fa7e517370c93	None	?	boosterpacks_assets_all.bundle
efb4818ede42bec46892b545bb713bbd	None	?	boosterpacks_assets_all.bundle
f07bc5485b1354f6e9a1d89cea895362	None	?	boosterpacks_assets_all.bundle
f1e8609b871da6245af2ed885ab882ed	None	?	boosterpacks_assets_all.bundle
f9c03831bfdfd4bcdbfbc81ac9a8aa48	None	?	boosterpacks_assets_all.bundle
1cf4f212ca21b41479f2327b9e270c57	None	?	campaignrewardbackgrounds_assets_all.bundle
2cca2c1f18e963f48ace4a407a19d626	None	?	campaignrewardbackgrounds_assets_all.bundle
2d0d86b85222d72459ead3025a691ff4	None	?	campaignrewardbackgrounds_assets_all.bundle
4574c1e666e244c89b263857186ba036	None	?	campaignrewardbackgrounds_assets_all.bundle
4bac637ada9774de79dfcd4dc6f118e9	None	?	campaignrewardbackgrounds_assets_all.bundle
57a6bede8af59bc4eb424d15ed94620a	None	?	campaignrewardbackgrounds_assets_all.bundle
660f8f7c8e8b04990a8791224ca9a423	None	?	campaignrewardbackgrounds_assets_all.bundle
885b254d2408c43df89d9e3d32a12b17	None	?	campaignrewardbackgrounds_assets_all.bundle
8d22a68d0940e40288e59d2a3c417ad6	None	?	campaignrewardbackgrounds_assets_all.bundle
9c990669be61a9744b0d214103b3c031	None	?	campaignrewardbackgrounds_assets_all.bundle
aceae92a7ebd59e43a6185704f029397	None	?	campaignrewardbackgrounds_assets_all.bundle
ffe055fe62cfa4d5ab3acdbad7bda10a	None	?	campaignrewardbackgrounds_assets_all.bundle
fffd09b0e4254a648a779f1a207cbe44	None	?	campaignrewardbackgrounds_assets_all.bundle
01f03e4c9a6f1b149b91d187b5122e07	None	?	cardanimsgeneral_assets_all.bundle
01fa23e981089064d8f1a8db8bef504e	None	?	cardanimsgeneral_assets_all.bundle
0229b0b715334ac41900b0ea088e924c	None	?	cardanimsgeneral_assets_all.bundle
025eba956358b8645af83e6cb6611b5a	None	?	cardanimsgeneral_assets_all.bundle
032ff0b27a746214899fc664b54f38cb	None	?	cardanimsgeneral_assets_all.bundle
038d6ba387431f14fafdb684b357b3a3	None	?	cardanimsgeneral_assets_all.bundle
045f0ffa2f8cf524d80437ee9ce6989a	None	?	cardanimsgeneral_assets_all.bundle
047f05d1fc1185148b0efc43f02514d3	None	?	cardanimsgeneral_assets_all.bundle
04b0c6e3f3eeb4b409368ee67804bcb5	None	?	cardanimsgeneral_assets_all.bundle
04d7a2918a1bd69418f62e04e1d3bf0a	None	?	cardanimsgeneral_assets_all.bundle
0500f4c2b9f52d4448400f98fffd7546	None	?	cardanimsgeneral_assets_all.bundle
0507f6a417de9e24cb2f023bf2d201d5	None	?	cardanimsgeneral_assets_all.bundle
054af4e13f1c48145af6dbd6d4e9abd9	None	?	cardanimsgeneral_assets_all.bundle
063075b4090f310429f791706a3249a0	None	?	cardanimsgeneral_assets_all.bundle
06c5534784474f440bfee6dcbf08360c	None	?	cardanimsgeneral_assets_all.bundle
075c125925578004b8c8cc469da8ac5c	None	?	cardanimsgeneral_assets_all.bundle
0786bd00a81c49e41b3e4fc908141c95	None	?	cardanimsgeneral_assets_all.bundle
0839bfdd8c98f5c4b97ca9d328dc8d4f	None	?	cardanimsgeneral_assets_all.bundle
08b76498400033843b155abb260f5427	None	?	cardanimsgeneral_assets_all.bundle
09724fe800ef73c4d8e985c161ff984e	None	?	cardanimsgeneral_assets_all.bundle
098d35eb98259de479dae6ccace2b777	None	?	cardanimsgeneral_assets_all.bundle
0a6f7af3797f19f459318feeabaf7a79	None	?	cardanimsgeneral_assets_all.bundle
0b03b9f460775724cbe7afa19c5bed7f	None	?	cardanimsgeneral_assets_all.bundle
0b2b90d67b825d346bb1f2b0751c2630	None	?	cardanimsgeneral_assets_all.bundle
0b6aa6fdba6c9b24b9cacabcdb8d1286	None	?	cardanimsgeneral_assets_all.bundle
0cf4c0cba2d4cd840ae8e9703855d2f7	None	?	cardanimsgeneral_assets_all.bundle
0d72d87bcac434248a177c36f09bd578	None	?	cardanimsgeneral_assets_all.bundle
0dd24dcff4dce3041a10536bc6c676d9	None	?	cardanimsgeneral_assets_all.bundle
0deae3050e715944b9593e7221bbe2ea	None	?	cardanimsgeneral_assets_all.bundle
0e37f19d065effc45a76660d12ef63d6	None	?	cardanimsgeneral_assets_all.bundle
0e5d56145ea269844837cb0bedeb24eb	None	?	cardanimsgeneral_assets_all.bundle
0e6be8dea74038b4dbbe54115b291aff	None	?	cardanimsgeneral_assets_all.bundle
0e7d29244699f4d40a68b7f9112f398d	None	?	cardanimsgeneral_assets_all.bundle
0fb2e46dc3b7fc442b883197577c405d	None	?	cardanimsgeneral_assets_all.bundle
0fbfac05005538842abde45ceb4a52d8	None	?	cardanimsgeneral_assets_all.bundle
0fe2ed70a7c3dcb47842eeb8ff4fdd5c	None	?	cardanimsgeneral_assets_all.bundle
1007da24f5d9ced4a8b98eef8d918dc9	None	?	cardanimsgeneral_assets_all.bundle
109dd8525850b5b4a8faf9bde1083f64	None	?	cardanimsgeneral_assets_all.bundle
10b006d6c2f9cae4b9504ef915d32646	None	?	cardanimsgeneral_assets_all.bundle
10c16023e351282498c5e8bf164a5551	None	?	cardanimsgeneral_assets_all.bundle
10f4d704cef84d14997ceda6c2ae40b2	None	?	cardanimsgeneral_assets_all.bundle
11a218bd458f20243bd16cb4736458cd	None	?	cardanimsgeneral_assets_all.bundle
12cb07380450987479b4739ccf9ac57e	None	?	cardanimsgeneral_assets_all.bundle
12cc282fca5841f45bad68f5d566085a	None	?	cardanimsgeneral_assets_all.bundle
13a7b7da1fdb9404fbe5ccbc57514c6e	None	?	cardanimsgeneral_assets_all.bundle
146ea39e018b81a4384ce8ed2337b5dc	None	?	cardanimsgeneral_assets_all.bundle
148e58bc98b232c42b7874ba205e12c6	None	?	cardanimsgeneral_assets_all.bundle
158cdca8eb69e4a4eab7de6a9f7767fc	None	?	cardanimsgeneral_assets_all.bundle
159573a0c979cf34d803c5a640a32014	None	?	cardanimsgeneral_assets_all.bundle
164be434fa343884f8d0db2d2a020bb4	None	?	cardanimsgeneral_assets_all.bundle
16aaddc4e28d9674fa41a0569f1145b5	None	?	cardanimsgeneral_assets_all.bundle
16ed877f154fd0c468e3ee2eb1658633	None	?	cardanimsgeneral_assets_all.bundle
170b962c5eceb914aab17fe3b0d2c7aa	None	?	cardanimsgeneral_assets_all.bundle
18333d62d19342a48a694fffdbd2aba6	None	?	cardanimsgeneral_assets_all.bundle
1918dba5fd658384a91c9ed1610e9f8c	None	?	cardanimsgeneral_assets_all.bundle
19627c29c30178947bab677fbbf28ccc	None	?	cardanimsgeneral_assets_all.bundle
1a1962cf34c0cae4fb8e1496f617220e	None	?	cardanimsgeneral_assets_all.bundle
1a2677574e175814fb79b3502694d5bf	None	?	cardanimsgeneral_assets_all.bundle
1b2509107eefd804d878a02ca1339e1e	None	?	cardanimsgeneral_assets_all.bundle
1bac8ce8ccec0964fab99201dbcf1377	None	?	cardanimsgeneral_assets_all.bundle
1bb5bee8a7e06174d9b147fe84a121fc	None	?	cardanimsgeneral_assets_all.bundle
1bb87e7a7ea26354b85fba2d6009f7ea	None	?	cardanimsgeneral_assets_all.bundle
1d2dc57d8a38e534488bdc60a2188a69	None	?	cardanimsgeneral_assets_all.bundle
1d95388b5142e91449658a00845eb7c2	None	?	cardanimsgeneral_assets_all.bundle
1d9846e533e2e534cbe76284f3286a2f	None	?	cardanimsgeneral_assets_all.bundle
1db2cf1e331d0574a991883d6ec89934	None	?	cardanimsgeneral_assets_all.bundle
1e2d10737738b694ebad4655c619abc4	None	?	cardanimsgeneral_assets_all.bundle
1eb427674a51f984a91205707b23247d	None	?	cardanimsgeneral_assets_all.bundle
1ebe5e490a5a79c46a814e3ee6bb3489	None	?	cardanimsgeneral_assets_all.bundle
1ed0cf3a05e2c474fb6f1cd843e4829d	None	?	cardanimsgeneral_assets_all.bundle
1ed3c266ec2e4d44e822122e0b0b3a7e	None	?	cardanimsgeneral_assets_all.bundle
1ef5723ccd0840c46a57adcfd07f236f	None	?	cardanimsgeneral_assets_all.bundle
1fbb60618e4aaf04b9111475431cec3b	None	?	cardanimsgeneral_assets_all.bundle
1fc60ca1845c246078063dc34535ac4a	None	?	cardanimsgeneral_assets_all.bundle
1fcabddbb223cf343a85316bfbeb0498	None	?	cardanimsgeneral_assets_all.bundle
1fec1e5861451f14eaec1a6d8765e184	None	?	cardanimsgeneral_assets_all.bundle
209e65435119d444f80883bf633b1129	None	?	cardanimsgeneral_assets_all.bundle
20e1db36c752eb5409e67119f4433f1a	None	?	cardanimsgeneral_assets_all.bundle
21b2391d4c3f5ed4aa791957a873ff08	None	?	cardanimsgeneral_assets_all.bundle
230c929a27cf26b409d2a081125e0b33	None	?	cardanimsgeneral_assets_all.bundle
241c325cc136c11419d6d347841d3a43	None	?	cardanimsgeneral_assets_all.bundle
24dbcc0f098561247b053caa25b38865	None	?	cardanimsgeneral_assets_all.bundle
25173d6fec303524cb09c85f20f854a7	None	?	cardanimsgeneral_assets_all.bundle
254794f776f20c7438ffee13c81bc945	None	?	cardanimsgeneral_assets_all.bundle
25eaf9f081acbf24b81918ce67aefb27	None	?	cardanimsgeneral_assets_all.bundle
263b532934992dd4191e66b58ac28e92	None	?	cardanimsgeneral_assets_all.bundle
2650b6b2a15b2ac4e920f0cddaa6e58a	None	?	cardanimsgeneral_assets_all.bundle
269344bcc5edb974ea6b0f6a8bb69f01	None	?	cardanimsgeneral_assets_all.bundle
26f7e738221302f4086855a0827bfa2a	None	?	cardanimsgeneral_assets_all.bundle
271743e19ad39214190eac650fe68c86	None	?	cardanimsgeneral_assets_all.bundle
272c6c22baaf3084a80f43139a1b57b7	None	?	cardanimsgeneral_assets_all.bundle
27605442c777d9749a436eae93f7384a	None	?	cardanimsgeneral_assets_all.bundle
27bda03eb03f619489dbbe9523115bc3	None	?	cardanimsgeneral_assets_all.bundle
2809536fdaf79dc48bc5a05b3ced1687	None	?	cardanimsgeneral_assets_all.bundle
2835f3a234a13e746ab7c938df2a27e6	None	?	cardanimsgeneral_assets_all.bundle
283e134ac510dc4498db1784afd59bf1	None	?	cardanimsgeneral_assets_all.bundle
284e893abbf68b54c9cd88c0dc62481c	None	?	cardanimsgeneral_assets_all.bundle
28a0a24c1de623b49ab7ff36bb63e3aa	None	?	cardanimsgeneral_assets_all.bundle
28b48866aba4a2d4687e089b3c36efc5	None	?	cardanimsgeneral_assets_all.bundle
290d3e38a0b80504aaebbbe143723404	None	?	cardanimsgeneral_assets_all.bundle
29d3887a6c7c93540a22fec82630200d	None	?	cardanimsgeneral_assets_all.bundle
29e929d98e905014cbe2e0261569c7e0	None	?	cardanimsgeneral_assets_all.bundle
29ec09cde1b67da4e8898e7735a0ca44	None	?	cardanimsgeneral_assets_all.bundle
29f81690e299042488ae8032665f6f98	None	?	cardanimsgeneral_assets_all.bundle
2a182a10af34630429bbdc9fccffc9d2	None	?	cardanimsgeneral_assets_all.bundle
2a21bd1096e20a74ab579989ab5fafff	None	?	cardanimsgeneral_assets_all.bundle
2a89cfbbe8b3ba549aea3f114fafa7be	None	?	cardanimsgeneral_assets_all.bundle
2aa59a1b4b3fe4045a467e0f26775cb0	None	?	cardanimsgeneral_assets_all.bundle
2b63fd560f1162e468349038c37ad642	None	?	cardanimsgeneral_assets_all.bundle
2b72750a14983d44b822cabf70247dc8	None	?	cardanimsgeneral_assets_all.bundle
2b7c9d7feb639c544ac2c538a74f5846	None	?	cardanimsgeneral_assets_all.bundle
2c0e1c37246509c45b001155d75faec7	None	?	cardanimsgeneral_assets_all.bundle
2cb65733210573d49bfa2a8390b171d3	None	?	cardanimsgeneral_assets_all.bundle
2e08ef08136d58a43804a68033c4c68a	None	?	cardanimsgeneral_assets_all.bundle
2e14455471bf8da4daa3078ed69f5839	None	?	cardanimsgeneral_assets_all.bundle
2e7da955f078221448003875f3bbc68d	None	?	cardanimsgeneral_assets_all.bundle
2ef5dcd992bb14841b67a00a976a96be	None	?	cardanimsgeneral_assets_all.bundle
2fd963d3627cc4c05b0617acdf51521d	None	?	cardanimsgeneral_assets_all.bundle
2fd978ce32e13df4d992bd6557830f09	None	?	cardanimsgeneral_assets_all.bundle
30629a45df93d5e42ba10beee621e263	None	?	cardanimsgeneral_assets_all.bundle
3186ee810b1cecf4ea6f023da172ed88	None	?	cardanimsgeneral_assets_all.bundle
31da34149fe75bb44a5acb577b0b0187	None	?	cardanimsgeneral_assets_all.bundle
32361cdccc132b54ea7f1534951a7c93	None	?	cardanimsgeneral_assets_all.bundle
3367d0465f68625408374cfb7382e9b5	None	?	cardanimsgeneral_assets_all.bundle
34fac67e26fffd04b8941685c4b80236	None	?	cardanimsgeneral_assets_all.bundle
35368484dd996c84984cfcfaa167f88b	None	?	cardanimsgeneral_assets_all.bundle
354d30b2d5e851041a0be4537e2680e4	None	?	cardanimsgeneral_assets_all.bundle
37d6b6a26bc552847a39e373dcbd8f3c	None	?	cardanimsgeneral_assets_all.bundle
389acaddbc3852344a53328472686a3d	None	?	cardanimsgeneral_assets_all.bundle
38d9a9c46a36a6246bcab3fcaf745052	None	?	cardanimsgeneral_assets_all.bundle
3910e112771ac964b8919e9b0d0a36a3	None	?	cardanimsgeneral_assets_all.bundle
3917f5220e97bfa4fb19e6a4dc0a7908	None	?	cardanimsgeneral_assets_all.bundle
39e7c139936f6414cada543163412622	None	?	cardanimsgeneral_assets_all.bundle
3a08249d25044754b93145fe8b81fc7c	None	?	cardanimsgeneral_assets_all.bundle
3a154e3e4a13f134a8ae2095eab11902	None	?	cardanimsgeneral_assets_all.bundle
3a47c27d3826b534a9014c70433e7b5e	None	?	cardanimsgeneral_assets_all.bundle
3a4b5678eb5bc544a89fbe7e77f01479	None	?	cardanimsgeneral_assets_all.bundle
3af39795ecc362b40a58d6d08916cde5	None	?	cardanimsgeneral_assets_all.bundle
3b0e29e7c8e5f194fb346f1ffba417d6	None	?	cardanimsgeneral_assets_all.bundle
3b281da991106c14fb2c9c73e1cafc99	None	?	cardanimsgeneral_assets_all.bundle
3b76e36b473cc0f4eb17e674e50d095b	None	?	cardanimsgeneral_assets_all.bundle
3b9438e2f6f65794c8ff78a6fac44bb5	None	?	cardanimsgeneral_assets_all.bundle
3bdfa049840f62644b563575bd42623b	None	?	cardanimsgeneral_assets_all.bundle
3bfe5b8b8ab40354cae3e27994d65ec3	None	?	cardanimsgeneral_assets_all.bundle
3d21ccdce390e1946a75a59167e6ba67	None	?	cardanimsgeneral_assets_all.bundle
3d4b9507c95ac3a4b9944ada70283928	None	?	cardanimsgeneral_assets_all.bundle
3dfa9c0df4134c44295d9807cf0e5cd2	None	?	cardanimsgeneral_assets_all.bundle
3e0c418ba85cadd4f9d1070f9eebdca0	None	?	cardanimsgeneral_assets_all.bundle
3eaaab34b2e5b4242be932b5e8fcf198	None	?	cardanimsgeneral_assets_all.bundle
3f3a5ba316ce0ab46baf23c3a1ea9049	None	?	cardanimsgeneral_assets_all.bundle
3f5dac6e72479a84588f6985b47ec473	None	?	cardanimsgeneral_assets_all.bundle
3fce8ddee18e6944d9fdeef1b2199bbd	None	?	cardanimsgeneral_assets_all.bundle
3fde447d811e17743b8adea2ee0fd763	None	?	cardanimsgeneral_assets_all.bundle
40e891e5aefb3914c83a39db6066156d	None	?	cardanimsgeneral_assets_all.bundle
41a2631e7ea4abc4cbea6a0031a1d891	None	?	cardanimsgeneral_assets_all.bundle
420a3175bdbc1c14f853a27533128b49	None	?	cardanimsgeneral_assets_all.bundle
421c4f6832aefc946a808a13b3ed7902	None	?	cardanimsgeneral_assets_all.bundle
427ae7d2fd6838144a1a9b4b3715c197	None	?	cardanimsgeneral_assets_all.bundle
42abf1e9d0e87d64b8e8e91ba150ad9b	None	?	cardanimsgeneral_assets_all.bundle
42d0bc7d68e0230499c668e9aab43e59	None	?	cardanimsgeneral_assets_all.bundle
42f0658c4198df0429dcf701caf5908c	None	?	cardanimsgeneral_assets_all.bundle
42f16a2f385f72149bb049c9811ca4e4	None	?	cardanimsgeneral_assets_all.bundle
430a0aaba2159a34999d0cacc5d0abd9	None	?	cardanimsgeneral_assets_all.bundle
4380c991340edc14c954555dc3656ce4	None	?	cardanimsgeneral_assets_all.bundle
43b004b1f00d3204aaa7985775ab4e51	None	?	cardanimsgeneral_assets_all.bundle
442ff871ff47aee458fd3c26d78c44ec	None	?	cardanimsgeneral_assets_all.bundle
443b8406696c3bf459b0e1242e854867	None	?	cardanimsgeneral_assets_all.bundle
4462690b3653de04eaa6f18edd80247f	None	?	cardanimsgeneral_assets_all.bundle
44f2cf71106671241b26162a29d89087	None	?	cardanimsgeneral_assets_all.bundle
456b285405f9e9041a2f6de6857be470	None	?	cardanimsgeneral_assets_all.bundle
45746aadb340e664b87453c64c0518c8	None	?	cardanimsgeneral_assets_all.bundle
4585ed438548c1940a2d073535a99ab1	None	?	cardanimsgeneral_assets_all.bundle
45a3d273827f4464e9d3ec2a24030480	None	?	cardanimsgeneral_assets_all.bundle
45a9fa91a4aa70741b71bba569e73bdc	None	?	cardanimsgeneral_assets_all.bundle
45eaf12215a60d14797118b7c4053721	None	?	cardanimsgeneral_assets_all.bundle
469923c80581b8344b57d14a6563eaa1	None	?	cardanimsgeneral_assets_all.bundle
47059bc8164fa9e42a3c634e0b036772	None	?	cardanimsgeneral_assets_all.bundle
47e3ba73f1047a844b1f76d0d5e66a85	None	?	cardanimsgeneral_assets_all.bundle
487c1c934735ec34fa8cc82fc1d42c41	None	?	cardanimsgeneral_assets_all.bundle
48e82b148d1ced24e93c9703ce95d24a	None	?	cardanimsgeneral_assets_all.bundle
49911d46276a99648b1bbd8c964ef677	None	?	cardanimsgeneral_assets_all.bundle
49c398eb286f7e74a8c0ecafbb38a38c	None	?	cardanimsgeneral_assets_all.bundle
4a0a35153eb1e4d459c1dc2bb9ca1242	None	?	cardanimsgeneral_assets_all.bundle
4a918ae5815c4904eb21b4fce5e9c2ab	None	?	cardanimsgeneral_assets_all.bundle
4b3ec26c8ffc7674db0dd2039f05925d	None	?	cardanimsgeneral_assets_all.bundle
4b4de80fccc7d154fadcdf8e6d832298	None	?	cardanimsgeneral_assets_all.bundle
4c44c16ec735e9646b0d9a867442057f	None	?	cardanimsgeneral_assets_all.bundle
4e1ad3b96245e4ddf9c5789f8e246890	None	?	cardanimsgeneral_assets_all.bundle
4e74bf87e75802e439c8359d5b91376f	None	?	cardanimsgeneral_assets_all.bundle
4eda457d3228086449b6042db235eddc	None	?	cardanimsgeneral_assets_all.bundle
4f379f7adb753d647b779f24f55b4492	None	?	cardanimsgeneral_assets_all.bundle
50137c579b0a83245afc786c1e77fe0b	None	?	cardanimsgeneral_assets_all.bundle
50b0ea0f4948557479de1e3db6c3d27e	None	?	cardanimsgeneral_assets_all.bundle
5184348506df434468c5967eed3e46a4	None	?	cardanimsgeneral_assets_all.bundle
51c740544a8b4a945bc3917ee16f2ef3	None	?	cardanimsgeneral_assets_all.bundle
51ee6cf191575f54fabd4550c788b305	None	?	cardanimsgeneral_assets_all.bundle
51fabe2a07ec80a4f9e60fd88f549f0e	None	?	cardanimsgeneral_assets_all.bundle
5251c0f9139cdbc4a9d04097422966bb	None	?	cardanimsgeneral_assets_all.bundle
528c975632f681948937c49f6f6368cb	None	?	cardanimsgeneral_assets_all.bundle
52d86002caad4124a8d0ab06c3f389ae	None	?	cardanimsgeneral_assets_all.bundle
5332c4cec974c324cbf48a753397c5d4	None	?	cardanimsgeneral_assets_all.bundle
53c4fb8a88e79914aa6c36d2d9c8a5da	None	?	cardanimsgeneral_assets_all.bundle
53f3e4ca8fd14c34a8a9efcd97818c42	None	?	cardanimsgeneral_assets_all.bundle
54368410f1c118a498b0a09a83b106b0	None	?	cardanimsgeneral_assets_all.bundle
548091cae7361a449b7fc74d287c31d2	None	?	cardanimsgeneral_assets_all.bundle
54a52f8da5600ca4fa63baf7c44ef515	None	?	cardanimsgeneral_assets_all.bundle
558d9747078db884d8f0716fbaabb6eb	None	?	cardanimsgeneral_assets_all.bundle
5707d13c3d0da4eba9604feb80f67e21	None	?	cardanimsgeneral_assets_all.bundle
58299d3ff2a37b5408206e8c3bbfe942	None	?	cardanimsgeneral_assets_all.bundle
58c04a0188df8f7408469d58740ffb27	None	?	cardanimsgeneral_assets_all.bundle
58e7b66f4ac096c49922fe6b9b9f950e	None	?	cardanimsgeneral_assets_all.bundle
597550905485b5346a440eabac6e18f3	None	?	cardanimsgeneral_assets_all.bundle
59dcf992769abcd42a474f0e3b283b12	None	?	cardanimsgeneral_assets_all.bundle
5a1881a3afb311a48b9d1545bbfcba0e	None	?	cardanimsgeneral_assets_all.bundle
5a60dbe6e84c80742bf4f9c74b0502ed	None	?	cardanimsgeneral_assets_all.bundle
5abd01f7ff34afc4ab4a1096deedeebf	None	?	cardanimsgeneral_assets_all.bundle
5af24b17bf73eff498d5d3807dd2994c	None	?	cardanimsgeneral_assets_all.bundle
5b038f4a7533d0045a1609f660d88b6b	None	?	cardanimsgeneral_assets_all.bundle
5b60499e8b0b539489fffaca5b7836bb	None	?	cardanimsgeneral_assets_all.bundle
5c513edb42f4ac145ada27126f6f3f88	None	?	cardanimsgeneral_assets_all.bundle
5cc6f18d790247544bb3f88b8229f66e	None	?	cardanimsgeneral_assets_all.bundle
5d246ebfe1414934cbc3df1e1c940b44	None	?	cardanimsgeneral_assets_all.bundle
5d7fa4738d00d154795eccdd93365c44	None	?	cardanimsgeneral_assets_all.bundle
5daf3b515be405f4eb21c3c84179f6dc	None	?	cardanimsgeneral_assets_all.bundle
5e12362ccabaa4e4fa8a3871cce1c7a0	None	?	cardanimsgeneral_assets_all.bundle
5e4ecbbf3603fba4abbf2c0925e94309	None	?	cardanimsgeneral_assets_all.bundle
5e976dee37dcb7b4d8f0b1f27dec102b	None	?	cardanimsgeneral_assets_all.bundle
5eb443e18a7399343b6a65c38a45d060	None	?	cardanimsgeneral_assets_all.bundle
5eb486c0cf3a5fb408c98e960494695e	None	?	cardanimsgeneral_assets_all.bundle
5fece9b37ae2e8744b10624848435b0f	None	?	cardanimsgeneral_assets_all.bundle
6144c1d442cbb964a85e6501399f07f2	None	?	cardanimsgeneral_assets_all.bundle
6155f963fa97389409a3cb6ca5a440b4	None	?	cardanimsgeneral_assets_all.bundle
621f8153d182ba74cbd6e519d3083de1	None	?	cardanimsgeneral_assets_all.bundle
629890336e940ef4392899d9c33a8a41	None	?	cardanimsgeneral_assets_all.bundle
63de32f0e43a82d498146993c70cd223	None	?	cardanimsgeneral_assets_all.bundle
64178449148019f43b9980567056dcab	None	?	cardanimsgeneral_assets_all.bundle
64779f6a0ad942745b0f26dc0cba73ef	None	?	cardanimsgeneral_assets_all.bundle
64a1ed12d53b9ca4a95e42ec2c030763	None	?	cardanimsgeneral_assets_all.bundle
64ff72f7df55cef46b95b3d1daae3d4a	None	?	cardanimsgeneral_assets_all.bundle
654ca73cd898840a4af2c321c225a6f3	None	?	cardanimsgeneral_assets_all.bundle
65542f02a5660864ba33cb26b57dabd0	None	?	cardanimsgeneral_assets_all.bundle
66b7b2b312de4914f8f788ed19f62f3f	None	?	cardanimsgeneral_assets_all.bundle
66c39735bc25dab4ab148bf3288cdb75	None	?	cardanimsgeneral_assets_all.bundle
66ccce0ad1f860441a627df968f2c5bd	None	?	cardanimsgeneral_assets_all.bundle
66d82f644ee747a42b711c524ca9586a	None	?	cardanimsgeneral_assets_all.bundle
66d8f939d5ad094489faad17629278ac	None	?	cardanimsgeneral_assets_all.bundle
679796cbb1584cc4399878f707d9c087	None	?	cardanimsgeneral_assets_all.bundle
67e2d3be48c86c244aa365b426d527d0	None	?	cardanimsgeneral_assets_all.bundle
67e734a126d957b499491f3e07e62472	None	?	cardanimsgeneral_assets_all.bundle
6842b942d398e1046837ecdb326bc9a0	None	?	cardanimsgeneral_assets_all.bundle
6a3ebaf28b9d7c74d9377de9ff5588fd	None	?	cardanimsgeneral_assets_all.bundle
6abfb8a3960870f46aeaef4e4203cc8c	None	?	cardanimsgeneral_assets_all.bundle
6b1a74f24f2ab3f48b86bc16098215ad	None	?	cardanimsgeneral_assets_all.bundle
6b2d83d9034c4bd439bf127d2333ae9b	None	?	cardanimsgeneral_assets_all.bundle
6cfcdb265d6a19f4685a4e9f960b86a4	None	?	cardanimsgeneral_assets_all.bundle
6d516c232a0dde44a9fa2e2b3a64f1cd	None	?	cardanimsgeneral_assets_all.bundle
6dade335cf9343f4b85ad5f745a5a4e6	None	?	cardanimsgeneral_assets_all.bundle
6dfc508ff3e90ab4c838c60cbac4fab5	None	?	cardanimsgeneral_assets_all.bundle
6e0f0b8c772a4014b84ef7fcf692ac1c	None	?	cardanimsgeneral_assets_all.bundle
6f1bbedbb22d0c64682a360a5fa70aec	None	?	cardanimsgeneral_assets_all.bundle
6f2e62aeba5cf8d42b1a08e726716e0b	None	?	cardanimsgeneral_assets_all.bundle
70daafca6eefd5544bb3dc44747fc6a3	None	?	cardanimsgeneral_assets_all.bundle
71354d6b382f07948a951c4fcfb776a7	None	?	cardanimsgeneral_assets_all.bundle
72426af784f94aa40abc1fcc52e2b7b4	None	?	cardanimsgeneral_assets_all.bundle
73f33bf28a06421428c72cb64112dcf2	None	?	cardanimsgeneral_assets_all.bundle
7431ee589540a53498aa000ac03ab356	None	?	cardanimsgeneral_assets_all.bundle
74b9b9be6936b164389cad7eb040f71c	None	?	cardanimsgeneral_assets_all.bundle
7592fed57cce6d643bc3b4d02f68fa07	None	?	cardanimsgeneral_assets_all.bundle
75ef00dc98d9d5e47ab1e9aae666abc3	None	?	cardanimsgeneral_assets_all.bundle
75ef146f5ce4f4f22964f26322dbacfd	None	?	cardanimsgeneral_assets_all.bundle
7789198b7bb4f6f4691a6f7ec9adedb7	None	?	cardanimsgeneral_assets_all.bundle
77de03374bf4bd44ca3dc10530ebc5a3	None	?	cardanimsgeneral_assets_all.bundle
781bd8f76de2c6142b57b9952915d0ab	None	?	cardanimsgeneral_assets_all.bundle
7927382d31ba542438c6522530a52122	None	?	cardanimsgeneral_assets_all.bundle
794afb8aef7886647b68a0dd508fa634	None	?	cardanimsgeneral_assets_all.bundle
7993ffd23e6adbb42bd629ea1264e2fe	None	?	cardanimsgeneral_assets_all.bundle
79972bce0235c624ca79bc1a24a9d9d4	None	?	cardanimsgeneral_assets_all.bundle
79ad410a01c16bc4bb9de341f43e6e37	None	?	cardanimsgeneral_assets_all.bundle
7a2ceb162e185ba4188b422b20f6c8c7	None	?	cardanimsgeneral_assets_all.bundle
7a4cb003b80f26f4c9ada5b8cabd5baf	None	?	cardanimsgeneral_assets_all.bundle
7aa0192b1c90d9b49aab4ab2121a0e81	None	?	cardanimsgeneral_assets_all.bundle
7b124d293975df44ca56c88cc6391f2e	None	?	cardanimsgeneral_assets_all.bundle
7c3eeaa124c04ff43a3b1294fa89d7eb	None	?	cardanimsgeneral_assets_all.bundle
7c65ae96b32071849b26ed7edbd43a18	None	?	cardanimsgeneral_assets_all.bundle
7ce12b9ea83a743488eac233412254e3	None	?	cardanimsgeneral_assets_all.bundle
7d2ab14978e66a242bfd8ed3d85b3f1c	None	?	cardanimsgeneral_assets_all.bundle
7d31a9fddea0f1642a7a2f4da4f50db7	None	?	cardanimsgeneral_assets_all.bundle
7d76db5ff4f398648be5e7af264818a7	None	?	cardanimsgeneral_assets_all.bundle
7dc58e5b008d8804f8fe911400c9bd53	None	?	cardanimsgeneral_assets_all.bundle
7e0ebc1d4ba70204a809e1943612fbb6	None	?	cardanimsgeneral_assets_all.bundle
7e8ca71a32aa8e043af3748e0869c5ea	None	?	cardanimsgeneral_assets_all.bundle
7eca352da985a8b40b88e4a3a78dc64e	None	?	cardanimsgeneral_assets_all.bundle
7ed23fc3db385bf4ba9621335bb0f266	None	?	cardanimsgeneral_assets_all.bundle
7f1c0eaed0e15774ca9abea7aceead2f	None	?	cardanimsgeneral_assets_all.bundle
813ecb289552c8241b2455608d99f728	None	?	cardanimsgeneral_assets_all.bundle
81f6fa73effa3334a8a7e15bd118e585	None	?	cardanimsgeneral_assets_all.bundle
8249c79fec4d44c4ca41755045dc863d	None	?	cardanimsgeneral_assets_all.bundle
8342941edfe2a34478733828a348b9ee	None	?	cardanimsgeneral_assets_all.bundle
83d96d93d5d17c24db16a8defbed03ce	None	?	cardanimsgeneral_assets_all.bundle
841e49ce1bb1ab6409d1b0ca2b10308c	None	?	cardanimsgeneral_assets_all.bundle
843a09647fd90ed4fa05a684e4776cce	None	?	cardanimsgeneral_assets_all.bundle
844bf74e30be62f4784a2131a1c08e20	None	?	cardanimsgeneral_assets_all.bundle
848078ada533037468780c4a70a1de5b	None	?	cardanimsgeneral_assets_all.bundle
84aea105e8a1f2840a72c392eb110f95	None	?	cardanimsgeneral_assets_all.bundle
84b1b708fc4b8a34e97f6ea57ff52a3b	None	?	cardanimsgeneral_assets_all.bundle
84fe85c4fcefb2849b1e10eac7e61caa	None	?	cardanimsgeneral_assets_all.bundle
8569ddf9cb908cd43a21b7d6d7f082c2	None	?	cardanimsgeneral_assets_all.bundle
858b2f12e8563644299a0e8b2a3539a0	None	?	cardanimsgeneral_assets_all.bundle
85b4a93db566e5b459c337cd5e04232a	None	?	cardanimsgeneral_assets_all.bundle
85b69f3a3b6bb754699cbac7230508f6	None	?	cardanimsgeneral_assets_all.bundle
85cb98d6b7ba45b479ee855fd317c9e3	None	?	cardanimsgeneral_assets_all.bundle
874dd68077c21cc4c86c5362b436d792	None	?	cardanimsgeneral_assets_all.bundle
8944745b24ae9f54ab01b626c9f6b202	None	?	cardanimsgeneral_assets_all.bundle
8a3bef71ec4782d42aeda16dc11b505e	None	?	cardanimsgeneral_assets_all.bundle
8b1ae456e086110409e2f2c54898083d	None	?	cardanimsgeneral_assets_all.bundle
8c379c5db12284b4b8d7353fa7f00006	None	?	cardanimsgeneral_assets_all.bundle
8cc52be228757462ba9440e462fa2474	None	?	cardanimsgeneral_assets_all.bundle
8d495be3ab6a4f048a1888b7ef1e65c2	None	?	cardanimsgeneral_assets_all.bundle
8d4cb46dff995bf4ebcb0cb2781bc867	None	?	cardanimsgeneral_assets_all.bundle
8d68edaf28c8e7946b442cb410937d35	None	?	cardanimsgeneral_assets_all.bundle
8dadd05c034e4514f98721fb4012ea90	None	?	cardanimsgeneral_assets_all.bundle
8e1815353f199914cac1af9aac15c368	None	?	cardanimsgeneral_assets_all.bundle
8e47413298a61e548a0f0d06870363a4	None	?	cardanimsgeneral_assets_all.bundle
8e9b85c5ef986de44b34220cab191ab5	None	?	cardanimsgeneral_assets_all.bundle
8f4170b0c7040854ea4936b353075132	None	?	cardanimsgeneral_assets_all.bundle
9007d7d9a64eba44e90775a049de4851	None	?	cardanimsgeneral_assets_all.bundle
909146c7321351941a2d7ab2e1070528	None	?	cardanimsgeneral_assets_all.bundle
909f586b57b6a064eb618f16023b9222	None	?	cardanimsgeneral_assets_all.bundle
915f97d1151634b5b8efd79ea1f83700	None	?	cardanimsgeneral_assets_all.bundle
91a2285b6c786aa4fbffefa0ce12ecbc	None	?	cardanimsgeneral_assets_all.bundle
91a99d5562124224283739c136562c71	None	?	cardanimsgeneral_assets_all.bundle
93018c4b808efbc44a28450b7d26053c	None	?	cardanimsgeneral_assets_all.bundle
94138d17540a5644188faa100813e916	None	?	cardanimsgeneral_assets_all.bundle
947d836ff9627d545861a6c453736e7a	None	?	cardanimsgeneral_assets_all.bundle
94990b559a9ca2e4cb88b0dffbb6c0ec	None	?	cardanimsgeneral_assets_all.bundle
94e53a9f677cd6542957060d44dfffda	None	?	cardanimsgeneral_assets_all.bundle
95733728cb86a184095bfb931f4f945d	None	?	cardanimsgeneral_assets_all.bundle
95778df2378ded94da0aafc793216540	None	?	cardanimsgeneral_assets_all.bundle
962d18908295f0643be79cef5e535657	None	?	cardanimsgeneral_assets_all.bundle
96ce731bac5181e4fa9516b352fb493f	None	?	cardanimsgeneral_assets_all.bundle
9729b096be5280f4ba9c55fb0be4efc0	None	?	cardanimsgeneral_assets_all.bundle
9734ed9c19222d741bda5bebbdd974c6	None	?	cardanimsgeneral_assets_all.bundle
979247a7d981b1648971adce1af4c922	None	?	cardanimsgeneral_assets_all.bundle
9854a0705b283b44eb41a64072f48bcf	None	?	cardanimsgeneral_assets_all.bundle
9869f9d036ce2854ab95004fec1a7598	None	?	cardanimsgeneral_assets_all.bundle
99660701b6663df45aa956c65ec09aed	None	?	cardanimsgeneral_assets_all.bundle
998bff00387c16e42ab40701bbb11699	None	?	cardanimsgeneral_assets_all.bundle
99f0c70942ad21943a8da7ba59e5af41	None	?	cardanimsgeneral_assets_all.bundle
99ff61c3d9548fb4380a1fb99ed0ab72	None	?	cardanimsgeneral_assets_all.bundle
9a723f2040cecb640843d805313f8506	None	?	cardanimsgeneral_assets_all.bundle
9b2403fd2e8909d46b27ab7620ad1152	None	?	cardanimsgeneral_assets_all.bundle
9b763eaac09ecc142afe2fe02d041cfd	None	?	cardanimsgeneral_assets_all.bundle
9b837db22ae151043a9a8303c744cedf	None	?	cardanimsgeneral_assets_all.bundle
9bb41fe7da6e6614dbdd1c5bd2e31e31	None	?	cardanimsgeneral_assets_all.bundle
9be086bfbfacf24468445208e3f5710e	None	?	cardanimsgeneral_assets_all.bundle
9c0734f33ace0db44acabaf75e11f588	None	?	cardanimsgeneral_assets_all.bundle
9d9271fe813ffa54aadad7ee6a9926c3	None	?	cardanimsgeneral_assets_all.bundle
9dab0bd2038cf2d4a8a7883bbdd990f1	None	?	cardanimsgeneral_assets_all.bundle
9e5cc39f76211b247a3c847ace5c9845	None	?	cardanimsgeneral_assets_all.bundle
9eeb8c5e24fdc1047a60797bd879b94f	None	?	cardanimsgeneral_assets_all.bundle
9f00c3e360458c348b87cb29e7ecece9	None	?	cardanimsgeneral_assets_all.bundle
9f207351c21b003468dd5a5d27a3bcd8	None	?	cardanimsgeneral_assets_all.bundle
9f62235bef0fc644e8260b741316224f	None	?	cardanimsgeneral_assets_all.bundle
9f7065ba4ee79414c8e114fd12b36b31	None	?	cardanimsgeneral_assets_all.bundle
a0185309bd7bb434da66f865f2ab4a67	None	?	cardanimsgeneral_assets_all.bundle
a039613c018d3344b94cf8e923cee605	None	?	cardanimsgeneral_assets_all.bundle
a03f2e0fdaef0894c9c7f2e9463c41a5	None	?	cardanimsgeneral_assets_all.bundle
a05ead30b1db7a24fa66cc9ce31bf824	None	?	cardanimsgeneral_assets_all.bundle
a07a18c6aae459648a3faaea6793cd11	None	?	cardanimsgeneral_assets_all.bundle
a0c54ff45d3b5e64d9436781e6fef849	None	?	cardanimsgeneral_assets_all.bundle
a0eaab966e1d92543bcbf9afe7b732d9	None	?	cardanimsgeneral_assets_all.bundle
a1540267ecec9ea439d640946b3cfada	None	?	cardanimsgeneral_assets_all.bundle
a2cee702128d7394a8c227e7ccbc08c7	None	?	cardanimsgeneral_assets_all.bundle
a36c3ce6d808dd84992bcf005a2fff22	None	?	cardanimsgeneral_assets_all.bundle
a3d840680f27a4f41929e37c9300e866	None	?	cardanimsgeneral_assets_all.bundle
a4088dc3e336f124e9f555510b71d9c6	None	?	cardanimsgeneral_assets_all.bundle
a40e050ca76e1784982df7ab9db26acf	None	?	cardanimsgeneral_assets_all.bundle
a424f95ae428ce645b53b2c30378e1f7	None	?	cardanimsgeneral_assets_all.bundle
a46f8a844f463a4488aac2ff4937bb07	None	?	cardanimsgeneral_assets_all.bundle
a4784824c29a30742929376aec4305e1	None	?	cardanimsgeneral_assets_all.bundle
a5081175cc2481f498cc249d64e20557	None	?	cardanimsgeneral_assets_all.bundle
a571a9158e852704099095163b955cf0	None	?	cardanimsgeneral_assets_all.bundle
a6cd0947c6cb4da4598c5c224207840a	None	?	cardanimsgeneral_assets_all.bundle
a6df0f1acc937ba479b89ffab5e86431	None	?	cardanimsgeneral_assets_all.bundle
a6ea0abd47cacd94597237eed8dffa76	None	?	cardanimsgeneral_assets_all.bundle
a75e03b1394aea644a016e0adf0ba796	None	?	cardanimsgeneral_assets_all.bundle
a766ba8a80471334baf893da538cd961	None	?	cardanimsgeneral_assets_all.bundle
a7d6bfaa5191b0e48bee676d7a810764	None	?	cardanimsgeneral_assets_all.bundle
a80a3268defbdba4bbae92c536d5aa51	None	?	cardanimsgeneral_assets_all.bundle
a81f347069299044481251a67e683037	None	?	cardanimsgeneral_assets_all.bundle
a8549bb45617417448ad45677845ef49	None	?	cardanimsgeneral_assets_all.bundle
a8621b206d09c6c4989acba68499056e	None	?	cardanimsgeneral_assets_all.bundle
a8c3f891601e9ca4c9e3b7c8cd0f37a3	None	?	cardanimsgeneral_assets_all.bundle
a9858e623a3664c47907758ca71bfd87	None	?	cardanimsgeneral_assets_all.bundle
aa5dcef4baf20c34eb18f27bf8e879f5	None	?	cardanimsgeneral_assets_all.bundle
aa9454607c97db54a86f22209966bbba	None	?	cardanimsgeneral_assets_all.bundle
aaba20a0ad6522f4e9ecefd2154d1313	None	?	cardanimsgeneral_assets_all.bundle
abe2e28b387aa9d418346dcae6475ce0	None	?	cardanimsgeneral_assets_all.bundle
ac8294917513e6141b7283ee37f35dff	None	?	cardanimsgeneral_assets_all.bundle
b13eccc0cc2594d4c9aa1ec45740ad27	None	?	cardanimsgeneral_assets_all.bundle
b1648b2c8f93c14459f2b44da2582b38	None	?	cardanimsgeneral_assets_all.bundle
b2a220a9af0eafa43a228ff263f4256a	None	?	cardanimsgeneral_assets_all.bundle
b2ae088c5edb57343ad0e0558f36866d	None	?	cardanimsgeneral_assets_all.bundle
b2f761e211f02fc41a9c4ce7bed0c2bc	None	?	cardanimsgeneral_assets_all.bundle
b39a2a1f34eacbb4494c91a7ce9454cb	None	?	cardanimsgeneral_assets_all.bundle
b3c0b373d7c63b54cbfc211f1e28b5c5	None	?	cardanimsgeneral_assets_all.bundle
b41b1db8fe2e0b84a8b6bf2a26cd9706	None	?	cardanimsgeneral_assets_all.bundle
b421340356422a7438cb1fc70a480911	None	?	cardanimsgeneral_assets_all.bundle
b4b645e6eb7bef34c9621e98b8667337	None	?	cardanimsgeneral_assets_all.bundle
b4f2898e39f24e44db47d0a2021883dd	None	?	cardanimsgeneral_assets_all.bundle
b4f5192d759f79c4eb4ffee7c45265a9	None	?	cardanimsgeneral_assets_all.bundle
b5813a9392acd7d42bb7c157638f4cbe	None	?	cardanimsgeneral_assets_all.bundle
b5a9fac5afd983e46a221d6003434319	None	?	cardanimsgeneral_assets_all.bundle
b61152fd46d2c7f429e59da08ccd2ba5	None	?	cardanimsgeneral_assets_all.bundle
b63075f9d22ff2c40bdd0b5d40a18af7	None	?	cardanimsgeneral_assets_all.bundle
b664ea5d6484f83438a29fce3afdb989	None	?	cardanimsgeneral_assets_all.bundle
b71d78d086d27b2429484b78fce36d4e	None	?	cardanimsgeneral_assets_all.bundle
b72a60d3f44f21d4aafa4f14bbe86c88	None	?	cardanimsgeneral_assets_all.bundle
b7ca6ba391018fc47a152df2ecfd8c74	None	?	cardanimsgeneral_assets_all.bundle
b8015cc76305722489f6eacfb36ac024	None	?	cardanimsgeneral_assets_all.bundle
b805cd70c4b61784681ea473fef891ca	None	?	cardanimsgeneral_assets_all.bundle
b84c6c95612e9c945921a14456465020	None	?	cardanimsgeneral_assets_all.bundle
b8be238c4e9447847a22b294ec7ccc47	None	?	cardanimsgeneral_assets_all.bundle
b94807ecd4ca4784d902887951e29efa	None	?	cardanimsgeneral_assets_all.bundle
b9af264ada6fc744fbf07530350b2c0d	None	?	cardanimsgeneral_assets_all.bundle
b9f57ba6d3701d4438121714e706935f	None	?	cardanimsgeneral_assets_all.bundle
b9fff79f67a3aef4f90753ba46a79467	None	?	cardanimsgeneral_assets_all.bundle
ba6413f078393ca4caa80b0b661e6d85	None	?	cardanimsgeneral_assets_all.bundle
baa1adf16fac8b04780d204a428a98fa	None	?	cardanimsgeneral_assets_all.bundle
baa62e33bb28dad4fbd8ea10992e63d2	None	?	cardanimsgeneral_assets_all.bundle
baf8ad9f44a703441b18d0dbd37110de	None	?	cardanimsgeneral_assets_all.bundle
baf9dfbbbc973554da2572f0b81d72f4	None	?	cardanimsgeneral_assets_all.bundle
bba49b40661864f4c9a214ff1d282abe	None	?	cardanimsgeneral_assets_all.bundle
bbcb0cca92b7b8b4a86f770434db2af7	None	?	cardanimsgeneral_assets_all.bundle
bcc7fa121448fba419a939e1c5468e5b	None	?	cardanimsgeneral_assets_all.bundle
be1c5ac751064354a8d740c8e8a6c46d	None	?	cardanimsgeneral_assets_all.bundle
be262335eec028e45a719535c6c71093	None	?	cardanimsgeneral_assets_all.bundle
be723eb2aec4c5241a42fd4ae51a895a	None	?	cardanimsgeneral_assets_all.bundle
beab83fd5c9157642993c8febd915121	None	?	cardanimsgeneral_assets_all.bundle
bff15a17ae191b94fad668f0662f9ed2	None	?	cardanimsgeneral_assets_all.bundle
c0f4ecc4e89d4b34a8e8b6c6d97ea104	None	?	cardanimsgeneral_assets_all.bundle
c146bb80e726e1f4ba03aae74157a9f8	None	?	cardanimsgeneral_assets_all.bundle
c1522392fe26b864fa5a7d75cd3bd99a	None	?	cardanimsgeneral_assets_all.bundle
c20d5b7da311eab4db64dba966984428	None	?	cardanimsgeneral_assets_all.bundle
c361d4afd8095e74a826a9b866979af6	None	?	cardanimsgeneral_assets_all.bundle
c38cca24feb4be246b8884a9ecbcfdf9	None	?	cardanimsgeneral_assets_all.bundle
c3d1ad0a04f9620458cf672695592980	None	?	cardanimsgeneral_assets_all.bundle
c3ea08f9bc4788d4191410adc4a2abf8	None	?	cardanimsgeneral_assets_all.bundle
c3f8767440453c644b185382bba37ef2	None	?	cardanimsgeneral_assets_all.bundle
c419e8172f4605144ac1431728d2cf46	None	?	cardanimsgeneral_assets_all.bundle
c4f2ac105b9c8024bb932e3b3e512777	None	?	cardanimsgeneral_assets_all.bundle
c59a868f47f966d449eb8a3175bb7d9b	None	?	cardanimsgeneral_assets_all.bundle
c61256d7a7b98dc46bb417e7bc954257	None	?	cardanimsgeneral_assets_all.bundle
c6c975b22ef88004697e7a3cefe0ce3d	None	?	cardanimsgeneral_assets_all.bundle
c6eb114771cbbc7468c3c5ac0eabbd6f	None	?	cardanimsgeneral_assets_all.bundle
c721fe1a6172fe643ab0be84d9292630	None	?	cardanimsgeneral_assets_all.bundle
c72af3d68c2bf774e801e4bc0369d3b5	None	?	cardanimsgeneral_assets_all.bundle
c8609c44c8bd7434fa25f34d1c7e7e6a	None	?	cardanimsgeneral_assets_all.bundle
c8c6aa7b9c4ffea49afeea5b9b0c6d6f	None	?	cardanimsgeneral_assets_all.bundle
c9be2ad2685b292498d6e11e5821afa4	None	?	cardanimsgeneral_assets_all.bundle
ca09df3c701c5fe438d58e42d18affd2	None	?	cardanimsgeneral_assets_all.bundle
cb843e7a70638e9499b6a0901e9835da	None	?	cardanimsgeneral_assets_all.bundle
cba5ac6ee6e7a96458711833cc8e976a	None	?	cardanimsgeneral_assets_all.bundle
cc12899e56e1e4b41b311743d7cda883	None	?	cardanimsgeneral_assets_all.bundle
cd3972f02c5f6c945b70ac4e34e5c1e7	None	?	cardanimsgeneral_assets_all.bundle
cd87426f757d176429520fe5ef627d93	None	?	cardanimsgeneral_assets_all.bundle
cd9a54f1284787b4a9092b708214da3d	None	?	cardanimsgeneral_assets_all.bundle
cda9a22fc1be64f439ad1f4e2a312a68	None	?	cardanimsgeneral_assets_all.bundle
ce408321d1bf96b40bbc90e9d2ab182a	None	?	cardanimsgeneral_assets_all.bundle
ce85c164b292e4f4c9f3f9593e83d453	None	?	cardanimsgeneral_assets_all.bundle
cf48f0b35a3e1d347a691f0566d6bde3	None	?	cardanimsgeneral_assets_all.bundle
cf5a84fc7ff55554cbc07bc0f11c2ce5	None	?	cardanimsgeneral_assets_all.bundle
cfb9061e543ae0e40ba0797771ac545f	None	?	cardanimsgeneral_assets_all.bundle
d0eb8ade2d2cb1a4eabdd119d0568c4c	None	?	cardanimsgeneral_assets_all.bundle
d1b99e663c5d8f64dac3392e66c10f27	None	?	cardanimsgeneral_assets_all.bundle
d220f14a3b95bf546949bad2dbc2251b	None	?	cardanimsgeneral_assets_all.bundle
d22ac4b7272434c458bb03434f98681c	None	?	cardanimsgeneral_assets_all.bundle
d23a67a8b4b59734bb1911d1a58caa84	None	?	cardanimsgeneral_assets_all.bundle
d2b28d9bc9e4d2e43a841c5c61827dbb	None	?	cardanimsgeneral_assets_all.bundle
d2bbde63bd1842343a65e6b60f4779b2	None	?	cardanimsgeneral_assets_all.bundle
d2c97fdfa398275419d1d9340f4f0093	None	?	cardanimsgeneral_assets_all.bundle
d37184cba13ca4a44bcdd2683bb4cf64	None	?	cardanimsgeneral_assets_all.bundle
d462ab6b77ab2084ba48858dc9544372	None	?	cardanimsgeneral_assets_all.bundle
d484ab01e488a674e8fae946a2afc939	None	?	cardanimsgeneral_assets_all.bundle
d4e469fac81efdf4c82cff22895064b5	None	?	cardanimsgeneral_assets_all.bundle
d4f1b87554a0905429fb1453ed30322d	None	?	cardanimsgeneral_assets_all.bundle
d50e0f9ec7e82934f92795f0eb321e8b	None	?	cardanimsgeneral_assets_all.bundle
d5557c1c29cfd1246a272b2d58e9abba	None	?	cardanimsgeneral_assets_all.bundle
d59473ca88ef0ea4a984436a3428be68	None	?	cardanimsgeneral_assets_all.bundle
d5ad548dfa4eeef4f8d8c832585941b8	None	?	cardanimsgeneral_assets_all.bundle
d65e4c8cadde4b646a2815741bfdcf71	None	?	cardanimsgeneral_assets_all.bundle
d68ca49e9f266d14f8229d7b32a3cc14	None	?	cardanimsgeneral_assets_all.bundle
d6f298507f814fe4692a66353b4cd28d	None	?	cardanimsgeneral_assets_all.bundle
d75cdebd8be0dce4b833d16eb9868214	None	?	cardanimsgeneral_assets_all.bundle
d7d4f76ecf9c97e4fb7f5429b09297f4	None	?	cardanimsgeneral_assets_all.bundle
d8d7cca2b76bb404dbb4b99a186326b3	None	?	cardanimsgeneral_assets_all.bundle
d8e61bc2616e734488321071da8a40b3	None	?	cardanimsgeneral_assets_all.bundle
d9435865cb5d2394391e159a4abd77cd	None	?	cardanimsgeneral_assets_all.bundle
d9a21c777d8e7cd4fb48587beb3ba528	None	?	cardanimsgeneral_assets_all.bundle
da5ec87b5b3b40e4b891630c477713f0	None	?	cardanimsgeneral_assets_all.bundle
dbe74197cfd404b43a290c1e6547c8a8	None	?	cardanimsgeneral_assets_all.bundle
ddaaf29c84bb8f842b8422885348e0fd	None	?	cardanimsgeneral_assets_all.bundle
ddc17f8e697967140980346d7295089c	None	?	cardanimsgeneral_assets_all.bundle
de9692e0cbc9ae446bfba00df4bf83a1	None	?	cardanimsgeneral_assets_all.bundle
df22d6cfebaf10c41a9a7674258d172e	None	?	cardanimsgeneral_assets_all.bundle
df3f785d16c32184b8354d33b89377b8	None	?	cardanimsgeneral_assets_all.bundle
df973f8f53452b749bbca0a6abe433e5	None	?	cardanimsgeneral_assets_all.bundle
e162a1563a8acb94793b8a61be2a2bb6	None	?	cardanimsgeneral_assets_all.bundle
e22d23a8ffdb4804eaab9370247c3fea	None	?	cardanimsgeneral_assets_all.bundle
e3195ddd3256a34479f6b32737a11753	None	?	cardanimsgeneral_assets_all.bundle
e3bd6529302157840aaa1f130fe125c3	None	?	cardanimsgeneral_assets_all.bundle
e4501e8d3ae809b4caf43fbc8edd0474	None	?	cardanimsgeneral_assets_all.bundle
e46d5c5934943ed479c57704e460e6f4	None	?	cardanimsgeneral_assets_all.bundle
e4cda85a4f104924da22fe3b72b123a2	None	?	cardanimsgeneral_assets_all.bundle
e53410b1632aa384686212289d359b47	None	?	cardanimsgeneral_assets_all.bundle
e61ea75c1dc92904e8696b9bd1f1bc09	None	?	cardanimsgeneral_assets_all.bundle
e71bc3af1b1825940bad0ce0e9fc72fd	None	?	cardanimsgeneral_assets_all.bundle
e7f71f6d34744c742baa8a918e3a1f92	None	?	cardanimsgeneral_assets_all.bundle
e88772cb08fb73243970183f0f1dff7a	None	?	cardanimsgeneral_assets_all.bundle
e8a35ae2963dc5d468565936d9d2f973	None	?	cardanimsgeneral_assets_all.bundle
e8d9367bcc29a224b951345ea191cd11	None	?	cardanimsgeneral_assets_all.bundle
e8dd2159956272b488aefe1901a216d6	None	?	cardanimsgeneral_assets_all.bundle
e8e0e89495f211d4aae68ed1498feecb	None	?	cardanimsgeneral_assets_all.bundle
e94c0bdd3c72d4344baf1d9608bfe359	None	?	cardanimsgeneral_assets_all.bundle
ea63feb0ba39446469efc3c6c6bca6f2	None	?	cardanimsgeneral_assets_all.bundle
ea78c465de495dc40b94babafcc51864	None	?	cardanimsgeneral_assets_all.bundle
ea9551018eef070429f258bf5da49f19	None	?	cardanimsgeneral_assets_all.bundle
eb1a2317a2d0c1b42966184ddb4636ff	None	?	cardanimsgeneral_assets_all.bundle
eba3ab089a89cfe4f87489d8438aa3ba	None	?	cardanimsgeneral_assets_all.bundle
ecfd1d03369f44e409f6617a91fd7557	None	?	cardanimsgeneral_assets_all.bundle
ed801be911e67c9488bc876dcca2e22d	None	?	cardanimsgeneral_assets_all.bundle
edd21f0a0cd7f464b9a316bcb8a01595	None	?	cardanimsgeneral_assets_all.bundle
ee02450aabeabd14c97e9c03ac745525	None	?	cardanimsgeneral_assets_all.bundle
f0953437eb6ed0a4bb6816e7527a14df	None	?	cardanimsgeneral_assets_all.bundle
f0d3658b4ece09c448da5cccc37c1457	None	?	cardanimsgeneral_assets_all.bundle
f16391816a330d047b8eaf91946f6db5	None	?	cardanimsgeneral_assets_all.bundle
f17dd2a88216c62468cf4c3fc23c8dae	None	?	cardanimsgeneral_assets_all.bundle
f21e512ab071d36479a4cbfda6edc6a9	None	?	cardanimsgeneral_assets_all.bundle
f27c17b459177dd4786071bc3672789e	None	?	cardanimsgeneral_assets_all.bundle
f32940afdfbbadd4ab773cabaf904839	None	?	cardanimsgeneral_assets_all.bundle
f37189fd0eb69c24fa5ef6a8de0772b0	None	?	cardanimsgeneral_assets_all.bundle
f387e5894b071f14bb79a0a59c5f87d9	None	?	cardanimsgeneral_assets_all.bundle
f3b64ebfd1d53cb418505549fc27affc	None	?	cardanimsgeneral_assets_all.bundle
f3c10e8346e0ab04898eb5c89b164d59	None	?	cardanimsgeneral_assets_all.bundle
f3ce9d6baf9ebf74c9e1c700fd11d08f	None	?	cardanimsgeneral_assets_all.bundle
f3eb53eb4d16ede45a69de57caaae328	None	?	cardanimsgeneral_assets_all.bundle
f5211988b03e9054498a4c49571c22f7	None	?	cardanimsgeneral_assets_all.bundle
f54aca90bec46b44b80732dba7b4471c	None	?	cardanimsgeneral_assets_all.bundle
f587b0eb3d6b66144b0363cd1a1d7e41	None	?	cardanimsgeneral_assets_all.bundle
f5de5c60911d02948a5803153c18a383	None	?	cardanimsgeneral_assets_all.bundle
f6596dbd67809b34cb9d99db8e3d9398	None	?	cardanimsgeneral_assets_all.bundle
f6817ae468458fe4b93a1577dcdf183c	None	?	cardanimsgeneral_assets_all.bundle
f6a0d06d51b9c7a438baa7ddd09afa9e	None	?	cardanimsgeneral_assets_all.bundle
f6f3f728d39eb45949281124b9c8bfe3	None	?	cardanimsgeneral_assets_all.bundle
f7efae29399861c499ecf3fdc04d6456	None	?	cardanimsgeneral_assets_all.bundle
f7f455ee4d5f0a64dbe4d8fa21a00670	None	?	cardanimsgeneral_assets_all.bundle
f8d2955e97f640546ab89921732da762	None	?	cardanimsgeneral_assets_all.bundle
f91c06ce089539140a767ae1c30f08fb	None	?	cardanimsgeneral_assets_all.bundle
f9333920f45ccc34aafeae4267b6bcb8	None	?	cardanimsgeneral_assets_all.bundle
f9d05b8e28d910e449729c51aa8ff6e4	None	?	cardanimsgeneral_assets_all.bundle
fa0b575e65f73914486d629a5bd4b529	None	?	cardanimsgeneral_assets_all.bundle
facbca922199f2d4db3353e8dda5f85d	None	?	cardanimsgeneral_assets_all.bundle
fb136b9d6fb72a844a5e74e804b08ab7	None	?	cardanimsgeneral_assets_all.bundle
fc5f5d47b33318441b31797577c0d658	None	?	cardanimsgeneral_assets_all.bundle
fdd0640fad1b16f44bf26f0b592bdf26	None	?	cardanimsgeneral_assets_all.bundle
fddd5e16fef3a714d85020eeac9c9fec	None	?	cardanimsgeneral_assets_all.bundle
fe52a31a9c67cb64a89daf93d731146a	None	?	cardanimsgeneral_assets_all.bundle
fe65fa970a3c9f2479c5e780aac66c56	None	?	cardanimsgeneral_assets_all.bundle
febb0660d6738624fb3cefa66cdde9bb	None	?	cardanimsgeneral_assets_all.bundle
ff35b219b0263f344a561bb08592f61f	None	?	cardanimsgeneral_assets_all.bundle
ff5a29ec73a942b41bd6faf2f93fa50b	None	?	cardanimsgeneral_assets_all.bundle
ffaca9739c2d89148ae19b3152cf925b	None	?	cardanimsgeneral_assets_all.bundle
ffb9ec31619959541a13302ab389ecb8	None	?	cardanimsgeneral_assets_all.bundle
01f6117b8af71e547961242dedd8fb73	None	?	chaosspacemarinesblacklegioncardanims_assets_all.bundle
1122adc2846b5454582ccaac56ffd422	None	?	chaosspacemarinesblacklegioncardanims_assets_all.bundle
141896569ade57240a4402f1f27d775c	None	?	chaosspacemarinesblacklegioncardanims_assets_all.bundle
147d9db2e72d38e438d7df9094cd2f9d	None	?	chaosspacemarinesblacklegioncardanims_assets_all.bundle
16456ef8d2e02b9419ec5c9c5c07edb4	None	?	chaosspacemarinesblacklegioncardanims_assets_all.bundle
17e016d3b293f024dbf6e57dcbacc60f	None	?	chaosspacemarinesblacklegioncardanims_assets_all.bundle
1a773cecda8160b40adfe12a24c6edad	None	?	chaosspacemarinesblacklegioncardanims_assets_all.bundle
20fe0c7aadaf417458f93033178f4a66	None	?	chaosspacemarinesblacklegioncardanims_assets_all.bundle
224fd9e92735cb547b85977f794affa5	None	?	chaosspacemarinesblacklegioncardanims_assets_all.bundle
2287122ba7cef284f89ab46499a76b64	None	?	chaosspacemarinesblacklegioncardanims_assets_all.bundle
236d4e22a84c78b47a9443d938c33f9e	None	?	chaosspacemarinesblacklegioncardanims_assets_all.bundle
2556e170b76d75c4cad694c0108e9217	None	?	chaosspacemarinesblacklegioncardanims_assets_all.bundle
2a2ad48af85519642a9fbb537cbfa309	None	?	chaosspacemarinesblacklegioncardanims_assets_all.bundle
2b3e064b3e19cf6449392f48a3f3bc21	None	?	chaosspacemarinesblacklegioncardanims_assets_all.bundle
2ced0a0e1d658cd478e1af4572f89183	None	?	chaosspacemarinesblacklegioncardanims_assets_all.bundle
36119bd283e6bf04fbecba53ca37c270	None	?	chaosspacemarinesblacklegioncardanims_assets_all.bundle
36d7511e0050c2c44974420511e160a9	None	?	chaosspacemarinesblacklegioncardanims_assets_all.bundle
37ca5bcf8de3d5747b6158f43e065d5e	None	?	chaosspacemarinesblacklegioncardanims_assets_all.bundle
39dca21155c8d3f41b8d34567db3e7ea	None	?	chaosspacemarinesblacklegioncardanims_assets_all.bundle
3b234901dc1298943a6c4ae60b18bbcc	None	?	chaosspacemarinesblacklegioncardanims_assets_all.bundle
3c4293a202f844046821c27292287e68	None	?	chaosspacemarinesblacklegioncardanims_assets_all.bundle
3ec054880142aae4ea9d45b324320623	None	?	chaosspacemarinesblacklegioncardanims_assets_all.bundle
4097295b3e7bcb443816634f312d5599	None	?	chaosspacemarinesblacklegioncardanims_assets_all.bundle
47ef308373e366748a2c44dbde987c17	None	?	chaosspacemarinesblacklegioncardanims_assets_all.bundle
4cd372f22f00a0d49a467e6ac8aa7e5b	None	?	chaosspacemarinesblacklegioncardanims_assets_all.bundle
4e2db299cd8345544b6bd6e8c46fcb48	None	?	chaosspacemarinesblacklegioncardanims_assets_all.bundle
5d3d5b2ba084a8840a2a5922244bd3d6	None	?	chaosspacemarinesblacklegioncardanims_assets_all.bundle
61fc72b6e062ea74dbd756facb2f3df1	None	?	chaosspacemarinesblacklegioncardanims_assets_all.bundle
696605157f020dc49be1ff648e946b6c	None	?	chaosspacemarinesblacklegioncardanims_assets_all.bundle
701a5a67eaf1eaf4692f59c049c84fa7	None	?	chaosspacemarinesblacklegioncardanims_assets_all.bundle
724615b56de01fb459eea1b6fb825733	None	?	chaosspacemarinesblacklegioncardanims_assets_all.bundle
7649d22f53ac35349aebb99d69a2370a	None	?	chaosspacemarinesblacklegioncardanims_assets_all.bundle
807f9458e9fa8be4f9c6c215ac173728	None	?	chaosspacemarinesblacklegioncardanims_assets_all.bundle
83b54508af54e3f43896556fecacb3d3	None	?	chaosspacemarinesblacklegioncardanims_assets_all.bundle
8d62c177f69d4c24aafecfedace61f82	None	?	chaosspacemarinesblacklegioncardanims_assets_all.bundle
951764b01a4fbcb47b0e98bca0ef929a	None	?	chaosspacemarinesblacklegioncardanims_assets_all.bundle
9d8da441669fda1429cac4e98a232850	None	?	chaosspacemarinesblacklegioncardanims_assets_all.bundle
a05986e13a34c4b4a9188815f82812fb	None	?	chaosspacemarinesblacklegioncardanims_assets_all.bundle
a6ba90daa4583d249bed687e8fdacd88	None	?	chaosspacemarinesblacklegioncardanims_assets_all.bundle
a9a14ba3293dc3143a2d01f6a83d07ee	None	?	chaosspacemarinesblacklegioncardanims_assets_all.bundle
a9cc5fb69c5d85040aee1d955dfd9ea1	None	?	chaosspacemarinesblacklegioncardanims_assets_all.bundle
ab368b3888c82e74c935a1af615aa43a	None	?	chaosspacemarinesblacklegioncardanims_assets_all.bundle
abc7fb22246facb47a07f91e90a97d8d	None	?	chaosspacemarinesblacklegioncardanims_assets_all.bundle
b0d52327ef9195549a6d433d491727ef	None	?	chaosspacemarinesblacklegioncardanims_assets_all.bundle
b1d2181894460744e9a4a2126c19db13	None	?	chaosspacemarinesblacklegioncardanims_assets_all.bundle
b6662edb826dbf0488a60ed9403c154a	None	?	chaosspacemarinesblacklegioncardanims_assets_all.bundle
b70748906490b5f47beafd226edfefc9	None	?	chaosspacemarinesblacklegioncardanims_assets_all.bundle
bed6d7555e5223241ac8c486e331ae38	None	?	chaosspacemarinesblacklegioncardanims_assets_all.bundle
bf5fe4323673c2041afbaad4f6796031	None	?	chaosspacemarinesblacklegioncardanims_assets_all.bundle
c09a6c86706f21f49a77cc43e5410848	None	?	chaosspacemarinesblacklegioncardanims_assets_all.bundle
cb3f0301bb119dd4c8243fad8797ca90	None	?	chaosspacemarinesblacklegioncardanims_assets_all.bundle
cbe8a2d1b2ad70d43a3df3c435d51780	None	?	chaosspacemarinesblacklegioncardanims_assets_all.bundle
d21bd95795004ec45836d198d6292834	None	?	chaosspacemarinesblacklegioncardanims_assets_all.bundle
d4e793c609c34b6409e9c476bd46321e	None	?	chaosspacemarinesblacklegioncardanims_assets_all.bundle
d67c2967796212a448aa4d3332f86130	None	?	chaosspacemarinesblacklegioncardanims_assets_all.bundle
da3fde8dbadee3649910f06868fad715	None	?	chaosspacemarinesblacklegioncardanims_assets_all.bundle
db20b8de685b18b4f8eaf290be33e2ed	None	?	chaosspacemarinesblacklegioncardanims_assets_all.bundle
df5dfa517d2643740a728c3cc995b8a4	None	?	chaosspacemarinesblacklegioncardanims_assets_all.bundle
e189f33514a509947a8e3eeb22166c10	None	?	chaosspacemarinesblacklegioncardanims_assets_all.bundle
ecd0f7f2f3d32c64f990d67c8f90a4f5	None	?	chaosspacemarinesblacklegioncardanims_assets_all.bundle
eea7f559a69f2cf4ca91eb848b6c837c	None	?	chaosspacemarinesblacklegioncardanims_assets_all.bundle
f1b7182e3302a5d47a2a1bdb6fe8002d	None	?	chaosspacemarinesblacklegioncardanims_assets_all.bundle
f331caf5c6af80c499d064ac8dd8e2a5	None	?	chaosspacemarinesblacklegioncardanims_assets_all.bundle
f3ceb964548d2c14bbce167d96678f9d	None	?	chaosspacemarinesblacklegioncardanims_assets_all.bundle
f8ac6daa410434749b8238fcd224185f	None	?	chaosspacemarinesblacklegioncardanims_assets_all.bundle
000a2a390a9c40c4989a4c88c802c1fe	None	?	chaosspacemarinesblacklegioncardassets_assets_all.bundle
00a251f9a4c4b4409b6e30713e439862	None	?	chaosspacemarinesblacklegioncardassets_assets_all.bundle
00aad5506f98ba74cbf742eedf02b926	None	?	chaosspacemarinesblacklegioncardassets_assets_all.bundle
0212517b7bcdf44eb827930c4f4498e7	None	?	chaosspacemarinesblacklegioncardassets_assets_all.bundle
03b597a01f54d4eb1bcbfadff989ed22	None	?	chaosspacemarinesblacklegioncardassets_assets_all.bundle
04a03dc4c662aef4091e85aea1501e5c	None	?	chaosspacemarinesblacklegioncardassets_assets_all.bundle
073d6dcd43eba462f96648dee374956c	None	?	chaosspacemarinesblacklegioncardassets_assets_all.bundle
07934ce819578fb479c344a9605c6f4f	None	?	chaosspacemarinesblacklegioncardassets_assets_all.bundle
085881422551e456494419ae0e8c51ba	None	?	chaosspacemarinesblacklegioncardassets_assets_all.bundle
09b7346481fd0204e9b0b2c1825b5c25	None	?	chaosspacemarinesblacklegioncardassets_assets_all.bundle
0c792be691538450e80430ff52841d48	None	?	chaosspacemarinesblacklegioncardassets_assets_all.bundle
0d9789fa4486f4491a4808c85d847e71	None	?	chaosspacemarinesblacklegioncardassets_assets_all.bundle
0de358250befefe4fa939be4b777fcf3	None	?	chaosspacemarinesblacklegioncardassets_assets_all.bundle
0decdfb4a57384b3c8bdbe4f4f8cae51	None	?	chaosspacemarinesblacklegioncardassets_assets_all.bundle
0e22a1ee52b894b53bdf6084a63db70a	None	?	chaosspacemarinesblacklegioncardassets_assets_all.bundle
0fb6d224912834ea1ab79fc84544ce26	None	?	chaosspacemarinesblacklegioncardassets_assets_all.bundle
10015b5deae4c4664806f0d8e237b626	None	?	chaosspacemarinesblacklegioncardassets_assets_all.bundle
1092230344b1142cfa77946d63136083	None	?	chaosspacemarinesblacklegioncardassets_assets_all.bundle
10b1bb658326048d8b6ab0560362f535	None	?	chaosspacemarinesblacklegioncardassets_assets_all.bundle
126503920099e467195e672d9c86c8e0	None	?	chaosspacemarinesblacklegioncardassets_assets_all.bundle
13063b9542f603240a99495233cf34d2	None	?	chaosspacemarinesblacklegioncardassets_assets_all.bundle
130d4a9daf71eae47b4aa4e839e64fbf	None	?	chaosspacemarinesblacklegioncardassets_assets_all.bundle
133ae91bb3bce4c14b04b15bb5543ca2	None	?	chaosspacemarinesblacklegioncardassets_assets_all.bundle
152f0633bebd54580849277a6935af75	None	?	chaosspacemarinesblacklegioncardassets_assets_all.bundle
18a6582fa3a4c4c37a4ed8cc346e7165	None	?	chaosspacemarinesblacklegioncardassets_assets_all.bundle
193a78bff736741ab885172a2a96a941	None	?	chaosspacemarinesblacklegioncardassets_assets_all.bundle
1c256747deb3042688a0e6b2787ad159	None	?	chaosspacemarinesblacklegioncardassets_assets_all.bundle
1cba65b29e6f6404a804aee586a47e92	None	?	chaosspacemarinesblacklegioncardassets_assets_all.bundle
1cc518add1df255489beeb3a4bd1d349	None	?	chaosspacemarinesblacklegioncardassets_assets_all.bundle
1d540e22c5b4e44c4842392381e40637	None	?	chaosspacemarinesblacklegioncardassets_assets_all.bundle
1e376ade19b5d4a2da233859caea5c59	None	?	chaosspacemarinesblacklegioncardassets_assets_all.bundle
1efe755a2b18903409f343adf071b277	None	?	chaosspacemarinesblacklegioncardassets_assets_all.bundle
1fd797097b81c44969520b02a29a88d2	None	?	chaosspacemarinesblacklegioncardassets_assets_all.bundle
225ac8d4bf3d1ae4d97a3b0c330e590b	None	?	chaosspacemarinesblacklegioncardassets_assets_all.bundle
249929ab3df2a44f3a0d2d3d1dd0671d	None	?	chaosspacemarinesblacklegioncardassets_assets_all.bundle
2544f2e81384c464e8d44e3e15055579	None	?	chaosspacemarinesblacklegioncardassets_assets_all.bundle
25958a37c78abdf4f9141869a2e6b8d9	None	?	chaosspacemarinesblacklegioncardassets_assets_all.bundle
26f22766696c049af8b6c144c8f5c3fd	None	?	chaosspacemarinesblacklegioncardassets_assets_all.bundle
279450e00c68f4284ac6dfa814651225	None	?	chaosspacemarinesblacklegioncardassets_assets_all.bundle
28dd74ceec2ffdd4f8e426c9113d1637	None	?	chaosspacemarinesblacklegioncardassets_assets_all.bundle
2a74a3ee37e6996479ed2463b9411000	None	?	chaosspacemarinesblacklegioncardassets_assets_all.bundle
2b8e894abe6774b7bb9f1ee727875255	None	?	chaosspacemarinesblacklegioncardassets_assets_all.bundle
2cddf2a4de8e841f4861a47d16363bc9	None	?	chaosspacemarinesblacklegioncardassets_assets_all.bundle
2d1f801bbfbc64134914d8e0dc90e734	None	?	chaosspacemarinesblacklegioncardassets_assets_all.bundle
2f5b209def5504f449b971f3edc77cf6	None	?	chaosspacemarinesblacklegioncardassets_assets_all.bundle
32b45c2bf2c9d4688aaff402077dca46	None	?	chaosspacemarinesblacklegioncardassets_assets_all.bundle
34b534346622149c69b45cefd4a46acc	None	?	chaosspacemarinesblacklegioncardassets_assets_all.bundle
3634143f2e84ed0438c319c819f672ac	None	?	chaosspacemarinesblacklegioncardassets_assets_all.bundle
36dd5b36c00514643a888a4179e0b6ad	None	?	chaosspacemarinesblacklegioncardassets_assets_all.bundle
390904b8fe1b4d84383fae7b6a70d935	None	?	chaosspacemarinesblacklegioncardassets_assets_all.bundle
39665214524d24d66bdb0ead27799e3d	None	?	chaosspacemarinesblacklegioncardassets_assets_all.bundle
3a4d91b6a83324a179e10a7b98efd1bb	None	?	chaosspacemarinesblacklegioncardassets_assets_all.bundle
3bccff281f669234ab0b79c6fe3b9f8b	None	?	chaosspacemarinesblacklegioncardassets_assets_all.bundle
3bd1c18a5aefdb745ae7084f4f299315	None	?	chaosspacemarinesblacklegioncardassets_assets_all.bundle
3c00e0e642870429f8f8860a4bd250c2	None	?	chaosspacemarinesblacklegioncardassets_assets_all.bundle
3f3be3442f034451abbd2a108457ed00	None	?	chaosspacemarinesblacklegioncardassets_assets_all.bundle
3fe294d11494644619eb68fbac2901df	None	?	chaosspacemarinesblacklegioncardassets_assets_all.bundle
40a00d93f705842b881446a6d0b7ebba	None	?	chaosspacemarinesblacklegioncardassets_assets_all.bundle
41e39f92a2e8d4c51ad8dc5451b82fba	None	?	chaosspacemarinesblacklegioncardassets_assets_all.bundle
41f3f1d26382c4341af10eb6cd47aa5f	None	?	chaosspacemarinesblacklegioncardassets_assets_all.bundle
423bc349f465c49559a3603b17d9778d	None	?	chaosspacemarinesblacklegioncardassets_assets_all.bundle
435c799752fa54ea6aee0d81b5d25618	None	?	chaosspacemarinesblacklegioncardassets_assets_all.bundle
43a8cd8f978b5f04081678d7c636308d	None	?	chaosspacemarinesblacklegioncardassets_assets_all.bundle
43adcffe111a44e9e8186cda2002dc40	None	?	chaosspacemarinesblacklegioncardassets_assets_all.bundle
4422367fd390f2349a813787cecc9d39	None	?	chaosspacemarinesblacklegioncardassets_assets_all.bundle
45328bc44e8d74f4db09179dbc1ef557	None	?	chaosspacemarinesblacklegioncardassets_assets_all.bundle
453cf2970522d46dfbf71d385d7b461c	None	?	chaosspacemarinesblacklegioncardassets_assets_all.bundle
455543fb1d61a9a47841b40bb8bd14b7	None	?	chaosspacemarinesblacklegioncardassets_assets_all.bundle
45649acf5a527462e84167901e331f86	None	?	chaosspacemarinesblacklegioncardassets_assets_all.bundle
45cc94e67b1b90d4ebd999f8dc062716	None	?	chaosspacemarinesblacklegioncardassets_assets_all.bundle
47ecb7a58af2d48789a85b8671623322	None	?	chaosspacemarinesblacklegioncardassets_assets_all.bundle
48b1c495f58ff438a815ee0cc0ea3fc9	None	?	chaosspacemarinesblacklegioncardassets_assets_all.bundle
4930fa806c7e54d10b53da2c353b3503	None	?	chaosspacemarinesblacklegioncardassets_assets_all.bundle
4990712d574b2464b9ebed9e65a713bf	None	?	chaosspacemarinesblacklegioncardassets_assets_all.bundle
49bf8c2ddc8bb4835aa7bdbb819c72aa	None	?	chaosspacemarinesblacklegioncardassets_assets_all.bundle
4ae6a2269f56d4db39b40e46139fc3d0	None	?	chaosspacemarinesblacklegioncardassets_assets_all.bundle
4b7d727ee94804cc798abe7eb0f25d95	None	?	chaosspacemarinesblacklegioncardassets_assets_all.bundle
4e086b0fbd7da4800924e2f748581970	None	?	chaosspacemarinesblacklegioncardassets_assets_all.bundle
4f5949e58f1f9474e963993eb3f969de	None	?	chaosspacemarinesblacklegioncardassets_assets_all.bundle
5061c9e9dbdf57d43b5f1297446b5c05	None	?	chaosspacemarinesblacklegioncardassets_assets_all.bundle
5109cad2d518c444bb97b0ad918740b9	None	?	chaosspacemarinesblacklegioncardassets_assets_all.bundle
5187b8b14705f446f98ce7a7ddf31800	None	?	chaosspacemarinesblacklegioncardassets_assets_all.bundle
52d8d1d6d9cb94c66ba5e5762d7b4f98	None	?	chaosspacemarinesblacklegioncardassets_assets_all.bundle
53019ae7252a34f959fbbe1065fb49b1	None	?	chaosspacemarinesblacklegioncardassets_assets_all.bundle
532e0960094f44c149773c003dd2138b	None	?	chaosspacemarinesblacklegioncardassets_assets_all.bundle
54f71091485154783a31114efd8a2196	None	?	chaosspacemarinesblacklegioncardassets_assets_all.bundle
55d2e6c6a342543d7b2ebbcb9bc98de5	None	?	chaosspacemarinesblacklegioncardassets_assets_all.bundle
57e9a0345cc9a1445a42c2f46d0e5e89	None	?	chaosspacemarinesblacklegioncardassets_assets_all.bundle
5828d27fd645d4b2fbffd9d8efd16b2c	None	?	chaosspacemarinesblacklegioncardassets_assets_all.bundle
594046434123e4101b1cebb962139f72	None	?	chaosspacemarinesblacklegioncardassets_assets_all.bundle
5a0d71922bd8b40aabb2e979a95229da	None	?	chaosspacemarinesblacklegioncardassets_assets_all.bundle
5a3d8c90d3717284f8036526746cca6e	None	?	chaosspacemarinesblacklegioncardassets_assets_all.bundle
5a941d262057f409cba18b662d8e4ecc	None	?	chaosspacemarinesblacklegioncardassets_assets_all.bundle
5d646e4021e5348b2b05ac7e7e0f4e1d	None	?	chaosspacemarinesblacklegioncardassets_assets_all.bundle
5df82c810c0bc4ff29306f0f494c16be	None	?	chaosspacemarinesblacklegioncardassets_assets_all.bundle
5ed8860492fe84842b76fa681352d98e	None	?	chaosspacemarinesblacklegioncardassets_assets_all.bundle
60fb69bb099c5452aad7f206f1673d04	None	?	chaosspacemarinesblacklegioncardassets_assets_all.bundle
612c2606bac93744d8bd30c3022f9ee1	None	?	chaosspacemarinesblacklegioncardassets_assets_all.bundle
61676c00e75ea4609b4181ba47b25141	None	?	chaosspacemarinesblacklegioncardassets_assets_all.bundle
635d7fc1b341648178c58f1d36657821	None	?	chaosspacemarinesblacklegioncardassets_assets_all.bundle
664c32e639ce74cb99c5ea00a3bc865e	None	?	chaosspacemarinesblacklegioncardassets_assets_all.bundle
6915051f8217c454f9493a383376aed9	None	?	chaosspacemarinesblacklegioncardassets_assets_all.bundle
69bb5720a9fd04f2b9161d0949b4a6de	None	?	chaosspacemarinesblacklegioncardassets_assets_all.bundle
6ab559aed20bc4b3eb23b80278cb3ae9	None	?	chaosspacemarinesblacklegioncardassets_assets_all.bundle
6e4c8e14d52d847189679c0e14d023b1	None	?	chaosspacemarinesblacklegioncardassets_assets_all.bundle
6ecd6ac770f5047429047d77580da9f8	None	?	chaosspacemarinesblacklegioncardassets_assets_all.bundle
702cdf0ab4dad2c47a7994d017d72db1	None	?	chaosspacemarinesblacklegioncardassets_assets_all.bundle
70c160ebe9db943b8b98a8e849cd8e15	None	?	chaosspacemarinesblacklegioncardassets_assets_all.bundle
720afbc15091d6c4a9b8bba3707fd978	None	?	chaosspacemarinesblacklegioncardassets_assets_all.bundle
72c8141e77b11cf44916d8823bba6a6f	None	?	chaosspacemarinesblacklegioncardassets_assets_all.bundle
73887815f3d3aaa43b1e3b085219cfa6	None	?	chaosspacemarinesblacklegioncardassets_assets_all.bundle
7478c9656ef32492da1336f577f30aa3	None	?	chaosspacemarinesblacklegioncardassets_assets_all.bundle
758098236b75c49378e250f081b366a7	None	?	chaosspacemarinesblacklegioncardassets_assets_all.bundle
764cf7348be3f4946a4e0397bd17b431	None	?	chaosspacemarinesblacklegioncardassets_assets_all.bundle
77718ee0fe24c42b584214a4923f7d41	None	?	chaosspacemarinesblacklegioncardassets_assets_all.bundle
779beecb3d86c0a448a8373fc76b2f85	None	?	chaosspacemarinesblacklegioncardassets_assets_all.bundle
78bead7f5a40545d2852f40656c02208	None	?	chaosspacemarinesblacklegioncardassets_assets_all.bundle
78e02c9f7b9004252acf3ea6b49d5b88	None	?	chaosspacemarinesblacklegioncardassets_assets_all.bundle
7b391ebbfa3ca4d2180d39880a9ad524	None	?	chaosspacemarinesblacklegioncardassets_assets_all.bundle
7c0c1db29b80d69449d7c71557bd756a	None	?	chaosspacemarinesblacklegioncardassets_assets_all.bundle
7fbba62dd487ad246a686095abc3e6dd	None	?	chaosspacemarinesblacklegioncardassets_assets_all.bundle
808a60ed0a1e74a27add460ce31c7ca7	None	?	chaosspacemarinesblacklegioncardassets_assets_all.bundle
80ac24061b2fdba4a92474a1123f4c7e	None	?	chaosspacemarinesblacklegioncardassets_assets_all.bundle
813a9889a94734da3bd3787f99986670	None	?	chaosspacemarinesblacklegioncardassets_assets_all.bundle
814c184c68ad84a1580034e8f510d0fa	None	?	chaosspacemarinesblacklegioncardassets_assets_all.bundle
832e34f5aede747399f14e9252bd7de7	None	?	chaosspacemarinesblacklegioncardassets_assets_all.bundle
83b1088732aef45deab1de8e5d15a552	None	?	chaosspacemarinesblacklegioncardassets_assets_all.bundle
84532bd6f89794289b0b19085bb6646f	None	?	chaosspacemarinesblacklegioncardassets_assets_all.bundle
847dda6c8dca3b648be2697928492c1f	None	?	chaosspacemarinesblacklegioncardassets_assets_all.bundle
87dba971df87443289bd921054e1a4f0	None	?	chaosspacemarinesblacklegioncardassets_assets_all.bundle
897859b96c4b54a428f01a2489a35d11	None	?	chaosspacemarinesblacklegioncardassets_assets_all.bundle
8a7ebb7bacfa8445e881158da01d82e3	None	?	chaosspacemarinesblacklegioncardassets_assets_all.bundle
8c307a97170b54df8beed42c81fd7313	None	?	chaosspacemarinesblacklegioncardassets_assets_all.bundle
8c49af275d170914580e77ec6339bc0c	None	?	chaosspacemarinesblacklegioncardassets_assets_all.bundle
8ced65c1f49e14f4c9126c2e848a1f74	None	?	chaosspacemarinesblacklegioncardassets_assets_all.bundle
8dc905c6341374a4ab981dc00a049975	None	?	chaosspacemarinesblacklegioncardassets_assets_all.bundle
8f448b424091b48f7948cdf60a7a93bd	None	?	chaosspacemarinesblacklegioncardassets_assets_all.bundle
8f89a4a45db154f90b7307d54ac2bf63	None	?	chaosspacemarinesblacklegioncardassets_assets_all.bundle
9011cbac8012f4faf89af5c1ae0272a9	None	?	chaosspacemarinesblacklegioncardassets_assets_all.bundle
904ca891a4f3342c8a6ce757576233c5	None	?	chaosspacemarinesblacklegioncardassets_assets_all.bundle
90d162dffd7ff465c84e414415ccd3df	None	?	chaosspacemarinesblacklegioncardassets_assets_all.bundle
90d85504eaf841c47b5cdc4e8d265399	None	?	chaosspacemarinesblacklegioncardassets_assets_all.bundle
9190402633aa040f5beca63393edbc9d	None	?	chaosspacemarinesblacklegioncardassets_assets_all.bundle
9308f86f864de4d23926df56256102c9	None	?	chaosspacemarinesblacklegioncardassets_assets_all.bundle
933f2edcd09924a1dba588e4bf90f7ab	None	?	chaosspacemarinesblacklegioncardassets_assets_all.bundle
93c20a815d8e2a14e82e16ff28809ba6	None	?	chaosspacemarinesblacklegioncardassets_assets_all.bundle
94382ba2ea67e8745807a5503f34f547	None	?	chaosspacemarinesblacklegioncardassets_assets_all.bundle
9512116de6b88f749897eb657fb890ba	None	?	chaosspacemarinesblacklegioncardassets_assets_all.bundle
96d5554e07c5b44f89b78faa114e47d6	None	?	chaosspacemarinesblacklegioncardassets_assets_all.bundle
976a4f6800d6d45a3a4b4b67fdacd427	None	?	chaosspacemarinesblacklegioncardassets_assets_all.bundle
97bf2b77888c87b4a9859cff10cecc81	None	?	chaosspacemarinesblacklegioncardassets_assets_all.bundle
99c8db3f5751e4123af396ced4da5ba9	None	?	chaosspacemarinesblacklegioncardassets_assets_all.bundle
9b4b1919b48a6435394d38ca1237bab8	None	?	chaosspacemarinesblacklegioncardassets_assets_all.bundle
9b6acf019c2324a9b89ffc5406da9df6	None	?	chaosspacemarinesblacklegioncardassets_assets_all.bundle
9d4c557da2054443797078c9caeb1c23	None	?	chaosspacemarinesblacklegioncardassets_assets_all.bundle
9dbf82617f6530b4da13d5eab9eef63d	None	?	chaosspacemarinesblacklegioncardassets_assets_all.bundle
9e3d5ab7226be47cc851449f41ba65d7	None	?	chaosspacemarinesblacklegioncardassets_assets_all.bundle
a209099eb779387438ccb576643140bc	None	?	chaosspacemarinesblacklegioncardassets_assets_all.bundle
a2c05c4b2362e48e8a32e3a8b7a55c92	None	?	chaosspacemarinesblacklegioncardassets_assets_all.bundle
a3726e7c8b8785d4f9eac1b01a634325	None	?	chaosspacemarinesblacklegioncardassets_assets_all.bundle
a53895d2a829f634681dffdb17af7bea	None	?	chaosspacemarinesblacklegioncardassets_assets_all.bundle
a6176b3fd8ad04b65bddeb35be1809a6	None	?	chaosspacemarinesblacklegioncardassets_assets_all.bundle
a8f98842d8b8a4da5a9cb44927bdc374	None	?	chaosspacemarinesblacklegioncardassets_assets_all.bundle
aa8505d515e224e8b895ba3dda4bb5cd	None	?	chaosspacemarinesblacklegioncardassets_assets_all.bundle
ab9bf4432eebd48e7adb3430fe1a01ad	None	?	chaosspacemarinesblacklegioncardassets_assets_all.bundle
ae55f59ce1e7b4d8e9312c24ae67e3fd	None	?	chaosspacemarinesblacklegioncardassets_assets_all.bundle
af023e30031cf4004b7a79f1d3429601	None	?	chaosspacemarinesblacklegioncardassets_assets_all.bundle
af3bb0f69d5014fb58ffdf0521033c5f	None	?	chaosspacemarinesblacklegioncardassets_assets_all.bundle
b28facdadc7954402a98c52e777dfc9c	None	?	chaosspacemarinesblacklegioncardassets_assets_all.bundle
b3606bb6228664720b30a967f6dfc009	None	?	chaosspacemarinesblacklegioncardassets_assets_all.bundle
b5e79b1844460487ba3186e48476bfac	None	?	chaosspacemarinesblacklegioncardassets_assets_all.bundle
b6391b905a9374b8d83bce97805b2fbd	None	?	chaosspacemarinesblacklegioncardassets_assets_all.bundle
b75aa761cef0bac48b4a6fd2fba73ec1	None	?	chaosspacemarinesblacklegioncardassets_assets_all.bundle
b7612a62c3fa14ecf922ee291cd998f5	None	?	chaosspacemarinesblacklegioncardassets_assets_all.bundle
b8a887bd1bbd04a4c90bda0cf7b127b1	None	?	chaosspacemarinesblacklegioncardassets_assets_all.bundle
b90c55db998c843eb8b107918343dfab	None	?	chaosspacemarinesblacklegioncardassets_assets_all.bundle
b983eade4ba3043c7b9046a13972fbd5	None	?	chaosspacemarinesblacklegioncardassets_assets_all.bundle
bb13e10edfdf8fa4bbd98f86a76ef17c	None	?	chaosspacemarinesblacklegioncardassets_assets_all.bundle
bb14b5011259f4b2ba482d6dedca1dfa	None	?	chaosspacemarinesblacklegioncardassets_assets_all.bundle
bb1e400eb9146304283407b2a66c8085	None	?	chaosspacemarinesblacklegioncardassets_assets_all.bundle
bc3d1dd0ffc7a0b478a63771cac43bc9	None	?	chaosspacemarinesblacklegioncardassets_assets_all.bundle
bceb8378742c2415f8c9da6c324618fc	None	?	chaosspacemarinesblacklegioncardassets_assets_all.bundle
bff4bd2ba589b4c3797ec4d252f6c19b	None	?	chaosspacemarinesblacklegioncardassets_assets_all.bundle
c03905bc66483ba4f8392f08b8287239	None	?	chaosspacemarinesblacklegioncardassets_assets_all.bundle
c0e7e2a882a1ada428c4333f97da5acf	None	?	chaosspacemarinesblacklegioncardassets_assets_all.bundle
c1153cb1ab3ff4b3a915e8e4e477c9bd	None	?	chaosspacemarinesblacklegioncardassets_assets_all.bundle
c240ce42d9e0647d982abac77c3fcd5a	None	?	chaosspacemarinesblacklegioncardassets_assets_all.bundle
c2f6a2c8e82ab62438ad03ced6beee4e	None	?	chaosspacemarinesblacklegioncardassets_assets_all.bundle
c3f1b0a0b8facfd46a4dddafd9da685d	None	?	chaosspacemarinesblacklegioncardassets_assets_all.bundle
c7b27661675fd404f889d5a71ab83a87	None	?	chaosspacemarinesblacklegioncardassets_assets_all.bundle
c91181426b88dfc4fa1773ca6a97ed24	None	?	chaosspacemarinesblacklegioncardassets_assets_all.bundle
c9c4a44c2fb462546b1d8d9aae3566da	None	?	chaosspacemarinesblacklegioncardassets_assets_all.bundle
c9f0991b923ba16478b4f6305cf6a5f1	None	?	chaosspacemarinesblacklegioncardassets_assets_all.bundle
cab29a9062c7746e297b4752de5f4fe1	None	?	chaosspacemarinesblacklegioncardassets_assets_all.bundle
cd3dc67f1c89342f2adc23b319d2f6b9	None	?	chaosspacemarinesblacklegioncardassets_assets_all.bundle
ce9f2931166d59748893b7d651b9c8cb	None	?	chaosspacemarinesblacklegioncardassets_assets_all.bundle
d27ee6e2c14527b4da6f6c4e8d44468d	None	?	chaosspacemarinesblacklegioncardassets_assets_all.bundle
d2dc5d71ad40d6b4dab88cbec434adf8	None	?	chaosspacemarinesblacklegioncardassets_assets_all.bundle
d2fdd5e93f5cb024db3a2da7ea62982c	None	?	chaosspacemarinesblacklegioncardassets_assets_all.bundle
d4f84f6b0b53645079ba30b1049c561a	None	?	chaosspacemarinesblacklegioncardassets_assets_all.bundle
d501397e2b8ff3d4ab3867dcea77a5e7	None	?	chaosspacemarinesblacklegioncardassets_assets_all.bundle
d508095e04c8e4242a0e3ff00d6d0fc0	None	?	chaosspacemarinesblacklegioncardassets_assets_all.bundle
d6cd8f7a5844a4decaf9ce6d89d43c0a	None	?	chaosspacemarinesblacklegioncardassets_assets_all.bundle
d6e9246015d4249eebaba74f2c300d09	None	?	chaosspacemarinesblacklegioncardassets_assets_all.bundle
d7b50df5c71c845e6b520bf80892571c	None	?	chaosspacemarinesblacklegioncardassets_assets_all.bundle
d82561c2348c74c67a9b245372e70ac8	None	?	chaosspacemarinesblacklegioncardassets_assets_all.bundle
d86ab32117365304586a80b06cde8234	None	?	chaosspacemarinesblacklegioncardassets_assets_all.bundle
da8d36b65306340ca80e76f4a1210a4d	None	?	chaosspacemarinesblacklegioncardassets_assets_all.bundle
dde0982ceeb68214a99d134e0c811a0d	None	?	chaosspacemarinesblacklegioncardassets_assets_all.bundle
de82afc4058e04ed9adece95f6b097ea	None	?	chaosspacemarinesblacklegioncardassets_assets_all.bundle
dea315e70498b7346a2137ed4d395378	None	?	chaosspacemarinesblacklegioncardassets_assets_all.bundle
e02cd7ad45796456db0a47bbceb557d2	None	?	chaosspacemarinesblacklegioncardassets_assets_all.bundle
e0dbd92382ffa4c0b970a35865614bf6	None	?	chaosspacemarinesblacklegioncardassets_assets_all.bundle
e4416dc9049c5421b9d372e00148b121	None	?	chaosspacemarinesblacklegioncardassets_assets_all.bundle
e46aecd47e966944791c50d895c1adfe	None	?	chaosspacemarinesblacklegioncardassets_assets_all.bundle
e559b0558b3104c5d9fecfd3df95b1b6	None	?	chaosspacemarinesblacklegioncardassets_assets_all.bundle
e62c3ecec4949466ab2662cbd6a78668	None	?	chaosspacemarinesblacklegioncardassets_assets_all.bundle
e648a6af35b2a45db9211a209ae1e01a	None	?	chaosspacemarinesblacklegioncardassets_assets_all.bundle
e6f815d4779ff4de0945f686626f1b99	None	?	chaosspacemarinesblacklegioncardassets_assets_all.bundle
e8ae5ec10b61e4d98b3ff687b3316d8c	None	?	chaosspacemarinesblacklegioncardassets_assets_all.bundle
e8b7574f93f57461d8fb111ffa8b9b9c	None	?	chaosspacemarinesblacklegioncardassets_assets_all.bundle
e95cf8b8a23516049a25fc5027c0cdfe	None	?	chaosspacemarinesblacklegioncardassets_assets_all.bundle
e9f8d8841f74a4ee5a69796f6a9fee7e	None	?	chaosspacemarinesblacklegioncardassets_assets_all.bundle
eb2e894a9622749879571bf66a25ecd0	None	?	chaosspacemarinesblacklegioncardassets_assets_all.bundle
eb5e7c78523124c7d8cc64c63859926c	None	?	chaosspacemarinesblacklegioncardassets_assets_all.bundle
ec85db63975ad7e44b806dc45848f3c9	None	?	chaosspacemarinesblacklegioncardassets_assets_all.bundle
ede636888611eda4bb1fa528f52dd999	None	?	chaosspacemarinesblacklegioncardassets_assets_all.bundle
ee9549a79e15ca04daf677c3a67e69f6	None	?	chaosspacemarinesblacklegioncardassets_assets_all.bundle
f059c864b5ae64fc8a7d3f131aa1f152	None	?	chaosspacemarinesblacklegioncardassets_assets_all.bundle
f0b752b975ef4554fab004096a0a7f61	None	?	chaosspacemarinesblacklegioncardassets_assets_all.bundle
f49d4279844e24fddaddcd8eabdc6d77	None	?	chaosspacemarinesblacklegioncardassets_assets_all.bundle
f6f4e95363ed14c7a921fde7109180d5	None	?	chaosspacemarinesblacklegioncardassets_assets_all.bundle
f70a086668566445e92aaf2df8365b05	None	?	chaosspacemarinesblacklegioncardassets_assets_all.bundle
f7507c25761314bc785bd10b897db6db	None	?	chaosspacemarinesblacklegioncardassets_assets_all.bundle
f92b7ff6e08624a4483d7b6c7744f84f	None	?	chaosspacemarinesblacklegioncardassets_assets_all.bundle
fd574bc0fb27b8a40b4d0faacb205c4f	None	?	chaosspacemarinesblacklegioncardassets_assets_all.bundle
fee235ad1564f9d4e9ac41f6dff5a1fc	None	?	chaosspacemarinesblacklegioncardassets_assets_all.bundle
ff38565f74ead4663ad290d672a393f8	None	?	chaosspacemarinesblacklegioncardassets_assets_all.bundle
ff54668fa0654264f8e5c2a0ae8dee00	None	?	chaosspacemarinesblacklegioncardassets_assets_all.bundle
ffc80a1deb9324c40b197893f9d291ed	None	?	chaosspacemarinesblacklegioncardassets_assets_all.bundle
0	None	?	chaosspacemarinesemperorschildrencardassets_assets_all.bundle
0c	None	?	chaosspacemarinesemperorschildrencardassets_assets_all.bundle
1	None	?	chaosspacemarinesemperorschildrencardassets_assets_all.bundle
1b	None	?	chaosspacemarinesemperorschildrencardassets_assets_all.bundle
2	None	?	chaosspacemarinesemperorschildrencardassets_assets_all.bundle
3	None	?	chaosspacemarinesemperorschildrencardassets_assets_all.bundle
32	None	?	chaosspacemarinesemperorschildrencardassets_assets_all.bundle
34	None	?	chaosspacemarinesemperorschildrencardassets_assets_all.bundle
35	None	?	chaosspacemarinesemperorschildrencardassets_assets_all.bundle
4	None	?	chaosspacemarinesemperorschildrencardassets_assets_all.bundle
5	None	?	chaosspacemarinesemperorschildrencardassets_assets_all.bundle
56	None	?	chaosspacemarinesemperorschildrencardassets_assets_all.bundle
5c	None	?	chaosspacemarinesemperorschildrencardanims_assets_all.bundle
6	None	?	chaosspacemarinesemperorschildrencardassets_assets_all.bundle
6b	None	?	chaosspacemarinesemperorschildrencardanims_assets_all.bundle
6c	None	?	chaosspacemarinesemperorschildrencardanims_assets_all.bundle
6d	None	?	chaosspacemarinesemperorschildrencardanims_assets_all.bundle
7	None	?	chaosspacemarinesemperorschildrencardassets_assets_all.bundle
71	None	?	chaosspacemarinesemperorschildrencardassets_assets_all.bundle
8	None	?	chaosspacemarinesemperorschildrencardassets_assets_all.bundle
9	None	?	chaosspacemarinesemperorschildrencardassets_assets_all.bundle
93	None	?	chaosspacemarinesemperorschildrencardassets_assets_all.bundle
934	None	?	chaosspacemarinesemperorschildrencardanims_assets_all.bundle
94	None	?	chaosspacemarinesemperorschildrencardanims_assets_all.bundle
96	None	?	chaosspacemarinesemperorschildrencardanims_assets_all.bundle
9a	None	?	chaosspacemarinesemperorschildrencardassets_assets_all.bundle
9c	None	?	chaosspacemarinesemperorschildrencardanims_assets_all.bundle
a	None	?	chaosspacemarinesemperorschildrencardassets_assets_all.bundle
a0	None	?	chaosspacemarinesemperorschildrencardassets_assets_all.bundle
a6	None	?	chaosspacemarinesemperorschildrencardassets_assets_all.bundle
a67	None	?	chaosspacemarinesemperorschildrencardanims_assets_all.bundle
ae	None	?	chaosspacemarinesemperorschildrencardanims_assets_all.bundle
ae3	None	?	chaosspacemarinesemperorschildrencardanims_assets_all.bundle
b	None	?	chaosspacemarinesemperorschildrencardassets_assets_all.bundle
b0	None	?	chaosspacemarinesemperorschildrencardassets_assets_all.bundle
b6	None	?	chaosspacemarinesemperorschildrencardanims_assets_all.bundle
b9	None	?	chaosspacemarinesemperorschildrencardanims_assets_all.bundle
ba	None	?	chaosspacemarinesemperorschildrencardanims_assets_all.bundle
bc	None	?	chaosspacemarinesemperorschildrencardanims_assets_all.bundle
bd	None	?	chaosspacemarinesemperorschildrencardassets_assets_all.bundle
c	None	?	chaosspacemarinesemperorschildrencardassets_assets_all.bundle
c6	None	?	chaosspacemarinesemperorschildrencardassets_assets_all.bundle
d	None	?	chaosspacemarinesemperorschildrencardassets_assets_all.bundle
db	None	?	chaosspacemarinesemperorschildrencardassets_assets_all.bundle
df	None	?	chaosspacemarinesemperorschildrencardanims_assets_all.bundle
e	None	?	chaosspacemarinesemperorschildrencardassets_assets_all.bundle
e0	None	?	chaosspacemarinesemperorschildrencardassets_assets_all.bundle
e9	None	?	chaosspacemarinesemperorschildrencardanims_assets_all.bundle
eb	None	?	chaosspacemarinesemperorschildrencardassets_assets_all.bundle
eb4	None	?	chaosspacemarinesemperorschildrencardanims_assets_all.bundle
f	None	?	chaosspacemarinesemperorschildrencardassets_assets_all.bundle
f3	None	?	chaosspacemarinesemperorschildrencardanims_assets_all.bundle
00	None	?	chaosspacemarinesemperorschildrencardassets_assets_all.bundle
01	None	?	chaosspacemarinesemperorschildrencardassets_assets_all.bundle
02	None	?	chaosspacemarinesemperorschildrencardassets_assets_all.bundle
04	None	?	chaosspacemarinesemperorschildrencardassets_assets_all.bundle
07	None	?	chaosspacemarinesemperorschildrencardassets_assets_all.bundle
073	None	?	chaosspacemarinesemperorschildrencardassets_assets_all.bundle
07a	None	?	chaosspacemarinesemperorschildrencardassets_assets_all.bundle
08	None	?	chaosspacemarinesemperorschildrencardassets_assets_all.bundle
09	None	?	chaosspacemarinesemperorschildrencardassets_assets_all.bundle
0a	None	?	chaosspacemarinesemperorschildrencardassets_assets_all.bundle
0b	None	?	chaosspacemarinesemperorschildrencardassets_assets_all.bundle
0ba	None	?	chaosspacemarinesemperorschildrencardassets_assets_all.bundle
0d	None	?	chaosspacemarinesemperorschildrencardassets_assets_all.bundle
0d7	None	?	chaosspacemarinesemperorschildrencardassets_assets_all.bundle
11	None	?	chaosspacemarinesemperorschildrencardassets_assets_all.bundle
12	None	?	chaosspacemarinesemperorschildrencardassets_assets_all.bundle
13	None	?	chaosspacemarinesemperorschildrencardassets_assets_all.bundle
16	None	?	chaosspacemarinesemperorschildrencardassets_assets_all.bundle
160	None	?	chaosspacemarinesemperorschildrencardassets_assets_all.bundle
17	None	?	chaosspacemarinesemperorschildrencardassets_assets_all.bundle
173	None	?	chaosspacemarinesemperorschildrencardassets_assets_all.bundle
18	None	?	chaosspacemarinesemperorschildrencardassets_assets_all.bundle
19	None	?	chaosspacemarinesemperorschildrencardassets_assets_all.bundle
1d	None	?	chaosspacemarinesemperorschildrencardassets_assets_all.bundle
1e	None	?	chaosspacemarinesemperorschildrencardassets_assets_all.bundle
22	None	?	chaosspacemarinesemperorschildrencardassets_assets_all.bundle
23	None	?	chaosspacemarinesemperorschildrencardassets_assets_all.bundle
23c	None	?	chaosspacemarinesemperorschildrencardassets_assets_all.bundle
25	None	?	chaosspacemarinesemperorschildrencardassets_assets_all.bundle
27	None	?	chaosspacemarinesemperorschildrencardassets_assets_all.bundle
29	None	?	chaosspacemarinesemperorschildrencardassets_assets_all.bundle
2c	None	?	chaosspacemarinesemperorschildrencardassets_assets_all.bundle
2ce	None	?	chaosspacemarinesemperorschildrencardassets_assets_all.bundle
2e	None	?	chaosspacemarinesemperorschildrencardassets_assets_all.bundle
2ee	None	?	chaosspacemarinesemperorschildrencardassets_assets_all.bundle
31	None	?	chaosspacemarinesemperorschildrencardassets_assets_all.bundle
347	None	?	chaosspacemarinesemperorschildrencardassets_assets_all.bundle
351	None	?	chaosspacemarinesemperorschildrencardassets_assets_all.bundle
357	None	?	chaosspacemarinesemperorschildrencardassets_assets_all.bundle
39	None	?	chaosspacemarinesemperorschildrencardassets_assets_all.bundle
3a	None	?	chaosspacemarinesemperorschildrencardassets_assets_all.bundle
3a1	None	?	chaosspacemarinesemperorschildrencardassets_assets_all.bundle
3b	None	?	chaosspacemarinesemperorschildrencardassets_assets_all.bundle
3bb	None	?	chaosspacemarinesemperorschildrencardassets_assets_all.bundle
3d	None	?	chaosspacemarinesemperorschildrencardassets_assets_all.bundle
3e	None	?	chaosspacemarinesemperorschildrencardassets_assets_all.bundle
3f	None	?	chaosspacemarinesemperorschildrencardassets_assets_all.bundle
41	None	?	chaosspacemarinesemperorschildrencardassets_assets_all.bundle
419	None	?	chaosspacemarinesemperorschildrencardassets_assets_all.bundle
45	None	?	chaosspacemarinesemperorschildrencardassets_assets_all.bundle
46	None	?	chaosspacemarinesemperorschildrencardassets_assets_all.bundle
49	None	?	chaosspacemarinesemperorschildrencardassets_assets_all.bundle
4a	None	?	chaosspacemarinesemperorschildrencardassets_assets_all.bundle
4b	None	?	chaosspacemarinesemperorschildrencardassets_assets_all.bundle
4d	None	?	chaosspacemarinesemperorschildrencardassets_assets_all.bundle
4d8	None	?	chaosspacemarinesemperorschildrencardassets_assets_all.bundle
4f	None	?	chaosspacemarinesemperorschildrencardassets_assets_all.bundle
50	None	?	chaosspacemarinesemperorschildrencardassets_assets_all.bundle
53	None	?	chaosspacemarinesemperorschildrencardassets_assets_all.bundle
53b	None	?	chaosspacemarinesemperorschildrencardassets_assets_all.bundle
54	None	?	chaosspacemarinesemperorschildrencardassets_assets_all.bundle
5a	None	?	chaosspacemarinesemperorschildrencardassets_assets_all.bundle
5ae	None	?	chaosspacemarinesemperorschildrencardassets_assets_all.bundle
5b	None	?	chaosspacemarinesemperorschildrencardassets_assets_all.bundle
5d	None	?	chaosspacemarinesemperorschildrencardassets_assets_all.bundle
60	None	?	chaosspacemarinesemperorschildrencardassets_assets_all.bundle
61	None	?	chaosspacemarinesemperorschildrencardassets_assets_all.bundle
63	None	?	chaosspacemarinesemperorschildrencardassets_assets_all.bundle
69	None	?	chaosspacemarinesemperorschildrencardassets_assets_all.bundle
699	None	?	chaosspacemarinesemperorschildrencardassets_assets_all.bundle
6e	None	?	chaosspacemarinesemperorschildrencardassets_assets_all.bundle
6ea	None	?	chaosspacemarinesemperorschildrencardassets_assets_all.bundle
716	None	?	chaosspacemarinesemperorschildrencardassets_assets_all.bundle
73	None	?	chaosspacemarinesemperorschildrencardassets_assets_all.bundle
76	None	?	chaosspacemarinesemperorschildrencardassets_assets_all.bundle
77	None	?	chaosspacemarinesemperorschildrencardassets_assets_all.bundle
79	None	?	chaosspacemarinesemperorschildrencardassets_assets_all.bundle
793	None	?	chaosspacemarinesemperorschildrencardassets_assets_all.bundle
7d	None	?	chaosspacemarinesemperorschildrencardassets_assets_all.bundle
80	None	?	chaosspacemarinesemperorschildrencardassets_assets_all.bundle
83	None	?	chaosspacemarinesemperorschildrencardassets_assets_all.bundle
84	None	?	chaosspacemarinesemperorschildrencardassets_assets_all.bundle
86	None	?	chaosspacemarinesemperorschildrencardassets_assets_all.bundle
866	None	?	chaosspacemarinesemperorschildrencardassets_assets_all.bundle
88	None	?	chaosspacemarinesemperorschildrencardassets_assets_all.bundle
882	None	?	chaosspacemarinesemperorschildrencardassets_assets_all.bundle
89	None	?	chaosspacemarinesemperorschildrencardassets_assets_all.bundle
893	None	?	chaosspacemarinesemperorschildrencardassets_assets_all.bundle
8a	None	?	chaosspacemarinesemperorschildrencardassets_assets_all.bundle
8b	None	?	chaosspacemarinesemperorschildrencardassets_assets_all.bundle
8c	None	?	chaosspacemarinesemperorschildrencardassets_assets_all.bundle
8e	None	?	chaosspacemarinesemperorschildrencardassets_assets_all.bundle
90	None	?	chaosspacemarinesemperorschildrencardassets_assets_all.bundle
92	None	?	chaosspacemarinesemperorschildrencardassets_assets_all.bundle
98	None	?	chaosspacemarinesemperorschildrencardassets_assets_all.bundle
980	None	?	chaosspacemarinesemperorschildrencardassets_assets_all.bundle
9f	None	?	chaosspacemarinesemperorschildrencardassets_assets_all.bundle
a06	None	?	chaosspacemarinesemperorschildrencardassets_assets_all.bundle
a0e	None	?	chaosspacemarinesemperorschildrencardassets_assets_all.bundle
a1	None	?	chaosspacemarinesemperorschildrencardassets_assets_all.bundle
a12	None	?	chaosspacemarinesemperorschildrencardassets_assets_all.bundle
a5	None	?	chaosspacemarinesemperorschildrencardassets_assets_all.bundle
a7	None	?	chaosspacemarinesemperorschildrencardassets_assets_all.bundle
a9	None	?	chaosspacemarinesemperorschildrencardassets_assets_all.bundle
ad	None	?	chaosspacemarinesemperorschildrencardassets_assets_all.bundle
af	None	?	chaosspacemarinesemperorschildrencardassets_assets_all.bundle
b09	None	?	chaosspacemarinesemperorschildrencardassets_assets_all.bundle
b0f	None	?	chaosspacemarinesemperorschildrencardassets_assets_all.bundle
b1	None	?	chaosspacemarinesemperorschildrencardassets_assets_all.bundle
b2	None	?	chaosspacemarinesemperorschildrencardassets_assets_all.bundle
b3	None	?	chaosspacemarinesemperorschildrencardassets_assets_all.bundle
b4	None	?	chaosspacemarinesemperorschildrencardassets_assets_all.bundle
b5	None	?	chaosspacemarinesemperorschildrencardassets_assets_all.bundle
b8	None	?	chaosspacemarinesemperorschildrencardassets_assets_all.bundle
b8b	None	?	chaosspacemarinesemperorschildrencardassets_assets_all.bundle
bb	None	?	chaosspacemarinesemperorschildrencardassets_assets_all.bundle
bb7	None	?	chaosspacemarinesemperorschildrencardassets_assets_all.bundle
bf	None	?	chaosspacemarinesemperorschildrencardassets_assets_all.bundle
bff	None	?	chaosspacemarinesemperorschildrencardassets_assets_all.bundle
c1	None	?	chaosspacemarinesemperorschildrencardassets_assets_all.bundle
c2	None	?	chaosspacemarinesemperorschildrencardassets_assets_all.bundle
c3	None	?	chaosspacemarinesemperorschildrencardassets_assets_all.bundle
c6b	None	?	chaosspacemarinesemperorschildrencardassets_assets_all.bundle
c7	None	?	chaosspacemarinesemperorschildrencardassets_assets_all.bundle
c8	None	?	chaosspacemarinesemperorschildrencardassets_assets_all.bundle
ca	None	?	chaosspacemarinesemperorschildrencardassets_assets_all.bundle
cb	None	?	chaosspacemarinesemperorschildrencardassets_assets_all.bundle
cb3	None	?	chaosspacemarinesemperorschildrencardassets_assets_all.bundle
cd	None	?	chaosspacemarinesemperorschildrencardassets_assets_all.bundle
d2	None	?	chaosspacemarinesemperorschildrencardassets_assets_all.bundle
d3	None	?	chaosspacemarinesemperorschildrencardassets_assets_all.bundle
d6	None	?	chaosspacemarinesemperorschildrencardassets_assets_all.bundle
da	None	?	chaosspacemarinesemperorschildrencardassets_assets_all.bundle
db9	None	?	chaosspacemarinesemperorschildrencardassets_assets_all.bundle
dc	None	?	chaosspacemarinesemperorschildrencardassets_assets_all.bundle
de	None	?	chaosspacemarinesemperorschildrencardassets_assets_all.bundle
e02	None	?	chaosspacemarinesemperorschildrencardassets_assets_all.bundle
e1	None	?	chaosspacemarinesemperorschildrencardassets_assets_all.bundle
e12	None	?	chaosspacemarinesemperorschildrencardassets_assets_all.bundle
e17	None	?	chaosspacemarinesemperorschildrencardassets_assets_all.bundle
e2	None	?	chaosspacemarinesemperorschildrencardassets_assets_all.bundle
e7	None	?	chaosspacemarinesemperorschildrencardassets_assets_all.bundle
ea	None	?	chaosspacemarinesemperorschildrencardassets_assets_all.bundle
eac	None	?	chaosspacemarinesemperorschildrencardassets_assets_all.bundle
ee	None	?	chaosspacemarinesemperorschildrencardassets_assets_all.bundle
f0	None	?	chaosspacemarinesemperorschildrencardassets_assets_all.bundle
f0a	None	?	chaosspacemarinesemperorschildrencardassets_assets_all.bundle
f2	None	?	chaosspacemarinesemperorschildrencardassets_assets_all.bundle
f5	None	?	chaosspacemarinesemperorschildrencardassets_assets_all.bundle
f8	None	?	chaosspacemarinesemperorschildrencardassets_assets_all.bundle
f81	None	?	chaosspacemarinesemperorschildrencardassets_assets_all.bundle
f89	None	?	chaosspacemarinesemperorschildrencardassets_assets_all.bundle
fd	None	?	chaosspacemarinesemperorschildrencardassets_assets_all.bundle
ff	None	?	chaosspacemarinesemperorschildrencardassets_assets_all.bundle
0013f56d001ac4aab991fbc9c6a74ed0	None	?	cosmeticavatarsimages_assets_all.bundle
004aa7b5ce5bc470db12a28c72d70421	None	?	cosmeticavatarsimages_assets_all.bundle
02b0f67a612394caea50e8e944f889e3	None	?	cosmeticavatarsimages_assets_all.bundle
031136428e1b13e4d9ae9364652a5ad6	None	?	cosmeticavatarsimages_assets_all.bundle
032fca9165dfa3c459bbe0d4dd395261	None	?	cosmeticavatarsimages_assets_all.bundle
03fe349473a8144b48cbe0d58fa40fcb	None	?	cosmeticavatarsimages_assets_all.bundle
045c63474e9c200499300652d967f477	None	?	cosmeticavatarsimages_assets_all.bundle
045f1be5e0405408eaf12fe69be62491	None	?	cosmeticavatarsimages_assets_all.bundle
04a3df6574d8b4329b7e38715b963039	None	?	cosmeticavatarsimages_assets_all.bundle
0750de50ebd9e4776b0963920394e340	None	?	cosmeticavatarsimages_assets_all.bundle
07ca54141759b4bbe951496df1c18838	None	?	cosmeticavatarsimages_assets_all.bundle
08204dc398aae432f9d2bebe84ab8fa0	None	?	cosmeticavatarsimages_assets_all.bundle
08bd42b38e77a4dc1ac9035816b27007	None	?	cosmeticavatarsimages_assets_all.bundle
08ddbeafcb8fe4cce893f0d41414b7a3	None	?	cosmeticavatarsimages_assets_all.bundle
093c5e1ddb3084254ac305dce77eb8ef	None	?	cosmeticavatarsimages_assets_all.bundle
0b3038f57fdda40afbc3aa4219597e54	None	?	cosmeticavatarsimages_assets_all.bundle
0b80c0cc3a785464faa03b6e631e96f2	None	?	cosmeticavatarsimages_assets_all.bundle
0ca24684c7e644fee8337c8faaa88700	None	?	cosmeticavatarsimages_assets_all.bundle
0d785aef22fce4905bb70fa0f3b9c6fe	None	?	cosmeticavatarsimages_assets_all.bundle
0dd2e400d60076746a85c7b9af646e1b	None	?	cosmeticavatarsimages_assets_all.bundle
0f77ac198503d4b71b12bd94b730bd61	None	?	cosmeticavatarsimages_assets_all.bundle
0fa09137114a24a61bdc2f1ec282cd23	None	?	cosmeticavatarsimages_assets_all.bundle
10f638ba5f1724a5f9a5d4c7a2225f74	None	?	cosmeticavatarsimages_assets_all.bundle
112c2a9a5079bfd4eb36d73bfd5573af	None	?	cosmeticavatarsimages_assets_all.bundle
118f4b241a5fdac419bc55001e0f0135	None	?	cosmeticavatarsimages_assets_all.bundle
125ec28a064614ca18b81ca632cdfcee	None	?	cosmeticavatarsimages_assets_all.bundle
1275822b3ed09bd49bcf529c116794d7	None	?	cosmeticavatarsimages_assets_all.bundle
12bbd92d412034a4f92172cbd13e9b83	None	?	cosmeticavatarsimages_assets_all.bundle
13f4a8c067164144bb8a511814863630	None	?	cosmeticavatarsimages_assets_all.bundle
147934cae917b40b19d57bce982aa5fc	None	?	cosmeticavatarsimages_assets_all.bundle
1524c4c4b16ef4759ba9745157a3e5ec	None	?	cosmeticavatarsimages_assets_all.bundle
1558312a11e1e4b5aac025705d2e26c6	None	?	cosmeticavatarsimages_assets_all.bundle
16d86ec645977424e96bb98aa64f6e1a	None	?	cosmeticavatarsimages_assets_all.bundle
1864aa560689d49dcaa74f6c6331cff3	None	?	cosmeticavatarsimages_assets_all.bundle
1872efbd339e64de791a470f7e2af8e8	None	?	cosmeticavatarsimages_assets_all.bundle
195c8908a44c149dc9f752e98e7633fc	None	?	cosmeticavatarsimages_assets_all.bundle
1ab14f0bef1a4497c9217a21e3bdeb2f	None	?	cosmeticavatarsimages_assets_all.bundle
1b0c7592f1c6c46d8badf539dcbcfd1f	None	?	cosmeticavatarsimages_assets_all.bundle
1b6b88abc2dfffe40807fcf67ff09c71	None	?	cosmeticavatarsimages_assets_all.bundle
1b6f2c1bc40bd05418ad99088cdf8c77	None	?	cosmeticavatarsimages_assets_all.bundle
1bf28c5e33ed38747ba28255d36c0e3b	None	?	cosmeticavatarsimages_assets_all.bundle
1c3baae59029de94c9ad2414db43bae8	None	?	cosmeticavatarsimages_assets_all.bundle
1c9c3e20cb2c2493d8694f01b171ebd9	None	?	cosmeticavatarsimages_assets_all.bundle
1d3620ce395c14ed88daa81cd25459dc	None	?	cosmeticavatarsimages_assets_all.bundle
1e42bec6a56f26146ac17ff18611ed71	None	?	cosmeticavatarsimages_assets_all.bundle
1e5f5ab306cea4ac9a13d47f15f99d03	None	?	cosmeticavatarsimages_assets_all.bundle
1e7e22b2f437ad94d94665bc5045512b	None	?	cosmeticavatarsimages_assets_all.bundle
1f0693fea351d594ba9ea19264cd04e7	None	?	cosmeticavatarsimages_assets_all.bundle
1f3d56151cd9142429f07092ae026678	None	?	cosmeticavatarsimages_assets_all.bundle
1f3e289e583bb466e942b22b6e3be22e	None	?	cosmeticavatarsimages_assets_all.bundle
1f5a620cfb8dd4651920a7a32538a8f8	None	?	cosmeticavatarsimages_assets_all.bundle
201d36a3c225c974d91a7cfb3fd4c7bc	None	?	cosmeticavatarsimages_assets_all.bundle
20ed5db1a5ca048cdae17847a32dc8f9	None	?	cosmeticavatarsimages_assets_all.bundle
211cb96f69d8b40e9b53e945de4ac7c7	None	?	cosmeticavatarsimages_assets_all.bundle
2141ffd69eb3f7146b1044675796add2	None	?	cosmeticavatarsimages_assets_all.bundle
217017774fca44c34997bf88090b9b97	None	?	cosmeticavatarsimages_assets_all.bundle
222dcef45219c4ef589166e5944f2cd1	None	?	cosmeticavatarsimages_assets_all.bundle
23bd440aefbad461fb927e42f9bd55df	None	?	cosmeticavatarsimages_assets_all.bundle
23bf0c047c125914aa493d0a4ddf0788	None	?	cosmeticavatarsimages_assets_all.bundle
240ae2f06d4394be2bb49ae020c11ebe	None	?	cosmeticavatarsimages_assets_all.bundle
2445debda54fe4fdb8d583ff77b5cdab	None	?	cosmeticavatarsimages_assets_all.bundle
25230b55280770c4e858d2cb496e3bc6	None	?	cosmeticavatarsimages_assets_all.bundle
265d78ce360f8449ca0cbb66279d3b96	None	?	cosmeticavatarsimages_assets_all.bundle
26d6e9c1760b042f3ab80646441e1025	None	?	cosmeticavatarsimages_assets_all.bundle
27cddc756241b874b93c43bf569cb0de	None	?	cosmeticavatarsimages_assets_all.bundle
27f14309953734a608859b33e9769da6	None	?	cosmeticavatarsimages_assets_all.bundle
27f378f9fb84a4767bdc9e8bc7567a0e	None	?	cosmeticavatarsimages_assets_all.bundle
282a5cf6976f546fdaadada6a7a7edc6	None	?	cosmeticavatarsimages_assets_all.bundle
28b61f8012a034be293b9a4f00d85ab6	None	?	cosmeticavatarsimages_assets_all.bundle
28c864a488d6a4651baee68d5bc5653d	None	?	cosmeticavatarsimages_assets_all.bundle
28eca8a3739b3314392c3f5de5de2a21	None	?	cosmeticavatarsimages_assets_all.bundle
29b76773a896a4270b2ec8df65ac7e55	None	?	cosmeticavatarsimages_assets_all.bundle
2af466f07cdd2ac43bc86d147832b050	None	?	cosmeticavatarsimages_assets_all.bundle
2b27f70ba8bd54d7ebfb09145fcd94ed	None	?	cosmeticavatarsimages_assets_all.bundle
2b29cb65bd0392f46ae45ce5a7fe872b	None	?	cosmeticavatarsimages_assets_all.bundle
2b70d9eede4e0454fa8b1529bfc38d9b	None	?	cosmeticavatarsimages_assets_all.bundle
2be7b05b29a4d6c4bbc84314cdf43018	None	?	cosmeticavatarsimages_assets_all.bundle
2c421874fde004b2ab07193151d4191c	None	?	cosmeticavatarsimages_assets_all.bundle
2e47b409eef4e184d9e13c0e97e8a0e9	None	?	cosmeticavatarsimages_assets_all.bundle
2e7946de69b6949f4adb305aef039b8e	None	?	cosmeticavatarsimages_assets_all.bundle
2ede65098bb883d4195f13b90d48dfd1	None	?	cosmeticavatarsimages_assets_all.bundle
2eeda654c93b3b44fb5ec9e7b04d07d5	None	?	cosmeticavatarsimages_assets_all.bundle
2f2b61002574f41a380039b761900148	None	?	cosmeticavatarsimages_assets_all.bundle
2f330fc9bffd84cf4aaaa284244ef0c0	None	?	cosmeticavatarsimages_assets_all.bundle
2f6bb5a58da584a87929a88101b2a348	None	?	cosmeticavatarsimages_assets_all.bundle
3185eeaf0870e49e4ad84daf24f88c43	None	?	cosmeticavatarsimages_assets_all.bundle
31b3e6d5054774ec79988e6be42355cc	None	?	cosmeticavatarsimages_assets_all.bundle
3319cfbac824d4d859eb0353338c8a4e	None	?	cosmeticavatarsimages_assets_all.bundle
33914bf33158945618d21d392a62bf08	None	?	cosmeticavatarsimages_assets_all.bundle
33a2bb05c637f4eaba66c9de4f781920	None	?	cosmeticavatarsimages_assets_all.bundle
34002841c502248f98217c4b02052259	None	?	cosmeticavatarsimages_assets_all.bundle
347f0e69cbabd944f8d6d7f5808c9c9a	None	?	cosmeticavatarsimages_assets_all.bundle
34913ea8d5e6a114e9abf93d8e502f98	None	?	cosmeticavatarsimages_assets_all.bundle
34ca80ea6ffc3fb45820c13080820511	None	?	cosmeticavatarsimages_assets_all.bundle
35083bddccd1247088c5106a0f5fbc26	None	?	cosmeticavatarsimages_assets_all.bundle
362e6720ba3e548a9ad83d6261602e71	None	?	cosmeticavatarsimages_assets_all.bundle
37273eb2710d2d94c9a4d9bea1013c02	None	?	cosmeticavatarsimages_assets_all.bundle
3896b692bdbbe42adbadcae5dbe7c4dc	None	?	cosmeticavatarsimages_assets_all.bundle
392b0fe1e2b5e4565a5c85e8eff533cb	None	?	cosmeticavatarsimages_assets_all.bundle
3a113263258985a498caf10125e7c6e6	None	?	cosmeticavatarsimages_assets_all.bundle
3a28209c0db15044ea0cba3351d76f0e	None	?	cosmeticavatarsimages_assets_all.bundle
3adb144b72bd7b44fb697a603ff588b2	None	?	cosmeticavatarsimages_assets_all.bundle
3ba86e12a8e153543b65b19d5fd557b0	None	?	cosmeticavatarsimages_assets_all.bundle
3c1734481d74f4360a1f6a2abf707334	None	?	cosmeticavatarsimages_assets_all.bundle
3c4e8c2e6b4ff4d9ebe139bbefdbe832	None	?	cosmeticavatarsimages_assets_all.bundle
3c995e1d0828044afaedba23b9408c6f	None	?	cosmeticavatarsimages_assets_all.bundle
3e14b860ba7e5464380bc0ef7f9deadc	None	?	cosmeticavatarsimages_assets_all.bundle
3e8a85ebe0ed69f4e9c9bc37d56d13f7	None	?	cosmeticavatarsimages_assets_all.bundle
41b47e4b5e2584eb3855cc3ec16057c3	None	?	cosmeticavatarsimages_assets_all.bundle
44d72584ba6a4a642b0670f822d582ec	None	?	cosmeticavatarsimages_assets_all.bundle
4550d00be63e24d1b8b7d3d7e635de95	None	?	cosmeticavatarsimages_assets_all.bundle
45e00ab193c37824fad5ccf39d3d9f88	None	?	cosmeticavatarsimages_assets_all.bundle
45eb74fd3a2b1224fb6c58a042039a94	None	?	cosmeticavatarsimages_assets_all.bundle
46cdd618300e6064dbae841e186a0a2c	None	?	cosmeticavatarsimages_assets_all.bundle
478ba1ff4060149719da6c6106084d5f	None	?	cosmeticavatarsimages_assets_all.bundle
487196ac46ef8fa4caf919468d10f97b	None	?	cosmeticavatarsimages_assets_all.bundle
4937d829aff754ee699f7af58033cdd7	None	?	cosmeticavatarsimages_assets_all.bundle
493c1461ff16440469b14b2c670e5bc5	None	?	cosmeticavatarsimages_assets_all.bundle
49650c013478cb14c860bc4e6f95b4c1	None	?	cosmeticavatarsimages_assets_all.bundle
49a6134e30068ca49b87043851303518	None	?	cosmeticavatarsimages_assets_all.bundle
49e87a86b4ec91d4bbdb061b82c5315d	None	?	cosmeticavatarsimages_assets_all.bundle
49f6fc96b56a94d42a99638895fe1e2f	None	?	cosmeticavatarsimages_assets_all.bundle
4ac83ac8cec23f147874009bca97c202	None	?	cosmeticavatarsimages_assets_all.bundle
4b0398c56790f4fde91b958c431db425	None	?	cosmeticavatarsimages_assets_all.bundle
4b07d1b8535804c38ae331b8420c00fc	None	?	cosmeticavatarsimages_assets_all.bundle
4b08fc967e861cf4a90b3d2e1ae2c546	None	?	cosmeticavatarsimages_assets_all.bundle
4c1ee4e313bd4ce4394b1674ba1461a4	None	?	cosmeticavatarsimages_assets_all.bundle
4d2917a1c196b3d489aa2f695c0fec18	None	?	cosmeticavatarsimages_assets_all.bundle
4d7bb248f5b3a7d46b93b7c3511562f6	None	?	cosmeticavatarsimages_assets_all.bundle
4d811808d6a374a428669740d33a3708	None	?	cosmeticavatarsimages_assets_all.bundle
4d87d15139339478eac32b2454bfaa2e	None	?	cosmeticavatarsimages_assets_all.bundle
4d8c13fb3f463594bb60e477442a3a4f	None	?	cosmeticavatarsimages_assets_all.bundle
4d901162f3b954270b646b7ac560c117	None	?	cosmeticavatarsimages_assets_all.bundle
4e3d2f411264c4adaa36a90c6be647cc	None	?	cosmeticavatarsimages_assets_all.bundle
4f25b53132b664a35a1d2e3dd70c2814	None	?	cosmeticavatarsimages_assets_all.bundle
4f356084f1ad34e9f909b0bcb89a622b	None	?	cosmeticavatarsimages_assets_all.bundle
4f520ead2bcd64b4dbca2ebe2b5522ad	None	?	cosmeticavatarsimages_assets_all.bundle
4fa4b6401202c458ba66f839ec153e5e	None	?	cosmeticavatarsimages_assets_all.bundle
509fd989ed5354dd3ae7feb406d7cd76	None	?	cosmeticavatarsimages_assets_all.bundle
50b377083e7b04ad4a8b7f0c21d2c6d3	None	?	cosmeticavatarsimages_assets_all.bundle
50dc17eff57d049af898bfec501ec16c	None	?	cosmeticavatarsimages_assets_all.bundle
511f7fbbd080fa440a302ef896ead775	None	?	cosmeticavatarsimages_assets_all.bundle
51b8a17f3ab7d48618cca535c1fd4331	None	?	cosmeticavatarsimages_assets_all.bundle
51e18a02bb1431d4e9046c89cf5bc118	None	?	cosmeticavatarsimages_assets_all.bundle
5224feea68c86634698e3ed4140020d1	None	?	cosmeticavatarsimages_assets_all.bundle
53483c229b75c43d0a15ddf625224095	None	?	cosmeticavatarsimages_assets_all.bundle
53963b54151624af295dbbfe364305b5	None	?	cosmeticavatarsimages_assets_all.bundle
55279d1c0a5974a048c276138766ccde	None	?	cosmeticavatarsimages_assets_all.bundle
55dddd54a499de149be156fcbb19acf9	None	?	cosmeticavatarsimages_assets_all.bundle
562325909611e4d7ba154fb731b1bc69	None	?	cosmeticavatarsimages_assets_all.bundle
56d86e2654cc641a0b273c27f7334831	None	?	cosmeticavatarsimages_assets_all.bundle
56f303397e4b14d5d82c439aa20b9f40	None	?	cosmeticavatarsimages_assets_all.bundle
575b832818b354a73a76bc24052a071e	None	?	cosmeticavatarsimages_assets_all.bundle
575be500f55ff46a883528fffa29e391	None	?	cosmeticavatarsimages_assets_all.bundle
5779c064429224b64a2af75117d51351	None	?	cosmeticavatarsimages_assets_all.bundle
57d2201b1c72240c184a031e87b4566f	None	?	cosmeticavatarsimages_assets_all.bundle
58553ed00a225934dbf449394acbe925	None	?	cosmeticavatarsimages_assets_all.bundle
58de585507598c240b8a59d5908bab94	None	?	cosmeticavatarsimages_assets_all.bundle
58e7e1ec46f3d404499898a8065eda92	None	?	cosmeticavatarsimages_assets_all.bundle
5952b02db9f29a84988644f9795cc3e2	None	?	cosmeticavatarsimages_assets_all.bundle
59b60d54eb115b045b9e774c1beaddc2	None	?	cosmeticavatarsimages_assets_all.bundle
59f4ce9a187974da2984cf32a4238bb8	None	?	cosmeticavatarsimages_assets_all.bundle
5a2665c5a6bcf014a8d95ad9718c60ee	None	?	cosmeticavatarsimages_assets_all.bundle
5abbccc87acf04b6d9e379bb42895d2f	None	?	cosmeticavatarsimages_assets_all.bundle
5ae47f6334d4e4734a58122e02f5a608	None	?	cosmeticavatarsimages_assets_all.bundle
5bb7c4731c8b5403c9529640bbd1cae4	None	?	cosmeticavatarsimages_assets_all.bundle
5d4eeb1633e9b9d46a6b0b8f59e8fc65	None	?	cosmeticavatarsimages_assets_all.bundle
5dce463c2307c411e98c7609b64ec195	None	?	cosmeticavatarsimages_assets_all.bundle
5dcef10faafdf72469755f12960b19b9	None	?	cosmeticavatarsimages_assets_all.bundle
5f072b94971934892bc7d54772c7cf21	None	?	cosmeticavatarsimages_assets_all.bundle
5f345619ce51a4ae8966616d9e0c64bb	None	?	cosmeticavatarsimages_assets_all.bundle
606c99294ea7141289476ddc6927204e	None	?	cosmeticavatarsimages_assets_all.bundle
6153f80aee441480dbfeac4bf62146b1	None	?	cosmeticavatarsimages_assets_all.bundle
61ac70662252e4b5dbba94ae597fa2ca	None	?	cosmeticavatarsimages_assets_all.bundle
61f3f381d0b9b4bd683dfbec949c918f	None	?	cosmeticavatarsimages_assets_all.bundle
61fcbbe7a0b9e41468e3d30563a4e803	None	?	cosmeticavatarsimages_assets_all.bundle
620e719c1b0bc4592832924141270d33	None	?	cosmeticavatarsimages_assets_all.bundle
62f7279e50662b640913c861d675c165	None	?	cosmeticavatarsimages_assets_all.bundle
638e315ad066e4733854989e700bedd8	None	?	cosmeticavatarsimages_assets_all.bundle
65baec544188b704699f649ae84bd0aa	None	?	cosmeticavatarsimages_assets_all.bundle
660db86bc512944889c337ebda444bcf	None	?	cosmeticavatarsimages_assets_all.bundle
673f173a9f7d2488a898ac916f692d8a	None	?	cosmeticavatarsimages_assets_all.bundle
67705149b21b4f84d976f80d5aec02ce	None	?	cosmeticavatarsimages_assets_all.bundle
68965db6f5c70493d854090c7d9e2f2c	None	?	cosmeticavatarsimages_assets_all.bundle
68f5b891cced942d082f5495b4e916c7	None	?	cosmeticavatarsimages_assets_all.bundle
697b99b218a854b36a50e7e4e4201f20	None	?	cosmeticavatarsimages_assets_all.bundle
6a20f617ae168984d9d99e07ba95db7b	None	?	cosmeticavatarsimages_assets_all.bundle
6acf88e87b08abe42ab65c2ed7a3e5c5	None	?	cosmeticavatarsimages_assets_all.bundle
6adeaec3cca9bf341824c0cc4544c7fd	None	?	cosmeticavatarsimages_assets_all.bundle
6b4e0dd42e28e474a8a8d775c97143e6	None	?	cosmeticavatarsimages_assets_all.bundle
6be4b6b0b5e6c6b43823f970ebe38ee6	None	?	cosmeticavatarsimages_assets_all.bundle
6c5d35bff076940bf8db64e0ec2e8c41	None	?	cosmeticavatarsimages_assets_all.bundle
6d39f02ac3d5241a8a2e553969b83d0b	None	?	cosmeticavatarsimages_assets_all.bundle
6f3d088c254d0bc4f94c3ac07e215362	None	?	cosmeticavatarsimages_assets_all.bundle
6f5eb713e3856e54e897094c5d1550ec	None	?	cosmeticavatarsimages_assets_all.bundle
6f75f5c7ed6a09b45846e763894302d0	None	?	cosmeticavatarsimages_assets_all.bundle
709c9a6e5fab24cb2a37e9f8d1f38523	None	?	cosmeticavatarsimages_assets_all.bundle
70b0b10c67ca340ccb45effcf4930107	None	?	cosmeticavatarsimages_assets_all.bundle
713c359e00afcb048933dc42e822db06	None	?	cosmeticavatarsimages_assets_all.bundle
71cd7e1194961496dbb6d6121aa89ff0	None	?	cosmeticavatarsimages_assets_all.bundle
72b50c9cee0793e46bfa4c7633d0e51e	None	?	cosmeticavatarsimages_assets_all.bundle
73780734943fb42f7a3e00857dec975f	None	?	cosmeticavatarsimages_assets_all.bundle
737e5d3e9700e4dd09bd5ff492b51303	None	?	cosmeticavatarsimages_assets_all.bundle
7445a3bb76bfb4d23b42727e3456016c	None	?	cosmeticavatarsimages_assets_all.bundle
747c0dd29c0af427088880e12d69b2a6	None	?	cosmeticavatarsimages_assets_all.bundle
76106d70ff6d84712b16bd027458ef9c	None	?	cosmeticavatarsimages_assets_all.bundle
76812d9730497453dbfc7c0b2cedf036	None	?	cosmeticavatarsimages_assets_all.bundle
76d154291f63e490aa870e12ef3604eb	None	?	cosmeticavatarsimages_assets_all.bundle
7715f603a2e4646cda3ba1c0ef7e2e88	None	?	cosmeticavatarsimages_assets_all.bundle
771a0f90cae2c4c4493d3a9aa5eb79a4	None	?	cosmeticavatarsimages_assets_all.bundle
7758e5d3733b93845a048173f34ac51e	None	?	cosmeticavatarsimages_assets_all.bundle
7994eaee9a90f47d69f337bfd8eb6aed	None	?	cosmeticavatarsimages_assets_all.bundle
7a1d89815993943e291903cd2a23848e	None	?	cosmeticavatarsimages_assets_all.bundle
7a3f88e5dbc98154e93c4ce8ac14467c	None	?	cosmeticavatarsimages_assets_all.bundle
7acdfc0b5f97c4b798d0bdc936962a93	None	?	cosmeticavatarsimages_assets_all.bundle
7b0d94bae689340edbef9e0e1260a8f3	None	?	cosmeticavatarsimages_assets_all.bundle
7b0f1e08410cb44e0961ea43488cd3ff	None	?	cosmeticavatarsimages_assets_all.bundle
7b3a0a99a94e64bfe9a56785a6325a93	None	?	cosmeticavatarsimages_assets_all.bundle
7b75042fcd5882149920b82c64fe2087	None	?	cosmeticavatarsimages_assets_all.bundle
7c0247e45a95b4bc1acaba13f0cd3ce6	None	?	cosmeticavatarsimages_assets_all.bundle
7cb4bea5260b64f30b8cc38c1ef55f43	None	?	cosmeticavatarsimages_assets_all.bundle
7d0b80268829c47b4818679dae341d0c	None	?	cosmeticavatarsimages_assets_all.bundle
7f035146cc30d43cc894519a17d53f78	None	?	cosmeticavatarsimages_assets_all.bundle
7fca2975a204b5c4aa15ddffc140097a	None	?	cosmeticavatarsimages_assets_all.bundle
81232c54ba3b349c0b4f1dea5377163b	None	?	cosmeticavatarsimages_assets_all.bundle
815d16d3970eb4b5fa3ac42e0701b5c7	None	?	cosmeticavatarsimages_assets_all.bundle
8221f87575f8777468115cfa7e8061ae	None	?	cosmeticavatarsimages_assets_all.bundle
8348fbbe7423dfb4091a73411a9981c0	None	?	cosmeticavatarsimages_assets_all.bundle
834f634e0ec33c54faba0a3a303f5ec6	None	?	cosmeticavatarsimages_assets_all.bundle
8455f71862af1400cad23f734dc8819f	None	?	cosmeticavatarsimages_assets_all.bundle
85564df6c165b45789203ef7b43e715e	None	?	cosmeticavatarsimages_assets_all.bundle
857a309aeeaf24e6ca8bde8c7c3c7a80	None	?	cosmeticavatarsimages_assets_all.bundle
85c9c3ae178ba45288e1cc2697d9e106	None	?	cosmeticavatarsimages_assets_all.bundle
85e990403f46349e19f081b12dc173ba	None	?	cosmeticavatarsimages_assets_all.bundle
861ce5def81a0834c91413e9ce0d2bd2	None	?	cosmeticavatarsimages_assets_all.bundle
8642ad0945d10491fa92ec925379ab26	None	?	cosmeticavatarsimages_assets_all.bundle
86e05146dc9c78f459a79df24b7e29fe	None	?	cosmeticavatarsimages_assets_all.bundle
87eddf39f20a19e4d8e983f576ace831	None	?	cosmeticavatarsimages_assets_all.bundle
87f1365dbac13af419a50e487874ba41	None	?	cosmeticavatarsimages_assets_all.bundle
88835da4d7d35410e91dd08f21e9d5bb	None	?	cosmeticavatarsimages_assets_all.bundle
8a354c3a350d542dc9bb6b26860383a3	None	?	cosmeticavatarsimages_assets_all.bundle
8a446d4a087e5bd4e886f67ecb143f01	None	?	cosmeticavatarsimages_assets_all.bundle
8c9abe9c5741e4217a3a2a3365b7bf0e	None	?	cosmeticavatarsimages_assets_all.bundle
8d03ec7cc51e44be3ad8469c48e895f2	None	?	cosmeticavatarsimages_assets_all.bundle
8d468b7fa13904131ad32c91937dde9a	None	?	cosmeticavatarsimages_assets_all.bundle
8e86a1653fcdc478492995f5041dd05a	None	?	cosmeticavatarsimages_assets_all.bundle
8f6706c93754648b9970dbf9093893cb	None	?	cosmeticavatarsimages_assets_all.bundle
8fbb10903cba7624ebb9d426a82f5d1a	None	?	cosmeticavatarsimages_assets_all.bundle
8fc970d495d8548c6acb619e3eefaff2	None	?	cosmeticavatarsimages_assets_all.bundle
901204ca6aff947cf89954384e871314	None	?	cosmeticavatarsimages_assets_all.bundle
9049893f3c7b1426abd65d5a0035d192	None	?	cosmeticavatarsimages_assets_all.bundle
90711b06bdc054c8e8ab357874a37f6c	None	?	cosmeticavatarsimages_assets_all.bundle
914becb6520474587877c48fbcd84b9b	None	?	cosmeticavatarsimages_assets_all.bundle
919d320e4c41d2947ab76e6717377c7e	None	?	cosmeticavatarsimages_assets_all.bundle
91b75f6e7ac5345a3aae364f5bd4d67d	None	?	cosmeticavatarsimages_assets_all.bundle
9253d29613bbb49ddb2c77233674796f	None	?	cosmeticavatarsimages_assets_all.bundle
92796bed414ee43a3b27042e3d66f572	None	?	cosmeticavatarsimages_assets_all.bundle
92f20fa117c0c49b589a8ede0407e3f4	None	?	cosmeticavatarsimages_assets_all.bundle
93328eaf4d726412f91d9837762fc76a	None	?	cosmeticavatarsimages_assets_all.bundle
9335d512f83074e14b1e0c4d89a1cce2	None	?	cosmeticavatarsimages_assets_all.bundle
952b9c2ce46b25d488ae615a133bda8d	None	?	cosmeticavatarsimages_assets_all.bundle
9568661209fc64603835abf5c348f8e0	None	?	cosmeticavatarsimages_assets_all.bundle
956fc79a0613147219e356f5abbf1e5c	None	?	cosmeticavatarsimages_assets_all.bundle
957586415c6f246c7b2b19371e3f0874	None	?	cosmeticavatarsimages_assets_all.bundle
957d53417a2944094b345ece2dae2e7d	None	?	cosmeticavatarsimages_assets_all.bundle
95b1e8685e3674e1d86570bd09aeda90	None	?	cosmeticavatarsimages_assets_all.bundle
967ea2f628ce44942bf70675ac835768	None	?	cosmeticavatarsimages_assets_all.bundle
972ddf4e3e4004189bc8d7d2dc9967e1	None	?	cosmeticavatarsimages_assets_all.bundle
9790f9189fc8243c4a0efea9342b8727	None	?	cosmeticavatarsimages_assets_all.bundle
97987b9f499f9409e995e08632fde381	None	?	cosmeticavatarsimages_assets_all.bundle
97ba30e6f91864b4ba5dc018fd5d0a0a	None	?	cosmeticavatarsimages_assets_all.bundle
97d863bd449f8574486148be4f0e9360	None	?	cosmeticavatarsimages_assets_all.bundle
986722770e9d042f5940f23513e9787c	None	?	cosmeticavatarsimages_assets_all.bundle
98ab2063725b84e1cacb8121eb4682fe	None	?	cosmeticavatarsimages_assets_all.bundle
98b5b0671c7af43afab98d7154917c49	None	?	cosmeticavatarsimages_assets_all.bundle
9936670c0b702427cb82aebcac75bd4b	None	?	cosmeticavatarsimages_assets_all.bundle
9a63041a4d4704ed2aac41fd94d659a8	None	?	cosmeticavatarsimages_assets_all.bundle
9adf2912b621748d5a2fa7d209feb1e2	None	?	cosmeticavatarsimages_assets_all.bundle
9b683d06b23594453acc9d195c7b5240	None	?	cosmeticavatarsimages_assets_all.bundle
9ba36a841e7c3475da563611cabdccca	None	?	cosmeticavatarsimages_assets_all.bundle
9bb52681977924f869572f0fc7da169d	None	?	cosmeticavatarsimages_assets_all.bundle
9bcc248962e0f4fdfb64cde07dd96cef	None	?	cosmeticavatarsimages_assets_all.bundle
9bd44c99c93314bbfb7db9dc89c8e808	None	?	cosmeticavatarsimages_assets_all.bundle
9bdfe107008b8bc4a86c6d6d67717426	None	?	cosmeticavatarsimages_assets_all.bundle
9c0bfcc626d514776894e2cad13207af	None	?	cosmeticavatarsimages_assets_all.bundle
9c7efddbfab0e4c60b3922d69ca721c0	None	?	cosmeticavatarsimages_assets_all.bundle
9d34f92533f8f490a8b84f860b19245e	None	?	cosmeticavatarsimages_assets_all.bundle
9d563499c45194700911d3efeeba3af1	None	?	cosmeticavatarsimages_assets_all.bundle
9d87c656a8445e5448d583e4b7c62ae1	None	?	cosmeticavatarsimages_assets_all.bundle
9e05ac22f33644e51aec39fc56d400e5	None	?	cosmeticavatarsimages_assets_all.bundle
9e5060ab922c4443681f67ffef5ec183	None	?	cosmeticavatarsimages_assets_all.bundle
9f2f7b01784f04926b34071f4e2c4446	None	?	cosmeticavatarsimages_assets_all.bundle
9fcf441874fcb477aa13b54111ebf16e	None	?	cosmeticavatarsimages_assets_all.bundle
a0855e09c2b214cc79c57387a92694a6	None	?	cosmeticavatarsimages_assets_all.bundle
a0ca7713d810d46c2a5efba8732aa6ea	None	?	cosmeticavatarsimages_assets_all.bundle
a14749c0217174332ac6c2f61707ad6f	None	?	cosmeticavatarsimages_assets_all.bundle
a2983a0aaa6ef40dda2347d20b948c3c	None	?	cosmeticavatarsimages_assets_all.bundle
a2ac29597cdac424599d013ab54ef660	None	?	cosmeticavatarsimages_assets_all.bundle
a3394624c26d047c2946259e915dbc51	None	?	cosmeticavatarsimages_assets_all.bundle
a41e7e8a44b794d2fbdaa127b61dd424	None	?	cosmeticavatarsimages_assets_all.bundle
a481f4430e42448589871c6f719862ae	None	?	cosmeticavatarsimages_assets_all.bundle
a50a7e83d2206497599572160a2d582f	None	?	cosmeticavatarsimages_assets_all.bundle
a543241a6c3e145bd9646fbb0ed10ef2	None	?	cosmeticavatarsimages_assets_all.bundle
a572c377876de402c9dd10fb8daf3e35	None	?	cosmeticavatarsimages_assets_all.bundle
a57f18ecb0cba41d3895131557b6b57f	None	?	cosmeticavatarsimages_assets_all.bundle
a65683bce0bd64742b14baa3876171cb	None	?	cosmeticavatarsimages_assets_all.bundle
a7708486d1776467dadc5400729d165c	None	?	cosmeticavatarsimages_assets_all.bundle
a7a65cbd560f9499d8bf3854be96af7c	None	?	cosmeticavatarsimages_assets_all.bundle
a8424549e6bf8448aac79d8ccdaf67cb	None	?	cosmeticavatarsimages_assets_all.bundle
a88759ac3146d48aea5698cb3d928b32	None	?	cosmeticavatarsimages_assets_all.bundle
a8af85717f4ec4756af5db6b347ff8ee	None	?	cosmeticavatarsimages_assets_all.bundle
a8c57bcd5ea4b06429ab51f5d4a4a633	None	?	cosmeticavatarsimages_assets_all.bundle
a96b7f5eddfc1df4199df3ae88cf6607	None	?	cosmeticavatarsimages_assets_all.bundle
abfb17884bd3a67488e485eca0301541	None	?	cosmeticavatarsimages_assets_all.bundle
ac43eecbf463a4a1099c048fa770c583	None	?	cosmeticavatarsimages_assets_all.bundle
acf2632690afdf643a4a0e9519609ab4	None	?	cosmeticavatarsimages_assets_all.bundle
acf69482068b64e8ea26da0778dd7160	None	?	cosmeticavatarsimages_assets_all.bundle
ad0a283e0d89f2f48aa00c5c4b9e08ae	None	?	cosmeticavatarsimages_assets_all.bundle
ad4764ca9574448c8a4eed619032ad11	None	?	cosmeticavatarsimages_assets_all.bundle
adc5d19f7582b439f9b790a20f0a4f88	None	?	cosmeticavatarsimages_assets_all.bundle
ae249e3d940f44bcf94f3cda116bc724	None	?	cosmeticavatarsimages_assets_all.bundle
aea9980032a254b02816c43533adaf6b	None	?	cosmeticavatarsimages_assets_all.bundle
aebb26460439488408a8bb551b387af8	None	?	cosmeticavatarsimages_assets_all.bundle
aec318b502ca04632bfa4a06d5706ce4	None	?	cosmeticavatarsimages_assets_all.bundle
af1971d4513ac4cb3b5c2c3f4d035d4b	None	?	cosmeticavatarsimages_assets_all.bundle
af83563f2bae8476b914350c54ee7aa3	None	?	cosmeticavatarsimages_assets_all.bundle
b0cdd43c5c6434fe8a034ba5b339b355	None	?	cosmeticavatarsimages_assets_all.bundle
b1416be707b844b249a9456305b3a911	None	?	cosmeticavatarsimages_assets_all.bundle
b187725fc98ae49afbc201d465bec7d8	None	?	cosmeticavatarsimages_assets_all.bundle
b31733a7452f52d45a3527fc575c3521	None	?	cosmeticavatarsimages_assets_all.bundle
b33b6feea9fcd304ea6089dbfdaaafe6	None	?	cosmeticavatarsimages_assets_all.bundle
b375e90525c0647d1b23faca0e2dd85b	None	?	cosmeticavatarsimages_assets_all.bundle
b39386c74da684b8597a83cea7f5ad39	None	?	cosmeticavatarsimages_assets_all.bundle
b3ea8d09b135e4d41a26a63872899d15	None	?	cosmeticavatarsimages_assets_all.bundle
b4481800fa11a4562bf5273b6106dea9	None	?	cosmeticavatarsimages_assets_all.bundle
b552370ec8a114547ad5e74be98e8b7d	None	?	cosmeticavatarsimages_assets_all.bundle
b5f8d371b069d4a32b8620a1492c45d1	None	?	cosmeticavatarsimages_assets_all.bundle
b61becf1466c3453f9cd8eb50e146ac1	None	?	cosmeticavatarsimages_assets_all.bundle
b6296c74aabe94f9d80c1892a4c526ae	None	?	cosmeticavatarsimages_assets_all.bundle
b69a3ffa3eb344ec5b1f9193b6b97414	None	?	cosmeticavatarsimages_assets_all.bundle
b789d9c142e5241ef9b0c344618405a4	None	?	cosmeticavatarsimages_assets_all.bundle
b8e7df5ca9a6945f9bab1c141370a02f	None	?	cosmeticavatarsimages_assets_all.bundle
ba491ed3aeef646cd9725c19249a5c87	None	?	cosmeticavatarsimages_assets_all.bundle
ba4a6b2dd672d4bf78e8f7f723954287	None	?	cosmeticavatarsimages_assets_all.bundle
badd741c24ebc42f8ac68c2a6bc43773	None	?	cosmeticavatarsimages_assets_all.bundle
bb8b34c3b04d24c87a49fda356d90ebf	None	?	cosmeticavatarsimages_assets_all.bundle
bbbace6792184db48bb5be1ccd0dc05f	None	?	cosmeticavatarsimages_assets_all.bundle
bc3e3f7d0c41143e3955463fe8f7d4bb	None	?	cosmeticavatarsimages_assets_all.bundle
bcb071af4945a274fa3f11ad297f55d1	None	?	cosmeticavatarsimages_assets_all.bundle
bcd0830cd7c81d745a9e29f298c7e4a6	None	?	cosmeticavatarsimages_assets_all.bundle
bd102bba1f340479b8df797643c5803d	None	?	cosmeticavatarsimages_assets_all.bundle
be4455b8dcb74b14ba01d38193b58b68	None	?	cosmeticavatarsimages_assets_all.bundle
bf36656af1eca244b91ec04ef1aa339a	None	?	cosmeticavatarsimages_assets_all.bundle
bf3b93e0ce7264dbeb9166cb6a9eb015	None	?	cosmeticavatarsimages_assets_all.bundle
bff8240dcf499488e905edee600c8dd3	None	?	cosmeticavatarsimages_assets_all.bundle
c05e6c1e8da7c42208183a5670c6675f	None	?	cosmeticavatarsimages_assets_all.bundle
c1814feac433742e997b61f9e24efe78	None	?	cosmeticavatarsimages_assets_all.bundle
c1a7b24b836c247d798d886def54ca23	None	?	cosmeticavatarsimages_assets_all.bundle
c22a08d0154724b6991f860aca74e906	None	?	cosmeticavatarsimages_assets_all.bundle
c2a6d82d70238484591e67f635b65032	None	?	cosmeticavatarsimages_assets_all.bundle
c2e19926ef1e244569ba0466bb5d222d	None	?	cosmeticavatarsimages_assets_all.bundle
c32f08ff2805fda4da33075b85130456	None	?	cosmeticavatarsimages_assets_all.bundle
c33439c588c9744f5bc750fb73192a39	None	?	cosmeticavatarsimages_assets_all.bundle
c34287645b15f914c9dab2cbf16ed28c	None	?	cosmeticavatarsimages_assets_all.bundle
c47e265f035e8ad45bf9fa1211c684be	None	?	cosmeticavatarsimages_assets_all.bundle
c4e7214313a79e0439abca7ca9c8fce2	None	?	cosmeticavatarsimages_assets_all.bundle
c7d6734baec764a05a3a5a207474c645	None	?	cosmeticavatarsimages_assets_all.bundle
c8816173e6030475aa169e08b13a5598	None	?	cosmeticavatarsimages_assets_all.bundle
c965248d6d19f44a5abe1067febe1dbf	None	?	cosmeticavatarsimages_assets_all.bundle
c997ef433e7f34bb3827a9a720529a86	None	?	cosmeticavatarsimages_assets_all.bundle
cde485a925aaa459ea5b1da75f5dd63e	None	?	cosmeticavatarsimages_assets_all.bundle
ce18dca77de6c2c459584d496745daba	None	?	cosmeticavatarsimages_assets_all.bundle
ce57da2c4a64540e5904ed233656a62a	None	?	cosmeticavatarsimages_assets_all.bundle
cee52227794eb4d78b9189b62a84890d	None	?	cosmeticavatarsimages_assets_all.bundle
cf092c5ef534f48d088cd674782f8cae	None	?	cosmeticavatarsimages_assets_all.bundle
cf702255524064944890e796e7fc1224	None	?	cosmeticavatarsimages_assets_all.bundle
cfb0d9b8a40964216b405220ba9ff0d8	None	?	cosmeticavatarsimages_assets_all.bundle
cfb4cf0f2ebc34579917030c60c1f5a7	None	?	cosmeticavatarsimages_assets_all.bundle
cfdf51fc139694a5e9bd66cdebe9dd4b	None	?	cosmeticavatarsimages_assets_all.bundle
d06340e8e6c204a4bafc1004eb40bee5	None	?	cosmeticavatarsimages_assets_all.bundle
d09f1a21bea6b47cd8eca034feed15ec	None	?	cosmeticavatarsimages_assets_all.bundle
d0e41bb3e1ad741c5a7902bcf5c80517	None	?	cosmeticavatarsimages_assets_all.bundle
d1575f783f43b4155a0f89cc8c792df5	None	?	cosmeticavatarsimages_assets_all.bundle
d1f96f12b8bc04e9ba3117e5da67a1ca	None	?	cosmeticavatarsimages_assets_all.bundle
d22bf1a93d848446ba914982c64a94fa	None	?	cosmeticavatarsimages_assets_all.bundle
d24707af167f742c195fd7fb3990f1db	None	?	cosmeticavatarsimages_assets_all.bundle
d3289c9dc737a479eb3a0f58fb252be5	None	?	cosmeticavatarsimages_assets_all.bundle
d3315bb7524e39540a7415a3f35f42cd	None	?	cosmeticavatarsimages_assets_all.bundle
d357bdb09c21b47f4b40443f5ee468c1	None	?	cosmeticavatarsimages_assets_all.bundle
d37938f5e3c3f45e1be03433ff3ee5e5	None	?	cosmeticavatarsimages_assets_all.bundle
d3ed768539f958349841b1c542a7326d	None	?	cosmeticavatarsimages_assets_all.bundle
d48e5951c293643c88b699a295dd9cbb	None	?	cosmeticavatarsimages_assets_all.bundle
d494cb143e9a94e8ea417ad356b6a607	None	?	cosmeticavatarsimages_assets_all.bundle
d4ff52a188e3c3342a68ad7bf3deeb2f	None	?	cosmeticavatarsimages_assets_all.bundle
d56f777d3d1c6456b9f9a86871ae6bb5	None	?	cosmeticavatarsimages_assets_all.bundle
d6165a22b1bf4414aa66f4e1b1818270	None	?	cosmeticavatarsimages_assets_all.bundle
d6df89c12254743cc9a515d015444b36	None	?	cosmeticavatarsimages_assets_all.bundle
d710bb43da166be49925c9e57e88cbad	None	?	cosmeticavatarsimages_assets_all.bundle
d71f1ecd90f1347d0bab9fc7754eab46	None	?	cosmeticavatarsimages_assets_all.bundle
d7f5d45ba9c3e41a1ac8acc9306a49f3	None	?	cosmeticavatarsimages_assets_all.bundle
d95efa50c50e3474ba16a0c9b1f0147c	None	?	cosmeticavatarsimages_assets_all.bundle
da91437c792604eba920d6ab98f3baeb	None	?	cosmeticavatarsimages_assets_all.bundle
da9f0c2b63509cf499804b25cacbda11	None	?	cosmeticavatarsimages_assets_all.bundle
dad33f0ad7a8adc4882ebe5210b63283	None	?	cosmeticavatarsimages_assets_all.bundle
db0107cbb03fd84438ee1e25729e5803	None	?	cosmeticavatarsimages_assets_all.bundle
db5827d4f720f2744a3b5ca4dc2f1d49	None	?	cosmeticavatarsimages_assets_all.bundle
dbc31f057d85f48a095f0abdd6107fb0	None	?	cosmeticavatarsimages_assets_all.bundle
dc1bed30e642ace43a5603fb9814ea03	None	?	cosmeticavatarsimages_assets_all.bundle
dc28eda6ea8af46c2aa2b38bc5609ca4	None	?	cosmeticavatarsimages_assets_all.bundle
dc392281261c24575ae986d8ad7e81ce	None	?	cosmeticavatarsimages_assets_all.bundle
ddee1f1d71b504fad884b58edfa54258	None	?	cosmeticavatarsimages_assets_all.bundle
dea3050f70278481299df0db58f30197	None	?	cosmeticavatarsimages_assets_all.bundle
dfe3ecf2a53fd4e0bb827b5c1ff5fda6	None	?	cosmeticavatarsimages_assets_all.bundle
dffe2f42444d4764ebe9b9cf438e553f	None	?	cosmeticavatarsimages_assets_all.bundle
e00b98acd1d714365bbc0ec4de3553b8	None	?	cosmeticavatarsimages_assets_all.bundle
e08a137b7f9ba40ae95f58af5db292fa	None	?	cosmeticavatarsimages_assets_all.bundle
e09fdd838572f3b47a41b60cb5fd9200	None	?	cosmeticavatarsimages_assets_all.bundle
e135e1824228d4176be5b734f7263687	None	?	cosmeticavatarsimages_assets_all.bundle
e15bc1fa531ad454091d0bc4e6e88d5c	None	?	cosmeticavatarsimages_assets_all.bundle
e178df7cd60fd4214801a39eedf09023	None	?	cosmeticavatarsimages_assets_all.bundle
e180c89884e374939a426ff325c2d4a7	None	?	cosmeticavatarsimages_assets_all.bundle
e1b5b8f84da97441d92f7277e68060b0	None	?	cosmeticavatarsimages_assets_all.bundle
e1fbe30c9f00a402d886ffc89b8beafd	None	?	cosmeticavatarsimages_assets_all.bundle
e355a93452d0c784c895d911db5d2453	None	?	cosmeticavatarsimages_assets_all.bundle
e3a25cad38e4a45f7b80bfee610b9eb4	None	?	cosmeticavatarsimages_assets_all.bundle
e40f9f772667a441f833d5cf8c74e11e	None	?	cosmeticavatarsimages_assets_all.bundle
e434f0dd5b1c247319179e8597d8a6cc	None	?	cosmeticavatarsimages_assets_all.bundle
e494c38df4b388c4faa34e5ccbb1ddd8	None	?	cosmeticavatarsimages_assets_all.bundle
e5173e0981bce48c0af39bbc75cdb95c	None	?	cosmeticavatarsimages_assets_all.bundle
e5307c0e3ee9c4870997e73db5483908	None	?	cosmeticavatarsimages_assets_all.bundle
e54508c89a6af4c16b3d816f2d97be38	None	?	cosmeticavatarsimages_assets_all.bundle
e56f27fe90c33409abf416e9c87cb52f	None	?	cosmeticavatarsimages_assets_all.bundle
e6c333a137d474fa88b3f5111473bae0	None	?	cosmeticavatarsimages_assets_all.bundle
e718d6bddbc227543b1aca2ff9c1445f	None	?	cosmeticavatarsimages_assets_all.bundle
e72050ed2df0dc249a5b71ed763f0c44	None	?	cosmeticavatarsimages_assets_all.bundle
e839fa51a6f47458a9b9141a03ec1e8f	None	?	cosmeticavatarsimages_assets_all.bundle
e906b603647ac7d429265b356bb01d71	None	?	cosmeticavatarsimages_assets_all.bundle
e96ee179dff5b4cb8b370ad8a6775196	None	?	cosmeticavatarsimages_assets_all.bundle
ea0ff61d6217a0249b43267098c1c279	None	?	cosmeticavatarsimages_assets_all.bundle
eb92f2d37762d4f0f8ba4765d86e9519	None	?	cosmeticavatarsimages_assets_all.bundle
ec88087a307cbf344973328dd01a6929	None	?	cosmeticavatarsimages_assets_all.bundle
edbee66abedb97d4bb21d806ecb2be9e	None	?	cosmeticavatarsimages_assets_all.bundle
ee6e3ef17d6a4455ab7e08b9955450f1	None	?	cosmeticavatarsimages_assets_all.bundle
efa4a89eecf434af0aadd3a3a17e8d64	None	?	cosmeticavatarsimages_assets_all.bundle
f04be998bf5aa324fa287278139c562c	None	?	cosmeticavatarsimages_assets_all.bundle
f0b5db91d0e923a46a4a648e1bbe87bd	None	?	cosmeticavatarsimages_assets_all.bundle
f12b26d183c97465cbcd701143038116	None	?	cosmeticavatarsimages_assets_all.bundle
f15d8a8e58dfa4572a394efdac0ccb90	None	?	cosmeticavatarsimages_assets_all.bundle
f1e6b1e17ea3eca4286329365f892279	None	?	cosmeticavatarsimages_assets_all.bundle
f240c730a1ae9415d9bcf9180996254b	None	?	cosmeticavatarsimages_assets_all.bundle
f24e17c4be13a468ebb8f99d9a51f6ad	None	?	cosmeticavatarsimages_assets_all.bundle
f28cc93e2c29e7d43882ca78d2b0a05c	None	?	cosmeticavatarsimages_assets_all.bundle
f35ef8f24dcbaf14a93d79d56032788b	None	?	cosmeticavatarsimages_assets_all.bundle
f384d6d2af61148d4a0737fd6aa7b91f	None	?	cosmeticavatarsimages_assets_all.bundle
f3cbf976c4521435da2d361d540f2867	None	?	cosmeticavatarsimages_assets_all.bundle
f469bc31f6c2f44a496ef28ac6940e20	None	?	cosmeticavatarsimages_assets_all.bundle
f4ad5e18855f8483898f3b4cf14cdaab	None	?	cosmeticavatarsimages_assets_all.bundle
f55bd0a31b22b724cb89aeae01316ecc	None	?	cosmeticavatarsimages_assets_all.bundle
f5a70fa52a39447649f709e900fbc1d1	None	?	cosmeticavatarsimages_assets_all.bundle
f63ad17acc3024d6599aec1c5b8e522c	None	?	cosmeticavatarsimages_assets_all.bundle
f6638363e2fe04c5890a93f690903c2b	None	?	cosmeticavatarsimages_assets_all.bundle
f6b5886007edc40459f4a468e3acc5dd	None	?	cosmeticavatarsimages_assets_all.bundle
f722a2f5033fde34baefa65f62ec1b1a	None	?	cosmeticavatarsimages_assets_all.bundle
f7edcfad98578554eb69a0b38430534c	None	?	cosmeticavatarsimages_assets_all.bundle
f7fdc08e267ca477385036d2c6d97fd0	None	?	cosmeticavatarsimages_assets_all.bundle
f85105d97a7624d849b725f76abd1548	None	?	cosmeticavatarsimages_assets_all.bundle
f8ab0f717e9424c02b6a2f0eff765692	None	?	cosmeticavatarsimages_assets_all.bundle
f8cf28d3adacf31428fb9ec78ae5a2b8	None	?	cosmeticavatarsimages_assets_all.bundle
f924b3d88ce4744aaa2f953bb8b88184	None	?	cosmeticavatarsimages_assets_all.bundle
fab42347d06964e41925347b826600b0	None	?	cosmeticavatarsimages_assets_all.bundle
fb9db8589aca44bc69a42b81d5e8fa40	None	?	cosmeticavatarsimages_assets_all.bundle
fc77f068763e94ed78e1b292457a8428	None	?	cosmeticavatarsimages_assets_all.bundle
fcdac9bacd6164e3abd75cfba47ed9fb	None	?	cosmeticavatarsimages_assets_all.bundle
fe36f2ec4f2c64f9b886ffb8c1740eab	None	?	cosmeticavatarsimages_assets_all.bundle
fe6567d1d134c46bab22ccc581f0fd66	None	?	cosmeticavatarsimages_assets_all.bundle
0016dd01de6f24d4da830ac021d42242	None	?	cosmeticscardbacksimages_assets_all.bundle
003f36e15b53d4842972ec3d3c419d10	None	?	cosmeticscardbacksimages_assets_all.bundle
0074bc9698bd89d4fa429a323da50cf6	None	?	cosmeticscardbacksimages_assets_all.bundle
04eb792561bb0476694b7c15b7bc3d1f	None	?	cosmeticscardbacksimages_assets_all.bundle
056cf50e55fb74de6a178c93494789a6	None	?	cosmeticscardbacksimages_assets_all.bundle
059e9c425bea87a438e1dfa7b68f69d4	None	?	cosmeticscardbacksimages_assets_all.bundle
05ad70924cea542f3b84b565bdd42b87	None	?	cosmeticscardbacksimages_assets_all.bundle
0791502471ca6df4dbc095bce2f163dc	None	?	cosmeticscardbacksimages_assets_all.bundle
09584b975a80a4a3cbfd74f4b86e6f21	None	?	cosmeticscardbacksimages_assets_all.bundle
0a866dc29310f42449dc507996258a31	None	?	cosmeticscardbacksimages_assets_all.bundle
0b043047cb5aa4ecd94263728d65d56e	None	?	cosmeticscardbacksimages_assets_all.bundle
0ba8822286841472ba28dcded254f277	None	?	cosmeticscardbacksimages_assets_all.bundle
0cfcf13fbce3dd94fb1ba9a8b4aabd69	None	?	cosmeticscardbacksimages_assets_all.bundle
0e295ed1406734b4ab694f92d1d71fc2	None	?	cosmeticscardbacksimages_assets_all.bundle
0eef0fc8a70744762a2609f22518a891	None	?	cosmeticscardbacksimages_assets_all.bundle
1237a5991ad3268439a3f625ef585c87	None	?	cosmeticscardbacksimages_assets_all.bundle
13956f6fcc1a14e5195c9af6681cacd2	None	?	cosmeticscardbacksimages_assets_all.bundle
161e22742823f4989a7887e3d9c42b46	None	?	cosmeticscardbacksimages_assets_all.bundle
1638a559c45d54a57929356d5d5678f2	None	?	cosmeticscardbacksimages_assets_all.bundle
17aea8342a7c649648d8a7e4a94b1021	None	?	cosmeticscardbacksimages_assets_all.bundle
181a58c212ed4ce42a0c5e9d7ac57d1b	None	?	cosmeticscardbacksimages_assets_all.bundle
183005d0d2fa747569fb3d4078bb5637	None	?	cosmeticscardbacksimages_assets_all.bundle
19f12d8e426a146e8b72363053022923	None	?	cosmeticscardbacksimages_assets_all.bundle
1b476bf9617f4435cbc0e9ce465569e9	None	?	cosmeticscardbacksimages_assets_all.bundle
1df6a73f04023433c9752da501a61df6	None	?	cosmeticscardbacksimages_assets_all.bundle
2140323179c664e1784997639ceb96d6	None	?	cosmeticscardbacksimages_assets_all.bundle
2243908dcc5124e49b7e7e12281ed0e4	None	?	cosmeticscardbacksimages_assets_all.bundle
23c4178f8b0bd464784365bcde2d793c	None	?	cosmeticscardbacksimages_assets_all.bundle
2658ccf23e56346cf94bceab1e7187b5	None	?	cosmeticscardbacksimages_assets_all.bundle
272ae212ced67494eb6a57ecb173bffa	None	?	cosmeticscardbacksimages_assets_all.bundle
276b24357732d5f4f908d1ea3951a866	None	?	cosmeticscardbacksimages_assets_all.bundle
2871865f7db39874c83fc6fe0afb8ba5	None	?	cosmeticscardbacksimages_assets_all.bundle
2c5d451427c666e419e1c82490aab2bc	None	?	cosmeticscardbacksimages_assets_all.bundle
2cc38b25b97af4107b6c6988e77feefc	None	?	cosmeticscardbacksimages_assets_all.bundle
2d8cba5c38c53c94a9d583975d2d4259	None	?	cosmeticscardbacksimages_assets_all.bundle
2dc8e7cec26424755909ffb892d3e5c5	None	?	cosmeticscardbacksimages_assets_all.bundle
2e8ceb21129fa42159ca232a083c1ca4	None	?	cosmeticscardbacksimages_assets_all.bundle
2f261d307d80240fbbac44309073bb46	None	?	cosmeticscardbacksimages_assets_all.bundle
2f51f36c4e19a4d3a8b9c35092f085fc	None	?	cosmeticscardbacksimages_assets_all.bundle
2fffddde3a7e04fbc8240b612d20905f	None	?	cosmeticscardbacksimages_assets_all.bundle
308a412f118014371b2920b657548cb6	None	?	cosmeticscardbacksimages_assets_all.bundle
312b262b9aa4545eba470f715d43f415	None	?	cosmeticscardbacksimages_assets_all.bundle
3268036ac2bfe4bef9867ff7908c00a6	None	?	cosmeticscardbacksimages_assets_all.bundle
32acec062809544d18da31328e224bc0	None	?	cosmeticscardbacksimages_assets_all.bundle
32fececf2f2b24a829a8e31b01852007	None	?	cosmeticscardbacksimages_assets_all.bundle
33becc1a4d551c7478c8e44375b026e6	None	?	cosmeticscardbacksimages_assets_all.bundle
3421df6869c114e76ad42fbad20ac59d	None	?	cosmeticscardbacksimages_assets_all.bundle
366255de40fb54b45a9ba3a130763e08	None	?	cosmeticscardbacksimages_assets_all.bundle
3aaf4c9058a588c4997aae589cd04dcb	None	?	cosmeticscardbacksimages_assets_all.bundle
3d907e163153b42c6acd97e858377630	None	?	cosmeticscardbacksimages_assets_all.bundle
3ddde0cea92574d12afcb21ce0d617f3	None	?	cosmeticscardbacksimages_assets_all.bundle
3e2914393ad6b4e4fb9a7a952de7a880	None	?	cosmeticscardbacksimages_assets_all.bundle
40b4b592e99d54e8081a8d5c2890b30b	None	?	cosmeticscardbacksimages_assets_all.bundle
448fb9f9a637648ac83ccbf8f0ad18fe	None	?	cosmeticscardbacksimages_assets_all.bundle
4606d23eaedc04fc7b3b229f243d318e	None	?	cosmeticscardbacksimages_assets_all.bundle
462605a2e429c0c49b6a38abb9bef744	None	?	cosmeticscardbacksimages_assets_all.bundle
49e7e745189344febb0afdbfca0730bc	None	?	cosmeticscardbacksimages_assets_all.bundle
4c4c2163ffdfe4a1ca693e9343aa45eb	None	?	cosmeticscardbacksimages_assets_all.bundle
4d809767febde4caea37cd32120308e1	None	?	cosmeticscardbacksimages_assets_all.bundle
4df53a13524c04949ab5ab74b92ed84a	None	?	cosmeticscardbacksimages_assets_all.bundle
4e0569c3008484ec6ae5985235aeef6b	None	?	cosmeticscardbacksimages_assets_all.bundle
4e094b1d249eb492e87db3bd391d604f	None	?	cosmeticscardbacksimages_assets_all.bundle
4f4a99a42a15b468ba5a96a18d9f4270	None	?	cosmeticscardbacksimages_assets_all.bundle
4ff2d557d53af4a5590aa276450bdfec	None	?	cosmeticscardbacksimages_assets_all.bundle
50f0b713682894a2ca4ff9ea7f86a372	None	?	cosmeticscardbacksimages_assets_all.bundle
51881a588639f4ee9b3109e9ebb30d3c	None	?	cosmeticscardbacksimages_assets_all.bundle
537b6c6ce214f40dba38c623f9a9e736	None	?	cosmeticscardbacksimages_assets_all.bundle
538b801d40d114c0cb145affeeb7dd5e	None	?	cosmeticscardbacksimages_assets_all.bundle
55980dc0536844082834f2039e144c65	None	?	cosmeticscardbacksimages_assets_all.bundle
55ffec2e8184f4affbd7cd87c20b073a	None	?	cosmeticscardbacksimages_assets_all.bundle
56c82aec21377447a8ab9c515a6554e2	None	?	cosmeticscardbacksimages_assets_all.bundle
581e15a53fa0b4c64a0040221a4500da	None	?	cosmeticscardbacksimages_assets_all.bundle
587586a8a98794ef7aa87935a79b04aa	None	?	cosmeticscardbacksimages_assets_all.bundle
5a60a3700db2b4589ab6f56eff59540c	None	?	cosmeticscardbacksimages_assets_all.bundle
5ab46c61b586e43b3b56d08e11c8c21b	None	?	cosmeticscardbacksimages_assets_all.bundle
5bb9751ab52194221b87ebbf9ec27022	None	?	cosmeticscardbacksimages_assets_all.bundle
5bfaf6affd39b4b12987a6c32e01b65b	None	?	cosmeticscardbacksimages_assets_all.bundle
5c0989a5e91df4f1bbea0f0b095a7899	None	?	cosmeticscardbacksimages_assets_all.bundle
5c242060f0ac4474bbc8f53749f304aa	None	?	cosmeticscardbacksimages_assets_all.bundle
5dbcbebdf7d6246b8a0b3259c249b0b7	None	?	cosmeticscardbacksimages_assets_all.bundle
5e8088d945805404f91fda34bddcb3e5	None	?	cosmeticscardbacksimages_assets_all.bundle
5ea50494512874e46a620fa7f65060d5	None	?	cosmeticscardbacksimages_assets_all.bundle
5f60c8594b85df34584e53f529aa83ba	None	?	cosmeticscardbacksimages_assets_all.bundle
6094916f3ef0f4812870d49867217c9a	None	?	cosmeticscardbacksimages_assets_all.bundle
62a9c98a6508044eeb17698fa2d9102b	None	?	cosmeticscardbacksimages_assets_all.bundle
6331e769434554c08ac5bc561be5473a	None	?	cosmeticscardbacksimages_assets_all.bundle
63b449536aa594203897efe58dc75ea8	None	?	cosmeticscardbacksimages_assets_all.bundle
64bad8e3a2b55489ba149e45bf0f63cd	None	?	cosmeticscardbacksimages_assets_all.bundle
64c93e44017a149f08493810ef1b1269	None	?	cosmeticscardbacksimages_assets_all.bundle
65df8d479fa334f75ab9122cad58c162	None	?	cosmeticscardbacksimages_assets_all.bundle
672452fe2c5744b74ab90b746871fefd	None	?	cosmeticscardbacksimages_assets_all.bundle
67fb86e1e6c484552971fbf9c6ffa6c7	None	?	cosmeticscardbacksimages_assets_all.bundle
6980d008764844b878a378cdf30ff71c	None	?	cosmeticscardbacksimages_assets_all.bundle
69f9f1e62fcd347779043d9f71521b9f	None	?	cosmeticscardbacksimages_assets_all.bundle
6a7614f83af6f6e45b55f5df6d55a351	None	?	cosmeticscardbacksimages_assets_all.bundle
6adbedb137dc045db9a5cfb1a67317c2	None	?	cosmeticscardbacksimages_assets_all.bundle
6b0ca040f20d642968e62e096f07b98c	None	?	cosmeticscardbacksimages_assets_all.bundle
6f0c184f2c71c44e1a88f689df697d23	None	?	cosmeticscardbacksimages_assets_all.bundle
6f8c16e537115b143a3e75d2d2f918d4	None	?	cosmeticscardbacksimages_assets_all.bundle
717afbb7f7a6a4080b4670c1bd4b5a24	None	?	cosmeticscardbacksimages_assets_all.bundle
724ec51ab408141479031d776f5bce36	None	?	cosmeticscardbacksimages_assets_all.bundle
72631f7d0ff004a258fca8cdcc4df9c1	None	?	cosmeticscardbacksimages_assets_all.bundle
72686656db02148a6b631072d8102e81	None	?	cosmeticscardbacksimages_assets_all.bundle
7324a7a5d794b453eaab5b145d7d9b38	None	?	cosmeticscardbacksimages_assets_all.bundle
7530059da889c134889cd5e19300c48d	None	?	cosmeticscardbacksimages_assets_all.bundle
7649dcded05e244618031fb173dd172a	None	?	cosmeticscardbacksimages_assets_all.bundle
774f3181aacd7485eaa5ffc9c970fe66	None	?	cosmeticscardbacksimages_assets_all.bundle
78d36f717fe3c9c4caa470b03a2c304e	None	?	cosmeticscardbacksimages_assets_all.bundle
798910253544242c495e4f81443e1114	None	?	cosmeticscardbacksimages_assets_all.bundle
79fa385f4414643a2927d450919fc788	None	?	cosmeticscardbacksimages_assets_all.bundle
7aae1d3d1d168425287acbeab4077441	None	?	cosmeticscardbacksimages_assets_all.bundle
7b7cf601e78c2467d832f0a51d3220eb	None	?	cosmeticscardbacksimages_assets_all.bundle
7c4981b2f8915d34cad426d38b899aff	None	?	cosmeticscardbacksimages_assets_all.bundle
7ca356c5d77554200b5d3d242b2f21e0	None	?	cosmeticscardbacksimages_assets_all.bundle
7cc2c9a8acf7044c0816cae61955e51d	None	?	cosmeticscardbacksimages_assets_all.bundle
804348ccd84b847a6a378db6a949b966	None	?	cosmeticscardbacksimages_assets_all.bundle
804808fed67df57478a6efafbc19b45f	None	?	cosmeticscardbacksimages_assets_all.bundle
80bc63f1c75744576823ae9af1d39104	None	?	cosmeticscardbacksimages_assets_all.bundle
82f93783b92bcc440b4a3503d2335b74	None	?	cosmeticscardbacksimages_assets_all.bundle
8311d91a2ce6d48fd99fe46ebb458bda	None	?	cosmeticscardbacksimages_assets_all.bundle
850d9ac8fb896094d9ffb991c91f278c	None	?	cosmeticscardbacksimages_assets_all.bundle
85762624f6c0f9d44a4c5a26b83a2fbf	None	?	cosmeticscardbacksimages_assets_all.bundle
85952ef325fbd4a629e39322b1e11679	None	?	cosmeticscardbacksimages_assets_all.bundle
86be02d4aaef9c14c96c27104b76d139	None	?	cosmeticscardbacksimages_assets_all.bundle
871ecf0313abb7c4ea8d63e607de0232	None	?	cosmeticscardbacksimages_assets_all.bundle
883a55b48893e4449afa0fe7ae79edf7	None	?	cosmeticscardbacksimages_assets_all.bundle
893adf735fd3b37458b599a65c2839ea	None	?	cosmeticscardbacksimages_assets_all.bundle
8aa8aceccfb334ea6bae3c539b5ca131	None	?	cosmeticscardbacksimages_assets_all.bundle
8b1a1db83bfcf80469fa64b67789ab68	None	?	cosmeticscardbacksimages_assets_all.bundle
8b29d4360e811234680902ac0cb9218f	None	?	cosmeticscardbacksimages_assets_all.bundle
8bcd7cc216e574c0d80a220166d79e24	None	?	cosmeticscardbacksimages_assets_all.bundle
8ceedf0c231de4eafa3c388e89e89c3a	None	?	cosmeticscardbacksimages_assets_all.bundle
8f05d445eb0e345d4b5f401f0563ab35	None	?	cosmeticscardbacksimages_assets_all.bundle
901e3bed60101ee449444f3e1616ac57	None	?	cosmeticscardbacksimages_assets_all.bundle
943e09e44991a43bb80b86e29ba4946d	None	?	cosmeticscardbacksimages_assets_all.bundle
9725810f2fac94182805c26fb9ea1537	None	?	cosmeticscardbacksimages_assets_all.bundle
97d2bead6fc134b15a832c122a7e7273	None	?	cosmeticscardbacksimages_assets_all.bundle
97f6061c7a73e4c7fac4e2fedb572aa1	None	?	cosmeticscardbacksimages_assets_all.bundle
99dbc4dcb0c964357b382775717d5792	None	?	cosmeticscardbacksimages_assets_all.bundle
9cb347f21ee711b49a07d1a54dec0df3	None	?	cosmeticscardbacksimages_assets_all.bundle
9e4e889dc8e26426694c9dc53203f87e	None	?	cosmeticscardbacksimages_assets_all.bundle
9e54e9824fc2c4b1cac0c1681b074274	None	?	cosmeticscardbacksimages_assets_all.bundle
a1f6cae8752e248fe99679a28a2b234d	None	?	cosmeticscardbacksimages_assets_all.bundle
a2b9bdf3a83fc450bb508d1871e79f84	None	?	cosmeticscardbacksimages_assets_all.bundle
a744b6bc127694271b1331163395922d	None	?	cosmeticscardbacksimages_assets_all.bundle
a7c6458dea794be449e5719bd0ac6e59	None	?	cosmeticscardbacksimages_assets_all.bundle
a7f4fa2056f745946874a65d0dbd9423	None	?	cosmeticscardbacksimages_assets_all.bundle
a9dafa1deeaffed4e8ee774050521f03	None	?	cosmeticscardbacksimages_assets_all.bundle
ab1778895f31a2947890b556211cf9e7	None	?	cosmeticscardbacksimages_assets_all.bundle
ac1b79c6462204cdbab7327e361d1b2b	None	?	cosmeticscardbacksimages_assets_all.bundle
acdf1539418a248b7a173768d0f5c4cd	None	?	cosmeticscardbacksimages_assets_all.bundle
ad5768da3996c4ba28900ed4beda2def	None	?	cosmeticscardbacksimages_assets_all.bundle
ae8105ec2c4eaca46a73eeb842386448	None	?	cosmeticscardbacksimages_assets_all.bundle
af70a8c09e2a34cf99a76fe3911d55ab	None	?	cosmeticscardbacksimages_assets_all.bundle
b2cf1a077b2a14b6ca65bf6f25e086d6	None	?	cosmeticscardbacksimages_assets_all.bundle
b32a308b7acbc40cea2e7368760f97ce	None	?	cosmeticscardbacksimages_assets_all.bundle
b39ccc1f76c804bab9e6de4ab6f42c7f	None	?	cosmeticscardbacksimages_assets_all.bundle
b472e8a156738461fae3ce0786797878	None	?	cosmeticscardbacksimages_assets_all.bundle
b4d73dc189f124fd4990ee0ff23a5ad3	None	?	cosmeticscardbacksimages_assets_all.bundle
b77a77f9874d44530afa6e5c159281cc	None	?	cosmeticscardbacksimages_assets_all.bundle
b87ef3e9f1e19d842bdd07b142bbebfe	None	?	cosmeticscardbacksimages_assets_all.bundle
bb202605f69b4425cbbd1d10327d9b50	None	?	cosmeticscardbacksimages_assets_all.bundle
bb5c4494dfb37457bbdd1d30d7521a49	None	?	cosmeticscardbacksimages_assets_all.bundle
bba058cd9bf5e444c9751bf7d42924cf	None	?	cosmeticscardbacksimages_assets_all.bundle
bbc193f6bab9f49469aaf25ee6a87891	None	?	cosmeticscardbacksimages_assets_all.bundle
c60924a467b6d41a2ac5dd253aafd41c	None	?	cosmeticscardbacksimages_assets_all.bundle
c94367b0a5b19274fb3d1a94753ae079	None	?	cosmeticscardbacksimages_assets_all.bundle
cb5ffa841d5a640658dd0d6331f559cd	None	?	cosmeticscardbacksimages_assets_all.bundle
cc935059675c546e6a0391104fa60e3a	None	?	cosmeticscardbacksimages_assets_all.bundle
cd7057254e88ba348b06c455a343599d	None	?	cosmeticscardbacksimages_assets_all.bundle
cd816abc031e94e0fbd61c892eee2797	None	?	cosmeticscardbacksimages_assets_all.bundle
ce0fe5c27a965403cbf51b722a254c09	None	?	cosmeticscardbacksimages_assets_all.bundle
cef5623e2eda44560b0bf26e6f48f69d	None	?	cosmeticscardbacksimages_assets_all.bundle
cf1e3f4155d72084497519f4423c3713	None	?	cosmeticscardbacksimages_assets_all.bundle
cf4937237f1964b1b9630e84eef66ad5	None	?	cosmeticscardbacksimages_assets_all.bundle
d0784bd26cd774417b5b81acf64e5da9	None	?	cosmeticscardbacksimages_assets_all.bundle
d177216e4efa44b86a06d0e4e743271f	None	?	cosmeticscardbacksimages_assets_all.bundle
d2629229a2c784836a24ca82991fccf9	None	?	cosmeticscardbacksimages_assets_all.bundle
d29b5c51581c10249870385b5149e44d	None	?	cosmeticscardbacksimages_assets_all.bundle
d2f7e27bc4f204be590f5aaabda92799	None	?	cosmeticscardbacksimages_assets_all.bundle
d347362feacca4b22b64910439a5e2a5	None	?	cosmeticscardbacksimages_assets_all.bundle
d36385822ad4a394eb41a09d4ac7b8ed	None	?	cosmeticscardbacksimages_assets_all.bundle
d38c197cbc86548899dfe4a21e983f5a	None	?	cosmeticscardbacksimages_assets_all.bundle
d3d2afd70bf264b4482489434612c604	None	?	cosmeticscardbacksimages_assets_all.bundle
d5bc53b4cca2141b696c0c2898f75b7b	None	?	cosmeticscardbacksimages_assets_all.bundle
d686000a457e44a00b807ccc29c3e8e5	None	?	cosmeticscardbacksimages_assets_all.bundle
d895089b6201be94eb144fee5d8ef1b2	None	?	cosmeticscardbacksimages_assets_all.bundle
d89efc40de81d403cbb117ec087ffa5c	None	?	cosmeticscardbacksimages_assets_all.bundle
d928d96d43956483e9d1f76351303b24	None	?	cosmeticscardbacksimages_assets_all.bundle
da386f57eeef2443ba5f87d521bd048e	None	?	cosmeticscardbacksimages_assets_all.bundle
dc1126b02eba4fd42951df4f4030faac	None	?	cosmeticscardbacksimages_assets_all.bundle
dc6ad490f17c143d68d2816ce694aa17	None	?	cosmeticscardbacksimages_assets_all.bundle
dd4d6fa1114c549609fcd55e0888868b	None	?	cosmeticscardbacksimages_assets_all.bundle
ddf5569e276334c4c9cf91710122cfd9	None	?	cosmeticscardbacksimages_assets_all.bundle
df9c9b879a7ac384a8143c84deba850a	None	?	cosmeticscardbacksimages_assets_all.bundle
dfbc24cc77bd8471eb10e3b12725e84d	None	?	cosmeticscardbacksimages_assets_all.bundle
e03dc3e3ed35b554a81a326d577d75b1	None	?	cosmeticscardbacksimages_assets_all.bundle
e052742d193a14a1fbd02404fbd12f79	None	?	cosmeticscardbacksimages_assets_all.bundle
e0ce81546bdb644c588f405cfe27d5c6	None	?	cosmeticscardbacksimages_assets_all.bundle
e15ca5c61925d4314b8073c228e3dcbe	None	?	cosmeticscardbacksimages_assets_all.bundle
e1c0bd7ed585a4dedbdea706a600aac9	None	?	cosmeticscardbacksimages_assets_all.bundle
e2ed4710841484d42a8ca51e6379ac84	None	?	cosmeticscardbacksimages_assets_all.bundle
e3a6eea27692e44d1843f446a82f8342	None	?	cosmeticscardbacksimages_assets_all.bundle
e3fd5f89f589a461980c0d4c3526865d	None	?	cosmeticscardbacksimages_assets_all.bundle
e47dfce013bce46a4b5ef3349c38b966	None	?	cosmeticscardbacksimages_assets_all.bundle
e548f0baccf904a86ad141e3e651a0ea	None	?	cosmeticscardbacksimages_assets_all.bundle
e94e8d231fbe1d9469407d55834ee0df	None	?	cosmeticscardbacksimages_assets_all.bundle
e96bd804e2f2b425387d1e61f31b2edd	None	?	cosmeticscardbacksimages_assets_all.bundle
e9c726ff3f671465e897978f34a4e511	None	?	cosmeticscardbacksimages_assets_all.bundle
ea0e95da4bb2ddf4d8812b0f59df6282	None	?	cosmeticscardbacksimages_assets_all.bundle
ea0f631e74f484a37aa039cbc9a60d1e	None	?	cosmeticscardbacksimages_assets_all.bundle
ea3fb2b675659465796497b42076aaab	None	?	cosmeticscardbacksimages_assets_all.bundle
edad0fd9529a34aaf8e79d2381453d06	None	?	cosmeticscardbacksimages_assets_all.bundle
ee90abc10b42549a8acbd586f8a1ce2b	None	?	cosmeticscardbacksimages_assets_all.bundle
ee90d4cf80306cf43b6c95885746fc48	None	?	cosmeticscardbacksimages_assets_all.bundle
eeafb9a91aa377744b75de24444bb048	None	?	cosmeticscardbacksimages_assets_all.bundle
ef37e5cd9e89d4106a7a5922e2fc00aa	None	?	cosmeticscardbacksimages_assets_all.bundle
efb0259163128224394db401cbb9aa91	None	?	cosmeticscardbacksimages_assets_all.bundle
f146131aee754492db7020515f52f70d	None	?	cosmeticscardbacksimages_assets_all.bundle
f1c94640b710a4468b6d1916261e37f3	None	?	cosmeticscardbacksimages_assets_all.bundle
f2a3c6a00edbc4457956243b97951dea	None	?	cosmeticscardbacksimages_assets_all.bundle
f42658a348b0f4a429c55e7261c6d214	None	?	cosmeticscardbacksimages_assets_all.bundle
f46b5bd0f0e92004a809cfa497a2ee5b	None	?	cosmeticscardbacksimages_assets_all.bundle
f487d0c580fa94e9c964b191f5fa2b29	None	?	cosmeticscardbacksimages_assets_all.bundle
f75293724339344249ed8415a7496eb1	None	?	cosmeticscardbacksimages_assets_all.bundle
f782e590bb2704b859c116d8ccade661	None	?	cosmeticscardbacksimages_assets_all.bundle
f8466b3f7e2134bd69e22953258d5ba7	None	?	cosmeticscardbacksimages_assets_all.bundle
f92762c2a59664c86a08b35f79b02946	None	?	cosmeticscardbacksimages_assets_all.bundle
fa1b4c15f7e2c46f8b1a29404cdd3340	None	?	cosmeticscardbacksimages_assets_all.bundle
fc34e6dde7ecf8f4f9acd0f2a952cd61	None	?	cosmeticscardbacksimages_assets_all.bundle
fcb31093dd2904c84b8a248ac3ce5916	None	?	cosmeticscardbacksimages_assets_all.bundle
fdced4112c5254cc49982bab4e89790c	None	?	cosmeticscardbacksimages_assets_all.bundle
feaa21fd6239b8749abc8566b5a40f60	None	?	cosmeticscardbacksimages_assets_all.bundle
000b89d9daa95814994a7f19fd20cbf6	None	?	cosmeticsso_assets_all.bundle
000c5ca8d92d545b6ba654babf4cf18d	None	?	cosmeticsso_assets_all.bundle
0015a4ba9f2e48c418569fda5d3c8107	None	?	cosmeticsso_assets_all.bundle
00346e3d75a0542caad6ce7c2e39cbad	None	?	cosmeticsso_assets_all.bundle
01000709b7caec84fb28eb75b6a0d5bf	None	?	cosmeticsso_assets_all.bundle
012c51263076e41edb5b5cc0c7fbc45d	None	?	cosmeticsso_assets_all.bundle
01544685e30e1404f848876965c9f238	None	?	cosmeticsso_assets_all.bundle
0158d27904c9f44ca8fe215d7eab5ba0	None	?	cosmeticsso_assets_all.bundle
0159dae8f0883445d91630ab3df02d53	None	?	cosmeticsso_assets_all.bundle
0193b1036528048b2900bfebdfecf4b1	None	?	cosmeticsso_assets_all.bundle
01e839da270598e43b7e56c7b2996c19	None	?	cosmeticsso_assets_all.bundle
025b325b599140545881b3552164e345	None	?	cosmeticsso_assets_all.bundle
027b1037fff3847148c7b5eec19d71a2	None	?	cosmeticsso_assets_all.bundle
032007a44b0a8bc4eb7469b1fec81cb8	None	?	cosmeticsso_assets_all.bundle
03297b907d9ad4e2d92c666c1b7e065f	None	?	cosmeticsso_assets_all.bundle
03576704f49d2304d89187e7487e9b1c	None	?	cosmeticsso_assets_all.bundle
036dd8ed604a741218e900b7d58c19aa	None	?	cosmeticsso_assets_all.bundle
03b783eb17b720049a6599a8eed2414f	None	?	cosmeticsso_assets_all.bundle
049d312fde2e7464d9e4eb533bfdc894	None	?	cosmeticsso_assets_all.bundle
051fe6ddc11e74b44890f8d8b989adb7	None	?	cosmeticsso_assets_all.bundle
05929814433394f519d7afbc1d8a3b71	None	?	cosmeticsso_assets_all.bundle
05cff4d162228b44984834585c634d13	None	?	cosmeticsso_assets_all.bundle
05ff1667607d6441cbd4b7e2109a1df3	None	?	cosmeticsso_assets_all.bundle
06312e5a2568ccb40b104fee4b64f5e7	None	?	cosmeticsso_assets_all.bundle
06f1523c7404049838b89650a39ff6ee	None	?	cosmeticsso_assets_all.bundle
071ebaebfbf2a4f72ad929938be6f83a	None	?	cosmeticsso_assets_all.bundle
078779a877a054c86af629c673e58bda	None	?	cosmeticsso_assets_all.bundle
07b44a359d4e74a87aa0ba04070c4079	None	?	cosmeticsso_assets_all.bundle
07c7f661e93a13148903bdac8d9d22d5	None	?	cosmeticsso_assets_all.bundle
07cc5120b8f2dc44e9a5a9ada343646c	None	?	cosmeticsso_assets_all.bundle
082f772e4b9f5a34a869c9570669da2e	None	?	cosmeticsso_assets_all.bundle
0834f36ddcb51844bae1e3a11bf0afc1	None	?	cosmeticsso_assets_all.bundle
08ac719648c61441eae5a2be813bf526	None	?	cosmeticsso_assets_all.bundle
08d0303c43f6ddb4c94011f9f57d62d3	None	?	cosmeticsso_assets_all.bundle
08d458ae7e6754cbbb02d2f31127a24f	None	?	cosmeticsso_assets_all.bundle
092d69aa3a6d04a1badaf586eea7f5f9	None	?	cosmeticsso_assets_all.bundle
0931ea9f23b514e4e842ebf74b579bbe	None	?	cosmeticsso_assets_all.bundle
093d58e8cc8be4081ae247f5c6c145eb	None	?	cosmeticsso_assets_all.bundle
09e4d2d95d0b64b38b0a0b3e5c102d43	None	?	cosmeticsso_assets_all.bundle
0a07f1988fe732a44abdf959d7197097	None	?	cosmeticsso_assets_all.bundle
0a4f88aa6f198449fa0ed0531514909a	None	?	cosmeticsso_assets_all.bundle
0a6111c79b4e36e4b81052d417d42b5f	None	?	cosmeticsso_assets_all.bundle
0a8727f238aa9a646a531aa7433bff3c	None	?	cosmeticsso_assets_all.bundle
0a8d7448812b7fa4d8c5607eb6c4d95c	None	?	cosmeticsso_assets_all.bundle
0b332728e448d614b9381f085e3c5e6c	None	?	cosmeticsso_assets_all.bundle
0b417a7101a7ec2468bde7734553d20e	None	?	cosmeticsso_assets_all.bundle
0b424678b13d5d946b9a96e6ed5d819f	None	?	cosmeticsso_assets_all.bundle
0b806b6bf65814affa8f5ec36c13b559	None	?	cosmeticsso_assets_all.bundle
0ba036268515f4eac8d8de6a7e034353	None	?	cosmeticsso_assets_all.bundle
0c1a678fd386f449db1c0015a171a773	None	?	cosmeticsso_assets_all.bundle
0c3168615ceea4cf6aefe4e01f2af4a7	None	?	cosmeticsso_assets_all.bundle
0c5870ff2bb304ec5a55a808764ea07d	None	?	cosmeticsso_assets_all.bundle
0c75cd9914102480fa04a761e2d3baef	None	?	cosmeticsso_assets_all.bundle
0c990bad250134a3e8ecab01a3edf14a	None	?	cosmeticsso_assets_all.bundle
0cc11a1b1036b4742af114d404eacbb7	None	?	cosmeticsso_assets_all.bundle
0cdde3949a9d146ab9ed6b40acc59ba8	None	?	cosmeticsso_assets_all.bundle
0d43d2edce4214022ac9022f9a645523	None	?	cosmeticsso_assets_all.bundle
0d4fc5c19b40e477097971567fb28090	None	?	cosmeticsso_assets_all.bundle
0d676937601397147aa469b25bb774f3	None	?	cosmeticsso_assets_all.bundle
0e403fdff06e0024092b4370a995f13e	None	?	cosmeticsso_assets_all.bundle
0e4b9e2fca135fc45952e68822b243d5	None	?	cosmeticsso_assets_all.bundle
0e4d4f1e4321c4504a8f9222f0e16c85	None	?	cosmeticsso_assets_all.bundle
0ec406431d8614a81ab287439e991e78	None	?	cosmeticsso_assets_all.bundle
0f07d03f39c7bc44d9844d2f082ed363	None	?	cosmeticsso_assets_all.bundle
0f0d4e999f4fb42378296907ba44dd9d	None	?	cosmeticsso_assets_all.bundle
0f70f5e302cb9495c871f5fba84db0d0	None	?	cosmeticsso_assets_all.bundle
102b9cf81de79a04fb0eb85425208c03	None	?	cosmeticsso_assets_all.bundle
10a1e3f4c77c0491196b655ad4d7d72d	None	?	cosmeticsso_assets_all.bundle
10aa4a5f577a64c48a8d829d9f9b4f03	None	?	cosmeticsso_assets_all.bundle
10f38b250c3fc8347ba9581a2b5af4bb	None	?	cosmeticsso_assets_all.bundle
112ff27688d4a432c8222fcff938ac88	None	?	cosmeticsso_assets_all.bundle
1139f7d00d2f74f20aa254afa1b54335	None	?	cosmeticsso_assets_all.bundle
117beab6763674f9ead7e042ab5c197f	None	?	cosmeticsso_assets_all.bundle
1187647799c51404a9fe1f816eebd16b	None	?	cosmeticsso_assets_all.bundle
11b078a9e1d694a14bb38395f7683f8f	None	?	cosmeticsso_assets_all.bundle
11bf3696291d445da9a8e837e4c26924	None	?	cosmeticsso_assets_all.bundle
11c7825d760a549b1a77afa2cf5b22c0	None	?	cosmeticsso_assets_all.bundle
11edba5fb99fc4c93b6d3abdde23dd4b	None	?	cosmeticsso_assets_all.bundle
12057268080cc491fb18efc642b8c641	None	?	cosmeticsso_assets_all.bundle
120c6d71dc862e245b7f73c438bc32c6	None	?	cosmeticsso_assets_all.bundle
122dfb3eeed2f4fadb7e1a9f45a2cce6	None	?	cosmeticsso_assets_all.bundle
124ab4e663a6caf43a3a33e2f916a11e	None	?	cosmeticsso_assets_all.bundle
1260556fd2f4f3643ab319358cf04d7d	None	?	cosmeticsso_assets_all.bundle
12b156e57ecabd545b2bab2a5375d87e	None	?	cosmeticsso_assets_all.bundle
135c9e317659102448957e560a057a1a	None	?	cosmeticsso_assets_all.bundle
13876e78f1210534cb709ba66b4eeb9f	None	?	cosmeticsso_assets_all.bundle
13ab21e878b1cf144a9de98394547eea	None	?	cosmeticsso_assets_all.bundle
13abdd4229f9a0e409bad16e9185c40b	None	?	cosmeticsso_assets_all.bundle
13bf8314f03e2e24eb8d9a3815df07b0	None	?	cosmeticsso_assets_all.bundle
13d8ee50bc7804abe95e31d343d10568	None	?	cosmeticsso_assets_all.bundle
13e382c0df33453439d14804042ca9ba	None	?	cosmeticsso_assets_all.bundle
14eb655dd2c264a7b867d3eab909ba15	None	?	cosmeticsso_assets_all.bundle
14ed00b5a32dd9b44a3c5c5495a15d1e	None	?	cosmeticsso_assets_all.bundle
14fcd1a6e4f5edd4db9c0ea9880d9d73	None	?	cosmeticsso_assets_all.bundle
1512bb5fad44e9b439b72b40dcccfbb7	None	?	cosmeticsso_assets_all.bundle
157ce8648a96841d58c11db83f27c935	None	?	cosmeticsso_assets_all.bundle
15a676377e07f426abbc82a347e2384f	None	?	cosmeticsso_assets_all.bundle
15c58fe5574ac5949ba6ac20802741c5	None	?	cosmeticsso_assets_all.bundle
15c89bb13de02fd429dfca9d08847cda	None	?	cosmeticsso_assets_all.bundle
15d1c3aaf156a4496965bbf4b18aaaa3	None	?	cosmeticsso_assets_all.bundle
15d8726cf9515574c97298c7009358e6	None	?	cosmeticsso_assets_all.bundle
15e5068f3d2902e42830a0d573bc8802	None	?	cosmeticsso_assets_all.bundle
16a0b7caac016419b8e885518b972495	None	?	cosmeticsso_assets_all.bundle
16a5cb02ed53b434f90f8721b2e1305d	None	?	cosmeticsso_assets_all.bundle
173bc871641b55c4c8a9d0e97ab57a15	None	?	cosmeticsso_assets_all.bundle
1761c5be21a3649b19262497b397e25e	None	?	cosmeticsso_assets_all.bundle
17ccafe3a56754030aca5426c06b9d04	None	?	cosmeticsso_assets_all.bundle
17e4b010c90e0f84a8e0065b82f11d4f	None	?	cosmeticsso_assets_all.bundle
1812f86d2ad49b148a67a4d4c7843c4f	None	?	cosmeticsso_assets_all.bundle
1828d1ad161be4b2ca457e88e48aa86c	None	?	cosmeticsso_assets_all.bundle
18378d932b9c0eb448ee15717b5abb6c	None	?	cosmeticsso_assets_all.bundle
18ab93a4b75e85b43ab623a1ad26181c	None	?	cosmeticsso_assets_all.bundle
18bb45119463c427988a6eea618a57ed	None	?	cosmeticsso_assets_all.bundle
18d446d967f814ed6847ac6d3269435d	None	?	cosmeticsso_assets_all.bundle
18e065bdb18c44193b3658bb65b1335c	None	?	cosmeticsso_assets_all.bundle
1944d5c7cd1e14dfdbb614ecccfe7007	None	?	cosmeticsso_assets_all.bundle
194a7f803c59e82408be21fe83868d8d	None	?	cosmeticsso_assets_all.bundle
1998a43474b9b4f1db66385ef56ae54c	None	?	cosmeticsso_assets_all.bundle
19f7e78c8012a4f30b89fd2336bff735	None	?	cosmeticsso_assets_all.bundle
1a034a1aa10f74019a0c0b093666a66c	None	?	cosmeticsso_assets_all.bundle
1a1669afee9724436893d3f3d50cc1a0	None	?	cosmeticsso_assets_all.bundle
1ad1c92a7796d479cb58965b254b7afd	None	?	cosmeticsso_assets_all.bundle
1b10cb57f26247c4faa50dc668de0282	None	?	cosmeticsso_assets_all.bundle
1b17ff491a24f0b459dcfe40666cefe9	None	?	cosmeticsso_assets_all.bundle
1b6d5ee54b7bc419bb6aceaeff3151f1	None	?	cosmeticsso_assets_all.bundle
1b81ff7e691004e33bb6a2c04356e73f	None	?	cosmeticsso_assets_all.bundle
1ba03ec5b291bd747a35ee06e0dd4192	None	?	cosmeticsso_assets_all.bundle
1bb29cad5ab4116478bfd987f9b4b74c	None	?	cosmeticsso_assets_all.bundle
1c4e821819f822340b61e4ed657de3a1	None	?	cosmeticsso_assets_all.bundle
1cabcb77bf7f72b4ba70bb5d39bc84d2	None	?	cosmeticsso_assets_all.bundle
1cabefc498a3317448f12a9a426164ee	None	?	cosmeticsso_assets_all.bundle
1cc862adb1ca94fb29e84805895cfa8a	None	?	cosmeticsso_assets_all.bundle
1d0e463aa4fbd104da721d83424d7997	None	?	cosmeticsso_assets_all.bundle
1d2e2245acbe6467dac1bb31a67b758b	None	?	cosmeticsso_assets_all.bundle
1dae9a1810c62411fbe4df91866e553b	None	?	cosmeticsso_assets_all.bundle
1db5024bdaead9140ae557cca01c0b47	None	?	cosmeticsso_assets_all.bundle
1e37d0badcd16ad44940faf16479911e	None	?	cosmeticsso_assets_all.bundle
1e6c1cb8bc5eda94da76f1cddadc2834	None	?	cosmeticsso_assets_all.bundle
1e992d7d59cd5b240933eceedf0ea13b	None	?	cosmeticsso_assets_all.bundle
1ef1de47894b85446b0893497db6884b	None	?	cosmeticsso_assets_all.bundle
1f039aef5419f5a48b6f04427fa9a2f8	None	?	cosmeticsso_assets_all.bundle
1f0896dd7b83642b6869cd3a8d0646fd	None	?	cosmeticsso_assets_all.bundle
1f3fe40846e954639a5913044dcda780	None	?	cosmeticsso_assets_all.bundle
1f402a9fc639d4f04a3d2a02bed68335	None	?	cosmeticsso_assets_all.bundle
1f4b7757ed2acf14b9fe05a05527be0c	None	?	cosmeticsso_assets_all.bundle
1f6cd29e489414b92a3a21d6a94fb1ad	None	?	cosmeticsso_assets_all.bundle
1f7afdd96ca8ee74887ba6e55a0be270	None	?	cosmeticsso_assets_all.bundle
1f8e6335dfca7dc4898fdab021496ba6	None	?	cosmeticsso_assets_all.bundle
1fb704530f7ed4a1a8067214763401a2	None	?	cosmeticsso_assets_all.bundle
1fc45f714f9b56b4aad0d1375c6d56ec	None	?	cosmeticsso_assets_all.bundle
1fe974ebd5eb64a3fb33f2ab27805d8d	None	?	cosmeticsso_assets_all.bundle
2043c75840e7c405fa690ec85a9ab5b4	None	?	cosmeticsso_assets_all.bundle
2050441792bdcb340b50919209e70819	None	?	cosmeticsso_assets_all.bundle
205885ae238b8214294b146eebb9fdef	None	?	cosmeticsso_assets_all.bundle
20b8d9bd938ca416e9be525def18787c	None	?	cosmeticsso_assets_all.bundle
214575caf49da4d58aa0cca7249e0ba2	None	?	cosmeticsso_assets_all.bundle
2198743b91a3ca54d8bea31889c3f03d	None	?	cosmeticsso_assets_all.bundle
21c37b6fc85354355a0fbe95a3580763	None	?	cosmeticsso_assets_all.bundle
222539d620039344899d9f901949b5b2	None	?	cosmeticsso_assets_all.bundle
224a233a92b691d4c8f51bd7d4e6143f	None	?	cosmeticsso_assets_all.bundle
225390028fe16d24d8f606deef295382	None	?	cosmeticsso_assets_all.bundle
2263df59837dc4e27b34a1a69ab3d9af	None	?	cosmeticsso_assets_all.bundle
2270b106eb7a6452482f2d3b3c08b3a9	None	?	cosmeticsso_assets_all.bundle
22b602ba4bdcf476ebee0d441e80ac0c	None	?	cosmeticsso_assets_all.bundle
22c20955a3bbeb34488204d4bdf1b497	None	?	cosmeticsso_assets_all.bundle
231254b461c724fecafcdc867ee73139	None	?	cosmeticsso_assets_all.bundle
234c71305e0534ba88b1c80089427cc4	None	?	cosmeticsso_assets_all.bundle
23b9e4074a97343548c2cb99f5a42345	None	?	cosmeticsso_assets_all.bundle
23cb59beb880949739f346bfed0d8e27	None	?	cosmeticsso_assets_all.bundle
23e9d3116ddd8a74497f1e03c8f6a705	None	?	cosmeticsso_assets_all.bundle
2482e8f24d09de84c82af33e39886917	None	?	cosmeticsso_assets_all.bundle
24c65f610914d224b8a0b860b3d14488	None	?	cosmeticsso_assets_all.bundle
25ae519cac2f51349b58322751e99ef4	None	?	cosmeticsso_assets_all.bundle
25ebe59609d2145e89f11d227cecd025	None	?	cosmeticsso_assets_all.bundle
261afb9cd12840544a2d33e9b9c09524	None	?	cosmeticsso_assets_all.bundle
263bad68f38fa494d9fd514ec627c507	None	?	cosmeticsso_assets_all.bundle
2675ddb351717da4881bef5d2df60513	None	?	cosmeticsso_assets_all.bundle
26c464060215e4924ae0997f5df0db08	None	?	cosmeticsso_assets_all.bundle
26fc04eae9e0448b891a0f42e9d83bb6	None	?	cosmeticsso_assets_all.bundle
270b47e91a42a724eb03313c892de9b9	None	?	cosmeticsso_assets_all.bundle
272a799ea5a6d0443b938d2fbdb3025b	None	?	cosmeticsso_assets_all.bundle
2750ee131df950345a7431d682867ed5	None	?	cosmeticsso_assets_all.bundle
275c9719b8e0b3a4a89e81f55a9f8306	None	?	cosmeticsso_assets_all.bundle
27ba2c22e72b94a4cb4c6859c9b2e705	None	?	cosmeticsso_assets_all.bundle
281a4a4e65493d642a216fa258866a06	None	?	cosmeticsso_assets_all.bundle
28574c62ebc3149708b8ed7984de5a14	None	?	cosmeticsso_assets_all.bundle
28e0263708ecd634f9b8447fcde45a5a	None	?	cosmeticsso_assets_all.bundle
28f4d27a61ec48141a605c4f31fd578a	None	?	cosmeticsso_assets_all.bundle
2943adeaca3b34b1d8369f0d8ebaa3ae	None	?	cosmeticsso_assets_all.bundle
295a4048a9cbe422e8bfad20b1ddb5a8	None	?	cosmeticsso_assets_all.bundle
29c34aca4313e4738b7741807a482c0a	None	?	cosmeticsso_assets_all.bundle
29da0b7fd19ec4d8d9a0dfb6bbd78732	None	?	cosmeticsso_assets_all.bundle
2a3fe395d36104b49a432e98676fede0	None	?	cosmeticsso_assets_all.bundle
2a5849a162d5f48ca895b4e9a39be309	None	?	cosmeticsso_assets_all.bundle
2a636673290f84c30abc167d674dadcc	None	?	cosmeticsso_assets_all.bundle
2ad8b2ffef2909843a4b668a8b30c38a	None	?	cosmeticsso_assets_all.bundle
2ada780efa91447f89bbbe8923b9a7b3	None	?	cosmeticsso_assets_all.bundle
2af53436df6346e40b191ed3ed459a3e	None	?	cosmeticsso_assets_all.bundle
2b0c5b6856e0941219f6122b0d402d1f	None	?	cosmeticsso_assets_all.bundle
2b1011c00b459496da2225100fb01b4f	None	?	cosmeticsso_assets_all.bundle
2b5b54e60749c471490b3cd96687acea	None	?	cosmeticsso_assets_all.bundle
2b5bfa1b64cd64dd1b09d9b689c0de62	None	?	cosmeticsso_assets_all.bundle
2bce373c87b9646b8b8a8fd32230afd5	None	?	cosmeticsso_assets_all.bundle
2bcec8834522c4684b2af9bde708fc25	None	?	cosmeticsso_assets_all.bundle
2bdbc34b00b4a4fa981e2ac646b364f0	None	?	cosmeticsso_assets_all.bundle
2c636964994ccca4e9250e4d72d47358	None	?	cosmeticsso_assets_all.bundle
2c6e23bb5ac8a43fbb15269bd7b94e1a	None	?	cosmeticsso_assets_all.bundle
2c771a16ee05c4c0a8f590967aa7317f	None	?	cosmeticsso_assets_all.bundle
2c8553c89fcce0945ba96d5e040910eb	None	?	cosmeticsso_assets_all.bundle
2d27ce49c21f03946a02dadae47d82f8	None	?	cosmeticsso_assets_all.bundle
2dc7633932930a840835f1e96e83722f	None	?	cosmeticsso_assets_all.bundle
2df44fb813d7949e1b62bf8e6b142321	None	?	cosmeticsso_assets_all.bundle
2e1f53753d20e40c88fe3fd3e3d775aa	None	?	cosmeticsso_assets_all.bundle
2eaeb9bd9dc804045894ee0be5dea82f	None	?	cosmeticsso_assets_all.bundle
2edacf022d2c64a67a512da610ef01a0	None	?	cosmeticsso_assets_all.bundle
2f01de6737df34a91801d5d4f2af41c7	None	?	cosmeticsso_assets_all.bundle
2f8b45278417f46e3839fd3df2ada70e	None	?	cosmeticsso_assets_all.bundle
2f9e79c47e0614eeb8910a665ef7e0ee	None	?	cosmeticsso_assets_all.bundle
2fa11f56b16e912459b2c9ba6db73247	None	?	cosmeticsso_assets_all.bundle
2fef5cb980993d14789dda7e2a58cca7	None	?	cosmeticsso_assets_all.bundle
30482ba74ab9b994fb4d4dffb0173e47	None	?	cosmeticsso_assets_all.bundle
309cd76c1632a26459cbedb133272984	None	?	cosmeticsso_assets_all.bundle
30a61f52468b6294882a1432777f390c	None	?	cosmeticsso_assets_all.bundle
30ea94f5d760b49419d1d54fafbc08bc	None	?	cosmeticsso_assets_all.bundle
30f6efca52d024961b0f52daa0404576	None	?	cosmeticsso_assets_all.bundle
3128b8fbe55b64103a505fe58a5b8ba0	None	?	cosmeticsso_assets_all.bundle
3160f28bff41d4f49a65b100ba91ae1b	None	?	cosmeticsso_assets_all.bundle
31c29daf78ea94650ae17060d4770ac3	None	?	cosmeticsso_assets_all.bundle
322e183b8d03f4a618a2a243bfa95425	None	?	cosmeticsso_assets_all.bundle
3252c709f2d2c794cadfd60450aed676	None	?	cosmeticsso_assets_all.bundle
32594cae2f8114579a714242410e0122	None	?	cosmeticsso_assets_all.bundle
325d57140b8f24d46b390021fd106a78	None	?	cosmeticsso_assets_all.bundle
325fc8c467671664eab5b5e7896811f4	None	?	cosmeticsso_assets_all.bundle
327808db62f214b81a36f8b504a8cdda	None	?	cosmeticsso_assets_all.bundle
32ac925c24c8f40a9834006b40990c51	None	?	cosmeticsso_assets_all.bundle
339b34310be10e54d942b61a8a5200e3	None	?	cosmeticsso_assets_all.bundle
33a4958a7abae441e829ffc6c9c45fb3	None	?	cosmeticsso_assets_all.bundle
34579393461910a47a41aa47b69254a7	None	?	cosmeticsso_assets_all.bundle
3476c23a004e24f209b7d3edee5eb12c	None	?	cosmeticsso_assets_all.bundle
3496c2b3092a697418c2e5b6cec3476e	None	?	cosmeticsso_assets_all.bundle
3526c5dbdcf80414d834a78333a3ce96	None	?	cosmeticsso_assets_all.bundle
353176315e2c5418094acac792a60a5c	None	?	cosmeticsso_assets_all.bundle
3549b8471bba5405fb68e8a0a1ca05a8	None	?	cosmeticsso_assets_all.bundle
3585f49a8d78f4d088eaf1dc0bbcc3bd	None	?	cosmeticsso_assets_all.bundle
35ae8c5a16fdd470cbaf8e0de5865dfc	None	?	cosmeticsso_assets_all.bundle
3632b8f2ca42349ceb654de747c43578	None	?	cosmeticsso_assets_all.bundle
36713faf5303e4b84bee1b938230c9ac	None	?	cosmeticsso_assets_all.bundle
36798e952f6b84384a24c9d62d3270bd	None	?	cosmeticsso_assets_all.bundle
36ae26bb6bd304e79bd17fe02fbd3725	None	?	cosmeticsso_assets_all.bundle
36b5d4b20d19b4b95bf1645e36009b2d	None	?	cosmeticsso_assets_all.bundle
36be25e8dfde24c00a6e64c050a1742b	None	?	cosmeticsso_assets_all.bundle
370bd66e623781d42a1e39cad3563a7f	None	?	cosmeticsso_assets_all.bundle
371b447085ba6486c9242dbf49847d48	None	?	cosmeticsso_assets_all.bundle
3769b28b306448f4781411df83f8c88f	None	?	cosmeticsso_assets_all.bundle
382a1e9de704a43ebb338c1497bcb9d8	None	?	cosmeticsso_assets_all.bundle
3843903e36466c4479f28bda3f02b3c8	None	?	cosmeticsso_assets_all.bundle
384975e3ad454244c9c4dc72f6bc3718	None	?	cosmeticsso_assets_all.bundle
38522cfe1f3acdc43bd146a694dea542	None	?	cosmeticsso_assets_all.bundle
386105404719345faadaafc6112ad3d9	None	?	cosmeticsso_assets_all.bundle
388fa211587684d908745ed1feea5312	None	?	cosmeticsso_assets_all.bundle
39191ad7ab46a40eca9f2188dedde4f6	None	?	cosmeticsso_assets_all.bundle
39698f87c4307406a91a75f0f2542f20	None	?	cosmeticsso_assets_all.bundle
39df27f2f94d69c4fa54c2c16522fdfd	None	?	cosmeticsso_assets_all.bundle
3a03c31175625dd4180d09f117b6cd1e	None	?	cosmeticsso_assets_all.bundle
3a28ac3722dbce44eb351c5f1bc90f20	None	?	cosmeticsso_assets_all.bundle
3a52a1dbb87d9444ca791dc1c7bf63bd	None	?	cosmeticsso_assets_all.bundle
3a65e0454212c48d0a1c03a500b83262	None	?	cosmeticsso_assets_all.bundle
3a86cc6953a134976ac150dcd2031dac	None	?	cosmeticsso_assets_all.bundle
3abb3e6ed86825645af76a803f294028	None	?	cosmeticsso_assets_all.bundle
3ad4e5246c6ce5c42b7731a6f977f905	None	?	cosmeticsso_assets_all.bundle
3b5b818e8bab34cdfbc304c73b611bf2	None	?	cosmeticsso_assets_all.bundle
3b893dbcd55450745b1340b528ed39d5	None	?	cosmeticsso_assets_all.bundle
3c4712a19b925b947b287eb099e82539	None	?	cosmeticsso_assets_all.bundle
3c5dd0f40c7d24a74abc10da7ab8f89a	None	?	cosmeticsso_assets_all.bundle
3cd369df5d072436792a4a5381dc4804	None	?	cosmeticsso_assets_all.bundle
3d9e471a0306945c987492381ff3ba61	None	?	cosmeticsso_assets_all.bundle
3dc2ec11cd6eb4d498ee66d2c2c583af	None	?	cosmeticsso_assets_all.bundle
3ddd84ddfd6c2423cb49781499270f96	None	?	cosmeticsso_assets_all.bundle
3ddd8a4d20d504949a3120ca173e32b1	None	?	cosmeticsso_assets_all.bundle
3e64d968f780247e7af36b11d5890d6a	None	?	cosmeticsso_assets_all.bundle
3ea78d2ed4c6540a294eaff20d9f4703	None	?	cosmeticsso_assets_all.bundle
3f2c07914579d4726b78dc822cc531b3	None	?	cosmeticsso_assets_all.bundle
3f81276f55a384c3c8afee5ca26e484e	None	?	cosmeticsso_assets_all.bundle
3fa4c7f38ed7b4de8aa1db4e3ed2d45f	None	?	cosmeticsso_assets_all.bundle
3feac4ecef5c79f49b5e27a9c2022d73	None	?	cosmeticsso_assets_all.bundle
3ffbc7c563c374a6dac8068e817f15e0	None	?	cosmeticsso_assets_all.bundle
400c4562b1151544db86821142762cc3	None	?	cosmeticsso_assets_all.bundle
405a08c69745646e2aef6e6479c2b3ac	None	?	cosmeticsso_assets_all.bundle
4088e116129d248f5b409efa3a1a2ec2	None	?	cosmeticsso_assets_all.bundle
40b49158815064f9795f48434d22d60c	None	?	cosmeticsso_assets_all.bundle
40dc914eb73ab0049b17789a7519a4b4	None	?	cosmeticsso_assets_all.bundle
410c5ad0ce60e4048924d2ac43050d44	None	?	cosmeticsso_assets_all.bundle
41108c5c581d6964788e12165b85a19d	None	?	cosmeticsso_assets_all.bundle
414447bcdb0284434baaee1620003ff8	None	?	cosmeticsso_assets_all.bundle
415e68bbf88454c55bec5f5152d13f2e	None	?	cosmeticsso_assets_all.bundle
417465e1553e14a71af77ca0f5faa69d	None	?	cosmeticsso_assets_all.bundle
418a37b1834914497be6ca5ca7e3f08a	None	?	cosmeticsso_assets_all.bundle
41e9a349428414cdb8e4103c294828b7	None	?	cosmeticsso_assets_all.bundle
41eaf20a6e5574029babf84f4e2be2ad	None	?	cosmeticsso_assets_all.bundle
42247756ecb40314c95feaee3d75d981	None	?	cosmeticsso_assets_all.bundle
4273c4e0d15534e29b6d8fe77012c5a9	None	?	cosmeticsso_assets_all.bundle
42986318a5d0e9f438de89bf04b8c3d8	None	?	cosmeticsso_assets_all.bundle
42f403e3b1aec4101a06a4c0eb9ac066	None	?	cosmeticsso_assets_all.bundle
431a3034347fa514db67c84609add62b	None	?	cosmeticsso_assets_all.bundle
43750be3eb10936439d4bef20b95eedd	None	?	cosmeticsso_assets_all.bundle
43ca5a88d2aed0b4fb7f09421f531c08	None	?	cosmeticsso_assets_all.bundle
448c3736c2b554fa5af16395fe8ac923	None	?	cosmeticsso_assets_all.bundle
44b040b86028e1b4eaa0a90684fae51c	None	?	cosmeticsso_assets_all.bundle
44b60d6fe66686e48acf016b6b6ea09c	None	?	cosmeticsso_assets_all.bundle
4576333b0fd3c4955b22f2640720e354	None	?	cosmeticsso_assets_all.bundle
457d08bb2528848bf97737a82ed49ebf	None	?	cosmeticsso_assets_all.bundle
459ad2ebe2c764883badbd56a81c228e	None	?	cosmeticsso_assets_all.bundle
45ab06c689a0743c88c850e2018f69e2	None	?	cosmeticsso_assets_all.bundle
45bb79c69628f4e85907b4beb3871779	None	?	cosmeticsso_assets_all.bundle
45c98b43a87f02441a96d766a83a9123	None	?	cosmeticsso_assets_all.bundle
45e298fc4f7ce4770a8a0e9de700bb37	None	?	cosmeticsso_assets_all.bundle
45e937c3109824018b5e6e93a83e2d35	None	?	cosmeticsso_assets_all.bundle
45f1437a501c51343a981ba431603b07	None	?	cosmeticsso_assets_all.bundle
46578d0ed0ceefb43ae4723c905cc676	None	?	cosmeticsso_assets_all.bundle
4676236c3e10ba244aa9a20c0fba2e02	None	?	cosmeticsso_assets_all.bundle
46b15398fdc2fd743bfdfaec250d53fd	None	?	cosmeticsso_assets_all.bundle
471232f9ff5084536a41be0e2b0264c3	None	?	cosmeticsso_assets_all.bundle
4725f6e475f107b47977ece19b2c0d39	None	?	cosmeticsso_assets_all.bundle
473afe29534a14aa0abc567ac7dd86d0	None	?	cosmeticsso_assets_all.bundle
474fb885999314a4888b09648fdeef4a	None	?	cosmeticsso_assets_all.bundle
47717e7525ea8a646b439c95b4d8568a	None	?	cosmeticsso_assets_all.bundle
47c91754d1f9c4c37afb8f5b8c089d9b	None	?	cosmeticsso_assets_all.bundle
47f675d358058406289229ef2c0aa42c	None	?	cosmeticsso_assets_all.bundle
4834ac42bde764683aab41d2d6e4c02a	None	?	cosmeticsso_assets_all.bundle
483e462f06923624588b6779a746d17f	None	?	cosmeticsso_assets_all.bundle
4863c233255824be0865f3a2f3cc9dea	None	?	cosmeticsso_assets_all.bundle
486bf1a126bd42b499bdebce236293d4	None	?	cosmeticsso_assets_all.bundle
4876038b6412567458387448b7434c73	None	?	cosmeticsso_assets_all.bundle
487dea1d14b6ca742a19d91010bf98e5	None	?	cosmeticsso_assets_all.bundle
48bb4a6ccb90148618da68ebc56633f4	None	?	cosmeticsso_assets_all.bundle
48d9c324379b643529fccaf35833496d	None	?	cosmeticsso_assets_all.bundle
4933dfeec73ee402a831a6411f8622b6	None	?	cosmeticsso_assets_all.bundle
495b5d21862474c43914d28a87bf33ca	None	?	cosmeticsso_assets_all.bundle
49d7a26aecfb14846841140d62335c59	None	?	cosmeticsso_assets_all.bundle
49dce9ef00e11de47aefc7a5cc13b7c8	None	?	cosmeticsso_assets_all.bundle
4a5158509cd26ce4b8b29ac28f6ffc36	None	?	cosmeticsso_assets_all.bundle
4a5d2720e8ca7124b920a2ff08c0500b	None	?	cosmeticsso_assets_all.bundle
4a84f399d9e1a4b0289510f54d31de1a	None	?	cosmeticsso_assets_all.bundle
4a88f6f9845084243a85b4788dc93ac8	None	?	cosmeticsso_assets_all.bundle
4a982fa74e6f14831bf76bb515308c1f	None	?	cosmeticsso_assets_all.bundle
4aa24dc55ccdb43c48662b091cb96273	None	?	cosmeticsso_assets_all.bundle
4b6cce81a2e7f4cbca4d0337624888e3	None	?	cosmeticsso_assets_all.bundle
4b771c2de97533a438631154c88444d9	None	?	cosmeticsso_assets_all.bundle
4b9ba5e31e16a49e28ff40ef14527892	None	?	cosmeticsso_assets_all.bundle
4bb6052bda1e347169b96028bc680cee	None	?	cosmeticsso_assets_all.bundle
4c0e8fba5dad84c0a94cf18028f7b5ac	None	?	cosmeticsso_assets_all.bundle
4c742970ea150a84c845f2fbbc32f240	None	?	cosmeticsso_assets_all.bundle
4cfd9c340b67e4fbea36086890a2a13c	None	?	cosmeticsso_assets_all.bundle
4dbbf75c5aee7684ea7c4de2f5da4835	None	?	cosmeticsso_assets_all.bundle
4e16de39171fd694abc203deb6bd73a4	None	?	cosmeticsso_assets_all.bundle
4e5471633c5cc444993837710b076981	None	?	cosmeticsso_assets_all.bundle
4e568b0098c0c47598fcb79d3f46e287	None	?	cosmeticsso_assets_all.bundle
4ea99b9c10ca743a58c16f14b54a9207	None	?	cosmeticsso_assets_all.bundle
4f0b25e6c1cfd1a47bc3b19ded76296a	None	?	cosmeticsso_assets_all.bundle
4f162baff5be74118813c68b17050d84	None	?	cosmeticsso_assets_all.bundle
4f3ad1da534550940bb12137e688eb98	None	?	cosmeticsso_assets_all.bundle
4f6943ef197db20458092c6fbcf79a38	None	?	cosmeticsso_assets_all.bundle
5030251ea8a60284bb64402863249bfa	None	?	cosmeticsso_assets_all.bundle
50be05ef5acc04e45b4602509f222e7b	None	?	cosmeticsso_assets_all.bundle
512e5e87ae6b4495e9c65ccce83bb9cc	None	?	cosmeticsso_assets_all.bundle
51612e9044142de479a266fd0efb0c19	None	?	cosmeticsso_assets_all.bundle
517dddd81a1b016489b616f8d6f1a43f	None	?	cosmeticsso_assets_all.bundle
51dd251f8f95a4e018249b84cbe5a6ff	None	?	cosmeticsso_assets_all.bundle
528a4c9d90c524a57a028e4016b22d1f	None	?	cosmeticsso_assets_all.bundle
52932f46087f846abaf79f771167d84a	None	?	cosmeticsso_assets_all.bundle
532a8408328d90341a7f52a26daa9648	None	?	cosmeticsso_assets_all.bundle
53444d8a5e6e12840a5996cd7ba7231b	None	?	cosmeticsso_assets_all.bundle
5345067aa66d246d19a1b9a8075134e4	None	?	cosmeticsso_assets_all.bundle
535d4c75d5583464da20a2caa7046abb	None	?	cosmeticsso_assets_all.bundle
53b29fdfe4c1e42c2809ebc39150a12b	None	?	cosmeticsso_assets_all.bundle
540eba9a4811e461ab6a9bcb0a616b8d	None	?	cosmeticsso_assets_all.bundle
5444eb5a887894df98174dc11c0742a0	None	?	cosmeticsso_assets_all.bundle
548b7792e94454b50b43a139748cab54	None	?	cosmeticsso_assets_all.bundle
55501e626285a4d4490b11496a1a8e6c	None	?	cosmeticsso_assets_all.bundle
558b8042005d8e24885914eec6c801f2	None	?	cosmeticsso_assets_all.bundle
559bd030d00824785989bc1130e840a2	None	?	cosmeticsso_assets_all.bundle
55be2e06659b60241b8cbac408d080b1	None	?	cosmeticsso_assets_all.bundle
55ca32c3edbd74b7399830cc96dff8a9	None	?	cosmeticsso_assets_all.bundle
55cc5bef6c1016d4ca227382daca997a	None	?	cosmeticsso_assets_all.bundle
560d8ef3ac9b44eb7b9489e45dafc791	None	?	cosmeticsso_assets_all.bundle
561a209f701e0494d997093b98ef05c6	None	?	cosmeticsso_assets_all.bundle
566aee29026414f27a12df31ac61ec04	None	?	cosmeticsso_assets_all.bundle
56bc5f28f90083e41bf070ff33b3c3ee	None	?	cosmeticsso_assets_all.bundle
56e8db630afc5554db12007c2c94e09b	None	?	cosmeticsso_assets_all.bundle
570192c9c87481945991f7fbaa041324	None	?	cosmeticsso_assets_all.bundle
5752df21491ba4fe582237a1af617b6a	None	?	cosmeticsso_assets_all.bundle
575d9d8c807bf3e48acbe591ed6cd029	None	?	cosmeticsso_assets_all.bundle
575ffb3291608419289a0acc9d5e96af	None	?	cosmeticsso_assets_all.bundle
579181e235fc948e0b1073910fc6e1f1	None	?	cosmeticsso_assets_all.bundle
57e2dd649620b4dd588ba39ada0d71fd	None	?	cosmeticsso_assets_all.bundle
580104488cc5d47939a709c877607d55	None	?	cosmeticsso_assets_all.bundle
581bbc789cd2841dcb47af807f629b63	None	?	cosmeticsso_assets_all.bundle
5833ea5ca89d84403a4bc9d2dc896e07	None	?	cosmeticsso_assets_all.bundle
587022c4d5ced4389a98b0b12f64954b	None	?	cosmeticsso_assets_all.bundle
588a36529ff53d34e9f805d9406d378a	None	?	cosmeticsso_assets_all.bundle
5911a9a50128ecc418bd5ec925636062	None	?	cosmeticsso_assets_all.bundle
59328ab25df5a48fb8e8fe8b75e91029	None	?	cosmeticsso_assets_all.bundle
593a2f0238d3db84697734bc078450e7	None	?	cosmeticsso_assets_all.bundle
5948a203c21d94e6690d67f67ed36273	None	?	cosmeticsso_assets_all.bundle
59bec2b5ab977444c979e2a930ad3173	None	?	cosmeticsso_assets_all.bundle
5a00db9e34989401999ca3a25f47d29d	None	?	cosmeticsso_assets_all.bundle
5a08f636e625cd849b3595bce4e30693	None	?	cosmeticsso_assets_all.bundle
5a11a55ecaa463b4b9dea37638c5ada5	None	?	cosmeticsso_assets_all.bundle
5a6e776ef0c7c494f86f985c974705d6	None	?	cosmeticsso_assets_all.bundle
5ad4c873d471d42788ff28c2e31313e2	None	?	cosmeticsso_assets_all.bundle
5afbdb1d7bca54a9b9a54162a5867b70	None	?	cosmeticsso_assets_all.bundle
5b0cbe3515e0f41f7abf8417834ea496	None	?	cosmeticsso_assets_all.bundle
5b14142fa567a48949223a1195d85c29	None	?	cosmeticsso_assets_all.bundle
5b8cb7b5012e86a4c8d945e910032244	None	?	cosmeticsso_assets_all.bundle
5bdf38728ec08844083751ea725dde5a	None	?	cosmeticsso_assets_all.bundle
5c72ccc8ed7c4409397e35f20e90c17c	None	?	cosmeticsso_assets_all.bundle
5c8f923924c284bc8896147d76f97033	None	?	cosmeticsso_assets_all.bundle
5d0f329c2df8b1143988da71da8950dd	None	?	cosmeticsso_assets_all.bundle
5d5750d3649064aafb759dcc91ad0e7e	None	?	cosmeticsso_assets_all.bundle
5d8888fd162a14fd58718d441c1f93cf	None	?	cosmeticsso_assets_all.bundle
5d92a54febdea9e41a46e9f45223d5fb	None	?	cosmeticsso_assets_all.bundle
5dc553254835d2e46a37ef0687533f29	None	?	cosmeticsso_assets_all.bundle
5dfee29f257564030bea6775d28d82fa	None	?	cosmeticsso_assets_all.bundle
5e435a57aabda4a569437b0695a5dc11	None	?	cosmeticsso_assets_all.bundle
5e5a3707850a1424d8c3e37c1e46a8f1	None	?	cosmeticsso_assets_all.bundle
5e91d80ed44c2413cac7839c2aa8bc05	None	?	cosmeticsso_assets_all.bundle
5eaf159848c82d046b378f3e6453c9a7	None	?	cosmeticsso_assets_all.bundle
5ecb4ef7757d141738f0a5b7bbb51d4b	None	?	cosmeticsso_assets_all.bundle
5f0676be67e40244fa5d8c2ce6c52e35	None	?	cosmeticsso_assets_all.bundle
5f37712728084475eb52450a9c6dd2af	None	?	cosmeticsso_assets_all.bundle
5f65e516de95f1b4e8e8a55e0f2d4b3c	None	?	cosmeticsso_assets_all.bundle
5fe7d525cff6042c194363332de61110	None	?	cosmeticsso_assets_all.bundle
5fe91fb7de70ad04581181f4edd082c7	None	?	cosmeticsso_assets_all.bundle
5ff2d6ad55346974f84678d9ce493c07	None	?	cosmeticsso_assets_all.bundle
601fc9a99b79cd845aa5c057edde8f2b	None	?	cosmeticsso_assets_all.bundle
603becb09e8404cadba539bca8f100ed	None	?	cosmeticsso_assets_all.bundle
60a04b767ab234c4a82871446fdd29a4	None	?	cosmeticsso_assets_all.bundle
6106f206aabd294489abc24896ae9fb5	None	?	cosmeticsso_assets_all.bundle
6107a624623c7d04c87d47c476439653	None	?	cosmeticsso_assets_all.bundle
613abadcfcfc4c3448723447759a8292	None	?	cosmeticsso_assets_all.bundle
615456a25302c44c8b8bcd6052cb8f43	None	?	cosmeticsso_assets_all.bundle
615d06d10507c47a084e8622b32d162f	None	?	cosmeticsso_assets_all.bundle
6166abc9a0caa456ca0d505f422fce8c	None	?	cosmeticsso_assets_all.bundle
616be8c43312a774caf2bf11db162451	None	?	cosmeticsso_assets_all.bundle
61ccfeb210c5741e1a1eebecf8c0b67e	None	?	cosmeticsso_assets_all.bundle
61f2fbe81c7eca045bcc34b08bc28462	None	?	cosmeticsso_assets_all.bundle
6223abdbc44354f5a9781faba29b2c83	None	?	cosmeticsso_assets_all.bundle
629afa82abdddd74b8c1f811dd92196f	None	?	cosmeticsso_assets_all.bundle
62d30ba80bf9740ffa8ac1f638508c84	None	?	cosmeticsso_assets_all.bundle
62d5b5963212f9e4bb0df75a206c50ce	None	?	cosmeticsso_assets_all.bundle
62daeaae8676e5849b90f6f085015003	None	?	cosmeticsso_assets_all.bundle
632321345cecbc44b9560cfd9e047542	None	?	cosmeticsso_assets_all.bundle
6329c9b7073b64a25a4c3a57ed56e413	None	?	cosmeticsso_assets_all.bundle
634729c77410e4d6988b1bdb57da5751	None	?	cosmeticsso_assets_all.bundle
634c92723969c4cc288f74aec49871f2	None	?	cosmeticsso_assets_all.bundle
63759f22db150324b84fdbdd6b4aafce	None	?	cosmeticsso_assets_all.bundle
63825c38af027c345b2a42b665d00ca4	None	?	cosmeticsso_assets_all.bundle
6396f642a9efe4692963134b47d8aba3	None	?	cosmeticsso_assets_all.bundle
641da66dfde16b641a0043fef2eed295	None	?	cosmeticsso_assets_all.bundle
643d1d942db5f450a9febd0b538cb1ca	None	?	cosmeticsso_assets_all.bundle
643ee10a8aeb99a4990e3bb9a2a0faf8	None	?	cosmeticsso_assets_all.bundle
649cbd1cf7387457aa0431b609488665	None	?	cosmeticsso_assets_all.bundle
65312f12cbcb84544aa14293bc0b99bd	None	?	cosmeticsso_assets_all.bundle
655b085ff5e4c4f0986ecd7b00d19ee6	None	?	cosmeticsso_assets_all.bundle
656689770b70f4e2b90039fe3596c29f	None	?	cosmeticsso_assets_all.bundle
65a5cb54c9053284cb8c918fc82781f6	None	?	cosmeticsso_assets_all.bundle
65b7ac106e20e4598bad21cd09516584	None	?	cosmeticsso_assets_all.bundle
65dccdcc0d865435ca3cf6ec33bd7359	None	?	cosmeticsso_assets_all.bundle
66060cc4eafb64deb857f4e13c591c1c	None	?	cosmeticsso_assets_all.bundle
6615a0fad9ecb4ee4bf9a4e1443561cf	None	?	cosmeticsso_assets_all.bundle
66182aa5beaa84ffc9c2ac54670d7712	None	?	cosmeticsso_assets_all.bundle
664982dc7bb0d42d8a8f5606d07d9f02	None	?	cosmeticsso_assets_all.bundle
6674d2fc175714044a643ab7d76d4799	None	?	cosmeticsso_assets_all.bundle
66af0182f781f45d2bbce1d0b82619ad	None	?	cosmeticsso_assets_all.bundle
66cfa253088624c48b8be3159d3c4187	None	?	cosmeticsso_assets_all.bundle
67482e4bab39d4c4e96b82b0dd5701d1	None	?	cosmeticsso_assets_all.bundle
674aa1c5dd43f4a2ca5055939eddb215	None	?	cosmeticsso_assets_all.bundle
6777536f69525455a8a1a491da133d8d	None	?	cosmeticsso_assets_all.bundle
67e1c7db5fb9901489789335c03f2908	None	?	cosmeticsso_assets_all.bundle
6852a482cc4b945ad9c0adb0c137d205	None	?	cosmeticsso_assets_all.bundle
68c526c12b843477aaeb4483b8813963	None	?	cosmeticsso_assets_all.bundle
6984ff199f5e649aea43e7b88a25b6e3	None	?	cosmeticsso_assets_all.bundle
69a9508dfec2b48c8819bc4bc8e97536	None	?	cosmeticsso_assets_all.bundle
69c9247fb1120489ead922caf958d88b	None	?	cosmeticsso_assets_all.bundle
6a2efd5d781d0d2488002df825ca60e8	None	?	cosmeticsso_assets_all.bundle
6a52d12489e7174469927e5e25c8a3ff	None	?	cosmeticsso_assets_all.bundle
6a6ff0d48d93d44d285972123455d54d	None	?	cosmeticsso_assets_all.bundle
6a91fc93bbcc54bb3b79fa5cf2997097	None	?	cosmeticsso_assets_all.bundle
6ab80938c684b324fbb77b443894b2fc	None	?	cosmeticsso_assets_all.bundle
6abc212cebde5408081826a2cbaa6649	None	?	cosmeticsso_assets_all.bundle
6b41f7c0618bd4bc89945f548ec8ee22	None	?	cosmeticsso_assets_all.bundle
6bab8907f2baa0a458e8fbcd066cb3b3	None	?	cosmeticsso_assets_all.bundle
6bd68c0dadbb072489767d7a975eb6f8	None	?	cosmeticsso_assets_all.bundle
6c017d4e27fdde6479478bfee64e1a69	None	?	cosmeticsso_assets_all.bundle
6c2d068fa4c6940b6b1e8df19ce214d4	None	?	cosmeticsso_assets_all.bundle
6c6ea8ebc51064b51b98c9e18a4b2f90	None	?	cosmeticsso_assets_all.bundle
6c9b9b87b8d2764469a19c51733aa683	None	?	cosmeticsso_assets_all.bundle
6cb0666a52a2a764c843b749538d19c3	None	?	cosmeticsso_assets_all.bundle
6d19c9a50023b466bb0b7b886e3298ff	None	?	cosmeticsso_assets_all.bundle
6d48edd689e677d418dc72a94cfd36e4	None	?	cosmeticsso_assets_all.bundle
6d4d39a921abb0b48aa6870e280a7a6e	None	?	cosmeticsso_assets_all.bundle
6d73201d80d0ec441a5a3f067cfdc2a7	None	?	cosmeticsso_assets_all.bundle
6daac2ef7975dca43b4af1caaa86d192	None	?	cosmeticsso_assets_all.bundle
6dd028e7321f74d2b91c0f4e9557ed57	None	?	cosmeticsso_assets_all.bundle
6dfb3575215424a679d29a7a6fb0aa40	None	?	cosmeticsso_assets_all.bundle
6e336e4c5403a4440a5a0b01f8896101	None	?	cosmeticsso_assets_all.bundle
6e9b6bf47ed6a3b49b28ee711826f644	None	?	cosmeticsso_assets_all.bundle
6e9ddf9bfb58c4fdc88b236208232944	None	?	cosmeticsso_assets_all.bundle
6edc0c2f2e1c64dfe92a272bab138646	None	?	cosmeticsso_assets_all.bundle
6f592dfb68953a64d8d39a0aecc39f8c	None	?	cosmeticsso_assets_all.bundle
6fd50778bd05e9d489628518756fef37	None	?	cosmeticsso_assets_all.bundle
6ff3b007b690e44469b586dc73057ff8	None	?	cosmeticsso_assets_all.bundle
6ff5f1cd647f2234ead8ade1ae8caf79	None	?	cosmeticsso_assets_all.bundle
6fffdefe261a2584c8e8e49b81db24dd	None	?	cosmeticsso_assets_all.bundle
70203f87f6273e347a9ada8aa0c00579	None	?	cosmeticsso_assets_all.bundle
7086582de64f34feb814755b7b7d4934	None	?	cosmeticsso_assets_all.bundle
709127d384298d64da132573983b7b0b	None	?	cosmeticsso_assets_all.bundle
70993fcd611b4c74f878395438d6b502	None	?	cosmeticsso_assets_all.bundle
70e3a1971875bf946a477bb07b3ce92c	None	?	cosmeticsso_assets_all.bundle
70f8bc48d7922e14aad9271035b6ddf4	None	?	cosmeticsso_assets_all.bundle
7151afef74c154e6caefc718b47000a6	None	?	cosmeticsso_assets_all.bundle
716016ee2febff54caba523663aa1602	None	?	cosmeticsso_assets_all.bundle
71658ff47defb4a42b85a55787f0a9cb	None	?	cosmeticsso_assets_all.bundle
719d55e5d7c9f4562afe751545caa47c	None	?	cosmeticsso_assets_all.bundle
720b3f712a9ab4c868dedafa3f0314c8	None	?	cosmeticsso_assets_all.bundle
720fe6502305226459ad969a30fe9836	None	?	cosmeticsso_assets_all.bundle
7217157ec22334963a7f6319f2fafbe5	None	?	cosmeticsso_assets_all.bundle
722d5ba190a294d27bda36a008a7574a	None	?	cosmeticsso_assets_all.bundle
7263278d082932d4bb514c7226be6c22	None	?	cosmeticsso_assets_all.bundle
726d7d52a962d754286aa79ee1b5cf0c	None	?	cosmeticsso_assets_all.bundle
72825bef99afa4f609db6d64fa5b807d	None	?	cosmeticsso_assets_all.bundle
72baecf791f75094b985fef1fab39dce	None	?	cosmeticsso_assets_all.bundle
72c3bbb079b14dd418a52bee1453bbae	None	?	cosmeticsso_assets_all.bundle
72fc4658ca81f4986812fe190ebd5209	None	?	cosmeticsso_assets_all.bundle
736d06efb750783429af2512c02509e3	None	?	cosmeticsso_assets_all.bundle
73981995784b94157946a395283630b8	None	?	cosmeticsso_assets_all.bundle
73a8d8e499d738842b23fd1424f5ab91	None	?	cosmeticsso_assets_all.bundle
73ad66b71fe8248e0963629369c203e5	None	?	cosmeticsso_assets_all.bundle
73bca0e080cec41f58e260ee532de304	None	?	cosmeticsso_assets_all.bundle
73f870f6a94964f8483fc04b3666bc35	None	?	cosmeticsso_assets_all.bundle
7442a23b7a2824d11b2a3708936b40a9	None	?	cosmeticsso_assets_all.bundle
7471fdedf0a0ebc4893a100329f39f9f	None	?	cosmeticsso_assets_all.bundle
74a18d7e5c042d04598d8c3669b826b7	None	?	cosmeticsso_assets_all.bundle
74b7fd7a3dbd949d5830ad7310171e84	None	?	cosmeticsso_assets_all.bundle
74e1e002e52524859853368f2a936786	None	?	cosmeticsso_assets_all.bundle
74e242db508ad5e408974d480f1c28bd	None	?	cosmeticsso_assets_all.bundle
752ad7b0bde7b374497877f2699d82c4	None	?	cosmeticsso_assets_all.bundle
754496031b80b4be79e2e9f3b216eccb	None	?	cosmeticsso_assets_all.bundle
759610a1167781f45bf303564d6d3dbb	None	?	cosmeticsso_assets_all.bundle
75a2de47a7224914d901dbc05df1bd9f	None	?	cosmeticsso_assets_all.bundle
75ab3a540e3164df4bc117c6282b3a05	None	?	cosmeticsso_assets_all.bundle
75c7f61dc55064e449f3b80eceb54781	None	?	cosmeticsso_assets_all.bundle
75faf1a808bc940e09e3409330010c83	None	?	cosmeticsso_assets_all.bundle
761299151844e463a91de603a46a741c	None	?	cosmeticsso_assets_all.bundle
7684e350a8ed7435da76c2ecfad8c954	None	?	cosmeticsso_assets_all.bundle
768c9db24622b418c8367ff563e2ddaf	None	?	cosmeticsso_assets_all.bundle
76b4cf4031f724ee99ba420efc90d1cd	None	?	cosmeticsso_assets_all.bundle
775cd6a4271c241069ac7d342da0d3f7	None	?	cosmeticsso_assets_all.bundle
7760aadb1875d8643bc22bdcec26da28	None	?	cosmeticsso_assets_all.bundle
77912dd31c92945faaeb0a2802fa3970	None	?	cosmeticsso_assets_all.bundle
77b0e868d4b3f496da78104915cb279c	None	?	cosmeticsso_assets_all.bundle
77d2a63256438214bbbfcc3eb53743eb	None	?	cosmeticsso_assets_all.bundle
77d930a9c218245628b141b0820f5df3	None	?	cosmeticsso_assets_all.bundle
77f58ca9d322e4c9a93d88c63d762d4a	None	?	cosmeticsso_assets_all.bundle
77ff17838e10c4d3d9987902e44fb054	None	?	cosmeticsso_assets_all.bundle
787404c461834914eae7e5ccd86a34bd	None	?	cosmeticsso_assets_all.bundle
787e1f4231db5624596d30b65d739f1d	None	?	cosmeticsso_assets_all.bundle
787faaa6fb61e4be4b1d5acc5fadeecd	None	?	cosmeticsso_assets_all.bundle
7960ab40c2b274e748228e98bc750d84	None	?	cosmeticsso_assets_all.bundle
799fea141004a45bdb4f6680cbf81d73	None	?	cosmeticsso_assets_all.bundle
79a42c07c949e48b9821356466504798	None	?	cosmeticsso_assets_all.bundle
79a5d9f19a14c458ca169d3468b40c77	None	?	cosmeticsso_assets_all.bundle
79c4afe5ef8536747aa133ece28b9204	None	?	cosmeticsso_assets_all.bundle
79e451db1754646e5ad1f0bae0c30d52	None	?	cosmeticsso_assets_all.bundle
7a01a8da773006a45a1a12f7eeb7a494	None	?	cosmeticsso_assets_all.bundle
7a271100b5470fc499aecec0fe649ffe	None	?	cosmeticsso_assets_all.bundle
7a47f946d3ba94ff9b8031f981191f20	None	?	cosmeticsso_assets_all.bundle
7a504f07fd985ef489440b8d11180057	None	?	cosmeticsso_assets_all.bundle
7a57832596af65a4ba42ec834bf67ad3	None	?	cosmeticsso_assets_all.bundle
7a772a888bd3045f0bfcea3b9d565e86	None	?	cosmeticsso_assets_all.bundle
7aa743e46193140b99ce2d208cf9a070	None	?	cosmeticsso_assets_all.bundle
7b4ee89c87cdd4f7a8ab327b7c076e09	None	?	cosmeticsso_assets_all.bundle
7b8052cfd91dc734fa37acb9096f4a13	None	?	cosmeticsso_assets_all.bundle
7bf234ed9d8cc44328ed847304f1c4dd	None	?	cosmeticsso_assets_all.bundle
7c05311956b0c0742bb3cc6acb90c4da	None	?	cosmeticsso_assets_all.bundle
7c2ef4b2d45fea0488fde5efefb19683	None	?	cosmeticsso_assets_all.bundle
7c5009193e3664b65ab43d704438c0bf	None	?	cosmeticsso_assets_all.bundle
7cdb2831902b232489de625418563924	None	?	cosmeticsso_assets_all.bundle
7d369e30aac9ddc4181a54840d06e207	None	?	cosmeticsso_assets_all.bundle
7d4590a2e0a5d7042a7d9211999614dd	None	?	cosmeticsso_assets_all.bundle
7d583e07dce503441b8d63efcc528612	None	?	cosmeticsso_assets_all.bundle
7d6fa5829d67b4f4c89952a1f54e1b4e	None	?	cosmeticsso_assets_all.bundle
7dc7ec31bbde93c46b1d3ca1760a2166	None	?	cosmeticsso_assets_all.bundle
7dca9dfb6ad87f34190a12c0bfeb05e6	None	?	cosmeticsso_assets_all.bundle
7de47b0422a2d4d62b23515358303dda	None	?	cosmeticsso_assets_all.bundle
7e8f91335572d4d9f9e3aed03641b3c2	None	?	cosmeticsso_assets_all.bundle
7edff3647a87847ed8b3ce75bfb33ed3	None	?	cosmeticsso_assets_all.bundle
7ef64b0a25a6e4f2ea734684de709c39	None	?	cosmeticsso_assets_all.bundle
7f160465123037d47976f9d0f50f641a	None	?	cosmeticsso_assets_all.bundle
7f16213e23262ca408e9b30060ed7945	None	?	cosmeticsso_assets_all.bundle
7f1b17925f8d24c08977885d6efa56a7	None	?	cosmeticsso_assets_all.bundle
7fa856591c54ac545acfe10821034a8d	None	?	cosmeticsso_assets_all.bundle
7fae2ee826db14826b4de125dfc929f4	None	?	cosmeticsso_assets_all.bundle
7fc3db69bed24d148823f4d5fa31dfe8	None	?	cosmeticsso_assets_all.bundle
7fcf6722622dc4642a93f42ef027b12c	None	?	cosmeticsso_assets_all.bundle
801c8a6360bf1994abbd4b3edcd39ee2	None	?	cosmeticsso_assets_all.bundle
808cdc620562a2e4d8154f66840ec286	None	?	cosmeticsso_assets_all.bundle
809435e452d9d424ba5e24035b990990	None	?	cosmeticsso_assets_all.bundle
80d41fe03259449e097fbe60e8282cfe	None	?	cosmeticsso_assets_all.bundle
81bbbfa18203744008d04cda2fae9589	None	?	cosmeticsso_assets_all.bundle
81bf0839f383d41d5b854f125e9a2e30	None	?	cosmeticsso_assets_all.bundle
8213a0b7f30e6ce44ada2162dad4336a	None	?	cosmeticsso_assets_all.bundle
82a7fc0285957b64f8ae82817262bbba	None	?	cosmeticsso_assets_all.bundle
82ba7022edf5a49bfa50e3360598d0aa	None	?	cosmeticsso_assets_all.bundle
82ffd37e1b2d7784b882202bac2247ab	None	?	cosmeticsso_assets_all.bundle
831920a5625414de4b216e039ff65a58	None	?	cosmeticsso_assets_all.bundle
831b0a9ea78b7bb41a9096bae7cb137b	None	?	cosmeticsso_assets_all.bundle
833ac6cc77fb040a7a196ae00fd37a47	None	?	cosmeticsso_assets_all.bundle
836fabb5e557a894fa34f48bfae41bd9	None	?	cosmeticsso_assets_all.bundle
83745c128647746f986163b2686689b8	None	?	cosmeticsso_assets_all.bundle
83c17ccfca904416d8158033844dbf14	None	?	cosmeticsso_assets_all.bundle
8404995d25d449f40b8d2db4c53b098c	None	?	cosmeticsso_assets_all.bundle
84181ea7e4d49654c8ddfd10c066901c	None	?	cosmeticsso_assets_all.bundle
841bebc6b6c777749848efb7db75563d	None	?	cosmeticsso_assets_all.bundle
842000c5e7903d9459f299561c578c10	None	?	cosmeticsso_assets_all.bundle
8435ec266512bed4cb7fd1ef0c5e1afb	None	?	cosmeticsso_assets_all.bundle
845a3bb0ac2b9514da4b95e9518e1eec	None	?	cosmeticsso_assets_all.bundle
84b39adf4d0d74d59b78e5afffccde59	None	?	cosmeticsso_assets_all.bundle
85104c6365a1d47c98288ef585f4e354	None	?	cosmeticsso_assets_all.bundle
85301ece3841c47828204fe112583d8a	None	?	cosmeticsso_assets_all.bundle
857a5438dd6209b46b21a1462e7a1d31	None	?	cosmeticsso_assets_all.bundle
859b7e618ad334b8aa411711a928c298	None	?	cosmeticsso_assets_all.bundle
85a1d8875637d71479018f5a6cbbef6a	None	?	cosmeticsso_assets_all.bundle
85b08dbb359fe5045955359071f81c55	None	?	cosmeticsso_assets_all.bundle
861ff17d738034f4ea25372ac440de7b	None	?	cosmeticsso_assets_all.bundle
8648727754903445ab4814495092e68f	None	?	cosmeticsso_assets_all.bundle
8680e75de29d14bf5a326e6f36c8742b	None	?	cosmeticsso_assets_all.bundle
86ca9fc7d7ca6914484488c8e94b9cda	None	?	cosmeticsso_assets_all.bundle
86df6497f06061d45b8c31b312345b73	None	?	cosmeticsso_assets_all.bundle
86fee6a8fd7051446b6dd49ea1bdb0b5	None	?	cosmeticsso_assets_all.bundle
870aac7e26d5b47e8ab865ac9ab3322a	None	?	cosmeticsso_assets_all.bundle
875ac463d4f2447ccb4b20283f1a926c	None	?	cosmeticsso_assets_all.bundle
878b99052ce37634d8a96992722d8ed3	None	?	cosmeticsso_assets_all.bundle
8828f906c50d346e49e7d360feea3a0b	None	?	cosmeticsso_assets_all.bundle
8839fdffe7d884231b012b6c9cf52a7f	None	?	cosmeticsso_assets_all.bundle
8857ed3159bca4b44af686593e291159	None	?	cosmeticsso_assets_all.bundle
88617e6d595a3c346ab0170716d2829d	None	?	cosmeticsso_assets_all.bundle
886445993c7d90747931270f08a186d9	None	?	cosmeticsso_assets_all.bundle
88c832eac9c7c2c41825e7595eda7ce9	None	?	cosmeticsso_assets_all.bundle
88ceeb0da80644dedb4da5c3103bacec	None	?	cosmeticsso_assets_all.bundle
88d7a035a1c3241489a6502636c59cd1	None	?	cosmeticsso_assets_all.bundle
89d29cb3a94fe4c2ea7c43bb03111b76	None	?	cosmeticsso_assets_all.bundle
8a0eca8154ca942c7857247242b13360	None	?	cosmeticsso_assets_all.bundle
8a8568d5f17599043993377ce5eab59f	None	?	cosmeticsso_assets_all.bundle
8a8b04cc1b68f40afaf39aa44fe9ccd6	None	?	cosmeticsso_assets_all.bundle
8a999641784294846a1994ae1625a0d9	None	?	cosmeticsso_assets_all.bundle
8ad9da28400a3ba4ca7973a7c30ce090	None	?	cosmeticsso_assets_all.bundle
8b16ef3de7808574292a8dff15828fde	None	?	cosmeticsso_assets_all.bundle
8b1e639a89a5a44a48034dc349c08c7e	None	?	cosmeticsso_assets_all.bundle
8b7c0136880ad4c859fe9d33ab247739	None	?	cosmeticsso_assets_all.bundle
8b908ccb129a6a545af0618c9b932670	None	?	cosmeticsso_assets_all.bundle
8ba8874b309eeef45a3e747788f7c1fc	None	?	cosmeticsso_assets_all.bundle
8bb3556a13c494dcbacdbe8a1fb68d1a	None	?	cosmeticsso_assets_all.bundle
8befa719b2bb09248a388dbd457ddcd0	None	?	cosmeticsso_assets_all.bundle
8bfe6000c1695cc499513c9b5ba8b850	None	?	cosmeticsso_assets_all.bundle
8c4524d276408314bb4af76ff397c62f	None	?	cosmeticsso_assets_all.bundle
8c4827eede62a294792b7f12e3d979db	None	?	cosmeticsso_assets_all.bundle
8c4930f58d8664bef82efe6f3c8db613	None	?	cosmeticsso_assets_all.bundle
8c4e937506a2e4012ba7d1321cc46263	None	?	cosmeticsso_assets_all.bundle
8c9100a406f6541be871042155063406	None	?	cosmeticsso_assets_all.bundle
8ce283b1ce71b934ba26a13b7e5e3d6e	None	?	cosmeticsso_assets_all.bundle
8cef1ae133cbc44af93b0f415ebd7024	None	?	cosmeticsso_assets_all.bundle
8d71972880fd842f2919b551299af388	None	?	cosmeticsso_assets_all.bundle
8df6039b8366b4df29b2bda5acee3fb0	None	?	cosmeticsso_assets_all.bundle
8e09c0c97919fee4494bba260a28eebe	None	?	cosmeticsso_assets_all.bundle
8e3a76cff39e6432ebf816a3455b4592	None	?	cosmeticsso_assets_all.bundle
8e4b4efbe6e8a415cba9b13bb1002adf	None	?	cosmeticsso_assets_all.bundle
8eb54dccf794acc47a1e74b0e9d9aca1	None	?	cosmeticsso_assets_all.bundle
8eb841c7121c349588776b0422b77ac4	None	?	cosmeticsso_assets_all.bundle
8eef3f0f36c1af941b12d2de6964c101	None	?	cosmeticsso_assets_all.bundle
8f363b5dce42e486b8cdbee6d8a1e656	None	?	cosmeticsso_assets_all.bundle
8f3663c7102eb46369e1988403f3a982	None	?	cosmeticsso_assets_all.bundle
8f3faab43df474e9da06c4ac577a552e	None	?	cosmeticsso_assets_all.bundle
8f733352f2e08b942b679b9795859a61	None	?	cosmeticsso_assets_all.bundle
8fb83cfe356a3459ab0f381edc2aedcd	None	?	cosmeticsso_assets_all.bundle
906ce78d12e994717b972a6c8720fca6	None	?	cosmeticsso_assets_all.bundle
9097647ffc3c4485aab00d9cff087545	None	?	cosmeticsso_assets_all.bundle
9097eea8417a24d33980161f843d2013	None	?	cosmeticsso_assets_all.bundle
90b478cfe456b4a3a847011e598376a3	None	?	cosmeticsso_assets_all.bundle
90dd90752de81b9418c41b66465e8588	None	?	cosmeticsso_assets_all.bundle
91074aff52d18f34e9c526d39a5adbc0	None	?	cosmeticsso_assets_all.bundle
91372fde8470a4b94910ca235ef52053	None	?	cosmeticsso_assets_all.bundle
914bf0b04ccbb8845be9dc29faa0f06a	None	?	cosmeticsso_assets_all.bundle
91abc0566c193a243a269fd90083db40	None	?	cosmeticsso_assets_all.bundle
91b06f39477062d43aa649a3ae1ce19a	None	?	cosmeticsso_assets_all.bundle
91c8ec5ae270540baa70539a6c79f2a2	None	?	cosmeticsso_assets_all.bundle
91dfd9e155bb4134e829b947cd45bee0	None	?	cosmeticsso_assets_all.bundle
92bc6929927f743e08c9cb64bddfe713	None	?	cosmeticsso_assets_all.bundle
92cc97b002556e94383fd6fc915ac828	None	?	cosmeticsso_assets_all.bundle
93608b2e1b505fd4b91ce4f420e49bd2	None	?	cosmeticsso_assets_all.bundle
9373ecb3750a34d6a8021645651c1c14	None	?	cosmeticsso_assets_all.bundle
93a7273d14f2d344f90326aec15ad574	None	?	cosmeticsso_assets_all.bundle
93c19f10202844f0a8b3f1de189287de	None	?	cosmeticsso_assets_all.bundle
93c67074ca82af6479e076c0dc4fd7b9	None	?	cosmeticsso_assets_all.bundle
93c95e2c5f3f444c6a6c159fe668f61f	None	?	cosmeticsso_assets_all.bundle
93dddd3ed4a84400995aa841799ae349	None	?	cosmeticsso_assets_all.bundle
93e3582e003c6486ea2ed62ff60d6e79	None	?	cosmeticsso_assets_all.bundle
93f806c87740d0849a582d24d546964f	None	?	cosmeticsso_assets_all.bundle
941aeff2ab8357b4f960db2a7c5f4f37	None	?	cosmeticsso_assets_all.bundle
9499ebb690514ba43ba2cfb080f32a89	None	?	cosmeticsso_assets_all.bundle
94cae131318c741d191eacd4a9bc64b4	None	?	cosmeticsso_assets_all.bundle
94ee70564bc7bb8419037aa8a0a5f40b	None	?	cosmeticsso_assets_all.bundle
955b921880373466895f6ba0cde0deb3	None	?	cosmeticsso_assets_all.bundle
95961fc0101a84f33a25b9155dbee23e	None	?	cosmeticsso_assets_all.bundle
95b6c78eaebb04782ba43d671d042521	None	?	cosmeticsso_assets_all.bundle
95bb8b9a9c137cb4dba958f189a407e1	None	?	cosmeticsso_assets_all.bundle
9636bf3bcf1d2ed4994cecbb001a041d	None	?	cosmeticsso_assets_all.bundle
96c02fc96c0f74e8bb86959e595233f2	None	?	cosmeticsso_assets_all.bundle
96e87edf50d4e40fcac7aed907d074db	None	?	cosmeticsso_assets_all.bundle
97651b29c414c4542b46690a3d8e6422	None	?	cosmeticsso_assets_all.bundle
97866fe5cd39d4aec923bfc01c01ee13	None	?	cosmeticsso_assets_all.bundle
978b1ad669e5f784ab45ba17d74ef7e7	None	?	cosmeticsso_assets_all.bundle
97b4dc9a437506d4dbc9696b000c3a20	None	?	cosmeticsso_assets_all.bundle
97de3e88c31494f4a8699e4b16c52313	None	?	cosmeticsso_assets_all.bundle
97f8d9afdb866ab4fb12dc71dec1ded1	None	?	cosmeticsso_assets_all.bundle
986d43060be5f4a5999479d2ddc28b36	None	?	cosmeticsso_assets_all.bundle
98f63b30437b442429e977418d797866	None	?	cosmeticsso_assets_all.bundle
993eea98ed4cc4681a98cef5140ed8dd	None	?	cosmeticsso_assets_all.bundle
994b5f35f4b0543d88c1893fdf94f2f6	None	?	cosmeticsso_assets_all.bundle
996f6191931e942adaaaeae6a8577d1a	None	?	cosmeticsso_assets_all.bundle
998d9b6810c8542cf8ec39d2f254e8a1	None	?	cosmeticsso_assets_all.bundle
99bb43a027087473fa714288d43d8d3b	None	?	cosmeticsso_assets_all.bundle
9a3213b9e419c47f78954ffb8a52eaec	None	?	cosmeticsso_assets_all.bundle
9a632c985f01746b0a06524fa210ed90	None	?	cosmeticsso_assets_all.bundle
9ab9c88b6cc67460dbef40d7e63625b7	None	?	cosmeticsso_assets_all.bundle
9ac56bd356a72427fb6034c24a839810	None	?	cosmeticsso_assets_all.bundle
9ba6778d8e73f47db95225838c0d0a44	None	?	cosmeticsso_assets_all.bundle
9bb9f4880c8d08345b4a0df4f4f1cbe3	None	?	cosmeticsso_assets_all.bundle
9bee881bfdefd448389183893fddf2d0	None	?	cosmeticsso_assets_all.bundle
9c2d633987ed5b346bd9ae09eca3e236	None	?	cosmeticsso_assets_all.bundle
9c61223848da65e4e8cb16e1f11e0c30	None	?	cosmeticsso_assets_all.bundle
9c80b179c5d9e4f74bea6cda9cf8e501	None	?	cosmeticsso_assets_all.bundle
9d207218f3959024aa5d26b60308a43b	None	?	cosmeticsso_assets_all.bundle
9d2e59619b8be4e9da92bfcce2afedad	None	?	cosmeticsso_assets_all.bundle
9d583a00dfa365e4f9209ba290efe927	None	?	cosmeticsso_assets_all.bundle
9dcb9d6941656456cbba63ba169abc6e	None	?	cosmeticsso_assets_all.bundle
9df6ce979028f469295ee99c7e723320	None	?	cosmeticsso_assets_all.bundle
9e9d9dcd7533e434fac70d58a010ff5b	None	?	cosmeticsso_assets_all.bundle
9ef5c7994eee84ef986b8aa7aae1b93a	None	?	cosmeticsso_assets_all.bundle
9f25fae6b5a1847b2a46aaaee161e030	None	?	cosmeticsso_assets_all.bundle
9f8e7f9d37f8db54f80650043c7c77b3	None	?	cosmeticsso_assets_all.bundle
a01ef6eb65410409b8dbcde339bf16bb	None	?	cosmeticsso_assets_all.bundle
a05504ca87ae7d1438a683faaee4b78d	None	?	cosmeticsso_assets_all.bundle
a05cb87499ca9426fb57b90769ebebd9	None	?	cosmeticsso_assets_all.bundle
a075d96826a87254aab3c2b97037999f	None	?	cosmeticsso_assets_all.bundle
a0807721214944548b08c70715d9ba5a	None	?	cosmeticsso_assets_all.bundle
a0a7ebf7cfdb34db6abc16de89a7e913	None	?	cosmeticsso_assets_all.bundle
a16240587f9312340ab9dd5b27cafa7a	None	?	cosmeticsso_assets_all.bundle
a187c24ab1012a34482f779ada6ef1c7	None	?	cosmeticsso_assets_all.bundle
a1883564155794f3e944249f6b012d0a	None	?	cosmeticsso_assets_all.bundle
a191ae26444394e33848d115da66a9e5	None	?	cosmeticsso_assets_all.bundle
a1e752ab4404342e3be8cefa9235d426	None	?	cosmeticsso_assets_all.bundle
a226d246e95c7e74cbdd440328f4d359	None	?	cosmeticsso_assets_all.bundle
a240c00c1b3e425458b11b1167646e98	None	?	cosmeticsso_assets_all.bundle
a2ac9c653f460294290a6500b8109ead	None	?	cosmeticsso_assets_all.bundle
a2e2bc5ee1452b946bff1d7c9cc7d222	None	?	cosmeticsso_assets_all.bundle
a39c7b421854c4852bc4577f032f77bc	None	?	cosmeticsso_assets_all.bundle
a3f68e1dd8899c94992260ac3430b719	None	?	cosmeticsso_assets_all.bundle
a40f1ef46cfbe4f4c833b42e6f482712	None	?	cosmeticsso_assets_all.bundle
a42ea41ed346e473987e2670db1290ae	None	?	cosmeticsso_assets_all.bundle
a44a8b974addb15409141684ec595cb1	None	?	cosmeticsso_assets_all.bundle
a473b508b45d1454583bf900bffe7bf1	None	?	cosmeticsso_assets_all.bundle
a479cc2d54f1334469e7192da05d674d	None	?	cosmeticsso_assets_all.bundle
a4992191108c54aa7b916e4102b40442	None	?	cosmeticsso_assets_all.bundle
a4c4a8ba760f448718319278f17236da	None	?	cosmeticsso_assets_all.bundle
a53dd41d79e85c7418f7d7ff45a37b17	None	?	cosmeticsso_assets_all.bundle
a572a1603bbd0bc4e867c93727cd24d8	None	?	cosmeticsso_assets_all.bundle
a5b4c611f97e60a4d9d7fcfb0c9bf63c	None	?	cosmeticsso_assets_all.bundle
a6130240daaaf4af7b079763c5435a16	None	?	cosmeticsso_assets_all.bundle
a625006c53f7c914cae46c89734ebc7b	None	?	cosmeticsso_assets_all.bundle
a6bcd7f50a97c474580875bf7e3ed9b4	None	?	cosmeticsso_assets_all.bundle
a71060d3468654007bdfb886df841bf3	None	?	cosmeticsso_assets_all.bundle
a7a99d9d0a83f4ea38fd4e04f7613a56	None	?	cosmeticsso_assets_all.bundle
a8314c1b54d64428b9d66e071914c5a6	None	?	cosmeticsso_assets_all.bundle
a966123e6ee79432892cbdf44be19b6d	None	?	cosmeticsso_assets_all.bundle
a99c6e5199b604ff29f783d95cfa7b56	None	?	cosmeticsso_assets_all.bundle
a9e3cc532f23540b382d22b2b519c94f	None	?	cosmeticsso_assets_all.bundle
aa03304af36804490aa460448c416cb4	None	?	cosmeticsso_assets_all.bundle
aa39227f9a6ac4f4faf32396f892f43c	None	?	cosmeticsso_assets_all.bundle
aa451466404414985bd122e94a69e21e	None	?	cosmeticsso_assets_all.bundle
aa6462a56d6cb4b4f88b5121f9acc1d5	None	?	cosmeticsso_assets_all.bundle
aa679b36a84c54bf9ab209938816a91a	None	?	cosmeticsso_assets_all.bundle
aa99f9d77aa654f44b2a2ccefe3688b4	None	?	cosmeticsso_assets_all.bundle
aad41e6d07774d7478b7fc886b97ac52	None	?	cosmeticsso_assets_all.bundle
aaf1ee0f413aa463591fc3ea56074923	None	?	cosmeticsso_assets_all.bundle
ab395cbf3d80e6048bd75d3bc06dfe97	None	?	cosmeticsso_assets_all.bundle
ab4b87a4443bc4b1c8edd66f9d686a1a	None	?	cosmeticsso_assets_all.bundle
ab593844440a9433ba791d0b2b2568e5	None	?	cosmeticsso_assets_all.bundle
ab768ec149c2843bc89b78721b01c778	None	?	cosmeticsso_assets_all.bundle
ab8893df4dcd94f15aebba75d1706942	None	?	cosmeticsso_assets_all.bundle
abe39a8d7df268d4b82ed296bffcfc37	None	?	cosmeticsso_assets_all.bundle
ac128d46c66b3485485b2e20bffcc5b9	None	?	cosmeticsso_assets_all.bundle
ac198571b48854a429d2f859f0e4ae8b	None	?	cosmeticsso_assets_all.bundle
ac42320fb696144769cc1c9e14bcd0c9	None	?	cosmeticsso_assets_all.bundle
ac8bf09615211453c9a95d6ad90341b1	None	?	cosmeticsso_assets_all.bundle
accdaddacf72b2b4b8f59f60a6e11141	None	?	cosmeticsso_assets_all.bundle
acce166067a3d144b8085dd38ab9bfd6	None	?	cosmeticsso_assets_all.bundle
acf6480590cc62d4f9873c8a214b1027	None	?	cosmeticsso_assets_all.bundle
ad33a531c4fd148e692d468023ba468a	None	?	cosmeticsso_assets_all.bundle
ae0c3eb7796f64868b6044648fa539cc	None	?	cosmeticsso_assets_all.bundle
aea4cbc7efaaa314b9a143d8323addfb	None	?	cosmeticsso_assets_all.bundle
aeda724fd474e4ccb8c16bc82a35d577	None	?	cosmeticsso_assets_all.bundle
aef4f1ef58d826141891a2c3019bd1eb	None	?	cosmeticsso_assets_all.bundle
af0d3c61ab83c934ba1312f6755b35a9	None	?	cosmeticsso_assets_all.bundle
af698a6a1e8cec34582776bfed313ab1	None	?	cosmeticsso_assets_all.bundle
af868b8be921f3c46ba69b7de939dfdd	None	?	cosmeticsso_assets_all.bundle
afa4c23d5227f4ef0b28555326dc25ad	None	?	cosmeticsso_assets_all.bundle
afbd86f5d8e2b40a0baa6d3b19725fbf	None	?	cosmeticsso_assets_all.bundle
b00426f3a797a214b8fe20e531ee09c4	None	?	cosmeticsso_assets_all.bundle
b02d8ef71fb2c4805bd77ada4d24e156	None	?	cosmeticsso_assets_all.bundle
b046e3846a4b04ce69dcf325b45042c4	None	?	cosmeticsso_assets_all.bundle
b0eef403b4b974846abaa967c8fe6765	None	?	cosmeticsso_assets_all.bundle
b12e1b901f9474a1ba89a16b57c2cea0	None	?	cosmeticsso_assets_all.bundle
b140f7e726b372f4a8f1b092ec2e3798	None	?	cosmeticsso_assets_all.bundle
b173464e5ef53cb488c712f166106080	None	?	cosmeticsso_assets_all.bundle
b1836608922634a5da55d1f2c11135e3	None	?	cosmeticsso_assets_all.bundle
b1ba52c156d8b6c4299fe7053b83a755	None	?	cosmeticsso_assets_all.bundle
b1ffce6d249a9c3488ccafa02cd0cbaa	None	?	cosmeticsso_assets_all.bundle
b1ffd75f74c234fad9582c8bb7e8a83a	None	?	cosmeticsso_assets_all.bundle
b257466e5d8e94fedb3077456b90481e	None	?	cosmeticsso_assets_all.bundle
b28ef6a407793104783268382954b8b8	None	?	cosmeticsso_assets_all.bundle
b30a1171734b4f94dad7b25b0a52b1ef	None	?	cosmeticsso_assets_all.bundle
b38d74a614ba61c4188fb394c270c780	None	?	cosmeticsso_assets_all.bundle
b3aef0be91f75dc4a90f0cce631afa08	None	?	cosmeticsso_assets_all.bundle
b44592888f97a9749be5e6bc9470f63e	None	?	cosmeticsso_assets_all.bundle
b44eb03a1dc092a47bada6dee90be887	None	?	cosmeticsso_assets_all.bundle
b46598ba1653b401790368c476d2bba9	None	?	cosmeticsso_assets_all.bundle
b55377843064a0147922bcd1c6479f5c	None	?	cosmeticsso_assets_all.bundle
b55b03c1c4f6c482c958d78cfd8b42c4	None	?	cosmeticsso_assets_all.bundle
b562a4d0c6cac4042aba0586217c2e69	None	?	cosmeticsso_assets_all.bundle
b5dfd463aecd70f489fcc75f79bdbf30	None	?	cosmeticsso_assets_all.bundle
b61534136b4c54a9ea61d8c5612a1dd7	None	?	cosmeticsso_assets_all.bundle
b6724a03a6107458888771110fcf4e1f	None	?	cosmeticsso_assets_all.bundle
b6a598375185a414096d8b71de1d23e5	None	?	cosmeticsso_assets_all.bundle
b74e1beb5943943c6b7e9d747b813156	None	?	cosmeticsso_assets_all.bundle
b8bda71cb4df5b7498e87d3a4e9a520c	None	?	cosmeticsso_assets_all.bundle
b8d6e0e6db867cd429db5c7716c0fc32	None	?	cosmeticsso_assets_all.bundle
b92b58b492a49294ebbe5d2bb17c3c2b	None	?	cosmeticsso_assets_all.bundle
b96ea9659ffeb49eeb25f18607bf1a59	None	?	cosmeticsso_assets_all.bundle
ba151819bbd1de64a915d249cd83cd0d	None	?	cosmeticsso_assets_all.bundle
bac37aa10152e46949423cf367614789	None	?	cosmeticsso_assets_all.bundle
bb05e0699311043619fb32c2c29e7861	None	?	cosmeticsso_assets_all.bundle
bb08c1cc909d69a4ebd3092ef131e633	None	?	cosmeticsso_assets_all.bundle
bb26af09dcbf97d46b5890d8c9fa28ea	None	?	cosmeticsso_assets_all.bundle
bb60ac735fea24983b3d4f7bcc20e83a	None	?	cosmeticsso_assets_all.bundle
bb96dc6c0f6804752834aba6ac1f3f0d	None	?	cosmeticsso_assets_all.bundle
bbb84de0d54314901a38b3fdf25ae4a3	None	?	cosmeticsso_assets_all.bundle
bbc7ebfa97291554ebe96d1f9500d66f	None	?	cosmeticsso_assets_all.bundle
bc1d8864d4251a14f8826d52b94a7f01	None	?	cosmeticsso_assets_all.bundle
bc36b860667bea5439ac00d9a50b223f	None	?	cosmeticsso_assets_all.bundle
bc6ccfbbe1c6a944fa1d498a171704e8	None	?	cosmeticsso_assets_all.bundle
bc95b722eeb0a4ad3b69858f5295237e	None	?	cosmeticsso_assets_all.bundle
bcec03147a3f847e285cb2c5fc05ad9c	None	?	cosmeticsso_assets_all.bundle
bd0a1ce41e072f84196212c05ce7ad9c	None	?	cosmeticsso_assets_all.bundle
bd2c2cbd326e3084f99186ad3e01ce5b	None	?	cosmeticsso_assets_all.bundle
bd7bf781863747047af6841e33eede7c	None	?	cosmeticsso_assets_all.bundle
bd8a61aba9bda42439e8afa58c0fec78	None	?	cosmeticsso_assets_all.bundle
bdb3a8a90a4c34437810155b371f311e	None	?	cosmeticsso_assets_all.bundle
bdb5efa339d7648f99f536f4887d0380	None	?	cosmeticsso_assets_all.bundle
bdf42c67b6e0647b9a8875f4bf9beba2	None	?	cosmeticsso_assets_all.bundle
be2491dd80f1345789826a6c0dfb6fef	None	?	cosmeticsso_assets_all.bundle
be717c80017d37848bf850028952d5c9	None	?	cosmeticsso_assets_all.bundle
befc2159d8568a246b9fd17499733aa7	None	?	cosmeticsso_assets_all.bundle
bf2f8e5c0c697cb48971431250ff4172	None	?	cosmeticsso_assets_all.bundle
bf6d67bfaa02cfa48891576a6bcadda3	None	?	cosmeticsso_assets_all.bundle
bf714fc45d04b4e88823e6f30b3d2044	None	?	cosmeticsso_assets_all.bundle
bfb551d94d4604700a483ddcba029626	None	?	cosmeticsso_assets_all.bundle
bfd0ac864a7704e47a880e4ef60ca881	None	?	cosmeticsso_assets_all.bundle
c04b5a9bbfefbc64e9f24a236a4b602f	None	?	cosmeticsso_assets_all.bundle
c05fd828fb72318428ead00c59b1de7c	None	?	cosmeticsso_assets_all.bundle
c0703187c2424455f825431065ea7d9e	None	?	cosmeticsso_assets_all.bundle
c07b77070733b49b0849002ffa8026ec	None	?	cosmeticsso_assets_all.bundle
c08d414903f40ff42be9422e8182bc3f	None	?	cosmeticsso_assets_all.bundle
c0aeb7f42ad074dbaa69e79987bb3500	None	?	cosmeticsso_assets_all.bundle
c0b35d5a8cc6a1f4d8e8ea8ca8f00696	None	?	cosmeticsso_assets_all.bundle
c0b627430bc2441cba8a08e0df717c7e	None	?	cosmeticsso_assets_all.bundle
c0de6cbe224264619834ed13380a7a36	None	?	cosmeticsso_assets_all.bundle
c1149198a2cf84ac8af07f8678ee3be6	None	?	cosmeticsso_assets_all.bundle
c121e80e8abb242efb3e2ff92d62413f	None	?	cosmeticsso_assets_all.bundle
c14f865753697c84883cd4bb503b5596	None	?	cosmeticsso_assets_all.bundle
c15a6989a68c7bf4697fc2216632e095	None	?	cosmeticsso_assets_all.bundle
c15e35b139926d044aeecbf58d1b0565	None	?	cosmeticsso_assets_all.bundle
c19fb54dc0b2b46d1adca250a28d737c	None	?	cosmeticsso_assets_all.bundle
c1b18eb136bd7564f9a79492291a43f3	None	?	cosmeticsso_assets_all.bundle
c1cdd75459e13420a85d12def59e313d	None	?	cosmeticsso_assets_all.bundle
c1d46a47e74e7104cb6f53a4282d27dd	None	?	cosmeticsso_assets_all.bundle
c212524984ab646b39de777a5c59f27e	None	?	cosmeticsso_assets_all.bundle
c23e1c289ce4b4271b4eb93f4c43d621	None	?	cosmeticsso_assets_all.bundle
c250644c1b5be46fc987ac61654fb4e4	None	?	cosmeticsso_assets_all.bundle
c26c0d1073c1a0c43bde5a59bc3ed71b	None	?	cosmeticsso_assets_all.bundle
c2b81705207264292b4282fde37e81cd	None	?	cosmeticsso_assets_all.bundle
c399138bec0e342bb9c0c15954d0768c	None	?	cosmeticsso_assets_all.bundle
c3a18ede27e6cdf48b67bd5038dbdb7e	None	?	cosmeticsso_assets_all.bundle
c3b6548127bfbdf4eb206c2034bcd1df	None	?	cosmeticsso_assets_all.bundle
c3f3ccf51e6aa461c84e9a1cde9d625a	None	?	cosmeticsso_assets_all.bundle
c3f4fbcbd3327a44abf8af00d1acc527	None	?	cosmeticsso_assets_all.bundle
c48a53573fefa6f469bb30f6ab02d5d9	None	?	cosmeticsso_assets_all.bundle
c494991b08a0b4b4e9eccf6b5bfa45c6	None	?	cosmeticsso_assets_all.bundle
c4f1a99d8116c4442a38a18be88b683d	None	?	cosmeticsso_assets_all.bundle
c5503fa3f4baaae418c6d8195ba3827c	None	?	cosmeticsso_assets_all.bundle
c5d16b15736502047af8361e2d33acdc	None	?	cosmeticsso_assets_all.bundle
c5d3f84a04ae8b443be0e248e07cb27f	None	?	cosmeticsso_assets_all.bundle
c61fd4ec3ad9e47f88ced2c9c5aeee39	None	?	cosmeticsso_assets_all.bundle
c67756d354e9d44589fa1b879ac7ca43	None	?	cosmeticsso_assets_all.bundle
c6849da20fab24771a6733da8d730af3	None	?	cosmeticsso_assets_all.bundle
c699844f5ce03db488bfaa998d2e1bad	None	?	cosmeticsso_assets_all.bundle
c6a007fa9ed4e4ec285b46690323d40c	None	?	cosmeticsso_assets_all.bundle
c6e060b01906d4cff97afd9211488323	None	?	cosmeticsso_assets_all.bundle
c72f82cfd9391ef4a9e6369488d3be69	None	?	cosmeticsso_assets_all.bundle
c79939c3d8c97438980edf66e212c412	None	?	cosmeticsso_assets_all.bundle
c7f7f6ef17abf48dea46d80bf83b1800	None	?	cosmeticsso_assets_all.bundle
c8289836b29309947b1a1d0fae540f4a	None	?	cosmeticsso_assets_all.bundle
c8511ef03cb3643f2ae063114ba910d5	None	?	cosmeticsso_assets_all.bundle
c88e9a3f58c561e4489491ffdb7537b4	None	?	cosmeticsso_assets_all.bundle
c893f487b68734669855c9830d5b151a	None	?	cosmeticsso_assets_all.bundle
c91dff4f11d638e4a9996d21a416497c	None	?	cosmeticsso_assets_all.bundle
c92e309e258cc487da1d1624a5ab7512	None	?	cosmeticsso_assets_all.bundle
c988647bda6594b4c809a0d3a060dfbf	None	?	cosmeticsso_assets_all.bundle
c99ff43ba79d1fa4188b931d9c9c2343	None	?	cosmeticsso_assets_all.bundle
c9c33f3a7c6af3f47b038b406fdfa758	None	?	cosmeticsso_assets_all.bundle
ca4389459fb03d54f932c89a6948abcb	None	?	cosmeticsso_assets_all.bundle
ca970569d07abb54394a417e942d96cb	None	?	cosmeticsso_assets_all.bundle
caaadefb67f2c4f70aed1d3d8bb3b327	None	?	cosmeticsso_assets_all.bundle
cab5fd30002744165aa17910452bf7fb	None	?	cosmeticsso_assets_all.bundle
cad3b95db85b7904eacce00899624928	None	?	cosmeticsso_assets_all.bundle
cb1419b7923f6422f9cac30acff0364b	None	?	cosmeticsso_assets_all.bundle
cb228f66f855a47b8afb86fd67ec2d6e	None	?	cosmeticsso_assets_all.bundle
cb625e40d28c4a348b9f1f9c8af81836	None	?	cosmeticsso_assets_all.bundle
cb99b478fe8f64d41ab9d5ff6cbe1fd0	None	?	cosmeticsso_assets_all.bundle
cbaac4323948bfb43906b1af270ef943	None	?	cosmeticsso_assets_all.bundle
cc1d1b63216fce644a4f7dcbdff7a8c8	None	?	cosmeticsso_assets_all.bundle
cc6b9262df24347a78a50077473c31f3	None	?	cosmeticsso_assets_all.bundle
ccbbff6fc3766224f82217847cd16245	None	?	cosmeticsso_assets_all.bundle
cd2746a4c7ca7b541aeaaa19c21d6c3d	None	?	cosmeticsso_assets_all.bundle
cd32fd2ddd0ef4e3bb1b50b70dc7815e	None	?	cosmeticsso_assets_all.bundle
cdb42fb9acbe8584698a8e60dccef1c0	None	?	cosmeticsso_assets_all.bundle
cdeb1c384f1236e46b8cb8d66741e07e	None	?	cosmeticsso_assets_all.bundle
ce5dee4adcae44ac0af2a4cd81e2c012	None	?	cosmeticsso_assets_all.bundle
ceafdef6bb80945a3861f99ce321f13b	None	?	cosmeticsso_assets_all.bundle
cebb402122b291c4b998aa95c9af550e	None	?	cosmeticsso_assets_all.bundle
cef5e11bbaaf5214f8e8443d39de6001	None	?	cosmeticsso_assets_all.bundle
cf152478e70d4564f9b9d8f0b810646f	None	?	cosmeticsso_assets_all.bundle
cf42783255a1f421f8e494fecbe93a26	None	?	cosmeticsso_assets_all.bundle
cf60b3b5b1a7d43afa3723714de8f4d2	None	?	cosmeticsso_assets_all.bundle
cf753d081d9b6d24388227c286b3ea86	None	?	cosmeticsso_assets_all.bundle
cfba4528871632948a7685359b20d942	None	?	cosmeticsso_assets_all.bundle
cfcbd47a745c1436d8561ea8b2d6edb7	None	?	cosmeticsso_assets_all.bundle
d035f8bda909a7c48805e63f14ccd118	None	?	cosmeticsso_assets_all.bundle
d03b70ce02412844ba331be85b629bc3	None	?	cosmeticsso_assets_all.bundle
d043e6443fbcb4702a7de33fd328ee2d	None	?	cosmeticsso_assets_all.bundle
d047d07dcb153f447943cb16d6258d89	None	?	cosmeticsso_assets_all.bundle
d04c7f75ae146f348a268b618824095d	None	?	cosmeticsso_assets_all.bundle
d0b48738bbbc9421fba353265e39497c	None	?	cosmeticsso_assets_all.bundle
d0c51b60de862554ab0c5ae273327e05	None	?	cosmeticsso_assets_all.bundle
d0fbb5e4d784c5447b2be11697f40792	None	?	cosmeticsso_assets_all.bundle
d139f53f941ce40f88bd07adf20c08ad	None	?	cosmeticsso_assets_all.bundle
d151b0956783643be93696e46e711de6	None	?	cosmeticsso_assets_all.bundle
d17d6d6daf46442d4b6bc277382a76a1	None	?	cosmeticsso_assets_all.bundle
d1d4e5f0969c13244bbd568371564b7b	None	?	cosmeticsso_assets_all.bundle
d1d61020e2cf6664b9f5ab20e7b220e8	None	?	cosmeticsso_assets_all.bundle
d20c66c70f3d14aa9988823e8ee4026b	None	?	cosmeticsso_assets_all.bundle
d2164a5e331214d3abe7a92b0bdf176c	None	?	cosmeticsso_assets_all.bundle
d23ac5f803b6e42e79c530aa587921d2	None	?	cosmeticsso_assets_all.bundle
d280e9b78a91d4d1bb12ec119e78ca29	None	?	cosmeticsso_assets_all.bundle
d2a98590a06f9a14494656132c144abc	None	?	cosmeticsso_assets_all.bundle
d2c7f0e116525e6448fc6cdc860c9542	None	?	cosmeticsso_assets_all.bundle
d2e24d369a88f664583402efdc162f5b	None	?	cosmeticsso_assets_all.bundle
d35fd599b9f3e47f38ff230d75623a7e	None	?	cosmeticsso_assets_all.bundle
d3ab9f4d7e5454b5e81e00391943c245	None	?	cosmeticsso_assets_all.bundle
d4124774ac93149bf8dab6bd8189a6ee	None	?	cosmeticsso_assets_all.bundle
d416ed9f8a341374e9511ca081e04f55	None	?	cosmeticsso_assets_all.bundle
d418a1e4125da46e5aafda24bfda956f	None	?	cosmeticsso_assets_all.bundle
d428bc352f01b9c4f82cc54374cc640a	None	?	cosmeticsso_assets_all.bundle
d4437996193465247b8e07a485b96dc0	None	?	cosmeticsso_assets_all.bundle
d47d44300708e144b823257cf67f2f2c	None	?	cosmeticsso_assets_all.bundle
d496acee924da9b43a4b8465c35f7f7c	None	?	cosmeticsso_assets_all.bundle
d4eb86798f23b3841a058a257871647b	None	?	cosmeticsso_assets_all.bundle
d51198e57c030034cafd16949cf4125e	None	?	cosmeticsso_assets_all.bundle
d5443c35cb4011745adff57bb40ce595	None	?	cosmeticsso_assets_all.bundle
d54990bbbea14f744b14c42b01e0b1c3	None	?	cosmeticsso_assets_all.bundle
d5eb687f83c24b24794613a64f48dff0	None	?	cosmeticsso_assets_all.bundle
d63edb1ba7f3d514c81e1a7d6402e2c4	None	?	cosmeticsso_assets_all.bundle
d6580e52d7f044308a70c9279b98b5cb	None	?	cosmeticsso_assets_all.bundle
d67c6d52d718c00428579cbf146bd31b	None	?	cosmeticsso_assets_all.bundle
d6a30303a8cf8764594b554c2e2346ff	None	?	cosmeticsso_assets_all.bundle
d6c8ba66a8d61446a9993124a0becb59	None	?	cosmeticsso_assets_all.bundle
d6d3c3ed3b50f4d47be60b167694f6b4	None	?	cosmeticsso_assets_all.bundle
d7f95ce0771dd9942a5accf9676c500f	None	?	cosmeticsso_assets_all.bundle
d85730406ecb7ae4aa5a2dc6a068537a	None	?	cosmeticsso_assets_all.bundle
d8699f1bbd99349408129cacbecd6adc	None	?	cosmeticsso_assets_all.bundle
d8b0712ffa6ac4816b368df5350db58f	None	?	cosmeticsso_assets_all.bundle
d8b636469d2584aeababf2a9e6b06fcb	None	?	cosmeticsso_assets_all.bundle
d8cb44d5c433bd643bebaaada3a4071d	None	?	cosmeticsso_assets_all.bundle
d8e5040dcfadf40d7859f0e59df58287	None	?	cosmeticsso_assets_all.bundle
d8f13be62c04a4a5fbbc32f4d7e66bc7	None	?	cosmeticsso_assets_all.bundle
d8fe6f24882c22d4986bd15bca46978c	None	?	cosmeticsso_assets_all.bundle
d921442e3910b5948a5565df5275d3d1	None	?	cosmeticsso_assets_all.bundle
d9481f2f9f65d4c0590159a059344502	None	?	cosmeticsso_assets_all.bundle
d97bb1240a2094e7099d810a44ba5d72	None	?	cosmeticsso_assets_all.bundle
da10c82e137904fd58f3ac1136cb1a45	None	?	cosmeticsso_assets_all.bundle
da1628bfedcde03448ab6c69eca07f85	None	?	cosmeticsso_assets_all.bundle
da2d1ddcfb63e49d3ba9fe099a501a71	None	?	cosmeticsso_assets_all.bundle
da30ed5afd2b94e2b8e79ec6c81b9239	None	?	cosmeticsso_assets_all.bundle
dbaae7b6a8eaf4c679cfa01ec05a3e49	None	?	cosmeticsso_assets_all.bundle
dc1f59da106a343da91e28eee849b841	None	?	cosmeticsso_assets_all.bundle
dc23b01d7f29e45b3b307cc2a25de0a2	None	?	cosmeticsso_assets_all.bundle
dc5867a79fd9a4600a4a639256cb3498	None	?	cosmeticsso_assets_all.bundle
dc6e0e334b6284725a4a4e254da24eb7	None	?	cosmeticsso_assets_all.bundle
dcc404a51614f435799801e719765873	None	?	cosmeticsso_assets_all.bundle
dd54d72e63a454a28a0e9515f447d30e	None	?	cosmeticsso_assets_all.bundle
dd590709eb8591e4c997d3079221294c	None	?	cosmeticsso_assets_all.bundle
ddaf1d47c32f0402eba93fda5c32f65d	None	?	cosmeticsso_assets_all.bundle
de08362f6b0787c4e8cad5ffe300b257	None	?	cosmeticsso_assets_all.bundle
de6c1803bd6757445ae40be80746b862	None	?	cosmeticsso_assets_all.bundle
dea275436fb795f419cd048f6c48a8d8	None	?	cosmeticsso_assets_all.bundle
deb457652eb4c194caf22a17542d3b32	None	?	cosmeticsso_assets_all.bundle
e01af8cbf37874586993ca3d837fade4	None	?	cosmeticsso_assets_all.bundle
e027c5d274b9e0843bc6919a9936e2a4	None	?	cosmeticsso_assets_all.bundle
e02a19a87c59945c3b424c194f4fa3f9	None	?	cosmeticsso_assets_all.bundle
e04e12af3e5c44e43ae207fdf2d3e153	None	?	cosmeticsso_assets_all.bundle
e0607505d6f494268af7d01bfaefc2d4	None	?	cosmeticsso_assets_all.bundle
e07fa49123af746ebb7a7c5eba553ca5	None	?	cosmeticsso_assets_all.bundle
e08de2d4885614ff28a4f9e6494d5f35	None	?	cosmeticsso_assets_all.bundle
e0d4322c1155c854bac4a59360a95022	None	?	cosmeticsso_assets_all.bundle
e0d7eafb817ef4ac190583ced2ad0a43	None	?	cosmeticsso_assets_all.bundle
e0ed67f5dabd99f45a8211961b21a233	None	?	cosmeticsso_assets_all.bundle
e11e2c1ee6914493484993c98097e364	None	?	cosmeticsso_assets_all.bundle
e12f3f78ca924574883aeb2e2c5bb101	None	?	cosmeticsso_assets_all.bundle
e156fbc1b01d86449937f7bdb34840b1	None	?	cosmeticsso_assets_all.bundle
e181cff72c46f4e449d31bbc727cfe29	None	?	cosmeticsso_assets_all.bundle
e1bb2fcb17d8d4159a89961f065c05ef	None	?	cosmeticsso_assets_all.bundle
e1e4b4348b5e76f4bbe38ce1f6098093	None	?	cosmeticsso_assets_all.bundle
e1e64b6815cb24db488d55f9e333b5ec	None	?	cosmeticsso_assets_all.bundle
e1fc99715ad363f4b905c2be16fc5a3b	None	?	cosmeticsso_assets_all.bundle
e290b8f5e8942e94fa46bc244e26c3ca	None	?	cosmeticsso_assets_all.bundle
e370ec9e2242bd14ab81fad4d48612b0	None	?	cosmeticsso_assets_all.bundle
e38198b47908c4816afa26ba847fcb34	None	?	cosmeticsso_assets_all.bundle
e38e00ba3dd4d33428ac28d18bb5e144	None	?	cosmeticsso_assets_all.bundle
e3d7b2bfdb56fbc4aaa40c354f322350	None	?	cosmeticsso_assets_all.bundle
e3ed0b23ff859d04788fb4609648615d	None	?	cosmeticsso_assets_all.bundle
e423a540a2b26b54e9329115191088d4	None	?	cosmeticsso_assets_all.bundle
e497053f8631b446e9253ba71bb1df81	None	?	cosmeticsso_assets_all.bundle
e4bcfea580c6f4e0c964a9e0021ee8e0	None	?	cosmeticsso_assets_all.bundle
e4c3e90d608c14094b4806acd08ac1fc	None	?	cosmeticsso_assets_all.bundle
e53dab436fb304ab2ae0002427e2ed1d	None	?	cosmeticsso_assets_all.bundle
e55143eb87e8a584babe700e1f23e4f1	None	?	cosmeticsso_assets_all.bundle
e589afe38c11c4cf1a986866fc021812	None	?	cosmeticsso_assets_all.bundle
e5d70ebb972ccee4a9933da22ba3e340	None	?	cosmeticsso_assets_all.bundle
e60ebbaf38b517a4abe5593b340cff6c	None	?	cosmeticsso_assets_all.bundle
e60fd38d16182734a860bedeb7c7be49	None	?	cosmeticsso_assets_all.bundle
e618414b92abc43fe88db24fb879c539	None	?	cosmeticsso_assets_all.bundle
e61a3d1c7246ae4488508e9e637d7eb1	None	?	cosmeticsso_assets_all.bundle
e64cf32694eca9049a7385f7a3563fb3	None	?	cosmeticsso_assets_all.bundle
e66e7655ce6317643bad5c33ae41b90e	None	?	cosmeticsso_assets_all.bundle
e68b5a9369bd046f2b52990c0d5e138e	None	?	cosmeticsso_assets_all.bundle
e6db5d3a50b0fb7499c0759e2b1277f3	None	?	cosmeticsso_assets_all.bundle
e6f0c6264d47b4416a3a5d009dffb216	None	?	cosmeticsso_assets_all.bundle
e768a7b0dce959d4a8374064889d73e0	None	?	cosmeticsso_assets_all.bundle
e7811fc469c6645baad2cc05771b01ce	None	?	cosmeticsso_assets_all.bundle
e786ee87fb8992f4bbe61fa06a2a287f	None	?	cosmeticsso_assets_all.bundle
e7a267fcb13b143d9be730d46f7014d8	None	?	cosmeticsso_assets_all.bundle
e7ac9656b77794cdfacbb171a9868402	None	?	cosmeticsso_assets_all.bundle
e807c51f8e6564c929ec844f69809c82	None	?	cosmeticsso_assets_all.bundle
e8cb0e74778b04ea99be6261abf58cf0	None	?	cosmeticsso_assets_all.bundle
e8dfbb3f9ffbc9a4fa55ac1fe311e70e	None	?	cosmeticsso_assets_all.bundle
e94369489868044e1899ba488f5fb23d	None	?	cosmeticsso_assets_all.bundle
e958fcffa74354284bfdc291adb42d3f	None	?	cosmeticsso_assets_all.bundle
e95f3468da37347749c0f2cc75ea8727	None	?	cosmeticsso_assets_all.bundle
e98b19e5b107e454381e56f20d6f9021	None	?	cosmeticsso_assets_all.bundle
e9a14c883d0574c7b8219f34cf263917	None	?	cosmeticsso_assets_all.bundle
ea0a0146f4d21f44e8a3eb125792cc0d	None	?	cosmeticsso_assets_all.bundle
ea35e7bbf783946f7b911ca56ec04869	None	?	cosmeticsso_assets_all.bundle
ea3d481ecbc594f4ea262620211a132f	None	?	cosmeticsso_assets_all.bundle
ea4e1d2fe263846eabd706f3afe734f0	None	?	cosmeticsso_assets_all.bundle
ea50ddd6d5e884bd5b949a6d5a6dd525	None	?	cosmeticsso_assets_all.bundle
ea790025e5b6d4478b6bd6b7db921e0c	None	?	cosmeticsso_assets_all.bundle
ea9c567efb5cb463db206a92e22087b2	None	?	cosmeticsso_assets_all.bundle
eb4625d99ca004c36b2fc32adb30d2e4	None	?	cosmeticsso_assets_all.bundle
ebbe8c72163b30648b14cf8c06859d43	None	?	cosmeticsso_assets_all.bundle
ec27d5afb124742d5902c22804b49255	None	?	cosmeticsso_assets_all.bundle
ec29e15fe2841b04d8b67f0accbc5592	None	?	cosmeticsso_assets_all.bundle
ec62d809069212c4da18d66eb8ab1818	None	?	cosmeticsso_assets_all.bundle
ec7040eeb443348fa9f03aae2638e38e	None	?	cosmeticsso_assets_all.bundle
ec98c47cb659f451d8c6f828b9533f90	None	?	cosmeticsso_assets_all.bundle
ecc49b412ee05ab489b3a52ac0f5e88d	None	?	cosmeticsso_assets_all.bundle
ece0b3d016421264caef6447e04993a3	None	?	cosmeticsso_assets_all.bundle
ed82702717e3f470b834577a6e4d87d2	None	?	cosmeticsso_assets_all.bundle
ede43eca2fe514e9f9bf0593dbac2a76	None	?	cosmeticsso_assets_all.bundle
ede4b2c9f4266447cbc22e4391ed1d9a	None	?	cosmeticsso_assets_all.bundle
edead56de80d8f94cbe76c0a7394ea26	None	?	cosmeticsso_assets_all.bundle
edff9e37f4fbb4e90873474ef47b1456	None	?	cosmeticsso_assets_all.bundle
ee23e7e0aa311a443abbd4a3ad0b3b67	None	?	cosmeticsso_assets_all.bundle
ee34ed8070cfc414b92e75c1b8a54bfe	None	?	cosmeticsso_assets_all.bundle
ee63fd7c60aba46b18bfe49667c12009	None	?	cosmeticsso_assets_all.bundle
ee662b45aa1ba5644971e88069b21a37	None	?	cosmeticsso_assets_all.bundle
ee9ea46554ba64ac29c32f3f28b7aa52	None	?	cosmeticsso_assets_all.bundle
eee596048c62a4da2be04e7481acc698	None	?	cosmeticsso_assets_all.bundle
eeff9f0b081fdd14fa89a24679f838af	None	?	cosmeticsso_assets_all.bundle
ef121cd8ef76b487fb76b9078f1d706c	None	?	cosmeticsso_assets_all.bundle
f03bed23323a2467099ef005cede9b0f	None	?	cosmeticsso_assets_all.bundle
f0acaba99f78697458e10fa710fe6086	None	?	cosmeticsso_assets_all.bundle
f0d4432d241d5ad40a23154af07c7f77	None	?	cosmeticsso_assets_all.bundle
f0da937cb8e3b764eb8a3138faad9b13	None	?	cosmeticsso_assets_all.bundle
f111feab7cddb014aba8a3d686dc7bf6	None	?	cosmeticsso_assets_all.bundle
f133c98cf782a48cdacfdf74561bb2d0	None	?	cosmeticsso_assets_all.bundle
f167a75c190f145a99ff788565827d8a	None	?	cosmeticsso_assets_all.bundle
f16fc3ab87ae344bf88234bd8da28f9e	None	?	cosmeticsso_assets_all.bundle
f186465ebc5f84bddbfada5432ece165	None	?	cosmeticsso_assets_all.bundle
f19ee801fa9864a8bb59af8b63531dd2	None	?	cosmeticsso_assets_all.bundle
f1e3c37fb1014f34eaca5297eacebb70	None	?	cosmeticsso_assets_all.bundle
f1e60a9c3a0af433abfa05baac1fdcac	None	?	cosmeticsso_assets_all.bundle
f1fdacf1c12e9470c80d9a398440f17c	None	?	cosmeticsso_assets_all.bundle
f201f7233c26c48b7b07ff4ba4e9ca95	None	?	cosmeticsso_assets_all.bundle
f209366bacd15d9408e93a63393c1f2e	None	?	cosmeticsso_assets_all.bundle
f2715702bc4894624a300ea4629ce161	None	?	cosmeticsso_assets_all.bundle
f289be3d82cfa4e45be9d6706ace27e1	None	?	cosmeticsso_assets_all.bundle
f346740e5baa6435cb4975b5ef7d61ca	None	?	cosmeticsso_assets_all.bundle
f3598a744bd34ca4fb59319de4423b88	None	?	cosmeticsso_assets_all.bundle
f36b4826759f684418d2f51267bc92f4	None	?	cosmeticsso_assets_all.bundle
f37d4095e41254dd7aab5a3545a8fd6e	None	?	cosmeticsso_assets_all.bundle
f3889bf976c2840e19564535c902b2ff	None	?	cosmeticsso_assets_all.bundle
f3dcb065881bf4261b052056c5e44cd7	None	?	cosmeticsso_assets_all.bundle
f42e239fa4c470d40861186cc0cfb70a	None	?	cosmeticsso_assets_all.bundle
f44c14127496048439f280d541cc28f4	None	?	cosmeticsso_assets_all.bundle
f46bc6d9b7dfd49869afa5803596233d	None	?	cosmeticsso_assets_all.bundle
f47a1f919e3bec74f996154dfae90614	None	?	cosmeticsso_assets_all.bundle
f4cb5de124f285147843d84f67c99353	None	?	cosmeticsso_assets_all.bundle
f4db9c13619c94fd38229afc6f83338c	None	?	cosmeticsso_assets_all.bundle
f575d0adc7643044ebf30a1ee0bd3bc4	None	?	cosmeticsso_assets_all.bundle
f57d438e5b855406c9b320a70185d88c	None	?	cosmeticsso_assets_all.bundle
f5af9c738b68c8d43af6f8597a9f8273	None	?	cosmeticsso_assets_all.bundle
f5b6afa7fb81a4340a7aa587fd8f4343	None	?	cosmeticsso_assets_all.bundle
f6389f6eb93e74c44b7824cdeb696af2	None	?	cosmeticsso_assets_all.bundle
f670a94e65f17dc4e8df53735fae9b85	None	?	cosmeticsso_assets_all.bundle
f6f8902bba963d6499a2e62b69699372	None	?	cosmeticsso_assets_all.bundle
f6f8d0cd8dff09f40a06a9e484f66151	None	?	cosmeticsso_assets_all.bundle
f747d3ee0d1947f468ca95fd18425162	None	?	cosmeticsso_assets_all.bundle
f754c839904f6c64e9332692283ef9c2	None	?	cosmeticsso_assets_all.bundle
f75b618d8f523db4a8c3f865838b274e	None	?	cosmeticsso_assets_all.bundle
f7fe2742b7cb1f345848e516361ecbce	None	?	cosmeticsso_assets_all.bundle
f8170072910b74fb9ad63eced537fb41	None	?	cosmeticsso_assets_all.bundle
f843a0b6a8c984a6c916add9c282af28	None	?	cosmeticsso_assets_all.bundle
f8cfa01b815472a449fbaa8a533e52f5	None	?	cosmeticsso_assets_all.bundle
f93fc8030c9c02541b5b17bf086b818e	None	?	cosmeticsso_assets_all.bundle
f947867a89790314dad6fd816fd41c92	None	?	cosmeticsso_assets_all.bundle
f97c92bd8468c43b1b801a51d305b007	None	?	cosmeticsso_assets_all.bundle
f9abf234ae78a48ed9c4a8ae5f5608b6	None	?	cosmeticsso_assets_all.bundle
fa1a9a00ceb38403b8c5ba5bc2f3ccff	None	?	cosmeticsso_assets_all.bundle
fa360f63edba9a44cb750cca689f2f13	None	?	cosmeticsso_assets_all.bundle
fa399d34bd64499468461a2d777606f7	None	?	cosmeticsso_assets_all.bundle
fa3eebf98ffc34d99817a3fc9ada8b9e	None	?	cosmeticsso_assets_all.bundle
faaf645b07cc0354e91030776aed007c	None	?	cosmeticsso_assets_all.bundle
fabeb8e11375e4edaa1a6f46fb6c269a	None	?	cosmeticsso_assets_all.bundle
fadc9fbad6cdd43d7920b228ceed9241	None	?	cosmeticsso_assets_all.bundle
fae6c1bc7974fb3438f87997210743e5	None	?	cosmeticsso_assets_all.bundle
faf519c435e1f47f2a710cc5edd7a471	None	?	cosmeticsso_assets_all.bundle
fb0aaf6fb7f7fbb4ea237e073fc8a82c	None	?	cosmeticsso_assets_all.bundle
fb3f51f6dae004fe78370e83e4a67327	None	?	cosmeticsso_assets_all.bundle
fb6359608cbad4f56a4044b9392ac172	None	?	cosmeticsso_assets_all.bundle
fbcfcd1eb2b211a46816348a6504787f	None	?	cosmeticsso_assets_all.bundle
fbdeda634acba459ea67d5b798c84bf9	None	?	cosmeticsso_assets_all.bundle
fbf13f48293f00349a09dabde0152ed6	None	?	cosmeticsso_assets_all.bundle
fc47a23951ef543d78f08307a0bbfbf5	None	?	cosmeticsso_assets_all.bundle
fc6339eae92ab124aa0d08706d798edd	None	?	cosmeticsso_assets_all.bundle
fcc399ddfa14585468a1d9e8d67dc0f6	None	?	cosmeticsso_assets_all.bundle
fcce40450ad5b4b2d9e27fec249c0520	None	?	cosmeticsso_assets_all.bundle
fced83f1c139fca479f1766370232fe4	None	?	cosmeticsso_assets_all.bundle
fd09c8e54447a4600bc912ec516eb3e2	None	?	cosmeticsso_assets_all.bundle
fd54d1608e3b24f7e9548fa7ca096401	None	?	cosmeticsso_assets_all.bundle
fd636931cc69a0646a27ed481dfda106	None	?	cosmeticsso_assets_all.bundle
fd891e9060d53d246b11220c31366a03	None	?	cosmeticsso_assets_all.bundle
fda20a075929af3479a9b7c7d2e1b14a	None	?	cosmeticsso_assets_all.bundle
fdab864c577a741a79184cff257b903b	None	?	cosmeticsso_assets_all.bundle
fdb70bc0cc533e54ea4a84543257ea5b	None	?	cosmeticsso_assets_all.bundle
fdc07d12eb262124eb1eef25f920651c	None	?	cosmeticsso_assets_all.bundle
fdd6bb9f477b667418f371abbcc32a49	None	?	cosmeticsso_assets_all.bundle
fefc413841dcb4f2488270d5d371bf92	None	?	cosmeticsso_assets_all.bundle
ff53e1ae017a94f6c97500128cf0079f	None	?	cosmeticsso_assets_all.bundle
ff7a28d20c2144d498b0cec80aeb3d60	None	?	cosmeticsso_assets_all.bundle
ff815f54810984fbeb42562dd437db27	None	?	cosmeticsso_assets_all.bundle
ff8948afd061342ebb0ebb49ae5899c9	None	?	cosmeticsso_assets_all.bundle
ff8b1d4a5790846d883a519703954328	None	?	cosmeticsso_assets_all.bundle
ff971bd3b3ed8f94e93a55f3e66c2d1f	None	?	cosmeticsso_assets_all.bundle
ff974079e2d94ed428a5e31fcf0a584b	None	?	cosmeticsso_assets_all.bundle
ffad54fdd72e6084dbecf898fc8999b0	None	?	cosmeticsso_assets_all.bundle
ffe1017d97a551447b356b26de8c0814	None	?	cosmeticsso_assets_all.bundle
02ca087aca5354504a0c433185fd2222	None	?	deckselectionbuttons_assets_all.bundle
0348d6f8a023b438b820749afa6739d1	None	?	deckselectionbuttons_assets_all.bundle
06ac62336bf134b5eb2b35fa3a15b7e4	None	?	deckselectionbuttons_assets_all.bundle
07db658c79d2b5f418532781ec19611b	None	?	deckselectionbuttons_assets_all.bundle
0a40ac696f0d94dfb9b91e78563440a2	None	?	deckselectionbuttons_assets_all.bundle
0e6631c1f7d27634582bc17b6814dfe5	None	?	deckselectionbuttons_assets_all.bundle
0f55161c0451845e89083b61b7559697	None	?	deckselectionbuttons_assets_all.bundle
132a28c69e2984e75886c054791c4401	None	?	deckselectionbuttons_assets_all.bundle
143a954c0652049988ec6ab3649dd595	None	?	deckselectionbuttons_assets_all.bundle
149afa32e471e484e8e67bf574575c8a	None	?	deckselectionbuttons_assets_all.bundle
1746fa6fa57064998bdb032c8f2fe0dd	None	?	deckselectionbuttons_assets_all.bundle
1dc3aee72522e414bb8d13dbd77fbc8c	None	?	deckselectionbuttons_assets_all.bundle
1ec4bb9737a1440cca3553eb4b0c6f20	None	?	deckselectionbuttons_assets_all.bundle
210c6fb3d97cb493e8c1545018e072ef	None	?	deckselectionbuttons_assets_all.bundle
22ea6860c28ca4065814b31c3bf1eab5	None	?	deckselectionbuttons_assets_all.bundle
232e856acf8c541e291cdef970f2c42d	None	?	deckselectionbuttons_assets_all.bundle
24b980f2db593415ca34d3da4ff2461e	None	?	deckselectionbuttons_assets_all.bundle
24db37e5c8973f941b1a361e32a54549	None	?	deckselectionbuttons_assets_all.bundle
26da51e31fdc44b93a54beb5d76ba55e	None	?	deckselectionbuttons_assets_all.bundle
276fc20a055364af98b6fe74e9c8c9a9	None	?	deckselectionbuttons_assets_all.bundle
27fd4cc41cd973542a391ce37397b0de	None	?	deckselectionbuttons_assets_all.bundle
280438734f72243ab86309fbe049566b	None	?	deckselectionbuttons_assets_all.bundle
291e58499bfab444c8331976ae4a201a	None	?	deckselectionbuttons_assets_all.bundle
2a21ea45284e748b2b34f2dc8f613aeb	None	?	deckselectionbuttons_assets_all.bundle
2a7c88c774dda4709844c3aaa96ab1a9	None	?	deckselectionbuttons_assets_all.bundle
2a90f3d7769ea431da396de52a55bac5	None	?	deckselectionbuttons_assets_all.bundle
2fa204571541e456ca5e666929889331	None	?	deckselectionbuttons_assets_all.bundle
370c97344c51045118f53ba7af11e952	None	?	deckselectionbuttons_assets_all.bundle
38a7489189030452d9e2c2e675aac9a3	None	?	deckselectionbuttons_assets_all.bundle
3b5fd896eaba75349bff0cc29baa3fed	None	?	deckselectionbuttons_assets_all.bundle
3e713c650f643fe469589e93f81a1fdf	None	?	deckselectionbuttons_assets_all.bundle
41188cd5a3a5f493f85fe849d07304a9	None	?	deckselectionbuttons_assets_all.bundle
489057792aa514268b06d5cc1c07bc1e	None	?	deckselectionbuttons_assets_all.bundle
4fe042e43786a41f281772cd7613bcdc	None	?	deckselectionbuttons_assets_all.bundle
50d1aef13efa742568f54057e2c16bd7	None	?	deckselectionbuttons_assets_all.bundle
518021728fce94d9185fc9063d25692f	None	?	deckselectionbuttons_assets_all.bundle
52b700f265f7c4a128b71282e3ea7ddd	None	?	deckselectionbuttons_assets_all.bundle
54ab05753080a4401b0e3198707052a9	None	?	deckselectionbuttons_assets_all.bundle
5780a88cc47ad344f8e0c98eae2bb4c1	None	?	deckselectionbuttons_assets_all.bundle
5ae00c4cc72fe4b7faf218fad178a3fd	None	?	deckselectionbuttons_assets_all.bundle
5e8f01add08c0437f855e725d53ef43b	None	?	deckselectionbuttons_assets_all.bundle
64fe10b1e168e4011a3607aca62efe43	None	?	deckselectionbuttons_assets_all.bundle
6527f2c67ded84e81a6bd640bfad17e4	None	?	deckselectionbuttons_assets_all.bundle
664377ae98a904237b89e44c70c1df72	None	?	deckselectionbuttons_assets_all.bundle
679643654ec25414388c681fdcdd8849	None	?	deckselectionbuttons_assets_all.bundle
6f4ff4ff1577a45ea8e53fe45063b493	None	?	deckselectionbuttons_assets_all.bundle
7078e1c38cd1c49698bca993bd41ad46	None	?	deckselectionbuttons_assets_all.bundle
753071026f3b64e99bb695e21d6c942b	None	?	deckselectionbuttons_assets_all.bundle
78115e8dcf68c435f8383372e71a9a14	None	?	deckselectionbuttons_assets_all.bundle
7cf32de2830b34c0d9393f5b6ec4f547	None	?	deckselectionbuttons_assets_all.bundle
7ec641ae86eb347dba66f2a479f323c5	None	?	deckselectionbuttons_assets_all.bundle
82441b231bc494e7b83d492d3c402362	None	?	deckselectionbuttons_assets_all.bundle
861a3f169facf4500a6e5ef81ffe2409	None	?	deckselectionbuttons_assets_all.bundle
875bedf991dc1483880976ec1e5a560f	None	?	deckselectionbuttons_assets_all.bundle
89efd7e8db47e624b94cb47d49ecbdb8	None	?	deckselectionbuttons_assets_all.bundle
8bfdeb297c0434cf38246cb110d5fe34	None	?	deckselectionbuttons_assets_all.bundle
8f13fff3dfaa24bdc8886669d4610280	None	?	deckselectionbuttons_assets_all.bundle
901005e58ea1e47c5b0ece7689530e7a	None	?	deckselectionbuttons_assets_all.bundle
92a022b27cdf343289be4ded7a1527bd	None	?	deckselectionbuttons_assets_all.bundle
930ba4d9add08084191f978479d4db6c	None	?	deckselectionbuttons_assets_all.bundle
96dee3d1a273f4906b3743a1926dcaf8	None	?	deckselectionbuttons_assets_all.bundle
9a5dbae71c6884eb4a8cabc6a0f6f594	None	?	deckselectionbuttons_assets_all.bundle
9cb856537c6844676a5710685a2f08b1	None	?	deckselectionbuttons_assets_all.bundle
9d25d3fd13dbe4134bd9330874d839dd	None	?	deckselectionbuttons_assets_all.bundle
ad5b2f427bdaa416eab75b60fa1ddd5f	None	?	deckselectionbuttons_assets_all.bundle
b22b5cc267143b44290450f65912d0f1	None	?	deckselectionbuttons_assets_all.bundle
b7ca06cf7aae2fe46af616b780145d89	None	?	deckselectionbuttons_assets_all.bundle
b7eea6f622de94c9ab5db811ac7bb261	None	?	deckselectionbuttons_assets_all.bundle
b89c4ed6ec2e54058bb4ba1988d3e96d	None	?	deckselectionbuttons_assets_all.bundle
b983a45cf6b884aee8bda257e6de6369	None	?	deckselectionbuttons_assets_all.bundle
ba379235dc6a442a98dc6881feb0fa68	None	?	deckselectionbuttons_assets_all.bundle
c136763bc5fee422f90ef99f30cb0a78	None	?	deckselectionbuttons_assets_all.bundle
c2b90f04d527544439af05129d2f1252	None	?	deckselectionbuttons_assets_all.bundle
c3deeff57a6f44cf29a244ec0d661642	None	?	deckselectionbuttons_assets_all.bundle
c52376065a0b8405b89d55d985eecd9b	None	?	deckselectionbuttons_assets_all.bundle
c695277c48c414edca64304e99d0b94d	None	?	deckselectionbuttons_assets_all.bundle
d34b66c488f3f4a62816169da4317853	None	?	deckselectionbuttons_assets_all.bundle
d920325afe52d4c2ea960197b669b990	None	?	deckselectionbuttons_assets_all.bundle
d98e7b36191db43d0bde6817b71061d8	None	?	deckselectionbuttons_assets_all.bundle
d9dd892e4d61145abb2b357306169af0	None	?	deckselectionbuttons_assets_all.bundle
daa5cda62257843e382c8df498f4d80e	None	?	deckselectionbuttons_assets_all.bundle
df87fb3d885dd484db3b427ae3790039	None	?	deckselectionbuttons_assets_all.bundle
e2982b13cb58246d0958a35c35028cca	None	?	deckselectionbuttons_assets_all.bundle
e2fcf4f7db26d418e81702308f9b85c7	None	?	deckselectionbuttons_assets_all.bundle
ea93fc7f072b94cac9abed03c21c2385	None	?	deckselectionbuttons_assets_all.bundle
eb5c1043cc96c4c51ade481a1cb1c894	None	?	deckselectionbuttons_assets_all.bundle
f096c0983122349bcb0b29401c1d9e8e	None	?	deckselectionbuttons_assets_all.bundle
f44b88c841d70481cbafef196510ba86	None	?	deckselectionbuttons_assets_all.bundle
f4ab18f32d4b34ce98de34637a6d5bdc	None	?	deckselectionbuttons_assets_all.bundle
f50ee6d6659e7b4469e85ae9e6fa6abb	None	?	deckselectionbuttons_assets_all.bundle
f81df27f7f5b8aa42b7969c430a1a885	None	?	deckselectionbuttons_assets_all.bundle
fbf35eb8320b44e4a98656a60fa6567e	None	?	deckselectionbuttons_assets_all.bundle
fe1e1228cacb29a47b296037c18d95ef	None	?	deckselectionbuttons_assets_all.bundle
fe46057a8298048269b63fc93cc7ec71	None	?	deckselectionbuttons_assets_all.bundle
ff9f0853fd8df49cb9dedd033e2913f0	None	?	deckselectionbuttons_assets_all.bundle
ffd6c4665db6d4da586a3286b79a4627	None	?	deckselectionbuttons_assets_all.bundle
0052c7c44b46f45618cf08968d78f318	None	?	draftpacks_assets_all.bundle
007728e39c7284c4a923838deec1763f	None	?	draftpacks_assets_all.bundle
009faae5170501a48a28c504dae323bc	None	?	draftpacks_assets_all.bundle
018fed855f934d64cb2be762a2d3c5b8	None	?	draftpacks_assets_all.bundle
01cf5ce8b5cb6784abf67d4b81aa1c4d	None	?	draftpacks_assets_all.bundle
01d0640d73a22594f99cdfaddd48de78	None	?	draftpacks_assets_all.bundle
024fe68d990e16746b524a55f7a95485	None	?	draftpacks_assets_all.bundle
02a7978b5bb2cb644971b460ff8a32a6	None	?	draftpacks_assets_all.bundle
02d59238e65877e4badb89731106330c	None	?	draftpacks_assets_all.bundle
02fd023478260fc4a8fb2b2737581fac	None	?	draftpacks_assets_all.bundle
030045a5097224202910df0786cd5e40	None	?	draftpacks_assets_all.bundle
03539c6994f672d40b06609aeef98f34	None	?	draftpacks_assets_all.bundle
03d94eefd3999f842b8f6a04118e8ef0	None	?	draftpacks_assets_all.bundle
03f69079fb1821247bf7f542695f5d75	None	?	draftpacks_assets_all.bundle
04a4090bfb4734dfebd5f1e1361e118f	None	?	draftpacks_assets_all.bundle
04dcd6fddb6ff6446a4635e430bdac9a	None	?	draftpacks_assets_all.bundle
04ef0bd1971fde44e906f79f77c5ed0c	None	?	draftpacks_assets_all.bundle
051d5773c7f3f714089daa1cc6374f69	None	?	draftpacks_assets_all.bundle
0621234c49ebdaa4aaea291fc1d13fec	None	?	draftpacks_assets_all.bundle
066cf63f1a42a2143b5c56629ef9046f	None	?	draftpacks_assets_all.bundle
06ba94f87b8ff314b84c767a6e6a7602	None	?	draftpacks_assets_all.bundle
07387c2af421047a0808fdc7cb2e5d09	None	?	draftpacks_assets_all.bundle
077c32960b622a84aa40faf99282094c	None	?	draftpacks_assets_all.bundle
07a345c09018a484fa6462950af1b855	None	?	draftpacks_assets_all.bundle
07cb8d1f148c7964cb5d4e5a41549035	None	?	draftpacks_assets_all.bundle
07e747d043db9024c8321b9f21669721	None	?	draftpacks_assets_all.bundle
07e76ed8e8ed1d64eb570790955e789a	None	?	draftpacks_assets_all.bundle
082a093c049c3b84db521f28ac77325a	None	?	draftpacks_assets_all.bundle
0863bf3ef418ae84f9ba553c7577457d	None	?	draftpacks_assets_all.bundle
08a947ad3ee4bff49a81b2bfa5ee4da6	None	?	draftpacks_assets_all.bundle
08ba9b8adf395984395776066be07b59	None	?	draftpacks_assets_all.bundle
08cb38c15d98f4614914c1f332f7b903	None	?	draftpacks_assets_all.bundle
08edef032135d2c4cb33108471064ab7	None	?	draftpacks_assets_all.bundle
09730de63b4d54383a1ef9c11dcebaa9	None	?	draftpacks_assets_all.bundle
098269af29b6ce44a8c4ff5eae08d64a	None	?	draftpacks_assets_all.bundle
0a164cb8f0e503740a5302943bcaffd9	None	?	draftpacks_assets_all.bundle
0a69e9521d6de1142856739c2a44e428	None	?	draftpacks_assets_all.bundle
0ae0af51b1fa07e40bcbce65aa9aba22	None	?	draftpacks_assets_all.bundle
0ae1d4512fe27f2439c301f511cf4350	None	?	draftpacks_assets_all.bundle
0b01c3dee575cb9409610287eb08cd62	None	?	draftpacks_assets_all.bundle
0b0378030ecec82439ea53a1e79d4117	None	?	draftpacks_assets_all.bundle
0b1c22ed4dfd2434c99103ffb5b29e56	None	?	draftpacks_assets_all.bundle
0c5e29e8106cd478cb49f458b0139a63	None	?	draftpacks_assets_all.bundle
0c6a1d6a36c28184fb04560366b73765	None	?	draftpacks_assets_all.bundle
0df551a5783cbf24b9f713b969f0e9d0	None	?	draftpacks_assets_all.bundle
0e33596a03dbf294fa306f7ba6e9a544	None	?	draftpacks_assets_all.bundle
0eb0e75615ce8ec4097b57b205dc3287	None	?	draftpacks_assets_all.bundle
0ef99d10e9f2c2b4e82a82374f1aa62d	None	?	draftpacks_assets_all.bundle
0f2b12c04dd05cd439203ab5ad96872b	None	?	draftpacks_assets_all.bundle
0f73a4a13d40a8c42967e9af9a86e4e4	None	?	draftpacks_assets_all.bundle
0f895bc9d61860646a78eaec2203c8af	None	?	draftpacks_assets_all.bundle
0f8b01252384a4b94afdbb0ebf4de0e3	None	?	draftpacks_assets_all.bundle
0fac7be31e5df48d89dd5957d6d8f2c6	None	?	draftpacks_assets_all.bundle
0fe7904e2e93b4348a01d6e95dfc8568	None	?	draftpacks_assets_all.bundle
0fef6ec79ef9da04bb8a9720e9831706	None	?	draftpacks_assets_all.bundle
0ff25c1c2f972a449b046b59e90cc858	None	?	draftpacks_assets_all.bundle
1066fb0adc5924dee80ed40ba135155b	None	?	draftpacks_assets_all.bundle
10ac4f4dded174e4e936c125390bcdd8	None	?	draftpacks_assets_all.bundle
10b8c096234357e4c86ea2b127a43100	None	?	draftpacks_assets_all.bundle
10da7e6dd99c505419af8eb7551dba49	None	?	draftpacks_assets_all.bundle
11abcfe6623cf441e892b875ed247ca2	None	?	draftpacks_assets_all.bundle
12cb6ae2a4933b74caf190dba71da9be	None	?	draftpacks_assets_all.bundle
137a565539058431a96de09f37e4551a	None	?	draftpacks_assets_all.bundle
139f0d113128ea7419dca04c4696762e	None	?	draftpacks_assets_all.bundle
13c7353e001c29a4c9f286c01c6dc3c3	None	?	draftpacks_assets_all.bundle
13de0bb77978ace4c9255793877e6e86	None	?	draftpacks_assets_all.bundle
1478fb8f013a93a4991fe692d2861764	None	?	draftpacks_assets_all.bundle
14903498e27e84b4b8b51d4bef3b66a5	None	?	draftpacks_assets_all.bundle
15832c4967dad304787a87a46c3fb5e0	None	?	draftpacks_assets_all.bundle
15fbcd2432a5a48288d606c30e1d0209	None	?	draftpacks_assets_all.bundle
161d4be4322a4aa47b176ff19eea2cad	None	?	draftpacks_assets_all.bundle
16289763682b94b4993269494d085824	None	?	draftpacks_assets_all.bundle
16cdd1f4ea6ba4a4c864ad85b75f8cb3	None	?	draftpacks_assets_all.bundle
16f20f6d23b6c46d0945c1222edd6b1c	None	?	draftpacks_assets_all.bundle
1813e41715993ab4b8c87feee3deb835	None	?	draftpacks_assets_all.bundle
1837c0f1f0af12c4a91c8a0a4c8e8748	None	?	draftpacks_assets_all.bundle
1866da60a51ab1f40b13dabce77d5569	None	?	draftpacks_assets_all.bundle
18b50a879c6cc1640b3c13f77b44ffc9	None	?	draftpacks_assets_all.bundle
18c6d8a619aca4878bab865d408173eb	None	?	draftpacks_assets_all.bundle
1a39c7f9627c8884db1bd68ea415d1c6	None	?	draftpacks_assets_all.bundle
1aa8d8658a03f144d8290278c4c0ad88	None	?	draftpacks_assets_all.bundle
1acd9ba80f7390b4599599624070bfd8	None	?	draftpacks_assets_all.bundle
1ba5698127f78e34cb7a20643c8b8aca	None	?	draftpacks_assets_all.bundle
1be30342121af22429344170d8abe8e2	None	?	draftpacks_assets_all.bundle
1c0eb0cdb53de4014879755286e28098	None	?	draftpacks_assets_all.bundle
1c3e08563c0d74c10a530ea5d6d3b93c	None	?	draftpacks_assets_all.bundle
1ccd99a3a17da2e4f8dc22ccd8df7ac5	None	?	draftpacks_assets_all.bundle
1ce6c7c4951114b8391b45b8c4507548	None	?	draftpacks_assets_all.bundle
1d08f6b777a25024a9faad323f9f46e8	None	?	draftpacks_assets_all.bundle
1d30c70129064ee48b27aa81ea9faf46	None	?	draftpacks_assets_all.bundle
1d35f540fcc81f44ab95a80c7caedecd	None	?	draftpacks_assets_all.bundle
1df22b3ee524e47cbaf6812e572f9c5e	None	?	draftpacks_assets_all.bundle
1e66bc9ae66ea4dd1bc6df0c6fe2c58d	None	?	draftpacks_assets_all.bundle
1edee6a292398433ab2714162fe264fe	None	?	draftpacks_assets_all.bundle
1f8fce16126150447994a91108b2ebf2	None	?	draftpacks_assets_all.bundle
21454540df26c2e458ab615665fa1b96	None	?	draftpacks_assets_all.bundle
21c22512c85eeb94dbe7daf4d5dfab92	None	?	draftpacks_assets_all.bundle
2203d1f10b18f7a4d979c7f09333fae0	None	?	draftpacks_assets_all.bundle
22c1d3b67bbb44be6862042d543260e5	None	?	draftpacks_assets_all.bundle
232b51d28e0deb540849ce84e2a63bcc	None	?	draftpacks_assets_all.bundle
23ccca5b329f3164891d6375fab44ac6	None	?	draftpacks_assets_all.bundle
2449e9506cfdccc4a98b7d289088ee6e	None	?	draftpacks_assets_all.bundle
2480b78c7ac1b9a42a48d66da81b6b1a	None	?	draftpacks_assets_all.bundle
24ac2e48b359ef048b8cc11c68a9c93d	None	?	draftpacks_assets_all.bundle
251dce55c3d231346860cda520a1c66f	None	?	draftpacks_assets_all.bundle
255e1e3f8e41c244da1b160be8f19e9c	None	?	draftpacks_assets_all.bundle
26408bd7b50259c4f99ae837555eae54	None	?	draftpacks_assets_all.bundle
26c0600cb7907604d817a44a481d41db	None	?	draftpacks_assets_all.bundle
2704d9558fe8cca4a9a65e54fa40175b	None	?	draftpacks_assets_all.bundle
271b8cbbbf2964f208c54e3c36e813c4	None	?	draftpacks_assets_all.bundle
2741e649dab1d9841ba002652ce082bf	None	?	draftpacks_assets_all.bundle
2783532ec95797d4d8bf9a1ca4a86cd0	None	?	draftpacks_assets_all.bundle
28135ac6c2cb48c4d9054e421dfde1f2	None	?	draftpacks_assets_all.bundle
2840863fd7b787849b04fa0550884ac7	None	?	draftpacks_assets_all.bundle
289a85976a6661c4a8e57f19887f80d0	None	?	draftpacks_assets_all.bundle
28bee9259a18c684a9f841a2cbb23029	None	?	draftpacks_assets_all.bundle
28e7c7df5d5320f4f8a70c33f9d790f9	None	?	draftpacks_assets_all.bundle
293856bb24fcc0f48828312b0142bfe3	None	?	draftpacks_assets_all.bundle
2946034d83146f9429540c57cafd63bf	None	?	draftpacks_assets_all.bundle
295114cf6097cca4f8e0b9f470b1d577	None	?	draftpacks_assets_all.bundle
295f1db44aa20e2438073180f28053aa	None	?	draftpacks_assets_all.bundle
29b072361606ba64a87c9fc9339b4336	None	?	draftpacks_assets_all.bundle
2a0881a52b8e6534f89021e851a15da1	None	?	draftpacks_assets_all.bundle
2a1212d635bf9b14daca1ffd56802754	None	?	draftpacks_assets_all.bundle
2a4ac13b5d3b94e659db5bacdfc6796f	None	?	draftpacks_assets_all.bundle
2a51e29ab44066247be765d77456e451	None	?	draftpacks_assets_all.bundle
2a5ed16dfc2bf4802be1c90a014e2b2c	None	?	draftpacks_assets_all.bundle
2a88c14e31a154a9ca87eaa8ee7ac2de	None	?	draftpacks_assets_all.bundle
2aaad8ba3e6047542ac3ed8467b5258e	None	?	draftpacks_assets_all.bundle
2ad57192cb206432f9f485a3539b4597	None	?	draftpacks_assets_all.bundle
2adb08739e1adc54d9a6eceed321aa7d	None	?	draftpacks_assets_all.bundle
2b0ab19dad114634a9ceeafc9728877b	None	?	draftpacks_assets_all.bundle
2b13daefefdac44259c80ea73bd65304	None	?	draftpacks_assets_all.bundle
2b211c891134fe04dbfffb623c7ff1ae	None	?	draftpacks_assets_all.bundle
2b5dcf5cb3c0246f5bbc9fc436377256	None	?	draftpacks_assets_all.bundle
2b68ffcbfca79e7498610cbcd2e0697c	None	?	draftpacks_assets_all.bundle
2b7b4339cb3441c4ca35607f58c60b6d	None	?	draftpacks_assets_all.bundle
2b80898195d084a4d885f642ec6f28f8	None	?	draftpacks_assets_all.bundle
2bcbdae08e415e442b6128697643243f	None	?	draftpacks_assets_all.bundle
2cdfe7209279d284f9319eda8574ade5	None	?	draftpacks_assets_all.bundle
2ce9c6e7c5cad1c4b9c970ed7b7d9d5d	None	?	draftpacks_assets_all.bundle
2de1957ab31784236a0758e3e48cca1d	None	?	draftpacks_assets_all.bundle
2e400c2529acd8a409b1bfe5b86db584	None	?	draftpacks_assets_all.bundle
2e555d1a14d999c49a109855660097af	None	?	draftpacks_assets_all.bundle
2e91c7db7dd23a647ade89292c2e22e6	None	?	draftpacks_assets_all.bundle
2f10e6d24bc477949a649785205fc058	None	?	draftpacks_assets_all.bundle
2f1957b9b0d07234686be949d425b376	None	?	draftpacks_assets_all.bundle
2f90a861d95068b4e843e18e3e570fc1	None	?	draftpacks_assets_all.bundle
3027e3399da1d97428e0c1a8fa646aa9	None	?	draftpacks_assets_all.bundle
302b58200b3be4107926eb61947cc33a	None	?	draftpacks_assets_all.bundle
3059074ce604d3c4f855d9a05f3bd1c4	None	?	draftpacks_assets_all.bundle
30fc6c86b5d257d4fab84f7bf6fe7105	None	?	draftpacks_assets_all.bundle
310768971a1f1434da346d7e58540212	None	?	draftpacks_assets_all.bundle
3184224b79c0f49f291b95e9663ba5e7	None	?	draftpacks_assets_all.bundle
31e3ce4859412244bafafce63c006c01	None	?	draftpacks_assets_all.bundle
31e845c4c554ba147b29dbf4a33901af	None	?	draftpacks_assets_all.bundle
320e32b010efb4ae5abcaed1d814e6a6	None	?	draftpacks_assets_all.bundle
3248ef08417da4b54a8c0ab4c0d44293	None	?	draftpacks_assets_all.bundle
3257aa807a57e471e8505eaa550295f6	None	?	draftpacks_assets_all.bundle
326022ee9ac054b7083d5077c490446b	None	?	draftpacks_assets_all.bundle
32be9485c4d1f40bf9d871215f8f8692	None	?	draftpacks_assets_all.bundle
33488708c63764c0ba43d8ed52423380	None	?	draftpacks_assets_all.bundle
3360a71b47b183040b64b731f1d1e9bc	None	?	draftpacks_assets_all.bundle
33628cad8aadc0145a0934c4ea343ba2	None	?	draftpacks_assets_all.bundle
336c37b36b783a14a9d18c1ff5d31e8c	None	?	draftpacks_assets_all.bundle
33d6dd825fa0f754c8f45a153bece818	None	?	draftpacks_assets_all.bundle
3487f42fdde85ba45820c22b6eecd675	None	?	draftpacks_assets_all.bundle
34c02865b61eb4d1b8da6753cb5e0069	None	?	draftpacks_assets_all.bundle
34e697ea2974c4a73ae0ebda4ead7f93	None	?	draftpacks_assets_all.bundle
350d3ba0d0c5af64c8c160009dd69a25	None	?	draftpacks_assets_all.bundle
3531a26714b44754cb662aa5e9061bfc	None	?	draftpacks_assets_all.bundle
359aa97cc504f47e68e5efdcedce4b56	None	?	draftpacks_assets_all.bundle
35d3f5a6a297d7d43883b3f50a423e02	None	?	draftpacks_assets_all.bundle
365303c319d9b5048bb29d61de8a5312	None	?	draftpacks_assets_all.bundle
368fd7dba6fdee449877cb82fbc3d475	None	?	draftpacks_assets_all.bundle
36ae7ead52d38ab40bba9ced9d2aadfb	None	?	draftpacks_assets_all.bundle
36e1c1da1f5ce4e44b12b837d819099d	None	?	draftpacks_assets_all.bundle
3737735318cf6bc4e9fbf244749b7a1f	None	?	draftpacks_assets_all.bundle
37482cabba94f4bd18b63485f0f181fa	None	?	draftpacks_assets_all.bundle
3786cff943d59234ba09bbb152b0197f	None	?	draftpacks_assets_all.bundle
381fb54dabfeb784b817c6b0c27cb626	None	?	draftpacks_assets_all.bundle
38b096b21ddb54b119c2cdc42ea7f985	None	?	draftpacks_assets_all.bundle
38b2daa111f3f4ad1a64009e81147ae6	None	?	draftpacks_assets_all.bundle
3a04d0bcf162a894099da1177a6473af	None	?	draftpacks_assets_all.bundle
3a186ae3d31304648ba42968b82ff966	None	?	draftpacks_assets_all.bundle
3a1f465ce3896524fb78ec8f3d07c0b0	None	?	draftpacks_assets_all.bundle
3a8fd4a0f87f14ec5a152bb2f2b74c32	None	?	draftpacks_assets_all.bundle
3aadcd9165d2f445cb818cec3a528fdd	None	?	draftpacks_assets_all.bundle
3ac3e65de45a0a741834a15bc9d85469	None	?	draftpacks_assets_all.bundle
3af3feec997ed3841b474016c7316e02	None	?	draftpacks_assets_all.bundle
3b10aab856b44c44f8213c87ff4b7bc8	None	?	draftpacks_assets_all.bundle
3b3c565a17cc5d4469ea6577efe0fe08	None	?	draftpacks_assets_all.bundle
3bd6f179102c96d4d967861f95602045	None	?	draftpacks_assets_all.bundle
3c7d0dcdac0ec014a81cb7c5b368868a	None	?	draftpacks_assets_all.bundle
3d162b897ec440a44aad3e470c0a3c43	None	?	draftpacks_assets_all.bundle
3d166a23c6f36534aa1c83d6b554a30c	None	?	draftpacks_assets_all.bundle
3db3268893eb190418d4e8f83dd78aec	None	?	draftpacks_assets_all.bundle
3e0ee77dfbd9faa41848e441ca2330a2	None	?	draftpacks_assets_all.bundle
3e4370b9aa1d13d4faba5746bc2faf16	None	?	draftpacks_assets_all.bundle
3e7db591f22654ffeb06d914c687ae44	None	?	draftpacks_assets_all.bundle
3eddc60eeceec7542a0db0891b0232cd	None	?	draftpacks_assets_all.bundle
3ef9d5a791359e944b9534cce2d861ef	None	?	draftpacks_assets_all.bundle
3f5f290fa88ff4730b2f1fffa4b4e70a	None	?	draftpacks_assets_all.bundle
3fc60603ccd4d43f5bb48f538a2a1532	None	?	draftpacks_assets_all.bundle
405fbfd307bf13f41a24a67239acd5bf	None	?	draftpacks_assets_all.bundle
4079b7dade6fe44019acdb01aef92358	None	?	draftpacks_assets_all.bundle
41967b5de3236a542b5087abd7a51d54	None	?	draftpacks_assets_all.bundle
41f3dff83cc124bffb57109b5811a151	None	?	draftpacks_assets_all.bundle
4244825d163f3a94fb9bf1dbd25a698e	None	?	draftpacks_assets_all.bundle
42551557841141e42ba33f889763f6be	None	?	draftpacks_assets_all.bundle
4272b144281579349b6deccfa132ce3d	None	?	draftpacks_assets_all.bundle
42f54d3f38b4a7b4fa48d87ec7f3a76d	None	?	draftpacks_assets_all.bundle
4302a9680f41a4e9f9fc9b15c1749dfd	None	?	draftpacks_assets_all.bundle
435a68360c0851a4dba485f30bc8801b	None	?	draftpacks_assets_all.bundle
435bc9f0e1f8200488d39b012ba05c89	None	?	draftpacks_assets_all.bundle
43a270bafac38de458675f135ab000c8	None	?	draftpacks_assets_all.bundle
43c581d69059744798c8be957882f327	None	?	draftpacks_assets_all.bundle
4405a3f0896cc40d7986cbfdb6538393	None	?	draftpacks_assets_all.bundle
44476f4e3e4c14e3eaec2056200f4e5e	None	?	draftpacks_assets_all.bundle
45344a0bec00e2846b70b99adc619fbc	None	?	draftpacks_assets_all.bundle
4550c52eb5a98e34e8d2e44931c786f6	None	?	draftpacks_assets_all.bundle
45b57217aedddcc4baa1bdc9aa0ad200	None	?	draftpacks_assets_all.bundle
45c631c0fa6e14654b43fbd0032ab348	None	?	draftpacks_assets_all.bundle
46078e36f6a1b4e1aa0ebb1c49e2cf6b	None	?	draftpacks_assets_all.bundle
460e5fb11062ad04382f2a068cb81bb5	None	?	draftpacks_assets_all.bundle
4724c329d42758346b3628166d1e99f9	None	?	draftpacks_assets_all.bundle
479b69a50fa37e64cb78e44a0944f239	None	?	draftpacks_assets_all.bundle
47d2fa54bce200242bfe9deac377276d	None	?	draftpacks_assets_all.bundle
48073668eb931db44a7b5d928c11cee4	None	?	draftpacks_assets_all.bundle
485b70e64d121ee4694ed4b909274bb3	None	?	draftpacks_assets_all.bundle
48c365848dda742cc9eb927ef0e04c40	None	?	draftpacks_assets_all.bundle
48f17e3aca5664af2a11b00ffcdaa481	None	?	draftpacks_assets_all.bundle
4932c3e66ebaa4dc4ae01b00cb57e5de	None	?	draftpacks_assets_all.bundle
497e0e228e2fcd54a94c947ca215091d	None	?	draftpacks_assets_all.bundle
4a5ced88e2aeb62429d105cce79d023d	None	?	draftpacks_assets_all.bundle
4b372ef23f06c904ba3a7910d9f6e511	None	?	draftpacks_assets_all.bundle
4b70a36e971ca474783c29408c169be0	None	?	draftpacks_assets_all.bundle
4c099bbb4c8dfc74fa0481c2ea7591f0	None	?	draftpacks_assets_all.bundle
4c126a40eceb5dd4b9de3b75a1d46bb2	None	?	draftpacks_assets_all.bundle
4c17572ac9c759540b9f90caef75534c	None	?	draftpacks_assets_all.bundle
4c924ac316ec8884fbfb97153285877a	None	?	draftpacks_assets_all.bundle
4cd39e245ed6bf04f9cbea810059d408	None	?	draftpacks_assets_all.bundle
4cee4dac3e9b28c4f997e4cac0de824c	None	?	draftpacks_assets_all.bundle
4d026d02d2527dd4cb25d6cc41e3ab12	None	?	draftpacks_assets_all.bundle
4d5fdb506f33adc4991a6eede7cbde7d	None	?	draftpacks_assets_all.bundle
4d8292359df16ab48b86ce2874d88106	None	?	draftpacks_assets_all.bundle
4d89b58b48bb9244293b9e5aa897accd	None	?	draftpacks_assets_all.bundle
4e1109fd437004373b05f75bdeb826cc	None	?	draftpacks_assets_all.bundle
4e3408b44603040f7a0cddc129c14463	None	?	draftpacks_assets_all.bundle
4e3547ec311e74f09aadbc9c2d0cd32d	None	?	draftpacks_assets_all.bundle
4ebbbf85ed319524cb31eab210936df0	None	?	draftpacks_assets_all.bundle
4ecb062cb2316b540a97cc5a757cdd83	None	?	draftpacks_assets_all.bundle
4ef596e4dba444d429819edd872d4188	None	?	draftpacks_assets_all.bundle
4f010e57ffec14dddb634cefa33ea168	None	?	draftpacks_assets_all.bundle
4f7c8fa2788f34f44886b9d039f9c1a4	None	?	draftpacks_assets_all.bundle
4f992b0daa3f4444ba645c26a1c0ba08	None	?	draftpacks_assets_all.bundle
4fbc021a39f05c641b07b15225bbcc66	None	?	draftpacks_assets_all.bundle
4fbc293a6e02f3c478e93601fd7cb704	None	?	draftpacks_assets_all.bundle
50845b4b9264abb409ff0806612c3089	None	?	draftpacks_assets_all.bundle
50a367aa1b1601a499a14962be6ac995	None	?	draftpacks_assets_all.bundle
50e09b736d45fdb46a40dab4e92cae6e	None	?	draftpacks_assets_all.bundle
5234785825cf2c947b676ce5ea7c9a55	None	?	draftpacks_assets_all.bundle
5275bf9e47aa349258915c5028143ca4	None	?	draftpacks_assets_all.bundle
52904dce671d2b945918a7afa8a61b8b	None	?	draftpacks_assets_all.bundle
53bdf291398a0b242a9334b8372bfcf4	None	?	draftpacks_assets_all.bundle
53ea049872046ca4ab78da1d922c3e64	None	?	draftpacks_assets_all.bundle
5497ff5583f6b4e408cfb839b43465f9	None	?	draftpacks_assets_all.bundle
54b4f3bc5eafbd44dac8482f990179ca	None	?	draftpacks_assets_all.bundle
55027455b9b0b0f4d867e89da0fd3519	None	?	draftpacks_assets_all.bundle
5556ac75b7fc2794399ea4b74da8a707	None	?	draftpacks_assets_all.bundle
5562262505802e5458e686edf8b4a990	None	?	draftpacks_assets_all.bundle
5574324a83274584d8367922d7ff0a6a	None	?	draftpacks_assets_all.bundle
55b4db50388d24c6882b8e905a35db70	None	?	draftpacks_assets_all.bundle
55e65258b2da8164bb09abab77b09b75	None	?	draftpacks_assets_all.bundle
5673a7e6e8bb24248b9f10898ec338b8	None	?	draftpacks_assets_all.bundle
568f0da5fd981448fb1343e466a85cee	None	?	draftpacks_assets_all.bundle
569da58b2e4318943a826a6318eeb38d	None	?	draftpacks_assets_all.bundle
56c4fc82faef5436780621ce6a61b520	None	?	draftpacks_assets_all.bundle
56f8d67ce4ef0684e9915bec711012d7	None	?	draftpacks_assets_all.bundle
5723125e496b7416eabb5d6b29b1eb97	None	?	draftpacks_assets_all.bundle
575310fdd94af4b3e9088c6780729e96	None	?	draftpacks_assets_all.bundle
579dd67abfdc83f499a3050bea2b9666	None	?	draftpacks_assets_all.bundle
5805234310838164c969305b266b5224	None	?	draftpacks_assets_all.bundle
58a995d16c71ebb44b5f6a1fd48b6069	None	?	draftpacks_assets_all.bundle
58d495d4e71b8d04383a4536ed79d5ac	None	?	draftpacks_assets_all.bundle
58dfdb326cb38c44795b7c720a22051b	None	?	draftpacks_assets_all.bundle
59331654b693d4b1080b80316451cf31	None	?	draftpacks_assets_all.bundle
597198e20b7408e4596e5459b8626dae	None	?	draftpacks_assets_all.bundle
59b059b0b4fa23b46846123ef0f59484	None	?	draftpacks_assets_all.bundle
5a0417ceff98d4fe29094efec4a08c85	None	?	draftpacks_assets_all.bundle
5a69d4dc5259b4be7aab8c377649bf0a	None	?	draftpacks_assets_all.bundle
5ad135bf6a03e4b6ebdefb91e8a7f038	None	?	draftpacks_assets_all.bundle
5b07d97d3bc142941b32119cb7272a72	None	?	draftpacks_assets_all.bundle
5b1e049b5d25e7e48b69b356eaef315b	None	?	draftpacks_assets_all.bundle
5b56cfa9a973d454faf8eb7556cda29d	None	?	draftpacks_assets_all.bundle
5bae046c4070044929441936ec4e6bae	None	?	draftpacks_assets_all.bundle
5bc1ae08bcb2dc84098e5c819afab88b	None	?	draftpacks_assets_all.bundle
5c569d04254f44c008d1295bb1aea74d	None	?	draftpacks_assets_all.bundle
5c7942444f6dabd438646529d2c8250a	None	?	draftpacks_assets_all.bundle
5c9ff135056a5ff40815fa2373f2774d	None	?	draftpacks_assets_all.bundle
5caa729e2aac8784d90d70400ffca551	None	?	draftpacks_assets_all.bundle
5cb343cbf002d4c58bb1c87adac3fa27	None	?	draftpacks_assets_all.bundle
5cc72e0d1dbc86e4a98fbdc17a623a5b	None	?	draftpacks_assets_all.bundle
5d1e63c5686264bc78e48320ba40139a	None	?	draftpacks_assets_all.bundle
5db2bf6afa0214e42a88d25794a1c5fa	None	?	draftpacks_assets_all.bundle
5e505c320badc47c0b154f57d0f658d7	None	?	draftpacks_assets_all.bundle
5e8cae58651cb4272b4e668776fdb660	None	?	draftpacks_assets_all.bundle
5ea05ce40d2f55d4c92a784dd4d3b4a9	None	?	draftpacks_assets_all.bundle
5eedf1cb430a5472d81bff26521ea7cb	None	?	draftpacks_assets_all.bundle
5f09814c1518946a0818b9bacccfaf6a	None	?	draftpacks_assets_all.bundle
5f0d8a377d6a72d4c8c1053f680ad4cf	None	?	draftpacks_assets_all.bundle
5f260a6063dbf7548bc3d2d8619fba37	None	?	draftpacks_assets_all.bundle
5f349e812bd21884bb78832b0b2bd2e9	None	?	draftpacks_assets_all.bundle
5f3ee0cf7d588fe41aca05d9b5c29a11	None	?	draftpacks_assets_all.bundle
5f75419d5d1474f4ea6c5d4018f62b2c	None	?	draftpacks_assets_all.bundle
5fd922f5c4ee1ea4584eb5ad1c914afd	None	?	draftpacks_assets_all.bundle
603631c8c737af24eae2b80d10ef918c	None	?	draftpacks_assets_all.bundle
608263a32c9bb604aa2f45a4cac7875e	None	?	draftpacks_assets_all.bundle
60c6175332d4c4b5fa56521930cbacef	None	?	draftpacks_assets_all.bundle
60da29803d3135d468b6ffe78f203bb4	None	?	draftpacks_assets_all.bundle
61230b9a859c644d2848f78ed18442f9	None	?	draftpacks_assets_all.bundle
61705042afc876e45870f8774c5cd9dc	None	?	draftpacks_assets_all.bundle
617f7981226c84952b3cebb2857783bd	None	?	draftpacks_assets_all.bundle
618b4a73f59bb0944b29c05b71984edc	None	?	draftpacks_assets_all.bundle
61a0995f4997f8e49b95c2326e5113d5	None	?	draftpacks_assets_all.bundle
621b4f6f7a5864492ad35745a3b8f5d4	None	?	draftpacks_assets_all.bundle
626f0d2baf1754ae4a133e318ba3ad7f	None	?	draftpacks_assets_all.bundle
62752300dee414ba0ae177d281176eb2	None	?	draftpacks_assets_all.bundle
62ed9c80b2c9448f3af2cce883db2bf4	None	?	draftpacks_assets_all.bundle
631a1171729c141e9a7b7a8498643d35	None	?	draftpacks_assets_all.bundle
6403505e03d9a574da714f66c3f76079	None	?	draftpacks_assets_all.bundle
6489955097bb346608ca7f50e1cd678e	None	?	draftpacks_assets_all.bundle
64ae1ec783a524cb8adc31db1b4999e9	None	?	draftpacks_assets_all.bundle
650183e915b9846198bfbf649f03dad9	None	?	draftpacks_assets_all.bundle
653648ae59bad4832bd1ca410862e01b	None	?	draftpacks_assets_all.bundle
660083c68328f42bd952902ef1e25a61	None	?	draftpacks_assets_all.bundle
66ed91caa0bb3400abda1a1bafe91bf0	None	?	draftpacks_assets_all.bundle
66f00347be5b46b45922239a31cb303e	None	?	draftpacks_assets_all.bundle
66f356b805cff7246bbbd27bfd4c49cb	None	?	draftpacks_assets_all.bundle
67907a56e274ec946ae7cf2d325ccfe8	None	?	draftpacks_assets_all.bundle
67fbd2321fc5df14b8810252a878c441	None	?	draftpacks_assets_all.bundle
684da52ac89474068b7dd16e764305a1	None	?	draftpacks_assets_all.bundle
692559fbd7681a149a46c455713a99c7	None	?	draftpacks_assets_all.bundle
693b6b35307a1f54288be76ff8a2947d	None	?	draftpacks_assets_all.bundle
693e93aa11e3245248e441f47d67dce0	None	?	draftpacks_assets_all.bundle
693fcc1436f686045acfbb835e42b9cf	None	?	draftpacks_assets_all.bundle
69c37e6dbd1fa42fda5ba1a47f5ad683	None	?	draftpacks_assets_all.bundle
69ca49620001e427786e662920e35bee	None	?	draftpacks_assets_all.bundle
69fb1f34a80734aca9aa6297b1756b8e	None	?	draftpacks_assets_all.bundle
6a23f738057c1ca4cab755c23424529c	None	?	draftpacks_assets_all.bundle
6a6f1774cc357f5449e38a9baf72f1d2	None	?	draftpacks_assets_all.bundle
6a8e1fb302d2400408e9abb464f7f727	None	?	draftpacks_assets_all.bundle
6ab8b398662694bd9b87ac6e20cf08c0	None	?	draftpacks_assets_all.bundle
6ac432556931847d6a1b721bd422775d	None	?	draftpacks_assets_all.bundle
6af09e37752ef7f4d802df624efabf7a	None	?	draftpacks_assets_all.bundle
6b16d25a89e64ab49abbfdafffae0d8d	None	?	draftpacks_assets_all.bundle
6b5e4b8d470a6e642b31f7c902ba95e5	None	?	draftpacks_assets_all.bundle
6b7cdb6067747a64bad029cabac2c8f1	None	?	draftpacks_assets_all.bundle
6b8b5e92048eb2448b26501d2598a7b6	None	?	draftpacks_assets_all.bundle
6c5c445641f494fc5bf146ac490ccb7d	None	?	draftpacks_assets_all.bundle
6c96fac56412b854892c869f17dbebe9	None	?	draftpacks_assets_all.bundle
6cb96eed62cdb5f4083a55dfb651f421	None	?	draftpacks_assets_all.bundle
6cbe7e7a93f52eb4baf975d0ade7bc2a	None	?	draftpacks_assets_all.bundle
6d1318c3475398b48b0e91984ac65efd	None	?	draftpacks_assets_all.bundle
6d2f900590cfa6c4dab6ae32f0e0b496	None	?	draftpacks_assets_all.bundle
6e218ab02de064a94a9384e9e7255897	None	?	draftpacks_assets_all.bundle
6e538784446b1ac4f86565d8de1021d9	None	?	draftpacks_assets_all.bundle
6e8a13493dde4c74da293b45f39490f8	None	?	draftpacks_assets_all.bundle
6e8b03b3ea6704619847905e7ccdd088	None	?	draftpacks_assets_all.bundle
6ef4a39020acf47fdb4224eb333e7312	None	?	draftpacks_assets_all.bundle
6f1aacca0a663c34fad5de816e78d599	None	?	draftpacks_assets_all.bundle
6f22b9ea9ca429245be46ad7bfeaafc4	None	?	draftpacks_assets_all.bundle
6f329eed0c78afa44b6b26d89800427e	None	?	draftpacks_assets_all.bundle
6f38dd2181121d44cb3fc96a7fabb573	None	?	draftpacks_assets_all.bundle
6f7d25dea4abe46cfa75de9aa0d23ea7	None	?	draftpacks_assets_all.bundle
6fbc929dbad8c154e98a24dc4767b38a	None	?	draftpacks_assets_all.bundle
6fc83e13b6423405581ae7abb78072cc	None	?	draftpacks_assets_all.bundle
6fd376ee5c0b14b60868afd40482793d	None	?	draftpacks_assets_all.bundle
7011c61bebc41ee4486511f81f43d1b6	None	?	draftpacks_assets_all.bundle
705b8b37cd2f4c2458c9e242660d04f2	None	?	draftpacks_assets_all.bundle
7092316aad8f5442aa6921573aaaba30	None	?	draftpacks_assets_all.bundle
70e6e5af37a2946399f56b8d2a98780e	None	?	draftpacks_assets_all.bundle
717b12a4150614a6b943cd85523be1c5	None	?	draftpacks_assets_all.bundle
72a6fbc417a6c8b40b19fd15881b854c	None	?	draftpacks_assets_all.bundle
72e20efe8131e104eb0231177cbd7f5a	None	?	draftpacks_assets_all.bundle
733147c8230bc436eb95162a7a6a4df7	None	?	draftpacks_assets_all.bundle
741a29b3085bfdc4a8ef1c9f87b76347	None	?	draftpacks_assets_all.bundle
747c445b6026a4497b79f605bc8d7f8d	None	?	draftpacks_assets_all.bundle
7527f8907e8f248dfbb8ac3d1b45d65c	None	?	draftpacks_assets_all.bundle
75b88dcdbaef9db41b527ed36e90afb7	None	?	draftpacks_assets_all.bundle
75c5b17f0c81f3643b5725f6bbf4b002	None	?	draftpacks_assets_all.bundle
761d236dcd73815438dd2d8848cd2416	None	?	draftpacks_assets_all.bundle
769cf581a0b42744ab5a5a821b9394a3	None	?	draftpacks_assets_all.bundle
76cc7e5eaaf29354bbe9369b96f60522	None	?	draftpacks_assets_all.bundle
771fb900d84ae214fbb091252176b57a	None	?	draftpacks_assets_all.bundle
77300b9badc384b8cb5e938498b32087	None	?	draftpacks_assets_all.bundle
77304c1a49339444e9ad39ef592b9f14	None	?	draftpacks_assets_all.bundle
775faad6aab35ca46b572099c48285a2	None	?	draftpacks_assets_all.bundle
777806f890f940b40bc93a01a84e08d7	None	?	draftpacks_assets_all.bundle
77bfae948b09148d0815cf70306a1bbe	None	?	draftpacks_assets_all.bundle
77cadfbfda6e66140bf845187a187bec	None	?	draftpacks_assets_all.bundle
77e18d5f2cc372e4295fe25a298117f8	None	?	draftpacks_assets_all.bundle
78f6ad34a0a8a65489dd95dc21809811	None	?	draftpacks_assets_all.bundle
79d4237098e434c4c8bc0e974938cf8e	None	?	draftpacks_assets_all.bundle
79e7090e4fa5f1940bc1266e80782b9e	None	?	draftpacks_assets_all.bundle
7a15aab6e6f92ad4c9b2b5301f55d1b0	None	?	draftpacks_assets_all.bundle
7a16237d7a6f9e14fb5b04f0e4530dc5	None	?	draftpacks_assets_all.bundle
7a5162c924d23c044a4ac5847cd2c390	None	?	draftpacks_assets_all.bundle
7ae103583e1cf7a4fa4a6e8ad4b5b6b7	None	?	draftpacks_assets_all.bundle
7afb2606bc6a742ca8de5cf76ad32a44	None	?	draftpacks_assets_all.bundle
7b0eee0dfd777424db077b3aaa55c604	None	?	draftpacks_assets_all.bundle
7b6d07170e349402e8afc58661e58b9c	None	?	draftpacks_assets_all.bundle
7b7b334943b1f874e98d8941938c5987	None	?	draftpacks_assets_all.bundle
7b96798b4e299ae48aa344bd1cd83f1c	None	?	draftpacks_assets_all.bundle
7ba9aad71fa9ae649931171866bdc7f0	None	?	draftpacks_assets_all.bundle
7be5d45c25964964589dc0749cd4b1ec	None	?	draftpacks_assets_all.bundle
7c16f6f41938b4a49964e5f48a3ceefc	None	?	draftpacks_assets_all.bundle
7c5bde123cb28ff498e860205bf8f283	None	?	draftpacks_assets_all.bundle
7c70c46fe9b764b4e938b4f7c877bae5	None	?	draftpacks_assets_all.bundle
7d32bf9b7953b4fed8b58e5da0c11f97	None	?	draftpacks_assets_all.bundle
7da50ee8f3558c140a92c916282362c5	None	?	draftpacks_assets_all.bundle
7db247f72a5f44dc590b4296006cafd2	None	?	draftpacks_assets_all.bundle
7e2fda6331a6247999bd9dbae26d74af	None	?	draftpacks_assets_all.bundle
7e4e278acde68494e8c921141963f02c	None	?	draftpacks_assets_all.bundle
7e608f7f7d2a0664a8bbf4c9fd9755ec	None	?	draftpacks_assets_all.bundle
7e91305a9f8bb074c8a459bf45e5f26c	None	?	draftpacks_assets_all.bundle
7f4fcc158476c1d418c4dab5aee44fec	None	?	draftpacks_assets_all.bundle
7f607ba95d28f47669d6043c9ff0b78c	None	?	draftpacks_assets_all.bundle
7fac97ea074ca90478325f1fdff89fdb	None	?	draftpacks_assets_all.bundle
802994787ebe444a7a76f0b381fdf0a5	None	?	draftpacks_assets_all.bundle
8069fef61b6c1834784414a7486b454d	None	?	draftpacks_assets_all.bundle
807f6d5a5b90480499054639a8db11ef	None	?	draftpacks_assets_all.bundle
80e047242cc2c431fb4a83a4184c6820	None	?	draftpacks_assets_all.bundle
811d9f5840790914f8bcac8ef1466ea7	None	?	draftpacks_assets_all.bundle
8125d0f6150b66e4a919a9a1f71e7cce	None	?	draftpacks_assets_all.bundle
81493eb83e1551540bb38e8c25a13e18	None	?	draftpacks_assets_all.bundle
81bbc490eb64c4c559adc0ed88b73530	None	?	draftpacks_assets_all.bundle
81dfbfa251ea34953a779917d9442654	None	?	draftpacks_assets_all.bundle
81eb3262e1be0bb46b9b553d64fab94c	None	?	draftpacks_assets_all.bundle
8226f6abd82542a4e96125c08c940da4	None	?	draftpacks_assets_all.bundle
82885ed5006fa455dbe561a22c37ff45	None	?	draftpacks_assets_all.bundle
8372b57b437063346b44febeba8ac8b9	None	?	draftpacks_assets_all.bundle
83b291d0edb521045a16fc99318c5bf1	None	?	draftpacks_assets_all.bundle
83e14fe6b946c4c449406e7e9dce4142	None	?	draftpacks_assets_all.bundle
83f12b3e5fdfb43278a514ca03cf1cf7	None	?	draftpacks_assets_all.bundle
8447cb8e8a4b947f587a7cfa8def062c	None	?	draftpacks_assets_all.bundle
8451aa0b17cff2341aa99e80abe80c9e	None	?	draftpacks_assets_all.bundle
8470e0f294ab30c46b13cc4696fb7536	None	?	draftpacks_assets_all.bundle
84864488ae765624f9b83f071f5db779	None	?	draftpacks_assets_all.bundle
84cec5e9867054204b554c45059ec5c2	None	?	draftpacks_assets_all.bundle
84e49020f84369a4c9f37f581b968c10	None	?	draftpacks_assets_all.bundle
850d90e1926f9104787714871d54450f	None	?	draftpacks_assets_all.bundle
8519cc66c9d1df1428fffc8ea3b9209b	None	?	draftpacks_assets_all.bundle
8526f021a6a24bb45a58cb5d5a4a73ab	None	?	draftpacks_assets_all.bundle
855dc6561404c184aa078f3277c59a9a	None	?	draftpacks_assets_all.bundle
85826b31a87c7492b9f354f0cd35eb61	None	?	draftpacks_assets_all.bundle
85bfc3060a7514364a2b80b68b709ebc	None	?	draftpacks_assets_all.bundle
85c8ab61af422437aa1723f7e7ef09f6	None	?	draftpacks_assets_all.bundle
861dd5592adf941cd9a2012944e784e5	None	?	draftpacks_assets_all.bundle
86971e3a899457f499f72b938d01808b	None	?	draftpacks_assets_all.bundle
86cfe9dc635724158bd58d10fb764f31	None	?	draftpacks_assets_all.bundle
86f1ff5c3138d144a9776e6955f6edbf	None	?	draftpacks_assets_all.bundle
8762e4372ebd4f2498fc60060e2a8657	None	?	draftpacks_assets_all.bundle
87926b37a91d93d40bd178c7260367ee	None	?	draftpacks_assets_all.bundle
87944f04854bb7c4081275c170da5c4b	None	?	draftpacks_assets_all.bundle
87aa9092fa6c24541aef6a202f168510	None	?	draftpacks_assets_all.bundle
87c9927bec40b4f26bd6c189185448eb	None	?	draftpacks_assets_all.bundle
8814a225dec193244a23ccbb5ecd832f	None	?	draftpacks_assets_all.bundle
88a602094ded44ec2926eeadd2c1a67d	None	?	draftpacks_assets_all.bundle
89d0bf8451786b7468b49187582a20de	None	?	draftpacks_assets_all.bundle
89f904ae7975745ae95c24692742daad	None	?	draftpacks_assets_all.bundle
8a09d53bca1604e088c1735752626e61	None	?	draftpacks_assets_all.bundle
8a17ef003188d7347a7837787f5cca86	None	?	draftpacks_assets_all.bundle
8a1db9aedb8d43747a69df050f201c49	None	?	draftpacks_assets_all.bundle
8a4b9e12b07b37a44a483a09103e2412	None	?	draftpacks_assets_all.bundle
8a681e991da0b2343ac426655ac5086d	None	?	draftpacks_assets_all.bundle
8bb6b7a46876d7a42b92c11690499b4b	None	?	draftpacks_assets_all.bundle
8be0919e377a4bf4689c00b531983f3f	None	?	draftpacks_assets_all.bundle
8be811a63f2346e4880e4903b2d2e596	None	?	draftpacks_assets_all.bundle
8bffece82883f3248ae4657d0a56828c	None	?	draftpacks_assets_all.bundle
8c72b43c554d90746a0b384f20521d08	None	?	draftpacks_assets_all.bundle
8cb9d04e51bcd6243ae3bf8c9655e8f3	None	?	draftpacks_assets_all.bundle
8cd806ce15e0f2549a7d694d0940c097	None	?	draftpacks_assets_all.bundle
8cdb953b9ef814247979cd99baa3d8b5	None	?	draftpacks_assets_all.bundle
8cdefeb69a9e0094a9598b5bef87c85c	None	?	draftpacks_assets_all.bundle
8cf81b850af17d54f84ac2bfc393bc4c	None	?	draftpacks_assets_all.bundle
8d8725f649d53a64e8175626f5de6f4a	None	?	draftpacks_assets_all.bundle
8dcc1b5ec7970124ca0ec03e45f457bc	None	?	draftpacks_assets_all.bundle
8dd91705577e0e0488c9b24bcfddc705	None	?	draftpacks_assets_all.bundle
8e000da6ff8f146faabe2345e85d6ad5	None	?	draftpacks_assets_all.bundle
8e628e0f5e4766540bd1de72842c0ba8	None	?	draftpacks_assets_all.bundle
8f0854def3e5c48ceaf90b64ca27f221	None	?	draftpacks_assets_all.bundle
8f39e8373654e4567857c570315e97e0	None	?	draftpacks_assets_all.bundle
8f4e452ae5f46e445886c9d9e7597363	None	?	draftpacks_assets_all.bundle
8f7ae21ba7d57471bb3dbfe7360ef9ef	None	?	draftpacks_assets_all.bundle
8fae10bdc19c448b7bb6f3ee596d1670	None	?	draftpacks_assets_all.bundle
8fb8ea395a14c764fba8332809a07202	None	?	draftpacks_assets_all.bundle
8fef315f56e505342a978076510c45bd	None	?	draftpacks_assets_all.bundle
9031a35ababb3354e9488f236510054d	None	?	draftpacks_assets_all.bundle
903e92627a2d77048b257babb9f967a6	None	?	draftpacks_assets_all.bundle
908441592e0dc43a0a7a8522431b5d0f	None	?	draftpacks_assets_all.bundle
90d5e1563179a6848943d1fde93d7070	None	?	draftpacks_assets_all.bundle
90f2edc2faef9084eb8bc39b5ab33767	None	?	draftpacks_assets_all.bundle
9125b07c2d774f84da2ba1c1cbc0a70b	None	?	draftpacks_assets_all.bundle
9126e7585078e614a907b68cda6f6905	None	?	draftpacks_assets_all.bundle
913a7364d3e6f0049ba84b64d9babb6a	None	?	draftpacks_assets_all.bundle
91c107c3f58a6eb47a690aad6692dd30	None	?	draftpacks_assets_all.bundle
923e1cf68ce58439f9a4ea1afe1da861	None	?	draftpacks_assets_all.bundle
925f8979dfd75448c8f58198f287b4ed	None	?	draftpacks_assets_all.bundle
929382bbef0aaee449197a98f8a66dba	None	?	draftpacks_assets_all.bundle
92eb4a01a61ce3c4c9aec64af2322d97	None	?	draftpacks_assets_all.bundle
932715219b0a9407388f4985d79e84f8	None	?	draftpacks_assets_all.bundle
934aa1a12245042bb85991c0f1707d66	None	?	draftpacks_assets_all.bundle
937448e74a490cb43806dddf292a27d2	None	?	draftpacks_assets_all.bundle
93a55c8cae1951648b5dd5024ef9622f	None	?	draftpacks_assets_all.bundle
93e28e7115a99460bb9888466cef7ba0	None	?	draftpacks_assets_all.bundle
945ab72e964d642bf8c4450dd44e85e9	None	?	draftpacks_assets_all.bundle
94caf7c3e6b71a14e87f6c2c2951c6b6	None	?	draftpacks_assets_all.bundle
959e4320a05eb48b48ecd555c12db008	None	?	draftpacks_assets_all.bundle
96142288952a748d4aa836f486fbd00c	None	?	draftpacks_assets_all.bundle
963baf7c6b11d4a8fb72aa8e2ad8edb9	None	?	draftpacks_assets_all.bundle
96ab0d0d2208e984484b7e2ec79be487	None	?	draftpacks_assets_all.bundle
96b5f262b692d430f8dc48c5e26f3622	None	?	draftpacks_assets_all.bundle
9731daf33b3dd41d6b2df6a8c51c2e14	None	?	draftpacks_assets_all.bundle
973809feb9bfe4d489af994da70a31fd	None	?	draftpacks_assets_all.bundle
9787d3dacb5034e3ab9e86383816bffd	None	?	draftpacks_assets_all.bundle
979fb66c6b43e544ba84f75750767cf9	None	?	draftpacks_assets_all.bundle
9816b78d9a0eb7342ac211952b938bec	None	?	draftpacks_assets_all.bundle
9894072c45e094c25a24c4dcfdf381e3	None	?	draftpacks_assets_all.bundle
989561e5cc4b2334f804d7c7b13a1558	None	?	draftpacks_assets_all.bundle
98e3658ee523d464d97f280c2ee2716d	None	?	draftpacks_assets_all.bundle
992bd1e8c53b72e4383ac4b765e7ff2a	None	?	draftpacks_assets_all.bundle
9985dd24df793514aaec3dbaeb6c4ea8	None	?	draftpacks_assets_all.bundle
99d620924bfb397428e23d0d88ca7244	None	?	draftpacks_assets_all.bundle
9a52738282730964bb02f4897cc011cb	None	?	draftpacks_assets_all.bundle
9a6ce6b8ade98ee45ad87909578ec84b	None	?	draftpacks_assets_all.bundle
9a75f23be1219994dab557dfe9d17625	None	?	draftpacks_assets_all.bundle
9b224a71ad8e393499c301a3371ceaca	None	?	draftpacks_assets_all.bundle
9b7a56a515201614a85352a4e79b2122	None	?	draftpacks_assets_all.bundle
9bbd42c841f8cc64e884929d139a9bc0	None	?	draftpacks_assets_all.bundle
9bdfa6e81a05c104fb505240a714c499	None	?	draftpacks_assets_all.bundle
9c3b03845dc3648068c087d43f33a3e5	None	?	draftpacks_assets_all.bundle
9c3fa5fa951cda2479ea6aa26c4d89f1	None	?	draftpacks_assets_all.bundle
9caa5f950955142e49a403012d4ba6e6	None	?	draftpacks_assets_all.bundle
9cbe54f1d467f294b8835eed3ab1c5a0	None	?	draftpacks_assets_all.bundle
9d0e3df09e9584b0b8826e6013dfa258	None	?	draftpacks_assets_all.bundle
9d3a0367e1182de47b8dfc50b16b8027	None	?	draftpacks_assets_all.bundle
9e457df87e9140346a1eb3447455eefb	None	?	draftpacks_assets_all.bundle
9e458d889f6ac43158f4d0587ecaf236	None	?	draftpacks_assets_all.bundle
9e83fc523fe4ac94a94ef7a650d022e8	None	?	draftpacks_assets_all.bundle
9eaf3cb80f62be942bea83daf480bace	None	?	draftpacks_assets_all.bundle
9ed531a7392292f47bec2f40182e622f	None	?	draftpacks_assets_all.bundle
9f537e76705942845a05cf8cf13160e8	None	?	draftpacks_assets_all.bundle
9fb201ad29b6b4e8394ce1571b467f57	None	?	draftpacks_assets_all.bundle
9ff3835a774e547fe8c5e82f22ad3750	None	?	draftpacks_assets_all.bundle
a01f9e833f07eb645afcea821833e071	None	?	draftpacks_assets_all.bundle
a025f97d86a064bef8d5b2ac2066bbbb	None	?	draftpacks_assets_all.bundle
a036e804826fa2a4c869778974797e08	None	?	draftpacks_assets_all.bundle
a03f8036a1a1a2046bc70da586c79929	None	?	draftpacks_assets_all.bundle
a0ff9e7d5ceca4c25a0bec57d380c8f6	None	?	draftpacks_assets_all.bundle
a13aa79dc39884c9aa3b1abcd43a075f	None	?	draftpacks_assets_all.bundle
a14e8647481599e4e800f2830b9b90c5	None	?	draftpacks_assets_all.bundle
a1b25745e53edad41b7d38acdd450328	None	?	draftpacks_assets_all.bundle
a211324ddc76f44f389cfbf31f8381f5	None	?	draftpacks_assets_all.bundle
a34f448a362034a8d99e0eee8dd23b2e	None	?	draftpacks_assets_all.bundle
a3b8acc2fd018714e90b4dc35c2c7f93	None	?	draftpacks_assets_all.bundle
a401fe2acde884f9e81b60ad47858773	None	?	draftpacks_assets_all.bundle
a42f46c5a71cc7a48840fe1a7ebad556	None	?	draftpacks_assets_all.bundle
a4570bb606f21ec47842164327faac49	None	?	draftpacks_assets_all.bundle
a47e2eb5270b072488b3abb3fd93ce81	None	?	draftpacks_assets_all.bundle
a4ab204262cd641968fbf08b33338d37	None	?	draftpacks_assets_all.bundle
a56086ffd81b1db458fc3c1bca8754b8	None	?	draftpacks_assets_all.bundle
a59b4b95594e36c419ad8b2000767e2c	None	?	draftpacks_assets_all.bundle
a59feac4372bb46d2a98154826e061e7	None	?	draftpacks_assets_all.bundle
a5c0a7bec4231794a87e3c5a1d59256c	None	?	draftpacks_assets_all.bundle
a5e6acdd7e124534ebb5dc81dcef1ca8	None	?	draftpacks_assets_all.bundle
a69460eb76865438c88f0d4bd0d40b0e	None	?	draftpacks_assets_all.bundle
a6e8f06ad7db924449a1c109b32d578b	None	?	draftpacks_assets_all.bundle
a6ff0797dc286432aa65e230fcd64796	None	?	draftpacks_assets_all.bundle
a709c1fabbb599e478c1b7fa665fd1e0	None	?	draftpacks_assets_all.bundle
a7a6d770fa55e7241b5203f78858ecbf	None	?	draftpacks_assets_all.bundle
a7cf1b51a8af6c94fbc82f47800e3554	None	?	draftpacks_assets_all.bundle
aa0ebebb665294900a63f04642b05d9c	None	?	draftpacks_assets_all.bundle
aa32011fd3afa3d4b90c1bb59bdab6e5	None	?	draftpacks_assets_all.bundle
aa7c318a1b714e44e8373ac4e2487569	None	?	draftpacks_assets_all.bundle
aa92b86673cb29c46b4eab162c329979	None	?	draftpacks_assets_all.bundle
aab89cbbd68f49d4d9d1e0af76efefd0	None	?	draftpacks_assets_all.bundle
aaccfe90affe396418a532066f2f7bf8	None	?	draftpacks_assets_all.bundle
ab1d8c014e64a6649b55a6f72dc7ff4f	None	?	draftpacks_assets_all.bundle
ab2d982c1fa59403dac49f17c9976023	None	?	draftpacks_assets_all.bundle
ab560fb1e5f37a64b98ddf5aa5950df2	None	?	draftpacks_assets_all.bundle
ab8735c167ced9343be58f4e5906c4ca	None	?	draftpacks_assets_all.bundle
aba02398b39152a47a820a3f10a13af4	None	?	draftpacks_assets_all.bundle
abb54d2ecaa664c80af7ca86d393602d	None	?	draftpacks_assets_all.bundle
abee3cee14a37ed49915c0152afa0466	None	?	draftpacks_assets_all.bundle
abf068d8905f943cc8be2faf8c11c59d	None	?	draftpacks_assets_all.bundle
ac1294a2926b5c74da9c5ea006ebb4f2	None	?	draftpacks_assets_all.bundle
ac80de15d6515574c8e5175a2b87d5a7	None	?	draftpacks_assets_all.bundle
ace186e3eb1506b46b0f9cbaeee97dcb	None	?	draftpacks_assets_all.bundle
ad0e2433496e04829923a27d9854e0a6	None	?	draftpacks_assets_all.bundle
ad3fa7ed9c3d1417ea235e823b7451da	None	?	draftpacks_assets_all.bundle
ad4a8bb9366df8b4d9ab35cbe2823028	None	?	draftpacks_assets_all.bundle
ad52fb50403ea7b48a917ba3cc423843	None	?	draftpacks_assets_all.bundle
ae43b29dc59d87140841b2e4a54597fb	None	?	draftpacks_assets_all.bundle
ae4b2edf3ce28934faf6e905b040e40d	None	?	draftpacks_assets_all.bundle
ae9015d8717ff4b859cc5e1acca7fa1f	None	?	draftpacks_assets_all.bundle
aee2ccfc39d7b7045b296709351bb9dc	None	?	draftpacks_assets_all.bundle
af2be03116ef6ee47983e6956e7b6c66	None	?	draftpacks_assets_all.bundle
af2df0b981e69594abb695e4dd0a878e	None	?	draftpacks_assets_all.bundle
af844aa28f64243599d3fa755a919f9d	None	?	draftpacks_assets_all.bundle
b0377585300d13c4ea5b34150c49cc39	None	?	draftpacks_assets_all.bundle
b0686b7458688304fa3b576c023eb679	None	?	draftpacks_assets_all.bundle
b08244044559f4f4aade65a9a08f2816	None	?	draftpacks_assets_all.bundle
b1081b5459a7e4177a99c91da3325647	None	?	draftpacks_assets_all.bundle
b11239d5648a647e6b1f0fda491e1654	None	?	draftpacks_assets_all.bundle
b117eb6d34a7a41bf867a170c07d79e6	None	?	draftpacks_assets_all.bundle
b1194fd907f5e3b4586b24c2e33d6e67	None	?	draftpacks_assets_all.bundle
b146d0f3735ee864ca5e313d08a37295	None	?	draftpacks_assets_all.bundle
b19c6c5522d9e934db447c66c58c593d	None	?	draftpacks_assets_all.bundle
b1d8b4dd86c394b0e954e3a001067106	None	?	draftpacks_assets_all.bundle
b23542543d1565942b00491e33246dd4	None	?	draftpacks_assets_all.bundle
b2d505e295423d44ea939a7f0d849b36	None	?	draftpacks_assets_all.bundle
b3a511ca63299ff4694014e91d08a0e7	None	?	draftpacks_assets_all.bundle
b3bd263e77ddac948809b8d3f69eb4a0	None	?	draftpacks_assets_all.bundle
b40941b9366024f9dac421aec37ef610	None	?	draftpacks_assets_all.bundle
b4561530b6586f2449251d4dd4f4cfac	None	?	draftpacks_assets_all.bundle
b48494326c9954c119fb5a1ae9fc84f7	None	?	draftpacks_assets_all.bundle
b4b767801592edf4d8b2649cb639c027	None	?	draftpacks_assets_all.bundle
b4e1fe306148a71429085b1808909dec	None	?	draftpacks_assets_all.bundle
b5d9823363c7fc24984f454bb14b99b1	None	?	draftpacks_assets_all.bundle
b5da42093ecd342fb8d77ceb4afe7dc6	None	?	draftpacks_assets_all.bundle
b647c2516f33f3d4c9aab96f5dd3184d	None	?	draftpacks_assets_all.bundle
b76d3acf06c11494f864823a0cbc514a	None	?	draftpacks_assets_all.bundle
b76d8eb37563c6f41bde86cf5a6cdf54	None	?	draftpacks_assets_all.bundle
b7934235e168e44e48514d08248613af	None	?	draftpacks_assets_all.bundle
b7cf54fd5b951694189bb12571fc3b49	None	?	draftpacks_assets_all.bundle
b800b3aa0787049eebb9bce3b09b0461	None	?	draftpacks_assets_all.bundle
b84282e21aa3044259cbda513cfa3d23	None	?	draftpacks_assets_all.bundle
b8bed95d174c34dec8ff06caa188c343	None	?	draftpacks_assets_all.bundle
b8cd01a9903905b4ca8c324d3fccc0c2	None	?	draftpacks_assets_all.bundle
b903a4064b61542a1aa958b7c6c5b138	None	?	draftpacks_assets_all.bundle
b939fafb82c5f4d4bbd83545f7524da9	None	?	draftpacks_assets_all.bundle
b96494d6ed489964fbd82b9066fbd578	None	?	draftpacks_assets_all.bundle
ba56f8bededf3403e91fef949b19ca97	None	?	draftpacks_assets_all.bundle
ba7d0c2f3553d4414ab5143edefc808c	None	?	draftpacks_assets_all.bundle
bb2b9980f52fb4e068cb38774bed94f4	None	?	draftpacks_assets_all.bundle
bb506d1d8d28a37458a7816533c508de	None	?	draftpacks_assets_all.bundle
bce28e5de7c1f8147a08f118636336d9	None	?	draftpacks_assets_all.bundle
bcee9a93e2bf2473f96ff3ed1f9590e5	None	?	draftpacks_assets_all.bundle
bd4f02e8d22ff3f46a4040eb9b24e88b	None	?	draftpacks_assets_all.bundle
bd545faea4b1f6e46af91c3d91478207	None	?	draftpacks_assets_all.bundle
bd8cd577fd0108149af2e02e8f08a5b8	None	?	draftpacks_assets_all.bundle
bd921cf6a8d2bff4b9ca30e33824bd64	None	?	draftpacks_assets_all.bundle
bdc0326867ceb4a4fb1c8ccfa906ff37	None	?	draftpacks_assets_all.bundle
bdfc6d17beb649d49ac96ae9e1867b38	None	?	draftpacks_assets_all.bundle
be24a73de75655440ad722ff5c942b58	None	?	draftpacks_assets_all.bundle
be308ea0439a44516940bfca19b252fb	None	?	draftpacks_assets_all.bundle
be5d5be91fca5bf498c96f09829f2cc2	None	?	draftpacks_assets_all.bundle
bebaeb6825d673345af89246e83b63c3	None	?	draftpacks_assets_all.bundle
bef87ed7403f0439fbeb6260239405fd	None	?	draftpacks_assets_all.bundle
bf2a16da4538096428a73135fc09217a	None	?	draftpacks_assets_all.bundle
bf574c272560e7b4fbc317230d4bef30	None	?	draftpacks_assets_all.bundle
bf9fc4efdb0b3ca48aabb908531d347d	None	?	draftpacks_assets_all.bundle
bfbea7879769d5a4f99339b46b3769fa	None	?	draftpacks_assets_all.bundle
bfc2989614319d2468892a27b16760ea	None	?	draftpacks_assets_all.bundle
bfcd09bdf636246d195e8d0cdde1f12f	None	?	draftpacks_assets_all.bundle
bfd831e328a6d4d27ba5328fe4feb8e6	None	?	draftpacks_assets_all.bundle
c0b39a3db596d472ba3fbc98f99c9791	None	?	draftpacks_assets_all.bundle
c11ef4728c1e94c4ba6388119d73be38	None	?	draftpacks_assets_all.bundle
c149d6e1e4012704dbddaa6fc3102620	None	?	draftpacks_assets_all.bundle
c18ba1e1ca4548145a83cdc597257208	None	?	draftpacks_assets_all.bundle
c1cd82784bc80714a9b42b45149ba50d	None	?	draftpacks_assets_all.bundle
c231b6386cdb30443a9b1d014d8e4609	None	?	draftpacks_assets_all.bundle
c25a53142abc747edb770cf34e6c6428	None	?	draftpacks_assets_all.bundle
c2d929d74e1824905872ce25f139fbf4	None	?	draftpacks_assets_all.bundle
c2f74b29d638c4fee874fa9754772000	None	?	draftpacks_assets_all.bundle
c338f28e7515045219b9aebe1ac5f0d7	None	?	draftpacks_assets_all.bundle
c33c8dc007abd40a7a08687c8fd2f7a1	None	?	draftpacks_assets_all.bundle
c34a58213a532d541b7fc5e15255ecba	None	?	draftpacks_assets_all.bundle
c3fecb541e0fa44b2af4aa98b6f1944b	None	?	draftpacks_assets_all.bundle
c52b6befa7cc94b65b5aedf3814aea1a	None	?	draftpacks_assets_all.bundle
c5aee7447c56a934a8e295d50991775e	None	?	draftpacks_assets_all.bundle
c609f651a0cdb4ca98091c8faa333a17	None	?	draftpacks_assets_all.bundle
c684a7b9d35e4478a808bce4c029b1ec	None	?	draftpacks_assets_all.bundle
c6c9a546f5b21fd49a575a64e7f9e7ad	None	?	draftpacks_assets_all.bundle
c6efeb01ad703d8428c3377c0e6d6056	None	?	draftpacks_assets_all.bundle
c70a768cf743e4f64a4ec50da29972c8	None	?	draftpacks_assets_all.bundle
c758cedb2f6d1b346803f8c0f1bd1a9a	None	?	draftpacks_assets_all.bundle
c7a19a0622c134eefbb5c9a814e7ad78	None	?	draftpacks_assets_all.bundle
c820a52c9990480419a91c89d9cdd32f	None	?	draftpacks_assets_all.bundle
c860040797d964ee08bd57ed8bd5de19	None	?	draftpacks_assets_all.bundle
c867705bde4c1ef45a46ca879163d4d6	None	?	draftpacks_assets_all.bundle
c8a5dc0645a8b3f449741aff385c707a	None	?	draftpacks_assets_all.bundle
c9427eef640014a709325853eb18bb53	None	?	draftpacks_assets_all.bundle
c94acac6cc43545faaad3294bd8e946b	None	?	draftpacks_assets_all.bundle
c97c5feac19ed47b184d5fc29b66c428	None	?	draftpacks_assets_all.bundle
c986a376be8274c87921e14a75327db8	None	?	draftpacks_assets_all.bundle
c9874fa04023fd644a5ce3fe9390de68	None	?	draftpacks_assets_all.bundle
c997f0825519f4e698d7d83140eed440	None	?	draftpacks_assets_all.bundle
c9bb25610875e404bb070533ded481ce	None	?	draftpacks_assets_all.bundle
c9ee8a431a0461e44916fb76a977ab0c	None	?	draftpacks_assets_all.bundle
ca8fc08494ea634428dcdf3d69850f95	None	?	draftpacks_assets_all.bundle
cb195b8242b384f929d958b49fee1725	None	?	draftpacks_assets_all.bundle
cbbef43fccd92489c8a50b7146214832	None	?	draftpacks_assets_all.bundle
cc0437bb62cbd4403a3b51faa62126a2	None	?	draftpacks_assets_all.bundle
cc10e59b2a606f740b98cfad3628d72e	None	?	draftpacks_assets_all.bundle
cc424bc491e6cec4997b3c4c64e7d390	None	?	draftpacks_assets_all.bundle
cc547e0ad7f2cbf4bb857aa5179ee4ba	None	?	draftpacks_assets_all.bundle
cc57959ab6aeeea43b19250c47289563	None	?	draftpacks_assets_all.bundle
cc74b21f140f3ec4681f5866cb5ece4a	None	?	draftpacks_assets_all.bundle
cc820fcd87527b74b8f501a94ba7eb43	None	?	draftpacks_assets_all.bundle
cdea2d5bad71943eb89937f43fe179a9	None	?	draftpacks_assets_all.bundle
ce0c97155373b814bb80127fa72bde0c	None	?	draftpacks_assets_all.bundle
ce253b8498db51544a479139cebe48ce	None	?	draftpacks_assets_all.bundle
ce59537ad10ee53498f724a23079a2cc	None	?	draftpacks_assets_all.bundle
ce64078f4d315da4eab49dc74694fde4	None	?	draftpacks_assets_all.bundle
ce642818867d04ce09ca1e0779f9e445	None	?	draftpacks_assets_all.bundle
ce7039a4bfa56d94cb5e90ee40ac50b3	None	?	draftpacks_assets_all.bundle
ce94121df9bf8034c9d519309ce9f385	None	?	draftpacks_assets_all.bundle
ceca9dd2058cac74d833e025f962a017	None	?	draftpacks_assets_all.bundle
cfe293aabdec812408b2f5f91a83ca45	None	?	draftpacks_assets_all.bundle
d0b4d8907135bc9449d4f6aeebc48b74	None	?	draftpacks_assets_all.bundle
d187a0cc3cd89144890e034fbab64945	None	?	draftpacks_assets_all.bundle
d1c523f6122480646883016ca5197f26	None	?	draftpacks_assets_all.bundle
d1fb0ab18aa09431ca29eb4a7fcb3923	None	?	draftpacks_assets_all.bundle
d21dd5f66e5ee3c4c9d71e72176a6ddd	None	?	draftpacks_assets_all.bundle
d224de4308040e04b9e3bf54ce24cbc5	None	?	draftpacks_assets_all.bundle
d245945e1e1fdfc4faca175c52897ca7	None	?	draftpacks_assets_all.bundle
d27bbf39a34d942929c4d0b4a818a7f5	None	?	draftpacks_assets_all.bundle
d28d752fc1fd94f4ab3186dda41b8cb8	None	?	draftpacks_assets_all.bundle
d368018a3bfe846c7b2ae7e6fd130480	None	?	draftpacks_assets_all.bundle
d38892a62af307045a84ab484ae27ea9	None	?	draftpacks_assets_all.bundle
d3cf18707ed2d8047bd972e3741e5229	None	?	draftpacks_assets_all.bundle
d3d10439b1340534bb678516e8d5c035	None	?	draftpacks_assets_all.bundle
d42254be6903a724cb38bad2bbd55b8e	None	?	draftpacks_assets_all.bundle
d4d4ccde6b3b3634e8b93ddd092326c9	None	?	draftpacks_assets_all.bundle
d514dc13701dc874ea31f2a43c3dd69b	None	?	draftpacks_assets_all.bundle
d5a8f593a69b248459988f162c38dcb9	None	?	draftpacks_assets_all.bundle
d5f9fa8499cf2c0449d1d80b5aeb9583	None	?	draftpacks_assets_all.bundle
d64d5119cacf1a742885b4479692b988	None	?	draftpacks_assets_all.bundle
d69333c61b325e44e949f24b0d27321b	None	?	draftpacks_assets_all.bundle
d70204ae7c61ba8468af676dc60d8820	None	?	draftpacks_assets_all.bundle
d73c0a9340dc64cb3bab4962b4633956	None	?	draftpacks_assets_all.bundle
d75ff9bc049c8491f97fcdd819708976	None	?	draftpacks_assets_all.bundle
d765d8c49dd72ff42a05ef6a03c8d1b5	None	?	draftpacks_assets_all.bundle
d7bed0226b7f14e66be5f64a6b560221	None	?	draftpacks_assets_all.bundle
d7de1d8168f862b428d3a61ccb53d98e	None	?	draftpacks_assets_all.bundle
d812a79db04f24bb19dc93e0da90f4ec	None	?	draftpacks_assets_all.bundle
d86a1309fb908524f93725b9f52f49af	None	?	draftpacks_assets_all.bundle
d8dcaac4123ab478ebf36a7d8b63206e	None	?	draftpacks_assets_all.bundle
d8dcd400aa74544fb864cb5bce9d9779	None	?	draftpacks_assets_all.bundle
d90b1e121fc1e4e87bf14714c7a34061	None	?	draftpacks_assets_all.bundle
d9c1bd6b68091154cac4baaf75632dab	None	?	draftpacks_assets_all.bundle
dac1f32851372d24a8109345327ba422	None	?	draftpacks_assets_all.bundle
dac8d7fb8c87e4248a8284200c18764d	None	?	draftpacks_assets_all.bundle
db00e0be11d948a42904536de66520f9	None	?	draftpacks_assets_all.bundle
db9410795e94943ab9d83bfb240d379f	None	?	draftpacks_assets_all.bundle
dbb529f5f236631409a0b446ff2cadd0	None	?	draftpacks_assets_all.bundle
dbeb59cee406a3841917fa179bbd68eb	None	?	draftpacks_assets_all.bundle
dc0911b5dcb2e4443a61625af215479e	None	?	draftpacks_assets_all.bundle
dc2f175b143d17a4bb7ca2fea54b352d	None	?	draftpacks_assets_all.bundle
dc3656e027fb9462aaade164d178561a	None	?	draftpacks_assets_all.bundle
dc5ca59184a697d4da8e85beb2395878	None	?	draftpacks_assets_all.bundle
dc6034ae09f9d4675b30b3474936d7c4	None	?	draftpacks_assets_all.bundle
dcf55a1eadac6304bb704e4d889d0341	None	?	draftpacks_assets_all.bundle
dd606c228e7d6194eae5320e92b55c5b	None	?	draftpacks_assets_all.bundle
dd81c3d40e04bad4d8d7d87d0f72a476	None	?	draftpacks_assets_all.bundle
dd94795ee098a7f42aa1c7f1e5c785b7	None	?	draftpacks_assets_all.bundle
ddb33d0d22e854bac840db7ab7e58d4e	None	?	draftpacks_assets_all.bundle
de27fdaa1f67540a089cfb778d4a0add	None	?	draftpacks_assets_all.bundle
df29a29fd06401e4886daea29f44b8c2	None	?	draftpacks_assets_all.bundle
df55669832640d84abea583d09082dc1	None	?	draftpacks_assets_all.bundle
dfac0eae3ff31ae4699ea03ebb35c70a	None	?	draftpacks_assets_all.bundle
e019185aecc3b1547bb87f8605cc9012	None	?	draftpacks_assets_all.bundle
e054f656b7c8a0a4fa022823adcfa351	None	?	draftpacks_assets_all.bundle
e05c6b1f06e3d164081c829cae02a0df	None	?	draftpacks_assets_all.bundle
e18fa25a7c344414b9c19de9e9b6c281	None	?	draftpacks_assets_all.bundle
e269aa59d331fe14e9d3ba1fbed4512b	None	?	draftpacks_assets_all.bundle
e26bfe9c86d3f43229235fdf10708a3e	None	?	draftpacks_assets_all.bundle
e28adab762030e6458db56a01f8c2f28	None	?	draftpacks_assets_all.bundle
e3f04828c88f3434da0c28c690183684	None	?	draftpacks_assets_all.bundle
e5723624be54e6c4eb6ec9935f9889b5	None	?	draftpacks_assets_all.bundle
e580271714e92e943a6d9c66b7fbc58f	None	?	draftpacks_assets_all.bundle
e5fa95965e22142239a1651de50c9aae	None	?	draftpacks_assets_all.bundle
e601a8ea9c9654ec3af45261f60023f5	None	?	draftpacks_assets_all.bundle
e64044de3c70b224d8dbe43d0b0713e2	None	?	draftpacks_assets_all.bundle
e64ce505c09bc4f42b76b43243d36863	None	?	draftpacks_assets_all.bundle
e65fd94845531144c80dca210c5f7395	None	?	draftpacks_assets_all.bundle
e691aab6297e3294eae58f262b0b94df	None	?	draftpacks_assets_all.bundle
e75b29d5ae63dde42953a45435573542	None	?	draftpacks_assets_all.bundle
e7b49ef61aff1fc47b584aa0710d2ebd	None	?	draftpacks_assets_all.bundle
e8115cbb14e5540ae85b9ef9ad13c98f	None	?	draftpacks_assets_all.bundle
e8620c4d22d179741bc66907b79d9e1b	None	?	draftpacks_assets_all.bundle
e928b020299c443f1b316211c6c4467c	None	?	draftpacks_assets_all.bundle
e945cee449e390d488402cf23ca55490	None	?	draftpacks_assets_all.bundle
e9a32e5c1f9e57c4d9b5381c3e7f9886	None	?	draftpacks_assets_all.bundle
e9bc183101f018344bf1abf6d9aa63e4	None	?	draftpacks_assets_all.bundle
e9bd468fbf8c5c74fba780afb62b8a99	None	?	draftpacks_assets_all.bundle
e9c11bfee601e47e089432e279a3e167	None	?	draftpacks_assets_all.bundle
e9c226d8466c8f649aff8f54254639cf	None	?	draftpacks_assets_all.bundle
e9cc62adf9e0f394c9647025518ec6b5	None	?	draftpacks_assets_all.bundle
ea652a2b19ecd794db82b51cbba83c80	None	?	draftpacks_assets_all.bundle
eadd600ebb1b74bf38cbc7756670342b	None	?	draftpacks_assets_all.bundle
eb22ddc22db06bf45af6724ed0d45de6	None	?	draftpacks_assets_all.bundle
eb469ad32405db840864354790268e61	None	?	draftpacks_assets_all.bundle
eb9d3d7df96b9476888b67b6dcedaff4	None	?	draftpacks_assets_all.bundle
ebdc955586d864b7b8cb5b59c77209fd	None	?	draftpacks_assets_all.bundle
ec0cd365537cc6340828cc79e8563d4e	None	?	draftpacks_assets_all.bundle
ec537051e743642aa891f800e78f5c23	None	?	draftpacks_assets_all.bundle
ec60938ce89794661afadd6aec217964	None	?	draftpacks_assets_all.bundle
ec63be4fc45894fc3bee4f01dd6bdbfe	None	?	draftpacks_assets_all.bundle
ec821489c4c4888408eff1cfb336fe62	None	?	draftpacks_assets_all.bundle
ec86bd13061071e4b8fb79225e799c82	None	?	draftpacks_assets_all.bundle
ec8977f8831e1471a8bab57fa4d73a12	None	?	draftpacks_assets_all.bundle
ecb3abb8453475648b2b20cd58a36fe7	None	?	draftpacks_assets_all.bundle
eccb17f2281e6490f9e6dac0d1c03a8c	None	?	draftpacks_assets_all.bundle
ecceb4ae1dcc54692bb92fc48439b21c	None	?	draftpacks_assets_all.bundle
ed3096dfaceab453eb99a13fb7f3439e	None	?	draftpacks_assets_all.bundle
ed40d7ca204768a498bd13f0a8874ef2	None	?	draftpacks_assets_all.bundle
ed4754024cd37cc478a5a53c689a224a	None	?	draftpacks_assets_all.bundle
ed8179b73936747a48a4b3756a5a1721	None	?	draftpacks_assets_all.bundle
edaeb830ad5200340a8a50188f8ad098	None	?	draftpacks_assets_all.bundle
ee078233e1bf91f47a2340c83d9658e3	None	?	draftpacks_assets_all.bundle
ee2d099ffba27cc4a9a8ead5caa18c79	None	?	draftpacks_assets_all.bundle
ee329e5058e464d1e8d1443bea43c8b0	None	?	draftpacks_assets_all.bundle
ee55465807db0264fbed5dfe1bf3eb53	None	?	draftpacks_assets_all.bundle
ee5a3aa1a45bb184c88730db5a08dafc	None	?	draftpacks_assets_all.bundle
ee9d9176be6d54459b57d29d45764dcd	None	?	draftpacks_assets_all.bundle
eef756aae25a94bdc9d658da89eb9cee	None	?	draftpacks_assets_all.bundle
efa86ea25875ade4c873a37a6f89e0d8	None	?	draftpacks_assets_all.bundle
efd5e94ee49fb1d40a3c8e4ae19fee8d	None	?	draftpacks_assets_all.bundle
f02629b1e5f1823418824992dfb30b81	None	?	draftpacks_assets_all.bundle
f050c7771c2191a40af383e7fafb0951	None	?	draftpacks_assets_all.bundle
f07c7f6c25dde1b448cb500915a835be	None	?	draftpacks_assets_all.bundle
f08b6320dc3c24213af088072953af4b	None	?	draftpacks_assets_all.bundle
f0c6a68c2eebbc143a6c9c048d8f6daf	None	?	draftpacks_assets_all.bundle
f0cd837d9dcb02f4d91785ac8b7b567f	None	?	draftpacks_assets_all.bundle
f0f57e4e04f844546a3952c5c3f6b5c7	None	?	draftpacks_assets_all.bundle
f10d0b39bb1d84188b7d5edbca619e72	None	?	draftpacks_assets_all.bundle
f120a609f3d92a74f957d06d83a16e00	None	?	draftpacks_assets_all.bundle
f14c064d85d28a347a8f5b2c1f00d2cc	None	?	draftpacks_assets_all.bundle
f1a5a21d0a931471088adfb156177ca3	None	?	draftpacks_assets_all.bundle
f257cf5803d77e249bd7c0d8931f9abc	None	?	draftpacks_assets_all.bundle
f29a6767e750743479ef3ae3a26650f8	None	?	draftpacks_assets_all.bundle
f2c4fb9423b0e2542b63548fa5efeee0	None	?	draftpacks_assets_all.bundle
f324b833b272a1742abdc4631d78de5e	None	?	draftpacks_assets_all.bundle
f362058e33630b944a9326d788dff359	None	?	draftpacks_assets_all.bundle
f3bd8c05a98fb314d84f98d388a0bafc	None	?	draftpacks_assets_all.bundle
f4ae8300af9cdae4e879cb1160585029	None	?	draftpacks_assets_all.bundle
f4fa1c8f18310bc4288dd08c28275104	None	?	draftpacks_assets_all.bundle
f5174f40cb52443298deb118bd351dc3	None	?	draftpacks_assets_all.bundle
f573d6609aba3d64e96e0f173c8da756	None	?	draftpacks_assets_all.bundle
f58efabfc21c7eb4eb47ab07d0c0d787	None	?	draftpacks_assets_all.bundle
f64aa5c0937d0d946a257b64c4af4382	None	?	draftpacks_assets_all.bundle
f6d4b9732dc6cac41b696df86b796e7d	None	?	draftpacks_assets_all.bundle
f7514ca93328f4f43a332e24edc13b27	None	?	draftpacks_assets_all.bundle
f798209207d704be3aea0118a4cb3669	None	?	draftpacks_assets_all.bundle
f7d626b9047007d4f882fa160849546e	None	?	draftpacks_assets_all.bundle
f7daad73c338f43f0a53954afa5164d1	None	?	draftpacks_assets_all.bundle
f7ffc6945afc24e36851679d6827f8a5	None	?	draftpacks_assets_all.bundle
f82997c1d4818e14c91b0db0d6c901bb	None	?	draftpacks_assets_all.bundle
f8e508e1890d91949ba06b68b6e3c15f	None	?	draftpacks_assets_all.bundle
f9859950d7625432badc1824b875cedf	None	?	draftpacks_assets_all.bundle
f98a488753a6043bcba497d2488701a8	None	?	draftpacks_assets_all.bundle
f9a7bc10980a48b4aa69980a31bc86b9	None	?	draftpacks_assets_all.bundle
f9e03263cf38ba749b7dbbbfd7722105	None	?	draftpacks_assets_all.bundle
f9fade68aec6144838b4620e6c504d75	None	?	draftpacks_assets_all.bundle
fa1400d627e017e4a8b5f65be6d5015d	None	?	draftpacks_assets_all.bundle
fac0eff1b512349609987ae92039dad1	None	?	draftpacks_assets_all.bundle
fba6a7c60b2d02b48bc5ccae490fc687	None	?	draftpacks_assets_all.bundle
fbd43c3ab2ccddd4ea5986d4a8462a99	None	?	draftpacks_assets_all.bundle
fbf1f15a939794516a141bbaec2230be	None	?	draftpacks_assets_all.bundle
fc34d401dac3c4ab590020c5685db407	None	?	draftpacks_assets_all.bundle
fc46594cc57737e4b9ed18042ccd1478	None	?	draftpacks_assets_all.bundle
fcf54fa3b9b3a4c818a396b58170b796	None	?	draftpacks_assets_all.bundle
fcfb0bd84a5672145a5b647712c21126	None	?	draftpacks_assets_all.bundle
fe0bdb0bfa26fe348a18bfc75247d23d	None	?	draftpacks_assets_all.bundle
fe694ed57c2fd014a9a28265f02824ed	None	?	draftpacks_assets_all.bundle
ffb6de1b2386846c78420d2d9ad1cf7f	None	?	draftpacks_assets_all.bundle
ffbe5ea7887157149921da04cbc1a9f3	None	?	draftpacks_assets_all.bundle
ffeeca5568c44c64e982c57c12f08eaa	None	?	draftpacks_assets_all.bundle
fff1877eae9e05a4c9e2d0642f18294a	None	?	draftpacks_assets_all.bundle
011bc24ee3a874d4cab24456f007e08e	None	?	duplicateassetisolation_assets_all.bundle
0528740b48c21dd41a8a77987a52a49c	None	?	duplicateassetisolation_assets_all.bundle
06e4a78c75e10c145a9156e32089ec9c	None	?	duplicateassetisolation_assets_all.bundle
0730e626707ed734f978b06e330ce0a5	None	?	duplicateassetisolation_assets_all.bundle
08e190a6935644f53aa12efa6040a139	None	?	duplicateassetisolation_assets_all.bundle
0cfc6712a3687c844afce9df7f4d8414	None	?	duplicateassetisolation_assets_all.bundle
0f169d92b52289343a82adbc2cc88675	None	?	duplicateassetisolation_assets_all.bundle
0f22936de76046d4f8e17de569a2ee63	None	?	duplicateassetisolation_assets_all.bundle
107609139f4ebf243ba3887ea1af85aa	None	?	duplicateassetisolation_assets_all.bundle
123ac6dc79004e54b8b352a7e64acdca	None	?	duplicateassetisolation_assets_all.bundle
130bdc6151982754a8f7b5197f716c4e	None	?	duplicateassetisolation_assets_all.bundle
17c2a1bb1735b76438ece930d9e55970	None	?	duplicateassetisolation_assets_all.bundle
1b987058e0ce11b4791719514c28b7e9	None	?	duplicateassetisolation_assets_all.bundle
1debb7a0dc6d649d582724fa098105fb	None	?	duplicateassetisolation_assets_all.bundle
2080d63d1a5ab7e47afac341b242ae33	None	?	duplicateassetisolation_assets_all.bundle
212ae329aefca45b7ae5f65166243575	None	?	duplicateassetisolation_assets_all.bundle
234dfdf479ebf4662b37c2cc94105fed	None	?	duplicateassetisolation_assets_all.bundle
243ee733568d54dd89cf8deba5260302	None	?	duplicateassetisolation_assets_all.bundle
2480a3fa1a283174990cebd83ba67d26	None	?	duplicateassetisolation_assets_all.bundle
27dcf61a881800347942296d432c92a5	None	?	duplicateassetisolation_assets_all.bundle
2998e3c33d7dd2b46a3679546ca65a89	None	?	duplicateassetisolation_assets_all.bundle
2ac6e0bb814992b4f9cd0c6c2159bec0	None	?	duplicateassetisolation_assets_all.bundle
2bdc59a021d61e94e853babceb9fe6d1	None	?	duplicateassetisolation_assets_all.bundle
2cab2dfc73d7eb64686000be777c6678	None	?	duplicateassetisolation_assets_all.bundle
3021c751a7b5c416a8eb5857194d416d	None	?	duplicateassetisolation_assets_all.bundle
3396dd208cf1a435092b3fa5fc8f76cc	None	?	duplicateassetisolation_assets_all.bundle
36308c4c27e702f448fe0943afd78df8	None	?	duplicateassetisolation_assets_all.bundle
36906eaa22192d2458de855780589f37	None	?	duplicateassetisolation_assets_all.bundle
37ed9daf54d12415e91df0412a4b6b29	None	?	duplicateassetisolation_assets_all.bundle
3a51d4be9b9074c53a5818f288b51f3c	None	?	duplicateassetisolation_assets_all.bundle
3e0b4c45837dee346849d3192a4c27d2	None	?	duplicateassetisolation_assets_all.bundle
3e58011f73e824835a82767b81cdaa54	None	?	duplicateassetisolation_assets_all.bundle
4364ba0efb4653f42bba7d69453482a2	None	?	duplicateassetisolation_assets_all.bundle
488aecb1b19584db49fec7dc3ba5847d	None	?	duplicateassetisolation_assets_all.bundle
492f3349f92767645a752364a5d18422	None	?	duplicateassetisolation_assets_all.bundle
49a601386bc574087b0f5c51c0420b89	None	?	duplicateassetisolation_assets_all.bundle
4ada7ed86c53eeb4887fe88e3d5bb02c	None	?	duplicateassetisolation_assets_all.bundle
4d2780143fa46415890cc8dfcdf3b006	None	?	duplicateassetisolation_assets_all.bundle
4d6611d9c611bfc438c7e53ae98664d2	None	?	duplicateassetisolation_assets_all.bundle
4df2334e177834fc082919aa7f873598	None	?	duplicateassetisolation_assets_all.bundle
4e79c0390f84118459250759d0e085eb	None	?	duplicateassetisolation_assets_all.bundle
55eb03d7d4fea4cd6acd9cf02dcaf1e9	None	?	duplicateassetisolation_assets_all.bundle
5ae64b04e67b7422dad6c53487daae13	None	?	duplicateassetisolation_assets_all.bundle
5cc6308e83f1142369a4b2a9887c6ca3	None	?	duplicateassetisolation_assets_all.bundle
5e23d9f64b27f544db7c1d1f697a0e93	None	?	duplicateassetisolation_assets_all.bundle
5f02a23d345e0554099b362827d0eb2e	None	?	duplicateassetisolation_assets_all.bundle
5f9ee715b3621469e86a3d592a16ae66	None	?	duplicateassetisolation_assets_all.bundle
5fa1f27f3def03945adb2dd2cdceea66	None	?	duplicateassetisolation_assets_all.bundle
6169322f38f2a43ed9001beac70f02af	None	?	duplicateassetisolation_assets_all.bundle
61dadaadfde5b914e8d992112b1889d4	None	?	duplicateassetisolation_assets_all.bundle
6205bdf2900b64867b3e683133c7cf87	None	?	duplicateassetisolation_assets_all.bundle
627722954c5f74ef2bc2a23ea539da68	None	?	duplicateassetisolation_assets_all.bundle
67459a8b825165e4ca0e90cae1d45c33	None	?	duplicateassetisolation_assets_all.bundle
68db01d9162b5304ab5f9c3278d9fb7e	None	?	duplicateassetisolation_assets_all.bundle
69239114f973045b48814f971d967170	None	?	duplicateassetisolation_assets_all.bundle
698795ef048232b4aaef578387ef06ae	None	?	duplicateassetisolation_assets_all.bundle
6c1501a4caa1d45449e756e93ba8658e	None	?	duplicateassetisolation_assets_all.bundle
6d5d68892d7254e5bb0492db4f7872f7	None	?	duplicateassetisolation_assets_all.bundle
702de83c62330b94b9511cdfb0f52121	None	?	duplicateassetisolation_assets_all.bundle
7037f0abcec084d1b821fddae0548bb0	None	?	duplicateassetisolation_assets_all.bundle
7062a0b6f1b034bcfb66d551de638daa	None	?	duplicateassetisolation_assets_all.bundle
70966b48b438243dc868138864818189	None	?	duplicateassetisolation_assets_all.bundle
723aed9cef44bfb4cb27b0cd879f259a	None	?	duplicateassetisolation_assets_all.bundle
74e76e67150464fc1a2c63e64b1bb202	None	?	duplicateassetisolation_assets_all.bundle
791ecd8c2fd9443e6af1fea4a096e080	None	?	duplicateassetisolation_assets_all.bundle
7c3eaf19e87c34d6fa81a5e60ce3d07d	None	?	duplicateassetisolation_assets_all.bundle
7e4405233efd7477aa705c8dea61030c	None	?	duplicateassetisolation_assets_all.bundle
8031f138d0b38473ca840bd1dc31707c	None	?	duplicateassetisolation_assets_all.bundle
80629b6382fc44c6ab808654bd221bdb	None	?	duplicateassetisolation_assets_all.bundle
86a96a4a7cb8b6b4bb4c1a348048017f	None	?	duplicateassetisolation_assets_all.bundle
874746e8dee0cbf4e85a491f873f287c	None	?	duplicateassetisolation_assets_all.bundle
8765829b4c1b820409385ae53384fb25	None	?	duplicateassetisolation_assets_all.bundle
8b726ff57d805494eacaaf1464259976	None	?	duplicateassetisolation_assets_all.bundle
8e41f31ef41367f4882dda15ae7cd225	None	?	duplicateassetisolation_assets_all.bundle
8ea2d4b94ce0b4492a0c6479c33b7c11	None	?	duplicateassetisolation_assets_all.bundle
8fd6201d3556743b6aaca7b763c01290	None	?	duplicateassetisolation_assets_all.bundle
93c97da0a9a11174ab89575db81f7917	None	?	duplicateassetisolation_assets_all.bundle
94a82b44a8222174b8c5720ef908f995	None	?	duplicateassetisolation_assets_all.bundle
9602e2ed35b2f634d8e4ed8cb7bf1bd2	None	?	duplicateassetisolation_assets_all.bundle
986b98513d32eb6478835b13584fc73c	None	?	duplicateassetisolation_assets_all.bundle
98dcf7cd273364cfeb15aa42f84eec0f	None	?	duplicateassetisolation_assets_all.bundle
9e4ab6a0dcd9cb04c8ae5c4c626958f6	None	?	duplicateassetisolation_assets_all.bundle
a00b2df6dc199854ba60af0c001a51b2	None	?	duplicateassetisolation_assets_all.bundle
a43da63138f074f7886c34b31f023c32	None	?	duplicateassetisolation_assets_all.bundle
a57224c16915b4dd5821449934cf9c5b	None	?	duplicateassetisolation_assets_all.bundle
a7ca2add27add3c4199da7e7fbea0378	None	?	duplicateassetisolation_assets_all.bundle
a82bdf66f7631d54fab8cfafecf80536	None	?	duplicateassetisolation_assets_all.bundle
aafdb206838868e46ac3286998d8a3fd	None	?	duplicateassetisolation_assets_all.bundle
aba62e6ee57994f8ea7b86a245351940	None	?	duplicateassetisolation_assets_all.bundle
af21fda8ec4328f4b86ead61027251a8	None	?	duplicateassetisolation_assets_all.bundle
b00ac64f2a35242618be7a3556b369aa	None	?	duplicateassetisolation_assets_all.bundle
b0ced60c9ff6a444bafc927c68018346	None	?	duplicateassetisolation_assets_all.bundle
b412be6f7b457494b889db208c880c91	None	?	duplicateassetisolation_assets_all.bundle
b4766164e9e094c83a199011cd85b59a	None	?	duplicateassetisolation_assets_all.bundle
b7de68a779f91264e8da00162a6b7168	None	?	duplicateassetisolation_assets_all.bundle
be4ec2693681e409cbe82c9bd6c3bf2e	None	?	duplicateassetisolation_assets_all.bundle
bee08b958539e2a40878b7749959fb0d	None	?	duplicateassetisolation_assets_all.bundle
c103c8e7903f5431fac4345cb8d85ff0	None	?	duplicateassetisolation_assets_all.bundle
c4d4365c3eeb8a54183f5af15699021d	None	?	duplicateassetisolation_assets_all.bundle
c90904a1b472133498eea92c8575aeca	None	?	duplicateassetisolation_assets_all.bundle
cb54088e4fe82ce44aafb5f3dc12b530	None	?	duplicateassetisolation_assets_all.bundle
ce9c49c4a8298ec4aa2b2daf7a9adda5	None	?	duplicateassetisolation_assets_all.bundle
d12e3c4a0eed44d71875b0e5e10ddb6d	None	?	duplicateassetisolation_assets_all.bundle
d68a95e16df7b87488ea58a6c20002fa	None	?	duplicateassetisolation_assets_all.bundle
d74123f7a2757cf46af3ae8c760afe95	None	?	duplicateassetisolation_assets_all.bundle
d93f2c1377e2f4c4fb4474cd9996539f	None	?	duplicateassetisolation_assets_all.bundle
d960d897cdc819041a73dceb80befb85	None	?	duplicateassetisolation_assets_all.bundle
da2dfd0c851ef42cab2ab58d7be1200b	None	?	duplicateassetisolation_assets_all.bundle
dd6d1c5e3f2d74321bfeea009d3ba01a	None	?	duplicateassetisolation_assets_all.bundle
e1a983c4104d7ee41825a588ea5126fa	None	?	duplicateassetisolation_assets_all.bundle
e1d7f1d4f6b654641b7c293eb3931ccb	None	?	duplicateassetisolation_assets_all.bundle
e7b8c2e37853d4f1a9fc6b82274a45ca	None	?	duplicateassetisolation_assets_all.bundle
e823cd5b5d27c0f4b8256e7c12ee3e6d	None	?	duplicateassetisolation_assets_all.bundle
ec654eeb00a1fd04d896b92677a9fa4f	None	?	duplicateassetisolation_assets_all.bundle
ed4cd3fecd446451cbdc59bb8ee42a4b	None	?	duplicateassetisolation_assets_all.bundle
ed6a2a0ef19900c4d9cf83f4ad92023a	None	?	duplicateassetisolation_assets_all.bundle
f01d08b89ac612c4d9026fcb3249153c	None	?	duplicateassetisolation_assets_all.bundle
f1fdd574d21f8224a8fa77169ecd0d7c	None	?	duplicateassetisolation_assets_all.bundle
f5f94e20533a400479359f21c26305a5	None	?	duplicateassetisolation_assets_all.bundle
fafa06e8ef8c7fb4eac7a74c65cf3a06	None	?	duplicateassetisolation_assets_all.bundle
fcf826223c7ad534ab6c2c63e436fc4f	None	?	duplicateassetisolation_assets_all.bundle
fd2d6ff195f4f4341a0c19621cb8c207	None	?	duplicateassetisolation_assets_all.bundle
105dde85815749d42a9f2b6aa8ba1297	None	?	duplicateassetisolationso_assets_all.bundle
1b1b2a0c8a0aa4005a2afbce0d641768	None	?	duplicateassetisolationso_assets_all.bundle
2497a6824baf7944d97c342032a5f060	None	?	duplicateassetisolationso_assets_all.bundle
458989ec564cb437381d46b9a136a830	None	?	duplicateassetisolationso_assets_all.bundle
5b6cf62408dbac54a9a51f1f90e72781	None	?	duplicateassetisolationso_assets_all.bundle
5d555be64195744a5bb7a1e3976aeef3	None	?	duplicateassetisolationso_assets_all.bundle
68b2918e63ff8f44d972a81bc2171178	None	?	duplicateassetisolationso_assets_all.bundle
8068547bb12194d248051b0b7dc56ff3	None	?	duplicateassetisolationso_assets_all.bundle
83d9fccc4b20f4170935cc51a1825b2b	None	?	duplicateassetisolationso_assets_all.bundle
87919cf4004d01f46b2c44872b8d94c7	None	?	duplicateassetisolationso_assets_all.bundle
8b1495aa04d524f27a0ad71adb98adb6	None	?	duplicateassetisolationso_assets_all.bundle
acaad7e205a0a4a2ebaa5069ffa781a2	None	?	duplicateassetisolationso_assets_all.bundle
b314ce1e3fa6842acade4104d48fcfea	None	?	duplicateassetisolationso_assets_all.bundle
d84a8792b785348fa836aae81ff3782a	None	?	duplicateassetisolationso_assets_all.bundle
ee46fc60b4fc84f1280413bba1e8bd69	None	?	duplicateassetisolationso_assets_all.bundle
03632b8717d124c1bbdb0743bfa72575	None	?	flavourframes_assets_all.bundle
118bb5c40302b4f7aab6445070f8b7d3	None	?	flavourframes_assets_all.bundle
1931349b2f80f491aa72405953464246	None	?	flavourframes_assets_all.bundle
1fb9ea10babd344f5b205bd5af7665f5	None	?	flavourframes_assets_all.bundle
3789b2d02729b47758cccc9defd9156b	None	?	flavourframes_assets_all.bundle
388ece7a70907e54aaa17fa00e5ec8cd	None	?	flavourframes_assets_all.bundle
714fd6117ecda46a9b41a8dabbd6742e	None	?	flavourframes_assets_all.bundle
7dbfc5e934ef448c28b85f1d7d888720	None	?	flavourframes_assets_all.bundle
b34eac9ef93f04547b530957f6987eaa	None	?	flavourframes_assets_all.bundle
ca02afba1cdf5a5488c7ad49d5a8c118	None	?	flavourframes_assets_all.bundle
df2e6ee13edf043639f9c91261c55a84	None	?	flavourframes_assets_all.bundle
e3652867696374dfeb0f23e0c8a4d7c8	None	?	flavourframes_assets_all.bundle
f48c705e4c39d4a5a9d98c2bb6951849	None	?	flavourframes_assets_all.bundle
03c6bb868652546e18c9b505e492b43d	None	?	fonts_assets_all.bundle
06cde134b631e4c5cad2bf4b4c80cd05	None	?	fonts_assets_all.bundle
0a4436c15da94814e863a1901a7ad6ac	None	?	fonts_assets_all.bundle
0b7b46fac21b99948a1ceae445c26579	None	?	fonts_assets_all.bundle
0d6c62d83e68c482496dfe02f059f2e4	None	?	fonts_assets_all.bundle
0e78fdc93b8697445b997c4fc6e44662	None	?	fonts_assets_all.bundle
13da1c789265b4f03808745cd23a4a67	None	?	fonts_assets_all.bundle
16e2ec751f3074242a7be3334387b45d	None	?	fonts_assets_all.bundle
1ace965c8ef5e8a4bb36189cbd9a67a7	None	?	fonts_assets_all.bundle
1c0605e90c79d4ce0b3bc3bbe353e3e2	None	?	fonts_assets_all.bundle
1df326123d75aee478184e0288106c02	None	?	fonts_assets_all.bundle
1df85ddc20c264ea19b5a1b818ba5375	None	?	fonts_assets_all.bundle
1e1b4d4c53771435d8fcec332ab1f10f	None	?	fonts_assets_all.bundle
1f0527164742f4f1db44f7e342701837	None	?	fonts_assets_all.bundle
218abf545ecaab24c9d228e39844d228	None	?	fonts_assets_all.bundle
26237c2000bd1499dbadae18a3c1de3f	None	?	fonts_assets_all.bundle
267e1b052a3a04fb8be235fe5d73774a	None	?	fonts_assets_all.bundle
2b4cc2213b21c45c382e01826ecbdc0e	None	?	fonts_assets_all.bundle
3adc7764b96914e4ea442c9d103f87d4	None	?	fonts_assets_all.bundle
3b86ed92f17793d4182dc64d27c4438c	None	?	fonts_assets_all.bundle
4058ff6b84c334c688d7d974b25039da	None	?	fonts_assets_all.bundle
42ffd483244ee429f895b09a7a0a8796	None	?	fonts_assets_all.bundle
446d45ed8697a4cf59042afa03651280	None	?	fonts_assets_all.bundle
4591140d88d1e415986a8a2314e4f50b	None	?	fonts_assets_all.bundle
4981f786916788d4f8261bd3b38c6480	None	?	fonts_assets_all.bundle
4a7aef59e7ef04d0e9e9f8bc9fa520b1	None	?	fonts_assets_all.bundle
4b254e051c4553c489a640d778eaa058	None	?	fonts_assets_all.bundle
4e2251c5165f1e34ebadd0439ad57273	None	?	fonts_assets_all.bundle
4fa94b73944f5427ca9c1db652550800	None	?	fonts_assets_all.bundle
503091994a02b4f338eb6b1da9a8c9ed	None	?	fonts_assets_all.bundle
508d4b0921768f240b1a72ccc6f33f6a	None	?	fonts_assets_all.bundle
5af0435dcc0d62142bff31f198fce99c	None	?	fonts_assets_all.bundle
5c8769b74b31f4d078c2def37c830ee7	None	?	fonts_assets_all.bundle
5e30f9092d3e040e2903c6282a00d9d9	None	?	fonts_assets_all.bundle
61505a44a63c2044fb42afc3a0924f18	None	?	fonts_assets_all.bundle
630d4e20b133e44299a0491adf760dfd	None	?	fonts_assets_all.bundle
640df63a62e8f4b52978bf43e3e31230	None	?	fonts_assets_all.bundle
67e0b05b26c3441dc9ba6da7dd03b049	None	?	fonts_assets_all.bundle
6828b974b016c4f97b6aa66cd84b3378	None	?	fonts_assets_all.bundle
68cfd44cd2c63054aa9fcbde4d39ffea	None	?	fonts_assets_all.bundle
6dea4dc5d3e5443ce9e1e2b33571e307	None	?	fonts_assets_all.bundle
6f0d2c5ead11341c3a7a489d70454fd7	None	?	fonts_assets_all.bundle
7556703abb7854a5fb8bdbd7462104fb	None	?	fonts_assets_all.bundle
7dfde64fed11840258803aa1e3b58d3a	None	?	fonts_assets_all.bundle
85341b51360e5dc45aa010aebd996222	None	?	fonts_assets_all.bundle
857f2b4a622674a20a819af06b298165	None	?	fonts_assets_all.bundle
8e314b40789afa14bbec8c710f62072f	None	?	fonts_assets_all.bundle
8e4f27830a8ae44609b6099007dd4456	None	?	fonts_assets_all.bundle
8e52b712618314245af776f492e21ede	None	?	fonts_assets_all.bundle
8f04724c570014a628bbfe2691ef68a2	None	?	fonts_assets_all.bundle
90b1b3e1ca29c4a5e85b1560c9fc8667	None	?	fonts_assets_all.bundle
93961c9dfe8ea4d15aff2a9864032c05	None	?	fonts_assets_all.bundle
9ac02cc78b2d45949b31027444271a8f	None	?	fonts_assets_all.bundle
9d5ca3b0d8e1748d9a5b00b2db1d8ab8	None	?	fonts_assets_all.bundle
9e6faf54a39b14169b153fab90de7bfb	None	?	fonts_assets_all.bundle
a0021e14a869f470093360e0ab7f910f	None	?	fonts_assets_all.bundle
a2e858448882a42fa98cd404868ae103	None	?	fonts_assets_all.bundle
a2f99150c551740f1bd73afcb97da58d	None	?	fonts_assets_all.bundle
a4c30e33797ed48089e758cf44deb6c6	None	?	fonts_assets_all.bundle
a9988526c7ceb43eabdd46c220b86990	None	?	fonts_assets_all.bundle
aad867f85f5f86a41bc5c9afa50e9c0a	None	?	fonts_assets_all.bundle
c1a88e1356ad44de0878b827eb005d56	None	?	fonts_assets_all.bundle
c2b4ca4e6f0c94e7c8a0008b90f51417	None	?	fonts_assets_all.bundle
c367cabe143c146fe9b87932d7498a18	None	?	fonts_assets_all.bundle
c6ae65158601b394ba93f171c24cf5d8	None	?	fonts_assets_all.bundle
c7e56b6eea62ec840b0d270c30726bbb	None	?	fonts_assets_all.bundle
c8e6e2a1afd8641dc8a3029f6f7325d2	None	?	fonts_assets_all.bundle
ce52b0c22ebf7453b8a49e9f6c7f73d6	None	?	fonts_assets_all.bundle
d1d9b2345fdcea54188d471d5a35551a	None	?	fonts_assets_all.bundle
da6554a96e65044a79f87f7e1a3f08f1	None	?	fonts_assets_all.bundle
dd3767790be4e42f289eec359047edc5	None	?	fonts_assets_all.bundle
ec37d959f2ca94421a9be2bde5f29b8b	None	?	fonts_assets_all.bundle
f0efa4b8080fa41daaf2c0fe150e8094	None	?	fonts_assets_all.bundle
f1efa8c59c20c4e1a87b8df35da0194e	None	?	fonts_assets_all.bundle
f2e160872b1474294abb625d21b3d98d	None	?	fonts_assets_all.bundle
f53f4ccbed0a34828ba0743502d26611	None	?	fonts_assets_all.bundle
fa5be08cb1d2649158e2996a2a8ef6ab	None	?	fonts_assets_all.bundle
fa6fb527422c2fa4bb0ff97b8f60607b	None	?	fonts_assets_all.bundle
fcbb2ebaed52a402080bb6540fe190a6	None	?	fonts_assets_all.bundle
fcddcf18d7df6564d8a8939860372812	None	?	fonts_assets_all.bundle
fd4937ad784099b4db04b35fa7b2f247	None	?	fonts_assets_all.bundle
06991d7026349b0488fdd369d9e4148e	None	?	generalgamewindows_assets_all.bundle
275fe2d0208ea5e4b8a5021e2b9b348a	None	?	generalgamewindows_assets_all.bundle
30e39a50456dec74b9c4e9f90248078e	None	?	generalgamewindows_assets_all.bundle
42508c385b7544a4f9422df90698e970	None	?	generalgamewindows_assets_all.bundle
593d3960162af45ea9c0e8077b4fd543	None	?	generalgamewindows_assets_all.bundle
85161f5d9fb1f0b46a4f65ddd00f2cae	None	?	generalgamewindows_assets_all.bundle
c875723d9f0c147458bfb5f15ad8e65a	None	?	generalgamewindows_assets_all.bundle
d9293f757ef4bb94d9c639b604f80715	None	?	generalgamewindows_assets_all.bundle
fa5ca67bd88ae42b7ac85c43c3dc21a4	None	?	generalgamewindows_assets_all.bundle
068e51b4d6814fd4b9aa64114eb16be3	None	?	genestalercultscardanims_assets_all.bundle
07b3b9e6779bb3a4796327f5ce382ae5	None	?	genestalercultscardanims_assets_all.bundle
0c1819e921598dd4d80b9fb8c79310a7	None	?	genestalercultscardanims_assets_all.bundle
1490f0d381051c646af75e154dc1d3bc	None	?	genestalercultscardanims_assets_all.bundle
25b074deebdc43a44851785f37c77f04	None	?	genestalercultscardanims_assets_all.bundle
29f8a583e03860a419f014a27b954ab5	None	?	genestalercultscardanims_assets_all.bundle
2f238b4019b3ee148b2abdc2cfb668c8	None	?	genestalercultscardanims_assets_all.bundle
2ff9d7d9838ec374ca964e38ffe4ff08	None	?	genestalercultscardanims_assets_all.bundle
4ae02eb9e870e964db52a85ed290696a	None	?	genestalercultscardanims_assets_all.bundle
4d86592ed6f05994aa4652f9795ac056	None	?	genestalercultscardanims_assets_all.bundle
4e5febd547c3a42498ab3569d40fbe46	None	?	genestalercultscardanims_assets_all.bundle
62675a231092252418f8352fe7180988	None	?	genestalercultscardanims_assets_all.bundle
6ded61fffc2f13a4199921fbb92c13c8	None	?	genestalercultscardanims_assets_all.bundle
6fb576382e1754d47a0f893a063fb61d	None	?	genestalercultscardanims_assets_all.bundle
71631df11358141459acc728771ff3cc	None	?	genestalercultscardanims_assets_all.bundle
735691deb48246343b533f6ba46fe34c	None	?	genestalercultscardanims_assets_all.bundle
84e306be9476ae74baab195f8e28662e	None	?	genestalercultscardanims_assets_all.bundle
8711bc79572752a49b71d5727e60f282	None	?	genestalercultscardanims_assets_all.bundle
946f3198e69887c44b79fb2e38933f11	None	?	genestalercultscardanims_assets_all.bundle
a3a62fd0942ebb24b88902272297b3e3	None	?	genestalercultscardanims_assets_all.bundle
ab3823ce62b0f424cb13f78a6c0362bb	None	?	genestalercultscardanims_assets_all.bundle
ad83c3ad77f174c4a8c2de50e315771e	None	?	genestalercultscardanims_assets_all.bundle
c419c24befcd5fd4e941a1a528be4f82	None	?	genestalercultscardanims_assets_all.bundle
f90fffe24b0ff674e8ad8083aa68c38f	None	?	genestalercultscardanims_assets_all.bundle
0064d9422815f484baa285f24937c95c	None	?	genestealercultscardassets_assets_all.bundle
01739e64e09e84d56a6dd2576ec746e8	None	?	genestealercultscardassets_assets_all.bundle
02943b91291cbfd469e2e6e6be596421	None	?	genestealercultscardassets_assets_all.bundle
03ed6de4b5b3946bf856935fb14d2d4c	None	?	genestealercultscardassets_assets_all.bundle
06100b420405dcb41b035039ffda916b	None	?	genestealercultscardassets_assets_all.bundle
0746670b7d40549a28cb9f52779c1884	None	?	genestealercultscardassets_assets_all.bundle
07a88298bfc8249e6b6f7272d9c00b3e	None	?	genestealercultscardassets_assets_all.bundle
081e1ff06befd4c4fbb24393d85b24e1	None	?	genestealercultscardassets_assets_all.bundle
0bb456da9ae774cb7a695156084fa06d	None	?	genestealercultscardassets_assets_all.bundle
0c2b1220415b44a39bf2667584371ce2	None	?	genestealercultscardassets_assets_all.bundle
0c49761ac03e34fc5adacacd58ae90cd	None	?	genestealercultscardassets_assets_all.bundle
0c84dfc541c094995a0fde5ed5cf3b43	None	?	genestealercultscardassets_assets_all.bundle
0d1d753e90bd84b74816952bc6ed66c3	None	?	genestealercultscardassets_assets_all.bundle
0d2bbb0c565d2e1478395a256774e242	None	?	genestealercultscardassets_assets_all.bundle
0e640989b06dd458f9f06b24ba154da4	None	?	genestealercultscardassets_assets_all.bundle
11220753c213727489cd2ed0ae28026a	None	?	genestealercultscardassets_assets_all.bundle
114be05371107104ca1bdac5b70c46c8	None	?	genestealercultscardassets_assets_all.bundle
139ff023342fa47a3bfa40e00b5d0946	None	?	genestealercultscardassets_assets_all.bundle
15e0a489397f1495d84a5c595efa0ff4	None	?	genestealercultscardassets_assets_all.bundle
1723989538d0148d98009b5254be4015	None	?	genestealercultscardassets_assets_all.bundle
173d7b9076b1a47a6a5f214f8d14ba47	None	?	genestealercultscardassets_assets_all.bundle
17df42f9be2c14e38b6262b31b0ca9b9	None	?	genestealercultscardassets_assets_all.bundle
17e9d532bee9fec409667c65ed2131f0	None	?	genestealercultscardassets_assets_all.bundle
1817d7c8c0bc2f445bf97861549d6bad	None	?	genestealercultscardassets_assets_all.bundle
1af3f7b5f6157431fae30fe4f8bd7c9b	None	?	genestealercultscardassets_assets_all.bundle
1baa07a479dce4a0d92383ba59ebd77b	None	?	genestealercultscardassets_assets_all.bundle
1c1b30997ab3946ea934a20217799acd	None	?	genestealercultscardassets_assets_all.bundle
1dc88f69a1032ba45b3b6333b630b642	None	?	genestealercultscardassets_assets_all.bundle
1fbb9764306cb4c3dbe5851bfc894a0f	None	?	genestealercultscardassets_assets_all.bundle
1fc442162dcea894ea5272647d929770	None	?	genestealercultscardassets_assets_all.bundle
1fcfbca40399847ceb8038aa0cf23eb6	None	?	genestealercultscardassets_assets_all.bundle
20034af1ce1fb4fbfaba73ee7e1d0df6	None	?	genestealercultscardassets_assets_all.bundle
21124b13df21943d288cdd1d19eb2bde	None	?	genestealercultscardassets_assets_all.bundle
2127846dea0184d81bfcc89b2d301ec5	None	?	genestealercultscardassets_assets_all.bundle
21891d6f0bef14a7ab19ebb4b224d7e5	None	?	genestealercultscardassets_assets_all.bundle
2260681cbef334a61b196672997c47c1	None	?	genestealercultscardassets_assets_all.bundle
227c6f5211ceb464a8708215ae21bb87	None	?	genestealercultscardassets_assets_all.bundle
235841d1e857d4fbaa566b9828d5b01c	None	?	genestealercultscardassets_assets_all.bundle
238b69597f76149c18c5cb0eb977984a	None	?	genestealercultscardassets_assets_all.bundle
2415b100e3152f045abcf4c815c93e91	None	?	genestealercultscardassets_assets_all.bundle
246a84ce453954d9990125665611ffe7	None	?	genestealercultscardassets_assets_all.bundle
25d24f898182a1a4bb8604353e4c5a3e	None	?	genestealercultscardassets_assets_all.bundle
263454672aa934409980dcb91f335bd0	None	?	genestealercultscardassets_assets_all.bundle
2856b2f00f4757e4fb17c7ef7a86adb6	None	?	genestealercultscardassets_assets_all.bundle
2972c7cbfa1e54aa4b7024e6891781d4	None	?	genestealercultscardassets_assets_all.bundle
29b84caff0a6845ee8d2796d4ae77d15	None	?	genestealercultscardassets_assets_all.bundle
2a557bb836c4d46848fb3238c009b66f	None	?	genestealercultscardassets_assets_all.bundle
2b3fc42833a894a54ae51fb99f279941	None	?	genestealercultscardassets_assets_all.bundle
2b4521950c38943b582a32b58cbcf0f7	None	?	genestealercultscardassets_assets_all.bundle
2ce4d064ec88541b4af292efd96b21d3	None	?	genestealercultscardassets_assets_all.bundle
2ced0a941146f7b419cc41d22876d24f	None	?	genestealercultscardassets_assets_all.bundle
2d7d5f788bd5a453a913f17f924806dc	None	?	genestealercultscardassets_assets_all.bundle
2dad60e3908001049a27dc632023f222	None	?	genestealercultscardassets_assets_all.bundle
2dd4413706bc14639bb42df1dbde90a7	None	?	genestealercultscardassets_assets_all.bundle
3083b610cbe2a41d7bb284a1be4f0ffb	None	?	genestealercultscardassets_assets_all.bundle
30aa25dc3de964ae4a426dd0a1b68d4b	None	?	genestealercultscardassets_assets_all.bundle
344a2c9b06f104c328a5b36d031e9279	None	?	genestealercultscardassets_assets_all.bundle
34bad2b1df2ba44acafef97171ff7950	None	?	genestealercultscardassets_assets_all.bundle
35b78be6b528e4c639547e5cc267aed8	None	?	genestealercultscardassets_assets_all.bundle
3746a9bf90dd60846b9023961ec7c415	None	?	genestealercultscardassets_assets_all.bundle
39b22ad194e9845b2a9d8872d68b6e78	None	?	genestealercultscardassets_assets_all.bundle
39ce9a37e02bfb844a601569e5aa5ac4	None	?	genestealercultscardassets_assets_all.bundle
39e96762f7e414f08a44117dc48d5704	None	?	genestealercultscardassets_assets_all.bundle
3a13fa665db09d845bd28e7dbf375e96	None	?	genestealercultscardassets_assets_all.bundle
3bdbf70edcb514004b464bc8465840da	None	?	genestealercultscardassets_assets_all.bundle
3bf5a4a6e2831486e87bd114bdff15ae	None	?	genestealercultscardassets_assets_all.bundle
3c321474a9700b74eac582f4df9d26f6	None	?	genestealercultscardassets_assets_all.bundle
3fdfc4f62bc0b4325b486325b1568441	None	?	genestealercultscardassets_assets_all.bundle
40eec1be336434690b75c500a80c984b	None	?	genestealercultscardassets_assets_all.bundle
42258922278af4a21859ba6acdf9ac34	None	?	genestealercultscardassets_assets_all.bundle
4260fdb100e38854ca7a98f91fb0bfe8	None	?	genestealercultscardassets_assets_all.bundle
4392528d5bbca4ca28fa7d2fb68e30cc	None	?	genestealercultscardassets_assets_all.bundle
44e77d827b9b841359ba061c8455a869	None	?	genestealercultscardassets_assets_all.bundle
44f37476275dc4ee5bfdaec10b0c006f	None	?	genestealercultscardassets_assets_all.bundle
46f46b0846e7242ae823e12459983209	None	?	genestealercultscardassets_assets_all.bundle
48f513ab0cba647a5b78522e97a55d08	None	?	genestealercultscardassets_assets_all.bundle
490a5173f9f6142569c157fd49143485	None	?	genestealercultscardassets_assets_all.bundle
49796bb6a9e3c4910af61ffd1e0ed17c	None	?	genestealercultscardassets_assets_all.bundle
499a383dfd8e9451e8a93e830d4f6d1d	None	?	genestealercultscardassets_assets_all.bundle
49fd5671619464e84b983cfd8310170d	None	?	genestealercultscardassets_assets_all.bundle
4aa1d3957c8c84ac29f4bdc4f9a1ab1e	None	?	genestealercultscardassets_assets_all.bundle
4ab5f671ba52b4ff48c709da2c996119	None	?	genestealercultscardassets_assets_all.bundle
4b30da568c8f3f249887cffc273da907	None	?	genestealercultscardassets_assets_all.bundle
4b6dfea405cad41819ec34c4ac0c65cd	None	?	genestealercultscardassets_assets_all.bundle
4c770bb25fec5496c9b0e5a96ac38d57	None	?	genestealercultscardassets_assets_all.bundle
5248bf70cddb64467b3141694fcee42b	None	?	genestealercultscardassets_assets_all.bundle
54b8820208aec4976931bd2d22c396bc	None	?	genestealercultscardassets_assets_all.bundle
54f1c3d81fb50fb40b9a8e153c20da22	None	?	genestealercultscardassets_assets_all.bundle
55febaa024c180b41ac7ef9c6528975b	None	?	genestealercultscardassets_assets_all.bundle
562fefed071b5455f909d9817cc1799e	None	?	genestealercultscardassets_assets_all.bundle
5636554caa6b54a8f891bec1c44562b9	None	?	genestealercultscardassets_assets_all.bundle
5735e5433a3a26f48838925b7f4058b0	None	?	genestealercultscardassets_assets_all.bundle
58e9c5051eb694ecaa78e62f1a6af4bf	None	?	genestealercultscardassets_assets_all.bundle
593e43cfca3adc84e94f7069f796d408	None	?	genestealercultscardassets_assets_all.bundle
59a8d72628bbe450da47c88671f12ef0	None	?	genestealercultscardassets_assets_all.bundle
5c1887bc0d99c0c4a94ca507e923bad6	None	?	genestealercultscardassets_assets_all.bundle
5ccdcd42286c8634badeb7a9533d167c	None	?	genestealercultscardassets_assets_all.bundle
5e1bb179598c54ca788faf4a5392eb40	None	?	genestealercultscardassets_assets_all.bundle
6111180c03a334c45984f0050133fc6b	None	?	genestealercultscardassets_assets_all.bundle
648144c8003a9425cb24be452eacabce	None	?	genestealercultscardassets_assets_all.bundle
657ce584572794836ad7781e6f38990a	None	?	genestealercultscardassets_assets_all.bundle
673ce0b464f554b399e839ab9d034ee5	None	?	genestealercultscardassets_assets_all.bundle
675d4da5d89ee4eb0aa1bafb16217461	None	?	genestealercultscardassets_assets_all.bundle
6798dcd0411a3444f89717a472eae9fb	None	?	genestealercultscardassets_assets_all.bundle
6be56b8289419544ab23ee873cfbc369	None	?	genestealercultscardassets_assets_all.bundle
6e0560716b4d046a28a8dcbad74ebb38	None	?	genestealercultscardassets_assets_all.bundle
6f18346f17e2048b59a2268698c71375	None	?	genestealercultscardassets_assets_all.bundle
6fd40d3a6a7850348b8266615ee524c9	None	?	genestealercultscardassets_assets_all.bundle
7102af8f7e34b411fae142622bf648a2	None	?	genestealercultscardassets_assets_all.bundle
732a9fa6d77344fac816cca6fa14a78a	None	?	genestealercultscardassets_assets_all.bundle
752b855aa3460473abad056bf9a3a3a5	None	?	genestealercultscardassets_assets_all.bundle
76d1ab5cf5b65448caadbdcf0599e6b0	None	?	genestealercultscardassets_assets_all.bundle
774fdce5624194cf3866a857f9a63396	None	?	genestealercultscardassets_assets_all.bundle
77bbfb9e78242944ea14c2521d9fa1a1	None	?	genestealercultscardassets_assets_all.bundle
782a1a138aa1e42968187cf3102f4e10	None	?	genestealercultscardassets_assets_all.bundle
788fced698c4c4449bbd8a979ac38eec	None	?	genestealercultscardassets_assets_all.bundle
79b71082926084431aba8d7e640673ce	None	?	genestealercultscardassets_assets_all.bundle
79f31940bc0674bcba7ec46c13a6d891	None	?	genestealercultscardassets_assets_all.bundle
7b5bbe1c0fd9548cb800113097753cd6	None	?	genestealercultscardassets_assets_all.bundle
8326ef09eed074a1c9ca61303ac38d6a	None	?	genestealercultscardassets_assets_all.bundle
836fbb0e623b948208165a6343ba1220	None	?	genestealercultscardassets_assets_all.bundle
83ce78bbebed34b728f20cfd9d661b10	None	?	genestealercultscardassets_assets_all.bundle
8570d84c5ddd3476c93de643898475c7	None	?	genestealercultscardassets_assets_all.bundle
8659caa114bb242a59eb6534cf8f8cac	None	?	genestealercultscardassets_assets_all.bundle
8739584a19a0e46f380caf83170bf8dc	None	?	genestealercultscardassets_assets_all.bundle
892792634b381b84eb8686849c7729d8	None	?	genestealercultscardassets_assets_all.bundle
8a3ec9669199f9d4eb43fd045a4c1ff3	None	?	genestealercultscardassets_assets_all.bundle
8b50ecc930f99418691675dfad0737af	None	?	genestealercultscardassets_assets_all.bundle
8bb399eeaaa6e324094ca1beac3839e3	None	?	genestealercultscardassets_assets_all.bundle
8fe81b71b6ef147279eac296a5ce58ad	None	?	genestealercultscardassets_assets_all.bundle
908f22bf59a2d4f858e8555482080008	None	?	genestealercultscardassets_assets_all.bundle
9209a26c3382443e3bd39893f3314a7d	None	?	genestealercultscardassets_assets_all.bundle
93ec2e575a6ed77469bc1d93a528d01c	None	?	genestealercultscardassets_assets_all.bundle
942e13de5cf8244fdb32930e62c5686d	None	?	genestealercultscardassets_assets_all.bundle
94556c9ccb2ef44729057533e24df977	None	?	genestealercultscardassets_assets_all.bundle
945fb16542faa41399119d357a95ea1b	None	?	genestealercultscardassets_assets_all.bundle
96f8a362ee44dc6449dd16d3a517b96d	None	?	genestealercultscardassets_assets_all.bundle
9c455aff3bf39a14da95354424aa2d40	None	?	genestealercultscardassets_assets_all.bundle
9d0361dc28d644f5ca1b85e866b670e9	None	?	genestealercultscardassets_assets_all.bundle
9d3790011f87a2a41932eef3a7ca696b	None	?	genestealercultscardassets_assets_all.bundle
9dbc3df974a9449ec92901117e988907	None	?	genestealercultscardassets_assets_all.bundle
9df9a143f82ef41b7bd13c98d5fd45d5	None	?	genestealercultscardassets_assets_all.bundle
9e0799910f5fac84e80ae4275100b524	None	?	genestealercultscardassets_assets_all.bundle
9e9a5deaddd6049b5b457128626c083a	None	?	genestealercultscardassets_assets_all.bundle
9eb6488592ff049b89616f034d3824cb	None	?	genestealercultscardassets_assets_all.bundle
9efcce554ca624cb5ae23bb1612e5876	None	?	genestealercultscardassets_assets_all.bundle
9f027a9de85e8fa499705845d3014858	None	?	genestealercultscardassets_assets_all.bundle
a4f72b3c4e7184e05935364ada7e06cf	None	?	genestealercultscardassets_assets_all.bundle
a677b841463354340ae1c76fba54bb6e	None	?	genestealercultscardassets_assets_all.bundle
a67b68caa1e9d4c4099100f2568d29e0	None	?	genestealercultscardassets_assets_all.bundle
a9244d499d7c54b98975bf134ddb1fd7	None	?	genestealercultscardassets_assets_all.bundle
ac12282995cf41d49901ebc2ede398a3	None	?	genestealercultscardassets_assets_all.bundle
acd97d6a4a830f5459e9103a7c266284	None	?	genestealercultscardassets_assets_all.bundle
acf4aafae13df45f6b2812cc3876aed9	None	?	genestealercultscardassets_assets_all.bundle
ad8309ddeba329c4aba1e50157efffbb	None	?	genestealercultscardassets_assets_all.bundle
ad888ed1646d44e66860dfb8afaf2642	None	?	genestealercultscardassets_assets_all.bundle
add5cac0c89dc40de941a67671d75349	None	?	genestealercultscardassets_assets_all.bundle
b05fb4f21b7804db182a52a6649cc778	None	?	genestealercultscardassets_assets_all.bundle
b13b194e75eaeb849b2c05de532579f5	None	?	genestealercultscardassets_assets_all.bundle
b353adaaa13144ac1a57abb406b3479e	None	?	genestealercultscardassets_assets_all.bundle
b51913b8883d8479a8ee5551f17b30bd	None	?	genestealercultscardassets_assets_all.bundle
b5ad66923c3f4f74bb06eacffe9a16b8	None	?	genestealercultscardassets_assets_all.bundle
b60bf8ccdceb4405ba2c9c249d40783e	None	?	genestealercultscardassets_assets_all.bundle
b64b7ce1d8118462d8a4b05c6d1b008a	None	?	genestealercultscardassets_assets_all.bundle
b6612b8f0b3dc4e1da0bbd38e3cae9f8	None	?	genestealercultscardassets_assets_all.bundle
b664f2777c8eded46affdc0f0737d57a	None	?	genestealercultscardassets_assets_all.bundle
b8ba25fdf6c5041738abf7ad8943a4a9	None	?	genestealercultscardassets_assets_all.bundle
b94a1dd371b277442b523aff3fdcce09	None	?	genestealercultscardassets_assets_all.bundle
ba98427f5a27dd346a97385217909a13	None	?	genestealercultscardassets_assets_all.bundle
bad9629484195424ba58102be1cfede4	None	?	genestealercultscardassets_assets_all.bundle
bb8f8f23286724756b2882d52854d0d6	None	?	genestealercultscardassets_assets_all.bundle
bbab22eacb4484d579b95a887a755169	None	?	genestealercultscardassets_assets_all.bundle
bd36d2b22ae404858ae08c5a0be629d4	None	?	genestealercultscardassets_assets_all.bundle
bdee68281076f493d9a68b68c29b0669	None	?	genestealercultscardassets_assets_all.bundle
c21e70e0073aebe47a41511e4085b918	None	?	genestealercultscardassets_assets_all.bundle
c55bcadf2c73a411c8359fab8270a901	None	?	genestealercultscardassets_assets_all.bundle
c5769cebee7f1487ba4f548056307475	None	?	genestealercultscardassets_assets_all.bundle
c70c9559093c2413dbcd8bdd4b90b982	None	?	genestealercultscardassets_assets_all.bundle
c82a939f84b6a4dbd82b09b78ea08ae5	None	?	genestealercultscardassets_assets_all.bundle
cbbc1fddf7ec64cf9a800ce292b019ba	None	?	genestealercultscardassets_assets_all.bundle
cc7df3c6dfd44c143a4e0b4fdf2ba944	None	?	genestealercultscardassets_assets_all.bundle
ccd0590c227fe42e78452254818917a2	None	?	genestealercultscardassets_assets_all.bundle
ce936b66c998e4aa2a0fd3a8bfc6d946	None	?	genestealercultscardassets_assets_all.bundle
cf16fa34fb5468042b3ce0f8d20aed77	None	?	genestealercultscardassets_assets_all.bundle
cf6170130a1754c75a9807e880904262	None	?	genestealercultscardassets_assets_all.bundle
d13ee2916588e45f7a887a15cbe92b6d	None	?	genestealercultscardassets_assets_all.bundle
d1726be3235d04faba304fd32c9a379a	None	?	genestealercultscardassets_assets_all.bundle
d2f0c311685f718488df8b990b84b2d9	None	?	genestealercultscardassets_assets_all.bundle
d40d7b861684cdc4fac5a6e6dd8557f8	None	?	genestealercultscardassets_assets_all.bundle
d467d4332c5ee4853ae7890b732a0899	None	?	genestealercultscardassets_assets_all.bundle
d48243bf49cf7484fbd81a201615ff90	None	?	genestealercultscardassets_assets_all.bundle
d59221a9dfd3a4719a7a48ec2bb8b79b	None	?	genestealercultscardassets_assets_all.bundle
d6cf2593911f443239ea71993177f73a	None	?	genestealercultscardassets_assets_all.bundle
d716dfca50e574812ad6155ec357ac33	None	?	genestealercultscardassets_assets_all.bundle
d7ebdb6e00a5c467e909556ed4509909	None	?	genestealercultscardassets_assets_all.bundle
d957ac1928e5e5544ae56953723f69b3	None	?	genestealercultscardassets_assets_all.bundle
da85a770cce9646cd96552d8b6545ba4	None	?	genestealercultscardassets_assets_all.bundle
db7978be18574464b93ada38d3c6c9fd	None	?	genestealercultscardassets_assets_all.bundle
dc529cbae070749febd5d5c2dc792a34	None	?	genestealercultscardassets_assets_all.bundle
ddd12025a7c04444393eac51cf27cfc9	None	?	genestealercultscardassets_assets_all.bundle
de3b75d294020124da5eeca83b36ac98	None	?	genestealercultscardassets_assets_all.bundle
dea4188df33906a438960eb370689d87	None	?	genestealercultscardassets_assets_all.bundle
df54d1f2613b3448e928d6e57e900ea7	None	?	genestealercultscardassets_assets_all.bundle
e12b5ca8b69a343b29fc8648f7eb88b4	None	?	genestealercultscardassets_assets_all.bundle
e1cc18deabcb6467c9bcd43ddb85a837	None	?	genestealercultscardassets_assets_all.bundle
e4053763c458ce149a75141dff462d23	None	?	genestealercultscardassets_assets_all.bundle
e640ecf516fa3418da531de13ad33caf	None	?	genestealercultscardassets_assets_all.bundle
e6e095302d1a845c488e128c9b9f956a	None	?	genestealercultscardassets_assets_all.bundle
e7ee225d9fafa40a3872ea8bfb47119f	None	?	genestealercultscardassets_assets_all.bundle
e8944c37ebb454a7da831a4157de388b	None	?	genestealercultscardassets_assets_all.bundle
e90c0bdfaef77458c9e95c7c1972f5eb	None	?	genestealercultscardassets_assets_all.bundle
e9cc1047d483b4ec2bc401710a70262a	None	?	genestealercultscardassets_assets_all.bundle
eb05a9689e21b3e41b8ef673132e2352	None	?	genestealercultscardassets_assets_all.bundle
eb38aea30dc2141b39ad68d2c8fd2d74	None	?	genestealercultscardassets_assets_all.bundle
ec6769e06adc448dbacfbaa69b7b2990	None	?	genestealercultscardassets_assets_all.bundle
ec9f99c853512462cb432b026b2f7422	None	?	genestealercultscardassets_assets_all.bundle
ed7e723a38c62ed4c9fd9fe3f513d9c1	None	?	genestealercultscardassets_assets_all.bundle
ee6ee071f063f4f9e8f3c94b3e65e26d	None	?	genestealercultscardassets_assets_all.bundle
eea9f871d84e84167b33d72003ad31b6	None	?	genestealercultscardassets_assets_all.bundle
f331a7c3b8696a8459b4f89d5f282fb6	None	?	genestealercultscardassets_assets_all.bundle
f380d0549d9684445b0df1ec62527b10	None	?	genestealercultscardassets_assets_all.bundle
f3ddd15d40c944290ae5ce6b411e07ca	None	?	genestealercultscardassets_assets_all.bundle
f452dbedf6493dd4fbf849f48c3e53bb	None	?	genestealercultscardassets_assets_all.bundle
f468aa938536d4613af33ad13d0f516f	None	?	genestealercultscardassets_assets_all.bundle
f517117a42c1e42c08507bb3e0c6147b	None	?	genestealercultscardassets_assets_all.bundle
f5b3c68f821d64004a1651f3b844aaa6	None	?	genestealercultscardassets_assets_all.bundle
f5d10fd59d050435282d72605b951f5a	None	?	genestealercultscardassets_assets_all.bundle
f5ff0abefe1024748a607a2ee7b9654b	None	?	genestealercultscardassets_assets_all.bundle
f62e1b0f986a963449d5a9f0831e1194	None	?	genestealercultscardassets_assets_all.bundle
f687803e278344db8a9ace4fc47b24dc	None	?	genestealercultscardassets_assets_all.bundle
f7d0e35641ef841519660ff75eb8fe06	None	?	genestealercultscardassets_assets_all.bundle
fa79296fd20e840f4856b06f1c0fcea1	None	?	genestealercultscardassets_assets_all.bundle
fab8476a893404f0b89a622ccbc71e7f	None	?	genestealercultscardassets_assets_all.bundle
fb1bfc3c38a6394448e662f0890f7d00	None	?	genestealercultscardassets_assets_all.bundle
fd1daa323847e438bac2eb55bf038c74	None	?	genestealercultscardassets_assets_all.bundle
fdff83a68f09541bbb8d967ecf2e87b8	None	?	genestealercultscardassets_assets_all.bundle
fe848db2fd04744779e4184bdbec61c2	None	?	genestealercultscardassets_assets_all.bundle
fe8db3e988f8dd448988f597f42b5d5f	None	?	genestealercultscardassets_assets_all.bundle
fee85430070654a5f870e19b194e2913	None	?	genestealercultscardassets_assets_all.bundle
ff1fbd2cb19c94e5a9cbe3e74e396316	None	?	genestealercultscardassets_assets_all.bundle
ff847a387f8c84918bef67dad2066547	None	?	genestealercultscardassets_assets_all.bundle
0dd95cd4849444d67af783800e1aca15	None	?	inboxmessagesheaderslocal_assets_all.bundle
18eac1262fe05433bb2345824b66ddc9	None	?	inboxmessagesheaderslocal_assets_all.bundle
1fbd0cf7606764ae58fbf70edbb695cf	None	?	inboxmessagesheaderslocal_assets_all.bundle
1fe4a3a1e642f4b3da349b1a05e7a955	None	?	inboxmessagesheaderslocal_assets_all.bundle
536777d1d900c4ddab6351806b8aaf36	None	?	inboxmessagesheaderslocal_assets_all.bundle
6b696c2693b7546b2b4c2eae056a07f8	None	?	inboxmessagesheaderslocal_assets_all.bundle
75690894ee0644be9a498199b2824649	None	?	inboxmessagesheaderslocal_assets_all.bundle
9cc10d11fdc0840f995249b8b4d68e4a	None	?	inboxmessagesheaderslocal_assets_all.bundle
a1206b5e0a0544b0c846a74118249827	None	?	inboxmessagesheaderslocal_assets_all.bundle
a265f25b4ccb749e0a490c63146d6ff6	None	?	inboxmessagesheaderslocal_assets_all.bundle
a681f475c6eab47d2ae48624a986e5f7	None	?	inboxmessagesheaderslocal_assets_all.bundle
b8293df3472b94476ab7619d0342f7d2	None	?	inboxmessagesheaderslocal_assets_all.bundle
e58a1843babcf4533b0826fb1f156c44	None	?	inboxmessagesheaderslocal_assets_all.bundle
ec15b2a8900594b3b99082993f6dd179	None	?	inboxmessagesheaderslocal_assets_all.bundle
eeea7638e320b470db2da79808e74296	None	?	inboxmessagesheaderslocal_assets_all.bundle
f5abad5e4dd484fd0b6c6bae87734e85	None	?	inboxmessagesheaderslocal_assets_all.bundle
163d3c1d41a7f41588ce53bbbb2669e2	None	?	liveopsicons_assets_all.bundle
38ed988cc92be1344a941093f887ed78	None	?	liveopsicons_assets_all.bundle
3a8a1016497754066b40d88caeee722b	None	?	liveopsicons_assets_all.bundle
438601eb913c14baaaf2fde6d4eeb467	None	?	liveopsicons_assets_all.bundle
635eb6658454346a3aa9690fed177454	None	?	liveopsicons_assets_all.bundle
7ca4e75b81e188d4a90799d3b0c3794e	None	?	liveopsicons_assets_all.bundle
845144670b860cc4eb1313ddd3f7b79a	None	?	liveopsicons_assets_all.bundle
89b680029c9624e6e905db2fc0a47a9d	None	?	liveopsicons_assets_all.bundle
be1ed036228cbe3468697f829f1b1401	None	?	liveopsicons_assets_all.bundle
e7e3c27be8007de458fd5bbfe205f52e	None	?	liveopsicons_assets_all.bundle
e7fb8a539aec84d029f7d36ff727c148	None	?	liveopsicons_assets_all.bundle
f67b4d55a944bb140ae49737ef47a1fc	None	?	liveopsicons_assets_all.bundle
0637679732ed5b44dbc28bc5b27af367	None	?	liveopsmenuimages_assets_all.bundle
117e7654c91ec124db66c365be480065	None	?	liveopsmenuimages_assets_all.bundle
1a4db164a543b2648a725f3a91893f31	None	?	liveopsmenuimages_assets_all.bundle
1ecdd08545d2f4f8f87fab3785f202b0	None	?	liveopsmenuimages_assets_all.bundle
28f904d33c5c94a4098e078570ca4fdd	None	?	liveopsmenuimages_assets_all.bundle
29b753868e7684e1db8d08b639a90ab7	None	?	liveopsmenuimages_assets_all.bundle
29fa106dac72d4793a00b8df3393cab1	None	?	liveopsmenuimages_assets_all.bundle
36457cb71628b4e6e8f576138b2a8646	None	?	liveopsmenuimages_assets_all.bundle
3a1f376353b9644baa5961c45cd55def	None	?	liveopsmenuimages_assets_all.bundle
3e5a9a4d5a25f462ea59a6065ff2b633	None	?	liveopsmenuimages_assets_all.bundle
41457723bbb8d5942b50f45ce9178d89	None	?	liveopsmenuimages_assets_all.bundle
49605711968624ba7ab2dbb992e32d72	None	?	liveopsmenuimages_assets_all.bundle
5a5f4ba36175c43cc953c0a769c020c3	None	?	liveopsmenuimages_assets_all.bundle
64795275d6972e943b87a65d6b02ef30	None	?	liveopsmenuimages_assets_all.bundle
658140aa40a494782ba762ef88933626	None	?	liveopsmenuimages_assets_all.bundle
71e9a7f3a9be842bd901f1003def36d0	None	?	liveopsmenuimages_assets_all.bundle
72eb2e3934c536d45b4c45ef79c75838	None	?	liveopsmenuimages_assets_all.bundle
7a8857538eb704477a94d1a36f510da0	None	?	liveopsmenuimages_assets_all.bundle
7d174f0a6bf2241ed9b6e46b5bb217bf	None	?	liveopsmenuimages_assets_all.bundle
80f6686e3ad341844938a4317c5ffcdc	None	?	liveopsmenuimages_assets_all.bundle
83dd7da425c23429880b30f8963c5847	None	?	liveopsmenuimages_assets_all.bundle
845107bbee1cc49f5ab311b7a4e4a2e4	None	?	liveopsmenuimages_assets_all.bundle
93cda5b09dc454964bd61a51c4cc2606	None	?	liveopsmenuimages_assets_all.bundle
94801c3227e1f4128bbc79235fe35518	None	?	liveopsmenuimages_assets_all.bundle
96c24f52fbe94444498d475a9e20f28c	None	?	liveopsmenuimages_assets_all.bundle
9eb7ea55a2a504ab593b5b1034e6aeb6	None	?	liveopsmenuimages_assets_all.bundle
a31accf1a6bbd4d29a3ade18a5329c09	None	?	liveopsmenuimages_assets_all.bundle
a9f38a84a8bd63449a4cfe4c55d2c02e	None	?	liveopsmenuimages_assets_all.bundle
acbf6af64566a4090a462824beebfc7e	None	?	liveopsmenuimages_assets_all.bundle
ad67075b6ab054264a8c4c1c8cbc92d2	None	?	liveopsmenuimages_assets_all.bundle
ad9725ac046204b7fbdee84edc37f65c	None	?	liveopsmenuimages_assets_all.bundle
aeae5fff5e8e946488af4875fd233e72	None	?	liveopsmenuimages_assets_all.bundle
bc169a99782e442bf8813a3a3d3539fe	None	?	liveopsmenuimages_assets_all.bundle
c3e64dd715f904947a5081d013f83173	None	?	liveopsmenuimages_assets_all.bundle
d0b93940d204e594582019cd9451b55b	None	?	liveopsmenuimages_assets_all.bundle
d8cb224a827f48a4a8b7a03e616833e2	None	?	liveopsmenuimages_assets_all.bundle
e454030b281d546d284b4dab3ddd7908	None	?	liveopsmenuimages_assets_all.bundle
ea3128f500acc451b890b6c130c4dc05	None	?	liveopsmenuimages_assets_all.bundle
eb40d9c15b2ab3744bee5f3592ff1fbd	None	?	liveopsmenuimages_assets_all.bundle
f3e9b48e11332427695c7f70749c2de5	None	?	liveopsmenuimages_assets_all.bundle
33f9d457e43554b3fba34476c79a446f	None	?	mainmenualwaysloaded_assets_all.bundle
7e4d7ff73dae65f459816280690cd1e0	None	?	mainmenualwaysloaded_assets_all.bundle
b11973cfbec584522914d6ef29a392a2	None	?	mainmenualwaysloaded_assets_all.bundle
b52185d62ccf542a08d6ab9eea818bda	None	?	mainmenualwaysloaded_assets_all.bundle
bc8a85fc223cc46a68bd2f34707e76cb	None	?	mainmenualwaysloaded_assets_all.bundle
f0dd3ec1875f94a9fa324a8771b70ecc	None	?	mainmenualwaysloaded_assets_all.bundle
953f619289b0c467d9cbc88205b3bbf0	None	?	menumusic_assets_all.bundle
bcd5d12cda7834f788d81601be698860	None	?	menumusic_assets_all.bundle
00faa1d7373904da8951fb5328c97a33	None	?	menus_assets_all.bundle
01f12bb7c3f45e145be214a7a2b3d074	None	?	menus_assets_all.bundle
020e3d2b0bc93408e91e2c71d67f4d74	None	?	menus_assets_all.bundle
02993d13b9580364aa733e56e13252ef	None	?	menus_assets_all.bundle
02bdaa0efa907f044a0c2978f1ae5116	None	?	menus_assets_all.bundle
0378e28dfa2c344c0990acdd8a735ad0	None	?	menus_assets_all.bundle
04008c81ea0db47368f82c6b2637a42b	None	?	menus_assets_all.bundle
04ee41264d8f54af3b811024c0e2ac0b	None	?	menus_assets_all.bundle
054f3243547a44f9687abe0a0c41ae6e	None	?	menus_assets_all.bundle
089379542421349f6a4455127d88e20a	None	?	menus_assets_all.bundle
096200376b2a24668afe5db32a3fe02e	None	?	menus_assets_all.bundle
0984b1402a8f9844fab116ae01f9160e	None	?	menus_assets_all.bundle
0a2c3f30fb34d49349b082b2adec4d48	None	?	menus_assets_all.bundle
0ac47b1afffad7d48876f8e2da766433	None	?	menus_assets_all.bundle
0ae41d21bcbbbba41a676c176d3a6292	None	?	menus_assets_all.bundle
0af7e24c8e34e40fcbfc0f6f3842e2d3	None	?	menus_assets_all.bundle
0b460783cde8c35448eb06045de2aa28	None	?	menus_assets_all.bundle
0ba983e75042cb04693b868e41374e9c	None	?	menus_assets_all.bundle
0da4f0de4c616476fb47742e243ede33	None	?	menus_assets_all.bundle
0e333d1508daf44a0a6da243b369995d	None	?	menus_assets_all.bundle
1006f53bef637c44b82f3c4d7597ed39	None	?	menus_assets_all.bundle
1246ea0d1394f47bc9e630756718a714	None	?	menus_assets_all.bundle
1252aceda60216144bab1cd4d57182db	None	?	menus_assets_all.bundle
14e5b0478e50da44586040f16b335e6c	None	?	menus_assets_all.bundle
167a3d9bf611a4446be4207fe0584899	None	?	menus_assets_all.bundle
167f56ed196cb424da5a17422148d907	None	?	menus_assets_all.bundle
18c91485d887b4ad6aa665361a8efd95	None	?	menus_assets_all.bundle
19ce306c771cca040914fbbca5693168	None	?	menus_assets_all.bundle
19dd87c2d32ce4b4da54174624c16c15	None	?	menus_assets_all.bundle
1b30eb73a219cd24d9f74ffda48c39ce	None	?	menus_assets_all.bundle
1c40c2fd7edce65488a0615e08f0b401	None	?	menus_assets_all.bundle
1c42cc5b3af944c1dab678e4f3ef0d25	None	?	menus_assets_all.bundle
1da17b000473aeb47a8d8eafac1f361b	None	?	menus_assets_all.bundle
1e07dc350f1364ed8b273e6828c41ca5	None	?	menus_assets_all.bundle
209a5a5509f0940aeba09f019f8042ff	None	?	menus_assets_all.bundle
21f088c952f5a4b79b6a95daba7552cd	None	?	menus_assets_all.bundle
2235b78d50c5242d886216b5c28fb07f	None	?	menus_assets_all.bundle
22623af38f4c086429b1f78dc8ed2638	None	?	menus_assets_all.bundle
24b7eafa595d54d939addb4344653ddc	None	?	menus_assets_all.bundle
26291566a14884752bf3445ea965a070	None	?	menus_assets_all.bundle
2718dc05b8d47784d8af292bbb5f92a1	None	?	menus_assets_all.bundle
28e7135520edfc94fb1908b75f6bc4ea	None	?	menus_assets_all.bundle
2909be62b490143d882d3b6053535e03	None	?	menus_assets_all.bundle
299136d6702ba475997aa03fbb263268	None	?	menus_assets_all.bundle
2a55aa90e5a71eb40ac42c4a65674042	None	?	menus_assets_all.bundle
2a5ee3deb54759945b808769ea3f581b	None	?	menus_assets_all.bundle
2aefc670c2c0e4c4a9bd29621dbcdc0e	None	?	menus_assets_all.bundle
2c8390f8d9499cd4e81bdffccc1f4447	None	?	menus_assets_all.bundle
2d7ec1a46a19245798bf28a5d1a030bb	None	?	menus_assets_all.bundle
2d7ed856cda8d447e8fe35acb866d214	None	?	menus_assets_all.bundle
2e87ef47012b0424e9ae87d891297633	None	?	menus_assets_all.bundle
2f214230b08ba3e409c9a7c2ddab35e2	None	?	menus_assets_all.bundle
30966926d8bd5924590cee04a609cd03	None	?	menus_assets_all.bundle
3142f506db471964cb7db0a7bd7cc73a	None	?	menus_assets_all.bundle
32024b169f2f0844288f6f547d8c459b	None	?	menus_assets_all.bundle
34514ca987f7341dca6ef5eba96b7c48	None	?	menus_assets_all.bundle
346a8c0eea40743e1a1ce9e36c26c60d	None	?	menus_assets_all.bundle
34ace37e3fee7c44e898f07287934e3f	None	?	menus_assets_all.bundle
34d0e048114cfb247be342d2753c406a	None	?	menus_assets_all.bundle
354498fceebef43a2837efe907181b3f	None	?	menus_assets_all.bundle
36305f783cd23486398ae88bad7fa2bd	None	?	menus_assets_all.bundle
37377ca00be124ed3b0a1d795ba3abe4	None	?	menus_assets_all.bundle
37e08bae3824d4433b4108e74eea6096	None	?	menus_assets_all.bundle
37f4e675fa02da64cb510a53ebb01e98	None	?	menus_assets_all.bundle
386f868f860ec6044a1b8bf7672b2726	None	?	menus_assets_all.bundle
38f4130d84a0248ca83606e780bc3e8c	None	?	menus_assets_all.bundle
38f6c5d2c15f483594616aaf0942cb15	None	?	menus_assets_all.bundle
39707f864337a40d78f3f546777696c9	None	?	menus_assets_all.bundle
3a7daa95b4b743c49b1c911cef4c6c40	None	?	menus_assets_all.bundle
3ad1091d42a377a4da03130e2878ab4b	None	?	menus_assets_all.bundle
3b547ee98cb9b4c139fc5a1b41fb5806	None	?	menus_assets_all.bundle
3bfe2ff2b562f5c4eb1af10f1e215201	None	?	menus_assets_all.bundle
3c23656b899f84e08b04d1bb6c89b7be	None	?	menus_assets_all.bundle
3c2c0093b0e6646009d74fa0c60904d8	None	?	menus_assets_all.bundle
3c2ff947db7a14bda934a9e90dd57503	None	?	menus_assets_all.bundle
3c4148c978f59d64084e195264a7d167	None	?	menus_assets_all.bundle
3c7a2561b7c174784a9e6f1a97231492	None	?	menus_assets_all.bundle
3d3e5e00c8e0da9488dc0786454b7235	None	?	menus_assets_all.bundle
3d8148c3d537b364c8c18ca78555d9c7	None	?	menus_assets_all.bundle
3efe480b4c04a4616952759aa7b81a62	None	?	menus_assets_all.bundle
3fec1d2625f33a54a87ea243a84d6a5a	None	?	menus_assets_all.bundle
4011fc411afc046aa942d4376e08960d	None	?	menus_assets_all.bundle
40250df73d9365f47adcc1b01f259b07	None	?	menus_assets_all.bundle
402fadb525368cc4387ec1a4326cbb36	None	?	menus_assets_all.bundle
411878dc8b7b24cc4a37edb94caea4fd	None	?	menus_assets_all.bundle
44c1eb3a347b840fd9e2e67ba85b7d02	None	?	menus_assets_all.bundle
472be3674202e42d08679b5ba21d38fc	None	?	menus_assets_all.bundle
47ba06d9fcd3b99479da1d28f0881d17	None	?	menus_assets_all.bundle
4949e6c72b38b3e4985391bb3ed5df30	None	?	menus_assets_all.bundle
4978408d244c242118fd3a23e8b2340b	None	?	menus_assets_all.bundle
49f1e9bd0a27c426aa29592737651b05	None	?	menus_assets_all.bundle
4b455445d77014845bfd32de091e4bc0	None	?	menus_assets_all.bundle
4e3f8aa167d559241a455425e17289a1	None	?	menus_assets_all.bundle
4e8787b3613ed7447b87b9c3b1f1b612	None	?	menus_assets_all.bundle
4f3e9e3a593a34442b1e8e0500ab924f	None	?	menus_assets_all.bundle
4fe4aa1f532264d04aede9983a9d1e45	None	?	menus_assets_all.bundle
50c68280e1e8b1d43809584268f01b07	None	?	menus_assets_all.bundle
510be7fa95d573747a32a5f34c540c0a	None	?	menus_assets_all.bundle
512d2c70fc1d45e47a70e3f479705fe3	None	?	menus_assets_all.bundle
53146e9179e3dad489d7ded056dce3d6	None	?	menus_assets_all.bundle
5358593cb27231644afafb049423313d	None	?	menus_assets_all.bundle
56201d3cb80844a79ac5d3e5ef0228e3	None	?	menus_assets_all.bundle
5664b7de5182f444e8b8b3865f0488d5	None	?	menus_assets_all.bundle
5667102edad7d6d4c889ba5cc74fe8f3	None	?	menus_assets_all.bundle
56776dd09d3793847a0a635c208ca8ac	None	?	menus_assets_all.bundle
57878eaea9b23ab40894fd607d5fc8f1	None	?	menus_assets_all.bundle
5a20859a5d1144fbc87bf276c7c32574	None	?	menus_assets_all.bundle
5b7a926f7e69bb04ca5509cffc6b6559	None	?	menus_assets_all.bundle
5c040d541fd3c1944b119ba694463b10	None	?	menus_assets_all.bundle
5c22ffc64a598ad4da2202501b013451	None	?	menus_assets_all.bundle
5c861f71299e240cf831c241948144d1	None	?	menus_assets_all.bundle
5cd709cb4cbe0904cbe0958aa843daa4	None	?	menus_assets_all.bundle
5d98c03fcf500a244864dacf44a60ff9	None	?	menus_assets_all.bundle
5da8b7ba143e4422d8154fd5869eaf51	None	?	menus_assets_all.bundle
5f55ad8c01e23f740bde0f33d36c22b9	None	?	menus_assets_all.bundle
601f7a69dc079441b8994b951b10c3ca	None	?	menus_assets_all.bundle
606d532849203764bbe64827d4b08ffe	None	?	menus_assets_all.bundle
60c4a88ccb2534644afc6e6ede2c450b	None	?	menus_assets_all.bundle
61a84679e87a2eb4ca1241db53be5241	None	?	menus_assets_all.bundle
6209b1468ed3d4ab6a42040f29093cfe	None	?	menus_assets_all.bundle
631ad1165899ab84399f3b256670b02e	None	?	menus_assets_all.bundle
647c4c68d1262ee4a842600afbd3eb29	None	?	menus_assets_all.bundle
648f84292b5d6a347bf0bad30e3baee2	None	?	menus_assets_all.bundle
654bab2d0e6e84bef8331cfb3dad081b	None	?	menus_assets_all.bundle
65d2937ea31ea5e4587fdeaeb4224444	None	?	menus_assets_all.bundle
660bdf9e5bef44ad6b1bc5a651686c7b	None	?	menus_assets_all.bundle
68317817f552c41819e7e4ec533add36	None	?	menus_assets_all.bundle
687c2bd3a6cab45ce9ae06e1a683f364	None	?	menus_assets_all.bundle
69257ba461d5f4a9696e2b18d751b784	None	?	menus_assets_all.bundle
6b31b42463fb9471b9f45fa3e82a1e77	None	?	menus_assets_all.bundle
6b5ba7fb4f34da843909a954b0fc0fdf	None	?	menus_assets_all.bundle
6d197563f9108414eb88899278c1ab40	None	?	menus_assets_all.bundle
6e93fc1cac69946a191afc2b5cbd9aa4	None	?	menus_assets_all.bundle
6f060814988724747ab4eeed1277b29b	None	?	menus_assets_all.bundle
6fd0524b14f113841bcb6218816255e4	None	?	menus_assets_all.bundle
6fe66dd705c654fa483ec18abea5ea67	None	?	menus_assets_all.bundle
6ff80203210ff4da3b9a119147ec3fbd	None	?	menus_assets_all.bundle
743e84546bcb066419596158e869afb0	None	?	menus_assets_all.bundle
7470a95987b338d44a7bb69077f0f60f	None	?	menus_assets_all.bundle
75438b45653e4304d9d86d762c3963cf	None	?	menus_assets_all.bundle
769b53202b2cc471db62926328a5f3db	None	?	menus_assets_all.bundle
771a725c9484f0942a633d3f6001fd60	None	?	menus_assets_all.bundle
7884049f838f147bdb9c829524bb5a0f	None	?	menus_assets_all.bundle
797bf1450e39e4bba9343b70a144f6fe	None	?	menus_assets_all.bundle
7b39e648bc9cb6a43a253a55a57642d9	None	?	menus_assets_all.bundle
7dcf9df43139f4909a80827c2b003bd5	None	?	menus_assets_all.bundle
7ea5632eb059b5b4493c5047a53e1706	None	?	menus_assets_all.bundle
7f1af6109c8af49dfabc3159118e9dc0	None	?	menus_assets_all.bundle
7f5185e9c2f270648a4fcc28b5a122c2	None	?	menus_assets_all.bundle
7fa61770893214be9bdce8cf4e1a80a3	None	?	menus_assets_all.bundle
863cb98393ea2774ba2fe2660e22f1a4	None	?	menus_assets_all.bundle
895d0f08c1670f843a73f9b85cbaccbd	None	?	menus_assets_all.bundle
8984ce0bc97ff47e48cfba6b6a762682	None	?	menus_assets_all.bundle
8a05ecdf166b2224b9ade3dee81c8504	None	?	menus_assets_all.bundle
8cd832ce9def78145b4cd9fd82475b8b	None	?	menus_assets_all.bundle
8d9fe3c85b219784e927fc7cd76d808a	None	?	menus_assets_all.bundle
8debf8f554dc65945a0a61ce23558f63	None	?	menus_assets_all.bundle
8f6dddaea1021ac4cb4a8d366767e6f4	None	?	menus_assets_all.bundle
90a1bf50104384964a4151f121730cab	None	?	menus_assets_all.bundle
922e696b87b4ae54e9ecb7d11226d842	None	?	menus_assets_all.bundle
941b3ffff31984fdbacc100a16d02008	None	?	menus_assets_all.bundle
95a8c27d120a8498e864927b4bab3e7b	None	?	menus_assets_all.bundle
975f91257c4838d42b7aacb4bca68d82	None	?	menus_assets_all.bundle
9771e6c66b9b65e4ea4223bbb436d6a4	None	?	menus_assets_all.bundle
980c61d8282966b499f993399bed4fdc	None	?	menus_assets_all.bundle
9a26697357770d8458298d89467fd459	None	?	menus_assets_all.bundle
9aa5e33603a66af4a955109b529096a9	None	?	menus_assets_all.bundle
9aadd8e375d6189469d865afde72750b	None	?	menus_assets_all.bundle
9b126feb4f7142a48acb9ed5a8b32b76	None	?	menus_assets_all.bundle
9c9877052a0eb4f5bba6e8789631207e	None	?	menus_assets_all.bundle
9cf4fee6cce20d04381b2b739953fd46	None	?	menus_assets_all.bundle
9d32a6b8d9c256245a93fb9c03157b4b	None	?	menus_assets_all.bundle
9d7339e9c7391504391a55cea2849583	None	?	menus_assets_all.bundle
9fe8a03550ca244dd802dc5422c5d41b	None	?	menus_assets_all.bundle
a033c0b722070408bb23fe113258b894	None	?	menus_assets_all.bundle
a2b03b423abdbc14394314c511d368c3	None	?	menus_assets_all.bundle
a4eaf9f976c7a4bed9a945b4cd334ffd	None	?	menus_assets_all.bundle
a6eb39f878a134f54a7e9ed533747982	None	?	menus_assets_all.bundle
a9b8a9ef759954b0b8a59ecbccb859ad	None	?	menus_assets_all.bundle
aa7107496ba702742835d372df1a4088	None	?	menus_assets_all.bundle
ab710a9b3273908448c09c239c072e82	None	?	menus_assets_all.bundle
ac53c629080ac4175a32b07dd46623a8	None	?	menus_assets_all.bundle
ad1813bbbc9e21c4584f4b2b1f6fd124	None	?	menus_assets_all.bundle
ad403ecaba2164342a13a9f471b51edc	None	?	menus_assets_all.bundle
adf0be83ebec3c745b573c43a3274cb3	None	?	menus_assets_all.bundle
ae15ee117419d1b4782c0481a3b7adaa	None	?	menus_assets_all.bundle
ae2560f5eb7d1634d8fc917de4f80369	None	?	menus_assets_all.bundle
af2fc76f13811774c9455e2f9ffde546	None	?	menus_assets_all.bundle
b07892ddb261fbb41bac7f482ba7dc22	None	?	menus_assets_all.bundle
b124ae7bc3b6f4bd0b4c987277059bf6	None	?	menus_assets_all.bundle
b243406ae98236d4f9c1d1ddfbbad620	None	?	menus_assets_all.bundle
b25d4b881f7ae1e4ea7b65c4b23c0eb8	None	?	menus_assets_all.bundle
b28a4a686d3cc4366af8977a6ab69b5e	None	?	menus_assets_all.bundle
b2b40d46c142b6c41ac610a303e0b4f5	None	?	menus_assets_all.bundle
b3f4a6676b021da44b83f0a51aaf62f2	None	?	menus_assets_all.bundle
b41d17197844a0d44a2fbfd1124ba95a	None	?	menus_assets_all.bundle
b4cecfa550a2d4eb7b2f619e68a6d9ef	None	?	menus_assets_all.bundle
b5bfa024fbc890247889ec11ad00fa88	None	?	menus_assets_all.bundle
b626f9039d1d148ec9e4c159bdc64a75	None	?	menus_assets_all.bundle
b632b2a333bb4423386f2530cbc9dacc	None	?	menus_assets_all.bundle
b6ee75250eabb42d28a916b1bd60bae0	None	?	menus_assets_all.bundle
b879354c20f204f49a4c05749ae482e8	None	?	menus_assets_all.bundle
b89af5504bb80ad47bb7be984c1a947d	None	?	menus_assets_all.bundle
b8dd7c86230f9d44684f4002aecf08d5	None	?	menus_assets_all.bundle
b9799d0d3bc9161499d7d546a31646f9	None	?	menus_assets_all.bundle
ba0902825a504428abb529524d69da2f	None	?	menus_assets_all.bundle
bc281eb883c6f5a44ab537fd683ee5fe	None	?	menus_assets_all.bundle
bd0792f52fcebcd45bab692fe4f02ae7	None	?	menus_assets_all.bundle
bd288e0f2f23e4d21afe0fb039728cc7	None	?	menus_assets_all.bundle
bd8403095e0cb4d4b9633092e54bda37	None	?	menus_assets_all.bundle
bdc0ab3434f114dc9b72f99576d0b4c5	None	?	menus_assets_all.bundle
be526b22c0924f54991b776d86261fed	None	?	menus_assets_all.bundle
be8f9612ff145491695bd6f64f03e388	None	?	menus_assets_all.bundle
bf5bda43e962f4328ab65e369178debf	None	?	menus_assets_all.bundle
c0c76e68d161d461897f9655d3c4dd9e	None	?	menus_assets_all.bundle
c14ae0d8029e54bc5b0e1a36cd5ad21b	None	?	menus_assets_all.bundle
c14e36028a2d3b0448dade4008781d9a	None	?	menus_assets_all.bundle
c177be87051d645169b6f1e61fcb03f1	None	?	menus_assets_all.bundle
c2552d81d453043359dd4283c66fa456	None	?	menus_assets_all.bundle
c281143b1be031944a8e321272282427	None	?	menus_assets_all.bundle
c32e1be9a938c274daba03640d06f68e	None	?	menus_assets_all.bundle
c3ea6a2c0f1db41c28bf5c90afe39f8a	None	?	menus_assets_all.bundle
c4402264327016e479ace86fff266d7d	None	?	menus_assets_all.bundle
c4abe26a2aa4b4c5d9e475ef07c3600f	None	?	menus_assets_all.bundle
c4be7a6f5ec992e4394dbc9dbb366189	None	?	menus_assets_all.bundle
c5aa1b3847fba4593ab1033a40ce5358	None	?	menus_assets_all.bundle
c5ae7b86496df4cdda2bedb18ef9d876	None	?	menus_assets_all.bundle
ca6e8bc79ef3b47fb8008a4835e74a4b	None	?	menus_assets_all.bundle
cc245b8011f624bcfbbc8ee3f5b63e77	None	?	menus_assets_all.bundle
d0399533d92d1934a8f9a7d089cdc095	None	?	menus_assets_all.bundle
d069b01dddc7e94489f94d19f942f40c	None	?	menus_assets_all.bundle
d06efaff2b1e16f4d9f995c8cf4d51d5	None	?	menus_assets_all.bundle
d1d0b593216fd4699af5be344e958b80	None	?	menus_assets_all.bundle
d1f14b2699dec47c6adf7ffc3f7a1310	None	?	menus_assets_all.bundle
d2292f24dcfa44f38abfcec256b4071e	None	?	menus_assets_all.bundle
d2f6e923f71bb4df785a5f9dc7ab3a96	None	?	menus_assets_all.bundle
d3262f4d9b524483c9eba63f6320faf8	None	?	menus_assets_all.bundle
d424a0e2836e04cd8b53a1da98400edc	None	?	menus_assets_all.bundle
d5cfdba45ca23ee489f7a60edeeeed14	None	?	menus_assets_all.bundle
d673ca3f097875249b307295e29596a7	None	?	menus_assets_all.bundle
d67d1b71194bd46cea83d117c316b7a0	None	?	menus_assets_all.bundle
d6a9b9be0f74c634ebd34b359a187714	None	?	menus_assets_all.bundle
d6d6eb64bbd9840a7824facf0270cde7	None	?	menus_assets_all.bundle
d89d6a158c65344ec81e62d5e186f985	None	?	menus_assets_all.bundle
d8cca383b683bff45b2eafa90ddc6ca4	None	?	menus_assets_all.bundle
d97e47301c1bf4bcfb093b30a0907b9c	None	?	menus_assets_all.bundle
d9d6508b900e74e589e4b91413a10878	None	?	menus_assets_all.bundle
da642714f8f2b48e08d8fd58a759b1dc	None	?	menus_assets_all.bundle
dafb8099fed3b493392bfce1a73f4284	None	?	menus_assets_all.bundle
dd136c7fd527c5a41a6a57430df423e5	None	?	menus_assets_all.bundle
dd3bb499c89604fafbb6abef9c32bb54	None	?	menus_assets_all.bundle
ddec8bdedd0bf490c99ea0ce3900216e	None	?	menus_assets_all.bundle
df3256157beb8dd438de057c5b8200df	None	?	menus_assets_all.bundle
e10d71aa303a041958d008b7458b270d	None	?	menus_assets_all.bundle
e11ec98fa675f364fbc39747b37ec85a	None	?	menus_assets_all.bundle
e27fa0faa45f946d8867f57d9afe339b	None	?	menus_assets_all.bundle
e2aa3f5b4faddc34cabdb1048feec4bc	None	?	menus_assets_all.bundle
e357bbffa251b454995f03af939832af	None	?	menus_assets_all.bundle
e4c251967ff1a79468e8bd25b86b15b8	None	?	menus_assets_all.bundle
e57b7d6f8bc7742428469ca1dc330737	None	?	menus_assets_all.bundle
e6914cbdd45814f5f9bd40a854c12218	None	?	menus_assets_all.bundle
e6eaa0b331c7040bb9748d99328324b4	None	?	menus_assets_all.bundle
e71f48c713b784c87892f361025fac71	None	?	menus_assets_all.bundle
e724bbe6c48fc43469cfe5c52b1932d8	None	?	menus_assets_all.bundle
e7e3470d7ff754c3b9f294040d492b04	None	?	menus_assets_all.bundle
e9a71ed47ee06443c8bbef26e1dd95ea	None	?	menus_assets_all.bundle
ea2d69cf21262a24e9149d6518e87aa2	None	?	menus_assets_all.bundle
eaa5664c31c574c8daf33521d0acb5c8	None	?	menus_assets_all.bundle
eb95348b0918b344f9ae058e70755e29	None	?	menus_assets_all.bundle
ed17736bd2c164434afad755d5c70921	None	?	menus_assets_all.bundle
edd4b934602a04b4cbf9e8f9158d7793	None	?	menus_assets_all.bundle
ee0d672dd8bf7594d9aeb1851470d200	None	?	menus_assets_all.bundle
ee1c8596c825047f6b55fbbc7359f8c2	None	?	menus_assets_all.bundle
efa167bdb1f2935489bfe1c7f48e2b41	None	?	menus_assets_all.bundle
efbd6187c5499584cb8e19c86bfb9a57	None	?	menus_assets_all.bundle
f00188c8553d2b043981eea43f6123ef	None	?	menus_assets_all.bundle
f00d0da03b33346efae5d81a97112a5e	None	?	menus_assets_all.bundle
f03b0628d290b4508a0513af715e3157	None	?	menus_assets_all.bundle
f1897a7626ea44cd08b906cea9e8d3c1	None	?	menus_assets_all.bundle
f270537520a1bbb48aba21f8a50f3b48	None	?	menus_assets_all.bundle
f3568029b4536b44e9671fb1c66ce726	None	?	menus_assets_all.bundle
f58d8e003f579584c9eb92bbd7bd62db	None	?	menus_assets_all.bundle
f5ec70543a50d4d4ea1e9eb63242e9ea	None	?	menus_assets_all.bundle
f69d90a5f82df44b7bf809f2066ef128	None	?	menus_assets_all.bundle
f7051588faf73434081f9d902fbe502b	None	?	menus_assets_all.bundle
f705ea47e60854e29bd94a5991bac093	None	?	menus_assets_all.bundle
f77bf604ef23e67458bd7a7bdd1efafa	None	?	menus_assets_all.bundle
f7ec8ae9210cf4922823e10d4f892502	None	?	menus_assets_all.bundle
f9efe42d6e01c4f228cebf152509fb75	None	?	menus_assets_all.bundle
fa818acbf2ed38a4e87c23c7ac44bbe4	None	?	menus_assets_all.bundle
fab12dd431d56c848a948c255fe20874	None	?	menus_assets_all.bundle
fc36f44bf6f1e4d70adf26495193be8f	None	?	menus_assets_all.bundle
fc9be7951e027524788a5dbf3c2fe700	None	?	menus_assets_all.bundle
fd66dd97e44618844adb3e3a3e1e4349	None	?	menus_assets_all.bundle
fe622b723d94b4e1e82ae348e5f72527	None	?	menus_assets_all.bundle
fe6530a7647654d8094d79e3030241b1	None	?	menus_assets_all.bundle
fec2408690e0313448c151ea1defab70	None	?	menus_assets_all.bundle
2a545df998a1c5446b77433a063e2dd8	None	?	menusharedresources_assets_all.bundle
5153f189183574479afd443384ffda10	None	?	menusharedresources_assets_all.bundle
51adc9422da9641379209d131385154d	None	?	menusharedresources_assets_all.bundle
5d8f3b1923a9f483db6a9e3fe7753140	None	?	menusharedresources_assets_all.bundle
5e687b7ab1d3442d39665a45b9adeb3d	None	?	menusharedresources_assets_all.bundle
6071c9a8c13c24683b6326046516c599	None	?	menusharedresources_assets_all.bundle
7d7cab6a055c0404b87d09e154e62cd4	None	?	menusharedresources_assets_all.bundle
944c3fa29663042a1bdc35546c2eda58	None	?	menusharedresources_assets_all.bundle
96a0164e554772b43bf0a6cda8915464	None	?	menusharedresources_assets_all.bundle
a435e6879bf0e4cacbe7f262dda74792	None	?	menusharedresources_assets_all.bundle
a4df3f671593f409db0f06e24a05ab54	None	?	menusharedresources_assets_all.bundle
ab2bdd0f926854779a8d6cbd38e8b3ec	None	?	menusharedresources_assets_all.bundle
c90886d93176f47e2bb5ffa6f179a535	None	?	menusharedresources_assets_all.bundle
feede4f60c1ecbc498142ad339eeafda	None	?	menusharedresources_assets_all.bundle
0197c1443fdd0ac4880acaa23ec2e69b	None	?	necronssautekhcardanims_assets_all.bundle
18720eab3614c7d4fbdfaa551e66d49b	None	?	necronssautekhcardanims_assets_all.bundle
1c0ecade6293e9843b483b90643f3f95	None	?	necronssautekhcardanims_assets_all.bundle
1cf992ff2532d044baa1eefc9b70f8a3	None	?	necronssautekhcardanims_assets_all.bundle
26b0fe815ac74a248a54ae7421ff28bf	None	?	necronssautekhcardanims_assets_all.bundle
2ccd5230aaa654d498d7924bf3b6044d	None	?	necronssautekhcardanims_assets_all.bundle
328c0917147a7984587e5a008497fb17	None	?	necronssautekhcardanims_assets_all.bundle
35a4f435714352743a9728f65344f709	None	?	necronssautekhcardanims_assets_all.bundle
40e7fa2a3c8944d41885475dad456bb8	None	?	necronssautekhcardanims_assets_all.bundle
4d97059b39769d541b4af1085f042e25	None	?	necronssautekhcardanims_assets_all.bundle
544c4027f3ddbf441b14f5b949260522	None	?	necronssautekhcardanims_assets_all.bundle
5468278752f87b04c98dc6bc08d7c94b	None	?	necronssautekhcardanims_assets_all.bundle
55e7f8224176270498a0e18197203752	None	?	necronssautekhcardanims_assets_all.bundle
562e345d9c8fae3448ab6e84d53a1251	None	?	necronssautekhcardanims_assets_all.bundle
57a6675510a3598468100d63dd91c401	None	?	necronssautekhcardanims_assets_all.bundle
59f2270fe423ba44ca56abb5e3cec23e	None	?	necronssautekhcardanims_assets_all.bundle
5bb94b348e7df864993a05a2a2767bef	None	?	necronssautekhcardanims_assets_all.bundle
5c786e71fefb42745ab432ffe13a230a	None	?	necronssautekhcardanims_assets_all.bundle
5e5879eabdc5dc04399fdeb0cfe71c3a	None	?	necronssautekhcardanims_assets_all.bundle
6ec0cad64c574ae43a681605de944cd8	None	?	necronssautekhcardanims_assets_all.bundle
725da245e17826741b59aba9aca78aa4	None	?	necronssautekhcardanims_assets_all.bundle
78fe650df350ab54cb506d59201872b4	None	?	necronssautekhcardanims_assets_all.bundle
7a4f21e3f313f8b49bb9c5583331228a	None	?	necronssautekhcardanims_assets_all.bundle
7ddd4c1778973a741b150f1ab8619380	None	?	necronssautekhcardanims_assets_all.bundle
8358acf7af46a9f4bbe3089362545819	None	?	necronssautekhcardanims_assets_all.bundle
853b95c9dfa705e4785cf2d52b6629b4	None	?	necronssautekhcardanims_assets_all.bundle
9404c4919a09b434993029c7f9fa4df6	None	?	necronssautekhcardanims_assets_all.bundle
951b8365cec26f04588515b1ca53b392	None	?	necronssautekhcardanims_assets_all.bundle
960dea15074a7084da664bbd24c229c8	None	?	necronssautekhcardanims_assets_all.bundle
9cddf91195d4cc84e8ce37a751a27eab	None	?	necronssautekhcardanims_assets_all.bundle
9e2678f1ec482be4da67eb69c5ba8f3f	None	?	necronssautekhcardanims_assets_all.bundle
9fc3210083e7b604799bcaa83845c4aa	None	?	necronssautekhcardanims_assets_all.bundle
a3563ac58dd599f40a29c92f8f3d3812	None	?	necronssautekhcardanims_assets_all.bundle
ba1b8036688c35145b0a8f271e56548a	None	?	necronssautekhcardanims_assets_all.bundle
bcdfee71d56256846aa33c7102e3193f	None	?	necronssautekhcardanims_assets_all.bundle
c4e8d0cb349501e499a23c8b7729e95b	None	?	necronssautekhcardanims_assets_all.bundle
c56403cfa842e5a47abf21b704b63894	None	?	necronssautekhcardanims_assets_all.bundle
ddc4d9a2287eeff4ebf602d1b188a4c6	None	?	necronssautekhcardanims_assets_all.bundle
ddc7ef36a817b5f4d9605e567d94db54	None	?	necronssautekhcardanims_assets_all.bundle
ea3259955098a704c954d1c5bb59f92e	None	?	necronssautekhcardanims_assets_all.bundle
ee34719e172c30a42ae0a918cd99a6fd	None	?	necronssautekhcardanims_assets_all.bundle
f0d37e364c8aaaa43857cdc740df9be0	None	?	necronssautekhcardanims_assets_all.bundle
feedb82698cfcf9479288379d66c686b	None	?	necronssautekhcardanims_assets_all.bundle
00d90fb5c92d7481b8aa884eb3ebabdc	None	?	necronssautekhcardassets_assets_all.bundle
00e429e349e0e40c78c260820f942a4c	None	?	necronssautekhcardassets_assets_all.bundle
00e93ff005a0e4066ad3788c262bd8b3	None	?	necronssautekhcardassets_assets_all.bundle
04a9587545108457a8608a551bdee28f	None	?	necronssautekhcardassets_assets_all.bundle
04e1e5368fcbe405391d2a6f72045e37	None	?	necronssautekhcardassets_assets_all.bundle
05c18cf07388144c290750a9ae23528d	None	?	necronssautekhcardassets_assets_all.bundle
073866e71f5e14621af918a5713b4ae4	None	?	necronssautekhcardassets_assets_all.bundle
075e8d3f3b889ef4085758721b5176f1	None	?	necronssautekhcardassets_assets_all.bundle
08ca06fd9e865f249a716de18fc32b1f	None	?	necronssautekhcardassets_assets_all.bundle
09f0598ee29b682488d7d082927d598c	None	?	necronssautekhcardassets_assets_all.bundle
0b0818a01483941288aa5c19324a2a4c	None	?	necronssautekhcardassets_assets_all.bundle
0e4063d720a3f4a69a5515a2ffaf9381	None	?	necronssautekhcardassets_assets_all.bundle
102089a23582f4f74bb8692e303d0504	None	?	necronssautekhcardassets_assets_all.bundle
1226c1021dc8b408a8c3e207dc1385e7	None	?	necronssautekhcardassets_assets_all.bundle
129e6e54ab9a041f6b5630bf530d705a	None	?	necronssautekhcardassets_assets_all.bundle
135c3aeac9a33b345b0e93d108ff4cb3	None	?	necronssautekhcardassets_assets_all.bundle
139c821f307aa1242b0586498c4e4c71	None	?	necronssautekhcardassets_assets_all.bundle
168174cb8ff954485a0b56998b812221	None	?	necronssautekhcardassets_assets_all.bundle
17b17432f38134c53a0e1186ce90cf3b	None	?	necronssautekhcardassets_assets_all.bundle
17fd881c0aafaa341abf120f1dffc9d3	None	?	necronssautekhcardassets_assets_all.bundle
181f534ab52624378a40704d2ed31373	None	?	necronssautekhcardassets_assets_all.bundle
18dbe019c1c2c4bc4b0394e0e60debcc	None	?	necronssautekhcardassets_assets_all.bundle
199963c2137c3446f87c6de487d5ab13	None	?	necronssautekhcardassets_assets_all.bundle
1a132a0ce8d85264c8d0377bdb8b1021	None	?	necronssautekhcardassets_assets_all.bundle
1a2d9343852ec1e4483628fd8529ca23	None	?	necronssautekhcardassets_assets_all.bundle
1b9ae8b8d69cfb140969bf85932d7f5b	None	?	necronssautekhcardassets_assets_all.bundle
1f1c02933d68341bcbc7138306c6c561	None	?	necronssautekhcardassets_assets_all.bundle
1fa518103e23d48a0b2205294bd0f732	None	?	necronssautekhcardassets_assets_all.bundle
20c7c90ebca21438d8e96faffc27b1f3	None	?	necronssautekhcardassets_assets_all.bundle
23f2b7c4b7ad24e5cb17cb634c730014	None	?	necronssautekhcardassets_assets_all.bundle
25170c6db3a844ece808096b42eda408	None	?	necronssautekhcardassets_assets_all.bundle
2571742da2edfef4a997292e04bd462b	None	?	necronssautekhcardassets_assets_all.bundle
25ee087a73c938b49bb985d299ed4262	None	?	necronssautekhcardassets_assets_all.bundle
266c419863ef54cc6bddcad363d3a2a0	None	?	necronssautekhcardassets_assets_all.bundle
275edefe340a6413e99d6592b499ceec	None	?	necronssautekhcardassets_assets_all.bundle
27d63284239e9a44fa3b52b1eeb4f17a	None	?	necronssautekhcardassets_assets_all.bundle
2834204044718fc44beedccb9f94b26d	None	?	necronssautekhcardassets_assets_all.bundle
284d2347e9c246e47bf710a7cfe777a6	None	?	necronssautekhcardassets_assets_all.bundle
2979558645a5a4a93a515adc1d8c4812	None	?	necronssautekhcardassets_assets_all.bundle
2af5ba372af4049218ec6d16284b59c6	None	?	necronssautekhcardassets_assets_all.bundle
2b41c83881aa649fe8f546f110fcc1cf	None	?	necronssautekhcardassets_assets_all.bundle
2b6b0af5cd651f142afbbb69460d1630	None	?	necronssautekhcardassets_assets_all.bundle
2cdcf5d12c6fe7b4a8ad8c91b9bd984e	None	?	necronssautekhcardassets_assets_all.bundle
2f1303ef8afa5477d921c6e05b79ef42	None	?	necronssautekhcardassets_assets_all.bundle
2f28dfaac915e49aea4cf47bf5eddc1e	None	?	necronssautekhcardassets_assets_all.bundle
2f46979a284b24b42acfd1f0cea96763	None	?	necronssautekhcardassets_assets_all.bundle
307ee35cdd1ea6d448d206323cb7e449	None	?	necronssautekhcardassets_assets_all.bundle
321cee735395f9b42a53d265e10bbbda	None	?	necronssautekhcardassets_assets_all.bundle
3352e6500f2db734aba4be41e53f4ba6	None	?	necronssautekhcardassets_assets_all.bundle
33916335b745643509f11eb4d361e813	None	?	necronssautekhcardassets_assets_all.bundle
35961eb0e44ca4e2fb000e11f95ec543	None	?	necronssautekhcardassets_assets_all.bundle
371b408a4677feb42b7891694b9a0530	None	?	necronssautekhcardassets_assets_all.bundle
376af6faa998cb44dbcb8c1adb2a5574	None	?	necronssautekhcardassets_assets_all.bundle
39267a682f6a94207851206599f32767	None	?	necronssautekhcardassets_assets_all.bundle
393b65109ecee4b8ab0ccad789f08a64	None	?	necronssautekhcardassets_assets_all.bundle
3aa788e2d036b72428a7002cf1ea00ef	None	?	necronssautekhcardassets_assets_all.bundle
3aee359757bad4497ba76d8bf73c0007	None	?	necronssautekhcardassets_assets_all.bundle
3b8c883aac7c3482fa36844a17827dc6	None	?	necronssautekhcardassets_assets_all.bundle
3c88579324a79464cb8fc3e90da30b4f	None	?	necronssautekhcardassets_assets_all.bundle
3dcf61cd0a644c04194a6411898c1d9c	None	?	necronssautekhcardassets_assets_all.bundle
3e171fce35d954edf9635ffb6030b793	None	?	necronssautekhcardassets_assets_all.bundle
3efa421402ed60f4585cf96489e30b50	None	?	necronssautekhcardassets_assets_all.bundle
3f20cb006cb10c54cafafad76cc0c5f6	None	?	necronssautekhcardassets_assets_all.bundle
41349b984b78a4386a4d3fa5a74a1820	None	?	necronssautekhcardassets_assets_all.bundle
4175acb437ba4f644b7c260920db3fb1	None	?	necronssautekhcardassets_assets_all.bundle
42502810f36154335a2e9e3476caca28	None	?	necronssautekhcardassets_assets_all.bundle
42787e5dcf0e74d4f891163fb5e683d5	None	?	necronssautekhcardassets_assets_all.bundle
42aeef2bce6f34a6ebc1f601da7c9323	None	?	necronssautekhcardassets_assets_all.bundle
43c9cc1a46c69459f99c5a991e339376	None	?	necronssautekhcardassets_assets_all.bundle
45b535e7e000041afbab2cb59d14899a	None	?	necronssautekhcardassets_assets_all.bundle
4628fe280e7f7455b860e0cd88c36992	None	?	necronssautekhcardassets_assets_all.bundle
468da35f1beed114b806daad8bb08512	None	?	necronssautekhcardassets_assets_all.bundle
46bec607312604825a1eab5e1d6d081f	None	?	necronssautekhcardassets_assets_all.bundle
49e41d9a48e8f1741b059e421dde7608	None	?	necronssautekhcardassets_assets_all.bundle
49f279dd9d1aa9c4081ca47e4366d061	None	?	necronssautekhcardassets_assets_all.bundle
4a512e8be8e1c490891d23cd785b06cb	None	?	necronssautekhcardassets_assets_all.bundle
4be5a9adca330084db26e0e790590081	None	?	necronssautekhcardassets_assets_all.bundle
4c2b961b812b2074b9db064a40d4f6ae	None	?	necronssautekhcardassets_assets_all.bundle
4c910fab3e5bf4140bc6766c28f05b55	None	?	necronssautekhcardassets_assets_all.bundle
4e61b308ff6e743e68f78792def72b53	None	?	necronssautekhcardassets_assets_all.bundle
4f63b6195817843daa1c6f41018b0fbf	None	?	necronssautekhcardassets_assets_all.bundle
520add952786348a9bc1df6f7208eca1	None	?	necronssautekhcardassets_assets_all.bundle
522f358612c024c1fa55852f51e42a8c	None	?	necronssautekhcardassets_assets_all.bundle
5250a94a11f974713a931deca7a7c77a	None	?	necronssautekhcardassets_assets_all.bundle
526cad5abb78a3e47b7e5475adfca1eb	None	?	necronssautekhcardassets_assets_all.bundle
52f06355eebcb434db350dfd917fe6e8	None	?	necronssautekhcardassets_assets_all.bundle
568011bd11aa1974581f4c5eb917f6c4	None	?	necronssautekhcardassets_assets_all.bundle
57e46ec38682a4f02a2c21438032b3c0	None	?	necronssautekhcardassets_assets_all.bundle
59321b57325644a319cc654dde036cd1	None	?	necronssautekhcardassets_assets_all.bundle
5aa59a926832be9418d84a6d675c12d4	None	?	necronssautekhcardassets_assets_all.bundle
5e6c6954b08794b50af1f318eaf94022	None	?	necronssautekhcardassets_assets_all.bundle
5fc45b21236594012a1a2773cb0c3e06	None	?	necronssautekhcardassets_assets_all.bundle
61bf8e4f930394e3ea1e781f637c4b80	None	?	necronssautekhcardassets_assets_all.bundle
62a7530edc79642ef88dce38f4d7df95	None	?	necronssautekhcardassets_assets_all.bundle
63284b869ff4fea4cbb0cae712d7cdcc	None	?	necronssautekhcardassets_assets_all.bundle
6459b2a20d6a90e459b8f9f53e1a8365	None	?	necronssautekhcardassets_assets_all.bundle
6482c623d67734088812ee222d5da200	None	?	necronssautekhcardassets_assets_all.bundle
64e02af89ece847e7b5e6e709ebb8944	None	?	necronssautekhcardassets_assets_all.bundle
6582576e095362042a28627aa6933c91	None	?	necronssautekhcardassets_assets_all.bundle
67a605618c21ace4f8ce43e254528e00	None	?	necronssautekhcardassets_assets_all.bundle
68afb3d9ca87e894494a704dd91baa9f	None	?	necronssautekhcardassets_assets_all.bundle
6934dafbfcd114ef89c706eee3604400	None	?	necronssautekhcardassets_assets_all.bundle
696180182509c8a45b0b58d94083bbf8	None	?	necronssautekhcardassets_assets_all.bundle
6980007b84df61c4d8a1e0e9b9639a36	None	?	necronssautekhcardassets_assets_all.bundle
6a2d2e23853849e4a8461e027bea2cc3	None	?	necronssautekhcardassets_assets_all.bundle
6b578967bef244a8e82bf848d62f29d2	None	?	necronssautekhcardassets_assets_all.bundle
6c4c0eea18d8e4d1a87c7493ec4bc59b	None	?	necronssautekhcardassets_assets_all.bundle
6ccf53e3eaecb42029226f572b00d97a	None	?	necronssautekhcardassets_assets_all.bundle
6d4596889281641ae8779d50335132ab	None	?	necronssautekhcardassets_assets_all.bundle
6ef3b9fa364714bbcb3940868b63e015	None	?	necronssautekhcardassets_assets_all.bundle
6f776d36d4d574aaca382d3a1cc48108	None	?	necronssautekhcardassets_assets_all.bundle
71164418ff3b76144a08791379601635	None	?	necronssautekhcardassets_assets_all.bundle
7278d84462ce54e7fb3bed9cdf989b1e	None	?	necronssautekhcardassets_assets_all.bundle
73c1d4b3fe2dc409995a9f6a3cdbff26	None	?	necronssautekhcardassets_assets_all.bundle
73d5db48f282246e28903a06c11ae110	None	?	necronssautekhcardassets_assets_all.bundle
7585b784a918e4947ad9ff48b6579ce0	None	?	necronssautekhcardassets_assets_all.bundle
76971c8fdf30d45af86cc51a2cfbe3b8	None	?	necronssautekhcardassets_assets_all.bundle
773b9915b12704e4e94a2a41a94f9822	None	?	necronssautekhcardassets_assets_all.bundle
781f71653ec8bf7409038fcc4d76ed7e	None	?	necronssautekhcardassets_assets_all.bundle
799c3bb85153048389ab9ab1d97f9a61	None	?	necronssautekhcardassets_assets_all.bundle
79dd2e60cae624655b0362b5be7087aa	None	?	necronssautekhcardassets_assets_all.bundle
7a6882005d9e84ab3a1a8081ad50c921	None	?	necronssautekhcardassets_assets_all.bundle
7b2d47517e44bba4481f1ec59379f7c0	None	?	necronssautekhcardassets_assets_all.bundle
7d5ce2e2305af4633850e5a85ed92665	None	?	necronssautekhcardassets_assets_all.bundle
7e029becc4550704da1adbf6bdfef685	None	?	necronssautekhcardassets_assets_all.bundle
7e311e0bb045b427aa3922edb35594ff	None	?	necronssautekhcardassets_assets_all.bundle
7ef9e8471d0d94db4805ccceb39c16bc	None	?	necronssautekhcardassets_assets_all.bundle
7f1573f7967954732846523bcdc347ee	None	?	necronssautekhcardassets_assets_all.bundle
7f7b97044321bcd4c9150562d26deccf	None	?	necronssautekhcardassets_assets_all.bundle
7f8ffc78d9122184bacc1cdf3c454bb4	None	?	necronssautekhcardassets_assets_all.bundle
803acbfcb4d8e0e4b97c3be600bb7a14	None	?	necronssautekhcardassets_assets_all.bundle
823d6cd5d25a1b24398b5799916b9a2d	None	?	necronssautekhcardassets_assets_all.bundle
8344133d02f6c4d1196434acfa0ff04e	None	?	necronssautekhcardassets_assets_all.bundle
839706166b68242ac868217dcfed7fe9	None	?	necronssautekhcardassets_assets_all.bundle
856e41bfaec864f709052fb7985d47f5	None	?	necronssautekhcardassets_assets_all.bundle
86a8827c3e429054ab6fb86c57c5fcdd	None	?	necronssautekhcardassets_assets_all.bundle
890efda29ffe6432391f0dae64813f4c	None	?	necronssautekhcardassets_assets_all.bundle
8943a6e9de4c44b7e99b62c4ecb7845a	None	?	necronssautekhcardassets_assets_all.bundle
89e45a99c37b74cf1abea12001a21c08	None	?	necronssautekhcardassets_assets_all.bundle
89e618b34832c491aba8468d5551ce5f	None	?	necronssautekhcardassets_assets_all.bundle
8a7bebed1c93ae54099ed7332c9a1a1e	None	?	necronssautekhcardassets_assets_all.bundle
8af843ff2b9c14cd4b66dd1dce64434e	None	?	necronssautekhcardassets_assets_all.bundle
8b72f3be49ae24e4db43e1f0b42354ee	None	?	necronssautekhcardassets_assets_all.bundle
8cf97dfb5f40748aa8ad80556e865a52	None	?	necronssautekhcardassets_assets_all.bundle
8d38cb13e5af54eb3b657433b4849a32	None	?	necronssautekhcardassets_assets_all.bundle
8d875ad7b3c124240a7249aed9208564	None	?	necronssautekhcardassets_assets_all.bundle
8f12c0f17428c4a718662e1d0f3d3f33	None	?	necronssautekhcardassets_assets_all.bundle
917532e03015249edba78460dbe444fd	None	?	necronssautekhcardassets_assets_all.bundle
95c8fd9a719c1417a91a834f98ffeaf6	None	?	necronssautekhcardassets_assets_all.bundle
965e95a06d252447fa9adf7c4e020259	None	?	necronssautekhcardassets_assets_all.bundle
96787d1a863b44ada87c9d8c930e5413	None	?	necronssautekhcardassets_assets_all.bundle
96f648ec50c89a84191ba815f428f5f4	None	?	necronssautekhcardassets_assets_all.bundle
987b400717784ea40ba4856aadf50880	None	?	necronssautekhcardassets_assets_all.bundle
988b22c741364224d82d17e3b7118fd7	None	?	necronssautekhcardassets_assets_all.bundle
990e3cac1731f4f6e9ae2df12239bbab	None	?	necronssautekhcardassets_assets_all.bundle
9a79b91e65469754f9b21a75579f4971	None	?	necronssautekhcardassets_assets_all.bundle
9b08b312c917f4ead818df17a7cf9296	None	?	necronssautekhcardassets_assets_all.bundle
9cc5807878916634faa34a9fb4062765	None	?	necronssautekhcardassets_assets_all.bundle
9ddadafdca51b4bf4946fa5db7058448	None	?	necronssautekhcardassets_assets_all.bundle
9e1a62af698ff4823aa49ccd69f3edc4	None	?	necronssautekhcardassets_assets_all.bundle
9e69a7e76da8b214b8d016304b4811ac	None	?	necronssautekhcardassets_assets_all.bundle
9ede9613677c8584489c54504a7633ee	None	?	necronssautekhcardassets_assets_all.bundle
9f7ce060e0d1045d0bb3d80df69c5097	None	?	necronssautekhcardassets_assets_all.bundle
9fb62fe9725b145fca8294268e3cd279	None	?	necronssautekhcardassets_assets_all.bundle
9fb64b2af942db0498eaf52b7e3c2635	None	?	necronssautekhcardassets_assets_all.bundle
9ff96d58b2b03024093c084ccf4d8376	None	?	necronssautekhcardassets_assets_all.bundle
a0e018437360043cb807312f006e94ad	None	?	necronssautekhcardassets_assets_all.bundle
a17b4dc9e53714ad6ae7305bd6995d05	None	?	necronssautekhcardassets_assets_all.bundle
a1901a0d178354a02bea601d19c9cf44	None	?	necronssautekhcardassets_assets_all.bundle
a44b9b57fe28e4881880b254c667e9ea	None	?	necronssautekhcardassets_assets_all.bundle
a54943002d4db4c8ba60484e15d14c11	None	?	necronssautekhcardassets_assets_all.bundle
a9c3e9b18c8cd4ecfa65de0ae176e1e3	None	?	necronssautekhcardassets_assets_all.bundle
aad5ff94661414e42addb2950e74cc25	None	?	necronssautekhcardassets_assets_all.bundle
aade55de60c714d849e210306ed9130c	None	?	necronssautekhcardassets_assets_all.bundle
ab3f30fbaf9de534289c302846573785	None	?	necronssautekhcardassets_assets_all.bundle
ac35fdb50454ac14ab5f0846bf1e55e0	None	?	necronssautekhcardassets_assets_all.bundle
ace4d1f1a6027481580843ad55f6568e	None	?	necronssautekhcardassets_assets_all.bundle
ae56806f17b054520aa6ba0080802da2	None	?	necronssautekhcardassets_assets_all.bundle
aec698eb1dd2e4182a35e00af503887c	None	?	necronssautekhcardassets_assets_all.bundle
b0155710548e1466b90e9a1a0e59de5c	None	?	necronssautekhcardassets_assets_all.bundle
b01f778b4855f3049b5dc1d7073efab5	None	?	necronssautekhcardassets_assets_all.bundle
b1624d8abbfa2483db6e2589885c3412	None	?	necronssautekhcardassets_assets_all.bundle
b261291e7ae754393996fe2298ab4a04	None	?	necronssautekhcardassets_assets_all.bundle
b42a0a9f6343c4e5c947f6baf7357918	None	?	necronssautekhcardassets_assets_all.bundle
b48a514160d515b4fbab5b539fc56d59	None	?	necronssautekhcardassets_assets_all.bundle
b51b0d1d7b958ee46b7b074a2667abe6	None	?	necronssautekhcardassets_assets_all.bundle
b5cbfd3e00475464496fbbad88a3c793	None	?	necronssautekhcardassets_assets_all.bundle
ba16a980aab8bcb4eb0e16eb1ee64316	None	?	necronssautekhcardassets_assets_all.bundle
bcb6b5d0883ea794ab04fa0c723356cf	None	?	necronssautekhcardassets_assets_all.bundle
bf7f871d5abb5400c88f25d01895abc8	None	?	necronssautekhcardassets_assets_all.bundle
c10b5b347c82d9044bf33a802a67a472	None	?	necronssautekhcardassets_assets_all.bundle
c165075fb87dd4bb2b608254d2e97e08	None	?	necronssautekhcardassets_assets_all.bundle
c18ebee43e41304438b66666e5fad7c8	None	?	necronssautekhcardassets_assets_all.bundle
c232fc8c1608a774a8b553d8f6192b0d	None	?	necronssautekhcardassets_assets_all.bundle
c2f396399c45b428e976c6b8be95ca08	None	?	necronssautekhcardassets_assets_all.bundle
c3057b1fc5cce43bfb40007f61ef1046	None	?	necronssautekhcardassets_assets_all.bundle
c4695d652b0d040e98c7a16f4d8fb2dc	None	?	necronssautekhcardassets_assets_all.bundle
c4a38e9fe0295405a9282abde7e725a1	None	?	necronssautekhcardassets_assets_all.bundle
c4f356600212942ae889dee7251113ca	None	?	necronssautekhcardassets_assets_all.bundle
c84832e7993655345bab2f7c4fb1d4aa	None	?	necronssautekhcardassets_assets_all.bundle
c99e2686dd81d924fb18b45179b2aa5b	None	?	necronssautekhcardassets_assets_all.bundle
ca3f3fe515c7c4f87ab368c33427574c	None	?	necronssautekhcardassets_assets_all.bundle
ca95c3451fa462c4a8c5daf1ed3f664b	None	?	necronssautekhcardassets_assets_all.bundle
caa74829f91c54dddbb1df056220f4bd	None	?	necronssautekhcardassets_assets_all.bundle
cc55262fc7b2f4ec58fdb8ff98442ab1	None	?	necronssautekhcardassets_assets_all.bundle
cd551a74adace44c2bf7b19fc4214e41	None	?	necronssautekhcardassets_assets_all.bundle
cd6f6808f960948f68a67fc5fa5cfbf2	None	?	necronssautekhcardassets_assets_all.bundle
cf1b51d6bd83b465a9fb286fe941a21d	None	?	necronssautekhcardassets_assets_all.bundle
d12bd1e55bfdd6e4792bd11ddc82ce53	None	?	necronssautekhcardassets_assets_all.bundle
d1d985ec5564a4251a2926495e438e17	None	?	necronssautekhcardassets_assets_all.bundle
d1f81d47d721f5648bc7670c58da99d1	None	?	necronssautekhcardassets_assets_all.bundle
d2c8cb73395e94969adeeac89a1189fc	None	?	necronssautekhcardassets_assets_all.bundle
d4fe740dfa7dff44b913877434f41219	None	?	necronssautekhcardassets_assets_all.bundle
d5cc7055617b67746bde4769185826c7	None	?	necronssautekhcardassets_assets_all.bundle
d6f6231c0cbad465c940e73308bb9d24	None	?	necronssautekhcardassets_assets_all.bundle
d6fe2917a04670748b924fad421f8186	None	?	necronssautekhcardassets_assets_all.bundle
d8db62b4f259945aca71a63417ee43ac	None	?	necronssautekhcardassets_assets_all.bundle
da3271bc5ece0408ebabdbb86da72ad1	None	?	necronssautekhcardassets_assets_all.bundle
da668732f23c24326bbae5a4ea34e6b2	None	?	necronssautekhcardassets_assets_all.bundle
dcb2c5a83fb40f54f92173d1a6f58cf8	None	?	necronssautekhcardassets_assets_all.bundle
e1bf513c00188444e930e128d24aaff4	None	?	necronssautekhcardassets_assets_all.bundle
e2c951da278f44fde9d64465be291515	None	?	necronssautekhcardassets_assets_all.bundle
e3048e914469748779ee7e85c618147f	None	?	necronssautekhcardassets_assets_all.bundle
e35e0a7c735394cbaa571e51f906d17b	None	?	necronssautekhcardassets_assets_all.bundle
e37ddac666b5b4b42945936bd640fd29	None	?	necronssautekhcardassets_assets_all.bundle
e512e841248104dcbb2abcbe21a018d2	None	?	necronssautekhcardassets_assets_all.bundle
e55e4d4c7c60a4aa0b4b8b0d20d2d2ad	None	?	necronssautekhcardassets_assets_all.bundle
e815e28fa0a3b41449574fbcb699ea46	None	?	necronssautekhcardassets_assets_all.bundle
e8ef683657b73364bac036688f75efc4	None	?	necronssautekhcardassets_assets_all.bundle
e94f3e13951344a16b6e20581f3c7fb4	None	?	necronssautekhcardassets_assets_all.bundle
ec4aeac0f9c4b42adb0d49e3d6098c2d	None	?	necronssautekhcardassets_assets_all.bundle
f164d31f8e2ae5b439666a96cd98c126	None	?	necronssautekhcardassets_assets_all.bundle
f1a0e6b40c13f4158a2701ef3b3a11aa	None	?	necronssautekhcardassets_assets_all.bundle
f1e2caa15490a4e1fb5cb4cc3586df3b	None	?	necronssautekhcardassets_assets_all.bundle
f3b7dce6aa1517d4997374e6beb0e221	None	?	necronssautekhcardassets_assets_all.bundle
f5e72747b7b264293834cdaf8677683b	None	?	necronssautekhcardassets_assets_all.bundle
f60856566dc27784f98ad8b225c0b349	None	?	necronssautekhcardassets_assets_all.bundle
f663c3ab474714149b3524e74e515826	None	?	necronssautekhcardassets_assets_all.bundle
f772bfd8610234495a87f4cced6f1e40	None	?	necronssautekhcardassets_assets_all.bundle
fa85e63881e3e4ab1a77048472b54067	None	?	necronssautekhcardassets_assets_all.bundle
fb8957b04d6404467bdf599e131cde0a	None	?	necronssautekhcardassets_assets_all.bundle
fd08afa8a27d5496d87258b679ea3e03	None	?	necronssautekhcardassets_assets_all.bundle
040c3c0c01fc6e545a904ef711f0f524	None	?	orksgoffcardanims_assets_all.bundle
0516ad300e0e617438490c0465398258	None	?	orksgoffcardanims_assets_all.bundle
05f226624f694174a892767076c28cdd	None	?	orksgoffcardanims_assets_all.bundle
0d6731894381b244eace2eb82a8db723	None	?	orksgoffcardanims_assets_all.bundle
1470964951ccf7c42bd8dc1a32cc08e7	None	?	orksgoffcardanims_assets_all.bundle
1cd4e364b1d76434593f74cc0a6345f9	None	?	orksgoffcardanims_assets_all.bundle
21d06d11cc82aa44693efd6df68bc208	None	?	orksgoffcardanims_assets_all.bundle
2bae63156c769844cb9e55ea1613bb9e	None	?	orksgoffcardanims_assets_all.bundle
2d7f93b0ef9131f48b6303f9ec07160b	None	?	orksgoffcardanims_assets_all.bundle
2e21efe2d163b6b479dc630e5e979d43	None	?	orksgoffcardanims_assets_all.bundle
3226838b10f5444b2b2fd329bf72585b	None	?	orksgoffcardanims_assets_all.bundle
3616b334286db444d86c24768638648a	None	?	orksgoffcardanims_assets_all.bundle
38ae22973d3904d458dcd6a742aa4615	None	?	orksgoffcardanims_assets_all.bundle
3938b306d75c5bf4eb92d4042e7ec515	None	?	orksgoffcardanims_assets_all.bundle
4118a1fd86e7a1d4dabf864d5a86e744	None	?	orksgoffcardanims_assets_all.bundle
475b8c5cbfe632847b4444f71eda8b7d	None	?	orksgoffcardanims_assets_all.bundle
48b88014b555452418c9240b4320bbf6	None	?	orksgoffcardanims_assets_all.bundle
49009b4b5a1e8964a900a3c78b61bd29	None	?	orksgoffcardanims_assets_all.bundle
4a5c6c81dd53a504584f22a0becf9cbf	None	?	orksgoffcardanims_assets_all.bundle
4c520feac95e63f409a49310571d3765	None	?	orksgoffcardanims_assets_all.bundle
4cdc61f6e34a11a4dade9e26ba13043d	None	?	orksgoffcardanims_assets_all.bundle
4f57b1b0b9c0a9047886d6193038783c	None	?	orksgoffcardanims_assets_all.bundle
53989a5ca7b8167488cf4b2dbbbb089f	None	?	orksgoffcardanims_assets_all.bundle
59a148fedeb44814d8151f21e54ec4a5	None	?	orksgoffcardanims_assets_all.bundle
5a1f185edbec7c1458dec13588ee704c	None	?	orksgoffcardanims_assets_all.bundle
5b680a2ec9ed78441899103d475bec97	None	?	orksgoffcardanims_assets_all.bundle
5cc65250372f51240931386ead912848	None	?	orksgoffcardanims_assets_all.bundle
61a016dd72f0e8844a8cfa07b4880681	None	?	orksgoffcardanims_assets_all.bundle
6512973501d6cb649a48bed7e28c59a5	None	?	orksgoffcardanims_assets_all.bundle
6672ea37196035a40862fe6f4d6413c6	None	?	orksgoffcardanims_assets_all.bundle
6913d36e6aa0650438bbfabf73b6a405	None	?	orksgoffcardanims_assets_all.bundle
71f6172562f883049b5469a64efc6646	None	?	orksgoffcardanims_assets_all.bundle
7a752e7bb61fd304fa6e506b1d9de2cb	None	?	orksgoffcardanims_assets_all.bundle
7c7992d126298cb428dcfa2a2eaa19d5	None	?	orksgoffcardanims_assets_all.bundle
7f6a72986f8740447a50ddb034cb865a	None	?	orksgoffcardanims_assets_all.bundle
7fcdc8381ed38334b90d0ee5f2b8f178	None	?	orksgoffcardanims_assets_all.bundle
81173400ef9c0b04c9cfb6ec48aab225	None	?	orksgoffcardanims_assets_all.bundle
9234575dcdba329449ed104b923c2a25	None	?	orksgoffcardanims_assets_all.bundle
92b84705eb034a445840bde33cb24e12	None	?	orksgoffcardanims_assets_all.bundle
93e894c9ece42a141a838337b4649584	None	?	orksgoffcardanims_assets_all.bundle
95d75c61f1d9844679a189d5636344f9	None	?	orksgoffcardanims_assets_all.bundle
96026aca9d656754d961478c83b1b63a	None	?	orksgoffcardanims_assets_all.bundle
98cc3b44dbb861e43965c88494dc3ec0	None	?	orksgoffcardanims_assets_all.bundle
9cdcdbdee14b206439a48584db3ceea3	None	?	orksgoffcardanims_assets_all.bundle
a0114be65c162da408458eeb353c4cde	None	?	orksgoffcardanims_assets_all.bundle
af0e438638428884eb579141f839283f	None	?	orksgoffcardanims_assets_all.bundle
b7e1d6a74312ade4581a79a407927877	None	?	orksgoffcardanims_assets_all.bundle
b94125de74432fa4396fde89b85b66ae	None	?	orksgoffcardanims_assets_all.bundle
bc15103628f7f2c47bc89d3a11aacb41	None	?	orksgoffcardanims_assets_all.bundle
c14c63a91f00c584aac8a4028ec7d7f0	None	?	orksgoffcardanims_assets_all.bundle
c1fe5fa7ce2739c4b9ee426f6acbcac8	None	?	orksgoffcardanims_assets_all.bundle
c4e5027ef323fdb4eb84ee7dc5949bef	None	?	orksgoffcardanims_assets_all.bundle
c9481068841deba4c86c46731fa2c339	None	?	orksgoffcardanims_assets_all.bundle
cfb3df9ad6781214fbb1fe6a791440dd	None	?	orksgoffcardanims_assets_all.bundle
d1842ebd80da8b24697df0e58d8ad84c	None	?	orksgoffcardanims_assets_all.bundle
d202952a3aa18f245ae05b673c1d9fac	None	?	orksgoffcardanims_assets_all.bundle
deafac92ceceb4b4c8de9c5e6b99cb0b	None	?	orksgoffcardanims_assets_all.bundle
e4f8b9199a6944efc97335221ee18315	None	?	orksgoffcardanims_assets_all.bundle
e5ef838a64a0ddf47beea85e8e947384	None	?	orksgoffcardanims_assets_all.bundle
eabe2a4505673c840aca3804ea05f3d8	None	?	orksgoffcardanims_assets_all.bundle
ee0d8306527d2754fbee420cf23bc461	None	?	orksgoffcardanims_assets_all.bundle
f01acd56285f96f4baab0d10abfee5ba	None	?	orksgoffcardanims_assets_all.bundle
f170dc2559259234082ba8e50b443fc4	None	?	orksgoffcardanims_assets_all.bundle
f5782a79f343f8543be3916353ed0410	None	?	orksgoffcardanims_assets_all.bundle
f585e8f80aeaba54f9cfac8bf212b32b	None	?	orksgoffcardanims_assets_all.bundle
f6515794c58601b43b8dca38aa545182	None	?	orksgoffcardanims_assets_all.bundle
fa2d85b9ea305a34482fa9a2e4ced4dc	None	?	orksgoffcardanims_assets_all.bundle
fb5b3980718596c4aad07b959634d61c	None	?	orksgoffcardanims_assets_all.bundle
00a3354155918a84db43e956826b6a77	None	?	orksgoffcardassets_assets_all.bundle
00cd7d6e58ed94f2b84a2786537adff5	None	?	orksgoffcardassets_assets_all.bundle
00e07f4ddf176a6428bf6ca876c19b1f	None	?	orksgoffcardassets_assets_all.bundle
011c6d26f0958844cb875c138a52bb03	None	?	orksgoffcardassets_assets_all.bundle
0132d39d328c87e4fbeec070b8c91a1c	None	?	orksgoffcardassets_assets_all.bundle
0190b8210246bf843b5314367e79e2d1	None	?	orksgoffcardassets_assets_all.bundle
01b56e59f4ed143fe99e922c5df11b46	None	?	orksgoffcardassets_assets_all.bundle
02e5571ddf2a55d4e8b236c7ffe8dd2d	None	?	orksgoffcardassets_assets_all.bundle
0321eb03b4662924eb442ba1ddb0a0f4	None	?	orksgoffcardassets_assets_all.bundle
03a5a8fc250d44243b88ac4e7908fcb9	None	?	orksgoffcardassets_assets_all.bundle
03d73e43aaa561148b893a4bc2868c45	None	?	orksgoffcardassets_assets_all.bundle
0482c6706b188cd47b4a76d60635fa3f	None	?	orksgoffcardassets_assets_all.bundle
0556467e2e8e54ccda994578bafc5fb1	None	?	orksgoffcardassets_assets_all.bundle
059e491d104d8e5479548d6e27007b56	None	?	orksgoffcardassets_assets_all.bundle
061f15707da98d04ba5fbbe37bc71178	None	?	orksgoffcardassets_assets_all.bundle
078e4b2f719cf0746a036dbe7d0b4e69	None	?	orksgoffcardassets_assets_all.bundle
07b6bf1fcb3edec47affe37e203cb68e	None	?	orksgoffcardassets_assets_all.bundle
088cec277d515d24892e9bc08f82aef4	None	?	orksgoffcardassets_assets_all.bundle
08ffdc952bda7f54fb33318823187cc8	None	?	orksgoffcardassets_assets_all.bundle
090c23857511a8e4b9edf4ce39f00319	None	?	orksgoffcardassets_assets_all.bundle
09a95ef8b1b00524caf91ee2fe99c3e1	None	?	orksgoffcardassets_assets_all.bundle
0b12aba110822414fa88b5b7b055749f	None	?	orksgoffcardassets_assets_all.bundle
0baa893d4930eb14fa0cf8375ca41013	None	?	orksgoffcardassets_assets_all.bundle
0bce781f853ac624caf32807188c3c0c	None	?	orksgoffcardassets_assets_all.bundle
0c9e717bd9bd5844aa476faedd0ce9a3	None	?	orksgoffcardassets_assets_all.bundle
0e159ab870da5b5488f1aea93dfc2081	None	?	orksgoffcardassets_assets_all.bundle
0e700ae946a1e52499735238032a1c0e	None	?	orksgoffcardassets_assets_all.bundle
0f3625554c89d014fb324b06dae02d66	None	?	orksgoffcardassets_assets_all.bundle
0ff93c94a4bf7b646996766ae918442a	None	?	orksgoffcardassets_assets_all.bundle
1024e45283d7b364bb2a84e83376e89c	None	?	orksgoffcardassets_assets_all.bundle
107898f0fed8d4be1988a89470a002ca	None	?	orksgoffcardassets_assets_all.bundle
11ae7b55b79ca4a44bc4308a6b2bb58e	None	?	orksgoffcardassets_assets_all.bundle
133efd0a7143cf64f8ca911140d1ab28	None	?	orksgoffcardassets_assets_all.bundle
13a34d71633c80144833ad3c39af1877	None	?	orksgoffcardassets_assets_all.bundle
13dafef44d36d05499942eeaa5dc2a56	None	?	orksgoffcardassets_assets_all.bundle
1433dfa7e5ecfb04d8cb77dd53606ac7	None	?	orksgoffcardassets_assets_all.bundle
1609c15b1c339ff4199b0bcdc55142ac	None	?	orksgoffcardassets_assets_all.bundle
164e4d1f240214b78ab8f3338c449ac7	None	?	orksgoffcardassets_assets_all.bundle
16e600355631af542ab3ec5ab1e3ff11	None	?	orksgoffcardassets_assets_all.bundle
18ae9ab2027bd684f9efed25766f7d7d	None	?	orksgoffcardassets_assets_all.bundle
19f671f4706ae7e49b5f38877ca5daf5	None	?	orksgoffcardassets_assets_all.bundle
1a5f4c9ce66a2477ab09e3b315c7c3e1	None	?	orksgoffcardassets_assets_all.bundle
1aec964de16b18741b20b7a4251b220d	None	?	orksgoffcardassets_assets_all.bundle
1b0bb830d4585bc4aa2f37cd340d573a	None	?	orksgoffcardassets_assets_all.bundle
1e0c47bfcf9d26c48bee6aeebe6d0a46	None	?	orksgoffcardassets_assets_all.bundle
1f3cc354e49477a42b9ca761d451bb9b	None	?	orksgoffcardassets_assets_all.bundle
208cbe6ff57a1184992df461379db0ad	None	?	orksgoffcardassets_assets_all.bundle
20b8cd615d220864aa6a26ba11bb72b9	None	?	orksgoffcardassets_assets_all.bundle
213149e81b242dd41b186cb66f78e985	None	?	orksgoffcardassets_assets_all.bundle
216cb47155f624b259a8fedd20cfa18b	None	?	orksgoffcardassets_assets_all.bundle
21ca9379d0563294ea8824ca79e590d7	None	?	orksgoffcardassets_assets_all.bundle
2312e4007f8c1154f844177fc0d719a5	None	?	orksgoffcardassets_assets_all.bundle
23a661af405f22b46aeaa80a64c5eba9	None	?	orksgoffcardassets_assets_all.bundle
245cf529c74c0475eac32dd3497f8bcd	None	?	orksgoffcardassets_assets_all.bundle
24af77c0c27ca8f4ab12eff874cad2b8	None	?	orksgoffcardassets_assets_all.bundle
261d4064289f8be4aa484f65e06245cb	None	?	orksgoffcardassets_assets_all.bundle
27327f0bdc4ea884d906c718f8705189	None	?	orksgoffcardassets_assets_all.bundle
282aed6cd790f4be7b8e3d10f5f847e7	None	?	orksgoffcardassets_assets_all.bundle
28602f9de5db06b40b7a6bcb4e2f4d72	None	?	orksgoffcardassets_assets_all.bundle
2a3cef56a832bc047aa3d7bbf047fd30	None	?	orksgoffcardassets_assets_all.bundle
2c081d8f0bf17564e847111c4ac11093	None	?	orksgoffcardassets_assets_all.bundle
2d406d3c4fa0b4083a8c0b3eed966dca	None	?	orksgoffcardassets_assets_all.bundle
2e20e96bc91462b47a9f9322cb6c67e8	None	?	orksgoffcardassets_assets_all.bundle
2e845e25ff5fbd34d85de7454b357e86	None	?	orksgoffcardassets_assets_all.bundle
2e8e77dd371aa3b4d8fa70621b31c13b	None	?	orksgoffcardassets_assets_all.bundle
2f75fd9800f135f45898ad1f91e3e6ee	None	?	orksgoffcardassets_assets_all.bundle
313cae72b707c9543939613578e6000c	None	?	orksgoffcardassets_assets_all.bundle
366c499fd5b4f7040ae5a59aff505be6	None	?	orksgoffcardassets_assets_all.bundle
368e7c4a33db32e47b61815807d7b30b	None	?	orksgoffcardassets_assets_all.bundle
3753de3cb6544044ca05d3e2345d9cca	None	?	orksgoffcardassets_assets_all.bundle
38b5452cfcc8e4de396aedeaa0841606	None	?	orksgoffcardassets_assets_all.bundle
38ebb96ffdf094ceea5d41afc0351055	None	?	orksgoffcardassets_assets_all.bundle
3b0cc25926807324fadeeb1bdaf3a114	None	?	orksgoffcardassets_assets_all.bundle
3b380dabee7184c5cb748cd072f24ce0	None	?	orksgoffcardassets_assets_all.bundle
3bc8b48af2b38a44db2532e3b93f37fa	None	?	orksgoffcardassets_assets_all.bundle
3c1dd357fccea9748a89dfa1735082e7	None	?	orksgoffcardassets_assets_all.bundle
3d195467edd47e845977c6577ef55055	None	?	orksgoffcardassets_assets_all.bundle
3d6d01e04304fb54b902d2811c478e37	None	?	orksgoffcardassets_assets_all.bundle
3e4755eda99a742ed979d7786941c9da	None	?	orksgoffcardassets_assets_all.bundle
3e761542faed4d64c96fb4186ba17cde	None	?	orksgoffcardassets_assets_all.bundle
3e953dbc27b8f94409663f59b662d5ff	None	?	orksgoffcardassets_assets_all.bundle
3f2f3a7018cdf6d4ea61810d2a5f231b	None	?	orksgoffcardassets_assets_all.bundle
3ffd68654ca5b7a479eefebd0dda13dd	None	?	orksgoffcardassets_assets_all.bundle
41bbaf3fde9ebae4a829aad7af2d90fe	None	?	orksgoffcardassets_assets_all.bundle
441a10e7838340a48b891f3fccb55b5c	None	?	orksgoffcardassets_assets_all.bundle
45a11c8a72a6efe4c991d1e1b0cd9449	None	?	orksgoffcardassets_assets_all.bundle
472a5be2d17c6415ca6f32f983d1ecbf	None	?	orksgoffcardassets_assets_all.bundle
483f4229624ea42439442ae10b222b9a	None	?	orksgoffcardassets_assets_all.bundle
490f4bb1278876c49ba2850cf33f8eef	None	?	orksgoffcardassets_assets_all.bundle
4926d250f18974b44b066d963c9237a7	None	?	orksgoffcardassets_assets_all.bundle
4976be1de227748aaa4f8a51dcd9476a	None	?	orksgoffcardassets_assets_all.bundle
498f0b00d80aac845b4d004e8fb7993e	None	?	orksgoffcardassets_assets_all.bundle
4a0ee1af02ccc4214a6ba902ba866582	None	?	orksgoffcardassets_assets_all.bundle
4ac11e80ceb61e34687692243b4905a4	None	?	orksgoffcardassets_assets_all.bundle
4ae62485d3b044942ac9610df6e619e1	None	?	orksgoffcardassets_assets_all.bundle
4b11770232a9ede4b8f1e4068a32da7f	None	?	orksgoffcardassets_assets_all.bundle
4c1b07034ba013b46ab9412f3b84aa7b	None	?	orksgoffcardassets_assets_all.bundle
4c37e51d88c2e7d438a7ba41e7ab5bf7	None	?	orksgoffcardassets_assets_all.bundle
4d7391f09bcd9fc4f82248b82d9a8f47	None	?	orksgoffcardassets_assets_all.bundle
4dd5b916c44bb624bbc5f38a34f74a26	None	?	orksgoffcardassets_assets_all.bundle
4df7a635f8bac4ecbb547883cc81704e	None	?	orksgoffcardassets_assets_all.bundle
4e4306f30f6da704a8cc20ef230fe2d5	None	?	orksgoffcardassets_assets_all.bundle
4f3efcdc3367c324185bdeca3966811d	None	?	orksgoffcardassets_assets_all.bundle
4f5b4034ee65a3f4cb41cf8990901c28	None	?	orksgoffcardassets_assets_all.bundle
501286889dcc4244394350a4d8665959	None	?	orksgoffcardassets_assets_all.bundle
50c3b9b114896d145b4aabae568f8569	None	?	orksgoffcardassets_assets_all.bundle
52630fe041e346c49828ab86f12f6039	None	?	orksgoffcardassets_assets_all.bundle
562879b12c31c2a44bb515e9fd423f63	None	?	orksgoffcardassets_assets_all.bundle
565bf2f839eda504ca7f5d9adffee1bf	None	?	orksgoffcardassets_assets_all.bundle
56ec1545f262d0a4395aa2a3eb01956d	None	?	orksgoffcardassets_assets_all.bundle
58eb9c4198e353f4fa49058efcd0be9d	None	?	orksgoffcardassets_assets_all.bundle
5908e676de2ccfc489420ded478292c1	None	?	orksgoffcardassets_assets_all.bundle
5a0491f1de1b44faf8eb705ffc736e0f	None	?	orksgoffcardassets_assets_all.bundle
5aa0a642aa1084f25bab1ac70fbb2a13	None	?	orksgoffcardassets_assets_all.bundle
5b22a42f6a3fd4c84a42ba6392ff4d8f	None	?	orksgoffcardassets_assets_all.bundle
5b625ca59bb013346ac26113a898632b	None	?	orksgoffcardassets_assets_all.bundle
5ba5c41ac5b660a49948460cdfb1fe71	None	?	orksgoffcardassets_assets_all.bundle
5bbadbfdd3e794726ac188798f5d1ee9	None	?	orksgoffcardassets_assets_all.bundle
5c164aea4b07aa54babfe1333d244018	None	?	orksgoffcardassets_assets_all.bundle
5cb7402425d7140f1b2f01dd4e33a9ef	None	?	orksgoffcardassets_assets_all.bundle
5ce58cd04eef11e47b7427dcc6cab1f4	None	?	orksgoffcardassets_assets_all.bundle
5d19cb4b9e1e16440a52fba3188ae5a6	None	?	orksgoffcardassets_assets_all.bundle
5d4f7de89929efa41aca35b06547dc49	None	?	orksgoffcardassets_assets_all.bundle
5dad492614eb7df4ab6806b1719727a8	None	?	orksgoffcardassets_assets_all.bundle
5e541e0d91a944e40a45201f9d6aefef	None	?	orksgoffcardassets_assets_all.bundle
5f0162a54af1a5e4faa02f131c282848	None	?	orksgoffcardassets_assets_all.bundle
60902117cc77aad43a814bda34e82fb1	None	?	orksgoffcardassets_assets_all.bundle
61ef233f1aec4904691d94ecadc3fdc4	None	?	orksgoffcardassets_assets_all.bundle
627252e520f4d458087aac86e434cc6d	None	?	orksgoffcardassets_assets_all.bundle
629da36d810be8d43b1d46af7d11e44a	None	?	orksgoffcardassets_assets_all.bundle
63aa9804656c749729f5d9ec19c3561e	None	?	orksgoffcardassets_assets_all.bundle
64326af06940d40ad88ac9c4cc587507	None	?	orksgoffcardassets_assets_all.bundle
64335915eeac73a4fb949cccd1346af9	None	?	orksgoffcardassets_assets_all.bundle
6435d218d80e88b45aede2222667d893	None	?	orksgoffcardassets_assets_all.bundle
64383a7c086b04c589a9a7fe1fed1d84	None	?	orksgoffcardassets_assets_all.bundle
64491ebbe01495b4d817e6ad69d3a5b5	None	?	orksgoffcardassets_assets_all.bundle
64722a8ad41b7da44aa6a9314b3ebcc1	None	?	orksgoffcardassets_assets_all.bundle
657a61680dfe87743b3b7909462343c2	None	?	orksgoffcardassets_assets_all.bundle
666f660244063914ea8a5c1ada5e4453	None	?	orksgoffcardassets_assets_all.bundle
669c1b5588c664f159f1f9edcfafd8e0	None	?	orksgoffcardassets_assets_all.bundle
66e26cedfd6d41a41839456ad8c3a112	None	?	orksgoffcardassets_assets_all.bundle
67e821f42db9c426cb0e923f1de1a56a	None	?	orksgoffcardassets_assets_all.bundle
6943cdd541289244d840c981e956cce1	None	?	orksgoffcardassets_assets_all.bundle
69bcea36652754557960a68b97b896d2	None	?	orksgoffcardassets_assets_all.bundle
6a4be48e7a93896409d7afbf7bb7bcaa	None	?	orksgoffcardassets_assets_all.bundle
6a905b88cd2c5c74db1a22af8a969602	None	?	orksgoffcardassets_assets_all.bundle
6a9ae024358d044f1a6d5ebc486bc093	None	?	orksgoffcardassets_assets_all.bundle
6aa0166f2dbc64dddb0e9e49e8fd46e9	None	?	orksgoffcardassets_assets_all.bundle
6b4705792d6424f0ca0ea17ecaf8af61	None	?	orksgoffcardassets_assets_all.bundle
6bb59e0d9a5d77f468af52d659fb0360	None	?	orksgoffcardassets_assets_all.bundle
6d47703ca504d404881479d62ba08cb7	None	?	orksgoffcardassets_assets_all.bundle
6dff3034212d54cc0a61abcc5ff88dc5	None	?	orksgoffcardassets_assets_all.bundle
6ed887092db9c3c43877ca0e1577c837	None	?	orksgoffcardassets_assets_all.bundle
70348d3470c74b14a91c30d47392f37d	None	?	orksgoffcardassets_assets_all.bundle
707591bda949449789ca3a6fc674f637	None	?	orksgoffcardassets_assets_all.bundle
70a0c97988a2e88408345cd42a940e20	None	?	orksgoffcardassets_assets_all.bundle
70c117bb2920e2445b792c84c80f4592	None	?	orksgoffcardassets_assets_all.bundle
70ea26274664641f39e62fd4c248dfcb	None	?	orksgoffcardassets_assets_all.bundle
7232dfb4d54bf4e87983561e924273da	None	?	orksgoffcardassets_assets_all.bundle
7253440ef1488294aa9ec87b00de1f30	None	?	orksgoffcardassets_assets_all.bundle
74e0210792e347345a1119a54d2bacfb	None	?	orksgoffcardassets_assets_all.bundle
750d274784fbc374f971209eb8a99b4d	None	?	orksgoffcardassets_assets_all.bundle
752235e6c1bc74e28a9c54861f5a9681	None	?	orksgoffcardassets_assets_all.bundle
752504f1b28133144b2ba0d292282240	None	?	orksgoffcardassets_assets_all.bundle
7556ee0a20ed0944ca3dff08b0ffbf02	None	?	orksgoffcardassets_assets_all.bundle
75cb47266af0a4100b3f99b563e126d8	None	?	orksgoffcardassets_assets_all.bundle
7730db021a71e7146b1eebaeda6569d2	None	?	orksgoffcardassets_assets_all.bundle
7752e7200fbb871448b2c9a23cb3f4c3	None	?	orksgoffcardassets_assets_all.bundle
77c46553ce656b94189f02b8191bd540	None	?	orksgoffcardassets_assets_all.bundle
78c269a46435044479183d4ddcade781	None	?	orksgoffcardassets_assets_all.bundle
7b3a862ee18d047c7a2d8326f1b15535	None	?	orksgoffcardassets_assets_all.bundle
7b704dd38153c1b4481fd2020c443771	None	?	orksgoffcardassets_assets_all.bundle
7c15477c90cdd0747b22a26b0eba3bbc	None	?	orksgoffcardassets_assets_all.bundle
7cb73026eedd6514f93a2d4d4001672c	None	?	orksgoffcardassets_assets_all.bundle
7e18a9b985257ae44b98f2254b7162fc	None	?	orksgoffcardassets_assets_all.bundle
7ee8c6762374f5b458c704d1a200037f	None	?	orksgoffcardassets_assets_all.bundle
7f7aafef3efe5e949aa20110a16f562e	None	?	orksgoffcardassets_assets_all.bundle
8062921120e8d8c40a3c335aa36690e0	None	?	orksgoffcardassets_assets_all.bundle
80ce01c4983b04a0287eb62e1ec3bf3e	None	?	orksgoffcardassets_assets_all.bundle
80cef0718275db047a5bc7a2492c2bff	None	?	orksgoffcardassets_assets_all.bundle
80d38e213a9e5ab4397fdf56d1faca55	None	?	orksgoffcardassets_assets_all.bundle
81f84b1d948357d4783b0c01a9dc4ecc	None	?	orksgoffcardassets_assets_all.bundle
83ea21e896f294564a178fb300a03c4e	None	?	orksgoffcardassets_assets_all.bundle
84195ef5175e34159ad9ea4042e64006	None	?	orksgoffcardassets_assets_all.bundle
84a4d2251215de64983091ffbc386707	None	?	orksgoffcardassets_assets_all.bundle
856f45f57df992047bbedecb4f584e43	None	?	orksgoffcardassets_assets_all.bundle
857ab0cc1d28b47e889cc484efb2c40f	None	?	orksgoffcardassets_assets_all.bundle
86a7be1891c8d344289543442d54d298	None	?	orksgoffcardassets_assets_all.bundle
876deae2fa54a476da5b34a88e483689	None	?	orksgoffcardassets_assets_all.bundle
88d761e0abef144b3bb49f8b55cdf877	None	?	orksgoffcardassets_assets_all.bundle
88fcd08456bf98545aee2a000b6ca0ff	None	?	orksgoffcardassets_assets_all.bundle
8911a56634e65d04c9189d2dff490c81	None	?	orksgoffcardassets_assets_all.bundle
893d0eb6212b7de4083796514364e626	None	?	orksgoffcardassets_assets_all.bundle
896afe9b08b62d54db3456a5da8d6dd2	None	?	orksgoffcardassets_assets_all.bundle
89ee0ea7f0369c543b2004ec073a8b8e	None	?	orksgoffcardassets_assets_all.bundle
8a725768dca1a42cc99a9a68b8060672	None	?	orksgoffcardassets_assets_all.bundle
8b1db23d09804e1418b6aef13cc4e5c6	None	?	orksgoffcardassets_assets_all.bundle
8c3b762aefe2c0c44854b44f8e60da2e	None	?	orksgoffcardassets_assets_all.bundle
8cca2c8f14be94d86a790048eac904f1	None	?	orksgoffcardassets_assets_all.bundle
8ddedbd0b8cf743b5b5873fefc18991f	None	?	orksgoffcardassets_assets_all.bundle
8eb6fdb5cff2ce84fb84e5e34ee84c43	None	?	orksgoffcardassets_assets_all.bundle
8f70d406d0a442047a62ad9591d90e1c	None	?	orksgoffcardassets_assets_all.bundle
8ff489f4b5a594697ab78e52c337fb15	None	?	orksgoffcardassets_assets_all.bundle
90db1d167ec8f4ca5ab7b1885ec8d220	None	?	orksgoffcardassets_assets_all.bundle
98e87bc8bb6d8004584c7be3fd21b8d1	None	?	orksgoffcardassets_assets_all.bundle
9a110a9cc68544fb693da2fc7a14e4a6	None	?	orksgoffcardassets_assets_all.bundle
9a7a8d82ea834264a8ddc48789bd81ae	None	?	orksgoffcardassets_assets_all.bundle
9b3427134b6d8ad46bf7cf52a816e0a4	None	?	orksgoffcardassets_assets_all.bundle
9b4e7d28317f4fb47bce6a33a83ab8c5	None	?	orksgoffcardassets_assets_all.bundle
9bbb927fbec2f4caf9b46931d0530b38	None	?	orksgoffcardassets_assets_all.bundle
9c2255f870bef429f9ef7457e715b1e1	None	?	orksgoffcardassets_assets_all.bundle
9c338bfdf83b14afb9157ca354711b3c	None	?	orksgoffcardassets_assets_all.bundle
9cd50c2bc0c8f694881a33886544df7a	None	?	orksgoffcardassets_assets_all.bundle
9cee67e2ca9f7ac4aa99bc5fd57769a7	None	?	orksgoffcardassets_assets_all.bundle
9e8460e95144dea4caa71dd9dadec62c	None	?	orksgoffcardassets_assets_all.bundle
9ea3e1bf87344bd4e8f6941a567b0e6c	None	?	orksgoffcardassets_assets_all.bundle
a101218bd809b4bb1b1efeb1dcc8ad21	None	?	orksgoffcardassets_assets_all.bundle
a35fbdf23952c4b409a1ba8829a23667	None	?	orksgoffcardassets_assets_all.bundle
a37edb1f54a2fb14aaff4b379c0bf1d0	None	?	orksgoffcardassets_assets_all.bundle
a3e5f0daf20df9d46829b4e706adfe6e	None	?	orksgoffcardassets_assets_all.bundle
a4c3162f8f32d45ba9ccd7362aa8564b	None	?	orksgoffcardassets_assets_all.bundle
a681ecc3ad75a4bee97e587acc5698aa	None	?	orksgoffcardassets_assets_all.bundle
a70e4cc327e694593aa863bed40280dd	None	?	orksgoffcardassets_assets_all.bundle
a89fabe1d25d30b4aa5a8dc343502900	None	?	orksgoffcardassets_assets_all.bundle
a8e8af9380ba16a4fb9388ff505dd8e1	None	?	orksgoffcardassets_assets_all.bundle
a93b1d4ef4a374ed1a52fde753d450ee	None	?	orksgoffcardassets_assets_all.bundle
a96cf71ec241bb3478c628ef99412670	None	?	orksgoffcardassets_assets_all.bundle
aa8c597cc13b4f1418ed957dafa33172	None	?	orksgoffcardassets_assets_all.bundle
aaf14a5cdcb663e44bba57e4b0a96761	None	?	orksgoffcardassets_assets_all.bundle
abc10070156004053892cba364aaec69	None	?	orksgoffcardassets_assets_all.bundle
ac3843fc01042e74ba8a4d9ca1b47c11	None	?	orksgoffcardassets_assets_all.bundle
ad7e9df428b8fed44b23bdc252bc3f08	None	?	orksgoffcardassets_assets_all.bundle
adb9333ddb0755147b04b53f237a13c5	None	?	orksgoffcardassets_assets_all.bundle
adea8397a22252b4fa85eafc51091241	None	?	orksgoffcardassets_assets_all.bundle
aedf4ecf39a6a164bbf648a7ef62c81a	None	?	orksgoffcardassets_assets_all.bundle
af14f85bdf99345a9bd82c3764c23be5	None	?	orksgoffcardassets_assets_all.bundle
b064157c17f76574a94356e5d3862e61	None	?	orksgoffcardassets_assets_all.bundle
b10309da60b044a5aa99974f425fe27f	None	?	orksgoffcardassets_assets_all.bundle
b18cf953bb636594aa9c83b3fa0f2823	None	?	orksgoffcardassets_assets_all.bundle
b18f2ecc60b81b54daa321288c94e8f2	None	?	orksgoffcardassets_assets_all.bundle
b1f389dc374f49948805950b9f5c5112	None	?	orksgoffcardassets_assets_all.bundle
b3036cadb14be9a4a83408ec166556c3	None	?	orksgoffcardassets_assets_all.bundle
b4c9a88d280494f45906b4b613a47a98	None	?	orksgoffcardassets_assets_all.bundle
b51e8d65a6ee05c4abddec534a6e7865	None	?	orksgoffcardassets_assets_all.bundle
b679b8817a669614c8d87303980a3ea4	None	?	orksgoffcardassets_assets_all.bundle
b6aed7c8043f9824094d3ec1dc8578d7	None	?	orksgoffcardassets_assets_all.bundle
bae4001e0c73c40c7b3039d465bba89b	None	?	orksgoffcardassets_assets_all.bundle
bb76d96801c8f1d47b140a831b7985a6	None	?	orksgoffcardassets_assets_all.bundle
bb8c3fd1476f9044ba72a9a266d51d61	None	?	orksgoffcardassets_assets_all.bundle
bb91f29f9283c464cab8669c6888d5d0	None	?	orksgoffcardassets_assets_all.bundle
bd2fc387ceca57446b50a7a3548fa4b4	None	?	orksgoffcardassets_assets_all.bundle
beb74f5851ef84153a8898b1de9adc6c	None	?	orksgoffcardassets_assets_all.bundle
bee17fab0e6c7443c9dfa311e1e050f8	None	?	orksgoffcardassets_assets_all.bundle
beebc565ff2847449a0f8b66bfe05fa5	None	?	orksgoffcardassets_assets_all.bundle
bf91562d9c397ae4daeba83fbf54c258	None	?	orksgoffcardassets_assets_all.bundle
bfa4cc1f63161fe4abebf9b817b719d1	None	?	orksgoffcardassets_assets_all.bundle
bfb3ef93fee8ad94a8bcba314e1c1d67	None	?	orksgoffcardassets_assets_all.bundle
c09e1425bc6ae924280be15fbe451d35	None	?	orksgoffcardassets_assets_all.bundle
c131de3457bec8b48be553b805eeab3c	None	?	orksgoffcardassets_assets_all.bundle
c18e56cd6e7b3a04eb48e67c8e735649	None	?	orksgoffcardassets_assets_all.bundle
c344397a415db4e75bd74b8bc4d8fa72	None	?	orksgoffcardassets_assets_all.bundle
c3cef493648f8a24a8b0bbb4e45af6ac	None	?	orksgoffcardassets_assets_all.bundle
c55a1e4680bcbec469764502b91058a9	None	?	orksgoffcardassets_assets_all.bundle
c6b29115faacf9f409722a87b508dba0	None	?	orksgoffcardassets_assets_all.bundle
c857d5818eb8442eab9655877773d603	None	?	orksgoffcardassets_assets_all.bundle
c9fb753e99c28433cb797873250cb043	None	?	orksgoffcardassets_assets_all.bundle
ca033b8f0108c07499e0e8db4ac3cc7b	None	?	orksgoffcardassets_assets_all.bundle
ca4d0edd4cb0a534b906882462865efa	None	?	orksgoffcardassets_assets_all.bundle
cac6cc55d3b9b2e45ad63f10409329e3	None	?	orksgoffcardassets_assets_all.bundle
cbb2f2e46b47d40429b5015117196c4d	None	?	orksgoffcardassets_assets_all.bundle
cd7e200282fb04de78c4748898860391	None	?	orksgoffcardassets_assets_all.bundle
cecc17da904a3944997698ef2a3f9830	None	?	orksgoffcardassets_assets_all.bundle
d019f4303ce2db74db5615a5cb6e87d3	None	?	orksgoffcardassets_assets_all.bundle
d1609d8db43528440a20d2482be75b4a	None	?	orksgoffcardassets_assets_all.bundle
d1fba2b4b88234958ae126ed12427087	None	?	orksgoffcardassets_assets_all.bundle
d27cb9de0bf4baa43a2a263772ec2afe	None	?	orksgoffcardassets_assets_all.bundle
d37c0294a185a2349a31d898ab1f4d3d	None	?	orksgoffcardassets_assets_all.bundle
d5743d2508714874c94122323d7bd12e	None	?	orksgoffcardassets_assets_all.bundle
d6a211f6e82b1dd448a73285e189c6de	None	?	orksgoffcardassets_assets_all.bundle
d6d9da47fcd194edbbdbc1d7dfd9a14f	None	?	orksgoffcardassets_assets_all.bundle
d78a2910375544e4fadd1aba2cdcce4c	None	?	orksgoffcardassets_assets_all.bundle
d7949eb3e4fad48f7a8ce72ba5452e49	None	?	orksgoffcardassets_assets_all.bundle
d7ac47b314ff8254998a1c7a87ee0926	None	?	orksgoffcardassets_assets_all.bundle
dac5d99e3b6d12e4ba79a62a92b245cf	None	?	orksgoffcardassets_assets_all.bundle
db0208671b290574f85419ae26c531cb	None	?	orksgoffcardassets_assets_all.bundle
db1b203bb471c4bb59e31b51aba539ec	None	?	orksgoffcardassets_assets_all.bundle
db6520b3655c9b44880d9068b794642b	None	?	orksgoffcardassets_assets_all.bundle
dd09574e6b29744698de6a9026937922	None	?	orksgoffcardassets_assets_all.bundle
de33f665f3015ca428d30dfb6777d62c	None	?	orksgoffcardassets_assets_all.bundle
df753815fa32b42aba93343add462214	None	?	orksgoffcardassets_assets_all.bundle
e005f70f61f2f21439ff373f019edd23	None	?	orksgoffcardassets_assets_all.bundle
e0303e7159039db498f145ee6a934f10	None	?	orksgoffcardassets_assets_all.bundle
e121599687a6a489099e72302979e94e	None	?	orksgoffcardassets_assets_all.bundle
e1ced7d5f0cd81b4c9b1751dc6cf32d6	None	?	orksgoffcardassets_assets_all.bundle
e1e49dfec02b84093bc724092a887437	None	?	orksgoffcardassets_assets_all.bundle
e212407a953a13842990ac28a2756a14	None	?	orksgoffcardassets_assets_all.bundle
e2f1b2527ff2844cfbff87530632f637	None	?	orksgoffcardassets_assets_all.bundle
e4cdd4af15b1d374198567ebfe333062	None	?	orksgoffcardassets_assets_all.bundle
e5089a32aef5c954cb423c3cf05770a6	None	?	orksgoffcardassets_assets_all.bundle
e5dc1bd5ac35b44599baa934cb195b4e	None	?	orksgoffcardassets_assets_all.bundle
e6b3da0c221d141848056e79bea36c31	None	?	orksgoffcardassets_assets_all.bundle
e75392caa53574364985ce27c561c526	None	?	orksgoffcardassets_assets_all.bundle
e7b3ad59f416c4c26b2a6587f905a9c0	None	?	orksgoffcardassets_assets_all.bundle
e9828e0e46b66594cb6164c3fe24b7a3	None	?	orksgoffcardassets_assets_all.bundle
e9f21bf20b35ec7478768b8985108cda	None	?	orksgoffcardassets_assets_all.bundle
eaf837ffcfc0f03489f184b1a3a80528	None	?	orksgoffcardassets_assets_all.bundle
eb97fbb6510792b4794b5d01aaf63d96	None	?	orksgoffcardassets_assets_all.bundle
ebc2ff3c3c1da467bb44591f9337472b	None	?	orksgoffcardassets_assets_all.bundle
ec27ec47e88084a158d8dd0330bb7bad	None	?	orksgoffcardassets_assets_all.bundle
ed922c2ff21ee4238acd53d6a34a428c	None	?	orksgoffcardassets_assets_all.bundle
edb87fc898e3c47778b8d921bd704484	None	?	orksgoffcardassets_assets_all.bundle
ee565ad0a6146d342b5385ba1ac97a61	None	?	orksgoffcardassets_assets_all.bundle
ee5720f4454a1b3439de4b5e5e9f8048	None	?	orksgoffcardassets_assets_all.bundle
ee6a9ad2eeb2ea040b7f4bca5999bf5f	None	?	orksgoffcardassets_assets_all.bundle
ee93118ef68d444e191d90787e032644	None	?	orksgoffcardassets_assets_all.bundle
eee4da4155e19bb4e9ed23cc694d68c3	None	?	orksgoffcardassets_assets_all.bundle
ef5fad29d3a644715ad22f39ddff4579	None	?	orksgoffcardassets_assets_all.bundle
efcdc82be5c21c0489aceda129baa8f5	None	?	orksgoffcardassets_assets_all.bundle
effd3efea8dc48d4b9b00fdcf8d8ddf8	None	?	orksgoffcardassets_assets_all.bundle
f0b39df04182e4717a6e23e569244e2c	None	?	orksgoffcardassets_assets_all.bundle
f0eb7812507f53648bc11520325caaef	None	?	orksgoffcardassets_assets_all.bundle
f10a1f33ca2d530449880a786550068e	None	?	orksgoffcardassets_assets_all.bundle
f14693ffce71b1c45bd8a99f9b19faed	None	?	orksgoffcardassets_assets_all.bundle
f283b06257d4bfb4dab06c1dd0be6d2a	None	?	orksgoffcardassets_assets_all.bundle
f3c17bb90cf3c764fa2b0b71c3932423	None	?	orksgoffcardassets_assets_all.bundle
f3c8a4ccec4dba2498e261ae0a321cc2	None	?	orksgoffcardassets_assets_all.bundle
f3d0453ce638de649a6b5e961a110f5b	None	?	orksgoffcardassets_assets_all.bundle
f518722b137be70499a0104fe2b4c285	None	?	orksgoffcardassets_assets_all.bundle
f632b1d628fbdd349a37d04dddc20088	None	?	orksgoffcardassets_assets_all.bundle
fc8d551d7034c374bb336e6dcd72d686	None	?	orksgoffcardassets_assets_all.bundle
fd0cb18caa25a4d82b2acd65b7a85625	None	?	orksgoffcardassets_assets_all.bundle
fe327b526e5426e468c76a86f5b37316	None	?	orksgoffcardassets_assets_all.bundle
fe57300287ec24bbc8198770f1dff6ed	None	?	orksgoffcardassets_assets_all.bundle
fe76012430add4963aa3940dd5e588c1	None	?	orksgoffcardassets_assets_all.bundle
ff8574de5e18e724d8a5ac98f266fa33	None	?	orksgoffcardassets_assets_all.bundle
ff9e6a9c855b74e0aa3f0b85544951e5	None	?	orksgoffcardassets_assets_all.bundle
00af52622ccb97940a7268255843160b	None	?	prebuiltdecks_assets_all.bundle
018d842f5dd0adf4eb4dc7669270eb50	None	?	prebuiltdecks_assets_all.bundle
03238dd63a7cb51459009f11006b1e82	None	?	prebuiltdecks_assets_all.bundle
033fe787380203f418ed57f4a58c5027	None	?	prebuiltdecks_assets_all.bundle
06adf6f7746b2d04d9ba0c093f99aa7f	None	?	prebuiltdecks_assets_all.bundle
06ce693f46653c241872cd63768cb858	None	?	prebuiltdecks_assets_all.bundle
083319e5a1b4caf4d9df33b444a7e8b9	None	?	prebuiltdecks_assets_all.bundle
0a09c2fdb8fa2fc40aa74608d647e0ce	None	?	prebuiltdecks_assets_all.bundle
0a7702f3073784d409c0874d112f70a5	None	?	prebuiltdecks_assets_all.bundle
0a957d7b85cac6643a37160deb487e88	None	?	prebuiltdecks_assets_all.bundle
0ae6dc484ce9cb24589a8bd83b6234d7	None	?	prebuiltdecks_assets_all.bundle
0e79da45d02482048938edc199a2e77a	None	?	prebuiltdecks_assets_all.bundle
0e84b066491ca774e91a9b4037fca36c	None	?	prebuiltdecks_assets_all.bundle
10ecdbfe639186f4f987b71fb219e1fb	None	?	prebuiltdecks_assets_all.bundle
1279e4307fa5e7d4bbb2e148130bfbbf	None	?	prebuiltdecks_assets_all.bundle
1595fdc38aef8ba419a5f27ff5907c0e	None	?	prebuiltdecks_assets_all.bundle
1620388879692ff44bc0fa42e8c97101	None	?	prebuiltdecks_assets_all.bundle
1739f5e4d052c4287baaf542f618b18b	None	?	prebuiltdecks_assets_all.bundle
18480e7ed6d144b0eb70a1f190d38b7d	None	?	prebuiltdecks_assets_all.bundle
18bfd8ed3e044af44bbb5768f25ca2f1	None	?	prebuiltdecks_assets_all.bundle
195deeaea9d8a7e48ad720ae0bea2b03	None	?	prebuiltdecks_assets_all.bundle
1a2155606d8f4944cbc11cd1e5871693	None	?	prebuiltdecks_assets_all.bundle
1ab7fd4dca9d14a20b76be7e0181339e	None	?	prebuiltdecks_assets_all.bundle
1dd46ef0edaa93044b3210bb181a5028	None	?	prebuiltdecks_assets_all.bundle
1e54c189e5bb6a9418b3334a057695b4	None	?	prebuiltdecks_assets_all.bundle
20d1b5819007fae49a0864d07615d74a	None	?	prebuiltdecks_assets_all.bundle
2120940a4aa7848439acb14ce99f083f	None	?	prebuiltdecks_assets_all.bundle
227a64f1d3a254943858a6fb483e24e4	None	?	prebuiltdecks_assets_all.bundle
22870034e7cbf4f858e09c0a8ed6e14a	None	?	prebuiltdecks_assets_all.bundle
22b109154d5b68243a06193065ac4e68	None	?	prebuiltdecks_assets_all.bundle
2444ba28823a31f45812b55a0efd9a1f	None	?	prebuiltdecks_assets_all.bundle
246e91b9d9297dd4fab199c5d5575165	None	?	prebuiltdecks_assets_all.bundle
24be9abed46fa084e83f09ce30f3d712	None	?	prebuiltdecks_assets_all.bundle
24ea649ac5e8ba44e85c90e1fbbfa533	None	?	prebuiltdecks_assets_all.bundle
27c9fbeb00464ad4786a2b23f8f77c7b	None	?	prebuiltdecks_assets_all.bundle
28dfb8f4e06e27340a7761e8f77545cd	None	?	prebuiltdecks_assets_all.bundle
2920f88c86b609840931c572d5ae6e8f	None	?	prebuiltdecks_assets_all.bundle
29adc05ac8016eb4c8fdc94749992928	None	?	prebuiltdecks_assets_all.bundle
2a7848a5251020a408052e534be4d3d8	None	?	prebuiltdecks_assets_all.bundle
2afbefcaec2dab143b3501a9ab0d1ec3	None	?	prebuiltdecks_assets_all.bundle
2e06139f46318af4ebf6b3861540a43c	None	?	prebuiltdecks_assets_all.bundle
2eb590ae567489b42b3a3940dd67e46c	None	?	prebuiltdecks_assets_all.bundle
2f46ca0b073860b46b796e34c21a597a	None	?	prebuiltdecks_assets_all.bundle
31c060f4a8787004d9a956442c01ce24	None	?	prebuiltdecks_assets_all.bundle
34d1f08ae9fc92c429d2fe6d8b5252cd	None	?	prebuiltdecks_assets_all.bundle
35489285efaa0064a8d0772507579a73	None	?	prebuiltdecks_assets_all.bundle
3656c980aa0c8c94ba26ea8fa20bdab6	None	?	prebuiltdecks_assets_all.bundle
367de355868b940079f1df0186086a34	None	?	prebuiltdecks_assets_all.bundle
37666f1aa5ec8624db268f69e156e867	None	?	prebuiltdecks_assets_all.bundle
37ca8462cb15a74448f00262df4730ba	None	?	prebuiltdecks_assets_all.bundle
382e60f80fc69bf4185dd00e83e7f6ff	None	?	prebuiltdecks_assets_all.bundle
38ad3ede41a14b043976c9f11d14dc9b	None	?	prebuiltdecks_assets_all.bundle
38bad064ebd68534aa93167fb18d09a4	None	?	prebuiltdecks_assets_all.bundle
3be1a16438e8ee94280036c4a74cb8cf	None	?	prebuiltdecks_assets_all.bundle
3caa54e8b607f4641a08781b35490e0b	None	?	prebuiltdecks_assets_all.bundle
3cbaa835d630a204091b256a1bbb1b65	None	?	prebuiltdecks_assets_all.bundle
3f73a217644ca4f7c976ebc74ed760cf	None	?	prebuiltdecks_assets_all.bundle
40ae42f53734fbe4a9a587468196ea63	None	?	prebuiltdecks_assets_all.bundle
41c0ee433ce3a416bbb819d31ee4639b	None	?	prebuiltdecks_assets_all.bundle
42c07eacf68f31944a897eb68a1b3e7c	None	?	prebuiltdecks_assets_all.bundle
4430aca891ecff34689f6837262615f2	None	?	prebuiltdecks_assets_all.bundle
44b4ca3438f9741febadc614681c1f5b	None	?	prebuiltdecks_assets_all.bundle
4532bb1e52ded5147bd86d3d14d0767e	None	?	prebuiltdecks_assets_all.bundle
459b3ee0e4c7a42c786d70e308294c79	None	?	prebuiltdecks_assets_all.bundle
45c783eba7a03254a84322b8bb86d0a7	None	?	prebuiltdecks_assets_all.bundle
4639e70b380626f448e4d5e86aca5018	None	?	prebuiltdecks_assets_all.bundle
4b2737e90b24b664786da563cd248809	None	?	prebuiltdecks_assets_all.bundle
4ca7c68ec7e99426d9e58e49f13d8338	None	?	prebuiltdecks_assets_all.bundle
4e2e9e94234539246bba77208219d0c2	None	?	prebuiltdecks_assets_all.bundle
53ae5a13f9df64470815b8df48271229	None	?	prebuiltdecks_assets_all.bundle
549c397fbbfbf9c448d0283d30b6c4d3	None	?	prebuiltdecks_assets_all.bundle
56436149ee8bf584faf3680f71c7db7d	None	?	prebuiltdecks_assets_all.bundle
599e8c63cf808d64496a445b8422321b	None	?	prebuiltdecks_assets_all.bundle
5ae54410eb046e94a8d7b5f73787e477	None	?	prebuiltdecks_assets_all.bundle
5b7d715e2948c374b86cb22d7480a980	None	?	prebuiltdecks_assets_all.bundle
5d35b0134307f9048bb1ac0fbfedf8bb	None	?	prebuiltdecks_assets_all.bundle
5dc7b4e0f66b53646a29c89b60738aae	None	?	prebuiltdecks_assets_all.bundle
5de8c9efbbc9f5b409a3af84c85e4bd2	None	?	prebuiltdecks_assets_all.bundle
5e5e00563e4b84ab4b5160d545380242	None	?	prebuiltdecks_assets_all.bundle
5eaace3f80257c745b8c21fa1ad84110	None	?	prebuiltdecks_assets_all.bundle
5ef42fcc103ef0444a64eb6c385acdc5	None	?	prebuiltdecks_assets_all.bundle
60e1cf5cc5645c24da1621e6092374c6	None	?	prebuiltdecks_assets_all.bundle
61760f1d395579242af813d9b978188a	None	?	prebuiltdecks_assets_all.bundle
619dd881ed64f400b8d1a482d38af249	None	?	prebuiltdecks_assets_all.bundle
62094938846b340d882451c170687ecb	None	?	prebuiltdecks_assets_all.bundle
63574e6d733d2a44daf2cf9e0595f89f	None	?	prebuiltdecks_assets_all.bundle
64280e811090ae6479df1cc434b7f532	None	?	prebuiltdecks_assets_all.bundle
65ec89f0abafa40cf9515e850f3626a6	None	?	prebuiltdecks_assets_all.bundle
660f6e30edb6b4688aa0e814129f94b2	None	?	prebuiltdecks_assets_all.bundle
661c6cdfac0413e4e993ab8308008bd9	None	?	prebuiltdecks_assets_all.bundle
665869bde3ccd8440aad259a2f80cb35	None	?	prebuiltdecks_assets_all.bundle
665cbc337d8d445cda40300865c91c71	None	?	prebuiltdecks_assets_all.bundle
66bcd87c5b7bf9a4b9b284143aadd29c	None	?	prebuiltdecks_assets_all.bundle
67a737c87add1324998148684ca0e721	None	?	prebuiltdecks_assets_all.bundle
682b44ef64d6bb4448e0178dfce278f6	None	?	prebuiltdecks_assets_all.bundle
68983165e9bd7d549b3a30832369dd63	None	?	prebuiltdecks_assets_all.bundle
69106f26e16fef5449dbbe2172c0d563	None	?	prebuiltdecks_assets_all.bundle
6a91cc86e64eac3498690eabacaa942a	None	?	prebuiltdecks_assets_all.bundle
6aadd1e94f0ca214d8d2c0ca44440f98	None	?	prebuiltdecks_assets_all.bundle
6ca1419401e3e4bff8df1395474d9766	None	?	prebuiltdecks_assets_all.bundle
6cbaa3938decf4b78bbada409890e16d	None	?	prebuiltdecks_assets_all.bundle
6cd249407b928984a889bbdbb3d30419	None	?	prebuiltdecks_assets_all.bundle
6d1688671e778d043918c9aa2fa78947	None	?	prebuiltdecks_assets_all.bundle
6d35601a58f46a942ad858ee16e2b593	None	?	prebuiltdecks_assets_all.bundle
6db257cb9e02a8940a4f7d2a5b50a1e3	None	?	prebuiltdecks_assets_all.bundle
6dd2355bae5d94ecba527cec2b1613a6	None	?	prebuiltdecks_assets_all.bundle
6f8e9f9d0994a0648a5bdcfb2c066046	None	?	prebuiltdecks_assets_all.bundle
6f996a1eaf4c5b948aa0a75ab9b435bb	None	?	prebuiltdecks_assets_all.bundle
6fab340f95fd48c4fa6403fb45a7846a	None	?	prebuiltdecks_assets_all.bundle
6fc0c29b2e7a2b240a0eb6ca7cde5ac3	None	?	prebuiltdecks_assets_all.bundle
72937270ea2964344b136c38b5309430	None	?	prebuiltdecks_assets_all.bundle
72fafcfbf83a98f49b3246e7a68475f9	None	?	prebuiltdecks_assets_all.bundle
74020c5b98342da4e8348d29aa99cb14	None	?	prebuiltdecks_assets_all.bundle
74b1f09a387f43b4685346151029ab16	None	?	prebuiltdecks_assets_all.bundle
75b1d3c87f257c74c95e657c73cc812c	None	?	prebuiltdecks_assets_all.bundle
78312192a95d04cfba1a42e8dbe66cbb	None	?	prebuiltdecks_assets_all.bundle
79140c7cf6ef54a99811b5b416fab1c2	None	?	prebuiltdecks_assets_all.bundle
79f24cffa038d43cc8bbc604f0085595	None	?	prebuiltdecks_assets_all.bundle
7a1a6953d82295742b87fc39f6f09ce1	None	?	prebuiltdecks_assets_all.bundle
7a5a61f37cebd4c3c96d7a4c92a4ff1c	None	?	prebuiltdecks_assets_all.bundle
7b72079d48f0790429f2abebcbfc1882	None	?	prebuiltdecks_assets_all.bundle
7e41fbd82e9d84849b1fccfed6c014bb	None	?	prebuiltdecks_assets_all.bundle
7e6db923d5e38410da149cd5fcea6332	None	?	prebuiltdecks_assets_all.bundle
7edcfd487a11e46048e38849b7d55c71	None	?	prebuiltdecks_assets_all.bundle
8023ca76bb48ba5499f96155421ae092	None	?	prebuiltdecks_assets_all.bundle
8139e2c932721f44695e41fd6d34223c	None	?	prebuiltdecks_assets_all.bundle
816511a9f2f5e405e8b4a382034a10ad	None	?	prebuiltdecks_assets_all.bundle
81b127da2cc049545bfef7eee5e23714	None	?	prebuiltdecks_assets_all.bundle
827abca5c0fea034ea7da6bf9a1b6187	None	?	prebuiltdecks_assets_all.bundle
82dc5f54e9bf950419a7233b6a7a2165	None	?	prebuiltdecks_assets_all.bundle
869e2b1bcb001a449beb5c4008c7ab1d	None	?	prebuiltdecks_assets_all.bundle
86bcea02146a53942ab92a3c8ac04122	None	?	prebuiltdecks_assets_all.bundle
87e94a5ac8014be4b8bcbf45c7a00a24	None	?	prebuiltdecks_assets_all.bundle
8913e929516bdfc46847fe79d5c90195	None	?	prebuiltdecks_assets_all.bundle
89f0bca5a10f946e687432ef7c867d63	None	?	prebuiltdecks_assets_all.bundle
8a4f6c5e439cb4544a9571d54917461a	None	?	prebuiltdecks_assets_all.bundle
8ac665d1d36e24a1da94cd87772ab7e9	None	?	prebuiltdecks_assets_all.bundle
8c9e7b185ce76405fbe5d035eb1d2da5	None	?	prebuiltdecks_assets_all.bundle
908726e264d087b44b498ec016aadf44	None	?	prebuiltdecks_assets_all.bundle
90ec4730575cf8b478b47b572ac4c9ee	None	?	prebuiltdecks_assets_all.bundle
930be3f2c88e022478131299fab94d3f	None	?	prebuiltdecks_assets_all.bundle
930cbe108b77348adb4b0a3b29873f92	None	?	prebuiltdecks_assets_all.bundle
943415f5e1fc74120aca6c04963277b3	None	?	prebuiltdecks_assets_all.bundle
9700118c8827db240ac0d1537ccfc7bc	None	?	prebuiltdecks_assets_all.bundle
9704bb82cd7224c1ca43122236623943	None	?	prebuiltdecks_assets_all.bundle
9774424d61359499d85f9cd4097a9294	None	?	prebuiltdecks_assets_all.bundle
99246b2d05a2d72448a2bb4c55e18b48	None	?	prebuiltdecks_assets_all.bundle
99adaafe6a1515041b09b06262e31770	None	?	prebuiltdecks_assets_all.bundle
99e56f1ec2f9169489ce548861cdb13c	None	?	prebuiltdecks_assets_all.bundle
9a42a76d828bae24ca4444b45c2f2ca4	None	?	prebuiltdecks_assets_all.bundle
9a462cf4f3bd2744c90b75cc33ae0209	None	?	prebuiltdecks_assets_all.bundle
9aa55e7e60540334fa587e2b580e4360	None	?	prebuiltdecks_assets_all.bundle
9dbc52cb3a4b4394a90b59dfc0fdac08	None	?	prebuiltdecks_assets_all.bundle
9dc7371f77c8fd54ab638524ea57c317	None	?	prebuiltdecks_assets_all.bundle
a0c942da9de966843b0a90724ece4d95	None	?	prebuiltdecks_assets_all.bundle
a13ee59456a4c704d8e5584907245ee9	None	?	prebuiltdecks_assets_all.bundle
a380b5e95ab62a642a0d44a252ad14f6	None	?	prebuiltdecks_assets_all.bundle
a3f7d0c99a78d9547893a6b43cb27cc3	None	?	prebuiltdecks_assets_all.bundle
a46d1cd77a5ecba489ed80609b52c6d6	None	?	prebuiltdecks_assets_all.bundle
a4be78f508c3d6f40b76825fade80b3d	None	?	prebuiltdecks_assets_all.bundle
a53bb3fa28a6b044e98b0310e27f3429	None	?	prebuiltdecks_assets_all.bundle
a6090d670f7a44b349bebb91424619aa	None	?	prebuiltdecks_assets_all.bundle
a6d5a490be054a54cb3dcd54c7ab1f4a	None	?	prebuiltdecks_assets_all.bundle
a76079426444949a19214489a9ba151d	None	?	prebuiltdecks_assets_all.bundle
aaec6b6fa9760bd48bc0c38e20246a18	None	?	prebuiltdecks_assets_all.bundle
ac3015971c97aa54fb3438409696b7e7	None	?	prebuiltdecks_assets_all.bundle
acfdf5f79f9644d94921e3339dc3239f	None	?	prebuiltdecks_assets_all.bundle
ad127723736aa054ea803cb71b69e492	None	?	prebuiltdecks_assets_all.bundle
ad4b13184120a994ea8d2a617cc9e1a3	None	?	prebuiltdecks_assets_all.bundle
ad5cb854f04ea7d4da3741dcc9a5485e	None	?	prebuiltdecks_assets_all.bundle
ae9def46eb13bbf4eb9bd599e141f67a	None	?	prebuiltdecks_assets_all.bundle
af23929a0b043a64ea14d304a1df8a24	None	?	prebuiltdecks_assets_all.bundle
af9390c4f48644357859e2c6d3b4e9c2	None	?	prebuiltdecks_assets_all.bundle
b145db8c1af10e44a87e3fec8d3cd511	None	?	prebuiltdecks_assets_all.bundle
b286ecb290b3f1348b8f4d8eca7fd0e5	None	?	prebuiltdecks_assets_all.bundle
b3544ef27744df643a665240e4f76960	None	?	prebuiltdecks_assets_all.bundle
b3a915b74bd4e75479e67d9438faf407	None	?	prebuiltdecks_assets_all.bundle
b3e7449c96360214e822e3de4e8a03a8	None	?	prebuiltdecks_assets_all.bundle
b413b9d68894345cba70c2fc1658956c	None	?	prebuiltdecks_assets_all.bundle
b662e265bd689db41b8514198c4b3e07	None	?	prebuiltdecks_assets_all.bundle
b68bc693896a9ff40ae6e023577820c7	None	?	prebuiltdecks_assets_all.bundle
b94bcbe4415f087429bbce530506ea66	None	?	prebuiltdecks_assets_all.bundle
b96dbbfcf2f532d448ad7909eef554e1	None	?	prebuiltdecks_assets_all.bundle
bb19b063fd49d43bd8e1f1b20f82e963	None	?	prebuiltdecks_assets_all.bundle
bbb0b25c8665d13488087eab3d44c459	None	?	prebuiltdecks_assets_all.bundle
bbb9c6fb6fe7ded468deb3bb5af074ab	None	?	prebuiltdecks_assets_all.bundle
bd1dafeff28a90d4fbfb85f41cbb88a0	None	?	prebuiltdecks_assets_all.bundle
bf93f8c43270bef45800415a662194e9	None	?	prebuiltdecks_assets_all.bundle
bfa991781c903cb45abf643bd7f421fe	None	?	prebuiltdecks_assets_all.bundle
c25468ec9d65cec4baca58554df5cede	None	?	prebuiltdecks_assets_all.bundle
c3c6c601ec94cf14f9e2b2e9b29300ff	None	?	prebuiltdecks_assets_all.bundle
c5daf0b92e789fe44b417f5b8c2184e3	None	?	prebuiltdecks_assets_all.bundle
c83569566a11e5c48ac2fc69ccff24e2	None	?	prebuiltdecks_assets_all.bundle
c89d1cee426e5594996c0b0f8a41df6e	None	?	prebuiltdecks_assets_all.bundle
c932edaf65fe63545be771cc137864ba	None	?	prebuiltdecks_assets_all.bundle
c9ca7859775204a42b115d38d11da9a2	None	?	prebuiltdecks_assets_all.bundle
cb16b3981d8f7194b869c6e77a5c1dd5	None	?	prebuiltdecks_assets_all.bundle
ce979315960ec8d48b1bf4196a35c460	None	?	prebuiltdecks_assets_all.bundle
cef9706b0e1d9e344a05c5f300108f97	None	?	prebuiltdecks_assets_all.bundle
cfe49ec8bfbba004992184c40ee9a68b	None	?	prebuiltdecks_assets_all.bundle
d23d07a05431aba4ead08de7dfa36128	None	?	prebuiltdecks_assets_all.bundle
d29a2a375bc90b7469aded0c58387965	None	?	prebuiltdecks_assets_all.bundle
d42f5349d26d6174298524e312197cfc	None	?	prebuiltdecks_assets_all.bundle
d5efef32864d347ed801e131e6770264	None	?	prebuiltdecks_assets_all.bundle
d5f410bd8215f464aafb2e2d8c650e89	None	?	prebuiltdecks_assets_all.bundle
d65ae9226492d4828816338b81ef0765	None	?	prebuiltdecks_assets_all.bundle
d7e4e38be6d8f204580573a417efd4b7	None	?	prebuiltdecks_assets_all.bundle
d8f5f7c8e80d1514c83b2192dba42c72	None	?	prebuiltdecks_assets_all.bundle
d95c164c9024c4343a6e0633789745a1	None	?	prebuiltdecks_assets_all.bundle
daf8e0eb5137e024ca9035e3e9154d96	None	?	prebuiltdecks_assets_all.bundle
db57e7f0d7d894dbca2bea209863a1d0	None	?	prebuiltdecks_assets_all.bundle
dcb008d9576dcbb45ba72ae8a3189583	None	?	prebuiltdecks_assets_all.bundle
dcc440cfb97a38c41a8bec89d5f7eebe	None	?	prebuiltdecks_assets_all.bundle
dedae354035324a4981b6a8f07fcf72a	None	?	prebuiltdecks_assets_all.bundle
df2ae88d49551c540bc67b73ff3f2678	None	?	prebuiltdecks_assets_all.bundle
e1846262143d7b442be819b0ae9ae35b	None	?	prebuiltdecks_assets_all.bundle
e1e51c7d60b644baaa2dc4f3b4a08b30	None	?	prebuiltdecks_assets_all.bundle
e1fb51c8a410b2d409fb8d529f006e60	None	?	prebuiltdecks_assets_all.bundle
ea19f0245f20943ec985e3a0edfb801d	None	?	prebuiltdecks_assets_all.bundle
ea6613de93ffb4e2ab6b022d6a69753e	None	?	prebuiltdecks_assets_all.bundle
ebac1b2d728552b428860a3f8c56ac49	None	?	prebuiltdecks_assets_all.bundle
ebffb4f84edd1cd468980b65b3ec1fce	None	?	prebuiltdecks_assets_all.bundle
ee09766d9e725c24cad45ffba3c8de50	None	?	prebuiltdecks_assets_all.bundle
f016e5032de01470694981af7808411d	None	?	prebuiltdecks_assets_all.bundle
f14873f7ca8c8c34a996cc9c2ad0ef38	None	?	prebuiltdecks_assets_all.bundle
f183bbeeac540914bb3feede24e5933d	None	?	prebuiltdecks_assets_all.bundle
f218faafe8b5243658a24381986aab7c	None	?	prebuiltdecks_assets_all.bundle
f21e7e4dbf87a734cab21e69c3fe950a	None	?	prebuiltdecks_assets_all.bundle
f4a9a81d38305a741bb0bb606c40993e	None	?	prebuiltdecks_assets_all.bundle
f4fba5377b0e5ec45aea10ee8174eefe	None	?	prebuiltdecks_assets_all.bundle
f506c08cf7b6a4e4789653f9e923e233	None	?	prebuiltdecks_assets_all.bundle
f635fce9c17de86469bf6f29fdac136c	None	?	prebuiltdecks_assets_all.bundle
f834e1d0c831177409782794dc3293ae	None	?	prebuiltdecks_assets_all.bundle
fb3c0a6cf770444f0829bc83222c48ed	None	?	prebuiltdecks_assets_all.bundle
fdb6cbf1cf79a3545b43ee732b5ccce3	None	?	prebuiltdecks_assets_all.bundle
ff6995f707501474c957b64c2b18e830	None	?	prebuiltdecks_assets_all.bundle
06f63a9c019a4464283bdad006d9b87d	None	?	rankeddivisionicons_assets_all.bundle
225606b26794d4c83ab1ea0b584774e4	None	?	rankeddivisionicons_assets_all.bundle
46c79894a8b3441a796387317c280306	None	?	rankeddivisionicons_assets_all.bundle
49724dc857ad546ccbe73558f10709ea	None	?	rankeddivisionicons_assets_all.bundle
52405d3262cb443c0b7401b90b025a3b	None	?	rankeddivisionicons_assets_all.bundle
541a2e07625804b1482d2e9522581ef6	None	?	rankeddivisionicons_assets_all.bundle
80afab2fba6a24751815c6f864b8bfd6	None	?	rankeddivisionicons_assets_all.bundle
b075dd3b7593c408692ddfd17a74cc3f	None	?	rankeddivisionicons_assets_all.bundle
bbe7723dd016d41eb88cd80d19b01178	None	?	rankeddivisionicons_assets_all.bundle
c8be32f4f4efa4b2c9289c48aa489201	None	?	rankeddivisionicons_assets_all.bundle
cfab7727194ea472e831a769576cc6dc	None	?	rankeddivisionicons_assets_all.bundle
ee72f98c981bd4bcbb45c6ff2fa07502	None	?	rankeddivisionicons_assets_all.bundle
f4304ddc1ffdf474ebc30bfba3c7a914	None	?	rankeddivisionicons_assets_all.bundle
Assets/Data/Scenes/Battle Scenarios/Battle Arena 1.unity	None	?	scenes_scenes_battlearena1.bundle
Assets/Data/Scenes/Battle Scenarios/Battle Arena 2.unity	None	?	scenes_scenes_battlearena2.bundle
Assets/Data/Scenes/Battle Scenarios/Battle Arena 3.unity	None	?	scenes_scenes_battlearena3.bundle
Assets/Data/Scenes/Battle Scenarios/Battle Arena Aeldari.unity	None	?	scenes_scenes_battlearenaaeldari.bundle
Assets/Data/Scenes/Battle Scenarios/Battle Arena Astra Militarum.unity	None	?	scenes_scenes_battlearenaastramilitarum.bundle
Assets/Data/Scenes/Battle Scenarios/Battle Arena Black Legion.unity	None	?	scenes_scenes_battlearenablacklegion.bundle
Assets/Data/Scenes/Battle Scenarios/Battle Arena Dark Angels.unity	None	?	scenes_scenes_battlearenadarkangels.bundle
Assets/Data/Scenes/Battle Scenarios/Battle Arena Emperors Children.unity	None	?	scenes_scenes_battlearenaemperorschildren.bundle
Assets/Data/Scenes/Battle Scenarios/Battle Arena Genestealers.unity	None	?	scenes_scenes_battlearenagenestealers.bundle
Assets/Data/Scenes/Battle Scenarios/Battle Arena Leviathan.unity	None	?	scenes_scenes_battlearenaleviathan.bundle
Assets/Data/Scenes/Battle Scenarios/Battle Arena Sororitas.unity	None	?	scenes_scenes_battlearenasororitas.bundle
Assets/Data/Scenes/Battle Scenarios/Battle Arena Space Wolves.unity	None	?	scenes_scenes_battlearenaspacewolves.bundle
Assets/Data/Scenes/Battle Scenarios/Battle Arena Tau Viorla.unity	None	?	scenes_scenes_battlearenatauviorla.bundle
Assets/Data/Scenes/MainMenu Warpforge.unity	None	?	scenes_scenes_mainmenuwarpforge.bundle
Assets/Data/Scenes/Transition Scenes/Simple Transition.unity	None	?	scenes_scenes_simpletransition.bundle
0389393bcdfbd4112a25c16c5d7cf5c6	None	?	shaders_assets_all.bundle
0406db5a14f94604a8c57ccfbc9f3b46	None	?	shaders_assets_all.bundle
057b3856332f0456188a88b218ad1326	None	?	shaders_assets_all.bundle
09d495b0908e84586990e156eac26233	None	?	shaders_assets_all.bundle
0f70bcac8d86d4a2ab32743a757e989a	None	?	shaders_assets_all.bundle
119980b11454544b89807856ebde5f06	None	?	shaders_assets_all.bundle
2a59e0f3a3782486b8b3b8dda036f22d	None	?	shaders_assets_all.bundle
3446a6a471c5c4021bd33dd397f08b6f	None	?	shaders_assets_all.bundle
36e335017ad71d54fbb10842863188ae	None	?	shaders_assets_all.bundle
409834a7b461442b998a772f294d235c	None	?	shaders_assets_all.bundle
4987b9530a35c4d5a874af7f7ecc0ef4	None	?	shaders_assets_all.bundle
4db1d4ea4825b4f56b26dea1ad4b0e64	None	?	shaders_assets_all.bundle
4dc049b57abdc44a4bd901e99bde95fd	None	?	shaders_assets_all.bundle
5e189772b3ae243cf84a12caf80c5e1c	None	?	shaders_assets_all.bundle
650dd9526735d5b46b79224bc6e94025	None	?	shaders_assets_all.bundle
6624811b127b2447a94afcf9edae6673	None	?	shaders_assets_all.bundle
6dbe0042cb87f4b729717b70ea2c7c91	None	?	shaders_assets_all.bundle
76287733edf5b4cda821cafa895e7c1f	None	?	shaders_assets_all.bundle
76916a335fe824b12b6ac054a7052628	None	?	shaders_assets_all.bundle
7a7375b839bcd4358a34388d4028954c	None	?	shaders_assets_all.bundle
7d9e2a443542343e5ad306f1fc250fff	None	?	shaders_assets_all.bundle
8129bc480ec2e45bb83a29ddbdf652fa	None	?	shaders_assets_all.bundle
84c19fd88336841b8acfd54ebc20be26	None	?	shaders_assets_all.bundle
894b6787ecb29428ba8e9c14c4a39f18	None	?	shaders_assets_all.bundle
908a5b774fff04cbbb713496c16325fc	None	?	shaders_assets_all.bundle
933532a4fcc9baf4fa0491de14d08ed7	None	?	shaders_assets_all.bundle
9e119372519374c758e1bb89f134fde8	None	?	shaders_assets_all.bundle
9ecc0b27918804fefadfaa4b5a63b8f7	None	?	shaders_assets_all.bundle
9ed9c3888b7ac4404b88dbce90d2defb	None	?	shaders_assets_all.bundle
a1469b087964b4b08a3c67c8daeddfde	None	?	shaders_assets_all.bundle
a1cb33467f07c4124a9d5652ec480a9d	None	?	shaders_assets_all.bundle
ac4777cf5fbc544438012a4bf478b6c9	None	?	shaders_assets_all.bundle
b561210ac1934488e9c22d3d1c8e18d5	None	?	shaders_assets_all.bundle
b566751645e86d4409d7ee277d60a0ab	None	?	shaders_assets_all.bundle
c0d3a360ee70446d0ba1803ae6d05462	None	?	shaders_assets_all.bundle
c3189efefa0c44d70a9186c7dd234bb4	None	?	shaders_assets_all.bundle
c4556cf50b7d94c2e8104377be230b32	None	?	shaders_assets_all.bundle
cb2b17b363550487989187f55a68f7fb	None	?	shaders_assets_all.bundle
d331b23a2c64740568bbacdab1c8eb1f	None	?	shaders_assets_all.bundle
d4f81dc1b7b514ebfa8c7fe8024925d3	None	?	shaders_assets_all.bundle
e16c16d7dd7a04892a8628c23d896d0e	None	?	shaders_assets_all.bundle
e6e9a19c3678ded42a3bc431ebef7dbd	None	?	shaders_assets_all.bundle
ecfa8f5732b504ef98fba10aa18d0326	None	?	shaders_assets_all.bundle
f5ac77169d40b434cb66d298f4c4679e	None	?	shaders_assets_all.bundle
0286a586dc2ff56459033858070ec188	None	?	sororitascardanims_assets_all.bundle
057ddcdd1312f3e439e161ac636ef394	None	?	sororitascardanims_assets_all.bundle
076124e57d0c48441bf3a72ea11ac4f6	None	?	sororitascardanims_assets_all.bundle
1ea1470ae63056042b97c602fa820160	None	?	sororitascardanims_assets_all.bundle
1ee3bd202b033264994a03b1e7e13273	None	?	sororitascardanims_assets_all.bundle
273bb79fcfedc8848bf4729c288bc4da	None	?	sororitascardanims_assets_all.bundle
2ffa7fa3583d1de49bb7a2b2713fea98	None	?	sororitascardanims_assets_all.bundle
33ed44de5f65e394ca17c18c8562c582	None	?	sororitascardanims_assets_all.bundle
37f8eb7d2eb62b34e860f7c4c65b5d88	None	?	sororitascardanims_assets_all.bundle
47ba31304daf8354ab2974bff1caf6c8	None	?	sororitascardanims_assets_all.bundle
586c52d5d5b214c48a6a55972c2960c0	None	?	sororitascardanims_assets_all.bundle
5870349aaf4c53b43a0ffe12b1d4d8ff	None	?	sororitascardanims_assets_all.bundle
62e2cc62cdfecef4a90fed2e2443367d	None	?	sororitascardanims_assets_all.bundle
6d6ae4a00bb258840a6744fa3427e9f6	None	?	sororitascardanims_assets_all.bundle
765006f412a23bf4696533d6ca54fee9	None	?	sororitascardanims_assets_all.bundle
78c4341a1a406cc49a801c2fab784181	None	?	sororitascardanims_assets_all.bundle
9498f4b425e8b8c488c0692f3aae202d	None	?	sororitascardanims_assets_all.bundle
9c3d8c9436d491a4a8544bf4307fb8db	None	?	sororitascardanims_assets_all.bundle
aea3fa34a5d6d3547a9b3433762d7b99	None	?	sororitascardanims_assets_all.bundle
b3797d11b15104c08ae6126bd61bd1d0	None	?	sororitascardanims_assets_all.bundle
b3bb91353a324384a929fb63e2a32553	None	?	sororitascardanims_assets_all.bundle
b413dcf9e903ea84990b97cd2feed278	None	?	sororitascardanims_assets_all.bundle
b4819b6cd564b3a4ebc9399b54e4c58f	None	?	sororitascardanims_assets_all.bundle
c132f5eaf7a59184caf8b9df8ea6284c	None	?	sororitascardanims_assets_all.bundle
c2fffc76d14c1c347bb26977b191bf0d	None	?	sororitascardanims_assets_all.bundle
caf004d4002ad0348a93e02a1931dd35	None	?	sororitascardanims_assets_all.bundle
cda7e3de55bfcc449905ebab0616e88d	None	?	sororitascardanims_assets_all.bundle
d899d3176fe70b3459a94e1cff174e63	None	?	sororitascardanims_assets_all.bundle
e820b3aebc387ae439d94c6165aa07d2	None	?	sororitascardanims_assets_all.bundle
e9e840c0198637845b1d3ab2f662563e	None	?	sororitascardanims_assets_all.bundle
ee60e6869078f9248a6e4e23bc43d1a2	None	?	sororitascardanims_assets_all.bundle
efcd5c006eab1324ab7317c5fb4e0c82	None	?	sororitascardanims_assets_all.bundle
f4285b7c30e9a6c48abf4b3eeee789b3	None	?	sororitascardanims_assets_all.bundle
f71598a3e3617ff44bad5306ac501ca6	None	?	sororitascardanims_assets_all.bundle
0363cc5d0b18f3e4ba6f96c46e1bca72	None	?	sororitascardassets_assets_all.bundle
03cee6f4dbe8e4148b63449796750a40	None	?	sororitascardassets_assets_all.bundle
055531d6c45c7d845aa214ea5a32407a	None	?	sororitascardassets_assets_all.bundle
05efd02cb28725f43888b6472c558e76	None	?	sororitascardassets_assets_all.bundle
09bc7cdd257b9a04fa2a6dfa9fa8c337	None	?	sororitascardassets_assets_all.bundle
0ace41a1ebf064761854255998fa4792	None	?	sororitascardassets_assets_all.bundle
0d3025ec199b4b2419524324973e2d20	None	?	sororitascardassets_assets_all.bundle
0d572306b65b5439ca91272d380ab491	None	?	sororitascardassets_assets_all.bundle
0dd2f07acb29f4c3891c346c5ac2dc0d	None	?	sororitascardassets_assets_all.bundle
10d42e32615c15f4697f8e7b0f9de174	None	?	sororitascardassets_assets_all.bundle
11932fb6276914727ac4aa107b6e9f1c	None	?	sororitascardassets_assets_all.bundle
1306471cb2f32e742a53395a3c9acf3e	None	?	sororitascardassets_assets_all.bundle
15f972a5fb0c94dcda2e2e2f8ea5ae3b	None	?	sororitascardassets_assets_all.bundle
1965c3be56b304ef5ab59bd9a138be53	None	?	sororitascardassets_assets_all.bundle
19d1ece55d02c42b9bcad74fb969bea7	None	?	sororitascardassets_assets_all.bundle
1a72bb4d39ba94c84b616f9ac944a5cc	None	?	sororitascardassets_assets_all.bundle
1e2b9a6c4499e42dcaefe5df9dbb3515	None	?	sororitascardassets_assets_all.bundle
1f98a3fea68f26b42a84755b7e688fca	None	?	sororitascardassets_assets_all.bundle
20caad08e2993a64ba144ca5775b6ef5	None	?	sororitascardassets_assets_all.bundle
21616273685d3bd41b21ee4b13fd494f	None	?	sororitascardassets_assets_all.bundle
2236f19a0a47f76489a0193710fd155a	None	?	sororitascardassets_assets_all.bundle
236a6f6193ec9a04bac1b7890c8d3080	None	?	sororitascardassets_assets_all.bundle
2549b7bf67b3f45f597ab4df07c7db6c	None	?	sororitascardassets_assets_all.bundle
2622b21763998e84ba884fd36bed7c41	None	?	sororitascardassets_assets_all.bundle
2662c86b9abdc42339e4f886a692ec7f	None	?	sororitascardassets_assets_all.bundle
27622e88a29681d458f360caa5271bdb	None	?	sororitascardassets_assets_all.bundle
2802efaa37d76274cb11e5c55dde44ce	None	?	sororitascardassets_assets_all.bundle
2827ad800c23b6a4da8f5eed9b0b2adf	None	?	sororitascardassets_assets_all.bundle
290948d8a4ad54f339ea895b4bd8bda3	None	?	sororitascardassets_assets_all.bundle
298551e0a41e54289a86dcacd44f3d29	None	?	sororitascardassets_assets_all.bundle
29f9f1f8dc3045843b4def18738e03e8	None	?	sororitascardassets_assets_all.bundle
2bdec4110c9b44940bb573747a98d2eb	None	?	sororitascardassets_assets_all.bundle
2c015fac5ca91b141a4c309fde8258d7	None	?	sororitascardassets_assets_all.bundle
2ddb2ff5df8a9475085c332258efc860	None	?	sororitascardassets_assets_all.bundle
2e83ced513ce690418c943c0b95d01fd	None	?	sororitascardassets_assets_all.bundle
2f40b27d2c8ffc04080c40465fd761cb	None	?	sororitascardassets_assets_all.bundle
2fada550487b8014c931e9aa6d488e37	None	?	sororitascardassets_assets_all.bundle
2fbfdc358bc82154da13307ebb01b0df	None	?	sororitascardassets_assets_all.bundle
2feadcd012e6344a5bd11beb0a1513fd	None	?	sororitascardassets_assets_all.bundle
308f4639d1a014a43af1f469502c04a6	None	?	sororitascardassets_assets_all.bundle
30c8ec05490d2480ab7be1a1897edc6f	None	?	sororitascardassets_assets_all.bundle
31d89eb23bf667c40997b6f790f42d6e	None	?	sororitascardassets_assets_all.bundle
3245fde184dd8bd4fb452fa05d665fb9	None	?	sororitascardassets_assets_all.bundle
32d536062b69e4a6b86af5c6580ab12b	None	?	sororitascardassets_assets_all.bundle
32e9375ff30c0401496e7ca582f520cf	None	?	sororitascardassets_assets_all.bundle
3351bb97976d9874188034ce5bc0cc1b	None	?	sororitascardassets_assets_all.bundle
34eee1dae5cca4ccea93563abce35be4	None	?	sororitascardassets_assets_all.bundle
3550f86c41beb86409928f298aee70c4	None	?	sororitascardassets_assets_all.bundle
365d2b3cd70337b4ebfc044a6f747b43	None	?	sororitascardassets_assets_all.bundle
371ade703abef421c98e0695bbb06838	None	?	sororitascardassets_assets_all.bundle
386e491d9a94242e18fdb4dbd9a7b4ce	None	?	sororitascardassets_assets_all.bundle
3b45e9164e351af4c8fac6bff745808e	None	?	sororitascardassets_assets_all.bundle
3b9ee627014f78f4498befa62d704047	None	?	sororitascardassets_assets_all.bundle
3bdab048ca439f1478feadd39020658a	None	?	sororitascardassets_assets_all.bundle
3c3fb0e1097934067a38109b314d43cf	None	?	sororitascardassets_assets_all.bundle
3d52be6d3da284aa08644801b0b23c13	None	?	sororitascardassets_assets_all.bundle
3d64909b2aa124185a0f59a8ebb6d874	None	?	sororitascardassets_assets_all.bundle
3de49df0867516b4c89acbe91a781840	None	?	sororitascardassets_assets_all.bundle
3ed77acec978e44b2abe076674394040	None	?	sororitascardassets_assets_all.bundle
3f6aefccbf08fb940a293353c251060e	None	?	sororitascardassets_assets_all.bundle
40a032fe4eae543f7b7b25439a8f0d9d	None	?	sororitascardassets_assets_all.bundle
4216cb96b27f84831b492bdec8a11b3f	None	?	sororitascardassets_assets_all.bundle
42a8eeca616a8481a8453fc5c866a126	None	?	sororitascardassets_assets_all.bundle
4499683d462c7ac44a5b43470b427820	None	?	sororitascardassets_assets_all.bundle
47916dfe5766b0f499aedc79e6ddb87f	None	?	sororitascardassets_assets_all.bundle
48a7a6866ec294150be2cdd2acea03d0	None	?	sororitascardassets_assets_all.bundle
4a04c5c0473d7874ba12a983dc008e7e	None	?	sororitascardassets_assets_all.bundle
4c478223313ca5b4db7c80f2901b7a37	None	?	sororitascardassets_assets_all.bundle
4c9970eeafc2e415c9e0c7f62f4930a2	None	?	sororitascardassets_assets_all.bundle
4d210377284804ec39aec7fd8cc04283	None	?	sororitascardassets_assets_all.bundle
4d34f5f17983fd240b4bacebc969ef85	None	?	sororitascardassets_assets_all.bundle
4eb4dfb7a859ef047aa5e213d911e1c9	None	?	sororitascardassets_assets_all.bundle
4fb5ecd6746c26d48b71db74f5bd3e5d	None	?	sororitascardassets_assets_all.bundle
516e6870bcff00b44bba9d3263d343dd	None	?	sororitascardassets_assets_all.bundle
52235e49c592c43faa7d0331b7282a80	None	?	sororitascardassets_assets_all.bundle
53c0d2c41dd0efd42948af46b051b3d9	None	?	sororitascardassets_assets_all.bundle
55aae2f1de57e47bd88b57972fc5d085	None	?	sororitascardassets_assets_all.bundle
58da4376f8f9e5941abafa3c1d729d1b	None	?	sororitascardassets_assets_all.bundle
5a433df09bc0a2f44981d13e97f621ba	None	?	sororitascardassets_assets_all.bundle
5b004dd1fbbe4294db1f1e3ece8b0ed4	None	?	sororitascardassets_assets_all.bundle
5bdbe08ff21134a798ea2a577f513e50	None	?	sororitascardassets_assets_all.bundle
5dc4146e6820f4a3683fd4ebe81433f5	None	?	sororitascardassets_assets_all.bundle
5ed3e91f52d02a44595625ef394e0580	None	?	sororitascardassets_assets_all.bundle
5ef46d6e7358349e28ba4c138c795be3	None	?	sororitascardassets_assets_all.bundle
5f650e33c9a0af54f9f8b32e5bccd94a	None	?	sororitascardassets_assets_all.bundle
60fc0dd79efb24cbeaaf67cac5489095	None	?	sororitascardassets_assets_all.bundle
62558573e963770418bf1a140d8d688c	None	?	sororitascardassets_assets_all.bundle
62d1fe2d69fc84e3b8619ebd728379d2	None	?	sororitascardassets_assets_all.bundle
6594712742accd649ba8a4e8f1a0c953	None	?	sororitascardassets_assets_all.bundle
677e991403d8a8a4f80388ee55659d54	None	?	sororitascardassets_assets_all.bundle
681c82da9b3ec4dc2b4369a4849e7011	None	?	sororitascardassets_assets_all.bundle
69479b68a0e594abeb50f656557198a8	None	?	sororitascardassets_assets_all.bundle
698c9bc57f595ea4898140c706b7b306	None	?	sororitascardassets_assets_all.bundle
6c2748278d0b85c40a56490f0faad562	None	?	sororitascardassets_assets_all.bundle
6ccf54af661225b4c8d37a49816079b0	None	?	sororitascardassets_assets_all.bundle
6d84c25475a61e34fb9f0355a24b970e	None	?	sororitascardassets_assets_all.bundle
708fcf76498d14f738f8ed60ce765abb	None	?	sororitascardassets_assets_all.bundle
70f00a44e894867418eb23dc8671bb0d	None	?	sororitascardassets_assets_all.bundle
712abacd02daf4272a878bc6cdb19517	None	?	sororitascardassets_assets_all.bundle
72090c853f9644cb1bd01fb9d4f52972	None	?	sororitascardassets_assets_all.bundle
72267f06940724120bb277e3abd11720	None	?	sororitascardassets_assets_all.bundle
7259a3b2760c948c796bf925b99cd567	None	?	sororitascardassets_assets_all.bundle
7279ab59cf6e47a44a01bfbb267b3b0d	None	?	sororitascardassets_assets_all.bundle
728bd927ff154469a9c48624b005be43	None	?	sororitascardassets_assets_all.bundle
72dc8eec5722f1244a6363106461765b	None	?	sororitascardassets_assets_all.bundle
745a60f3ca824224ca64764dcc13836b	None	?	sororitascardassets_assets_all.bundle
74994c2170aa3064faaf099ab6b01eef	None	?	sororitascardassets_assets_all.bundle
751dbd7de6656bd469b2838575d4782d	None	?	sororitascardassets_assets_all.bundle
7790d5cf4f6935a4fbe532914788079a	None	?	sororitascardassets_assets_all.bundle
77de02fc68ab8574da786687ec266afa	None	?	sororitascardassets_assets_all.bundle
7881cf3dfc64d4421bc9b75840251cc2	None	?	sororitascardassets_assets_all.bundle
78f7a9ed3b10f4fa88332f93a6de2c11	None	?	sororitascardassets_assets_all.bundle
79ce4e447b72d4de7ab0b6fc46d54901	None	?	sororitascardassets_assets_all.bundle
7a004d2c025caaa4c876eaae78cac376	None	?	sororitascardassets_assets_all.bundle
7a0ce8bff263a6446980cfcf2287eed9	None	?	sororitascardassets_assets_all.bundle
7a6128e8d5d495848aaf3fa3634a7bfe	None	?	sororitascardassets_assets_all.bundle
7d20521559905e741b4589400566f607	None	?	sororitascardassets_assets_all.bundle
7e85c71a0eb6bc0449fb5dccba0beb85	None	?	sororitascardassets_assets_all.bundle
7f890be0b73f840439c2e89545d2cfeb	None	?	sororitascardassets_assets_all.bundle
7ff5a37faf34d4ebda1325f2887c9098	None	?	sororitascardassets_assets_all.bundle
80e52c8565a4c4b1e8388508ef8439ba	None	?	sororitascardassets_assets_all.bundle
80f71aa61fe4d304c9b751db23cad914	None	?	sororitascardassets_assets_all.bundle
8115492ba623f4bae9da345537b4143e	None	?	sororitascardassets_assets_all.bundle
814f55a7b29d04fc2abf3b23f0d76399	None	?	sororitascardassets_assets_all.bundle
824b8edd3fc77e94381d841092d64d41	None	?	sororitascardassets_assets_all.bundle
833f6b98d2af98c40839f27c077323f5	None	?	sororitascardassets_assets_all.bundle
83b7d6f5d22ea4f039280321fbfc2806	None	?	sororitascardassets_assets_all.bundle
843a50946b37c453b8468404e3088154	None	?	sororitascardassets_assets_all.bundle
8518216ab9b86354491a87be3105dffa	None	?	sororitascardassets_assets_all.bundle
870090df688ec48a8bd0a475744b2133	None	?	sororitascardassets_assets_all.bundle
871fbe3212a4e0649bb74046ac71d0d5	None	?	sororitascardassets_assets_all.bundle
881cc85da1aa5324ba1ec3da05d43292	None	?	sororitascardassets_assets_all.bundle
8838ab025583e6547839a1df4fed2c40	None	?	sororitascardassets_assets_all.bundle
8926799e596814df1961beaec5b72607	None	?	sororitascardassets_assets_all.bundle
89b05c095ea3b467ba17a4c84910bcc5	None	?	sororitascardassets_assets_all.bundle
8cf46357f197def419b5e0e118052952	None	?	sororitascardassets_assets_all.bundle
8d6859fbc4c65ca49bfacf2c0180c90b	None	?	sororitascardassets_assets_all.bundle
8f18a3cd5baf04a84a1143ac136abfc9	None	?	sororitascardassets_assets_all.bundle
8fb980b9d364746e0968f8f27b89363b	None	?	sororitascardassets_assets_all.bundle
8fd15918924894f469733d64c4bd8e33	None	?	sororitascardassets_assets_all.bundle
91ffa0751af612e49a34c39ede7687f1	None	?	sororitascardassets_assets_all.bundle
92798d751b341eb4c8604868d9cdd437	None	?	sororitascardassets_assets_all.bundle
944cb465e90694f3a8d09265fde75a73	None	?	sororitascardassets_assets_all.bundle
95c494b0f11e942139dcddd386553d4e	None	?	sororitascardassets_assets_all.bundle
963a4ed3bbc561a4e9bf6a301113dcc4	None	?	sororitascardassets_assets_all.bundle
967f99d77fec6cb4b9e440417e53c57d	None	?	sororitascardassets_assets_all.bundle
96a6324b5731c9848b52f59b6aaafe4f	None	?	sororitascardassets_assets_all.bundle
97562f94439dc4fcdb6bb33954b75fe6	None	?	sororitascardassets_assets_all.bundle
9828a9275072c0a428f83912063295c5	None	?	sororitascardassets_assets_all.bundle
996f7acc1fa044941916f361f68547ed	None	?	sororitascardassets_assets_all.bundle
9b08e0cda1423403fb2ac1a4006d1128	None	?	sororitascardassets_assets_all.bundle
9bf65c94a05f778469157b2c82514e2b	None	?	sororitascardassets_assets_all.bundle
9c69a1df425d2a146ad868123517370c	None	?	sororitascardassets_assets_all.bundle
9e71562ae09734eae9ff09320ad572e2	None	?	sororitascardassets_assets_all.bundle
9fa7a97b52ede409bac13e42188dcf25	None	?	sororitascardassets_assets_all.bundle
a1c9f177a83ef49cea869ab4562cffbb	None	?	sororitascardassets_assets_all.bundle
a253fe3ff72e565438167f485761387b	None	?	sororitascardassets_assets_all.bundle
a5a30163c9f1d1449ac835bac95f5411	None	?	sororitascardassets_assets_all.bundle
a86b6b62d7d060245a537221bf8ceab0	None	?	sororitascardassets_assets_all.bundle
a8ad7aadb0dba0946a398b46578b53d0	None	?	sororitascardassets_assets_all.bundle
abc8c2a5ff6891443a0bde87ed051be2	None	?	sororitascardassets_assets_all.bundle
ac1bf76abae1e424d8ad4b39b85f66ab	None	?	sororitascardassets_assets_all.bundle
ac509cd199d7059408edd6e65483c17f	None	?	sororitascardassets_assets_all.bundle
ac76d7e4cdae8470797b38d722c9b2e8	None	?	sororitascardassets_assets_all.bundle
ad5a890f5f49a48b4b95ccbc84ff0489	None	?	sororitascardassets_assets_all.bundle
ae88f18144bd4394abac0cd5a509cf5d	None	?	sororitascardassets_assets_all.bundle
af2d404ee86c7457f9eec581ac4b5086	None	?	sororitascardassets_assets_all.bundle
afb7cd26c6071452abc7ea3f7af9e9af	None	?	sororitascardassets_assets_all.bundle
b01bbee843ff9b0418c8ff1d11a50a04	None	?	sororitascardassets_assets_all.bundle
b03a738f50f41fc48970e24ea6e3dfb2	None	?	sororitascardassets_assets_all.bundle
b422609a2a89cb349b8a6ddaac0464ca	None	?	sororitascardassets_assets_all.bundle
b466b4ec9dd9c4b3a98986a4608c0068	None	?	sororitascardassets_assets_all.bundle
b6394c30723cd47a88989286f5dd2565	None	?	sororitascardassets_assets_all.bundle
b675876c15f78ae4988de32b67c0cd23	None	?	sororitascardassets_assets_all.bundle
b85950562b2a0ac45bdeec8c271680bf	None	?	sororitascardassets_assets_all.bundle
ba31142cc3787a34ea60a749c6e2607a	None	?	sororitascardassets_assets_all.bundle
baa179483db204eb3b10eae76ac0801c	None	?	sororitascardassets_assets_all.bundle
bc187905fd227440b976dd16c715df2e	None	?	sororitascardassets_assets_all.bundle
bc46c60980618476d9c86df618d1831a	None	?	sororitascardassets_assets_all.bundle
bcc69c4d9ef3c42f89b057016207b06b	None	?	sororitascardassets_assets_all.bundle
bcde1643911adf547a79b660c7a6d2eb	None	?	sororitascardassets_assets_all.bundle
bd0ad8842f27b5349bdd177eab7713d8	None	?	sororitascardassets_assets_all.bundle
c077280fb6fb54e49b098dc568c57322	None	?	sororitascardassets_assets_all.bundle
c100dc53c1dbb4a61a091e91ca4b34d0	None	?	sororitascardassets_assets_all.bundle
c34e2f997d4b7fe4aa87fb60e40deade	None	?	sororitascardassets_assets_all.bundle
c46daa797336643be94983d49aee672e	None	?	sororitascardassets_assets_all.bundle
c51ecc77edd7f454ca6eb3875d449794	None	?	sororitascardassets_assets_all.bundle
c53aa3ec72b5347d28b947e07243438d	None	?	sororitascardassets_assets_all.bundle
c586333ca127d4e069f12ce13700a633	None	?	sororitascardassets_assets_all.bundle
c86a146acdc9a43a79570384f47b9e6b	None	?	sororitascardassets_assets_all.bundle
c87caa38ba9224a59a5c4f8e02655ac9	None	?	sororitascardassets_assets_all.bundle
c8b10862862929a46b6c6837d8d19436	None	?	sororitascardassets_assets_all.bundle
c9c776b7e46d6455e9bbf91ae65afee9	None	?	sororitascardassets_assets_all.bundle
ca99df3bcc64e4e37847f6d073dc9bbd	None	?	sororitascardassets_assets_all.bundle
caff35267f3068b489d0a24612b379e4	None	?	sororitascardassets_assets_all.bundle
cb1ec3b5890fb85438179ddddd9c6546	None	?	sororitascardassets_assets_all.bundle
cbece042ea1b5964d94748688d465010	None	?	sororitascardassets_assets_all.bundle
cd63dc4ed39236246a415564244f2b5e	None	?	sororitascardassets_assets_all.bundle
ce3f87297cbaed649b0c1b9a3c373a6c	None	?	sororitascardassets_assets_all.bundle
cffe1ada25a4e4c4a993d29738cbf2a8	None	?	sororitascardassets_assets_all.bundle
d06ddf5d170d2445fa85b8d6eb4ac185	None	?	sororitascardassets_assets_all.bundle
d16330d99711dad44ba55a749e830d67	None	?	sororitascardassets_assets_all.bundle
d4bbc32f501a96c49997435cc31eea20	None	?	sororitascardassets_assets_all.bundle
d70bdb855b2ec4d238bca7c1a46c6d58	None	?	sororitascardassets_assets_all.bundle
d8942a68c79236046af5f762e145e9c6	None	?	sororitascardassets_assets_all.bundle
d8fe743efe2fb614986babaaedc778ed	None	?	sororitascardassets_assets_all.bundle
d9b39c39cd53b4453ab94b6880b143dd	None	?	sororitascardassets_assets_all.bundle
d9f265136296bec4ba930953a36a6e2b	None	?	sororitascardassets_assets_all.bundle
dab625b9c085d4181be974c253a02c9b	None	?	sororitascardassets_assets_all.bundle
dae0eff8ac59445098c3caa42f8b9883	None	?	sororitascardassets_assets_all.bundle
db84d906c7777492e9526a2bd4d1cdb9	None	?	sororitascardassets_assets_all.bundle
dbbe209e0ef380e40ad3758cd0f1aff3	None	?	sororitascardassets_assets_all.bundle
dd03bd9df33ed49a69cdff4712f41716	None	?	sororitascardassets_assets_all.bundle
dddbb5fe2a341f14da9f8d35ced77e64	None	?	sororitascardassets_assets_all.bundle
dde2d567c53d444df8be68a16388e12c	None	?	sororitascardassets_assets_all.bundle
dfcdf5a25f2af41df829fcfc4390c0eb	None	?	sororitascardassets_assets_all.bundle
e1ea31a8fb9dea048a1e9d7c8ca7d0ab	None	?	sororitascardassets_assets_all.bundle
e36b2273b2bfc964ba9e4dd496f11e82	None	?	sororitascardassets_assets_all.bundle
e37ba1123773b4ad5b855fa05ce71c7c	None	?	sororitascardassets_assets_all.bundle
e3a9e6a2ba87a449886ab19604040743	None	?	sororitascardassets_assets_all.bundle
e7feda519936b9c4fbe14e0a69b46193	None	?	sororitascardassets_assets_all.bundle
e93be121bb63a426faf96743c013dce1	None	?	sororitascardassets_assets_all.bundle
eb12269bcd3b821418a83ab5fa0461aa	None	?	sororitascardassets_assets_all.bundle
ebaeae6171f08452ead18afc535a8778	None	?	sororitascardassets_assets_all.bundle
ec3f716876da7ba4f862520b96bf01ed	None	?	sororitascardassets_assets_all.bundle
edb86b8a79f3026499cd5ff0cd9a7578	None	?	sororitascardassets_assets_all.bundle
eedea31874d14c14293efb01cef08e42	None	?	sororitascardassets_assets_all.bundle
f0181f2e0430c1543a1c246492cb7233	None	?	sororitascardassets_assets_all.bundle
f181cd1f6516f394fae28f370e265a38	None	?	sororitascardassets_assets_all.bundle
f4042c9ae2a1d274386e7066e644e0ce	None	?	sororitascardassets_assets_all.bundle
f65fcb8063c969541b4ce3e1122371f0	None	?	sororitascardassets_assets_all.bundle
f6753766f00dc5748ab21142a361f1ce	None	?	sororitascardassets_assets_all.bundle
f6ec63edccc238b43aacf29baae1149f	None	?	sororitascardassets_assets_all.bundle
f73d648f902cfe440b41e1a52d8a5948	None	?	sororitascardassets_assets_all.bundle
f75809c0a3c1c6944bf1cd45f823dbe6	None	?	sororitascardassets_assets_all.bundle
f7b00d4d2b1a0074bb9ce6cfee6afb16	None	?	sororitascardassets_assets_all.bundle
f80108c280b89b84f8a7cf1863d39cac	None	?	sororitascardassets_assets_all.bundle
fce7a0da0c8ba4ce8a82290ecc523bc3	None	?	sororitascardassets_assets_all.bundle
fd840a5e9dd944f11a0e509b27a01d32	None	?	sororitascardassets_assets_all.bundle
fe3a057e7a5484de6bee0976c2f48310	None	?	sororitascardassets_assets_all.bundle
ff9b63dbdb5f4486c90dba5f81996b74	None	?	sororitascardassets_assets_all.bundle
ffd1ab875a29c4705a739c878e4b1600	None	?	sororitascardassets_assets_all.bundle
fff19cf80169048fe86909ecbabe3da6	None	?	sororitascardassets_assets_all.bundle
000219bc3c835a74cb0d0672e03bf1a0	None	?	soundcollection_assets_all.bundle
00d09aa35e9fe414c8204ffb25565369	None	?	soundcollection_assets_all.bundle
016a1ad4ba768024ea374e7d74b489f4	None	?	soundcollection_assets_all.bundle
01d74ff77994ba942aefe8bbf420ce1d	None	?	soundcollection_assets_all.bundle
020bebbdbf5bd4ce4857ffd410b1b679	None	?	soundcollection_assets_all.bundle
03370c0c4cf7d224486d3ecde6b3a7ca	None	?	soundcollection_assets_all.bundle
03eaf0f055c144a9583a96105feb3892	None	?	soundcollection_assets_all.bundle
041ecb345849f5540ab64627901637bc	None	?	soundcollection_assets_all.bundle
04770e945cef641f28afad145cea2008	None	?	soundcollection_assets_all.bundle
0586cc4aa7a4c8043840070d70152a80	None	?	soundcollection_assets_all.bundle
059589f390e82384da6aa878e4952ea7	None	?	soundcollection_assets_all.bundle
05bd6955822f25849ba2d6de51da3384	None	?	soundcollection_assets_all.bundle
065513e3f0a252d42ada06a9a11dcc3d	None	?	soundcollection_assets_all.bundle
0697c3dd7078e2d41ba7537648425a49	None	?	soundcollection_assets_all.bundle
06fdd8b494e7ab148a6b60a8a3860629	None	?	soundcollection_assets_all.bundle
074985a0f687952499399c3f67e1d715	None	?	soundcollection_assets_all.bundle
07c3963e39c4dcb40a515c92f15cd02d	None	?	soundcollection_assets_all.bundle
08039142a0180f644bba3e91bceeb1c4	None	?	soundcollection_assets_all.bundle
081502663c177b74e9fba6b61e64b3c1	None	?	soundcollection_assets_all.bundle
087c1f2cf12751145a51fd42bbf8fa1d	None	?	soundcollection_assets_all.bundle
089f46e4b259b744ea4b74d19c25c6e4	None	?	soundcollection_assets_all.bundle
08ceb5ad98766114583f2d4383e676ca	None	?	soundcollection_assets_all.bundle
08da3c377c520d24a8859f2efa977242	None	?	soundcollection_assets_all.bundle
09b754b3b4e89df46a27cc38d67a2326	None	?	soundcollection_assets_all.bundle
09d8ce941c54e66489bc2113c5bc866e	None	?	soundcollection_assets_all.bundle
0a592d2c3f656e341a7a799887b089da	None	?	soundcollection_assets_all.bundle
0a651ec9f71764e41ba0d305510865ba	None	?	soundcollection_assets_all.bundle
0b73adae98a65934dbd99c2a3f594f1d	None	?	soundcollection_assets_all.bundle
0ba4ad13b7171e046b86f048be8502b5	None	?	soundcollection_assets_all.bundle
0bbefe3271d9d9c4f8ead3f325ff9153	None	?	soundcollection_assets_all.bundle
0bd3d0ee171e6e64687a7fc15158113f	None	?	soundcollection_assets_all.bundle
0c6a32e972b9b5e49b3ceb1ab8707b32	None	?	soundcollection_assets_all.bundle
0ce521e9a73b748a7935ec17aa24674a	None	?	soundcollection_assets_all.bundle
0d0fb93b0e1cf1c4d8c144db890db1c8	None	?	soundcollection_assets_all.bundle
0d3ac3541ebaa164bbecb2b9348c91e3	None	?	soundcollection_assets_all.bundle
0d55600d15eb5934997dae23a2d2cb10	None	?	soundcollection_assets_all.bundle
0d7103afe263bf94e881bc74ab1b6ca8	None	?	soundcollection_assets_all.bundle
0dfba63c4082f1d4d8db448725c7c320	None	?	soundcollection_assets_all.bundle
0ed2f124fed1c484d875b79c2fdb612c	None	?	soundcollection_assets_all.bundle
0ee06d7ac3821814d9065762d4a1e97c	None	?	soundcollection_assets_all.bundle
0f55481031c91c34ab5a78f6f9bebc6c	None	?	soundcollection_assets_all.bundle
103c2b0a75c0c44488e39a59afa46326	None	?	soundcollection_assets_all.bundle
10514d8c053df7549a224b18022ef2a9	None	?	soundcollection_assets_all.bundle
10789f0d4c41c54458c017f33d93a134	None	?	soundcollection_assets_all.bundle
10856a5fbe0bad141971f2739d3a66d0	None	?	soundcollection_assets_all.bundle
10d8760c43f30415a8067373c906190d	None	?	soundcollection_assets_all.bundle
10e9d66904e341b4c80a0ebb43bbdf27	None	?	soundcollection_assets_all.bundle
11301da339b7f664f9c560bcb2de4b0b	None	?	soundcollection_assets_all.bundle
113d937a2a8542c48bdb8a348c2bfa18	None	?	soundcollection_assets_all.bundle
116caae337ffc4bb0ac124b3d0d4c368	None	?	soundcollection_assets_all.bundle
1198f4ea803f8824d802dccd3c4a857e	None	?	soundcollection_assets_all.bundle
119dd154c30ee467283e720663fec577	None	?	soundcollection_assets_all.bundle
11b3ad330164d09459a9e3440e98553a	None	?	soundcollection_assets_all.bundle
11c215f6b9e254461a3ec5d917c4f147	None	?	soundcollection_assets_all.bundle
12404d2009d7f3b48804d4a8e53a02fd	None	?	soundcollection_assets_all.bundle
12aefa3c12f01f24ab72b02d2186a430	None	?	soundcollection_assets_all.bundle
12c493048fdcea149ab0f40509b9899d	None	?	soundcollection_assets_all.bundle
1310fa8fd00d340c6b5400a355f0ebf0	None	?	soundcollection_assets_all.bundle
13367c8d8533cee47b473da86fbb8aed	None	?	soundcollection_assets_all.bundle
1369c55891e1b8c4099ce763bb3eb8d9	None	?	soundcollection_assets_all.bundle
13edad85c05318241acf784f35075c1e	None	?	soundcollection_assets_all.bundle
13f61fb9923e09f45bbed5a2a01f466a	None	?	soundcollection_assets_all.bundle
15c69bb3698eb3248a00ea244bc1e6a2	None	?	soundcollection_assets_all.bundle
15ed7629e07ea4c8e80a89477fdb18fa	None	?	soundcollection_assets_all.bundle
15ede16f480cbf34692bda99f5573b02	None	?	soundcollection_assets_all.bundle
1684ef964332b40a0bc986b6fe63e3ea	None	?	soundcollection_assets_all.bundle
168b080d8173917408ea90263211848f	None	?	soundcollection_assets_all.bundle
16a66b24903566e499d7c698c752c712	None	?	soundcollection_assets_all.bundle
16d06a3d3367dc243af2d0458b9d054c	None	?	soundcollection_assets_all.bundle
16e582e3f4bab4876b5de664cdbec34a	None	?	soundcollection_assets_all.bundle
172fc0f6738b42742bffa9f5e356ab12	None	?	soundcollection_assets_all.bundle
174fb758ac7c84f49b2bc29c01b7cbc9	None	?	soundcollection_assets_all.bundle
17be122990fe52548aad4c02c01c2b77	None	?	soundcollection_assets_all.bundle
17be48c3d434d4d28bd0bee65bf65e97	None	?	soundcollection_assets_all.bundle
17f8628855bbbf6488606e159d253501	None	?	soundcollection_assets_all.bundle
183df6e53a06f7643b9f81d6ce12c5aa	None	?	soundcollection_assets_all.bundle
192ab44d12ddf2b4ca6545c10dbb216a	None	?	soundcollection_assets_all.bundle
1a163c3a29bfb8d4ebbab41ba89daa38	None	?	soundcollection_assets_all.bundle
1a19cf688a802df409170ef877c5fa63	None	?	soundcollection_assets_all.bundle
1a442095dedda084aac8fd4d87655970	None	?	soundcollection_assets_all.bundle
1b25ba1fd3b4f5a448a42f7a30c63ebb	None	?	soundcollection_assets_all.bundle
1c59985951e41044e887479f74745f23	None	?	soundcollection_assets_all.bundle
1c765a77cc19f4c1abc64c2a2544478c	None	?	soundcollection_assets_all.bundle
1c85a8e257844f346afa5872d364ff87	None	?	soundcollection_assets_all.bundle
1e0dd720e41851547ad5ae147518736f	None	?	soundcollection_assets_all.bundle
1e1dc27cbe4292749ba00118a234c0e0	None	?	soundcollection_assets_all.bundle
1ee74e5694c43aa47b96d25a8756eebd	None	?	soundcollection_assets_all.bundle
1f2a32db8dd11488fb5207ce440a3bbf	None	?	soundcollection_assets_all.bundle
1f3a1389a55c07d4a9666486a2b6df2f	None	?	soundcollection_assets_all.bundle
1feadbb7aece1244f89705bfa8f2c8f1	None	?	soundcollection_assets_all.bundle
1fed9a38ee0999c43933ccdb63ba71e5	None	?	soundcollection_assets_all.bundle
20eb973487e36884cb334538388a3ea1	None	?	soundcollection_assets_all.bundle
212f37fd49ad94041879d92c23631735	None	?	soundcollection_assets_all.bundle
215f54ee8505de84cb61ea02216d154e	None	?	soundcollection_assets_all.bundle
21a77e96221391e4fb69de73038c2791	None	?	soundcollection_assets_all.bundle
233bb992c607c0941ba4381f86e2a486	None	?	soundcollection_assets_all.bundle
240a383508d8d4e46bc056f92a097863	None	?	soundcollection_assets_all.bundle
24396b87010ce4091a7577c9d170d076	None	?	soundcollection_assets_all.bundle
245586a451b58714ca3a7f95e72866ec	None	?	soundcollection_assets_all.bundle
24fab99a412e208458d5feb8470a2434	None	?	soundcollection_assets_all.bundle
2510d59fe934dcf42b8064b5d33ea753	None	?	soundcollection_assets_all.bundle
2536139a6cb8d324696d5a480a0ffd85	None	?	soundcollection_assets_all.bundle
25ac8144c6fdaf64883677bb84f0ed93	None	?	soundcollection_assets_all.bundle
262c019f851f175498f95c5b216ca7cf	None	?	soundcollection_assets_all.bundle
26b632b2bf926354a8a362a99da5c444	None	?	soundcollection_assets_all.bundle
270e47463c0bd46449460898ca49c9ea	None	?	soundcollection_assets_all.bundle
27612dbc04da64c47ad6002541f6b174	None	?	soundcollection_assets_all.bundle
279b9fd4f1c5bc44fb0a64061422dc76	None	?	soundcollection_assets_all.bundle
27a6c07f93f22fb4d9a5b0db17539c34	None	?	soundcollection_assets_all.bundle
280d332d6d3dcbd4491226e9fb505e91	None	?	soundcollection_assets_all.bundle
294cac7587505604fbdc1e8f3738a2f3	None	?	soundcollection_assets_all.bundle
2959c6ca5141fbf4693781c6c39b1aa9	None	?	soundcollection_assets_all.bundle
29d618013d2c5d24c91cb06d745ce1c4	None	?	soundcollection_assets_all.bundle
2b23f835ed0d5c04e9386a2e802f322e	None	?	soundcollection_assets_all.bundle
2c0c29204c0f37f439651a104803b4f0	None	?	soundcollection_assets_all.bundle
2ca43676d966c4a86aee4729d4962da0	None	?	soundcollection_assets_all.bundle
2ee88893f3bfa834bbe4217bfae6c8a2	None	?	soundcollection_assets_all.bundle
2ffe395768a56424ab092721402a8a88	None	?	soundcollection_assets_all.bundle
3019e0eabbeae5e499b737b459483485	None	?	soundcollection_assets_all.bundle
3047799614117db43b8026a6baaa5b41	None	?	soundcollection_assets_all.bundle
30990e2fd8098eb44bb9f4e03968440d	None	?	soundcollection_assets_all.bundle
30c981ef52e181a41a09adf6818a9104	None	?	soundcollection_assets_all.bundle
320a30cb821e1d841a3a6f4833f5ccdb	None	?	soundcollection_assets_all.bundle
327ed8ccbec74d140bc178522e3d5e5b	None	?	soundcollection_assets_all.bundle
32a545d72ff267343a6f8163b4b9f861	None	?	soundcollection_assets_all.bundle
34379266d70933e44a44761c241ee0d9	None	?	soundcollection_assets_all.bundle
35e96a19e3a871f44adcdd5eaa121ed0	None	?	soundcollection_assets_all.bundle
370ebf3507decba4f8ce83d59f321571	None	?	soundcollection_assets_all.bundle
377ecf929b234054c868a263d698d74e	None	?	soundcollection_assets_all.bundle
399bdf58a40050f42ba57fdab7214fff	None	?	soundcollection_assets_all.bundle
39bf7d588ce12bf43972c12497aab29a	None	?	soundcollection_assets_all.bundle
39fa374c76bc0ea498d72461081166ea	None	?	soundcollection_assets_all.bundle
3a01398524facbb40a20a3fb1ae59fe3	None	?	soundcollection_assets_all.bundle
3aa15097fdff9c64ab962d8735729389	None	?	soundcollection_assets_all.bundle
3c3a516fc92f04974a98346ac72418a2	None	?	soundcollection_assets_all.bundle
3cd70f534164bfb448115037c7a4090a	None	?	soundcollection_assets_all.bundle
3cd93c4035c1a4648a5b0d5c6085b45e	None	?	soundcollection_assets_all.bundle
3e383096b04fab34cabf705a18b238e2	None	?	soundcollection_assets_all.bundle
3e421d480c8730548b7599bae9dd89fd	None	?	soundcollection_assets_all.bundle
3e7c082a660ec0349aceaf1219ce4883	None	?	soundcollection_assets_all.bundle
3ecf1dc6c9303374fab7f71889a0de00	None	?	soundcollection_assets_all.bundle
3ed4547e00e780648920a88700442d0f	None	?	soundcollection_assets_all.bundle
3f55563119cda044c946fcc52821c037	None	?	soundcollection_assets_all.bundle
3f55e73993397404d85ab5e4dcc12fb0	None	?	soundcollection_assets_all.bundle
3f87a847d68bd3047aa676036495693d	None	?	soundcollection_assets_all.bundle
3fe5d023e4557fb4b968c4a23b3805c7	None	?	soundcollection_assets_all.bundle
404ed4e01839fac488e3c8ef9c980038	None	?	soundcollection_assets_all.bundle
406eee68b41d7ab48ad7eb5b5e080d24	None	?	soundcollection_assets_all.bundle
40d58d719b936a6449293195b98b1c34	None	?	soundcollection_assets_all.bundle
420a72fd1ba95ce4ebc996471d69b993	None	?	soundcollection_assets_all.bundle
4430c4e35be5c2644adfc37c72ed9e3a	None	?	soundcollection_assets_all.bundle
44ccbd8b86703964eab66344f36be189	None	?	soundcollection_assets_all.bundle
44d460d67066a4b6da52827678db69b4	None	?	soundcollection_assets_all.bundle
45a8e31f578514e4e924619d9db2b597	None	?	soundcollection_assets_all.bundle
46ab91290e78f5744856f6bfae080fd3	None	?	soundcollection_assets_all.bundle
4726b0363a3dae44481de4c56f1407cc	None	?	soundcollection_assets_all.bundle
472eb848970504e4aa32429d850df15b	None	?	soundcollection_assets_all.bundle
48416aeb56cbbbb42b65ef4810ff4291	None	?	soundcollection_assets_all.bundle
488c47971c8ed244593c32706480f0ef	None	?	soundcollection_assets_all.bundle
48ac03a15d1c7a44f97e8ff7f4407a44	None	?	soundcollection_assets_all.bundle
48d783f386aa2df44bde38f71f76a8e0	None	?	soundcollection_assets_all.bundle
490475a509ebaf44cb16e330afbdbe37	None	?	soundcollection_assets_all.bundle
49417b37e5f0a8549998aea4482ef2a7	None	?	soundcollection_assets_all.bundle
49815367b0241564784f856ef6d5425f	None	?	soundcollection_assets_all.bundle
49f0efb23ccdd9b40a6dced02fbd284b	None	?	soundcollection_assets_all.bundle
4a6384bbebf8dd9429237e03615c4b20	None	?	soundcollection_assets_all.bundle
4b49858be034fd74d838a1413e135420	None	?	soundcollection_assets_all.bundle
4d6e32d80992f974ab5ca90a70ef760a	None	?	soundcollection_assets_all.bundle
4de5a0c06a054c241a89654e7ea2cd2a	None	?	soundcollection_assets_all.bundle
4e59aef2aacc37b4f9f41746f068555a	None	?	soundcollection_assets_all.bundle
4ed99fe534217984aaba5384a64a7017	None	?	soundcollection_assets_all.bundle
4ef62c40b3b476c4b87a1b8777b17d8a	None	?	soundcollection_assets_all.bundle
4f4e0db4115ad4cf7a8c7085a0561f41	None	?	soundcollection_assets_all.bundle
4f652b66f5363450b9630205465bcacc	None	?	soundcollection_assets_all.bundle
4fa845adbccd7784989d2b8af33c3021	None	?	soundcollection_assets_all.bundle
4fb474c9c1a53024a89f8eb376dfaba3	None	?	soundcollection_assets_all.bundle
5063e6c1957838642826e7dbd24306d5	None	?	soundcollection_assets_all.bundle
506ab4b2a7ad8ff4198b07b0bfc942d6	None	?	soundcollection_assets_all.bundle
50bfea59969fb364091619775ff6a84f	None	?	soundcollection_assets_all.bundle
523ea0c7edb774dfd97610e0f4731341	None	?	soundcollection_assets_all.bundle
526ccd00d2126ed4f925b73c14a4f68c	None	?	soundcollection_assets_all.bundle
52da505920d514f77ab579f113afbca6	None	?	soundcollection_assets_all.bundle
52ec301808e933e46b88fea347fd9826	None	?	soundcollection_assets_all.bundle
52edba5256ca8a24dad98f61b9b3538b	None	?	soundcollection_assets_all.bundle
535b229eefd265841bde5081c1dcbf4a	None	?	soundcollection_assets_all.bundle
54cd60a7ba525344fb198f084fc44ce4	None	?	soundcollection_assets_all.bundle
54d22127daf58974eb8d689a299635fc	None	?	soundcollection_assets_all.bundle
56a153f60a3f35c4e8860e471c4b6e81	None	?	soundcollection_assets_all.bundle
56a9172e5799d364db4274d132048df5	None	?	soundcollection_assets_all.bundle
56d64c2f672c6274c810f77a7ba62e2d	None	?	soundcollection_assets_all.bundle
5726a148001b50740be4a80f646eb350	None	?	soundcollection_assets_all.bundle
572bef4853854dd4d802e4db85086231	None	?	soundcollection_assets_all.bundle
5813cc20ceabe004b94fb5e10b4066d6	None	?	soundcollection_assets_all.bundle
5821f4ed82d094e89b638433f54db70d	None	?	soundcollection_assets_all.bundle
58b8df4437504fa449a916705acbea51	None	?	soundcollection_assets_all.bundle
59b53ea45a3253d4bacb8fd912f41891	None	?	soundcollection_assets_all.bundle
5a9ab643a6593da428c82dcf07664a66	None	?	soundcollection_assets_all.bundle
5b2b83774fba35640a39fa3960c0d797	None	?	soundcollection_assets_all.bundle
5d13e6b29efb5a04da42f0f01f4534a6	None	?	soundcollection_assets_all.bundle
5d37dd0391f89a2458618c6aee56f174	None	?	soundcollection_assets_all.bundle
5d74292ae1217864cb48ce6c19088160	None	?	soundcollection_assets_all.bundle
5d98e7af5c7580f4eace40b373b6e812	None	?	soundcollection_assets_all.bundle
5ea612f9e6340c34b820dad6bf19b0e1	None	?	soundcollection_assets_all.bundle
5ebd3cc4a4ca4414b88b7d5fb0770617	None	?	soundcollection_assets_all.bundle
5ec9f294e40f9514cb5eeabf39323f7b	None	?	soundcollection_assets_all.bundle
5f1d09cf73acf405fafeb5dfbfd58900	None	?	soundcollection_assets_all.bundle
60603cad1262bcc44a1fbe2825db1421	None	?	soundcollection_assets_all.bundle
60fe1fac8e31f4b59ab7cb8e53696707	None	?	soundcollection_assets_all.bundle
6128a58c405fd004fb3b4b5c07ef6d17	None	?	soundcollection_assets_all.bundle
618d94dd5b5234240a4141481bf35b20	None	?	soundcollection_assets_all.bundle
62c186f327efef94a882b5ffff5e9e51	None	?	soundcollection_assets_all.bundle
62f5a35416526a84a9d53ec7583c5e36	None	?	soundcollection_assets_all.bundle
6319cf23d96f5c647a4fe4f337c38ba4	None	?	soundcollection_assets_all.bundle
632d9718eec72e84ba4abe817190ef57	None	?	soundcollection_assets_all.bundle
6472a1ca1d92d0e4c934b9fe51d2d3f0	None	?	soundcollection_assets_all.bundle
6516b9c6d9329624386df885684c4ad2	None	?	soundcollection_assets_all.bundle
6533359cbc5ef4847bd982486a8de0ed	None	?	soundcollection_assets_all.bundle
662ceaba779bac044b94dffeb1075e73	None	?	soundcollection_assets_all.bundle
66b23a3a0e6de3344b31f2fb185720dd	None	?	soundcollection_assets_all.bundle
676f7dd41074e08449b3d56de1335a14	None	?	soundcollection_assets_all.bundle
684c7f859a4eabf439e9dc921895fdfc	None	?	soundcollection_assets_all.bundle
68e9d654df1aa994dac3ddce880e718e	None	?	soundcollection_assets_all.bundle
69d928dec534f594da75f9d24da506c3	None	?	soundcollection_assets_all.bundle
6a2942c27c5bd4b4bbf9cf70766568d6	None	?	soundcollection_assets_all.bundle
6a3b19822890a3c4c8440ceea25d3b2e	None	?	soundcollection_assets_all.bundle
6a843b276fc04ba489bef11abb8ac80e	None	?	soundcollection_assets_all.bundle
6afc073c759c3b24cbfe913244cab7b5	None	?	soundcollection_assets_all.bundle
6afc1858427235144a3badc66f2fee26	None	?	soundcollection_assets_all.bundle
6b17cd994c85e384098c8d4012312468	None	?	soundcollection_assets_all.bundle
6b499037fb24fcd418ae6fbe392721a1	None	?	soundcollection_assets_all.bundle
6b81e14f41fc24f4db7d749cf0418f01	None	?	soundcollection_assets_all.bundle
6bab0d23c4e87d34aa5d4a4d78425fc0	None	?	soundcollection_assets_all.bundle
6c34a35a5702a99428994510fd20ce7a	None	?	soundcollection_assets_all.bundle
6ccb03515537bd24ebc4357dd6ca1484	None	?	soundcollection_assets_all.bundle
6cd94555e258e0548b8397d670a51992	None	?	soundcollection_assets_all.bundle
6d4d97564c75de34199342f766ce2571	None	?	soundcollection_assets_all.bundle
6d8275bd35127ac4e9902977cd3a1d44	None	?	soundcollection_assets_all.bundle
6da487ffd4410a946b5e811726700c60	None	?	soundcollection_assets_all.bundle
6dcbb0d3105e42f45b3bbba646c6bd94	None	?	soundcollection_assets_all.bundle
6df4abe5049b84b4a86f86d458078074	None	?	soundcollection_assets_all.bundle
6e430bf70bee90942ae2006f18b1e466	None	?	soundcollection_assets_all.bundle
6e77d81aaef8e714da85d52102459296	None	?	soundcollection_assets_all.bundle
6eaf9e0192753fa49a0610fa4f27d09d	None	?	soundcollection_assets_all.bundle
6ec21d093d5bf0d46a766e0cc0b0d8fd	None	?	soundcollection_assets_all.bundle
6ec34d57c692c1e4da8cce6ab367a097	None	?	soundcollection_assets_all.bundle
6f314f05748009947a0252a4470faad4	None	?	soundcollection_assets_all.bundle
6f533344637449744bc19cb8eb73fc8f	None	?	soundcollection_assets_all.bundle
6f9ec30c2196ded4c8a24497b6b8a787	None	?	soundcollection_assets_all.bundle
702e8be24cab5ff4e953c710816557d8	None	?	soundcollection_assets_all.bundle
704ae2e6d8bc42446b97a7af014c5bc6	None	?	soundcollection_assets_all.bundle
70df621c3ccfd1a42bc0ba0a46c32a1a	None	?	soundcollection_assets_all.bundle
70ed13e05800d4252bf6fb6a0a378420	None	?	soundcollection_assets_all.bundle
7162bf260df844e21a0deae718be63b3	None	?	soundcollection_assets_all.bundle
717587a729695ed468e63c6fcbe0f61f	None	?	soundcollection_assets_all.bundle
71e181725e1e50d4894cc037ad7bd18d	None	?	soundcollection_assets_all.bundle
721fadbe38ea105439f1fd0c5d2f9375	None	?	soundcollection_assets_all.bundle
7223b0b613b6b2c488aa02eea0f88e68	None	?	soundcollection_assets_all.bundle
723b8f89ae7574caab42479483090956	None	?	soundcollection_assets_all.bundle
724a2e74579da7c43be105a900065a3d	None	?	soundcollection_assets_all.bundle
72cdc1dfadadd2d4c82ca0b83a6920d7	None	?	soundcollection_assets_all.bundle
72e3bdecb1e69714aa17f28e16fc2944	None	?	soundcollection_assets_all.bundle
73369d9ac7969114db1cfdf68a24bd87	None	?	soundcollection_assets_all.bundle
7351ff59399994721baccb2ca33b0c2e	None	?	soundcollection_assets_all.bundle
7352a672381ba53458c8039d2f40b92f	None	?	soundcollection_assets_all.bundle
7383dcb98f11ada46a2b3ada902f7b84	None	?	soundcollection_assets_all.bundle
7431a544a6075cc44b99e4df0f0d17d0	None	?	soundcollection_assets_all.bundle
7467472e248714e0db1f9a098309c5f4	None	?	soundcollection_assets_all.bundle
74e9b33a630de514fa03686047c84370	None	?	soundcollection_assets_all.bundle
75285538425954a38af1bcc4fd34d8cf	None	?	soundcollection_assets_all.bundle
757477e9d58c04e918171e110bc93f17	None	?	soundcollection_assets_all.bundle
7584b834383fa484b92b05317f94eb77	None	?	soundcollection_assets_all.bundle
7623de884565f2b4cb6049192cb7da5b	None	?	soundcollection_assets_all.bundle
7635468a1a703cf42b0629b3f6f35a7b	None	?	soundcollection_assets_all.bundle
765f899e731974accaa392cdb6f06fb1	None	?	soundcollection_assets_all.bundle
766aa61fae738e24fbd01fb03ea1914c	None	?	soundcollection_assets_all.bundle
769979e6a4bafa847b499d9e06bb2839	None	?	soundcollection_assets_all.bundle
76d9e87903c1cd8498b6408b1cbde47b	None	?	soundcollection_assets_all.bundle
7754517318a984b07b7b381156f6a202	None	?	soundcollection_assets_all.bundle
7816abaeb4e19364baea3c0baef257b5	None	?	soundcollection_assets_all.bundle
788673ad51a2f3a4a9d6f606b0fb3ba8	None	?	soundcollection_assets_all.bundle
789666ec010418a4489de4458847497d	None	?	soundcollection_assets_all.bundle
78b51fc02a0298345a603aa8ec4f2934	None	?	soundcollection_assets_all.bundle
78b9d540992884646833d4080e0c976c	None	?	soundcollection_assets_all.bundle
799a55d196a214ca1ac547322acc6f5f	None	?	soundcollection_assets_all.bundle
7a02a957b0ac89f48a1fa06919bfe93d	None	?	soundcollection_assets_all.bundle
7a456e24becd9c14883f8b7e5471788f	None	?	soundcollection_assets_all.bundle
7a8c26de75c1f2148ababcc400e09218	None	?	soundcollection_assets_all.bundle
7aa0c224fc40e534b8b766d3ce14d93e	None	?	soundcollection_assets_all.bundle
7acd6679f4801714cb8b4a7d4a2488a5	None	?	soundcollection_assets_all.bundle
7bb8996e96cc6eb409e9220079fdb8bd	None	?	soundcollection_assets_all.bundle
7d33a65d572d457409f919b243bab1ae	None	?	soundcollection_assets_all.bundle
7ee058676dd5e134cbe3132d6f639a55	None	?	soundcollection_assets_all.bundle
7f2b36b68ba2c1e4fb49802d75812bb6	None	?	soundcollection_assets_all.bundle
7f44f2a76f08e7245b36c0c1ebbd1c21	None	?	soundcollection_assets_all.bundle
7fa0bccce7604414c80e337e7f215d91	None	?	soundcollection_assets_all.bundle
8037bc9c80517a246a280c85c48045e4	None	?	soundcollection_assets_all.bundle
80c3f106e4a18c848a25a6fa1a1a23e6	None	?	soundcollection_assets_all.bundle
80d7ddf5df8d51648bf7ce62b603bb48	None	?	soundcollection_assets_all.bundle
80ff8b5362cf39c42bbf8b84718099ed	None	?	soundcollection_assets_all.bundle
810e4c904c1bdbc4fbe5a5245c861b6f	None	?	soundcollection_assets_all.bundle
81278976b4492f54c8e8f57ab24e1663	None	?	soundcollection_assets_all.bundle
8177f408dc971b646b059288e3dde8d0	None	?	soundcollection_assets_all.bundle
8181474449a8cc8468724f03eeb0b651	None	?	soundcollection_assets_all.bundle
81e1548de2920284c8cb080f2514e32e	None	?	soundcollection_assets_all.bundle
8266674088df443639609268e6c5644a	None	?	soundcollection_assets_all.bundle
82bfae7010f86fd4196303eb29ad0c16	None	?	soundcollection_assets_all.bundle
82c7f2d2ac1187342b083ef72776ca7e	None	?	soundcollection_assets_all.bundle
8308a7f50d560467aa4f509127a9bada	None	?	soundcollection_assets_all.bundle
844784c12da6d1543ad68ff61acb8f9c	None	?	soundcollection_assets_all.bundle
8535318930d096c408e1169a95a3ea46	None	?	soundcollection_assets_all.bundle
8599cea21d6868c4e8c19516296f568e	None	?	soundcollection_assets_all.bundle
85bbd9de67fda4d48a06b30e411707f1	None	?	soundcollection_assets_all.bundle
85cb7ec49f8199444bd1ab9c39bc729d	None	?	soundcollection_assets_all.bundle
85eefb27617644c849788a772824afd8	None	?	soundcollection_assets_all.bundle
8602cab4f2e258549a37b0ccffdaecee	None	?	soundcollection_assets_all.bundle
86298ab88d73c3343a6798f73d2da00f	None	?	soundcollection_assets_all.bundle
86bc7197d2e299c479cd621910524076	None	?	soundcollection_assets_all.bundle
87be92aeb1bee9447b36fcc5487a5d47	None	?	soundcollection_assets_all.bundle
887033dd59f04b44c955efd839417d09	None	?	soundcollection_assets_all.bundle
887c39de6ef54e048a3ff40d65eb4be0	None	?	soundcollection_assets_all.bundle
894d857a27b414a8084e4d887cd9deb0	None	?	soundcollection_assets_all.bundle
89f18940d9081f54da114bd6e27c3173	None	?	soundcollection_assets_all.bundle
8aaa7bc9c31156d4490f0dd905ab4758	None	?	soundcollection_assets_all.bundle
8aebe2667e934654a8e07972dc955a88	None	?	soundcollection_assets_all.bundle
8b4ff249e0609a74bb61af140801554c	None	?	soundcollection_assets_all.bundle
8b9869457d6116a429c13308bdbf4316	None	?	soundcollection_assets_all.bundle
8ba1ca0706f57724fa30c9b8e31fba0d	None	?	soundcollection_assets_all.bundle
8c99323f9075b1c4fa0e9fe21bc61871	None	?	soundcollection_assets_all.bundle
8d4d62e2b3e614750828b385d9b24c3c	None	?	soundcollection_assets_all.bundle
8dba45b2d4f0e5d4c9ddabbd856dc83d	None	?	soundcollection_assets_all.bundle
8e608abdfcd85c3469f559dbfb43e4c6	None	?	soundcollection_assets_all.bundle
8e8a0557b8b96d7488d3977954aa1592	None	?	soundcollection_assets_all.bundle
8f30c6b6e416f174ca5cd774fd1a1d97	None	?	soundcollection_assets_all.bundle
90700f23383104b0f81342d60407854c	None	?	soundcollection_assets_all.bundle
90de347d0c39d6446abc303e26f37c3b	None	?	soundcollection_assets_all.bundle
90e7198f20313114da4da58e3cdc0571	None	?	soundcollection_assets_all.bundle
9118f43ebbf2634448b75a8370173a42	None	?	soundcollection_assets_all.bundle
915fa967da0c1e843a19adcf6fe380d3	None	?	soundcollection_assets_all.bundle
9183588d3e7d8b2439bc2932959a4eb7	None	?	soundcollection_assets_all.bundle
923a69d59a783c34f9bb738aa2fa3414	None	?	soundcollection_assets_all.bundle
92cce01f14b470440b33bb5082ff3a6b	None	?	soundcollection_assets_all.bundle
92cd0bf0bd85c457ebb81ead03ddf673	None	?	soundcollection_assets_all.bundle
92ff1626184bc964aa3cf2f8776fda43	None	?	soundcollection_assets_all.bundle
93649e25a2c30ff4fbc286086afdbaee	None	?	soundcollection_assets_all.bundle
93690e5f28ad4dc46a952efa855d2f3f	None	?	soundcollection_assets_all.bundle
937e6bfa51c937949a5b1bb42fad84d6	None	?	soundcollection_assets_all.bundle
946ce56c5a18ebc409e2a96d8678931b	None	?	soundcollection_assets_all.bundle
94ee865e005223c4db52f030f8dc1e00	None	?	soundcollection_assets_all.bundle
952ae3768cc2d75439c44630d736bc88	None	?	soundcollection_assets_all.bundle
95ba038c0eaae3b419d462d22c4c1635	None	?	soundcollection_assets_all.bundle
95dbde295349c64428f90db369940ade	None	?	soundcollection_assets_all.bundle
95e5fa756d779994a9a2d7222da6bd39	None	?	soundcollection_assets_all.bundle
971efd72d4778f34aaceb953dcdccc5a	None	?	soundcollection_assets_all.bundle
976f334ecc9a554438d527389241e3a9	None	?	soundcollection_assets_all.bundle
98438290825965a4c96bb9bd7e8ed419	None	?	soundcollection_assets_all.bundle
9849db469f27c234186f2a6c6b9dad24	None	?	soundcollection_assets_all.bundle
98756d7e502d14022bc41f9bdbda2633	None	?	soundcollection_assets_all.bundle
98dc7be5f60e0094985273637a6319ef	None	?	soundcollection_assets_all.bundle
9941c69a76997b24d96e29f3505479c6	None	?	soundcollection_assets_all.bundle
99932f60713594cd29e39ce2d7384623	None	?	soundcollection_assets_all.bundle
99d1001ae7b6a41d3b28b20f5cf057ef	None	?	soundcollection_assets_all.bundle
9ba60b2ec43ea434481d498efb9fa5cd	None	?	soundcollection_assets_all.bundle
9bacd35736e624247a8d4a939c787ac2	None	?	soundcollection_assets_all.bundle
9bef64d81d06a344fbf7b444cdb94d17	None	?	soundcollection_assets_all.bundle
9d25a6a6612e620419413da042c64ba0	None	?	soundcollection_assets_all.bundle
9d29cda2646b33a4fa7256613913630b	None	?	soundcollection_assets_all.bundle
9d309bffccec2c44e9e16a3a88348fea	None	?	soundcollection_assets_all.bundle
9d33928ab385a8e4ca822b018cc0ca18	None	?	soundcollection_assets_all.bundle
9d9ef27381e8479448da76b12424bac5	None	?	soundcollection_assets_all.bundle
9de549355064ee74589aa49dd12a2bfe	None	?	soundcollection_assets_all.bundle
9ecad0f185d070d4a8141077d4b3c35e	None	?	soundcollection_assets_all.bundle
9eda40b50544e4347bad0d4f4c98c646	None	?	soundcollection_assets_all.bundle
9f202e6e656c44401937c66421b12eaf	None	?	soundcollection_assets_all.bundle
9f66dad3a38fd2c40bb5daea23b49a59	None	?	soundcollection_assets_all.bundle
9fd35258782cb0e449c90757ccf34410	None	?	soundcollection_assets_all.bundle
9fee3cdee3e01c5479189dd6f7691a22	None	?	soundcollection_assets_all.bundle
a089f80cb6e9a424b85a4634953b4f54	None	?	soundcollection_assets_all.bundle
a13ee58ca0c0b464987d8d4a2c2c17f4	None	?	soundcollection_assets_all.bundle
a187f8605d5a05b48bfb5f358c1dc650	None	?	soundcollection_assets_all.bundle
a2026505a8b32f248a3268fa74a1d2cd	None	?	soundcollection_assets_all.bundle
a2add5a5fd9c9a94b8f4d41c59b7a218	None	?	soundcollection_assets_all.bundle
a2b2f5102b1908b4898603e5a9891e61	None	?	soundcollection_assets_all.bundle
a2cb187a87f87aa4381fcb62698cb032	None	?	soundcollection_assets_all.bundle
a2e8f52900f9c634391df236ad93c8e3	None	?	soundcollection_assets_all.bundle
a325df5515cd51e45b9bf512d2e2754a	None	?	soundcollection_assets_all.bundle
a3724637276258243a5aae564ef23aad	None	?	soundcollection_assets_all.bundle
a463c47789dff40b9975deb6657335b3	None	?	soundcollection_assets_all.bundle
a585550045ec24c289038095802b5bce	None	?	soundcollection_assets_all.bundle
a5a81c0a0e2d05942bcadc6d5cc517d8	None	?	soundcollection_assets_all.bundle
a60ce004ee21046478b3f37bec419e61	None	?	soundcollection_assets_all.bundle
a65e9f188aaae2c46b9058ae00174f8a	None	?	soundcollection_assets_all.bundle
a6927ff6e91d73c4aac69f3b233b3f24	None	?	soundcollection_assets_all.bundle
a6f0edd821be3264789a627df28d486b	None	?	soundcollection_assets_all.bundle
a7444d6ebbb54a0459c52820fa71ba3b	None	?	soundcollection_assets_all.bundle
a842c015cb109d44da821095d9d7ea67	None	?	soundcollection_assets_all.bundle
a8ed70013b4bd4d4e8b4dde9e7b92db8	None	?	soundcollection_assets_all.bundle
a8f59d13a48714c4b93713044643ab0c	None	?	soundcollection_assets_all.bundle
a996eab4c39f4a646b0a11ec9f020994	None	?	soundcollection_assets_all.bundle
a9b76eb65a3c1144bbb90a8b318ae5d6	None	?	soundcollection_assets_all.bundle
aab61a78b5bbfbd408541c7769eaba73	None	?	soundcollection_assets_all.bundle
ab38594510c45f5478b62429aa51840f	None	?	soundcollection_assets_all.bundle
abff3b8600354b54d8c5a30bca3a3804	None	?	soundcollection_assets_all.bundle
ad21815f75770f54788c6cc7274722b8	None	?	soundcollection_assets_all.bundle
ad9c16ae5d469417dbd79d2e0cc2fddf	None	?	soundcollection_assets_all.bundle
adb0921e0ab1b3d4782394639b7975ab	None	?	soundcollection_assets_all.bundle
aeacf8c968c2c2449919e4c9941cec87	None	?	soundcollection_assets_all.bundle
aeaf94527108ab3459b37a0f301f90c1	None	?	soundcollection_assets_all.bundle
af4e32ec714917046b747e25f41dcafe	None	?	soundcollection_assets_all.bundle
af758375aac104539b394c42d6276850	None	?	soundcollection_assets_all.bundle
afa06d0eab45df440ac5100731015669	None	?	soundcollection_assets_all.bundle
afaea6735f64e194cae7f1560eb89fe8	None	?	soundcollection_assets_all.bundle
afdca12be927a944883f42d55b697aa5	None	?	soundcollection_assets_all.bundle
b191ecfccc7724d47a58df21afa5138e	None	?	soundcollection_assets_all.bundle
b1fbbe7cf9bb30f42b09b6ab1c03668a	None	?	soundcollection_assets_all.bundle
b21e2f9528534904a8e18f6df40d2729	None	?	soundcollection_assets_all.bundle
b22e9ae56bbc62e41b2d7c1ebb17f67c	None	?	soundcollection_assets_all.bundle
b26221295eb297043a56a3ba0e5f0320	None	?	soundcollection_assets_all.bundle
b2bb9988e49bbfa48b9cb2e7224db392	None	?	soundcollection_assets_all.bundle
b30396dc500be4571b48f514e24b8d17	None	?	soundcollection_assets_all.bundle
b307a6566d2a2ef48b245293e896039b	None	?	soundcollection_assets_all.bundle
b410866cc4474ff4c893a91422e25913	None	?	soundcollection_assets_all.bundle
b45e3adb9cba4b4408b2053233d29fbb	None	?	soundcollection_assets_all.bundle
b468038b4bb8db44db81e596e2092a8f	None	?	soundcollection_assets_all.bundle
b582fe6400b5c22448dc3672694d3a90	None	?	soundcollection_assets_all.bundle
b5f3aa7adee05164c9c3eab99de55c0f	None	?	soundcollection_assets_all.bundle
b5fbab9302684ff4fa21c36a6cd6bb5b	None	?	soundcollection_assets_all.bundle
b68bfb1d1ae782d4f9a2a406ccad04dd	None	?	soundcollection_assets_all.bundle
b6a1bc3cab6b6ca4c8f9e28d2645c665	None	?	soundcollection_assets_all.bundle
b6a24be414399411e84e81e4230181d4	None	?	soundcollection_assets_all.bundle
b6d3f5ac2c7f8d94a8b34d3f08196f53	None	?	soundcollection_assets_all.bundle
b724e6d1863e7b34c86628f7c6755d02	None	?	soundcollection_assets_all.bundle
b77ad336ddbe1cd44bce62906691c188	None	?	soundcollection_assets_all.bundle
b7b371744a0c70841a3b9a9b58861b3b	None	?	soundcollection_assets_all.bundle
b8331ddb34ebe3248be8fa2d34cab54a	None	?	soundcollection_assets_all.bundle
b89226c55bbcc0946aa590c44cd3e294	None	?	soundcollection_assets_all.bundle
b8c5c66b605bc0b43a355d0efc3dbb49	None	?	soundcollection_assets_all.bundle
b9071dfa866db33469443489bbb4d883	None	?	soundcollection_assets_all.bundle
b94477548e47fd840b414f792b451339	None	?	soundcollection_assets_all.bundle
b97d8642f1bbbc6499d5603060c408f7	None	?	soundcollection_assets_all.bundle
b9ac16ad69b969648a7677f960a037dc	None	?	soundcollection_assets_all.bundle
ba838e172a0ae3a489fb4aa64380e1a8	None	?	soundcollection_assets_all.bundle
baa1a292a3fe04b6097feefbfea91919	None	?	soundcollection_assets_all.bundle
bb60622dc79343c4aacc0334e9fa3071	None	?	soundcollection_assets_all.bundle
bbbb9b5a867c618409b492b94b56e1a0	None	?	soundcollection_assets_all.bundle
bbd2406f439bb2640a0b5110c00f0f76	None	?	soundcollection_assets_all.bundle
bbd954ad08dc3ed46a11d53b1b8a2dae	None	?	soundcollection_assets_all.bundle
bc0b441159ee1aa4aab358ab66a0902f	None	?	soundcollection_assets_all.bundle
bc164c160eec0d24bb811a8b608fed9f	None	?	soundcollection_assets_all.bundle
bd7812ba0df6f114e939ab4ae428ce91	None	?	soundcollection_assets_all.bundle
bdba49ab02411a64da1633ef0bd522c1	None	?	soundcollection_assets_all.bundle
bdf8de1bbf6294245927cf009d56b038	None	?	soundcollection_assets_all.bundle
bef181babec3f4b429a1d5c9eab73e64	None	?	soundcollection_assets_all.bundle
beff4910194c85347ae33961c42c4e57	None	?	soundcollection_assets_all.bundle
bf8f922070063024883f44ef732a1ce8	None	?	soundcollection_assets_all.bundle
bf9ad754f63ef8549803d3b2b55195a5	None	?	soundcollection_assets_all.bundle
bfa5527587239bd49af81895e9d1f37f	None	?	soundcollection_assets_all.bundle
c0704756dab61b64db7e0feccd66355e	None	?	soundcollection_assets_all.bundle
c094c1e5f5bf1c04180ad90b3c3f79b7	None	?	soundcollection_assets_all.bundle
c0caf77f43800d845b0c03b5790f8c26	None	?	soundcollection_assets_all.bundle
c18b15e688de1c54aa8178d7e7f71322	None	?	soundcollection_assets_all.bundle
c19b9593e236df443a4e4915cd422d3d	None	?	soundcollection_assets_all.bundle
c1ba30f34b68e364d8b29668d88628c3	None	?	soundcollection_assets_all.bundle
c365eaabe7b43b5499138ddba2987102	None	?	soundcollection_assets_all.bundle
c47c08397539b584fb950313d978f9e2	None	?	soundcollection_assets_all.bundle
c58aa4222d33f2d4594dad21b9c74e3c	None	?	soundcollection_assets_all.bundle
c5a3c0d61fdbcae4495c55ca6f3f8514	None	?	soundcollection_assets_all.bundle
c5e4e2013a00ab345b08d2239e021843	None	?	soundcollection_assets_all.bundle
c6024d5c83efd714ba8ff9ceeea9225f	None	?	soundcollection_assets_all.bundle
c672bb5aecfcaf74da8934f1fb4f8681	None	?	soundcollection_assets_all.bundle
c6dc488f8bc30cc40b07ebc233717440	None	?	soundcollection_assets_all.bundle
c709d34f481e8c34eada062caf70bf3a	None	?	soundcollection_assets_all.bundle
c79b3369d477b4547a70ecf6add79e3d	None	?	soundcollection_assets_all.bundle
c8197f96bb1c86f4e970b78987cd4857	None	?	soundcollection_assets_all.bundle
c855dc04a5bc04243b997bded2f3cd7a	None	?	soundcollection_assets_all.bundle
c88d96e5fa7d5e44d8dcd47551a127bf	None	?	soundcollection_assets_all.bundle
c8ae1f0546bf00549b20cf366d845e37	None	?	soundcollection_assets_all.bundle
c9547aca9e713a04bbc8fc012d737808	None	?	soundcollection_assets_all.bundle
c958f32695add4f419e7bdffd572aa4a	None	?	soundcollection_assets_all.bundle
c9748c802ab7076469bd74242e729cb6	None	?	soundcollection_assets_all.bundle
ca07cbf7baae2454e99e2ea43956cc96	None	?	soundcollection_assets_all.bundle
ca825cbc1863b534f9f3229c197b399f	None	?	soundcollection_assets_all.bundle
cade6fac53cb6b64dad3f964291b20af	None	?	soundcollection_assets_all.bundle
cb2de3d1481890344b503ae6801df6f0	None	?	soundcollection_assets_all.bundle
cbae7fa9ebe107e429319222d48f38d0	None	?	soundcollection_assets_all.bundle
cbb1dcd05e2156c4c8f3c56f7901e785	None	?	soundcollection_assets_all.bundle
cd8dfeee5f78d7b4a9bdfc95bdc87109	None	?	soundcollection_assets_all.bundle
cd8ec010f6406e544b74ac2bb3b331ab	None	?	soundcollection_assets_all.bundle
ce35397c495b02745bdcdfbda1b76062	None	?	soundcollection_assets_all.bundle
ce6dccbdf4355604eb92e5fd8b21ae3e	None	?	soundcollection_assets_all.bundle
ce956104303204403af9efd29fb34ac1	None	?	soundcollection_assets_all.bundle
cecd05b3d7ccfcd45be2a6ec766f6f53	None	?	soundcollection_assets_all.bundle
cf075f92e3b8217449ccc0aa19807010	None	?	soundcollection_assets_all.bundle
cf8d05e4a31cd874b887853a76b716c5	None	?	soundcollection_assets_all.bundle
d007b84edf7feac48984b77c71a73074	None	?	soundcollection_assets_all.bundle
d0cbb14d9afb9304c87f72abc3646098	None	?	soundcollection_assets_all.bundle
d0d7f5d4de0d45046a60264510721317	None	?	soundcollection_assets_all.bundle
d1612d9372eca0740974a585edbfa071	None	?	soundcollection_assets_all.bundle
d192bf3348c8c4daa8f2cdbd8fe5f1c7	None	?	soundcollection_assets_all.bundle
d200a5d13c93b3244a0d0f97195eb812	None	?	soundcollection_assets_all.bundle
d20da35f2b4f5de40ac0550af767a368	None	?	soundcollection_assets_all.bundle
d21b36a53456e90438d198a5eb7f9d76	None	?	soundcollection_assets_all.bundle
d242d7d917a488846b7f24bba2e15eab	None	?	soundcollection_assets_all.bundle
d367e0f8b67310046917d06171e5a6bb	None	?	soundcollection_assets_all.bundle
d37791570b622c94dbf4042c6564801f	None	?	soundcollection_assets_all.bundle
d3c1d7a7489a05e46a56a74b67043ec3	None	?	soundcollection_assets_all.bundle
d49efd6469c4a38438ae9c6296aff177	None	?	soundcollection_assets_all.bundle
d4da9779522713f4da2c07c09eb22772	None	?	soundcollection_assets_all.bundle
d615fc23221fc934ea39f330c4b75896	None	?	soundcollection_assets_all.bundle
d6f77246fd3be1548acac929536178e6	None	?	soundcollection_assets_all.bundle
d73e043533042774787018a441280226	None	?	soundcollection_assets_all.bundle
d76c32550492484419b6a6fa95b28d92	None	?	soundcollection_assets_all.bundle
d7b15c52b2d2ccc43b1a00502589fb9b	None	?	soundcollection_assets_all.bundle
d7d0cabadbfcb9b43b04bf8c0af84d16	None	?	soundcollection_assets_all.bundle
d7ddf21ac0d37034fa00e36bf7b95763	None	?	soundcollection_assets_all.bundle
d836ecbc669f2f543a396eb3233b0c25	None	?	soundcollection_assets_all.bundle
d8837230d127a2e448f2173fdaeb8029	None	?	soundcollection_assets_all.bundle
d8c4a42101c292a49870b65288b3e991	None	?	soundcollection_assets_all.bundle
d8d80124c22c42148a855d95637881e5	None	?	soundcollection_assets_all.bundle
d8d895239dc214240a4f99e76b73e337	None	?	soundcollection_assets_all.bundle
d8fcd9e26668940a4a2091b89009892c	None	?	soundcollection_assets_all.bundle
d97bacb30e9c08c4597af6a22f13345c	None	?	soundcollection_assets_all.bundle
d9ea87bb6fb291d40a657662d418cb80	None	?	soundcollection_assets_all.bundle
d9fcfea9a0836a1428006be8ea128574	None	?	soundcollection_assets_all.bundle
da261283d5e4c5b48b58de92b7bd9aa9	None	?	soundcollection_assets_all.bundle
da6c1717c3406e44e8f1af56815a35db	None	?	soundcollection_assets_all.bundle
da958e8111ecf954b81affab97bb1018	None	?	soundcollection_assets_all.bundle
daa9a05c68ed6d443910e41a509d9d36	None	?	soundcollection_assets_all.bundle
dbae4fb6d44033243b292f38757c297c	None	?	soundcollection_assets_all.bundle
dbcfa09e802fac348ae2d2220b66e8ef	None	?	soundcollection_assets_all.bundle
dcc901c5a2a2a4c439064b84b986d291	None	?	soundcollection_assets_all.bundle
dcfadd844690393419164c6f00018a25	None	?	soundcollection_assets_all.bundle
dd31e15e17bac4d57b4dc4cc9d70d1a0	None	?	soundcollection_assets_all.bundle
dd7ca701624463e4c9cda2b5ba2e99ff	None	?	soundcollection_assets_all.bundle
de4d3ade0bfc900468468734338f2626	None	?	soundcollection_assets_all.bundle
deb1b3e8bafeeb54f94d77b1f57153f0	None	?	soundcollection_assets_all.bundle
ded08a1d4c31da349ac1ef228a69e7a4	None	?	soundcollection_assets_all.bundle
def560cb46c827341832f7c71ee67270	None	?	soundcollection_assets_all.bundle
def71bb1da9abec4687413ab3fc56361	None	?	soundcollection_assets_all.bundle
df307dac988ac064fa087c316460564d	None	?	soundcollection_assets_all.bundle
dfa4c76926288a744a8913987eb2a20d	None	?	soundcollection_assets_all.bundle
dff66d0b8d4b75643a20e8c739e7c1e0	None	?	soundcollection_assets_all.bundle
e11d2af57e6fd4ffbb086e4d5b7a3786	None	?	soundcollection_assets_all.bundle
e11fdec1997bd4b96af6f783b9b240c3	None	?	soundcollection_assets_all.bundle
e1248056e5923e540a1ff280a444d2d6	None	?	soundcollection_assets_all.bundle
e225d8a698284c84fa200fcdc6eb1eee	None	?	soundcollection_assets_all.bundle
e2a8b45241eee4c4185be48a327cee05	None	?	soundcollection_assets_all.bundle
e2e4e326fba390748a81274eb0d0631f	None	?	soundcollection_assets_all.bundle
e2e7bf19a9d5148c3b347de54375efcf	None	?	soundcollection_assets_all.bundle
e3bad3f59b68ffd4c9ad51a060b6f642	None	?	soundcollection_assets_all.bundle
e4d01cb7472e38b4489bf3e0b3116169	None	?	soundcollection_assets_all.bundle
e4dda3b8a28130d4da467d844bbc571c	None	?	soundcollection_assets_all.bundle
e4fe56ec7c29d3846a669798ae50861b	None	?	soundcollection_assets_all.bundle
e57a9d01597f3425696682d9208e48b7	None	?	soundcollection_assets_all.bundle
e60cb1dc4806443258391cbb61be44d8	None	?	soundcollection_assets_all.bundle
e6adb15bd7d5a014b951997d44adadb8	None	?	soundcollection_assets_all.bundle
e6e69c12e5f1d2d41a04236a2df3f5ce	None	?	soundcollection_assets_all.bundle
e772ce950e6f443508dbace4dbf415ee	None	?	soundcollection_assets_all.bundle
e86fa6eaae6549a46a97991e8594fe81	None	?	soundcollection_assets_all.bundle
e8cff34bcb9837446823b381ab52561c	None	?	soundcollection_assets_all.bundle
eb029c263eb8bbf4085034aa78ed7daa	None	?	soundcollection_assets_all.bundle
eb55f9712be0b604daab2ef698e6bde1	None	?	soundcollection_assets_all.bundle
eb8b85b0a4d30484aaf634df61ed1b4f	None	?	soundcollection_assets_all.bundle
ebade6bb575893d4d902d3a3153c710b	None	?	soundcollection_assets_all.bundle
ebafbaa0898b0ae4da17ba730dd67898	None	?	soundcollection_assets_all.bundle
ec89dfb7f13d94ca983671db2bfac43a	None	?	soundcollection_assets_all.bundle
ecccc15735410434b8bdb6cf0bd50aa1	None	?	soundcollection_assets_all.bundle
ed3b5d033f979f34baf3e2887249d75d	None	?	soundcollection_assets_all.bundle
ee005ab78164bc1468d7cbbc9e537ccb	None	?	soundcollection_assets_all.bundle
ee133abf83c0e084a9e33668cbd18235	None	?	soundcollection_assets_all.bundle
ee369ae8f38418842af481f28c2c9ae6	None	?	soundcollection_assets_all.bundle
ee3de6656c0bf794187317e4b32ffccd	None	?	soundcollection_assets_all.bundle
ee431ad2ff162434995023b43ed1879e	None	?	soundcollection_assets_all.bundle
ee96f69338e01e343ad4d0cd93283fdb	None	?	soundcollection_assets_all.bundle
ef1dde8b43b413742919df6948e73c56	None	?	soundcollection_assets_all.bundle
ef7256083e48bd04db43aadc4bc864ec	None	?	soundcollection_assets_all.bundle
f02237fc79e74fe44802e1b6ea65c63e	None	?	soundcollection_assets_all.bundle
f056deab7b7fb2e4e87a37a0d2c146e5	None	?	soundcollection_assets_all.bundle
f08499532342a984c9efb5f404181058	None	?	soundcollection_assets_all.bundle
f0b2a684458844043a8fa2dd33640c5d	None	?	soundcollection_assets_all.bundle
f0d8b181bfdd0fd42bb3a0280bd4d43b	None	?	soundcollection_assets_all.bundle
f13dcc73a81ffb64d89b239a5b9cae71	None	?	soundcollection_assets_all.bundle
f151da858bfa70f4b80b1636c3d0385f	None	?	soundcollection_assets_all.bundle
f1be2213172289c44853571844e9ae29	None	?	soundcollection_assets_all.bundle
f24d7b112aff6914799c0c6528b984e2	None	?	soundcollection_assets_all.bundle
f35ba49c2ab58a4478855459dcf6aa2c	None	?	soundcollection_assets_all.bundle
f35bf9c7a15387341966612b648cddcb	None	?	soundcollection_assets_all.bundle
f42e0ee4505ffce4f876652d67baa71a	None	?	soundcollection_assets_all.bundle
f474581fbbe74ef4aa928df5b8eda5e1	None	?	soundcollection_assets_all.bundle
f618f413a9bdd4d0bbefcaedd2ebf169	None	?	soundcollection_assets_all.bundle
f6f4ab95b578b694a85fa0c7039e8d34	None	?	soundcollection_assets_all.bundle
f7038fe91e5a60746b9becd68ab74b05	None	?	soundcollection_assets_all.bundle
f7254bc7ed34a214bb36f9a885134f38	None	?	soundcollection_assets_all.bundle
f81e94b3e9634474a862b7914a318872	None	?	soundcollection_assets_all.bundle
f83d6aabae538004383a3072f12d6ff5	None	?	soundcollection_assets_all.bundle
f8b899b625d423849908db86e5f0a39e	None	?	soundcollection_assets_all.bundle
f9c8fcb38377ac2499c78205fa488803	None	?	soundcollection_assets_all.bundle
f9de9cc8f3f47ea4f8d159293093e8f3	None	?	soundcollection_assets_all.bundle
fa1713d4786b6f641a60de19573c23fa	None	?	soundcollection_assets_all.bundle
fa1d05ffab267a448a90bdfb46b9a87d	None	?	soundcollection_assets_all.bundle
fa2d5978b5f0d884d8272100357c33bb	None	?	soundcollection_assets_all.bundle
fa73bd8297cd35147a84d9c4ce8b6e58	None	?	soundcollection_assets_all.bundle
facdc07d9d51e224db709e2576ace1d9	None	?	soundcollection_assets_all.bundle
fafd0d6636364bb4cb953db25db96911	None	?	soundcollection_assets_all.bundle
fb3838fa8edd185489c29781a02942e7	None	?	soundcollection_assets_all.bundle
fd5e902bf058f8245a372b706da1f94f	None	?	soundcollection_assets_all.bundle
fd7a10e92c96c744bb089248b6b9cdc5	None	?	soundcollection_assets_all.bundle
fda293c4dc6577543a33c12834c2fe50	None	?	soundcollection_assets_all.bundle
fe6d436288af17742afb319b70710c65	None	?	soundcollection_assets_all.bundle
fe78349f29d0dbb4cbf4759d2d21a8ad	None	?	soundcollection_assets_all.bundle
feb26468c8e5cb349b199e756ef39798	None	?	soundcollection_assets_all.bundle
febf7e1d16d50d04ea663802b05eb7c6	None	?	soundcollection_assets_all.bundle
fee6bc39e429e5042ac490667bd4cd98	None	?	soundcollection_assets_all.bundle
ffc87d309d1cac24fadb80f47a945256	None	?	soundcollection_assets_all.bundle
0599072b03e95c443ab7202faddbaf23	None	?	spacemarinesdarkangelscardanims_assets_all.bundle
30e10084043c97749abfc64dc935fe53	None	?	spacemarinesdarkangelscardanims_assets_all.bundle
39d3e08496607114e9cb19732fea5852	None	?	spacemarinesdarkangelscardanims_assets_all.bundle
407c2c13b39a37c438bd870d248c245c	None	?	spacemarinesdarkangelscardanims_assets_all.bundle
4e6d76ccf852cb94584f249032b2e640	None	?	spacemarinesdarkangelscardanims_assets_all.bundle
50728df9730796d48aedea73047a2f1d	None	?	spacemarinesdarkangelscardanims_assets_all.bundle
559e92952ddf6ba44ad6a7af79b13d0d	None	?	spacemarinesdarkangelscardanims_assets_all.bundle
62ee0c1c86c860049b2c508afbb61b1a	None	?	spacemarinesdarkangelscardanims_assets_all.bundle
63cddc1111a76f74c83d3e621a2fadf8	None	?	spacemarinesdarkangelscardanims_assets_all.bundle
7585c0b4bb77fe249a745fc06781f671	None	?	spacemarinesdarkangelscardanims_assets_all.bundle
773f68fc76d930b479864357040fed70	None	?	spacemarinesdarkangelscardanims_assets_all.bundle
842176febf8cd2a4ea813aef48053ef8	None	?	spacemarinesdarkangelscardanims_assets_all.bundle
8b171ba4252355a4699cb24768ebd730	None	?	spacemarinesdarkangelscardanims_assets_all.bundle
8b7a6eaff8b913644a236c8dc38ed4d4	None	?	spacemarinesdarkangelscardanims_assets_all.bundle
91d65ccbeffcdad47b22244b5c2fd6f8	None	?	spacemarinesdarkangelscardanims_assets_all.bundle
9cdc26a4ec4527944955d2373a64b430	None	?	spacemarinesdarkangelscardanims_assets_all.bundle
b13d201535505ef408fe108d6f755cd4	None	?	spacemarinesdarkangelscardanims_assets_all.bundle
ba397f70504aba24d82aaa6caae90fe5	None	?	spacemarinesdarkangelscardanims_assets_all.bundle
d4175e1009be84c44b19a4231e98040c	None	?	spacemarinesdarkangelscardanims_assets_all.bundle
db08e5db26f7c1d4e80957fea60aef9a	None	?	spacemarinesdarkangelscardanims_assets_all.bundle
db13a90151a93314384fd79a3f8322cd	None	?	spacemarinesdarkangelscardanims_assets_all.bundle
fbf02a3b51b9797449dee10f45d96e68	None	?	spacemarinesdarkangelscardanims_assets_all.bundle
fcbdf3adfad3ddf4a99a9bcf27042224	None	?	spacemarinesdarkangelscardanims_assets_all.bundle
0061e16e3b3d9433d84f42b19fa039c6	None	?	spacemarinesdarkangelscardassets_assets_all.bundle
014b1076f443ba64c8d56a592970408e	None	?	spacemarinesdarkangelscardassets_assets_all.bundle
037cfcca4076748639d5d5420e10df9c	None	?	spacemarinesdarkangelscardassets_assets_all.bundle
055c694e8db8d452c8d914b8b439edc8	None	?	spacemarinesdarkangelscardassets_assets_all.bundle
056c8cc8c38d04e779c405d858f22858	None	?	spacemarinesdarkangelscardassets_assets_all.bundle
060e62eeb02984a6bb921885d17ddacf	None	?	spacemarinesdarkangelscardassets_assets_all.bundle
07127e32e791349968f04c305755b579	None	?	spacemarinesdarkangelscardassets_assets_all.bundle
088ffaa7c894a434c842ceb140d57b85	None	?	spacemarinesdarkangelscardassets_assets_all.bundle
0bf4cf9f244744a728773b4d80df4e34	None	?	spacemarinesdarkangelscardassets_assets_all.bundle
0f574e3e8637e4c3ea9fa552107464b1	None	?	spacemarinesdarkangelscardassets_assets_all.bundle
0f87a5b743a574d43b2da5b27bfc4a93	None	?	spacemarinesdarkangelscardassets_assets_all.bundle
104aa3d7c4d464d25aa1ff1d807aa8a0	None	?	spacemarinesdarkangelscardassets_assets_all.bundle
115651fc361494cb7b2443fb57c7c0fb	None	?	spacemarinesdarkangelscardassets_assets_all.bundle
11591396e3efc416f81b980da7a40022	None	?	spacemarinesdarkangelscardassets_assets_all.bundle
115c129a5cc4c452a9d0ad71e1e1d5c0	None	?	spacemarinesdarkangelscardassets_assets_all.bundle
11c29ec6ef13d414da117a8acb56d1a2	None	?	spacemarinesdarkangelscardassets_assets_all.bundle
124f1861941df467a8e4bbe5af53595c	None	?	spacemarinesdarkangelscardassets_assets_all.bundle
12961f302cb0e459a85c7535951335e9	None	?	spacemarinesdarkangelscardassets_assets_all.bundle
14aad49c833b145da88574b12f1e437f	None	?	spacemarinesdarkangelscardassets_assets_all.bundle
14ba079b0e91d8d48b54928497a3b6c3	None	?	spacemarinesdarkangelscardassets_assets_all.bundle
178dd1e49def74dd89a456af6490c6e4	None	?	spacemarinesdarkangelscardassets_assets_all.bundle
18612ee58d7364856927ebffd824e383	None	?	spacemarinesdarkangelscardassets_assets_all.bundle
18a82a849209b436b889697dc5103bd2	None	?	spacemarinesdarkangelscardassets_assets_all.bundle
19fc74284558e41faa29334c695b9033	None	?	spacemarinesdarkangelscardassets_assets_all.bundle
1ab06dd3639a44b4ba876ae74cba9daf	None	?	spacemarinesdarkangelscardassets_assets_all.bundle
1bde6d498e40a4df09079fcb2e26291d	None	?	spacemarinesdarkangelscardassets_assets_all.bundle
1c3a050d7bcc64c1c972a6b6f7d0c95c	None	?	spacemarinesdarkangelscardassets_assets_all.bundle
1d7fa7430a4ef4cb49c3e0e4c51fdb44	None	?	spacemarinesdarkangelscardassets_assets_all.bundle
1e14eb864397048639a57dc4cfb37b37	None	?	spacemarinesdarkangelscardassets_assets_all.bundle
217256d197e99b0429a46f5341c54868	None	?	spacemarinesdarkangelscardassets_assets_all.bundle
2252f7d39ee53487780452c33316970a	None	?	spacemarinesdarkangelscardassets_assets_all.bundle
228a70cd0d30944e2b62d2b5e7511145	None	?	spacemarinesdarkangelscardassets_assets_all.bundle
23e674eb2138c42f082901415510f7d7	None	?	spacemarinesdarkangelscardassets_assets_all.bundle
25daaeca1640447e2a91a85a5f3bbba9	None	?	spacemarinesdarkangelscardassets_assets_all.bundle
269079e42a5dc4b78a8bf5a91409c8c3	None	?	spacemarinesdarkangelscardassets_assets_all.bundle
26df6ea0633ec4c47bed6342e3a7852a	None	?	spacemarinesdarkangelscardassets_assets_all.bundle
276bd403798e94e34ae37f2fe3ae9e03	None	?	spacemarinesdarkangelscardassets_assets_all.bundle
27bebd278415c20419bc4607c2154221	None	?	spacemarinesdarkangelscardassets_assets_all.bundle
28e53abe44b6447299d3a2f34ffdbeed	None	?	spacemarinesdarkangelscardassets_assets_all.bundle
293628fd86c394e7196e0796cfc61e31	None	?	spacemarinesdarkangelscardassets_assets_all.bundle
295cba2ea88f04282800f044b86cad60	None	?	spacemarinesdarkangelscardassets_assets_all.bundle
2a34030be8c4e417093b34e56ec34aac	None	?	spacemarinesdarkangelscardassets_assets_all.bundle
2afa1f4616cde470d8722991c0193601	None	?	spacemarinesdarkangelscardassets_assets_all.bundle
2d30d4d0d798d864ebee502e92223c62	None	?	spacemarinesdarkangelscardassets_assets_all.bundle
2dfa0e18505d14beaacb5efe1e925155	None	?	spacemarinesdarkangelscardassets_assets_all.bundle
2e094e49f592f4ac494d3d718cfc2ebc	None	?	spacemarinesdarkangelscardassets_assets_all.bundle
2eb320192525144a39e1f57474ad472d	None	?	spacemarinesdarkangelscardassets_assets_all.bundle
2f22ec7e01acd435181c5f70140a50c9	None	?	spacemarinesdarkangelscardassets_assets_all.bundle
30059f4346121bc488413a9c0ef833ca	None	?	spacemarinesdarkangelscardassets_assets_all.bundle
310cc8099c6403a429653020b84c42ad	None	?	spacemarinesdarkangelscardassets_assets_all.bundle
3144b33f536519f449451af2b6c17667	None	?	spacemarinesdarkangelscardassets_assets_all.bundle
31b2dfafcabee344ab134f48d07e5e6b	None	?	spacemarinesdarkangelscardassets_assets_all.bundle
33fcae389ea3a4a94a0f75b84a9edcc5	None	?	spacemarinesdarkangelscardassets_assets_all.bundle
36bac973069ce48dd8b0f490bcbbf58d	None	?	spacemarinesdarkangelscardassets_assets_all.bundle
3758bc4eef277324a8aa4bfd4c749f90	None	?	spacemarinesdarkangelscardassets_assets_all.bundle
378659feadd6c40e9927071fcc0e661d	None	?	spacemarinesdarkangelscardassets_assets_all.bundle
37be6b3da002741b6b534591919a3edf	None	?	spacemarinesdarkangelscardassets_assets_all.bundle
3920f523e8f7c44f8b527063c0d1aaf5	None	?	spacemarinesdarkangelscardassets_assets_all.bundle
3c72d14f18b2a4b35afa55e3c357e274	None	?	spacemarinesdarkangelscardassets_assets_all.bundle
3cb5f81a2befc43cb8cfa2032f1b6860	None	?	spacemarinesdarkangelscardassets_assets_all.bundle
3cd599c1d5d2147b6b11a465905498dd	None	?	spacemarinesdarkangelscardassets_assets_all.bundle
3cf128a24fc5f4a11be766c575c5d6f9	None	?	spacemarinesdarkangelscardassets_assets_all.bundle
3cf5196fca4a74de9aaf5abb2e15180e	None	?	spacemarinesdarkangelscardassets_assets_all.bundle
3ebea168302334e84b5f7d1cfcceddf1	None	?	spacemarinesdarkangelscardassets_assets_all.bundle
3f5c9637c0e2c42f78e8d662e2eb819d	None	?	spacemarinesdarkangelscardassets_assets_all.bundle
40544f9b2de50439fb1020fc59a8789d	None	?	spacemarinesdarkangelscardassets_assets_all.bundle
418be0432d0e33c42be9f4e9dd5f7f80	None	?	spacemarinesdarkangelscardassets_assets_all.bundle
427e4ae4f79424efb9bc13228ef87511	None	?	spacemarinesdarkangelscardassets_assets_all.bundle
455e8b46fd94946d782bf0954bafed85	None	?	spacemarinesdarkangelscardassets_assets_all.bundle
45630040af68c42bfa7f4359149ca99a	None	?	spacemarinesdarkangelscardassets_assets_all.bundle
4642187166e124ea28d4432df5e88f5f	None	?	spacemarinesdarkangelscardassets_assets_all.bundle
46c6d387b7ba547b8a6b5d89012494ef	None	?	spacemarinesdarkangelscardassets_assets_all.bundle
4843d8fe297e441d79ee09e6e3e5cee7	None	?	spacemarinesdarkangelscardassets_assets_all.bundle
4a5c02d9d61e64b15b883c3ce17f79c3	None	?	spacemarinesdarkangelscardassets_assets_all.bundle
4b4cba4390460499ea8e3e10cb0cd9e8	None	?	spacemarinesdarkangelscardassets_assets_all.bundle
4ba03f0aaf779410b9e176fbcb24a573	None	?	spacemarinesdarkangelscardassets_assets_all.bundle
4c6ac6e283e7f4cd1abcb80ba22d04c9	None	?	spacemarinesdarkangelscardassets_assets_all.bundle
4ca9bb28c11e747c58720573c2b9a11c	None	?	spacemarinesdarkangelscardassets_assets_all.bundle
4cd01d62d1d7e44408c4965594a5ca1d	None	?	spacemarinesdarkangelscardassets_assets_all.bundle
4eebef129714e4e47ac17ce8388d1407	None	?	spacemarinesdarkangelscardassets_assets_all.bundle
50de37c710fa6ee4cb84609e462180f6	None	?	spacemarinesdarkangelscardassets_assets_all.bundle
513e063e6aa55a746b191af9470139f2	None	?	spacemarinesdarkangelscardassets_assets_all.bundle
51d29e55c81a2456397d2eefcfd01343	None	?	spacemarinesdarkangelscardassets_assets_all.bundle
52f8c159a4f3e47a1992105ce0ccf912	None	?	spacemarinesdarkangelscardassets_assets_all.bundle
538a02fa718744ec68bb41e2b5b88191	None	?	spacemarinesdarkangelscardassets_assets_all.bundle
53b14a1dff93e44c79b6bdae87d1912e	None	?	spacemarinesdarkangelscardassets_assets_all.bundle
53c163b1bcce64aea80072c32c88c17d	None	?	spacemarinesdarkangelscardassets_assets_all.bundle
54b296e8ded9347f487ddd38a6a341ff	None	?	spacemarinesdarkangelscardassets_assets_all.bundle
55896540e7aa946dca072464b01616a2	None	?	spacemarinesdarkangelscardassets_assets_all.bundle
572199591e73941409ff9cab1e563213	None	?	spacemarinesdarkangelscardassets_assets_all.bundle
584d0bfc4783a46a3a636aa68fcc3401	None	?	spacemarinesdarkangelscardassets_assets_all.bundle
58cc9c5645c7c4e5a95e58a9a08503dd	None	?	spacemarinesdarkangelscardassets_assets_all.bundle
5c14011ca871e4eb48e76fb5b0f7468a	None	?	spacemarinesdarkangelscardassets_assets_all.bundle
5dcc25aba3fd3455fa9f6f777ee306d8	None	?	spacemarinesdarkangelscardassets_assets_all.bundle
5f546729548ea4d31bd6520c4e884ca2	None	?	spacemarinesdarkangelscardassets_assets_all.bundle
60216d7a915c26940acf5abd4dadeb2f	None	?	spacemarinesdarkangelscardassets_assets_all.bundle
60c6dcfc38d044d1f8f00c03dc94f931	None	?	spacemarinesdarkangelscardassets_assets_all.bundle
6166d2fc614fefb4cb98f466f34cc0bc	None	?	spacemarinesdarkangelscardassets_assets_all.bundle
66e3d6bf6262440f8a5e020dc27b8cf9	None	?	spacemarinesdarkangelscardassets_assets_all.bundle
6822fc68abad14ddba087efcc6e009f3	None	?	spacemarinesdarkangelscardassets_assets_all.bundle
682b61c997d0240aba49c2d60d3b740f	None	?	spacemarinesdarkangelscardassets_assets_all.bundle
68aee978f956f4a3b880f25ea6228866	None	?	spacemarinesdarkangelscardassets_assets_all.bundle
68d0abb284d42bb4a96c89a7fe8a3910	None	?	spacemarinesdarkangelscardassets_assets_all.bundle
6b0f58e8991a5498f94487a8edf83205	None	?	spacemarinesdarkangelscardassets_assets_all.bundle
6b224aa04399e438a85f96dfc1b86826	None	?	spacemarinesdarkangelscardassets_assets_all.bundle
6b7dbedca4351478db1b932a3d4c2f68	None	?	spacemarinesdarkangelscardassets_assets_all.bundle
6d02b32b02acf401cadcf0c48b6dccd8	None	?	spacemarinesdarkangelscardassets_assets_all.bundle
6d704e0669b01471b8c128e84dd1ea10	None	?	spacemarinesdarkangelscardassets_assets_all.bundle
7285497cfb18d497ea786dd8ee2369dc	None	?	spacemarinesdarkangelscardassets_assets_all.bundle
72bea3f62b41d4403b85588f06e697fe	None	?	spacemarinesdarkangelscardassets_assets_all.bundle
73ad1d0520a6e784cb28a7d3a3f5a6c4	None	?	spacemarinesdarkangelscardassets_assets_all.bundle
755b056b07e2d43388f16a2da9778b2d	None	?	spacemarinesdarkangelscardassets_assets_all.bundle
76993eecb48ab49ffbc631d372043889	None	?	spacemarinesdarkangelscardassets_assets_all.bundle
77dd1356562da4f95a9cad7be3b7345e	None	?	spacemarinesdarkangelscardassets_assets_all.bundle
77e7b24af1b2b4f2e98484e91222ee08	None	?	spacemarinesdarkangelscardassets_assets_all.bundle
785f2a0a5895d43e3949ac0a802feadd	None	?	spacemarinesdarkangelscardassets_assets_all.bundle
79360106239f145d283324f716c844fc	None	?	spacemarinesdarkangelscardassets_assets_all.bundle
7b24f23518d8f4b739586f5b294e1fbb	None	?	spacemarinesdarkangelscardassets_assets_all.bundle
7cc11cfa08c765e409faadfc5cff55f7	None	?	spacemarinesdarkangelscardassets_assets_all.bundle
7cc2dbc7ec1f24a0da3299d9047f3a52	None	?	spacemarinesdarkangelscardassets_assets_all.bundle
7cee40f39f9d1406d8570b99d2ae57ac	None	?	spacemarinesdarkangelscardassets_assets_all.bundle
836c5fa734f5b6042b1d44706b9661b0	None	?	spacemarinesdarkangelscardassets_assets_all.bundle
839208fb5847c4abab0d745557040ced	None	?	spacemarinesdarkangelscardassets_assets_all.bundle
85d1f33c4d3a34a3f80699d0771c485d	None	?	spacemarinesdarkangelscardassets_assets_all.bundle
8655774c8cbf24070b2911004cd54bdc	None	?	spacemarinesdarkangelscardassets_assets_all.bundle
86d579f467f3d4e229d624f958141dcb	None	?	spacemarinesdarkangelscardassets_assets_all.bundle
87a2a9f2557b90c4888b2356ddb2343e	None	?	spacemarinesdarkangelscardassets_assets_all.bundle
8808acb58d22845b8917c80eefb2e3a8	None	?	spacemarinesdarkangelscardassets_assets_all.bundle
88d008c86146d4eb38b350a8bd22480a	None	?	spacemarinesdarkangelscardassets_assets_all.bundle
890df1f7156f34b5c88a80e24efe03cc	None	?	spacemarinesdarkangelscardassets_assets_all.bundle
89f314c6ede2ebc4abc1ce9df6d269f1	None	?	spacemarinesdarkangelscardassets_assets_all.bundle
8acfcc28db08a45959759b07bf4482ef	None	?	spacemarinesdarkangelscardassets_assets_all.bundle
8c8496b6ff13041c1ab02b24c961ac1d	None	?	spacemarinesdarkangelscardassets_assets_all.bundle
8ce235a25aa0949ff9900828fc26408a	None	?	spacemarinesdarkangelscardassets_assets_all.bundle
8dbe0cc5790ad4e7eb14f0af45b7cbe9	None	?	spacemarinesdarkangelscardassets_assets_all.bundle
8e734fc8d15524a10bfb5f1df4a8038b	None	?	spacemarinesdarkangelscardassets_assets_all.bundle
8f117bc4f501940308615c1e90f9a966	None	?	spacemarinesdarkangelscardassets_assets_all.bundle
8ff3b526bc4304cb1b4b5843eaddb3f0	None	?	spacemarinesdarkangelscardassets_assets_all.bundle
905cd92f5bb9144dfb812c17d51eb932	None	?	spacemarinesdarkangelscardassets_assets_all.bundle
90b5cdbea494242f481d6668fad4b5cf	None	?	spacemarinesdarkangelscardassets_assets_all.bundle
913ef6b3b01414ab6abfb57f319e97b2	None	?	spacemarinesdarkangelscardassets_assets_all.bundle
91cc930cee0174a148524c3f3ee1fecc	None	?	spacemarinesdarkangelscardassets_assets_all.bundle
94c440165b39941ec88612b2050e9bf4	None	?	spacemarinesdarkangelscardassets_assets_all.bundle
958754798db04496fa954ce1d2c5adbd	None	?	spacemarinesdarkangelscardassets_assets_all.bundle
95f3bad738ae2764a9d8dc1e112e9d5b	None	?	spacemarinesdarkangelscardassets_assets_all.bundle
95fc2252f6d054db9a20e4f5e3bcf9b8	None	?	spacemarinesdarkangelscardassets_assets_all.bundle
96693c32ed9d84bcfad7ddfdc27f49e7	None	?	spacemarinesdarkangelscardassets_assets_all.bundle
969cf94b002646445ae77e48916dcbaf	None	?	spacemarinesdarkangelscardassets_assets_all.bundle
971cd63d9e12f4ebf84ca16969965c00	None	?	spacemarinesdarkangelscardassets_assets_all.bundle
987e69245732d482d83af57135c5edcf	None	?	spacemarinesdarkangelscardassets_assets_all.bundle
9932753248719eb44a05f1a5d30af67f	None	?	spacemarinesdarkangelscardassets_assets_all.bundle
9a9f4854b168a4712b75853da6a8ab5b	None	?	spacemarinesdarkangelscardassets_assets_all.bundle
9d96568156eaf46649a2e6b5ea4f90a2	None	?	spacemarinesdarkangelscardassets_assets_all.bundle
9e792f47ebcfa40f88426be36178e063	None	?	spacemarinesdarkangelscardassets_assets_all.bundle
9f4eee3befab84aa19a31d834b418885	None	?	spacemarinesdarkangelscardassets_assets_all.bundle
a1268a7aa96704240a4e927e097118f4	None	?	spacemarinesdarkangelscardassets_assets_all.bundle
a136823f6a49a44c3ad8b6fb50a482ca	None	?	spacemarinesdarkangelscardassets_assets_all.bundle
a28020e5c3ca04e2eaad5e5e18c9d483	None	?	spacemarinesdarkangelscardassets_assets_all.bundle
a486b0ca94e00eb418ef81a93d79914f	None	?	spacemarinesdarkangelscardassets_assets_all.bundle
a7cc99cbad4bc4278ab347958b62a7a3	None	?	spacemarinesdarkangelscardassets_assets_all.bundle
a84e05e7289894b7a95df339938ff286	None	?	spacemarinesdarkangelscardassets_assets_all.bundle
a9a1d2b40498244aa88704eab7b83a11	None	?	spacemarinesdarkangelscardassets_assets_all.bundle
aa7ba8413968343c5a1d77e86fe93ed8	None	?	spacemarinesdarkangelscardassets_assets_all.bundle
ab0c02f4322184be8b1c0a84fc29b8f9	None	?	spacemarinesdarkangelscardassets_assets_all.bundle
ac7a9f6626333489998164c8933e532c	None	?	spacemarinesdarkangelscardassets_assets_all.bundle
ace821c884a684bcbae43cbe485b5195	None	?	spacemarinesdarkangelscardassets_assets_all.bundle
adb6526b74c9c4b108790e81120a5abc	None	?	spacemarinesdarkangelscardassets_assets_all.bundle
af1e85725f61a4db6bb879e10f060f49	None	?	spacemarinesdarkangelscardassets_assets_all.bundle
b0c2fbe894de5438aa4ed65d34231803	None	?	spacemarinesdarkangelscardassets_assets_all.bundle
b0ffd60f423e94dffb23c24ddd1d590f	None	?	spacemarinesdarkangelscardassets_assets_all.bundle
b16a65218bae6416b918564c5949db63	None	?	spacemarinesdarkangelscardassets_assets_all.bundle
b1c11eb76ff734593bf775233c9dfca8	None	?	spacemarinesdarkangelscardassets_assets_all.bundle
b538a45c1da254f4dbc38d11aa3f6c74	None	?	spacemarinesdarkangelscardassets_assets_all.bundle
b77f2406ff72fca439c7bea773e46a04	None	?	spacemarinesdarkangelscardassets_assets_all.bundle
b80f7c8b4d1e04878abc84476d2f9c89	None	?	spacemarinesdarkangelscardassets_assets_all.bundle
bc04e548ce3944e7fbff67a0e7132a6d	None	?	spacemarinesdarkangelscardassets_assets_all.bundle
bef7188b2c4aa4ffb99347eed5f59ed4	None	?	spacemarinesdarkangelscardassets_assets_all.bundle
bf96ae1b85ed746a2a73b07aa77f403d	None	?	spacemarinesdarkangelscardassets_assets_all.bundle
c174e949f30e8064ebb88384ecbb437b	None	?	spacemarinesdarkangelscardassets_assets_all.bundle
c2706f35f5eab4c54a383218a8ff3c98	None	?	spacemarinesdarkangelscardassets_assets_all.bundle
c463f51092bc2e241969ca007da078e1	None	?	spacemarinesdarkangelscardassets_assets_all.bundle
c467a2389470a4e4e865ce9842a5b012	None	?	spacemarinesdarkangelscardassets_assets_all.bundle
c656a53f2b1124b86850c06a37f934eb	None	?	spacemarinesdarkangelscardassets_assets_all.bundle
caee8f4a982fe45ce96a09bd40c8173a	None	?	spacemarinesdarkangelscardassets_assets_all.bundle
ccbbc44b5147a4b50bb80f2e6555651d	None	?	spacemarinesdarkangelscardassets_assets_all.bundle
ce97987089577784f969df5e3473a652	None	?	spacemarinesdarkangelscardassets_assets_all.bundle
d0b0a4700180ade4395aa5971ac7c3ff	None	?	spacemarinesdarkangelscardassets_assets_all.bundle
d1293c591db3a8c4b9e0dfd7edf3c0fc	None	?	spacemarinesdarkangelscardassets_assets_all.bundle
d1f2aff3d83d53545b3578814f81d806	None	?	spacemarinesdarkangelscardassets_assets_all.bundle
d1fa912cec0c2e44ba276583aa91b138	None	?	spacemarinesdarkangelscardassets_assets_all.bundle
d29ded5782428465897089b4e8b77a47	None	?	spacemarinesdarkangelscardassets_assets_all.bundle
d686a401cd2a1984580fdcd2e15e31d0	None	?	spacemarinesdarkangelscardassets_assets_all.bundle
d6def3623028043f89451ba05bbe6e5c	None	?	spacemarinesdarkangelscardassets_assets_all.bundle
d8fdb9752082c4046a09cb17cab3eacc	None	?	spacemarinesdarkangelscardassets_assets_all.bundle
d909848c9c5f29f44b03196453979faf	None	?	spacemarinesdarkangelscardassets_assets_all.bundle
d91ee0e7a51d043eea1517f1b3bc26bf	None	?	spacemarinesdarkangelscardassets_assets_all.bundle
d9d3410cd19c54be396b5bb6212d39e7	None	?	spacemarinesdarkangelscardassets_assets_all.bundle
da6bfe113e1a6a847ad0ffebebe25ef4	None	?	spacemarinesdarkangelscardassets_assets_all.bundle
dbba82779ed4e4476814d7e957043907	None	?	spacemarinesdarkangelscardassets_assets_all.bundle
dbf382fcc23771740be8a5a3c921c7d0	None	?	spacemarinesdarkangelscardassets_assets_all.bundle
dc26d8adc54894901bbec30cd1c38d0a	None	?	spacemarinesdarkangelscardassets_assets_all.bundle
de6c43fe36b2e4862b65856cdc151be4	None	?	spacemarinesdarkangelscardassets_assets_all.bundle
de927c8ce166f4df980bbb1280f7c267	None	?	spacemarinesdarkangelscardassets_assets_all.bundle
df459280211ca4f01a0d37d4ef8e806f	None	?	spacemarinesdarkangelscardassets_assets_all.bundle
e02746699f6674a508371dab8da7b1c7	None	?	spacemarinesdarkangelscardassets_assets_all.bundle
e4d748e0d4e4641b993718470d6f308f	None	?	spacemarinesdarkangelscardassets_assets_all.bundle
e655762cced56469e94e20b359829f96	None	?	spacemarinesdarkangelscardassets_assets_all.bundle
e74862622be3445c183b54e2d11628ae	None	?	spacemarinesdarkangelscardassets_assets_all.bundle
e799cc91ca53847b1b5d3ec6c05e143e	None	?	spacemarinesdarkangelscardassets_assets_all.bundle
e8d26c107cf9b47e8baa3cfed1a5433c	None	?	spacemarinesdarkangelscardassets_assets_all.bundle
eb01cc9cc0ab14ef6a4069294ef79e8e	None	?	spacemarinesdarkangelscardassets_assets_all.bundle
eb42d6c3827f142d280ca83bfcfd48c5	None	?	spacemarinesdarkangelscardassets_assets_all.bundle
eb8b75a86c5c44685aa723bf0dabcfd9	None	?	spacemarinesdarkangelscardassets_assets_all.bundle
ec1ce0ea527ca4817bdda39d1c7d70b4	None	?	spacemarinesdarkangelscardassets_assets_all.bundle
ede708e42b5194602a6428bd73d71f61	None	?	spacemarinesdarkangelscardassets_assets_all.bundle
eed9e958612fc49659beedbb74011feb	None	?	spacemarinesdarkangelscardassets_assets_all.bundle
ef6320ed9a1cb448384f57e8af10591b	None	?	spacemarinesdarkangelscardassets_assets_all.bundle
f0fccdeace7a047f894db67bbcfc925a	None	?	spacemarinesdarkangelscardassets_assets_all.bundle
f3030aa1a523e4d6f9fc8eae29adf71b	None	?	spacemarinesdarkangelscardassets_assets_all.bundle
f3c2f60fc2c494b188c1e2285ac43014	None	?	spacemarinesdarkangelscardassets_assets_all.bundle
f5315b9180f244c4fb75c92ed06f04e8	None	?	spacemarinesdarkangelscardassets_assets_all.bundle
f586f0629bfdd4a6b9b8ce663de19199	None	?	spacemarinesdarkangelscardassets_assets_all.bundle
f6ae50a35b8c24730812b807feaf2a54	None	?	spacemarinesdarkangelscardassets_assets_all.bundle
f73d79535645547f9affcc66df7da7c0	None	?	spacemarinesdarkangelscardassets_assets_all.bundle
f8046a749dbc8d8479bbac24797d0f42	None	?	spacemarinesdarkangelscardassets_assets_all.bundle
f812e5dcb9fcb42de8204250bb49de77	None	?	spacemarinesdarkangelscardassets_assets_all.bundle
f9f3d88d6757246e9b6cf87ab7e296dd	None	?	spacemarinesdarkangelscardassets_assets_all.bundle
fa0017896979f463f8f659a160c26144	None	?	spacemarinesdarkangelscardassets_assets_all.bundle
faf7c3378f7ab441f83757f8eef00a25	None	?	spacemarinesdarkangelscardassets_assets_all.bundle
fb20190f31cdc4bbe96c2f4ff331a465	None	?	spacemarinesdarkangelscardassets_assets_all.bundle
fdd4c7b54fb40634c892b396dd5c0bec	None	?	spacemarinesdarkangelscardassets_assets_all.bundle
00eaca4d40c83db43b9ee8655d852d66	None	?	spacemarinesspacewolvescardanims_assets_all.bundle
0c6e623eeee4edf46952b696e80be83e	None	?	spacemarinesspacewolvescardanims_assets_all.bundle
0d959d2af3a842349883eea5b989a1ed	None	?	spacemarinesspacewolvescardanims_assets_all.bundle
13e3f23b4bed30042b7c3f6eb8325197	None	?	spacemarinesspacewolvescardanims_assets_all.bundle
1947491753565dc4095a81b81de035f8	None	?	spacemarinesspacewolvescardanims_assets_all.bundle
19b1dffe326849c4890ea628632e6996	None	?	spacemarinesspacewolvescardanims_assets_all.bundle
2027d189704a07e459a384df2179975e	None	?	spacemarinesspacewolvescardanims_assets_all.bundle
23f71ea872951b047b0ee19cd9d47ef4	None	?	spacemarinesspacewolvescardanims_assets_all.bundle
25c4fdcaf94a0b34d836aff40c98b69c	None	?	spacemarinesspacewolvescardanims_assets_all.bundle
294d72c1ed633f84bb6f389c3ddbfbe1	None	?	spacemarinesspacewolvescardanims_assets_all.bundle
2ed1843534c090f4c95f3cf959bbb3e9	None	?	spacemarinesspacewolvescardanims_assets_all.bundle
34eb42da339c5044ebd98bce2a4f52e5	None	?	spacemarinesspacewolvescardanims_assets_all.bundle
66df050fa7493814480a340da19d7434	None	?	spacemarinesspacewolvescardanims_assets_all.bundle
6aab4be063e04e844a9bfaac58b9d624	None	?	spacemarinesspacewolvescardanims_assets_all.bundle
6bc90908c9f61524a8152e68dca3f568	None	?	spacemarinesspacewolvescardanims_assets_all.bundle
6dcfe8c76a63be24b960c34b418118a9	None	?	spacemarinesspacewolvescardanims_assets_all.bundle
7679bbb6cf16ceb47a00dc2ec2acba75	None	?	spacemarinesspacewolvescardanims_assets_all.bundle
797c83e10bc34e34d83a2e3a9bd04114	None	?	spacemarinesspacewolvescardanims_assets_all.bundle
7cff992582ffc634f9be243230a2a01d	None	?	spacemarinesspacewolvescardanims_assets_all.bundle
816be0ca02ea0234887c5abb5201296c	None	?	spacemarinesspacewolvescardanims_assets_all.bundle
8327d48166c9057439d395aec82b68ca	None	?	spacemarinesspacewolvescardanims_assets_all.bundle
945014349c7e3cd4b93922bafe782387	None	?	spacemarinesspacewolvescardanims_assets_all.bundle
95530c3d022f2c84d801c75f9d7bd63c	None	?	spacemarinesspacewolvescardanims_assets_all.bundle
96f412ea870a97342b0d4f16f849ea1c	None	?	spacemarinesspacewolvescardanims_assets_all.bundle
a679fd464808be94dadd0ee806e19044	None	?	spacemarinesspacewolvescardanims_assets_all.bundle
acf92b714bfc17f49a0e47ee52372436	None	?	spacemarinesspacewolvescardanims_assets_all.bundle
afac03b07f45ffc498b1d3421b55c3c3	None	?	spacemarinesspacewolvescardanims_assets_all.bundle
b0312e98d636b1946b98d4031c0ae9f0	None	?	spacemarinesspacewolvescardanims_assets_all.bundle
c449f12fe7f5a8140b9e4b43fcc53877	None	?	spacemarinesspacewolvescardanims_assets_all.bundle
c54f94d30a8004f4ab1967ce57662661	None	?	spacemarinesspacewolvescardanims_assets_all.bundle
c8d27632462f8bf4a991fe0cef499b5a	None	?	spacemarinesspacewolvescardanims_assets_all.bundle
c9a6cb4cbfb319c4ea0841fa0601d49e	None	?	spacemarinesspacewolvescardanims_assets_all.bundle
d6ac35cb234ae23429d53ba2ef760ce0	None	?	spacemarinesspacewolvescardanims_assets_all.bundle
e0895ef3bf8199c4a99d8899a73c98ea	None	?	spacemarinesspacewolvescardanims_assets_all.bundle
e82c8f1da016cbb48aa93e45a8a27ae5	None	?	spacemarinesspacewolvescardanims_assets_all.bundle
f69a392e0099afd46be916692fc69e6f	None	?	spacemarinesspacewolvescardanims_assets_all.bundle
fa13471fa8de4d74e83822e2bd49f794	None	?	spacemarinesspacewolvescardanims_assets_all.bundle
fe84803b8bac6be49942bccbb64c665a	None	?	spacemarinesspacewolvescardanims_assets_all.bundle
036e1baf02ae93e4788886e2ed362e82	None	?	spacemarinesspacewolvescardassets_assets_all.bundle
03ccd52c7742d4a94a0a7d0dd826427e	None	?	spacemarinesspacewolvescardassets_assets_all.bundle
040842c0f3d48d248939249b261da0c8	None	?	spacemarinesspacewolvescardassets_assets_all.bundle
05491c193351eaf468b6bb2ffdc3d2fe	None	?	spacemarinesspacewolvescardassets_assets_all.bundle
05737f8bce160af4997016c1a09b6b09	None	?	spacemarinesspacewolvescardassets_assets_all.bundle
064b97b495a66cc44af8d6bc179c9013	None	?	spacemarinesspacewolvescardassets_assets_all.bundle
08bbadaa9b333a144a9ae9c9cbf75544	None	?	spacemarinesspacewolvescardassets_assets_all.bundle
09f87c86a9d176e438c930dc6da910ca	None	?	spacemarinesspacewolvescardassets_assets_all.bundle
0a0350d036bd90241a2ae3431414fdbf	None	?	spacemarinesspacewolvescardassets_assets_all.bundle
0b41582499d36284d80d32919694c46a	None	?	spacemarinesspacewolvescardassets_assets_all.bundle
0bbfa15d4f2f8bd4c91a76714e4c850c	None	?	spacemarinesspacewolvescardassets_assets_all.bundle
0c1ac9f29dcc1c042b99062a03046e7b	None	?	spacemarinesspacewolvescardassets_assets_all.bundle
0d6417a55b41cfa49b67b85215dc33b7	None	?	spacemarinesspacewolvescardassets_assets_all.bundle
0dc4ec6f119e301449b5275cc4271f6b	None	?	spacemarinesspacewolvescardassets_assets_all.bundle
0f00a7f761fcb584ea68e4a83fa78378	None	?	spacemarinesspacewolvescardassets_assets_all.bundle
1052b1c00db0adf469535e0fd2222d38	None	?	spacemarinesspacewolvescardassets_assets_all.bundle
112689acefd5bcd4db6ecd5e1f50539b	None	?	spacemarinesspacewolvescardassets_assets_all.bundle
136b9fac424437548965d875282275a0	None	?	spacemarinesspacewolvescardassets_assets_all.bundle
13d3aefc7b1e8ab4ba4da2974774d1be	None	?	spacemarinesspacewolvescardassets_assets_all.bundle
1501d421bf8b1174aba1c4b7cf34b183	None	?	spacemarinesspacewolvescardassets_assets_all.bundle
15f5c65e47442d24a9dd0aa81655e5b7	None	?	spacemarinesspacewolvescardassets_assets_all.bundle
1828d756aa1a2b143a1f0b3b7fc909ff	None	?	spacemarinesspacewolvescardassets_assets_all.bundle
190f72bf0af73fd4fa212a8b4bb61f62	None	?	spacemarinesspacewolvescardassets_assets_all.bundle
198ab2aee26b56d4392cb0d8e9e0bea2	None	?	spacemarinesspacewolvescardassets_assets_all.bundle
1b68019efa7aa784396621980f6fb94a	None	?	spacemarinesspacewolvescardassets_assets_all.bundle
1d123eb7ff2417f4e9c97316ca6b5370	None	?	spacemarinesspacewolvescardassets_assets_all.bundle
1d5d5acf50df412458905c39f923209b	None	?	spacemarinesspacewolvescardassets_assets_all.bundle
1d60580a1ced6ea498cc677ca07905d3	None	?	spacemarinesspacewolvescardassets_assets_all.bundle
23b339b5642bbd543a1be5c663ae9019	None	?	spacemarinesspacewolvescardassets_assets_all.bundle
2566bc0987a200741bae913b22bfe932	None	?	spacemarinesspacewolvescardassets_assets_all.bundle
260e3ea7b8a5b644996694eef32bdafb	None	?	spacemarinesspacewolvescardassets_assets_all.bundle
2723e8db3c0078548899fc0b940d62e3	None	?	spacemarinesspacewolvescardassets_assets_all.bundle
2a68f6a129a9656469f63714844b0021	None	?	spacemarinesspacewolvescardassets_assets_all.bundle
2b4068a87510040e88f10a00f4e40343	None	?	spacemarinesspacewolvescardassets_assets_all.bundle
2b55c7429ba291849aecf65b4f1c4d0f	None	?	spacemarinesspacewolvescardassets_assets_all.bundle
2cc5831ff6c39cb48830b9cc0536415f	None	?	spacemarinesspacewolvescardassets_assets_all.bundle
2d163b33367944c31b55ff8374194197	None	?	spacemarinesspacewolvescardassets_assets_all.bundle
2d2e79448aca71940a3dd7ff80974501	None	?	spacemarinesspacewolvescardassets_assets_all.bundle
2d5c197cf4ce9754a90414f1a3297c7c	None	?	spacemarinesspacewolvescardassets_assets_all.bundle
2d5ef3472ef72674fb98e1a57130d52d	None	?	spacemarinesspacewolvescardassets_assets_all.bundle
2d626218a0ae33443a900b435cc71c91	None	?	spacemarinesspacewolvescardassets_assets_all.bundle
2e46b81e784e246159558db943af10f3	None	?	spacemarinesspacewolvescardassets_assets_all.bundle
2e5d5af9b09c60a44a308fa6983af9cc	None	?	spacemarinesspacewolvescardassets_assets_all.bundle
2f2312d830b3447cb880bd2335aaea7b	None	?	spacemarinesspacewolvescardassets_assets_all.bundle
2fd53caff646e0f45bb1eca9120be35a	None	?	spacemarinesspacewolvescardassets_assets_all.bundle
306a2e2002040b149ae41f6d8f36c47a	None	?	spacemarinesspacewolvescardassets_assets_all.bundle
30c8535d0d560454ebf1efbb86a0ca5c	None	?	spacemarinesspacewolvescardassets_assets_all.bundle
30de8daf5950267429464c5f906cff4f	None	?	spacemarinesspacewolvescardassets_assets_all.bundle
31f2e8dba3e35194d800e3f9f295bb33	None	?	spacemarinesspacewolvescardassets_assets_all.bundle
332cf919b9ed5a4428138e070434c86a	None	?	spacemarinesspacewolvescardassets_assets_all.bundle
339ab9b17ffb99e41b08e04d97767eef	None	?	spacemarinesspacewolvescardassets_assets_all.bundle
344a9ddbaa7428a4c86a8957310a9501	None	?	spacemarinesspacewolvescardassets_assets_all.bundle
34baac260131bc34886a79051ab78a3a	None	?	spacemarinesspacewolvescardassets_assets_all.bundle
355d4707b26094e2e89db27f62239baf	None	?	spacemarinesspacewolvescardassets_assets_all.bundle
3cd24ee5f1a635546a3ea544d269f98a	None	?	spacemarinesspacewolvescardassets_assets_all.bundle
3daf358c5ed198f409c36217306cc5af	None	?	spacemarinesspacewolvescardassets_assets_all.bundle
3e21dcfe2e8a41845adb52c81e59dd58	None	?	spacemarinesspacewolvescardassets_assets_all.bundle
3e6213f84e73c5447962853b1028e9eb	None	?	spacemarinesspacewolvescardassets_assets_all.bundle
40b41b1a28521a64197526855a2328fb	None	?	spacemarinesspacewolvescardassets_assets_all.bundle
4155fd3a7c6221747a03b6c7e18328ac	None	?	spacemarinesspacewolvescardassets_assets_all.bundle
42884c97eda3641f9813a0ebc7609f30	None	?	spacemarinesspacewolvescardassets_assets_all.bundle
45d1ebd73232e424b96a442784ffb3f3	None	?	spacemarinesspacewolvescardassets_assets_all.bundle
47bfceedc6651054581142320ae240a1	None	?	spacemarinesspacewolvescardassets_assets_all.bundle
49e7eac420875734ca59734c46619e0e	None	?	spacemarinesspacewolvescardassets_assets_all.bundle
4dbb0929ad0f8499da696cd94abbe0a2	None	?	spacemarinesspacewolvescardassets_assets_all.bundle
4dde294cceff7df449ab88f63a5d9fe8	None	?	spacemarinesspacewolvescardassets_assets_all.bundle
4e40cfcd2e47d4eb5a5e7641540be168	None	?	spacemarinesspacewolvescardassets_assets_all.bundle
4fcfb7fec781e914d900f67848af8506	None	?	spacemarinesspacewolvescardassets_assets_all.bundle
500734a17cadc864da91d7b7819b3dbe	None	?	spacemarinesspacewolvescardassets_assets_all.bundle
50a6b77d9971549df9139901c9cdcf94	None	?	spacemarinesspacewolvescardassets_assets_all.bundle
5256172710ba64e22b756bd3c0149c9c	None	?	spacemarinesspacewolvescardassets_assets_all.bundle
542ff0949a67542d49648f192d9e509f	None	?	spacemarinesspacewolvescardassets_assets_all.bundle
54581261f2d596f4db80a094e3ca5ed4	None	?	spacemarinesspacewolvescardassets_assets_all.bundle
569434d4f937d0547bdf7da55c3632d3	None	?	spacemarinesspacewolvescardassets_assets_all.bundle
57d4c03a689bd914db2deeceee2155d6	None	?	spacemarinesspacewolvescardassets_assets_all.bundle
591a815d35d723a44bd1668bc02d95cc	None	?	spacemarinesspacewolvescardassets_assets_all.bundle
592a5cb03883d9b4a8b73da937139458	None	?	spacemarinesspacewolvescardassets_assets_all.bundle
59fbbdc08c912f54bb1969efc2b06836	None	?	spacemarinesspacewolvescardassets_assets_all.bundle
5b35e36865d5c9647b244587f301dbd9	None	?	spacemarinesspacewolvescardassets_assets_all.bundle
5b837ccd6a045504c80eb49d3b5248bc	None	?	spacemarinesspacewolvescardassets_assets_all.bundle
5c1baf4042e54514c8c0d4c522f8e0dd	None	?	spacemarinesspacewolvescardassets_assets_all.bundle
5eb39a8c462f0e9468baba36c845533a	None	?	spacemarinesspacewolvescardassets_assets_all.bundle
5f22d93506c0a2c4d811a2fc1368bbe2	None	?	spacemarinesspacewolvescardassets_assets_all.bundle
605dd8a5be90c75409466dc8c5d0a28b	None	?	spacemarinesspacewolvescardassets_assets_all.bundle
627cc8aa43efd4941a241530a313de00	None	?	spacemarinesspacewolvescardassets_assets_all.bundle
62c14c9695b1584429bb46a1633f7688	None	?	spacemarinesspacewolvescardassets_assets_all.bundle
63b5e066f5771b54cbdfbc98857abf41	None	?	spacemarinesspacewolvescardassets_assets_all.bundle
654a56a02c8ad44648f8573555ac0599	None	?	spacemarinesspacewolvescardassets_assets_all.bundle
6602c237a265b6d4989dd45cea1d4fea	None	?	spacemarinesspacewolvescardassets_assets_all.bundle
67161684ce21e9947a5b3e200564d948	None	?	spacemarinesspacewolvescardassets_assets_all.bundle
671cd0f235b53634e9ad7f5b4b808beb	None	?	spacemarinesspacewolvescardassets_assets_all.bundle
67a5195a9d4670b469cdf4b07eb2177c	None	?	spacemarinesspacewolvescardassets_assets_all.bundle
6896c7350d8b7fa40a11561b160fc25f	None	?	spacemarinesspacewolvescardassets_assets_all.bundle
69ea0ee90a3b8a94790af069d9212cbf	None	?	spacemarinesspacewolvescardassets_assets_all.bundle
6b137951708a53e4fb0baaddce0e88ac	None	?	spacemarinesspacewolvescardassets_assets_all.bundle
6ffa0103f1afd184099b0b6d418bec58	None	?	spacemarinesspacewolvescardassets_assets_all.bundle
70126662602336a40a22b88cbd175d94	None	?	spacemarinesspacewolvescardassets_assets_all.bundle
725638f1a361eb54fb251ed219b24485	None	?	spacemarinesspacewolvescardassets_assets_all.bundle
749263291c0f50543876d58f3c82649c	None	?	spacemarinesspacewolvescardassets_assets_all.bundle
79ad353de3640344fa2e2654710ebcc9	None	?	spacemarinesspacewolvescardassets_assets_all.bundle
7a0d8e557d2ea7443b2f0dfc23f59baf	None	?	spacemarinesspacewolvescardassets_assets_all.bundle
7b177041b408922478ea224fd7472221	None	?	spacemarinesspacewolvescardassets_assets_all.bundle
7dac8b21143f2f048b462e6b95a64db3	None	?	spacemarinesspacewolvescardassets_assets_all.bundle
7ed2dada18c4f8747b52e544f615dc25	None	?	spacemarinesspacewolvescardassets_assets_all.bundle
7f99574df55faab4bb9baa9a61ba09c0	None	?	spacemarinesspacewolvescardassets_assets_all.bundle
7fe1edb7cf96fab4d8548b78515ab285	None	?	spacemarinesspacewolvescardassets_assets_all.bundle
80f5b11cb7ccf457885546d98a0ba470	None	?	spacemarinesspacewolvescardassets_assets_all.bundle
814760608583388408256c34fef4eeee	None	?	spacemarinesspacewolvescardassets_assets_all.bundle
82561c1b634cabe44b244014f678b23b	None	?	spacemarinesspacewolvescardassets_assets_all.bundle
83ad19c5516d8c3478d877d54ccd2dae	None	?	spacemarinesspacewolvescardassets_assets_all.bundle
84481496e0a6b430babbdbc387f421e4	None	?	spacemarinesspacewolvescardassets_assets_all.bundle
84ddcbf34a1750f4b8dd0ef10456c724	None	?	spacemarinesspacewolvescardassets_assets_all.bundle
857a885e2ef201f4494a590734e1985b	None	?	spacemarinesspacewolvescardassets_assets_all.bundle
890f7c54ecc960b40a17ba7ddc4befdc	None	?	spacemarinesspacewolvescardassets_assets_all.bundle
8b3b5e4214ecff64fab909f38c949502	None	?	spacemarinesspacewolvescardassets_assets_all.bundle
8d6f1f7c72bdbd14ebe517cc8ede2ec8	None	?	spacemarinesspacewolvescardassets_assets_all.bundle
8e18189c9a01f294bbbe79c739d898e2	None	?	spacemarinesspacewolvescardassets_assets_all.bundle
901e2963e964acb4894b4802cbcea988	None	?	spacemarinesspacewolvescardassets_assets_all.bundle
904d598932ce841c09f624e922a64f9a	None	?	spacemarinesspacewolvescardassets_assets_all.bundle
9427361650dd16444bf2aa725e1917ee	None	?	spacemarinesspacewolvescardassets_assets_all.bundle
948930998beae6845930e0bc8e05b77b	None	?	spacemarinesspacewolvescardassets_assets_all.bundle
94a339dc581c21445b657957186f9698	None	?	spacemarinesspacewolvescardassets_assets_all.bundle
95194ac107531a241851dc0937256b1e	None	?	spacemarinesspacewolvescardassets_assets_all.bundle
9569c1d3085a2234a8dd3316b69453a5	None	?	spacemarinesspacewolvescardassets_assets_all.bundle
96c1442776620b4408d1a469da269e92	None	?	spacemarinesspacewolvescardassets_assets_all.bundle
9782ceb128d23fd40a7e1a9d6b74ee5b	None	?	spacemarinesspacewolvescardassets_assets_all.bundle
98be143324fd6534d9266a32ca6184e6	None	?	spacemarinesspacewolvescardassets_assets_all.bundle
99d7e5d705db240ed9fe1b98ab51766a	None	?	spacemarinesspacewolvescardassets_assets_all.bundle
a0acb46be99819745908d8ceed6b529f	None	?	spacemarinesspacewolvescardassets_assets_all.bundle
a15c8f9ab62612f4c83db11ae85740ee	None	?	spacemarinesspacewolvescardassets_assets_all.bundle
a48f58715701ce944917406d28bcbb30	None	?	spacemarinesspacewolvescardassets_assets_all.bundle
a5d6d4f32172cf947a83ddcee564ff1f	None	?	spacemarinesspacewolvescardassets_assets_all.bundle
a60aa52e19b2d544daa2d783d3c3ea5b	None	?	spacemarinesspacewolvescardassets_assets_all.bundle
a68063b0ff4427e4aa96b9f0a0e14431	None	?	spacemarinesspacewolvescardassets_assets_all.bundle
a7356296993d3e941baaac8f0da5872a	None	?	spacemarinesspacewolvescardassets_assets_all.bundle
a7df6d5393d77e64cab79a81c11aa782	None	?	spacemarinesspacewolvescardassets_assets_all.bundle
a87d57d2e32efe34e9a0087b49ea2775	None	?	spacemarinesspacewolvescardassets_assets_all.bundle
a8fc460b24b64a147a0f8d8f84686d6b	None	?	spacemarinesspacewolvescardassets_assets_all.bundle
a909346eaf6d5a94f9869e31d8bb0b21	None	?	spacemarinesspacewolvescardassets_assets_all.bundle
a94240829169a1448becc6e575566fff	None	?	spacemarinesspacewolvescardassets_assets_all.bundle
a9e12b5a7dacf5840aec3eeb4e3c4cfb	None	?	spacemarinesspacewolvescardassets_assets_all.bundle
a9fd9b6c1254eb941b88aaca48c843d9	None	?	spacemarinesspacewolvescardassets_assets_all.bundle
aae419c18fd84c740bbb8ee0e9558910	None	?	spacemarinesspacewolvescardassets_assets_all.bundle
ab4639481f8b2ec41860d1695f8fff43	None	?	spacemarinesspacewolvescardassets_assets_all.bundle
aca036df725f995439b36411b9a8ea2a	None	?	spacemarinesspacewolvescardassets_assets_all.bundle
adce97b8951556948abd523048f09599	None	?	spacemarinesspacewolvescardassets_assets_all.bundle
ae90d941e2bfde748bd5838efd5bfb4a	None	?	spacemarinesspacewolvescardassets_assets_all.bundle
afcac8df3cb17504abdbe42e0267be3c	None	?	spacemarinesspacewolvescardassets_assets_all.bundle
afe2fc33dc783f443a69bbc757a66194	None	?	spacemarinesspacewolvescardassets_assets_all.bundle
b05b61c9ac99fa64db56637f90eebf71	None	?	spacemarinesspacewolvescardassets_assets_all.bundle
b069907b188c9b94591819d52252a6fb	None	?	spacemarinesspacewolvescardassets_assets_all.bundle
b0826f529cff0174dbe30521ac496c6b	None	?	spacemarinesspacewolvescardassets_assets_all.bundle
b0cc91f9b4f1d8343877774d3a6a1892	None	?	spacemarinesspacewolvescardassets_assets_all.bundle
b2adae412d8780542acdd1855e1b3bc4	None	?	spacemarinesspacewolvescardassets_assets_all.bundle
b2ae896c67431b7449975f7a71931b12	None	?	spacemarinesspacewolvescardassets_assets_all.bundle
b4a3fcdb53948bf438ef794a06936e47	None	?	spacemarinesspacewolvescardassets_assets_all.bundle
b4b5601fa2b952c4d945d19986680ff2	None	?	spacemarinesspacewolvescardassets_assets_all.bundle
b92106ff72e60462a96eafcf6f0406ae	None	?	spacemarinesspacewolvescardassets_assets_all.bundle
bbdb273e799d67b4f8ca71f942d7e089	None	?	spacemarinesspacewolvescardassets_assets_all.bundle
bca0dce6288059a41af6afdac2063077	None	?	spacemarinesspacewolvescardassets_assets_all.bundle
c06732495d0fe82429a8b66ee1155620	None	?	spacemarinesspacewolvescardassets_assets_all.bundle
c22dc55db3c4e8e4e87ad84f7a2a276f	None	?	spacemarinesspacewolvescardassets_assets_all.bundle
c4760024307d1a34ca95ce583cd61210	None	?	spacemarinesspacewolvescardassets_assets_all.bundle
c52aecd006f584f09911939aa89a98b4	None	?	spacemarinesspacewolvescardassets_assets_all.bundle
cacf134e031df604798d566a4a96548b	None	?	spacemarinesspacewolvescardassets_assets_all.bundle
cb44cb73da69842459f7ee9666dd48eb	None	?	spacemarinesspacewolvescardassets_assets_all.bundle
cc06b6bb537235042bb239c392940ad3	None	?	spacemarinesspacewolvescardassets_assets_all.bundle
ccd69281b759cad4e9832f18e602b5b6	None	?	spacemarinesspacewolvescardassets_assets_all.bundle
cea5615978e2d40a385d62b4f76d2609	None	?	spacemarinesspacewolvescardassets_assets_all.bundle
cf5784809a002204eb294b3f3c7ad6db	None	?	spacemarinesspacewolvescardassets_assets_all.bundle
cf7c867b1efed5d4fb9bd817e588b4cb	None	?	spacemarinesspacewolvescardassets_assets_all.bundle
cf82db183e0bd6349b6ce9b34bb025d6	None	?	spacemarinesspacewolvescardassets_assets_all.bundle
d1c32dbdd048b944f8c34afb058cec10	None	?	spacemarinesspacewolvescardassets_assets_all.bundle
d2f19bac15d136141aa1a6dc52adfd16	None	?	spacemarinesspacewolvescardassets_assets_all.bundle
d36bcc9836b7542cc91ab046d9b7cfcd	None	?	spacemarinesspacewolvescardassets_assets_all.bundle
d4a87421362aea247985aa478bc3ebd5	None	?	spacemarinesspacewolvescardassets_assets_all.bundle
d5353f5ca8cf50e4c9b7a5d38ee54c54	None	?	spacemarinesspacewolvescardassets_assets_all.bundle
d544b95886e5e864c86339ef9bafe6ce	None	?	spacemarinesspacewolvescardassets_assets_all.bundle
d55d1d7d7e7a3da4caa4d86a10dae467	None	?	spacemarinesspacewolvescardassets_assets_all.bundle
d60a5ec4f91c5aa4185539d2214fee27	None	?	spacemarinesspacewolvescardassets_assets_all.bundle
d723dd3f28f995f49aa8862942a9f837	None	?	spacemarinesspacewolvescardassets_assets_all.bundle
da3fe1c493b515e4d80d9fff0e442029	None	?	spacemarinesspacewolvescardassets_assets_all.bundle
da62f144a375b7f469a62b94fc14cc29	None	?	spacemarinesspacewolvescardassets_assets_all.bundle
da9867db8fb71cb4f9feb7728fa97b6a	None	?	spacemarinesspacewolvescardassets_assets_all.bundle
de3a44b144c0a4634a9cb10edf935e7b	None	?	spacemarinesspacewolvescardassets_assets_all.bundle
e18b383478205e641947898d1956dadc	None	?	spacemarinesspacewolvescardassets_assets_all.bundle
e19891c6acc2f4d41919c20beb53a955	None	?	spacemarinesspacewolvescardassets_assets_all.bundle
e25b10330b5ab39499be3ec5139a9175	None	?	spacemarinesspacewolvescardassets_assets_all.bundle
e7e5b0f2d7578494d879303ec213aff0	None	?	spacemarinesspacewolvescardassets_assets_all.bundle
e93266c955dcb4c4bb04e6e7caea6ed9	None	?	spacemarinesspacewolvescardassets_assets_all.bundle
ebc3813b39b64614ebabb10f2110db3d	None	?	spacemarinesspacewolvescardassets_assets_all.bundle
ec9dc3672a5c8894b82b37891d8bcd82	None	?	spacemarinesspacewolvescardassets_assets_all.bundle
f21f8516822e1a2438b40c8df0011700	None	?	spacemarinesspacewolvescardassets_assets_all.bundle
f2ef04da070d01e4394dfb543224eb40	None	?	spacemarinesspacewolvescardassets_assets_all.bundle
f33bf6a0b91cb2143b235d2cc89e487c	None	?	spacemarinesspacewolvescardassets_assets_all.bundle
f3aa1ec44eb62f44c8d57ebb47239424	None	?	spacemarinesspacewolvescardassets_assets_all.bundle
fab282cfb72ea0441adccbf623465acb	None	?	spacemarinesspacewolvescardassets_assets_all.bundle
fbcecbaee80a9da4cb867aaff3422ce4	None	?	spacemarinesspacewolvescardassets_assets_all.bundle
fc300c03f95af8047aaf811ab4666bb8	None	?	spacemarinesspacewolvescardassets_assets_all.bundle
ffeb5f90c1b2b43fa9f9fe451ca880ea	None	?	spacemarinesspacewolvescardassets_assets_all.bundle
19d9245c88bfd4e329e684bfea09f48d	None	?	spacemarinesultramarinescardanims_assets_all.bundle
1a8ddb52078a82540864e3afcbb01165	None	?	spacemarinesultramarinescardanims_assets_all.bundle
39e1aa4ad19a695488a3541822124d0a	None	?	spacemarinesultramarinescardanims_assets_all.bundle
3b3a0cf9a1d4bc844a4945ca6a695295	None	?	spacemarinesultramarinescardanims_assets_all.bundle
4373497f3354d124e921139a869f0ae3	None	?	spacemarinesultramarinescardanims_assets_all.bundle
4a5ae59c684737b4f899cd5860cdefe0	None	?	spacemarinesultramarinescardanims_assets_all.bundle
56276d57221b14c748ba75679ea340b3	None	?	spacemarinesultramarinescardanims_assets_all.bundle
568f720012a0f0d4da193bd56caa243c	None	?	spacemarinesultramarinescardanims_assets_all.bundle
56dd62cdfa47aa14ca516af33579e4c6	None	?	spacemarinesultramarinescardanims_assets_all.bundle
5fdc0fcc718042749958f05a23de3556	None	?	spacemarinesultramarinescardanims_assets_all.bundle
66e2a22b7c798984a921000586ba0c41	None	?	spacemarinesultramarinescardanims_assets_all.bundle
727143c11e1f1474dbd60ab55c85477d	None	?	spacemarinesultramarinescardanims_assets_all.bundle
843aa83ec08501646bbc1aed16de9c19	None	?	spacemarinesultramarinescardanims_assets_all.bundle
84a456d72b714804686d0dd8126250a4	None	?	spacemarinesultramarinescardanims_assets_all.bundle
850b7d5aedc23744cbf5dbc9138c8f89	None	?	spacemarinesultramarinescardanims_assets_all.bundle
8606c664f55e9be46b7ceb2bccd9df41	None	?	spacemarinesultramarinescardanims_assets_all.bundle
86d8a0f4b68ac424390745a0a9a9b41b	None	?	spacemarinesultramarinescardanims_assets_all.bundle
90457adb9864198458d171dd285866d9	None	?	spacemarinesultramarinescardanims_assets_all.bundle
9e089ab7f84285642a239bb7749837fa	None	?	spacemarinesultramarinescardanims_assets_all.bundle
9ee8066c6dbee744bb09bbf97ae6a2d5	None	?	spacemarinesultramarinescardanims_assets_all.bundle
a006824d81025bb448113a89f717bb90	None	?	spacemarinesultramarinescardanims_assets_all.bundle
a5b8ac7f2b8201c4aa29d44056d401a8	None	?	spacemarinesultramarinescardanims_assets_all.bundle
aad38bc2def5fed45930e5bde1e7d2ff	None	?	spacemarinesultramarinescardanims_assets_all.bundle
af312d5e9a41c0749b8ae4055d272ad3	None	?	spacemarinesultramarinescardanims_assets_all.bundle
b2590fdf892ac2841bd8f5b452616614	None	?	spacemarinesultramarinescardanims_assets_all.bundle
bb8eba0fed720cb41bb12148d3869038	None	?	spacemarinesultramarinescardanims_assets_all.bundle
bdb01ba244da7b8419ebb9c5cb8898d6	None	?	spacemarinesultramarinescardanims_assets_all.bundle
cbd3ac534263dad4d9c33b5a45f3397f	None	?	spacemarinesultramarinescardanims_assets_all.bundle
cf75b67a74eb6744ea5eccbe59bc5101	None	?	spacemarinesultramarinescardanims_assets_all.bundle
d03f039994b993348a09ffb84d8e1c4b	None	?	spacemarinesultramarinescardanims_assets_all.bundle
d74ca1d2e1dcf9b42bdf5585b8e7df78	None	?	spacemarinesultramarinescardanims_assets_all.bundle
e3a0101009a4f0445895d2e45a347dc8	None	?	spacemarinesultramarinescardanims_assets_all.bundle
f4671bb44b7a7cc43adb222ad66478a0	None	?	spacemarinesultramarinescardanims_assets_all.bundle
f7908c688e6523544aaa3df85e9e1f7a	None	?	spacemarinesultramarinescardanims_assets_all.bundle
fbfc30b1e1e9ad64c9429756d378f376	None	?	spacemarinesultramarinescardanims_assets_all.bundle
0001e0139d162c94baa0b05e336b124f	None	?	spacemarinesultramarinescardassets_assets_all.bundle
01b48683af02f5b40b57691215e87ed3	None	?	spacemarinesultramarinescardassets_assets_all.bundle
0250e670e0843be4ea6d49caf58795df	None	?	spacemarinesultramarinescardassets_assets_all.bundle
026fd1f35a59d354bb57172786b3bff7	None	?	spacemarinesultramarinescardassets_assets_all.bundle
0275c05188076ca459ae87755f04bf0d	None	?	spacemarinesultramarinescardassets_assets_all.bundle
0318dfdf2980f4d85b90b6c47a69fe60	None	?	spacemarinesultramarinescardassets_assets_all.bundle
031bb65fe6d1646ed9c4e5ca9af9ec09	None	?	spacemarinesultramarinescardassets_assets_all.bundle
045e5a39dd491e946b2cacd31f32ce6f	None	?	spacemarinesultramarinescardassets_assets_all.bundle
04b23a155f496054ba4115f68449d2d6	None	?	spacemarinesultramarinescardassets_assets_all.bundle
05d1e96d7e65c48e3a2fc744037e708c	None	?	spacemarinesultramarinescardassets_assets_all.bundle
06625bfd2aaa73740808371cac43c765	None	?	spacemarinesultramarinescardassets_assets_all.bundle
06f33d222e03619498d9761f89a27095	None	?	spacemarinesultramarinescardassets_assets_all.bundle
0755844e4671b244d9851d892657b0cd	None	?	spacemarinesultramarinescardassets_assets_all.bundle
08f1067cc48643742b0f556cb6a65f5f	None	?	spacemarinesultramarinescardassets_assets_all.bundle
090ba1f620db63341860a4b32df2b8ab	None	?	spacemarinesultramarinescardassets_assets_all.bundle
0941379d854b64b4c8b1aa7038cb9b8a	None	?	spacemarinesultramarinescardassets_assets_all.bundle
09595afbff38d544f94609cf611cc18b	None	?	spacemarinesultramarinescardassets_assets_all.bundle
0a1583bbcdbfe8b438a4c8f1d804d843	None	?	spacemarinesultramarinescardassets_assets_all.bundle
0a842affb7156487fb84abcee3735665	None	?	spacemarinesultramarinescardassets_assets_all.bundle
0a99e4d4d4ebd46488e47b67e55eee0e	None	?	spacemarinesultramarinescardassets_assets_all.bundle
0b4d181b7ca1743469d0615a38f1a289	None	?	spacemarinesultramarinescardassets_assets_all.bundle
0cd07029b6d6748909b429258698569e	None	?	spacemarinesultramarinescardassets_assets_all.bundle
0d47d13745b5ee64b80c55190a30b874	None	?	spacemarinesultramarinescardassets_assets_all.bundle
0e1ed930ff82bfa49aa63075a9f1b9e0	None	?	spacemarinesultramarinescardassets_assets_all.bundle
0e287374b6b3d4effaf5b6c4b34d8582	None	?	spacemarinesultramarinescardassets_assets_all.bundle
0f2453ee7f7f6c6459e4fdccddd893b8	None	?	spacemarinesultramarinescardassets_assets_all.bundle
0f3158f9315104a57b09db224ab50910	None	?	spacemarinesultramarinescardassets_assets_all.bundle
0f633b14161db6e4dbf05f2664646c82	None	?	spacemarinesultramarinescardassets_assets_all.bundle
0fa547b68ba802045ad28cb8fc32ae19	None	?	spacemarinesultramarinescardassets_assets_all.bundle
0fc852905ca3c46a3a652da7bc8066d2	None	?	spacemarinesultramarinescardassets_assets_all.bundle
0fe9f7dd9033c496783319e99af7665e	None	?	spacemarinesultramarinescardassets_assets_all.bundle
11c9bc696b139414aa4d1768e5a8bd4a	None	?	spacemarinesultramarinescardassets_assets_all.bundle
11ed423f22f81455b809e6207372d83b	None	?	spacemarinesultramarinescardassets_assets_all.bundle
128efa6773b83ed4cb97a1f93cf127db	None	?	spacemarinesultramarinescardassets_assets_all.bundle
12cc978bfa1d7453eb71f7d5bf928d2c	None	?	spacemarinesultramarinescardassets_assets_all.bundle
12f4336ef53ffb24cb7a7588c76a0165	None	?	spacemarinesultramarinescardassets_assets_all.bundle
15d1886bb43370e41b2372ff7aa2cfb2	None	?	spacemarinesultramarinescardassets_assets_all.bundle
1616bdfc321752c43aad337d85290f09	None	?	spacemarinesultramarinescardassets_assets_all.bundle
162db4cf4833ef94e88e41d311ce52ab	None	?	spacemarinesultramarinescardassets_assets_all.bundle
17651073a56ae4d1d977d8705c13a335	None	?	spacemarinesultramarinescardassets_assets_all.bundle
184baa4ae65a3844592e02dd2a91fb79	None	?	spacemarinesultramarinescardassets_assets_all.bundle
1878a67c9aab744f7be9c5fb511fb37c	None	?	spacemarinesultramarinescardassets_assets_all.bundle
189df2e93d85d4a45896f2be103a0dfb	None	?	spacemarinesultramarinescardassets_assets_all.bundle
18bb16805e56e4a3f894cd5cbda2cae9	None	?	spacemarinesultramarinescardassets_assets_all.bundle
190d6a4c5bd3b28458bd057c6b84446e	None	?	spacemarinesultramarinescardassets_assets_all.bundle
1927db5f09baf40f599cd5a911e6186f	None	?	spacemarinesultramarinescardassets_assets_all.bundle
1a213de3dff0092438152d0e7ff15166	None	?	spacemarinesultramarinescardassets_assets_all.bundle
1a50752d9d1443049a8866e46e1f1bbb	None	?	spacemarinesultramarinescardassets_assets_all.bundle
1ae0f1db74866cc4fb3f2611b8fe1038	None	?	spacemarinesultramarinescardassets_assets_all.bundle
1b605098f69c34378b5cc8d297c69a1c	None	?	spacemarinesultramarinescardassets_assets_all.bundle
1c3273685ce57fb42af49492109019cf	None	?	spacemarinesultramarinescardassets_assets_all.bundle
1c6e7c641f6a0664db4ebc6ce2e75fa4	None	?	spacemarinesultramarinescardassets_assets_all.bundle
1d9091e031b3a8b43a3a5669e2834781	None	?	spacemarinesultramarinescardassets_assets_all.bundle
1e900475abf5a4a1e8bc5a1485a01c81	None	?	spacemarinesultramarinescardassets_assets_all.bundle
1e935e6e9c8ae49ad98c340ac5cdf07c	None	?	spacemarinesultramarinescardassets_assets_all.bundle
1f0c5b4cd63749745b9647c4781482a1	None	?	spacemarinesultramarinescardassets_assets_all.bundle
1f3fa326deb874d95b197d9ae6e0f784	None	?	spacemarinesultramarinescardassets_assets_all.bundle
220e3d9884263954fb70afa00d0cdda4	None	?	spacemarinesultramarinescardassets_assets_all.bundle
22a2da33fd0cb4c80863e4b2782b49df	None	?	spacemarinesultramarinescardassets_assets_all.bundle
22c5ac72d34de46708a286bf3e96ead2	None	?	spacemarinesultramarinescardassets_assets_all.bundle
22e6cb539167e4e66967e90187b3178e	None	?	spacemarinesultramarinescardassets_assets_all.bundle
242a21c24f764544999d7a8981a49876	None	?	spacemarinesultramarinescardassets_assets_all.bundle
246b62a26a15dd64a8cb6d6d5e1b0285	None	?	spacemarinesultramarinescardassets_assets_all.bundle
266883b6996c3464fa60b0a8620ce9ab	None	?	spacemarinesultramarinescardassets_assets_all.bundle
268f4fc9e7a60a14981f698aaa231c8d	None	?	spacemarinesultramarinescardassets_assets_all.bundle
27532bc35778cbc49b73f7b271592f8d	None	?	spacemarinesultramarinescardassets_assets_all.bundle
28d9b4c8d148a46958ca7d5f92fbae3f	None	?	spacemarinesultramarinescardassets_assets_all.bundle
28f9064d1e8330947bc6a5477bfee722	None	?	spacemarinesultramarinescardassets_assets_all.bundle
29dae75c7578147a28a071b97d0e978a	None	?	spacemarinesultramarinescardassets_assets_all.bundle
29e76b21eb081de4083147079ca8c0a2	None	?	spacemarinesultramarinescardassets_assets_all.bundle
2b093255cc1eadd4e92a7842382b016f	None	?	spacemarinesultramarinescardassets_assets_all.bundle
2b8e7e4c4bf544605b30cc267f6e9004	None	?	spacemarinesultramarinescardassets_assets_all.bundle
2f983f059ee43f44c9c2ff8f7978935a	None	?	spacemarinesultramarinescardassets_assets_all.bundle
307fac28e021c4b91af4b6c6015ee731	None	?	spacemarinesultramarinescardassets_assets_all.bundle
30d3a0cf9429440f5b8050a95fbd1dcf	None	?	spacemarinesultramarinescardassets_assets_all.bundle
3151e4ace891a2142b27787c8102f3cc	None	?	spacemarinesultramarinescardassets_assets_all.bundle
3192663f15f6ea846bf518eab1f0b1e2	None	?	spacemarinesultramarinescardassets_assets_all.bundle
3242e37d1ecaf2f4e9d41c06716d9e63	None	?	spacemarinesultramarinescardassets_assets_all.bundle
3466fef2ea7fe418b877c0dc33f72e5d	None	?	spacemarinesultramarinescardassets_assets_all.bundle
34ee831a6e5b24c809ee0122187bce63	None	?	spacemarinesultramarinescardassets_assets_all.bundle
35cda68d1311148a3ba275637bec043d	None	?	spacemarinesultramarinescardassets_assets_all.bundle
3625fd09e36e9490ca5d4d9e16b6e5ee	None	?	spacemarinesultramarinescardassets_assets_all.bundle
36d13396de93abd4491416b9f889c5c0	None	?	spacemarinesultramarinescardassets_assets_all.bundle
37b4ec182add8494cb250245b1444143	None	?	spacemarinesultramarinescardassets_assets_all.bundle
38449cb1a38ab8047b5e1f7d27f18745	None	?	spacemarinesultramarinescardassets_assets_all.bundle
3893b4734ee93004ba4dc197a3de1e8b	None	?	spacemarinesultramarinescardassets_assets_all.bundle
38abd2fedb7754959b56ddc59161a9e6	None	?	spacemarinesultramarinescardassets_assets_all.bundle
396bcea430e6e4d9f88bb140357812c6	None	?	spacemarinesultramarinescardassets_assets_all.bundle
39b17a1710a3a4d0abc02567f253aa16	None	?	spacemarinesultramarinescardassets_assets_all.bundle
3a147db25bcd43845b62a46508d5b2b3	None	?	spacemarinesultramarinescardassets_assets_all.bundle
3a63a85123387418f841c4be7882272d	None	?	spacemarinesultramarinescardassets_assets_all.bundle
3aa228c395e2642cca91859e3116935f	None	?	spacemarinesultramarinescardassets_assets_all.bundle
3bbeb30d7fd484fd99a9c1c63e8ff911	None	?	spacemarinesultramarinescardassets_assets_all.bundle
3c53bac4df1738a419b246d9379ccb16	None	?	spacemarinesultramarinescardassets_assets_all.bundle
3ced6f6c208b8a24fb4079a4ae5ffb63	None	?	spacemarinesultramarinescardassets_assets_all.bundle
3d285cab5efc8a843a9eb976d01ba023	None	?	spacemarinesultramarinescardassets_assets_all.bundle
3d3791f8f8c39b743a5a65d103849dc3	None	?	spacemarinesultramarinescardassets_assets_all.bundle
3d8baa351ff3048e6ac537221d5cb08d	None	?	spacemarinesultramarinescardassets_assets_all.bundle
3ef04856570b99a44ac22b7e5d739fd2	None	?	spacemarinesultramarinescardassets_assets_all.bundle
3fa6d1b4f92374cc48ae1d1cb0423d4a	None	?	spacemarinesultramarinescardassets_assets_all.bundle
3fcc7135cde1e48c691dd11977b8a639	None	?	spacemarinesultramarinescardassets_assets_all.bundle
41b014aa202474edb986d05662ea7f61	None	?	spacemarinesultramarinescardassets_assets_all.bundle
41dc6fe46c1491945b67fc8db87e12b0	None	?	spacemarinesultramarinescardassets_assets_all.bundle
4242ce9e617cef344ba8635ee9c3bf8d	None	?	spacemarinesultramarinescardassets_assets_all.bundle
424f5340c40a540129692b40a8dffcde	None	?	spacemarinesultramarinescardassets_assets_all.bundle
4257491bbeeef47dc8c5d25ece58de58	None	?	spacemarinesultramarinescardassets_assets_all.bundle
429933bff82534ba19b4ed0493f4548f	None	?	spacemarinesultramarinescardassets_assets_all.bundle
43075b531a0001b4ead8a09c21bdb97f	None	?	spacemarinesultramarinescardassets_assets_all.bundle
43e9813df81c8fe4c8d21277bebfe328	None	?	spacemarinesultramarinescardassets_assets_all.bundle
4490a3842f00c4c2f9523fe18f99c1c6	None	?	spacemarinesultramarinescardassets_assets_all.bundle
4609d04d1dc4a7b49b175813edac6d70	None	?	spacemarinesultramarinescardassets_assets_all.bundle
466345a62a17e410fbfe5fc80565aa4d	None	?	spacemarinesultramarinescardassets_assets_all.bundle
4694cf6c1bfb34946b8138ec86dc34d9	None	?	spacemarinesultramarinescardassets_assets_all.bundle
471cdb6fe32c68b418f676990c54abd8	None	?	spacemarinesultramarinescardassets_assets_all.bundle
474b2a0b1a3704d6e8b66e3db8b5b00a	None	?	spacemarinesultramarinescardassets_assets_all.bundle
4782128d1f42d456ab749fec5a3fa53b	None	?	spacemarinesultramarinescardassets_assets_all.bundle
478b077dc323f724ba3c974b8769f287	None	?	spacemarinesultramarinescardassets_assets_all.bundle
47ea535e1ec47f84ea68d04e6d34cf2c	None	?	spacemarinesultramarinescardassets_assets_all.bundle
47eaf7841860149a4956651f08efe3e4	None	?	spacemarinesultramarinescardassets_assets_all.bundle
488a5c2440088408dbb75ddfc643b949	None	?	spacemarinesultramarinescardassets_assets_all.bundle
4a04bc1220b334a44a269ce28ca1d572	None	?	spacemarinesultramarinescardassets_assets_all.bundle
4a301e3a06bd98d43ae8e746d91324e8	None	?	spacemarinesultramarinescardassets_assets_all.bundle
4a9d581be2368f34b8299a895306aaed	None	?	spacemarinesultramarinescardassets_assets_all.bundle
4b1b89078096c40a78ede4be899247b3	None	?	spacemarinesultramarinescardassets_assets_all.bundle
4b3fd3583a8a4482db97a56fc3a55d8e	None	?	spacemarinesultramarinescardassets_assets_all.bundle
4bbc90f48ff16274da31234f48ffe9e3	None	?	spacemarinesultramarinescardassets_assets_all.bundle
4bd3c944924d00747b6d51a78e257e7d	None	?	spacemarinesultramarinescardassets_assets_all.bundle
4cf9c1d7d3f234948922ab22aaf5bc32	None	?	spacemarinesultramarinescardassets_assets_all.bundle
4dd86c96ecf2b45d7938c8f37b9b31c3	None	?	spacemarinesultramarinescardassets_assets_all.bundle
4e21c3e4f37fa472c92173418daac99a	None	?	spacemarinesultramarinescardassets_assets_all.bundle
50d1e8e3416f26842b7d28e21d6e9e67	None	?	spacemarinesultramarinescardassets_assets_all.bundle
51142975078b0467dbe53f21d45ee376	None	?	spacemarinesultramarinescardassets_assets_all.bundle
5351e6c6d9960f947a88d0fefa5cff12	None	?	spacemarinesultramarinescardassets_assets_all.bundle
5474de3274e79274fb3596c5f621c5fc	None	?	spacemarinesultramarinescardassets_assets_all.bundle
54989113c93d7864b85edeb962c5a791	None	?	spacemarinesultramarinescardassets_assets_all.bundle
54a5590ee49989041b23b357194ed269	None	?	spacemarinesultramarinescardassets_assets_all.bundle
55add4a79d8f4420081ff5b7d7db8b8f	None	?	spacemarinesultramarinescardassets_assets_all.bundle
57714763387d1574fa595aa3a25e1363	None	?	spacemarinesultramarinescardassets_assets_all.bundle
58b2625efb16c1e448c4e94f3c6b317a	None	?	spacemarinesultramarinescardassets_assets_all.bundle
58d8889afb8d9004ba80f105bb04bdf5	None	?	spacemarinesultramarinescardassets_assets_all.bundle
595949154699b482d84f7f3933388d59	None	?	spacemarinesultramarinescardassets_assets_all.bundle
59ec5e0f5e2fee7429b0495c4bccb4be	None	?	spacemarinesultramarinescardassets_assets_all.bundle
5ac15a82937e24445933666a1b308ddd	None	?	spacemarinesultramarinescardassets_assets_all.bundle
5bb14c97cd6814c22819be1dbee50c9d	None	?	spacemarinesultramarinescardassets_assets_all.bundle
5c477eddaba06104397ed77cfe37942c	None	?	spacemarinesultramarinescardassets_assets_all.bundle
5df0fbb7bf7271846985f6765af20c01	None	?	spacemarinesultramarinescardassets_assets_all.bundle
5ee1c4e413e1dae4881ccc4d17c5f284	None	?	spacemarinesultramarinescardassets_assets_all.bundle
5f37edd5606b2474baf8c51ec16b4452	None	?	spacemarinesultramarinescardassets_assets_all.bundle
5f4cbcb4a7438574994ece3ed4cf1900	None	?	spacemarinesultramarinescardassets_assets_all.bundle
5f6ba03419919f0438e89b292e3fe931	None	?	spacemarinesultramarinescardassets_assets_all.bundle
609ee1d8c262d834a8586c113a887bdc	None	?	spacemarinesultramarinescardassets_assets_all.bundle
609f2ed96403a4f48975c2efdd1e2879	None	?	spacemarinesultramarinescardassets_assets_all.bundle
60cdd4837059ef742ad3ee44e621fa1b	None	?	spacemarinesultramarinescardassets_assets_all.bundle
60f03d55723fd4079a4516c39748783d	None	?	spacemarinesultramarinescardassets_assets_all.bundle
61851d8dddb2243b9a7164366ee4b098	None	?	spacemarinesultramarinescardassets_assets_all.bundle
626b04ef6757f45c7b0d873f2f96ac8d	None	?	spacemarinesultramarinescardassets_assets_all.bundle
633f9ba1e996f304f9cba7adcb386184	None	?	spacemarinesultramarinescardassets_assets_all.bundle
63b64ac6c1a784cd98710e0e7d9a80c3	None	?	spacemarinesultramarinescardassets_assets_all.bundle
63f9bcc93fa783548b9b02cd37b77371	None	?	spacemarinesultramarinescardassets_assets_all.bundle
66919cb109653420c82993f1536bb0a9	None	?	spacemarinesultramarinescardassets_assets_all.bundle
669f43c62cf47439eb332cafcaac243c	None	?	spacemarinesultramarinescardassets_assets_all.bundle
671a00729847f5e47bbe5daa1a8f2b34	None	?	spacemarinesultramarinescardassets_assets_all.bundle
6728987c2640446a0b4f149baf4a99ed	None	?	spacemarinesultramarinescardassets_assets_all.bundle
67337c93d93c0db4583de72302e89ef3	None	?	spacemarinesultramarinescardassets_assets_all.bundle
674eb19ba1f5ab14898d7f1082f475f0	None	?	spacemarinesultramarinescardassets_assets_all.bundle
6775dd9752eaa41c1b7e1e27f1754a69	None	?	spacemarinesultramarinescardassets_assets_all.bundle
67c890d6ff10848439f604749b93eb2c	None	?	spacemarinesultramarinescardassets_assets_all.bundle
68dbdcade8a5c1d41b47f9f484a2e888	None	?	spacemarinesultramarinescardassets_assets_all.bundle
696d6a27c10376b409baebbf1fe74955	None	?	spacemarinesultramarinescardassets_assets_all.bundle
69e3a9c93e5ac4c33b138bd7c329a21d	None	?	spacemarinesultramarinescardassets_assets_all.bundle
6a6fb8c37ab200c469bcc799c5dbd57b	None	?	spacemarinesultramarinescardassets_assets_all.bundle
6a72cabf63af4fa4384458fab331b347	None	?	spacemarinesultramarinescardassets_assets_all.bundle
6af5679f3e82e134db9411af27e2fa9e	None	?	spacemarinesultramarinescardassets_assets_all.bundle
6b2c307ab25c17248a7eab78819e095d	None	?	spacemarinesultramarinescardassets_assets_all.bundle
6ba42cf8ad3cff34c8f20765ef17fc9c	None	?	spacemarinesultramarinescardassets_assets_all.bundle
6bb0c4ae6479848499532572e87cd829	None	?	spacemarinesultramarinescardassets_assets_all.bundle
6c65d559782eb6f4fb5b65f6d0166d02	None	?	spacemarinesultramarinescardassets_assets_all.bundle
6d62dae20bec1374597aa110dd2a0758	None	?	spacemarinesultramarinescardassets_assets_all.bundle
6ec1edb9190e15e4abe274d83a264486	None	?	spacemarinesultramarinescardassets_assets_all.bundle
6f9ebc50f23d34d6eba773af4c020449	None	?	spacemarinesultramarinescardassets_assets_all.bundle
7094a8ddccc6c2c45986de8403d7fe71	None	?	spacemarinesultramarinescardassets_assets_all.bundle
70dfba82e5b4acb48b29b3914c6e4cad	None	?	spacemarinesultramarinescardassets_assets_all.bundle
71aa051683813c44ea827d7504fc8e96	None	?	spacemarinesultramarinescardassets_assets_all.bundle
730ad0382d3797447b05a94612a804f1	None	?	spacemarinesultramarinescardassets_assets_all.bundle
7376e9a1ef205a64185751f434612b83	None	?	spacemarinesultramarinescardassets_assets_all.bundle
73f5018d3250144d3a97bc44b6213a92	None	?	spacemarinesultramarinescardassets_assets_all.bundle
7481ae2be5ab77b4cadc3e395394aaf6	None	?	spacemarinesultramarinescardassets_assets_all.bundle
75c548e6f05c9ea4782adade03ff6d07	None	?	spacemarinesultramarinescardassets_assets_all.bundle
76029b177d30047bebba1b500ba7acb5	None	?	spacemarinesultramarinescardassets_assets_all.bundle
783b6bd7930cb3540aa315fcd20d28cf	None	?	spacemarinesultramarinescardassets_assets_all.bundle
797ec957e6309d341b8c6a8eed8e2ff0	None	?	spacemarinesultramarinescardassets_assets_all.bundle
79ae6017d01bb5c41b60f4a724bcb7e9	None	?	spacemarinesultramarinescardassets_assets_all.bundle
7a1158712e4234b58a65b7ef3f740238	None	?	spacemarinesultramarinescardassets_assets_all.bundle
7a39080fed6476b41b9270c44685868c	None	?	spacemarinesultramarinescardassets_assets_all.bundle
7a68d8b6f72524444b2a26e15743befc	None	?	spacemarinesultramarinescardassets_assets_all.bundle
7b220e8d560ef174c8ba2dc98de78f8d	None	?	spacemarinesultramarinescardassets_assets_all.bundle
7b71c7709430b4e2eb24a35caea08a4e	None	?	spacemarinesultramarinescardassets_assets_all.bundle
7b8bda615648642e4bc0956da7221f60	None	?	spacemarinesultramarinescardassets_assets_all.bundle
7bb8f3a4ca337432db164b6a7e07be6f	None	?	spacemarinesultramarinescardassets_assets_all.bundle
7bd03d218e6514a8b9faf22d68faebe6	None	?	spacemarinesultramarinescardassets_assets_all.bundle
7c162babd6dc5574592f10c1c54c3fb9	None	?	spacemarinesultramarinescardassets_assets_all.bundle
7ca6894f54fe0b944afea9b1685c4b1e	None	?	spacemarinesultramarinescardassets_assets_all.bundle
7cabc01dec6b3424285ef3f4fbb2fecd	None	?	spacemarinesultramarinescardassets_assets_all.bundle
7d57fb72eb30a4ece82488bed45d2065	None	?	spacemarinesultramarinescardassets_assets_all.bundle
7debc606477194ba388c7c81281b6f1b	None	?	spacemarinesultramarinescardassets_assets_all.bundle
7e2f415e432e5954d8377ec4ab230c5f	None	?	spacemarinesultramarinescardassets_assets_all.bundle
7ed1ba61da9e99c498a6b59a7ad3f510	None	?	spacemarinesultramarinescardassets_assets_all.bundle
7f4de0ce08d674595b4a29a38d1e7710	None	?	spacemarinesultramarinescardassets_assets_all.bundle
7fd79e792c0b6464aa46ef729cf5e435	None	?	spacemarinesultramarinescardassets_assets_all.bundle
81843cceb629870448d6a65f939a6d68	None	?	spacemarinesultramarinescardassets_assets_all.bundle
81a36bda26c094fb2be01caeb38a3164	None	?	spacemarinesultramarinescardassets_assets_all.bundle
81edbd2d7712f4e19bbd7582d7ac10f0	None	?	spacemarinesultramarinescardassets_assets_all.bundle
822cbbb4a20584b879608afd97ca5113	None	?	spacemarinesultramarinescardassets_assets_all.bundle
830b98bfb50444d14ae2573c25b5885f	None	?	spacemarinesultramarinescardassets_assets_all.bundle
83116bb3fe71b2c43bf147f63c8a4259	None	?	spacemarinesultramarinescardassets_assets_all.bundle
8402fe467e04a406f98519057f9201da	None	?	spacemarinesultramarinescardassets_assets_all.bundle
848cb67fdd2926046a05f8d803efe37d	None	?	spacemarinesultramarinescardassets_assets_all.bundle
85257f344f0be484fa50309a67778152	None	?	spacemarinesultramarinescardassets_assets_all.bundle
85a0f8907ff4b4af6b44c83a543b4ffa	None	?	spacemarinesultramarinescardassets_assets_all.bundle
85d9933025de34489a2d8d383f20d675	None	?	spacemarinesultramarinescardassets_assets_all.bundle
89dae620dd402408ca4552dd16e1d21a	None	?	spacemarinesultramarinescardassets_assets_all.bundle
8a3fee7aa24e09a4d95c9545b1054467	None	?	spacemarinesultramarinescardassets_assets_all.bundle
8af871b94b63940fd9809fd66653b65d	None	?	spacemarinesultramarinescardassets_assets_all.bundle
8bcd4cd678a414fd8827d5275dd99d02	None	?	spacemarinesultramarinescardassets_assets_all.bundle
8bd64dd25911fcc449e37fb002eb8c05	None	?	spacemarinesultramarinescardassets_assets_all.bundle
8bf0cb9ff00ee4a9489b4cdc4d1c41b0	None	?	spacemarinesultramarinescardassets_assets_all.bundle
8c1b1f1cd699aa5448bdf20e1bda6f97	None	?	spacemarinesultramarinescardassets_assets_all.bundle
8e8464d82aba95a4ebbd16022057abd8	None	?	spacemarinesultramarinescardassets_assets_all.bundle
8eed029cc8c168e4aa1c047924dfd4de	None	?	spacemarinesultramarinescardassets_assets_all.bundle
8f8ac6fece7b2464c867c6e10d00f86c	None	?	spacemarinesultramarinescardassets_assets_all.bundle
8fc8e24e58bfb6c43a07ea670e9485b1	None	?	spacemarinesultramarinescardassets_assets_all.bundle
912533a87d1e149388fddfb729e579ef	None	?	spacemarinesultramarinescardassets_assets_all.bundle
912d41896300e4c7d8452ec5349f972b	None	?	spacemarinesultramarinescardassets_assets_all.bundle
937603150b1d49d498bec54aada2b50c	None	?	spacemarinesultramarinescardassets_assets_all.bundle
9569e4742fe71df458a25a5757fa5a0d	None	?	spacemarinesultramarinescardassets_assets_all.bundle
95fb5ae859211467a8ae28fb3cfe2aba	None	?	spacemarinesultramarinescardassets_assets_all.bundle
960281349f2f9a145a69461decc5f877	None	?	spacemarinesultramarinescardassets_assets_all.bundle
9631bd4cf3aa34902a417b696ff0a8d2	None	?	spacemarinesultramarinescardassets_assets_all.bundle
9643a05eb026b4b8c90a1589f454cbff	None	?	spacemarinesultramarinescardassets_assets_all.bundle
96bc341d4c08c43f584dde6c608bd458	None	?	spacemarinesultramarinescardassets_assets_all.bundle
9808567825ea34ddcbc5589129a7fdcb	None	?	spacemarinesultramarinescardassets_assets_all.bundle
98caf49f3f0614e01b990e4d1506a87a	None	?	spacemarinesultramarinescardassets_assets_all.bundle
99de511b37d3a8b489fe5e7adb534d61	None	?	spacemarinesultramarinescardassets_assets_all.bundle
9aea82a4de10f7b45af73560908419ac	None	?	spacemarinesultramarinescardassets_assets_all.bundle
9b227224a07801c42adc2325083920ea	None	?	spacemarinesultramarinescardassets_assets_all.bundle
9b53b310d46391c46b8f4822a6befe72	None	?	spacemarinesultramarinescardassets_assets_all.bundle
9be691628492afb40b38c06479c3646d	None	?	spacemarinesultramarinescardassets_assets_all.bundle
9c7a634f3c50da945b203ceb5e2baa78	None	?	spacemarinesultramarinescardassets_assets_all.bundle
9c9f081277e0f704e945e49fa4c1fe43	None	?	spacemarinesultramarinescardassets_assets_all.bundle
9e549c648c15942699519d6df6466219	None	?	spacemarinesultramarinescardassets_assets_all.bundle
9e7e0d7f774e65547b4ad77d5a4e1600	None	?	spacemarinesultramarinescardassets_assets_all.bundle
9fa173391f25e0b498ccbf0915a66761	None	?	spacemarinesultramarinescardassets_assets_all.bundle
9fe874c58fb89854b94b2c4b621abf4b	None	?	spacemarinesultramarinescardassets_assets_all.bundle
a075b1e7a7bc4461488200ad21f81933	None	?	spacemarinesultramarinescardassets_assets_all.bundle
a0bec508789c97a4f8f3589ce1359366	None	?	spacemarinesultramarinescardassets_assets_all.bundle
a18a157d905aafc4586c54f6788c02bb	None	?	spacemarinesultramarinescardassets_assets_all.bundle
a1b2e35d08c67364d845863d49ea9f54	None	?	spacemarinesultramarinescardassets_assets_all.bundle
a24b41568ad2d2e439e049581c43d1b7	None	?	spacemarinesultramarinescardassets_assets_all.bundle
a4ead9e3d828cd0449047735a296e455	None	?	spacemarinesultramarinescardassets_assets_all.bundle
a50a29ad2a9b24c8b991ec36a4a58e22	None	?	spacemarinesultramarinescardassets_assets_all.bundle
a51a59199f4729e4b80a655a29f32e24	None	?	spacemarinesultramarinescardassets_assets_all.bundle
a54ee6a6dfc60804dafc89aa2518494d	None	?	spacemarinesultramarinescardassets_assets_all.bundle
a59c767d273854a0b98b660a263d6c88	None	?	spacemarinesultramarinescardassets_assets_all.bundle
a5d79ade29a234523821add1f81f37cf	None	?	spacemarinesultramarinescardassets_assets_all.bundle
a6d4df57af0fb3643b3012feb63b3fb0	None	?	spacemarinesultramarinescardassets_assets_all.bundle
a6d878df32f28dc41a56257aec4032c5	None	?	spacemarinesultramarinescardassets_assets_all.bundle
a6e02099324b746d2be58528e1cf4232	None	?	spacemarinesultramarinescardassets_assets_all.bundle
a79749f70c6e3a243a471c01ed4939ad	None	?	spacemarinesultramarinescardassets_assets_all.bundle
a7eaefc3763439e459d16723e5671638	None	?	spacemarinesultramarinescardassets_assets_all.bundle
a841870dcefba224c9d4631465c2dbad	None	?	spacemarinesultramarinescardassets_assets_all.bundle
a90ba1c73b7c2498992a43ff3f45f4bf	None	?	spacemarinesultramarinescardassets_assets_all.bundle
a9232eeb82d69472abd928bddacf3f7c	None	?	spacemarinesultramarinescardassets_assets_all.bundle
a9481efb1f0409641871bf72f0c1d290	None	?	spacemarinesultramarinescardassets_assets_all.bundle
aa4ad9b28d4b3694ebd68fde29151d4e	None	?	spacemarinesultramarinescardassets_assets_all.bundle
aa62e6dc271f21444a1a251d89126d8f	None	?	spacemarinesultramarinescardassets_assets_all.bundle
aa8bbb236bcbd4a67b0b9758264b12f9	None	?	spacemarinesultramarinescardassets_assets_all.bundle
ab7417077642ab04a9815aa2cfb28ae4	None	?	spacemarinesultramarinescardassets_assets_all.bundle
acc755a9ef76e564aa6aac30c95808f9	None	?	spacemarinesultramarinescardassets_assets_all.bundle
ace871ac09a264e4f8cd14b0d16b2d71	None	?	spacemarinesultramarinescardassets_assets_all.bundle
acf10c2c7d2ee4644b5dae095c0769ce	None	?	spacemarinesultramarinescardassets_assets_all.bundle
ad5c4dea56bb54c2794b15352510e057	None	?	spacemarinesultramarinescardassets_assets_all.bundle
ad8481dbb56d94d13977dee1bc12ebbf	None	?	spacemarinesultramarinescardassets_assets_all.bundle
ae2a3d3e37acc4c7ab89afcdb8203015	None	?	spacemarinesultramarinescardassets_assets_all.bundle
ae339ffba0ad443f096fd3c151dde0aa	None	?	spacemarinesultramarinescardassets_assets_all.bundle
ae9a25b98af0e43e9a4370bd67ab0917	None	?	spacemarinesultramarinescardassets_assets_all.bundle
b0163f6aaae3a4ba68c40aab48290674	None	?	spacemarinesultramarinescardassets_assets_all.bundle
b0cc50e04760c49d591706e898d5f1c8	None	?	spacemarinesultramarinescardassets_assets_all.bundle
b0d49a5fa74054cd9a862ca71e836574	None	?	spacemarinesultramarinescardassets_assets_all.bundle
b0dccd32e05b49941bfa2635957c040c	None	?	spacemarinesultramarinescardassets_assets_all.bundle
b112287bc3032462bb50c8adb54582b7	None	?	spacemarinesultramarinescardassets_assets_all.bundle
b4a60f17f9a1ca149920da1bce94f811	None	?	spacemarinesultramarinescardassets_assets_all.bundle
b4d308feb3318404b928dcc1330e8f43	None	?	spacemarinesultramarinescardassets_assets_all.bundle
b4e0bbe9ea6765e4f8eae289e4310c9a	None	?	spacemarinesultramarinescardassets_assets_all.bundle
b61b2427c01e15e4db6e43cb3632f19c	None	?	spacemarinesultramarinescardassets_assets_all.bundle
b8176486879d34de3a0cd3bbfb25a7c3	None	?	spacemarinesultramarinescardassets_assets_all.bundle
b8ba45d126979884481c7ea6d3541f73	None	?	spacemarinesultramarinescardassets_assets_all.bundle
b9c4ab5b90261421ba8ed27d475a684f	None	?	spacemarinesultramarinescardassets_assets_all.bundle
bb03b4d9e60e2b54881effb23100f9e4	None	?	spacemarinesultramarinescardassets_assets_all.bundle
bba09bdcf688a474a9feada3a35efaec	None	?	spacemarinesultramarinescardassets_assets_all.bundle
bcdbde3f4542d3a418388a144d97abc2	None	?	spacemarinesultramarinescardassets_assets_all.bundle
bda67c92f349826468626efb26746de2	None	?	spacemarinesultramarinescardassets_assets_all.bundle
be0c15f52fda74ef9942d26a53121fb0	None	?	spacemarinesultramarinescardassets_assets_all.bundle
bf14b03e322227c42bd0e5635e87f663	None	?	spacemarinesultramarinescardassets_assets_all.bundle
bfb6dfe8d86853d46b10563621c5f1b7	None	?	spacemarinesultramarinescardassets_assets_all.bundle
c05aa9af4ed1c0a41a32876ecefe3743	None	?	spacemarinesultramarinescardassets_assets_all.bundle
c06616473de375b4a94d00e7250ad79f	None	?	spacemarinesultramarinescardassets_assets_all.bundle
c0b00d3279f5342b8adf82905a631bd7	None	?	spacemarinesultramarinescardassets_assets_all.bundle
c1100d27aade51c46a008fe527fc0bcc	None	?	spacemarinesultramarinescardassets_assets_all.bundle
c1eb053b5f5ac1542b1f0ee1ae3ebbd0	None	?	spacemarinesultramarinescardassets_assets_all.bundle
c23170375c45eca4295b541f91b0bbc8	None	?	spacemarinesultramarinescardassets_assets_all.bundle
c2795ca9129a04fea98a88f5723504db	None	?	spacemarinesultramarinescardassets_assets_all.bundle
c2e389e7c1110b242af7f33667ba590c	None	?	spacemarinesultramarinescardassets_assets_all.bundle
c30c2d70c29e243438c23565bfd4be72	None	?	spacemarinesultramarinescardassets_assets_all.bundle
c33171ef7a203451db9d47bb66c690b0	None	?	spacemarinesultramarinescardassets_assets_all.bundle
c38da49f2340140158b4fc91c8bcd51c	None	?	spacemarinesultramarinescardassets_assets_all.bundle
c39a4ef0ca3e33e46b0271b13e5a6a4f	None	?	spacemarinesultramarinescardassets_assets_all.bundle
c498890445b264f4fb0a80f656069a5c	None	?	spacemarinesultramarinescardassets_assets_all.bundle
c566018ec649093489b50bfc51737997	None	?	spacemarinesultramarinescardassets_assets_all.bundle
c5cc85c105f9b43a8b0ad412f307d2e5	None	?	spacemarinesultramarinescardassets_assets_all.bundle
c64cf0f11ec8a43b3866280d15aaa0ff	None	?	spacemarinesultramarinescardassets_assets_all.bundle
c712badcc94a06a4da4a9cf27b2afd56	None	?	spacemarinesultramarinescardassets_assets_all.bundle
c760162145b55dd46ad5950b65948610	None	?	spacemarinesultramarinescardassets_assets_all.bundle
c7bf296fd594b4c4ba3be988b6ceec42	None	?	spacemarinesultramarinescardassets_assets_all.bundle
c82372b81f2a040fea6a022db7b4492c	None	?	spacemarinesultramarinescardassets_assets_all.bundle
c82f64704223043beaa1af0feb828494	None	?	spacemarinesultramarinescardassets_assets_all.bundle
c9b519b57bcb2cb4c952d3b3809ec8bc	None	?	spacemarinesultramarinescardassets_assets_all.bundle
c9b8c7ef670c84a3d9f6d7292c670dd7	None	?	spacemarinesultramarinescardassets_assets_all.bundle
ca38cc1995f7c8d4c9544e5a3db9e538	None	?	spacemarinesultramarinescardassets_assets_all.bundle
cb145131624e30d479292787a2bab86f	None	?	spacemarinesultramarinescardassets_assets_all.bundle
cc14439fda709524d9754f65cec267eb	None	?	spacemarinesultramarinescardassets_assets_all.bundle
cc7a375f3dc944b52a84041fe5ba2bf4	None	?	spacemarinesultramarinescardassets_assets_all.bundle
ccf9e63a962165a43921f49f9198aa30	None	?	spacemarinesultramarinescardassets_assets_all.bundle
ccfd5ba69f960401fa6ac9bce0ec7f8d	None	?	spacemarinesultramarinescardassets_assets_all.bundle
cf6f1d798012ab24986847dd8d78cf79	None	?	spacemarinesultramarinescardassets_assets_all.bundle
d177ce283e619724aa4f40419c03e3a6	None	?	spacemarinesultramarinescardassets_assets_all.bundle
d25d4cfba284e99429f65f24b1c327a9	None	?	spacemarinesultramarinescardassets_assets_all.bundle
d463cb84b1df0d7438737cdda09e58e0	None	?	spacemarinesultramarinescardassets_assets_all.bundle
d5ec6054188e52b40be49c32ecf1d969	None	?	spacemarinesultramarinescardassets_assets_all.bundle
d8006a40312024da4af65423bbd73dad	None	?	spacemarinesultramarinescardassets_assets_all.bundle
d9dfd63b2c7a54ee0ab242923bf7d2e6	None	?	spacemarinesultramarinescardassets_assets_all.bundle
da5f4f539b04e984a8a07d1b26a4d3ff	None	?	spacemarinesultramarinescardassets_assets_all.bundle
db72c6136ef703143bd50e98afbe0b28	None	?	spacemarinesultramarinescardassets_assets_all.bundle
dc02909d6dfbc364f86951ebffc5aed1	None	?	spacemarinesultramarinescardassets_assets_all.bundle
dc6aed74f4609944dad44a34cbc7f579	None	?	spacemarinesultramarinescardassets_assets_all.bundle
dd4801c1bbde1d24da047495a0abb9a7	None	?	spacemarinesultramarinescardassets_assets_all.bundle
ddfbc0debbe1c7343884ce6b9849ea08	None	?	spacemarinesultramarinescardassets_assets_all.bundle
df9e1a38a0c04ce4bb60434d76032114	None	?	spacemarinesultramarinescardassets_assets_all.bundle
e05d499c9b34c4948aa7bc7475f73dbc	None	?	spacemarinesultramarinescardassets_assets_all.bundle
e0e2e4e432aa8430985ba40ca0191dd8	None	?	spacemarinesultramarinescardassets_assets_all.bundle
e1c2a2ca167057242bfe840cb3aac01e	None	?	spacemarinesultramarinescardassets_assets_all.bundle
e2b3b12fc9944ea4ca720fb49bfa66a5	None	?	spacemarinesultramarinescardassets_assets_all.bundle
e42395c91f80843729f07ee6a8ae9a84	None	?	spacemarinesultramarinescardassets_assets_all.bundle
e49a1d563d81c4615bf60f818268718e	None	?	spacemarinesultramarinescardassets_assets_all.bundle
e4eab71ae6227499fb90f08c49298a41	None	?	spacemarinesultramarinescardassets_assets_all.bundle
e54d1dd67dc97c34592fbc3bca27a94e	None	?	spacemarinesultramarinescardassets_assets_all.bundle
e6361e711f742ad4a8621a6b6c414ea7	None	?	spacemarinesultramarinescardassets_assets_all.bundle
e7ff26a1449ae4711bca3909142ac356	None	?	spacemarinesultramarinescardassets_assets_all.bundle
e814861d6ca92a449a6989f3583e9000	None	?	spacemarinesultramarinescardassets_assets_all.bundle
e97f4a99bacc4b9478842dbd43bfe91f	None	?	spacemarinesultramarinescardassets_assets_all.bundle
e9e84ade0a6bb0b408e18c23e10cbbb9	None	?	spacemarinesultramarinescardassets_assets_all.bundle
eb0aef9f91fe44638addf08d30a13fe2	None	?	spacemarinesultramarinescardassets_assets_all.bundle
eb361a3e2a6384d399698763d8e41737	None	?	spacemarinesultramarinescardassets_assets_all.bundle
ec6cfad96664b43e798457e4e6bdd0d1	None	?	spacemarinesultramarinescardassets_assets_all.bundle
ecd1503d1843b2343812183354ac2f9c	None	?	spacemarinesultramarinescardassets_assets_all.bundle
edf2b9421bbd6473fa0bb9a1f7b6fc1c	None	?	spacemarinesultramarinescardassets_assets_all.bundle
edf2f50b974c04d0d8dbe8ba537a5a85	None	?	spacemarinesultramarinescardassets_assets_all.bundle
ee54ead24339aee44b55d68486467fc6	None	?	spacemarinesultramarinescardassets_assets_all.bundle
ee86d0acea4c74843b23f980e379db18	None	?	spacemarinesultramarinescardassets_assets_all.bundle
ee900fdd41d10214bb9f5e0be1f41fb3	None	?	spacemarinesultramarinescardassets_assets_all.bundle
ee9b926b9ea6642c481700b1f9265db7	None	?	spacemarinesultramarinescardassets_assets_all.bundle
eedd1c4f04e38e240b660269442a49b2	None	?	spacemarinesultramarinescardassets_assets_all.bundle
ef2655c2d792c0e49af1f233945c5fd3	None	?	spacemarinesultramarinescardassets_assets_all.bundle
ef7873490fda4422ab1d58c5853309e2	None	?	spacemarinesultramarinescardassets_assets_all.bundle
f071fb548ef57274fbe1aba6d77c7b58	None	?	spacemarinesultramarinescardassets_assets_all.bundle
f0f7cbaeb7df3104a9af054c9a480e94	None	?	spacemarinesultramarinescardassets_assets_all.bundle
f16e4da1cf71b424f8693fc0500cda4c	None	?	spacemarinesultramarinescardassets_assets_all.bundle
f3103bfc3b3b18940a6fccf821f74e33	None	?	spacemarinesultramarinescardassets_assets_all.bundle
f32e9a8f9a3e8ed40bee47bd1591985e	None	?	spacemarinesultramarinescardassets_assets_all.bundle
f351dc39ad959da478a2e357cee7d496	None	?	spacemarinesultramarinescardassets_assets_all.bundle
f368e0dd3abbfc34d9a5be299c8eae93	None	?	spacemarinesultramarinescardassets_assets_all.bundle
f57fdea7ae3e04027bc7338fee920565	None	?	spacemarinesultramarinescardassets_assets_all.bundle
f6683e0d8d337452abcc21288db76176	None	?	spacemarinesultramarinescardassets_assets_all.bundle
f7237606247ab084685fdc99a75c3455	None	?	spacemarinesultramarinescardassets_assets_all.bundle
f7c64c4332fb70d4fa0969a2e986b7ef	None	?	spacemarinesultramarinescardassets_assets_all.bundle
f807621cc92a52d41afddfc3feeb01ba	None	?	spacemarinesultramarinescardassets_assets_all.bundle
f990dc599a0f44c1cb65d80856809f4d	None	?	spacemarinesultramarinescardassets_assets_all.bundle
fa7b0d2fc76d94ca8be30e7712978733	None	?	spacemarinesultramarinescardassets_assets_all.bundle
faea0eb6aa44e0f4b850c1985d7e3154	None	?	spacemarinesultramarinescardassets_assets_all.bundle
fb5da957a1b2843e6affd414f5f8f209	None	?	spacemarinesultramarinescardassets_assets_all.bundle
fb7b5d74a0c754f13b7dbbb2e34af03f	None	?	spacemarinesultramarinescardassets_assets_all.bundle
fcba5c860809db04cbbdba16496f4c01	None	?	spacemarinesultramarinescardassets_assets_all.bundle
fcd636dff88b44ca3893c2427defede4	None	?	spacemarinesultramarinescardassets_assets_all.bundle
fcdae6e4d4c573c469da1581538181aa	None	?	spacemarinesultramarinescardassets_assets_all.bundle
fd843fcf7bb52b946bd1f50c41da5da9	None	?	spacemarinesultramarinescardassets_assets_all.bundle
fd96379a94929084d80fc2e0f0e0f6eb	None	?	spacemarinesultramarinescardassets_assets_all.bundle
fd9c9c71ef9fd40e8a29dfc6d67d36fa	None	?	spacemarinesultramarinescardassets_assets_all.bundle
fdb6d0e8fd11566429b3c65c75d1fb78	None	?	spacemarinesultramarinescardassets_assets_all.bundle
fe1c1f772f8bd42e08cc09c4c1172eeb	None	?	spacemarinesultramarinescardassets_assets_all.bundle
fe7dd38b3dceb5c44941461cfde77f10	None	?	spacemarinesultramarinescardassets_assets_all.bundle
ff094a92d0ecd15448d89209a84398f9	None	?	spacemarinesultramarinescardassets_assets_all.bundle
4cc8c494503a0824dbc9eb76eb121810	None	?	specialofferscontentlocal_assets_all.bundle
8442df92cf4557047be3ea335ba3cc74	None	?	specialofferscontentlocal_assets_all.bundle
9cf4da3aaa5d9c049a3e364503ea9fbe	None	?	specialofferscontentlocal_assets_all.bundle
115ca0e1f8715cc4aafbe4705ffeceae	None	?	staticgeneralassets_assets_all.bundle
21f6a5eb8295284498e3fe0231aa1079	None	?	staticgeneralassets_assets_all.bundle
5d3adafd99a7e4df1853e8df6c51c50c	None	?	staticgeneralassets_assets_all.bundle
7069b8cbe3da845f189db8e14d737c95	None	?	staticgeneralassets_assets_all.bundle
9a26e1b801d17f741a36857568f13d9c	None	?	staticgeneralassets_assets_all.bundle
b7ac147e72ecc4c35a99e5e80c6178d9	None	?	staticgeneralassets_assets_all.bundle
0065cba422d151e4eab66078ec98f1d9	None	?	tauempirecardanims_assets_all.bundle
0a1d2287b34dad14c82218f592b9b80b	None	?	tauempirecardanims_assets_all.bundle
135a6a60df05f9348b43b5ee0cc074b2	None	?	tauempirecardanims_assets_all.bundle
17f5eac3b35ff5e48b909346180a5a74	None	?	tauempirecardanims_assets_all.bundle
18ec7b52f6b8fdd48bf987cab10ab065	None	?	tauempirecardanims_assets_all.bundle
1f1237c738cc2184e83b42b94bb3a696	None	?	tauempirecardanims_assets_all.bundle
2076fea8581085546903daba72d6d40b	None	?	tauempirecardanims_assets_all.bundle
2430980527700c647b59830c72cb05ae	None	?	tauempirecardanims_assets_all.bundle
2780dfc6251b3df41b6430fa78ccd5f5	None	?	tauempirecardanims_assets_all.bundle
398ae2e87748d63438c8b966ce288ec8	None	?	tauempirecardanims_assets_all.bundle
48c571e5d0bf8dd4d9488a6ce062c46a	None	?	tauempirecardanims_assets_all.bundle
530f7cae2eb65344f8ddc0864b3af489	None	?	tauempirecardanims_assets_all.bundle
578144f43cd275842ae26707ce8f30fa	None	?	tauempirecardanims_assets_all.bundle
5c23e54e1b8cfca4aa65ddecb92c9be1	None	?	tauempirecardanims_assets_all.bundle
61ccc2c0e54c7f248a152b0cea416c9b	None	?	tauempirecardanims_assets_all.bundle
6a7a883649646b9408c803b3b676cae0	None	?	tauempirecardanims_assets_all.bundle
6b00b8a461915944f9ff7a1c12777915	None	?	tauempirecardanims_assets_all.bundle
6f11df52e45c77c4c9234c1b7b93ce72	None	?	tauempirecardanims_assets_all.bundle
6fe4d212e4d7e854a99c128e6c1a75b1	None	?	tauempirecardanims_assets_all.bundle
71ac3bfd333e60746ab382ae15457146	None	?	tauempirecardanims_assets_all.bundle
727c81298d3c96041b5e798af178189a	None	?	tauempirecardanims_assets_all.bundle
7f7b8ce3779bcbe4c9dd5720b6670116	None	?	tauempirecardanims_assets_all.bundle
7fe859c09dc62734f81486b2e8ab8c8e	None	?	tauempirecardanims_assets_all.bundle
8239004585d9efd49923b2fae7b361b4	None	?	tauempirecardanims_assets_all.bundle
88e2b77e92721f54bb0255645814cf30	None	?	tauempirecardanims_assets_all.bundle
8b2a982e55e90014c884010b67efbdcc	None	?	tauempirecardanims_assets_all.bundle
9a553b01b0f6f324e9293fe7801f4668	None	?	tauempirecardanims_assets_all.bundle
a5e7f62f439102342b49cf2240f8f5b3	None	?	tauempirecardanims_assets_all.bundle
b712b2e1f8f95a04f812393564fed832	None	?	tauempirecardanims_assets_all.bundle
c5ec6ad30fcb99240848f4a7596c5082	None	?	tauempirecardanims_assets_all.bundle
c70acd661850b5e468731e8f20b30c72	None	?	tauempirecardanims_assets_all.bundle
cc78579c357f8d24e89951e02b44ac99	None	?	tauempirecardanims_assets_all.bundle
cf2079f8cbac04546a2597ad675b86b2	None	?	tauempirecardanims_assets_all.bundle
d1d428d548e068d42b5f33c4cac59d89	None	?	tauempirecardanims_assets_all.bundle
d27bcc42b195ae44dac4bfd3691c4b1a	None	?	tauempirecardanims_assets_all.bundle
d74fc6b5de93b4846adfb7aeb5f49dd0	None	?	tauempirecardanims_assets_all.bundle
e02ae8d554d3fd144a7a4585f6fe1fa2	None	?	tauempirecardanims_assets_all.bundle
e3174e73f137fc44daa9ec461802df0e	None	?	tauempirecardanims_assets_all.bundle
e67965752da7a944388104b7385ea8c1	None	?	tauempirecardanims_assets_all.bundle
014425d54af804a8db4441d3cefdaf41	None	?	tauempirecardassets_assets_all.bundle
02d5d54ccaa414bb2afa03f5027e0902	None	?	tauempirecardassets_assets_all.bundle
036cb905c85524c798c1a82163ed86d3	None	?	tauempirecardassets_assets_all.bundle
04c5e3fb4167f45a08b96dde8162009c	None	?	tauempirecardassets_assets_all.bundle
04f00ae11212d4e7e9be418d7e309cd6	None	?	tauempirecardassets_assets_all.bundle
06feee350dcd74ac49de6244bb6f3b97	None	?	tauempirecardassets_assets_all.bundle
0758e2c6e1d8a4b91abc50603247678a	None	?	tauempirecardassets_assets_all.bundle
07dbc6f34610f490ba0d69d7141d08c3	None	?	tauempirecardassets_assets_all.bundle
08805ed6cb3db4e48b90844fe193715b	None	?	tauempirecardassets_assets_all.bundle
08c7007873c364a77a9b12c75a1388fc	None	?	tauempirecardassets_assets_all.bundle
0a607ae86f91046f788c83315b7498ca	None	?	tauempirecardassets_assets_all.bundle
0c10b9fe081e34b158b48233c90c0e74	None	?	tauempirecardassets_assets_all.bundle
0c51680320bd4354691c52c51b6ac8ab	None	?	tauempirecardassets_assets_all.bundle
106518cbc3db7eb43b227dacd840bc61	None	?	tauempirecardassets_assets_all.bundle
127b41d4a6b7f4ec58c61c2d0b198948	None	?	tauempirecardassets_assets_all.bundle
13882aec064be4ef5924c5c1567637ea	None	?	tauempirecardassets_assets_all.bundle
14adc6128f6b24cfe81fea91bc63268e	None	?	tauempirecardassets_assets_all.bundle
17a2c38c994c244f3aea923225971f68	None	?	tauempirecardassets_assets_all.bundle
18445c781c6424bd0b234a43c7ec0540	None	?	tauempirecardassets_assets_all.bundle
18c117c7ae62a443d9d37ea3db23054e	None	?	tauempirecardassets_assets_all.bundle
1ade44723ff5446c8b24f8c4bc28b84a	None	?	tauempirecardassets_assets_all.bundle
1b8acea86a4e347099db76e26620dbaf	None	?	tauempirecardassets_assets_all.bundle
1be9e18cb9ae64df8b306c061e0aab9c	None	?	tauempirecardassets_assets_all.bundle
1c0708ccb071d427db4f56b6a465cc51	None	?	tauempirecardassets_assets_all.bundle
1cec0f79ac40d4d4c915038a03a01dab	None	?	tauempirecardassets_assets_all.bundle
1cef203cee30842ceaa37fa3c8f4e945	None	?	tauempirecardassets_assets_all.bundle
1d5fb1d3b92e64199b8ec89058edcdc0	None	?	tauempirecardassets_assets_all.bundle
1e19afe62d63844eaa839a6754e5fcbc	None	?	tauempirecardassets_assets_all.bundle
1f73c69b4ad784ff1886e27a2395ac61	None	?	tauempirecardassets_assets_all.bundle
20c5afe8a19d641078f31c3b4c7410c9	None	?	tauempirecardassets_assets_all.bundle
21ade35b5032c42df8dca264406aa8ca	None	?	tauempirecardassets_assets_all.bundle
2265712d918b74d1887f2574bd1172c4	None	?	tauempirecardassets_assets_all.bundle
233ac54ea1e434736a96fb02d0e49ecc	None	?	tauempirecardassets_assets_all.bundle
2398c0ef418e94a25a9fdaa004b5af59	None	?	tauempirecardassets_assets_all.bundle
2432e1d5898b34688a662c95fb76752c	None	?	tauempirecardassets_assets_all.bundle
24a7a9a60ed444f2fbbcdcb1b4d80fb9	None	?	tauempirecardassets_assets_all.bundle
24cb5383f197b4e78a2f35c76ac02ff9	None	?	tauempirecardassets_assets_all.bundle
2505a6a83efd344cca74adf6f315e53c	None	?	tauempirecardassets_assets_all.bundle
283db1e0dacf64cd39c729538db17ecf	None	?	tauempirecardassets_assets_all.bundle
29290360eced54fd3905fa1b17b7c6dc	None	?	tauempirecardassets_assets_all.bundle
299f683fee0a545dd8e42c24950c5755	None	?	tauempirecardassets_assets_all.bundle
29c26f14d75824b8e8890e6425a75ff8	None	?	tauempirecardassets_assets_all.bundle
2fd8d5fd865114e7db3fba5fd31f6a00	None	?	tauempirecardassets_assets_all.bundle
309032198061a4f1ebc88f5d930c3cc6	None	?	tauempirecardassets_assets_all.bundle
318f8f70f10e145d59513f8454bbad5b	None	?	tauempirecardassets_assets_all.bundle
337ca425ebdfd40e9ba32d32c9b2c6cb	None	?	tauempirecardassets_assets_all.bundle
34ce5979148d74ca881c28b5ad930684	None	?	tauempirecardassets_assets_all.bundle
36b81ae24b76b4dfda608b822a78c6b0	None	?	tauempirecardassets_assets_all.bundle
3819389e74b7a4672ae4ba7a64d1cc2c	None	?	tauempirecardassets_assets_all.bundle
383e3626f12c84266b21de533cbb0262	None	?	tauempirecardassets_assets_all.bundle
385068fb35b704a45b9887e602052330	None	?	tauempirecardassets_assets_all.bundle
3a2db68fb08134d619143efac0f1f607	None	?	tauempirecardassets_assets_all.bundle
3b22f255c0f304a31803a5613130ff4e	None	?	tauempirecardassets_assets_all.bundle
3b247290e45394d22b8a228e58f4eff8	None	?	tauempirecardassets_assets_all.bundle
3ddd312671dfd43baa5e9f0c41d0ec3d	None	?	tauempirecardassets_assets_all.bundle
42175dbdf6d955842a0513be02faeaad	None	?	tauempirecardassets_assets_all.bundle
4389284d6eea24a8f8c5d69cef6f928b	None	?	tauempirecardassets_assets_all.bundle
4472e4503b75a4784b34f7d0508a4c21	None	?	tauempirecardassets_assets_all.bundle
45f543edcd23d4a40bad7631f409a0e5	None	?	tauempirecardassets_assets_all.bundle
47269d5c76500462290713197e277278	None	?	tauempirecardassets_assets_all.bundle
492bb5e9535d94cc5bad87a643785587	None	?	tauempirecardassets_assets_all.bundle
4c6cd2b266115401db769ed62c7dc2c6	None	?	tauempirecardassets_assets_all.bundle
4cbc940f1fc61421ca00d76256a3794e	None	?	tauempirecardassets_assets_all.bundle
4cc0e81d72ff0244c84db1c7d016b7df	None	?	tauempirecardassets_assets_all.bundle
4cca2bfe692ef46b29f70f17514de3ca	None	?	tauempirecardassets_assets_all.bundle
4ea70d29c4a964bf89598bdce7837c2e	None	?	tauempirecardassets_assets_all.bundle
4edd36682afe444c9ba0fba18ab1fdf5	None	?	tauempirecardassets_assets_all.bundle
4f5da9465d71b40119942cb528b11ef2	None	?	tauempirecardassets_assets_all.bundle
4f60177c8ffc54e6cb439fe7bb1f5325	None	?	tauempirecardassets_assets_all.bundle
50a58328ffdef477fbc7e1c6124a7b78	None	?	tauempirecardassets_assets_all.bundle
585620a37c9ab4a39beb4fd070ccf17e	None	?	tauempirecardassets_assets_all.bundle
59a80828ed6754eb0a8c5e12b5fd839a	None	?	tauempirecardassets_assets_all.bundle
5a6144b8fddb045bba991b6fccdd27b0	None	?	tauempirecardassets_assets_all.bundle
5c5ff4a7882ef48b194ae9a1e501ca2b	None	?	tauempirecardassets_assets_all.bundle
5d497d6be277b4003816a4a22845b09a	None	?	tauempirecardassets_assets_all.bundle
5ef9442e8fbcb4a13bd48c7f3d828879	None	?	tauempirecardassets_assets_all.bundle
5f003c485b5564abfa4d5af344285cdc	None	?	tauempirecardassets_assets_all.bundle
5fdd3eb4c99db4ed5a527870eb59ac9a	None	?	tauempirecardassets_assets_all.bundle
606bd39ce52c74730ac7d4adbe8fe44f	None	?	tauempirecardassets_assets_all.bundle
610e059def8584b3fa7c7d4b0c0e8d8c	None	?	tauempirecardassets_assets_all.bundle
61300c61193354e6c84135833ab49a09	None	?	tauempirecardassets_assets_all.bundle
615da848565ff4fa3bce446e8a12e9f7	None	?	tauempirecardassets_assets_all.bundle
648f5c7b29fa5473d93a4a5c7c28ecdf	None	?	tauempirecardassets_assets_all.bundle
6515f9e89d66e4984bee4041616fa562	None	?	tauempirecardassets_assets_all.bundle
65bbd57f501c0431b88c4a494e7235c2	None	?	tauempirecardassets_assets_all.bundle
6654f9c79f712b5438a37bf47867bf0d	None	?	tauempirecardassets_assets_all.bundle
679049ad0c44b4abb9559183ef7f5673	None	?	tauempirecardassets_assets_all.bundle
68e1e2ef8b3ea4db6bd8f4041bca94e1	None	?	tauempirecardassets_assets_all.bundle
694f5a8b845e4474a91dca064e503cb4	None	?	tauempirecardassets_assets_all.bundle
69b771d792a324b48a01fc823b1fac32	None	?	tauempirecardassets_assets_all.bundle
6a1dbf2cd15284b8c8af5165bb33bd89	None	?	tauempirecardassets_assets_all.bundle
6a304cd20dd0847849d247a293cb7e58	None	?	tauempirecardassets_assets_all.bundle
6b2ed7382649246e9bc5c330cb6817fe	None	?	tauempirecardassets_assets_all.bundle
6d72de54348e34752be84356f7cabd35	None	?	tauempirecardassets_assets_all.bundle
6fcc54e2ff1104d4ca31b53dfb753b6d	None	?	tauempirecardassets_assets_all.bundle
70c81ee51cf8949d88c515f5bdcf1114	None	?	tauempirecardassets_assets_all.bundle
71c3a61c3d9d443889c459c428740ea7	None	?	tauempirecardassets_assets_all.bundle
73652c1008010584d80fff4863910526	None	?	tauempirecardassets_assets_all.bundle
7395d2714bbb04bd09e0405f31a253f1	None	?	tauempirecardassets_assets_all.bundle
73bbe3cd29def422180202e9f57f82c6	None	?	tauempirecardassets_assets_all.bundle
73ec3af1b279541f6967f4eae3650b44	None	?	tauempirecardassets_assets_all.bundle
747451a0d68be4db8b1fab146261e062	None	?	tauempirecardassets_assets_all.bundle
752ed1eb58e51427296cca67f0f5e672	None	?	tauempirecardassets_assets_all.bundle
76cc3e6d5da19418cbc5d0059026eb4c	None	?	tauempirecardassets_assets_all.bundle
7779833cb104a496b9ecedcf41e69347	None	?	tauempirecardassets_assets_all.bundle
783e1870061c94b288350be390ce5489	None	?	tauempirecardassets_assets_all.bundle
7910f899bf89a460384e624a1a8d7e6a	None	?	tauempirecardassets_assets_all.bundle
79cc548edcc11a14fb44fb90ebf04a53	None	?	tauempirecardassets_assets_all.bundle
79ea5edcfc06a4a20b56d3915f97c45f	None	?	tauempirecardassets_assets_all.bundle
7b38e8fa563b54c7397c1e5d2f5de43b	None	?	tauempirecardassets_assets_all.bundle
7b7250cae65094cd68857abdbe67cc40	None	?	tauempirecardassets_assets_all.bundle
7bf94258e38f74211b78cd5ce90eff93	None	?	tauempirecardassets_assets_all.bundle
7d2fcd031e5a24d6a97232b68072f357	None	?	tauempirecardassets_assets_all.bundle
7e635a169cd9d4c789c9bcd6f97db077	None	?	tauempirecardassets_assets_all.bundle
816004bda623f4309affc0823d15bb03	None	?	tauempirecardassets_assets_all.bundle
81a1a7701e35e4f25be7cffa64e34033	None	?	tauempirecardassets_assets_all.bundle
8381475114f374e7faca7a3e2fd1b707	None	?	tauempirecardassets_assets_all.bundle
8387339c0d5ae43959f12aa6d2ee2d17	None	?	tauempirecardassets_assets_all.bundle
84a52113f5f944029b6f7c29926d64b1	None	?	tauempirecardassets_assets_all.bundle
85bda029f829b437695935f8b23874af	None	?	tauempirecardassets_assets_all.bundle
86b59adea4ac140d3aac8f85f5bc18dc	None	?	tauempirecardassets_assets_all.bundle
874fa3de9c54647faa96ac5587433dd8	None	?	tauempirecardassets_assets_all.bundle
88c073266bad349318f8072ade269a30	None	?	tauempirecardassets_assets_all.bundle
8a8d04770f5c840e2bfb325513dc84da	None	?	tauempirecardassets_assets_all.bundle
8b1c3d509c5304e2aa26aa0c3ecf6380	None	?	tauempirecardassets_assets_all.bundle
8b935a258998f4df59f405ed1260226e	None	?	tauempirecardassets_assets_all.bundle
8c3d9c73ce2fc4cb3914fcdb78e88539	None	?	tauempirecardassets_assets_all.bundle
8da7b527f772e41aabd60c104ed4c57d	None	?	tauempirecardassets_assets_all.bundle
8dfdafb4d88744107831a6bcabcaf414	None	?	tauempirecardassets_assets_all.bundle
8e68f9bf4d0e54657981b89a9e668990	None	?	tauempirecardassets_assets_all.bundle
8f5212d494dfa4f59b5a6f6fd5e0b30f	None	?	tauempirecardassets_assets_all.bundle
90b0cf2e7fc9e443fa0c3021ff79e585	None	?	tauempirecardassets_assets_all.bundle
9283bca8eec9d413e98c44319d21b748	None	?	tauempirecardassets_assets_all.bundle
92ffc3744c4c8457bb147b815c66a9a3	None	?	tauempirecardassets_assets_all.bundle
93775e2515e8f4e61bbdc23274999a96	None	?	tauempirecardassets_assets_all.bundle
93e40968a9a3645558e3821bbaa8c8d4	None	?	tauempirecardassets_assets_all.bundle
95306de6a47e544048d74e86585f5dd5	None	?	tauempirecardassets_assets_all.bundle
975a801a7d0484a82b60bb8445e3a98a	None	?	tauempirecardassets_assets_all.bundle
9805b93df979d408487dde53984924c9	None	?	tauempirecardassets_assets_all.bundle
98c918f1f7c43438abad73de4d0d074b	None	?	tauempirecardassets_assets_all.bundle
992f384d946ef4a66ad4ca45894499e8	None	?	tauempirecardassets_assets_all.bundle
999e217f5c9e042efab2e37ee7bfccc4	None	?	tauempirecardassets_assets_all.bundle
9b3d8b083689e49878d768df034c3d3e	None	?	tauempirecardassets_assets_all.bundle
9be519e3da92e4ec7838392641db5b15	None	?	tauempirecardassets_assets_all.bundle
9d9dbd91e2463445b98639bf33b715ef	None	?	tauempirecardassets_assets_all.bundle
9ecb62a4714784ddfa3ff30eb8603975	None	?	tauempirecardassets_assets_all.bundle
9ee07b3f419a91d40a8ca7d7037c651a	None	?	tauempirecardassets_assets_all.bundle
9f8466a36a43b4880b2c1c2520c7287c	None	?	tauempirecardassets_assets_all.bundle
a1ee5849b2685d446be796e85bef341b	None	?	tauempirecardassets_assets_all.bundle
a222de7df1fba42a4af5b6a8e5e344c1	None	?	tauempirecardassets_assets_all.bundle
a35c5e6c9d7a4489bb55f4c00bb0f786	None	?	tauempirecardassets_assets_all.bundle
a3b2b8c0d05a4684bb6422eb6a479f0e	None	?	tauempirecardassets_assets_all.bundle
a5a0bbef1452648c897218a129339a17	None	?	tauempirecardassets_assets_all.bundle
a6a1e9a49e15a41bcb624080f12cd11c	None	?	tauempirecardassets_assets_all.bundle
a6b5c726cd9e94fe19834a295157c39e	None	?	tauempirecardassets_assets_all.bundle
ab28cbe7469cd4f7ca3a1f379a77eed6	None	?	tauempirecardassets_assets_all.bundle
ac14c39c67cf84192aaa17af227bfc91	None	?	tauempirecardassets_assets_all.bundle
adca11c156e7749b0b7e34eef91173e5	None	?	tauempirecardassets_assets_all.bundle
ae1dd1bfc81b8461e8e697d4ed000615	None	?	tauempirecardassets_assets_all.bundle
af310e5b28d27496b8b7c5f02f170e4d	None	?	tauempirecardassets_assets_all.bundle
af512d1d852e94fc99cc6f3c1c6671ff	None	?	tauempirecardassets_assets_all.bundle
b17806db043a8456caba07232d32fb40	None	?	tauempirecardassets_assets_all.bundle
b193d1e7ca0274b94bad3fcdf6be7ece	None	?	tauempirecardassets_assets_all.bundle
b1c78810add434f66b4ece8b7b5ecb06	None	?	tauempirecardassets_assets_all.bundle
b2aaec06fb7084f4592cf0941360135e	None	?	tauempirecardassets_assets_all.bundle
b2ec2ca32a549e3468f5c9c9d0359383	None	?	tauempirecardassets_assets_all.bundle
b3588b2c6bbca477e84b40a48581586f	None	?	tauempirecardassets_assets_all.bundle
b3b26bd38deaf476a992ed5085697013	None	?	tauempirecardassets_assets_all.bundle
b3f3e67cecd51449783e31cc474c918c	None	?	tauempirecardassets_assets_all.bundle
b5cbd4437b6bc4b9faa8095f4308399f	None	?	tauempirecardassets_assets_all.bundle
b689853e0f0a8634c97049872612eaf4	None	?	tauempirecardassets_assets_all.bundle
b8b24f490f11e4745a6dc2a06b665da5	None	?	tauempirecardassets_assets_all.bundle
b95207bdd1d6c4e4bae8b50367bbbb57	None	?	tauempirecardassets_assets_all.bundle
bb3b78b06a92146069ea163a4fab3c29	None	?	tauempirecardassets_assets_all.bundle
bdcfecb213dc44160a9207bbdc700bcc	None	?	tauempirecardassets_assets_all.bundle
bea24fc9c613d417fac4a13d12238e9c	None	?	tauempirecardassets_assets_all.bundle
c2509c544749f499b89edf79cdb9f0db	None	?	tauempirecardassets_assets_all.bundle
c493f445de15540ce9f42ab4ed690452	None	?	tauempirecardassets_assets_all.bundle
c5ebd0e33710947aeb3faf26f8749116	None	?	tauempirecardassets_assets_all.bundle
c6b3e3206afea4bbba3df73684214df9	None	?	tauempirecardassets_assets_all.bundle
c72429e9dc9c040c487735d042298ece	None	?	tauempirecardassets_assets_all.bundle
c7a189d8af45be14cb9f997602f0214a	None	?	tauempirecardassets_assets_all.bundle
ca6121e03ff7549438ab278b9f4d1413	None	?	tauempirecardassets_assets_all.bundle
cb27e50ccd7e84422b5fec909a627068	None	?	tauempirecardassets_assets_all.bundle
ce508be1a4a83df47a6aa1384aed79a2	None	?	tauempirecardassets_assets_all.bundle
ce83f02d3a5ac4c319f82aefd630a6a3	None	?	tauempirecardassets_assets_all.bundle
ce9612b1eb49949daa80742e39def4a9	None	?	tauempirecardassets_assets_all.bundle
ce9777830bd124f528e568ca849f6338	None	?	tauempirecardassets_assets_all.bundle
cf46cc0b16d02497291e9af2edf901b5	None	?	tauempirecardassets_assets_all.bundle
d0e53e6142123460ca84c89114d17b0c	None	?	tauempirecardassets_assets_all.bundle
d12c99c0922c74673a57101a1483a832	None	?	tauempirecardassets_assets_all.bundle
d2c8933c9515e4c4192f42166d0f85d7	None	?	tauempirecardassets_assets_all.bundle
d363f1bf436e14cd0bf50f4d6f18599c	None	?	tauempirecardassets_assets_all.bundle
d3abbb290ebb24e96890a332650d01a0	None	?	tauempirecardassets_assets_all.bundle
d73a22558230c41038672b5c15e5f0b6	None	?	tauempirecardassets_assets_all.bundle
d7a291ab872844c6d9d5a52c63ee422b	None	?	tauempirecardassets_assets_all.bundle
d8c1cadeffa8a42fcae752c109aabe74	None	?	tauempirecardassets_assets_all.bundle
d9975e489a7774f55a343d9fea2f7506	None	?	tauempirecardassets_assets_all.bundle
d9ae03ccad5914d4c82207fde1d6998e	None	?	tauempirecardassets_assets_all.bundle
da7e21a82d0ac4d858eed096392cb2aa	None	?	tauempirecardassets_assets_all.bundle
dac4fb51c12024305a899c834fd4ecc1	None	?	tauempirecardassets_assets_all.bundle
dba422ba61fec4476a27ada9171581b7	None	?	tauempirecardassets_assets_all.bundle
dc218425928e742839f2d1fe4d79cab7	None	?	tauempirecardassets_assets_all.bundle
dcb52183f36a64e80978c381af4a4469	None	?	tauempirecardassets_assets_all.bundle
dcd2ecf188236406089c52514b960160	None	?	tauempirecardassets_assets_all.bundle
dce4dbbf8694ce04d91be1c943b35f2b	None	?	tauempirecardassets_assets_all.bundle
de41aaecef84a426e924449d270d8ecf	None	?	tauempirecardassets_assets_all.bundle
dee13e9d2a5914dc8a5650100aacb49c	None	?	tauempirecardassets_assets_all.bundle
dff8b3981bdad412997853f38da13dd6	None	?	tauempirecardassets_assets_all.bundle
e07575776b86e409b87835590ecc87f6	None	?	tauempirecardassets_assets_all.bundle
e0a66e415181b4a5e90bae691d894e5d	None	?	tauempirecardassets_assets_all.bundle
e56afe93e4214425ba996ba1b0a15490	None	?	tauempirecardassets_assets_all.bundle
e5e510c8f465ef54db8664152bcd2b5a	None	?	tauempirecardassets_assets_all.bundle
e63886b8d04da48d5b51866a1c4cd003	None	?	tauempirecardassets_assets_all.bundle
e6c9c7b2678da4d40a70bbedcb66464c	None	?	tauempirecardassets_assets_all.bundle
e7b90f5e163f043fb8eed53a9f7f039a	None	?	tauempirecardassets_assets_all.bundle
e7d362c603cd5194d920b956a8b8982b	None	?	tauempirecardassets_assets_all.bundle
e83eb24a98ef244d39da437599aa908e	None	?	tauempirecardassets_assets_all.bundle
eb25467d1051246fcadf49f96a68bd1a	None	?	tauempirecardassets_assets_all.bundle
eb5da637d94714faea3e06c5ac037935	None	?	tauempirecardassets_assets_all.bundle
eb91b7d63c97d4d259f31a176bc1d64a	None	?	tauempirecardassets_assets_all.bundle
ed660c80bd9fa4228a191332fe28a1a9	None	?	tauempirecardassets_assets_all.bundle
eda0985f5df3049bdade06992fd0b54a	None	?	tauempirecardassets_assets_all.bundle
ee6f5f492a86d41c3aa5c1c0a40191c5	None	?	tauempirecardassets_assets_all.bundle
ef61d8e4a6e0449209d79891f5ddbf17	None	?	tauempirecardassets_assets_all.bundle
efe9e402a0ca04638bed77dfe3c5a093	None	?	tauempirecardassets_assets_all.bundle
f04e0c8368c474d0f939cb4e85af889a	None	?	tauempirecardassets_assets_all.bundle
f14b8c8499d034c0689aa01a1ef5a82f	None	?	tauempirecardassets_assets_all.bundle
f2f13d27dfcfc44afab0a2070fe464f9	None	?	tauempirecardassets_assets_all.bundle
f684adb6ecada4e87b47c8b0a5fbc832	None	?	tauempirecardassets_assets_all.bundle
f8de3fc081cda471b8881bb304bdefc3	None	?	tauempirecardassets_assets_all.bundle
f943ed4ffa1554f54bc9082ed99813cd	None	?	tauempirecardassets_assets_all.bundle
fb7eeaef2bb604119bcc38ba9e7a5ca3	None	?	tauempirecardassets_assets_all.bundle
fcea179f2dc574cbe986d2a5bf4d327e	None	?	tauempirecardassets_assets_all.bundle
fd37942edbc9b46958b3fade208a392c	None	?	tauempirecardassets_assets_all.bundle
feeceeebbc3c84c809572daa2fa6445e	None	?	tauempirecardassets_assets_all.bundle
ffed0fa83724042288ecd4c25891fd18	None	?	tauempirecardassets_assets_all.bundle
1c736f5689478334086f7e643cd68071	None	?	tutorialso_assets_all.bundle
2a82e15d25e824581a74e088fce2502c	None	?	tutorialso_assets_all.bundle
35f18eec6f78bf64db623c698a7101ee	None	?	tutorialso_assets_all.bundle
49ca40e29993142408656bb25c35a44c	None	?	tutorialso_assets_all.bundle
814c17fc2e7a746cc8dc69933b9de9be	None	?	tutorialso_assets_all.bundle
8b5e3b833c0d86e4794ec4aa608d3b91	None	?	tutorialso_assets_all.bundle
e09f15a1b4d93844581c7d925d4fb679	None	?	tutorialso_assets_all.bundle
0ec9ea58a6a644a289fa75534040de5b	None	?	tutorialwarlordchats_assets_all.bundle
13a67071be5ba4867aad1d823e81aaf1	None	?	tutorialwarlordchats_assets_all.bundle
155ef5c0e68e74bc1b9da59af3225c11	None	?	tutorialwarlordchats_assets_all.bundle
254d496021c6e4a95a820ad6ba13f2d6	None	?	tutorialwarlordchats_assets_all.bundle
28b8d193eca934753aff0457530852a7	None	?	tutorialwarlordchats_assets_all.bundle
2efd0e93a0c6748a7bb8b1368676bca9	None	?	tutorialwarlordchats_assets_all.bundle
372f85b92b1844a27a92fcbb6a138635	None	?	tutorialwarlordchats_assets_all.bundle
3c6882bc1bc1a495d9ce9657fde492e2	None	?	tutorialwarlordchats_assets_all.bundle
3cd42b837841c714b824bab86c63139f	None	?	tutorialwarlordchats_assets_all.bundle
450d6528591934045a5786b0ce8125f2	None	?	tutorialwarlordchats_assets_all.bundle
542fd593f3e674b6cb89686ce0c57d11	None	?	tutorialwarlordchats_assets_all.bundle
55b0be2a45663413aa08efd7232d0059	None	?	tutorialwarlordchats_assets_all.bundle
55ef60455082e488da8ed0c3ee2e1ae9	None	?	tutorialwarlordchats_assets_all.bundle
59c637c003d6c4838add143640bd747d	None	?	tutorialwarlordchats_assets_all.bundle
5fb9f4f8575564c95b948ab41059a5d9	None	?	tutorialwarlordchats_assets_all.bundle
619566e06e06742ef9131f90228ef9e9	None	?	tutorialwarlordchats_assets_all.bundle
6196887feea5a4faa99a5fcac837373d	None	?	tutorialwarlordchats_assets_all.bundle
63aecdada3e9d114a8cce400a68ffec3	None	?	tutorialwarlordchats_assets_all.bundle
6670614adf70e4f8584e97fadcf04e1a	None	?	tutorialwarlordchats_assets_all.bundle
6f7d1b8855af247419d1472f9fc636b9	None	?	tutorialwarlordchats_assets_all.bundle
764d010ee88cc409991bea326355675c	None	?	tutorialwarlordchats_assets_all.bundle
783df5f3ddbf044ec9c53bff449056b8	None	?	tutorialwarlordchats_assets_all.bundle
78d2c0548dd54eb4f831deae4eec3254	None	?	tutorialwarlordchats_assets_all.bundle
7dbaf63de80ff4736848a7c020063092	None	?	tutorialwarlordchats_assets_all.bundle
7eec994b0b59b954ea7b61ae72013802	None	?	tutorialwarlordchats_assets_all.bundle
82882e074af61d04683475eb72510277	None	?	tutorialwarlordchats_assets_all.bundle
89a7238b19e754553a42f912b6382028	None	?	tutorialwarlordchats_assets_all.bundle
8a559cdf8c69b45bea7002ba3d09d7f6	None	?	tutorialwarlordchats_assets_all.bundle
8ddaddbeabd294a9ba22816d627f1cfe	None	?	tutorialwarlordchats_assets_all.bundle
a21b319406b00487ca4315cf76f4e64e	None	?	tutorialwarlordchats_assets_all.bundle
b154e2937c4e04e30a560b0b41f5aa6d	None	?	tutorialwarlordchats_assets_all.bundle
b82ec1a93a96544dfa5e2748cf56f803	None	?	tutorialwarlordchats_assets_all.bundle
beb7fc3712be7491393974201eafcaa4	None	?	tutorialwarlordchats_assets_all.bundle
bfd9c467b124a4416b197d6c9117d6cd	None	?	tutorialwarlordchats_assets_all.bundle
c015d9c8503e6465998dc1e41b5dc983	None	?	tutorialwarlordchats_assets_all.bundle
c0610ad2c0ffaa54c80cf35cab7a1f0f	None	?	tutorialwarlordchats_assets_all.bundle
c356f5e76ae4b406d95a6e3dd3f37bb2	None	?	tutorialwarlordchats_assets_all.bundle
cce1292929a4c4accbd8c77965c74ffc	None	?	tutorialwarlordchats_assets_all.bundle
cf9dde03794ae449a8bbcff4cd224699	None	?	tutorialwarlordchats_assets_all.bundle
e50139691d9eada41b0ae43b50713859	None	?	tutorialwarlordchats_assets_all.bundle
e517931ce9fd04955af6514bef59f68b	None	?	tutorialwarlordchats_assets_all.bundle
e5c9d276725dd4ca4af95dee05be856d	None	?	tutorialwarlordchats_assets_all.bundle
fab2c1657147b45faa81d1e6d519f2a1	None	?	tutorialwarlordchats_assets_all.bundle
022b595312a59f44489294cf074fc99d	None	?	tweenandshakes_assets_all.bundle
037dfa597b17299408441ee755961d6f	None	?	tweenandshakes_assets_all.bundle
0537fa70bb28ac14893489b4e177732b	None	?	tweenandshakes_assets_all.bundle
0875cbab0b2d741ad8a63d4b4016e64d	None	?	tweenandshakes_assets_all.bundle
087b3581779525343865edfd416be067	None	?	tweenandshakes_assets_all.bundle
0a76f2ba307052542925d207639c0070	None	?	tweenandshakes_assets_all.bundle
0b2d3ee4f361640cdbadb65645a1d6f6	None	?	tweenandshakes_assets_all.bundle
0d2443cf9c376064f90dc32c36981093	None	?	tweenandshakes_assets_all.bundle
0e2880817036c9848bdd1f8883519374	None	?	tweenandshakes_assets_all.bundle
0f1efb2a2f3dd443781acaf3a69f4c67	None	?	tweenandshakes_assets_all.bundle
14cfd56cfaf2c474f8e4b600b6e6ee9b	None	?	tweenandshakes_assets_all.bundle
17b94ab3ce0718044b4dae76373bc73e	None	?	tweenandshakes_assets_all.bundle
182aae5f64facfc49823bb6109fdbfb1	None	?	tweenandshakes_assets_all.bundle
1aa269752979a4e73b8e895140e51c6d	None	?	tweenandshakes_assets_all.bundle
232b353c295857a45b595404166b604b	None	?	tweenandshakes_assets_all.bundle
24e2c562b87d1c84e8c30f02a9378df2	None	?	tweenandshakes_assets_all.bundle
25a7566abf37cd549816af6e2cfe021d	None	?	tweenandshakes_assets_all.bundle
26de92da604de1a479667120d3e7b39a	None	?	tweenandshakes_assets_all.bundle
29d4b9cfe1b64c945b300f68ab1a0fbb	None	?	tweenandshakes_assets_all.bundle
2d82210054348144ea09113027f67d1a	None	?	tweenandshakes_assets_all.bundle
2f366e6501375ef4983a781a96395795	None	?	tweenandshakes_assets_all.bundle
3518cc6e861e04f45895d700bd522eba	None	?	tweenandshakes_assets_all.bundle
3b9f1af81fbec42deb995856cfbe02a5	None	?	tweenandshakes_assets_all.bundle
3c4e5a0d909f14940b3346fa6019191a	None	?	tweenandshakes_assets_all.bundle
3e217af18c242c04796615434d0b8bec	None	?	tweenandshakes_assets_all.bundle
48f3b9cc39a7ad9489b47337080decb3	None	?	tweenandshakes_assets_all.bundle
4b74270a38da24572ba347cd918ca8dd	None	?	tweenandshakes_assets_all.bundle
4d084aa21d69f4c26a38ad97dce5cf9e	None	?	tweenandshakes_assets_all.bundle
533786251f21445cab5c3e39a9aa345a	None	?	tweenandshakes_assets_all.bundle
55bfe0122c7cb497ba57470c13e0faf1	None	?	tweenandshakes_assets_all.bundle
58f958a0b75cf98429db1d60226c7eeb	None	?	tweenandshakes_assets_all.bundle
6439ec5cc3f58483db0e6c0f7b943e6f	None	?	tweenandshakes_assets_all.bundle
663bca45855edfd4394e13be9a43d025	None	?	tweenandshakes_assets_all.bundle
6656d400f345e4247a7c121ec06f1c1a	None	?	tweenandshakes_assets_all.bundle
6db710223af9d0e46bacebfd5fa04af1	None	?	tweenandshakes_assets_all.bundle
733c4377c111b421490f261abf013478	None	?	tweenandshakes_assets_all.bundle
76618727a2950ee4d9fdc7a4aaf634e8	None	?	tweenandshakes_assets_all.bundle
79d0c542d95d8644c9b41da45a0e3e51	None	?	tweenandshakes_assets_all.bundle
7d741a7ad07f58f49bbc067ad67042b2	None	?	tweenandshakes_assets_all.bundle
80cb599cced1c02408e4741896197908	None	?	tweenandshakes_assets_all.bundle
8428ee37b67494530813951ce1883bc5	None	?	tweenandshakes_assets_all.bundle
8b0d9db4364c1421799c34d845b98242	None	?	tweenandshakes_assets_all.bundle
8c8d16a45237746cb945971e43604767	None	?	tweenandshakes_assets_all.bundle
8d5afb8ce5c68734f844b93ccc5cea55	None	?	tweenandshakes_assets_all.bundle
8da96300fd4d44e23a38c6042056d9ac	None	?	tweenandshakes_assets_all.bundle
8f59e0395e283415480b06949273b05d	None	?	tweenandshakes_assets_all.bundle
8f7886d550b2706408eccdb6b284ec70	None	?	tweenandshakes_assets_all.bundle
93ab9fd12fe514b22a62363c4ed37efd	None	?	tweenandshakes_assets_all.bundle
93b5b50c9b7a3e5499ba2daee7061923	None	?	tweenandshakes_assets_all.bundle
972a28593a91b1f429b2998808c11345	None	?	tweenandshakes_assets_all.bundle
982ee6c0620ae3543b7de11a683deb8d	None	?	tweenandshakes_assets_all.bundle
9ef0bc6485da1f64eb64c1013d0a2e68	None	?	tweenandshakes_assets_all.bundle
a063e8c20c7b54bbbb761ce38cf02902	None	?	tweenandshakes_assets_all.bundle
a644fe054a3909c4cb5980d8fe52f91a	None	?	tweenandshakes_assets_all.bundle
aa0ea971ad1c74340b56ae64ab2c6d25	None	?	tweenandshakes_assets_all.bundle
adc7694b1b2dad242819e747ee039a47	None	?	tweenandshakes_assets_all.bundle
b554a9894152609458dacb4faff76b58	None	?	tweenandshakes_assets_all.bundle
b61dc48c5ea9ec64a84f5cf33a8972cd	None	?	tweenandshakes_assets_all.bundle
c42508a0ec5b4c04587dd5b77fb1d1b9	None	?	tweenandshakes_assets_all.bundle
c4e8438e7492c2a47a5648632319a87c	None	?	tweenandshakes_assets_all.bundle
c532f1f6d8b1f764e96499a654c149a7	None	?	tweenandshakes_assets_all.bundle
c9d1eb66514d1574fb55bc8592fc66a3	None	?	tweenandshakes_assets_all.bundle
c9e44eece73a742d88b90c23b6d9e033	None	?	tweenandshakes_assets_all.bundle
e51a6041142c8db4b890c06de4d0cf74	None	?	tweenandshakes_assets_all.bundle
e524d17f41114dd47ae4be3b4674aa28	None	?	tweenandshakes_assets_all.bundle
e7b98c58f69bf4266bbd19a3e4a27c03	None	?	tweenandshakes_assets_all.bundle
edf0454dd67b548d4a57b2c6abf177ae	None	?	tweenandshakes_assets_all.bundle
f0b307aeec78e4d6b85b959b5c6e1117	None	?	tweenandshakes_assets_all.bundle
f30eacb7c99c74e0fbc229fb16a97123	None	?	tweenandshakes_assets_all.bundle
f40ed12369e9d9c478d8dcb49d1619a5	None	?	tweenandshakes_assets_all.bundle
f42c4301aa6664f9c8a713d9b4999c6b	None	?	tweenandshakes_assets_all.bundle
f481a56b41e6f4008b4ee09b4aedefe1	None	?	tweenandshakes_assets_all.bundle
f5c851153154b46e3b34ea9fa9982983	None	?	tweenandshakes_assets_all.bundle
f6ebedc8d4351814491c1910d4ee07d1	None	?	tweenandshakes_assets_all.bundle
fadcd39ce207991448e9d48e0ca40ed0	None	?	tweenandshakes_assets_all.bundle
042f569c9bbfd1f4396653d70df7aa24	None	?	tyranidsleviathancardanims_assets_all.bundle
050740822f65cab468fa0461d1707364	None	?	tyranidsleviathancardanims_assets_all.bundle
0cbd8ceb448e8d44fbcc106560bcdd35	None	?	tyranidsleviathancardanims_assets_all.bundle
0dad89f2c41d6d84a9816f9548e42d45	None	?	tyranidsleviathancardanims_assets_all.bundle
0df2ddff5bfd9654c9066d25707a66a4	None	?	tyranidsleviathancardanims_assets_all.bundle
0f600d58cf6928644b1cc997dfb342c2	None	?	tyranidsleviathancardanims_assets_all.bundle
1444161bf6418654a84df08ede0aa4e6	None	?	tyranidsleviathancardanims_assets_all.bundle
17ff12736c7974742883fc821f385135	None	?	tyranidsleviathancardanims_assets_all.bundle
18e4f788ee96087498f6f8f39e200317	None	?	tyranidsleviathancardanims_assets_all.bundle
193b13748ce489245b7df8241ada6380	None	?	tyranidsleviathancardanims_assets_all.bundle
20bd8f43b9e848c40969ee19b2505b06	None	?	tyranidsleviathancardanims_assets_all.bundle
31771998643ec5740a4adb0b6a680705	None	?	tyranidsleviathancardanims_assets_all.bundle
3528323ec4b5e3e49a863ae691068775	None	?	tyranidsleviathancardanims_assets_all.bundle
36e9ab869c84cbe4993e462bee6be263	None	?	tyranidsleviathancardanims_assets_all.bundle
37a444097939a1547b5865847ae515b4	None	?	tyranidsleviathancardanims_assets_all.bundle
396aa56a900c9084e9eb0b538f8a3e52	None	?	tyranidsleviathancardanims_assets_all.bundle
3cb93f24197de214f8ec1a8f1f04425d	None	?	tyranidsleviathancardanims_assets_all.bundle
3f9048ddeac9c464cbf82ab4367ac106	None	?	tyranidsleviathancardanims_assets_all.bundle
463fe631f5e25a944b73bfe26d5f9721	None	?	tyranidsleviathancardanims_assets_all.bundle
46ae341427fd5cc499ff32d75d75a45a	None	?	tyranidsleviathancardanims_assets_all.bundle
46cd6011438049e42a6d39c3e35c51ea	None	?	tyranidsleviathancardanims_assets_all.bundle
48927e7260195dc4ca26b133623ea956	None	?	tyranidsleviathancardanims_assets_all.bundle
4c501bbd339960f4ea431de4a4fa3218	None	?	tyranidsleviathancardanims_assets_all.bundle
4d178b27888911f45a7202fe6e000951	None	?	tyranidsleviathancardanims_assets_all.bundle
53fcead4d07b18a4992724055a73bbb5	None	?	tyranidsleviathancardanims_assets_all.bundle
555a4aa0d66b6c849b79d9497d08e865	None	?	tyranidsleviathancardanims_assets_all.bundle
5bb09010ef55c9f43a985bb6780a80a4	None	?	tyranidsleviathancardanims_assets_all.bundle
5dfe3fd23073b6d46aaed39a3d77ca7b	None	?	tyranidsleviathancardanims_assets_all.bundle
69e644d84a3385146985969c4780dee5	None	?	tyranidsleviathancardanims_assets_all.bundle
6b3ea3191dcf07a48b1be2f8b9dab8d5	None	?	tyranidsleviathancardanims_assets_all.bundle
6c38e43e62f6eff43abe086c90be5ab1	None	?	tyranidsleviathancardanims_assets_all.bundle
6d19370f6b404cf49a27c9d9e83e8eff	None	?	tyranidsleviathancardanims_assets_all.bundle
6d26913618ca0f4469a38fc8c81f2b58	None	?	tyranidsleviathancardanims_assets_all.bundle
71fc7559622e4be4088c992b8f56b92f	None	?	tyranidsleviathancardanims_assets_all.bundle
7268c1bdb6e409a4baceaff01859a5c7	None	?	tyranidsleviathancardanims_assets_all.bundle
73d38609a09c6454cb7f140af32be34b	None	?	tyranidsleviathancardanims_assets_all.bundle
7664df93326745b47a4494225bfed893	None	?	tyranidsleviathancardanims_assets_all.bundle
782a9d5a1c3d58f44939bf89051736c0	None	?	tyranidsleviathancardanims_assets_all.bundle
7de5100fd3d46ec4c862fad97473bb08	None	?	tyranidsleviathancardanims_assets_all.bundle
7e65cadda7d638542a0e33cd70b0d8bd	None	?	tyranidsleviathancardanims_assets_all.bundle
7eff19c7e282f2042b662aef58380e43	None	?	tyranidsleviathancardanims_assets_all.bundle
831338c69190d0a4a8cb838fbf7cb725	None	?	tyranidsleviathancardanims_assets_all.bundle
8ced6b6e5423da449a1ee9cc700019f6	None	?	tyranidsleviathancardanims_assets_all.bundle
9038c5b488598894293b6b605a25a021	None	?	tyranidsleviathancardanims_assets_all.bundle
9188e2eb6dc4e744abcab6f8c1c5a332	None	?	tyranidsleviathancardanims_assets_all.bundle
92c9d51b5bbd1c64390d78049d923a85	None	?	tyranidsleviathancardanims_assets_all.bundle
974a34a5297721f4d856e44dbf99af34	None	?	tyranidsleviathancardanims_assets_all.bundle
a3507e1d1bd73a74ea78bf111d781368	None	?	tyranidsleviathancardanims_assets_all.bundle
a9f39b175bccf6142bf85bfd4f610521	None	?	tyranidsleviathancardanims_assets_all.bundle
ad97e92522266d74b90f38ee6436f013	None	?	tyranidsleviathancardanims_assets_all.bundle
bfbbde5de0d135743a4c597947dea26c	None	?	tyranidsleviathancardanims_assets_all.bundle
c2751cddfa9d1104fb6929185b7211d0	None	?	tyranidsleviathancardanims_assets_all.bundle
c8f584eb3dd14974fb8e4556b82d124f	None	?	tyranidsleviathancardanims_assets_all.bundle
cc67d73cd19ba854e8df57415e8d7b6e	None	?	tyranidsleviathancardanims_assets_all.bundle
cf73bb5360d59e9459e847427216ad1d	None	?	tyranidsleviathancardanims_assets_all.bundle
d172e9bced5783743bd14b0cf77f86bd	None	?	tyranidsleviathancardanims_assets_all.bundle
d715568d07c760f4d801c56d673d0a1b	None	?	tyranidsleviathancardanims_assets_all.bundle
e5d17acdb1c83e74cb4408e1cc870305	None	?	tyranidsleviathancardanims_assets_all.bundle
ed5aecba169a1e844aa140b7a405e149	None	?	tyranidsleviathancardanims_assets_all.bundle
f7293fae98b4cc84a847de171f67fca1	None	?	tyranidsleviathancardanims_assets_all.bundle
007398b70cee546f99174af6ed9211a0	None	?	tyranidsleviathancardassets_assets_all.bundle
042725f118df1214d8d3ca83220a6ff3	None	?	tyranidsleviathancardassets_assets_all.bundle
0468a7520ba7e4fc2bd2f797c8fdcf13	None	?	tyranidsleviathancardassets_assets_all.bundle
063f886e6e9de4478a8707520626f0b2	None	?	tyranidsleviathancardassets_assets_all.bundle
06c96ee94bed5bc4baa21926242ea065	None	?	tyranidsleviathancardassets_assets_all.bundle
08f4cfbeca1634f1b8244e0e5aea4cc1	None	?	tyranidsleviathancardassets_assets_all.bundle
09641dbcee65f4294a4aa5c1ff3b4040	None	?	tyranidsleviathancardassets_assets_all.bundle
0a1184bb454f3d44b9fda9eddf838cbc	None	?	tyranidsleviathancardassets_assets_all.bundle
0aca1b457f3b79d4a8d536bbdf5063e0	None	?	tyranidsleviathancardassets_assets_all.bundle
0c6cab6e4880bcc458af1f9fc908df35	None	?	tyranidsleviathancardassets_assets_all.bundle
0db81c79cf5263a4280258b92bf7d197	None	?	tyranidsleviathancardassets_assets_all.bundle
0dbdb41f5144b4053bac88846a4caea6	None	?	tyranidsleviathancardassets_assets_all.bundle
102fec82e2095f34382551f33b16c720	None	?	tyranidsleviathancardassets_assets_all.bundle
107e1043d4765461bb5fbbb64c1b657d	None	?	tyranidsleviathancardassets_assets_all.bundle
12cdc7e88f4f74231a7fabc60974f264	None	?	tyranidsleviathancardassets_assets_all.bundle
131db07d86ef34d428cca5e4e66ee53a	None	?	tyranidsleviathancardassets_assets_all.bundle
13232174f490c471ea34bae667a86b1e	None	?	tyranidsleviathancardassets_assets_all.bundle
138c76a7dcf344f6da33bea93ed34e30	None	?	tyranidsleviathancardassets_assets_all.bundle
186d37f594d5a194e87c574a7efa7ffb	None	?	tyranidsleviathancardassets_assets_all.bundle
1881be21ce1e145a1b7290adb44b6810	None	?	tyranidsleviathancardassets_assets_all.bundle
1ae9aaeb943594481aada54663593391	None	?	tyranidsleviathancardassets_assets_all.bundle
1bea495bb3a6e85409f4963f1bbe2574	None	?	tyranidsleviathancardassets_assets_all.bundle
220a4d5e9a95e4d1ab131362ecf4f30a	None	?	tyranidsleviathancardassets_assets_all.bundle
22a27e8e7c188457db0f5869b2942232	None	?	tyranidsleviathancardassets_assets_all.bundle
23e52f368339c499795c9fd7e48b195e	None	?	tyranidsleviathancardassets_assets_all.bundle
24e3278e96c22c843af6d22236681c18	None	?	tyranidsleviathancardassets_assets_all.bundle
26dc3f38e39ba4c27ad8bca43a893a32	None	?	tyranidsleviathancardassets_assets_all.bundle
2727ba9ba88234f128fbace0ba6519b3	None	?	tyranidsleviathancardassets_assets_all.bundle
27c9ed541053637448b5fe8c3c93a202	None	?	tyranidsleviathancardassets_assets_all.bundle
2a9f995fa2ced0f4fba5ee79e29ab681	None	?	tyranidsleviathancardassets_assets_all.bundle
2efe19f9d0264430aaf60d3527cd73fb	None	?	tyranidsleviathancardassets_assets_all.bundle
303baf4e78e69954aa93de063bbc60c2	None	?	tyranidsleviathancardassets_assets_all.bundle
30abc5a0e852f43b1922423efd6aa484	None	?	tyranidsleviathancardassets_assets_all.bundle
32894e99ad0292a47ba5a3146d92d609	None	?	tyranidsleviathancardassets_assets_all.bundle
32b6046bc6d4e4aec85d97d84335f5d2	None	?	tyranidsleviathancardassets_assets_all.bundle
32bdccbe93562bc4dae1adfc43b4560d	None	?	tyranidsleviathancardassets_assets_all.bundle
340dbe584122943dab44068d524b9ae5	None	?	tyranidsleviathancardassets_assets_all.bundle
3639fa9f8964f4149bcee3a62cecf164	None	?	tyranidsleviathancardassets_assets_all.bundle
373339ee197984fa7b6609c05b6307ea	None	?	tyranidsleviathancardassets_assets_all.bundle
383851c9bc9ff485ba02d6cfbb51c836	None	?	tyranidsleviathancardassets_assets_all.bundle
393fce76c3e7745209e38bddcc14847e	None	?	tyranidsleviathancardassets_assets_all.bundle
3a3a5d00eaad14c1c9679d8086d64e34	None	?	tyranidsleviathancardassets_assets_all.bundle
3b0891a0e15596c479c14c0e1fa1d2ec	None	?	tyranidsleviathancardassets_assets_all.bundle
3b19d751c0f544cfba70dc9fb1ecd014	None	?	tyranidsleviathancardassets_assets_all.bundle
3d129b1656ede4f7abad6af7bead194b	None	?	tyranidsleviathancardassets_assets_all.bundle
3deea8094c9621041824dba309f207a8	None	?	tyranidsleviathancardassets_assets_all.bundle
3e0bd317b4282da4488f06841470145c	None	?	tyranidsleviathancardassets_assets_all.bundle
3e9ef1e2ef9e8455cb829d68aa528f4d	None	?	tyranidsleviathancardassets_assets_all.bundle
3ebd5002f80c64b0a9df77d9bd5feb55	None	?	tyranidsleviathancardassets_assets_all.bundle
401324c0135926f4e975af267eb20997	None	?	tyranidsleviathancardassets_assets_all.bundle
410813a08e50eaf49b8748c742bfa0e3	None	?	tyranidsleviathancardassets_assets_all.bundle
41844ed2dc886fa45bef6ae959893c90	None	?	tyranidsleviathancardassets_assets_all.bundle
43ca1757a3b8d4a4e9cab6c48331faab	None	?	tyranidsleviathancardassets_assets_all.bundle
43cd939ab71ac4a32b62da220a484327	None	?	tyranidsleviathancardassets_assets_all.bundle
448f52b276fd4f243bf58ec52278dff8	None	?	tyranidsleviathancardassets_assets_all.bundle
45619cb971d1b0640beec3a14f07bd5e	None	?	tyranidsleviathancardassets_assets_all.bundle
45d8b5302feac4e7191a8f4434c36b34	None	?	tyranidsleviathancardassets_assets_all.bundle
46e0494440e516d4ca81e5aa339d41c2	None	?	tyranidsleviathancardassets_assets_all.bundle
474a2c29cfbfa4737a39791af4cf39ed	None	?	tyranidsleviathancardassets_assets_all.bundle
489573ba498e77a4184d4e74eb6482dc	None	?	tyranidsleviathancardassets_assets_all.bundle
4b1d9de67b02f49f19f8608bff22f652	None	?	tyranidsleviathancardassets_assets_all.bundle
4b70aa91b63c1408c9ddd07ead52cb12	None	?	tyranidsleviathancardassets_assets_all.bundle
4bc7ddada35e441dbb77fe0fb8267db7	None	?	tyranidsleviathancardassets_assets_all.bundle
4fc1e13b59b2686478ae5c58e6ca2dc0	None	?	tyranidsleviathancardassets_assets_all.bundle
4fcbdef2617ec4990bd2c8cad9a03510	None	?	tyranidsleviathancardassets_assets_all.bundle
4ff2d8814feb0984f8239d9718ded2ed	None	?	tyranidsleviathancardassets_assets_all.bundle
50415b2633365494cb6a1e3b05375d18	None	?	tyranidsleviathancardassets_assets_all.bundle
526eb5e94d6164d3eb87c7dfd829400b	None	?	tyranidsleviathancardassets_assets_all.bundle
5319daaf288b14ed480122f5d56e2105	None	?	tyranidsleviathancardassets_assets_all.bundle
5432947e9ef40406b992ab5ca299d96d	None	?	tyranidsleviathancardassets_assets_all.bundle
5620af66cc1c94637bf869e47049ba55	None	?	tyranidsleviathancardassets_assets_all.bundle
56d994a455deb45babe0d0c2a9b63de0	None	?	tyranidsleviathancardassets_assets_all.bundle
56dac0a99b9cc4b9185424564b7d4856	None	?	tyranidsleviathancardassets_assets_all.bundle
5912aa940fbbeae4996564d7be9e56d0	None	?	tyranidsleviathancardassets_assets_all.bundle
5ee6b840b607c214fb2350068f5ae646	None	?	tyranidsleviathancardassets_assets_all.bundle
5f7fccc2923bb46ffb6ee75d9c63c537	None	?	tyranidsleviathancardassets_assets_all.bundle
612cc3c087d41464890a42fd17aecbc7	None	?	tyranidsleviathancardassets_assets_all.bundle
64df5203f17944c5c90c1fe6d8321a83	None	?	tyranidsleviathancardassets_assets_all.bundle
6507762d8ad7f2b46a7a6a5ed46f36dc	None	?	tyranidsleviathancardassets_assets_all.bundle
66284b2bb581d45f8b3995ec23fe5bff	None	?	tyranidsleviathancardassets_assets_all.bundle
6668f798aed408a4b946e247a61dfcdb	None	?	tyranidsleviathancardassets_assets_all.bundle
6674b4a7a0b5f46a59d9052c4b2fd148	None	?	tyranidsleviathancardassets_assets_all.bundle
66bbd7f4209e10b4f86dd3f734f0b9e9	None	?	tyranidsleviathancardassets_assets_all.bundle
67e57dffc670cae409c43fbd7ece993c	None	?	tyranidsleviathancardassets_assets_all.bundle
6c1100873f4884ce98a593ee39f386e0	None	?	tyranidsleviathancardassets_assets_all.bundle
6d30c80f2e4284ad58e94108515aecc7	None	?	tyranidsleviathancardassets_assets_all.bundle
6f0b92d1373744e928f731f9a6dfa23f	None	?	tyranidsleviathancardassets_assets_all.bundle
6fba5810366bbae4f98fac370aab7da1	None	?	tyranidsleviathancardassets_assets_all.bundle
70ffc2783f79844a7989cf1ab0396562	None	?	tyranidsleviathancardassets_assets_all.bundle
721733d849fce4a26a07f1d2e8a979bd	None	?	tyranidsleviathancardassets_assets_all.bundle
73977b5d44e4e4ca595da8c419928ce9	None	?	tyranidsleviathancardassets_assets_all.bundle
746440afb62a749e9810f78529b3d971	None	?	tyranidsleviathancardassets_assets_all.bundle
752d97b549e1dac479cb232570e8c493	None	?	tyranidsleviathancardassets_assets_all.bundle
78915f6fa456a0b47a414b63b9dbea64	None	?	tyranidsleviathancardassets_assets_all.bundle
7a45d0fd6899f4227af30a3b7bfe5aa1	None	?	tyranidsleviathancardassets_assets_all.bundle
7be7310bea4dcb045b1e53a14245ac07	None	?	tyranidsleviathancardassets_assets_all.bundle
7c010688f25dc2f42824fe84b78602c6	None	?	tyranidsleviathancardassets_assets_all.bundle
8037e2efbc6016741aef10e46606c42b	None	?	tyranidsleviathancardassets_assets_all.bundle
81163540be030c3429b7aa88049818eb	None	?	tyranidsleviathancardassets_assets_all.bundle
814f55d56f73140f9b20fa5dd8b4d73c	None	?	tyranidsleviathancardassets_assets_all.bundle
81f4532ae276c4a5aa1f2dba819e5714	None	?	tyranidsleviathancardassets_assets_all.bundle
8367d08c5d87c47c691f0b3f328ab8cc	None	?	tyranidsleviathancardassets_assets_all.bundle
8857a1dc8daca44dbbec10b34dff79f8	None	?	tyranidsleviathancardassets_assets_all.bundle
8883ca2d841da41f2a6407ee6dfa5ecc	None	?	tyranidsleviathancardassets_assets_all.bundle
8be97062ae3bee143b780a0478df9660	None	?	tyranidsleviathancardassets_assets_all.bundle
8da614325bdc45b47bd51a2b31e64439	None	?	tyranidsleviathancardassets_assets_all.bundle
8eb98ca56f6c0694bb14d8a1c427771c	None	?	tyranidsleviathancardassets_assets_all.bundle
8fb5d09a461eb493b8e70e68d9ceca4f	None	?	tyranidsleviathancardassets_assets_all.bundle
8fe1347a885bf9648829892e0e3fd706	None	?	tyranidsleviathancardassets_assets_all.bundle
90a148b50e1ad4731b82d0f1def95695	None	?	tyranidsleviathancardassets_assets_all.bundle
95368670535100d4ab9d1fbc2439c045	None	?	tyranidsleviathancardassets_assets_all.bundle
95535fa3291c24097b5f48c061a35d6d	None	?	tyranidsleviathancardassets_assets_all.bundle
95553e7dc6ec14329bdb63f8591eb450	None	?	tyranidsleviathancardassets_assets_all.bundle
957111040244440b7b5006c2533deb4e	None	?	tyranidsleviathancardassets_assets_all.bundle
9582d4fd9e3df4d66b4e77a4eb158459	None	?	tyranidsleviathancardassets_assets_all.bundle
960df65b5c2f0cf44ad67983e5fa8029	None	?	tyranidsleviathancardassets_assets_all.bundle
967d1cc62f2305d4ea20fa889a8bdcf8	None	?	tyranidsleviathancardassets_assets_all.bundle
983b80a2269267e4aa73749af04bfdfe	None	?	tyranidsleviathancardassets_assets_all.bundle
9c0edca3e88384d5684d80f8e3a94e81	None	?	tyranidsleviathancardassets_assets_all.bundle
9c98d3697f91c4c708af02c55924d14e	None	?	tyranidsleviathancardassets_assets_all.bundle
9d57ca64b051c08428b0d46a0c0a2fb3	None	?	tyranidsleviathancardassets_assets_all.bundle
9ebb90ca3ff684d92849a35984601bb1	None	?	tyranidsleviathancardassets_assets_all.bundle
a2efc69e970992d4bae3d4d26b186dd0	None	?	tyranidsleviathancardassets_assets_all.bundle
a36690a6d06e8df4791020926cbf4350	None	?	tyranidsleviathancardassets_assets_all.bundle
a56617bb3d375ca40b5763ee38e22f92	None	?	tyranidsleviathancardassets_assets_all.bundle
a639b3e1a5d8b41ec83daa43b844b2ae	None	?	tyranidsleviathancardassets_assets_all.bundle
a6e96418627e44f1099511a4be0d91af	None	?	tyranidsleviathancardassets_assets_all.bundle
a7aef7b961a33f540a5422109c39a54a	None	?	tyranidsleviathancardassets_assets_all.bundle
a8c371c9376454142b5eb7d572e037d1	None	?	tyranidsleviathancardassets_assets_all.bundle
abc871df7f75a47f4afceebd959487c9	None	?	tyranidsleviathancardassets_assets_all.bundle
ada2479168ee3f742a173d2736eaf4be	None	?	tyranidsleviathancardassets_assets_all.bundle
ae53bd7c3d78343849e6df883ae06434	None	?	tyranidsleviathancardassets_assets_all.bundle
b049b75a3200649aa84f906c54a29141	None	?	tyranidsleviathancardassets_assets_all.bundle
b0f51aef745e74c279caa360350a4c26	None	?	tyranidsleviathancardassets_assets_all.bundle
b112773800f734a318c66e39ae4f8544	None	?	tyranidsleviathancardassets_assets_all.bundle
b368492ae1bfd4fd7992176958f6fdcb	None	?	tyranidsleviathancardassets_assets_all.bundle
b4298446b5e44484a896bacb97a68298	None	?	tyranidsleviathancardassets_assets_all.bundle
b5fa9f06c86a74be7a2adaea6f279cac	None	?	tyranidsleviathancardassets_assets_all.bundle
b60de0eb99008d542b41285d1ee8ada1	None	?	tyranidsleviathancardassets_assets_all.bundle
b87be5b1c8ca1469cb9998775226c408	None	?	tyranidsleviathancardassets_assets_all.bundle
b97544e4c830e5947843790892b3111e	None	?	tyranidsleviathancardassets_assets_all.bundle
ba6195a092116402c8b4097ce5f4a9e8	None	?	tyranidsleviathancardassets_assets_all.bundle
bde14410e6fdf0a49b620bcdcff39135	None	?	tyranidsleviathancardassets_assets_all.bundle
be22e58fc591e404fa5f9b7e979b355b	None	?	tyranidsleviathancardassets_assets_all.bundle
be59dd215122b9340b2db6f6966e4e02	None	?	tyranidsleviathancardassets_assets_all.bundle
be85ec4de983e40e0a96ebdf9021186f	None	?	tyranidsleviathancardassets_assets_all.bundle
bec03461bcad24856984528d6c939839	None	?	tyranidsleviathancardassets_assets_all.bundle
bec9006ed505f4bce996aebdfcafe7df	None	?	tyranidsleviathancardassets_assets_all.bundle
bf432ad7498794e93ac78eaea61fc21d	None	?	tyranidsleviathancardassets_assets_all.bundle
c2a8f86b839d6104e9907b4026340c61	None	?	tyranidsleviathancardassets_assets_all.bundle
c3e50164bf43f4b78ad5bb7d00fa5861	None	?	tyranidsleviathancardassets_assets_all.bundle
c50cb2c961cbe4357b864ffe08766959	None	?	tyranidsleviathancardassets_assets_all.bundle
c511455370b004b328676de94080a2fa	None	?	tyranidsleviathancardassets_assets_all.bundle
c5988891a11584b4bb25e721ad24a218	None	?	tyranidsleviathancardassets_assets_all.bundle
c5e0814b651e1d3498fa09682cb4b4f7	None	?	tyranidsleviathancardassets_assets_all.bundle
c6fafaf752983444f96db83dcfb0001a	None	?	tyranidsleviathancardassets_assets_all.bundle
c828ed57c4564d24eab69883b7361525	None	?	tyranidsleviathancardassets_assets_all.bundle
c82ba1047d6791c4dbd69371a1075d4b	None	?	tyranidsleviathancardassets_assets_all.bundle
caf41c4ee2c6442eb80decebfa9d37d1	None	?	tyranidsleviathancardassets_assets_all.bundle
cb4a8d6ba775a47849d4444a9f2432ed	None	?	tyranidsleviathancardassets_assets_all.bundle
cc043d358f0cba54195483e6eb772b4b	None	?	tyranidsleviathancardassets_assets_all.bundle
ce4ccfd57366f4f5dbb00c4d0fdb3c81	None	?	tyranidsleviathancardassets_assets_all.bundle
d0a32d068db1ec24db71040fdb57b8e4	None	?	tyranidsleviathancardassets_assets_all.bundle
d17d0dfe8ff77428a9dc2407d348e4ad	None	?	tyranidsleviathancardassets_assets_all.bundle
d2abe75922c0f4967b0a5d4bf035faf8	None	?	tyranidsleviathancardassets_assets_all.bundle
d3a9e9d4956564ca382713ed3120a8dd	None	?	tyranidsleviathancardassets_assets_all.bundle
d42b94f834b124c999352d403005d32e	None	?	tyranidsleviathancardassets_assets_all.bundle
d4b506e307173e64aa8723ee178417ca	None	?	tyranidsleviathancardassets_assets_all.bundle
d4d2b934b4b1245b4a58221da91f25fc	None	?	tyranidsleviathancardassets_assets_all.bundle
d6dea3ed4e0514f6fa4a263163dc442e	None	?	tyranidsleviathancardassets_assets_all.bundle
d8f5517b272b946d6a1f53245ed15244	None	?	tyranidsleviathancardassets_assets_all.bundle
d94c8abdd94234d27918e91baaea2956	None	?	tyranidsleviathancardassets_assets_all.bundle
dae7868da84f024419b6ac9350ae1218	None	?	tyranidsleviathancardassets_assets_all.bundle
dc5b925ce18654189b632fee3186cf1d	None	?	tyranidsleviathancardassets_assets_all.bundle
dd581a0c8a75a0446bba3c20d0299d3c	None	?	tyranidsleviathancardassets_assets_all.bundle
de5f95564106a4f23bfa2ed2e86740b8	None	?	tyranidsleviathancardassets_assets_all.bundle
df7df33aee29c4b46b15b903e857161d	None	?	tyranidsleviathancardassets_assets_all.bundle
dfc635294ed2f40d281b3159b3da135e	None	?	tyranidsleviathancardassets_assets_all.bundle
e02d9be0078a5467f82815fb69734b4b	None	?	tyranidsleviathancardassets_assets_all.bundle
e17a05a4bb39f5a4ba43228a6424b52e	None	?	tyranidsleviathancardassets_assets_all.bundle
e2ca5e93020b1874088e45ea4694d00c	None	?	tyranidsleviathancardassets_assets_all.bundle
e315edaf9cee74c8c982bf83edcbe0de	None	?	tyranidsleviathancardassets_assets_all.bundle
e36d32a56b09daf4bbb8881bbbaaead7	None	?	tyranidsleviathancardassets_assets_all.bundle
e5323a2983ae12d46960d548a46a05ac	None	?	tyranidsleviathancardassets_assets_all.bundle
e7e5dbf1d31ad484db6e8d9e3a7f9856	None	?	tyranidsleviathancardassets_assets_all.bundle
ea2b33a8149d6d440995fd4388f174bb	None	?	tyranidsleviathancardassets_assets_all.bundle
ea3c474d9c79d45e19e3b1cbefa276f2	None	?	tyranidsleviathancardassets_assets_all.bundle
ea662920344044b9e8dda28951059915	None	?	tyranidsleviathancardassets_assets_all.bundle
ea9fc3418459748e8876339d6dca6c0e	None	?	tyranidsleviathancardassets_assets_all.bundle
eb03433756c1a404aaf117ea684cecd4	None	?	tyranidsleviathancardassets_assets_all.bundle
ee8acf3bd8e144c23b1cc2e270c45ff7	None	?	tyranidsleviathancardassets_assets_all.bundle
ef19fa275d20f4efd86d7aed79d43a5a	None	?	tyranidsleviathancardassets_assets_all.bundle
ef6842fc03ca84e8d96e90d2d93a14b2	None	?	tyranidsleviathancardassets_assets_all.bundle
f0102e8734fb507489dcd8fe22c2b81d	None	?	tyranidsleviathancardassets_assets_all.bundle
f01681ffc72b947468eb2bad918d3a1f	None	?	tyranidsleviathancardassets_assets_all.bundle
f1e8268616d423a4785e0963465ec077	None	?	tyranidsleviathancardassets_assets_all.bundle
f1facd0ac232d4ee6924b16c478726a4	None	?	tyranidsleviathancardassets_assets_all.bundle
f257632d9f8fc4ba99fc2afaebad5636	None	?	tyranidsleviathancardassets_assets_all.bundle
f32c7ce7002488243b8b7be83ce25617	None	?	tyranidsleviathancardassets_assets_all.bundle
f46adc9bfc4bee247b164fc073255bfb	None	?	tyranidsleviathancardassets_assets_all.bundle
f53a8bc217b664c9f9a37b3144039b7a	None	?	tyranidsleviathancardassets_assets_all.bundle
f73e5e5511d45c344bc124e3bf05c5cd	None	?	tyranidsleviathancardassets_assets_all.bundle
f840c9c8faad5964f97e6dbd88810606	None	?	tyranidsleviathancardassets_assets_all.bundle
fa26c8e7ec58748388c59ff89f38ef46	None	?	tyranidsleviathancardassets_assets_all.bundle
fb31fe35b0f03494da3dcab39356c05a	None	?	tyranidsleviathancardassets_assets_all.bundle
fcb942690919d425ca71af3e69a9e165	None	?	tyranidsleviathancardassets_assets_all.bundle
fd3074746788c76428347a8c9bc10edf	None	?	tyranidsleviathancardassets_assets_all.bundle
ff502101daf80244c86d8a7fcde046ee	None	?	tyranidsleviathancardassets_assets_all.bundle
0068c7d75fe06472984b20bc128d3169	None	?	uiwarlords_assets_all.bundle
0f3455d80d3f5eb41a15476fc49b4351	None	?	uiwarlords_assets_all.bundle
130a5983dbc514599ae3f1527850fb15	None	?	uiwarlords_assets_all.bundle
1b57b46f52cd34c4ba44c2adfd47384b	None	?	uiwarlords_assets_all.bundle
1efbc2d559acef84d89100bff583b7d1	None	?	uiwarlords_assets_all.bundle
21476c07627bf41adb9257731423107b	None	?	uiwarlords_assets_all.bundle
21a807ff1ada44ae98963948555790de	None	?	uiwarlords_assets_all.bundle
23e55fe7f304f405cb8879ef51f9940d	None	?	uiwarlords_assets_all.bundle
2b5178d3e6510481ab88cd04b7668624	None	?	uiwarlords_assets_all.bundle
2d53ea5b4cd0942ceb6f039c09f240a2	None	?	uiwarlords_assets_all.bundle
30220eae78ed14b35b2458aa905c8931	None	?	uiwarlords_assets_all.bundle
3059b4aaaab014cba83c1d70efd175bb	None	?	uiwarlords_assets_all.bundle
3109c08fdd7aa4f329194abcacea5515	None	?	uiwarlords_assets_all.bundle
3757a7bfa81f4434b96e39fb265165b4	None	?	uiwarlords_assets_all.bundle
3ed4c5e19997040d69e579877ffe3c10	None	?	uiwarlords_assets_all.bundle
4087175541336aa4da6d0de688709f6b	None	?	uiwarlords_assets_all.bundle
40a9f3764869d4f17a79aab1ca68eefe	None	?	uiwarlords_assets_all.bundle
43a6e964c22f2654297895d457183593	None	?	uiwarlords_assets_all.bundle
469e60ee9f2f44e3cacf3ccbed7f02af	None	?	uiwarlords_assets_all.bundle
4ae0a793c48834e8ba402f47c04db3a2	None	?	uiwarlords_assets_all.bundle
52ce5c4b56131e2439d338e8633ca86a	None	?	uiwarlords_assets_all.bundle
5403f54083531407aac23aa07df8af36	None	?	uiwarlords_assets_all.bundle
550e0c353cdbf42e2828eeac8623efa9	None	?	uiwarlords_assets_all.bundle
5808af559fe394f38ad8e0e6c6bdcb11	None	?	uiwarlords_assets_all.bundle
589a2bdca3f94ad4c9c7705474420a56	None	?	uiwarlords_assets_all.bundle
5a2cf770d50e148fc9b804637e2e0d4e	None	?	uiwarlords_assets_all.bundle
5c27a1c8c280543be934ce43b5c8ee45	None	?	uiwarlords_assets_all.bundle
5e22eec643b9948d5bc78f9a88b45897	None	?	uiwarlords_assets_all.bundle
612237b4414cc454082783cc8ee53fd7	None	?	uiwarlords_assets_all.bundle
619d248b65ec641689938d26c2edec6c	None	?	uiwarlords_assets_all.bundle
65a3cd2c939d04a54a6fde8d4b8c016e	None	?	uiwarlords_assets_all.bundle
69580e4fb002f4eddbf714b8843cb6bd	None	?	uiwarlords_assets_all.bundle
703061b2b3eaa44978a3a623a947f6c9	None	?	uiwarlords_assets_all.bundle
7137e67bee7b2434f9410bcc15876f2e	None	?	uiwarlords_assets_all.bundle
72d7008754e774dceac4c886765692df	None	?	uiwarlords_assets_all.bundle
74a5cd20cd646dd478f06af44d186145	None	?	uiwarlords_assets_all.bundle
7f9c0d6efc3423b4d979fefce138527a	None	?	uiwarlords_assets_all.bundle
81f2db1fbd5154e61bf0726b71953607	None	?	uiwarlords_assets_all.bundle
8bf1dda9f253048f9a9fdb9a0a8879a0	None	?	uiwarlords_assets_all.bundle
8c9d2dcf1bb2a41a680ba426ddb75ff9	None	?	uiwarlords_assets_all.bundle
8cccee6ba576f4eab8ea2372995d830e	None	?	uiwarlords_assets_all.bundle
8cd2577befee5451bb0fcd5921a2f7f3	None	?	uiwarlords_assets_all.bundle
9030888907e9d4f3fbadbc33ecfe1aa1	None	?	uiwarlords_assets_all.bundle
972680fa061ac6f4595e51f6b224b728	None	?	uiwarlords_assets_all.bundle
99db9ca8ddb81244a9ef6783043c81c8	None	?	uiwarlords_assets_all.bundle
adf9cb0aa754e4322abe1c30d30fb79c	None	?	uiwarlords_assets_all.bundle
b565dfe2883af4c5e91807ef94910762	None	?	uiwarlords_assets_all.bundle
b86616312c4aab244a895f31c967ed0c	None	?	uiwarlords_assets_all.bundle
baa9be5295531427097a2815dd753809	None	?	uiwarlords_assets_all.bundle
bcf18daa18bb54b1b8186988dff8c16a	None	?	uiwarlords_assets_all.bundle
c013e1ca01b0a4933902fc7bfafa9c33	None	?	uiwarlords_assets_all.bundle
c2ab9834b21c84fdb9ddc1f258ea3512	None	?	uiwarlords_assets_all.bundle
ca5bda34fd3754ce5bcb1546acc03044	None	?	uiwarlords_assets_all.bundle
caf03c9e7795343c996c6297b23b375c	None	?	uiwarlords_assets_all.bundle
cfa4505980bef4f6394d3dc46ae6e8e3	None	?	uiwarlords_assets_all.bundle
d1396d3be2544184ebc3043b00e8a5fd	None	?	uiwarlords_assets_all.bundle
decc991029f984e7b8736b3ba37a6a3b	None	?	uiwarlords_assets_all.bundle
e7bcfd1ce255ab94b9b104e4d561a756	None	?	uiwarlords_assets_all.bundle
e7f8ca310925a451e8542f3d36b171ba	None	?	uiwarlords_assets_all.bundle
ebc37ddeba3d945a68b1dec953298a3f	None	?	uiwarlords_assets_all.bundle
ed3bb41410cbc4fc5b956e3ffd1ef1ee	None	?	uiwarlords_assets_all.bundle
eecd840c5d425e74ebfd196bf08beaf5	None	?	uiwarlords_assets_all.bundle
f2926a1d4ec5b4ae49fa1a50252b6815	None	?	uiwarlords_assets_all.bundle
fbb4c56e500a34aa798c4b0838d8a6e4	None	?	uiwarlords_assets_all.bundle
fca5216814e21154b8cd794423d0c3d9	None	?	uiwarlords_assets_all.bundle
6ea197d928cb04e2daeb0f6088f014f7	None	?	videos_assets_all.bundle
6feab6882dbab4b6286cc226d30eeb1c	None	?	videos_assets_all.bundle
866ae88d435304be0ae178a7049158ea	None	?	videos_assets_all.bundle
a5eaccf0013284bef8d594a51db4b0af	None	?	videos_assets_all.bundle
b798baea93707402188dbd1d00dd3892	None	?	videos_assets_all.bundle
d809c7c27d7d34375b7a22758b92e5ed	None	?	videos_assets_all.bundle
