file	card_id	name	faction	ev	textA	textB	gt_from_filename	werA	werB	cerA	cerB	agree	non_speech	needs_review
Sautekh_Orikan_attack.ogg	SAU5	Orikan the Diviner	Sautekh	attack	Sautekh.	BIRD!						content-word		1
Sautekh_Orikan_cant.ogg	SAU5	Orikan the Diviner	Sautekh	cantdo	This cannot be done.	This cannot be done!						case-punct-only		
Sautekh_Orikan_concede.ogg	SAU5	Orikan the Diviner	Sautekh	concede	Clearly, I need to go back in time and make adjustments.	Clearly, I need to go back in time and make adjustments.						exact		
Sautekh_Orikan_death.ogg	SAU5	Orikan the Diviner	Sautekh	death	ROAR!	*Groans*						content-word		1
Sautekh_Orikan_gen1.ogg	SAU5	Orikan the Diviner	Sautekh	gen1	Your tiny mind is no match for mine.	Your tiny mind is no match for mine.						exact		
Sautekh_Orikan_gen2.ogg	SAU5	Orikan the Diviner	Sautekh	gen2	I have foreseen the future and you wouldn't like it.	I have foreseen the future, and you wouldn't like it.						case-punct-only		
Sautekh_Orikan_gen3.ogg	SAU5	Orikan the Diviner	Sautekh	gen3	A tiny adjustment to my calculations can have sweeping results.	A tiny adjustment to my calculations can have sweeping results.						exact		
Sautekh_Orikan_gen4.ogg	SAU5	Orikan the Diviner	Sautekh	gen4	When the stars are right, I will embrace my true destiny.	When the stars are right, I will embrace my true destiny.						exact		
Sautekh_Orikan_gen5.ogg	SAU5	Orikan the Diviner	Sautekh	gen5	Metriculous planning is all that is needed to propel.	Meticulous planning is all that is needed to prevail.						content-word		1
Sautekh_Orikan_gen6.ogg	SAU5	Orikan the Diviner	Sautekh	gen6	Do you call that a strategy?	Do you call that a strategy?						exact		
Sautekh_Orikan_gen7.ogg	SAU5	Orikan the Diviner	Sautekh	gen7	Embrace the futility of your actions if you must.	Embrace the futility of your actions if you must.						exact		
Sautekh_Orikan_greet.ogg	SAU5	Orikan the Diviner	Sautekh	greet	My name has been written throughout the eons.	My name has been written throughout the eons.						exact		
Sautekh_Orikan_hurry.ogg	SAU5	Orikan the Diviner	Sautekh	hurry	I have time, but not patience.	I have time, but not patience.						exact		
Sautekh_Orikan_intro.ogg	SAU5	Orikan the Diviner	Sautekh	intro	Time is my weapon. Your pitiful mortality will be your ruin.	Time is my weapon. Your pitiful mortality will be your ruin.						exact		
Sautekh_Orikan_mirror.ogg	SAU5	Orikan the Diviner	Sautekh	mirror	In time you will rot, but I will still be here!	In time you will rot, but I will still be here!						exact		
Sautekh_Orikan_threat.ogg	SAU5	Orikan the Diviner	Sautekh	threat	Do what you will, you will soon be forgotten.	Do what you will. You will soon be forgotten.						case-punct-only		
Sautekh_Orikan_vsAbaddon.ogg	SAU5	Orikan the Diviner	Sautekh	vsabaddon	Only a fool uses the same strategy over and over again.	Only a fool uses the same strategy over and over again.						exact		
Sautekh_Orikan_vsAeldari.ogg	SAU5	Orikan the Diviner	Sautekh	vsaeldari	Long live degenerates, your time is long gone.	Long live degenerates. Your time is long gone.						case-punct-only		
Sautekh_Orikan_vsCadia.ogg	SAU5	Orikan the Diviner	Sautekh	vscadia	You live such short lives, why even bother?	You live such short lives, why even bother?						exact		
Sautekh_Orikan_vsImotekh.ogg	SAU5	Orikan the Diviner	Sautekh	vsimotekh	You'll find that the stars are aligned with me.	You'll find that the stars are aligned with me.						exact		
Sautekh_Orikan_vsTBC.ogg	SAU5	Orikan the Diviner	Sautekh	vstbc	Morpati is a concept I have not struggled with in millennia.	Mortality is a concept I have not struggled with in millennia.						content-word		1
Sautekh_Orikan_vsTrazyn.ogg	SAU5	Orikan the Diviner	Sautekh	vstrazyn	Are millennia of humiliation not enough for you?	Are millennial accumulation not enough for you?						content-word		1
Sautekh_Orikan_wp.ogg	SAU5	Orikan the Diviner	Sautekh	wp	You defied my predictions, and I must respect that.	You defied my predictions and I must respect that.						case-punct-only		
Sautekh_Zahndrekh_attack.ogg	SAU3	Nemesor Zahndrekh	Sautekh	attack	NYEAH!	NYEAH!						exact		
Sautekh_Zahndrekh_cant.ogg	SAU3	Nemesor Zahndrekh	Sautekh	cantdo	I cannot do that.	I cannot do that!						case-punct-only		
Sautekh_Zahndrekh_concede.ogg	SAU3	Nemesor Zahndrekh	Sautekh	concede	My legions will be reborn and your defeat is inevitable.	My legions will be reborn and your defeat is inevitable!						case-punct-only		
Sautekh_Zahndrekh_death.ogg	SAU3	Nemesor Zahndrekh	Sautekh	death	YAH!	YAAAHHHHH!						content-word		1
Sautekh_Zahndrekh_gen1.ogg	SAU3	Nemesor Zahndrekh	Sautekh	gen1	A moment's reflection begets my victory.	A moment's reflection begets my victory.						exact		
Sautekh_Zahndrekh_gen2.ogg	SAU3	Nemesor Zahndrekh	Sautekh	gen2	My mind has forged strategies since time immemorial.	My mind has forged strategies since time immemorial.						exact		
Sautekh_Zahndrekh_gen3.ogg	SAU3	Nemesor Zahndrekh	Sautekh	gen3	Only an immortal mind can see infinite possibilities.	Only an immortal mind can see infinite possibilities.						exact		
Sautekh_Zahndrekh_gen4.ogg	SAU3	Nemesor Zahndrekh	Sautekh	gen4	Your actions are lacking in logic and focus.	Your actions are lacking in logic and focus.						exact		
Sautekh_Zahndrekh_gen5.ogg	SAU3	Nemesor Zahndrekh	Sautekh	gen5	In a tangled web of outcomes, I will find the way.	In a tangled web of outcomes, I will find the way.						exact		
Sautekh_Zahndrekh_gen6.ogg	SAU3	Nemesor Zahndrekh	Sautekh	gen6	It is a source of consternation that none can match me.	It is a source of consternation that none can match me.						exact		
Sautekh_Zahndrekh_gen7.ogg	SAU3	Nemesor Zahndrekh	Sautekh	gen7	I am eternal. Victory shall be mine.	I am eternal. Victory shall be mine.						exact		
Sautekh_Zahndrekh_greet.ogg	SAU3	Nemesor Zahndrekh	Sautekh	greet	I would introduce myself, but you are not worthy of it.	I would introduce myself, but you are not worthy of it.						exact		
Sautekh_Zahndrekh_hurry.ogg	SAU3	Nemesor Zahndrekh	Sautekh	hurry	Our time runs short.	Our time runs short.						exact		
Sautekh_Zahndrekh_intro.ogg	SAU3	Nemesor Zahndrekh	Sautekh	intro	Ready my legions! A glorious victory will be mine!	Ready my legions! A glorious victory will be mine!						exact		
Sautekh_Zahndrekh_mirror.ogg	SAU3	Nemesor Zahndrekh	Sautekh	mirror	No tricks or illusions will ever fool me.	No tricks or illusions will ever fool me.						exact		
Sautekh_Zahndrekh_threat.ogg	SAU3	Nemesor Zahndrekh	Sautekh	threat	An inferior opponent can be crushed without a moment's thought.	An inferior opponent can be crushed without a moment's thought.						exact		
Sautekh_Zahndrekh_vs_Grukk.ogg	SAU3	Nemesor Zahndrekh	Sautekh	line	Roaring like savages does not bring victory, only crashing defeat.	Roaring like savages does not bring victory, only crushing defeat.						content-word		1
Sautekh_Zahndrekh_vs_Tau.ogg	SAU3	Nemesor Zahndrekh	Sautekh	line	Your empire is short-lived, a footnote in the annals of necrontary history.	Your empire is short lived. A footnote in the annals of Necrontier history.						content-word		1
Sautekh_Zahndrekh_vs_Tyranid.ogg	SAU3	Nemesor Zahndrekh	Sautekh	line	A foe that evolves its strategy is the most satisfying to defeat.	A foe that evolves its strategy is the most satisfying to defeat.						exact		
Sautekh_Zahndrekh_vs_Ultramarine.ogg	SAU3	Nemesor Zahndrekh	Sautekh	line	An over-reliance on brute force and weaponry will be your downfall.	An over-reliance on brute force and weaponry will be your downfall.						exact		
Sautekh_Zahndrekh_wp.ogg	SAU3	Nemesor Zahndrekh	Sautekh	wp	It is rare that I encounter one who can defeat me.	It is rare that I encounter one who can defeat me.						exact		
VO_ADS_Aestred Thurga - My soul is consecrated to this relic.ogg	SOR26	Aestred-Thurga	Sororitas	line	My soul is consecrated to this relic.	My soul is consecrated to this relic.	My soul is consecrated to this relic	0.000		0.000		exact		
VO_ADS_Amalia Novena - Strike fierce and true For the Emperor.ogg	SOR14	Amalia Novena	Sororitas	line	Strike fierce and true for the Emperor!	Strike fierce and true for the Emperor!	Strike fierce and true For the Emperor	0.000		0.000		exact		
VO_ADS_Arco-flagellant - Frenzied screams.ogg	SOR8	Arco-Flagellant	Sororitas	line	No!	Yeah!						content-word		1
VO_ADS_Armorium Cherub - Heavy humming.ogg	SOR67	Armorium Cherub	Sororitas	line			Heavy humming					both-empty	stage-direction	
VO_ADS_Battle Sister - With unwavering faith.ogg	SOR9	Battle Sister	Sororitas	line	With unwavering faith!	With unwavering faith!	With unwavering faith	0.000		0.000		exact		
VO_ADS_Battle Sister Gunner - Purge the unclean.ogg	SOR10	Battle Sister Gunner	Sororitas	line	Purge the unclean!	Purge the unclean!	Purge the unclean	0.000		0.000		exact		
VO_ADS_Battle Sister Superior - Bolters ready Sisters No mercy for the faithless.ogg	SOR25	Sister Superior	Sororitas	line	Balters ready, sisters! No mercy for the Faithless!	Balthas ready, sisters! No mercy for the faithless!	Bolters ready Sisters No mercy for the faithless	0.125		0.024		content-word		1
VO_ADS_Canoness - We bring righteousness where it is needed most.ogg	SOR27	Canoness	Sororitas	line	We bring righteousness where it is needed most.	We bring righteousness where it is needed most.	We bring righteousness where it is needed most	0.000		0.000		exact		
VO_ADS_Canoness Adelaide the Serene - All that you are and all you have done revolts me.ogg	SOR72	Adelaide the Serene	Sororitas	line	All that you are and all you have done revolts me.	All that you are and all you have done revolts me.	All that you are and all you have done revolts me	0.000		0.000		exact		
VO_ADS_Castigator - You will be punished.ogg	SOR73	Castigator	Sororitas	line	You will be punished.	You will be punished.	You will be punished	0.000		0.000		exact		
VO_ADS_Celestian - I have seen worse I have vanquished worse.ogg	SOR15	Celestian	Sororitas	line	I have seen worse. I have vanquished worse.	I have seen worse. I have vanquished worse.	I have seen worse I have vanquished worse	0.000		0.000		exact		
VO_ADS_Celestian Sacresant - Purge this place of the unclean and the damned.ogg	SOR31	Celestian Sacresant	Sororitas	line	Purge this place of the unclean and the damned!	Purge this place of the unclean and the damned!	Purge this place of the unclean and the damned	0.000		0.000		exact		
VO_ADS_Celestian Sacresant Aveline_Backup1.ogg	SOR_Celestian_Sacresant_Aveline	Celestian Sacresant Aveline	Sororitas	backup1	You are no one.	You are no one.						exact		
VO_ADS_Celestian Sacresant Aveline_Backup2.ogg	SOR_Celestian_Sacresant_Aveline	Celestian Sacresant Aveline	Sororitas	backup2	Something is amiss.	Something is amiss.						exact		
VO_ADS_Celestian Sacresant Aveline_Backup3.ogg	SOR_Celestian_Sacresant_Aveline	Celestian Sacresant Aveline	Sororitas	backup3	The time of war is at hand!	The time of war is at hand.						case-punct-only		
VO_ADS_Celestian Sacresant Aveline_Backup4.ogg	SOR_Celestian_Sacresant_Aveline	Celestian Sacresant Aveline	Sororitas	backup4	God Emperor, make me the instrument of your wrath!	God Emperor, make me the instrument of your wrath!						exact		
VO_ADS_Celestian Sacresant Aveline_attack.ogg	SOR_Celestian_Sacresant_Aveline	Celestian Sacresant Aveline	Sororitas	attack	Ha!	Ha!						exact		
VO_ADS_Celestian Sacresant Aveline_cantDo.ogg	SOR_Celestian_Sacresant_Aveline	Celestian Sacresant Aveline	Sororitas	cantdo	That is not an option!	That is not an option.						case-punct-only		
VO_ADS_Celestian Sacresant Aveline_concede.ogg	SOR_Celestian_Sacresant_Aveline	Celestian Sacresant Aveline	Sororitas	concede	The God Emperor is with us until the very end!	The God Emperor is with us until the very end!						exact		
VO_ADS_Celestian Sacresant Aveline_death.ogg	SOR_Celestian_Sacresant_Aveline	Celestian Sacresant Aveline	Sororitas	death	Uuuuugh!	Oh!						content-word		1
VO_ADS_Celestian Sacresant Aveline_gen1.ogg	SOR_Celestian_Sacresant_Aveline	Celestian Sacresant Aveline	Sororitas	gen1	Let this be a just punishment for your sins.	Let this be a just punishment for your sins.						exact		
VO_ADS_Celestian Sacresant Aveline_gen2.ogg	SOR_Celestian_Sacresant_Aveline	Celestian Sacresant Aveline	Sororitas	gen2	Pussy, no quarter, for they shall give us none!	No mercy! No quarter! For they shall give us none!						content-word		1
VO_ADS_Celestian Sacresant Aveline_gen3.ogg	SOR_Celestian_Sacresant_Aveline	Celestian Sacresant Aveline	Sororitas	gen3	Only the faithless despair, only the righteous shall endure.	Only the faithless despair. Only the righteous shall endure.						case-punct-only		
VO_ADS_Celestian Sacresant Aveline_gen4.ogg	SOR_Celestian_Sacresant_Aveline	Celestian Sacresant Aveline	Sororitas	gen4	God Emperor, be with us now!	God Emperor, be with us now!						exact		
VO_ADS_Celestian Sacresant Aveline_gen5.ogg	SOR_Celestian_Sacresant_Aveline	Celestian Sacresant Aveline	Sororitas	gen5	Prepare your soul for judgement!	Prepare your soul for judgment!						content-word		1
VO_ADS_Celestian Sacresant Aveline_gen6.ogg	SOR_Celestian_Sacresant_Aveline	Celestian Sacresant Aveline	Sororitas	gen6	Say, Terabella, watch over us, this battle!	Say, Terrabella, watch over us this battle!						content-word		1
VO_ADS_Celestian Sacresant Aveline_gen7.ogg	SOR_Celestian_Sacresant_Aveline	Celestian Sacresant Aveline	Sororitas	gen7	There will be no forgiveness for you.	There will be no forgiveness for you.						exact		
VO_ADS_Celestian Sacresant Aveline_greet.ogg	SOR_Celestian_Sacresant_Aveline	Celestian Sacresant Aveline	Sororitas	greet	I have come to deliver you the God Emperor's judgment.	I have come to deliver you the God Emperor's judgment.						exact		
VO_ADS_Celestian Sacresant Aveline_hurry.ogg	SOR_Celestian_Sacresant_Aveline	Celestian Sacresant Aveline	Sororitas	hurry	Time is in short supply.	Time is in short supply.						exact		
VO_ADS_Celestian Sacresant Aveline_intro.ogg	SOR_Celestian_Sacresant_Aveline	Celestian Sacresant Aveline	Sororitas	intro	The God Emperor is with me!	The God Emperor is with me!						exact		
VO_ADS_Celestian Sacresant Aveline_mirror.ogg	SOR_Celestian_Sacresant_Aveline	Celestian Sacresant Aveline	Sororitas	mirror	God Emperor, grant us your holy wrath!	Good Emperor, grant us your holy wrath!						content-word		1
VO_ADS_Celestian Sacresant Aveline_threat.ogg	SOR_Celestian_Sacresant_Aveline	Celestian Sacresant Aveline	Sororitas	threat	I will cast you into the pyre where you belong.	I will cast you into the pyre where you belong.						exact		
VO_ADS_Celestian Sacresant Aveline_vsDaemon.ogg	SOR_Celestian_Sacresant_Aveline	Celestian Sacresant Aveline	Sororitas	vsdaemon	Face me, Abomination!	Face me, abomination!						case-punct-only		
VO_ADS_Celestian Sacresant Aveline_vsMorvenn.ogg	SOR_Celestian_Sacresant_Aveline	Celestian Sacresant Aveline	Sororitas	vsmorvenn	Under his fire, the wicked will be judged!	Under his fire, the wicked will be judged.						case-punct-only		
VO_ADS_Celestian Sacresant Aveline_vsNL.ogg	SOR_Celestian_Sacresant_Aveline	Celestian Sacresant Aveline	Sororitas	vsnl	Saint Arabella freed us from fear. Your threats mean nothing, wretch.	Saint Arabella freed us from fear. Your threats mean nothing, wretch.						exact		
VO_ADS_Celestian Sacresant Aveline_vsSylar.ogg	SOR_Celestian_Sacresant_Aveline	Celestian Sacresant Aveline	Sororitas	vssylar	I will take you down, sorcerer!	I will take you down, sorcerer!						exact		
VO_ADS_Celestian Sacresant Aveline_wp.ogg	SOR_Celestian_Sacresant_Aveline	Celestian Sacresant Aveline	Sororitas	wp	A moment slaps in concentration, nothing more.	A moment slaps in concentration. Nothing more.						case-punct-only		
VO_ADS_Celestian Superior - I am the light to your darkness.ogg	SOR36	Celestian Superior	Sororitas	line	I am the light to your darkness.	I am the light to your darkness.	I am the light to your darkness	0.000		0.000		exact		
VO_ADS_Crusader - No heretic shall pass.ogg	SOR11	Crusader	Sororitas	line	No heretic shall pass.	No heretic shall pass.	No heretic shall pass	0.000		0.000		exact		
VO_ADS_Death Cult Assassin - I will offer your blood to the holy Emperor.ogg	SOR16	Death Cult Assassin	Sororitas	line	I will offer your blood to the Holy Emperor.	I will offer your blood to the Holy Emperor.	I will offer your blood to the holy Emperor	0.000		0.000		exact		
VO_ADS_Dialogus - My voice echoes the Emperor's will.ogg	SOR20	Dialogus	Sororitas	line	My voice echoes the Emperor's will.	My voice echoes the Emperor's will.	My voice echoes the Emperor's will	0.000		0.000		exact		
VO_ADS_Dogmata - Do not dare to fail in your duties.ogg	SOR32	Dogmata	Sororitas	line	Do not dare to fail in your duties.	Do not dare to fail in your duties!	Do not dare to fail in your duties	0.000		0.000		case-punct-only		
VO_ADS_Dominion - By my flame you will be purged.ogg	SOR17	Dominion	Sororitas	line	By my flame, you will be purged!	By my flame you will be purged!	By my flame you will be purged	0.000		0.000		case-punct-only		
VO_ADS_Dominion Superior - Death will be a mercy for the faithless ones.ogg	SOR28	Dominion Superior	Sororitas	line	Death will be a mercy for the faithless ones.	Death will be a mercy for the faithless ones.	Death will be a mercy for the faithless ones	0.000		0.000		exact		
VO_ADS_Ephrael Stern - I am the Daemonifuge the thrice-born the bane of daemons.ogg	SOR33	Ephrael Stern	Sororitas	line	I am the demonifuge, the thrice born, the bane of demons.	I am the demonifuge, the thrice-born, the bane of demons.	I am the Daemonifuge the thrice-born the bane of daemons	0.182		0.043		case-punct-only		
VO_ADS_Erika Luminas_Backup1.ogg	SOR1	Erika Luminas	Sororitas	backup1	His immortal benevolence will protect us all.	His immortal benevolence will protect us all.						exact		
VO_ADS_Erika Luminas_Backup2.ogg	SOR1	Erika Luminas	Sororitas	backup2	I cannot let this sacred ground be defiled.	I cannot let this sacred ground be defiled.						exact		
VO_ADS_Erika Luminas_Backup3.ogg	SOR1	Erika Luminas	Sororitas	backup3	Heresy exists in many forms.	Heresy exists in many forms.						exact		
VO_ADS_Erika Luminas_attack.ogg	SOR1	Erika Luminas	Sororitas	attack	Agh!	Ah!						content-word		1
VO_ADS_Erika Luminas_cantDo.ogg	SOR1	Erika Luminas	Sororitas	cantdo	He would not allow this.	He would not allow this.						exact		
VO_ADS_Erika Luminas_concede.ogg	SOR1	Erika Luminas	Sororitas	concede	The blood of martyrs is the seed of the Imperium.	The blood of martyrs is the seed of the Imperium.						exact		
VO_ADS_Erika Luminas_death.ogg	SOR1	Erika Luminas	Sororitas	death	Ahhhh!	*Gasp*						content-word		1
VO_ADS_Erika Luminas_gen1.ogg	SOR1	Erika Luminas	Sororitas	gen1	The Emperors will be done.	The Emperor's will be done.						content-word		1
VO_ADS_Erika Luminas_gen2.ogg	SOR1	Erika Luminas	Sororitas	gen2	Under the light of righteousness, darkness will find no mercy.	Under the light of righteousness, darkness will find no mercy.						exact		
VO_ADS_Erika Luminas_gen3.ogg	SOR1	Erika Luminas	Sororitas	gen3	Clear the enemy. Strike fierce, as Saint Catherine.	Clear the enemy! Strike fierce as Saint Catherine!						case-punct-only		
VO_ADS_Erika Luminas_gen4.ogg	SOR1	Erika Luminas	Sororitas	gen4	He has spoken, and I must fulfil his decree.	He has spoken, and I must fulfill his decree.						content-word		1
VO_ADS_Erika Luminas_gen5.ogg	SOR1	Erika Luminas	Sororitas	gen5	Suffering is my prayer, Face is my armour.	Suffering is my prayer. Faith is my armor.						content-word		1
VO_ADS_Erika Luminas_gen6.ogg	SOR1	Erika Luminas	Sororitas	gen6	We must not falter.	We must not falter.						exact		
VO_ADS_Erika Luminas_gen7.ogg	SOR1	Erika Luminas	Sororitas	gen7	My actions are but a mere extension of his will.	My actions are but a mere extension of his will.						exact		
VO_ADS_Erika Luminas_greet.ogg	SOR1	Erika Luminas	Sororitas	greet	May the Emperor judge the purity of our souls.	May the Emperor judge the purity of our souls.						exact		
VO_ADS_Erika Luminas_hurry.ogg	SOR1	Erika Luminas	Sororitas	hurry	Complacency leads to heresy.	Complacency leads to heresy.						exact		
VO_ADS_Erika Luminas_intro.ogg	SOR1	Erika Luminas	Sororitas	intro	You are defiling sacred ground and will now face his judgement.	You are defiling sacred ground and will now face his judgment.						content-word		1
VO_ADS_Erika Luminas_mirror.ogg	SOR1	Erika Luminas	Sororitas	mirror	No mercy for the unrepentant.	No mercy for the unrepentant.						exact		
VO_ADS_Erika Luminas_threat.ogg	SOR1	Erika Luminas	Sororitas	threat	Your existence is a sin that must be purged.	Your existence is a sin that must be purged.						exact		
VO_ADS_Erika Luminas_vsGhaelyn.ogg	SOR1	Erika Luminas	Sororitas	vsghaelyn	By my blade, your kind will be purged from this system.	By my blade, your kind will be purged from this system.						exact		
VO_ADS_Erika Luminas_vsGordrang.ogg	SOR1	Erika Luminas	Sororitas	vsgordrang	You are but an abomination to be cleansed from his domain.	You are but an abomination to be cleansed from his domain.						exact		
VO_ADS_Erika Luminas_vsHesperax1.ogg	SOR1	Erika Luminas	Sororitas	vshesperax1	Forward sisters, rid Marta's rest of these wretches.	Forward, sisters! Rid Martyr's rest of these wretches!						content-word		1
VO_ADS_Erika Luminas_vsHesperax2.ogg	SOR1	Erika Luminas	Sororitas	vshesperax2	You taint Saint Geraldine's resting with your presence.	You taint St. Geraldine's resting with your presence.						content-word		1
VO_ADS_Erika Luminas_vsHexscorn.ogg	SOR1	Erika Luminas	Sororitas	vshexscorn	I have nothing to give you, but hatred and death tainted one.	I have nothing to give you but hatred and death, tainted one.						case-punct-only		
VO_ADS_Erika Luminas_vsMorvennVahl.ogg	SOR1	Erika Luminas	Sororitas	vsmorvennvahl	Abes Sanctorum, I am honoured by your presence.	Abbes Sanctorum, I am honored by your presence.						content-word		1
VO_ADS_Erika Luminas_vsOrikan.ogg	SOR1	Erika Luminas	Sororitas	vsorikan	Abomination, this time, know when you are slain.	Abomination, this time know when you are slain.						case-punct-only		
VO_ADS_Erika Luminas_wp.ogg	SOR1	Erika Luminas	Sororitas	wp	You fight well for a heretic.	You fight well for a heretic.						exact		
VO_ADS_Exorcist - I bring the requiem to your annihilation.ogg	SOR42	Exorcist	Sororitas	line	I bring the Requiem to your annihilation.	I bring the requiem to your annihilation.	I bring the requiem to your annihilation	0.000		0.000		case-punct-only		
VO_ADS_Hospitaller - No Sister will be left behind.ogg	SOR21	Hospitaller	Sororitas	line	No sister will be left behind!	No sister will be left behind.	No Sister will be left behind	0.000		0.000		case-punct-only		
VO_ADS_Imagifier - Listen to my voice and the saintly deeds of the fallen.ogg	SOR29	Imagifier	Sororitas	line	Listen to my voice, and the saintly deeds of the fallen!	Listen to my voice and the saintly deeds of the fallen.	Listen to my voice and the saintly deeds of the fallen	0.000		0.000		case-punct-only		
VO_ADS_Inmolator - Purge the impure with the Emperor's flame.ogg	SOR39	Immolator	Sororitas	line	Hurts the impure with the Emperor's Flame!	Purge the impure with the Emperor's flame!	Purge the impure with the Emperor's flame	0.143		0.088		content-word		1
VO_ADS_Junith Eruita_Backup1.ogg	SOR3	Junith Eruita	Sororitas	backup1	Those who wronged him shall pay in blood!	Those who wronged him shall pay in blood!						exact		
VO_ADS_Junith Eruita_Backup2.ogg	SOR3	Junith Eruita	Sororitas	backup2	Under the light of the Emperor, all darkness shall be banished.	Under the light of the Emperor, all darkness shall be banished.						exact		
VO_ADS_Junith Eruita_Backup3.ogg	SOR3	Junith Eruita	Sororitas	backup3	Our faith strengthens our resolve.	Our faith strengthens our resolve.						exact		
VO_ADS_Junith Eruita_Backup4.ogg	SOR3	Junith Eruita	Sororitas	backup4	I will not submit to the heretic!	I will not submit to the heretic.						case-punct-only		
VO_ADS_Junith Eruita_attack.ogg	SOR3	Junith Eruita	Sororitas	attack	HUH?	All right.						content-word		1
VO_ADS_Junith Eruita_cantDo.ogg	SOR3	Junith Eruita	Sororitas	cantdo	I cannot do that!	I cannot do that!						exact		
VO_ADS_Junith Eruita_concede.ogg	SOR3	Junith Eruita	Sororitas	concede	We might retreat, but our faith remains unbroken.	We might retreat, but our faith remains unbroken.						exact		
VO_ADS_Junith Eruita_death.ogg	SOR3	Junith Eruita	Sororitas	death	AHHHHHHHHHHHHHHHHHHHHHH	*Groan*						content-word		1
VO_ADS_Junith Eruita_gen1.ogg	SOR3	Junith Eruita	Sororitas	gen1	We are his sword. We are his wrath.	We are his sword. We are his wrath.						exact		
VO_ADS_Junith Eruita_gen2.ogg	SOR3	Junith Eruita	Sororitas	gen2	In the Emperor's name, we will purge the Faithless!	In the Emperor's name, we will purge the Faithless!						exact		
VO_ADS_Junith Eruita_gen3.ogg	SOR3	Junith Eruita	Sororitas	gen3	No sacrifice is too great in the Emperor's name!	No sacrifice is too great in the Emperor's name!						exact		
VO_ADS_Junith Eruita_gen4.ogg	SOR3	Junith Eruita	Sororitas	gen4	Sister's fault or not, for his light guides us through darkness!	Sisters falter not, for his light guides us through darkness!						content-word		1
VO_ADS_Junith Eruita_gen5.ogg	SOR3	Junith Eruita	Sororitas	gen5	Fear death not sisters, for our souls are one with his fire.	Fear death not, sisters, for our souls are one with his fire!						case-punct-only		
VO_ADS_Junith Eruita_gen6.ogg	SOR3	Junith Eruita	Sororitas	gen6	Those who oppose them shall face fiery retribution.	Those who oppose him shall face fiery retribution.						content-word		1
VO_ADS_Junith Eruita_gen7.ogg	SOR3	Junith Eruita	Sororitas	gen7	Under the light of the Emperor, all darkness shall be banished.	Under the light of the Emperor, all darkness shall be banished.						exact		
VO_ADS_Junith Eruita_greet.ogg	SOR3	Junith Eruita	Sororitas	greet	My faith is unyielding, and so are my sisters.	My faith is unyielding, and so are my sisters.						exact		
VO_ADS_Junith Eruita_hurry.ogg	SOR3	Junith Eruita	Sororitas	hurry	We have no time to hesitate!	We have no time to hesitate!						exact		
VO_ADS_Junith Eruita_intro.ogg	SOR3	Junith Eruita	Sororitas	intro	With holy fire you shall be cleansed!	With holy fire you shall be cleansed.						case-punct-only		
VO_ADS_Junith Eruita_mirror.ogg	SOR3	Junith Eruita	Sororitas	mirror	I shall pass his trials with no reluctance.	I shall pass his trials with no reluctance.						exact		
VO_ADS_Junith Eruita_threat.ogg	SOR3	Junith Eruita	Sororitas	threat	You and your cursed kind shall be scoured from existence!	You and your cursed kind shall be scoured from existence!						exact		
VO_ADS_Junith Eruita_vsAbaddon.ogg	SOR3	Junith Eruita	Sororitas	vsabaddon	Repent heretic! For your end draws near!	Repent, heretic, for your end draws near.						case-punct-only		
VO_ADS_Junith Eruita_vsAstraMilitarum.ogg	SOR3	Junith Eruita	Sororitas	vsastramilitarum	Does your faith remain firm, or do you seek penance?	Does your faith remain firm, or do you seek penance?						exact		
VO_ADS_Junith Eruita_vsMorvennVahl.ogg	SOR3	Junith Eruita	Sororitas	vsmorvennvahl	I will fail you not, Abbas Sanctorum.	I will fail you not, Abbas Sanctorum.						exact		
VO_ADS_Junith Eruita_vsZephyrblade.ogg	SOR3	Junith Eruita	Sororitas	vszephyrblade	Your kind should have learned its place by now!	Your kind should have learned its place by now.						case-punct-only		
VO_ADS_Junith Eruita_wp.ogg	SOR3	Junith Eruita	Sororitas	wp	You may lack faith, but your strength is notable.	You may lack faith, but your strength is notable.						exact		
VO_ADS_Ministorum Priest - Let the Emperor's judgment sear their flesh!.ogg	SOR69	Ministorum Priest	Sororitas	line	Emperor's judgment, sear their flesh.	Let the Emperor's judgment sear their flesh!	Let the Emperor's judgment sear their flesh!	0.286		0.167		content-word		1
VO_ADS_Missionary - I herald your demise.ogg	SOR22	Missionary	Sororitas	line	I herald your demise.	I herald your demise.	I herald your demise	0.000		0.000		exact		
VO_ADS_Mortifier  - In battle He offers us redemption.ogg	SOR37	Mortifier	Sororitas	line	In battle, he offers us redemption.	In battle, he offers us redemption.	In battle He offers us redemption	0.000		0.000		exact		
VO_ADS_Morvenn Vahl_Backup1.ogg	SOR5	Morvenn Vahl	Sororitas	backup1	I WILL BRING YOUR END!	I will bring your end!						case-punct-only		
VO_ADS_Morvenn Vahl_Backup2.ogg	SOR5	Morvenn Vahl	Sororitas	backup2	The weak and the faithless, find no deliverance!	The weak and the faithless. Find no deliverance.						case-punct-only		
VO_ADS_Morvenn Vahl_attack.ogg	SOR5	Morvenn Vahl	Sororitas	attack	Huh!	*Gasp*						content-word		1
VO_ADS_Morvenn Vahl_cantDo.ogg	SOR5	Morvenn Vahl	Sororitas	cantdo	I cannot do that!	I cannot do that.						case-punct-only		
VO_ADS_Morvenn Vahl_concede.ogg	SOR5	Morvenn Vahl	Sororitas	concede	This does not end here!	This does not end here!						exact		
VO_ADS_Morvenn Vahl_death.ogg	SOR5	Morvenn Vahl	Sororitas	death	Nyaaah!	AHHHHHHHHH!						content-word		1
VO_ADS_Morvenn Vahl_gen1.ogg	SOR5	Morvenn Vahl	Sororitas	gen1	A single deed is worth countless words.	A single deed is worth countless words.						exact		
VO_ADS_Morvenn Vahl_gen2.ogg	SOR5	Morvenn Vahl	Sororitas	gen2	Through bloody example, I will lead us to victory!	Through bloody example, I will lead us to victory!						exact		
VO_ADS_Morvenn Vahl_gen3.ogg	SOR5	Morvenn Vahl	Sororitas	gen3	Defy us, and be ready to feel the Emperor's wrath.	Defy us, and be ready to feel the Emperor's wrath.						exact		
VO_ADS_Morvenn Vahl_gen4.ogg	SOR5	Morvenn Vahl	Sororitas	gen4	Under his light, all shadows will wither.	Under his light, all shadows will wither.						exact		
VO_ADS_Morvenn Vahl_gen5.ogg	SOR5	Morvenn Vahl	Sororitas	gen5	Any display of weakness shall be punished.	Any display of weakness shall be punished.						exact		
VO_ADS_Morvenn Vahl_gen6.ogg	SOR5	Morvenn Vahl	Sororitas	gen6	Faith is my shield, and his will my blade.	Faith is my shield, and his will my blade.						exact		
VO_ADS_Morvenn Vahl_gen7.ogg	SOR5	Morvenn Vahl	Sororitas	gen7	There shall be no mercy for the unworthy.	There shall be no mercy for the unworthy.						exact		
VO_ADS_Morvenn Vahl_greet.ogg	SOR5	Morvenn Vahl	Sororitas	greet	The Emperor is with me in this battle!	The Emperor is with me in this battle!						exact		
VO_ADS_Morvenn Vahl_hurry.ogg	SOR5	Morvenn Vahl	Sororitas	hurry	It is time to act!	It is time to act!						exact		
VO_ADS_Morvenn Vahl_intro.ogg	SOR5	Morvenn Vahl	Sororitas	intro	In the Emperor's name, I will end you.	In the Emperor's name, I will end you.						exact		
VO_ADS_Morvenn Vahl_mirror.ogg	SOR5	Morvenn Vahl	Sororitas	mirror	I will not fall for this treachery.	I will not fall for this treachery.						exact		
VO_ADS_Morvenn Vahl_threat.ogg	SOR5	Morvenn Vahl	Sororitas	threat	I will not suffer you to live!	I will not suffer you to live!						exact		
VO_ADS_Morvenn Vahl_vsAstraMilitarum.ogg	SOR5	Morvenn Vahl	Sororitas	vsastramilitarum	If your fate crumbles, so shall you.	If your faith crumbles, so shall you.						content-word		1
VO_ADS_Morvenn Vahl_vsGrukk.ogg	SOR5	Morvenn Vahl	Sororitas	vsgrukk	To know the alien is to hate the alien.	To know the alien is to hate the alien!						case-punct-only		
VO_ADS_Morvenn Vahl_vsHaarken.ogg	SOR5	Morvenn Vahl	Sororitas	vshaarken	Your heresy ends now. Pwn at the despoiler!	Your heresy ends now. Porn of the despoiler!						content-word		1
VO_ADS_Morvenn Vahl_vsJunith.ogg	SOR5	Morvenn Vahl	Sororitas	vsjunith	Let us see if you are worthy of the duty bestowed upon you!	Let us see if you are worthy of the duty bestowed upon you.						case-punct-only		
VO_ADS_Morvenn Vahl_vsLuminas.ogg	SOR5	Morvenn Vahl	Sororitas	vsluminas	May his light guide our way, sister.	May his light guide our way, sister.						exact		
VO_ADS_Morvenn Vahl_vsOrikan.ogg	SOR5	Morvenn Vahl	Sororitas	vsorikan	How does it feel to foresee your own death?	How does it feel to foresee your own death?						exact		
VO_ADS_Morvenn Vahl_vsShadowsun.ogg	SOR5	Morvenn Vahl	Sororitas	vsshadowsun	Yours is a faithless race, worthy only of extermination.	Yours is a faithless race, worthy only of extermination.						exact		
VO_ADS_Morvenn Vahl_wp.ogg	SOR5	Morvenn Vahl	Sororitas	wp	Vahl Witchcraft has lent you strength!	The witchcraft has lent you strength.						content-word		1
VO_ADS_Paragon Warsuit - We bring judgment upon the heretic.ogg	SOR40	Paragon Warsuit	Sororitas	line	We bring judgement upon the heretic!	We bring judgment upon the heretic.	We bring judgment upon the heretic	0.167		0.034		content-word		1
VO_ADS_Penitent Engine - Tortured scream.ogg	SOR34	Penitent Engine	Sororitas	line	OHHH! AHHHH! AHHHHHHH!	Oh, oh, oh, oh!	Tortured scream					content-word	stage-direction	
VO_ADS_Preacher - The holy radiance of the Emperor burns within me.ogg	SOR12	Preacher	Sororitas	line	The holy radiance of the Emperor burns within me.	The holy radiance of the Emperor burns within me.	The holy radiance of the Emperor burns within me	0.000		0.000		exact		
VO_ADS_Retributor - May His hand guide my aim in the coming battle.ogg	SOR23	Retributor	Sororitas	line	May his hand guide my aim in the coming battle!	May his hand guide my aim in the coming battle!	May His hand guide my aim in the coming battle	0.000		0.000		exact		
VO_ADS_Sacred Rose Sister - No armor will save you from our holy wrath.ogg	SOR68	Sacred Rose Sister	Sororitas	line	No armor will save you from our holy wrath!	No armor will save you from our holy wrath.	No armor will save you from our holy wrath	0.000		0.000		case-punct-only		
VO_ADS_Saint Celestine - Believe in the Emperor of Mankind and you shall walk in His light.ogg	SOR38	Saint Celestine	Sororitas	line	Believe in the Emperor of Mankind, and you shall walk in his light!	Believe in the Emperor of mankind and you shall walk in his light!	Believe in the Emperor of Mankind and you shall walk in His light	0.000		0.000		case-punct-only		
VO_ADS_Seraphim - Our fire will rain from the skies.ogg	SOR24	Seraphim	Sororitas	line	Our fire will reign from the skies!	Our fire will rain from the skies!	Our fire will rain from the skies	0.143		0.074		content-word		1
VO_ADS_Simulacrum Bearer - Let the light of the God-Emperor guide our righteous fury.ogg	SOR18	Simulacrum Bearer	Sororitas	line	Let the light of the God Emperor guide our righteous fury!	Let the light of the God Emperor guide our righteous fury!	Let the light of the God-Emperor guide our righteous fury	0.000		0.000		exact		
VO_ADS_Simulacrum Imperialis - Bow before His divine authority.ogg	SOR_Simulacrum_Imperialis	Simulacrum Imperialis	Sororitas	line	Number four is Divine Authority!	Bow before his divine authority!	Bow before His divine authority	0.600		0.259		content-word		1
VO_ADS_Sister Novitiate - I will prove my worth and serve Him with my life.ogg	SOR7	Sister Novitiate	Sororitas	line	I will prove my worth and serve him with my life.	I will prove my worth and serve him with my life.	I will prove my worth and serve Him with my life	0.000		0.000		exact		
VO_ADS_Sister Repentia- Only in penance shall my soul be cleansed.ogg	SOR_Sisters_Repentia	Sisters Repentia	Sororitas	line	Only in penance shall my soul be cleansed!	Only in penance shall my soul be cleansed.						case-punct-only		
VO_ADS_Sororitas Rhino - We march for the Emperor!.ogg	SOR70	Sororitas Rhino	Sororitas	line	We march for the Emperor!	We march for the Emperor!	We march for the Emperor!	0.000		0.000		exact		
VO_ADS_Triumph of Saint Katherine - Martyred Matriarch grant us thy protection.ogg	SOR_Triumph_of_Saint_Katherine	Triumph of Saint Katherine	Sororitas	line	Martyrd Matriarch, grant us thy protection.	Martyrd Matriarch, grant us thy protection!	Martyred Matriarch grant us thy protection	0.167		0.027		case-punct-only		
VO_ADS_Zephyrim - With wings of faith we soar to glory.ogg	SOR35	Zephyrim	Sororitas	line	With wings of faith, we soar to glory.	With wings of faith, we soar to glory.	With wings of faith we soar to glory	0.000		0.000		exact		
VO_ADS_Zephyrim Superior - Our blades will rain from the skies.ogg	SOR71	Zephyrim Superior	Sororitas	line	Our bleeds will rain from the skies!	Our blades will rain from the skies!	Our blades will rain from the skies	0.143		0.103		content-word		1
VO_AM_Aquilon Servo-Sentry_Scanning for hostiles.ogg	AM68	Aquilon Servo-Sentry	AstraMilitarum	line	All rights reserved.	.						content-word		1
VO_AM_Arcadian Leontus_attack.ogg	AM3	Lord Solar Leontus	AstraMilitarum	attack	RAH!	Ruff!						content-word		1
VO_AM_Arcadian Leontus_cantDo.ogg	AM3	Lord Solar Leontus	AstraMilitarum	cantdo	That is beyond our power.	That is beyond our power.						exact		
VO_AM_Arcadian Leontus_concede.ogg	AM3	Lord Solar Leontus	AstraMilitarum	concede	Fall back! Dawn shall rise brightest after the darkest night.	Fall back! Dawn shall rise brightest after the darkest night!						case-punct-only		
VO_AM_Arcadian Leontus_death.ogg	AM3	Lord Solar Leontus	AstraMilitarum	death	Aaaaaaargh!	AHHHHHHHHH!						content-word		1
VO_AM_Arcadian Leontus_gen1.ogg	AM3	Lord Solar Leontus	AstraMilitarum	gen1	Forward, Constantin! Let nothing slow us down!	Forward, Konstantin! Let nothing slow us down!						content-word		1
VO_AM_Arcadian Leontus_gen2.ogg	AM3	Lord Solar Leontus	AstraMilitarum	gen2	We are the Hammer of the Emperor!	We are the hammer of the Emperor!						case-punct-only		
VO_AM_Arcadian Leontus_gen3.ogg	AM3	Lord Solar Leontus	AstraMilitarum	gen3	Honor and Courage light our way!	Honour and courage light our way!						content-word		1
VO_AM_Arcadian Leontus_gen4.ogg	AM3	Lord Solar Leontus	AstraMilitarum	gen4	Fear souls, righteous gays.	Fear soul's righteous gaze.						content-word		1
VO_AM_Arcadian Leontus_gen5.ogg	AM3	Lord Solar Leontus	AstraMilitarum	gen5	Emperor, give me strength!	Emperor, give me strength!						exact		
VO_AM_Arcadian Leontus_gen6.ogg	AM3	Lord Solar Leontus	AstraMilitarum	gen6	The toll is steep, yet every sacrifice paves the path to victory.	The toll is steep, yet every sacrifice paves the path to victory.						exact		
VO_AM_Arcadian Leontus_gen7.ogg	AM3	Lord Solar Leontus	AstraMilitarum	gen7	Today, we etch our names in the stars.	Today, we etch our names in the stars.						exact		
VO_AM_Arcadian Leontus_greet.ogg	AM3	Lord Solar Leontus	AstraMilitarum	greet	Ours is the moment, march forward!	Ours is the moment! March forward!						case-punct-only		
VO_AM_Arcadian Leontus_hurry.ogg	AM3	Lord Solar Leontus	AstraMilitarum	hurry	Decisiveness is our weapon! Let us act swiftly!	"""Decisiveness is a weapon! Let us act swiftly!"""						content-word		1
VO_AM_Arcadian Leontus_intro.ogg	AM3	Lord Solar Leontus	AstraMilitarum	intro	Arise warriors of the Imperium, for the Emperor!	Arise, warriors of the Imperium! For the Emperor!						case-punct-only		
VO_AM_Arcadian Leontus_mirror.ogg	AM3	Lord Solar Leontus	AstraMilitarum	mirror	Onward! Fight so the dawn may rise anew!	Onward! Fight so the dawn may rise anew!						exact		
VO_AM_Arcadian Leontus_threat.ogg	AM3	Lord Solar Leontus	AstraMilitarum	threat	Tremble before the might of the AstraMilitarum!	Tremble before the might of the Astra Militarum!						content-word		1
VO_AM_Arcadian Leontus_vsAbaddon.ogg	AM3	Lord Solar Leontus	AstraMilitarum	vsabaddon	I defy you, despoiler!	I defy you, Despoiler!						case-punct-only		
VO_AM_Arcadian Leontus_vsGhazghkull.ogg	AM3	Lord Solar Leontus	AstraMilitarum	vsghazghkull	Your brutish hordes will fall to the discipline of the AstraMilitarum.	Your brutish hordes will fall to the discipline of the astro militarum.						content-word		1
VO_AM_Arcadian Leontus_vsHexscorn.ogg	AM3	Lord Solar Leontus	AstraMilitarum	vshexscorn	We stand, steadfast against the darkness.	We stand steadfast against the darkness.						case-punct-only		
VO_AM_Arcadian Leontus_vsImotekh.ogg	AM3	Lord Solar Leontus	AstraMilitarum	vsimotekh	Your lifeless tyranny shall be shattered by the Emperor's light!	Your lifeless tyranny shall be shattered by the Emperor's light.						case-punct-only		
VO_AM_Arcadian Leontus_vsSaffa.ogg	AM3	Lord Solar Leontus	AstraMilitarum	vssaffa	Fiend, your insidious rebellion shall be purged today.	Fiend, your insidious rebellion shall be purged today.						exact		
VO_AM_Arcadian Leontus_vsSwarmlord.ogg	AM3	Lord Solar Leontus	AstraMilitarum	vsswarmlord	Monstrosity! I shall send you back to the void from whence you came.	MONSTROSITY! I shall send you back to the void from whence you came!						case-punct-only		
VO_AM_Arcadian Leontus_vsTervigon.ogg	AM3	Lord Solar Leontus	AstraMilitarum	vstervigon	Xenos Abomination. Your kind shall never defile holy terror.	Xenos Abomination! Your kind shall never defile holy terror!						case-punct-only		
VO_AM_Arcadian Leontus_wp.ogg	AM3	Lord Solar Leontus	AstraMilitarum	wp	Hmm, even the collegiate astrolux failed to foresee this.	Hmm, even the collegiate Astrolex failed to foresee this.						content-word		1
VO_AM_Armoured Sentinel - Nothing will stop our advance.ogg	AM26	Armoured Sentinel	AstraMilitarum	line	Nothing will stop our advance.	Nothing will stop her advance.	Nothing will stop our advance	0.000		0.000		content-word		1
VO_AM_Astropath - I see beyond sight.ogg	AM20	Astropath	AstraMilitarum	line	I see beyond sight.	I see beyond sight.	I see beyond sight	0.000		0.000		exact		
VO_AM_Attilan Rough Rider - Ride them down!.ogg	AM21	Attilan Rough Rider	AstraMilitarum	line	I'm down!	Write him down!	Ride them down!	0.667		0.500		content-word		1
VO_AM_Autocannon Squad - Heavy weapon teams, awaiting target.ogg	AM12	Autocannon Squad	AstraMilitarum	line	Heavyweapon teams are waiting target.	Heavy weapon teams awaiting target!	Heavy weapon teams, awaiting target	0.800		0.067		content-word		1
VO_AM_Baneblade Tank - All weapons, open fire!.ogg	AM43	Baneblade Tank	AstraMilitarum	line	All weapons, open fire!	All weapons open fire!	All weapons, open fire!	0.000		0.000		case-punct-only		
VO_AM_Basilisk - The earth shakes to the sound of our guns.ogg	AM37	Basilisk	AstraMilitarum	line	The earth shakes to the sound of our guns!	The Earth shakes to the sound of our guns!	The earth shakes to the sound of our guns					case-punct-only	stage-direction	
VO_AM_Bombast Field Gun - Target sighted Let there be fire!.ogg	AM27	Bombast Field Gun	AstraMilitarum	line	Target sighted! Let there be fire!	Target sighted! Let there be fire!	Target sighted Let there be fire!	0.000		0.000		exact		
VO_AM_Bullgryn Bone'ead - Get behind me!.ogg	AM28	Bullgryn Bone’ead	AstraMilitarum	line	Get behind me!	Get behind me!	Get behind me!	0.000		0.000		exact		
VO_AM_Cadian Castellan - Stand fast, not one step back.ogg	AM31	Cadian Castellan	AstraMilitarum	line	Stand fast! Not one step back!	STAND FAST! NOT ONE STEP BACK!	Stand fast, not one step back	0.000		0.000		case-punct-only		
VO_AM_Cadian Medic - Just a flesh-wound, I'll have you back on your feet.ogg	AM8	Cadian Medic	AstraMilitarum	line	Just a flesh wound. I'll have you back on your feet.	Just a flesh wound. I'll have you back on your feet.	Just a flesh-wound, I'll have you back on your feet	0.000		0.000		exact		
VO_AM_Cadian Standard Bearer - Cadia stands!.ogg	AM22	Cadian Standard Bearer	AstraMilitarum	line	Cadia stands!	Cadia Stans!	Cadia stands!	0.000		0.000		content-word		1
VO_AM_Chimera - Prepare for immediate deployment.ogg	AM32	Chimera	AstraMilitarum	line	Prepare for immediate deployment!	Prepare for immediate deployment!	Prepare for immediate deployment	0.000		0.000		exact		
VO_AM_Commissar - Do your duty, or die by my hand.ogg	AM23	Commissar	AstraMilitarum	line	Do your duty, or die by my hand!	Do your duty or die by my hand.	Do your duty, or die by my hand	0.000		0.000		case-punct-only		
VO_AM_Commissar Elan_Backup1.ogg	AM1	Commissar Elan	AstraMilitarum	backup1	The price of cowardice is death!	The price of cowardice is death!						exact		
VO_AM_Commissar Elan_attack.ogg	AM1	Commissar Elan	AstraMilitarum	attack	HUH!	HUAH!						content-word		1
VO_AM_Commissar Elan_cantDo.ogg	AM1	Commissar Elan	AstraMilitarum	cantdo	Such action is not allowed.	Such action is not allowed.						exact		
VO_AM_Commissar Elan_concede.ogg	AM1	Commissar Elan	AstraMilitarum	concede	An orderly retreat has been authorised.	An orderly retreat has been authorized.						content-word		1
VO_AM_Commissar Elan_death.ogg	AM1	Commissar Elan	AstraMilitarum	death	Aargh!	AHHHHH!						content-word		1
VO_AM_Commissar Elan_gen1.ogg	AM1	Commissar Elan	AstraMilitarum	gen1	I will never back down from the likes of you.	I will never back down from the likes of you.						exact		
VO_AM_Commissar Elan_gen2.ogg	AM1	Commissar Elan	AstraMilitarum	gen2	I do my duty without hesitation.	I do my duty without hesitation.						exact		
VO_AM_Commissar Elan_gen3.ogg	AM1	Commissar Elan	AstraMilitarum	gen3	We will be victorious this day!	We will be victorious this day!						exact		
VO_AM_Commissar Elan_gen4.ogg	AM1	Commissar Elan	AstraMilitarum	gen4	Retreat is not an option. We fight until the last man.	Retreat is not an option. We fight until the lost man.						content-word		1
VO_AM_Commissar Elan_gen5.ogg	AM1	Commissar Elan	AstraMilitarum	gen5	Victory through courage or through fear, whatever is needed.	Victory through courage or through fear. Whatever is needed.						case-punct-only		
VO_AM_Commissar Elan_gen6.ogg	AM1	Commissar Elan	AstraMilitarum	gen6	You cannot defeat the might of the AstraMilitarum.	You cannot defeat the might of the Astra Militarum.						content-word		1
VO_AM_Commissar Elan_gen7.ogg	AM1	Commissar Elan	AstraMilitarum	gen7	Discipline is the lifeblood of the Guard, without it we are nothing.	Discipline is the lifeblood of the guard. Without it, we are nothing.						case-punct-only		
VO_AM_Commissar Elan_greet.ogg	AM1	Commissar Elan	AstraMilitarum	greet	Another battlefield, another victory to claim.	Another battlefield, another victory to claim.						exact		
VO_AM_Commissar Elan_hurry.ogg	AM1	Commissar Elan	AstraMilitarum	hurry	This is no time for indecision!	This is no time for indecision.						case-punct-only		
VO_AM_Commissar Elan_intro.ogg	AM1	Commissar Elan	AstraMilitarum	intro	We march forward for the Imperium!	We march forward for the Imperium!						exact		
VO_AM_Commissar Elan_mirror.ogg	AM1	Commissar Elan	AstraMilitarum	mirror	If you flee, you will die.	If you flee, you will die.						exact		
VO_AM_Commissar Elan_threat.ogg	AM1	Commissar Elan	AstraMilitarum	threat	I will strike you down as an example for all!	I will strike you down as an example for all!						exact		
VO_AM_Commissar Elan_vsGhazghkull.ogg	AM1	Commissar Elan	AstraMilitarum	vsghazghkull	Yarek was an inspiration to us all.	Yarrick was an inspiration to us all.						content-word		1
VO_AM_Commissar Elan_vsHaarken.ogg	AM1	Commissar Elan	AstraMilitarum	vshaarken	Stand and fight me.	Stand and fight me!						case-punct-only		
VO_AM_Commissar Elan_vsLeontus.ogg	AM1	Commissar Elan	AstraMilitarum	vsleontus	For the Emperor!	For the Emperor!						exact		
VO_AM_Commissar Elan_vsMinka.ogg	AM1	Commissar Elan	AstraMilitarum	vsminka	Do not make me shoot you for cowardice!	Do not make me shoot you for cowardice!						exact		
VO_AM_Commissar Elan_vsUrsula.ogg	AM1	Commissar Elan	AstraMilitarum	vsursula	My place is to ensure the discipline of your troops.	My place is to ensure the discipline of your troops.						exact		
VO_AM_Commissar Elan_wp.ogg	AM1	Commissar Elan	AstraMilitarum	wp	You fight well, better than I expected.	You fight well. Better than I expected.						case-punct-only		
VO_AM_Faeburn Vanquisher - Armed and ready!.ogg	AM7	Faeburn Vanquisher	AstraMilitarum	line	Farmed and ready!	Armed and ready!	Armed and ready!	0.333		0.077		content-word		1
VO_AM_Flamer Trooper - Flamers to the front.ogg	AM13	Flamer Trooper	AstraMilitarum	line	Flamer's to the front!	Flame us to the front!	Flamers to the front	0.250		0.000		content-word		1
VO_AM_Hektor Thenmann_Backup1.ogg	AM_Hektor_Thenmann	Hektor Thenmann	AstraMilitarum	backup1	His enemies shall fall by our steel!	His enemies shall fall by our steel!						exact		
VO_AM_Hektor Thenmann_Backup2.ogg	AM_Hektor_Thenmann	Hektor Thenmann	AstraMilitarum	backup2	You are but another target in my scope!	You are but another target in my scope.						case-punct-only		
VO_AM_Hektor Thenmann_Backup3.ogg	AM_Hektor_Thenmann	Hektor Thenmann	AstraMilitarum	backup3	Our orders are clear, soldiers. Leave no survivors.	Our orders are clear, soldiers. Leave no survivors.						exact		
VO_AM_Hektor Thenmann_Backup4.ogg	AM_Hektor_Thenmann	Hektor Thenmann	AstraMilitarum	backup4	Only the dead hesitate.	Only the dead hesitate.						exact		
VO_AM_Hektor Thenmann_Backup5.ogg	AM_Hektor_Thenmann	Hektor Thenmann	AstraMilitarum	backup5	Stay sharp! There is a limit to what medikits can do.	Stay sharp! There is a limit to what medikits can do.						exact		
VO_AM_Hektor Thenmann_Backup6.ogg	AM_Hektor_Thenmann	Hektor Thenmann	AstraMilitarum	backup6	Remember your training, soldiers. Discipline begets triumph.	Remember your training, soldiers. Discipline begets triumph.						exact		
VO_AM_Hektor Thenmann_attack.ogg	AM_Hektor_Thenmann	Hektor Thenmann	AstraMilitarum	attack	UGH!	*Gurgling*						content-word		1
VO_AM_Hektor Thenmann_cantDo.ogg	AM_Hektor_Thenmann	Hektor Thenmann	AstraMilitarum	cantdo	This action is not authorized.	This action is not authorised.						content-word		1
VO_AM_Hektor Thenmann_concede.ogg	AM_Hektor_Thenmann	Hektor Thenmann	AstraMilitarum	concede	The objective is compromised.  Regroup!	The objective is compromised. Regroup!						case-punct-only		
VO_AM_Hektor Thenmann_death.ogg	AM_Hektor_Thenmann	Hektor Thenmann	AstraMilitarum	death	Aargh!	Awww!						content-word		1
VO_AM_Hektor Thenmann_gen1.ogg	AM_Hektor_Thenmann	Hektor Thenmann	AstraMilitarum	gen1	Even death can bring glory.	Even death can bring glory.						exact		
VO_AM_Hektor Thenmann_gen2.ogg	AM_Hektor_Thenmann	Hektor Thenmann	AstraMilitarum	gen2	Target eliminated. The mission continues.	Target eliminated. The mission continues.						exact		
VO_AM_Hektor Thenmann_gen3.ogg	AM_Hektor_Thenmann	Hektor Thenmann	AstraMilitarum	gen3	The scholar progenium has honed us into weapons.	The Scholar Progenium has honed us into weapons.						case-punct-only		
VO_AM_Hektor Thenmann_gen4.ogg	AM_Hektor_Thenmann	Hektor Thenmann	AstraMilitarum	gen4	Stay sharp! There is a limit to what medikits can do.	Stay sharp! There is a limit to what medikits can do.						exact		
VO_AM_Hektor Thenmann_gen5.ogg	AM_Hektor_Thenmann	Hektor Thenmann	AstraMilitarum	gen5	A sharp enemy can only be vanquished with a sharp blade.	A sharp enemy can only be vanquished with a sharp blade.						exact		
VO_AM_Hektor Thenmann_gen6.ogg	AM_Hektor_Thenmann	Hektor Thenmann	AstraMilitarum	gen6	I do not deal in chances. Victory is the only aim.	I do not deal in chances. Victory is the only aim.						exact		
VO_AM_Hektor Thenmann_gen7.ogg	AM_Hektor_Thenmann	Hektor Thenmann	AstraMilitarum	gen7	We are the Imperium's blade, lethal and unwavering!	We are the Imperium's blade, lethal and unwavering!						exact		
VO_AM_Hektor Thenmann_greet.ogg	AM_Hektor_Thenmann	Hektor Thenmann	AstraMilitarum	greet	Target acquired, ready to move in.	Target acquired. Ready to move in.						case-punct-only		
VO_AM_Hektor Thenmann_hurry.ogg	AM_Hektor_Thenmann	Hektor Thenmann	AstraMilitarum	hurry	Hesitation brings only failure.	Hesitation brings only failure.						exact		
VO_AM_Hektor Thenmann_intro.ogg	AM_Hektor_Thenmann	Hektor Thenmann	AstraMilitarum	intro	Soldiers, may your deeds honor the Imperium!	Soldiers, may your deeds honor the Imperium!						exact		
VO_AM_Hektor Thenmann_mirror.ogg	AM_Hektor_Thenmann	Hektor Thenmann	AstraMilitarum	mirror	We only get one shot at this.	We only get one shot at this!						case-punct-only		
VO_AM_Hektor Thenmann_threat.ogg	AM_Hektor_Thenmann	Hektor Thenmann	AstraMilitarum	threat	A clean shot is the only mercy you will receive.	A clean shot is the only mercy you will receive.						exact		
VO_AM_Hektor Thenmann_vsDenkler.ogg	AM_Hektor_Thenmann	Hektor Thenmann	AstraMilitarum	vsdenkler	A soldier who conquers fear is worth an army.	A soldier who conquers fear is worth an army.						exact		
VO_AM_Hektor Thenmann_vsLeontus-Ursula-SM.ogg	AM_Hektor_Thenmann	Hektor Thenmann	AstraMilitarum	vsleontus-ursula-sm	This exercise is a privilege and we will prove worthy.	This exercise is a privilege, and we will prove worthy.						case-punct-only		
VO_AM_Hektor Thenmann_vsOrks.ogg	AM_Hektor_Thenmann	Hektor Thenmann	AstraMilitarum	vsorks	End this stubborn filth now!	End this stubborn filth now!						exact		
VO_AM_Hektor Thenmann_vsTau.ogg	AM_Hektor_Thenmann	Hektor Thenmann	AstraMilitarum	vstau	I've seen the reports from Volker, Zeno's.  Your fate is sealed.	I've seen the reports from Vulcas, Zenos. Your fate is sealed.						content-word		1
VO_AM_Hektor Thenmann_vsTau_v2.ogg	AM_Hektor_Thenmann	Hektor Thenmann	AstraMilitarum	line	I've seen the reports from Volkus, Xenos. Your fate is sealed.	I've seen the reports from Volcus, Xenos. Your fate is sealed.						content-word		1
VO_AM_Hektor Thenmann_wp.ogg	AM_Hektor_Thenmann	Hektor Thenmann	AstraMilitarum	wp	The foe is more resilient than anticipated.	The foe is more resilient than anticipated.						exact		
VO_AM_Hydra - Blast them out of the skies!.ogg	AM33	Hydra	AstraMilitarum	line	Blast them out of the sky!	Blast them out of the skies!	Blast them out of the skies!	0.167		0.136		content-word		1
VO_AM_Karskin - Hotshot rifles primed Kill-shots authorised.ogg	AM14	Kasrkin	AstraMilitarum	line	HOT SHOT RIFLES PRIMED. KILL SHOTS AUTHORIZED.	Hotshot rifles primed. Kill shots authorized.	Hotshot rifles primed Kill-shots authorised	0.500		0.026		content-word		1
VO_AM_Leman Russ Tank - The battlefield trembles under our treads.ogg	AM38	Leman Russ	AstraMilitarum	line	The battlefield trembles under our dreads.	The battlefield trembles under our treads.	The battlefield trembles under our treads	0.167		0.028		content-word		1
VO_AM_Leman Russ Vanquisher - A single shell is all it takes.ogg	AM40	Leman Russ Vanquisher	AstraMilitarum	line	A single show is all it takes.	A single show is all it takes.	A single shell is all it takes	0.143		0.125		exact		
VO_AM_Maelon Dhrost - Duty demands sacrifice.ogg	AM41	Maelon Dhrost	AstraMilitarum	line	Duty Demands Sacrifice	Duty demands sacrifice.	Duty demands sacrifice	0.000		0.000		case-punct-only		
VO_AM_Manticore - Missiles primed and ready!.ogg	AM34	Manticore	AstraMilitarum	line	Missiles primed and ready!	Missiles primed and ready!	Missiles primed and ready!	0.000		0.000		exact		
VO_AM_Master of Ordnance - Let's make the cannons sing Fire!.ogg	AM15	Master of Ordnance	AstraMilitarum	line	Let's make the cannon sing!  FIRE!	Let's make the cannon sing! Fire!	Let's make the cannons sing Fire!	0.167		0.038		case-punct-only		
VO_AM_Medic Scion - No soul left behind.ogg	AM71	Medic Scion	AstraMilitarum	line	No soul left behind.	No soul left behind.	No soul left behind	0.000		0.000		exact		
VO_AM_Medic Scion -On your feet! If you can breathe you can fight.ogg	AM71	Medic Scion	AstraMilitarum	line	On your feet, if you can breathe, you can fight.	On your feet. If you can breathe, you can fight.						case-punct-only		
VO_AM_Minka Lesk - For Cadia!.ogg	AM16	Minka Lesk	AstraMilitarum	line	Fuck Katia!	Forcadia!	For Cadia!	1.000		0.625		content-word		1
VO_AM_Nork Deddog - Behind me, Sir Nork's got dis!.ogg	AM35	Nork Deddog	AstraMilitarum	line	Come on mate sir, Nork's got this.	BEYOND ME, SIR! NOK'S GOT THIS!	Behind me, Sir Nork's got dis!	0.667		0.455		content-word		1
VO_AM_Ogryn - Yes, sir!.ogg	AM18	Ogryn	AstraMilitarum	line	Yes, sir!	Yes, sir!	Yes, sir!	0.000		0.000		exact		
VO_AM_Primaris Psyker - I channel the Emperor’s fury!.ogg	AM29	Primaris Psyker	AstraMilitarum	line	I channel the Emperor's Fury.	I channel the Emperor's fury.	I channel the Emperor’s fury!	0.333		0.000		case-punct-only		
VO_AM_Ratling - One shot should do it.ogg	AM9	Ratling	AstraMilitarum	line	One shot should do it.	One shot should do it.	One shot should do it	0.000		0.000		exact		
VO_AM_Rogal Dorn Tank - We are the Emperor's fire and fury!.ogg	AM42	Rogal Dorn Tank	AstraMilitarum	line	Come on in for a spark and fueling!	We are the Emperor of Fire and Fury!	We are the Emperor's fire and fury!	1.000		0.778		content-word		1
VO_AM_Scout Sentinel - Scout patrol to command I have eyes on the enemy.ogg	AM24	Scout Sentinel	AstraMilitarum	line	Scout Patrol to command. I have eyes on the enemy.	Scout patrol to command! I have eyes on the enemy!	Scout patrol to command I have eyes on the enemy	0.000		0.000		case-punct-only		
VO_AM_Shock Trooper - Reporting for duty!.ogg	AM10	Shock Trooper	AstraMilitarum	line	Reporting for duty.	Reporting for duty.	Reporting for duty!	0.000		0.000		exact		
VO_AM_Shock Trooper Sgt - For Cadia, we hold the line here!.ogg	AM19	Shock Trooper Sgt	AstraMilitarum	line	For Acadia, we hold the line here.	For Acadia, we hold the line here!	For Cadia, we hold the line here!	0.143		0.040		case-punct-only		
VO_AM_Taurox - Armored transport, moving in!.ogg	AM30	Taurox	AstraMilitarum	line	I'm a transport movin' in.	Arm and transport moving in	Armored transport, moving in!	0.750		0.292		content-word		1
VO_AM_Taurox Prime - Reserves are ready for deployment.ogg	AM74	Taurox Prime	AstraMilitarum	line	Reserves are ready for deployment.	Reserves are ready for deployment.	Reserves are ready for deployment	0.000		0.000		exact		
VO_AM_Tech-Priest Enginseer - Blessed is the Omnissiah's work.ogg	AM25	Tech-Priest Enginseer	AstraMilitarum	line	Blessed is the On Messiah's work.	Blessed is the Omnisire's work.						content-word		1
VO_AM_Tempestus Aquilon - Descending into position!.ogg	AM72	Tempestus Aquilon	AstraMilitarum	line	Descending into position.	Descending into position.	Descending into position!	0.000		0.000		exact		
VO_AM_Tempestus Scion - Contact confirmed Engaging.ogg	AM69	Tempestus Scion	AstraMilitarum	line	Contact confirmed. Engaging.	Contact confirmed. Engaging.	Contact confirmed Engaging	0.000		0.000		exact		
VO_AM_Tempestus Sergeant - No mercy Bring them down!.ogg	AM72	Tempestus Aquilon	AstraMilitarum	line	No mercy! Bring them down!	No mercy. Bring them down!	No mercy Bring them down!	0.000		0.000		case-punct-only		
VO_AM_Ursula Creed_attack.ogg	AM5	Ursula Creed	AstraMilitarum	attack	WAH!	HUAH!						content-word		1
VO_AM_Ursula Creed_cantDo.ogg	AM5	Ursula Creed	AstraMilitarum	cantdo	I can't do that.	I can't do that.						exact		
VO_AM_Ursula Creed_concede.ogg	AM5	Ursula Creed	AstraMilitarum	concede	Fall back and regroup!	Fall back and regroup!						exact		
VO_AM_Ursula Creed_death.ogg	AM5	Ursula Creed	AstraMilitarum	death	UGH!	*Groans*						content-word		1
VO_AM_Ursula Creed_gen1.ogg	AM5	Ursula Creed	AstraMilitarum	gen1	I will carry on my father's legacy.	I will carry on my father's legacy.						exact		
VO_AM_Ursula Creed_gen2.ogg	AM5	Ursula Creed	AstraMilitarum	gen2	We will defend the Imperium to out-dying breath!	We will defend the Imperium to our dying breath!						content-word		1
VO_AM_Ursula Creed_gen3.ogg	AM5	Ursula Creed	AstraMilitarum	gen3	Cadia is no more, but we will stand!	Cadia is no more, but we will stand!						exact		
VO_AM_Ursula Creed_gen4.ogg	AM5	Ursula Creed	AstraMilitarum	gen4	The AstraMilitarum will never break!	The Astra Militarum will never break!						content-word		1
VO_AM_Ursula Creed_gen5.ogg	AM5	Ursula Creed	AstraMilitarum	gen5	Let me teach you a lesson about strategy.	Let me teach you a lesson about strategy.						exact		
VO_AM_Ursula Creed_gen6.ogg	AM5	Ursula Creed	AstraMilitarum	gen6	Only a coward hides at the back of the lines.	Only a coward hides at the back of the lines.						exact		
VO_AM_Ursula Creed_gen7.ogg	AM5	Ursula Creed	AstraMilitarum	gen7	Face forward and never look back!	Face forward and never look back!						exact		
VO_AM_Ursula Creed_greet.ogg	AM5	Ursula Creed	AstraMilitarum	greet	I have seen you and judged you.  FACE MY RUFF!	I have seen you and judged you. Face my wrath!						content-word		1
VO_AM_Ursula Creed_hurry.ogg	AM5	Ursula Creed	AstraMilitarum	hurry	Stop wasting time!	Stop wasting time!						exact		
VO_AM_Ursula Creed_intro.ogg	AM5	Ursula Creed	AstraMilitarum	intro	With fury in our hearts, we will never falter!	With fury in our hearts, we will never falter.						case-punct-only		
VO_AM_Ursula Creed_mirror.ogg	AM5	Ursula Creed	AstraMilitarum	mirror	Well, we stand, Kedia stands!	While we stand KDSans!						content-word		1
VO_AM_Ursula Creed_threat.ogg	AM5	Ursula Creed	AstraMilitarum	threat	The hammer of the Emperor shall be your doom.	The hammer of the Emperor shall be your doom.						exact		
VO_AM_Ursula Creed_vsAbaddon.ogg	AM5	Ursula Creed	AstraMilitarum	vsabaddon	You may be the Archfiend, but I am Retribution!	You may be the arch fiend, but I am retribution.						content-word		1
VO_AM_Ursula Creed_vsCommissar.ogg	AM5	Ursula Creed	AstraMilitarum	vscommissar	Know your place Commissar!	Know your place, Commissar!						case-punct-only		
VO_AM_Ursula Creed_vsLeontus.ogg	AM5	Ursula Creed	AstraMilitarum	vsleontus	For Kadier!	For Kadia!						content-word		1
VO_AM_Ursula Creed_vsTyranids.ogg	AM5	Ursula Creed	AstraMilitarum	vstyranids	Don't allow these beasts a foothold!	Don't allow these beasts to foothold!						content-word		1
VO_AM_Ursula Creed_vsUM.ogg	AM5	Ursula Creed	AstraMilitarum	vsum	You should be focusing on the real enemy.	You should be focusing on the real enemy.						exact		
VO_AM_Ursula Creed_wp.ogg	AM5	Ursula Creed	AstraMilitarum	wp	Tactics win battles, but faith wins wars.	Tactics win battles, but faith wins wars.						exact		
VO_AM_Valkyrie - Prepare for rapid insertion!.ogg	AM39	Valkyrie	AstraMilitarum	line	Prepare for rapid insertion!	Prepare for rapid insertion!	Prepare for rapid insertion!	0.000		0.000		exact		
VO_AM_Vitus Gryf - Fight to the last breath!.ogg	AM73	Vitus Gryf	AstraMilitarum	line	Fight to the last breath!	Fight to the last breath!	Fight to the last breath!					exact	stage-direction	
VO_AM_Vitus Gryf - Your death is our duty.ogg	AM73	Vitus Gryf	AstraMilitarum	line	Your death is our duty.	Your death is our duty.	Your death is our duty	0.000		0.000		exact		
VO_AM_Vox Operator - New orders in from command.ogg	AM11	Vox Operator	AstraMilitarum	line	New orders in from command!	New orders in from command!	New orders in from command	0.000		0.000		exact		
VO_BL_Accursed Helbrute - Aaaargh Kill KILL.ogg	BL74	Accursed Helbrute	BlackLegion	line	AHHHHH! KILL!	AHHHHH! KILL! KILL!	Aaaargh Kill KILL	0.667		0.600		order-only		1
VO_BL_Aspiring Champion - Embrace the power of Chaos.ogg	BL25	Aspiring Champion	BlackLegion	line	Embrace the power of chaos!	Embrace the power of chaos!	Embrace the power of Chaos	0.000		0.000		exact		
VO_BL_Black Legionary - Death to the False Emperor.ogg	BL11	Black Legionary	BlackLegion	line	To the False Emperor!	Death to the False Emperor!	Death to the False Emperor	0.200		0.227		content-word		1
VO_BL_Bringer of Decay - Wither and die.ogg	BL31	Bringer of decay	BlackLegion	line	Wither and die.	Wither and die.	Wither and die	0.000		0.000		exact		
VO_BL_Chaos Legionary - I serve the Dark Gods.ogg	BL12	Chaos Legionary	BlackLegion	line	I soothe the dark gods.	I soothe the dark gods.	I serve the Dark Gods	0.200		0.235		exact		
VO_BL_Chaos Lord - I take what is mine.ogg	BL45	Chaos Lord	BlackLegion	line	I take what is mine.	I take what is mine.	I take what is mine	0.000		0.000		exact		
VO_BL_Chaos Sergeant - Cruelty is strength.ogg	BL56	Gifts of Chaos	BlackLegion	line	Cruelty is strength.	Cruelty is strength.	Cruelty is strength	0.000		0.000		exact		
VO_BL_Chaos Spawn - bestial snarling.ogg	BL56	Gifts of Chaos	BlackLegion	line		*thud*	bestial snarling					b-only	stage-direction	
VO_BL_Chaos Terminator - I am unstoppable.ogg	BL37	Chaos Terminator	BlackLegion	line	I am unstoppable!	I am unstoppable!	I am unstoppable	0.000		0.000		exact		
VO_BL_Child of Torment - My obsession cannot be sated.ogg	BL38	Child of Torment	BlackLegion	line	My obsession cannot be sated.	My obsession cannot be sated.	My obsession cannot be sated	0.000		0.000		exact		
VO_BL_Chosen - Follow me to victory.ogg	BL26	Chosen	BlackLegion	line	Follow me to victory!	Follow me to victory!	Follow me to victory	0.000		0.000		exact		
VO_BL_Chosen Champion - The crusade cannot be stopped.ogg	BL39	Chosen Champion	BlackLegion	line	The crusade cannot be stopped.	The crusade cannot be stopped.	The crusade cannot be stopped	0.000		0.000		exact		
VO_BL_Daemon Blade Legionary - Your armour cannot save you.ogg	BL27	Daemon Blade Legionary	BlackLegion	line	Your armor cannot save you.	Your armor cannot save you!	Your armour cannot save you	0.200		0.043		case-punct-only		
VO_BL_Dark Apostle - Dark Gods bestow your gift upon me.ogg	BL40	Dark Apostle	BlackLegion	line	Dark gods, bestow your gift upon me!	Dark gods, bestow your gift upon me!	Dark Gods bestow your gift upon me	0.000		0.000		exact		
VO_BL_Dark Disciple - The Dark Powers demand sacrifice.ogg	BL10	Dark Disciple	BlackLegion	line	The Dark Power's Demand Sacrifice.	The Dark Powers demand sacrifice!	The Dark Powers demand sacrifice	0.200		0.000		content-word		1
VO_BL_Ghallaron's Champion - Surrender to Ghallaron and your death will be quick.ogg	BL_Ghallaron_s_Champion	Ghallaron's Champion	BlackLegion	line	Surrender to Ghallaron, and your death will be quick.	Surrender to Galarion, and your death will be quick.	Surrender to Ghallaron and your death will be quick	0.000		0.000		content-word		1
VO_BL_Ghallaron's Disciple - Praise Ghallaron beloved in the eyes of the gods.ogg	BL_Ghallaron_s_Disciple	Ghallaron's Disciple	BlackLegion	line	Please, Ghallaron, be loved in the eyes of the gods.	Praise Galeron, beloved in the eyes of the gods!	Praise Ghallaron beloved in the eyes of the gods	0.333		0.075		content-word		1
VO_BL_Ghallaron_Backup2.ogg	BL_Ghallaron_s_Champion	Ghallaron's Champion	BlackLegion	backup2	I answer only to the Warmaster and the Gods.	I answer only to the War Master and the Gods.						content-word		1
VO_BL_Ghallaron_Backup3.ogg	BL_Ghallaron_s_Champion	Ghallaron's Champion	BlackLegion	backup3	Devotion is power.	Devotion is power.						exact		
VO_BL_Ghallaron_Backup4.ogg	BL_Ghallaron_s_Champion	Ghallaron's Champion	BlackLegion	backup4	I offer eternal devotion, they offer limitless power.	I offer eternal devotion. They offer limitless power.						case-punct-only		
VO_BL_Ghallaron_Backup5.ogg	BL_Ghallaron_s_Champion	Ghallaron's Champion	BlackLegion	backup5	FOR THE WARMASTER!	For the War Master!						content-word		1
VO_BL_Ghallaron_attack.ogg	BL_Ghallaron_s_Champion	Ghallaron's Champion	BlackLegion	attack	HMM!	HMUH!						content-word		1
VO_BL_Ghallaron_cantDo.ogg	BL_Ghallaron_s_Champion	Ghallaron's Champion	BlackLegion	cantdo	It cannot be done.	It cannot be done.						exact		
VO_BL_Ghallaron_concede.ogg	BL_Ghallaron_s_Champion	Ghallaron's Champion	BlackLegion	concede	I will rise again from this defeat, and claim my vengeance!	I will rise again from this defeat and claim my vengeance!						case-punct-only		
VO_BL_Ghallaron_death.ogg	BL_Ghallaron_s_Champion	Ghallaron's Champion	BlackLegion	death	Ghallaron's Champion, BlackLegion.	*coughs*						content-word		1
VO_BL_Ghallaron_gen1.ogg	BL_Ghallaron_s_Champion	Ghallaron's Champion	BlackLegion	gen1	By the War Masters Command, your fate has been sealed!	By the War Master's command, your fate has been sealed!						content-word		1
VO_BL_Ghallaron_gen2.ogg	BL_Ghallaron_s_Champion	Ghallaron's Champion	BlackLegion	gen2	It is not zealotry, but undeniable truth.	It is not zealotry, but undeniable truth.						exact		
VO_BL_Ghallaron_gen3.ogg	BL_Ghallaron_s_Champion	Ghallaron's Champion	BlackLegion	gen3	Have you lost your thirst for power?	Have you lost your thirst for power?						exact		
VO_BL_Ghallaron_gen4.ogg	BL_Ghallaron_s_Champion	Ghallaron's Champion	BlackLegion	gen4	The Dark Gods Demand Your Life!	The Dark Gods demand your life!						case-punct-only		
VO_BL_Ghallaron_gen5.ogg	BL_Ghallaron_s_Champion	Ghallaron's Champion	BlackLegion	gen5	I WILL HAVE VENTURES!	I WILL HAVE VENGEANCE!						content-word		1
VO_BL_Ghallaron_gen6.ogg	BL_Ghallaron_s_Champion	Ghallaron's Champion	BlackLegion	gen6	I will cast down the false idols of the Imperium!	I WILL cast down the false idols of the Imperium!						case-punct-only		
VO_BL_Ghallaron_gen7.ogg	BL_Ghallaron_s_Champion	Ghallaron's Champion	BlackLegion	gen7	You lack ambition.	You lack ambition.						exact		
VO_BL_Ghallaron_greet.ogg	BL_Ghallaron_s_Champion	Ghallaron's Champion	BlackLegion	greet	I am the Harbinger of Oblivion.	I am the harbinger of oblivion.						case-punct-only		
VO_BL_Ghallaron_hurry.ogg	BL_Ghallaron_s_Champion	Ghallaron's Champion	BlackLegion	hurry	We must hasten!	We must hasten!						exact		
VO_BL_Ghallaron_intro.ogg	BL_Ghallaron_s_Champion	Ghallaron's Champion	BlackLegion	intro	We are returned.	We are returned.						exact		
VO_BL_Ghallaron_mirror.ogg	BL_Ghallaron_s_Champion	Ghallaron's Champion	BlackLegion	mirror	New Disciples are always welcome.	New disciples are always welcome.						case-punct-only		
VO_BL_Ghallaron_threat.ogg	BL_Ghallaron_s_Champion	Ghallaron's Champion	BlackLegion	threat	Bow before the dark gods, or face retribution.	Bow before the dark gods or face retribution!						case-punct-only		
VO_BL_Ghallaron_vsGhazghkull.ogg	BL_Ghallaron_s_Champion	Ghallaron's Champion	BlackLegion	vsghazghkull	Your gods are pitiful things compared to the true powers of the galaxy.	Your gods are pitiful things compared to the true powers of the galaxy.						exact		
VO_BL_Ghallaron_vsKeltoc.ogg	BL_Ghallaron_s_Champion	Ghallaron's Champion	BlackLegion	vskeltoc	You are so close to salvation.	You were so close to salvation.						content-word		1
VO_BL_Ghallaron_vsVarroTigurius.ogg	BL_Ghallaron_s_Champion	Ghallaron's Champion	BlackLegion	vsvarrotigurius	Such hypocrisy makes the gods laugh.	Such hypocrisy makes the gods laugh.						exact		
VO_BL_Ghallaron_wp.ogg	BL_Ghallaron_s_Champion	Ghallaron's Champion	BlackLegion	wp	You could be a great follower.	You could be a great follower.						exact		
VO_BL_Havoc - Be rent unto flesh and ruin.ogg	BL32	Havoc	BlackLegion	line	Be rent unto flesh and ruin.	Be rent unto flesh and ruin.	Be rent unto flesh and ruin	0.000		0.000		exact		
VO_BL_Havoc Champion - We bring annihilation.ogg	BL73	Havoc Champion	BlackLegion	line	We bring annihilation.	We bring annihilation.	We bring annihilation	0.000		0.000		exact		
VO_BL_Helbrute - My agony drives me.ogg	BL42	Helbrute	BlackLegion	line	Hey, Agony joins me!	My agony drives me!	My agony drives me	0.500		0.400		content-word		1
VO_BL_Hound of Abaddon - Your skull is already mine.ogg	BL14	Hound of Abaddon	BlackLegion	line	Your skull is already mine!	Your skull is already mine!	Your skull is already mine	0.000		0.000		exact		
VO_BL_Iskandar Khayon - The False Emperor must die.ogg	BL47	Iskandar Khayon	BlackLegion	line	The false emperor must die.	The false emperor must die.	The False Emperor must die	0.000		0.000		exact		
VO_BL_Khorne Berzerker - Blood for the Blood God.ogg	BL17	Khorne Berzerker	BlackLegion	line	Blood for the Blood God!	Blat for the Blat God!	Blood for the Blood God	0.000		0.000		content-word		1
VO_BL_Lheorvine Ukris - I'll destroy you.ogg	BL33	Lheorvine Ukris	BlackLegion	line	I'll destroy you!	I'll destroy you!	I'll destroy you	0.000		0.000		exact		
VO_BL_Master of Executions - Your head will be my trophy.ogg	BL28	Master of Executions	BlackLegion	line	Your head will be my trophy.	Your head will be my trophy.	Your head will be my trophy	0.000		0.000		exact		
VO_BL_Master of Possession - Your body will serve as a vessel.ogg	BL34	Master of Possession	BlackLegion	line	Your body will serve as a vessel.	Your body will serve as a vessel.	Your body will serve as a vessel	0.000		0.000		exact		
VO_BL_Maulerfiend - growl roar.ogg	BL46	Maulerfiend	BlackLegion	line		*Mario's Outro*	growl roar					b-only	stage-direction	
VO_BL_Meltagun Legionary - I will leave nothing but ash.ogg	BL_Meltagun_Legionary	Meltagun Legionary	BlackLegion	line	I will leave nothing but ash!	I will leave nothing but ash!	I will leave nothing but ash	0.000		0.000		exact		
VO_BL_Noise Marine - Such sweet cacophony.ogg	BL19	Noise Marine	BlackLegion	line	Such sweet cacophony!	Such sweet cacophony.	Such sweet cacophony	0.000		0.000		case-punct-only		
VO_BL_Obliterator - Flesh and bone are weak.ogg	BL43	Obliterator	BlackLegion	line	Flesh and bone are weak.	Flesh and bone are weak.	Flesh and bone are weak	0.000		0.000		exact		
VO_BL_Plague Marine - Let your hate fester.ogg	BL21	Plague Marine	BlackLegion	line	Let your hate faster.	Let your hate fester.	Let your hate fester	0.250		0.059		content-word		1
VO_BL_Possessed Champion - I will see your blood flow.ogg	BL29	Possessed Champion	BlackLegion	line	I will see your blood flow!	I will see your blood flow!	I will see your blood flow	0.000		0.000		exact		
VO_BL_Possessed Marine - I live in your nightmares.ogg	BL29	Possessed Champion	BlackLegion	line	In your nightmares!	I live in your nightmares!	I live in your nightmares	0.400		0.238		content-word		1
VO_BL_Rubric Marine - swirling dust.ogg	BL15	Rubric Marine	BlackLegion	line		*throwing*	swirling dust					b-only	stage-direction	
VO_BL_Sorcerer - I have foreseen the Warmaster's victory.ogg	BL36	Sorcerer	BlackLegion	line	I have foreseen the war master's victory.	I have foreseen the War Master's victory.	I have foreseen the Warmaster's victory	0.333		0.000		case-punct-only		
VO_BL_Terminator Champion - You are an unworthy foe.ogg	BL44	Terminator Champion	BlackLegion	line	You are an unworthy foe.	You are an unworthy foe.	You are an unworthy foe	0.000		0.000		exact		
VO_BL_Venomcrawler - hiss snarl clank.ogg	BL41	Venomcrawler	BlackLegion	line		*Gunshot*	hiss snarl clank					b-only	stage-direction	
VO_BL_Veteran Havoc - Embrace the fires of oblivion.ogg	BL72	Veteran Havoc	BlackLegion	line	Embrace the fires of oblivion!	Embrace the fires of oblivion!	Embrace the fires of oblivion	0.000		0.000		exact		
VO_BL_Veteran Legionary - My hate drives me.ogg	BL24	Veteran Legionary	BlackLegion	line	My hate drives me.	My hate drives me.	My hate drives me	0.000		0.000		exact		
VO_BL_Vex Machinator - Come spirits of the machines, I will remake you.ogg	BL48	Vex Machinator	BlackLegion	line	Come, Spinach of the Machines! I will remake you!	Come, spirits of the machines, I will remake you!	Come spirits of the machines, I will remake you	0.111		0.105		content-word		1
VO_BL_Warp Talon - I strike from the warp.ogg	BL30	Warp Talon	BlackLegion	line	I STRIKE FROM THE WARP!	I strike from the warp.	I strike from the warp	0.000		0.000		case-punct-only		
VO_BL_Zealot Legionary - For the glory of the Dark Gods.ogg	BL_Zealot_Legionary	Zealot Legionary	BlackLegion	line	For the glory of the dark gods!	FOR THE GLORY OF THE DARK GODS!	For the glory of the Dark Gods	0.000		0.000		case-punct-only		
VO_BlackLegion_Abaddon_attack.ogg	BL14	Hound of Abaddon	BlackLegion	attack	SHUT UP!	*shut*						content-word		1
VO_BlackLegion_Abaddon_cant.ogg	BL14	Hound of Abaddon	BlackLegion	cantdo	That is impossible!	That is impossible.						case-punct-only		
VO_BlackLegion_Abaddon_concede.ogg	BL14	Hound of Abaddon	BlackLegion	concede	I learn from my losses so that next time I will prevail.	I learn from my losses so that next time I will prevail.						exact		
VO_BlackLegion_Abaddon_death.ogg	BL14	Hound of Abaddon	BlackLegion	death	Blargh!	*Glug*						content-word		1
VO_BlackLegion_Abaddon_gen1.ogg	BL14	Hound of Abaddon	BlackLegion	gen1	We were made to conquer the galaxy!	We were made to conquer the galaxy!						exact		
VO_BlackLegion_Abaddon_gen2.ogg	BL14	Hound of Abaddon	BlackLegion	gen2	From shame and shadow recast, in black and gold reborn.	From shame and shadow recast, in black and gold reborn.						exact		
VO_BlackLegion_Abaddon_gen3.ogg	BL14	Hound of Abaddon	BlackLegion	gen3	Savor your pathetic hope while you have any left.	Savor your pathetic hope while you have any left.						exact		
VO_BlackLegion_Abaddon_gen4.ogg	BL14	Hound of Abaddon	BlackLegion	gen4	Hold my father's weapon, he shall never be reborn.	I wield my father's weapon. He shall never be reborn.						content-word		1
VO_BlackLegion_Abaddon_gen5.ogg	BL14	Hound of Abaddon	BlackLegion	gen5	Way and the Ark fiend, the Dispoiler of Worlds.	I am the Ark Fiend, the despoiler of worlds.						content-word		1
VO_BlackLegion_Abaddon_gen6.ogg	BL14	Hound of Abaddon	BlackLegion	gen6	My BlackLegion will reclaim what is ours!	My black legion will reclaim what is ours!						content-word		1
VO_BlackLegion_Abaddon_gen7.ogg	BL14	Hound of Abaddon	BlackLegion	gen7	We will destroy the servants of the Fox Emperor.	We will destroy the servants of the false emperor.						content-word		1
VO_BlackLegion_Abaddon_greet.ogg	BL14	Hound of Abaddon	BlackLegion	greet	Fight me if you must, but you will soon taste defeat.	Fight me if you must, but you will soon taste defeat.						exact		
VO_BlackLegion_Abaddon_hurry.ogg	BL14	Hound of Abaddon	BlackLegion	hurry	It is time to act.	It is time to act.						exact		
VO_BlackLegion_Abaddon_intro.ogg	BL14	Hound of Abaddon	BlackLegion	intro	From the Eye of Terror we shall bring no mercy!	From the Eye of Terror we shall bring no mercy!						exact		
VO_BlackLegion_Abaddon_mirror.ogg	BL14	Hound of Abaddon	BlackLegion	mirror	It is by my hand that the Imperium will become ashes.	It is by my hand that the Imperium will become ashes.						exact		
VO_BlackLegion_Abaddon_threat.ogg	BL14	Hound of Abaddon	BlackLegion	threat	You will soon no pain like no other.	You will soon know pain like no other.						content-word		1
VO_BlackLegion_Abaddon_vsCalgar.ogg	BL14	Hound of Abaddon	BlackLegion	vscalgar	This is our Imperium. We forced it in blood.	This is our Imperium. We forged it in blood.						content-word		1
VO_BlackLegion_Abaddon_vsGrukk.ogg	BL14	Hound of Abaddon	BlackLegion	vsgrukk	Your worthless kind is nothing more than a distraction.	Your worthless kind is nothing more than a distraction.						exact		
VO_BlackLegion_Abaddon_vsHexscorn.ogg	BL14	Hound of Abaddon	BlackLegion	vshexscorn	Good. Your sorcery will be a potent weapon.	Good. Your sorcery will be a potent weapon.						exact		
VO_BlackLegion_Abaddon_vsMinka.ogg	BL14	Hound of Abaddon	BlackLegion	vsminka	And yet your Cadian gate fell to my Black Crusade.	And yet your Cadian Gate fell to my Black Crusade.						case-punct-only		
VO_BlackLegion_Abaddon_vsOrikan.ogg	BL14	Hound of Abaddon	BlackLegion	vsorikan	Persistence always brings victory.	Persistence always brings victory.						exact		
VO_BlackLegion_Abaddon_wp.ogg	BL14	Hound of Abaddon	BlackLegion	wp	You proved stronger than I anticipated.	You proved stronger than I anticipated.						exact		
VO_BlackLegion_Haarken_Attack.ogg	BL3	Haarken Worldclaimer	BlackLegion	attack	Blah!	Rawr!						content-word		1
VO_BlackLegion_Haarken_CantDo.ogg	BL3	Haarken Worldclaimer	BlackLegion	cantdo	I cannot do that!	I cannot do that!						exact		
VO_BlackLegion_Haarken_Concede.ogg	BL3	Haarken Worldclaimer	BlackLegion	concede	This was all parts of the Warmaster's great plan!	This was all part of the War Master's great plan.						content-word		1
VO_BlackLegion_Haarken_Death.ogg	BL3	Haarken Worldclaimer	BlackLegion	death	ROAR!	Roar!						case-punct-only		
VO_BlackLegion_Haarken_Gen1.ogg	BL3	Haarken Worldclaimer	BlackLegion	gen1	The time of the Black Crusade is now!	The time of the Black Crusade is now!						exact		
VO_BlackLegion_Haarken_Gen2.ogg	BL3	Haarken Worldclaimer	BlackLegion	gen2	The gods have a plan, and the despoiler will enact it.	The gods have a plan, and the despoiler will enact it.						exact		
VO_BlackLegion_Haarken_Gen3.ogg	BL3	Haarken Worldclaimer	BlackLegion	gen3	You have no place in this galaxy.	You have no place in this galaxy.						exact		
VO_BlackLegion_Haarken_Gen4.ogg	BL3	Haarken Worldclaimer	BlackLegion	gen4	Chaos is the only way!	Chaos is the only way!						exact		
VO_BlackLegion_Haarken_Gen5.ogg	BL3	Haarken Worldclaimer	BlackLegion	gen5	Our success has been foretold throughout the eons.	Our success has been foretold throughout the eons.						exact		
VO_BlackLegion_Haarken_Gen6.ogg	BL3	Haarken Worldclaimer	BlackLegion	gen6	You are nothing before the might of the BlackLegion.	You are nothing before the might of the Black Legion.						content-word		1
VO_BlackLegion_Haarken_Gen7.ogg	BL3	Haarken Worldclaimer	BlackLegion	gen7	You do not yet know the meaning of fear.	You do not yet know the meaning of fear.						exact		
VO_BlackLegion_Haarken_Greet.ogg	BL3	Haarken Worldclaimer	BlackLegion	greet	I am the Herald of the Apocalypse, and you will listen.	I am the Herald of the Apocalypse, and you will listen.						exact		
VO_BlackLegion_Haarken_Hurry.ogg	BL3	Haarken Worldclaimer	BlackLegion	hurry	We cannot wait any longer.	We cannot wait any longer!						case-punct-only		
VO_BlackLegion_Haarken_Intro.ogg	BL3	Haarken Worldclaimer	BlackLegion	intro	Here for the coming of damnation!	Prepare for the coming of damnation!						content-word		1
VO_BlackLegion_Haarken_Mirror.ogg	BL3	Haarken Worldclaimer	BlackLegion	mirror	Many voices speak of the coming of the Warmaster.	Many voices speak of the coming of the War Master!						content-word		1
VO_BlackLegion_Haarken_Threat.ogg	BL3	Haarken Worldclaimer	BlackLegion	threat	You will be crushed by the coming storm.	You will be crushed by the coming storm!						case-punct-only		
VO_BlackLegion_Haarken_vs_Commissar.ogg	BL3	Haarken Worldclaimer	BlackLegion	line	You are wasted in the service of the false emperor.	You are wasted in the service of the false emperor.						exact		
VO_BlackLegion_Haarken_vs_JainZar.ogg	BL3	Haarken Worldclaimer	BlackLegion	line	I proclaim our coming.	I proclaim our coming.						exact		
VO_BlackLegion_Haarken_vs_Orikan.ogg	BL3	Haarken Worldclaimer	BlackLegion	line	Everything must die in the end.	Everything must die in the end.						exact		
VO_BlackLegion_Haarken_vs_Zagstruk.ogg	BL3	Haarken Worldclaimer	BlackLegion	line	I will drive my health spare through your unworthy corpse.	I will drive my hell spear through your unworthy corpse.						content-word		1
VO_BlackLegion_Haarken_wp.ogg	BL3	Haarken Worldclaimer	BlackLegion	wp	You are strong. Perhaps you will prevail after all.	You are strong. Perhaps you will prevail after all.						exact		
VO_BlackLegion_Hexscorn_Attack.ogg	BL5	Sylar Hexcorn	BlackLegion	attack	Grr!	RRRAH!						content-word		1
VO_BlackLegion_Hexscorn_CantDo.ogg	BL5	Sylar Hexcorn	BlackLegion	cantdo	I cannot do that.	I cannot do that.						exact		
VO_BlackLegion_Hexscorn_Concede.ogg	BL5	Sylar Hexcorn	BlackLegion	concede	Savor the little time you have earned.	Savor the little time you have earned.						exact		
VO_BlackLegion_Hexscorn_Death.ogg	BL5	Sylar Hexcorn	BlackLegion	death	Uggggggggggggg...	*Groans*						content-word		1
VO_BlackLegion_Hexscorn_Gen1.ogg	BL5	Sylar Hexcorn	BlackLegion	gen1	The warp tells me everything!	The warp tells me everything!						exact		
VO_BlackLegion_Hexscorn_Gen2.ogg	BL5	Sylar Hexcorn	BlackLegion	gen2	We will conquer this galaxy!	We will conquer this galaxy.						case-punct-only		
VO_BlackLegion_Hexscorn_Gen3.ogg	BL5	Sylar Hexcorn	BlackLegion	gen3	I command powers beyond what you could possibly fathom.	I command powers beyond what you could possibly fathom.						exact		
VO_BlackLegion_Hexscorn_Gen4.ogg	BL5	Sylar Hexcorn	BlackLegion	gen4	There is always a method to insanity.	There is always a method to insanity.						exact		
VO_BlackLegion_Hexscorn_Gen5.ogg	BL5	Sylar Hexcorn	BlackLegion	gen5	You were just a plaything of the gods.	You were just a plaything of the gods.						exact		
VO_BlackLegion_Hexscorn_Gen6.ogg	BL5	Sylar Hexcorn	BlackLegion	gen6	I will follow Abaddon to the end of everything.	I will follow Abaddon to the end of everything!						case-punct-only		
VO_BlackLegion_Hexscorn_Gen7.ogg	BL5	Sylar Hexcorn	BlackLegion	gen7	Embrace chaos before it's too late.	Embrace chaos before it's too late.						exact		
VO_BlackLegion_Hexscorn_Greet.ogg	BL5	Sylar Hexcorn	BlackLegion	greet	Come with me, I will open your eyes to the warp.	Come with me. I will open your eyes to the warp.						case-punct-only		
VO_BlackLegion_Hexscorn_Hurry.ogg	BL5	Sylar Hexcorn	BlackLegion	hurry	Nothing lasts forever.	Nothing lasts forever.						exact		
VO_BlackLegion_Hexscorn_Intro.ogg	BL5	Sylar Hexcorn	BlackLegion	intro	The warp flows through me, and it will be your doom.	The warp flows through me, and it will be your doom.						exact		
VO_BlackLegion_Hexscorn_Mirror.ogg	BL5	Sylar Hexcorn	BlackLegion	mirror	I am the Enlightened One.	I am the Enlightened One.						exact		
VO_BlackLegion_Hexscorn_Threat.ogg	BL5	Sylar Hexcorn	BlackLegion	threat	I will destroy you with the power of the warp.	I will destroy you with the power of the warp.						exact		
VO_BlackLegion_Hexscorn_vs_Abaddon.ogg	BL5	Sylar Hexcorn	BlackLegion	line	I am ever your servant, Lord.	I am ever your servant, Lord.						exact		
VO_BlackLegion_Hexscorn_vs_Keltoc.ogg	BL5	Sylar Hexcorn	BlackLegion	line	Shouldn't your kind all be dead by now?	Shouldn't your kind all be dead by now?						exact		
VO_BlackLegion_Hexscorn_vs_UrsulaCreed.ogg	BL5	Sylar Hexcorn	BlackLegion	line	Do you like what we did to your world?	Do you like what we did to your world?						exact		
VO_BlackLegion_Hexscorn_vs_Varro.ogg	BL5	Sylar Hexcorn	BlackLegion	line	Why hold back? Unleash your true potential.	Why hold back? Unleash your true potential.						exact		
VO_BlackLegion_Hexscorn_vs_tbc2.ogg	BL5	Sylar Hexcorn	BlackLegion	line	You cannot stop the BlackLegion.	You cannot stop the Black Legion!						content-word		1
VO_BlackLegion_Hexscorn_vs_tbc3.ogg	BL5	Sylar Hexcorn	BlackLegion	line	I take that personally.	I take that personally.						exact		
VO_BlackLegion_Hexscorn_vs_tbc4.ogg	BL5	Sylar Hexcorn	BlackLegion	line	Run away and hide!	Run away and hide.						case-punct-only		
VO_BlackLegion_Hexscorn_wp.ogg	BL5	Sylar Hexcorn	BlackLegion	wp	An impressive feat given your obvious weakness.	An impressive feat, given your obvious weakness.						case-punct-only		
VO_CSM_EC_Alluress (Emily).ogg	EC8	Alluress	EmperorsChildren	line	Come closer!	I'm gross!						content-word		1
VO_CSM_EC_Blastmaster Noise Marine (Kevin).ogg	EC19	Blastmaster Noise Marine	EmperorsChildren	line	It's a perfect melody!	I will create the perfect melody!						content-word		1
VO_CSM_EC_Blissbringer_High-pitch_Screech.ogg	EC26	Blissbringer	EmperorsChildren	line	R.I.P.	*Screams*						content-word		1
VO_CSM_EC_Chaos Land Raider (Andrew Dennis).ogg	EC41	Chaos Land Raider	EmperorsChildren	line	Drown that in the sounds of their screams.	Drown them in the sounds of their screams!						content-word		1
VO_CSM_EC_Chaos Rhino (Andrew Dennis).ogg	EC31	Chaos Rhino	EmperorsChildren	line	More will join in the Prince's revelries.	More will join in the prince's revelries.						case-punct-only		
VO_CSM_EC_Daemon Prince Xarahan_attack.ogg	EC5	Xarahan Daemon Prince	EmperorsChildren	attack	Blah!	*Bah*						content-word		1
VO_CSM_EC_Daemon Prince Xarahan_cantDo.ogg	EC5	Xarahan Daemon Prince	EmperorsChildren	cantdo	No.	No!						case-punct-only		
VO_CSM_EC_Daemon Prince Xarahan_concede.ogg	EC5	Xarahan Daemon Prince	EmperorsChildren	concede	We'll save the sweet pain for centuries.	I will savor the sweet pain for centuries.						content-word		1
VO_CSM_EC_Daemon Prince Xarahan_death.ogg	EC5	Xarahan Daemon Prince	EmperorsChildren	death	Growl!	*Burr*						content-word		1
VO_CSM_EC_Daemon Prince Xarahan_gen1.ogg	EC5	Xarahan Daemon Prince	EmperorsChildren	gen1	Oh, this curry.	All this grief, I must have more!						content-word		1
VO_CSM_EC_Daemon Prince Xarahan_gen2.ogg	EC5	Xarahan Daemon Prince	EmperorsChildren	gen2	I shall relish the sight of your pathetic remains.	I shall relish the sight of your pathetic remains.						exact		
VO_CSM_EC_Daemon Prince Xarahan_gen3.ogg	EC5	Xarahan Daemon Prince	EmperorsChildren	gen3	Oh, the screams I will wrench out of your throat!	Oh, the screams I will wrench out of your throat!						exact		
VO_CSM_EC_Daemon Prince Xarahan_gen4.ogg	EC5	Xarahan Daemon Prince	EmperorsChildren	gen4	A magnificent task is in our hands.	A magnificent task is in our hands.						exact		
VO_CSM_EC_Daemon Prince Xarahan_gen5.ogg	EC5	Xarahan Daemon Prince	EmperorsChildren	gen5	Are you feeling ever well?	Are you feeling overwhelmed?						content-word		1
VO_CSM_EC_Daemon Prince Xarahan_greet.ogg	EC5	Xarahan Daemon Prince	EmperorsChildren	greet	Ah, yet another vapid foe is foisted upon me.	Ah, yet another vapid foe is foisted upon me.						exact		
VO_CSM_EC_Daemon Prince Xarahan_hurry.ogg	EC5	Xarahan Daemon Prince	EmperorsChildren	hurry	Hesitation dulls the blade of pleasure.	Hesitation dulls the blade of pleasure.						exact		
VO_CSM_EC_Daemon Prince Xarahan_intro.ogg	EC5	Xarahan Daemon Prince	EmperorsChildren	intro	Thanks to my Opus of Torment.	Bear witness to my ocusp of torment.						content-word		1
VO_CSM_EC_Daemon Prince Xarahan_mirror.ogg	EC5	Xarahan Daemon Prince	EmperorsChildren	mirror	It will be breathtaking.	It will be breathtaking.						exact		
VO_CSM_EC_Daemon Prince Xarahan_threat.ogg	EC5	Xarahan Daemon Prince	EmperorsChildren	threat	I feel you shiver. Anticipation.	I feel you shiver. Is it fear or anticipation?						content-word		1
VO_CSM_EC_Daemon Prince Xarahan_wp.ogg	EC5	Xarahan Daemon Prince	EmperorsChildren	wp	Yet, deliver an amusing time.	You might yet deliver an amusing time.						content-word		1
VO_CSM_EC_Daemonette (Emily).ogg	EC7	Daemonette	EmperorsChildren	line	You are mine!	You are mine!						exact		
VO_CSM_EC_Disharmonist (Andrew Dennis).ogg	EC27	Disharmonist	EmperorsChildren	line	A dirge for your final breath.	A dirge for your final breath.						exact		
VO_CSM_EC_Dual Screamer Kakophonist (Joey).ogg	EC32	Dual Screamer Kakophonist	EmperorsChildren	line	Out of Apocalypse!	I am the clamor of apocalypse.						content-word		1
VO_CSM_EC_Fiend_High-pitch_Screech.ogg	EC20	Fiend	EmperorsChildren	line	Rrrrrrrrrrrrrrrr!	- -						content-word		1
VO_CSM_EC_Flawless Blade (Joey).ogg	EC13	Flawless Blade	EmperorsChildren	line	Such delightful agony.	Such delightful agony.						exact		
VO_CSM_EC_Flawless Blade Champion (Kevin).ogg	EC28	Flawless Blade Champion	EmperorsChildren	line	Let the flesh of our enemies sing!	Let the flesh of our enemies sing!						exact		
VO_CSM_EC_Glittering Myriad Infractor (Joey).ogg	EC9	Glittering Myriad Infractor	EmperorsChildren	line	Let us compose a lavish requiem!	Let us compose a lavish requiem!						exact		
VO_CSM_EC_Glittering Myriad Terminator (Joey).ogg	EC22	Terminator	EmperorsChildren	line	Come on! Amuse me!	Come on, amuse me!						case-punct-only		
VO_CSM_EC_Heldrake_Roaring_Bellow.ogg	EC38	Heldrake	EmperorsChildren	line	SCREAM!	*Mario plays*						content-word		1
VO_CSM_EC_Icon of Excess Infractor (Andrew Dennis).ogg	EC14	Icon of Excess Infractor	EmperorsChildren	line	Give yourself over to pleasure, absolute!	Give yourself over to Pleasure Absolute!						case-punct-only		
VO_CSM_EC_Infractor (Andrew Dennis).ogg	EC10	Infractor	EmperorsChildren	line	I cannot wait to hear you please.	I cannot wait to hear your pleas.						content-word		1
VO_CSM_EC_Infractor Obsessionist (Andrew).ogg	EC21	Infractor Obsessionist	EmperorsChildren	line	Every cut of us, every wound, a chorus.	Every cat a verse. Every wound a chorus.						content-word		1
VO_CSM_EC_Konstrictus Sorcerer (Joey).ogg	EC30	Slaanesh Sorcerer	EmperorsChildren	line	Dark Prince will have you.	The Dark Prince will have you.						content-word		1
VO_CSM_EC_Lord Exultant (Kevin).ogg	EC35	Lord Exultant	EmperorsChildren	line	Restrike is a gift from the Prince of Pleasure.	Every strike is a gift from the Prince of Pleasure.						content-word		1
VO_CSM_EC_Lord Kakophonist (Joey).ogg	EC37	Lord Kakophonist	EmperorsChildren	line	Aim for me!	SCREAM FOR ME!						content-word		1
VO_CSM_EC_Lord Kaphrael_attack.ogg	EC1	Lord Kaphrael	EmperorsChildren	attack		No!						b-only		1
VO_CSM_EC_Lord Kaphrael_cantDo.ogg	EC1	Lord Kaphrael	EmperorsChildren	cantdo	This does not please me.	This does not please me.						exact		
VO_CSM_EC_Lord Kaphrael_concede.ogg	EC1	Lord Kaphrael	EmperorsChildren	concede	The deepest pleasure is found in the most grievous wounds.	The deepest pleasure is found in the most grievous wounds.						exact		
VO_CSM_EC_Lord Kaphrael_death.ogg	EC1	Lord Kaphrael	EmperorsChildren	death	Oof!	*crash*						content-word		1
VO_CSM_EC_Lord Kaphrael_gen1.ogg	EC1	Lord Kaphrael	EmperorsChildren	gen1	I hope your blade is sharper than your sense.	I hope your blade is sharper than your sense.						exact		
VO_CSM_EC_Lord Kaphrael_gen2.ogg	EC1	Lord Kaphrael	EmperorsChildren	gen2	That was exquisite.	That was exquisite.						exact		
VO_CSM_EC_Lord Kaphrael_gen3.ogg	EC1	Lord Kaphrael	EmperorsChildren	gen3	Do not blink or you will miss true beauty.	Do not blink or you will miss true beauty.						exact		
VO_CSM_EC_Lord Kaphrael_gen4.ogg	EC1	Lord Kaphrael	EmperorsChildren	gen4	Your screams are delightful, I may let you live a bit more.	Your screams are delightful. I may let you live a bit more.						case-punct-only		
VO_CSM_EC_Lord Kaphrael_gen5.ogg	EC1	Lord Kaphrael	EmperorsChildren	gen5	More come seeking their sweet final release.	Moocom seeking their sweet final release.						content-word		1
VO_CSM_EC_Lord Kaphrael_gen6.ogg	EC1	Lord Kaphrael	EmperorsChildren	gen6	This dance is growing interesting.	This dance is growing interesting.						exact		
VO_CSM_EC_Lord Kaphrael_gen7.ogg	EC1	Lord Kaphrael	EmperorsChildren	gen7	Do not dare die yet. I crave for more.	Do not dare die yet. I crave for more.						exact		
VO_CSM_EC_Lord Kaphrael_greet.ogg	EC1	Lord Kaphrael	EmperorsChildren	greet	You only get one chance to impress me.	You only get one chance to impress me.						exact		
VO_CSM_EC_Lord Kaphrael_hurry.ogg	EC1	Lord Kaphrael	EmperorsChildren	hurry	Faster!	Come on, faster!						content-word		1
VO_CSM_EC_Lord Kaphrael_intro.ogg	EC1	Lord Kaphrael	EmperorsChildren	intro	The path to glory is paved with such blissful pain.	The path to glory is paved with such blissful pain.						exact		
VO_CSM_EC_Lord Kaphrael_mirror.ogg	EC1	Lord Kaphrael	EmperorsChildren	mirror	Each scar and scream brings me closer to perfection.	Each scar and scream brings me closer to perfection.						exact		
VO_CSM_EC_Lord Kaphrael_threat.ogg	EC1	Lord Kaphrael	EmperorsChildren	threat	Pain can become pleasure. You will know both.	Pain can become pleasure. You will know both.						exact		
VO_CSM_EC_Lord Kaphrael_wp.ogg	EC1	Lord Kaphrael	EmperorsChildren	wp	Finally, a worthy opponent rises from mediocrity.	Finally, a worthy opponent rises from mediocrity.						exact		
VO_CSM_EC_Lucius_Backup1.ogg	EC3	Lucius The Eternal	EmperorsChildren	backup1	So much despair to relish in.	So much despair to relish in.						exact		
VO_CSM_EC_Lucius_Backup2.ogg	EC3	Lucius The Eternal	EmperorsChildren	backup2	May the splendor of the Pleasured Ones bounty still thy heart with ecstasies.	May the splendor of the pleasured one's bounty still thy heart with ecstasies.						content-word		1
VO_CSM_EC_Lucius_Backup3.ogg	EC3	Lucius The Eternal	EmperorsChildren	backup3	What do you have for me on the cusp of this battle?	What do you have for me on the cusp of this most glorious battle?						content-word		1
VO_CSM_EC_Lucius_attack.ogg	EC3	Lucius The Eternal	EmperorsChildren	attack	BWAH!	*Bah*						content-word		1
VO_CSM_EC_Lucius_cantDo.ogg	EC3	Lucius The Eternal	EmperorsChildren	cantdo	Do not think so.	I do not think so.						content-word		1
VO_CSM_EC_Lucius_concede.ogg	EC3	Lucius The Eternal	EmperorsChildren	concede	All how proud you must feel.	Oh, how proud you must feel.						content-word		1
VO_CSM_EC_Lucius_death.ogg	EC3	Lucius The Eternal	EmperorsChildren	death	Urgh!	AHH!						content-word		1
VO_CSM_EC_Lucius_gen1.ogg	EC3	Lucius The Eternal	EmperorsChildren	gen1	Agony Ecstasy Maw.	Agony. Ecstasy. More.						content-word		1
VO_CSM_EC_Lucius_gen2.ogg	EC3	Lucius The Eternal	EmperorsChildren	gen2	I could slay you without even sullying my father's blade.	I could slay you without even sullying my father's blade.						exact		
VO_CSM_EC_Lucius_gen3.ogg	EC3	Lucius The Eternal	EmperorsChildren	gen3	Sing such sweet sorrow.	Every cat sings such sweet sorrow.						content-word		1
VO_CSM_EC_Lucius_gen4.ogg	EC3	Lucius The Eternal	EmperorsChildren	gen4	You are just begging for deliverance.	Oh, you are just begging for deliverance.						content-word		1
VO_CSM_EC_Lucius_gen5.ogg	EC3	Lucius The Eternal	EmperorsChildren	gen5	There was a time you would have impressed me.	There was a time you would have impressed me.						exact		
VO_CSM_EC_Lucius_gen6.ogg	EC3	Lucius The Eternal	EmperorsChildren	gen6	Flawless.	Flawless.						exact		
VO_CSM_EC_Lucius_gen7.ogg	EC3	Lucius The Eternal	EmperorsChildren	gen7	Now Disapply Him.	This spilling of blood is sublime.						content-word		1
VO_CSM_EC_Lucius_greet.ogg	EC3	Lucius The Eternal	EmperorsChildren	greet	Do not bore me.	Do not bore me.						exact		
VO_CSM_EC_Lucius_hurry.ogg	EC3	Lucius The Eternal	EmperorsChildren	hurry	Why delay this pleasure?	Why delay this pleasure?						exact		
VO_CSM_EC_Lucius_intro.ogg	EC3	Lucius The Eternal	EmperorsChildren	intro	If it is death you crave, who am I to deny it?	If it is death you crave, who am I to deny it?						exact		
VO_CSM_EC_Lucius_mirror.ogg	EC3	Lucius The Eternal	EmperorsChildren	mirror	How delightfully decadent.	How delightfully decadent.						exact		
VO_CSM_EC_Lucius_threat.ogg	EC3	Lucius The Eternal	EmperorsChildren	threat	Your screams will make a fine melody.	Your screams will make a fine melody.						exact		
VO_CSM_EC_Lucius_vsAbaddon.ogg	EC3	Lucius The Eternal	EmperorsChildren	vsabaddon	Imperfect Legion is doomed to falter, just like your father did.	An imperfect Legion is doomed to falter, just like your father did.						content-word		1
VO_CSM_EC_Lucius_vsAstraMilitarum.ogg	EC3	Lucius The Eternal	EmperorsChildren	vsastramilitarum	You die too quickly. There is no time to savor it.	Oh, you die too quickly. There is no time to savor it.						content-word		1
VO_CSM_EC_Lucius_vsBile.ogg	EC3	Lucius The Eternal	EmperorsChildren	vsbile	I did not cut my way out from the eye, only to listen to your follyfabious.	I did not cut my way out from the eye, only to listen to your folly, Fabius.						content-word		1
VO_CSM_EC_Lucius_vsCSM.ogg	EC3	Lucius The Eternal	EmperorsChildren	vscsm	Brothers, welcome to the feast. Which among you will be the first course?	Brothers, welcome to the feast. Which among you will be the first course?						exact		
VO_CSM_EC_Lucius_vsDA.ogg	EC3	Lucius The Eternal	EmperorsChildren	vsda	I have not killed any little robed angels in some time.  Let us fix that.	I have not killed any little robed angels in some time. Let us fix that.						case-punct-only		
VO_CSM_EC_Lucius_vsEC.ogg	EC3	Lucius The Eternal	EmperorsChildren	vsec	So, Ambition has chosen its day at last.	So, ambition has chosen its day at last.						case-punct-only		
VO_CSM_EC_Lucius_vsFulgrim.ogg	EC3	Lucius The Eternal	EmperorsChildren	vsfulgrim	I always wondered if the Phoenician could fall by his own blade.	I always wondered if the Phoenician could fall by his own blade.						exact		
VO_CSM_EC_Lucius_vsUM.ogg	EC3	Lucius The Eternal	EmperorsChildren	vsum	My lower deck grows hollow.	My lower deck grows hollow. Some of you are bound to be fine entertainment.						content-word		1
VO_CSM_EC_Lucius_vsWE.ogg	EC3	Lucius The Eternal	EmperorsChildren	vswe	Pack a band and you little mongrel.	Did your pack abandon you, little mongrel?						content-word		1
VO_CSM_EC_Lucius_wp.ogg	EC3	Lucius The Eternal	EmperorsChildren	wp	It has been some time since I have broken a sweat.	It has been some time since I have broken a sweat.						exact		
VO_CSM_EC_Maulerfiend_Roaring_Bellow.ogg	EC39	Maulerfiend	EmperorsChildren	line		*throwing*						b-only		1
VO_CSM_EC_Plasma Gun Tormentor (Andrew).ogg	EC15	Plasma Gun Tormentor	EmperorsChildren	line	Your last moment will be my masterpiece.	Your last moment will be my masterpiece.						exact		
VO_CSM_EC_Rugged Disharmonist (Andrew Dennis).ogg	EC36	Rugged Disharmonist	EmperorsChildren	line	More!	More!						exact		
VO_CSM_EC_Slaanesh Sorcerer (Andrew Dennis).ogg	EC30	Slaanesh Sorcerer	EmperorsChildren	line	The youngest God must be appeased.	The youngest god must be appeased.						case-punct-only		
VO_CSM_EC_Slaanesh's Spawn_Revelling_Screech.ogg	EC16	Slaanesh's Spawn	EmperorsChildren	line	NOOOOO	*Gunshot*						content-word		1
VO_CSM_EC_Sonic Blaster Noise Marine (Andrew Dennis).ogg	EC17	Sonic Blaster Noise Marine	EmperorsChildren	line	Take under the Prince's sweetest cacophonies.	Break under the prince's sweetest cacophonies!						content-word		1
VO_CSM_EC_Terminator (Andrew).ogg	EC22	Terminator	EmperorsChildren	line	Hear the offering to the Dark Prince.	You will make a worthy offering to the Dark Prince.						content-word		1
VO_CSM_EC_Terminator Champion (Andrew).ogg	EC33	Terminator Champion	EmperorsChildren	line	Such delightful agony.	Such delightful agony.						exact		
VO_CSM_EC_Threnodic Choir Flawless Blade (Andrew Dennis).ogg	EC13	Flawless Blade	EmperorsChildren	line	The outside will pluck from your broken form.	Oh, the notes I will pluck from your broken form.						content-word		1
VO_CSM_EC_Threnodic Choir Noise Marine (Joey).ogg	EC18	Threnodic Choir Noise Marine	EmperorsChildren	line	Higher! Louder!	HIGHER! LOUDER!						case-punct-only		
VO_CSM_EC_Tormentor (Kevin).ogg	EC12	Tormentor	EmperorsChildren	line	None escapes the call of excess.	None escapes the call of excess.						exact		
VO_CSM_EC_Tormentor Obsessionist (Andrew Dennis).ogg	EC23	Tormentor Obsessionist	EmperorsChildren	line	This shall quench the thirst for a moment.	This shall quench the thirst for a moment.						exact		
VO_CSM_EC_Veteran Noise Marine (Andrew).ogg	EC25	Veteran Noise Marine	EmperorsChildren	line	A melody to shake the stars.	A melody to shake the stars.						exact		
VO_CSM_EC_Winged Daemon Prince (Andrew Dennis).ogg	EC40	Winged Daemon Prince	EmperorsChildren	line	So many great things. What delicious horrors await them?	So many playthings. What delicious horrors await them.						content-word		1
VO_CW_SaimHann_Autarch - Hesitation leads only to failure We must strike! (Vivienne).ogg	ASH_Autarch	Autarch	SaimHann	line	Hesitation leads only to failure. We must strike!	Hesitation leads only to failure. We must strike.	Hesitation leads only to failure We must strike!	0.000		0.000		case-punct-only		
VO_CW_SaimHann_Avatar of Khaine - Death Wakes War Calls.ogg	ASH42	Avatar of Khaine	SaimHann	line	Death Wakes Warcars!	Death wakes, war cars.	Death Wakes War Calls	0.500		0.111		content-word		1
VO_CW_SaimHann_Bright Lance Vyper - Ride now! The knife-pledge shall be honoured! (Joey).ogg	ASH_Bright_Lance_Vyper	Bright Lance Vyper	SaimHann	line	Right now, the knife pledge shall be honoured!	Right now! The knife pledge shall be honored!	Ride now! The knife-pledge shall be honoured!	0.125		0.083		content-word		1
VO_CW_SaimHann_Crimson Hunter - We are the raging winds.ogg	ASH31	Crimson Hunter	SaimHann	line	We are the Raging Winds.	We are the Raging Winds.	We are the raging winds	0.000		0.000		exact		
VO_CW_SaimHann_Death Spinner Warp Spider - Death lies in waiting (Vivienne).ogg	ASH_Death_Spinner_Warp_Spider	Death Spinner Warp Spider	SaimHann	line	Death lies in waiting.	Death lies in waiting.	Death lies in waiting	0.000		0.000		exact		
VO_CW_SaimHann_Dire Avenger - When the light fades we must stand as one for the Craftworld.ogg	ASH19	Dire Avenger	SaimHann	line	When the light fades, we must stand as one for the craft world.	When the light fades, we must stand as one for the craft world.	When the light fades we must stand as one for the Craftworld	0.167		0.000		exact		
VO_CW_SaimHann_Dire Avenger Exarch_Let slip of mercy.ogg	ASH32	Dire Avenger Exarch	SaimHann	line	Let's slip of mercy, quell those who defiled the craft world.	Let slip of mercy quell those who defiled the craft world.						content-word		1
VO_CW_SaimHann_Falcon - Let our enemies feel the rushing wind of death.ogg	ASH33	Falcon	SaimHann	line	Let our enemies feel the rushing wind of death.	Let our enemies feel the rushing wind of death.	Let our enemies feel the rushing wind of death					exact	stage-direction	
VO_CW_SaimHann_Farseer - Every strike weaves a future worthy of our sacrifice (Vivienne).ogg	ASH_Farseer	Farseer	SaimHann	line	Every strike weaves a future worthy of our sacrifice.	Every strike weaves a future worthy of our sacrifice.	Every strike weaves a future worthy of our sacrifice	0.000		0.000		exact		
VO_CW_SaimHann_Farseer Skyrunner - The winds will howl with the Craftworld's vengeance (Vivienne).ogg	ASH_Farseer_Skyrunner	Farseer Skyrunner	SaimHann	line	The winds will howl with the craft world's vengeance.	The winds will howl with the craft world's vengeance.	The winds will howl with the Craftworld's vengeance					exact	stage-direction	
VO_CW_SaimHann_Fire Dragon - Burn in Khaines fury.ogg	ASH34	Fire Dragon	SaimHann	line	You're in Cain's fury.	Burn in Cain's fury!	Burn in Khaines fury	0.500		0.353		content-word		1
VO_CW_SaimHann_Fire Prism - We are the spear of Khaine.ogg	ASH36	Fire prism	SaimHann	line	We are the Spear of Cain!	We are the Spear of Cain!	We are the spear of Khaine	0.167		0.143		exact		
VO_CW_SaimHann_Guardian Defender - So comes the hour of bloodshed.ogg	ASH7	Guardian Defender	SaimHann	line	So comes the hour of bloodshed.	So comes the hour of bloodshed.	So comes the hour of bloodshed	0.000		0.000		exact		
VO_CW_SaimHann_Hemlock Wraithfighter - When my vengeance comes it will be swift.ogg	ASH40	Hemlock Wraithfighter	SaimHann	line	When my vengeance comes, it will be swift.	When my vengeance comes, it will be swift.	When my vengeance comes it will be swift	0.000		0.000		exact		
VO_CW_SaimHann_Hornet - We strike with lethal precision.ogg	ASH78	Hornet	SaimHann	line	We strike with lethal precision.	We strike with lethal precision.	We strike with lethal precision	0.000		0.000		exact		
VO_CW_SaimHann_Howling Banshee - Shriek.ogg	ASH20	Howling Banshee	SaimHann	line	AHHHHH!	*Screams*	Shriek					content-word	stage-direction	
VO_CW_SaimHann_Howling Banshee Exarch - The wail of Khaine will be your doom!.ogg	ASH79	Howling Banshee Exarch	SaimHann	line	The whale of Cain will be your doom!	The whale of Cain will be your doom!	The wail of Khaine will be your doom!					exact	stage-direction	
VO_CW_SaimHann_Jain Zar_attack.ogg	ASH74	Jain Zar	SaimHann	attack	F**k!	*Gunshot*						content-word		1
VO_CW_SaimHann_Jain Zar_cantDo.ogg	ASH74	Jain Zar	SaimHann	cantdo	I cannot do that!	I cannot do that!						exact		
VO_CW_SaimHann_Jain Zar_concede.ogg	ASH74	Jain Zar	SaimHann	concede	The wind zone will gather again.	The winds are unfavorable, but the storm will gather again.						content-word		1
VO_CW_SaimHann_Jain Zar_death.ogg	ASH74	Jain Zar	SaimHann	death	AHHHHH!	*Screams*						content-word		1
VO_CW_SaimHann_Jain Zar_gen1.ogg	ASH74	Jain Zar	SaimHann	gen1	LOO Well, anyway, she does not work on the Loo Puff.  .  .  .  .  .  .  .  .  .  .  .  .  .  .  .  .  .  .  .  .  .  .  .	*crickets*						content-word		1
VO_CW_SaimHann_Jain Zar_gen2.ogg	ASH74	Jain Zar	SaimHann	gen2	I have faced death many times, and still I stand to deliver it!	I have faced death many times, and still I stand to deliver it!						exact		
VO_CW_SaimHann_Jain Zar_gen3.ogg	ASH74	Jain Zar	SaimHann	gen3	I deliver no mercy other than the peace of death!	I deliver no mercy other than the peace of death.						case-punct-only		
VO_CW_SaimHann_Jain Zar_gen4.ogg	ASH74	Jain Zar	SaimHann	gen4	I will defend what is ours!	I will defend what is ours!						exact		
VO_CW_SaimHann_Jain Zar_gen5.ogg	ASH74	Jain Zar	SaimHann	gen5	Your fate was sealed the moment you crossed my path.	Your fate was sealed the moment you crossed my path.						exact		
VO_CW_SaimHann_Jain Zar_gen6.ogg	ASH74	Jain Zar	SaimHann	gen6	I've never seen its Lord! I pass wherever my path takes me!	I am a Phoenix Lord! I pass wherever my path takes me!						content-word		1
VO_CW_SaimHann_Jain Zar_gen7.ogg	ASH74	Jain Zar	SaimHann	gen7	You will soon be nothing but a stain on my blades.	It will soon be nothing but a stain on my blades.						content-word		1
VO_CW_SaimHann_Jain Zar_greet.ogg	ASH74	Jain Zar	SaimHann	greet	My blades are ready for you!	My blades are ready for you!						exact		
VO_CW_SaimHann_Jain Zar_hurry.ogg	ASH74	Jain Zar	SaimHann	hurry	It action leads to ruin.	Inaction leads to ruin.						content-word		1
VO_CW_SaimHann_Jain Zar_intro.ogg	ASH74	Jain Zar	SaimHann	intro	You face the storm of silence!	He'll face the storm of silence!						content-word		1
VO_CW_SaimHann_Jain Zar_mirror.ogg	ASH74	Jain Zar	SaimHann	mirror	I won't cry!	Hear my war cry and know that it means death!						content-word		1
VO_CW_SaimHann_Jain Zar_threat.ogg	ASH74	Jain Zar	SaimHann	threat	Only death and leave only corpses.	I bring only death and leave only corpses.						content-word		1
VO_CW_SaimHann_Jain Zar_vsDrukhari.ogg	ASH74	Jain Zar	SaimHann	vsdrukhari	You are that a wretched blade from the city of Shadow!	You are but a wretched blade from the City of Shadow.						content-word		1
VO_CW_SaimHann_Jain Zar_vsHaarken.ogg	ASH74	Jain Zar	SaimHann	vshaarken	Might. You are but a whisper, soon to be silenced.	Mind, you are but a whisper, soon to be silenced.						content-word		1
VO_CW_SaimHann_Jain Zar_vsImotekh.ogg	ASH74	Jain Zar	SaimHann	vsimotekh	Let me show you the true essence of the storm!	Let me show you the true essence of the storm!						exact		
VO_CW_SaimHann_Jain Zar_vsKarandras.ogg	ASH74	Jain Zar	SaimHann	vskarandras	I'll pass cross again, Shadow Hunter.	I'll pass cross again, Shadow Hunter.						exact		
VO_CW_SaimHann_Jain Zar_vsTyranids.ogg	ASH74	Jain Zar	SaimHann	vstyranids	These creatures pose a threat to all life in the galaxy.	These creatures pose a threat to all life in the galaxy!						case-punct-only		
VO_CW_SaimHann_Jain Zar_vsUrsula.ogg	ASH74	Jain Zar	SaimHann	vsursula	These were never your worlds.	These were never your worlds.						exact		
VO_CW_SaimHann_Jain Zar_wp.ogg	ASH74	Jain Zar	SaimHann	wp	Worthy foe.	It is rare that I meet a worthy foe!						content-word		1
VO_CW_SaimHann_Lhykhis_attack.ogg	ASH_Lhykhis	Lhykhis	SaimHann	attack	Ah!	*Gasp*						content-word		1
VO_CW_SaimHann_Lhykhis_cantDo.ogg	ASH_Lhykhis	Lhykhis	SaimHann	cantdo	This is not my path.	This is not my path.						exact		
VO_CW_SaimHann_Lhykhis_concede.ogg	ASH_Lhykhis	Lhykhis	SaimHann	concede	I return to the web way. Fate shall spin a new strand.	I return to the webway. Fate shall spin a new strand.						content-word		1
VO_CW_SaimHann_Lhykhis_death.ogg	ASH_Lhykhis	Lhykhis	SaimHann	death	Ugh!	*Gasp*						content-word		1
VO_CW_SaimHann_Lhykhis_gen1.ogg	ASH_Lhykhis	Lhykhis	SaimHann	gen1	Do not think your ambitions are unnoticed.	Do not think your ambitions are unnoticed.						exact		
VO_CW_SaimHann_Lhykhis_gen2.ogg	ASH_Lhykhis	Lhykhis	SaimHann	gen2	A mere whisper can twist the strands of fate.	A mere whisper can twist the strands of fate.						exact		
VO_CW_SaimHann_Lhykhis_gen3.ogg	ASH_Lhykhis	Lhykhis	SaimHann	gen3	Vatikon demands your silence.	Vatican demands your silence!						content-word		1
VO_CW_SaimHann_Lhykhis_gen4.ogg	ASH_Lhykhis	Lhykhis	SaimHann	gen4	When you turn to see me, I will already be gone.	When you turn to see me, I will already be gone.						exact		
VO_CW_SaimHann_Lhykhis_gen5.ogg	ASH_Lhykhis	Lhykhis	SaimHann	gen5	I am the blade that severs the skeins.	I am the blade that severs the skeins.						exact		
VO_CW_SaimHann_Lhykhis_gen6.ogg	ASH_Lhykhis	Lhykhis	SaimHann	gen6	No good leader would send lives to end in vain.	No good leader would send lives to end in vain.						exact		
VO_CW_SaimHann_Lhykhis_gen7.ogg	ASH_Lhykhis	Lhykhis	SaimHann	gen7	Hubris only speeds the downfall of the arrogant.	Hubris only speeds the downfall of the arrogant.						exact		
VO_CW_SaimHann_Lhykhis_greet.ogg	ASH_Lhykhis	Lhykhis	SaimHann	greet	For the good of the Assyriani, I will end this swiftly.	For the good of the Asuriani, I will end this swiftly.						content-word		1
VO_CW_SaimHann_Lhykhis_hurry.ogg	ASH_Lhykhis	Lhykhis	SaimHann	hurry	This game's Titan, it is now or never.	This game's Titan. It is now or never.						case-punct-only		
VO_CW_SaimHann_Lhykhis_intro.ogg	ASH_Lhykhis	Lhykhis	SaimHann	intro	The webway stirs. The whisper must be heard again.	The webway stirs. The whisper must be heard again.						exact		
VO_CW_SaimHann_Lhykhis_mirror.ogg	ASH_Lhykhis	Lhykhis	SaimHann	mirror	For too long have I been silenced.	For too long have I been silenced.						exact		
VO_CW_SaimHann_Lhykhis_threat.ogg	ASH_Lhykhis	Lhykhis	SaimHann	threat	The blink of an eye is enough to weave your end.	The blink of an eye is enough to weave your end.						exact		
VO_CW_SaimHann_Lhykhis_vsEC.ogg	ASH_Lhykhis	Lhykhis	SaimHann	vsec	The errors of the past must be cleansed.	The errors of the past must be cleansed.						exact		
VO_CW_SaimHann_Lhykhis_vsJainZar.ogg	ASH_Lhykhis	Lhykhis	SaimHann	vsjainzar	Have they not need of you elsewhere?	Have they not need of you elsewhere?						exact		
VO_CW_SaimHann_Lhykhis_vsNecrons.ogg	ASH_Lhykhis	Lhykhis	SaimHann	vsnecrons	Your time has passed. Your silence must begin.	Your time has passed. Your silence must begin.						exact		
VO_CW_SaimHann_Lhykhis_vsTyranids.ogg	ASH_Lhykhis	Lhykhis	SaimHann	vstyranids	Every step, a new horror to vanquish.	Every step, a new horror to vanquish.						exact		
VO_CW_SaimHann_Lhykhis_wp.ogg	ASH_Lhykhis	Lhykhis	SaimHann	wp	A brave effort, but I have faced worse in the web way.	A brave effort, but I have faced worse in the webway.						content-word		1
VO_CW_SaimHann_Night Spinner - A silent death descends upon our foes.ogg	ASH81	Night Spinner	SaimHann	line	A silent death descends upon our foes.	A silent death descends upon our foes.	A silent death descends upon our foes	0.000		0.000		exact		
VO_CW_SaimHann_Nuadhu Fireheart - I am the bloodied blade of Khaine.ogg	ASH21	Nuadhu Fireheart	SaimHann	line	I am the bloodied blade of Cain.	I am the bloodied blade of Cain.	I am the bloodied blade of Khaine	0.143		0.111		exact		
VO_CW_SaimHann_Orian Laratharjos - Your end is woven in monofilament (Joey).ogg	ASH_Orian_Laratharjos	Orian Laratharjos	SaimHann	line	Your end is woven in monofilament.	Your end is woven in monofilament.	Your end is woven in monofilament	0.000		0.000		exact		
VO_CW_SaimHann_Ranger - Hold still.ogg	ASH9	Ranger	SaimHann	line	Hold still.	Hold still.	Hold still	0.000		0.000		exact		
VO_CW_SaimHann_Shining Spear - Strike like the spear of Khaine!.ogg	ASH76	Shining Spear	SaimHann	line	Strike like the Spear of Cain!	Strike like the spear of Cain!	Strike like the spear of Khaine!	0.167		0.115		case-punct-only		
VO_CW_SaimHann_Shining Spear Exarch - One perfect strike.ogg	ASH77	Shining Spear Exarch	SaimHann	line	One perfect strike.	One perfect strike.	One perfect strike	0.000		0.000		exact		
VO_CW_SaimHann_Shroud Runner - Surround them Strangle them like the Serpent.ogg	ASH14	Shroud Runner	SaimHann	line	Surround them. Strangle them like the serpent.	Surround them! Strangle them like the serpent!	Surround them Strangle them like the Serpent	0.000		0.000		case-punct-only		
VO_CW_SaimHann_Spinneret Warp Spider Exarch - None escapes the spider's bite (Vivienne).ogg	ASH_Warp_Spider_Exarch	Warp Spider Exarch	SaimHann	line	None escapes a spider's bite.	None escapes a spider's bite.	None escapes the spider's bite	0.200		0.120		exact		
VO_CW_SaimHann_Spiritseer - Spirits heed my words and rise.ogg	ASH26	Spiritseer	SaimHann	line	Spirits heed my words and rise.	Spirits heed my words and rise.	Spirits heed my words and rise	0.000		0.000		exact		
VO_CW_SaimHann_Spiritseer Qelenaris - Rise warden the Craftworld needs you once more.ogg	ASH35	Spiritseer Qelenaris	SaimHann	line	Rise Warden. The craft world needs you once more.	Rise, Warden. The craft world needs you once more.	Rise warden the Craftworld needs you once more	0.250		0.000		case-punct-only		
VO_CW_SaimHann_Storm Guardian - The Craftworld will never surrender.ogg	ASH8	Storm Guardian	SaimHann	line	The craft world will never surrender.	The craft world will never surrender.	The Craftworld will never surrender	0.400		0.000		exact		
VO_CW_SaimHann_Striking Scorpion - The shadows are always vigilant.ogg	ASH15	Striking Scorpion	SaimHann	line	The shadows are always vigilant.	The shadows are always vigilant.	The shadows are always vigilant	0.000		0.000		exact		
VO_CW_SaimHann_Striking Scorpion Exarch - You tread an accursed path.ogg	ASH27	Striking Scorpion Exarch	SaimHann	line	You tread in a cursed path.	You tread in a cursed path.	You tread an accursed path	0.600		0.091		exact		
VO_CW_SaimHann_Swooping Hawk - When the wind cries retribution has arrived.ogg	ASH16	Swooping Hawk	SaimHann	line	When the wind cries, retribution has arrived.	When the wind cries, retribution has arrived.	When the wind cries retribution has arrived					exact	stage-direction	
VO_CW_SaimHann_Swooping Hawk Exarch - From the skies, death rains upon you!.ogg	ASH80	Swooping Hawk Exarch	SaimHann	line	From the skies, death reigns upon you!	From the skies, death rains upon you!	From the skies, death rains upon you!	0.143		0.069		content-word		1
VO_CW_SaimHann_Vengeful Wraithblade - I am Khaines wrath.ogg	ASH28	Vengeful Wraithblade	SaimHann	line	I am King Jiroth!	I am King Roth.	I am Khaines wrath	0.500		0.400		content-word		1
VO_CW_SaimHann_Veteran Guardian - We will protect the Craftworld.ogg	ASH10	Veteran Guardian	SaimHann	line	We will protect the craft world.	We will protect the craft world.	We will protect the Craftworld	0.400		0.000		exact		
VO_CW_SaimHann_Vyper - I am always swift.ogg	ASH22	Vyper	SaimHann	line	I am always swift.	I am always Swift.	I am always swift	0.000		0.000		case-punct-only		
VO_CW_SaimHann_War Walker - May the Sting of Grief commence.ogg	ASH29	War Walker	SaimHann	line	May the sting of grief commence.	May the sting of grief commence.	May the Sting of Grief commence	0.000		0.000		exact		
VO_CW_SaimHann_Warlock - Light dims yet our hope is ever kindled.ogg	ASH11	Warlock	SaimHann	line	Light dims, yet our hope is ever kindled.	Light dims, yet our hope is ever kindled.	Light dims yet our hope is ever kindled	0.000		0.000		exact		
VO_CW_SaimHann_Warlock Skyrunner - Follow the wind bring forth Khaines fire.ogg	ASH30	Warlock Skyrunner	SaimHann	line	Follow the wind! Bring forth King's Fire!	Follow the wind! Bring forth King's fire!	Follow the wind bring forth Khaines fire					case-punct-only	stage-direction	
VO_CW_SaimHann_Warp Spider - Strike and fade.ogg	ASH17	Warp Spider	SaimHann	line	Strike and Fade.	Strike and fade.	Strike and fade	0.000		0.000		case-punct-only		
VO_CW_SaimHann_Wave Serpent - Forward Crush the interlopers.ogg	ASH37	Wave Serpent	SaimHann	line	Forward! Crush the interlopers!	Forward! Crush the interlopers!	Forward Crush the interlopers	0.000		0.000		exact		
VO_CW_SaimHann_Weapons Platform - low humming.ogg	ASH12	Weapons Platform	SaimHann	line		*throwing*	low humming					b-only	stage-direction	
VO_CW_SaimHann_Windrider - I bring swift demise.ogg	ASH13	Windrider	SaimHann	line	I bring the swift demise.	I bring swift demise.	I bring swift demise	0.250		0.176		content-word		1
VO_CW_SaimHann_Winged Autarch - Death rains from the skies.ogg	ASH39	Winged Autarch	SaimHann	line	Death reigns from the skies.	Death rains from the skies.	Death rains from the skies	0.200		0.091		content-word		1
VO_CW_SaimHann_Witchblade Warlock - The skeins of fate tell of nothing but death.ogg	ASH23	Witchblade Warlock	SaimHann	line	The Scanes of Fate tell of nothing but death.	The skeins of fate tell of nothing but death.	The skeins of fate tell of nothing but death	0.111		0.111		content-word		1
VO_CW_SaimHann_Wraithblade - I have returned so the Craftworld may never fall.ogg	ASH18	Wraithblade	SaimHann	line	I have returned, so the craft world may never fall.	I have returned, so the craft world may never fall.	I have returned so the Craftworld may never fall	0.222		0.000		exact		
VO_CW_SaimHann_Wraithguard - No more pain no more death.ogg	ASH25	Wraithguard	SaimHann	line	No more pain. No more death.	No more pain. No more death.	No more pain no more death	0.000		0.000		exact		
VO_CW_SaimHann_Wraithknight - Enough blood has flowed The fight must end.ogg	ASH44	Wraithknight	SaimHann	line	Enough blood has flowed, the fight must end.	Enough bladders flowed. The fight must end.	Enough blood has flowed The fight must end	0.000		0.000		content-word		1
VO_CW_SaimHann_Wraithlord - The spirits guide me.ogg	ASH41	Wraithlord	SaimHann	line	The Spirits Guide me.	The spirits guide me.	The spirits guide me	0.000		0.000		case-punct-only		
VO_CW_SaimHann_Yrlla the Huntress - When battle calls, we must all don the mask.ogg	ASH82	Yrlla the Huntress	SaimHann	line	When battle calls, we must all don the mask.	When battle calls, we must all don the mask.	When battle calls, we must all don the mask	0.000		0.000		exact		
VO_DA_Aggressor - There shall be no sanctuary.ogg	DA12	Aggressor	DarkAngels	line	This shall be no sanctuary.	There shall be no sanctuary!	There shall be no sanctuary	0.200		0.130		content-word		1
VO_DA_Apothecary - The Lion's sons endure I will see to it.ogg	DA8	Apothecary	DarkAngels	line	The lion's sons endure. I will see to it.	The lion's sons endure. I will see to it.	The Lion's sons endure I will see to it	0.000		0.000		exact		
VO_DA_Asmodai_attack.ogg	DA1	Asmodai	DarkAngels	attack	AAH!	All right.						content-word		1
VO_DA_Asmodai_cantDo.ogg	DA1	Asmodai	DarkAngels	cantdo	This compromises the sanctity of the hunt.	This compromises the sanctity of the hunt.						exact		
VO_DA_Asmodai_concede.ogg	DA1	Asmodai	DarkAngels	concede	Fall back! This information must reach Lord Azrael!	Fall back! This information must reach Lord Azrael!						exact		
VO_DA_Asmodai_death.ogg	DA1	Asmodai	DarkAngels	death	AHHHHH!	AHHHHHHHHHHHHHHHHHHHHH!						content-word		1
VO_DA_Asmodai_gen1.ogg	DA1	Asmodai	DarkAngels	gen1	Repent, and I will make your death swift.	Repent, and I will make your death swift!						case-punct-only		
VO_DA_Asmodai_gen2.ogg	DA1	Asmodai	DarkAngels	gen2	I have judged and found you wanting.	I have judged and found you wanting!						case-punct-only		
VO_DA_Asmodai_gen3.ogg	DA1	Asmodai	DarkAngels	gen3	With fury, brothers! Ours is the righteous outrage!	With fury, brothers, ours is the righteous outrage.						case-punct-only		
VO_DA_Asmodai_gen4.ogg	DA1	Asmodai	DarkAngels	gen4	Repent! For your life is at its end!	REPENT, FOR YOUR LIFE IS AT ITS END!						case-punct-only		
VO_DA_Asmodai_gen5.ogg	DA1	Asmodai	DarkAngels	gen5	The chapter is the only thing that matters.	The chapter is the only thing that matters.						exact		
VO_DA_Asmodai_gen6.ogg	DA1	Asmodai	DarkAngels	gen6	Let me excise that which weighs down your soul.	Let me excise that which weighs down your soul.						exact		
VO_DA_Asmodai_gen7.ogg	DA1	Asmodai	DarkAngels	gen7	There is no salvation without suffering.	There is no salvation without suffering.						exact		
VO_DA_Asmodai_greet.ogg	DA1	Asmodai	DarkAngels	greet	Paths now cross.	Our paths now cross.						content-word		1
VO_DA_Asmodai_hurry.ogg	DA1	Asmodai	DarkAngels	hurry	Time is of the essence.	Time is of the essence.						exact		
VO_DA_Asmodai_intro.ogg	DA1	Asmodai	DarkAngels	intro	Nothing can compare to the judgment of the Emperor.	Nothing can compare to the judgment of the Emperor.						exact		
VO_DA_Asmodai_mirror.ogg	DA1	Asmodai	DarkAngels	mirror	There is little to discuss, so long as the fallen remain at large.	There is little to discuss, so long as the fallen remain at large.						exact		
VO_DA_Asmodai_threat.ogg	DA1	Asmodai	DarkAngels	threat	The past will be cleansed with the blood of traitors.	The past will be cleansed with the blood of traitors.						exact		
VO_DA_Asmodai_vsAzrael.ogg	DA1	Asmodai	DarkAngels	vsazrael	You are not asking the right questions.	You are not asking the right questions.						exact		
VO_DA_Asmodai_vsBelial.ogg	DA1	Asmodai	DarkAngels	vsbelial	There is no greater priority than the hunt, Master of the Deathwing.	There is no greater priority than the hunt, master of the Deathwing!						case-punct-only		
VO_DA_Asmodai_vsOrksTyranids.ogg	DA1	Asmodai	DarkAngels	vsorkstyranids	Purge this filth swiftly. Our hunt calls us elsewhere.	Purge this filth swiftly! A hunt calls us elsewhere!						content-word		1
VO_DA_Asmodai_vsTBC1.ogg	DA1	Asmodai	DarkAngels	vstbc1	We are bringers of death! We are DarkAngels!	We are bringers of death! We are dark angels!						content-word		1
VO_DA_Asmodai_vsTBC2.ogg	DA1	Asmodai	DarkAngels	vstbc2	Empty words muttered by an empty soul.	Empty words muttered by an empty soul.						exact		
VO_DA_Asmodai_wp.ogg	DA1	Asmodai	DarkAngels	wp	Your defiance is noted.	Your defiance is noted.						exact		
VO_DA_Assault Terminator - I will not suffer your existence one moment longer.wav	DA81	Assault Terminator	DarkAngels	line	I will not suffer your existence one moment longer.	I will not suffer your existence one moment longer!	I will not suffer your existence one moment longer	0.000		0.000		case-punct-only		
VO_DA_Azrael_attack.ogg	DA3	Azrael	DarkAngels	attack	FAAAGH!	FWAAA!						content-word		1
VO_DA_Azrael_cantDo.ogg	DA3	Azrael	DarkAngels	cantdo	This is not allowed.	This is not allowed.						exact		
VO_DA_Azrael_concede.ogg	DA3	Azrael	DarkAngels	concede	Target priority assessment, others await our retribution.	Target priority assessment. Others await our retribution.						case-punct-only		
VO_DA_Azrael_death.ogg	DA3	Azrael	DarkAngels	death	Aargh!	Oh.						content-word		1
VO_DA_Azrael_gen1.ogg	DA3	Azrael	DarkAngels	gen1	Fight, sons of the lion! Fight!	Fight, Sons of the Lion! Fight!						case-punct-only		
VO_DA_Azrael_gen2.ogg	DA3	Azrael	DarkAngels	gen2	Speak your last words before the blade falls.	Speak your last words before the blade falls.						exact		
VO_DA_Azrael_gen3.ogg	DA3	Azrael	DarkAngels	gen3	Loyalty is its own reward.	Loyalty is its own reward.						exact		
VO_DA_Azrael_gen4.ogg	DA3	Azrael	DarkAngels	gen4	Stay sharp, I will tolerate no laxity.	Stay sharp. I will tolerate no laxity.						case-punct-only		
VO_DA_Azrael_gen5.ogg	DA3	Azrael	DarkAngels	gen5	To the abyss with your lies.	To the abyss with your lies.						exact		
VO_DA_Azrael_gen6.ogg	DA3	Azrael	DarkAngels	gen6	None shall stay out judgment.	None shall stay out judgment.						exact		
VO_DA_Azrael_gen7.ogg	DA3	Azrael	DarkAngels	gen7	We have come, we are dead.	We have come. We are death.						content-word		1
VO_DA_Azrael_greet.ogg	DA3	Azrael	DarkAngels	greet	Draw your blade, you might yet find absolution in battle.	Draw your blade. You might yet find absolution in battle.						case-punct-only		
VO_DA_Azrael_hurry.ogg	DA3	Azrael	DarkAngels	hurry	Ours is the moment. Do not let up.	Ours is the moment. Do not let up.						exact		
VO_DA_Azrael_intro.ogg	DA3	Azrael	DarkAngels	intro	At once, DarkAngels, ridden your blades.	At once, Dark Angels. Redden your blades.						content-word		1
VO_DA_Azrael_mirror.ogg	DA3	Azrael	DarkAngels	mirror	Eye and weapon to the enemy.	Eye and weapon to the enemy.						exact		
VO_DA_Azrael_threat.ogg	DA3	Azrael	DarkAngels	threat	I do not take your life lightly, but in service to my duty.	I do not take your life lightly, but in service to my duty.						exact		
VO_DA_Azrael_vsAbaddon.ogg	DA3	Azrael	DarkAngels	vsabaddon	You will meet your abhorrent father's fate.	You will meet your abhorrent father's fate.						exact		
VO_DA_Azrael_vsBelial.ogg	DA3	Azrael	DarkAngels	vsbelial	This is your last chance to stop this foolery brother.	This is your last chance to stop this foolery, brother.						case-punct-only		
VO_DA_Azrael_wp.ogg	DA3	Azrael	DarkAngels	wp	Your temerity only makes you caught with disaster.	Your temerity only makes you caught with disaster.						exact		
VO_DA_Ballistus Dreadnought - Death is not enough to stay our wrath.wav	DA_Ravenwing_Ballistus_Dreadnought	Ravenwing Ballistus Dreadnought	DarkAngels	line	Death is not enough to stay all rough.	Death is not enough to stay our wrath.	Death is not enough to stay our wrath	0.250		0.233		content-word		1
VO_DA_Belial_attack.ogg	DA5	Belial	DarkAngels	attack	Uh!	Ugh!						content-word		1
VO_DA_Belial_cantDo.ogg	DA5	Belial	DarkAngels	cantdo	I cannot do that.	I cannot do that!						case-punct-only		
VO_DA_Belial_concede.ogg	DA5	Belial	DarkAngels	concede	So be it.	So be it.						exact		
VO_DA_Belial_death.ogg	DA5	Belial	DarkAngels	death	Agh!	*Grunting*						content-word		1
VO_DA_Belial_gen1.ogg	DA5	Belial	DarkAngels	gen1	Hold the line! Let fury be the steel in your spine!	Hold the line! Let fury be the steel in your spine!						exact		
VO_DA_Belial_gen2.ogg	DA5	Belial	DarkAngels	gen2	The Lion guards us.	The lion guards us.						case-punct-only		
VO_DA_Belial_gen3.ogg	DA5	Belial	DarkAngels	gen3	Where we stand, none shall pass.	Where we stand, none shall pass.						exact		
VO_DA_Belial_gen4.ogg	DA5	Belial	DarkAngels	gen4	Fervor must be tempered with wisdom.	Fervor must be tempered with wisdom.						exact		
VO_DA_Belial_gen5.ogg	DA5	Belial	DarkAngels	gen5	You falter beneath the strain of battle.	You falter beneath the strain of battle.						exact		
VO_DA_Belial_gen6.ogg	DA5	Belial	DarkAngels	gen6	With me, brothers, for the lion!	With me, brothers. For the lion!						case-punct-only		
VO_DA_Belial_gen7.ogg	DA5	Belial	DarkAngels	gen7	It is too dangerous to let you live.	It is too dangerous to let you live.						exact		
VO_DA_Belial_greet.ogg	DA5	Belial	DarkAngels	greet	Finally, a foe that might test me.	Finally, a foe that might test me.						exact		
VO_DA_Belial_hurry.ogg	DA5	Belial	DarkAngels	hurry	No time to waste.	No time to waste.						exact		
VO_DA_Belial_intro.ogg	DA5	Belial	DarkAngels	intro	For the Lion! For the Emperor!	For the lion! For the emperor!						case-punct-only		
VO_DA_Belial_mirror.ogg	DA5	Belial	DarkAngels	mirror	Onward to the objective. Kill everything we encounter.	Onward to the objective. Kill everything we encounter.						exact		
VO_DA_Belial_threat.ogg	DA5	Belial	DarkAngels	threat	Come, meet your end by the bite of my steel.	Come, meteorite by the bite of my steel.						content-word		1
VO_DA_Belial_vsAsmodai.ogg	DA5	Belial	DarkAngels	vsasmodai	You will not leave this planet until the fight is done as Medai.	You will not leave this planet until the fight is done, Asmodai.						content-word		1
VO_DA_Belial_vsAzrael.ogg	DA5	Belial	DarkAngels	vsazrael	Not until I know the whole truth.	Not until I know the whole truth.						exact		
VO_DA_Belial_wp.ogg	DA5	Belial	DarkAngels	wp	It is not often I misjudge a foe's prowess.	It is not often I misjudge a foe's prowess.						exact		
VO_DA_Black Knight - We ride for the Lion!.ogg	DA13	Black Knight	DarkAngels	line	We ride for the lion!	We ride for the lion!	We ride for the Lion!	0.000		0.000		exact		
VO_DA_Bladeguard Veteran - Through sacrifice we find redemption.ogg	DA26	Bladeguard Veteran	DarkAngels	line	Through Sacrifice we find redemption.	Through sacrifice we find redemption.	Through sacrifice we find redemption	0.000		0.000		case-punct-only		
VO_DA_Captain - To me Dark Angels! Victory is at hand!.ogg	DA19	Captain	DarkAngels	line	To me, DarkAngels, victory is at hand!	To me, Dark Angels! Victory is at hand!	To me Dark Angels! Victory is at hand!	0.250		0.000		content-word		1
VO_DA_Chaplain - The Lion watches us all Fight with honor!.ogg	DA14	Chaplain	DarkAngels	line	Chaplain watches us all, FIGHT WITH HONOR!	The lion watches us all. Fight with honour!	The Lion watches us all Fight with honor!	0.250		0.152		content-word		1
VO_DA_Chaplain Gabutheron - No price is too high to clean the sins of old.wav	DA82	Chaplain Gabutheron	DarkAngels	line	No price is too high to clean the sins of old.	No prices too high to clean the sins of old.	No price is too high to clean the sins of old	0.000		0.000		content-word		1
VO_DA_Company Champion - We shall fulfill our duty no matter the cost.ogg	DA27	Company Champion	DarkAngels	line	We shall fulfill our duty, no matter the cost.	We shall fulfill our duty, no matter the cost.	We shall fulfill our duty no matter the cost	0.000		0.000		exact		
VO_DA_Company Master - The fate of the chapter lies in our every action Do not falter!.ogg	DA31	Company Master	DarkAngels	line	The fate of the chapter lies in our every action.  Do not falter!	The fate of the chapter lies in our every action! Do not falter!	The fate of the chapter lies in our every action Do not falter!	0.000		0.000		case-punct-only		
VO_DA_Company Veteran - Our loyalty is unwavering.ogg	DA15	Company Veteran	DarkAngels	line	Loyalty is unwavering!	Our loyalty is unwavering!	Our loyalty is unwavering	0.250		0.136		content-word		1
VO_DA_Dark Talon - None shall escape the Chapter's talons.ogg	DA39	Dark Talon	DarkAngels	line	None shall escape the chapter's talons.	None shall escape the chapter's talons.	None shall escape the Chapter's talons					exact	stage-direction	
VO_DA_Darkshroud - Caliban’s legacy shall not fade.ogg	DA32	Darkshroud	DarkAngels	line	Caliban's legacy shall not fade.	Caliban's legacy shall not fade.	Caliban’s legacy shall not fade	0.333		0.000		exact		
VO_DA_Deathwing Champion - Duty alone will wash away our shame.ogg	DA36	Deathwing Champion	DarkAngels	line	Duty alone will wash away our shame.	Duty alone will wash away our shame.	Duty alone will wash away our shame	0.000		0.000		exact		
VO_DA_Deathwing Knight - The hunt never ends Duty compels us forward.ogg	DA28	Deathwing Knight	DarkAngels	line	The hunt never ends, duty compels us forward.	The hunt never ends. Duty compels us forward.	The hunt never ends Duty compels us forward	0.000		0.000		case-punct-only		
VO_DA_Deathwing Knight Master - We must be eternally vigilant for our own flaws.ogg	DA42	Deathwing Knight Master	DarkAngels	line	We must be eternally vigilant for our own flaws.	We must be eternally vigilant for our own flaws.	We must be eternally vigilant for our own flaws	0.000		0.000		exact		
VO_DA_Deathwing Strikemaster - No mercy! Engage and eliminate!.ogg	DA33	Deathwing Strikemaster	DarkAngels	line	No mercy! Engage and eliminate!	No mercy! Engage and eliminate!	No mercy! Engage and eliminate!	0.000		0.000		exact		
VO_DA_Deathwing Terminator - Come forth and be slaughtered.ogg	DA20	Deathwing Terminator	DarkAngels	line	Come forth and be slaughtered.	Come forth and be slaughtered.	Come forth and be slaughtered	0.000		0.000		exact		
VO_DA_Ezekiel - I alone judge the weak from the strong the truth from falsehood.ogg	DA34	Ezekiel	DarkAngels	line	I alone judge the weak from the strong, the truth from falsehood.	I alone judge the weak from the strong, the truth from falsehood.	I alone judge the weak from the strong the truth from falsehood	0.000		0.000		exact		
VO_DA_Inner Circle Companion - Heavy blade swing.ogg	DA21	Inner Circle Companion	DarkAngels	line		*thud*	Heavy blade swing					b-only	stage-direction	
VO_DA_Intercessor - For the Lion and the Emperor!.ogg	DA7	Intercessor	DarkAngels	line	For the Lion and the Emperor!	For the lion and the emperor!	For the Lion and the Emperor!	0.000		0.000		case-punct-only		
VO_DA_Interrogator Chaplain - Your life is forfeit but your soul could still find deliverance.ogg	DA22	Interrogator Chaplain	DarkAngels	line	Your life is full of it, but your soul could still find deliverance.	Your life is forfeit, but your soul could still find deliverance.	Your life is forfeit but your soul could still find deliverance	0.273		0.094		content-word		1
VO_DA_Land Speeder Vengeance - No one can outrun our retribution.ogg	DA23	Land Speeder Vengeance	DarkAngels	line	No one can outrun our retribution.	No one can outrun our retribution.	No one can outrun our retribution	0.000		0.000		exact		
VO_DA_Librarian - Caliban's rage echoes through me.ogg	DA16	Librarian	DarkAngels	line	Calipan's rage echoes through me.	Caliban's rage echoes through me.	Caliban's rage echoes through me	0.200		0.037		content-word		1
VO_DA_Master Lazarus - I will stand sentinel for the Chapter's honor.ogg	DA24	Master Lazarus	DarkAngels	line	I will stand sentinel for the chapter's honor.	I will stand sentinel for the chapter's honor.	I will stand sentinel for the Chapter's honor	0.000		0.000		exact		
VO_DA_Master Zacharial_Backup1.wav	DA75	Master Zacharial	DarkAngels	backup1	No running will save you now.	No running will save you now.						exact		
VO_DA_Master Zacharial_Backup2.wav	DA75	Master Zacharial	DarkAngels	backup2	We have our orders. Move!	We have our orders. Move!						exact		
VO_DA_Master Zacharial_Backup3.wav	DA75	Master Zacharial	DarkAngels	backup3	Let's see what you can do.	Let's see what you can do.						exact		
VO_DA_Master Zacharial_attack.wav	DA75	Master Zacharial	DarkAngels	attack	HAH!	HAAA!						content-word		1
VO_DA_Master Zacharial_cantDo.wav	DA75	Master Zacharial	DarkAngels	cantdo	I will not take a forbidden path.	I will not take a forbidden path.						exact		
VO_DA_Master Zacharial_concede.wav	DA75	Master Zacharial	DarkAngels	concede	We have lingered here too long.  Move out!	We have lingered here too long. Move out!						case-punct-only		
VO_DA_Master Zacharial_death.wav	DA75	Master Zacharial	DarkAngels	death	Aaaaaaargh!	Oh!						content-word		1
VO_DA_Master Zacharial_gen1.wav	DA75	Master Zacharial	DarkAngels	gen1	Every fallen foe honors the Emperor and the Primarch.	Every fallen foe honors the Emperor and the Primarch.						exact		
VO_DA_Master Zacharial_gen2.wav	DA75	Master Zacharial	DarkAngels	gen2	Onward! Head not your ails until the foe is beaten!	Onward! Heed not your ales until the foe is beaten!						content-word		1
VO_DA_Master Zacharial_gen3.wav	DA75	Master Zacharial	DarkAngels	gen3	The shadow will be banished by fire and steel.	The shadow will be banished by fire and steel.						exact		
VO_DA_Master Zacharial_gen4.wav	DA75	Master Zacharial	DarkAngels	gen4	For the vengeful brethren, there is only duty.	For the vengeful brethren, there is only duty.						exact		
VO_DA_Master Zacharial_gen5.wav	DA75	Master Zacharial	DarkAngels	gen5	We all serve the Emperor in different ways.	We all serve the Emperor in different ways.						exact		
VO_DA_Master Zacharial_gen6.wav	DA75	Master Zacharial	DarkAngels	gen6	The target is in range, strikes now!	The target is in range. Strike now!						content-word		1
VO_DA_Master Zacharial_gen7.wav	DA75	Master Zacharial	DarkAngels	gen7	Prey has never escaped from us. You will not be the first one.	Prey has never escaped from us. You will not be the first one.						exact		
VO_DA_Master Zacharial_greet.wav	DA75	Master Zacharial	DarkAngels	greet	Late is the moment of repentance. Draw your blade.	Late is the moment of repentance. Draw your blade.						exact		
VO_DA_Master Zacharial_hurry.wav	DA75	Master Zacharial	DarkAngels	hurry	Death waits for none.	Death waits for none.						exact		
VO_DA_Master Zacharial_intro.wav	DA75	Master Zacharial	DarkAngels	intro	We have come. We are death.	We have come. We are death.						exact		
VO_DA_Master Zacharial_mirror.wav	DA75	Master Zacharial	DarkAngels	mirror	The Lion's Fury is ours to deliver.	The Lion's Fury is ours to deliver.						exact		
VO_DA_Master Zacharial_threat.wav	DA75	Master Zacharial	DarkAngels	threat	May your blood quench my blade's thirst.	May your blood quench my blade's thirst.						exact		
VO_DA_Master Zacharial_vsAsmodai&Belial.wav	DA75	Master Zacharial	DarkAngels	vsasmodai&belial	For the Primark!	FOR THE PRIMARCH!						content-word		1
VO_DA_Master Zacharial_vsAzrael.wav	DA75	Master Zacharial	DarkAngels	vsazrael	Great and terrible is our duty.	Great and terrible is our duty.						exact		
VO_DA_Master Zacharial_vsEC&BL.wav	DA75	Master Zacharial	DarkAngels	vsec&bl	I have slit the throat of heresy before I will claim that silence again.	I have slit the throat of heresy before. I will claim that silence again.						case-punct-only		
VO_DA_Master Zacharial_vsShadowsun.wav	DA75	Master Zacharial	DarkAngels	vsshadowsun	For all you speak about courage, I see none in you.	For all you speak about courage, I see none in you.						exact		
VO_DA_Master Zacharial_wp.wav	DA75	Master Zacharial	DarkAngels	wp	You shall not live to regret this affront.	You shall not live to regret this affront.						exact		
VO_DA_Nephilim Jetfighter - From on high a judgment will come!.ogg	DA37	Nephilim Jetfighter	DarkAngels	line	From on high, a judgment will come!	From on high, a judgment will come!	From on high a judgment will come!	0.000		0.000		exact		
VO_DA_Ravenwing Ancient - The banner of Caliban shall never falter.ogg	DA29	Ravenwing Ancient	DarkAngels	line	The banner of Caliban shall never falter.	The banner of Caliban shall never falter.	The banner of Caliban shall never falter	0.000		0.000		exact		
VO_DA_Ravenwing Bikes - The hunt begins No one escapes the Ravenwing!.ogg	DA9	Ravenwing Bikes	DarkAngels	line	No one escapes the Ravenwing!	The hunt begins! No one escapes the Ravenwing!	The hunt begins No one escapes the Ravenwing!	0.375		0.351		content-word		1
VO_DA_Ravenwing Champion - The chase is over Now the blade falls.ogg	DA17	Ravenwing Champion	DarkAngels	line	The chase is over, now the blade falls.	The chase is over. Now the blade falls.	The chase is over Now the blade falls	0.000		0.000		case-punct-only		
VO_DA_Ravenwing Speeder - Only death follows in our wake!.ogg	DA18	Ravenwing Speeder	DarkAngels	line	Only death follows in a week.	Only death follows in our wake!	Only death follows in our wake!	0.333		0.240		content-word		1
VO_DA_Ravenwing Talonmaster - We are the hunters! We are the Dark Angels!.ogg	DA30	Ravenwing Talonmaster	DarkAngels	line	We are the Hunters! We are the Dark Angels!	We are the Hunters! We are the Dark Angels!	We are the hunters! We are the Dark Angels!	0.000		0.000		exact		
VO_DA_Redemptor Dreadnought - My quest for vengeance is eternal.ogg	DA_Ravenwing_Ballistus_Dreadnought	Ravenwing Ballistus Dreadnought	DarkAngels	line	My quest for vengeance is eternal.	My quest for vengeance is eternal.	My quest for vengeance is eternal	0.000		0.000		exact		
VO_DA_Reiver - Your pleas for mercy will go unheard.ogg	DA10	Reiver	DarkAngels	line	Your pleas for mercy will go unheard.	Your pleas for mercy will go unheard.	Your pleas for mercy will go unheard	0.000		0.000		exact		
VO_DA_Repulsor - Heavy weapons primed Open fire!.ogg	DA43	Repulsor	DarkAngels	line	Heavy weapons crime. Open fire!	Heavy weapons, Prime. Open fire!	Heavy weapons primed Open fire!	0.200		0.077		content-word		1
VO_DA_Sammael - If it is death you crave I shall gift it to you!.ogg	DA40	Sammael	DarkAngels	line	If it is death you crave, I shall gift it to you.	If it is death you crave, I shall gift it to you.	If it is death you crave I shall gift it to you!	0.000		0.000		exact		
VO_DA_Sergeant Naaman - None shall escape the wrath of Caliban!.ogg	DA_Sergeant_Naaman	Sergeant Naaman	DarkAngels	line	None shall escape the wrath of Caliban!	None shall escape the wrath of Caliban!	None shall escape the wrath of Caliban!	0.000		0.000		exact		
VO_DA_Sergeant Taaman - None shall escape the wrath of Caliban!.ogg	DA_Sergeant_Naaman	Sergeant Naaman	DarkAngels	line	None shall escape the wrath of Caliban!	None shall escape the wrath of Caliban!	None shall escape the wrath of Caliban!	0.000		0.000		exact		
VO_DA_Techmarine - The Chapter's engines will not falter under my watch.ogg	DA25	Techmarine	DarkAngels	line	The chapter's engines were not falter under my watch.	The chapter's engines will not falter under my watch.	The Chapter's engines will not falter under my watch	0.111		0.070		content-word		1
VO_DA_Vengeful Brethren Bladeguard - Stand as firm as the mighty Rock itself!.wav	DA80	Vengeful Brethren Bladeguard	DarkAngels	line	Stand as firm as the mighty rock itself!	Stand as firm as the mighty rock itself!	Stand as firm as the mighty Rock itself!	0.000		0.000		exact		
VO_DA_Vengeful Brethren Hellblaster - Mercy is not mine to deliver Only death.wav	DA79	Vengeful Brethren Hellblaster	DarkAngels	line	Mercy is not mine to deliver, only death.	Mercy is not mine to deliver, only death.	Mercy is not mine to deliver Only death	0.000		0.000		exact		
VO_DA_Vengeful Brethren Intercessor - You are one mistake away from your death.wav	DA78	Vengeful Brethren Intercessor	DarkAngels	line	You are one mistake away from your death.	You are one mistake away from your death.	You are one mistake away from your death	0.000		0.000		exact		
VO_DA_Watcher in the Dark - You do not have long.wav	DA77	Watcher in the Dark	DarkAngels	line	You do not have long.	You do not have long.	You do not have long	0.000		0.000		exact		
VO_GSC_Aberrant Hypermorph_They are close.ogg	GSC33	Aberrant Hypermorph	Genestealers	line	They are close.	They are close.						exact		
VO_GSC_Aberrant_Crush.ogg	GSC27	Aberrant	Genestealers	line	CRASH!	Crash!						case-punct-only		
VO_GSC_Abominant_Savage Bellow.ogg	GSC38	Abominant	Genestealers	line	R-R-R-R-R-R...	*Mario's Screams*						content-word		1
VO_GSC_Achilles Ridgerunner_Forward! Let's earn our divine reward.ogg	GSC34	Achilles Ridgerunner	Genestealers	line	Forward! Let's earn our divine reward!	Forward! Let's earn our divine reward!						exact		
VO_GSC_Acolyte Heavy_For the Great Patriarch.ogg	GSC43	Patriarch	Genestealers	line	For the Great Patriarch!	For the great patriarch!						case-punct-only		
VO_GSC_Acolyte Hybrid_Our bodies are blessed.ogg	GSC13	Acolyte Hybrid	Genestealers	line	Our bodies are blessed.	Our bodies are blessed.						exact		
VO_GSC_Acolyte Iconward_Backup1.ogg	GSC_Acolyte_Iconward	Acolyte Iconward	Genestealers	backup1	You are unfit to bear the weight of true enlightenment.	You are unfit to bear the weight of true enlightenment.						exact		
VO_GSC_Acolyte Iconward_Backup2.ogg	GSC_Acolyte_Iconward	Acolyte Iconward	Genestealers	backup2	We were chosen to fell those who once bound us to our chains.	We were chosen to fell those who once bound us to our chains.						exact		
VO_GSC_Acolyte Iconward_Backup3.ogg	GSC_Acolyte_Iconward	Acolyte Iconward	Genestealers	backup3	The path has been laid. We follow the Void Angel's light.	The path has been laid. We follow the void angel's light.						case-punct-only		
VO_GSC_Acolyte Iconward_Backup4.ogg	GSC_Acolyte_Iconward	Acolyte Iconward	Genestealers	backup4	You will be cleansed, and the heavens will deliver our reward.	You will be cleansed and the heavens will deliver our reward.						case-punct-only		
VO_GSC_Acolyte Iconward_Backup5.ogg	GSC_Acolyte_Iconward	Acolyte Iconward	Genestealers	backup5	Praise the star children, may their benevolence guide us.	Praise the star, children! May their benevolence guide us!						case-punct-only		
VO_GSC_Acolyte Iconward_Backup6.ogg	GSC_Acolyte_Iconward	Acolyte Iconward	Genestealers	backup6	Only the star children can bring true salvation.	Only the star children can bring true salvation!						case-punct-only		
VO_GSC_Acolyte Iconward_attack.ogg	GSC_Acolyte_Iconward	Acolyte Iconward	Genestealers	attack	WAH!	Blah!						content-word		1
VO_GSC_Acolyte Iconward_cantDo.ogg	GSC_Acolyte_Iconward	Acolyte Iconward	Genestealers	cantdo	That serves no purpose!	That serves no purpose.						case-punct-only		
VO_GSC_Acolyte Iconward_concede.ogg	GSC_Acolyte_Iconward	Acolyte Iconward	Genestealers	concede	No! Not the banner!	No, not the banner!						case-punct-only		
VO_GSC_Acolyte Iconward_death.ogg	GSC_Acolyte_Iconward	Acolyte Iconward	Genestealers	death	Grrrr!	*Grrr*						content-word		1
VO_GSC_Acolyte Iconward_gen1.ogg	GSC_Acolyte_Iconward	Acolyte Iconward	Genestealers	gen1	Our Deliverance is Nigh!	Our deliverance is nigh!						case-punct-only		
VO_GSC_Acolyte Iconward_gen2.ogg	GSC_Acolyte_Iconward	Acolyte Iconward	Genestealers	gen2	Now comes the moment to emerge from the shadows!	Now comes the moment to emerge from the shadows.						case-punct-only		
VO_GSC_Acolyte Iconward_gen3.ogg	GSC_Acolyte_Iconward	Acolyte Iconward	Genestealers	gen3	We are the hand in the shadows.	We are the hand in the shadows.						exact		
VO_GSC_Acolyte Iconward_gen4.ogg	GSC_Acolyte_Iconward	Acolyte Iconward	Genestealers	gen4	Ours is the heart that beats in the abyss.	Ours is the heart that beats in the abyss.						exact		
VO_GSC_Acolyte Iconward_gen5.ogg	GSC_Acolyte_Iconward	Acolyte Iconward	Genestealers	gen5	Rally to the banner, Charge, Children of the Grizzlepate!	Rally to the banner! Charge, children of the Grizzle Pit!						content-word		1
VO_GSC_Acolyte Iconward_gen6.ogg	GSC_Acolyte_Iconward	Acolyte Iconward	Genestealers	gen6	Can you hear the sounds below?	Can you hear the sounds below?						exact		
VO_GSC_Acolyte Iconward_gen7.ogg	GSC_Acolyte_Iconward	Acolyte Iconward	Genestealers	gen7	Ours is a symbol of truth and freedom. It cannot be denied.	Ours is a symbol of truth and freedom. It cannot be denied.						exact		
VO_GSC_Acolyte Iconward_greet.ogg	GSC_Acolyte_Iconward	Acolyte Iconward	Genestealers	greet	Behold our true might as we cast off our chains!	Behold our true might as we cast off our chains.						case-punct-only		
VO_GSC_Acolyte Iconward_hurry.ogg	GSC_Acolyte_Iconward	Acolyte Iconward	Genestealers	hurry	Quickly, the star children beckon!	Quickly! The star children beckon!						case-punct-only		
VO_GSC_Acolyte Iconward_intro.ogg	GSC_Acolyte_Iconward	Acolyte Iconward	Genestealers	intro	Rise, my kin! Answer the battle's call!	Rise, my kin. Answer the battle's call.						case-punct-only		
VO_GSC_Acolyte Iconward_mirror.ogg	GSC_Acolyte_Iconward	Acolyte Iconward	Genestealers	mirror	The time has come to emerge from the shadows!	The time has come to emerge from the shadows!						exact		
VO_GSC_Acolyte Iconward_threat.ogg	GSC_Acolyte_Iconward	Acolyte Iconward	Genestealers	threat	I hear them in my dreams. They speak of your land.	I hear them in my dreams. They speak of your end.						content-word		1
VO_GSC_Acolyte Iconward_vsAstraMilitarum.ogg	GSC_Acolyte_Iconward	Acolyte Iconward	Genestealers	vsastramilitarum	You could have been free, and yet you chose to tighten your chains.	You could have been free, and yet you chose to tighten your chains.						exact		
VO_GSC_Acolyte Iconward_vsMagus.ogg	GSC_Acolyte_Iconward	Acolyte Iconward	Genestealers	vsmagus	It's the flock ready, the star children beckon!	Is the flock ready? The star children beckon!						content-word		1
VO_GSC_Acolyte Iconward_vsNecrons.ogg	GSC_Acolyte_Iconward	Acolyte Iconward	Genestealers	vsnecrons	I pity you. Those without souls cannot receive the gift of the star children.	I pity you. Those without souls cannot receive the gift of the star, children.						case-punct-only		
VO_GSC_Acolyte Iconward_vsOrks.ogg	GSC_Acolyte_Iconward	Acolyte Iconward	Genestealers	vsorks	Your heart is beyond salvation, and thus must be expunged!	Your horde is beyond salvation, and thus must be expunged!						content-word		1
VO_GSC_Acolyte Iconward_wp.ogg	GSC_Acolyte_Iconward	Acolyte Iconward	Genestealers	wp	This resistance is just delaying the inevitable.	This resistance is just delaying the inevitable.						exact		
VO_GSC_Acolyte Leader_To me, children of the Grizzlepit.ogg	GSC22	Acolyte Leader	Genestealers	line	To me, children of the Grizzle Pit!	To me, children of the grizzle pit.						case-punct-only		
VO_GSC_Acolyte Specialist_Your doom already walks among you.ogg	GSC23	Acolyte Specialist	Genestealers	line	Your doom already walks among you.	Your doom already walks among you.						exact		
VO_GSC_Atalan Jackal - The trap is set Our moment draws near.ogg	GSC69	Atalan Jackal	Genestealers	line	The trap is set. Our moment draws near.	The trap is set. Our moment draws near.	The trap is set Our moment draws near	0.000		0.000		exact		
VO_GSC_Atalan Leader - Be ready for anything, and prepare to strike.ogg	GSC71	Atalan Leader	Genestealers	line	Be ready for anything and prepare to strike!	Be ready for anything and prepare to strike!	Be ready for anything, and prepare to strike	0.000		0.000		exact		
VO_GSC_Atalan Wolfquad - Crush them under our wheels!.ogg	GSC73	Atalan Wolfquad	Genestealers	line	Crush them under our wheels!	CRASH THEM UNDER OUR WHEELS!	Crush them under our wheels!	0.000		0.000		content-word		1
VO_GSC_Benefictus_We will overwhelm all who stand against our ascension.ogg	GSC65	Day of Ascension	Genestealers	line	We will overwhelm all who stand against our ascension.	We will overwhelm all who stand against our ascension.						exact		
VO_GSC_Biophagus_The Grizzlepit and I have created such wonders, to fuel our ascension.ogg	GSC65	Day of Ascension	Genestealers	line	The grizzled pit and I have created such wonders to fuel our ascension.	The Grizzle Pit and I have created such wonders to fuel our ascension.						content-word		1
VO_GSC_Clamavus_Heed the call of the stars.ogg	GSC28	Clamavus	Genestealers	line	Heed the call of the stars!	Heed the call of the stars!						exact		
VO_GSC_Concealed Explosives_Ticking sounds.ogg	GSC9	Concealed Explosives	Genestealers	line		*BEEP*						b-only		1
VO_GSC_Cult Leman Russ_The Star Children call for fire.ogg	GSC45	Cult Leman Russ	Genestealers	line	The Star Children call for fire!	The star children call for fire.						case-punct-only		
VO_GSC_Cult Sentinel_The brood is ever watchful.ogg	GSC30	Cult Sentinel	Genestealers	line	The brood is ever watchful.	The brood is ever watchful.						exact		
VO_GSC_Genestealer Familiar_Menacing Hiss.ogg	GSC7	Genestealer Familiar	Genestealers	line								both-empty		1
VO_GSC_Goliath Rockgrinder_We will break the chains of the oppressor.ogg	GSC41	Goliath Rockgrinder	Genestealers	line	We will break the chains of the oppressor!	We will break the chains of the oppressor.						case-punct-only		
VO_GSC_Goliath Truck_We are in position.ogg	GSC40	Goliath Truck	Genestealers	line	We are in position.	We are in position.						exact		
VO_GSC_Hulking Aberrant_Furious Snarl.ogg	GSC35	Hulking Aberrant	Genestealers	line		*Burps*						b-only		1
VO_GSC_Hybrid Metamorph_Primal Snarl.ogg	GSC5	Primus Saffa Rhiannor	Genestealers	line	Rrrrrrrr toilet!	*Burps*						content-word		1
VO_GSC_Jackal Outrider -There is nothing you can do to stop our ascension.ogg	GSC70	Jackal Outrider	Genestealers	line	There is nothing you can do to stop our ascension!	There is nothing you can do to stop our ascension.						case-punct-only		
VO_GSC_Jackal Scout - You see nought but what we want you to see.ogg	GSC_Jackal_Scout	Jackal Scout	Genestealers	line	You see not, but what we want you to see!	You see naught but what we want you to see!	You see nought but what we want you to see	0.100		0.091		content-word		1
VO_GSC_Jackal Specialist - Each blast casts down the unbeliever.ogg	GSC72	Jackal Specialist	Genestealers	line	Eat Blas, cuss down the unbeliever!	Eat blast, cuss down the unbeliever!	Each blast casts down the unbeliever	0.500		0.161		content-word		1
VO_GSC_Kelermorph_With me My Brothers and Sisters, liberation is at hand.ogg	GSC42	Kelermorph	Genestealers	line	With me, my brothers and sisters, liberation is at hand.	With me, my brothers and sisters, liberation is at hand.						exact		
VO_GSC_Lhaska Szenari_attack.ogg	GSC_Lhaska_Szenari	Lhaska Szenari	Genestealers	attack	Woo!	Whoa!						content-word		1
VO_GSC_Lhaska Szenari_cantDo.ogg	GSC_Lhaska_Szenari	Lhaska Szenari	Genestealers	cantdo	That is beyond my reach.	That is beyond my reach.						exact		
VO_GSC_Lhaska Szenari_concede.ogg	GSC_Lhaska_Szenari	Lhaska Szenari	Genestealers	concede	We withdraw, but our uprising isn't over.	We withdraw, but our uprising isn't over.						exact		
VO_GSC_Lhaska Szenari_death.ogg	GSC_Lhaska_Szenari	Lhaska Szenari	Genestealers	death	Aaaaaaah!	Awww!						content-word		1
VO_GSC_Lhaska Szenari_gen1.ogg	GSC_Lhaska_Szenari	Lhaska Szenari	Genestealers	gen1	No target is beyond my sights.	No target is beyond my sights.						exact		
VO_GSC_Lhaska Szenari_gen2.ogg	GSC_Lhaska_Szenari	Lhaska Szenari	Genestealers	gen2	We have risen from prisoners to predators.  No one can deny us now.	We have risen from prisoners to predators. No one can deny us now.						case-punct-only		
VO_GSC_Lhaska Szenari_gen3.ogg	GSC_Lhaska_Szenari	Lhaska Szenari	Genestealers	gen3	The barren lands taught us patience.  The time to strike will come.	The barren lands taught us patience. The time to strike will come.						case-punct-only		
VO_GSC_Lhaska Szenari_gen4.ogg	GSC_Lhaska_Szenari	Lhaska Szenari	Genestealers	gen4	We know your strength, yet you know nothing about us.	We know your strength, yet you know nothing about us.						exact		
VO_GSC_Lhaska Szenari_gen5.ogg	GSC_Lhaska_Szenari	Lhaska Szenari	Genestealers	gen5	Our ascension is near.  We will taste freedom at last.	Our ascension is near. We will taste freedom at last.						case-punct-only		
VO_GSC_Lhaska Szenari_gen6.ogg	GSC_Lhaska_Szenari	Lhaska Szenari	Genestealers	gen6	With our shackles unbound, no enemy can outrun us.	With our shackles unbound, no enemy can outrun us.						exact		
VO_GSC_Lhaska Szenari_gen7.ogg	GSC_Lhaska_Szenari	Lhaska Szenari	Genestealers	gen7	We ride unto the gaze of the star children, unstoppable and free.	We ride onto the gaze of the star children, unstoppable and free.						content-word		1
VO_GSC_Lhaska Szenari_greet.ogg	GSC_Lhaska_Szenari	Lhaska Szenari	Genestealers	greet	The downtrodden ride free today, our chains shattered.	The downtrodden ride free today. Our chains shattered.						case-punct-only		
VO_GSC_Lhaska Szenari_hurry.ogg	GSC_Lhaska_Szenari	Lhaska Szenari	Genestealers	hurry	Speed is our weapon. Let us move.	Speed is our weapon. Let us move.						exact		
VO_GSC_Lhaska Szenari_intro.ogg	GSC_Lhaska_Szenari	Lhaska Szenari	Genestealers	intro	From the wastelands of Damnathor, we rise to claim our freedom.	From the wastelands of Damnathor, we rise to claim our freedom.						exact		
VO_GSC_Lhaska Szenari_mirror.ogg	GSC_Lhaska_Szenari	Lhaska Szenari	Genestealers	mirror	We will never be caged again.	We will never be caged again.						exact		
VO_GSC_Lhaska Szenari_threat.ogg	GSC_Lhaska_Szenari	Lhaska Szenari	Genestealers	threat	I clear the path for ascension.	I clear the path for ascension.						exact		
VO_GSC_Lhaska Szenari_vsCalgar.ogg	GSC_Lhaska_Szenari	Lhaska Szenari	Genestealers	vscalgar	We no longer cower before false angels, our ascension beckons.	We no longer cower before false angels. Our ascension beckons.						case-punct-only		
VO_GSC_Lhaska Szenari_vsCommissar.ogg	GSC_Lhaska_Szenari	Lhaska Szenari	Genestealers	vscommissar	You are but another tyrant, and we have risen to overthrow you.	You are but another tyrant, and we have risen to overthrow you.						exact		
VO_GSC_Lhaska Szenari_vsLetharius.ogg	GSC_Lhaska_Szenari	Lhaska Szenari	Genestealers	vsletharius	We are the heralds of true faith, false angel.	We are the heralds of true faith, false angel.						exact		
VO_GSC_Lhaska Szenari_vsTyranids.ogg	GSC_Lhaska_Szenari	Lhaska Szenari	Genestealers	vstyranids	Ride forth, brethren, the Star Children watch over us.	Ride forth, brethren. The star children watch over us.						case-punct-only		
VO_GSC_Lhaska Szenari_vsUrsulaCreed.ogg	GSC_Lhaska_Szenari	Lhaska Szenari	Genestealers	vsursulacreed	Ride now, brethren, and overrun those who once shackled us.	Ride now, brethren, and overrun those who once shackled us.						exact		
VO_GSC_Lhaska Szenari_wp.ogg	GSC_Lhaska_Szenari	Lhaska Szenari	Genestealers	wp	You fight well, but our uprising is now unstoppable.	You fight well, but our uprising is now unstoppable.						exact		
VO_GSC_Locus_Your fate is sealed.ogg	GSC17	Locus	Genestealers	line	Your fate is sealed.	Your fate is sealed.						exact		
VO_GSC_Metamorph Iconbearer_Feral growl.ogg	GSC31	Metamorph Iconbearer	Genestealers	line	GRRRRRRRRRR!	*Gunshot*						content-word		1
VO_GSC_Metamorph Leader_Witness our ascension.ogg	GSC65	Day of Ascension	Genestealers	line	Witness our Ascension!	Witness our ascension!						case-punct-only		
VO_GSC_Neophyte Heavy_Deliverance, or blood.ogg	GSC18	Neophyte Heavy	Genestealers	line	Deliverance, or BLOOD!	Deliverance of blood!						content-word		1
VO_GSC_Neophyte Hybrid_We bring you the Star Children's blessing.ogg	GSC10	Neophyte Hybrid	Genestealers	line	We bring you the Star Children's Blessing.	We bring you the Star Children's blessing.						case-punct-only		
VO_GSC_Neophyte Iconbearer_For each one of us that falls, a hundred more will rise.ogg	GSC19	Neophyte Iconbearer	Genestealers	line	For each one of us that falls, a hundred more will rise.	For each one of us that falls, a hundred more will rise.						exact		
VO_GSC_Neophyte Initiate_The day of ascension approaches.ogg	GSC8	Neophyte Initiate	Genestealers	line	The Day of Ascension Approaches	The day of ascension approaches.						case-punct-only		
VO_GSC_Neophyte Leader_So comes the moment of deliverance.ogg	GSC20	Neophyte Leader	Genestealers	line	So comes the moment of deliverance.	So comes the moment of deliverance.						exact		
VO_GSC_Neophyte Specialist_None can deny the Star Children's deliverance.ogg	GSC11	Neophyte Specialist	Genestealers	line	None can deny the star children's deliverance.	None can deny the Star Children's deliverance!						case-punct-only		
VO_GSC_Neophyte Trooper_Give praise to the Master below.ogg	GSC12	Neophyte Trooper	Genestealers	line	Give praise to the master below.	Give praise to the master below.						exact		
VO_GSC_Nexos_Kindred, at the ready, The plan moves forward.ogg	GSC25	Nexos	Genestealers	line	Kindred, at the ready, the plan moves forward.	Kindred, at the ready, the plan moves forward.						exact		
VO_GSC_Patriarch_PrimalGrowl.ogg	GSC43	Patriarch	Genestealers	line		*throwing*						b-only		1
VO_GSC_Purestrain Genestealer_Wild Growl.ogg	GSC26	Purestrain Genestealer	Genestealers	line		*Burr*						b-only		1
VO_GSC_Reductus Saboteur_I will topple the walls of the oppressor.ogg	GSC37	Reductus Saboteur	Genestealers	line	I will topple the walls of the oppressor.	I will topple the walls of the oppressed, so...						content-word		1
VO_GSC_Saffa Rhiannor_Backup4.ogg	GSC5	Primus Saffa Rhiannor	Genestealers	backup4	Denying the star children's mercy breathes the disaster.	Denying the Star Children's mercy breeds the disaster.						content-word		1
VO_GSC_Saffa Rhiannor_attack.ogg	GSC5	Primus Saffa Rhiannor	Genestealers	attack	HAH!	Huh!						content-word		1
VO_GSC_Saffa Rhiannor_cantDo.ogg	GSC5	Primus Saffa Rhiannor	Genestealers	cantdo	That will not work!	That will not work!						exact		
VO_GSC_Saffa Rhiannor_concede.ogg	GSC5	Primus Saffa Rhiannor	Genestealers	concede	We return to the shadows, yet soon we'll finish what we started.	We return to the shadows, yet soon we'll finish what we started.						exact		
VO_GSC_Saffa Rhiannor_death.ogg	GSC5	Primus Saffa Rhiannor	Genestealers	death	AHHHHH!	*Gasp*						content-word		1
VO_GSC_Saffa Rhiannor_gen1.ogg	GSC5	Primus Saffa Rhiannor	Genestealers	gen1	You are blind to the true threats you face.	You are blind to the true threats you face.						exact		
VO_GSC_Saffa Rhiannor_gen2.ogg	GSC5	Primus Saffa Rhiannor	Genestealers	gen2	The more of us you strike down, the stronger our resolve.	The more of us you strike down, the stronger our resolve.						exact		
VO_GSC_Saffa Rhiannor_gen3.ogg	GSC5	Primus Saffa Rhiannor	Genestealers	gen3	All together, in unity, the cult reigns supreme!	All together, in unity, the cult reigns supreme!						exact		
VO_GSC_Saffa Rhiannor_gen4.ogg	GSC5	Primus Saffa Rhiannor	Genestealers	gen4	Those reluctant to lift the veil deserve no mercy.	Those reluctant to lift the veil deserve no mercy.						exact		
VO_GSC_Saffa Rhiannor_gen5.ogg	GSC5	Primus Saffa Rhiannor	Genestealers	gen5	Do you really know who you can trust?	Do you really know who you can trust?						exact		
VO_GSC_Saffa Rhiannor_gen6.ogg	GSC5	Primus Saffa Rhiannor	Genestealers	gen6	This is not a fight you can win! Not like that!	This is not a fight you can win. Not like that.						case-punct-only		
VO_GSC_Saffa Rhiannor_gen7.ogg	GSC5	Primus Saffa Rhiannor	Genestealers	gen7	You should taste your words before spitting such foolery.	You should taste your words before spitting such foolery!						case-punct-only		
VO_GSC_Saffa Rhiannor_greet.ogg	GSC5	Primus Saffa Rhiannor	Genestealers	greet	Children of the Grizzle Pit bring death to the oppressor!	Children of the Grizzle Pit bring death to the oppressor!						exact		
VO_GSC_Saffa Rhiannor_hurry.ogg	GSC5	Primus Saffa Rhiannor	Genestealers	hurry	Make haste! Ascension will not wait for you!	"""Make haste! Ascension will not wait for you!"""						case-punct-only		
VO_GSC_Saffa Rhiannor_intro.ogg	GSC5	Primus Saffa Rhiannor	Genestealers	intro	Accept our gift of liberation, or face the wrath of the Star Children!	Accept our gift of liberation or face the wrath of the Star Children!						case-punct-only		
VO_GSC_Saffa Rhiannor_mirror.ogg	GSC5	Primus Saffa Rhiannor	Genestealers	mirror	We are the Mercy of the Void.	We are the mercy of the void.						case-punct-only		
VO_GSC_Saffa Rhiannor_threat.ogg	GSC5	Primus Saffa Rhiannor	Genestealers	threat	We will grant you swift release from your captivity!	We will grant you swift release from your captivity.						case-punct-only		
VO_GSC_Saffa Rhiannor_vsAeldari.ogg	GSC5	Primus Saffa Rhiannor	Genestealers	vsaeldari	Such pride and arrogance will only hasten your downfall.	Such pride and arrogance will only hasten your downfall.						exact		
VO_GSC_Saffa Rhiannor_vsGhallaron.ogg	GSC5	Primus Saffa Rhiannor	Genestealers	vsghallaron	We answer to naught but the Star Children, Deceiver!	We answer to naught but the star children, deceiver!						case-punct-only		
VO_GSC_Saffa Rhiannor_vsSpaceMarine.ogg	GSC5	Primus Saffa Rhiannor	Genestealers	vsspacemarine	Your armor will not save you, false angel!	Your armor will not save you, false angel!						exact		
VO_GSC_Saffa Rhiannor_wp.ogg	GSC5	Primus Saffa Rhiannor	Genestealers	wp	I see your shackles do not hinder your prowess.	I see your shackles do not hinder your prowess.						exact		
VO_GSC_Sanctus_A single, perfect shot to herald our ascension.ogg	GSC65	Day of Ascension	Genestealers	line	A single perfect shot to herald our ascension.	A single perfect shot to herald our ascension.						exact		
VO_GSC_Spotter Ridgerunner - Forward! We rise from the dust this day!.ogg	GSC74	Spotter Ridgerunner	Genestealers	line	Forward! We rise from the dust this day!	Forward! We'd rise from the dust this day!	Forward! We rise from the dust this day!					content-word	stage-direction	
VO_GSC_Uthrel Naas_attack.ogg	GSC3	Magus Uthrel Naas	Genestealers	attack	Eugh!	Yeah.						content-word		1
VO_GSC_Uthrel Naas_cantDo.ogg	GSC3	Magus Uthrel Naas	Genestealers	cantdo	The Star Children forbid it.	The Star Children forbid it.						exact		
VO_GSC_Uthrel Naas_concede.ogg	GSC3	Magus Uthrel Naas	Genestealers	concede	I fail, yet hundreds will take my place.	I fail, yet hundreds will take my place.						exact		
VO_GSC_Uthrel Naas_death.ogg	GSC3	Magus Uthrel Naas	Genestealers	death	Nyaargh!	Yeah!						content-word		1
VO_GSC_Uthrel Naas_gen1.ogg	GSC3	Magus Uthrel Naas	Genestealers	gen1	Is there no limit to your arrogance?	Is there no limit to your arrogance?						exact		
VO_GSC_Uthrel Naas_gen2.ogg	GSC3	Magus Uthrel Naas	Genestealers	gen2	Break your bonds and go forth, my children.	Break your bonds and go forth, my children.						exact		
VO_GSC_Uthrel Naas_gen3.ogg	GSC3	Magus Uthrel Naas	Genestealers	gen3	We are without number.	We are without number.						exact		
VO_GSC_Uthrel Naas_gen4.ogg	GSC3	Magus Uthrel Naas	Genestealers	gen4	Answer the call of the Void!	Answer the call of the void!						case-punct-only		
VO_GSC_Uthrel Naas_gen5.ogg	GSC3	Magus Uthrel Naas	Genestealers	gen5	All must be remade in our true master's image.	All must be remade in our true master's image.						exact		
VO_GSC_Uthrel Naas_gen6.ogg	GSC3	Magus Uthrel Naas	Genestealers	gen6	Our faith is unshakable.	Our faith is unshakable.						exact		
VO_GSC_Uthrel Naas_gen7.ogg	GSC3	Magus Uthrel Naas	Genestealers	gen7	The Star Children beckon, but you will not witness their glory.	The star children beckon, but you will not witness their glory.						case-punct-only		
VO_GSC_Uthrel Naas_greet.ogg	GSC3	Magus Uthrel Naas	Genestealers	greet	Join us and the Void Gods will free you from your shackles.	Join us and the void gods will free you from your shackles.						case-punct-only		
VO_GSC_Uthrel Naas_hurry.ogg	GSC3	Magus Uthrel Naas	Genestealers	hurry	Make haste, our Divine Masters are upon us!	Make haste! Our divine masters are upon us!						case-punct-only		
VO_GSC_Uthrel Naas_intro.ogg	GSC3	Magus Uthrel Naas	Genestealers	intro	Only those blessed by the star children will know real freedom.	Only those blessed by the Star Children will know real freedom.						case-punct-only		
VO_GSC_Uthrel Naas_mirror.ogg	GSC3	Magus Uthrel Naas	Genestealers	mirror	Lend this world, and the heavens shall deliver their reward.	Cleanse this world, and the heavens shall deliver their reward!						content-word		1
VO_GSC_Uthrel Naas_threat.ogg	GSC3	Magus Uthrel Naas	Genestealers	threat	Join our cause, or perish for your ignorance.	Join our cause or perish for your ignorance.						case-punct-only		
VO_GSC_Uthrel Naas_vsAstraMilitarum.ogg	GSC3	Magus Uthrel Naas	Genestealers	vsastramilitarum	Had we met before, you might have joined our quest for salvation.	Had we met before, you might have joined our quest for salvation.						exact		
VO_GSC_Uthrel Naas_vsSororitas.ogg	GSC3	Magus Uthrel Naas	Genestealers	vssororitas	You pray to a deceitful God, a fabrication to keep you under their control.	You pray to a deceitful god, a fabrication to keep you under their control.						case-punct-only		
VO_GSC_Uthrel Naas_vsSpaceMarine.ogg	GSC3	Magus Uthrel Naas	Genestealers	vsspacemarine	The false angels were never meant to protect us.	The false angels were never meant to protect us.						exact		
VO_GSC_Uthrel Naas_wp.ogg	GSC3	Magus Uthrel Naas	Genestealers	wp	Such unfettered force wasted in a false errand.	Such unfettered force wasted in a false errand.						exact		
VO_Goff_Ardshell Gurk - You cant beat me git.ogg	GOF32	Ardshell Gurk	Goff	line	You can't beat me, git!	You can't beat me, git!	You cant beat me git	0.200		0.000		exact		
VO_Goff_Banner Nob - Ill mount yer skull to my stick.ogg	GOF16	Banner Nob	Goff	line	Oh man, just go on a sleep.	Oh, maybe I stole a mistake.	Ill mount yer skull to my stick	1.000		0.800		content-word		1
VO_Goff_Battlewagon - This is gonna be a bumpy ride.ogg	GOF35	Battlewagon	Goff	line	This is gonna be a bumpy ride!	This is gonna be a bumpy ride!	This is gonna be a bumpy ride	0.000		0.000		exact		
VO_Goff_Big Krumpaz - Get over ere and face me klaw.ogg	GOF22	Big Krumpaz	Goff	line	Get over here, and face me claw!	Get over here and face me claw!	Get over ere and face me klaw	0.286		0.087		case-punct-only		
VO_Goff_Big Shoota Boy - More More dakka.ogg	GOF27	Big Shoota Boy	Goff	line	More! More decah!	More! More data!	More More dakka	0.333		0.308		content-word		1
VO_Goff_Bomb Squig - MUNCH.ogg	GOF6	Bomb Squig	Goff	line		*crash*	MUNCH					b-only		1
VO_Goff_Boomdakka Snazzwagon - Fasta boyz We'z got lots of gits ta krump.ogg	GOF23	Boomdakka Snazzwagon	Goff	line	Faster boys! We've got lots of kids to cram!	Faster boys! We's got lots of kids to cram!	Fasta boyz We'z got lots of gits ta krump	0.667		0.344		content-word		1
VO_Goff_Burna Boy - Youz likes it hot.ogg	GOF17	Burna Boy	Goff	line	You rascals!	Yous, Lachy-Tox!	Youz likes it hot	1.000		0.714		content-word		1
VO_Goff_Deff Dread - Iz stuck inside dis ting an dat makes me MAD.ogg	GOF33	Deff Dread	Goff	line	I stuck inside this thing and that makes me mad!	I'm stuck inside this thing and that makes me mad!	Iz stuck inside dis ting an dat makes me MAD	0.500		0.171		content-word		1
VO_Goff_Deffgun Loota - Shootin an lootin in dat order.ogg	GOF18	Deffgun Loota	Goff	line	Living and living in Deffgun Loota	Shipping and living in the order.	Shootin an lootin in dat order	0.833		0.880		content-word		1
VO_Goff_Deffkopta - There's no hidin from me rokkits.ogg	GOF19	Deffkopta	Goff	line	Please, now hide him from me, Rockets!	Please now hide him from me, Rockets!	There's no hidin from me rokkits	0.833		0.423		case-punct-only		
VO_Goff_Ghazghkull_CantDo.ogg	GOF3	Ghazghkull Thraka	Goff	cantdo	Meh, don't do.	Can't do.						content-word		1
VO_Goff_Ghazghkull_Concede.ogg	GOF3	Ghazghkull Thraka	Goff	concede	How's it going, wife, for a bit?  Need to get more boys.	I was going to go away for a bit. Need to get more boys.						content-word		1
VO_Goff_Ghazghkull_Greet.ogg	GOF3	Ghazghkull Thraka	Goff	greet	I'm Ghazghkull and I'll bring great snow.	I'm Casgo, and I'll bring great slaughter.						content-word		1
VO_Goff_Ghazghkull_Hurry.ogg	GOF3	Ghazghkull Thraka	Goff	hurry	So much to punch, so little time.	So much to punch, so little time!						case-punct-only		
VO_Goff_Ghazghkull_Intro.ogg	GOF3	Ghazghkull Thraka	Goff	intro	I'm the hand of Gork, the hand of Gork.	I'm the hand of Gork and Mork.						content-word		1
VO_Goff_Ghazghkull_Mirror.ogg	GOF3	Ghazghkull Thraka	Goff	mirror	Please, can I stop the universe from that?	We's gonna stomp the universe for that.						content-word		1
VO_Goff_Ghazghkull_Threat.ogg	GOF3	Ghazghkull Thraka	Goff	threat	Get closer.  Always hungry.	Get closer. Always hungry.						case-punct-only		
VO_Goff_Ghazghkull_attack.ogg	GOF3	Ghazghkull Thraka	Goff	attack	UGH!	Grr!						content-word		1
VO_Goff_Ghazghkull_death.ogg	GOF3	Ghazghkull Thraka	Goff	death	Grrrrrr!	*BRAAAAARGH*						content-word		1
VO_Goff_Ghazghkull_gen1.ogg	GOF3	Ghazghkull Thraka	Goff	gen1	There's more cunning than a grot, and more killing than a dread.	There's more cunning than a grot, and more killing than a dread.						exact		
VO_Goff_Ghazghkull_gen2.ogg	GOF3	Ghazghkull Thraka	Goff	gen2	I will turn the stars green.	I will turn the stars green.						exact		
VO_Goff_Ghazghkull_gen3.ogg	GOF3	Ghazghkull Thraka	Goff	gen3	Folks need to fight, like they need me to do.	Hawks need to fight like they need meat to eat.						content-word		1
VO_Goff_Ghazghkull_gen4.ogg	GOF3	Ghazghkull Thraka	Goff	gen4	We see Orcs, the one who's made to fight and win.	We's the Orcs, and we was made to fight and win!						content-word		1
VO_Goff_Ghazghkull_gen5.ogg	GOF3	Ghazghkull Thraka	Goff	gen5	Our world's burned in our boat prints.	Our world's burning my boot piece.						content-word		1
VO_Goff_Ghazghkull_gen6.ogg	GOF3	Ghazghkull Thraka	Goff	gen6	Get yourself lucky you still have teeth.	Cure yourself like you still have teeth.						content-word		1
VO_Goff_Ghazghkull_gen7.ogg	GOF3	Ghazghkull Thraka	Goff	gen7	Wave the lucky stick, McCurry!  Waaaaaah!	Wave to Lucky Stick, Makari! Waaaa!						content-word		1
VO_Goff_Ghazghkull_vsCalgar.ogg	GOF3	Ghazghkull Thraka	Goff	vscalgar	Robin cut, crashed and stomped, and arms still kicking.	I've been cut, crushed and stomped, and I'm still kicking.						content-word		1
VO_Goff_Ghazghkull_vsCommissar.ogg	GOF3	Ghazghkull Thraka	Goff	vscommissar	You should remind me of someone.	This reminds me of someone.						content-word		1
VO_Goff_Ghazghkull_vsKnightTitan.ogg	GOF3	Ghazghkull Thraka	Goff	vsknighttitan	Smash that thing that's crap, boys!	SMASH THAT THING TO SCRAP BOYS!						content-word		1
VO_Goff_Ghazghkull_vsMinka.ogg	GOF3	Ghazghkull Thraka	Goff	vsminka	You've seen nothing yet.	You've seen nothing yet!						case-punct-only		
VO_Goff_Ghazghkull_vsTBC1.ogg	GOF3	Ghazghkull Thraka	Goff	vstbc1	You thought she's good, you wee.	You thoughts is good, UV?						content-word		1
VO_Goff_Ghazghkull_wp.ogg	GOF3	Ghazghkull Thraka	Goff	wp	Good enemies is hard to find.	Good enemies is hard to find.						exact		
VO_Goff_Gorkanaut - No git can stops da fist of Gork.ogg	GOF38	Gorkanaut	Goff	line	No kid can stop Staphis of Gork!	No git can stop scaffish stuff gawk!	No git can stops da fist of Gork	0.500		0.240		content-word		1
VO_Goff_Grot - Yes boss yes boss.ogg	GOF4	Grot	Goff	line	Yes boss! Yes boss!	Yes, boss! Yes, boss!	Yes boss yes boss	0.000		0.000		case-punct-only		
VO_Goff_Grot Tank - Im drivin No IM drivin.ogg	GOF4	Grot	Goff	line	I'm driving! Yeah, I'm driving!	I'm driving. Yeah, I'm driving.	Im drivin No IM drivin	1.000		0.333		case-punct-only		
VO_Goff_Grukk_attack.ogg	GOF1	Grukk Face-Rippa	Goff	attack	Grr!	Ruff!						content-word		1
VO_Goff_Grukk_cantDo.ogg	GOF1	Grukk Face-Rippa	Goff	cantdo	Go do that!	Can't do that.						content-word		1
VO_Goff_Grukk_concede.ogg	GOF1	Grukk Face-Rippa	Goff	concede	I don't want to kill you just yet. Let's scrap again, another day.	Don't wanna kill you just yet. Let's scrap again. Another day.						content-word		1
VO_Goff_Grukk_death.ogg	GOF1	Grukk Face-Rippa	Goff	death	C'mon!	*BRAWR*						content-word		1
VO_Goff_Grukk_gen1.ogg	GOF1	Grukk Face-Rippa	Goff	gen1	Don't you forget who's in charge.	Don't you forget who's in charge.						exact		
VO_Goff_Grukk_gen2.ogg	GOF1	Grukk Face-Rippa	Goff	gen2	You think you're better? Come and have a go then!	Yous think you're better. Come and have a go then!						content-word		1
VO_Goff_Grukk_gen3.ogg	GOF1	Grukk Face-Rippa	Goff	gen3	Me's too tough for death.	Me's too tough for death.						exact		
VO_Goff_Grukk_gen4.ogg	GOF1	Grukk Face-Rippa	Goff	gen4	There's some fighting to do!	There's some fighting to do!						exact		
VO_Goff_Grukk_gen5.ogg	GOF1	Grukk Face-Rippa	Goff	gen5	Here we go, here we go, here we go.	Here we go, here we go, here we go.						exact		
VO_Goff_Grukk_gen6.ogg	GOF1	Grukk Face-Rippa	Goff	gen6	What gags? What takes? What stumbags?	What gangs, what tanks, what stumpeys!						content-word		1
VO_Goff_Grukk_gen7.ogg	GOF1	Grukk Face-Rippa	Goff	gen7	WOOOOOOO	WOOOOOOAAAAAAA!						content-word		1
VO_Goff_Grukk_greet.ogg	GOF1	Grukk Face-Rippa	Goff	greet	You better be ready!	You better be ready!						exact		
VO_Goff_Grukk_hurry.ogg	GOF1	Grukk Face-Rippa	Goff	hurry	I'm bored. Where's the fightin'?	I'm bored. Where's the fight heading?						content-word		1
VO_Goff_Grukk_intro.ogg	GOF1	Grukk Face-Rippa	Goff	intro	Let's get some action, boys!	Let's get some action, boys!						exact		
VO_Goff_Grukk_mirror.ogg	GOF1	Grukk Face-Rippa	Goff	mirror	I'm ready for a scrap!	I'm ready for a scrap!						exact		
VO_Goff_Grukk_tbc.ogg	GOF1	Grukk Face-Rippa	Goff	tbc	Time to go all kill-y-like!	Time to go all killy-like!						content-word		1
VO_Goff_Grukk_threat.ogg	GOF1	Grukk Face-Rippa	Goff	threat	Let's see how smart you are without your head.	Let's see how smart you are without your head.						exact		
VO_Goff_Grukk_vsAbaddon.ogg	GOF1	Grukk Face-Rippa	Goff	vsabaddon	CRUSH THEM SPIKEY LADS BOYS!	Crush them spiky lads, boys!						content-word		1
VO_Goff_Grukk_vsNemesor.ogg	GOF1	Grukk Face-Rippa	Goff	vsnemesor	We got butt boys here! Time for some good scrapping!	We got Bop Boys here! Time for some good scrapping!						content-word		1
VO_Goff_Grukk_vsTyranid.ogg	GOF1	Grukk Face-Rippa	Goff	vstyranid	Bug boys are back on the menu, lads!	Bug boys are back on the menu, lads!						exact		
VO_Goff_Grukk_vsUM.ogg	GOF1	Grukk Face-Rippa	Goff	vsum	Take them blue helmets, boys. They bring good orky luck.	Take them blue helmets, boys. They bring good orky luck.						exact		
VO_Goff_Grukk_wp.ogg	GOF1	Grukk Face-Rippa	Goff	wp	You got a lot of Orky, know what's?	You got a lot of orky know-whats.						content-word		1
VO_Goff_Gunwagon - Big dakka's da bestest dakka.ogg	GOF36	Gunwagon	Goff	line	Big Decker is the bestest Decker!	Big Deckers the besties, Naka!	Big dakka's da bestest dakka	0.800		0.522		content-word		1
VO_Goff_Hornhelmz Boy - Charge em boyz jus like der Horned Bull.ogg	GOF12	Hornhelmz Boy	Goff	line	Charge on boys, just like a home bow.	Charge him, boys! Just like the hornbow!	Charge em boyz jus like der Horned Bull	0.750		0.406		content-word		1
VO_Goff_Killa Kan - Which button makes this fing go.ogg	GOF24	Killa Kan	Goff	line	This part makes his finger go!	Whispower makes this thing go!	Which button makes this fing go	0.667		0.423		content-word		1
VO_Goff_Kommando - Shut yer gobs time ta get all sneakylike.ogg	GOF34	Kommando	Goff	line	Say your guns! Time to get all sneaky like!	Shut your gums! Time to get all sneaky-like.	Shut yer gobs time ta get all sneakylike	0.750		0.242		content-word		1
VO_Goff_Makari - Ready for fightin boss.ogg	GOF5	Makari the Grot	Goff	line	Ready for fighting boss?	Ready for fighting, boss!	Ready for fightin boss	0.250		0.053		case-punct-only		
VO_Goff_Meganob Ugrak - Make Gork proud boyz.ogg	GOF28	Meganob Ugrak	Goff	line	Michael Pratt Boys	My Gulp Pryor Boys.	Make Gork proud boyz	1.000		0.647		content-word		1
VO_Goff_Mekboy Gazmek-Orks are da best at scrappin.ogg	GOF25	Mekboy Gazmek	Goff	line	Orcs are the best at scrapping.	Orcs are the best at scrapping.						exact		
VO_Goff_Ork Boy - Oo wantz ta taste me choppa first.ogg	GOF7	Ork Boy	Goff	line	Who wants to taste me chopper first?	Who wants to taste me chopper first?	Oo wantz ta taste me choppa first	0.571		0.222		exact		
VO_Goff_Ork Nob - Orkz is made fer two fings only fightin and winnin.ogg	GOF20	Ork Nob	Goff	line	Ork's is made for two things only.  Fighting and winning!	Orcs is made for two things only: fighting and winning!	Orkz is made fer two fings only fightin and winnin	0.500		0.146		content-word		1
VO_Goff_Painboy Sniklaw - Thisll hurt you more than it hurts me.ogg	GOF26	PainBoy Sniklaw	Goff	line	Is alert you more than alert me?	It'll hurt you more than it'll hurt me.	Thisll hurt you more than it hurts me	0.500		0.333		content-word		1
VO_Goff_Rukkatrukk Squigbuggy_Go lil' chompa Do yer fing.ogg	GOF29	Rukkatrukk Squigbuggy	Goff	line	Go little chumpa, do your thing.	Go, little chumpa. Do your thing.						case-punct-only		
VO_Goff_Shoota Boy - Orky dakka is dead killy.ogg	GOF13	Shoota Boy	Goff	line	Okidaka is dead killie.	Walkie dacca is dead, Killy.	Orky dakka is dead killy	0.600		0.250		content-word		1
VO_Goff_Skarboy Nob - Watch that stupid gob of yours.ogg	GOF21	Skarboy Nob	Goff	line	What's that stupid gobba yours?	Watch that stupid gob of yours.	Watch that stupid gob of yours	0.500		0.200		content-word		1
VO_Goff_Slugga Boy - Stop movin Iz want ta hit yereds.ogg	GOF8	Slugga Boy	Goff	line	Stop moving! I just want to hit your head!	Stop moving! I just want to hit your head!	Stop movin Iz want ta hit yereds	0.857		0.423		exact		
VO_Goff_Spanner - Still not workin Den I hitz it arder.ogg	GOF14	Ork Spanner	Goff	line	Still not working, Ruth. Then I hit you in order.	Still not working. Then I hit it harder.	Still not workin Den I hitz it arder	0.875		0.414		content-word		1
VO_Goff_Stompa - STOMP.ogg	GOF39	Stompa	Goff	line	Stompa, Goff.	*gunshot*	STOMP					content-word	stage-direction	
VO_Goff_Stormboy - Once Iz get goin there aint no stoppin.ogg	GOF9	Stormboy	Goff	line	What's all this going? There ain't no storming!	Once all gets going, there ain't no storming!	Once Iz get goin there aint no stoppin	0.750		0.484		content-word		1
VO_Goff_Tankbusta - Saved me boomiest rokkit just fer you.ogg	GOF30	Tankbusta	Goff	line	Save me, boomiest rocket just for you.	Save me boomiest rocket just for you.	Saved me boomiest rokkit just fer you	0.429		0.129		case-punct-only		
VO_Goff_Veteran Stormboy - Are you ready to go boom.ogg	GOF9	Stormboy	Goff	line	Are you ready? Like a boom!	Are you ready? I go boom!	Are you ready to go boom	0.333		0.263		content-word		1
VO_Goff_Warbiker - Dont fink youz can outrunz me.ogg	GOF15	Warbiker	Goff	line	Don't think you can outsource me!	Don't think you can outfudge me!	Dont fink youz can outrunz me	0.667		0.333		content-word		1
VO_Goff_Zagstruk_attack.ogg	GOF2	Boss Zagstruk	Goff	attack	UGH!	*Gh*						content-word		1
VO_Goff_Zagstruk_cantDo.ogg	GOF2	Boss Zagstruk	Goff	cantdo	Don't do that!	Can't do that!						content-word		1
VO_Goff_Zagstruk_concede.ogg	GOF2	Boss Zagstruk	Goff	concede	We'll be back for more!	We'll be back for more!						exact		
VO_Goff_Zagstruk_death.ogg	GOF2	Boss Zagstruk	Goff	death	AHHHHH!	AHHHHH!						exact		
VO_Goff_Zagstruk_gen1.ogg	GOF2	Boss Zagstruk	Goff	gen1	If he's win, he's win. If he dies fighting, now don't count.	If we win, we win! If we die, we fight! That don't count!						content-word		1
VO_Goff_Zagstruk_gen2.ogg	GOF2	Boss Zagstruk	Goff	gen2	Here's the boss! Ha ha ha!	Who's the boss?						content-word		1
VO_Goff_Zagstruk_gen3.ogg	GOF2	Boss Zagstruk	Goff	gen3	RAPHIN STOPSY OAKS!	RAVENGE JOBS THE OAKS!						content-word		1
VO_Goff_Zagstruk_gen4.ogg	GOF2	Boss Zagstruk	Goff	gen4	Drop all of that bombs, boys!	Drop on them like bombs, boys!						content-word		1
VO_Goff_Zagstruk_gen5.ogg	GOF2	Boss Zagstruk	Goff	gen5	Good shoo-in! Now it's time for some chopping!	Good shooing. Last hour for some chobbing.						content-word		1
VO_Goff_Zagstruk_gen6.ogg	GOF2	Boss Zagstruk	Goff	gen6	No clever at might, you's made me angry.	Not clever that mate! You's made me angry!						content-word		1
VO_Goff_Zagstruk_gen7.ogg	GOF2	Boss Zagstruk	Goff	gen7	Too many parents alive!  Ah, that's easy to fix!	Too many bad ins alive! Well, that's easy to fix!						content-word		1
VO_Goff_Zagstruk_greet.ogg	GOF2	Boss Zagstruk	Goff	greet	Give race on Chloria!	"""Gaverage on Gloria!"""						content-word		1
VO_Goff_Zagstruk_hurry.ogg	GOF2	Boss Zagstruk	Goff	hurry	UGH, THE EMOGIES PROBATS OFF!	*Gasps* The Amogis Probataff!						content-word		1
VO_Goff_Zagstruk_intro.ogg	GOF2	Boss Zagstruk	Goff	intro	DEATH FROM ABOVE!	DEATH FROM ABOVE!						exact		
VO_Goff_Zagstruk_mirror.ogg	GOF2	Boss Zagstruk	Goff	mirror	Land with your boots first, boys!	Land with your boots first, boys!						exact		
VO_Goff_Zagstruk_threat.ogg	GOF2	Boss Zagstruk	Goff	threat	Yes, Goff's going right on my pointy stick!	Yes goals going right on me pointy stick.						content-word		1
VO_Goff_Zagstruk_vsTBC2.ogg	GOF2	Boss Zagstruk	Goff	vstbc2	MADE OF BATONS O' CROVED AND STOMPED!	May the barons all crammed and stomped.						content-word		1
VO_Goff_Zagstruk_vsTBC3.ogg	GOF2	Boss Zagstruk	Goff	vstbc3	Fight all you want, or cram your either way dick.	Fight all you want or crumb your either way, dick!						content-word		1
VO_Goff_Zagstruk_vsTBC4.ogg	GOF2	Boss Zagstruk	Goff	vstbc4	Mark Laws are made for chewing, and that's just what they'll do.	My claws are made for chewing, and that's just what they'll do.						content-word		1
VO_Goff_Zagstruk_wp.ogg	GOF2	Boss Zagstruk	Goff	wp	Ahh! Very ugly that was!	Ha! Very ugly that was!						content-word		1
VO_NOT USED_UM_Primaris Judiciar - You're not ready to take on a foe like me.ogg	UM32	Primaris Judiciar	Ultramarines	line	You're not ready to take on a foe like me.	You're not ready to take on a foe like me.	You're not ready to take on a foe like me	0.000		0.000		exact		
VO_Ork_Beast Snagga Boy - I'z gonna rip you ta bits! (Andrew).ogg	GOF78	Beast Snagga Boy	Goff	line	Oh, she's gonna rip you to bits.	Ozzy's gonna rip you to bits!	I'z gonna rip you ta bits!	0.500		0.368		content-word		1
VO_Ork_Beast Snagga Nob - Where's da biggest trophy_! (Andrew).ogg	GOF81	Beast Snagga Nob	Goff	line	Where's the biggest trophy?	Where's the biggest trophy?	Where's da biggest trophy_!	0.250		0.143		exact		
VO_Ork_Beastboss Morgrim_attack.ogg	GOF75	Beastboss Morgrim	Goff	attack	Ah!	*Gah*						content-word		1
VO_Ork_Beastboss Morgrim_cantDo.ogg	GOF75	Beastboss Morgrim	Goff	cantdo	Why not then?	What's happening?						content-word		1
VO_Ork_Beastboss Morgrim_concede.ogg	GOF75	Beastboss Morgrim	Goff	concede	This runs too much for us!	This was too much for us!						content-word		1
VO_Ork_Beastboss Morgrim_death.ogg	GOF75	Beastboss Morgrim	Goff	death	UGH!	*Groan*						content-word		1
VO_Ork_Beastboss Morgrim_gen1.ogg	GOF75	Beastboss Morgrim	Goff	gen1	My squid's got your game is on!	Me squeak's got your git in his eye!						content-word		1
VO_Ork_Beastboss Morgrim_gen2.ogg	GOF75	Beastboss Morgrim	Goff	gen2	Ha! Die is gonna be Srammled!	Ha! That is gonna be scrambled!						content-word		1
VO_Ork_Beastboss Morgrim_gen3.ogg	GOF75	Beastboss Morgrim	Goff	gen3	Next one better put up a good scrap.	Next one better put up a good scrap.						exact		
VO_Ork_Beastboss Morgrim_gen4.ogg	GOF75	Beastboss Morgrim	Goff	gen4	You fart like a tape-flip squig!	You fight like a teethless squig!						content-word		1
VO_Ork_Beastboss Morgrim_gen5.ogg	GOF75	Beastboss Morgrim	Goff	gen5	How's your trap, girl? Chloridoff!	Hold your trap or I'll claw it off!						content-word		1
VO_Ork_Beastboss Morgrim_gen6.ogg	GOF75	Beastboss Morgrim	Goff	gen6	Hold still! I was trying to chop ya!	Hold still! I was trying to chop ya!						exact		
VO_Ork_Beastboss Morgrim_gen7.ogg	GOF75	Beastboss Morgrim	Goff	gen7	Where's my squiggish soul?  Why's I'm woken?	Where's my squeaking straw? Why's I walking?						content-word		1
VO_Ork_Beastboss Morgrim_greet.ogg	GOF75	Beastboss Morgrim	Goff	greet	Okay, that's me on ya!	Hope you got some meat on ya!						content-word		1
VO_Ork_Beastboss Morgrim_hurry.ogg	GOF75	Beastboss Morgrim	Goff	hurry	No more thinking! There's nothing to do!	No more thinking! There's chopping to do!						content-word		1
VO_Ork_Beastboss Morgrim_intro.ogg	GOF75	Beastboss Morgrim	Goff	intro	Before I caught four in a good hunt, I was making one!	If I can't find a good hunt, I'm making one!						content-word		1
VO_Ork_Beastboss Morgrim_mirror.ogg	GOF75	Beastboss Morgrim	Goff	mirror	Time to bag me a priggan!	Time to bag me a big one!						content-word		1
VO_Ork_Beastboss Morgrim_threat.ogg	GOF75	Beastboss Morgrim	Goff	threat	You dead make it!	You did make it!						content-word		1
VO_Ork_Beastboss Morgrim_vsAstraMilitarum.ogg	GOF75	Beastboss Morgrim	Goff	vsastramilitarum	The humies always think they're smart, and then they get crumped!	The humans always think they're smart, and then they get crumped!						content-word		1
VO_Ork_Beastboss Morgrim_vsDarkAngels.ogg	GOF75	Beastboss Morgrim	Goff	vsdarkangels	Your feet wearing green makes you tough.  I'll show you what's what.	You think wearing green makes you tough? I'll show you what's what.						content-word		1
VO_Ork_Beastboss Morgrim_vsMozrog.ogg	GOF75	Beastboss Morgrim	Goff	vsmozrog	We could get a proper feast out of that squig!	We could get a proper feast out of that squig.						case-punct-only		
VO_Ork_Beastboss Morgrim_vsShadowsun.ogg	GOF75	Beastboss Morgrim	Goff	vsshadowsun	Special suits? We'll give them a good crump in anyway.	Special suits? We'll give them a good crump in anyway.						exact		
VO_Ork_Beastboss Morgrim_vsTyranids.ogg	GOF75	Beastboss Morgrim	Goff	vstyranids	More bugsies. Even grots won't eat that.	More bugsies! Even crotch won't eat that!						content-word		1
VO_Ork_Beastboss Morgrim_wp.ogg	GOF75	Beastboss Morgrim	Goff	wp	This one's proper killy boys!	This one's proper killy, boys.						case-punct-only		
VO_Ork_Beastboss on Squigosaur - Da hunt is on! Waaagh! (Andrew).ogg	GOF90	Beastboss on Squigosaur	Goff	line	The hunt is on!  WAAAARGH!	Da Hunt Asian!	Da hunt is on! Waaagh!	0.400		0.312		content-word		1
VO_Ork_Gargantuan Squiggoth - Mighty bellow (SFX).ogg	GOF96	Gargantuan Squiggoth	Goff	line	BOOM!	*BOOM*	Mighty bellow					case-punct-only	stage-direction	
VO_Ork_Goff_Big Choppa Nob - I'z gonna rip da world in ’arf.ogg	GOF_Big_Choppa_Nob	Big Choppa Nob	Goff	line	I'm just gonna rip the world in half!	I was gonna rip the world it off!	I'z gonna rip da world in ’arf	0.571		0.455		content-word		1
VO_Ork_Goff_Boss Nob - Yer face is callin' fer a good klawin'.ogg	GOF_Boss_Nob	Boss Nob	Goff	line	Your fight is going for good chlorine!	Your face is going for a good clawing.	Yer face is callin' fer a good klawin'	0.750		0.621		content-word		1
VO_Ork_Goff_Gordrang_Backup1.ogg	GOF_Warboss_Gordrang	Warboss Gordrang	Goff	backup1	We're gonna trap the galaxy!	We're gonna trap the galaxy!						exact		
VO_Ork_Goff_Gordrang_Backup2.ogg	GOF_Warboss_Gordrang	Warboss Gordrang	Goff	backup2	Even filthy grunts is more cunning than yous!	Even filthy gruts is more cunning than you!						content-word		1
VO_Ork_Goff_Gordrang_Backup3.ogg	GOF_Warboss_Gordrang	Warboss Gordrang	Goff	backup3	You're gonna show me a fight.	You're gonna stomp your face!						content-word		1
VO_Ork_Goff_Gordrang_Backup4.ogg	GOF_Warboss_Gordrang	Warboss Gordrang	Goff	backup4	None of your shooty bits will get past me all!	Now they all shoot me, bitch, who get past me over!						content-word		1
VO_Ork_Goff_Gordrang_Backup6.ogg	GOF_Warboss_Gordrang	Warboss Gordrang	Goff	backup6	No fighting! We are some stumping!	No fighting! We had some stomping!						content-word		1
VO_Ork_Goff_Gordrang_attack.ogg	GOF_Warboss_Gordrang	Warboss Gordrang	Goff	attack	Nyeh!	Blech!						content-word		1
VO_Ork_Goff_Gordrang_cantDo.ogg	GOF_Warboss_Gordrang	Warboss Gordrang	Goff	cantdo	No can do, boss.	No can do, boss.						exact		
VO_Ork_Goff_Gordrang_concede.ogg	GOF_Warboss_Gordrang	Warboss Gordrang	Goff	concede	BOOX IS NEVER BEYOND!	Hawks is never beaten!						content-word		1
VO_Ork_Goff_Gordrang_death.ogg	GOF_Warboss_Gordrang	Warboss Gordrang	Goff	death	Grrrr.	*Rawr*						content-word		1
VO_Ork_Goff_Gordrang_gen1.ogg	GOF_Warboss_Gordrang	Warboss Gordrang	Goff	gen1	Stomp them gates, then chop them, then stomp them again.	Stomp him, Gets! Then chop him! Then stomp him again!						content-word		1
VO_Ork_Goff_Gordrang_gen2.ogg	GOF_Warboss_Gordrang	Warboss Gordrang	Goff	gen2	I'm kinda afraid of nothing.	Folks ain't afraid of nothing!						content-word		1
VO_Ork_Goff_Gordrang_gen3.ogg	GOF_Warboss_Gordrang	Warboss Gordrang	Goff	gen3	Voice of Gordrang, is our strongholds, Yob.	Most of the land is our strong old job.						content-word		1
VO_Ork_Goff_Gordrang_gen4.ogg	GOF_Warboss_Gordrang	Warboss Gordrang	Goff	gen4	Ha ha! War's life! What a good script!	Haha! Worst life! Good scrat!						content-word		1
VO_Ork_Goff_Gordrang_gen5.ogg	GOF_Warboss_Gordrang	Warboss Gordrang	Goff	gen5	I get no mug in a bag!	Oi, git! No muckin' about!						content-word		1
VO_Ork_Goff_Gordrang_gen6.ogg	GOF_Warboss_Gordrang	Warboss Gordrang	Goff	gen6	We was born to fight and win!	We was born to fight and win!						exact		
VO_Ork_Goff_Gordrang_gen7.ogg	GOF_Warboss_Gordrang	Warboss Gordrang	Goff	gen7	The bigger the war, the bra!	The bigger, the more, the better!						content-word		1
VO_Ork_Goff_Gordrang_greet.ogg	GOF_Warboss_Gordrang	Warboss Gordrang	Goff	greet	Ha ha ha! You look like some decent brown fish!	Ha ha ha! You looks like some decent practice!						content-word		1
VO_Ork_Goff_Gordrang_hurry.ogg	GOF_Warboss_Gordrang	Warboss Gordrang	Goff	hurry	NEED TO FIGHT!	We need to fight!						content-word		1
VO_Ork_Goff_Gordrang_intro.ogg	GOF_Warboss_Gordrang	Warboss Gordrang	Goff	intro	Let's stomp them good lads!	Let's stop them good, lads!						content-word		1
VO_Ork_Goff_Gordrang_mirror.ogg	GOF_Warboss_Gordrang	Warboss Gordrang	Goff	mirror	There's only room for one boss here.	There's only room for one boss here.						exact		
VO_Ork_Goff_Gordrang_threat.ogg	GOF_Warboss_Gordrang	Warboss Gordrang	Goff	threat	METUPA IS UNGREED FOR YOUR EIGHT!	Me chopper is angry for your head!						content-word		1
VO_Ork_Goff_Gordrang_vsAbaddon.ogg	GOF_Warboss_Gordrang	Warboss Gordrang	Goff	vsabaddon	It's buggy boys with a proper script, come on in!	You Spunky boys want a proper scrap? Come on then!						content-word		1
VO_Ork_Goff_Gordrang_vsEliac.ogg	GOF_Warboss_Gordrang	Warboss Gordrang	Goff	vseliac	Oi! None of them tricks! You stay stills, you hot and crummy-er!	Oi! None of them tricks! You stay still, short and cramp ya!						content-word		1
VO_Ork_Goff_Gordrang_vsGhazghkull.ogg	GOF_Warboss_Gordrang	Warboss Gordrang	Goff	vsghazghkull	Let's see if you is as odd as I say you all.	Let's see if you is as hard as I say you are.						content-word		1
VO_Ork_Goff_Gordrang_vsOMaisos.ogg	GOF_Warboss_Gordrang	Warboss Gordrang	Goff	vsomaisos	Let's see if your special saints can handle a good crumbin'!	Let's see if your special suits can handle a good cramping!						content-word		1
VO_Ork_Goff_Gordrang_wp.ogg	GOF_Warboss_Gordrang	Warboss Gordrang	Goff	wp	Voice is your cunning and brutal.	I sees you cunning and brutal.						content-word		1
VO_Ork_Goff_Krumpaklaw - I'z chop ya like yer dead meat.ogg	GOF_Krumpaklaw	Krumpaklaw	Goff	line	Oh, shut up you liar!  Dead meat!	I'll chop you like you dead meat!	I'z chop ya like yer dead meat	0.714		0.522		content-word		1
VO_Ork_Goff_Megablasta Deffkopta - Ere comes da show-stoppa.ogg	GOF19	Deffkopta	Goff	line	Here comes the showstopper!	Here comes the showstopper!	Ere comes da show-stoppa	0.800		0.300		exact		
VO_Ork_Goff_Rokkit Boy - Da only fing betta than dakka are boomy rokkits.ogg	GOF_Rokkit_Boy	Rokkit Boy	Goff	line	The only thing better than that guy are BOOMY Rokkits!	The only thing better than DACA are boomy rockets.	Da only fing betta than dakka are boomy rokkits	0.556		0.333		content-word		1
VO_Ork_Goff_Stikkboy - No time for finkin' only time for krumpin'.ogg	GOF_Stikkbomb_Boy	Stikkbomb Boy	Goff	line	I'm time for thinking, I'm the time for cramming.	No time for thinking, only time for cramping.	No time for finkin' only time for krumpin'	0.625		0.424		content-word		1
VO_Ork_Grot Orderly - Here boss I'z going back for more! (Andrew).ogg	GOF79	Grot Orderly	Goff	line	Here boss, let's go in back for more!	Here, boss. I was going back for more.	Here boss I'z going back for more!	0.429		0.192		content-word		1
VO_Ork_Grot on Bombsquig - Da boss always gots da best ideas! (Andrew).ogg	GOF82	Grot on Bombsquig	Goff	line	The boss always got the best ideas!	The boss always gots the best ideas!	Da boss always gots da best ideas!	0.429		0.222		content-word		1
VO_Ork_Hunta Rig - Load up da boyz we'z got huntin' ta do! (Joey).ogg	GOF92	Hunta Rig	Goff	line	Load up the boys, we's got hunting to do!	Load up the boys, we's got hunting to do.	Load up da boyz we'z got huntin' ta do!	0.556		0.250		case-punct-only		
VO_Ork_Kill Rig - Da wurrboy guids us ta do da best huntin! (Andrew).ogg	GOF94	Kill Rig	Goff	line	The world boy guides us to do the best hunting.	The War Boy guides us to do the best hunting.	Da wurrboy guids us ta do da best huntin!	0.778		0.375		content-word		1
VO_Ork_Mozrog Skragbad_attack.ogg	GOF76	Mozrog Skragbad	Goff	attack	UGH!	RUH!						content-word		1
VO_Ork_Mozrog Skragbad_cantDo.ogg	GOF76	Mozrog Skragbad	Goff	cantdo	No can do.	No can do!						case-punct-only		
VO_Ork_Mozrog Skragbad_concede.ogg	GOF76	Mozrog Skragbad	Goff	concede	Damn, he squigs a better company.	Me squigs are better company.						content-word		1
VO_Ork_Mozrog Skragbad_death.ogg	GOF76	Mozrog Skragbad	Goff	death	MMMMMMMMMMMMMMMMMMMM	BLEW!						content-word		1
VO_Ork_Mozrog Skragbad_gen1.ogg	GOF76	Mozrog Skragbad	Goff	gen1	Me gut-rippers getting thirsty!	Me gut rippers getting thirsty!						case-punct-only		
VO_Ork_Mozrog Skragbad_gen2.ogg	GOF76	Mozrog Skragbad	Goff	gen2	Me's tougher than a rock skrag!	Me's tougher than a rock squig!						content-word		1
VO_Ork_Mozrog Skragbad_gen3.ogg	GOF76	Mozrog Skragbad	Goff	gen3	That's gonna make some good trophy.	That's gonna make some good trophy.						exact		
VO_Ork_Mozrog Skragbad_gen4.ogg	GOF76	Mozrog Skragbad	Goff	gen4	Waaaaaah!	WAAAAAAA!						content-word		1
VO_Ork_Mozrog Skragbad_gen5.ogg	GOF76	Mozrog Skragbad	Goff	gen5	What? I wasn't listening.	What? I wasn't listening.						exact		
VO_Ork_Mozrog Skragbad_gen6.ogg	GOF76	Mozrog Skragbad	Goff	gen6	Way's gonna swallow your hoe.	Wey's gonna swallow ya ho!						content-word		1
VO_Ork_Mozrog Skragbad_gen7.ogg	GOF76	Mozrog Skragbad	Goff	gen7	We ain't here to muck a bat, do your thing!	We ain't here to muck about! Do your thing!						content-word		1
VO_Ork_Mozrog Skragbad_greet.ogg	GOF76	Mozrog Skragbad	Goff	greet	You're just in a way of me prey.	You're just in the way of me prey.						content-word		1
VO_Ork_Mozrog Skragbad_hurry.ogg	GOF76	Mozrog Skragbad	Goff	hurry	Just stop some git!	Just stop some git!						exact		
VO_Ork_Mozrog Skragbad_intro.ogg	GOF76	Mozrog Skragbad	Goff	intro	Reprise close, I can smell it.	Me prey's close. I can smell it.						content-word		1
VO_Ork_Mozrog Skragbad_mirror.ogg	GOF76	Mozrog Skragbad	Goff	mirror	Now one's got some mighty teeth, for now.	That one's got some mighty teeth. For now.						content-word		1
VO_Ork_Mozrog Skragbad_threat.ogg	GOF76	Mozrog Skragbad	Goff	threat	Big Jopper's Gats is a Rumbling.	Big Chopper's guts is a-rumbling.						content-word		1
VO_Ork_Mozrog Skragbad_vsBL.ogg	GOF76	Mozrog Skragbad	Goff	vsbl	Big chump, I'll eat you, so, SPIKE SHITTLE!	Big Chomper, it usual. Spikes it all.						content-word		1
VO_Ork_Mozrog Skragbad_vsMorgrim.ogg	GOF76	Mozrog Skragbad	Goff	vsmorgrim	Only me getting swamped here is yours if you don't quit flapping your gub.	Only meat getting chomped here is yours if you don't quit flapping, you gob!						content-word		1
VO_Ork_Mozrog Skragbad_vsSwarmlord.ogg	GOF76	Mozrog Skragbad	Goff	vsswarmlord	And here I am, the auto-weight jump.	The bigger they are, the hard-await chump.						content-word		1
VO_Ork_Mozrog Skragbad_vsTervigon.ogg	GOF76	Mozrog Skragbad	Goff	vstervigon	Bet that one'll put up a good fight!	Bet that one don't put up a good fight!						content-word		1
VO_Ork_Mozrog Skragbad_vsUM.ogg	GOF76	Mozrog Skragbad	Goff	vsum	Oi, big jump-ah! Your gut's getting lucky!	Oi, big chomper! Your gut's getting lucky!						content-word		1
VO_Ork_Mozrog Skragbad_wp.ogg	GOF76	Mozrog Skragbad	Goff	wp	BAD FOR A KIT!	Heh, not too bad for a git.						content-word		1
VO_Ork_Nob on Smasha Squig - Fasta! 'Dis one's gonna get messy (Andrew).ogg	GOF87	Nob on Smasha Squig	Goff	line	Faster! This one's gonna get messy!	Faster! This one's gonna get messy!	Fasta! 'Dis one's gonna get messy	0.333		0.160		exact		
VO_Ork_Painboss - Shut yer gob or I'z smack you with yer own bits! (Andrew).ogg	GOF93	Painboss	Goff	line	Shut your gob or I'll smack you with your own bits!	Suck your gob or I'll smack you with your own bits!	Shut yer gob or I'z smack you with yer own bits!	0.273		0.167		content-word		1
VO_Ork_Runtherd - If ya ain't bitin' ya ain't worth keepin'! (Andrew).ogg	GOF83	Runtherd	Goff	line	If you ain't biting, you ain't worth keeping.	If you ain't biting, you ain't worth keeping.	If ya ain't bitin' ya ain't worth keepin'!	0.500		0.200		exact		
VO_Ork_Snakebite Battlewagon - Da biggest wheels get da biggest kills! (Andrew).ogg	GOF95	Snakebite Battlewagon	Goff	line	The biggest wheels get the biggest kills!	The biggest wheels get the biggest kills!	Da biggest wheels get da biggest kills!	0.286		0.188		exact		
VO_Ork_Snakebite Grot - C'mon you lot! Da boss needs us! (Andrew).ogg	GOF77	Snakebite Grot	Goff	line	Come on, you lot! The boss needs us!	Come on, you lot! The boss needs us!	C'mon you lot! Da boss needs us!	0.429		0.217		exact		
VO_Ork_Snakebite Nob - No zoggin' tricks just proper choppin'! (Joey).ogg	GOF84	Snakebite Nob	Goff	line	No soggy tricks! Just proper chopping!	No soggy tricks! Just proper chopping!	No zoggin' tricks just proper choppin'!	0.333		0.129		exact		
VO_Ork_Squighog Boy - Me squig's noggin's 'arder dan yours! (Andrew).ogg	GOF78	Beast Snagga Boy	Goff	line	My squigs noggings harder than yours!	My Squig's nogging's harder than yours.	Me squig's noggin's 'arder dan yours!	0.833		0.179		content-word		1
VO_Ork_Thump Gun Beast Snagga - Diz is gonna hurt! (Andrew).ogg	GOF80	Thump Gun Beast Snagga	Goff	line	This is gonna hurt!	This is gonna hurt!	Diz is gonna hurt!	0.250		0.214		exact		
VO_Ork_Unleashed Tramplasquig - Bestial roar (SFX).ogg	GOF85	Unleashed TramplaSquig	Goff	line	Roar Roar Roar	*Gunshot*	Bestial roar					content-word	stage-direction	
VO_Ork_Weridboy - Me skull's a-buzzin' You'z gettin' da zzap! (Andrew).ogg	GOF91	Weirdboy	Goff	line	Me skulls a buzzing, use get in da zap!	My skulls are buzzing. You's getting to zap.	Me skull's a-buzzin' You'z gettin' da zzap!	0.750		0.194		content-word		1
VO_Ork_Wurrboy - Da Waaagh's in me bones! Come an 'ave a taste! (Andrew).ogg	GOF89	Wurrboy	Goff	line	The war's in me bones! Come and have a taste!	The war's in me bones. Come and have a taste.	Da Waaagh's in me bones! Come an 'ave a taste!	0.400		0.273		case-punct-only		
VO_Ork_Zodgrod Wortsnagga - Me grots’ll show ya gitz how ta fight! (Joey).ogg	GOF86	Zodgrod Wortsnagga	Goff	line	Me grots will show ya gets out of fire!	Me grots will show you gits how to fight!	Me grots’ll show ya gitz how ta fight!	0.556		0.379		content-word		1
VO_SaimHann_Anvirr_attack.ogg	ASH1	Anvirr Keltoc	SaimHann	attack	YAH!	Yeah!						content-word		1
VO_SaimHann_Anvirr_cant.ogg	ASH1	Anvirr Keltoc	SaimHann	cantdo	I cannot do that.	I cannot do that.						exact		
VO_SaimHann_Anvirr_concede.ogg	ASH1	Anvirr Keltoc	SaimHann	concede	Come warriors, our salvation lies not here.	Come warriors, our salvation lies not here.						exact		
VO_SaimHann_Anvirr_death.ogg	ASH1	Anvirr Keltoc	SaimHann	death		*cough*						b-only		1
VO_SaimHann_Anvirr_gen1.ogg	ASH1	Anvirr Keltoc	SaimHann	gen1	Although stained red, I must walk this path.	Although stained red, I must walk this path.						exact		
VO_SaimHann_Anvirr_gen2.ogg	ASH1	Anvirr Keltoc	SaimHann	gen2	I could not be broken before and I will not be broken now.	I could not be broken before and I will not be broken now.						exact		
VO_SaimHann_Anvirr_gen3.ogg	ASH1	Anvirr Keltoc	SaimHann	gen3	Each one of your vile deeds begets a dire consequence.	Each one of your vile deeds begets a dire consequence.						exact		
VO_SaimHann_Anvirr_gen4.ogg	ASH1	Anvirr Keltoc	SaimHann	gen4	There is always a way, I always find it.	There is always a way. I always find it.						case-punct-only		
VO_SaimHann_Anvirr_gen5.ogg	ASH1	Anvirr Keltoc	SaimHann	gen5	Never engage in a battle, if you have not seen the outcome.	Never engage in a battle if you have not seen the outcome.						case-punct-only		
VO_SaimHann_Anvirr_gen6.ogg	ASH1	Anvirr Keltoc	SaimHann	gen6	I know what it is to lose everything, and I shall not falter.	I know what it is to lose everything, and I shall not falter.						exact		
VO_SaimHann_Anvirr_gen7.ogg	ASH1	Anvirr Keltoc	SaimHann	gen7	You walk a path that leads to your own ruin.	You walk a path that leads to your own ruin.						exact		
VO_SaimHann_Anvirr_greet.ogg	ASH1	Anvirr Keltoc	SaimHann	greet	The strands of fate have guided me to this place.	The strands of fate have guided me to this place.						exact		
VO_SaimHann_Anvirr_hurry.ogg	ASH1	Anvirr Keltoc	SaimHann	hurry	Time is our enemy.	Time is our enemy.						exact		
VO_SaimHann_Anvirr_intro.ogg	ASH1	Anvirr Keltoc	SaimHann	intro	The hour of blood and clashing blades has come.	The hour of blood and clashing blades has come.						exact		
VO_SaimHann_Anvirr_mirror.ogg	ASH1	Anvirr Keltoc	SaimHann	mirror	I am tested time and time again, and yet I prevail.	I am tested time and time again, and yet I prevail.						exact		
VO_SaimHann_Anvirr_threat.ogg	ASH1	Anvirr Keltoc	SaimHann	threat	Your doom is close. I have foreseen it.	Your doom is close. I have foreseen it.						exact		
VO_SaimHann_Anvirr_vsCalgar.ogg	ASH1	Anvirr Keltoc	SaimHann	vscalgar	Your kind still has many crimes to answer for.	Your kind still has many crimes to answer for.						exact		
VO_SaimHann_Anvirr_vsHexscorn.ogg	ASH1	Anvirr Keltoc	SaimHann	vshexscorn	Your very presence corrupts that which lies beyond the veil.	Your very presence corrupts that which lies beyond the veil.						exact		
VO_SaimHann_Anvirr_vsOrikan.ogg	ASH1	Anvirr Keltoc	SaimHann	vsorikan	You think you can divine the truth, but you see only lies.	You think you can divine the truth, but you see only lies.						exact		
VO_SaimHann_Anvirr_vsZephyrblade.ogg	ASH1	Anvirr Keltoc	SaimHann	vszephyrblade	Retribution will come, but we must first assure our survival.	Retribution will come, but we must first assure our survival.						exact		
VO_SaimHann_Anvirr_wp.ogg	ASH1	Anvirr Keltoc	SaimHann	wp	I did not anticipate your success.	I did not anticipate your success.						exact		
VO_SaimHann_Ghaelyn_attack.ogg	ASH5	Medreyal Ghaelyn	SaimHann	attack	Agh!	Ugh!						content-word		1
VO_SaimHann_Ghaelyn_cantDo.ogg	ASH5	Medreyal Ghaelyn	SaimHann	cantdo	This cannot be done.	This cannot be done.						exact		
VO_SaimHann_Ghaelyn_concede.ogg	ASH5	Medreyal Ghaelyn	SaimHann	concede	The skins of fate are treacherous this day.	The schemes of fate are treacherous this day.						content-word		1
VO_SaimHann_Ghaelyn_death.ogg	ASH5	Medreyal Ghaelyn	SaimHann	death	Ugh!	Ugh!						exact		
VO_SaimHann_Ghaelyn_gen1.ogg	ASH5	Medreyal Ghaelyn	SaimHann	gen1	I will not let this sanctuary be corrupted.	I will not let this sanctuary be corrupted.						exact		
VO_SaimHann_Ghaelyn_gen2.ogg	ASH5	Medreyal Ghaelyn	SaimHann	gen2	My life has been spent preparing for this.	My life has been spent preparing for this.						exact		
VO_SaimHann_Ghaelyn_gen3.ogg	ASH5	Medreyal Ghaelyn	SaimHann	gen3	You are interlopers and you will be repelled.	You are interlopers, and you will be repelled.						case-punct-only		
VO_SaimHann_Ghaelyn_gen4.ogg	ASH5	Medreyal Ghaelyn	SaimHann	gen4	If you seek to anger me, you have failed.	If you seek to anger me, you have failed.						exact		
VO_SaimHann_Ghaelyn_gen5.ogg	ASH5	Medreyal Ghaelyn	SaimHann	gen5	Ace Swift Assault is the best approach.	A swift assault is the best approach.						content-word		1
VO_SaimHann_Ghaelyn_gen6.ogg	ASH5	Medreyal Ghaelyn	SaimHann	gen6	The farseers guide my hand this day.	The Farseers guide my hand this day.						case-punct-only		
VO_SaimHann_Ghaelyn_gen7.ogg	ASH5	Medreyal Ghaelyn	SaimHann	gen7	When the craft worlds unite, we will prevail.	When the craft worlds unite, we will prevail.						exact		
VO_SaimHann_Ghaelyn_greet.ogg	ASH5	Medreyal Ghaelyn	SaimHann	greet	Ready to face the might of the SaimHann.	Ready to face the might of the Saimhan.						content-word		1
VO_SaimHann_Ghaelyn_hurry.ogg	ASH5	Medreyal Ghaelyn	SaimHann	hurry	We must hurry.	We must hurry.						exact		
VO_SaimHann_Ghaelyn_intro.ogg	ASH5	Medreyal Ghaelyn	SaimHann	intro	Cleanse this place. We must protect the craft world.	Cleanse this place. We must protect the craft world.						exact		
VO_SaimHann_Ghaelyn_mirror.ogg	ASH5	Medreyal Ghaelyn	SaimHann	mirror	Traveling the web way brings many surprises.	Travelling the web way brings many surprises.						content-word		1
VO_SaimHann_Ghaelyn_threat.ogg	ASH5	Medreyal Ghaelyn	SaimHann	threat	Silent and unseen, I will bring your life to its end.	Silent and unseen, I will bring your life to its end.						exact		
VO_SaimHann_Ghaelyn_vs_Eliac.ogg	ASH5	Medreyal Ghaelyn	SaimHann	line	I will hold nothing back.	I will hold nothing back.						exact		
VO_SaimHann_Ghaelyn_vs_Haarken.ogg	ASH5	Medreyal Ghaelyn	SaimHann	line	You will never know peace, abomination.	You will never know peace, abomination.						exact		
VO_SaimHann_Ghaelyn_vs_Tyranids.ogg	ASH5	Medreyal Ghaelyn	SaimHann	line	These soulless abominations will devour all.	These soulless abominations will devour all.						exact		
VO_SaimHann_Ghaelyn_wp.ogg	ASH5	Medreyal Ghaelyn	SaimHann	wp	You have presented an unforeseen challenge.	You have presented an unforeseen challenge.						exact		
VO_SaimHann_Zephyrblade_attack.ogg	ASH3	Eliac Zephyrblade	SaimHann	attack	Yeah!	Hyah!						content-word		1
VO_SaimHann_Zephyrblade_cantDo.ogg	ASH3	Eliac Zephyrblade	SaimHann	cantdo	I cannot do this.	I cannot do this.						exact		
VO_SaimHann_Zephyrblade_concede.ogg	ASH3	Eliac Zephyrblade	SaimHann	concede	I must leave now, but this is not the end.	I must leave now, but this is not the end.						exact		
VO_SaimHann_Zephyrblade_death.ogg	ASH3	Eliac Zephyrblade	SaimHann	death	GAH!	Gah!						case-punct-only		
VO_SaimHann_Zephyrblade_gen1.ogg	ASH3	Eliac Zephyrblade	SaimHann	gen1	Strike and fade, Wild Riders, just like the Serpent.	Strike and fade, wild riders, just like the serpent.						case-punct-only		
VO_SaimHann_Zephyrblade_gen2.ogg	ASH3	Eliac Zephyrblade	SaimHann	gen2	How can you hope to fight against what you can't hit?	How can you hope to fight against what you can't hit?						exact		
VO_SaimHann_Zephyrblade_gen3.ogg	ASH3	Eliac Zephyrblade	SaimHann	gen3	Try to keep up with me.	Try to keep up with me.						exact		
VO_SaimHann_Zephyrblade_gen4.ogg	ASH3	Eliac Zephyrblade	SaimHann	gen4	I am as the wind.	I am as the wind.						exact		
VO_SaimHann_Zephyrblade_gen5.ogg	ASH3	Eliac Zephyrblade	SaimHann	gen5	We bring death from above as Cain Spear did before.	We bring death from above as Cain's spear did before.						content-word		1
VO_SaimHann_Zephyrblade_gen6.ogg	ASH3	Eliac Zephyrblade	SaimHann	gen6	I fight to reclaim what is ours.	I fight to reclaim what is ours.						exact		
VO_SaimHann_Zephyrblade_gen7.ogg	ASH3	Eliac Zephyrblade	SaimHann	gen7	Delay brings only ruin. We must strike!	Delay brings only ruin. We must strike!						exact		
VO_SaimHann_Zephyrblade_greet.ogg	ASH3	Eliac Zephyrblade	SaimHann	greet	Let the dance of death begin.	Let the dance of death begin.						exact		
VO_SaimHann_Zephyrblade_hurry.ogg	ASH3	Eliac Zephyrblade	SaimHann	hurry	It's now or never.	It's now or never.						exact		
VO_SaimHann_Zephyrblade_intro.ogg	ASH3	Eliac Zephyrblade	SaimHann	intro	I am the monster of the skies.	I am the master of the skies.						content-word		1
VO_SaimHann_Zephyrblade_mirror.ogg	ASH3	Eliac Zephyrblade	SaimHann	mirror	I will achieve victory at all costs.	I will achieve victory at all costs.						exact		
VO_SaimHann_Zephyrblade_threat.ogg	ASH3	Eliac Zephyrblade	SaimHann	threat	I promise a quick end to your struggles.	I promise a quick end to your struggles.						exact		
VO_SaimHann_Zephyrblade_vsGhaelyn.ogg	ASH3	Eliac Zephyrblade	SaimHann	vsghaelyn	Let's see how your spear fights for our craft world.	Let's see how your spear fights for our craft world.						exact		
VO_SaimHann_Zephyrblade_vsKeltoc.ogg	ASH3	Eliac Zephyrblade	SaimHann	vskeltoc	How can you join those who stabbed us in the back?	How can you join those who stabbed us in the back?						exact		
VO_SaimHann_Zephyrblade_vsZagstruk.ogg	ASH3	Eliac Zephyrblade	SaimHann	vszagstruk	Wild Riders, purge the green vermin from the skies!	Wild riders, purge the green vermin from the skies!						case-punct-only		
VO_SaimHann_Zephyrblade_wp.ogg	ASH3	Eliac Zephyrblade	SaimHann	wp	This battle is more interesting than I thought.	This battle is more interesting than I thought.						exact		
VO_Sautekh_Annihilation Barge - Obliteration protocols activated.ogg	SAU74	Annihilation Barge	Sautekh	line	Obliteration protocols activated!	Obliteration protocols activated.	Obliteration protocols activated	0.000		0.000		case-punct-only		
VO_Sautekh_Annihilation Barge - Your doom is inevitable.ogg	SAU74	Annihilation Barge	Sautekh	line	Your doom is inevitable.	Your doom is inevitable.	Your doom is inevitable	0.000		0.000		exact		
VO_Sautekh_Canoptek Plasmacyte - whirr whirr.ogg	SAU8	Canoptek Plasmacyte	Sautekh	line		.	whirr whirr					b-only		1
VO_Sautekh_Canoptek Reanimator - Reanimate.ogg	SAU25	Canoptek Reanimator	Sautekh	line	Reanimate!	REANIMATE!	Reanimate	0.000		0.000		case-punct-only		
VO_Sautekh_Canoptek Scarab - Skitter skitter.ogg	SAU7	Canoptek Scarab	Sautekh	line	Sautekh Scarab, Sautekh.		Skitter skitter	1.500		1.071		a-only		1
VO_Sautekh_Canoptek Spyder - hiss click tap.ogg	SAU19	Canoptek Spyder	Sautekh	line		*thud*	hiss click tap					b-only	stage-direction	
VO_Sautekh_Canoptek Wraith - rustle.ogg	SAU13	Canoptek Wraith	Sautekh	line		.	rustle					b-only		1
VO_Sautekh_Chronomancer - Time is fleeting, until I say otherwise.ogg	SAU27	Chronomancer	Sautekh	line	Time is fleeting, until I say otherwise.	Time is fleeting until I say otherwise.	Time is fleeting, until I say otherwise	0.000		0.000		case-punct-only		
VO_Sautekh_Cryptothrall - I must protect.ogg	SAU20	Cryptothrall	Sautekh	line	I MUST PROTECT!	I must protect!	I must protect	0.000		0.000		case-punct-only		
VO_Sautekh_Damaged Hexmark - L-L-Locating target for an-annihilation.ogg	SAU71	Damaged Hexmark	Sautekh	line	Look, look, look, it's a target for annihilation!	Lock, lock, lock, hitting target for an annihilation!	L-L-Locating target for an-annihilation	0.857		0.424		content-word		1
VO_Sautekh_Damaged Plasmacyte - anti-grav hum.ogg	SAU68	Damaged Plasmacyte	Sautekh	line		*throwing*	anti-grav hum					b-only	stage-direction	
VO_Sautekh_Deathmark - Target acquired.ogg	SAU21	Deathmark	Sautekh	line	Talk it acquired!	Target acquired!	Target acquired	1.000		0.214		content-word		1
VO_Sautekh_Doom Scythe - woooshh.ogg	SAU28	Doom Scythe	Sautekh	line		.	woooshh					b-only		1
VO_Sautekh_Doomstalker - Detecting intruder, Powering doomsday blaster.ogg	SAU40	Doomstalker	Sautekh	line	Detecting intruder, powering doomsday blaster.	Detecting intruder. Powering doomsday blaster.	Detecting intruder, Powering doomsday blaster	0.000		0.000		case-punct-only		
VO_Sautekh_Flayed One - Fleeeessssshhhhh.ogg	SAU9	Flayed One	Sautekh	line	Flayed.	FLECH!	Fleeeessssshhhhh	1.000		0.812		content-word		1
VO_Sautekh_Flayed Ones Pack - We hunger.ogg	SAU69	Flayed Ones Pack	Sautekh	line	We hunger.	We hunger!	We hunger	0.000		0.000		case-punct-only		
VO_Sautekh_Gauss Immortal - Disintegrate.ogg	SAU14	Gauss Blaster Immortal	Sautekh	line	Disintegrate.	Disintegrate	Disintegrate	0.000		0.000		case-punct-only		
VO_Sautekh_Gauss Warrior - Fire.ogg	SAU10	Gauss Reaper Warrior	Sautekh	line	FIRE!	FIRE!	Fire	0.000		0.000		exact		
VO_Sautekh_Ghost Ark - Our ranks are endless.ogg	SAU36	Ghost Ark	Sautekh	line	Our ranks are endless.	Our ranks are endless.	Our ranks are endless	0.000		0.000		exact		
VO_Sautekh_Hexmark Destroyer - Multiple targets on sight.ogg	SAU32	Hexmark Destroyer	Sautekh	line	Multiple targets on the site.	Multiple targets on site.	Multiple targets on sight	0.500		0.273		content-word		1
VO_Sautekh_Immortals Phalanx - None can stand against us.ogg	SAU72	Immortals Phalanx	Sautekh	line	None can stand against us!	None can stand against us.	None can stand against us	0.000		0.000		case-punct-only		
VO_Sautekh_Imotekh_attack.ogg	SAU1	Imotekh the Stormlord	Sautekh	attack	YAH!	*Frapping*						content-word		1
VO_Sautekh_Imotekh_cantDo.ogg	SAU1	Imotekh the Stormlord	Sautekh	cantdo	I cannot do that!	I cannot do that!						exact		
VO_Sautekh_Imotekh_concede.ogg	SAU1	Imotekh the Stormlord	Sautekh	concede	This setback is merely an obstacle to be overcome.	This setback is merely an obstacle to be overcome.						exact		
VO_Sautekh_Imotekh_death.ogg	SAU1	Imotekh the Stormlord	Sautekh	death	AHHHHH!	*GRAAAA!*						content-word		1
VO_Sautekh_Imotekh_gen1.ogg	SAU1	Imotekh the Stormlord	Sautekh	gen1	For order, unity and obedience.	For order, unity and obedience.						exact		
VO_Sautekh_Imotekh_gen2.ogg	SAU1	Imotekh the Stormlord	Sautekh	gen2	In time, I will rule every star.	In time, I will rule every star.						exact		
VO_Sautekh_Imotekh_gen3.ogg	SAU1	Imotekh the Stormlord	Sautekh	gen3	Behold the storm blackened skies!	Behold the storm blackened skies!						exact		
VO_Sautekh_Imotekh_gen4.ogg	SAU1	Imotekh the Stormlord	Sautekh	gen4	You can't stop that, which has been set in motion.	You can't stop that which has been set in motion!						case-punct-only		
VO_Sautekh_Imotekh_gen5.ogg	SAU1	Imotekh the Stormlord	Sautekh	gen5	Your life is a brief flicker to that of an immortal.	Your life is a brief flicker to that of an immortal.						exact		
VO_Sautekh_Imotekh_gen6.ogg	SAU1	Imotekh the Stormlord	Sautekh	gen6	The galaxy will only know peace when I am its ruler.	The galaxy will only know peace when I am its ruler.						exact		
VO_Sautekh_Imotekh_gen7.ogg	SAU1	Imotekh the Stormlord	Sautekh	gen7	Time is short for you, but not for me.	Time is short for you, but not for me.						exact		
VO_Sautekh_Imotekh_greet.ogg	SAU1	Imotekh the Stormlord	Sautekh	greet	You will whisper my name with fear and respect.	You will whisper my name with fear and respect.						exact		
VO_Sautekh_Imotekh_hurry.ogg	SAU1	Imotekh the Stormlord	Sautekh	hurry	The stars will not wait.	The stars will not wait!						case-punct-only		
VO_Sautekh_Imotekh_intro.ogg	SAU1	Imotekh the Stormlord	Sautekh	intro	I will reshape this galaxy into a place of order and unity.	I will reshape this galaxy into a place of order and unity.						exact		
VO_Sautekh_Imotekh_mirror.ogg	SAU1	Imotekh the Stormlord	Sautekh	mirror	Under my reign, the kingdoms of old shall live again.	Under my reign, the kingdoms of old shall live again!						case-punct-only		
VO_Sautekh_Imotekh_threat.ogg	SAU1	Imotekh the Stormlord	Sautekh	threat	I will show you the futility of your actions.	I will show you the futility of your actions.						exact		
VO_Sautekh_Imotekh_vsAeldari.ogg	SAU1	Imotekh the Stormlord	Sautekh	vsaeldari	I bear the hand of your farce here. Do you care to take it back?	I bear the hand of your Farseer. Do you care to take it back?						content-word		1
VO_Sautekh_Imotekh_vsOrikan.ogg	SAU1	Imotekh the Stormlord	Sautekh	vsorikan	Did you foresee my victory, diviner?	Did you foresee my victory, Diviner?						case-punct-only		
VO_Sautekh_Imotekh_vsOrks.ogg	SAU1	Imotekh the Stormlord	Sautekh	vsorks	You are forsaken, kind-sick, only to disrupt the logic of the galaxy.	Your forsaken kind seek only to disrupt the logic of the galaxy.						content-word		1
VO_Sautekh_Imotekh_vsTyranids.ogg	SAU1	Imotekh the Stormlord	Sautekh	vstyranids	My necrotherm is cannot be devoured.	My necrodermis cannot be devoured.						content-word		1
VO_Sautekh_Imotekh_vsUriel.ogg	SAU1	Imotekh the Stormlord	Sautekh	vsuriel	Ten thousand years you have ruled with nothing to show for it.	Ten thousand years you have ruled with nothing to show for it.						exact		
VO_Sautekh_Imotekh_wp.ogg	SAU1	Imotekh the Stormlord	Sautekh	wp	You proved yourself to be unworthy foe.	You proved yourself to be a worthy foe.						content-word		1
VO_Sautekh_Lokhust Destroyer - All life must be expunged.ogg	SAU70	Lokhust Destroyer	Sautekh	line	SPANISHED!	All life must be expunged!	All life must be expunged	1.000		0.810		content-word		1
VO_Sautekh_Lokhust Heavy Destroyer - Moving into optimal firing position.ogg	SAU29	Lokhust Heavy Destroyer	Sautekh	line	Moving into optimal firing position.	Moving into optimal firing position.	Moving into optimal firing position	0.000		0.000		exact		
VO_Sautekh_Lokhust Lord - By my will Render them down to atoms.ogg	SAU73	Lokhust Lord	Sautekh	line	By my will, ring to them down to atoms!	By my will, render them down to atoms!	By my will Render them down to atoms	0.250		0.138		content-word		1
VO_Sautekh_Lychguard - I am eternal, I am death.ogg	SAU_Lychguard	Lychguard	Sautekh	line	I am eternal. I am death.	I am eternal, I am death!	I am eternal, I am death	0.000		0.000		case-punct-only		
VO_Sautekh_Monolith - rumble.ogg	SAU43	Monolith	Sautekh	line	Sautekh.	*Gunshot*	rumble					content-word	stage-direction	
VO_Sautekh_Necron Lord - Dare you face my undying legions.ogg	SAU37	Necron Lord	Sautekh	line	You face my undying legions.	Dare you face my undying legends!	Dare you face my undying legions	0.167		0.148		content-word		1
VO_Sautekh_Necron Warrior - Obey.ogg	SAU11	Necron Warrior	Sautekh	line	Oh, babe!	Obey!	Obey	2.000		1.000		content-word		1
VO_Sautekh_Night Scythe - woosh.ogg	SAU22	Night Scythe	Sautekh	line	R.I.P.	*Gunshot*	woosh	3.000		1.000		content-word		1
VO_Sautekh_Ophydian Destroyer - I sense life.ogg	SAU15	Ophydian Destroyer	Sautekh	line	I sense life.	I sense life.	I sense life	0.000		0.000		exact		
VO_Sautekh_Plasmancer - Your presence must be eradicated.ogg	SAU33	Plasmancer	Sautekh	line	Your presence must be eradicated.	Your presence must be eradicated.	Your presence must be eradicated	0.000		0.000		exact		
VO_Sautekh_Psychomancer - What is it you most fear.ogg	SAU23	Psychomancer	Sautekh	line	What is it you most fear?	What is it you most fear?	What is it you most fear	0.000		0.000		exact		
VO_Sautekh_Ramatekh the Cruel_Backup1.ogg	SAU_Ramatekh_The_Cruel	Ramatekh The Cruel	Sautekh	backup1	Your demise is inevitable.	Your demise is inevitable.						exact		
VO_Sautekh_Ramatekh the Cruel_Backup2.ogg	SAU_Ramatekh_The_Cruel	Ramatekh The Cruel	Sautekh	backup2	I shall rend the knife from your flesh.	I shall rend the life from your flesh.						content-word		1
VO_Sautekh_Ramatekh the Cruel_Backup3.ogg	SAU_Ramatekh_The_Cruel	Ramatekh The Cruel	Sautekh	backup3	I crave the vanquishing of a great foe, but I suppose you will suffice.	I crave the vanquishing of a great foe, but I suppose you will suffice.						exact		
VO_Sautekh_Ramatekh the Cruel_attack.ogg	SAU_Ramatekh_The_Cruel	Ramatekh The Cruel	Sautekh	attack	Urgh!	Ugh.						content-word		1
VO_Sautekh_Ramatekh the Cruel_cantDo.ogg	SAU_Ramatekh_The_Cruel	Ramatekh The Cruel	Sautekh	cantdo	That is not possible.	That is not possible.						exact		
VO_Sautekh_Ramatekh the Cruel_concede.ogg	SAU_Ramatekh_The_Cruel	Ramatekh The Cruel	Sautekh	concede	This is a minor setback. It will not save you from annihilation.	This is a minor setback. It will not save you from annihilation!						case-punct-only		
VO_Sautekh_Ramatekh the Cruel_death.ogg	SAU_Ramatekh_The_Cruel	Ramatekh The Cruel	Sautekh	death		*throwing*						b-only		1
VO_Sautekh_Ramatekh the Cruel_gen1.ogg	SAU_Ramatekh_The_Cruel	Ramatekh The Cruel	Sautekh	gen1	I will brook no defiance!	I will brook no defiance!						exact		
VO_Sautekh_Ramatekh the Cruel_gen2.ogg	SAU_Ramatekh_The_Cruel	Ramatekh The Cruel	Sautekh	gen2	You will soon be freed from your aimless existence.	You will soon be freed from your aimless existence!						case-punct-only		
VO_Sautekh_Ramatekh the Cruel_gen3.ogg	SAU_Ramatekh_The_Cruel	Ramatekh The Cruel	Sautekh	gen3	Gaze into the abyss and welcome its cold embrace.	Gaze into the abyss and welcome its cold embrace.						exact		
VO_Sautekh_Ramatekh the Cruel_gen4.ogg	SAU_Ramatekh_The_Cruel	Ramatekh The Cruel	Sautekh	gen4	Death is the only constant in this forsaken galaxy.	Death is the only constant in this forsaken galaxy.						exact		
VO_Sautekh_Ramatekh the Cruel_gen5.ogg	SAU_Ramatekh_The_Cruel	Ramatekh The Cruel	Sautekh	gen5	All life shall end beneath my blade.	All life shall end beneath my blade.						exact		
VO_Sautekh_Ramatekh the Cruel_gen6.ogg	SAU_Ramatekh_The_Cruel	Ramatekh The Cruel	Sautekh	gen6	The grasp of oblivion will always find you.	The grasp of oblivion will always find you.						exact		
VO_Sautekh_Ramatekh the Cruel_gen7.ogg	SAU_Ramatekh_The_Cruel	Ramatekh The Cruel	Sautekh	gen7	All who defy me will be expunged by my hand.	All who defy me will be expunged by my hand.						exact		
VO_Sautekh_Ramatekh the Cruel_greet.ogg	SAU_Ramatekh_The_Cruel	Ramatekh The Cruel	Sautekh	greet	I am Ramatekh. Prepare to meet your doom.	I am Robotech! Prepare to meet your doom!						content-word		1
VO_Sautekh_Ramatekh the Cruel_hurry.ogg	SAU_Ramatekh_The_Cruel	Ramatekh The Cruel	Sautekh	hurry	We must hasten!	We must hasten!						exact		
VO_Sautekh_Ramatekh the Cruel_intro.ogg	SAU_Ramatekh_The_Cruel	Ramatekh The Cruel	Sautekh	intro	There is no escape. No refuge. Only death awaits.	There is no escape, no refuge, only death awaits.						case-punct-only		
VO_Sautekh_Ramatekh the Cruel_mirror.ogg	SAU_Ramatekh_The_Cruel	Ramatekh The Cruel	Sautekh	mirror	The stars themselves shall tremble before me.	The stars themselves shall tremble before me.						exact		
VO_Sautekh_Ramatekh the Cruel_threat.ogg	SAU_Ramatekh_The_Cruel	Ramatekh The Cruel	Sautekh	threat	I will come on existence!	I will correct the error of your existence.						content-word		1
VO_Sautekh_Ramatekh the Cruel_vsAun'Va.ogg	SAU_Ramatekh_The_Cruel	Ramatekh The Cruel	Sautekh	vsaun'va	I serve no ideal, but the inevitability of death.	I serve no ideal but the inevitability of death.						case-punct-only		
VO_Sautekh_Ramatekh the Cruel_vsGrukk.ogg	SAU_Ramatekh_The_Cruel	Ramatekh The Cruel	Sautekh	vsgrukk	Come forth, brute, and meet your ruin!	Come forth, brute, and meet your ruin!						exact		
VO_Sautekh_Ramatekh the Cruel_vsImotekh.ogg	SAU_Ramatekh_The_Cruel	Ramatekh The Cruel	Sautekh	vsimotekh	Peace, the galaxy shall drown incarnate before your empty dreams are realized.	Peace! The galaxy shall drown in carnage before your empty dreams are realized!						content-word		1
VO_Sautekh_Ramatekh the Cruel_vsKeltoc.ogg	SAU_Ramatekh_The_Cruel	Ramatekh The Cruel	Sautekh	vskeltoc	Your ancient race shall wither like others before it.	Your ancient race shall wither like others before it.						exact		
VO_Sautekh_Ramatekh the Cruel_vsNecron.ogg	SAU_Ramatekh_The_Cruel	Ramatekh The Cruel	Sautekh	vsnecron	The centipede trail fuels my unending hatred.	The scent of betrayal fuels my unending hatred.						content-word		1
VO_Sautekh_Ramatekh the Cruel_vsOrikan.ogg	SAU_Ramatekh_The_Cruel	Ramatekh The Cruel	Sautekh	vsorikan	Your visions cannot save you from my wrath!	Your visions cannot save you from my wrath!						exact		
VO_Sautekh_Ramatekh the Cruel_wp.ogg	SAU_Ramatekh_The_Cruel	Ramatekh The Cruel	Sautekh	wp	Clever trickery, yet your fate remains unchanged.	Clever trickery, yet your fate remains unchanged.						exact		
VO_Sautekh_Royal Warden - The Sautekh dynasty is eternal.ogg	SAU34	Royal Warden	Sautekh	line	The Sautekh dynasty is eternal.	The Saur Tech dynasty is eternal!	The Sautekh dynasty is eternal	0.000		0.000		content-word		1
VO_Sautekh_Scarab Swarm - chitter chitter.ogg	SAU35	Scarab Swarm	Sautekh	line	Sautekh.		chitter chitter	1.000		0.786		a-only		1
VO_Sautekh_Skorpekh Destroyer - Purging initiated.ogg	SAU24	Skorpekh Destroyer	Sautekh	line	Purging initiate.	Purging Initiated.	Purging initiated	0.500		0.062		content-word		1
VO_Sautekh_Skorpekh Lord - Eradicating all enemies.ogg	SAU41	Skorpekh Lord	Sautekh	line	Eradicating all enemies.	Eradicating all enemies.	Eradicating all enemies	0.000		0.000		exact		
VO_Sautekh_Technomancer - Activating reanimation protocol.ogg	SAU16	Technomancer	Sautekh	line	Activating Reanimation Protocol.	Activating reanimation protocol.	Activating reanimation protocol	0.000		0.000		case-punct-only		
VO_Sautekh_Tesla Immortal - I remember.ogg	SAU14	Gauss Blaster Immortal	Sautekh	line	I remember.	I remember.	I remember	0.000		0.000		exact		
VO_Sautekh_Tomb Blade - Converging on enemy position.ogg	SAU17	Tomb Blade	Sautekh	line	Converting on enemy position.	Converting on enemy position.	Converging on enemy position	0.250		0.040		exact		
VO_Sautekh_Triach Praetorian - By the laws of the Necrontyr, you will be judged.ogg	SAU18	Triarch Praetorian	Sautekh	line	By the laws of the Necronteer, you will be judged!	By the laws of the Necrantir, you will be judged!	By the laws of the Necrontyr, you will be judged	0.100		0.053		content-word		1
VO_Sautekh_Triarch Stalker - Locking onto target.ogg	SAU39	Triarch Stalker	Sautekh	line	Locking on to target.	Locking onto target.	Locking onto target	0.667		0.000		content-word		1
VO_Sautekh_Vargard Obyron - It is my duty to defend the Nemesor.ogg	SAU42	Vargard Obyron	Sautekh	line	It is my duty to defend what I never saw.	It is my duty to defend the Nemesaur.	It is my duty to defend the Nemesor	0.500		0.286		content-word		1
VO_SpaceWolves_Arjac Rockfist - My hammer strikes with the wrath of Fenris!.ogg	SW29	Arjac Rockfist	SpaceWolves	line	My hammer strikes with the wrath of Fenriris.	My hammer strikes with the wrath of Fenris!	My hammer strikes with the wrath of Fenris!	0.125		0.057		content-word		1
VO_SpaceWolves_Bjorn the Fell-Handed  - I wake Fenris howls.ogg	SW42	Bjorn the Fell-Handed	SpaceWolves	line	I WAKE THIN WEEKS HOURS	I wake Finley's house.						content-word		1
VO_SpaceWolves_Blackmane Aggressor - We are the storm! We are the Allfather's fury!.ogg	SW35	Blackmane Aggressor	SpaceWolves	line	We are the storm! We are the old father's fury!	We are the storm! We are the All-Father's Fury!	We are the storm! We are the Allfather's fury!	0.222		0.057		content-word		1
VO_SpaceWolves_Blackmane Inceptor - Here's one to remember me by!.ogg	SW30	Blackmane Inceptor	SpaceWolves	line	Here's one to remember me by.	Here's one to remember me by.	Here's one to remember me by!	0.000		0.000		exact		
VO_SpaceWolves_Blackmane Reiver - You will not live to see our victory.ogg	SW13	Blackmane Reiver	SpaceWolves	line	You will not live to see our victory!	You will not live to see our victory!	You will not live to see our victory	0.000		0.000		exact		
VO_SpaceWolves_Blood Claw - This is where my saga begins!.ogg	SW11	Blood Claw	SpaceWolves	line	This is where my saga begins.	This is where my saga begins.	This is where my saga begins!	0.000		0.000		exact		
VO_SpaceWolves_Blood Claw Pack Leader - Keep moving! Battle does not wait for you!.ogg	SW14	Blood Claw Pack Leader	SpaceWolves	line	Keep moving! Battle does not wait for you!	Keep moving! Battle does not wait for you!	Keep moving! Battle does not wait for you!	0.000		0.000		exact		
VO_SpaceWolves_Deathwolf Scout - The trail is clearer with every step.ogg	SW15	Deathwolf Scout	SpaceWolves	line	The trail is clearer with every step.	Betrayal is clearer with every step.	The trail is clearer with every step	0.000		0.000		content-word		1
VO_SpaceWolves_Fenrisian Drop Pod - From the Sea of Stars to the sea of blades!.ogg	SW31	Fenrisian Drop Pod	SpaceWolves	line	From the sea of stars, to the sea of blades!	From the Sea of Stars to the Sea of Blaze!	From the Sea of Stars to the sea of blades!	0.000		0.000		content-word		1
VO_SpaceWolves_Fenrisian Wolf.ogg	SW16	Fenrisian Wolf	SpaceWolves	line	Rrrrrrrrrrrrrrrrrrrrr.	*Brrrrr*						content-word		1
VO_SpaceWolves_Frost Claw Wulfen.ogg	SW32	Frost Claw Wulfen	SpaceWolves	line	Hiiiiiiiiiiiiiiiiiiiiiiii	Aoooooooo!						content-word		1
VO_SpaceWolves_Fyrri Askar - Let's give the skjalds something to sing about!.ogg	SW18	Fyrri Askar	SpaceWolves	line	Let's give this girl something to sing about!	Let's give the skilled something to sing about!	Let's give the skjalds something to sing about!	0.250		0.158		content-word		1
VO_SpaceWolves_Grey Hunter - I have eyes on the prey!.ogg	SW17	Grey Hunter	SpaceWolves	line	I have eyes on the prey!	I have eyes on the prey!	I have eyes on the prey!	0.000		0.000		exact		
VO_SpaceWolves_Grey Hunter Pack Leader - Charge! No great champion dies clean!.ogg	SW19	Grey Hunter Pack Leader	SpaceWolves	line	Charge! No great champion dice clean!	Charge! No great champion dies clean!	Charge! No great champion dies clean!	0.167		0.067		content-word		1
VO_SpaceWolves_Hrolf the Ironhowl - With me, brothers! Ride until the Wolftime!).ogg	SW23	Hrolf the Ironhowl	SpaceWolves	line	With me, brothers! Ride until devour time!	With me, brothers! Ride until divorce time!	With me, brothers! Ride until the Wolftime!)	0.286		0.147		content-word		1
VO_SpaceWolves_Hunting Wolf.ogg	SW12	Hunting Wolf	SpaceWolves	line	Wooooooooooooooooooo!	*Rooing*						content-word		1
VO_SpaceWolves_Iron Priest - Sharp senses, sharper steel.ogg	SW24	Iron Priest	SpaceWolves	line	Shark Senses, Sharp Steel.	Sharp senses. Sharp steel.	Sharp senses, sharper steel	0.500		0.130		content-word		1
VO_SpaceWolves_Land Raider - We are the thunder of Fenris!.ogg	SW45	Land Raider	SpaceWolves	line	We are the founder of Fenris!	We are the founder of Fenris!	We are the thunder of Fenris!	0.167		0.087		exact		
VO_SpaceWolves_Logan Grimnar_Backup1.ogg	SW1	Logan Grimnar	SpaceWolves	backup1	No pride. No glory. We are here to do what is needed.	No pride, no glory. We are here to do what is needed.						case-punct-only		
VO_SpaceWolves_Logan Grimnar_Backup2.ogg	SW1	Logan Grimnar	SpaceWolves	backup2	This is why we don't often speak with outlanders.	This is why we don't often speak with Outlanders.						case-punct-only		
VO_SpaceWolves_Logan Grimnar_Backup3.ogg	SW1	Logan Grimnar	SpaceWolves	backup3	Your bite is fiercer than I expected.	Your bite is fiercer than I expected.						exact		
VO_SpaceWolves_Logan Grimnar_attack.ogg	SW1	Logan Grimnar	SpaceWolves	attack	Eugh!	Grr!						content-word		1
VO_SpaceWolves_Logan Grimnar_cantDo.ogg	SW1	Logan Grimnar	SpaceWolves	cantdo	That will not be happening.	That will not be happening!						case-punct-only		
VO_SpaceWolves_Logan Grimnar_concede.ogg	SW1	Logan Grimnar	SpaceWolves	concede	Gather the pack! We cannot remain here!	Gather the pack! We cannot remain here!						exact		
VO_SpaceWolves_Logan Grimnar_death.ogg	SW1	Logan Grimnar	SpaceWolves	death	Arggh!	No!						content-word		1
VO_SpaceWolves_Logan Grimnar_gen1.ogg	SW1	Logan Grimnar	SpaceWolves	gen1	Feel the wrath of Fenris!	Feel the wrath of Fenris!						exact		
VO_SpaceWolves_Logan Grimnar_gen2.ogg	SW1	Logan Grimnar	SpaceWolves	gen2	I have hunted fierce a prey, defeated mightier foes.	I have hunted fierce a prey, defeated mightier foes.						exact		
VO_SpaceWolves_Logan Grimnar_gen3.ogg	SW1	Logan Grimnar	SpaceWolves	gen3	For us and the old father!	For us and the All-Father!						content-word		1
VO_SpaceWolves_Logan Grimnar_gen4.ogg	SW1	Logan Grimnar	SpaceWolves	gen4	I will drag you to the gates of hell myself!	I will drag you to the gates of hell myself.						case-punct-only		
VO_SpaceWolves_Logan Grimnar_gen5.ogg	SW1	Logan Grimnar	SpaceWolves	gen5	On the darkest nights we come, the warriors of Fenris.	On the darkest nights we come, the warriors of Fenris.						exact		
VO_SpaceWolves_Logan Grimnar_gen6.ogg	SW1	Logan Grimnar	SpaceWolves	gen6	The thunder of munitions shall reign like the old father's fury!	The thunder of munitions shall reign like the All-Father's Fury!						content-word		1
VO_SpaceWolves_Logan Grimnar_gen7.ogg	SW1	Logan Grimnar	SpaceWolves	gen7	Tiernach, Fenrir, Franck & Ter.	Tyrnach, Fenrir, Frankentere!						content-word		1
VO_SpaceWolves_Logan Grimnar_greet.ogg	SW1	Logan Grimnar	SpaceWolves	greet	This is the start of a saga for the ages.	This is the start of a saga for the ages.						exact		
VO_SpaceWolves_Logan Grimnar_hurry.ogg	SW1	Logan Grimnar	SpaceWolves	hurry	hesitation will doom you quicker than the cold.	Hesitation will doom you quicker than the cold.						case-punct-only		
VO_SpaceWolves_Logan Grimnar_intro.ogg	SW1	Logan Grimnar	SpaceWolves	intro	The wolf stalks no more! Now still shall speak!	The wolf stalks no more. Now steel shall speak.						content-word		1
VO_SpaceWolves_Logan Grimnar_mirror.ogg	SW1	Logan Grimnar	SpaceWolves	mirror	To me, sons of Fenris!	To me, sons of Fenris!						exact		
VO_SpaceWolves_Logan Grimnar_threat.ogg	SW1	Logan Grimnar	SpaceWolves	threat	And stay down, Welp!	And stay down, whelp!						content-word		1
VO_SpaceWolves_Logan Grimnar_vsBL.ogg	SW1	Logan Grimnar	SpaceWolves	vsbl	To the abyss with these throne-damned heretics.	To the abyss with these throne-damned heretics!						case-punct-only		
VO_SpaceWolves_Logan Grimnar_vsEC.ogg	SW1	Logan Grimnar	SpaceWolves	vsec	I ought to slit that throat, if only to stop hearing you.	I ought to slit that throat, if only to stop hearing you.						exact		
VO_SpaceWolves_Logan Grimnar_vsMozrog.ogg	SW1	Logan Grimnar	SpaceWolves	vsmozrog	A beast's company is invaluable in battle, and so I must slay yours.	A beast's company is invaluable in battle, and so I must slay yours.						exact		
VO_SpaceWolves_Logan Grimnar_vsTyranids.ogg	SW1	Logan Grimnar	SpaceWolves	vstyranids	These beasts will learn who the Apex Predator is.	These beasts will learn who the apex predator is.						case-punct-only		
VO_SpaceWolves_Logan Grimnar_wp.ogg	SW1	Logan Grimnar	SpaceWolves	wp	I will remember that from now until the wolf time.	I will remember that from now until the wolf time.						exact		
VO_SpaceWolves_Long Fang - Your time is over!.ogg	SW25	Long Fang	SpaceWolves	line	Your time is over.	Your time is over.	Your time is over!	0.000		0.000		exact		
VO_SpaceWolves_Murderfang.ogg	SW39	Murderfang	SpaceWolves	line	Rrrrrrrrrrrrrrrrrrrrrrrr	*Burps*						content-word		1
VO_SpaceWolves_Njal Stormcaller_Backup1.ogg	SW4	Njal Stormcaller	SpaceWolves	backup1	The winds remember, what us mortals forget.	The winds remember what us mortals forget.						case-punct-only		
VO_SpaceWolves_Njal Stormcaller_Backup2.ogg	SW4	Njal Stormcaller	SpaceWolves	backup2	The winds remember what we mortals forget.	The winds remember what we mortals forget.						exact		
VO_SpaceWolves_Njal Stormcaller_Backup3.ogg	SW4	Njal Stormcaller	SpaceWolves	backup3	I have met death enough times to know it is not ready to welcome me.	I have met death enough times to know it is not ready to welcome me.						exact		
VO_SpaceWolves_Njal Stormcaller_Backup4.ogg	SW4	Njal Stormcaller	SpaceWolves	backup4	BACK TO THE EIGHT!	Back to the eight!						case-punct-only		
VO_SpaceWolves_Njal Stormcaller_attack.ogg	SW4	Njal Stormcaller	SpaceWolves	attack	Blah!	Blah!						exact		
VO_SpaceWolves_Njal Stormcaller_cantDo.ogg	SW4	Njal Stormcaller	SpaceWolves	cantdo	Not all things bent to the Tempest.	Not all things bend to the Tempest.						content-word		1
VO_SpaceWolves_Njal Stormcaller_concede.ogg	SW4	Njal Stormcaller	SpaceWolves	concede	So comes my time to stalk the stars.	So comes my time to stalk the stars.						exact		
VO_SpaceWolves_Njal Stormcaller_death.ogg	SW4	Njal Stormcaller	SpaceWolves	death	Aargh!	*Groan*						content-word		1
VO_SpaceWolves_Njal Stormcaller_gen1.ogg	SW4	Njal Stormcaller	SpaceWolves	gen1	Do not test my patience, cub!	Do not test my patience, cub.						case-punct-only		
VO_SpaceWolves_Njal Stormcaller_gen2.ogg	SW4	Njal Stormcaller	SpaceWolves	gen2	Strike as lightning, howl as thunder.	Strike as lightning, howl as thunder.						exact		
VO_SpaceWolves_Njal Stormcaller_gen3.ogg	SW4	Njal Stormcaller	SpaceWolves	gen3	The winds will howl with vengeance.	The winds will howl with vengeance.						exact		
VO_SpaceWolves_Njal Stormcaller_gen4.ogg	SW4	Njal Stormcaller	SpaceWolves	gen4	I will bury your name beneath thunder and ruin.	I will bury your name beneath thunder and ruin.						exact		
VO_SpaceWolves_Njal Stormcaller_gen5.ogg	SW4	Njal Stormcaller	SpaceWolves	gen5	The Omens bow deal for you.	The Omen's bowdiel for you.						content-word		1
VO_SpaceWolves_Njal Stormcaller_gen6.ogg	SW4	Njal Stormcaller	SpaceWolves	gen6	The hour of fangs and steel is upon us.	The hour of fangs and steel is upon us.						exact		
VO_SpaceWolves_Njal Stormcaller_gen7.ogg	SW4	Njal Stormcaller	SpaceWolves	gen7	We were made to destroy, such is the our father's will.	We were made to destroy. Such is the All-Father's will.						content-word		1
VO_SpaceWolves_Njal Stormcaller_greet.ogg	SW4	Njal Stormcaller	SpaceWolves	greet	You are here, just as the dreams foretold.	You are here, just as the dreams foretold.						exact		
VO_SpaceWolves_Njal Stormcaller_hurry.ogg	SW4	Njal Stormcaller	SpaceWolves	hurry	The Sea of Stars calls.	The Sea of Stars calls.						exact		
VO_SpaceWolves_Njal Stormcaller_intro.ogg	SW4	Njal Stormcaller	SpaceWolves	intro	Howl, Wolves! A red moon rises tonight!	Howl, wolves! A red moon rises tonight.						case-punct-only		
VO_SpaceWolves_Njal Stormcaller_mirror.ogg	SW4	Njal Stormcaller	SpaceWolves	mirror	Things will go as they must.	Things will go as they must.						exact		
VO_SpaceWolves_Njal Stormcaller_threat.ogg	SW4	Njal Stormcaller	SpaceWolves	threat	To weather a storm, one must first survive its fury.	To weather a storm, one must first survive its fury.						exact		
VO_SpaceWolves_Njal Stormcaller_vsDG.ogg	SW4	Njal Stormcaller	SpaceWolves	vsdg	This is a plague I have defeated before.	This is a plague I have defeated before.						exact		
VO_SpaceWolves_Njal Stormcaller_vsTS.ogg	SW4	Njal Stormcaller	SpaceWolves	vsts	Your power is as hollow as the puppets you call warriors.	Your power is as hollow as the puppets you call warriors.						exact		
VO_SpaceWolves_Njal Stormcaller_vsWE.ogg	SW4	Njal Stormcaller	SpaceWolves	vswe	How can one know fury if they are yet to face the storm?	How can one know fury if they are yet to face the storm?						exact		
VO_SpaceWolves_Njal Stormcaller_wp.ogg	SW4	Njal Stormcaller	SpaceWolves	wp	Curious, the runes had not foretold this.	Curious, the runes had not foretold this.						exact		
VO_SpaceWolves_Ragnar Blackmane_Backup.ogg	SW9	Ragnar Blackmane	SpaceWolves	backup	Glory is earned through fangs and fury.	Glory is earned through fangs and fury.						exact		
VO_SpaceWolves_Ragnar Blackmane_attack.ogg	SW9	Ragnar Blackmane	SpaceWolves	attack	YAH!	Nya!						content-word		1
VO_SpaceWolves_Ragnar Blackmane_cantDo.ogg	SW9	Ragnar Blackmane	SpaceWolves	cantdo	I do not think so.	I do not think so.						exact		
VO_SpaceWolves_Ragnar Blackmane_concede.ogg	SW9	Ragnar Blackmane	SpaceWolves	concede	Fall back! We live to hunt another day!	Fall back! We live to hunt another day.						case-punct-only		
VO_SpaceWolves_Ragnar Blackmane_death.ogg	SW9	Ragnar Blackmane	SpaceWolves	death	Grrrr!	*Grunts*						content-word		1
VO_SpaceWolves_Ragnar Blackmane_gen1.ogg	SW9	Ragnar Blackmane	SpaceWolves	gen1	For us, for the honor of the Wolf King!	For us! For the honor of the Wolf King!						case-punct-only		
VO_SpaceWolves_Ragnar Blackmane_gen2.ogg	SW9	Ragnar Blackmane	SpaceWolves	gen2	Something starts. Be ready for anything.	Something stirs. Be ready for anything.						content-word		1
VO_SpaceWolves_Ragnar Blackmane_gen3.ogg	SW9	Ragnar Blackmane	SpaceWolves	gen3	Morkaid bite me! How many more must I gut?	More Kai bite me! How many more must I got?						content-word		1
VO_SpaceWolves_Ragnar Blackmane_gen4.ogg	SW9	Ragnar Blackmane	SpaceWolves	gen4	While one of us stands, the galaxy shall yet know hope.	While one of us stands, the galaxy shall yet know hope.						exact		
VO_SpaceWolves_Ragnar Blackmane_gen5.ogg	SW9	Ragnar Blackmane	SpaceWolves	gen5	It is a good day to bleed.	It is a good day to bleed.						exact		
VO_SpaceWolves_Ragnar Blackmane_gen6.ogg	SW9	Ragnar Blackmane	SpaceWolves	gen6	Your fall will be etched in my saga.	Your fall will be etched in my saga.						exact		
VO_SpaceWolves_Ragnar Blackmane_gen7.ogg	SW9	Ragnar Blackmane	SpaceWolves	gen7	I can smell your fear. It trails you like a wounded beast.	I can smell your fear. It trails you like a wounded beast.						exact		
VO_SpaceWolves_Ragnar Blackmane_greet.ogg	SW9	Ragnar Blackmane	SpaceWolves	greet	Who will be first to bleed then?	Who will be first to bleed then?						exact		
VO_SpaceWolves_Ragnar Blackmane_hurry.ogg	SW9	Ragnar Blackmane	SpaceWolves	hurry	They are slipping away! Move!	They are slipping away! Move!						exact		
VO_SpaceWolves_Ragnar Blackmane_intro.ogg	SW9	Ragnar Blackmane	SpaceWolves	intro	Your hunter has your scent.	Your hunter has your scent.						exact		
VO_SpaceWolves_Ragnar Blackmane_mirror.ogg	SW9	Ragnar Blackmane	SpaceWolves	mirror	Nowhere to run, nowhere to hide.	Nowhere to run, nowhere to hide.						exact		
VO_SpaceWolves_Ragnar Blackmane_threat.ogg	SW9	Ragnar Blackmane	SpaceWolves	threat	You are a fine subject for the Emperor's Vengeance.	You are a fine subject for the Emperor's vengeance.						case-punct-only		
VO_SpaceWolves_Ragnar Blackmane_vsAsmodai.ogg	SW9	Ragnar Blackmane	SpaceWolves	vsasmodai	You cannot judge my actions. I answer only to the Allfather.	You cannot judge my actions. I answer only to the All-Father.						content-word		1
VO_SpaceWolves_Ragnar Blackmane_vsCSM.ogg	SW9	Ragnar Blackmane	SpaceWolves	vscsm	There is always time to bury my blade in traitor guts!	There is always time to bury my blade in traitor guts.						case-punct-only		
VO_SpaceWolves_Ragnar Blackmane_vsDG.ogg	SW9	Ragnar Blackmane	SpaceWolves	vsdg	It would be hard to lose track of this foul stench.	It would be hard to lose track of this foul stench.						exact		
VO_SpaceWolves_Ragnar Blackmane_vsGhazghkull.ogg	SW9	Ragnar Blackmane	SpaceWolves	vsghazghkull	Big, loud and in my way, even a pup could track down one of yours.	Big, loud, and in my way. Even a pup could track down one of yours.						case-punct-only		
VO_SpaceWolves_Ragnar Blackmane_vsSororitas.ogg	SW9	Ragnar Blackmane	SpaceWolves	vssororitas	I am loyal only to the old father, not the Ecclesiarchy's pawns.	I am loyal only to the All-Father, not the ecclesiarchy's pawns.						content-word		1
VO_SpaceWolves_Ragnar Blackmane_vsTS.ogg	SW9	Ragnar Blackmane	SpaceWolves	vsts	Weapons ready. Displace rigs of sorcery.	Weapons ready. This place reeks of sorcery.						content-word		1
VO_SpaceWolves_Ragnar Blackmane_wp.ogg	SW9	Ragnar Blackmane	SpaceWolves	wp	Now things are getting interesting.	Now things are getting interesting.						exact		
VO_SpaceWolves_Sons of Morkai Eliminator - Morkai's claws reach longer than one expects.ogg	SW36	Sons of Morkai Eliminator	SpaceWolves	line	Morkai's claws reach longer than one expects.	Morokai's claws reach longer than one expects.	Morkai's claws reach longer than one expects	0.000		0.000		content-word		1
VO_SpaceWolves_Stormwolf - Our storm-wrath shall tear the skies!.ogg	SW40	Stormwolf	SpaceWolves	line	Our stormwrath shall tear the skies!	Our Stormwrath shall tear the skies!	Our storm-wrath shall tear the skies!	0.286		0.000		case-punct-only		
VO_SpaceWolves_Terminator Rune Priest - The winds will howl with Fenrisian rage!.ogg	SW37	Terminator Rune Priest	SpaceWolves	line	The winds will howl with Fenrician rage.	The winds will howl with Fenrisian rage.	The winds will howl with Fenrisian rage!					content-word	stage-direction	
VO_SpaceWolves_Terminator Rune Priest_backup- I bring the storm-wrath!.ogg	SW37	Terminator Rune Priest	SpaceWolves	line	I bring the storm rough!	I bring the storm wrath!						content-word		1
VO_SpaceWolves_Thunderwolf Calvary - If tooth and nail are not enough, the chainsword will bite.ogg	SW20	Thunderwolf Cavalry	SpaceWolves	line	If tooth and nail are not enough, the chainsword will bite.	If tooth and nail are not enough, the chainsword will bite.	If tooth and nail are not enough, the chainsword will bite	0.000		0.000		exact		
VO_SpaceWolves_Thunderwolf Cavalry Pack Leader - For Russ and the Allfather!.ogg	SW26	Thunderwolf Cavalry Pack Leader	SpaceWolves	line	For us and our Father!	For us and our father!	For Russ and the Allfather!	0.600		0.364		case-punct-only		
VO_SpaceWolves_Tyrnak and Fenrir.ogg	SW3	Tyrnak and Fenrir	SpaceWolves	line	Ooooooooooooooooo!	*Groan*						content-word		1
VO_SpaceWolves_Venerable Dreadnought - My saga does not end Not today.ogg	SW43	Venerable Dreadnought	SpaceWolves	line	My saga does not end, not today.	My saga does not end. Not today.	My saga does not end Not today	0.000		0.000		case-punct-only		
VO_SpaceWolves_Vindicator - From Fenris to the stars, they will hear us howl!.ogg	SW41	Vindicator	SpaceWolves	line	From Fenris to the stars, they will hear us howl!	From Fenris to the stars, they will hear us howl!	From Fenris to the stars, they will hear us howl!					exact	stage-direction	
VO_SpaceWolves_Wolf Guard Battle Leader - Enough barking! Time to do some biting.ogg	SW33	Wolf Guard Battle Leader	SpaceWolves	line	Enough barking! Time to do some biting!	Enough barking. Time to do some biting.	Enough barking! Time to do some biting	0.000		0.000		case-punct-only		
VO_SpaceWolves_Wolf Guard Headtaker - Bring them fang! Bring them fury!.ogg	SW21	Wolf Guard Headtaker	SpaceWolves	line	Bring them fang! Bring them fury!	Bring them Fang! Bring them Fury!	Bring them fang! Bring them fury!	0.000		0.000		case-punct-only		
VO_SpaceWolves_Wolf Guard Terminator - Let the battle-reckoning be counted by the score!.ogg	SW38	Wolf Guard Terminator	SpaceWolves	line	Let the battle reckoning be counted by the score!	Let the battle reckoning be counted by the score!	Let the battle-reckoning be counted by the score!	0.000		0.000		exact		
VO_SpaceWolves_Wolf Guard Terminator Pack Leader - Give them the bolt-greeting they deserve!.ogg	SW34	Wolf Guard Terminator Pack Leader	SpaceWolves	line	Give them the bolt greeting they deserve.	Give them the bold greeting they deserve.	Give them the bolt-greeting they deserve!	0.000		0.000		content-word		1
VO_SpaceWolves_Wolf Priest - It is fate that guides our blades.ogg	SW22	Wolf Priest	SpaceWolves	line	It is fate that guides our blades.	It is fate that guides our blades.	It is fate that guides our blades	0.000		0.000		exact		
VO_SpaceWolves_Wulfen Dreadnought_v2.ogg	SW44	Wulfen Dreadnought	SpaceWolves	line	Wulfen Dreadnought.	*Burr* *Burr* *Burr*						content-word		1
VO_SpaceWolves_Wulfen Pack Leader.ogg	SW28	Wulfen Pack Leader	SpaceWolves	line	Wulfen Pack Leader, SpaceWolves.	Ooooooooo!						content-word		1
VO_SpaceWolves_Wulfen.ogg	SW27	Wulfen	SpaceWolves	line	Hippie!	Whoooo!						content-word		1
VO_Tau_Empire_Aun'va_attack.ogg	TAU1	Aun'Va	TauEmpire	attack	Ugh!	Ugh.						case-punct-only		
VO_Tau_Empire_Aun'va_cantDo.ogg	TAU1	Aun'Va	TauEmpire	cantdo	This is unheard of.	This is unheard of.						exact		
VO_Tau_Empire_Aun'va_concede.ogg	TAU1	Aun'Va	TauEmpire	concede	Always lost here, yet let none who are wise deny our destiny.	All is lost here, yet let none who are wise deny our destiny.						content-word		1
VO_Tau_Empire_Aun'va_death.ogg	TAU1	Aun'Va	TauEmpire	death	UGH!	*Gasps*						content-word		1
VO_Tau_Empire_Aun'va_gen1.ogg	TAU1	Aun'Va	TauEmpire	gen1	Surrender now to the greater good.	Surrender now to the greater good.						exact		
VO_Tau_Empire_Aun'va_gen2.ogg	TAU1	Aun'Va	TauEmpire	gen2	Your eyes are veiled in shadow. Soon that veil will be lifted.	Your eyes are veiled in shadow. Soon that veil will be lifted.						exact		
VO_Tau_Empire_Aun'va_gen3.ogg	TAU1	Aun'Va	TauEmpire	gen3	I cannot allow your foolish resistance to imperil us all.	I cannot allow your foolish resistance to imperil us all.						exact		
VO_Tau_Empire_Aun'va_gen4.ogg	TAU1	Aun'Va	TauEmpire	gen4	The Empire's strides of expansion must not be deterred.	The Empire's strides of expansion must not be deterred.						exact		
VO_Tau_Empire_Aun'va_gen5.ogg	TAU1	Aun'Va	TauEmpire	gen5	Let none doubt that now is our time.	Let none doubt that now is our time.						exact		
VO_Tau_Empire_Aun'va_gen6.ogg	TAU1	Aun'Va	TauEmpire	gen6	For the greater good, that is all that matters.	For the greater good. That is all that matters.						case-punct-only		
VO_Tau_Empire_Aun'va_gen7.ogg	TAU1	Aun'Va	TauEmpire	gen7	Our conquest is inevitable. Our ascension a matter of time.	Our conquest is inevitable. Our ascension a matter of time.						exact		
VO_Tau_Empire_Aun'va_greet.ogg	TAU1	Aun'Va	TauEmpire	greet	It saddens me that we must take arms against you.	It saddens me that we must take arms against you.						exact		
VO_Tau_Empire_Aun'va_hurry.ogg	TAU1	Aun'Va	TauEmpire	hurry	This is no time for introspection.	This is no time for introspection.						exact		
VO_Tau_Empire_Aun'va_intro.ogg	TAU1	Aun'Va	TauEmpire	intro	You will embrace the TauVa, or be destroyed.	You will embrace the Tauvah or be destroyed.						content-word		1
VO_Tau_Empire_Aun'va_mirror.ogg	TAU1	Aun'Va	TauEmpire	mirror	May we have no cause for conflict.	May we have no cause for conflict.						exact		
VO_Tau_Empire_Aun'va_threat.ogg	TAU1	Aun'Va	TauEmpire	threat	Your demise is now inevitable.	Your demise is now inevitable.						exact		
VO_Tau_Empire_Aun'va_vsAstraMillitarum.ogg	TAU1	Aun'Va	TauEmpire	vsastramillitarum	Your arrogance chains you to a cycle of grief and pain.	Your arrogance chains you to a cycle of grief and pain.						exact		
VO_Tau_Empire_Aun'va_vsGhazghkull.ogg	TAU1	Aun'Va	TauEmpire	vsghazghkull	We will not bring ourselves down to your barbaric level of warfare.	We will not bring ourselves down to your barbaric level of warfare.						exact		
VO_Tau_Empire_Aun'va_vsGrukk.ogg	TAU1	Aun'Va	TauEmpire	vsgrukk	Old foes and largely predictable.	Old foes and largely predictable.						exact		
VO_Tau_Empire_Aun'va_vsHexscorn.ogg	TAU1	Aun'Va	TauEmpire	vshexscorn	The rift shadows will never extinguish our flame.	The Rift's shadows will never extinguish our flame.						content-word		1
VO_Tau_Empire_Aun'va_vsKrootShaper.ogg	TAU1	Aun'Va	TauEmpire	vskrootshaper	Your kind clearly has impulse control issues that must be tempered.	Your kind clearly has impulse control issues that must be tempered.						exact		
VO_Tau_Empire_Aun'va_vsO'Maisos.ogg	TAU1	Aun'Va	TauEmpire	vso'maisos	Let none doubt that the TauEmpire will bring unity to all.	Let none doubt that the Tatao Empire will bring unity to all.						content-word		1
VO_Tau_Empire_Aun'va_vsShadowsun.ogg	TAU1	Aun'Va	TauEmpire	vsshadowsun	You are a sight to behold, Commander Shadowson.	You are a sight to behold, Commander Shadow-san.						content-word		1
VO_Tau_Empire_Aun'va_vsTervigon.ogg	TAU1	Aun'Va	TauEmpire	vstervigon	I fear your species has no place within the embrace of the greater good.	I fear your species has no place within the embrace of the greater good.						exact		
VO_Tau_Empire_Aun'va_wp.ogg	TAU1	Aun'Va	TauEmpire	wp	A wise decision, perhaps there was some basis to your bluster.	A wise decision. Perhaps there was some basis to your bluster.						case-punct-only		
VO_Tau_Empire_Breacher Shas'ui - All that we do is for the Greater Good.ogg	TAU66	Burgeoning Empire	TauEmpire	line	All that we do is for the greater good.	All that we do is for the greater good.	All that we do is for the Greater Good	0.000		0.000		exact		
VO_Tau_Empire_Broadside Battlesuit - Broadside deployed Ready to deliver the Mont'ka.ogg	TAU30	Broadside Battlesuit	TauEmpire	line	Broadside Deployed, ready to deliver the Montcarr.	Broadside deployed. Ready to deliver the Montcar.	Broadside deployed Ready to deliver the Mont'ka	0.143		0.075		content-word		1
VO_Tau_Empire_Cadre Fireblade - We fight for the Greater Good And we will triumph.ogg	TAU35	Cadre Fireblade	TauEmpire	line	We fight for the greater good, and we will triumph.	We fight for the greater good and we will triumph.	We fight for the Greater Good And we will triumph	0.000		0.000		case-punct-only		
VO_Tau_Empire_Coldstar Battlesuit - Bright burns the light of the T’au Empire.ogg	TAU38	Coldstar Battlesuit	TauEmpire	line	Bright burns the light of the TauEmpire.	Bright burns the light of the Tau Empire.	Bright burns the light of the T’au Empire	0.333		0.000		content-word		1
VO_Tau_Empire_Commander O'Maisos_attack.ogg	TAU4	Commander O'Maisos	TauEmpire	attack	Huh!	Huh?						case-punct-only		
VO_Tau_Empire_Commander O'Maisos_cantDo.ogg	TAU4	Commander O'Maisos	TauEmpire	cantdo	That cannot be allowed.	That cannot be allowed.						exact		
VO_Tau_Empire_Commander O'Maisos_concede.ogg	TAU4	Commander O'Maisos	TauEmpire	concede	Duty can leave deep scars.	Duty can leave deep scars.						exact		
VO_Tau_Empire_Commander O'Maisos_death.ogg	TAU4	Commander O'Maisos	TauEmpire	death	Arrgh!	Ah!						content-word		1
VO_Tau_Empire_Commander O'Maisos_gen1.ogg	TAU4	Commander O'Maisos	TauEmpire	gen1	Your weakness is already exposed.	Your weakness is already exposed.						exact		
VO_Tau_Empire_Commander O'Maisos_gen2.ogg	TAU4	Commander O'Maisos	TauEmpire	gen2	Our war serves a greater good, not vengeance or spite.	Our war serves a greater good, not vengeance or spite.						exact		
VO_Tau_Empire_Commander O'Maisos_gen3.ogg	TAU4	Commander O'Maisos	TauEmpire	gen3	We need extreme solutions. There is no other path.	We need extreme solutions. There is no other path.						exact		
VO_Tau_Empire_Commander O'Maisos_gen4.ogg	TAU4	Commander O'Maisos	TauEmpire	gen4	All will be brought to the greater good.	All will be brought to the greater good.						exact		
VO_Tau_Empire_Commander O'Maisos_gen5.ogg	TAU4	Commander O'Maisos	TauEmpire	gen5	O'Kondras, primed for Monca.	All cadres primed for one car.						content-word		1
VO_Tau_Empire_Commander O'Maisos_gen6.ogg	TAU4	Commander O'Maisos	TauEmpire	gen6	Any student of Kalyan knows the value of patience.	Any student of Kalyan knows the value of patience.						exact		
VO_Tau_Empire_Commander O'Maisos_gen7.ogg	TAU4	Commander O'Maisos	TauEmpire	gen7	This is the surest path to victory.	This is the surest path to victory.						exact		
VO_Tau_Empire_Commander O'Maisos_greet.ogg	TAU4	Commander O'Maisos	TauEmpire	greet	I greet you. May I encounter thee for the greater good.	I greet you. May our encounter be for the greater good.						content-word		1
VO_Tau_Empire_Commander O'Maisos_hurry.ogg	TAU4	Commander O'Maisos	TauEmpire	hurry	Time is short. We must act.	Time is short. We must act.						exact		
VO_Tau_Empire_Commander O'Maisos_intro.ogg	TAU4	Commander O'Maisos	TauEmpire	intro	Talks have failed. We have no choice but to fight.	Talks have failed. We have no choice but to fight.						exact		
VO_Tau_Empire_Commander O'Maisos_mirror.ogg	TAU4	Commander O'Maisos	TauEmpire	mirror	We must walk the path to the greater good, no matter the cost.	We must walk the path to the greater good, no matter the cost.						exact		
VO_Tau_Empire_Commander O'Maisos_threat.ogg	TAU4	Commander O'Maisos	TauEmpire	threat	Such transgression cannot go unpunished.	Such transgression cannot go unpunished.						exact		
VO_Tau_Empire_Commander O'Maisos_vsAun'Va.ogg	TAU4	Commander O'Maisos	TauEmpire	vsaun'va	It shall be so, Honoured One.	It shall be so, Honoured One.						exact		
VO_Tau_Empire_Commander O'Maisos_vsKeltoc.ogg	TAU4	Commander O'Maisos	TauEmpire	vskeltoc	Your race had a chance to craft a better universe, and you squandered it!	Your race had a chance to craft a better universe. And you squandered it.						case-punct-only		
VO_Tau_Empire_Commander O'Maisos_vsSM.ogg	TAU4	Commander O'Maisos	TauEmpire	vssm	I pity your ignorance, yet I must stop your murderous ways.	I pity your ignorance, yet I must stop your murderous ways.						exact		
VO_Tau_Empire_Commander O'Maisos_vsShadowsun.ogg	TAU4	Commander O'Maisos	TauEmpire	vsshadowsun	Supreme Commander, your presence here is unexpected.	Supreme Commander, your presence here is unexpected.						exact		
VO_Tau_Empire_Commander O'Maisos_vsSwarmlord.ogg	TAU4	Commander O'Maisos	TauEmpire	vsswarmlord	Clearly, your kind does not respond to reason.	Clearly, your kind does not respond to reason.						exact		
VO_Tau_Empire_Commander O'Maisos_vsZagstruk.ogg	TAU4	Commander O'Maisos	TauEmpire	vszagstruk	Only annihilation befits your barbaric species.	Only annihilation befits your barbaric species.						exact		
VO_Tau_Empire_Commander O'Maisos_wp.ogg	TAU4	Commander O'Maisos	TauEmpire	wp	Our unity of purpose will see us through this trial.	Our unity of purpose will see us through this trial.						exact		
VO_Tau_Empire_Crisis Battlesuit - We will deliver the killing blow.ogg	TAU15	Crisis Battlesuit	TauEmpire	line	We will deliver the killing blow.	We will deliver the killing blow.	We will deliver the killing blow	0.000		0.000		exact		
VO_Tau_Empire_Crisis Bodyguard - To fight for the Greater Good is our duty and our privilege.ogg	TAU22	Crisis Bodyguard	TauEmpire	line	To fight for the greater good is out duty and out privilege.	To fight for the greater good is our duty and our privilege.	To fight for the Greater Good is our duty and our privilege	0.167		0.042		content-word		1
VO_Tau_Empire_DS8 Support Turret - Calculating enemy trajectory.ogg	TAU18	DS8 Support Turret	TauEmpire	line	Calculating enemy trajectory.	Calculating enemy trajectory.	Calculating enemy trajectory	0.000		0.000		exact		
VO_Tau_Empire_Darkstrider - Study the enemy's vulnerabilities and exploit them.ogg	TAU16	Darkstrider	TauEmpire	line	Study the enemy's vulnerabilities and exploit them.	Study the enemy's vulnerabilities and exploit them.	Study the enemy's vulnerabilities and exploit them	0.000		0.000		exact		
VO_Tau_Empire_Devilfish - Strike at the heart of the enemy.ogg	TAU31	Devilfish	TauEmpire	line	Strike at the heart of the enemy.	Strike at the heart of the enemy!	Strike at the heart of the enemy	0.000		0.000		case-punct-only		
VO_Tau_Empire_Enforcer Battlesuit - Launch protocols initiated.ogg	TAU36	Enforcer Battlesuit	TauEmpire	line	Launch Protocols initiated.	Launch protocols initiated.	Launch protocols initiated	0.000		0.000		case-punct-only		
VO_Tau_Empire_Fire Warrior - Fire on my signal.ogg	TAU9	Fire Warrior	TauEmpire	line	Fire on my signal.	Fire on my signal.	Fire on my signal	0.000		0.000		exact		
VO_Tau_Empire_Fire Warrior Breacher - The Greater Good brooks no obstacle.ogg	TAU_Breacher_Fire_Warrior	Breacher Fire Warrior	TauEmpire	line	The greater Goward Brooks, no obstacle.	The greater good brooks no obstacle.	The Greater Good brooks no obstacle	0.167		0.100		content-word		1
VO_Tau_Empire_Fire Warrior Sniper - Precision and efficiency.ogg	TAU23	Fire Warrior Marksman	TauEmpire	line	Precision and Efficiency	Precision and efficiency.	Precision and efficiency	0.000		0.000		case-punct-only		
VO_Tau_Empire_Firesight Marksman - I guide the Fire Caste's fury.ogg	TAU32	Firesight Marksman	TauEmpire	line	I guide the fire cast fury.	I guide the firecast's fury.	I guide the Fire Caste's fury	0.167		0.087		content-word		1
VO_Tau_Empire_Guardian Drone - Projecting energy field.ogg	TAU8	Guardian Drone	TauEmpire	line	Projecting energy field.	Projecting energy field.	Projecting energy field	0.000		0.000		exact		
VO_Tau_Empire_Gun Drone - Weapons systems charged.ogg	TAU10	Gun Drone	TauEmpire	line	Weapon systems charged.	Weapon systems charged.	Weapons systems charged	0.333		0.048		exact		
VO_Tau_Empire_Hammerhead - The time of diplomacy is over Now comes the time of fire.ogg	TAU37	Hammerhead	TauEmpire	line	The time of diplomacy is over, now comes the time of fire.	The time of diplomacy is over. Now comes the time of fire.	The time of diplomacy is over Now comes the time of fire	0.000		0.000		case-punct-only		
VO_Tau_Empire_Honoured Ethereal - With courage and discipline we shall stand victorious.ogg	TAU24	Honoured Ethereal	TauEmpire	line	With courage and discipline, we shall stand victorious.	With courage and discipline, we shall stand victorious.	With courage and discipline we shall stand victorious	0.000		0.000		exact		
VO_Tau_Empire_Longstrike - No foe can withstand the precise application of superior firepower.ogg	TAU41	Longstrike	TauEmpire	line	No folk can withstand the precise application of superior firepower.	No foe can withstand the precise application of superior firepower.	No foe can withstand the precise application of superior firepower	0.100		0.035		content-word		1
VO_Tau_Empire_Marker Drone - Gathering targetting information.ogg	TAU11	Marker Drone	TauEmpire	line	Gathering targeting information.	Gathering targeting information.	Gathering targetting information	0.333		0.033		exact		
VO_Tau_Empire_Missile Drone - Targeting matrix calculated.ogg	TAU12	Missile Drone	TauEmpire	line	Targeting Matrix Calculated.	Targeting matrix calculated.	Targeting matrix calculated	0.000		0.000		case-punct-only		
VO_Tau_Empire_Pathfinder - Optimal target marked for elimination.ogg	TAU13	Pathfinder	TauEmpire	line	Optimal target, marked for elimination.	Optimal target marked for elimination.	Optimal target marked for elimination	0.000		0.000		case-punct-only		
VO_Tau_Empire_Piranha - Surveilling engagement area.ogg	TAU25	Piranha	TauEmpire	line	Surveiling engagement area.	Surveiling Engagement Area.	Surveilling engagement area	0.333		0.040		case-punct-only		
VO_Tau_Empire_Razorshark Fighter - The Air Caste bring fire from the skies.ogg	TAU66	Burgeoning Empire	TauEmpire	line	The air cast bring fire from the skies.	The aircast bring fire from the skies.	The Air Caste bring fire from the skies	0.125		0.031		content-word		1
VO_Tau_Empire_Riptide Battlesuit - I am here to end this conflict.ogg	TAU42	Riptide Battlesuit	TauEmpire	line	I'm here to end this conflict.	I am here to end this conflict.	I am here to end this conflict	0.286		0.042		content-word		1
VO_Tau_Empire_Shadowsun_Backup.ogg	TAU6	Shadowsun	TauEmpire	backup	Any decision can be the stone that starts the avalanche.	Any decision can be the stone that starts the avalanche.						exact		
VO_Tau_Empire_Shadowsun_attack.ogg	TAU6	Shadowsun	TauEmpire	attack	UGH!	*Clears throat*						content-word		1
VO_Tau_Empire_Shadowsun_cantDo.ogg	TAU6	Shadowsun	TauEmpire	cantdo	An impossibility.	An impossibility.						exact		
VO_Tau_Empire_Shadowsun_concede.ogg	TAU6	Shadowsun	TauEmpire	concede	A non-viable approach. Converge at the established point.	A non-viable approach. Converge at the established point.						exact		
VO_Tau_Empire_Shadowsun_death.ogg	TAU6	Shadowsun	TauEmpire	death	Aaaaaaahhhhhh	Oh.						content-word		1
VO_Tau_Empire_Shadowsun_gen1.ogg	TAU6	Shadowsun	TauEmpire	gen1	No deed is unworthy. No sacrifice is in vain.	No deed is unworthy. No sacrifice is in vain.						exact		
VO_Tau_Empire_Shadowsun_gen2.ogg	TAU6	Shadowsun	TauEmpire	gen2	I take no pride in bloodshed, necessary as it is.	I take no pride in Bloodshed, necessary as it is.						case-punct-only		
VO_Tau_Empire_Shadowsun_gen3.ogg	TAU6	Shadowsun	TauEmpire	gen3	I have my own path to follow.	I have my own path to follow.						exact		
VO_Tau_Empire_Shadowsun_gen4.ogg	TAU6	Shadowsun	TauEmpire	gen4	I have been through stranger times than this.	I have been through stranger times than this.						exact		
VO_Tau_Empire_Shadowsun_gen5.ogg	TAU6	Shadowsun	TauEmpire	gen5	Those with superior reach can dictate the flow of battle.	Those with superior reach can dictate the flow of battle.						exact		
VO_Tau_Empire_Shadowsun_gen6.ogg	TAU6	Shadowsun	TauEmpire	gen6	We follow the path of Khaoyon. Make ready the ambush.	We follow the path of Kalyon. Make ready the ambush.						content-word		1
VO_Tau_Empire_Shadowsun_gen7.ogg	TAU6	Shadowsun	TauEmpire	gen7	I am Shasso Shasera, called Shadowsun.	I am Shasso Shasera, called Shadow-san.						content-word		1
VO_Tau_Empire_Shadowsun_greet.ogg	TAU6	Shadowsun	TauEmpire	greet	The Firecast will not tend to this challenge kindly.	The firecast will not tend to this challenge kindly.						case-punct-only		
VO_Tau_Empire_Shadowsun_hurry.ogg	TAU6	Shadowsun	TauEmpire	hurry	We must not falter in our actions.	We must not falter in our actions.						exact		
VO_Tau_Empire_Shadowsun_intro.ogg	TAU6	Shadowsun	TauEmpire	intro	You will soon learn of the Firecast's true strength.	You will soon learn of the Firecast's true strength.						exact		
VO_Tau_Empire_Shadowsun_mirror.ogg	TAU6	Shadowsun	TauEmpire	mirror	Fight with fire and courage, and nothing can stand against us.	Fight with fire and courage and nothing can stand against us.						case-punct-only		
VO_Tau_Empire_Shadowsun_threat.ogg	TAU6	Shadowsun	TauEmpire	threat	An example must be made of you.	An example must be made of you.						exact		
VO_Tau_Empire_Shadowsun_vsAun'va.ogg	TAU6	Shadowsun	TauEmpire	vsaun'va	You honor us with your presence, ethereal supreme.	You honor us with your presence, ethereal supreme.						exact		
VO_Tau_Empire_Shadowsun_vsCalgar.ogg	TAU6	Shadowsun	TauEmpire	vscalgar	Your kind's mindless massacre must be stopped.	Your kind's mindless massacre must be stopped.						exact		
VO_Tau_Empire_Shadowsun_vsGrukk.ogg	TAU6	Shadowsun	TauEmpire	vsgrukk	Such a predictable approach will not succeed, Brutish Beast.	Such a predictable approach will not succeed, brutish beast.						case-punct-only		
VO_Tau_Empire_Shadowsun_vsImperial.ogg	TAU6	Shadowsun	TauEmpire	vsimperial	Crude, hateful, prone to fight, you are not so different from an orc.	"""Cruid, hateful, prone to fight, you are not so different from an orc."""						content-word		1
VO_Tau_Empire_Shadowsun_vsKroot.ogg	TAU6	Shadowsun	TauEmpire	vskroot	Kindred, the TauVar is in your debt.	Kindred, the Tauvar is in your debt.						case-punct-only		
VO_Tau_Empire_Shadowsun_vsO'Maisos.ogg	TAU6	Shadowsun	TauEmpire	vso'maisos	I will be taking operational command now, Shasso.	I will be taking operational command now, Chasso.						content-word		1
VO_Tau_Empire_Shadowsun_wp.ogg	TAU6	Shadowsun	TauEmpire	wp	In discriminant rage must be answered with crisp precision.	Indiscriminate rage must be answered with crisp precision.						content-word		1
VO_Tau_Empire_Sky Ray Gunship - Target locked Deploying seeker missiles.ogg	TAU40	Sky Ray Gunship	TauEmpire	line	Target locked. The point seeker missiles.	Target locked. Deploying Seeker missiles.	Target locked Deploying seeker missiles	0.400		0.143		content-word		1
VO_Tau_Empire_Sniper Drone - Target identified.ogg	TAU20	Sniper Drone	TauEmpire	line	Target identified.	Target identified.	Target identified	0.000		0.000		exact		
VO_Tau_Empire_Stealth Battlesuit - Stealth field active Ready to engage.ogg	TAU26	Stealth Battlesuit	TauEmpire	line	Stealth Field active, ready to engage.	Still field active, ready to engage.	Stealth field active Ready to engage	0.000		0.000		content-word		1
VO_Tau_Empire_Stealth Drone - Activating stealth field.ogg	TAU14	Stealth Drone	TauEmpire	line	Activating Stealth Field.	Activating stealth field.	Activating stealth field	0.000		0.000		case-punct-only		
VO_Tau_Empire_Stealth Shas'ui - Stealth team in position Awaiting orders.ogg	TAU66	Burgeoning Empire	TauEmpire	line	Stealth Team in position. Awaiting orders.	Stealth team in position. Awaiting orders.	Stealth team in position Awaiting orders	0.000		0.000		case-punct-only		
VO_Tau_Empire_Stormsurge - Resistance will be met with unyielding fire.ogg	TAU_Stormsurge_Battlesuit	Stormsurge Battlesuit	TauEmpire	line	Resistance will be met with unyielding fire!	Resistance will be met with unyielding fire!	Resistance will be met with unyielding fire	0.000		0.000		exact		
VO_Tau_Empire_Strike Team - Our flame lights the way to the Greater Good.ogg	TAU28	Strike Team	TauEmpire	line	Our flame lights the way to the greater good.	Our flame lights the way to the greater good.	Our flame lights the way to the Greater Good	0.000		0.000		exact		
VO_Tau_Empire_Sun Shark Bomber - To secure the expansion we must conquer the skies.ogg	TAU44	Sun Shark Bomber	TauEmpire	line	To secure the expansion, we must conquer the skies.	To secure the expansion, we must conquer the skies.	To secure the expansion we must conquer the skies	0.000		0.000		exact		
VO_Tau_Empire_Vespid Stingwings.ogg	TAU21	Vespid Stingwings	TauEmpire	line								both-empty		1
VO_Tau_Flesh Shaper - A hunter's senses must be sharp as a butcher's knife.ogg	TAU71	Flesh Shaper	TauEmpire	line	A hunter's senses must be as sharp as the butcher's knife.	A hunter's senses must be as sharp as the butcher's knife.	A hunter's senses must be sharp as a butcher's knife	0.200		0.122		exact		
VO_Tau_Kroot Carnivore - We heed the call of the hunt.ogg	TAU_Kroot_Carnivore	Kroot Carnivore	TauEmpire	line	We heed the call of the hunt.	We heed the call of the hunt.	We heed the call of the hunt	0.000		0.000		exact		
VO_Tau_Kroot Hound - Voracious growl.ogg	TAU_Kroot_Hound	Kroot Hound	TauEmpire	line	MuaAaah.	*Baaah*	Voracious growl					content-word	stage-direction	
VO_Tau_Krootox Rampager - Show me your strength I will make it mine.ogg	TAU72	Krootox Rampager	TauEmpire	line	Show me your strength, I will make it mine.	Show me your strength. I will make it mine.	Show me your strength I will make it mine	0.000		0.000		case-punct-only		
VO_Tau_Krootox Rider - No prey can hide from us.ogg	TAU70	Krootox Rider	TauEmpire	line	No break and hide from us.	No prey can hide from us.	No prey can hide from us	0.333		0.211		content-word		1
VO_Tau_Lone-Spear - The hunt does not wait for the hunter.ogg	TAU73	Lone-spear	TauEmpire	line	The hunt does not wait for the hunter.	The hunt does not wait for the hunter!						case-punct-only		
VO_Tau_Trail Shaper - Sharpen your knives Tonight we feast.ogg	TAU_Trail_Shaper	Trail Shaper	TauEmpire	line	Dropin' your knives, tonight we feast!	Sharpen your knives tonight. We feast.	Sharpen your knives Tonight we feast	0.167		0.161		content-word		1
VO_Tau_War Shaper_attack.ogg	TAU_War_Shaper	War Shaper	TauEmpire	attack	Grrrr!	Grr!						content-word		1
VO_Tau_War Shaper_cantDo.ogg	TAU_War_Shaper	War Shaper	TauEmpire	cantdo	That is beyond my reach.	That is beyond my reach.						exact		
VO_Tau_War Shaper_concede.ogg	TAU_War_Shaper	War Shaper	TauEmpire	concede	My kin has learned to avoid futile endeavors.	My kin has learned to avoid futile endeavors.						exact		
VO_Tau_War Shaper_death.ogg	TAU_War_Shaper	War Shaper	TauEmpire	death	Uggggggggghhh!	Ugh.						content-word		1
VO_Tau_War Shaper_gen1.ogg	TAU_War_Shaper	War Shaper	TauEmpire	gen1	We hunt, we feed, and we prosper.	We hunt, we feed, and we prosper.						exact		
VO_Tau_War Shaper_gen2.ogg	TAU_War_Shaper	War Shaper	TauEmpire	gen2	With every hunt, our strength grows.	With every hunt, our strength grows.						exact		
VO_Tau_War Shaper_gen3.ogg	TAU_War_Shaper	War Shaper	TauEmpire	gen3	No ray is too great to deter us.	No ray is too great to deter us.						exact		
VO_Tau_War Shaper_gen4.ogg	TAU_War_Shaper	War Shaper	TauEmpire	gen4	Simpler to go for the head, is it not?	Simpler to go for the head, is it not?						exact		
VO_Tau_War Shaper_gen5.ogg	TAU_War_Shaper	War Shaper	TauEmpire	gen5	The hunt grows ever harder, but we adapt.	The hunt grows ever harder, but we adapt.						exact		
VO_Tau_War Shaper_gen6.ogg	TAU_War_Shaper	War Shaper	TauEmpire	gen6	A new quarry stepped into my hunting grounds.	A new quarry stepped into my hunting grounds.						exact		
VO_Tau_War Shaper_gen7.ogg	TAU_War_Shaper	War Shaper	TauEmpire	gen7	We relish the hunt.	We relish the hunt.						exact		
VO_Tau_War Shaper_greet.ogg	TAU_War_Shaper	War Shaper	TauEmpire	greet	Let us begin the ritual of predator and prey.	Let us begin the ritual of predator and prey.						exact		
VO_Tau_War Shaper_hurry.ogg	TAU_War_Shaper	War Shaper	TauEmpire	hurry	Let's move! The hunt awaits!	Let's move. The hunt awaits.						case-punct-only		
VO_Tau_War Shaper_intro.ogg	TAU_War_Shaper	War Shaper	TauEmpire	intro	The hand big gains, today we feast.	The hunt begins. Today we feast.						content-word		1
VO_Tau_War Shaper_mirror.ogg	TAU_War_Shaper	War Shaper	TauEmpire	mirror	And my blade is sharp. Let's get started.	My blade is sharp. Let's get started.						content-word		1
VO_Tau_War Shaper_threat.ogg	TAU_War_Shaper	War Shaper	TauEmpire	threat	I have your scent. You cannot escape.	I have your scent. You cannot escape.						exact		
VO_Tau_War Shaper_vsAunVa.ogg	TAU_War_Shaper	War Shaper	TauEmpire	vsaunva	Wise as you are, some things the ethereal cast can never understand.	Wise as you are, some things the ethereal cast can never understand.						exact		
VO_Tau_War Shaper_vsNecron.ogg	TAU_War_Shaper	War Shaper	TauEmpire	vsnecron	And in auspicious pray, you are strong yet lack flesh to feast on.	An inauspicious prey. You are strong yet lack flesh to feast on.						content-word		1
VO_Tau_War Shaper_vsUrsulaCreed.ogg	TAU_War_Shaper	War Shaper	TauEmpire	vsursulacreed	You humans do not understand. You feed upon weak things. We feed upon the strong.	You humans do not understand. You feed upon weak things. We feed upon the strong.						exact		
VO_Tau_War Shaper_wp.ogg	TAU_War_Shaper	War Shaper	TauEmpire	wp	You are capable. This is a worthy hunt.	You are capable. This is a worthy hunt.						exact		
VO_Tyranid_Leviathan_Barbgaunt.ogg	TL78	Barbgaunt	Leviathan	line	BOO!	*cough*						content-word		1
VO_Tyranid_Leviathan_Biovore - Low rumbling.ogg	TL14	Biovore	Leviathan	line		.	Low rumbling					b-only	stage-direction	
VO_Tyranid_Leviathan_Broodlord - Rallying scream.ogg	TL30	Broodlord	Leviathan	line	HELLO!	*Gunshot*	Rallying scream					content-word	stage-direction	
VO_Tyranid_Leviathan_Carnifex - Primal roar.ogg	TL25	Carnifex	Leviathan	line		*BOOM*	Primal roar					b-only	stage-direction	
VO_Tyranid_Leviathan_Deathleaper - Lurking in the shadows.ogg	TL26	Deathleaper	Leviathan	line		*Loud noise*	Lurking in the shadows					b-only	stage-direction	
VO_Tyranid_Leviathan_Exocrine - Thunderous stomp.ogg	TL40	Exocrine	Leviathan	line	Thank you for watching and don't forget to subscribe to our channel for more videos like this.		Thunderous stomp					a-only	stage-direction	
VO_Tyranid_Leviathan_Gargoyle - Harsh scream.ogg	TL15	Gargoyle	Leviathan	line		.	Harsh scream					b-only	stage-direction	
VO_Tyranid_Leviathan_Genestealer - Wild talon swinging.ogg	TL16	Genestealer	Leviathan	line		*thud*	Wild talon swinging					b-only	stage-direction	
VO_Tyranid_Leviathan_Harpy - Ferocious scream.ogg	TL36	Harpy	Leviathan	line		*Screams*	Ferocious scream					b-only	stage-direction	
VO_Tyranid_Leviathan_Haruspex - Discordant roar.ogg	TL41	Haruspex	Leviathan	line	RRRRGHHH	*Mario plays*	Discordant roar					content-word	stage-direction	
VO_Tyranid_Leviathan_Hive Crone - Intense screech.ogg	TL31	Hive Crone	Leviathan	line	Hive Crone	*Clapping*	Intense screech					content-word	stage-direction	
VO_Tyranid_Leviathan_Hive Guard - Heavy stomp.ogg	TL32	Hive Guard	Leviathan	line		*BOOM*	Heavy stomp					b-only	stage-direction	
VO_Tyranid_Leviathan_Hive Tyrant - Commanding roar.ogg	TL37	Hive Tyrant	Leviathan	line		*Gunshot*	Commanding roar					b-only	stage-direction	
VO_Tyranid_Leviathan_Hormagaunt - Savage growl.ogg	TL9	Hormagaunt	Leviathan	line	Hormagaunt, Leviathan.	*BOOM*	Savage growl					content-word	stage-direction	
VO_Tyranid_Leviathan_Lictor - Rising talons menacingly.ogg	TL19	Lictor	Leviathan	line		*Burr*	Rising talons menacingly					b-only	stage-direction	
VO_Tyranid_Leviathan_Maleceptor - Malignant bellow.ogg	TL39	Maleceptor	Leviathan	line			Malignant bellow					both-empty	stage-direction	
VO_Tyranid_Leviathan_Mawloc - Gutwrenching scream.ogg	TL27	Mawloc	Leviathan	line	AAAAAAAAAA	*Mario plays*	Gutwrenching scream					content-word	stage-direction	
VO_Tyranid_Leviathan_Mucolid Spore - Noxious humming B.ogg	TL10	Mucolid Spore	Leviathan	line		*crunch*	Noxious humming B					b-only	stage-direction	
VO_Tyranid_Leviathan_Neurogaunt Nodebeast- Low growl.ogg	TL11	Neurogaunt Nodebeast	Leviathan	line		*Gunshot*						b-only		1
VO_Tyranid_Leviathan_Neurogaunt.ogg	TL77	Neurogaunt	Leviathan	line	Neurogaunt.	*Screams*						content-word		1
VO_Tyranid_Leviathan_Neuroloid.ogg	TL76	Neuroloid	Leviathan	line		*thud*						b-only		1
VO_Tyranid_Leviathan_Neurothrope_attack.ogg	TL1	Neurothrope	Leviathan	attack	Pfft!	*pfff*						content-word		1
VO_Tyranid_Leviathan_Neurothrope_cant.ogg	TL1	Neurothrope	Leviathan	cantdo	...	*laughter*						content-word		1
VO_Tyranid_Leviathan_Neurothrope_concede.ogg	TL1	Neurothrope	Leviathan	concede	RRRRRRRRRRRRRRRR	*Screams*						content-word		1
VO_Tyranid_Leviathan_Neurothrope_death.ogg	TL1	Neurothrope	Leviathan	death		*Screams*						b-only		1
VO_Tyranid_Leviathan_Neurothrope_gen1.ogg	TL1	Neurothrope	Leviathan	gen1		Yeah.						b-only		1
VO_Tyranid_Leviathan_Neurothrope_gen2.ogg	TL1	Neurothrope	Leviathan	gen2		*laughter*						b-only		1
VO_Tyranid_Leviathan_Neurothrope_gen3.ogg	TL1	Neurothrope	Leviathan	gen3		*Loud noise*						b-only		1
VO_Tyranid_Leviathan_Neurothrope_gen4.ogg	TL1	Neurothrope	Leviathan	gen4		*laughter*						b-only		1
VO_Tyranid_Leviathan_Neurothrope_gen5.ogg	TL1	Neurothrope	Leviathan	gen5		*crickets*						b-only		1
VO_Tyranid_Leviathan_Neurothrope_gen6.ogg	TL1	Neurothrope	Leviathan	gen6	RAAAAAAAAAAAAAAAAA	*crowd cheers*						content-word		1
VO_Tyranid_Leviathan_Neurothrope_gen7.ogg	TL1	Neurothrope	Leviathan	gen7								both-empty		1
VO_Tyranid_Leviathan_Neurothrope_greet.ogg	TL1	Neurothrope	Leviathan	greet	I	*Loud cluck*						content-word		1
VO_Tyranid_Leviathan_Neurothrope_hurry.ogg	TL1	Neurothrope	Leviathan	hurry		.						b-only		1
VO_Tyranid_Leviathan_Neurothrope_intro.ogg	TL1	Neurothrope	Leviathan	intro	www.AllSubs.org	*crickets*						content-word		1
VO_Tyranid_Leviathan_Neurothrope_mirror.ogg	TL1	Neurothrope	Leviathan	mirror								both-empty		1
VO_Tyranid_Leviathan_Neurothrope_threat.ogg	TL1	Neurothrope	Leviathan	threat	RRRRRRRRRR!	*crowd cheers*						content-word		1
VO_Tyranid_Leviathan_Neurothrope_wp.ogg	TL1	Neurothrope	Leviathan	wp	Rrrrrrrrrr	*throwing*						content-word		1
VO_Tyranid_Leviathan_Neurotyrant.ogg	TL82	Neurotyrant	Leviathan	line	EDITED-SF-MGN-DQ	.						content-word		1
VO_Tyranid_Leviathan_Norn Emissary.ogg	TL83	Norn Emissary	Leviathan	line	AHHHHHHHHH	*Dramatic Music*						content-word		1
VO_Tyranid_Leviathan_Psychophage.ogg	TL80	Psychophage	Leviathan	line	RAAAAAAAAAAAHHHHHHHHH	*Screams*						content-word		1
VO_Tyranid_Leviathan_Pyrovore - Brooding grumble.ogg	TL17	Pyrovore	Leviathan	line		.	Brooding grumble					b-only	stage-direction	
VO_Tyranid_Leviathan_Ravener - Piercing roar.ogg	TL20	Ravener	Leviathan	line	RRRRRRRRRRR!	*BOOM*	Piercing roar					content-word	stage-direction	
VO_Tyranid_Leviathan_Ripper Swarm - Discordant chirrup.ogg	TL7	Ripper Swarm	Leviathan	line	Ripper Swarm, Leviathan.	*laughter*	Discordant chirrup					content-word	stage-direction	
VO_Tyranid_Leviathan_Spore Mine - Low Humming B.ogg	TL8	Spore Mine	Leviathan	line			Low Humming B					both-empty	stage-direction	
VO_Tyranid_Leviathan_Sporocyst - Reverberating thrum.ogg	TL21	Sporocyst	Leviathan	line		*Burps*	Reverberating thrum					b-only	stage-direction	
VO_Tyranid_Leviathan_Stranded Termagant - Enraged screech.ogg	TL12	Stranded Termagant	Leviathan	line		*Screams*	Enraged screech					b-only	stage-direction	
VO_Tyranid_Leviathan_Swarmlord_attack.ogg	TL3	SwarmLord	Leviathan	attack	WAH!	*painful*						content-word		1
VO_Tyranid_Leviathan_Swarmlord_cant.ogg	TL3	SwarmLord	Leviathan	cantdo	Rrrrrr!	*painful sound*						content-word		1
VO_Tyranid_Leviathan_Swarmlord_concede.ogg	TL3	SwarmLord	Leviathan	concede		*Gunshot*						b-only		1
VO_Tyranid_Leviathan_Swarmlord_death.ogg	TL3	SwarmLord	Leviathan	death		.						b-only		1
VO_Tyranid_Leviathan_Swarmlord_gen1.ogg	TL3	SwarmLord	Leviathan	gen1	Rrrrrrrrrrrrrrrrrrrrrrrr!	*Mario grunts*						content-word		1
VO_Tyranid_Leviathan_Swarmlord_gen2.ogg	TL3	SwarmLord	Leviathan	gen2	And I'm going to show you that.  Cool.  I'm going to show you that.  Good.  Thank you and have a great day.  Thank you.  Bye.  Bye.  Bye.  Bye.  Bye.  Bye.  Bye.  Bye.  Bye.  Bye.  Bye.  Bye.  Bye.  Bye.  Go!  Bye.  Go!  Bye.  Bye.  Bye.  Bye.  Bye.  Bye.	.						content-word		1
VO_Tyranid_Leviathan_Swarmlord_gen3.ogg	TL3	SwarmLord	Leviathan	gen3		*thud*						b-only		1
VO_Tyranid_Leviathan_Swarmlord_gen4.ogg	TL3	SwarmLord	Leviathan	gen4		*throwing*						b-only		1
VO_Tyranid_Leviathan_Swarmlord_gen5.ogg	TL3	SwarmLord	Leviathan	gen5	I'm a captain's advocate for a long time.  It's really great to see you.							a-only		1
VO_Tyranid_Leviathan_Swarmlord_gen6.ogg	TL3	SwarmLord	Leviathan	gen6		*Gunshot*						b-only		1
VO_Tyranid_Leviathan_Swarmlord_gen7.ogg	TL3	SwarmLord	Leviathan	gen7	Roooooooo!	.						content-word		1
VO_Tyranid_Leviathan_Swarmlord_greet.ogg	TL3	SwarmLord	Leviathan	greet		.						b-only		1
VO_Tyranid_Leviathan_Swarmlord_hurry.ogg	TL3	SwarmLord	Leviathan	hurry	SwarmLord.	*poof*						content-word		1
VO_Tyranid_Leviathan_Swarmlord_intro.ogg	TL3	SwarmLord	Leviathan	intro	ROAR!	*Logs*						content-word		1
VO_Tyranid_Leviathan_Swarmlord_mirror.ogg	TL3	SwarmLord	Leviathan	mirror	Rrrrrr!	Oh!						content-word		1
VO_Tyranid_Leviathan_Swarmlord_threat.ogg	TL3	SwarmLord	Leviathan	threat		*Gunshot*						b-only		1
VO_Tyranid_Leviathan_Swarmlord_wp.ogg	TL3	SwarmLord	Leviathan	wp		.						b-only		1
VO_Tyranid_Leviathan_Termagant - Hungry snarl.ogg	TL13	Termagant	Leviathan	line		*throwing*	Hungry snarl					b-only	stage-direction	
VO_Tyranid_Leviathan_Termagant Brood.ogg	TL79	Termagant Brood	Leviathan	line		*Gunshot*						b-only		1
VO_Tyranid_Leviathan_Tervigon_attack.ogg	TL5	Tervigon	Leviathan	attack								both-empty		1
VO_Tyranid_Leviathan_Tervigon_cant.ogg	TL5	Tervigon	Leviathan	cantdo	Tervigon, Leviathan.	*BOOM*						content-word		1
VO_Tyranid_Leviathan_Tervigon_concede.ogg	TL5	Tervigon	Leviathan	concede	AAAAAAAAAAAAAAAAAAAAAAA	*Gunshot*						content-word		1
VO_Tyranid_Leviathan_Tervigon_death.ogg	TL5	Tervigon	Leviathan	death	RRRRRRRRRRRR!	*Screams*						content-word		1
VO_Tyranid_Leviathan_Tervigon_gen1.ogg	TL5	Tervigon	Leviathan	gen1		.						b-only		1
VO_Tyranid_Leviathan_Tervigon_gen2.ogg	TL5	Tervigon	Leviathan	gen2	RRRRRRRRRRRRRR							a-only		1
VO_Tyranid_Leviathan_Tervigon_gen3.ogg	TL5	Tervigon	Leviathan	gen3	Hi, I'm Leviathan.	I'll see you next time.						content-word		1
VO_Tyranid_Leviathan_Tervigon_gen4.ogg	TL5	Tervigon	Leviathan	gen4		*throwing*						b-only		1
VO_Tyranid_Leviathan_Tervigon_gen5.ogg	TL5	Tervigon	Leviathan	gen5		*throwing*						b-only		1
VO_Tyranid_Leviathan_Tervigon_gen6.ogg	TL5	Tervigon	Leviathan	gen6	HMMMMMMMMMMMMM	.						content-word		1
VO_Tyranid_Leviathan_Tervigon_gen7.ogg	TL5	Tervigon	Leviathan	gen7	No	*Screams*						content-word		1
VO_Tyranid_Leviathan_Tervigon_greet.ogg	TL5	Tervigon	Leviathan	greet		*Gunshot*						b-only		1
VO_Tyranid_Leviathan_Tervigon_hurry.ogg	TL5	Tervigon	Leviathan	hurry		*BOOM*						b-only		1
VO_Tyranid_Leviathan_Tervigon_intro.ogg	TL5	Tervigon	Leviathan	intro		*Burr*						b-only		1
VO_Tyranid_Leviathan_Tervigon_mirror.ogg	TL5	Tervigon	Leviathan	mirror		*Burps*						b-only		1
VO_Tyranid_Leviathan_Tervigon_threat.ogg	TL5	Tervigon	Leviathan	threat	HELLO!	*Groans*						content-word		1
VO_Tyranid_Leviathan_Tervigon_wp.ogg	TL5	Tervigon	Leviathan	wp		.						b-only		1
VO_Tyranid_Leviathan_Tyranid Prime - Threatening roar.ogg	TL22	Tyranid Prime	Leviathan	line	MMMMMMMMMMMMMMMM	*Burr*	Threatening roar					content-word	stage-direction	
VO_Tyranid_Leviathan_Tyranid Warrior - Intimidating growl.ogg	TL18	Tyranid Warrior	Leviathan	line	Welcome to the	*Burr*	Intimidating growl					content-word	stage-direction	
VO_Tyranid_Leviathan_Tyrannocyte - Viscous gurgle.ogg	TL34	Tyrannocyte	Leviathan	line		*throwing*	Viscous gurgle					b-only	stage-direction	
VO_Tyranid_Leviathan_Tyrannofex - Fiery bellow.ogg	TL43	Tyrannofex	Leviathan	line		*throwing*	Fiery bellow					b-only	stage-direction	
VO_Tyranid_Leviathan_Tyrant Guard - Challenging roar.ogg	TL28	Tyrant Guard	Leviathan	line		*Gunshot*	Challenging roar					b-only	stage-direction	
VO_Tyranid_Leviathan_Venomthrope - Twirling tendrils.ogg	TL23	Venomthrope	Leviathan	line	Oh	*crunch*	Twirling tendrils					content-word	stage-direction	
VO_Tyranid_Leviathan_Von Ryan's Leaper - Pack call.ogg	TL24	Von Ryans Leaper	Leviathan	line		*Gunshot*	Pack call					b-only	stage-direction	
VO_Tyranid_Leviathan_Winged Tyranid Prime_attack.ogg	TL22	Tyranid Prime	Leviathan	attack		*gunshot*						b-only		1
VO_Tyranid_Leviathan_Winged Tyranid Prime_cant.ogg	TL22	Tyranid Prime	Leviathan	cantdo	HELLO!	Yeah!						content-word		1
VO_Tyranid_Leviathan_Winged Tyranid Prime_concede.ogg	TL22	Tyranid Prime	Leviathan	concede		*Dramatic music*						b-only		1
VO_Tyranid_Leviathan_Winged Tyranid Prime_death.ogg	TL22	Tyranid Prime	Leviathan	death		*Gunshot*						b-only		1
VO_Tyranid_Leviathan_Winged Tyranid Prime_gen1.ogg	TL22	Tyranid Prime	Leviathan	gen1	Hi, I'm Leviathan.	*Gunshot*						content-word		1
VO_Tyranid_Leviathan_Winged Tyranid Prime_gen2.ogg	TL22	Tyranid Prime	Leviathan	gen2		*BOOM*						b-only		1
VO_Tyranid_Leviathan_Winged Tyranid Prime_gen3.ogg	TL22	Tyranid Prime	Leviathan	gen3		*Dramatic Music*						b-only		1
VO_Tyranid_Leviathan_Winged Tyranid Prime_greet.ogg	TL22	Tyranid Prime	Leviathan	greet		*Gunshot*						b-only		1
VO_Tyranid_Leviathan_Winged Tyranid Prime_hurry.ogg	TL22	Tyranid Prime	Leviathan	hurry	RRRRRRRRRRRRRRR!	*outro music*						content-word		1
VO_Tyranid_Leviathan_Winged Tyranid Prime_intro.ogg	TL22	Tyranid Prime	Leviathan	intro	HELLO!	*Gunshot*						content-word		1
VO_Tyranid_Leviathan_Winged Tyranid Prime_mirror.ogg	TL22	Tyranid Prime	Leviathan	mirror	The Voice Line of Tyranid Prime	*Mario's Outro*						content-word		1
VO_Tyranid_Leviathan_Winged Tyranid Prime_threat.ogg	TL22	Tyranid Prime	Leviathan	threat		*Gunshot*						b-only		1
VO_Tyranid_Leviathan_Winged Tyranid Prime_wp.ogg	TL22	Tyranid Prime	Leviathan	wp	Waaaaaahhh!	.						content-word		1
VO_Tyranid_Leviathan_Winged Tyrant - Deafening scream.ogg	TL42	Winged Tyrant	Leviathan	line		*Screams*	Deafening scream					b-only	stage-direction	
VO_Tyranid_Leviathan_Zoanthrope - Psychic humming.ogg	TL29	Zoanthrope	Leviathan	line			Psychic humming					both-empty	stage-direction	
VO_UM_2nd Company Terminator - Your fall will echo through the battlefield.wav	UM83	1st Company Terminator	Ultramarines	line	Your fall will echo through the battlefield.	Your fall will echo through the battlefield.	Your fall will echo through the battlefield	0.000		0.000		exact		
VO_UM_7th Company Bikes - Temper your speed with faith and flame.ogg	UM16	7th Company Bike	Ultramarines	line	Temper your speed with faith and flame!	Temper your speed with faith and flame!	Temper your speed with faith and flame	0.000		0.000		exact		
VO_UM_Aggresor Sergeant - No foe can stand in our wake.ogg	UM_Aggressor_Sergeant	Aggressor Sergeant	Ultramarines	line	No foe can stand in our wake!	No foe can stand in our wake.	No foe can stand in our wake	0.000		0.000		case-punct-only		
VO_UM_Antaro Chronus - Make the engines roar Its time to scour this battlefield.ogg	UM_Antaro_Chronus	Antaro Chronus	Ultramarines	line	Make the engines roar. It's time to scour this battlefield.	Make the engines roar! It's time to scour this battlefield!	Make the engines roar Its time to scour this battlefield					case-punct-only	stage-direction	
VO_UM_Apothecary Polixis - The Emperor's work must be safeguarded.ogg	UM30	Apothecary Polixis	Ultramarines	line	The Emperor's work must be safeguarded.	The Emperor's work must be safeguarded.	The Emperor's work must be safeguarded	0.000		0.000		exact		
VO_UM_Assault Centurion - My armour is infused with the Emperors will.ogg	UM_Assault_Centurion	Assault Centurion	Ultramarines	line	My armor is infused with the Emperor's will.	My armor is infused with the Emperor's will.	My armour is infused with the Emperors will	0.250		0.028		exact		
VO_UM_Assault Intercessor - The Emperor guides us to victory.ogg	UM12	Assault Intercessor	Ultramarines	line	The Emperor guides us to victory!	The Emperor guides us to victory!	The Emperor guides us to victory	0.000		0.000		exact		
VO_UM_Attack Bike - For Guilliman and the Emperor!.wav	UM77	Attack Bike	Ultramarines	line	For Gilliman and the Emperor!	For Gilliman and the Emperor!	For Guilliman and the Emperor!	0.200		0.040		exact		
VO_UM_Bladeguard Ancient - Fight well and your names shall leave on ever after in glory!.wav	UM87	Bladeguard Ancient	Ultramarines	line	Fight well, and your name shall live on ever after in glory.	Fight well, and your name shall live on ever after in glory.	Fight well and your names shall leave on ever after in glory!	0.167		0.061		exact		
VO_UM_Bladeguard Lieutenant - Draw your blade for the Primarch.ogg	UM34	Bladeguard Veteran	Ultramarines	line	DRAW YOUR BLADE FOR THE PRIME ARC!	Draw your blade for the Primark!	Draw your blade for the Primarch	0.333		0.074		content-word		1
VO_UM_Bladeguard Sergeant- Your defiance will end under Ultramar's steel.ogg	UM87	Bladeguard Ancient	Ultramarines	line	Your defiance will end under Ultramar's steel.	Your defiance will end under Ultramar's steel.						exact		
VO_UM_Brutalis Dreadnought - I have embraced death to deliver it with every step!.wav	UM91	Brutalis Dreadnought	Ultramarines	line	Have embraced death to deliver it with every step.	I have embraced death to deliver it with every step.	I have embraced death to deliver it with every step!	0.100		0.024		content-word		1
VO_UM_Calgar_attack.ogg	UM1	Marneus Calgar	Ultramarines	attack	Huh!	HUH!						case-punct-only		
VO_UM_Calgar_cantDo.ogg	UM1	Marneus Calgar	Ultramarines	cantdo	I can't do that!	I can't do that!						exact		
VO_UM_Calgar_concede.ogg	UM1	Marneus Calgar	Ultramarines	concede	May our sacrifice be worthy of the Emperor.	May our sacrifice be worthy of the Emperor.						exact		
VO_UM_Calgar_death.ogg	UM1	Marneus Calgar	Ultramarines	death	FUERGH!	FAAAHHHHHHHHHHHHH!						content-word		1
VO_UM_Calgar_gen1.ogg	UM1	Marneus Calgar	Ultramarines	gen1	Let us cleanse this place, brothers!	Let us cleanse this place, brothers.						case-punct-only		
VO_UM_Calgar_gen2.ogg	UM1	Marneus Calgar	Ultramarines	gen2	Battles like this are what I was made for.	Battles like this are what I was made for.						exact		
VO_UM_Calgar_gen3.ogg	UM1	Marneus Calgar	Ultramarines	gen3	Have you lost your taste for battle?	Have you lost your taste for battle?						exact		
VO_UM_Calgar_gen4.ogg	UM1	Marneus Calgar	Ultramarines	gen4	It is not a question of honor, but of duty.	It is not a question of honor, but of duty.						exact		
VO_UM_Calgar_gen5.ogg	UM1	Marneus Calgar	Ultramarines	gen5	When an Ultramarine bleeds, so does the chapter.	When an ultramarine bleeds, so does the chapter.						case-punct-only		
VO_UM_Calgar_gen6.ogg	UM1	Marneus Calgar	Ultramarines	gen6	Regret is the most worthless emotion.	Regret is the most worthless emotion.						exact		
VO_UM_Calgar_gen7.ogg	UM1	Marneus Calgar	Ultramarines	gen7	I look unkindly upon unnecessary heroics.	I look unkindly upon unnecessary heroics.						exact		
VO_UM_Calgar_greet.ogg	UM1	Marneus Calgar	Ultramarines	greet	Throne be with us this battle.	Throne be with us this battle.						exact		
VO_UM_Calgar_hurry.ogg	UM1	Marneus Calgar	Ultramarines	hurry	Brothers! Back to the Coles for us!	Brothers, battle calls for us!						content-word		1
VO_UM_Calgar_intro.ogg	UM1	Marneus Calgar	Ultramarines	intro	Warriors of Ultramar, Courage and Honor!	Warriors of Ultramar, courage and honor!						case-punct-only		
VO_UM_Calgar_mirror.ogg	UM1	Marneus Calgar	Ultramarines	mirror	For Ultramar!	FOR ULTRUMMER!						content-word		1
VO_UM_Calgar_threat.ogg	UM1	Marneus Calgar	Ultramarines	threat	Nothing shall stay awroth!	Nothing shall stay our wrath!						content-word		1
VO_UM_Calgar_vsAgemman.ogg	UM1	Marneus Calgar	Ultramarines	vsagemman	Fight well, Severus.	Fight well, Severus.						exact		
VO_UM_Calgar_vsGhazghkull.ogg	UM1	Marneus Calgar	Ultramarines	vsghazghkull	Today we triumph over the Greenskins once more, brothers!	Today we triumph over the Greenskins once more, brothers!						exact		
VO_UM_Calgar_vsMkar.ogg	UM1	Marneus Calgar	Ultramarines	vsmkar	And why would I, when I wish to destroy you?	And why would I, when I wish to destroy you?						exact		
VO_UM_Calgar_vsTyranids.ogg	UM1	Marneus Calgar	Ultramarines	vstyranids	Right here and now, the fate of humanity is in our hands.	Right here and now, the fate of humanity is in our hands.						exact		
VO_UM_Calgar_vsUrielVentris.ogg	UM1	Marneus Calgar	Ultramarines	vsurielventris	The fourth company is in your hands, brother Captain Ventress.	The fourth company is in your hands, brother Captain Ventress.						exact		
VO_UM_Calgar_vsVarro.ogg	UM1	Marneus Calgar	Ultramarines	vsvarro	Tell me, Varro, what do you see?	Tell me, Varro, what do you see?						exact		
VO_UM_Calgar_wp.ogg	UM1	Marneus Calgar	Ultramarines	wp	Feminable, but no match for the Emperor's finest.	Formidable, but no match for the Emperor's finest.						content-word		1
VO_UM_Cato Sicarius - Let none stay our wrath.ogg	UM44	Captain Sicarius	Ultramarines	line	Let none stay a-wrath.	Let none stay a-wrath!	Let none stay our wrath	0.200		0.158		case-punct-only		
VO_UM_Chairon (with Gadriel in play) - We shall thin their numbers today, brother.ogg	UM_Chairon	Chairon	Ultramarines	line	We shall thin their numbers today, brother.	We shall thin their numbers today, brother.	We shall thin their numbers today, brother	0.000		0.000		exact		
VO_UM_Chairon - I will make them suffer now.ogg	UM_Chairon	Chairon	Ultramarines	line	I will make them suffer now.	I will make them suffer now.	I will make them suffer now	0.000		0.000		exact		
VO_UM_Chaplain Cassius - At our backs stand the whole of the Imperium.wav	UM84	Chaplain Cassius	Ultramarines	line	At our backs stands the whole of the Imperium.	At our backs stands the whole of the Imperium.	At our backs stand the whole of the Imperium	0.111		0.028		exact		
VO_UM_Chaplain Letharius_attack.ogg	UM65	Chaplain Letharius	Ultramarines	attack	URGH!	RAAAGH!						content-word		1
VO_UM_Chaplain Letharius_cantDo.ogg	UM65	Chaplain Letharius	Ultramarines	cantdo	The Codex forbids this!	The Codex forbids this!						exact		
VO_UM_Chaplain Letharius_concede.ogg	UM65	Chaplain Letharius	Ultramarines	concede	A reckoning shall come!	A reckoning shall come!						exact		
VO_UM_Chaplain Letharius_death.ogg	UM65	Chaplain Letharius	Ultramarines	death	Arggghhh!	Ah!						content-word		1
VO_UM_Chaplain Letharius_gen1.ogg	UM65	Chaplain Letharius	Ultramarines	gen1	May his light guide us to victory!	May his light guide us to victory!						exact		
VO_UM_Chaplain Letharius_gen2.ogg	UM65	Chaplain Letharius	Ultramarines	gen2	Master, let your zeal drive you forward!	Faster! Let your zeal drive you forward!						content-word		1
VO_UM_Chaplain Letharius_gen3.ogg	UM65	Chaplain Letharius	Ultramarines	gen3	We ride with courage and honor!	We ride with courage and honor!						exact		
VO_UM_Chaplain Letharius_gen4.ogg	UM65	Chaplain Letharius	Ultramarines	gen4	You are DEFEATED!	You are defeated!						case-punct-only		
VO_UM_Chaplain Letharius_gen5.ogg	UM65	Chaplain Letharius	Ultramarines	gen5	I am his judgment, the crowsiest, his sentence!	I am his judgment. The crows is his sentence.						content-word		1
VO_UM_Chaplain Letharius_gen6.ogg	UM65	Chaplain Letharius	Ultramarines	gen6	Let your zeal fuel you, FORGIVEMAN!	Let your zeal fuel you! Forgive him, man!						content-word		1
VO_UM_Chaplain Letharius_gen7.ogg	UM65	Chaplain Letharius	Ultramarines	gen7	The Emperor's wrath is swift and unrelenting!	The Emperor's wrath is swift and unrelenting!						exact		
VO_UM_Chaplain Letharius_greet.ogg	UM65	Chaplain Letharius	Ultramarines	greet	So comes the time of righteous purging!	So comes the time of righteous purging.						case-punct-only		
VO_UM_Chaplain Letharius_hurry.ogg	UM65	Chaplain Letharius	Ultramarines	hurry	We must move faster!	We must move faster!						exact		
VO_UM_Chaplain Letharius_intro.ogg	UM65	Chaplain Letharius	Ultramarines	intro	Forward brothers!  Today, we...	Forward, brothers! Today, we deliver the Emperor's wrath!						content-word		1
VO_UM_Chaplain Letharius_mirror.ogg	UM65	Chaplain Letharius	Ultramarines	mirror	Let the enemy quake beneath our treads!	Let the enemy quake beneath our treads!						exact		
VO_UM_Chaplain Letharius_threat.ogg	UM65	Chaplain Letharius	Ultramarines	threat	No one outruns the Emperor's judgment!	No one outruns the Emperor's judgment!						exact		
VO_UM_Chaplain Letharius_vsGhallaron.ogg	UM65	Chaplain Letharius	Ultramarines	vsghallaron	Your accursed existence will come to an end.  I will make sure of it.	Your accursed existence will come to an end. I will make sure of it.						case-punct-only		
VO_UM_Chaplain Letharius_vsVanderghast.ogg	UM65	Chaplain Letharius	Ultramarines	vsvanderghast	Rejoice! For today, we cleanse the skies of these foul creatures.	Rejoice! For today, we cleanse the skies of these foul creatures!						case-punct-only		
VO_UM_Chaplain Letharius_vsVentris.ogg	UM65	Chaplain Letharius	Ultramarines	vsventris	You failed to heed the Codex once. How soon will history repeat itself?	You failed to heed the Codex once. How soon will history repeat itself?						exact		
VO_UM_Chaplain Letharius_wp.ogg	UM65	Chaplain Letharius	Ultramarines	wp	Set aside your arrogance, it will but hasten your downfall.	Set aside your arrogance. It will but hasten your downfall.						case-punct-only		
VO_UM_Chapter Champion - I am Guilliman's blade!.wav	UM78	Chapter Champion	Ultramarines	line	I am Kiliman's Blade!	I am Guillemin's blade!	I am Guilliman's blade!	0.250		0.167		content-word		1
VO_UM_Company Ancient - For the Chapter and Lord Guilliman.ogg	UM35	Company Ancient	Ultramarines	line	For the chapter and Lord Gilliman.	For the chapter and Lord Gilliman!	For the Chapter and Lord Guilliman	0.167		0.034		case-punct-only		
VO_UM_Desolation Marine - Enemy located Leave no trace of them.ogg	UM_Desolation_Marine	Desolation Marine	Ultramarines	line	Enemy located. Leave no trace of them.	Enemy located. Leave no trace of them.	Enemy located Leave no trace of them	0.000		0.000		exact		
VO_UM_Devastator Centurion - We march for Macragge.ogg	UM39	Devastator Centurion	Ultramarines	line	We march for McCrug!	We march for McCrag!	We march for Macragge	0.250		0.222		content-word		1
VO_UM_Devastator Marine - Keep firing! Sustained volley!.wav	UM39	Devastator Centurion	Ultramarines	line	Keep firing! Sustained volley!	Keep firing! Sustained volley!	Keep firing! Sustained volley!	0.000		0.000		exact		
VO_UM_Dreadnought - Face the consequences of your existence.wav	UM86	Dreadnought	Ultramarines	line	Face the consequences of your existence.	Face the consequences of your existence.	Face the consequences of your existence	0.000		0.000		exact		
VO_UM_Eliminator - Target acquired Your fate is sealed.ogg	UM17	Eliminator	Ultramarines	line	Target acquired. Your fate is sealed.	Target acquired. Your fate is sealed.	Target acquired Your fate is sealed	0.000		0.000		exact		
VO_UM_Eliminator Sergeant - None will escape under my watch.ogg	UM17	Eliminator	Ultramarines	line	None will escape under my watch.	None will escape under my watch.	None will escape under my watch	0.000		0.000		exact		
VO_UM_Epistolary Librarian - Knowledge is my blade wisdom my bullet.ogg	UM40	Epistolary Librarian	Ultramarines	line	Knowledge is my blade. Wisdom my bullet.	Knowledge is my blade. Wisdom my bullet.	Knowledge is my blade wisdom my bullet	0.000		0.000		exact		
VO_UM_Eradicator - We bring the fires of retribution Burn them down!.ogg	UM_Primaris_Eradicator	Primaris Eradicator	Ultramarines	line	We bring the fires of retribution. Burn them down!	We bring the fires of retribution. Burn them down!	We bring the fires of retribution Burn them down!	0.000		0.000		exact		
VO_UM_Ferren Areios - Pride outlives the prideful I make sure of it.wav	UM89	Ferren Areios	Ultramarines	line	Pride outlives the prideful, I make sure of it.	Pride outlives the prideful. I make sure of it.	Pride outlives the prideful I make sure of it	0.000		0.000		case-punct-only		
VO_UM_Firstborn - We are the sons of Guilliman.ogg	UM13	Firstborn	Ultramarines	line	We are the sons of Geliman!	We are the sons of Gelliman.	We are the sons of Guilliman	0.167		0.130		content-word		1
VO_UM_Guilliman_Backup1.wav	UM_Roboute_Guilliman	Roboute Guilliman	Ultramarines	backup1	I will not walk a forbidden path.	I will not walk a forbidden path.						exact		
VO_UM_Guilliman_Backup10.wav	UM_Roboute_Guilliman	Roboute Guilliman	Ultramarines	backup10	How can anyone say they are strong if they have never been tested?	How can anyone say they are strong if they have never been tested?						exact		
VO_UM_Guilliman_Backup11.wav	UM_Roboute_Guilliman	Roboute Guilliman	Ultramarines	backup11	I am the Emperor's Voice, not his puppet.	I am the Emperor's voice, not his puppet.						case-punct-only		
VO_UM_Guilliman_Backup12.wav	UM_Roboute_Guilliman	Roboute Guilliman	Ultramarines	backup12	Heresy is not to be reasoned with, it is to be exterminated.	Heresy is not to be reasoned with, it is to be exterminated.						exact		
VO_UM_Guilliman_Backup2.wav	UM_Roboute_Guilliman	Roboute Guilliman	Ultramarines	backup2	Survival is not enough, mere survival means decline.	Survival is not enough. Mere survival means decline.						case-punct-only		
VO_UM_Guilliman_Backup3.wav	UM_Roboute_Guilliman	Roboute Guilliman	Ultramarines	backup3	You face zeal forged through millennia.	You face zeal forged through millennia.						exact		
VO_UM_Guilliman_Backup4.wav	UM_Roboute_Guilliman	Roboute Guilliman	Ultramarines	backup4	Action without reason begets doom.	Action without reason begets doom.						exact		
VO_UM_Guilliman_Backup5.wav	UM_Roboute_Guilliman	Roboute Guilliman	Ultramarines	backup5	This is no longer war, this is a crusade to cleanse the stars.	This is no longer war. This is a crusade to cleanse the stars.						case-punct-only		
VO_UM_Guilliman_Backup6.wav	UM_Roboute_Guilliman	Roboute Guilliman	Ultramarines	backup6	The Imperium stands by will and resolve.	The Imperium stands by will and resolve.						exact		
VO_UM_Guilliman_Backup7.wav	UM_Roboute_Guilliman	Roboute Guilliman	Ultramarines	backup7	The past is dead, the present nearly so, only in the future is there life.	The past is dead, the present nearly so. Only in the future is their life.						content-word		1
VO_UM_Guilliman_Backup8.wav	UM_Roboute_Guilliman	Roboute Guilliman	Ultramarines	backup8	We are but pieces on the board of eternity.	We are but pieces on the board of eternity.						exact		
VO_UM_Guilliman_Backup9.wav	UM_Roboute_Guilliman	Roboute Guilliman	Ultramarines	backup9	We constantly battle the sins of those who have come before.	We constantly battle the sins of those who have come before.						exact		
VO_UM_Guilliman_attack.wav	UM_Roboute_Guilliman	Roboute Guilliman	Ultramarines	attack	BAAAARGH!	HA!						content-word		1
VO_UM_Guilliman_cantDo.wav	UM_Roboute_Guilliman	Roboute Guilliman	Ultramarines	cantdo	I will not compromise the codex.	I will not compromise the codex.						exact		
VO_UM_Guilliman_concede.wav	UM_Roboute_Guilliman	Roboute Guilliman	Ultramarines	concede	Is this what you wanted from me, father?	Is this what you wanted from me, Father?						case-punct-only		
VO_UM_Guilliman_death.wav	UM_Roboute_Guilliman	Roboute Guilliman	Ultramarines	death	MMMMMMMMMMMMMMMM	Boooooooo!						content-word		1
VO_UM_Guilliman_gen1.wav	UM_Roboute_Guilliman	Roboute Guilliman	Ultramarines	gen1	Pride undoes the mightiest.	Pride undoes the mightiest.						exact		
VO_UM_Guilliman_gen2.wav	UM_Roboute_Guilliman	Roboute Guilliman	Ultramarines	gen2	Only by reason can shadow be banished.	Only by reason can Shadow be banished.						case-punct-only		
VO_UM_Guilliman_gen3.wav	UM_Roboute_Guilliman	Roboute Guilliman	Ultramarines	gen3	Rise for Ultramar, rise for Terra and the Imperium.	Rise for Ultima, rise for Terra and the Imperium.						content-word		1
VO_UM_Guilliman_gen4.wav	UM_Roboute_Guilliman	Roboute Guilliman	Ultramarines	gen4	We are all bound by courage and honour.	We are all bound by courage and honor.						content-word		1
VO_UM_Guilliman_gen5.wav	UM_Roboute_Guilliman	Roboute Guilliman	Ultramarines	gen5	An outcome is forged by will, not fortune.	An outcome is forged by will, not fortune.						exact		
VO_UM_Guilliman_gen6.wav	UM_Roboute_Guilliman	Roboute Guilliman	Ultramarines	gen6	I will not mourn the Imperium again.	I will not mourn the Imperium again.						exact		
VO_UM_Guilliman_gen7.wav	UM_Roboute_Guilliman	Roboute Guilliman	Ultramarines	gen7	Keep your eyes forward, look at what is to come.	Keep your eyes forward. Look at what is to come.						case-punct-only		
VO_UM_Guilliman_greet.wav	UM_Roboute_Guilliman	Roboute Guilliman	Ultramarines	greet	Whether you see a new dawn is no longer your decision.	Whether you see a new dawn is no longer your decision.						exact		
VO_UM_Guilliman_hurry.wav	UM_Roboute_Guilliman	Roboute Guilliman	Ultramarines	hurry	I am no slave to impulse nor to stagnancy.	I am no slave to impulse nor to stagnancy.						exact		
VO_UM_Guilliman_intro.wav	UM_Roboute_Guilliman	Roboute Guilliman	Ultramarines	intro	Enough blood has been shed in my name, it's time I honor it.	Enough blood has been shed in my name. It's time I honor it.						case-punct-only		
VO_UM_Guilliman_mirror.wav	UM_Roboute_Guilliman	Roboute Guilliman	Ultramarines	mirror	Every sacrifice, every decree, all for one more beat of the Imperium's heart.	Every sacrifice, every decree, all for one more beat of the Imperium's heart.						exact		
VO_UM_Guilliman_threat.wav	UM_Roboute_Guilliman	Roboute Guilliman	Ultramarines	threat	Mercy is a luxury the Imperium can no longer afford.	Mercy is a luxury the Imperium can no longer afford.						exact		
VO_UM_Guilliman_vsAbaddon.wav	UM_Roboute_Guilliman	Roboute Guilliman	Ultramarines	vsabaddon	You are nothing but my brother's shadow and deserve his same fate.	You are nothing but my brother's shadow and deserve his same fate.						exact		
VO_UM_Guilliman_vsFulgrim.wav	UM_Roboute_Guilliman	Roboute Guilliman	Ultramarines	vsfulgrim	Honor demands I slay you.	Honor demands I slay you.						exact		
VO_UM_Guilliman_vsLion.wav	UM_Roboute_Guilliman	Roboute Guilliman	Ultramarines	vslion	We can ill afford division, not between us, not now.	We can ill afford division, not between us, not now.						exact		
VO_UM_Guilliman_vsLucius.wav	UM_Roboute_Guilliman	Roboute Guilliman	Ultramarines	vslucius	The shortcomings of old will haunt us no longer.	The shortcomings of old will haunt us no longer.						exact		
VO_UM_Guilliman_vsMortarion.wav	UM_Roboute_Guilliman	Roboute Guilliman	Ultramarines	vsmortarion	You are a traitor. You have brought low all that could have been.	You are a traitor. You have brought low all that could have been.						exact		
VO_UM_Guilliman_vsMorven.wav	UM_Roboute_Guilliman	Roboute Guilliman	Ultramarines	vsmorven	Belief alone will not save us.	Belief alone will not save us.						exact		
VO_UM_Guilliman_vsTyranid.wav	UM_Roboute_Guilliman	Roboute Guilliman	Ultramarines	vstyranid	Your founders shall soon be but a memory.	Your foulness shall soon be but a memory.						content-word		1
VO_UM_Guilliman_vsUM.wav	UM_Roboute_Guilliman	Roboute Guilliman	Ultramarines	vsum	Let me witness my Scion's deeds first hand.	Let me witness my Scion's deeds firsthand.						content-word		1
VO_UM_Guilliman_vsUriel.wav	UM_Roboute_Guilliman	Roboute Guilliman	Ultramarines	vsuriel	I'm glad to see you survive the Rubicon primers.	I'm glad to see you survive the Rubicon Primaris.						content-word		1
VO_UM_Guilliman_wp.wav	UM_Roboute_Guilliman	Roboute Guilliman	Ultramarines	wp	It seems you have a grasp of the practical after all.	It seems you have a grasp of the practical after all.						exact		
VO_UM_Heavy Intercessor - Stand firm, sons of Ultramar!.ogg	UM_Heavy_Intercessor	Heavy Intercessor	Ultramarines	line	Stand firm, sons of Ultramar!	Stand firm, sons of Ultramar!	Stand firm, sons of Ultramar!	0.000		0.000		exact		
VO_UM_Hellblaster Squad - The bigger they are the harder they fall.ogg	UM_Hellblaster	Hellblaster	Ultramarines	line	The bigger they are, the harder they fall.	The bigger they are, the harder they fall.	The bigger they are the harder they fall	0.000		0.000		exact		
VO_UM_Honour Guard - For courage and honour.ogg	UM_Honour_Guard	Honour Guard	Ultramarines	line	Call College and Honour!	FOR CARAGE AND HONOR!	For courage and honour	0.500		0.368		content-word		1
VO_UM_Inceptor Sergeant - Ready your jump packs we strike now.ogg	UM_Primaris_Inceptor	Primaris Inceptor	Ultramarines	line	Ready your jump packs? We strike now!	Ready your jump packs? We strike now!	Ready your jump packs we strike now	0.000		0.000		exact		
VO_UM_Incursor - Target acquired. Bring it down!.wav	UM71	Incursor	Ultramarines	line	Target acquired. Bring it down!	Targets acquired. Bring it down!	Target acquired. Bring it down!	0.000		0.000		content-word		1
VO_UM_Intercessor Sergeant - For the Emperor and the Primarch.ogg	UM12	Assault Intercessor	Ultramarines	line	For the Emperor and the Primark!	For the Emperor and the Primarch!	For the Emperor and the Primarch	0.167		0.074		content-word		1
VO_UM_Invictor Warsuit - There is nowhere we fear to tread.ogg	UM_Invictor_Warsuit	Invictor Warsuit	Ultramarines	line	There is nowhere we fear to tread!	There is nowhere we fear to tread!	There is nowhere we fear to tread	0.000		0.000		exact		
VO_UM_Land Speeder - None shall stand in our way.ogg	UM_Land_Speeder	Land Speeder	Ultramarines	line	None shall stand in our way!	None shall stand in our way!	None shall stand in our way	0.000		0.000		exact		
VO_UM_Lieutenant Calsius - Form up and advance.ogg	UM_Lieutenant_Calsius	Lieutenant Calsius	Ultramarines	line	Form up and advance!	Form up and advance.	Form up and advance	0.000		0.000		case-punct-only		
VO_UM_Octavio Infiltrator - Hold positions, we strike soon.ogg	UM10	Octavio Infiltrator	Ultramarines	line	Hold positions! We strike soon!	Hold positions! We strike soon!	Hold positions, we strike soon	0.000		0.000		exact		
VO_UM_Outrider - With all due haste.ogg	UM_Outrider	Outrider	Ultramarines	line	All due haste!	With all due haste!	With all due haste	0.250		0.267		content-word		1
VO_UM_Phobos Librarian - We are His will made manifest!.wav	UM81	Phobos Librarian	Ultramarines	line	We are his Will-Made Manifest!	We are his will made manifest!	We are His will made manifest!	0.000		0.000		case-punct-only		
VO_UM_Phobos Lieutenant - The Emperor's grace follows us.wav	UM_Phobos_Lieutenant	Phobos Lieutenant	Ultramarines	line	The Emperor's Grace Follows Us	The Emperor's grace follows us.	The Emperor's grace follows us	0.000		0.000		case-punct-only		
VO_UM_Predator Annihilator - Predator in position Let there be fire.ogg	UM_Predator_Annihilator	Predator Annihilator	Ultramarines	line	Predator in position, let there be fire!	Redditor in position. Let there be fire!	Predator in position Let there be fire	0.000		0.000		content-word		1
VO_UM_Primaris Chaplain - Trust in the Emperor at the hour of battle.ogg	UM_Primaris_Chaplain	Primaris Chaplain	Ultramarines	line	Trust in the Emperor at the hour of battle.	Trust in the Emperor at the hour of battle!	Trust in the Emperor at the hour of battle	0.000		0.000		case-punct-only		
VO_UM_Primaris Impulsor - There's no hiding from Ultramar's wrath.ogg	UM_Primaris_Impulsor	Primaris Impulsor	Ultramarines	line	There's no hiding from Ultramar's wrath.	There's no hiding from Ultramar's wrath!	There's no hiding from Ultramar's wrath	0.000		0.000		case-punct-only		
VO_UM_Primaris Inceptor - One strike is all I need.ogg	UM_Primaris_Inceptor	Primaris Inceptor	Ultramarines	line	One strike is all I need.	One strike is all I need.	One strike is all I need	0.000		0.000		exact		
VO_UM_Primaris Intercessor - For the Imperium.ogg	UM14	Primaris Intercessor	Ultramarines	line	For the Imperium!	FOR THE IMPERIUM!	For the Imperium	0.000		0.000		case-punct-only		
VO_UM_Primaris Judiciar - Intro.ogg	UM32	Primaris Judiciar	Ultramarines	line		.	Intro					b-only		1
VO_UM_Primaris Reiver - They'll be dead before they see me coming.ogg	UM_Primaris_Reiver	Primaris Reiver	Ultramarines	line	They'll be dead before they see me coming!	They'll be dead before they see me coming.	They'll be dead before they see me coming	0.000		0.000		case-punct-only		
VO_UM_Primaris Techmarine - I await your instructions.ogg	UM_Primaris_Techmarine	Primaris Techmarine	Ultramarines	line	I await your instructions.	I await your instructions.	I await your instructions	0.000		0.000		exact		
VO_UM_Redemptor Dreadnought - Even in death I still serve.ogg	UM_Redemptor_Dreadnought	Redemptor Dreadnought	Ultramarines	line	Even in death, I still serve.	Even in death, I still surf.	Even in death I still serve	0.000		0.000		content-word		1
VO_UM_Repulsor Executioner - Let the roar of our cannons herald their doom.ogg	UM_Repulsor_Executioner	Repulsor Executioner	Ultramarines	line	Let the roar of our cannons herald their doom.	Let the roar of our cannons herald their doom.	Let the roar of our cannons herald their doom					exact	stage-direction	
VO_UM_Scout - Taking cover enemies in range.ogg	UM11	Scout	Ultramarines	line	Taking cover. Enemies in range.	Taking cover. Enemies in range.	Taking cover enemies in range	0.000		0.000		exact		
VO_UM_Scout Bike - Aim true and strike them down.ogg	UM_Scout_bike	Scout bike	Ultramarines	line	Aim true and strike them down!	Aim true and strike them down!	Aim true and strike them down	0.000		0.000		exact		
VO_UM_Scout Sniper - Cut the head and the body will follow.wav	UM_Scout_Sniper	Scout Sniper	Ultramarines	line	Cut the head and the body will follow.	Cut the head and the body will follow.	Cut the head and the body will follow	0.000		0.000		exact		
VO_UM_Sergeant Allectius - Death wont take me without a fight.ogg	UM28	Sergeant Allectius	Ultramarines	line	Death won't take me without a fight.	Death won't take me without a fight.	Death wont take me without a fight	0.143		0.000		exact		
VO_UM_Sergeant Gadriel (with Chairon in play) - You care to see who can slay more Xenos, brother Chairon.ogg	UM_Sergeant_Gadriel	Sergeant Gadriel	Ultramarines	line	Care to see who can slay Mozenos for the Chiron?	Care to see who can slay more Xenos, Brother Chiron?	You care to see who can slay more Xenos, brother Chairon	0.455		0.244		content-word		1
VO_UM_Sergeant Gadriel - Take them down!.ogg	UM_Sergeant_Gadriel	Sergeant Gadriel	Ultramarines	line	Take them down!	Take them down!	Take them down!	0.000		0.000		exact		
VO_UM_Sergeant Tellion - Strike at their weakness to prevail.ogg	UM_Sergeant_Telion	Sergeant Telion	Ultramarines	line	Strike at their weakness to prevail.	Strike at their weakness to prevail!	Strike at their weakness to prevail	0.000		0.000		case-punct-only		
VO_UM_Sternguard Veteran Sergeant - Shot by shot we will purge the Galaxy.ogg	UM_Tyrannic_War_Veteran	Tyrannic War Veteran	Ultramarines	line	Shot by shot, we will purge the galaxy!	Shot by shot, we will purge the galaxy!	Shot by shot we will purge the Galaxy	0.000		0.000		exact		
VO_UM_Storm Speeder Hailstrike - Target acquired Leave no trace of them.ogg	UM_Storm_Speeder_Hailstrike	Storm Speeder Hailstrike	Ultramarines	line	Target acquired! Leave no trace of them!	Targets acquired! Leave no trace of them!	Target acquired Leave no trace of them	0.000		0.000		content-word		1
VO_UM_Stormtalon - Target located, flying into position.ogg	UM41	Stormtalon	Ultramarines	line	Target located. Flying into position.	Target located. Flying into position.	Target located, flying into position	0.000		0.000		exact		
VO_UM_Suppressor - A bolt unfired is a bolt wasted.wav	UM_Suppressor	Suppressor	Ultramarines	line	A bolt unfired is a bolt wasted.	A bolt unfired is a bolt wasted!	A bolt unfired is a bolt wasted	0.000		0.000		case-punct-only		
VO_UM_Tactical Marine - We are all sons of Lord Guilliman We all serve the Emperor.wav	UM_Master_Tactician	Master Tactician	Ultramarines	line	We are all sons of Lord Giliman. We all serve the Emperor.	We are all sons of Lord Gilliman. We all serve the Emperor.	We are all sons of Lord Guilliman We all serve the Emperor	0.083		0.043		content-word		1
VO_UM_Terminator - I will test the limits of your arrogance.wav	UM82	Terminator	Ultramarines	line	I will test the limits of your arrogance.	I will test the limits of your arrogance.	I will test the limits of your arrogance	0.000		0.000		exact		
VO_UM_Terminator Captain - Break them! Leave none standing!.wav	UM88	Terminator Captain	Ultramarines	line	Break them! Leave none standing!	Break them! Leave none standing!	Break them! Leave none standing!	0.000		0.000		exact		
VO_UM_Titus_Backup1.ogg	UM_Lieutenant_Titus	Lieutenant Titus	Ultramarines	backup1	They will pay dearly for this.	They will pay dearly for this.						exact		
VO_UM_Titus_Backup2.ogg	UM_Lieutenant_Titus	Lieutenant Titus	Ultramarines	backup2	In his name I will fight!	In his name I will fight!						exact		
VO_UM_Titus_attack.ogg	UM_Lieutenant_Titus	Lieutenant Titus	Ultramarines	attack	MWAH!	Nya!						content-word		1
VO_UM_Titus_cantDo.ogg	UM_Lieutenant_Titus	Lieutenant Titus	Ultramarines	cantdo	Cannot yet oblige.	Cannot yet oblige.						exact		
VO_UM_Titus_concede.ogg	UM_Lieutenant_Titus	Lieutenant Titus	Ultramarines	concede	Death is the luxury of mortals.	Death is the luxury of mortals.						exact		
VO_UM_Titus_death.ogg	UM_Lieutenant_Titus	Lieutenant Titus	Ultramarines	death	Bawp!  Urgh!	*Grunts*						content-word		1
VO_UM_Titus_gen1.ogg	UM_Lieutenant_Titus	Lieutenant Titus	Ultramarines	gen1	Emperor, give me strength!	Emperor, give me strength!						exact		
VO_UM_Titus_gen2.ogg	UM_Lieutenant_Titus	Lieutenant Titus	Ultramarines	gen2	Victory belongs to whomever will go farthest to achieve it.	Victory belongs to whomever will go farthest to achieve it.						exact		
VO_UM_Titus_gen3.ogg	UM_Lieutenant_Titus	Lieutenant Titus	Ultramarines	gen3	The Codex is a guide, not a commandment.	The Codex is a guide, not a commandment.						exact		
VO_UM_Titus_gen4.ogg	UM_Lieutenant_Titus	Lieutenant Titus	Ultramarines	gen4	We march for McCrag.	We march for McCrag.						exact		
VO_UM_Titus_gen5.ogg	UM_Lieutenant_Titus	Lieutenant Titus	Ultramarines	gen5	For Ultramarines!	For Uchima!						content-word		1
VO_UM_Titus_gen6.ogg	UM_Lieutenant_Titus	Lieutenant Titus	Ultramarines	gen6	I will not falter when I still draw breath.	I will not falter while I still draw breath.						content-word		1
VO_UM_Titus_gen7.ogg	UM_Lieutenant_Titus	Lieutenant Titus	Ultramarines	gen7	Come face the wrath of Ultramar!	Come face the wrath of Ultramar.						case-punct-only		
VO_UM_Titus_greet.ogg	UM_Lieutenant_Titus	Lieutenant Titus	Ultramarines	greet	Courage and honor.	Courage and honor.						exact		
VO_UM_Titus_hurry.ogg	UM_Lieutenant_Titus	Lieutenant Titus	Ultramarines	hurry	No time to rest.	No time to rest.						exact		
VO_UM_Titus_intro.ogg	UM_Lieutenant_Titus	Lieutenant Titus	Ultramarines	intro	We are the Emperor's Chosen.	We are the Emperor's chosen.						case-punct-only		
VO_UM_Titus_mirror.ogg	UM_Lieutenant_Titus	Lieutenant Titus	Ultramarines	mirror	The galaxy will always find new ways to test you.	The galaxy will always find new ways to test you.						exact		
VO_UM_Titus_threat.ogg	UM_Lieutenant_Titus	Lieutenant Titus	Ultramarines	threat	Face the Emperor's wrath!	Face the Emperor's wrath!						exact		
VO_UM_Titus_vsAeldari.ogg	UM_Lieutenant_Titus	Lieutenant Titus	Ultramarines	vsaeldari	Leave no Xenoth standing!	Leave no Xenos standing!						content-word		1
VO_UM_Titus_vsChaos.ogg	UM_Lieutenant_Titus	Lieutenant Titus	Ultramarines	vschaos	Bury these accursed heretics!	Bury these accursed heretics!						exact		
VO_UM_Titus_vsOrk.ogg	UM_Lieutenant_Titus	Lieutenant Titus	Ultramarines	vsork	Xenos Filth.	Xenos Filth!						case-punct-only		
VO_UM_Titus_vsTyranids.ogg	UM_Lieutenant_Titus	Lieutenant Titus	Ultramarines	vstyranids	TURNITS! Give no quarter!	Tyranids! Give no quarter!						content-word		1
VO_UM_Titus_wp.ogg	UM_Lieutenant_Titus	Lieutenant Titus	Ultramarines	wp	They are not rid of me yet.	They are not rid of me yet.						exact		
VO_UM_Tyrannic War Veteran - We must push back the tide.ogg	UM_Tyrannic_War_Veteran	Tyrannic War Veteran	Ultramarines	line	We must push back the tide!	We must push back the tide!	We must push back the tide	0.000		0.000		exact		
VO_UM_Valius Paxor_Backup1.wav	UM70	Valius Paxor	Ultramarines	backup1	Let Valor guide your aim against the dying of the light.	Let valor guide your aim against the dying of the light.						case-punct-only		
VO_UM_Valius Paxor_Backup2.wav	UM70	Valius Paxor	Ultramarines	backup2	Needs to dictate a new angle of attack.	needs dictate a new angle of attack.						content-word		1
VO_UM_Valius Paxor_Backup3.wav	UM70	Valius Paxor	Ultramarines	backup3	It is not in my nature to yield.	It is not in my nature to yield.						exact		
VO_UM_Valius Paxor_Backup4.wav	UM70	Valius Paxor	Ultramarines	backup4	Strike with purpose, charge with zeal.	Strike with purpose. Charge with zeal.						case-punct-only		
VO_UM_Valius Paxor_Backup5.wav	UM70	Valius Paxor	Ultramarines	backup5	Beg not for the mercy you do not deserve.	Beg not for the mercy you do not deserve.						exact		
VO_UM_Valius Paxor_Backup6.wav	UM70	Valius Paxor	Ultramarines	backup6	We are warriors of Ultramar. Courage and honor converged.	We are warriors of Ultramar. Courage and honor converged.						exact		
VO_UM_Valius Paxor_attack.wav	UM70	Valius Paxor	Ultramarines	attack	Kyaa!	*Gah*						content-word		1
VO_UM_Valius Paxor_cantDo.wav	UM70	Valius Paxor	Ultramarines	cantdo	This action is forbidden.	This action is forbidden.						exact		
VO_UM_Valius Paxor_concede.wav	UM70	Valius Paxor	Ultramarines	concede	I shall wash this shame away, that I promise.	I shall wash this shame away. That I promise.						case-punct-only		
VO_UM_Valius Paxor_death.wav	UM70	Valius Paxor	Ultramarines	death	AHHHHH!	*Screams*						content-word		1
VO_UM_Valius Paxor_gen1.wav	UM70	Valius Paxor	Ultramarines	gen1	You will break long before my shield does.	You will break long before my shield does.						exact		
VO_UM_Valius Paxor_gen2.wav	UM70	Valius Paxor	Ultramarines	gen2	One fierce strike can sunder entire armies.	One fierce strike can sunder entire armies.						exact		
VO_UM_Valius Paxor_gen3.wav	UM70	Valius Paxor	Ultramarines	gen3	Steel and Resolve will pave the way.	Steel and resolve will pave the way.						case-punct-only		
VO_UM_Valius Paxor_gen4.wav	UM70	Valius Paxor	Ultramarines	gen4	You are not half the horrors I faced on Talaza.	You are not half the horrors I faced on Talazar.						content-word		1
VO_UM_Valius Paxor_gen5.wav	UM70	Valius Paxor	Ultramarines	gen5	A step in one direction is two steps away from another.	A step in one direction is two steps away from another.						exact		
VO_UM_Valius Paxor_gen6.wav	UM70	Valius Paxor	Ultramarines	gen6	Weild your courage to crush even the deepest shadows.	Wield your courage to crush even the deepest shadows!						content-word		1
VO_UM_Valius Paxor_gen7.wav	UM70	Valius Paxor	Ultramarines	gen7	I will not be caught unaware again.	I will not be caught unaware again.						exact		
VO_UM_Valius Paxor_greet.wav	UM70	Valius Paxor	Ultramarines	greet	Your path ends where my hammer falls.	Your path ends where my hammer falls.						exact		
VO_UM_Valius Paxor_hurry.wav	UM70	Valius Paxor	Ultramarines	hurry	Let no moment slip, strike now.	Let no moment slip. Strike now.						case-punct-only		
VO_UM_Valius Paxor_intro.wav	UM70	Valius Paxor	Ultramarines	intro	The thunder of Ultramar shall echo through eternity.	The thunder of Ultramar shall echo through eternity!						case-punct-only		
VO_UM_Valius Paxor_mirror.wav	UM70	Valius Paxor	Ultramarines	mirror	For the Primark!	For the Primarch!						content-word		1
VO_UM_Valius Paxor_threat.wav	UM70	Valius Paxor	Ultramarines	threat	From the sky's death.	From the sky's death.						exact		
VO_UM_Valius Paxor_vsEC.wav	UM70	Valius Paxor	Ultramarines	vsec	Is there no limit to your arrogance?	"""Is there no limit to your arrogance?"""						case-punct-only		
VO_UM_Valius Paxor_vsTyranids.wav	UM70	Valius Paxor	Ultramarines	vstyranids	Time has come for these wretches to meet their end.	Time has come for these wretches to meet their end.						exact		
VO_UM_Valius Paxor_vsUM.wav	UM70	Valius Paxor	Ultramarines	vsum	There is wisdom in brotherhood and value in its testing.	There is wisdom in brotherhood and value in its testing.						exact		
VO_UM_Valius Paxor_wp.wav	UM70	Valius Paxor	Ultramarines	wp	Tactical Acumen! This might yet be a great battle!	Tactical acumen! This might yet be a great battle!						case-punct-only		
VO_UM_Valtus, Redemptor Dreadnought- Lead me to the slaughter!.ogg	UM_Redemptor_Dreadnought	Redemptor Dreadnought	Ultramarines	line	Take me to the slaughter!	Lead me to the slaughter!						content-word		1
VO_UM_Vico Therbeus - Our foes seem without limit but we will find it.wav	UM_Vico_Therbeus	Vico Therbeus	Ultramarines	line	Our foes seem without limit, but we will find it.	Our foes seem without limit, but we will find it.	Our foes seem without limit but we will find it	0.000		0.000		exact		
VO_UM_Whirlwind - We bring Ultramar's fire!.wav	UM90	Whirlwind	Ultramarines	line	We bring Ultramar's fire!	We bring Ultramar's fire!	We bring Ultramar's fire!	0.000		0.000		exact		
VO_Ultramarines_Tigurius_attack.ogg	UM5	Varro Tigurius	Ultramarines	attack	UGH!	Ugh!						case-punct-only		
VO_Ultramarines_Tigurius_cantDo.ogg	UM5	Varro Tigurius	Ultramarines	cantdo	I can't do that.	I can't do that.						exact		
VO_Ultramarines_Tigurius_concede.ogg	UM5	Varro Tigurius	Ultramarines	concede	The future is not set. Hope always glimmers.	The future is not set. Hope always glimmers.						exact		
VO_Ultramarines_Tigurius_death.ogg	UM5	Varro Tigurius	Ultramarines	death	Aargh!	Oh!						content-word		1
VO_Ultramarines_Tigurius_gen1.ogg	UM5	Varro Tigurius	Ultramarines	gen1	You don't understand the complexities of the subtle arts.	You don't understand the complexities of the subtle arts.						exact		
VO_Ultramarines_Tigurius_gen2.ogg	UM5	Varro Tigurius	Ultramarines	gen2	Taking risks is sometimes a necessity.	Taking risks is sometimes a necessity.						exact		
VO_Ultramarines_Tigurius_gen3.ogg	UM5	Varro Tigurius	Ultramarines	gen3	I can see through your plan.	I can see through your plan.						exact		
VO_Ultramarines_Tigurius_gen4.ogg	UM5	Varro Tigurius	Ultramarines	gen4	The clever combatant imposes his will on the enemy.	The clever combatant imposes his will on the enemy.						exact		
VO_Ultramarines_Tigurius_gen5.ogg	UM5	Varro Tigurius	Ultramarines	gen5	There is no honor in foolishness.	There is no honor in foolishness.						exact		
VO_Ultramarines_Tigurius_gen6.ogg	UM5	Varro Tigurius	Ultramarines	gen6	Never falter, there is hope yet!	Never falter. There is hope yet.						case-punct-only		
VO_Ultramarines_Tigurius_gen7.ogg	UM5	Varro Tigurius	Ultramarines	gen7	Ultramarines, stand with weapons ready.	Ultramarines, stand with weapons ready!						case-punct-only		
VO_Ultramarines_Tigurius_greet.ogg	UM5	Varro Tigurius	Ultramarines	greet	I foresaw this encounter.	I foresaw this encounter.						exact		
VO_Ultramarines_Tigurius_hurry.ogg	UM5	Varro Tigurius	Ultramarines	hurry	Each path must be chosen with care.	Each path must be chosen with care.						exact		
VO_Ultramarines_Tigurius_intro.ogg	UM5	Varro Tigurius	Ultramarines	intro	What is here to come, is for us to decide.	What is yet to come is for us to decide.						content-word		1
VO_Ultramarines_Tigurius_mirror.ogg	UM5	Varro Tigurius	Ultramarines	mirror	May Ultramar stand in the times to be.	May Ultramar stand in the times to be!						case-punct-only		
VO_Ultramarines_Tigurius_threat.ogg	UM5	Varro Tigurius	Ultramarines	threat	Run, or accept your fate.	Run, or accept your fate.						exact		
VO_Ultramarines_Tigurius_vsCalgar.ogg	UM5	Varro Tigurius	Ultramarines	vscalgar	I wish you hadn't asked, my friend.	I wish you hadn't asked, my friend.						exact		
VO_Ultramarines_Tigurius_vsGuilliman.ogg	UM5	Varro Tigurius	Ultramarines	vsguilliman	I, my lord.	Aye, my lord.						content-word		1
VO_Ultramarines_Tigurius_vsMKar.ogg	UM5	Varro Tigurius	Ultramarines	vsmkar	You should never have returned, Demon.	You should never have returned, demon.						case-punct-only		
VO_Ultramarines_Tigurius_vsTBC1.ogg	UM5	Varro Tigurius	Ultramarines	vstbc1	Divination is not an exact science.	Divination is not an exact science.						exact		
VO_Ultramarines_Tigurius_vsTBC2.ogg	UM5	Varro Tigurius	Ultramarines	vstbc2	Any plan is better than no plan.	Any plan is better than no plan.						exact		
VO_Ultramarines_Tigurius_vsVentris.ogg	UM5	Varro Tigurius	Ultramarines	vsventris	The fate of the Ultramarines is bonded to you, Captain Ventress.	The fate of the Ultramarines is bonded to you, Captain Ventress.						exact		
VO_Ultramarines_Tigurius_wp.ogg	UM5	Varro Tigurius	Ultramarines	wp	Oh, you're cunning, but I'm wise to you.	Oh, you're cunning, but I'm wise to you.						exact		
VO_Ultramarines_Ventris_attack.ogg	UM3	Uriel Ventris	Ultramarines	attack	Yeah!	YEAH!						case-punct-only		
VO_Ultramarines_Ventris_cantDo.ogg	UM3	Uriel Ventris	Ultramarines	cantdo	I can't do that!	I can't do that!						exact		
VO_Ultramarines_Ventris_concede.ogg	UM3	Uriel Ventris	Ultramarines	concede	This place is no longer safe! Fall back!	This place is no longer safe! Fall back!						exact		
VO_Ultramarines_Ventris_death.ogg	UM3	Uriel Ventris	Ultramarines	death	SRAAAH!	*Grunting*						content-word		1
VO_Ultramarines_Ventris_gen1.ogg	UM3	Uriel Ventris	Ultramarines	gen1	We will not fail! We are Ultramarines!	We will not fail! We are ultramarines!						case-punct-only		
VO_Ultramarines_Ventris_gen2.ogg	UM3	Uriel Ventris	Ultramarines	gen2	You can't always guide your actions through cold logic.	You can't always guide your actions through cold logic.						exact		
VO_Ultramarines_Ventris_gen3.ogg	UM3	Uriel Ventris	Ultramarines	gen3	Every shot counts.	Every shot counts.						exact		
VO_Ultramarines_Ventris_gen4.ogg	UM3	Uriel Ventris	Ultramarines	gen4	I am not in the habit of praying for good outcomes.	I am not in the habit of praying for good outcomes.						exact		
VO_Ultramarines_Ventris_gen5.ogg	UM3	Uriel Ventris	Ultramarines	gen5	I acted on instinct.	I acted on instinct.						exact		
VO_Ultramarines_Ventris_gen6.ogg	UM3	Uriel Ventris	Ultramarines	gen6	You are what you do. It's all about actions.	You are what you do. It's all about actions.						exact		
VO_Ultramarines_Ventris_gen7.ogg	UM3	Uriel Ventris	Ultramarines	gen7	This is beyond anything I've learned.	This is beyond anything I've learned.						exact		
VO_Ultramarines_Ventris_greet.ogg	UM3	Uriel Ventris	Ultramarines	greet	We have a great battle on our hands.	We have a great battle on our hands.						exact		
VO_Ultramarines_Ventris_hurry.ogg	UM3	Uriel Ventris	Ultramarines	hurry	We need to move! Now!	We need to move, now!						case-punct-only		
VO_Ultramarines_Ventris_intro.ogg	UM3	Uriel Ventris	Ultramarines	intro	Swords of Calf, with me!	Swords of Kalth with me!						content-word		1
VO_Ultramarines_Ventris_mirror.ogg	UM3	Uriel Ventris	Ultramarines	mirror	Ready for Arrowhead Formation!	Ready for arrowhead formation!						case-punct-only		
VO_Ultramarines_Ventris_threat.ogg	UM3	Uriel Ventris	Ultramarines	threat	I will tear you down and destroy you in his name!	I will tear you down and destroy you in his name!						exact		
VO_Ultramarines_Ventris_vsCalgar.ogg	UM3	Uriel Ventris	Ultramarines	vscalgar	We stand ready to fight, Lord Calgar.	We stand ready to fight, Lord Kalgar.						content-word		1
VO_Ultramarines_Ventris_vsChaos.ogg	UM3	Uriel Ventris	Ultramarines	vschaos	Take down those traitorous dogs!	Take down those traitorous dogs!						exact		
VO_Ultramarines_Ventris_wp.ogg	UM3	Uriel Ventris	Ultramarines	wp	Closer than I would have liked!	Closer than I would have liked.						case-punct-only		
