file	card_id	name	faction	ev	text	elapsed_s	gt_from_filename	clean_flag
Sautekh_Zahndrekh_attack.ogg	SAU3	Nemesor Zahndrekh	Sautekh	attack	NYEAH!	8.16		
Sautekh_Zahndrekh_cant.ogg	SAU3	Nemesor Zahndrekh	Sautekh	cantdo	I cannot do that!	7.51		
Sautekh_Zahndrekh_concede.ogg	SAU3	Nemesor Zahndrekh	Sautekh	concede	My legions will be reborn and your defeat is inevitable!	7.49		
Sautekh_Zahndrekh_death.ogg	SAU3	Nemesor Zahndrekh	Sautekh	death	YAAAHHHHH!	7.52		
Sautekh_Zahndrekh_gen1.ogg	SAU3	Nemesor Zahndrekh	Sautekh	gen1	A moment's reflection begets my victory.	7.44		
Sautekh_Zahndrekh_gen2.ogg	SAU3	Nemesor Zahndrekh	Sautekh	gen2	My mind has forged strategies since time immemorial.	7.43		
Sautekh_Zahndrekh_gen3.ogg	SAU3	Nemesor Zahndrekh	Sautekh	gen3	Only an immortal mind can see infinite possibilities.	7.44		
Sautekh_Zahndrekh_gen4.ogg	SAU3	Nemesor Zahndrekh	Sautekh	gen4	Your actions are lacking in logic and focus.	7.42		
Sautekh_Zahndrekh_gen5.ogg	SAU3	Nemesor Zahndrekh	Sautekh	gen5	In a tangled web of outcomes, I will find the way.	7.44		
Sautekh_Zahndrekh_gen6.ogg	SAU3	Nemesor Zahndrekh	Sautekh	gen6	It is a source of consternation that none can match me.	7.42		
Sautekh_Zahndrekh_gen7.ogg	SAU3	Nemesor Zahndrekh	Sautekh	gen7	I am eternal. Victory shall be mine.	7.45		
Sautekh_Zahndrekh_greet.ogg	SAU3	Nemesor Zahndrekh	Sautekh	greet	I would introduce myself, but you are not worthy of it.	7.39		
Sautekh_Zahndrekh_hurry.ogg	SAU3	Nemesor Zahndrekh	Sautekh	hurry	Our time runs short.	7.37		
Sautekh_Zahndrekh_intro.ogg	SAU3	Nemesor Zahndrekh	Sautekh	intro	Ready my legions! A glorious victory will be mine!	7.64		
Sautekh_Zahndrekh_mirror.ogg	SAU3	Nemesor Zahndrekh	Sautekh	mirror	No tricks or illusions will ever fool me.	7.96		
Sautekh_Zahndrekh_threat.ogg	SAU3	Nemesor Zahndrekh	Sautekh	threat	An inferior opponent can be crushed without a moment's thought.	7.85		
Sautekh_Zahndrekh_vs_Grukk.ogg	SAU3	Nemesor Zahndrekh	Sautekh	line	Roaring like savages does not bring victory, only crushing defeat.	8.67		
Sautekh_Zahndrekh_vs_Tau.ogg	SAU3	Nemesor Zahndrekh	Sautekh	line	Your empire is short lived. A footnote in the annals of Necrontier history.	8.48		
Sautekh_Zahndrekh_vs_Tyranid.ogg	SAU3	Nemesor Zahndrekh	Sautekh	line	A foe that evolves its strategy is the most satisfying to defeat.	8.48		
Sautekh_Zahndrekh_vs_Ultramarine.ogg	SAU3	Nemesor Zahndrekh	Sautekh	line	An over-reliance on brute force and weaponry will be your downfall.	8.39		
Sautekh_Zahndrekh_wp.ogg	SAU3	Nemesor Zahndrekh	Sautekh	wp	It is rare that I encounter one who can defeat me.	8.22		
VO_ADS_Aestred Thurga - My soul is consecrated to this relic.ogg	SOR26	Aestred-Thurga	Sororitas	line	My soul is consecrated to this relic.	7.97	My soul is consecrated to this relic	
VO_ADS_Amalia Novena - Strike fierce and true For the Emperor.ogg	SOR14	Amalia Novena	Sororitas	line	Strike fierce and true for the Emperor!	8.41	Strike fierce and true For the Emperor	
VO_ADS_Arco-flagellant - Frenzied screams.ogg	SOR8	Arco-Flagellant	Sororitas	line	Yeah!	8.65		generic
VO_ADS_Armorium Cherub - Heavy humming.ogg	SOR67	Armorium Cherub	Sororitas	line		8.32	Heavy humming	halluc
VO_ADS_Battle Sister - With unwavering faith.ogg	SOR9	Battle Sister	Sororitas	line	With unwavering faith!	8.35	With unwavering faith	
VO_ADS_Battle Sister Gunner - Purge the unclean.ogg	SOR10	Battle Sister Gunner	Sororitas	line	Purge the unclean!	8.16	Purge the unclean	
VO_ADS_Battle Sister Superior - Bolters ready Sisters No mercy for the faithless.ogg	SOR25	Sister Superior	Sororitas	line	Balthas ready, sisters! No mercy for the faithless!	7.8	Bolters ready Sisters No mercy for the faithless	
VO_ADS_Canoness - We bring righteousness where it is needed most.ogg	SOR27	Canoness	Sororitas	line	We bring righteousness where it is needed most.	8.44	We bring righteousness where it is needed most	
VO_ADS_Canoness Adelaide the Serene - All that you are and all you have done revolts me.ogg	SOR72	Adelaide the Serene	Sororitas	line	All that you are and all you have done revolts me.	8.18	All that you are and all you have done revolts me	
VO_ADS_Castigator - You will be punished.ogg	SOR73	Castigator	Sororitas	line	You will be punished.	8.18	You will be punished	
VO_ADS_Celestian - I have seen worse I have vanquished worse.ogg	SOR15	Celestian	Sororitas	line	I have seen worse. I have vanquished worse.	8.3	I have seen worse I have vanquished worse	
VO_ADS_Celestian Sacresant - Purge this place of the unclean and the damned.ogg	SOR31	Celestian Sacresant	Sororitas	line	Purge this place of the unclean and the damned!	8.16	Purge this place of the unclean and the damned	
VO_ADS_Celestian Sacresant Aveline_Backup1.ogg	SOR_Celestian_Sacresant_Aveline	Celestian Sacresant Aveline	Sororitas	backup1	You are no one.	7.95		
VO_ADS_Celestian Sacresant Aveline_Backup2.ogg	SOR_Celestian_Sacresant_Aveline	Celestian Sacresant Aveline	Sororitas	backup2	Something is amiss.	7.99		
VO_ADS_Celestian Sacresant Aveline_Backup3.ogg	SOR_Celestian_Sacresant_Aveline	Celestian Sacresant Aveline	Sororitas	backup3	The time of war is at hand.	8.43		
VO_ADS_Celestian Sacresant Aveline_Backup4.ogg	SOR_Celestian_Sacresant_Aveline	Celestian Sacresant Aveline	Sororitas	backup4	God Emperor, make me the instrument of your wrath!	8.29		
VO_ADS_Celestian Sacresant Aveline_attack.ogg	SOR_Celestian_Sacresant_Aveline	Celestian Sacresant Aveline	Sororitas	attack	Ha!	8.34		
VO_ADS_Celestian Sacresant Aveline_cantDo.ogg	SOR_Celestian_Sacresant_Aveline	Celestian Sacresant Aveline	Sororitas	cantdo	That is not an option.	8.32		
VO_ADS_Celestian Sacresant Aveline_concede.ogg	SOR_Celestian_Sacresant_Aveline	Celestian Sacresant Aveline	Sororitas	concede	The God Emperor is with us until the very end!	9.5		
VO_ADS_Celestian Sacresant Aveline_death.ogg	SOR_Celestian_Sacresant_Aveline	Celestian Sacresant Aveline	Sororitas	death	Oh!	9.56		generic
VO_ADS_Celestian Sacresant Aveline_gen1.ogg	SOR_Celestian_Sacresant_Aveline	Celestian Sacresant Aveline	Sororitas	gen1	Let this be a just punishment for your sins.	8.05		
VO_ADS_Celestian Sacresant Aveline_gen2.ogg	SOR_Celestian_Sacresant_Aveline	Celestian Sacresant Aveline	Sororitas	gen2	No mercy! No quarter! For they shall give us none!	8.45		
VO_ADS_Celestian Sacresant Aveline_gen3.ogg	SOR_Celestian_Sacresant_Aveline	Celestian Sacresant Aveline	Sororitas	gen3	Only the faithless despair. Only the righteous shall endure.	8.17		
VO_ADS_Celestian Sacresant Aveline_gen4.ogg	SOR_Celestian_Sacresant_Aveline	Celestian Sacresant Aveline	Sororitas	gen4	God Emperor, be with us now!	8.22		
VO_ADS_Celestian Sacresant Aveline_gen5.ogg	SOR_Celestian_Sacresant_Aveline	Celestian Sacresant Aveline	Sororitas	gen5	Prepare your soul for judgment!	8.64		
VO_ADS_Celestian Sacresant Aveline_gen6.ogg	SOR_Celestian_Sacresant_Aveline	Celestian Sacresant Aveline	Sororitas	gen6	Say, Terrabella, watch over us this battle!	9.12		
VO_ADS_Celestian Sacresant Aveline_gen7.ogg	SOR_Celestian_Sacresant_Aveline	Celestian Sacresant Aveline	Sororitas	gen7	There will be no forgiveness for you.	9.08		
VO_ADS_Celestian Sacresant Aveline_greet.ogg	SOR_Celestian_Sacresant_Aveline	Celestian Sacresant Aveline	Sororitas	greet	I have come to deliver you the God Emperor's judgment.	9.88		
VO_ADS_Celestian Sacresant Aveline_hurry.ogg	SOR_Celestian_Sacresant_Aveline	Celestian Sacresant Aveline	Sororitas	hurry	Time is in short supply.	9.82		
VO_ADS_Celestian Sacresant Aveline_intro.ogg	SOR_Celestian_Sacresant_Aveline	Celestian Sacresant Aveline	Sororitas	intro	The God Emperor is with me!	9.69		
VO_ADS_Celestian Sacresant Aveline_mirror.ogg	SOR_Celestian_Sacresant_Aveline	Celestian Sacresant Aveline	Sororitas	mirror	Good Emperor, grant us your holy wrath!	9.65		
VO_ADS_Celestian Sacresant Aveline_threat.ogg	SOR_Celestian_Sacresant_Aveline	Celestian Sacresant Aveline	Sororitas	threat	I will cast you into the pyre where you belong.	9.11		
VO_ADS_Celestian Sacresant Aveline_vsDaemon.ogg	SOR_Celestian_Sacresant_Aveline	Celestian Sacresant Aveline	Sororitas	vsdaemon	Face me, abomination!	9.37		
VO_ADS_Celestian Sacresant Aveline_vsMorvenn.ogg	SOR_Celestian_Sacresant_Aveline	Celestian Sacresant Aveline	Sororitas	vsmorvenn	Under his fire, the wicked will be judged.	9.2		
VO_ADS_Celestian Sacresant Aveline_vsNL.ogg	SOR_Celestian_Sacresant_Aveline	Celestian Sacresant Aveline	Sororitas	vsnl	Saint Arabella freed us from fear. Your threats mean nothing, wretch.	9.02		
VO_ADS_Celestian Sacresant Aveline_vsSylar.ogg	SOR_Celestian_Sacresant_Aveline	Celestian Sacresant Aveline	Sororitas	vssylar	I will take you down, sorcerer!	8.99		
VO_ADS_Celestian Sacresant Aveline_wp.ogg	SOR_Celestian_Sacresant_Aveline	Celestian Sacresant Aveline	Sororitas	wp	A moment slaps in concentration. Nothing more.	8.99		
VO_ADS_Celestian Superior - I am the light to your darkness.ogg	SOR36	Celestian Superior	Sororitas	line	I am the light to your darkness.	9.16	I am the light to your darkness	
VO_ADS_Crusader - No heretic shall pass.ogg	SOR11	Crusader	Sororitas	line	No heretic shall pass.	9.41	No heretic shall pass	
VO_ADS_Death Cult Assassin - I will offer your blood to the holy Emperor.ogg	SOR16	Death Cult Assassin	Sororitas	line	I will offer your blood to the Holy Emperor.	9.13	I will offer your blood to the holy Emperor	
VO_ADS_Dialogus - My voice echoes the Emperor's will.ogg	SOR20	Dialogus	Sororitas	line	My voice echoes the Emperor's will.	9.84	My voice echoes the Emperor's will	
VO_ADS_Dominion - By my flame you will be purged.ogg	SOR17	Dominion	Sororitas	line	By my flame you will be purged!	9.84	By my flame you will be purged	
VO_ADS_Dominion Superior - Death will be a mercy for the faithless ones.ogg	SOR28	Dominion Superior	Sororitas	line	Death will be a mercy for the faithless ones.	9.97	Death will be a mercy for the faithless ones	
VO_ADS_Ephrael Stern - I am the Daemonifuge the thrice-born the bane of daemons.ogg	SOR33	Ephrael Stern	Sororitas	line	I am the demonifuge, the thrice-born, the bane of demons.	9.94	I am the Daemonifuge the thrice-born the bane of daemons	
VO_ADS_Erika Luminas_Backup1.ogg	SOR1	Erika Luminas	Sororitas	backup1	His immortal benevolence will protect us all.	9.75		
VO_ADS_Erika Luminas_Backup2.ogg	SOR1	Erika Luminas	Sororitas	backup2	I cannot let this sacred ground be defiled.	10.15		
VO_ADS_Erika Luminas_Backup3.ogg	SOR1	Erika Luminas	Sororitas	backup3	Heresy exists in many forms.	9.91		
VO_ADS_Erika Luminas_attack.ogg	SOR1	Erika Luminas	Sororitas	attack	Ah!	10.19		generic
VO_ADS_Erika Luminas_cantDo.ogg	SOR1	Erika Luminas	Sororitas	cantdo	He would not allow this.	9.93		
VO_ADS_Erika Luminas_concede.ogg	SOR1	Erika Luminas	Sororitas	concede	The blood of martyrs is the seed of the Imperium.	10.02		
VO_ADS_Erika Luminas_death.ogg	SOR1	Erika Luminas	Sororitas	death	*Gasp*	10.02		
VO_ADS_Erika Luminas_gen1.ogg	SOR1	Erika Luminas	Sororitas	gen1	The Emperor's will be done.	10.24		
VO_ADS_Erika Luminas_gen2.ogg	SOR1	Erika Luminas	Sororitas	gen2	Under the light of righteousness, darkness will find no mercy.	10.06		
VO_ADS_Erika Luminas_gen3.ogg	SOR1	Erika Luminas	Sororitas	gen3	Clear the enemy! Strike fierce as Saint Catherine!	10.35		
VO_ADS_Erika Luminas_gen4.ogg	SOR1	Erika Luminas	Sororitas	gen4	He has spoken, and I must fulfill his decree.	14.17		
VO_ADS_Erika Luminas_gen5.ogg	SOR1	Erika Luminas	Sororitas	gen5	Suffering is my prayer. Faith is my armor.	11.34		
VO_ADS_Erika Luminas_gen6.ogg	SOR1	Erika Luminas	Sororitas	gen6	We must not falter.	9.78		
VO_ADS_Erika Luminas_gen7.ogg	SOR1	Erika Luminas	Sororitas	gen7	My actions are but a mere extension of his will.	10.01		
VO_ADS_Erika Luminas_greet.ogg	SOR1	Erika Luminas	Sororitas	greet	May the Emperor judge the purity of our souls.	10.6		
VO_ADS_Erika Luminas_hurry.ogg	SOR1	Erika Luminas	Sororitas	hurry	Complacency leads to heresy.	11.22		
VO_ADS_Erika Luminas_intro.ogg	SOR1	Erika Luminas	Sororitas	intro	You are defiling sacred ground and will now face his judgment.	10.22		
VO_ADS_Erika Luminas_mirror.ogg	SOR1	Erika Luminas	Sororitas	mirror	No mercy for the unrepentant.	10.26		
VO_ADS_Erika Luminas_threat.ogg	SOR1	Erika Luminas	Sororitas	threat	Your existence is a sin that must be purged.	9.89		
VO_ADS_Erika Luminas_vsGhaelyn.ogg	SOR1	Erika Luminas	Sororitas	vsghaelyn	By my blade, your kind will be purged from this system.	9.91		
VO_ADS_Erika Luminas_vsGordrang.ogg	SOR1	Erika Luminas	Sororitas	vsgordrang	You are but an abomination to be cleansed from his domain.	9.2		
VO_ADS_Erika Luminas_vsHesperax1.ogg	SOR1	Erika Luminas	Sororitas	vshesperax1	Forward, sisters! Rid Martyr's rest of these wretches!	9.38		
VO_ADS_Erika Luminas_vsHesperax2.ogg	SOR1	Erika Luminas	Sororitas	vshesperax2	You taint St. Geraldine's resting with your presence.	10.53		
VO_ADS_Erika Luminas_vsHexscorn.ogg	SOR1	Erika Luminas	Sororitas	vshexscorn	I have nothing to give you but hatred and death, tainted one.	11.39		
VO_ADS_Erika Luminas_vsMorvennVahl.ogg	SOR1	Erika Luminas	Sororitas	vsmorvennvahl	Abbes Sanctorum, I am honored by your presence.	9.8		
VO_ADS_Erika Luminas_vsOrikan.ogg	SOR1	Erika Luminas	Sororitas	vsorikan	Abomination, this time know when you are slain.	9.38		
VO_ADS_Erika Luminas_wp.ogg	SOR1	Erika Luminas	Sororitas	wp	You fight well for a heretic.	10.74		
VO_ADS_Exorcist - I bring the requiem to your annihilation.ogg	SOR42	Exorcist	Sororitas	line	I bring the requiem to your annihilation.	10.34	I bring the requiem to your annihilation	
VO_ADS_Hospitaller - No Sister will be left behind.ogg	SOR21	Hospitaller	Sororitas	line	No sister will be left behind.	10.86	No Sister will be left behind	
VO_ADS_Imagifier - Listen to my voice and the saintly deeds of the fallen.ogg	SOR29	Imagifier	Sororitas	line	Listen to my voice and the saintly deeds of the fallen.	10.11	Listen to my voice and the saintly deeds of the fallen	
VO_ADS_Inmolator - Purge the impure with the Emperor's flame.ogg	SOR39	Immolator	Sororitas	line	Purge the impure with the Emperor's flame!	9.62	Purge the impure with the Emperor's flame	
VO_ADS_Junith Eruita_Backup1.ogg	SOR3	Junith Eruita	Sororitas	backup1	Those who wronged him shall pay in blood!	9.36		
VO_ADS_Junith Eruita_Backup2.ogg	SOR3	Junith Eruita	Sororitas	backup2	Under the light of the Emperor, all darkness shall be banished.	9.72		
VO_ADS_Junith Eruita_Backup3.ogg	SOR3	Junith Eruita	Sororitas	backup3	Our faith strengthens our resolve.	9.25		
VO_ADS_Junith Eruita_Backup4.ogg	SOR3	Junith Eruita	Sororitas	backup4	I will not submit to the heretic.	9.47		
VO_ADS_Junith Eruita_attack.ogg	SOR3	Junith Eruita	Sororitas	attack	All right.	9.42		
VO_ADS_Junith Eruita_cantDo.ogg	SOR3	Junith Eruita	Sororitas	cantdo	I cannot do that!	9.48		
VO_ADS_Junith Eruita_concede.ogg	SOR3	Junith Eruita	Sororitas	concede	We might retreat, but our faith remains unbroken.	9.71		
VO_ADS_Junith Eruita_death.ogg	SOR3	Junith Eruita	Sororitas	death	*Groan*	10.34		
VO_ADS_Junith Eruita_gen1.ogg	SOR3	Junith Eruita	Sororitas	gen1	We are his sword. We are his wrath.	8.99		
VO_ADS_Junith Eruita_gen2.ogg	SOR3	Junith Eruita	Sororitas	gen2	In the Emperor's name, we will purge the Faithless!	9.17		
VO_ADS_Junith Eruita_gen3.ogg	SOR3	Junith Eruita	Sororitas	gen3	No sacrifice is too great in the Emperor's name!	8.87		
VO_ADS_Junith Eruita_gen4.ogg	SOR3	Junith Eruita	Sororitas	gen4	Sisters falter not, for his light guides us through darkness!	9.0		
VO_ADS_Junith Eruita_gen5.ogg	SOR3	Junith Eruita	Sororitas	gen5	Fear death not, sisters, for our souls are one with his fire!	9.65		
VO_ADS_Junith Eruita_gen6.ogg	SOR3	Junith Eruita	Sororitas	gen6	Those who oppose him shall face fiery retribution.	8.88		
VO_ADS_Junith Eruita_gen7.ogg	SOR3	Junith Eruita	Sororitas	gen7	Under the light of the Emperor, all darkness shall be banished.	9.23		
VO_ADS_Junith Eruita_greet.ogg	SOR3	Junith Eruita	Sororitas	greet	My faith is unyielding, and so are my sisters.	9.2		
VO_ADS_Junith Eruita_hurry.ogg	SOR3	Junith Eruita	Sororitas	hurry	We have no time to hesitate!	10.06		
VO_ADS_Junith Eruita_intro.ogg	SOR3	Junith Eruita	Sororitas	intro	With holy fire you shall be cleansed.	10.22		
VO_ADS_Junith Eruita_mirror.ogg	SOR3	Junith Eruita	Sororitas	mirror	I shall pass his trials with no reluctance.	10.19		
VO_ADS_Junith Eruita_threat.ogg	SOR3	Junith Eruita	Sororitas	threat	You and your cursed kind shall be scoured from existence!	10.15		
VO_ADS_Junith Eruita_vsAbaddon.ogg	SOR3	Junith Eruita	Sororitas	vsabaddon	Repent, heretic, for your end draws near.	10.22		
VO_ADS_Junith Eruita_vsAstraMilitarum.ogg	SOR3	Junith Eruita	Sororitas	vsastramilitarum	Does your faith remain firm, or do you seek penance?	9.86		
VO_ADS_Junith Eruita_vsMorvennVahl.ogg	SOR3	Junith Eruita	Sororitas	vsmorvennvahl	I will fail you not, Abbas Sanctorum.	10.2		
VO_ADS_Junith Eruita_vsZephyrblade.ogg	SOR3	Junith Eruita	Sororitas	vszephyrblade	Your kind should have learned its place by now.	10.13		
VO_ADS_Junith Eruita_wp.ogg	SOR3	Junith Eruita	Sororitas	wp	You may lack faith, but your strength is notable.	10.34		
VO_ADS_Ministorum Priest - Let the Emperor's judgment sear their flesh!.ogg	SOR69	Ministorum Priest	Sororitas	line	Let the Emperor's judgment sear their flesh!	10.19	Let the Emperor's judgment sear their flesh!	
VO_ADS_Missionary - I herald your demise.ogg	SOR22	Missionary	Sororitas	line	I herald your demise.	9.87	I herald your demise	
VO_ADS_Mortifier  - In battle He offers us redemption.ogg	SOR37	Mortifier	Sororitas	line	In battle, he offers us redemption.	9.96	In battle He offers us redemption	
VO_ADS_Morvenn Vahl_Backup1.ogg	SOR5	Morvenn Vahl	Sororitas	backup1	I will bring your end!	9.49		
VO_ADS_Morvenn Vahl_Backup2.ogg	SOR5	Morvenn Vahl	Sororitas	backup2	The weak and the faithless. Find no deliverance.	9.24		
VO_ADS_Morvenn Vahl_attack.ogg	SOR5	Morvenn Vahl	Sororitas	attack	*Gasp*	8.97		
VO_ADS_Morvenn Vahl_cantDo.ogg	SOR5	Morvenn Vahl	Sororitas	cantdo	I cannot do that.	9.03		
VO_ADS_Morvenn Vahl_concede.ogg	SOR5	Morvenn Vahl	Sororitas	concede	This does not end here!	9.07		
VO_ADS_Morvenn Vahl_death.ogg	SOR5	Morvenn Vahl	Sororitas	death	AHHHHHHHHH!	9.21		
VO_ADS_Morvenn Vahl_gen1.ogg	SOR5	Morvenn Vahl	Sororitas	gen1	A single deed is worth countless words.	9.26		
VO_ADS_Morvenn Vahl_gen2.ogg	SOR5	Morvenn Vahl	Sororitas	gen2	Through bloody example, I will lead us to victory!	9.84		
VO_ADS_Morvenn Vahl_gen3.ogg	SOR5	Morvenn Vahl	Sororitas	gen3	Defy us, and be ready to feel the Emperor's wrath.	9.61		
VO_ADS_Morvenn Vahl_gen4.ogg	SOR5	Morvenn Vahl	Sororitas	gen4	Under his light, all shadows will wither.	9.73		
VO_ADS_Morvenn Vahl_gen5.ogg	SOR5	Morvenn Vahl	Sororitas	gen5	Any display of weakness shall be punished.	9.09		
VO_ADS_Morvenn Vahl_gen6.ogg	SOR5	Morvenn Vahl	Sororitas	gen6	Faith is my shield, and his will my blade.	9.09		
VO_ADS_Morvenn Vahl_gen7.ogg	SOR5	Morvenn Vahl	Sororitas	gen7	There shall be no mercy for the unworthy.	9.05		
VO_ADS_Morvenn Vahl_greet.ogg	SOR5	Morvenn Vahl	Sororitas	greet	The Emperor is with me in this battle!	9.02		
VO_ADS_Morvenn Vahl_hurry.ogg	SOR5	Morvenn Vahl	Sororitas	hurry	It is time to act!	9.08		
VO_ADS_Morvenn Vahl_intro.ogg	SOR5	Morvenn Vahl	Sororitas	intro	In the Emperor's name, I will end you.	9.15		
VO_ADS_Morvenn Vahl_mirror.ogg	SOR5	Morvenn Vahl	Sororitas	mirror	I will not fall for this treachery.	9.31		
VO_ADS_Morvenn Vahl_threat.ogg	SOR5	Morvenn Vahl	Sororitas	threat	I will not suffer you to live!	9.51		
VO_ADS_Morvenn Vahl_vsAstraMilitarum.ogg	SOR5	Morvenn Vahl	Sororitas	vsastramilitarum	If your faith crumbles, so shall you.	8.98		
VO_ADS_Morvenn Vahl_vsGrukk.ogg	SOR5	Morvenn Vahl	Sororitas	vsgrukk	To know the alien is to hate the alien!	9.05		
VO_ADS_Morvenn Vahl_vsHaarken.ogg	SOR5	Morvenn Vahl	Sororitas	vshaarken	Your heresy ends now. Porn of the despoiler!	10.0		
VO_ADS_Morvenn Vahl_vsJunith.ogg	SOR5	Morvenn Vahl	Sororitas	vsjunith	Let us see if you are worthy of the duty bestowed upon you.	9.84		
VO_ADS_Morvenn Vahl_vsLuminas.ogg	SOR5	Morvenn Vahl	Sororitas	vsluminas	May his light guide our way, sister.	9.82		
VO_ADS_Morvenn Vahl_vsOrikan.ogg	SOR5	Morvenn Vahl	Sororitas	vsorikan	How does it feel to foresee your own death?	9.64		
VO_ADS_Morvenn Vahl_vsShadowsun.ogg	SOR5	Morvenn Vahl	Sororitas	vsshadowsun	Yours is a faithless race, worthy only of extermination.	9.24		
VO_ADS_Morvenn Vahl_wp.ogg	SOR5	Morvenn Vahl	Sororitas	wp	The witchcraft has lent you strength.	8.94		
VO_ADS_Paragon Warsuit - We bring judgment upon the heretic.ogg	SOR40	Paragon Warsuit	Sororitas	line	We bring judgment upon the heretic.	8.72	We bring judgment upon the heretic	
VO_ADS_Penitent Engine - Tortured scream.ogg	SOR34	Penitent Engine	Sororitas	line	Oh, oh, oh, oh!	8.9	Tortured scream	
VO_ADS_Preacher - The holy radiance of the Emperor burns within me.ogg	SOR12	Preacher	Sororitas	line	The holy radiance of the Emperor burns within me.	9.56	The holy radiance of the Emperor burns within me	
VO_ADS_Retributor - May His hand guide my aim in the coming battle.ogg	SOR23	Retributor	Sororitas	line	May his hand guide my aim in the coming battle!	8.89	May His hand guide my aim in the coming battle	
VO_ADS_Sacred Rose Sister - No armor will save you from our holy wrath.ogg	SOR68	Sacred Rose Sister	Sororitas	line	No armor will save you from our holy wrath.	8.49	No armor will save you from our holy wrath	
VO_ADS_Saint Celestine - Believe in the Emperor of Mankind and you shall walk in His light.ogg	SOR38	Saint Celestine	Sororitas	line	Believe in the Emperor of mankind and you shall walk in his light!	8.56	Believe in the Emperor of Mankind and you shall walk in His light	
VO_ADS_Seraphim - Our fire will rain from the skies.ogg	SOR24	Seraphim	Sororitas	line	Our fire will rain from the skies!	8.27	Our fire will rain from the skies	
VO_ADS_Simulacrum Bearer - Let the light of the God-Emperor guide our righteous fury.ogg	SOR18	Simulacrum Bearer	Sororitas	line	Let the light of the God Emperor guide our righteous fury!	8.79	Let the light of the God-Emperor guide our righteous fury	
VO_ADS_Simulacrum Imperialis - Bow before His divine authority.ogg	SOR_Simulacrum_Imperialis	Simulacrum Imperialis	Sororitas	line	Bow before his divine authority!	8.55	Bow before His divine authority	
VO_ADS_Sister Novitiate - I will prove my worth and serve Him with my life.ogg	SOR7	Sister Novitiate	Sororitas	line	I will prove my worth and serve him with my life.	9.2	I will prove my worth and serve Him with my life	
VO_ADS_Sister Repentia- Only in penance shall my soul be cleansed.ogg	SOR_Sisters_Repentia	Sisters Repentia	Sororitas	line	Only in penance shall my soul be cleansed.	9.06		
VO_ADS_Sororitas Rhino - We march for the Emperor!.ogg	SOR70	Sororitas Rhino	Sororitas	line	We march for the Emperor!	8.97	We march for the Emperor!	
VO_ADS_Triumph of Saint Katherine - Martyred Matriarch grant us thy protection.ogg	SOR_Triumph_of_Saint_Katherine	Triumph of Saint Katherine	Sororitas	line	Martyrd Matriarch, grant us thy protection!	9.12	Martyred Matriarch grant us thy protection	
VO_ADS_Zephyrim - With wings of faith we soar to glory.ogg	SOR35	Zephyrim	Sororitas	line	With wings of faith, we soar to glory.	8.5	With wings of faith we soar to glory	
VO_ADS_Zephyrim Superior - Our blades will rain from the skies.ogg	SOR71	Zephyrim Superior	Sororitas	line	Our blades will rain from the skies!	8.65	Our blades will rain from the skies	
VO_AM_Aquilon Servo-Sentry_Scanning for hostiles.ogg	AM68	Aquilon Servo-Sentry	AstraMilitarum	line	.	8.59		
VO_AM_Arcadian Leontus_attack.ogg	AM3	Lord Solar Leontus	AstraMilitarum	attack	Ruff!	8.62		
VO_AM_Arcadian Leontus_cantDo.ogg	AM3	Lord Solar Leontus	AstraMilitarum	cantdo	That is beyond our power.	8.94		
VO_AM_Arcadian Leontus_concede.ogg	AM3	Lord Solar Leontus	AstraMilitarum	concede	Fall back! Dawn shall rise brightest after the darkest night!	8.8		
VO_AM_Arcadian Leontus_death.ogg	AM3	Lord Solar Leontus	AstraMilitarum	death	AHHHHHHHHH!	8.73		
VO_AM_Arcadian Leontus_gen1.ogg	AM3	Lord Solar Leontus	AstraMilitarum	gen1	Forward, Konstantin! Let nothing slow us down!	8.51		
VO_AM_Arcadian Leontus_gen2.ogg	AM3	Lord Solar Leontus	AstraMilitarum	gen2	We are the hammer of the Emperor!	8.27		
VO_AM_Arcadian Leontus_gen3.ogg	AM3	Lord Solar Leontus	AstraMilitarum	gen3	Honour and courage light our way!	8.17		
VO_AM_Arcadian Leontus_gen4.ogg	AM3	Lord Solar Leontus	AstraMilitarum	gen4	Fear soul's righteous gaze.	8.28		
VO_AM_Arcadian Leontus_gen5.ogg	AM3	Lord Solar Leontus	AstraMilitarum	gen5	Emperor, give me strength!	8.3		
VO_AM_Arcadian Leontus_gen6.ogg	AM3	Lord Solar Leontus	AstraMilitarum	gen6	The toll is steep, yet every sacrifice paves the path to victory.	8.52		
VO_AM_Arcadian Leontus_gen7.ogg	AM3	Lord Solar Leontus	AstraMilitarum	gen7	Today, we etch our names in the stars.	8.77		
VO_AM_Arcadian Leontus_greet.ogg	AM3	Lord Solar Leontus	AstraMilitarum	greet	Ours is the moment! March forward!	8.77		
VO_AM_Arcadian Leontus_hurry.ogg	AM3	Lord Solar Leontus	AstraMilitarum	hurry	"""Decisiveness is a weapon! Let us act swiftly!"""	8.73		
VO_AM_Arcadian Leontus_intro.ogg	AM3	Lord Solar Leontus	AstraMilitarum	intro	Arise, warriors of the Imperium! For the Emperor!	8.88		
VO_AM_Arcadian Leontus_mirror.ogg	AM3	Lord Solar Leontus	AstraMilitarum	mirror	Onward! Fight so the dawn may rise anew!	8.91		
VO_AM_Arcadian Leontus_threat.ogg	AM3	Lord Solar Leontus	AstraMilitarum	threat	Tremble before the might of the Astra Militarum!	9.03		
VO_AM_Arcadian Leontus_vsAbaddon.ogg	AM3	Lord Solar Leontus	AstraMilitarum	vsabaddon	I defy you, Despoiler!	8.65		
VO_AM_Arcadian Leontus_vsGhazghkull.ogg	AM3	Lord Solar Leontus	AstraMilitarum	vsghazghkull	Your brutish hordes will fall to the discipline of the astro militarum.	8.85		
VO_AM_Arcadian Leontus_vsHexscorn.ogg	AM3	Lord Solar Leontus	AstraMilitarum	vshexscorn	We stand steadfast against the darkness.	8.69		
VO_AM_Arcadian Leontus_vsImotekh.ogg	AM3	Lord Solar Leontus	AstraMilitarum	vsimotekh	Your lifeless tyranny shall be shattered by the Emperor's light.	9.01		
VO_AM_Arcadian Leontus_vsSaffa.ogg	AM3	Lord Solar Leontus	AstraMilitarum	vssaffa	Fiend, your insidious rebellion shall be purged today.	8.93		
VO_AM_Arcadian Leontus_vsSwarmlord.ogg	AM3	Lord Solar Leontus	AstraMilitarum	vsswarmlord	MONSTROSITY! I shall send you back to the void from whence you came!	9.0		
VO_AM_Arcadian Leontus_vsTervigon.ogg	AM3	Lord Solar Leontus	AstraMilitarum	vstervigon	Xenos Abomination! Your kind shall never defile holy terror!	9.5		
VO_AM_Arcadian Leontus_wp.ogg	AM3	Lord Solar Leontus	AstraMilitarum	wp	Hmm, even the collegiate Astrolex failed to foresee this.	9.09		
VO_AM_Armoured Sentinel - Nothing will stop our advance.ogg	AM26	Armoured Sentinel	AstraMilitarum	line	Nothing will stop her advance.	9.27	Nothing will stop our advance	
VO_AM_Astropath - I see beyond sight.ogg	AM20	Astropath	AstraMilitarum	line	I see beyond sight.	10.58	I see beyond sight	
VO_AM_Attilan Rough Rider - Ride them down!.ogg	AM21	Attilan Rough Rider	AstraMilitarum	line	Write him down!	9.72	Ride them down!	
VO_AM_Autocannon Squad - Heavy weapon teams, awaiting target.ogg	AM12	Autocannon Squad	AstraMilitarum	line	Heavy weapon teams awaiting target!	9.81	Heavy weapon teams, awaiting target	
VO_AM_Baneblade Tank - All weapons, open fire!.ogg	AM43	Baneblade Tank	AstraMilitarum	line	All weapons open fire!	10.08	All weapons, open fire!	
VO_AM_Basilisk - The earth shakes to the sound of our guns.ogg	AM37	Basilisk	AstraMilitarum	line	The Earth shakes to the sound of our guns!	10.15	The earth shakes to the sound of our guns	
VO_AM_Bombast Field Gun - Target sighted Let there be fire!.ogg	AM27	Bombast Field Gun	AstraMilitarum	line	Target sighted! Let there be fire!	9.54	Target sighted Let there be fire!	
VO_AM_Cadian Castellan - Stand fast, not one step back.ogg	AM31	Cadian Castellan	AstraMilitarum	line	STAND FAST! NOT ONE STEP BACK!	9.3	Stand fast, not one step back	
VO_AM_Cadian Medic - Just a flesh-wound, I'll have you back on your feet.ogg	AM8	Cadian Medic	AstraMilitarum	line	Just a flesh wound. I'll have you back on your feet.	10.28	Just a flesh-wound, I'll have you back on your feet	
VO_AM_Cadian Standard Bearer - Cadia stands!.ogg	AM22	Cadian Standard Bearer	AstraMilitarum	line	Cadia Stans!	9.47	Cadia stands!	
VO_AM_Chimera - Prepare for immediate deployment.ogg	AM32	Chimera	AstraMilitarum	line	Prepare for immediate deployment!	9.63	Prepare for immediate deployment	
VO_AM_Commissar - Do your duty, or die by my hand.ogg	AM23	Commissar	AstraMilitarum	line	Do your duty or die by my hand.	9.33	Do your duty, or die by my hand	
VO_AM_Commissar Elan_Backup1.ogg	AM1	Commissar Elan	AstraMilitarum	backup1	The price of cowardice is death!	8.89		
VO_AM_Commissar Elan_attack.ogg	AM1	Commissar Elan	AstraMilitarum	attack	HUAH!	8.83		
VO_AM_Commissar Elan_cantDo.ogg	AM1	Commissar Elan	AstraMilitarum	cantdo	Such action is not allowed.	8.82		
VO_AM_Commissar Elan_concede.ogg	AM1	Commissar Elan	AstraMilitarum	concede	An orderly retreat has been authorized.	9.88		
VO_AM_Commissar Elan_death.ogg	AM1	Commissar Elan	AstraMilitarum	death	AHHHHH!	8.55		
VO_AM_Commissar Elan_gen1.ogg	AM1	Commissar Elan	AstraMilitarum	gen1	I will never back down from the likes of you.	8.43		
VO_AM_Commissar Elan_gen2.ogg	AM1	Commissar Elan	AstraMilitarum	gen2	I do my duty without hesitation.	8.34		
VO_AM_Commissar Elan_gen3.ogg	AM1	Commissar Elan	AstraMilitarum	gen3	We will be victorious this day!	8.72		
VO_AM_Commissar Elan_gen4.ogg	AM1	Commissar Elan	AstraMilitarum	gen4	Retreat is not an option. We fight until the lost man.	8.56		
VO_AM_Commissar Elan_gen5.ogg	AM1	Commissar Elan	AstraMilitarum	gen5	Victory through courage or through fear. Whatever is needed.	8.49		
VO_AM_Commissar Elan_gen6.ogg	AM1	Commissar Elan	AstraMilitarum	gen6	You cannot defeat the might of the Astra Militarum.	8.29		
VO_AM_Commissar Elan_gen7.ogg	AM1	Commissar Elan	AstraMilitarum	gen7	Discipline is the lifeblood of the guard. Without it, we are nothing.	9.36		
VO_AM_Commissar Elan_greet.ogg	AM1	Commissar Elan	AstraMilitarum	greet	Another battlefield, another victory to claim.	9.25		
VO_AM_Commissar Elan_hurry.ogg	AM1	Commissar Elan	AstraMilitarum	hurry	This is no time for indecision.	9.18		
VO_AM_Commissar Elan_intro.ogg	AM1	Commissar Elan	AstraMilitarum	intro	We march forward for the Imperium!	9.27		
VO_AM_Commissar Elan_mirror.ogg	AM1	Commissar Elan	AstraMilitarum	mirror	If you flee, you will die.	9.13		
VO_AM_Commissar Elan_threat.ogg	AM1	Commissar Elan	AstraMilitarum	threat	I will strike you down as an example for all!	8.86		
VO_AM_Commissar Elan_vsGhazghkull.ogg	AM1	Commissar Elan	AstraMilitarum	vsghazghkull	Yarrick was an inspiration to us all.	9.0		
VO_AM_Commissar Elan_vsHaarken.ogg	AM1	Commissar Elan	AstraMilitarum	vshaarken	Stand and fight me!	8.72		
VO_AM_Commissar Elan_vsLeontus.ogg	AM1	Commissar Elan	AstraMilitarum	vsleontus	For the Emperor!	8.92		
VO_AM_Commissar Elan_vsMinka.ogg	AM1	Commissar Elan	AstraMilitarum	vsminka	Do not make me shoot you for cowardice!	9.51		
VO_AM_Commissar Elan_vsUrsula.ogg	AM1	Commissar Elan	AstraMilitarum	vsursula	My place is to ensure the discipline of your troops.	9.53		
VO_AM_Commissar Elan_wp.ogg	AM1	Commissar Elan	AstraMilitarum	wp	You fight well. Better than I expected.	8.78		
VO_AM_Faeburn Vanquisher - Armed and ready!.ogg	AM7	Faeburn Vanquisher	AstraMilitarum	line	Armed and ready!	8.8	Armed and ready!	
VO_AM_Flamer Trooper - Flamers to the front.ogg	AM13	Flamer Trooper	AstraMilitarum	line	Flame us to the front!	8.81	Flamers to the front	
VO_AM_Hektor Thenmann_Backup1.ogg	AM_Hektor_Thenmann	Hektor Thenmann	AstraMilitarum	backup1	His enemies shall fall by our steel!	8.54		
VO_AM_Hektor Thenmann_Backup2.ogg	AM_Hektor_Thenmann	Hektor Thenmann	AstraMilitarum	backup2	You are but another target in my scope.	8.23		
VO_AM_Hektor Thenmann_Backup3.ogg	AM_Hektor_Thenmann	Hektor Thenmann	AstraMilitarum	backup3	Our orders are clear, soldiers. Leave no survivors.	8.16		
VO_AM_Hektor Thenmann_Backup4.ogg	AM_Hektor_Thenmann	Hektor Thenmann	AstraMilitarum	backup4	Only the dead hesitate.	8.08		
VO_AM_Hektor Thenmann_Backup5.ogg	AM_Hektor_Thenmann	Hektor Thenmann	AstraMilitarum	backup5	Stay sharp! There is a limit to what medikits can do.	8.27		
VO_AM_Hektor Thenmann_Backup6.ogg	AM_Hektor_Thenmann	Hektor Thenmann	AstraMilitarum	backup6	Remember your training, soldiers. Discipline begets triumph.	8.15		
VO_AM_Hektor Thenmann_attack.ogg	AM_Hektor_Thenmann	Hektor Thenmann	AstraMilitarum	attack	*Gurgling*	8.16		
VO_AM_Hektor Thenmann_cantDo.ogg	AM_Hektor_Thenmann	Hektor Thenmann	AstraMilitarum	cantdo	This action is not authorised.	8.18		
VO_AM_Hektor Thenmann_concede.ogg	AM_Hektor_Thenmann	Hektor Thenmann	AstraMilitarum	concede	The objective is compromised. Regroup!	8.11		
VO_AM_Hektor Thenmann_death.ogg	AM_Hektor_Thenmann	Hektor Thenmann	AstraMilitarum	death	Awww!	8.24		
VO_AM_Hektor Thenmann_gen1.ogg	AM_Hektor_Thenmann	Hektor Thenmann	AstraMilitarum	gen1	Even death can bring glory.	8.05		
VO_AM_Hektor Thenmann_gen2.ogg	AM_Hektor_Thenmann	Hektor Thenmann	AstraMilitarum	gen2	Target eliminated. The mission continues.	8.18		
VO_AM_Hektor Thenmann_gen3.ogg	AM_Hektor_Thenmann	Hektor Thenmann	AstraMilitarum	gen3	The Scholar Progenium has honed us into weapons.	8.14		
VO_AM_Hektor Thenmann_gen4.ogg	AM_Hektor_Thenmann	Hektor Thenmann	AstraMilitarum	gen4	Stay sharp! There is a limit to what medikits can do.	8.23		
VO_AM_Hektor Thenmann_gen5.ogg	AM_Hektor_Thenmann	Hektor Thenmann	AstraMilitarum	gen5	A sharp enemy can only be vanquished with a sharp blade.	8.23		
VO_AM_Hektor Thenmann_gen6.ogg	AM_Hektor_Thenmann	Hektor Thenmann	AstraMilitarum	gen6	I do not deal in chances. Victory is the only aim.	8.16		
VO_AM_Hektor Thenmann_gen7.ogg	AM_Hektor_Thenmann	Hektor Thenmann	AstraMilitarum	gen7	We are the Imperium's blade, lethal and unwavering!	8.28		
VO_AM_Hektor Thenmann_greet.ogg	AM_Hektor_Thenmann	Hektor Thenmann	AstraMilitarum	greet	Target acquired. Ready to move in.	8.19		
VO_AM_Hektor Thenmann_hurry.ogg	AM_Hektor_Thenmann	Hektor Thenmann	AstraMilitarum	hurry	Hesitation brings only failure.	8.13		
VO_AM_Hektor Thenmann_intro.ogg	AM_Hektor_Thenmann	Hektor Thenmann	AstraMilitarum	intro	Soldiers, may your deeds honor the Imperium!	8.12		
VO_AM_Hektor Thenmann_mirror.ogg	AM_Hektor_Thenmann	Hektor Thenmann	AstraMilitarum	mirror	We only get one shot at this!	8.13		
VO_AM_Hektor Thenmann_threat.ogg	AM_Hektor_Thenmann	Hektor Thenmann	AstraMilitarum	threat	A clean shot is the only mercy you will receive.	8.15		
VO_AM_Hektor Thenmann_vsDenkler.ogg	AM_Hektor_Thenmann	Hektor Thenmann	AstraMilitarum	vsdenkler	A soldier who conquers fear is worth an army.	7.88		
VO_AM_Hektor Thenmann_vsLeontus-Ursula-SM.ogg	AM_Hektor_Thenmann	Hektor Thenmann	AstraMilitarum	vsleontus-ursula-sm	This exercise is a privilege, and we will prove worthy.	8.26		
VO_AM_Hektor Thenmann_vsOrks.ogg	AM_Hektor_Thenmann	Hektor Thenmann	AstraMilitarum	vsorks	End this stubborn filth now!	8.26		
VO_AM_Hektor Thenmann_vsTau.ogg	AM_Hektor_Thenmann	Hektor Thenmann	AstraMilitarum	vstau	I've seen the reports from Vulcas, Zenos. Your fate is sealed.	8.68		
VO_AM_Hektor Thenmann_vsTau_v2.ogg	AM_Hektor_Thenmann	Hektor Thenmann	AstraMilitarum	line	I've seen the reports from Volcus, Xenos. Your fate is sealed.	8.26		
VO_AM_Hektor Thenmann_wp.ogg	AM_Hektor_Thenmann	Hektor Thenmann	AstraMilitarum	wp	The foe is more resilient than anticipated.	7.85		
VO_AM_Hydra - Blast them out of the skies!.ogg	AM33	Hydra	AstraMilitarum	line	Blast them out of the skies!	8.05	Blast them out of the skies!	
VO_AM_Karskin - Hotshot rifles primed Kill-shots authorised.ogg	AM14	Kasrkin	AstraMilitarum	line	Hotshot rifles primed. Kill shots authorized.	9.03	Hotshot rifles primed Kill-shots authorised	
VO_AM_Leman Russ Tank - The battlefield trembles under our treads.ogg	AM38	Leman Russ	AstraMilitarum	line	The battlefield trembles under our treads.	8.65	The battlefield trembles under our treads	
VO_AM_Leman Russ Vanquisher - A single shell is all it takes.ogg	AM40	Leman Russ Vanquisher	AstraMilitarum	line	A single show is all it takes.	10.38	A single shell is all it takes	
VO_AM_Maelon Dhrost - Duty demands sacrifice.ogg	AM41	Maelon Dhrost	AstraMilitarum	line	Duty demands sacrifice.	10.17	Duty demands sacrifice	
VO_AM_Manticore - Missiles primed and ready!.ogg	AM34	Manticore	AstraMilitarum	line	Missiles primed and ready!	11.25	Missiles primed and ready!	
VO_AM_Master of Ordnance - Let's make the cannons sing Fire!.ogg	AM15	Master of Ordnance	AstraMilitarum	line	Let's make the cannon sing! Fire!	10.45	Let's make the cannons sing Fire!	
VO_AM_Medic Scion - No soul left behind.ogg	AM71	Medic Scion	AstraMilitarum	line	No soul left behind.	9.1	No soul left behind	
VO_AM_Medic Scion -On your feet! If you can breathe you can fight.ogg	AM71	Medic Scion	AstraMilitarum	line	On your feet. If you can breathe, you can fight.	10.88		
VO_AM_Minka Lesk - For Cadia!.ogg	AM16	Minka Lesk	AstraMilitarum	line	Forcadia!	9.2	For Cadia!	
VO_AM_Nork Deddog - Behind me, Sir Nork's got dis!.ogg	AM35	Nork Deddog	AstraMilitarum	line	BEYOND ME, SIR! NOK'S GOT THIS!	8.18	Behind me, Sir Nork's got dis!	
VO_AM_Ogryn - Yes, sir!.ogg	AM18	Ogryn	AstraMilitarum	line	Yes, sir!	7.85	Yes, sir!	
VO_AM_Primaris Psyker - I channel the Emperor’s fury!.ogg	AM29	Primaris Psyker	AstraMilitarum	line	I channel the Emperor's fury.	7.89	I channel the Emperor’s fury!	
VO_AM_Ratling - One shot should do it.ogg	AM9	Ratling	AstraMilitarum	line	One shot should do it.	7.83	One shot should do it	
VO_AM_Rogal Dorn Tank - We are the Emperor's fire and fury!.ogg	AM42	Rogal Dorn Tank	AstraMilitarum	line	We are the Emperor of Fire and Fury!	7.66	We are the Emperor's fire and fury!	
VO_AM_Scout Sentinel - Scout patrol to command I have eyes on the enemy.ogg	AM24	Scout Sentinel	AstraMilitarum	line	Scout patrol to command! I have eyes on the enemy!	7.66	Scout patrol to command I have eyes on the enemy	
VO_AM_Shock Trooper - Reporting for duty!.ogg	AM10	Shock Trooper	AstraMilitarum	line	Reporting for duty.	7.59	Reporting for duty!	
VO_AM_Shock Trooper Sgt - For Cadia, we hold the line here!.ogg	AM19	Shock Trooper Sgt	AstraMilitarum	line	For Acadia, we hold the line here!	7.63	For Cadia, we hold the line here!	
VO_AM_Taurox - Armored transport, moving in!.ogg	AM30	Taurox	AstraMilitarum	line	Arm and transport moving in	7.65	Armored transport, moving in!	
VO_AM_Taurox Prime - Reserves are ready for deployment.ogg	AM74	Taurox Prime	AstraMilitarum	line	Reserves are ready for deployment.	7.7	Reserves are ready for deployment	
VO_AM_Tech-Priest Enginseer - Blessed is the Omnissiah's work.ogg	AM25	Tech-Priest Enginseer	AstraMilitarum	line	Blessed is the Omnisire's work.	8.24		
VO_AM_Tempestus Aquilon - Descending into position!.ogg	AM72	Tempestus Aquilon	AstraMilitarum	line	Descending into position.	8.19	Descending into position!	
VO_AM_Tempestus Scion - Contact confirmed Engaging.ogg	AM69	Tempestus Scion	AstraMilitarum	line	Contact confirmed. Engaging.	8.03	Contact confirmed Engaging	
VO_AM_Tempestus Sergeant - No mercy Bring them down!.ogg	AM72	Tempestus Aquilon	AstraMilitarum	line	No mercy. Bring them down!	7.67	No mercy Bring them down!	
VO_AM_Ursula Creed_attack.ogg	AM5	Ursula Creed	AstraMilitarum	attack	HUAH!	7.81		
VO_AM_Ursula Creed_cantDo.ogg	AM5	Ursula Creed	AstraMilitarum	cantdo	I can't do that.	7.71		
VO_AM_Ursula Creed_concede.ogg	AM5	Ursula Creed	AstraMilitarum	concede	Fall back and regroup!	7.96		
VO_AM_Ursula Creed_death.ogg	AM5	Ursula Creed	AstraMilitarum	death	*Groans*	8.24		
VO_AM_Ursula Creed_gen1.ogg	AM5	Ursula Creed	AstraMilitarum	gen1	I will carry on my father's legacy.	8.1		
VO_AM_Ursula Creed_gen2.ogg	AM5	Ursula Creed	AstraMilitarum	gen2	We will defend the Imperium to our dying breath!	8.13		
VO_AM_Ursula Creed_gen3.ogg	AM5	Ursula Creed	AstraMilitarum	gen3	Cadia is no more, but we will stand!	8.36		
VO_AM_Ursula Creed_gen4.ogg	AM5	Ursula Creed	AstraMilitarum	gen4	The Astra Militarum will never break!	8.21		
VO_AM_Ursula Creed_gen5.ogg	AM5	Ursula Creed	AstraMilitarum	gen5	Let me teach you a lesson about strategy.	8.25		
VO_AM_Ursula Creed_gen6.ogg	AM5	Ursula Creed	AstraMilitarum	gen6	Only a coward hides at the back of the lines.	8.03		
VO_AM_Ursula Creed_gen7.ogg	AM5	Ursula Creed	AstraMilitarum	gen7	Face forward and never look back!	8.4		
VO_AM_Ursula Creed_greet.ogg	AM5	Ursula Creed	AstraMilitarum	greet	I have seen you and judged you. Face my wrath!	8.05		
VO_AM_Ursula Creed_hurry.ogg	AM5	Ursula Creed	AstraMilitarum	hurry	Stop wasting time!	7.89		
VO_AM_Ursula Creed_intro.ogg	AM5	Ursula Creed	AstraMilitarum	intro	With fury in our hearts, we will never falter.	8.0		
VO_AM_Ursula Creed_mirror.ogg	AM5	Ursula Creed	AstraMilitarum	mirror	While we stand KDSans!	8.09		
VO_AM_Ursula Creed_threat.ogg	AM5	Ursula Creed	AstraMilitarum	threat	The hammer of the Emperor shall be your doom.	8.26		
VO_AM_Ursula Creed_vsAbaddon.ogg	AM5	Ursula Creed	AstraMilitarum	vsabaddon	You may be the arch fiend, but I am retribution.	8.43		
VO_AM_Ursula Creed_vsCommissar.ogg	AM5	Ursula Creed	AstraMilitarum	vscommissar	Know your place, Commissar!	8.54		
VO_AM_Ursula Creed_vsLeontus.ogg	AM5	Ursula Creed	AstraMilitarum	vsleontus	For Kadia!	8.06		
VO_AM_Ursula Creed_vsTyranids.ogg	AM5	Ursula Creed	AstraMilitarum	vstyranids	Don't allow these beasts to foothold!	8.07		
VO_AM_Ursula Creed_vsUM.ogg	AM5	Ursula Creed	AstraMilitarum	vsum	You should be focusing on the real enemy.	8.11		
VO_AM_Ursula Creed_wp.ogg	AM5	Ursula Creed	AstraMilitarum	wp	Tactics win battles, but faith wins wars.	7.88		
VO_AM_Valkyrie - Prepare for rapid insertion!.ogg	AM39	Valkyrie	AstraMilitarum	line	Prepare for rapid insertion!	7.91	Prepare for rapid insertion!	
VO_AM_Vitus Gryf - Fight to the last breath!.ogg	AM73	Vitus Gryf	AstraMilitarum	line	Fight to the last breath!	7.98	Fight to the last breath!	
VO_AM_Vitus Gryf - Your death is our duty.ogg	AM73	Vitus Gryf	AstraMilitarum	line	Your death is our duty.	8.03	Your death is our duty	
VO_AM_Vox Operator - New orders in from command.ogg	AM11	Vox Operator	AstraMilitarum	line	New orders in from command!	7.98	New orders in from command	
VO_BL_Accursed Helbrute - Aaaargh Kill KILL.ogg	BL74	Accursed Helbrute	BlackLegion	line	AHHHHH! KILL! KILL!	7.91	Aaaargh Kill KILL	
VO_BL_Aspiring Champion - Embrace the power of Chaos.ogg	BL25	Aspiring Champion	BlackLegion	line	Embrace the power of chaos!	7.91	Embrace the power of Chaos	
VO_BL_Black Legionary - Death to the False Emperor.ogg	BL11	Black Legionary	BlackLegion	line	Death to the False Emperor!	7.88	Death to the False Emperor	
VO_BL_Bringer of Decay - Wither and die.ogg	BL31	Bringer of decay	BlackLegion	line	Wither and die.	8.29	Wither and die	
VO_BL_Chaos Legionary - I serve the Dark Gods.ogg	BL12	Chaos Legionary	BlackLegion	line	I soothe the dark gods.	8.41	I serve the Dark Gods	
VO_BL_Chaos Lord - I take what is mine.ogg	BL45	Chaos Lord	BlackLegion	line	I take what is mine.	8.34	I take what is mine	
VO_BL_Chaos Sergeant - Cruelty is strength.ogg	BL56	Gifts of Chaos	BlackLegion	line	Cruelty is strength.	8.0	Cruelty is strength	
VO_BL_Chaos Spawn - bestial snarling.ogg	BL56	Gifts of Chaos	BlackLegion	line	*thud*	7.99	bestial snarling	
VO_BL_Chaos Terminator - I am unstoppable.ogg	BL37	Chaos Terminator	BlackLegion	line	I am unstoppable!	7.66	I am unstoppable	
VO_BL_Child of Torment - My obsession cannot be sated.ogg	BL38	Child of Torment	BlackLegion	line	My obsession cannot be sated.	7.77	My obsession cannot be sated	
VO_BL_Chosen - Follow me to victory.ogg	BL26	Chosen	BlackLegion	line	Follow me to victory!	7.62	Follow me to victory	
VO_BL_Chosen Champion - The crusade cannot be stopped.ogg	BL39	Chosen Champion	BlackLegion	line	The crusade cannot be stopped.	7.62	The crusade cannot be stopped	
VO_BL_Daemon Blade Legionary - Your armour cannot save you.ogg	BL27	Daemon Blade Legionary	BlackLegion	line	Your armor cannot save you!	8.17	Your armour cannot save you	
VO_BL_Dark Apostle - Dark Gods bestow your gift upon me.ogg	BL40	Dark Apostle	BlackLegion	line	Dark gods, bestow your gift upon me!	7.84	Dark Gods bestow your gift upon me	
VO_BL_Dark Disciple - The Dark Powers demand sacrifice.ogg	BL10	Dark Disciple	BlackLegion	line	The Dark Powers demand sacrifice!	8.22	The Dark Powers demand sacrifice	
VO_BL_Ghallaron's Champion - Surrender to Ghallaron and your death will be quick.ogg	BL_Ghallaron_s_Champion	Ghallaron's Champion	BlackLegion	line	Surrender to Galarion, and your death will be quick.	8.06	Surrender to Ghallaron and your death will be quick	
VO_BL_Ghallaron's Disciple - Praise Ghallaron beloved in the eyes of the gods.ogg	BL_Ghallaron_s_Disciple	Ghallaron's Disciple	BlackLegion	line	Praise Galeron, beloved in the eyes of the gods!	8.0	Praise Ghallaron beloved in the eyes of the gods	
VO_BL_Ghallaron_Backup2.ogg	BL_Ghallaron_s_Champion	Ghallaron's Champion	BlackLegion	backup2	I answer only to the War Master and the Gods.	7.93		
VO_BL_Ghallaron_Backup3.ogg	BL_Ghallaron_s_Champion	Ghallaron's Champion	BlackLegion	backup3	Devotion is power.	7.85		
VO_BL_Ghallaron_Backup4.ogg	BL_Ghallaron_s_Champion	Ghallaron's Champion	BlackLegion	backup4	I offer eternal devotion. They offer limitless power.	7.82		
VO_BL_Ghallaron_Backup5.ogg	BL_Ghallaron_s_Champion	Ghallaron's Champion	BlackLegion	backup5	For the War Master!	7.79		
VO_BL_Ghallaron_attack.ogg	BL_Ghallaron_s_Champion	Ghallaron's Champion	BlackLegion	attack	HMUH!	7.84		
VO_BL_Ghallaron_cantDo.ogg	BL_Ghallaron_s_Champion	Ghallaron's Champion	BlackLegion	cantdo	It cannot be done.	7.99		
VO_BL_Ghallaron_concede.ogg	BL_Ghallaron_s_Champion	Ghallaron's Champion	BlackLegion	concede	I will rise again from this defeat and claim my vengeance!	8.04		
VO_BL_Ghallaron_death.ogg	BL_Ghallaron_s_Champion	Ghallaron's Champion	BlackLegion	death	*coughs*	8.04		
VO_BL_Ghallaron_gen1.ogg	BL_Ghallaron_s_Champion	Ghallaron's Champion	BlackLegion	gen1	By the War Master's command, your fate has been sealed!	7.98		
VO_BL_Ghallaron_gen2.ogg	BL_Ghallaron_s_Champion	Ghallaron's Champion	BlackLegion	gen2	It is not zealotry, but undeniable truth.	8.08		
VO_BL_Ghallaron_gen3.ogg	BL_Ghallaron_s_Champion	Ghallaron's Champion	BlackLegion	gen3	Have you lost your thirst for power?	8.61		
VO_BL_Ghallaron_gen4.ogg	BL_Ghallaron_s_Champion	Ghallaron's Champion	BlackLegion	gen4	The Dark Gods demand your life!	8.52		
VO_BL_Ghallaron_gen5.ogg	BL_Ghallaron_s_Champion	Ghallaron's Champion	BlackLegion	gen5	I WILL HAVE VENGEANCE!	8.35		
VO_BL_Ghallaron_gen6.ogg	BL_Ghallaron_s_Champion	Ghallaron's Champion	BlackLegion	gen6	I WILL cast down the false idols of the Imperium!	8.17		
VO_BL_Ghallaron_gen7.ogg	BL_Ghallaron_s_Champion	Ghallaron's Champion	BlackLegion	gen7	You lack ambition.	7.99		
VO_BL_Ghallaron_greet.ogg	BL_Ghallaron_s_Champion	Ghallaron's Champion	BlackLegion	greet	I am the harbinger of oblivion.	8.12		
VO_BL_Ghallaron_hurry.ogg	BL_Ghallaron_s_Champion	Ghallaron's Champion	BlackLegion	hurry	We must hasten!	7.7		
VO_BL_Ghallaron_intro.ogg	BL_Ghallaron_s_Champion	Ghallaron's Champion	BlackLegion	intro	We are returned.	7.94		
VO_BL_Ghallaron_mirror.ogg	BL_Ghallaron_s_Champion	Ghallaron's Champion	BlackLegion	mirror	New disciples are always welcome.	7.84		
VO_BL_Ghallaron_threat.ogg	BL_Ghallaron_s_Champion	Ghallaron's Champion	BlackLegion	threat	Bow before the dark gods or face retribution!	7.74		
VO_BL_Ghallaron_vsGhazghkull.ogg	BL_Ghallaron_s_Champion	Ghallaron's Champion	BlackLegion	vsghazghkull	Your gods are pitiful things compared to the true powers of the galaxy.	8.12		
VO_BL_Ghallaron_vsKeltoc.ogg	BL_Ghallaron_s_Champion	Ghallaron's Champion	BlackLegion	vskeltoc	You were so close to salvation.	7.79		
VO_BL_Ghallaron_vsVarroTigurius.ogg	BL_Ghallaron_s_Champion	Ghallaron's Champion	BlackLegion	vsvarrotigurius	Such hypocrisy makes the gods laugh.	7.7		
VO_BL_Ghallaron_wp.ogg	BL_Ghallaron_s_Champion	Ghallaron's Champion	BlackLegion	wp	You could be a great follower.	7.89		
VO_BL_Havoc - Be rent unto flesh and ruin.ogg	BL32	Havoc	BlackLegion	line	Be rent unto flesh and ruin.	7.77	Be rent unto flesh and ruin	
VO_BL_Havoc Champion - We bring annihilation.ogg	BL73	Havoc Champion	BlackLegion	line	We bring annihilation.	7.84	We bring annihilation	
VO_BL_Helbrute - My agony drives me.ogg	BL42	Helbrute	BlackLegion	line	My agony drives me!	7.92	My agony drives me	
VO_BL_Hound of Abaddon - Your skull is already mine.ogg	BL14	Hound of Abaddon	BlackLegion	line	Your skull is already mine!	7.93	Your skull is already mine	
VO_BL_Iskandar Khayon - The False Emperor must die.ogg	BL47	Iskandar Khayon	BlackLegion	line	The false emperor must die.	7.88	The False Emperor must die	
VO_BL_Khorne Berzerker - Blood for the Blood God.ogg	BL17	Khorne Berzerker	BlackLegion	line	Blat for the Blat God!	7.9	Blood for the Blood God	
VO_BL_Lheorvine Ukris - I'll destroy you.ogg	BL33	Lheorvine Ukris	BlackLegion	line	I'll destroy you!	7.94	I'll destroy you	
VO_BL_Master of Executions - Your head will be my trophy.ogg	BL28	Master of Executions	BlackLegion	line	Your head will be my trophy.	7.94	Your head will be my trophy	
VO_BL_Master of Possession - Your body will serve as a vessel.ogg	BL34	Master of Possession	BlackLegion	line	Your body will serve as a vessel.	8.3	Your body will serve as a vessel	
VO_BL_Maulerfiend - growl roar.ogg	BL46	Maulerfiend	BlackLegion	line	*Mario's Outro*	8.16	growl roar	
VO_BL_Meltagun Legionary - I will leave nothing but ash.ogg	BL_Meltagun_Legionary	Meltagun Legionary	BlackLegion	line	I will leave nothing but ash!	8.09	I will leave nothing but ash	
VO_BL_Noise Marine - Such sweet cacophony.ogg	BL19	Noise Marine	BlackLegion	line	Such sweet cacophony.	8.01	Such sweet cacophony	
VO_BL_Obliterator - Flesh and bone are weak.ogg	BL43	Obliterator	BlackLegion	line	Flesh and bone are weak.	8.57	Flesh and bone are weak	
VO_BL_Plague Marine - Let your hate fester.ogg	BL21	Plague Marine	BlackLegion	line	Let your hate fester.	8.4	Let your hate fester	
VO_BL_Possessed Champion - I will see your blood flow.ogg	BL29	Possessed Champion	BlackLegion	line	I will see your blood flow!	8.4	I will see your blood flow	
VO_BL_Possessed Marine - I live in your nightmares.ogg	BL29	Possessed Champion	BlackLegion	line	I live in your nightmares!	8.33	I live in your nightmares	
VO_BL_Rubric Marine - swirling dust.ogg	BL15	Rubric Marine	BlackLegion	line	*throwing*	8.35	swirling dust	
VO_BL_Sorcerer - I have foreseen the Warmaster's victory.ogg	BL36	Sorcerer	BlackLegion	line	I have foreseen the War Master's victory.	8.45	I have foreseen the Warmaster's victory	
VO_BL_Terminator Champion - You are an unworthy foe.ogg	BL44	Terminator Champion	BlackLegion	line	You are an unworthy foe.	8.36	You are an unworthy foe	
VO_BL_Venomcrawler - hiss snarl clank.ogg	BL41	Venomcrawler	BlackLegion	line	*Gunshot*	8.07	hiss snarl clank	
VO_BL_Veteran Havoc - Embrace the fires of oblivion.ogg	BL72	Veteran Havoc	BlackLegion	line	Embrace the fires of oblivion!	8.51	Embrace the fires of oblivion	
VO_BL_Veteran Legionary - My hate drives me.ogg	BL24	Veteran Legionary	BlackLegion	line	My hate drives me.	8.33	My hate drives me	
VO_BL_Vex Machinator - Come spirits of the machines, I will remake you.ogg	BL48	Vex Machinator	BlackLegion	line	Come, spirits of the machines, I will remake you!	7.84	Come spirits of the machines, I will remake you	
VO_BL_Warp Talon - I strike from the warp.ogg	BL30	Warp Talon	BlackLegion	line	I strike from the warp.	7.59	I strike from the warp	
VO_BL_Zealot Legionary - For the glory of the Dark Gods.ogg	BL_Zealot_Legionary	Zealot Legionary	BlackLegion	line	FOR THE GLORY OF THE DARK GODS!	7.52	For the glory of the Dark Gods	
VO_BlackLegion_Abaddon_attack.ogg	BL14	Hound of Abaddon	BlackLegion	attack	*shut*	7.8		
VO_BlackLegion_Abaddon_cant.ogg	BL14	Hound of Abaddon	BlackLegion	cantdo	That is impossible.	7.94		
VO_BlackLegion_Abaddon_concede.ogg	BL14	Hound of Abaddon	BlackLegion	concede	I learn from my losses so that next time I will prevail.	7.69		
VO_BlackLegion_Abaddon_death.ogg	BL14	Hound of Abaddon	BlackLegion	death	*Glug*	7.61		
VO_BlackLegion_Abaddon_gen1.ogg	BL14	Hound of Abaddon	BlackLegion	gen1	We were made to conquer the galaxy!	7.55		
VO_BlackLegion_Abaddon_gen2.ogg	BL14	Hound of Abaddon	BlackLegion	gen2	From shame and shadow recast, in black and gold reborn.	7.96		
VO_BlackLegion_Abaddon_gen3.ogg	BL14	Hound of Abaddon	BlackLegion	gen3	Savor your pathetic hope while you have any left.	7.85		
VO_BlackLegion_Abaddon_gen4.ogg	BL14	Hound of Abaddon	BlackLegion	gen4	I wield my father's weapon. He shall never be reborn.	7.69		
VO_BlackLegion_Abaddon_gen5.ogg	BL14	Hound of Abaddon	BlackLegion	gen5	I am the Ark Fiend, the despoiler of worlds.	7.76		
VO_BlackLegion_Abaddon_gen6.ogg	BL14	Hound of Abaddon	BlackLegion	gen6	My black legion will reclaim what is ours!	7.64		
VO_BlackLegion_Abaddon_gen7.ogg	BL14	Hound of Abaddon	BlackLegion	gen7	We will destroy the servants of the false emperor.	7.59		
VO_BlackLegion_Abaddon_greet.ogg	BL14	Hound of Abaddon	BlackLegion	greet	Fight me if you must, but you will soon taste defeat.	7.67		
VO_BlackLegion_Abaddon_hurry.ogg	BL14	Hound of Abaddon	BlackLegion	hurry	It is time to act.	7.51		
VO_BlackLegion_Abaddon_intro.ogg	BL14	Hound of Abaddon	BlackLegion	intro	From the Eye of Terror we shall bring no mercy!	7.54		
VO_BlackLegion_Abaddon_mirror.ogg	BL14	Hound of Abaddon	BlackLegion	mirror	It is by my hand that the Imperium will become ashes.	7.58		
VO_BlackLegion_Abaddon_threat.ogg	BL14	Hound of Abaddon	BlackLegion	threat	You will soon know pain like no other.	7.6		
VO_BlackLegion_Abaddon_vsCalgar.ogg	BL14	Hound of Abaddon	BlackLegion	vscalgar	This is our Imperium. We forged it in blood.	7.55		
VO_BlackLegion_Abaddon_vsGrukk.ogg	BL14	Hound of Abaddon	BlackLegion	vsgrukk	Your worthless kind is nothing more than a distraction.	7.6		
VO_BlackLegion_Abaddon_vsHexscorn.ogg	BL14	Hound of Abaddon	BlackLegion	vshexscorn	Good. Your sorcery will be a potent weapon.	7.59		
VO_BlackLegion_Abaddon_vsMinka.ogg	BL14	Hound of Abaddon	BlackLegion	vsminka	And yet your Cadian Gate fell to my Black Crusade.	7.61		
VO_BlackLegion_Abaddon_vsOrikan.ogg	BL14	Hound of Abaddon	BlackLegion	vsorikan	Persistence always brings victory.	7.57		
VO_BlackLegion_Abaddon_wp.ogg	BL14	Hound of Abaddon	BlackLegion	wp	You proved stronger than I anticipated.	7.56		
VO_BlackLegion_Haarken_Attack.ogg	BL3	Haarken Worldclaimer	BlackLegion	attack	Rawr!	7.57		
VO_BlackLegion_Haarken_CantDo.ogg	BL3	Haarken Worldclaimer	BlackLegion	cantdo	I cannot do that!	7.6		
VO_BlackLegion_Haarken_Concede.ogg	BL3	Haarken Worldclaimer	BlackLegion	concede	This was all part of the War Master's great plan.	7.6		
VO_BlackLegion_Haarken_Death.ogg	BL3	Haarken Worldclaimer	BlackLegion	death	Roar!	7.55		
VO_BlackLegion_Haarken_Gen1.ogg	BL3	Haarken Worldclaimer	BlackLegion	gen1	The time of the Black Crusade is now!	7.54		
VO_BlackLegion_Haarken_Gen2.ogg	BL3	Haarken Worldclaimer	BlackLegion	gen2	The gods have a plan, and the despoiler will enact it.	7.53		
VO_BlackLegion_Haarken_Gen3.ogg	BL3	Haarken Worldclaimer	BlackLegion	gen3	You have no place in this galaxy.	7.57		
VO_BlackLegion_Haarken_Gen4.ogg	BL3	Haarken Worldclaimer	BlackLegion	gen4	Chaos is the only way!	7.54		
VO_BlackLegion_Haarken_Gen5.ogg	BL3	Haarken Worldclaimer	BlackLegion	gen5	Our success has been foretold throughout the eons.	8.12		
VO_BlackLegion_Haarken_Gen6.ogg	BL3	Haarken Worldclaimer	BlackLegion	gen6	You are nothing before the might of the Black Legion.	8.3		
VO_BlackLegion_Haarken_Gen7.ogg	BL3	Haarken Worldclaimer	BlackLegion	gen7	You do not yet know the meaning of fear.	7.99		
VO_BlackLegion_Haarken_Greet.ogg	BL3	Haarken Worldclaimer	BlackLegion	greet	I am the Herald of the Apocalypse, and you will listen.	8.49		
VO_BlackLegion_Haarken_Hurry.ogg	BL3	Haarken Worldclaimer	BlackLegion	hurry	We cannot wait any longer!	8.71		
VO_BlackLegion_Haarken_Intro.ogg	BL3	Haarken Worldclaimer	BlackLegion	intro	Prepare for the coming of damnation!	8.11		
VO_BlackLegion_Haarken_Mirror.ogg	BL3	Haarken Worldclaimer	BlackLegion	mirror	Many voices speak of the coming of the War Master!	8.26		
VO_BlackLegion_Haarken_Threat.ogg	BL3	Haarken Worldclaimer	BlackLegion	threat	You will be crushed by the coming storm!	8.05		
VO_BlackLegion_Haarken_vs_Commissar.ogg	BL3	Haarken Worldclaimer	BlackLegion	line	You are wasted in the service of the false emperor.	8.1		
VO_BlackLegion_Haarken_vs_JainZar.ogg	BL3	Haarken Worldclaimer	BlackLegion	line	I proclaim our coming.	8.06		
VO_BlackLegion_Haarken_vs_Orikan.ogg	BL3	Haarken Worldclaimer	BlackLegion	line	Everything must die in the end.	8.12		
VO_BlackLegion_Haarken_vs_Zagstruk.ogg	BL3	Haarken Worldclaimer	BlackLegion	line	I will drive my hell spear through your unworthy corpse.	8.07		
VO_BlackLegion_Haarken_wp.ogg	BL3	Haarken Worldclaimer	BlackLegion	wp	You are strong. Perhaps you will prevail after all.	7.73		
VO_BlackLegion_Hexscorn_Attack.ogg	BL5	Sylar Hexcorn	BlackLegion	attack	RRRAH!	7.72		
VO_BlackLegion_Hexscorn_CantDo.ogg	BL5	Sylar Hexcorn	BlackLegion	cantdo	I cannot do that.	7.54		
VO_BlackLegion_Hexscorn_Concede.ogg	BL5	Sylar Hexcorn	BlackLegion	concede	Savor the little time you have earned.	7.86		
VO_BlackLegion_Hexscorn_Death.ogg	BL5	Sylar Hexcorn	BlackLegion	death	*Groans*	8.11		
VO_BlackLegion_Hexscorn_Gen1.ogg	BL5	Sylar Hexcorn	BlackLegion	gen1	The warp tells me everything!	7.82		
VO_BlackLegion_Hexscorn_Gen2.ogg	BL5	Sylar Hexcorn	BlackLegion	gen2	We will conquer this galaxy.	7.9		
VO_BlackLegion_Hexscorn_Gen3.ogg	BL5	Sylar Hexcorn	BlackLegion	gen3	I command powers beyond what you could possibly fathom.	8.09		
VO_BlackLegion_Hexscorn_Gen4.ogg	BL5	Sylar Hexcorn	BlackLegion	gen4	There is always a method to insanity.	7.96		
VO_BlackLegion_Hexscorn_Gen5.ogg	BL5	Sylar Hexcorn	BlackLegion	gen5	You were just a plaything of the gods.	7.58		
VO_BlackLegion_Hexscorn_Gen6.ogg	BL5	Sylar Hexcorn	BlackLegion	gen6	I will follow Abaddon to the end of everything!	7.6		
VO_BlackLegion_Hexscorn_Gen7.ogg	BL5	Sylar Hexcorn	BlackLegion	gen7	Embrace chaos before it's too late.	7.64		
VO_BlackLegion_Hexscorn_Greet.ogg	BL5	Sylar Hexcorn	BlackLegion	greet	Come with me. I will open your eyes to the warp.	7.55		
VO_BlackLegion_Hexscorn_Hurry.ogg	BL5	Sylar Hexcorn	BlackLegion	hurry	Nothing lasts forever.	7.55		
VO_BlackLegion_Hexscorn_Intro.ogg	BL5	Sylar Hexcorn	BlackLegion	intro	The warp flows through me, and it will be your doom.	7.56		
VO_BlackLegion_Hexscorn_Mirror.ogg	BL5	Sylar Hexcorn	BlackLegion	mirror	I am the Enlightened One.	7.55		
VO_BlackLegion_Hexscorn_Threat.ogg	BL5	Sylar Hexcorn	BlackLegion	threat	I will destroy you with the power of the warp.	7.59		
VO_BlackLegion_Hexscorn_vs_Abaddon.ogg	BL5	Sylar Hexcorn	BlackLegion	line	I am ever your servant, Lord.	7.52		
VO_BlackLegion_Hexscorn_vs_Keltoc.ogg	BL5	Sylar Hexcorn	BlackLegion	line	Shouldn't your kind all be dead by now?	7.55		
VO_BlackLegion_Hexscorn_vs_UrsulaCreed.ogg	BL5	Sylar Hexcorn	BlackLegion	line	Do you like what we did to your world?	7.54		
VO_BlackLegion_Hexscorn_vs_Varro.ogg	BL5	Sylar Hexcorn	BlackLegion	line	Why hold back? Unleash your true potential.	7.56		
VO_BlackLegion_Hexscorn_vs_tbc2.ogg	BL5	Sylar Hexcorn	BlackLegion	line	You cannot stop the Black Legion!	7.53		
VO_BlackLegion_Hexscorn_vs_tbc3.ogg	BL5	Sylar Hexcorn	BlackLegion	line	I take that personally.	7.53		
VO_BlackLegion_Hexscorn_vs_tbc4.ogg	BL5	Sylar Hexcorn	BlackLegion	line	Run away and hide.	7.53		
VO_BlackLegion_Hexscorn_wp.ogg	BL5	Sylar Hexcorn	BlackLegion	wp	An impressive feat, given your obvious weakness.	7.56		
VO_CSM_EC_Alluress (Emily).ogg	EC8	Alluress	EmperorsChildren	line	I'm gross!	7.59		
VO_CSM_EC_Blastmaster Noise Marine (Kevin).ogg	EC19	Blastmaster Noise Marine	EmperorsChildren	line	I will create the perfect melody!	7.59		
VO_CSM_EC_Blissbringer_High-pitch_Screech.ogg	EC26	Blissbringer	EmperorsChildren	line	*Screams*	7.62		
VO_CSM_EC_Chaos Land Raider (Andrew Dennis).ogg	EC41	Chaos Land Raider	EmperorsChildren	line	Drown them in the sounds of their screams!	7.52		
VO_CSM_EC_Chaos Rhino (Andrew Dennis).ogg	EC31	Chaos Rhino	EmperorsChildren	line	More will join in the prince's revelries.	7.54		
VO_CSM_EC_Daemon Prince Xarahan_attack.ogg	EC5	Xarahan Daemon Prince	EmperorsChildren	attack	*Bah*	7.6		
VO_CSM_EC_Daemon Prince Xarahan_cantDo.ogg	EC5	Xarahan Daemon Prince	EmperorsChildren	cantdo	No!	7.56		
VO_CSM_EC_Daemon Prince Xarahan_concede.ogg	EC5	Xarahan Daemon Prince	EmperorsChildren	concede	I will savor the sweet pain for centuries.	7.64		
VO_CSM_EC_Daemon Prince Xarahan_death.ogg	EC5	Xarahan Daemon Prince	EmperorsChildren	death	*Burr*	8.36		
VO_CSM_EC_Daemon Prince Xarahan_gen1.ogg	EC5	Xarahan Daemon Prince	EmperorsChildren	gen1	All this grief, I must have more!	8.0		
VO_CSM_EC_Daemon Prince Xarahan_gen2.ogg	EC5	Xarahan Daemon Prince	EmperorsChildren	gen2	I shall relish the sight of your pathetic remains.	7.96		
VO_CSM_EC_Daemon Prince Xarahan_gen3.ogg	EC5	Xarahan Daemon Prince	EmperorsChildren	gen3	Oh, the screams I will wrench out of your throat!	7.91		
VO_CSM_EC_Daemon Prince Xarahan_gen4.ogg	EC5	Xarahan Daemon Prince	EmperorsChildren	gen4	A magnificent task is in our hands.	8.0		
VO_CSM_EC_Daemon Prince Xarahan_gen5.ogg	EC5	Xarahan Daemon Prince	EmperorsChildren	gen5	Are you feeling overwhelmed?	8.14		
VO_CSM_EC_Daemon Prince Xarahan_greet.ogg	EC5	Xarahan Daemon Prince	EmperorsChildren	greet	Ah, yet another vapid foe is foisted upon me.	8.13		
VO_CSM_EC_Daemon Prince Xarahan_hurry.ogg	EC5	Xarahan Daemon Prince	EmperorsChildren	hurry	Hesitation dulls the blade of pleasure.	8.17		
VO_CSM_EC_Daemon Prince Xarahan_intro.ogg	EC5	Xarahan Daemon Prince	EmperorsChildren	intro	Bear witness to my ocusp of torment.	8.06		
VO_CSM_EC_Daemon Prince Xarahan_mirror.ogg	EC5	Xarahan Daemon Prince	EmperorsChildren	mirror	It will be breathtaking.	8.14		
VO_CSM_EC_Daemon Prince Xarahan_threat.ogg	EC5	Xarahan Daemon Prince	EmperorsChildren	threat	I feel you shiver. Is it fear or anticipation?	8.2		
VO_CSM_EC_Daemon Prince Xarahan_wp.ogg	EC5	Xarahan Daemon Prince	EmperorsChildren	wp	You might yet deliver an amusing time.	8.19		
VO_CSM_EC_Daemonette (Emily).ogg	EC7	Daemonette	EmperorsChildren	line	You are mine!	7.99		
VO_CSM_EC_Disharmonist (Andrew Dennis).ogg	EC27	Disharmonist	EmperorsChildren	line	A dirge for your final breath.	7.8		
VO_CSM_EC_Dual Screamer Kakophonist (Joey).ogg	EC32	Dual Screamer Kakophonist	EmperorsChildren	line	I am the clamor of apocalypse.	7.77		
VO_CSM_EC_Fiend_High-pitch_Screech.ogg	EC20	Fiend	EmperorsChildren	line	- -	7.97		
VO_CSM_EC_Flawless Blade (Joey).ogg	EC13	Flawless Blade	EmperorsChildren	line	Such delightful agony.	8.04		
VO_CSM_EC_Flawless Blade Champion (Kevin).ogg	EC28	Flawless Blade Champion	EmperorsChildren	line	Let the flesh of our enemies sing!	7.91		
VO_CSM_EC_Glittering Myriad Infractor (Joey).ogg	EC9	Glittering Myriad Infractor	EmperorsChildren	line	Let us compose a lavish requiem!	7.86		
VO_CSM_EC_Glittering Myriad Terminator (Joey).ogg	EC22	Terminator	EmperorsChildren	line	Come on, amuse me!	7.88		
VO_CSM_EC_Heldrake_Roaring_Bellow.ogg	EC38	Heldrake	EmperorsChildren	line	*Mario plays*	7.97		
VO_CSM_EC_Icon of Excess Infractor (Andrew Dennis).ogg	EC14	Icon of Excess Infractor	EmperorsChildren	line	Give yourself over to Pleasure Absolute!	7.78		
VO_CSM_EC_Infractor (Andrew Dennis).ogg	EC10	Infractor	EmperorsChildren	line	I cannot wait to hear your pleas.	8.07		
VO_CSM_EC_Infractor Obsessionist (Andrew).ogg	EC21	Infractor Obsessionist	EmperorsChildren	line	Every cat a verse. Every wound a chorus.	8.07		
VO_CSM_EC_Konstrictus Sorcerer (Joey).ogg	EC30	Slaanesh Sorcerer	EmperorsChildren	line	The Dark Prince will have you.	8.1		
VO_CSM_EC_Lord Exultant (Kevin).ogg	EC35	Lord Exultant	EmperorsChildren	line	Every strike is a gift from the Prince of Pleasure.	7.89		
VO_CSM_EC_Lord Kakophonist (Joey).ogg	EC37	Lord Kakophonist	EmperorsChildren	line	SCREAM FOR ME!	7.56		
VO_CSM_EC_Lord Kaphrael_attack.ogg	EC1	Lord Kaphrael	EmperorsChildren	attack	No!	7.59		
VO_CSM_EC_Lord Kaphrael_cantDo.ogg	EC1	Lord Kaphrael	EmperorsChildren	cantdo	This does not please me.	7.5		
VO_CSM_EC_Lord Kaphrael_concede.ogg	EC1	Lord Kaphrael	EmperorsChildren	concede	The deepest pleasure is found in the most grievous wounds.	7.59		
VO_CSM_EC_Lord Kaphrael_death.ogg	EC1	Lord Kaphrael	EmperorsChildren	death	*crash*	7.73		
VO_CSM_EC_Lord Kaphrael_gen1.ogg	EC1	Lord Kaphrael	EmperorsChildren	gen1	I hope your blade is sharper than your sense.	8.35		
VO_CSM_EC_Lord Kaphrael_gen2.ogg	EC1	Lord Kaphrael	EmperorsChildren	gen2	That was exquisite.	7.97		
VO_CSM_EC_Lord Kaphrael_gen3.ogg	EC1	Lord Kaphrael	EmperorsChildren	gen3	Do not blink or you will miss true beauty.	7.86		
VO_CSM_EC_Lord Kaphrael_gen4.ogg	EC1	Lord Kaphrael	EmperorsChildren	gen4	Your screams are delightful. I may let you live a bit more.	7.75		
VO_CSM_EC_Lord Kaphrael_gen5.ogg	EC1	Lord Kaphrael	EmperorsChildren	gen5	Moocom seeking their sweet final release.	8.1		
VO_CSM_EC_Lord Kaphrael_gen6.ogg	EC1	Lord Kaphrael	EmperorsChildren	gen6	This dance is growing interesting.	8.18		
VO_CSM_EC_Lord Kaphrael_gen7.ogg	EC1	Lord Kaphrael	EmperorsChildren	gen7	Do not dare die yet. I crave for more.	8.28		
VO_CSM_EC_Lord Kaphrael_greet.ogg	EC1	Lord Kaphrael	EmperorsChildren	greet	You only get one chance to impress me.	8.05		
VO_CSM_EC_Lord Kaphrael_hurry.ogg	EC1	Lord Kaphrael	EmperorsChildren	hurry	Come on, faster!	8.01		
VO_CSM_EC_Lord Kaphrael_intro.ogg	EC1	Lord Kaphrael	EmperorsChildren	intro	The path to glory is paved with such blissful pain.	8.01		
VO_CSM_EC_Lord Kaphrael_mirror.ogg	EC1	Lord Kaphrael	EmperorsChildren	mirror	Each scar and scream brings me closer to perfection.	7.77		
VO_CSM_EC_Lord Kaphrael_threat.ogg	EC1	Lord Kaphrael	EmperorsChildren	threat	Pain can become pleasure. You will know both.	7.62		
VO_CSM_EC_Lord Kaphrael_wp.ogg	EC1	Lord Kaphrael	EmperorsChildren	wp	Finally, a worthy opponent rises from mediocrity.	7.71		
VO_CSM_EC_Lucius_Backup1.ogg	EC3	Lucius The Eternal	EmperorsChildren	backup1	So much despair to relish in.	7.48		
VO_CSM_EC_Lucius_Backup2.ogg	EC3	Lucius The Eternal	EmperorsChildren	backup2	May the splendor of the pleasured one's bounty still thy heart with ecstasies.	7.51		
VO_CSM_EC_Lucius_Backup3.ogg	EC3	Lucius The Eternal	EmperorsChildren	backup3	What do you have for me on the cusp of this most glorious battle?	7.49		
VO_CSM_EC_Lucius_attack.ogg	EC3	Lucius The Eternal	EmperorsChildren	attack	*Bah*	7.62		
VO_CSM_EC_Lucius_cantDo.ogg	EC3	Lucius The Eternal	EmperorsChildren	cantdo	I do not think so.	7.51		
VO_CSM_EC_Lucius_concede.ogg	EC3	Lucius The Eternal	EmperorsChildren	concede	Oh, how proud you must feel.	7.54		
VO_CSM_EC_Lucius_death.ogg	EC3	Lucius The Eternal	EmperorsChildren	death	AHH!	7.58		
VO_CSM_EC_Lucius_gen1.ogg	EC3	Lucius The Eternal	EmperorsChildren	gen1	Agony. Ecstasy. More.	7.54		
VO_CSM_EC_Lucius_gen2.ogg	EC3	Lucius The Eternal	EmperorsChildren	gen2	I could slay you without even sullying my father's blade.	7.55		
VO_CSM_EC_Lucius_gen3.ogg	EC3	Lucius The Eternal	EmperorsChildren	gen3	Every cat sings such sweet sorrow.	7.5		
VO_CSM_EC_Lucius_gen4.ogg	EC3	Lucius The Eternal	EmperorsChildren	gen4	Oh, you are just begging for deliverance.	7.59		
VO_CSM_EC_Lucius_gen5.ogg	EC3	Lucius The Eternal	EmperorsChildren	gen5	There was a time you would have impressed me.	7.6		
VO_CSM_EC_Lucius_gen6.ogg	EC3	Lucius The Eternal	EmperorsChildren	gen6	Flawless.	7.51		
VO_CSM_EC_Lucius_gen7.ogg	EC3	Lucius The Eternal	EmperorsChildren	gen7	This spilling of blood is sublime.	7.57		
VO_CSM_EC_Lucius_greet.ogg	EC3	Lucius The Eternal	EmperorsChildren	greet	Do not bore me.	7.57		
VO_CSM_EC_Lucius_hurry.ogg	EC3	Lucius The Eternal	EmperorsChildren	hurry	Why delay this pleasure?	7.54		
VO_CSM_EC_Lucius_intro.ogg	EC3	Lucius The Eternal	EmperorsChildren	intro	If it is death you crave, who am I to deny it?	7.54		
VO_CSM_EC_Lucius_mirror.ogg	EC3	Lucius The Eternal	EmperorsChildren	mirror	How delightfully decadent.	7.55		
VO_CSM_EC_Lucius_threat.ogg	EC3	Lucius The Eternal	EmperorsChildren	threat	Your screams will make a fine melody.	7.59		
VO_CSM_EC_Lucius_vsAbaddon.ogg	EC3	Lucius The Eternal	EmperorsChildren	vsabaddon	An imperfect Legion is doomed to falter, just like your father did.	7.56		
VO_CSM_EC_Lucius_vsAstraMilitarum.ogg	EC3	Lucius The Eternal	EmperorsChildren	vsastramilitarum	Oh, you die too quickly. There is no time to savor it.	7.59		
VO_CSM_EC_Lucius_vsBile.ogg	EC3	Lucius The Eternal	EmperorsChildren	vsbile	I did not cut my way out from the eye, only to listen to your folly, Fabius.	7.6		
VO_CSM_EC_Lucius_vsCSM.ogg	EC3	Lucius The Eternal	EmperorsChildren	vscsm	Brothers, welcome to the feast. Which among you will be the first course?	7.62		
VO_CSM_EC_Lucius_vsDA.ogg	EC3	Lucius The Eternal	EmperorsChildren	vsda	I have not killed any little robed angels in some time. Let us fix that.	7.61		
VO_CSM_EC_Lucius_vsEC.ogg	EC3	Lucius The Eternal	EmperorsChildren	vsec	So, ambition has chosen its day at last.	7.57		
VO_CSM_EC_Lucius_vsFulgrim.ogg	EC3	Lucius The Eternal	EmperorsChildren	vsfulgrim	I always wondered if the Phoenician could fall by his own blade.	7.6		
VO_CSM_EC_Lucius_vsUM.ogg	EC3	Lucius The Eternal	EmperorsChildren	vsum	My lower deck grows hollow. Some of you are bound to be fine entertainment.	7.63		
VO_CSM_EC_Lucius_vsWE.ogg	EC3	Lucius The Eternal	EmperorsChildren	vswe	Did your pack abandon you, little mongrel?	7.56		
VO_CSM_EC_Lucius_wp.ogg	EC3	Lucius The Eternal	EmperorsChildren	wp	It has been some time since I have broken a sweat.	7.53		
VO_CSM_EC_Maulerfiend_Roaring_Bellow.ogg	EC39	Maulerfiend	EmperorsChildren	line	*throwing*	7.6		
VO_CSM_EC_Plasma Gun Tormentor (Andrew).ogg	EC15	Plasma Gun Tormentor	EmperorsChildren	line	Your last moment will be my masterpiece.	7.57		
VO_CSM_EC_Rugged Disharmonist (Andrew Dennis).ogg	EC36	Rugged Disharmonist	EmperorsChildren	line	More!	7.51		
VO_CSM_EC_Slaanesh Sorcerer (Andrew Dennis).ogg	EC30	Slaanesh Sorcerer	EmperorsChildren	line	The youngest god must be appeased.	7.54		
VO_CSM_EC_Slaanesh's Spawn_Revelling_Screech.ogg	EC16	Slaanesh's Spawn	EmperorsChildren	line	*Gunshot*	7.61		
VO_CSM_EC_Sonic Blaster Noise Marine (Andrew Dennis).ogg	EC17	Sonic Blaster Noise Marine	EmperorsChildren	line	Break under the prince's sweetest cacophonies!	7.55		
VO_CSM_EC_Terminator (Andrew).ogg	EC22	Terminator	EmperorsChildren	line	You will make a worthy offering to the Dark Prince.	7.55		
VO_CSM_EC_Terminator Champion (Andrew).ogg	EC33	Terminator Champion	EmperorsChildren	line	Such delightful agony.	7.53		
VO_CSM_EC_Threnodic Choir Noise Marine (Joey).ogg	EC18	Threnodic Choir Noise Marine	EmperorsChildren	line	HIGHER! LOUDER!	7.55		
VO_CSM_EC_Tormentor (Kevin).ogg	EC12	Tormentor	EmperorsChildren	line	None escapes the call of excess.	7.57		
VO_CSM_EC_Tormentor Obsessionist (Andrew Dennis).ogg	EC23	Tormentor Obsessionist	EmperorsChildren	line	This shall quench the thirst for a moment.	7.56		
VO_CSM_EC_Veteran Noise Marine (Andrew).ogg	EC25	Veteran Noise Marine	EmperorsChildren	line	A melody to shake the stars.	7.66		
VO_CSM_EC_Winged Daemon Prince (Andrew Dennis).ogg	EC40	Winged Daemon Prince	EmperorsChildren	line	So many playthings. What delicious horrors await them.	7.73		
VO_CW_SaimHann_Autarch - Hesitation leads only to failure We must strike! (Vivienne).ogg	ASH_Autarch	Autarch	SaimHann	line	Hesitation leads only to failure. We must strike.	7.62	Hesitation leads only to failure We must strike!	
VO_CW_SaimHann_Avatar of Khaine - Death Wakes War Calls.ogg	ASH42	Avatar of Khaine	SaimHann	line	Death wakes, war cars.	7.57	Death Wakes War Calls	
VO_CW_SaimHann_Bright Lance Vyper - Ride now! The knife-pledge shall be honoured! (Joey).ogg	ASH_Bright_Lance_Vyper	Bright Lance Vyper	SaimHann	line	Right now! The knife pledge shall be honored!	7.58	Ride now! The knife-pledge shall be honoured!	
VO_CW_SaimHann_Crimson Hunter - We are the raging winds.ogg	ASH31	Crimson Hunter	SaimHann	line	We are the Raging Winds.	7.52	We are the raging winds	
VO_CW_SaimHann_Death Spinner Warp Spider - Death lies in waiting (Vivienne).ogg	ASH_Death_Spinner_Warp_Spider	Death Spinner Warp Spider	SaimHann	line	Death lies in waiting.	7.51	Death lies in waiting	
VO_CW_SaimHann_Dire Avenger - When the light fades we must stand as one for the Craftworld.ogg	ASH19	Dire Avenger	SaimHann	line	When the light fades, we must stand as one for the craft world.	7.57	When the light fades we must stand as one for the Craftworld	
VO_CW_SaimHann_Dire Avenger Exarch_Let slip of mercy.ogg	ASH32	Dire Avenger Exarch	SaimHann	line	Let slip of mercy quell those who defiled the craft world.	7.58		
VO_CW_SaimHann_Falcon - Let our enemies feel the rushing wind of death.ogg	ASH33	Falcon	SaimHann	line	Let our enemies feel the rushing wind of death.	7.62	Let our enemies feel the rushing wind of death	
VO_CW_SaimHann_Farseer - Every strike weaves a future worthy of our sacrifice (Vivienne).ogg	ASH_Farseer	Farseer	SaimHann	line	Every strike weaves a future worthy of our sacrifice.	7.54	Every strike weaves a future worthy of our sacrifice	
VO_CW_SaimHann_Farseer Skyrunner - The winds will howl with the Craftworld's vengeance (Vivienne).ogg	ASH_Farseer_Skyrunner	Farseer Skyrunner	SaimHann	line	The winds will howl with the craft world's vengeance.	7.55	The winds will howl with the Craftworld's vengeance	
VO_CW_SaimHann_Fire Dragon - Burn in Khaines fury.ogg	ASH34	Fire Dragon	SaimHann	line	Burn in Cain's fury!	7.55	Burn in Khaines fury	
VO_CW_SaimHann_Fire Prism - We are the spear of Khaine.ogg	ASH36	Fire prism	SaimHann	line	We are the Spear of Cain!	7.54	We are the spear of Khaine	
VO_CW_SaimHann_Guardian Defender - So comes the hour of bloodshed.ogg	ASH7	Guardian Defender	SaimHann	line	So comes the hour of bloodshed.	7.55	So comes the hour of bloodshed	
VO_CW_SaimHann_Hemlock Wraithfighter - When my vengeance comes it will be swift.ogg	ASH40	Hemlock Wraithfighter	SaimHann	line	When my vengeance comes, it will be swift.	7.55	When my vengeance comes it will be swift	
VO_CW_SaimHann_Hornet - We strike with lethal precision.ogg	ASH78	Hornet	SaimHann	line	We strike with lethal precision.	7.55	We strike with lethal precision	
VO_CW_SaimHann_Howling Banshee - Shriek.ogg	ASH20	Howling Banshee	SaimHann	line	*Screams*	7.63	Shriek	
VO_CW_SaimHann_Howling Banshee Exarch - The wail of Khaine will be your doom!.ogg	ASH79	Howling Banshee Exarch	SaimHann	line	The whale of Cain will be your doom!	7.57	The wail of Khaine will be your doom!	
VO_CW_SaimHann_Jain Zar_attack.ogg	ASH74	Jain Zar	SaimHann	attack	*Gunshot*	7.62		
VO_CW_SaimHann_Jain Zar_cantDo.ogg	ASH74	Jain Zar	SaimHann	cantdo	I cannot do that!	7.54		
VO_CW_SaimHann_Jain Zar_concede.ogg	ASH74	Jain Zar	SaimHann	concede	The winds are unfavorable, but the storm will gather again.	7.56		
VO_CW_SaimHann_Jain Zar_death.ogg	ASH74	Jain Zar	SaimHann	death	*Screams*	7.59		
VO_CW_SaimHann_Jain Zar_gen1.ogg	ASH74	Jain Zar	SaimHann	gen1	*crickets*	7.77		
VO_CW_SaimHann_Jain Zar_gen2.ogg	ASH74	Jain Zar	SaimHann	gen2	I have faced death many times, and still I stand to deliver it!	7.61		
VO_CW_SaimHann_Jain Zar_gen3.ogg	ASH74	Jain Zar	SaimHann	gen3	I deliver no mercy other than the peace of death.	7.64		
VO_CW_SaimHann_Jain Zar_gen4.ogg	ASH74	Jain Zar	SaimHann	gen4	I will defend what is ours!	7.5		
VO_CW_SaimHann_Jain Zar_gen5.ogg	ASH74	Jain Zar	SaimHann	gen5	Your fate was sealed the moment you crossed my path.	7.52		
VO_CW_SaimHann_Jain Zar_gen6.ogg	ASH74	Jain Zar	SaimHann	gen6	I am a Phoenix Lord! I pass wherever my path takes me!	7.52		
VO_CW_SaimHann_Jain Zar_gen7.ogg	ASH74	Jain Zar	SaimHann	gen7	It will soon be nothing but a stain on my blades.	7.61		
VO_CW_SaimHann_Jain Zar_greet.ogg	ASH74	Jain Zar	SaimHann	greet	My blades are ready for you!	7.58		
VO_CW_SaimHann_Jain Zar_hurry.ogg	ASH74	Jain Zar	SaimHann	hurry	Inaction leads to ruin.	7.5		
VO_CW_SaimHann_Jain Zar_intro.ogg	ASH74	Jain Zar	SaimHann	intro	He'll face the storm of silence!	7.37		
VO_CW_SaimHann_Jain Zar_mirror.ogg	ASH74	Jain Zar	SaimHann	mirror	Hear my war cry and know that it means death!	7.38		
VO_CW_SaimHann_Jain Zar_threat.ogg	ASH74	Jain Zar	SaimHann	threat	I bring only death and leave only corpses.	7.36		
VO_CW_SaimHann_Jain Zar_vsDrukhari.ogg	ASH74	Jain Zar	SaimHann	vsdrukhari	You are but a wretched blade from the City of Shadow.	7.38		
VO_CW_SaimHann_Jain Zar_vsHaarken.ogg	ASH74	Jain Zar	SaimHann	vshaarken	Mind, you are but a whisper, soon to be silenced.	7.37		
VO_CW_SaimHann_Jain Zar_vsImotekh.ogg	ASH74	Jain Zar	SaimHann	vsimotekh	Let me show you the true essence of the storm!	7.37		
VO_CW_SaimHann_Jain Zar_vsKarandras.ogg	ASH74	Jain Zar	SaimHann	vskarandras	I'll pass cross again, Shadow Hunter.	7.35		
VO_CW_SaimHann_Jain Zar_vsTyranids.ogg	ASH74	Jain Zar	SaimHann	vstyranids	These creatures pose a threat to all life in the galaxy!	7.38		
VO_CW_SaimHann_Jain Zar_vsUrsula.ogg	ASH74	Jain Zar	SaimHann	vsursula	These were never your worlds.	7.33		
VO_CW_SaimHann_Jain Zar_wp.ogg	ASH74	Jain Zar	SaimHann	wp	It is rare that I meet a worthy foe!	7.35		
VO_CW_SaimHann_Lhykhis_attack.ogg	ASH_Lhykhis	Lhykhis	SaimHann	attack	*Gasp*	7.42		
VO_CW_SaimHann_Lhykhis_cantDo.ogg	ASH_Lhykhis	Lhykhis	SaimHann	cantdo	This is not my path.	7.34		
VO_CW_SaimHann_Lhykhis_concede.ogg	ASH_Lhykhis	Lhykhis	SaimHann	concede	I return to the webway. Fate shall spin a new strand.	7.37		
VO_CW_SaimHann_Lhykhis_death.ogg	ASH_Lhykhis	Lhykhis	SaimHann	death	*Gasp*	7.49		
VO_CW_SaimHann_Lhykhis_gen1.ogg	ASH_Lhykhis	Lhykhis	SaimHann	gen1	Do not think your ambitions are unnoticed.	7.4		
VO_CW_SaimHann_Lhykhis_gen2.ogg	ASH_Lhykhis	Lhykhis	SaimHann	gen2	A mere whisper can twist the strands of fate.	7.39		
VO_CW_SaimHann_Lhykhis_gen3.ogg	ASH_Lhykhis	Lhykhis	SaimHann	gen3	Vatican demands your silence!	7.38		
VO_CW_SaimHann_Lhykhis_gen4.ogg	ASH_Lhykhis	Lhykhis	SaimHann	gen4	When you turn to see me, I will already be gone.	7.38		
VO_CW_SaimHann_Lhykhis_gen5.ogg	ASH_Lhykhis	Lhykhis	SaimHann	gen5	I am the blade that severs the skeins.	7.38		
VO_CW_SaimHann_Lhykhis_gen6.ogg	ASH_Lhykhis	Lhykhis	SaimHann	gen6	No good leader would send lives to end in vain.	7.36		
VO_CW_SaimHann_Lhykhis_gen7.ogg	ASH_Lhykhis	Lhykhis	SaimHann	gen7	Hubris only speeds the downfall of the arrogant.	7.36		
VO_CW_SaimHann_Lhykhis_greet.ogg	ASH_Lhykhis	Lhykhis	SaimHann	greet	For the good of the Asuriani, I will end this swiftly.	7.41		
VO_CW_SaimHann_Lhykhis_hurry.ogg	ASH_Lhykhis	Lhykhis	SaimHann	hurry	This game's Titan. It is now or never.	7.4		
VO_CW_SaimHann_Lhykhis_intro.ogg	ASH_Lhykhis	Lhykhis	SaimHann	intro	The webway stirs. The whisper must be heard again.	7.4		
VO_CW_SaimHann_Lhykhis_mirror.ogg	ASH_Lhykhis	Lhykhis	SaimHann	mirror	For too long have I been silenced.	7.32		
VO_CW_SaimHann_Lhykhis_threat.ogg	ASH_Lhykhis	Lhykhis	SaimHann	threat	The blink of an eye is enough to weave your end.	7.36		
VO_CW_SaimHann_Lhykhis_vsEC.ogg	ASH_Lhykhis	Lhykhis	SaimHann	vsec	The errors of the past must be cleansed.	7.39		
VO_CW_SaimHann_Lhykhis_vsJainZar.ogg	ASH_Lhykhis	Lhykhis	SaimHann	vsjainzar	Have they not need of you elsewhere?	7.38		
VO_CW_SaimHann_Lhykhis_vsNecrons.ogg	ASH_Lhykhis	Lhykhis	SaimHann	vsnecrons	Your time has passed. Your silence must begin.	7.41		
VO_CW_SaimHann_Lhykhis_vsTyranids.ogg	ASH_Lhykhis	Lhykhis	SaimHann	vstyranids	Every step, a new horror to vanquish.	7.37		
VO_CW_SaimHann_Lhykhis_wp.ogg	ASH_Lhykhis	Lhykhis	SaimHann	wp	A brave effort, but I have faced worse in the webway.	7.38		
VO_CW_SaimHann_Night Spinner - A silent death descends upon our foes.ogg	ASH81	Night Spinner	SaimHann	line	A silent death descends upon our foes.	7.37	A silent death descends upon our foes	
VO_CW_SaimHann_Nuadhu Fireheart - I am the bloodied blade of Khaine.ogg	ASH21	Nuadhu Fireheart	SaimHann	line	I am the bloodied blade of Cain.	7.38	I am the bloodied blade of Khaine	
VO_CW_SaimHann_Orian Laratharjos - Your end is woven in monofilament (Joey).ogg	ASH_Orian_Laratharjos	Orian Laratharjos	SaimHann	line	Your end is woven in monofilament.	7.41	Your end is woven in monofilament	
VO_CW_SaimHann_Ranger - Hold still.ogg	ASH9	Ranger	SaimHann	line	Hold still.	7.36	Hold still	
VO_CW_SaimHann_Shining Spear - Strike like the spear of Khaine!.ogg	ASH76	Shining Spear	SaimHann	line	Strike like the spear of Cain!	7.35	Strike like the spear of Khaine!	
VO_CW_SaimHann_Shining Spear Exarch - One perfect strike.ogg	ASH77	Shining Spear Exarch	SaimHann	line	One perfect strike.	7.29	One perfect strike	
VO_CW_SaimHann_Shroud Runner - Surround them Strangle them like the Serpent.ogg	ASH14	Shroud Runner	SaimHann	line	Surround them! Strangle them like the serpent!	7.37	Surround them Strangle them like the Serpent	
VO_CW_SaimHann_Spinneret Warp Spider Exarch - None escapes the spider's bite (Vivienne).ogg	ASH_Warp_Spider_Exarch	Warp Spider Exarch	SaimHann	line	None escapes a spider's bite.	7.37	None escapes the spider's bite	
VO_CW_SaimHann_Spiritseer - Spirits heed my words and rise.ogg	ASH26	Spiritseer	SaimHann	line	Spirits heed my words and rise.	7.38	Spirits heed my words and rise	
VO_CW_SaimHann_Spiritseer Qelenaris - Rise warden the Craftworld needs you once more.ogg	ASH35	Spiritseer Qelenaris	SaimHann	line	Rise, Warden. The craft world needs you once more.	7.38	Rise warden the Craftworld needs you once more	
VO_CW_SaimHann_Storm Guardian - The Craftworld will never surrender.ogg	ASH8	Storm Guardian	SaimHann	line	The craft world will never surrender.	7.36	The Craftworld will never surrender	
VO_CW_SaimHann_Striking Scorpion - The shadows are always vigilant.ogg	ASH15	Striking Scorpion	SaimHann	line	The shadows are always vigilant.	7.34	The shadows are always vigilant	
VO_CW_SaimHann_Striking Scorpion Exarch - You tread an accursed path.ogg	ASH27	Striking Scorpion Exarch	SaimHann	line	You tread in a cursed path.	7.39	You tread an accursed path	
VO_CW_SaimHann_Swooping Hawk - When the wind cries retribution has arrived.ogg	ASH16	Swooping Hawk	SaimHann	line	When the wind cries, retribution has arrived.	7.45	When the wind cries retribution has arrived	
VO_CW_SaimHann_Swooping Hawk Exarch - From the skies, death rains upon you!.ogg	ASH80	Swooping Hawk Exarch	SaimHann	line	From the skies, death rains upon you!	7.44	From the skies, death rains upon you!	
VO_CW_SaimHann_Vengeful Wraithblade - I am Khaines wrath.ogg	ASH28	Vengeful Wraithblade	SaimHann	line	I am King Roth.	7.43	I am Khaines wrath	
VO_CW_SaimHann_Veteran Guardian - We will protect the Craftworld.ogg	ASH10	Veteran Guardian	SaimHann	line	We will protect the craft world.	7.43	We will protect the Craftworld	
VO_CW_SaimHann_Vyper - I am always swift.ogg	ASH22	Vyper	SaimHann	line	I am always Swift.	7.42	I am always swift	
VO_CW_SaimHann_War Walker - May the Sting of Grief commence.ogg	ASH29	War Walker	SaimHann	line	May the sting of grief commence.	7.42	May the Sting of Grief commence	
VO_CW_SaimHann_Warlock - Light dims yet our hope is ever kindled.ogg	ASH11	Warlock	SaimHann	line	Light dims, yet our hope is ever kindled.	7.46	Light dims yet our hope is ever kindled	
VO_CW_SaimHann_Warlock Skyrunner - Follow the wind bring forth Khaines fire.ogg	ASH30	Warlock Skyrunner	SaimHann	line	Follow the wind! Bring forth King's fire!	7.49	Follow the wind bring forth Khaines fire	
VO_CW_SaimHann_Warp Spider - Strike and fade.ogg	ASH17	Warp Spider	SaimHann	line	Strike and fade.	7.4	Strike and fade	
VO_CW_SaimHann_Wave Serpent - Forward Crush the interlopers.ogg	ASH37	Wave Serpent	SaimHann	line	Forward! Crush the interlopers!	7.12	Forward Crush the interlopers	
VO_CW_SaimHann_Weapons Platform - low humming.ogg	ASH12	Weapons Platform	SaimHann	line	*throwing*	7.2	low humming	
VO_CW_SaimHann_Windrider - I bring swift demise.ogg	ASH13	Windrider	SaimHann	line	I bring swift demise.	7.07	I bring swift demise	
VO_CW_SaimHann_Winged Autarch - Death rains from the skies.ogg	ASH39	Winged Autarch	SaimHann	line	Death rains from the skies.	7.1	Death rains from the skies	
VO_CW_SaimHann_Witchblade Warlock - The skeins of fate tell of nothing but death.ogg	ASH23	Witchblade Warlock	SaimHann	line	The skeins of fate tell of nothing but death.	7.13	The skeins of fate tell of nothing but death	
VO_CW_SaimHann_Wraithblade - I have returned so the Craftworld may never fall.ogg	ASH18	Wraithblade	SaimHann	line	I have returned, so the craft world may never fall.	7.09	I have returned so the Craftworld may never fall	
VO_CW_SaimHann_Wraithguard - No more pain no more death.ogg	ASH25	Wraithguard	SaimHann	line	No more pain. No more death.	7.11	No more pain no more death	
VO_CW_SaimHann_Wraithknight - Enough blood has flowed The fight must end.ogg	ASH44	Wraithknight	SaimHann	line	Enough bladders flowed. The fight must end.	7.09	Enough blood has flowed The fight must end	
VO_CW_SaimHann_Wraithlord - The spirits guide me.ogg	ASH41	Wraithlord	SaimHann	line	The spirits guide me.	7.08	The spirits guide me	
VO_CW_SaimHann_Yrlla the Huntress - When battle calls, we must all don the mask.ogg	ASH82	Yrlla the Huntress	SaimHann	line	When battle calls, we must all don the mask.	7.09	When battle calls, we must all don the mask	
VO_DA_Aggressor - There shall be no sanctuary.ogg	DA12	Aggressor	DarkAngels	line	There shall be no sanctuary!	7.07	There shall be no sanctuary	
VO_DA_Apothecary - The Lion's sons endure I will see to it.ogg	DA8	Apothecary	DarkAngels	line	The lion's sons endure. I will see to it.	7.11	The Lion's sons endure I will see to it	
VO_DA_Asmodai_attack.ogg	DA1	Asmodai	DarkAngels	attack	All right.	7.04		
VO_DA_Asmodai_cantDo.ogg	DA1	Asmodai	DarkAngels	cantdo	This compromises the sanctity of the hunt.	7.11		
VO_DA_Asmodai_concede.ogg	DA1	Asmodai	DarkAngels	concede	Fall back! This information must reach Lord Azrael!	7.08		
VO_DA_Asmodai_death.ogg	DA1	Asmodai	DarkAngels	death	AHHHHHHHHHHHHHHHHHHHHH!	7.86		
VO_DA_Asmodai_gen1.ogg	DA1	Asmodai	DarkAngels	gen1	Repent, and I will make your death swift!	7.1		
VO_DA_Asmodai_gen2.ogg	DA1	Asmodai	DarkAngels	gen2	I have judged and found you wanting!	7.07		
VO_DA_Asmodai_gen3.ogg	DA1	Asmodai	DarkAngels	gen3	With fury, brothers, ours is the righteous outrage.	7.13		
VO_DA_Asmodai_gen4.ogg	DA1	Asmodai	DarkAngels	gen4	REPENT, FOR YOUR LIFE IS AT ITS END!	7.08		
VO_DA_Asmodai_gen5.ogg	DA1	Asmodai	DarkAngels	gen5	The chapter is the only thing that matters.	7.08		
VO_DA_Asmodai_gen6.ogg	DA1	Asmodai	DarkAngels	gen6	Let me excise that which weighs down your soul.	7.1		
VO_DA_Asmodai_gen7.ogg	DA1	Asmodai	DarkAngels	gen7	There is no salvation without suffering.	7.07		
VO_DA_Asmodai_greet.ogg	DA1	Asmodai	DarkAngels	greet	Our paths now cross.	7.07		
VO_DA_Asmodai_hurry.ogg	DA1	Asmodai	DarkAngels	hurry	Time is of the essence.	7.07		
VO_DA_Asmodai_intro.ogg	DA1	Asmodai	DarkAngels	intro	Nothing can compare to the judgment of the Emperor.	7.11		
VO_DA_Asmodai_mirror.ogg	DA1	Asmodai	DarkAngels	mirror	There is little to discuss, so long as the fallen remain at large.	7.1		
VO_DA_Asmodai_threat.ogg	DA1	Asmodai	DarkAngels	threat	The past will be cleansed with the blood of traitors.	7.08		
VO_DA_Asmodai_vsAzrael.ogg	DA1	Asmodai	DarkAngels	vsazrael	You are not asking the right questions.	7.23		
VO_DA_Asmodai_vsBelial.ogg	DA1	Asmodai	DarkAngels	vsbelial	There is no greater priority than the hunt, master of the Deathwing!	7.15		
VO_DA_Asmodai_vsOrksTyranids.ogg	DA1	Asmodai	DarkAngels	vsorkstyranids	Purge this filth swiftly! A hunt calls us elsewhere!	7.1		
VO_DA_Asmodai_vsTBC1.ogg	DA1	Asmodai	DarkAngels	vstbc1	We are bringers of death! We are dark angels!	7.11		
VO_DA_Asmodai_vsTBC2.ogg	DA1	Asmodai	DarkAngels	vstbc2	Empty words muttered by an empty soul.	7.07		
VO_DA_Asmodai_wp.ogg	DA1	Asmodai	DarkAngels	wp	Your defiance is noted.	7.1		
VO_DA_Assault Terminator - I will not suffer your existence one moment longer.wav	DA81	Assault Terminator	DarkAngels	line	I will not suffer your existence one moment longer!	7.17	I will not suffer your existence one moment longer	
VO_DA_Azrael_attack.ogg	DA3	Azrael	DarkAngels	attack	FWAAA!	7.19		
VO_DA_Azrael_cantDo.ogg	DA3	Azrael	DarkAngels	cantdo	This is not allowed.	7.19		
VO_DA_Azrael_concede.ogg	DA3	Azrael	DarkAngels	concede	Target priority assessment. Others await our retribution.	7.13		
VO_DA_Azrael_death.ogg	DA3	Azrael	DarkAngels	death	Oh.	7.14		generic
VO_DA_Azrael_gen1.ogg	DA3	Azrael	DarkAngels	gen1	Fight, Sons of the Lion! Fight!	7.19		
VO_DA_Azrael_gen2.ogg	DA3	Azrael	DarkAngels	gen2	Speak your last words before the blade falls.	7.19		
VO_DA_Azrael_gen3.ogg	DA3	Azrael	DarkAngels	gen3	Loyalty is its own reward.	7.7		
VO_DA_Azrael_gen4.ogg	DA3	Azrael	DarkAngels	gen4	Stay sharp. I will tolerate no laxity.	8.15		
VO_DA_Azrael_gen5.ogg	DA3	Azrael	DarkAngels	gen5	To the abyss with your lies.	7.89		
VO_DA_Azrael_gen6.ogg	DA3	Azrael	DarkAngels	gen6	None shall stay out judgment.	7.71		
VO_DA_Azrael_gen7.ogg	DA3	Azrael	DarkAngels	gen7	We have come. We are death.	7.79		
VO_DA_Azrael_greet.ogg	DA3	Azrael	DarkAngels	greet	Draw your blade. You might yet find absolution in battle.	7.82		
VO_DA_Azrael_hurry.ogg	DA3	Azrael	DarkAngels	hurry	Ours is the moment. Do not let up.	7.97		
VO_DA_Azrael_intro.ogg	DA3	Azrael	DarkAngels	intro	At once, Dark Angels. Redden your blades.	8.01		
VO_DA_Azrael_mirror.ogg	DA3	Azrael	DarkAngels	mirror	Eye and weapon to the enemy.	7.97		
VO_DA_Azrael_threat.ogg	DA3	Azrael	DarkAngels	threat	I do not take your life lightly, but in service to my duty.	7.75		
VO_DA_Azrael_vsAbaddon.ogg	DA3	Azrael	DarkAngels	vsabaddon	You will meet your abhorrent father's fate.	7.82		
VO_DA_Azrael_vsBelial.ogg	DA3	Azrael	DarkAngels	vsbelial	This is your last chance to stop this foolery, brother.	7.94		
VO_DA_Azrael_wp.ogg	DA3	Azrael	DarkAngels	wp	Your temerity only makes you caught with disaster.	8.07		
VO_DA_Ballistus Dreadnought - Death is not enough to stay our wrath.wav	DA_Ravenwing_Ballistus_Dreadnought	Ravenwing Ballistus Dreadnought	DarkAngels	line	Death is not enough to stay our wrath.	8.06	Death is not enough to stay our wrath	
VO_DA_Belial_attack.ogg	DA5	Belial	DarkAngels	attack	Ugh!	8.3		
VO_DA_Belial_cantDo.ogg	DA5	Belial	DarkAngels	cantdo	I cannot do that!	8.18		
VO_DA_Belial_concede.ogg	DA5	Belial	DarkAngels	concede	So be it.	7.94		
VO_DA_Belial_death.ogg	DA5	Belial	DarkAngels	death	*Grunting*	8.04		
VO_DA_Belial_gen1.ogg	DA5	Belial	DarkAngels	gen1	Hold the line! Let fury be the steel in your spine!	7.73		
VO_DA_Belial_gen2.ogg	DA5	Belial	DarkAngels	gen2	The lion guards us.	8.15		
VO_DA_Belial_gen3.ogg	DA5	Belial	DarkAngels	gen3	Where we stand, none shall pass.	8.08		
VO_DA_Belial_gen4.ogg	DA5	Belial	DarkAngels	gen4	Fervor must be tempered with wisdom.	7.97		
VO_DA_Belial_gen5.ogg	DA5	Belial	DarkAngels	gen5	You falter beneath the strain of battle.	7.64		
VO_DA_Belial_gen6.ogg	DA5	Belial	DarkAngels	gen6	With me, brothers. For the lion!	8.09		
VO_DA_Belial_gen7.ogg	DA5	Belial	DarkAngels	gen7	It is too dangerous to let you live.	7.93		
VO_DA_Belial_greet.ogg	DA5	Belial	DarkAngels	greet	Finally, a foe that might test me.	7.67		
VO_DA_Belial_hurry.ogg	DA5	Belial	DarkAngels	hurry	No time to waste.	7.55		
VO_DA_Belial_intro.ogg	DA5	Belial	DarkAngels	intro	For the lion! For the emperor!	7.61		
VO_DA_Belial_mirror.ogg	DA5	Belial	DarkAngels	mirror	Onward to the objective. Kill everything we encounter.	7.72		
VO_DA_Belial_threat.ogg	DA5	Belial	DarkAngels	threat	Come, meteorite by the bite of my steel.	7.64		
VO_DA_Belial_vsAsmodai.ogg	DA5	Belial	DarkAngels	vsasmodai	You will not leave this planet until the fight is done, Asmodai.	7.7		
VO_DA_Belial_vsAzrael.ogg	DA5	Belial	DarkAngels	vsazrael	Not until I know the whole truth.	7.46		
VO_DA_Belial_wp.ogg	DA5	Belial	DarkAngels	wp	It is not often I misjudge a foe's prowess.	7.52		
VO_DA_Black Knight - We ride for the Lion!.ogg	DA13	Black Knight	DarkAngels	line	We ride for the lion!	7.42	We ride for the Lion!	
VO_DA_Bladeguard Veteran - Through sacrifice we find redemption.ogg	DA26	Bladeguard Veteran	DarkAngels	line	Through sacrifice we find redemption.	7.45	Through sacrifice we find redemption	
VO_DA_Captain - To me Dark Angels! Victory is at hand!.ogg	DA19	Captain	DarkAngels	line	To me, Dark Angels! Victory is at hand!	7.58	To me Dark Angels! Victory is at hand!	
VO_DA_Chaplain - The Lion watches us all Fight with honor!.ogg	DA14	Chaplain	DarkAngels	line	The lion watches us all. Fight with honour!	7.6	The Lion watches us all Fight with honor!	
VO_DA_Chaplain Gabutheron - No price is too high to clean the sins of old.wav	DA82	Chaplain Gabutheron	DarkAngels	line	No prices too high to clean the sins of old.	7.76	No price is too high to clean the sins of old	
VO_DA_Company Champion - We shall fulfill our duty no matter the cost.ogg	DA27	Company Champion	DarkAngels	line	We shall fulfill our duty, no matter the cost.	7.5	We shall fulfill our duty no matter the cost	
VO_DA_Company Master - The fate of the chapter lies in our every action Do not falter!.ogg	DA31	Company Master	DarkAngels	line	The fate of the chapter lies in our every action! Do not falter!	7.49	The fate of the chapter lies in our every action Do not falter!	
VO_DA_Company Veteran - Our loyalty is unwavering.ogg	DA15	Company Veteran	DarkAngels	line	Our loyalty is unwavering!	7.42	Our loyalty is unwavering	
VO_DA_Dark Talon - None shall escape the Chapter's talons.ogg	DA39	Dark Talon	DarkAngels	line	None shall escape the chapter's talons.	7.46	None shall escape the Chapter's talons	
VO_DA_Darkshroud - Caliban’s legacy shall not fade.ogg	DA32	Darkshroud	DarkAngels	line	Caliban's legacy shall not fade.	7.44	Caliban’s legacy shall not fade	
VO_DA_Deathwing Champion - Duty alone will wash away our shame.ogg	DA36	Deathwing Champion	DarkAngels	line	Duty alone will wash away our shame.	7.48	Duty alone will wash away our shame	
VO_DA_Deathwing Knight - The hunt never ends Duty compels us forward.ogg	DA28	Deathwing Knight	DarkAngels	line	The hunt never ends. Duty compels us forward.	7.53	The hunt never ends Duty compels us forward	
VO_DA_Deathwing Knight Master - We must be eternally vigilant for our own flaws.ogg	DA42	Deathwing Knight Master	DarkAngels	line	We must be eternally vigilant for our own flaws.	7.29	We must be eternally vigilant for our own flaws	
VO_DA_Deathwing Strikemaster - No mercy! Engage and eliminate!.ogg	DA33	Deathwing Strikemaster	DarkAngels	line	No mercy! Engage and eliminate!	7.26	No mercy! Engage and eliminate!	
VO_DA_Deathwing Terminator - Come forth and be slaughtered.ogg	DA20	Deathwing Terminator	DarkAngels	line	Come forth and be slaughtered.	7.46	Come forth and be slaughtered	
VO_DA_Ezekiel - I alone judge the weak from the strong the truth from falsehood.ogg	DA34	Ezekiel	DarkAngels	line	I alone judge the weak from the strong, the truth from falsehood.	7.28	I alone judge the weak from the strong the truth from falsehood	
VO_DA_Inner Circle Companion - Heavy blade swing.ogg	DA21	Inner Circle Companion	DarkAngels	line	*thud*	7.31	Heavy blade swing	
VO_DA_Intercessor - For the Lion and the Emperor!.ogg	DA7	Intercessor	DarkAngels	line	For the lion and the emperor!	7.2	For the Lion and the Emperor!	
VO_DA_Interrogator Chaplain - Your life is forfeit but your soul could still find deliverance.ogg	DA22	Interrogator Chaplain	DarkAngels	line	Your life is forfeit, but your soul could still find deliverance.	8.11	Your life is forfeit but your soul could still find deliverance	
VO_DA_Land Speeder Vengeance - No one can outrun our retribution.ogg	DA23	Land Speeder Vengeance	DarkAngels	line	No one can outrun our retribution.	8.41	No one can outrun our retribution	
VO_DA_Librarian - Caliban's rage echoes through me.ogg	DA16	Librarian	DarkAngels	line	Caliban's rage echoes through me.	7.79	Caliban's rage echoes through me	
VO_DA_Master Lazarus - I will stand sentinel for the Chapter's honor.ogg	DA24	Master Lazarus	DarkAngels	line	I will stand sentinel for the chapter's honor.	15.22	I will stand sentinel for the Chapter's honor	
VO_DA_Master Zacharial_Backup1.wav	DA75	Master Zacharial	DarkAngels	backup1	No running will save you now.	12.81		
VO_DA_Master Zacharial_Backup2.wav	DA75	Master Zacharial	DarkAngels	backup2	We have our orders. Move!	7.69		
VO_DA_Master Zacharial_Backup3.wav	DA75	Master Zacharial	DarkAngels	backup3	Let's see what you can do.	7.68		
VO_DA_Master Zacharial_attack.wav	DA75	Master Zacharial	DarkAngels	attack	HAAA!	7.19		
VO_DA_Master Zacharial_cantDo.wav	DA75	Master Zacharial	DarkAngels	cantdo	I will not take a forbidden path.	7.23		
VO_DA_Master Zacharial_concede.wav	DA75	Master Zacharial	DarkAngels	concede	We have lingered here too long. Move out!	7.2		
VO_DA_Master Zacharial_death.wav	DA75	Master Zacharial	DarkAngels	death	Oh!	7.29		generic
VO_DA_Master Zacharial_gen1.wav	DA75	Master Zacharial	DarkAngels	gen1	Every fallen foe honors the Emperor and the Primarch.	7.6		
VO_DA_Master Zacharial_gen2.wav	DA75	Master Zacharial	DarkAngels	gen2	Onward! Heed not your ales until the foe is beaten!	7.83		
VO_DA_Master Zacharial_gen3.wav	DA75	Master Zacharial	DarkAngels	gen3	The shadow will be banished by fire and steel.	9.38		
VO_DA_Master Zacharial_gen4.wav	DA75	Master Zacharial	DarkAngels	gen4	For the vengeful brethren, there is only duty.	8.33		
VO_DA_Master Zacharial_gen5.wav	DA75	Master Zacharial	DarkAngels	gen5	We all serve the Emperor in different ways.	8.16		
VO_DA_Master Zacharial_gen6.wav	DA75	Master Zacharial	DarkAngels	gen6	The target is in range. Strike now!	7.94		
VO_DA_Master Zacharial_gen7.wav	DA75	Master Zacharial	DarkAngels	gen7	Prey has never escaped from us. You will not be the first one.	7.76		
VO_DA_Master Zacharial_greet.wav	DA75	Master Zacharial	DarkAngels	greet	Late is the moment of repentance. Draw your blade.	7.68		
VO_DA_Master Zacharial_hurry.wav	DA75	Master Zacharial	DarkAngels	hurry	Death waits for none.	7.11		
VO_DA_Master Zacharial_intro.wav	DA75	Master Zacharial	DarkAngels	intro	We have come. We are death.	7.13		
VO_DA_Master Zacharial_mirror.wav	DA75	Master Zacharial	DarkAngels	mirror	The Lion's Fury is ours to deliver.	7.13		
VO_DA_Master Zacharial_threat.wav	DA75	Master Zacharial	DarkAngels	threat	May your blood quench my blade's thirst.	7.22		
VO_DA_Master Zacharial_vsAsmodai&Belial.wav	DA75	Master Zacharial	DarkAngels	vsasmodai&belial	FOR THE PRIMARCH!	7.19		
VO_DA_Master Zacharial_vsAzrael.wav	DA75	Master Zacharial	DarkAngels	vsazrael	Great and terrible is our duty.	7.31		
VO_DA_Master Zacharial_vsEC&BL.wav	DA75	Master Zacharial	DarkAngels	vsec&bl	I have slit the throat of heresy before. I will claim that silence again.	7.27		
VO_DA_Master Zacharial_vsShadowsun.wav	DA75	Master Zacharial	DarkAngels	vsshadowsun	For all you speak about courage, I see none in you.	7.11		
VO_DA_Master Zacharial_wp.wav	DA75	Master Zacharial	DarkAngels	wp	You shall not live to regret this affront.	7.11		
VO_DA_Nephilim Jetfighter - From on high a judgment will come!.ogg	DA37	Nephilim Jetfighter	DarkAngels	line	From on high, a judgment will come!	7.1	From on high a judgment will come!	
VO_DA_Ravenwing Ancient - The banner of Caliban shall never falter.ogg	DA29	Ravenwing Ancient	DarkAngels	line	The banner of Caliban shall never falter.	7.13	The banner of Caliban shall never falter	
VO_DA_Ravenwing Bikes - The hunt begins No one escapes the Ravenwing!.ogg	DA9	Ravenwing Bikes	DarkAngels	line	The hunt begins! No one escapes the Ravenwing!	7.13	The hunt begins No one escapes the Ravenwing!	
VO_DA_Ravenwing Champion - The chase is over Now the blade falls.ogg	DA17	Ravenwing Champion	DarkAngels	line	The chase is over. Now the blade falls.	7.22	The chase is over Now the blade falls	
VO_DA_Ravenwing Speeder - Only death follows in our wake!.ogg	DA18	Ravenwing Speeder	DarkAngels	line	Only death follows in our wake!	7.06	Only death follows in our wake!	
VO_DA_Ravenwing Talonmaster - We are the hunters! We are the Dark Angels!.ogg	DA30	Ravenwing Talonmaster	DarkAngels	line	We are the Hunters! We are the Dark Angels!	7.11	We are the hunters! We are the Dark Angels!	
VO_DA_Redemptor Dreadnought - My quest for vengeance is eternal.ogg	DA_Ravenwing_Ballistus_Dreadnought	Ravenwing Ballistus Dreadnought	DarkAngels	line	My quest for vengeance is eternal.	7.19	My quest for vengeance is eternal	
VO_DA_Reiver - Your pleas for mercy will go unheard.ogg	DA10	Reiver	DarkAngels	line	Your pleas for mercy will go unheard.	7.59	Your pleas for mercy will go unheard	
VO_DA_Repulsor - Heavy weapons primed Open fire!.ogg	DA43	Repulsor	DarkAngels	line	Heavy weapons, Prime. Open fire!	7.63	Heavy weapons primed Open fire!	
VO_DA_Sammael - If it is death you crave I shall gift it to you!.ogg	DA40	Sammael	DarkAngels	line	If it is death you crave, I shall gift it to you.	7.52	If it is death you crave I shall gift it to you!	
VO_DA_Sergeant Naaman - None shall escape the wrath of Caliban!.ogg	DA_Sergeant_Naaman	Sergeant Naaman	DarkAngels	line	None shall escape the wrath of Caliban!	7.36	None shall escape the wrath of Caliban!	
VO_DA_Sergeant Taaman - None shall escape the wrath of Caliban!.ogg	DA_Sergeant_Naaman	Sergeant Naaman	DarkAngels	line	None shall escape the wrath of Caliban!	7.5	None shall escape the wrath of Caliban!	
VO_DA_Techmarine - The Chapter's engines will not falter under my watch.ogg	DA25	Techmarine	DarkAngels	line	The chapter's engines will not falter under my watch.	7.69	The Chapter's engines will not falter under my watch	
VO_DA_Vengeful Brethren Bladeguard - Stand as firm as the mighty Rock itself!.wav	DA80	Vengeful Brethren Bladeguard	DarkAngels	line	Stand as firm as the mighty rock itself!	7.42	Stand as firm as the mighty Rock itself!	
VO_DA_Vengeful Brethren Hellblaster - Mercy is not mine to deliver Only death.wav	DA79	Vengeful Brethren Hellblaster	DarkAngels	line	Mercy is not mine to deliver, only death.	7.34	Mercy is not mine to deliver Only death	
VO_DA_Vengeful Brethren Intercessor - You are one mistake away from your death.wav	DA78	Vengeful Brethren Intercessor	DarkAngels	line	You are one mistake away from your death.	7.56	You are one mistake away from your death	
VO_DA_Watcher in the Dark - You do not have long.wav	DA77	Watcher in the Dark	DarkAngels	line	You do not have long.	7.37	You do not have long	
VO_GSC_Aberrant Hypermorph_They are close.ogg	GSC33	Aberrant Hypermorph	Genestealers	line	They are close.	7.32		
VO_GSC_Aberrant_Crush.ogg	GSC27	Aberrant	Genestealers	line	Crash!	7.32		
VO_GSC_Abominant_Savage Bellow.ogg	GSC38	Abominant	Genestealers	line	*Mario's Screams*	7.35		
VO_GSC_Achilles Ridgerunner_Forward! Let's earn our divine reward.ogg	GSC34	Achilles Ridgerunner	Genestealers	line	Forward! Let's earn our divine reward!	7.86		
VO_GSC_Acolyte Heavy_For the Great Patriarch.ogg	GSC43	Patriarch	Genestealers	line	For the great patriarch!	7.75		
VO_GSC_Acolyte Hybrid_Our bodies are blessed.ogg	GSC13	Acolyte Hybrid	Genestealers	line	Our bodies are blessed.	7.58		
VO_GSC_Acolyte Iconward_Backup1.ogg	GSC_Acolyte_Iconward	Acolyte Iconward	Genestealers	backup1	You are unfit to bear the weight of true enlightenment.	8.09		
VO_GSC_Acolyte Iconward_Backup2.ogg	GSC_Acolyte_Iconward	Acolyte Iconward	Genestealers	backup2	We were chosen to fell those who once bound us to our chains.	8.07		
VO_GSC_Acolyte Iconward_Backup3.ogg	GSC_Acolyte_Iconward	Acolyte Iconward	Genestealers	backup3	The path has been laid. We follow the void angel's light.	8.06		
VO_GSC_Acolyte Iconward_Backup4.ogg	GSC_Acolyte_Iconward	Acolyte Iconward	Genestealers	backup4	You will be cleansed and the heavens will deliver our reward.	7.92		
VO_GSC_Acolyte Iconward_Backup5.ogg	GSC_Acolyte_Iconward	Acolyte Iconward	Genestealers	backup5	Praise the star, children! May their benevolence guide us!	8.04		
VO_GSC_Acolyte Iconward_Backup6.ogg	GSC_Acolyte_Iconward	Acolyte Iconward	Genestealers	backup6	Only the star children can bring true salvation!	8.39		
VO_GSC_Acolyte Iconward_attack.ogg	GSC_Acolyte_Iconward	Acolyte Iconward	Genestealers	attack	Blah!	7.85		
VO_GSC_Acolyte Iconward_cantDo.ogg	GSC_Acolyte_Iconward	Acolyte Iconward	Genestealers	cantdo	That serves no purpose.	7.45		
VO_GSC_Acolyte Iconward_concede.ogg	GSC_Acolyte_Iconward	Acolyte Iconward	Genestealers	concede	No, not the banner!	8.16		
VO_GSC_Acolyte Iconward_death.ogg	GSC_Acolyte_Iconward	Acolyte Iconward	Genestealers	death	*Grrr*	8.46		
VO_GSC_Acolyte Iconward_gen1.ogg	GSC_Acolyte_Iconward	Acolyte Iconward	Genestealers	gen1	Our deliverance is nigh!	8.0		
VO_GSC_Acolyte Iconward_gen2.ogg	GSC_Acolyte_Iconward	Acolyte Iconward	Genestealers	gen2	Now comes the moment to emerge from the shadows.	8.08		
VO_GSC_Acolyte Iconward_gen3.ogg	GSC_Acolyte_Iconward	Acolyte Iconward	Genestealers	gen3	We are the hand in the shadows.	7.93		
VO_GSC_Acolyte Iconward_gen4.ogg	GSC_Acolyte_Iconward	Acolyte Iconward	Genestealers	gen4	Ours is the heart that beats in the abyss.	8.03		
VO_GSC_Acolyte Iconward_gen5.ogg	GSC_Acolyte_Iconward	Acolyte Iconward	Genestealers	gen5	Rally to the banner! Charge, children of the Grizzle Pit!	7.69		
VO_GSC_Acolyte Iconward_gen6.ogg	GSC_Acolyte_Iconward	Acolyte Iconward	Genestealers	gen6	Can you hear the sounds below?	7.48		
VO_GSC_Acolyte Iconward_gen7.ogg	GSC_Acolyte_Iconward	Acolyte Iconward	Genestealers	gen7	Ours is a symbol of truth and freedom. It cannot be denied.	7.5		
VO_GSC_Acolyte Iconward_greet.ogg	GSC_Acolyte_Iconward	Acolyte Iconward	Genestealers	greet	Behold our true might as we cast off our chains.	7.44		
VO_GSC_Acolyte Iconward_hurry.ogg	GSC_Acolyte_Iconward	Acolyte Iconward	Genestealers	hurry	Quickly! The star children beckon!	7.42		
VO_GSC_Acolyte Iconward_intro.ogg	GSC_Acolyte_Iconward	Acolyte Iconward	Genestealers	intro	Rise, my kin. Answer the battle's call.	7.44		
VO_GSC_Acolyte Iconward_mirror.ogg	GSC_Acolyte_Iconward	Acolyte Iconward	Genestealers	mirror	The time has come to emerge from the shadows!	7.4		
VO_GSC_Acolyte Iconward_threat.ogg	GSC_Acolyte_Iconward	Acolyte Iconward	Genestealers	threat	I hear them in my dreams. They speak of your end.	7.46		
VO_GSC_Acolyte Iconward_vsAstraMilitarum.ogg	GSC_Acolyte_Iconward	Acolyte Iconward	Genestealers	vsastramilitarum	You could have been free, and yet you chose to tighten your chains.	7.5		
VO_GSC_Acolyte Iconward_vsMagus.ogg	GSC_Acolyte_Iconward	Acolyte Iconward	Genestealers	vsmagus	Is the flock ready? The star children beckon!	7.44		
VO_GSC_Acolyte Iconward_vsNecrons.ogg	GSC_Acolyte_Iconward	Acolyte Iconward	Genestealers	vsnecrons	I pity you. Those without souls cannot receive the gift of the star, children.	7.54		
VO_GSC_Acolyte Iconward_vsOrks.ogg	GSC_Acolyte_Iconward	Acolyte Iconward	Genestealers	vsorks	Your horde is beyond salvation, and thus must be expunged!	7.52		
VO_GSC_Acolyte Iconward_wp.ogg	GSC_Acolyte_Iconward	Acolyte Iconward	Genestealers	wp	This resistance is just delaying the inevitable.	7.43		
VO_GSC_Acolyte Leader_To me, children of the Grizzlepit.ogg	GSC22	Acolyte Leader	Genestealers	line	To me, children of the grizzle pit.	7.45		
VO_GSC_Acolyte Specialist_Your doom already walks among you.ogg	GSC23	Acolyte Specialist	Genestealers	line	Your doom already walks among you.	7.42		
VO_GSC_Atalan Jackal - The trap is set Our moment draws near.ogg	GSC69	Atalan Jackal	Genestealers	line	The trap is set. Our moment draws near.	7.44	The trap is set Our moment draws near	
VO_GSC_Atalan Leader - Be ready for anything, and prepare to strike.ogg	GSC71	Atalan Leader	Genestealers	line	Be ready for anything and prepare to strike!	7.42	Be ready for anything, and prepare to strike	
VO_GSC_Atalan Wolfquad - Crush them under our wheels!.ogg	GSC73	Atalan Wolfquad	Genestealers	line	CRASH THEM UNDER OUR WHEELS!	7.43	Crush them under our wheels!	
VO_GSC_Benefictus_We will overwhelm all who stand against our ascension.ogg	GSC65	Day of Ascension	Genestealers	line	We will overwhelm all who stand against our ascension.	7.45		
VO_GSC_Biophagus_The Grizzlepit and I have created such wonders, to fuel our ascension.ogg	GSC65	Day of Ascension	Genestealers	line	The Grizzle Pit and I have created such wonders to fuel our ascension.	7.5		
VO_GSC_Clamavus_Heed the call of the stars.ogg	GSC28	Clamavus	Genestealers	line	Heed the call of the stars!	7.44		
VO_GSC_Concealed Explosives_Ticking sounds.ogg	GSC9	Concealed Explosives	Genestealers	line	*BEEP*	7.47		
VO_GSC_Cult Leman Russ_The Star Children call for fire.ogg	GSC45	Cult Leman Russ	Genestealers	line	The star children call for fire.	7.43		
VO_GSC_Cult Sentinel_The brood is ever watchful.ogg	GSC30	Cult Sentinel	Genestealers	line	The brood is ever watchful.	7.43		
VO_GSC_Genestealer Familiar_Menacing Hiss.ogg	GSC7	Genestealer Familiar	Genestealers	line		7.44		halluc
VO_GSC_Goliath Rockgrinder_We will break the chains of the oppressor.ogg	GSC41	Goliath Rockgrinder	Genestealers	line	We will break the chains of the oppressor.	7.43		
VO_GSC_Goliath Truck_We are in position.ogg	GSC40	Goliath Truck	Genestealers	line	We are in position.	7.42		
VO_GSC_Hulking Aberrant_Furious Snarl.ogg	GSC35	Hulking Aberrant	Genestealers	line	*Burps*	7.47		
VO_GSC_Hybrid Metamorph_Primal Snarl.ogg	GSC5	Primus Saffa Rhiannor	Genestealers	line	*Burps*	7.48		
VO_GSC_Jackal Outrider -There is nothing you can do to stop our ascension.ogg	GSC70	Jackal Outrider	Genestealers	line	There is nothing you can do to stop our ascension.	7.45		
VO_GSC_Jackal Scout - You see nought but what we want you to see.ogg	GSC_Jackal_Scout	Jackal Scout	Genestealers	line	You see naught but what we want you to see!	7.44	You see nought but what we want you to see	
VO_GSC_Jackal Specialist - Each blast casts down the unbeliever.ogg	GSC72	Jackal Specialist	Genestealers	line	Eat blast, cuss down the unbeliever!	7.41	Each blast casts down the unbeliever	
VO_GSC_Kelermorph_With me My Brothers and Sisters, liberation is at hand.ogg	GSC42	Kelermorph	Genestealers	line	With me, my brothers and sisters, liberation is at hand.	7.59		
VO_GSC_Lhaska Szenari_attack.ogg	GSC_Lhaska_Szenari	Lhaska Szenari	Genestealers	attack	Whoa!	7.51		
VO_GSC_Lhaska Szenari_cantDo.ogg	GSC_Lhaska_Szenari	Lhaska Szenari	Genestealers	cantdo	That is beyond my reach.	7.44		
VO_GSC_Lhaska Szenari_concede.ogg	GSC_Lhaska_Szenari	Lhaska Szenari	Genestealers	concede	We withdraw, but our uprising isn't over.	7.44		
VO_GSC_Lhaska Szenari_death.ogg	GSC_Lhaska_Szenari	Lhaska Szenari	Genestealers	death	Awww!	7.46		
VO_GSC_Lhaska Szenari_gen1.ogg	GSC_Lhaska_Szenari	Lhaska Szenari	Genestealers	gen1	No target is beyond my sights.	7.44		
VO_GSC_Lhaska Szenari_gen2.ogg	GSC_Lhaska_Szenari	Lhaska Szenari	Genestealers	gen2	We have risen from prisoners to predators. No one can deny us now.	7.62		
VO_GSC_Lhaska Szenari_gen3.ogg	GSC_Lhaska_Szenari	Lhaska Szenari	Genestealers	gen3	The barren lands taught us patience. The time to strike will come.	7.76		
VO_GSC_Lhaska Szenari_gen4.ogg	GSC_Lhaska_Szenari	Lhaska Szenari	Genestealers	gen4	We know your strength, yet you know nothing about us.	7.64		
VO_GSC_Lhaska Szenari_gen5.ogg	GSC_Lhaska_Szenari	Lhaska Szenari	Genestealers	gen5	Our ascension is near. We will taste freedom at last.	7.48		
VO_GSC_Lhaska Szenari_gen6.ogg	GSC_Lhaska_Szenari	Lhaska Szenari	Genestealers	gen6	With our shackles unbound, no enemy can outrun us.	7.44		
VO_GSC_Lhaska Szenari_gen7.ogg	GSC_Lhaska_Szenari	Lhaska Szenari	Genestealers	gen7	We ride onto the gaze of the star children, unstoppable and free.	7.44		
VO_GSC_Lhaska Szenari_greet.ogg	GSC_Lhaska_Szenari	Lhaska Szenari	Genestealers	greet	The downtrodden ride free today. Our chains shattered.	7.44		
VO_GSC_Lhaska Szenari_hurry.ogg	GSC_Lhaska_Szenari	Lhaska Szenari	Genestealers	hurry	Speed is our weapon. Let us move.	7.42		
VO_GSC_Lhaska Szenari_intro.ogg	GSC_Lhaska_Szenari	Lhaska Szenari	Genestealers	intro	From the wastelands of Damnathor, we rise to claim our freedom.	7.64		
VO_GSC_Lhaska Szenari_mirror.ogg	GSC_Lhaska_Szenari	Lhaska Szenari	Genestealers	mirror	We will never be caged again.	7.81		
VO_GSC_Lhaska Szenari_threat.ogg	GSC_Lhaska_Szenari	Lhaska Szenari	Genestealers	threat	I clear the path for ascension.	7.57		
VO_GSC_Lhaska Szenari_vsCalgar.ogg	GSC_Lhaska_Szenari	Lhaska Szenari	Genestealers	vscalgar	We no longer cower before false angels. Our ascension beckons.	7.48		
VO_GSC_Lhaska Szenari_vsCommissar.ogg	GSC_Lhaska_Szenari	Lhaska Szenari	Genestealers	vscommissar	You are but another tyrant, and we have risen to overthrow you.	7.49		
VO_GSC_Lhaska Szenari_vsLetharius.ogg	GSC_Lhaska_Szenari	Lhaska Szenari	Genestealers	vsletharius	We are the heralds of true faith, false angel.	7.43		
VO_GSC_Lhaska Szenari_vsTyranids.ogg	GSC_Lhaska_Szenari	Lhaska Szenari	Genestealers	vstyranids	Ride forth, brethren. The star children watch over us.	7.44		
VO_GSC_Lhaska Szenari_vsUrsulaCreed.ogg	GSC_Lhaska_Szenari	Lhaska Szenari	Genestealers	vsursulacreed	Ride now, brethren, and overrun those who once shackled us.	7.47		
VO_GSC_Lhaska Szenari_wp.ogg	GSC_Lhaska_Szenari	Lhaska Szenari	Genestealers	wp	You fight well, but our uprising is now unstoppable.	7.44		
VO_GSC_Locus_Your fate is sealed.ogg	GSC17	Locus	Genestealers	line	Your fate is sealed.	7.44		
VO_GSC_Metamorph Iconbearer_Feral growl.ogg	GSC31	Metamorph Iconbearer	Genestealers	line	*Gunshot*	7.51		
VO_GSC_Metamorph Leader_Witness our ascension.ogg	GSC65	Day of Ascension	Genestealers	line	Witness our ascension!	7.41		
VO_GSC_Neophyte Heavy_Deliverance, or blood.ogg	GSC18	Neophyte Heavy	Genestealers	line	Deliverance of blood!	7.41		
VO_GSC_Neophyte Hybrid_We bring you the Star Children's blessing.ogg	GSC10	Neophyte Hybrid	Genestealers	line	We bring you the Star Children's blessing.	7.41		
VO_GSC_Neophyte Iconbearer_For each one of us that falls, a hundred more will rise.ogg	GSC19	Neophyte Iconbearer	Genestealers	line	For each one of us that falls, a hundred more will rise.	7.45		
VO_GSC_Neophyte Initiate_The day of ascension approaches.ogg	GSC8	Neophyte Initiate	Genestealers	line	The day of ascension approaches.	7.39		
VO_GSC_Neophyte Leader_So comes the moment of deliverance.ogg	GSC20	Neophyte Leader	Genestealers	line	So comes the moment of deliverance.	7.42		
VO_GSC_Neophyte Specialist_None can deny the Star Children's deliverance.ogg	GSC11	Neophyte Specialist	Genestealers	line	None can deny the Star Children's deliverance!	7.42		
VO_GSC_Neophyte Trooper_Give praise to the Master below.ogg	GSC12	Neophyte Trooper	Genestealers	line	Give praise to the master below.	7.43		
VO_GSC_Nexos_Kindred, at the ready, The plan moves forward.ogg	GSC25	Nexos	Genestealers	line	Kindred, at the ready, the plan moves forward.	7.44		
VO_GSC_Patriarch_PrimalGrowl.ogg	GSC43	Patriarch	Genestealers	line	*throwing*	7.47		
VO_GSC_Purestrain Genestealer_Wild Growl.ogg	GSC26	Purestrain Genestealer	Genestealers	line	*Burr*	7.46		
VO_GSC_Reductus Saboteur_I will topple the walls of the oppressor.ogg	GSC37	Reductus Saboteur	Genestealers	line	I will topple the walls of the oppressed, so...	7.43		
VO_GSC_Saffa Rhiannor_Backup4.ogg	GSC5	Primus Saffa Rhiannor	Genestealers	backup4	Denying the Star Children's mercy breeds the disaster.	7.46		
VO_GSC_Saffa Rhiannor_attack.ogg	GSC5	Primus Saffa Rhiannor	Genestealers	attack	Huh!	7.37		
VO_GSC_Saffa Rhiannor_cantDo.ogg	GSC5	Primus Saffa Rhiannor	Genestealers	cantdo	That will not work!	7.44		
VO_GSC_Saffa Rhiannor_concede.ogg	GSC5	Primus Saffa Rhiannor	Genestealers	concede	We return to the shadows, yet soon we'll finish what we started.	7.54		
VO_GSC_Saffa Rhiannor_death.ogg	GSC5	Primus Saffa Rhiannor	Genestealers	death	*Gasp*	7.62		
VO_GSC_Saffa Rhiannor_gen1.ogg	GSC5	Primus Saffa Rhiannor	Genestealers	gen1	You are blind to the true threats you face.	7.42		
VO_GSC_Saffa Rhiannor_gen2.ogg	GSC5	Primus Saffa Rhiannor	Genestealers	gen2	The more of us you strike down, the stronger our resolve.	7.5		
VO_GSC_Saffa Rhiannor_gen3.ogg	GSC5	Primus Saffa Rhiannor	Genestealers	gen3	All together, in unity, the cult reigns supreme!	7.43		
VO_GSC_Saffa Rhiannor_gen4.ogg	GSC5	Primus Saffa Rhiannor	Genestealers	gen4	Those reluctant to lift the veil deserve no mercy.	7.4		
VO_GSC_Saffa Rhiannor_gen5.ogg	GSC5	Primus Saffa Rhiannor	Genestealers	gen5	Do you really know who you can trust?	7.4		
VO_GSC_Saffa Rhiannor_gen6.ogg	GSC5	Primus Saffa Rhiannor	Genestealers	gen6	This is not a fight you can win. Not like that.	7.52		
VO_GSC_Saffa Rhiannor_gen7.ogg	GSC5	Primus Saffa Rhiannor	Genestealers	gen7	You should taste your words before spitting such foolery!	7.45		
VO_GSC_Saffa Rhiannor_greet.ogg	GSC5	Primus Saffa Rhiannor	Genestealers	greet	Children of the Grizzle Pit bring death to the oppressor!	7.47		
VO_GSC_Saffa Rhiannor_hurry.ogg	GSC5	Primus Saffa Rhiannor	Genestealers	hurry	"""Make haste! Ascension will not wait for you!"""	7.46		
VO_GSC_Saffa Rhiannor_intro.ogg	GSC5	Primus Saffa Rhiannor	Genestealers	intro	Accept our gift of liberation or face the wrath of the Star Children!	7.52		
VO_GSC_Saffa Rhiannor_mirror.ogg	GSC5	Primus Saffa Rhiannor	Genestealers	mirror	We are the mercy of the void.	7.45		
VO_GSC_Saffa Rhiannor_threat.ogg	GSC5	Primus Saffa Rhiannor	Genestealers	threat	We will grant you swift release from your captivity.	7.47		
VO_GSC_Saffa Rhiannor_vsAeldari.ogg	GSC5	Primus Saffa Rhiannor	Genestealers	vsaeldari	Such pride and arrogance will only hasten your downfall.	7.6		
VO_GSC_Saffa Rhiannor_vsGhallaron.ogg	GSC5	Primus Saffa Rhiannor	Genestealers	vsghallaron	We answer to naught but the star children, deceiver!	7.44		
VO_GSC_Saffa Rhiannor_vsSpaceMarine.ogg	GSC5	Primus Saffa Rhiannor	Genestealers	vsspacemarine	Your armor will not save you, false angel!	7.42		
VO_GSC_Saffa Rhiannor_wp.ogg	GSC5	Primus Saffa Rhiannor	Genestealers	wp	I see your shackles do not hinder your prowess.	7.44		
VO_GSC_Sanctus_A single, perfect shot to herald our ascension.ogg	GSC65	Day of Ascension	Genestealers	line	A single perfect shot to herald our ascension.	7.42		
VO_GSC_Spotter Ridgerunner - Forward! We rise from the dust this day!.ogg	GSC74	Spotter Ridgerunner	Genestealers	line	Forward! We'd rise from the dust this day!	7.44	Forward! We rise from the dust this day!	
VO_GSC_Uthrel Naas_attack.ogg	GSC3	Magus Uthrel Naas	Genestealers	attack	Yeah.	7.39		generic
VO_GSC_Uthrel Naas_cantDo.ogg	GSC3	Magus Uthrel Naas	Genestealers	cantdo	The Star Children forbid it.	7.38		
VO_GSC_Uthrel Naas_concede.ogg	GSC3	Magus Uthrel Naas	Genestealers	concede	I fail, yet hundreds will take my place.	7.41		
VO_GSC_Uthrel Naas_death.ogg	GSC3	Magus Uthrel Naas	Genestealers	death	Yeah!	7.45		generic
VO_GSC_Uthrel Naas_gen1.ogg	GSC3	Magus Uthrel Naas	Genestealers	gen1	Is there no limit to your arrogance?	7.47		
VO_GSC_Uthrel Naas_gen2.ogg	GSC3	Magus Uthrel Naas	Genestealers	gen2	Break your bonds and go forth, my children.	7.55		
VO_GSC_Uthrel Naas_gen3.ogg	GSC3	Magus Uthrel Naas	Genestealers	gen3	We are without number.	7.68		
VO_GSC_Uthrel Naas_gen4.ogg	GSC3	Magus Uthrel Naas	Genestealers	gen4	Answer the call of the void!	7.68		
VO_GSC_Uthrel Naas_gen5.ogg	GSC3	Magus Uthrel Naas	Genestealers	gen5	All must be remade in our true master's image.	7.73		
VO_GSC_Uthrel Naas_gen6.ogg	GSC3	Magus Uthrel Naas	Genestealers	gen6	Our faith is unshakable.	7.42		
VO_GSC_Uthrel Naas_gen7.ogg	GSC3	Magus Uthrel Naas	Genestealers	gen7	The star children beckon, but you will not witness their glory.	7.45		
VO_GSC_Uthrel Naas_greet.ogg	GSC3	Magus Uthrel Naas	Genestealers	greet	Join us and the void gods will free you from your shackles.	7.46		
VO_GSC_Uthrel Naas_hurry.ogg	GSC3	Magus Uthrel Naas	Genestealers	hurry	Make haste! Our divine masters are upon us!	7.44		
VO_GSC_Uthrel Naas_intro.ogg	GSC3	Magus Uthrel Naas	Genestealers	intro	Only those blessed by the Star Children will know real freedom.	7.42		
VO_GSC_Uthrel Naas_mirror.ogg	GSC3	Magus Uthrel Naas	Genestealers	mirror	Cleanse this world, and the heavens shall deliver their reward!	7.43		
VO_GSC_Uthrel Naas_threat.ogg	GSC3	Magus Uthrel Naas	Genestealers	threat	Join our cause or perish for your ignorance.	7.44		
VO_GSC_Uthrel Naas_vsAstraMilitarum.ogg	GSC3	Magus Uthrel Naas	Genestealers	vsastramilitarum	Had we met before, you might have joined our quest for salvation.	7.43		
VO_GSC_Uthrel Naas_vsSororitas.ogg	GSC3	Magus Uthrel Naas	Genestealers	vssororitas	You pray to a deceitful god, a fabrication to keep you under their control.	7.46		
VO_GSC_Uthrel Naas_vsSpaceMarine.ogg	GSC3	Magus Uthrel Naas	Genestealers	vsspacemarine	The false angels were never meant to protect us.	7.42		
VO_GSC_Uthrel Naas_wp.ogg	GSC3	Magus Uthrel Naas	Genestealers	wp	Such unfettered force wasted in a false errand.	7.43		
VO_Goff_Ardshell Gurk - You cant beat me git.ogg	GOF32	Ardshell Gurk	Goff	line	You can't beat me, git!	7.4	You cant beat me git	
VO_Goff_Banner Nob - Ill mount yer skull to my stick.ogg	GOF16	Banner Nob	Goff	line	Oh, maybe I stole a mistake.	7.85	Ill mount yer skull to my stick	
VO_Goff_Battlewagon - This is gonna be a bumpy ride.ogg	GOF35	Battlewagon	Goff	line	This is gonna be a bumpy ride!	7.5	This is gonna be a bumpy ride	
VO_Goff_Big Krumpaz - Get over ere and face me klaw.ogg	GOF22	Big Krumpaz	Goff	line	Get over here and face me claw!	7.42	Get over ere and face me klaw	
VO_Goff_Big Shoota Boy - More More dakka.ogg	GOF27	Big Shoota Boy	Goff	line	More! More data!	7.41	More More dakka	
VO_Goff_Bomb Squig - MUNCH.ogg	GOF6	Bomb Squig	Goff	line	*crash*	7.43	MUNCH	
VO_Goff_Boomdakka Snazzwagon - Fasta boyz We'z got lots of gits ta krump.ogg	GOF23	Boomdakka Snazzwagon	Goff	line	Faster boys! We's got lots of kids to cram!	7.45	Fasta boyz We'z got lots of gits ta krump	
VO_Goff_Burna Boy - Youz likes it hot.ogg	GOF17	Burna Boy	Goff	line	Yous, Lachy-Tox!	7.65	Youz likes it hot	
VO_Goff_Deff Dread - Iz stuck inside dis ting an dat makes me MAD.ogg	GOF33	Deff Dread	Goff	line	I'm stuck inside this thing and that makes me mad!	7.81	Iz stuck inside dis ting an dat makes me MAD	
VO_Goff_Deffgun Loota - Shootin an lootin in dat order.ogg	GOF18	Deffgun Loota	Goff	line	Shipping and living in the order.	7.66	Shootin an lootin in dat order	
VO_Goff_Deffkopta - There's no hidin from me rokkits.ogg	GOF19	Deffkopta	Goff	line	Please now hide him from me, Rockets!	7.32	There's no hidin from me rokkits	
VO_Goff_Ghazghkull_CantDo.ogg	GOF3	Ghazghkull Thraka	Goff	cantdo	Can't do.	7.67		
VO_Goff_Ghazghkull_Concede.ogg	GOF3	Ghazghkull Thraka	Goff	concede	I was going to go away for a bit. Need to get more boys.	7.41		
VO_Goff_Ghazghkull_Greet.ogg	GOF3	Ghazghkull Thraka	Goff	greet	I'm Casgo, and I'll bring great slaughter.	7.25		
VO_Goff_Ghazghkull_Hurry.ogg	GOF3	Ghazghkull Thraka	Goff	hurry	So much to punch, so little time!	7.67		
VO_Goff_Ghazghkull_Intro.ogg	GOF3	Ghazghkull Thraka	Goff	intro	I'm the hand of Gork and Mork.	7.26		
VO_Goff_Ghazghkull_Mirror.ogg	GOF3	Ghazghkull Thraka	Goff	mirror	We's gonna stomp the universe for that.	7.23		
VO_Goff_Ghazghkull_Threat.ogg	GOF3	Ghazghkull Thraka	Goff	threat	Get closer. Always hungry.	7.16		
VO_Goff_Ghazghkull_attack.ogg	GOF3	Ghazghkull Thraka	Goff	attack	Grr!	7.45		
VO_Goff_Ghazghkull_death.ogg	GOF3	Ghazghkull Thraka	Goff	death	*BRAAAAARGH*	7.67		
VO_Goff_Ghazghkull_gen1.ogg	GOF3	Ghazghkull Thraka	Goff	gen1	There's more cunning than a grot, and more killing than a dread.	7.44		
VO_Goff_Ghazghkull_gen2.ogg	GOF3	Ghazghkull Thraka	Goff	gen2	I will turn the stars green.	7.58		
VO_Goff_Ghazghkull_gen3.ogg	GOF3	Ghazghkull Thraka	Goff	gen3	Hawks need to fight like they need meat to eat.	7.37		
VO_Goff_Ghazghkull_gen4.ogg	GOF3	Ghazghkull Thraka	Goff	gen4	We's the Orcs, and we was made to fight and win!	7.75		
VO_Goff_Ghazghkull_gen5.ogg	GOF3	Ghazghkull Thraka	Goff	gen5	Our world's burning my boot piece.	7.57		
VO_Goff_Ghazghkull_gen6.ogg	GOF3	Ghazghkull Thraka	Goff	gen6	Cure yourself like you still have teeth.	7.26		
VO_Goff_Ghazghkull_gen7.ogg	GOF3	Ghazghkull Thraka	Goff	gen7	Wave to Lucky Stick, Makari! Waaaa!	7.2		
VO_Goff_Ghazghkull_vsCalgar.ogg	GOF3	Ghazghkull Thraka	Goff	vscalgar	I've been cut, crushed and stomped, and I'm still kicking.	7.57		
VO_Goff_Ghazghkull_vsCommissar.ogg	GOF3	Ghazghkull Thraka	Goff	vscommissar	This reminds me of someone.	7.59		
VO_Goff_Ghazghkull_vsKnightTitan.ogg	GOF3	Ghazghkull Thraka	Goff	vsknighttitan	SMASH THAT THING TO SCRAP BOYS!	7.54		
VO_Goff_Ghazghkull_vsMinka.ogg	GOF3	Ghazghkull Thraka	Goff	vsminka	You've seen nothing yet!	7.14		
VO_Goff_Ghazghkull_vsTBC1.ogg	GOF3	Ghazghkull Thraka	Goff	vstbc1	You thoughts is good, UV?	7.21		
VO_Goff_Ghazghkull_wp.ogg	GOF3	Ghazghkull Thraka	Goff	wp	Good enemies is hard to find.	7.23		
VO_Goff_Gorkanaut - No git can stops da fist of Gork.ogg	GOF38	Gorkanaut	Goff	line	No git can stop scaffish stuff gawk!	7.82	No git can stops da fist of Gork	
VO_Goff_Grot - Yes boss yes boss.ogg	GOF4	Grot	Goff	line	Yes, boss! Yes, boss!	7.46	Yes boss yes boss	
VO_Goff_Grot Tank - Im drivin No IM drivin.ogg	GOF4	Grot	Goff	line	I'm driving. Yeah, I'm driving.	7.5	Im drivin No IM drivin	
VO_Goff_Grukk_attack.ogg	GOF1	Grukk Face-Rippa	Goff	attack	Ruff!	8.15		
VO_Goff_Grukk_cantDo.ogg	GOF1	Grukk Face-Rippa	Goff	cantdo	Can't do that.	7.97		
VO_Goff_Grukk_concede.ogg	GOF1	Grukk Face-Rippa	Goff	concede	Don't wanna kill you just yet. Let's scrap again. Another day.	7.99		
VO_Goff_Grukk_death.ogg	GOF1	Grukk Face-Rippa	Goff	death	*BRAWR*	8.59		
VO_Goff_Grukk_gen1.ogg	GOF1	Grukk Face-Rippa	Goff	gen1	Don't you forget who's in charge.	8.04		
VO_Goff_Grukk_gen2.ogg	GOF1	Grukk Face-Rippa	Goff	gen2	Yous think you're better. Come and have a go then!	7.78		
VO_Goff_Grukk_gen3.ogg	GOF1	Grukk Face-Rippa	Goff	gen3	Me's too tough for death.	7.45		
VO_Goff_Grukk_gen4.ogg	GOF1	Grukk Face-Rippa	Goff	gen4	There's some fighting to do!	7.44		
VO_Goff_Grukk_gen5.ogg	GOF1	Grukk Face-Rippa	Goff	gen5	Here we go, here we go, here we go.	7.48		
VO_Goff_Grukk_gen6.ogg	GOF1	Grukk Face-Rippa	Goff	gen6	What gangs, what tanks, what stumpeys!	7.46		
VO_Goff_Grukk_gen7.ogg	GOF1	Grukk Face-Rippa	Goff	gen7	WOOOOOOAAAAAAA!	7.55		
VO_Goff_Grukk_greet.ogg	GOF1	Grukk Face-Rippa	Goff	greet	You better be ready!	7.47		
VO_Goff_Grukk_hurry.ogg	GOF1	Grukk Face-Rippa	Goff	hurry	I'm bored. Where's the fight heading?	7.59		
VO_Goff_Grukk_intro.ogg	GOF1	Grukk Face-Rippa	Goff	intro	Let's get some action, boys!	7.48		
VO_Goff_Grukk_mirror.ogg	GOF1	Grukk Face-Rippa	Goff	mirror	I'm ready for a scrap!	7.43		
VO_Goff_Grukk_threat.ogg	GOF1	Grukk Face-Rippa	Goff	threat	Let's see how smart you are without your head.	7.53		
VO_Goff_Grukk_vsAbaddon.ogg	GOF1	Grukk Face-Rippa	Goff	vsabaddon	Crush them spiky lads, boys!	7.65		
VO_Goff_Grukk_vsNemesor.ogg	GOF1	Grukk Face-Rippa	Goff	vsnemesor	We got Bop Boys here! Time for some good scrapping!	8.19		
VO_Goff_Grukk_vsTyranid.ogg	GOF1	Grukk Face-Rippa	Goff	vstyranid	Bug boys are back on the menu, lads!	8.14		
VO_Goff_Grukk_vsUM.ogg	GOF1	Grukk Face-Rippa	Goff	vsum	Take them blue helmets, boys. They bring good orky luck.	7.69		
VO_Goff_Grukk_wp.ogg	GOF1	Grukk Face-Rippa	Goff	wp	You got a lot of orky know-whats.	7.58		
VO_Goff_Gunwagon - Big dakka's da bestest dakka.ogg	GOF36	Gunwagon	Goff	line	Big Deckers the besties, Naka!	7.45	Big dakka's da bestest dakka	
VO_Goff_Hornhelmz Boy - Charge em boyz jus like der Horned Bull.ogg	GOF12	Hornhelmz Boy	Goff	line	Charge him, boys! Just like the hornbow!	7.5	Charge em boyz jus like der Horned Bull	
VO_Goff_Killa Kan - Which button makes this fing go.ogg	GOF24	Killa Kan	Goff	line	Whispower makes this thing go!	7.44	Which button makes this fing go	
VO_Goff_Kommando - Shut yer gobs time ta get all sneakylike.ogg	GOF34	Kommando	Goff	line	Shut your gums! Time to get all sneaky-like.	7.59	Shut yer gobs time ta get all sneakylike	
VO_Goff_Makari - Ready for fightin boss.ogg	GOF5	Makari the Grot	Goff	line	Ready for fighting, boss!	7.45	Ready for fightin boss	
VO_Goff_Meganob Ugrak - Make Gork proud boyz.ogg	GOF28	Meganob Ugrak	Goff	line	My Gulp Pryor Boys.	9.59	Make Gork proud boyz	
VO_Goff_Mekboy Gazmek-Orks are da best at scrappin.ogg	GOF25	Mekboy Gazmek	Goff	line	Orcs are the best at scrapping.	8.11		
VO_Goff_Ork Boy - Oo wantz ta taste me choppa first.ogg	GOF7	Ork Boy	Goff	line	Who wants to taste me chopper first?	7.54	Oo wantz ta taste me choppa first	
VO_Goff_Ork Nob - Orkz is made fer two fings only fightin and winnin.ogg	GOF20	Ork Nob	Goff	line	Orcs is made for two things only: fighting and winning!	7.48	Orkz is made fer two fings only fightin and winnin	
VO_Goff_Painboy Sniklaw - Thisll hurt you more than it hurts me.ogg	GOF26	PainBoy Sniklaw	Goff	line	It'll hurt you more than it'll hurt me.	7.56	Thisll hurt you more than it hurts me	
VO_Goff_Rukkatrukk Squigbuggy_Go lil' chompa Do yer fing.ogg	GOF29	Rukkatrukk Squigbuggy	Goff	line	Go, little chumpa. Do your thing.	9.29		
VO_Goff_Shoota Boy - Orky dakka is dead killy.ogg	GOF13	Shoota Boy	Goff	line	Walkie dacca is dead, Killy.	7.87	Orky dakka is dead killy	
VO_Goff_Skarboy Nob - Watch that stupid gob of yours.ogg	GOF21	Skarboy Nob	Goff	line	Watch that stupid gob of yours.	7.42	Watch that stupid gob of yours	
VO_Goff_Slugga Boy - Stop movin Iz want ta hit yereds.ogg	GOF8	Slugga Boy	Goff	line	Stop moving! I just want to hit your head!	7.46	Stop movin Iz want ta hit yereds	
VO_Goff_Spanner - Still not workin Den I hitz it arder.ogg	GOF14	Ork Spanner	Goff	line	Still not working. Then I hit it harder.	7.48	Still not workin Den I hitz it arder	
VO_Goff_Stompa - STOMP.ogg	GOF39	Stompa	Goff	line	*gunshot*	7.55	STOMP	
VO_Goff_Stormboy - Once Iz get goin there aint no stoppin.ogg	GOF9	Stormboy	Goff	line	Once all gets going, there ain't no storming!	7.47	Once Iz get goin there aint no stoppin	
VO_Goff_Tankbusta - Saved me boomiest rokkit just fer you.ogg	GOF30	Tankbusta	Goff	line	Save me boomiest rocket just for you.	7.51	Saved me boomiest rokkit just fer you	
VO_Goff_Veteran Stormboy - Are you ready to go boom.ogg	GOF9	Stormboy	Goff	line	Are you ready? I go boom!	7.45	Are you ready to go boom	
VO_Goff_Warbiker - Dont fink youz can outrunz me.ogg	GOF15	Warbiker	Goff	line	Don't think you can outfudge me!	7.44	Dont fink youz can outrunz me	
VO_Goff_Zagstruk_attack.ogg	GOF2	Boss Zagstruk	Goff	attack	*Gh*	7.49		
VO_Goff_Zagstruk_cantDo.ogg	GOF2	Boss Zagstruk	Goff	cantdo	Can't do that!	7.94		
VO_Goff_Zagstruk_concede.ogg	GOF2	Boss Zagstruk	Goff	concede	We'll be back for more!	7.73		
VO_Goff_Zagstruk_death.ogg	GOF2	Boss Zagstruk	Goff	death	AHHHHH!	8.15		
VO_Goff_Zagstruk_gen1.ogg	GOF2	Boss Zagstruk	Goff	gen1	If we win, we win! If we die, we fight! That don't count!	7.85		
VO_Goff_Zagstruk_gen2.ogg	GOF2	Boss Zagstruk	Goff	gen2	Who's the boss?	7.83		
VO_Goff_Zagstruk_gen3.ogg	GOF2	Boss Zagstruk	Goff	gen3	RAVENGE JOBS THE OAKS!	7.66		
VO_Goff_Zagstruk_gen4.ogg	GOF2	Boss Zagstruk	Goff	gen4	Drop on them like bombs, boys!	7.65		
VO_Goff_Zagstruk_gen5.ogg	GOF2	Boss Zagstruk	Goff	gen5	Good shooing. Last hour for some chobbing.	7.78		
VO_Goff_Zagstruk_gen6.ogg	GOF2	Boss Zagstruk	Goff	gen6	Not clever that mate! You's made me angry!	7.76		
VO_Goff_Zagstruk_gen7.ogg	GOF2	Boss Zagstruk	Goff	gen7	Too many bad ins alive! Well, that's easy to fix!	7.73		
VO_Goff_Zagstruk_greet.ogg	GOF2	Boss Zagstruk	Goff	greet	"""Gaverage on Gloria!"""	7.8		
VO_Goff_Zagstruk_hurry.ogg	GOF2	Boss Zagstruk	Goff	hurry	*Gasps* The Amogis Probataff!	7.97		
VO_Goff_Zagstruk_intro.ogg	GOF2	Boss Zagstruk	Goff	intro	DEATH FROM ABOVE!	7.72		
VO_Goff_Zagstruk_mirror.ogg	GOF2	Boss Zagstruk	Goff	mirror	Land with your boots first, boys!	7.71		
VO_Goff_Zagstruk_threat.ogg	GOF2	Boss Zagstruk	Goff	threat	Yes goals going right on me pointy stick.	7.74		
VO_Goff_Zagstruk_vsTBC2.ogg	GOF2	Boss Zagstruk	Goff	vstbc2	May the barons all crammed and stomped.	7.73		
VO_Goff_Zagstruk_vsTBC3.ogg	GOF2	Boss Zagstruk	Goff	vstbc3	Fight all you want or crumb your either way, dick!	7.73		
VO_Goff_Zagstruk_vsTBC4.ogg	GOF2	Boss Zagstruk	Goff	vstbc4	My claws are made for chewing, and that's just what they'll do.	7.75		
VO_Goff_Zagstruk_wp.ogg	GOF2	Boss Zagstruk	Goff	wp	Ha! Very ugly that was!	7.74		
VO_Ork_Beast Snagga Boy - I'z gonna rip you ta bits! (Andrew).ogg	GOF78	Beast Snagga Boy	Goff	line	Ozzy's gonna rip you to bits!	7.72	I'z gonna rip you ta bits!	
VO_Ork_Beast Snagga Nob - Where's da biggest trophy_! (Andrew).ogg	GOF81	Beast Snagga Nob	Goff	line	Where's the biggest trophy?	7.67	Where's da biggest trophy_!	
VO_Ork_Beastboss Morgrim_attack.ogg	GOF75	Beastboss Morgrim	Goff	attack	*Gah*	7.76		
VO_Ork_Beastboss Morgrim_cantDo.ogg	GOF75	Beastboss Morgrim	Goff	cantdo	What's happening?	7.71		
VO_Ork_Beastboss Morgrim_concede.ogg	GOF75	Beastboss Morgrim	Goff	concede	This was too much for us!	7.73		
VO_Ork_Beastboss Morgrim_death.ogg	GOF75	Beastboss Morgrim	Goff	death	*Groan*	7.76		
VO_Ork_Beastboss Morgrim_gen1.ogg	GOF75	Beastboss Morgrim	Goff	gen1	Me squeak's got your git in his eye!	7.77		
VO_Ork_Beastboss Morgrim_gen2.ogg	GOF75	Beastboss Morgrim	Goff	gen2	Ha! That is gonna be scrambled!	7.61		
VO_Ork_Beastboss Morgrim_gen3.ogg	GOF75	Beastboss Morgrim	Goff	gen3	Next one better put up a good scrap.	7.46		
VO_Ork_Beastboss Morgrim_gen4.ogg	GOF75	Beastboss Morgrim	Goff	gen4	You fight like a teethless squig!	7.49		
VO_Ork_Beastboss Morgrim_gen5.ogg	GOF75	Beastboss Morgrim	Goff	gen5	Hold your trap or I'll claw it off!	7.51		
VO_Ork_Beastboss Morgrim_gen6.ogg	GOF75	Beastboss Morgrim	Goff	gen6	Hold still! I was trying to chop ya!	9.82		
VO_Ork_Beastboss Morgrim_gen7.ogg	GOF75	Beastboss Morgrim	Goff	gen7	Where's my squeaking straw? Why's I walking?	9.16		
VO_Ork_Beastboss Morgrim_greet.ogg	GOF75	Beastboss Morgrim	Goff	greet	Hope you got some meat on ya!	7.51		
VO_Ork_Beastboss Morgrim_hurry.ogg	GOF75	Beastboss Morgrim	Goff	hurry	No more thinking! There's chopping to do!	7.57		
VO_Ork_Beastboss Morgrim_intro.ogg	GOF75	Beastboss Morgrim	Goff	intro	If I can't find a good hunt, I'm making one!	7.54		
VO_Ork_Beastboss Morgrim_mirror.ogg	GOF75	Beastboss Morgrim	Goff	mirror	Time to bag me a big one!	7.71		
VO_Ork_Beastboss Morgrim_threat.ogg	GOF75	Beastboss Morgrim	Goff	threat	You did make it!	7.34		
VO_Ork_Beastboss Morgrim_vsAstraMilitarum.ogg	GOF75	Beastboss Morgrim	Goff	vsastramilitarum	The humans always think they're smart, and then they get crumped!	7.99		
VO_Ork_Beastboss Morgrim_vsDarkAngels.ogg	GOF75	Beastboss Morgrim	Goff	vsdarkangels	You think wearing green makes you tough? I'll show you what's what.	7.99		
VO_Ork_Beastboss Morgrim_vsMozrog.ogg	GOF75	Beastboss Morgrim	Goff	vsmozrog	We could get a proper feast out of that squig.	8.03		
VO_Ork_Beastboss Morgrim_vsShadowsun.ogg	GOF75	Beastboss Morgrim	Goff	vsshadowsun	Special suits? We'll give them a good crump in anyway.	7.92		
VO_Ork_Beastboss Morgrim_vsTyranids.ogg	GOF75	Beastboss Morgrim	Goff	vstyranids	More bugsies! Even crotch won't eat that!	7.87		
VO_Ork_Beastboss Morgrim_wp.ogg	GOF75	Beastboss Morgrim	Goff	wp	This one's proper killy, boys.	7.85		
VO_Ork_Beastboss on Squigosaur - Da hunt is on! Waaagh! (Andrew).ogg	GOF90	Beastboss on Squigosaur	Goff	line	Da Hunt Asian!	7.84	Da hunt is on! Waaagh!	
VO_Ork_Gargantuan Squiggoth - Mighty bellow (SFX).ogg	GOF96	Gargantuan Squiggoth	Goff	line	*BOOM*	7.91	Mighty bellow	
VO_Ork_Goff_Big Choppa Nob - I'z gonna rip da world in ’arf.ogg	GOF_Big_Choppa_Nob	Big Choppa Nob	Goff	line	I was gonna rip the world it off!	8.14	I'z gonna rip da world in ’arf	
VO_Ork_Goff_Boss Nob - Yer face is callin' fer a good klawin'.ogg	GOF_Boss_Nob	Boss Nob	Goff	line	Your face is going for a good clawing.	8.46	Yer face is callin' fer a good klawin'	
VO_Ork_Goff_Gordrang_Backup1.ogg	GOF_Warboss_Gordrang	Warboss Gordrang	Goff	backup1	We're gonna trap the galaxy!	8.66		
VO_Ork_Goff_Gordrang_Backup2.ogg	GOF_Warboss_Gordrang	Warboss Gordrang	Goff	backup2	Even filthy gruts is more cunning than you!	7.96		
VO_Ork_Goff_Gordrang_Backup3.ogg	GOF_Warboss_Gordrang	Warboss Gordrang	Goff	backup3	You're gonna stomp your face!	7.48		
VO_Ork_Goff_Gordrang_Backup4.ogg	GOF_Warboss_Gordrang	Warboss Gordrang	Goff	backup4	Now they all shoot me, bitch, who get past me over!	7.59		
VO_Ork_Goff_Gordrang_Backup6.ogg	GOF_Warboss_Gordrang	Warboss Gordrang	Goff	backup6	No fighting! We had some stomping!	7.61		
VO_Ork_Goff_Gordrang_attack.ogg	GOF_Warboss_Gordrang	Warboss Gordrang	Goff	attack	Blech!	7.73		
VO_Ork_Goff_Gordrang_cantDo.ogg	GOF_Warboss_Gordrang	Warboss Gordrang	Goff	cantdo	No can do, boss.	8.39		
VO_Ork_Goff_Gordrang_concede.ogg	GOF_Warboss_Gordrang	Warboss Gordrang	Goff	concede	Hawks is never beaten!	8.05		
VO_Ork_Goff_Gordrang_death.ogg	GOF_Warboss_Gordrang	Warboss Gordrang	Goff	death	*Rawr*	9.27		
VO_Ork_Goff_Gordrang_gen1.ogg	GOF_Warboss_Gordrang	Warboss Gordrang	Goff	gen1	Stomp him, Gets! Then chop him! Then stomp him again!	7.82		
VO_Ork_Goff_Gordrang_gen2.ogg	GOF_Warboss_Gordrang	Warboss Gordrang	Goff	gen2	Folks ain't afraid of nothing!	7.8		
VO_Ork_Goff_Gordrang_gen3.ogg	GOF_Warboss_Gordrang	Warboss Gordrang	Goff	gen3	Most of the land is our strong old job.	7.68		
VO_Ork_Goff_Gordrang_gen4.ogg	GOF_Warboss_Gordrang	Warboss Gordrang	Goff	gen4	Haha! Worst life! Good scrat!	7.69		
VO_Ork_Goff_Gordrang_gen5.ogg	GOF_Warboss_Gordrang	Warboss Gordrang	Goff	gen5	Oi, git! No muckin' about!	7.76		
VO_Ork_Goff_Gordrang_gen6.ogg	GOF_Warboss_Gordrang	Warboss Gordrang	Goff	gen6	We was born to fight and win!	7.82		
VO_Ork_Goff_Gordrang_gen7.ogg	GOF_Warboss_Gordrang	Warboss Gordrang	Goff	gen7	The bigger, the more, the better!	7.7		
VO_Ork_Goff_Gordrang_greet.ogg	GOF_Warboss_Gordrang	Warboss Gordrang	Goff	greet	Ha ha ha! You looks like some decent practice!	7.7		
VO_Ork_Goff_Gordrang_hurry.ogg	GOF_Warboss_Gordrang	Warboss Gordrang	Goff	hurry	We need to fight!	7.68		
VO_Ork_Goff_Gordrang_intro.ogg	GOF_Warboss_Gordrang	Warboss Gordrang	Goff	intro	Let's stop them good, lads!	7.74		
VO_Ork_Goff_Gordrang_mirror.ogg	GOF_Warboss_Gordrang	Warboss Gordrang	Goff	mirror	There's only room for one boss here.	7.81		
VO_Ork_Goff_Gordrang_threat.ogg	GOF_Warboss_Gordrang	Warboss Gordrang	Goff	threat	Me chopper is angry for your head!	7.82		
VO_Ork_Goff_Gordrang_vsAbaddon.ogg	GOF_Warboss_Gordrang	Warboss Gordrang	Goff	vsabaddon	You Spunky boys want a proper scrap? Come on then!	7.76		
VO_Ork_Goff_Gordrang_vsEliac.ogg	GOF_Warboss_Gordrang	Warboss Gordrang	Goff	vseliac	Oi! None of them tricks! You stay still, short and cramp ya!	7.79		
VO_Ork_Goff_Gordrang_vsGhazghkull.ogg	GOF_Warboss_Gordrang	Warboss Gordrang	Goff	vsghazghkull	Let's see if you is as hard as I say you are.	7.74		
VO_Ork_Goff_Gordrang_vsOMaisos.ogg	GOF_Warboss_Gordrang	Warboss Gordrang	Goff	vsomaisos	Let's see if your special suits can handle a good cramping!	7.95		
VO_Ork_Goff_Gordrang_wp.ogg	GOF_Warboss_Gordrang	Warboss Gordrang	Goff	wp	I sees you cunning and brutal.	8.02		
VO_Ork_Goff_Krumpaklaw - I'z chop ya like yer dead meat.ogg	GOF_Krumpaklaw	Krumpaklaw	Goff	line	I'll chop you like you dead meat!	7.97	I'z chop ya like yer dead meat	
VO_Ork_Goff_Megablasta Deffkopta - Ere comes da show-stoppa.ogg	GOF19	Deffkopta	Goff	line	Here comes the showstopper!	7.71	Ere comes da show-stoppa	
VO_Ork_Goff_Rokkit Boy - Da only fing betta than dakka are boomy rokkits.ogg	GOF_Rokkit_Boy	Rokkit Boy	Goff	line	The only thing better than DACA are boomy rockets.	7.74	Da only fing betta than dakka are boomy rokkits	
VO_Ork_Goff_Stikkboy - No time for finkin' only time for krumpin'.ogg	GOF_Stikkbomb_Boy	Stikkbomb Boy	Goff	line	No time for thinking, only time for cramping.	7.82	No time for finkin' only time for krumpin'	
VO_Ork_Grot Orderly - Here boss I'z going back for more! (Andrew).ogg	GOF79	Grot Orderly	Goff	line	Here, boss. I was going back for more.	12.39	Here boss I'z going back for more!	
VO_Ork_Grot on Bombsquig - Da boss always gots da best ideas! (Andrew).ogg	GOF82	Grot on Bombsquig	Goff	line	The boss always gots the best ideas!	29.65	Da boss always gots da best ideas!	
VO_Ork_Hunta Rig - Load up da boyz we'z got huntin' ta do! (Joey).ogg	GOF92	Hunta Rig	Goff	line	Load up the boys, we's got hunting to do.	20.23	Load up da boyz we'z got huntin' ta do!	
VO_Ork_Kill Rig - Da wurrboy guids us ta do da best huntin! (Andrew).ogg	GOF94	Kill Rig	Goff	line	The War Boy guides us to do the best hunting.	16.14	Da wurrboy guids us ta do da best huntin!	
VO_Ork_Mozrog Skragbad_attack.ogg	GOF76	Mozrog Skragbad	Goff	attack	RUH!	9.98		
VO_Ork_Mozrog Skragbad_cantDo.ogg	GOF76	Mozrog Skragbad	Goff	cantdo	No can do!	9.63		
VO_Ork_Mozrog Skragbad_concede.ogg	GOF76	Mozrog Skragbad	Goff	concede	Me squigs are better company.	9.54		
VO_Ork_Mozrog Skragbad_death.ogg	GOF76	Mozrog Skragbad	Goff	death	BLEW!	9.94		
VO_Ork_Mozrog Skragbad_gen1.ogg	GOF76	Mozrog Skragbad	Goff	gen1	Me gut rippers getting thirsty!	9.39		
VO_Ork_Mozrog Skragbad_gen2.ogg	GOF76	Mozrog Skragbad	Goff	gen2	Me's tougher than a rock squig!	9.17		
VO_Ork_Mozrog Skragbad_gen3.ogg	GOF76	Mozrog Skragbad	Goff	gen3	That's gonna make some good trophy.	9.1		
VO_Ork_Mozrog Skragbad_gen4.ogg	GOF76	Mozrog Skragbad	Goff	gen4	WAAAAAAA!	9.22		
VO_Ork_Mozrog Skragbad_gen5.ogg	GOF76	Mozrog Skragbad	Goff	gen5	What? I wasn't listening.	8.67		
VO_Ork_Mozrog Skragbad_gen6.ogg	GOF76	Mozrog Skragbad	Goff	gen6	Wey's gonna swallow ya ho!	8.33		
VO_Ork_Mozrog Skragbad_gen7.ogg	GOF76	Mozrog Skragbad	Goff	gen7	We ain't here to muck about! Do your thing!	7.96		
VO_Ork_Mozrog Skragbad_greet.ogg	GOF76	Mozrog Skragbad	Goff	greet	You're just in the way of me prey.	7.84		
VO_Ork_Mozrog Skragbad_hurry.ogg	GOF76	Mozrog Skragbad	Goff	hurry	Just stop some git!	7.81		
VO_Ork_Mozrog Skragbad_intro.ogg	GOF76	Mozrog Skragbad	Goff	intro	Me prey's close. I can smell it.	7.83		
VO_Ork_Mozrog Skragbad_mirror.ogg	GOF76	Mozrog Skragbad	Goff	mirror	That one's got some mighty teeth. For now.	7.83		
VO_Ork_Mozrog Skragbad_threat.ogg	GOF76	Mozrog Skragbad	Goff	threat	Big Chopper's guts is a-rumbling.	7.85		
VO_Ork_Mozrog Skragbad_vsBL.ogg	GOF76	Mozrog Skragbad	Goff	vsbl	Big Chomper, it usual. Spikes it all.	7.84		
VO_Ork_Mozrog Skragbad_vsMorgrim.ogg	GOF76	Mozrog Skragbad	Goff	vsmorgrim	Only meat getting chomped here is yours if you don't quit flapping, you gob!	8.02		
VO_Ork_Mozrog Skragbad_vsSwarmlord.ogg	GOF76	Mozrog Skragbad	Goff	vsswarmlord	The bigger they are, the hard-await chump.	15.74		
VO_Ork_Mozrog Skragbad_vsTervigon.ogg	GOF76	Mozrog Skragbad	Goff	vstervigon	Bet that one don't put up a good fight!	8.15		
VO_Ork_Mozrog Skragbad_vsUM.ogg	GOF76	Mozrog Skragbad	Goff	vsum	Oi, big chomper! Your gut's getting lucky!	12.07		
VO_Ork_Mozrog Skragbad_wp.ogg	GOF76	Mozrog Skragbad	Goff	wp	Heh, not too bad for a git.	7.88		
VO_Ork_Nob on Smasha Squig - Fasta! 'Dis one's gonna get messy (Andrew).ogg	GOF87	Nob on Smasha Squig	Goff	line	Faster! This one's gonna get messy!	7.86	Fasta! 'Dis one's gonna get messy	
VO_Ork_Painboss - Shut yer gob or I'z smack you with yer own bits! (Andrew).ogg	GOF93	Painboss	Goff	line	Suck your gob or I'll smack you with your own bits!	7.86	Shut yer gob or I'z smack you with yer own bits!	
VO_Ork_Runtherd - If ya ain't bitin' ya ain't worth keepin'! (Andrew).ogg	GOF83	Runtherd	Goff	line	If you ain't biting, you ain't worth keeping.	7.84	If ya ain't bitin' ya ain't worth keepin'!	
VO_Ork_Snakebite Battlewagon - Da biggest wheels get da biggest kills! (Andrew).ogg	GOF95	Snakebite Battlewagon	Goff	line	The biggest wheels get the biggest kills!	8.29	Da biggest wheels get da biggest kills!	
VO_Ork_Snakebite Grot - C'mon you lot! Da boss needs us! (Andrew).ogg	GOF77	Snakebite Grot	Goff	line	Come on, you lot! The boss needs us!	7.73	C'mon you lot! Da boss needs us!	
VO_Ork_Snakebite Nob - No zoggin' tricks just proper choppin'! (Joey).ogg	GOF84	Snakebite Nob	Goff	line	No soggy tricks! Just proper chopping!	7.65	No zoggin' tricks just proper choppin'!	
VO_Ork_Squighog Boy - Me squig's noggin's 'arder dan yours! (Andrew).ogg	GOF78	Beast Snagga Boy	Goff	line	My Squig's nogging's harder than yours.	7.86	Me squig's noggin's 'arder dan yours!	
VO_Ork_Thump Gun Beast Snagga - Diz is gonna hurt! (Andrew).ogg	GOF80	Thump Gun Beast Snagga	Goff	line	This is gonna hurt!	7.84	Diz is gonna hurt!	
VO_Ork_Unleashed Tramplasquig - Bestial roar (SFX).ogg	GOF85	Unleashed TramplaSquig	Goff	line	*Gunshot*	7.98	Bestial roar	
VO_Ork_Weridboy - Me skull's a-buzzin' You'z gettin' da zzap! (Andrew).ogg	GOF91	Weirdboy	Goff	line	My skulls are buzzing. You's getting to zap.	8.58	Me skull's a-buzzin' You'z gettin' da zzap!	
VO_Ork_Wurrboy - Da Waaagh's in me bones! Come an 'ave a taste! (Andrew).ogg	GOF89	Wurrboy	Goff	line	The war's in me bones. Come and have a taste.	8.75	Da Waaagh's in me bones! Come an 'ave a taste!	
VO_Ork_Zodgrod Wortsnagga - Me grots’ll show ya gitz how ta fight! (Joey).ogg	GOF86	Zodgrod Wortsnagga	Goff	line	Me grots will show you gits how to fight!	8.32	Me grots’ll show ya gitz how ta fight!	
VO_SaimHann_Anvirr_attack.ogg	ASH1	Anvirr Keltoc	SaimHann	attack	Yeah!	8.63		generic
VO_SaimHann_Anvirr_cant.ogg	ASH1	Anvirr Keltoc	SaimHann	cantdo	I cannot do that.	8.52		
VO_SaimHann_Anvirr_concede.ogg	ASH1	Anvirr Keltoc	SaimHann	concede	Come warriors, our salvation lies not here.	8.5		
VO_SaimHann_Anvirr_death.ogg	ASH1	Anvirr Keltoc	SaimHann	death	*cough*	8.34		
VO_SaimHann_Anvirr_gen1.ogg	ASH1	Anvirr Keltoc	SaimHann	gen1	Although stained red, I must walk this path.	8.06		
VO_SaimHann_Anvirr_gen2.ogg	ASH1	Anvirr Keltoc	SaimHann	gen2	I could not be broken before and I will not be broken now.	7.83		
VO_SaimHann_Anvirr_gen3.ogg	ASH1	Anvirr Keltoc	SaimHann	gen3	Each one of your vile deeds begets a dire consequence.	7.8		
VO_SaimHann_Anvirr_gen4.ogg	ASH1	Anvirr Keltoc	SaimHann	gen4	There is always a way. I always find it.	7.59		
VO_SaimHann_Anvirr_gen5.ogg	ASH1	Anvirr Keltoc	SaimHann	gen5	Never engage in a battle if you have not seen the outcome.	7.72		
VO_SaimHann_Anvirr_gen6.ogg	ASH1	Anvirr Keltoc	SaimHann	gen6	I know what it is to lose everything, and I shall not falter.	8.37		
VO_SaimHann_Anvirr_gen7.ogg	ASH1	Anvirr Keltoc	SaimHann	gen7	You walk a path that leads to your own ruin.	8.18		
VO_SaimHann_Anvirr_greet.ogg	ASH1	Anvirr Keltoc	SaimHann	greet	The strands of fate have guided me to this place.	8.12		
VO_SaimHann_Anvirr_hurry.ogg	ASH1	Anvirr Keltoc	SaimHann	hurry	Time is our enemy.	8.05		
VO_SaimHann_Anvirr_intro.ogg	ASH1	Anvirr Keltoc	SaimHann	intro	The hour of blood and clashing blades has come.	8.07		
VO_SaimHann_Anvirr_mirror.ogg	ASH1	Anvirr Keltoc	SaimHann	mirror	I am tested time and time again, and yet I prevail.	8.25		
VO_SaimHann_Anvirr_threat.ogg	ASH1	Anvirr Keltoc	SaimHann	threat	Your doom is close. I have foreseen it.	8.05		
VO_SaimHann_Anvirr_vsCalgar.ogg	ASH1	Anvirr Keltoc	SaimHann	vscalgar	Your kind still has many crimes to answer for.	9.1		
VO_SaimHann_Anvirr_vsHexscorn.ogg	ASH1	Anvirr Keltoc	SaimHann	vshexscorn	Your very presence corrupts that which lies beyond the veil.	9.14		
VO_SaimHann_Anvirr_vsOrikan.ogg	ASH1	Anvirr Keltoc	SaimHann	vsorikan	You think you can divine the truth, but you see only lies.	8.43		
VO_SaimHann_Anvirr_vsZephyrblade.ogg	ASH1	Anvirr Keltoc	SaimHann	vszephyrblade	Retribution will come, but we must first assure our survival.	8.38		
VO_SaimHann_Anvirr_wp.ogg	ASH1	Anvirr Keltoc	SaimHann	wp	I did not anticipate your success.	8.52		
VO_SaimHann_Ghaelyn_attack.ogg	ASH5	Medreyal Ghaelyn	SaimHann	attack	Ugh!	8.05		
VO_SaimHann_Ghaelyn_cantDo.ogg	ASH5	Medreyal Ghaelyn	SaimHann	cantdo	This cannot be done.	7.81		
VO_SaimHann_Ghaelyn_concede.ogg	ASH5	Medreyal Ghaelyn	SaimHann	concede	The schemes of fate are treacherous this day.	7.79		
VO_SaimHann_Ghaelyn_death.ogg	ASH5	Medreyal Ghaelyn	SaimHann	death	Ugh!	7.77		
VO_SaimHann_Ghaelyn_gen1.ogg	ASH5	Medreyal Ghaelyn	SaimHann	gen1	I will not let this sanctuary be corrupted.	7.79		
VO_SaimHann_Ghaelyn_gen2.ogg	ASH5	Medreyal Ghaelyn	SaimHann	gen2	My life has been spent preparing for this.	7.79		
VO_SaimHann_Ghaelyn_gen3.ogg	ASH5	Medreyal Ghaelyn	SaimHann	gen3	You are interlopers, and you will be repelled.	7.84		
VO_SaimHann_Ghaelyn_gen4.ogg	ASH5	Medreyal Ghaelyn	SaimHann	gen4	If you seek to anger me, you have failed.	7.76		
VO_SaimHann_Ghaelyn_gen5.ogg	ASH5	Medreyal Ghaelyn	SaimHann	gen5	A swift assault is the best approach.	7.53		
VO_SaimHann_Ghaelyn_gen6.ogg	ASH5	Medreyal Ghaelyn	SaimHann	gen6	The Farseers guide my hand this day.	7.71		
VO_SaimHann_Ghaelyn_gen7.ogg	ASH5	Medreyal Ghaelyn	SaimHann	gen7	When the craft worlds unite, we will prevail.	7.71		
VO_SaimHann_Ghaelyn_greet.ogg	ASH5	Medreyal Ghaelyn	SaimHann	greet	Ready to face the might of the Saimhan.	7.72		
VO_SaimHann_Ghaelyn_hurry.ogg	ASH5	Medreyal Ghaelyn	SaimHann	hurry	We must hurry.	7.7		
VO_SaimHann_Ghaelyn_intro.ogg	ASH5	Medreyal Ghaelyn	SaimHann	intro	Cleanse this place. We must protect the craft world.	7.73		
VO_SaimHann_Ghaelyn_mirror.ogg	ASH5	Medreyal Ghaelyn	SaimHann	mirror	Travelling the web way brings many surprises.	7.71		
VO_SaimHann_Ghaelyn_threat.ogg	ASH5	Medreyal Ghaelyn	SaimHann	threat	Silent and unseen, I will bring your life to its end.	7.71		
VO_SaimHann_Ghaelyn_vs_Eliac.ogg	ASH5	Medreyal Ghaelyn	SaimHann	line	I will hold nothing back.	7.73		
VO_SaimHann_Ghaelyn_vs_Haarken.ogg	ASH5	Medreyal Ghaelyn	SaimHann	line	You will never know peace, abomination.	7.68		
VO_SaimHann_Ghaelyn_vs_Tyranids.ogg	ASH5	Medreyal Ghaelyn	SaimHann	line	These soulless abominations will devour all.	7.7		
VO_SaimHann_Ghaelyn_wp.ogg	ASH5	Medreyal Ghaelyn	SaimHann	wp	You have presented an unforeseen challenge.	7.69		
VO_SaimHann_Zephyrblade_attack.ogg	ASH3	Eliac Zephyrblade	SaimHann	attack	Hyah!	8.03		
VO_SaimHann_Zephyrblade_cantDo.ogg	ASH3	Eliac Zephyrblade	SaimHann	cantdo	I cannot do this.	7.75		
VO_SaimHann_Zephyrblade_concede.ogg	ASH3	Eliac Zephyrblade	SaimHann	concede	I must leave now, but this is not the end.	7.88		
VO_SaimHann_Zephyrblade_death.ogg	ASH3	Eliac Zephyrblade	SaimHann	death	Gah!	7.78		
VO_SaimHann_Zephyrblade_gen1.ogg	ASH3	Eliac Zephyrblade	SaimHann	gen1	Strike and fade, wild riders, just like the serpent.	7.76		
VO_SaimHann_Zephyrblade_gen2.ogg	ASH3	Eliac Zephyrblade	SaimHann	gen2	How can you hope to fight against what you can't hit?	7.86		
VO_SaimHann_Zephyrblade_gen3.ogg	ASH3	Eliac Zephyrblade	SaimHann	gen3	Try to keep up with me.	7.81		
VO_SaimHann_Zephyrblade_gen4.ogg	ASH3	Eliac Zephyrblade	SaimHann	gen4	I am as the wind.	7.69		
VO_SaimHann_Zephyrblade_gen5.ogg	ASH3	Eliac Zephyrblade	SaimHann	gen5	We bring death from above as Cain's spear did before.	7.72		
VO_SaimHann_Zephyrblade_gen6.ogg	ASH3	Eliac Zephyrblade	SaimHann	gen6	I fight to reclaim what is ours.	7.71		
VO_SaimHann_Zephyrblade_gen7.ogg	ASH3	Eliac Zephyrblade	SaimHann	gen7	Delay brings only ruin. We must strike!	7.73		
VO_SaimHann_Zephyrblade_greet.ogg	ASH3	Eliac Zephyrblade	SaimHann	greet	Let the dance of death begin.	7.68		
VO_SaimHann_Zephyrblade_hurry.ogg	ASH3	Eliac Zephyrblade	SaimHann	hurry	It's now or never.	7.65		
VO_SaimHann_Zephyrblade_intro.ogg	ASH3	Eliac Zephyrblade	SaimHann	intro	I am the master of the skies.	7.7		
VO_SaimHann_Zephyrblade_mirror.ogg	ASH3	Eliac Zephyrblade	SaimHann	mirror	I will achieve victory at all costs.	7.69		
VO_SaimHann_Zephyrblade_threat.ogg	ASH3	Eliac Zephyrblade	SaimHann	threat	I promise a quick end to your struggles.	7.69		
VO_SaimHann_Zephyrblade_vsGhaelyn.ogg	ASH3	Eliac Zephyrblade	SaimHann	vsghaelyn	Let's see how your spear fights for our craft world.	7.74		
VO_SaimHann_Zephyrblade_vsKeltoc.ogg	ASH3	Eliac Zephyrblade	SaimHann	vskeltoc	How can you join those who stabbed us in the back?	7.74		
VO_SaimHann_Zephyrblade_vsZagstruk.ogg	ASH3	Eliac Zephyrblade	SaimHann	vszagstruk	Wild riders, purge the green vermin from the skies!	7.75		
VO_SaimHann_Zephyrblade_wp.ogg	ASH3	Eliac Zephyrblade	SaimHann	wp	This battle is more interesting than I thought.	7.74		
VO_Sautekh_Annihilation Barge - Obliteration protocols activated.ogg	SAU74	Annihilation Barge	Sautekh	line	Obliteration protocols activated.	7.73	Obliteration protocols activated	
VO_Sautekh_Annihilation Barge - Your doom is inevitable.ogg	SAU74	Annihilation Barge	Sautekh	line	Your doom is inevitable.	7.91	Your doom is inevitable	
VO_Sautekh_Canoptek Plasmacyte - whirr whirr.ogg	SAU8	Canoptek Plasmacyte	Sautekh	line	.	7.76	whirr whirr	
VO_Sautekh_Canoptek Reanimator - Reanimate.ogg	SAU25	Canoptek Reanimator	Sautekh	line	REANIMATE!	7.71	Reanimate	
VO_Sautekh_Canoptek Scarab - Skitter skitter.ogg	SAU7	Canoptek Scarab	Sautekh	line		7.77	Skitter skitter	halluc
VO_Sautekh_Canoptek Spyder - hiss click tap.ogg	SAU19	Canoptek Spyder	Sautekh	line	*thud*	7.82	hiss click tap	
VO_Sautekh_Canoptek Wraith - rustle.ogg	SAU13	Canoptek Wraith	Sautekh	line	.	7.95	rustle	
VO_Sautekh_Chronomancer - Time is fleeting, until I say otherwise.ogg	SAU27	Chronomancer	Sautekh	line	Time is fleeting until I say otherwise.	7.93	Time is fleeting, until I say otherwise	
VO_Sautekh_Cryptothrall - I must protect.ogg	SAU20	Cryptothrall	Sautekh	line	I must protect!	7.92	I must protect	
VO_Sautekh_Damaged Hexmark - L-L-Locating target for an-annihilation.ogg	SAU71	Damaged Hexmark	Sautekh	line	Lock, lock, lock, hitting target for an annihilation!	7.97	L-L-Locating target for an-annihilation	
VO_Sautekh_Damaged Plasmacyte - anti-grav hum.ogg	SAU68	Damaged Plasmacyte	Sautekh	line	*throwing*	7.94	anti-grav hum	
VO_Sautekh_Deathmark - Target acquired.ogg	SAU21	Deathmark	Sautekh	line	Target acquired!	7.69	Target acquired	
VO_Sautekh_Doom Scythe - woooshh.ogg	SAU28	Doom Scythe	Sautekh	line	.	7.76	woooshh	
VO_Sautekh_Doomstalker - Detecting intruder, Powering doomsday blaster.ogg	SAU40	Doomstalker	Sautekh	line	Detecting intruder. Powering doomsday blaster.	7.73	Detecting intruder, Powering doomsday blaster	
VO_Sautekh_Flayed One - Fleeeessssshhhhh.ogg	SAU9	Flayed One	Sautekh	line	FLECH!	7.79	Fleeeessssshhhhh	
VO_Sautekh_Flayed Ones Pack - We hunger.ogg	SAU69	Flayed Ones Pack	Sautekh	line	We hunger!	7.68	We hunger	
VO_Sautekh_Gauss Immortal - Disintegrate.ogg	SAU14	Gauss Blaster Immortal	Sautekh	line	Disintegrate	7.67	Disintegrate	
VO_Sautekh_Gauss Warrior - Fire.ogg	SAU10	Gauss Reaper Warrior	Sautekh	line	FIRE!	7.66	Fire	
VO_Sautekh_Ghost Ark - Our ranks are endless.ogg	SAU36	Ghost Ark	Sautekh	line	Our ranks are endless.	7.69	Our ranks are endless	
VO_Sautekh_Hexmark Destroyer - Multiple targets on sight.ogg	SAU32	Hexmark Destroyer	Sautekh	line	Multiple targets on site.	7.7	Multiple targets on sight	
VO_Sautekh_Immortals Phalanx - None can stand against us.ogg	SAU72	Immortals Phalanx	Sautekh	line	None can stand against us.	7.71	None can stand against us	
VO_Sautekh_Lokhust Destroyer - All life must be expunged.ogg	SAU70	Lokhust Destroyer	Sautekh	line	All life must be expunged!	7.7	All life must be expunged	
VO_Sautekh_Lokhust Heavy Destroyer - Moving into optimal firing position.ogg	SAU29	Lokhust Heavy Destroyer	Sautekh	line	Moving into optimal firing position.	7.68	Moving into optimal firing position	
VO_Sautekh_Lokhust Lord - By my will Render them down to atoms.ogg	SAU73	Lokhust Lord	Sautekh	line	By my will, render them down to atoms!	7.69	By my will Render them down to atoms	
VO_Sautekh_Lychguard - I am eternal, I am death.ogg	SAU_Lychguard	Lychguard	Sautekh	line	I am eternal, I am death!	7.69	I am eternal, I am death	
VO_Sautekh_Monolith - rumble.ogg	SAU43	Monolith	Sautekh	line	*Gunshot*	7.75	rumble	
VO_Sautekh_Necron Lord - Dare you face my undying legions.ogg	SAU37	Necron Lord	Sautekh	line	Dare you face my undying legends!	7.69	Dare you face my undying legions	
VO_Sautekh_Necron Warrior - Obey.ogg	SAU11	Necron Warrior	Sautekh	line	Obey!	7.73	Obey	
VO_Sautekh_Night Scythe - woosh.ogg	SAU22	Night Scythe	Sautekh	line	*Gunshot*	7.82	woosh	
VO_Sautekh_Ophydian Destroyer - I sense life.ogg	SAU15	Ophydian Destroyer	Sautekh	line	I sense life.	7.98	I sense life	
VO_Sautekh_Plasmancer - Your presence must be eradicated.ogg	SAU33	Plasmancer	Sautekh	line	Your presence must be eradicated.	7.71	Your presence must be eradicated	
VO_Sautekh_Psychomancer - What is it you most fear.ogg	SAU23	Psychomancer	Sautekh	line	What is it you most fear?	8.18	What is it you most fear	
VO_Sautekh_Ramatekh the Cruel_Backup1.ogg	SAU_Ramatekh_The_Cruel	Ramatekh The Cruel	Sautekh	backup1	Your demise is inevitable.	8.15		
VO_Sautekh_Ramatekh the Cruel_Backup2.ogg	SAU_Ramatekh_The_Cruel	Ramatekh The Cruel	Sautekh	backup2	I shall rend the life from your flesh.	8.34		
VO_Sautekh_Ramatekh the Cruel_Backup3.ogg	SAU_Ramatekh_The_Cruel	Ramatekh The Cruel	Sautekh	backup3	I crave the vanquishing of a great foe, but I suppose you will suffice.	8.04		
VO_Sautekh_Ramatekh the Cruel_attack.ogg	SAU_Ramatekh_The_Cruel	Ramatekh The Cruel	Sautekh	attack	Ugh.	7.78		
VO_Sautekh_Ramatekh the Cruel_cantDo.ogg	SAU_Ramatekh_The_Cruel	Ramatekh The Cruel	Sautekh	cantdo	That is not possible.	7.75		
VO_Sautekh_Ramatekh the Cruel_concede.ogg	SAU_Ramatekh_The_Cruel	Ramatekh The Cruel	Sautekh	concede	This is a minor setback. It will not save you from annihilation!	7.74		
VO_Sautekh_Ramatekh the Cruel_death.ogg	SAU_Ramatekh_The_Cruel	Ramatekh The Cruel	Sautekh	death	*throwing*	7.79		
VO_Sautekh_Ramatekh the Cruel_gen1.ogg	SAU_Ramatekh_The_Cruel	Ramatekh The Cruel	Sautekh	gen1	I will brook no defiance!	7.9		
VO_Sautekh_Ramatekh the Cruel_gen2.ogg	SAU_Ramatekh_The_Cruel	Ramatekh The Cruel	Sautekh	gen2	You will soon be freed from your aimless existence!	7.75		
VO_Sautekh_Ramatekh the Cruel_gen3.ogg	SAU_Ramatekh_The_Cruel	Ramatekh The Cruel	Sautekh	gen3	Gaze into the abyss and welcome its cold embrace.	7.69		
VO_Sautekh_Ramatekh the Cruel_gen4.ogg	SAU_Ramatekh_The_Cruel	Ramatekh The Cruel	Sautekh	gen4	Death is the only constant in this forsaken galaxy.	7.82		
VO_Sautekh_Ramatekh the Cruel_gen5.ogg	SAU_Ramatekh_The_Cruel	Ramatekh The Cruel	Sautekh	gen5	All life shall end beneath my blade.	7.75		
VO_Sautekh_Ramatekh the Cruel_gen6.ogg	SAU_Ramatekh_The_Cruel	Ramatekh The Cruel	Sautekh	gen6	The grasp of oblivion will always find you.	7.73		
VO_Sautekh_Ramatekh the Cruel_gen7.ogg	SAU_Ramatekh_The_Cruel	Ramatekh The Cruel	Sautekh	gen7	All who defy me will be expunged by my hand.	7.93		
VO_Sautekh_Ramatekh the Cruel_greet.ogg	SAU_Ramatekh_The_Cruel	Ramatekh The Cruel	Sautekh	greet	I am Robotech! Prepare to meet your doom!	7.9		
VO_Sautekh_Ramatekh the Cruel_hurry.ogg	SAU_Ramatekh_The_Cruel	Ramatekh The Cruel	Sautekh	hurry	We must hasten!	8.16		
VO_Sautekh_Ramatekh the Cruel_intro.ogg	SAU_Ramatekh_The_Cruel	Ramatekh The Cruel	Sautekh	intro	There is no escape, no refuge, only death awaits.	7.97		
VO_Sautekh_Ramatekh the Cruel_mirror.ogg	SAU_Ramatekh_The_Cruel	Ramatekh The Cruel	Sautekh	mirror	The stars themselves shall tremble before me.	7.81		
VO_Sautekh_Ramatekh the Cruel_threat.ogg	SAU_Ramatekh_The_Cruel	Ramatekh The Cruel	Sautekh	threat	I will correct the error of your existence.	7.78		
VO_Sautekh_Ramatekh the Cruel_vsAun'Va.ogg	SAU_Ramatekh_The_Cruel	Ramatekh The Cruel	Sautekh	vsaun'va	I serve no ideal but the inevitability of death.	7.77		
VO_Sautekh_Ramatekh the Cruel_vsGrukk.ogg	SAU_Ramatekh_The_Cruel	Ramatekh The Cruel	Sautekh	vsgrukk	Come forth, brute, and meet your ruin!	7.83		
VO_Sautekh_Ramatekh the Cruel_vsImotekh.ogg	SAU_Ramatekh_The_Cruel	Ramatekh The Cruel	Sautekh	vsimotekh	Peace! The galaxy shall drown in carnage before your empty dreams are realized!	8.08		
VO_Sautekh_Ramatekh the Cruel_vsKeltoc.ogg	SAU_Ramatekh_The_Cruel	Ramatekh The Cruel	Sautekh	vskeltoc	Your ancient race shall wither like others before it.	8.03		
VO_Sautekh_Ramatekh the Cruel_vsNecron.ogg	SAU_Ramatekh_The_Cruel	Ramatekh The Cruel	Sautekh	vsnecron	The scent of betrayal fuels my unending hatred.	7.95		
VO_Sautekh_Ramatekh the Cruel_vsOrikan.ogg	SAU_Ramatekh_The_Cruel	Ramatekh The Cruel	Sautekh	vsorikan	Your visions cannot save you from my wrath!	8.02		
VO_Sautekh_Ramatekh the Cruel_wp.ogg	SAU_Ramatekh_The_Cruel	Ramatekh The Cruel	Sautekh	wp	Clever trickery, yet your fate remains unchanged.	8.06		
VO_Sautekh_Royal Warden - The Sautekh dynasty is eternal.ogg	SAU34	Royal Warden	Sautekh	line	The Saur Tech dynasty is eternal!	7.99	The Sautekh dynasty is eternal	
VO_Sautekh_Scarab Swarm - chitter chitter.ogg	SAU35	Scarab Swarm	Sautekh	line		8.14	chitter chitter	halluc
VO_Sautekh_Skorpekh Destroyer - Purging initiated.ogg	SAU24	Skorpekh Destroyer	Sautekh	line	Purging Initiated.	7.94	Purging initiated	
VO_Sautekh_Skorpekh Lord - Eradicating all enemies.ogg	SAU41	Skorpekh Lord	Sautekh	line	Eradicating all enemies.	7.94	Eradicating all enemies	
VO_Sautekh_Technomancer - Activating reanimation protocol.ogg	SAU16	Technomancer	Sautekh	line	Activating reanimation protocol.	7.99	Activating reanimation protocol	
VO_Sautekh_Tesla Immortal - I remember.ogg	SAU14	Gauss Blaster Immortal	Sautekh	line	I remember.	8.1	I remember	
VO_Sautekh_Tomb Blade - Converging on enemy position.ogg	SAU17	Tomb Blade	Sautekh	line	Converting on enemy position.	9.56	Converging on enemy position	
VO_Sautekh_Triach Praetorian - By the laws of the Necrontyr, you will be judged.ogg	SAU18	Triarch Praetorian	Sautekh	line	By the laws of the Necrantir, you will be judged!	9.76	By the laws of the Necrontyr, you will be judged	
VO_Sautekh_Triarch Stalker - Locking onto target.ogg	SAU39	Triarch Stalker	Sautekh	line	Locking onto target.	8.22	Locking onto target	
VO_Sautekh_Vargard Obyron - It is my duty to defend the Nemesor.ogg	SAU42	Vargard Obyron	Sautekh	line	It is my duty to defend the Nemesaur.	8.46	It is my duty to defend the Nemesor	
VO_SpaceWolves_Arjac Rockfist - My hammer strikes with the wrath of Fenris!.ogg	SW29	Arjac Rockfist	SpaceWolves	line	My hammer strikes with the wrath of Fenris!	8.27	My hammer strikes with the wrath of Fenris!	
VO_SpaceWolves_Bjorn the Fell-Handed  - I wake Fenris howls.ogg	SW42	Bjorn the Fell-Handed	SpaceWolves	line	I wake Finley's house.	8.23		
VO_SpaceWolves_Blackmane Aggressor - We are the storm! We are the Allfather's fury!.ogg	SW35	Blackmane Aggressor	SpaceWolves	line	We are the storm! We are the All-Father's Fury!	8.26	We are the storm! We are the Allfather's fury!	
VO_SpaceWolves_Blackmane Inceptor - Here's one to remember me by!.ogg	SW30	Blackmane Inceptor	SpaceWolves	line	Here's one to remember me by.	8.26	Here's one to remember me by!	
VO_SpaceWolves_Blackmane Reiver - You will not live to see our victory.ogg	SW13	Blackmane Reiver	SpaceWolves	line	You will not live to see our victory!	8.15	You will not live to see our victory	
VO_SpaceWolves_Blood Claw - This is where my saga begins!.ogg	SW11	Blood Claw	SpaceWolves	line	This is where my saga begins.	8.14	This is where my saga begins!	
VO_SpaceWolves_Blood Claw Pack Leader - Keep moving! Battle does not wait for you!.ogg	SW14	Blood Claw Pack Leader	SpaceWolves	line	Keep moving! Battle does not wait for you!	8.14	Keep moving! Battle does not wait for you!	
VO_SpaceWolves_Deathwolf Scout - The trail is clearer with every step.ogg	SW15	Deathwolf Scout	SpaceWolves	line	Betrayal is clearer with every step.	8.2	The trail is clearer with every step	
VO_SpaceWolves_Fenrisian Drop Pod - From the Sea of Stars to the sea of blades!.ogg	SW31	Fenrisian Drop Pod	SpaceWolves	line	From the Sea of Stars to the Sea of Blaze!	8.12	From the Sea of Stars to the sea of blades!	
VO_SpaceWolves_Fenrisian Wolf.ogg	SW16	Fenrisian Wolf	SpaceWolves	line	*Brrrrr*	10.28		
VO_SpaceWolves_Frost Claw Wulfen.ogg	SW32	Frost Claw Wulfen	SpaceWolves	line	Aoooooooo!	8.21		
VO_SpaceWolves_Fyrri Askar - Let's give the skjalds something to sing about!.ogg	SW18	Fyrri Askar	SpaceWolves	line	Let's give the skilled something to sing about!	8.29	Let's give the skjalds something to sing about!	
VO_SpaceWolves_Grey Hunter - I have eyes on the prey!.ogg	SW17	Grey Hunter	SpaceWolves	line	I have eyes on the prey!	8.3	I have eyes on the prey!	
VO_SpaceWolves_Grey Hunter Pack Leader - Charge! No great champion dies clean!.ogg	SW19	Grey Hunter Pack Leader	SpaceWolves	line	Charge! No great champion dies clean!	8.37	Charge! No great champion dies clean!	
VO_SpaceWolves_Hrolf the Ironhowl - With me, brothers! Ride until the Wolftime!).ogg	SW23	Hrolf the Ironhowl	SpaceWolves	line	With me, brothers! Ride until divorce time!	8.3	With me, brothers! Ride until the Wolftime!)	
VO_SpaceWolves_Hunting Wolf.ogg	SW12	Hunting Wolf	SpaceWolves	line	*Rooing*	9.55		
VO_SpaceWolves_Logan Grimnar_Backup1.ogg	SW1	Logan Grimnar	SpaceWolves	backup1	No pride, no glory. We are here to do what is needed.	8.36		
VO_SpaceWolves_Logan Grimnar_Backup2.ogg	SW1	Logan Grimnar	SpaceWolves	backup2	This is why we don't often speak with Outlanders.	8.29		
VO_SpaceWolves_Logan Grimnar_Backup3.ogg	SW1	Logan Grimnar	SpaceWolves	backup3	Your bite is fiercer than I expected.	8.28		
VO_SpaceWolves_Logan Grimnar_attack.ogg	SW1	Logan Grimnar	SpaceWolves	attack	Grr!	8.26		
VO_SpaceWolves_Logan Grimnar_cantDo.ogg	SW1	Logan Grimnar	SpaceWolves	cantdo	That will not be happening!	8.22		
VO_SpaceWolves_Logan Grimnar_concede.ogg	SW1	Logan Grimnar	SpaceWolves	concede	Gather the pack! We cannot remain here!	8.21		
VO_SpaceWolves_Logan Grimnar_death.ogg	SW1	Logan Grimnar	SpaceWolves	death	No!	8.06		
VO_SpaceWolves_Logan Grimnar_gen1.ogg	SW1	Logan Grimnar	SpaceWolves	gen1	Feel the wrath of Fenris!	8.0		
VO_SpaceWolves_Logan Grimnar_gen2.ogg	SW1	Logan Grimnar	SpaceWolves	gen2	I have hunted fierce a prey, defeated mightier foes.	8.09		
VO_SpaceWolves_Logan Grimnar_gen3.ogg	SW1	Logan Grimnar	SpaceWolves	gen3	For us and the All-Father!	8.05		
VO_SpaceWolves_Logan Grimnar_gen4.ogg	SW1	Logan Grimnar	SpaceWolves	gen4	I will drag you to the gates of hell myself.	8.11		
VO_SpaceWolves_Logan Grimnar_gen5.ogg	SW1	Logan Grimnar	SpaceWolves	gen5	On the darkest nights we come, the warriors of Fenris.	8.23		
VO_SpaceWolves_Logan Grimnar_gen6.ogg	SW1	Logan Grimnar	SpaceWolves	gen6	The thunder of munitions shall reign like the All-Father's Fury!	8.28		
VO_SpaceWolves_Logan Grimnar_gen7.ogg	SW1	Logan Grimnar	SpaceWolves	gen7	Tyrnach, Fenrir, Frankentere!	8.12		
VO_SpaceWolves_Logan Grimnar_greet.ogg	SW1	Logan Grimnar	SpaceWolves	greet	This is the start of a saga for the ages.	8.12		
VO_SpaceWolves_Logan Grimnar_hurry.ogg	SW1	Logan Grimnar	SpaceWolves	hurry	Hesitation will doom you quicker than the cold.	8.28		
VO_SpaceWolves_Logan Grimnar_intro.ogg	SW1	Logan Grimnar	SpaceWolves	intro	The wolf stalks no more. Now steel shall speak.	8.08		
VO_SpaceWolves_Logan Grimnar_mirror.ogg	SW1	Logan Grimnar	SpaceWolves	mirror	To me, sons of Fenris!	8.16		
VO_SpaceWolves_Logan Grimnar_threat.ogg	SW1	Logan Grimnar	SpaceWolves	threat	And stay down, whelp!	8.58		
VO_SpaceWolves_Logan Grimnar_vsBL.ogg	SW1	Logan Grimnar	SpaceWolves	vsbl	To the abyss with these throne-damned heretics!	8.56		
VO_SpaceWolves_Logan Grimnar_vsEC.ogg	SW1	Logan Grimnar	SpaceWolves	vsec	I ought to slit that throat, if only to stop hearing you.	8.48		
VO_SpaceWolves_Logan Grimnar_vsMozrog.ogg	SW1	Logan Grimnar	SpaceWolves	vsmozrog	A beast's company is invaluable in battle, and so I must slay yours.	8.59		
VO_SpaceWolves_Logan Grimnar_vsTyranids.ogg	SW1	Logan Grimnar	SpaceWolves	vstyranids	These beasts will learn who the apex predator is.	8.35		
VO_SpaceWolves_Logan Grimnar_wp.ogg	SW1	Logan Grimnar	SpaceWolves	wp	I will remember that from now until the wolf time.	8.24		
VO_SpaceWolves_Long Fang - Your time is over!.ogg	SW25	Long Fang	SpaceWolves	line	Your time is over.	8.19	Your time is over!	
VO_SpaceWolves_Murderfang.ogg	SW39	Murderfang	SpaceWolves	line	*Burps*	8.24		
VO_SpaceWolves_Njal Stormcaller_Backup1.ogg	SW4	Njal Stormcaller	SpaceWolves	backup1	The winds remember what us mortals forget.	8.36		
VO_SpaceWolves_Njal Stormcaller_Backup2.ogg	SW4	Njal Stormcaller	SpaceWolves	backup2	The winds remember what we mortals forget.	10.02		
VO_SpaceWolves_Njal Stormcaller_Backup3.ogg	SW4	Njal Stormcaller	SpaceWolves	backup3	I have met death enough times to know it is not ready to welcome me.	8.84		
VO_SpaceWolves_Njal Stormcaller_Backup4.ogg	SW4	Njal Stormcaller	SpaceWolves	backup4	Back to the eight!	8.86		
VO_SpaceWolves_Njal Stormcaller_attack.ogg	SW4	Njal Stormcaller	SpaceWolves	attack	Blah!	8.68		
VO_SpaceWolves_Njal Stormcaller_cantDo.ogg	SW4	Njal Stormcaller	SpaceWolves	cantdo	Not all things bend to the Tempest.	8.81		
VO_SpaceWolves_Njal Stormcaller_concede.ogg	SW4	Njal Stormcaller	SpaceWolves	concede	So comes my time to stalk the stars.	8.77		
VO_SpaceWolves_Njal Stormcaller_death.ogg	SW4	Njal Stormcaller	SpaceWolves	death	*Groan*	8.59		
VO_SpaceWolves_Njal Stormcaller_gen1.ogg	SW4	Njal Stormcaller	SpaceWolves	gen1	Do not test my patience, cub.	8.45		
VO_SpaceWolves_Njal Stormcaller_gen2.ogg	SW4	Njal Stormcaller	SpaceWolves	gen2	Strike as lightning, howl as thunder.	8.58		
VO_SpaceWolves_Njal Stormcaller_gen3.ogg	SW4	Njal Stormcaller	SpaceWolves	gen3	The winds will howl with vengeance.	8.61		
VO_SpaceWolves_Njal Stormcaller_gen4.ogg	SW4	Njal Stormcaller	SpaceWolves	gen4	I will bury your name beneath thunder and ruin.	8.59		
VO_SpaceWolves_Njal Stormcaller_gen5.ogg	SW4	Njal Stormcaller	SpaceWolves	gen5	The Omen's bowdiel for you.	8.63		
VO_SpaceWolves_Njal Stormcaller_gen6.ogg	SW4	Njal Stormcaller	SpaceWolves	gen6	The hour of fangs and steel is upon us.	8.48		
VO_SpaceWolves_Njal Stormcaller_gen7.ogg	SW4	Njal Stormcaller	SpaceWolves	gen7	We were made to destroy. Such is the All-Father's will.	8.66		
VO_SpaceWolves_Njal Stormcaller_greet.ogg	SW4	Njal Stormcaller	SpaceWolves	greet	You are here, just as the dreams foretold.	8.51		
VO_SpaceWolves_Njal Stormcaller_hurry.ogg	SW4	Njal Stormcaller	SpaceWolves	hurry	The Sea of Stars calls.	8.48		
VO_SpaceWolves_Njal Stormcaller_intro.ogg	SW4	Njal Stormcaller	SpaceWolves	intro	Howl, wolves! A red moon rises tonight.	9.0		
VO_SpaceWolves_Njal Stormcaller_mirror.ogg	SW4	Njal Stormcaller	SpaceWolves	mirror	Things will go as they must.	8.67		
VO_SpaceWolves_Njal Stormcaller_threat.ogg	SW4	Njal Stormcaller	SpaceWolves	threat	To weather a storm, one must first survive its fury.	8.77		
VO_SpaceWolves_Njal Stormcaller_vsDG.ogg	SW4	Njal Stormcaller	SpaceWolves	vsdg	This is a plague I have defeated before.	8.78		
VO_SpaceWolves_Njal Stormcaller_vsTS.ogg	SW4	Njal Stormcaller	SpaceWolves	vsts	Your power is as hollow as the puppets you call warriors.	8.75		
VO_SpaceWolves_Njal Stormcaller_vsWE.ogg	SW4	Njal Stormcaller	SpaceWolves	vswe	How can one know fury if they are yet to face the storm?	8.63		
VO_SpaceWolves_Njal Stormcaller_wp.ogg	SW4	Njal Stormcaller	SpaceWolves	wp	Curious, the runes had not foretold this.	8.5		
VO_SpaceWolves_Ragnar Blackmane_Backup.ogg	SW9	Ragnar Blackmane	SpaceWolves	backup	Glory is earned through fangs and fury.	8.57		
VO_SpaceWolves_Ragnar Blackmane_attack.ogg	SW9	Ragnar Blackmane	SpaceWolves	attack	Nya!	8.74		
VO_SpaceWolves_Ragnar Blackmane_cantDo.ogg	SW9	Ragnar Blackmane	SpaceWolves	cantdo	I do not think so.	8.71		
VO_SpaceWolves_Ragnar Blackmane_concede.ogg	SW9	Ragnar Blackmane	SpaceWolves	concede	Fall back! We live to hunt another day.	10.89		
VO_SpaceWolves_Ragnar Blackmane_death.ogg	SW9	Ragnar Blackmane	SpaceWolves	death	*Grunts*	8.45		
VO_SpaceWolves_Ragnar Blackmane_gen1.ogg	SW9	Ragnar Blackmane	SpaceWolves	gen1	For us! For the honor of the Wolf King!	8.29		
VO_SpaceWolves_Ragnar Blackmane_gen2.ogg	SW9	Ragnar Blackmane	SpaceWolves	gen2	Something stirs. Be ready for anything.	8.38		
VO_SpaceWolves_Ragnar Blackmane_gen3.ogg	SW9	Ragnar Blackmane	SpaceWolves	gen3	More Kai bite me! How many more must I got?	8.39		
VO_SpaceWolves_Ragnar Blackmane_gen4.ogg	SW9	Ragnar Blackmane	SpaceWolves	gen4	While one of us stands, the galaxy shall yet know hope.	8.65		
VO_SpaceWolves_Ragnar Blackmane_gen5.ogg	SW9	Ragnar Blackmane	SpaceWolves	gen5	It is a good day to bleed.	8.44		
VO_SpaceWolves_Ragnar Blackmane_gen6.ogg	SW9	Ragnar Blackmane	SpaceWolves	gen6	Your fall will be etched in my saga.	8.31		
VO_SpaceWolves_Ragnar Blackmane_gen7.ogg	SW9	Ragnar Blackmane	SpaceWolves	gen7	I can smell your fear. It trails you like a wounded beast.	8.32		
VO_SpaceWolves_Ragnar Blackmane_greet.ogg	SW9	Ragnar Blackmane	SpaceWolves	greet	Who will be first to bleed then?	9.0		
VO_SpaceWolves_Ragnar Blackmane_hurry.ogg	SW9	Ragnar Blackmane	SpaceWolves	hurry	They are slipping away! Move!	8.68		
VO_SpaceWolves_Ragnar Blackmane_intro.ogg	SW9	Ragnar Blackmane	SpaceWolves	intro	Your hunter has your scent.	9.35		
VO_SpaceWolves_Ragnar Blackmane_mirror.ogg	SW9	Ragnar Blackmane	SpaceWolves	mirror	Nowhere to run, nowhere to hide.	9.16		
VO_SpaceWolves_Ragnar Blackmane_threat.ogg	SW9	Ragnar Blackmane	SpaceWolves	threat	You are a fine subject for the Emperor's vengeance.	8.35		
VO_SpaceWolves_Ragnar Blackmane_vsAsmodai.ogg	SW9	Ragnar Blackmane	SpaceWolves	vsasmodai	You cannot judge my actions. I answer only to the All-Father.	8.88		
VO_SpaceWolves_Ragnar Blackmane_vsCSM.ogg	SW9	Ragnar Blackmane	SpaceWolves	vscsm	There is always time to bury my blade in traitor guts.	8.71		
VO_SpaceWolves_Ragnar Blackmane_vsDG.ogg	SW9	Ragnar Blackmane	SpaceWolves	vsdg	It would be hard to lose track of this foul stench.	9.32		
VO_SpaceWolves_Ragnar Blackmane_vsGhazghkull.ogg	SW9	Ragnar Blackmane	SpaceWolves	vsghazghkull	Big, loud, and in my way. Even a pup could track down one of yours.	9.29		
VO_SpaceWolves_Ragnar Blackmane_vsSororitas.ogg	SW9	Ragnar Blackmane	SpaceWolves	vssororitas	I am loyal only to the All-Father, not the ecclesiarchy's pawns.	8.83		
VO_SpaceWolves_Ragnar Blackmane_vsTS.ogg	SW9	Ragnar Blackmane	SpaceWolves	vsts	Weapons ready. This place reeks of sorcery.	9.1		
VO_SpaceWolves_Ragnar Blackmane_wp.ogg	SW9	Ragnar Blackmane	SpaceWolves	wp	Now things are getting interesting.	9.52		
VO_SpaceWolves_Stormwolf - Our storm-wrath shall tear the skies!.ogg	SW40	Stormwolf	SpaceWolves	line	Our Stormwrath shall tear the skies!	8.69	Our storm-wrath shall tear the skies!	
VO_SpaceWolves_Terminator Rune Priest - The winds will howl with Fenrisian rage!.ogg	SW37	Terminator Rune Priest	SpaceWolves	line	The winds will howl with Fenrisian rage.	8.73	The winds will howl with Fenrisian rage!	
VO_SpaceWolves_Terminator Rune Priest_backup- I bring the storm-wrath!.ogg	SW37	Terminator Rune Priest	SpaceWolves	line	I bring the storm wrath!	8.84		
VO_SpaceWolves_Thunderwolf Calvary - If tooth and nail are not enough, the chainsword will bite.ogg	SW20	Thunderwolf Cavalry	SpaceWolves	line	If tooth and nail are not enough, the chainsword will bite.	8.86	If tooth and nail are not enough, the chainsword will bite	
VO_SpaceWolves_Thunderwolf Cavalry Pack Leader - For Russ and the Allfather!.ogg	SW26	Thunderwolf Cavalry Pack Leader	SpaceWolves	line	For us and our father!	8.79	For Russ and the Allfather!	
VO_SpaceWolves_Tyrnak and Fenrir.ogg	SW3	Tyrnak and Fenrir	SpaceWolves	line	*Groan*	10.56		
VO_SpaceWolves_Venerable Dreadnought - My saga does not end Not today.ogg	SW43	Venerable Dreadnought	SpaceWolves	line	My saga does not end. Not today.	8.78	My saga does not end Not today	
VO_SpaceWolves_Vindicator - From Fenris to the stars, they will hear us howl!.ogg	SW41	Vindicator	SpaceWolves	line	From Fenris to the stars, they will hear us howl!	8.76	From Fenris to the stars, they will hear us howl!	
VO_SpaceWolves_Wolf Guard Battle Leader - Enough barking! Time to do some biting.ogg	SW33	Wolf Guard Battle Leader	SpaceWolves	line	Enough barking. Time to do some biting.	8.75	Enough barking! Time to do some biting	
VO_SpaceWolves_Wolf Guard Headtaker - Bring them fang! Bring them fury!.ogg	SW21	Wolf Guard Headtaker	SpaceWolves	line	Bring them Fang! Bring them Fury!	8.78	Bring them fang! Bring them fury!	
VO_SpaceWolves_Wolf Guard Terminator - Let the battle-reckoning be counted by the score!.ogg	SW38	Wolf Guard Terminator	SpaceWolves	line	Let the battle reckoning be counted by the score!	8.86	Let the battle-reckoning be counted by the score!	
VO_SpaceWolves_Wolf Guard Terminator Pack Leader - Give them the bolt-greeting they deserve!.ogg	SW34	Wolf Guard Terminator Pack Leader	SpaceWolves	line	Give them the bold greeting they deserve.	8.82	Give them the bolt-greeting they deserve!	
VO_SpaceWolves_Wolf Priest - It is fate that guides our blades.ogg	SW22	Wolf Priest	SpaceWolves	line	It is fate that guides our blades.	8.84	It is fate that guides our blades	
VO_SpaceWolves_Wulfen Dreadnought_v2.ogg	SW44	Wulfen Dreadnought	SpaceWolves	line	*Burr* *Burr* *Burr*	9.16		
VO_SpaceWolves_Wulfen Pack Leader.ogg	SW28	Wulfen Pack Leader	SpaceWolves	line	Ooooooooo!	8.84		
VO_SpaceWolves_Wulfen.ogg	SW27	Wulfen	SpaceWolves	line	Whoooo!	14.59		
VO_Tau_Empire_Aun'va_attack.ogg	TAU1	Aun'Va	TauEmpire	attack	Ugh.	8.93		
VO_Tau_Empire_Aun'va_cantDo.ogg	TAU1	Aun'Va	TauEmpire	cantdo	This is unheard of.	8.67		
VO_Tau_Empire_Aun'va_concede.ogg	TAU1	Aun'Va	TauEmpire	concede	All is lost here, yet let none who are wise deny our destiny.	8.88		
VO_Tau_Empire_Aun'va_death.ogg	TAU1	Aun'Va	TauEmpire	death	*Gasps*	8.85		
VO_Tau_Empire_Aun'va_gen1.ogg	TAU1	Aun'Va	TauEmpire	gen1	Surrender now to the greater good.	8.76		
VO_Tau_Empire_Aun'va_gen2.ogg	TAU1	Aun'Va	TauEmpire	gen2	Your eyes are veiled in shadow. Soon that veil will be lifted.	8.77		
VO_Tau_Empire_Aun'va_gen3.ogg	TAU1	Aun'Va	TauEmpire	gen3	I cannot allow your foolish resistance to imperil us all.	8.81		
VO_Tau_Empire_Aun'va_gen4.ogg	TAU1	Aun'Va	TauEmpire	gen4	The Empire's strides of expansion must not be deterred.	8.82		
VO_Tau_Empire_Aun'va_gen5.ogg	TAU1	Aun'Va	TauEmpire	gen5	Let none doubt that now is our time.	8.79		
VO_Tau_Empire_Aun'va_gen6.ogg	TAU1	Aun'Va	TauEmpire	gen6	For the greater good. That is all that matters.	8.93		
VO_Tau_Empire_Aun'va_gen7.ogg	TAU1	Aun'Va	TauEmpire	gen7	Our conquest is inevitable. Our ascension a matter of time.	9.35		
VO_Tau_Empire_Aun'va_greet.ogg	TAU1	Aun'Va	TauEmpire	greet	It saddens me that we must take arms against you.	9.24		
VO_Tau_Empire_Aun'va_hurry.ogg	TAU1	Aun'Va	TauEmpire	hurry	This is no time for introspection.	8.94		
VO_Tau_Empire_Aun'va_intro.ogg	TAU1	Aun'Va	TauEmpire	intro	You will embrace the Tauvah or be destroyed.	8.61		
VO_Tau_Empire_Aun'va_mirror.ogg	TAU1	Aun'Va	TauEmpire	mirror	May we have no cause for conflict.	8.64		
VO_Tau_Empire_Aun'va_threat.ogg	TAU1	Aun'Va	TauEmpire	threat	Your demise is now inevitable.	8.62		
VO_Tau_Empire_Aun'va_vsAstraMillitarum.ogg	TAU1	Aun'Va	TauEmpire	vsastramillitarum	Your arrogance chains you to a cycle of grief and pain.	8.75		
VO_Tau_Empire_Aun'va_vsGhazghkull.ogg	TAU1	Aun'Va	TauEmpire	vsghazghkull	We will not bring ourselves down to your barbaric level of warfare.	8.66		
VO_Tau_Empire_Aun'va_vsGrukk.ogg	TAU1	Aun'Va	TauEmpire	vsgrukk	Old foes and largely predictable.	8.72		
VO_Tau_Empire_Aun'va_vsHexscorn.ogg	TAU1	Aun'Va	TauEmpire	vshexscorn	The Rift's shadows will never extinguish our flame.	8.69		
VO_Tau_Empire_Aun'va_vsKrootShaper.ogg	TAU1	Aun'Va	TauEmpire	vskrootshaper	Your kind clearly has impulse control issues that must be tempered.	8.38		
VO_Tau_Empire_Aun'va_vsO'Maisos.ogg	TAU1	Aun'Va	TauEmpire	vso'maisos	Let none doubt that the Tatao Empire will bring unity to all.	8.42		
VO_Tau_Empire_Aun'va_vsShadowsun.ogg	TAU1	Aun'Va	TauEmpire	vsshadowsun	You are a sight to behold, Commander Shadow-san.	8.42		
VO_Tau_Empire_Aun'va_vsTervigon.ogg	TAU1	Aun'Va	TauEmpire	vstervigon	I fear your species has no place within the embrace of the greater good.	8.44		
VO_Tau_Empire_Aun'va_wp.ogg	TAU1	Aun'Va	TauEmpire	wp	A wise decision. Perhaps there was some basis to your bluster.	8.55		
VO_Tau_Empire_Breacher Shas'ui - All that we do is for the Greater Good.ogg	TAU66	Burgeoning Empire	TauEmpire	line	All that we do is for the greater good.	8.65	All that we do is for the Greater Good	
VO_Tau_Empire_Broadside Battlesuit - Broadside deployed Ready to deliver the Mont'ka.ogg	TAU30	Broadside Battlesuit	TauEmpire	line	Broadside deployed. Ready to deliver the Montcar.	10.83	Broadside deployed Ready to deliver the Mont'ka	
VO_Tau_Empire_Cadre Fireblade - We fight for the Greater Good And we will triumph.ogg	TAU35	Cadre Fireblade	TauEmpire	line	We fight for the greater good and we will triumph.	10.05	We fight for the Greater Good And we will triumph	
VO_Tau_Empire_Coldstar Battlesuit - Bright burns the light of the T’au Empire.ogg	TAU38	Coldstar Battlesuit	TauEmpire	line	Bright burns the light of the Tau Empire.	8.82	Bright burns the light of the T’au Empire	
VO_Tau_Empire_Commander O'Maisos_attack.ogg	TAU4	Commander O'Maisos	TauEmpire	attack	Huh?	8.79		
VO_Tau_Empire_Commander O'Maisos_cantDo.ogg	TAU4	Commander O'Maisos	TauEmpire	cantdo	That cannot be allowed.	8.79		
VO_Tau_Empire_Commander O'Maisos_concede.ogg	TAU4	Commander O'Maisos	TauEmpire	concede	Duty can leave deep scars.	8.72		
VO_Tau_Empire_Commander O'Maisos_death.ogg	TAU4	Commander O'Maisos	TauEmpire	death	Ah!	9.56		generic
VO_Tau_Empire_Commander O'Maisos_gen1.ogg	TAU4	Commander O'Maisos	TauEmpire	gen1	Your weakness is already exposed.	9.45		
VO_Tau_Empire_Commander O'Maisos_gen2.ogg	TAU4	Commander O'Maisos	TauEmpire	gen2	Our war serves a greater good, not vengeance or spite.	8.97		
VO_Tau_Empire_Commander O'Maisos_gen3.ogg	TAU4	Commander O'Maisos	TauEmpire	gen3	We need extreme solutions. There is no other path.	8.72		
VO_Tau_Empire_Commander O'Maisos_gen4.ogg	TAU4	Commander O'Maisos	TauEmpire	gen4	All will be brought to the greater good.	8.78		
VO_Tau_Empire_Commander O'Maisos_gen5.ogg	TAU4	Commander O'Maisos	TauEmpire	gen5	All cadres primed for one car.	8.66		
VO_Tau_Empire_Commander O'Maisos_gen6.ogg	TAU4	Commander O'Maisos	TauEmpire	gen6	Any student of Kalyan knows the value of patience.	8.62		
VO_Tau_Empire_Commander O'Maisos_gen7.ogg	TAU4	Commander O'Maisos	TauEmpire	gen7	This is the surest path to victory.	8.69		
VO_Tau_Empire_Commander O'Maisos_greet.ogg	TAU4	Commander O'Maisos	TauEmpire	greet	I greet you. May our encounter be for the greater good.	8.82		
VO_Tau_Empire_Commander O'Maisos_hurry.ogg	TAU4	Commander O'Maisos	TauEmpire	hurry	Time is short. We must act.	8.87		
VO_Tau_Empire_Commander O'Maisos_intro.ogg	TAU4	Commander O'Maisos	TauEmpire	intro	Talks have failed. We have no choice but to fight.	8.74		
VO_Tau_Empire_Commander O'Maisos_mirror.ogg	TAU4	Commander O'Maisos	TauEmpire	mirror	We must walk the path to the greater good, no matter the cost.	8.91		
VO_Tau_Empire_Commander O'Maisos_threat.ogg	TAU4	Commander O'Maisos	TauEmpire	threat	Such transgression cannot go unpunished.	8.83		
VO_Tau_Empire_Commander O'Maisos_vsAun'Va.ogg	TAU4	Commander O'Maisos	TauEmpire	vsaun'va	It shall be so, Honoured One.	9.37		
VO_Tau_Empire_Commander O'Maisos_vsKeltoc.ogg	TAU4	Commander O'Maisos	TauEmpire	vskeltoc	Your race had a chance to craft a better universe. And you squandered it.	9.35		
VO_Tau_Empire_Commander O'Maisos_vsSM.ogg	TAU4	Commander O'Maisos	TauEmpire	vssm	I pity your ignorance, yet I must stop your murderous ways.	9.07		
VO_Tau_Empire_Commander O'Maisos_vsShadowsun.ogg	TAU4	Commander O'Maisos	TauEmpire	vsshadowsun	Supreme Commander, your presence here is unexpected.	9.68		
VO_Tau_Empire_Commander O'Maisos_vsSwarmlord.ogg	TAU4	Commander O'Maisos	TauEmpire	vsswarmlord	Clearly, your kind does not respond to reason.	9.05		
VO_Tau_Empire_Commander O'Maisos_vsZagstruk.ogg	TAU4	Commander O'Maisos	TauEmpire	vszagstruk	Only annihilation befits your barbaric species.	8.77		
VO_Tau_Empire_Commander O'Maisos_wp.ogg	TAU4	Commander O'Maisos	TauEmpire	wp	Our unity of purpose will see us through this trial.	8.76		
VO_Tau_Empire_Crisis Battlesuit - We will deliver the killing blow.ogg	TAU15	Crisis Battlesuit	TauEmpire	line	We will deliver the killing blow.	8.66	We will deliver the killing blow	
VO_Tau_Empire_Crisis Bodyguard - To fight for the Greater Good is our duty and our privilege.ogg	TAU22	Crisis Bodyguard	TauEmpire	line	To fight for the greater good is our duty and our privilege.	8.79	To fight for the Greater Good is our duty and our privilege	
VO_Tau_Empire_DS8 Support Turret - Calculating enemy trajectory.ogg	TAU18	DS8 Support Turret	TauEmpire	line	Calculating enemy trajectory.	8.66	Calculating enemy trajectory	
VO_Tau_Empire_Darkstrider - Study the enemy's vulnerabilities and exploit them.ogg	TAU16	Darkstrider	TauEmpire	line	Study the enemy's vulnerabilities and exploit them.	8.92	Study the enemy's vulnerabilities and exploit them	
VO_Tau_Empire_Devilfish - Strike at the heart of the enemy.ogg	TAU31	Devilfish	TauEmpire	line	Strike at the heart of the enemy!	8.61	Strike at the heart of the enemy	
VO_Tau_Empire_Enforcer Battlesuit - Launch protocols initiated.ogg	TAU36	Enforcer Battlesuit	TauEmpire	line	Launch protocols initiated.	8.78	Launch protocols initiated	
VO_Tau_Empire_Fire Warrior - Fire on my signal.ogg	TAU9	Fire Warrior	TauEmpire	line	Fire on my signal.	8.28	Fire on my signal	
VO_Tau_Empire_Fire Warrior Breacher - The Greater Good brooks no obstacle.ogg	TAU_Breacher_Fire_Warrior	Breacher Fire Warrior	TauEmpire	line	The greater good brooks no obstacle.	8.27	The Greater Good brooks no obstacle	
VO_Tau_Empire_Firesight Marksman - I guide the Fire Caste's fury.ogg	TAU32	Firesight Marksman	TauEmpire	line	I guide the firecast's fury.	8.55	I guide the Fire Caste's fury	
VO_Tau_Empire_Guardian Drone - Projecting energy field.ogg	TAU8	Guardian Drone	TauEmpire	line	Projecting energy field.	8.89	Projecting energy field	
VO_Tau_Empire_Gun Drone - Weapons systems charged.ogg	TAU10	Gun Drone	TauEmpire	line	Weapon systems charged.	8.67	Weapons systems charged	
VO_Tau_Empire_Hammerhead - The time of diplomacy is over Now comes the time of fire.ogg	TAU37	Hammerhead	TauEmpire	line	The time of diplomacy is over. Now comes the time of fire.	8.88	The time of diplomacy is over Now comes the time of fire	
VO_Tau_Empire_Honoured Ethereal - With courage and discipline we shall stand victorious.ogg	TAU24	Honoured Ethereal	TauEmpire	line	With courage and discipline, we shall stand victorious.	8.77	With courage and discipline we shall stand victorious	
VO_Tau_Empire_Longstrike - No foe can withstand the precise application of superior firepower.ogg	TAU41	Longstrike	TauEmpire	line	No foe can withstand the precise application of superior firepower.	8.44	No foe can withstand the precise application of superior firepower	
VO_Tau_Empire_Marker Drone - Gathering targetting information.ogg	TAU11	Marker Drone	TauEmpire	line	Gathering targeting information.	8.61	Gathering targetting information	
VO_Tau_Empire_Missile Drone - Targeting matrix calculated.ogg	TAU12	Missile Drone	TauEmpire	line	Targeting matrix calculated.	8.81	Targeting matrix calculated	
VO_Tau_Empire_Pathfinder - Optimal target marked for elimination.ogg	TAU13	Pathfinder	TauEmpire	line	Optimal target marked for elimination.	8.79	Optimal target marked for elimination	
VO_Tau_Empire_Piranha - Surveilling engagement area.ogg	TAU25	Piranha	TauEmpire	line	Surveiling Engagement Area.	8.79	Surveilling engagement area	
VO_Tau_Empire_Razorshark Fighter - The Air Caste bring fire from the skies.ogg	TAU66	Burgeoning Empire	TauEmpire	line	The aircast bring fire from the skies.	9.34	The Air Caste bring fire from the skies	
VO_Tau_Empire_Riptide Battlesuit - I am here to end this conflict.ogg	TAU42	Riptide Battlesuit	TauEmpire	line	I am here to end this conflict.	9.66	I am here to end this conflict	
VO_Tau_Empire_Shadowsun_Backup.ogg	TAU6	Shadowsun	TauEmpire	backup	Any decision can be the stone that starts the avalanche.	9.2		
VO_Tau_Empire_Shadowsun_attack.ogg	TAU6	Shadowsun	TauEmpire	attack	*Clears throat*	8.98		
VO_Tau_Empire_Shadowsun_cantDo.ogg	TAU6	Shadowsun	TauEmpire	cantdo	An impossibility.	8.09		
VO_Tau_Empire_Shadowsun_concede.ogg	TAU6	Shadowsun	TauEmpire	concede	A non-viable approach. Converge at the established point.	8.32		
VO_Tau_Empire_Shadowsun_death.ogg	TAU6	Shadowsun	TauEmpire	death	Oh.	11.46		generic
VO_Tau_Empire_Shadowsun_gen1.ogg	TAU6	Shadowsun	TauEmpire	gen1	No deed is unworthy. No sacrifice is in vain.	8.79		
VO_Tau_Empire_Shadowsun_gen2.ogg	TAU6	Shadowsun	TauEmpire	gen2	I take no pride in Bloodshed, necessary as it is.	8.86		
VO_Tau_Empire_Shadowsun_gen3.ogg	TAU6	Shadowsun	TauEmpire	gen3	I have my own path to follow.	8.82		
VO_Tau_Empire_Shadowsun_gen4.ogg	TAU6	Shadowsun	TauEmpire	gen4	I have been through stranger times than this.	8.44		
VO_Tau_Empire_Shadowsun_gen5.ogg	TAU6	Shadowsun	TauEmpire	gen5	Those with superior reach can dictate the flow of battle.	8.45		
VO_Tau_Empire_Shadowsun_gen6.ogg	TAU6	Shadowsun	TauEmpire	gen6	We follow the path of Kalyon. Make ready the ambush.	8.75		
VO_Tau_Empire_Shadowsun_gen7.ogg	TAU6	Shadowsun	TauEmpire	gen7	I am Shasso Shasera, called Shadow-san.	8.41		
VO_Tau_Empire_Shadowsun_greet.ogg	TAU6	Shadowsun	TauEmpire	greet	The firecast will not tend to this challenge kindly.	8.41		
VO_Tau_Empire_Shadowsun_hurry.ogg	TAU6	Shadowsun	TauEmpire	hurry	We must not falter in our actions.	8.37		
VO_Tau_Empire_Shadowsun_intro.ogg	TAU6	Shadowsun	TauEmpire	intro	You will soon learn of the Firecast's true strength.	8.3		
VO_Tau_Empire_Shadowsun_mirror.ogg	TAU6	Shadowsun	TauEmpire	mirror	Fight with fire and courage and nothing can stand against us.	8.41		
VO_Tau_Empire_Shadowsun_threat.ogg	TAU6	Shadowsun	TauEmpire	threat	An example must be made of you.	8.43		
VO_Tau_Empire_Shadowsun_vsAun'va.ogg	TAU6	Shadowsun	TauEmpire	vsaun'va	You honor us with your presence, ethereal supreme.	8.35		
VO_Tau_Empire_Shadowsun_vsCalgar.ogg	TAU6	Shadowsun	TauEmpire	vscalgar	Your kind's mindless massacre must be stopped.	8.37		
VO_Tau_Empire_Shadowsun_vsGrukk.ogg	TAU6	Shadowsun	TauEmpire	vsgrukk	Such a predictable approach will not succeed, brutish beast.	8.34		
VO_Tau_Empire_Shadowsun_vsImperial.ogg	TAU6	Shadowsun	TauEmpire	vsimperial	"""Cruid, hateful, prone to fight, you are not so different from an orc."""	8.44		
VO_Tau_Empire_Shadowsun_vsKroot.ogg	TAU6	Shadowsun	TauEmpire	vskroot	Kindred, the Tauvar is in your debt.	8.42		
VO_Tau_Empire_Shadowsun_vsO'Maisos.ogg	TAU6	Shadowsun	TauEmpire	vso'maisos	I will be taking operational command now, Chasso.	8.41		
VO_Tau_Empire_Shadowsun_wp.ogg	TAU6	Shadowsun	TauEmpire	wp	Indiscriminate rage must be answered with crisp precision.	8.47		
VO_Tau_Empire_Sky Ray Gunship - Target locked Deploying seeker missiles.ogg	TAU40	Sky Ray Gunship	TauEmpire	line	Target locked. Deploying Seeker missiles.	8.31	Target locked Deploying seeker missiles	
VO_Tau_Empire_Sniper Drone - Target identified.ogg	TAU20	Sniper Drone	TauEmpire	line	Target identified.	8.36	Target identified	
VO_Tau_Empire_Stealth Battlesuit - Stealth field active Ready to engage.ogg	TAU26	Stealth Battlesuit	TauEmpire	line	Still field active, ready to engage.	8.34	Stealth field active Ready to engage	
VO_Tau_Empire_Stealth Drone - Activating stealth field.ogg	TAU14	Stealth Drone	TauEmpire	line	Activating stealth field.	8.28	Activating stealth field	
VO_Tau_Empire_Stealth Shas'ui - Stealth team in position Awaiting orders.ogg	TAU66	Burgeoning Empire	TauEmpire	line	Stealth team in position. Awaiting orders.	8.42	Stealth team in position Awaiting orders	
VO_Tau_Empire_Stormsurge - Resistance will be met with unyielding fire.ogg	TAU_Stormsurge_Battlesuit	Stormsurge Battlesuit	TauEmpire	line	Resistance will be met with unyielding fire!	9.11	Resistance will be met with unyielding fire	
VO_Tau_Empire_Strike Team - Our flame lights the way to the Greater Good.ogg	TAU28	Strike Team	TauEmpire	line	Our flame lights the way to the greater good.	9.22	Our flame lights the way to the Greater Good	
VO_Tau_Empire_Sun Shark Bomber - To secure the expansion we must conquer the skies.ogg	TAU44	Sun Shark Bomber	TauEmpire	line	To secure the expansion, we must conquer the skies.	9.08	To secure the expansion we must conquer the skies	
VO_Tau_Empire_Vespid Stingwings.ogg	TAU21	Vespid Stingwings	TauEmpire	line		9.14		halluc
VO_Tau_Flesh Shaper - A hunter's senses must be sharp as a butcher's knife.ogg	TAU71	Flesh Shaper	TauEmpire	line	A hunter's senses must be as sharp as the butcher's knife.	9.09	A hunter's senses must be sharp as a butcher's knife	
VO_Tau_Kroot Carnivore - We heed the call of the hunt.ogg	TAU_Kroot_Carnivore	Kroot Carnivore	TauEmpire	line	We heed the call of the hunt.	9.12	We heed the call of the hunt	
VO_Tau_Kroot Hound - Voracious growl.ogg	TAU_Kroot_Hound	Kroot Hound	TauEmpire	line	*Baaah*	13.04	Voracious growl	
VO_Tau_Krootox Rampager - Show me your strength I will make it mine.ogg	TAU72	Krootox Rampager	TauEmpire	line	Show me your strength. I will make it mine.	9.13	Show me your strength I will make it mine	
VO_Tau_Krootox Rider - No prey can hide from us.ogg	TAU70	Krootox Rider	TauEmpire	line	No prey can hide from us.	9.24	No prey can hide from us	
VO_Tau_Lone-Spear - The hunt does not wait for the hunter.ogg	TAU73	Lone-spear	TauEmpire	line	The hunt does not wait for the hunter!	9.0		
VO_Tau_Trail Shaper - Sharpen your knives Tonight we feast.ogg	TAU_Trail_Shaper	Trail Shaper	TauEmpire	line	Sharpen your knives tonight. We feast.	8.95	Sharpen your knives Tonight we feast	
VO_Tau_War Shaper_attack.ogg	TAU_War_Shaper	War Shaper	TauEmpire	attack	Grr!	9.06		
VO_Tau_War Shaper_cantDo.ogg	TAU_War_Shaper	War Shaper	TauEmpire	cantdo	That is beyond my reach.	9.04		
VO_Tau_War Shaper_concede.ogg	TAU_War_Shaper	War Shaper	TauEmpire	concede	My kin has learned to avoid futile endeavors.	8.99		
VO_Tau_War Shaper_death.ogg	TAU_War_Shaper	War Shaper	TauEmpire	death	Ugh.	9.16		
VO_Tau_War Shaper_gen1.ogg	TAU_War_Shaper	War Shaper	TauEmpire	gen1	We hunt, we feed, and we prosper.	8.91		
VO_Tau_War Shaper_gen2.ogg	TAU_War_Shaper	War Shaper	TauEmpire	gen2	With every hunt, our strength grows.	9.15		
VO_Tau_War Shaper_gen3.ogg	TAU_War_Shaper	War Shaper	TauEmpire	gen3	No ray is too great to deter us.	9.26		
VO_Tau_War Shaper_gen4.ogg	TAU_War_Shaper	War Shaper	TauEmpire	gen4	Simpler to go for the head, is it not?	9.3		
VO_Tau_War Shaper_gen5.ogg	TAU_War_Shaper	War Shaper	TauEmpire	gen5	The hunt grows ever harder, but we adapt.	9.51		
VO_Tau_War Shaper_gen6.ogg	TAU_War_Shaper	War Shaper	TauEmpire	gen6	A new quarry stepped into my hunting grounds.	9.5		
VO_Tau_War Shaper_gen7.ogg	TAU_War_Shaper	War Shaper	TauEmpire	gen7	We relish the hunt.	9.45		
VO_Tau_War Shaper_greet.ogg	TAU_War_Shaper	War Shaper	TauEmpire	greet	Let us begin the ritual of predator and prey.	9.55		
VO_Tau_War Shaper_hurry.ogg	TAU_War_Shaper	War Shaper	TauEmpire	hurry	Let's move. The hunt awaits.	9.48		
VO_Tau_War Shaper_intro.ogg	TAU_War_Shaper	War Shaper	TauEmpire	intro	The hunt begins. Today we feast.	9.5		
VO_Tau_War Shaper_mirror.ogg	TAU_War_Shaper	War Shaper	TauEmpire	mirror	My blade is sharp. Let's get started.	9.57		
VO_Tau_War Shaper_threat.ogg	TAU_War_Shaper	War Shaper	TauEmpire	threat	I have your scent. You cannot escape.	9.49		
VO_Tau_War Shaper_vsAunVa.ogg	TAU_War_Shaper	War Shaper	TauEmpire	vsaunva	Wise as you are, some things the ethereal cast can never understand.	9.74		
VO_Tau_War Shaper_vsNecron.ogg	TAU_War_Shaper	War Shaper	TauEmpire	vsnecron	An inauspicious prey. You are strong yet lack flesh to feast on.	9.53		
VO_Tau_War Shaper_vsUrsulaCreed.ogg	TAU_War_Shaper	War Shaper	TauEmpire	vsursulacreed	You humans do not understand. You feed upon weak things. We feed upon the strong.	9.88		
VO_Tau_War Shaper_wp.ogg	TAU_War_Shaper	War Shaper	TauEmpire	wp	You are capable. This is a worthy hunt.	9.89		
VO_Tyranid_Leviathan_Barbgaunt.ogg	TL78	Barbgaunt	Leviathan	line	*cough*	9.83		
VO_Tyranid_Leviathan_Biovore - Low rumbling.ogg	TL14	Biovore	Leviathan	line	.	10.21	Low rumbling	
VO_Tyranid_Leviathan_Broodlord - Rallying scream.ogg	TL30	Broodlord	Leviathan	line	*Gunshot*	10.64	Rallying scream	
VO_Tyranid_Leviathan_Carnifex - Primal roar.ogg	TL25	Carnifex	Leviathan	line	*BOOM*	10.53	Primal roar	
VO_Tyranid_Leviathan_Deathleaper - Lurking in the shadows.ogg	TL26	Deathleaper	Leviathan	line	*Loud noise*	10.26	Lurking in the shadows	
VO_Tyranid_Leviathan_Exocrine - Thunderous stomp.ogg	TL40	Exocrine	Leviathan	line		10.35	Thunderous stomp	halluc
VO_Tyranid_Leviathan_Gargoyle - Harsh scream.ogg	TL15	Gargoyle	Leviathan	line	.	10.41	Harsh scream	
VO_Tyranid_Leviathan_Genestealer - Wild talon swinging.ogg	TL16	Genestealer	Leviathan	line	*thud*	10.47	Wild talon swinging	
VO_Tyranid_Leviathan_Harpy - Ferocious scream.ogg	TL36	Harpy	Leviathan	line	*Screams*	10.25	Ferocious scream	
VO_Tyranid_Leviathan_Haruspex - Discordant roar.ogg	TL41	Haruspex	Leviathan	line	*Mario plays*	10.46	Discordant roar	
VO_Tyranid_Leviathan_Hive Crone - Intense screech.ogg	TL31	Hive Crone	Leviathan	line	*Clapping*	10.89	Intense screech	
VO_Tyranid_Leviathan_Hive Guard - Heavy stomp.ogg	TL32	Hive Guard	Leviathan	line	*BOOM*	10.55	Heavy stomp	
VO_Tyranid_Leviathan_Hive Tyrant - Commanding roar.ogg	TL37	Hive Tyrant	Leviathan	line	*Gunshot*	9.65	Commanding roar	
VO_Tyranid_Leviathan_Hormagaunt - Savage growl.ogg	TL9	Hormagaunt	Leviathan	line	*BOOM*	9.84	Savage growl	
VO_Tyranid_Leviathan_Lictor - Rising talons menacingly.ogg	TL19	Lictor	Leviathan	line	*Burr*	9.63	Rising talons menacingly	
VO_Tyranid_Leviathan_Maleceptor - Malignant bellow.ogg	TL39	Maleceptor	Leviathan	line		9.55	Malignant bellow	halluc
VO_Tyranid_Leviathan_Mawloc - Gutwrenching scream.ogg	TL27	Mawloc	Leviathan	line	*Mario plays*	9.43	Gutwrenching scream	
VO_Tyranid_Leviathan_Mucolid Spore - Noxious humming B.ogg	TL10	Mucolid Spore	Leviathan	line	*crunch*	9.73	Noxious humming B	
VO_Tyranid_Leviathan_Neurogaunt Nodebeast- Low growl.ogg	TL11	Neurogaunt Nodebeast	Leviathan	line	*Gunshot*	9.6		
VO_Tyranid_Leviathan_Neurogaunt.ogg	TL77	Neurogaunt	Leviathan	line	*Screams*	9.69		
VO_Tyranid_Leviathan_Neuroloid.ogg	TL76	Neuroloid	Leviathan	line	*thud*	9.33		
VO_Tyranid_Leviathan_Neurothrope_attack.ogg	TL1	Neurothrope	Leviathan	attack	*pfff*	9.12		
VO_Tyranid_Leviathan_Neurothrope_cant.ogg	TL1	Neurothrope	Leviathan	cantdo	*laughter*	8.99		
VO_Tyranid_Leviathan_Neurothrope_concede.ogg	TL1	Neurothrope	Leviathan	concede	*Screams*	8.91		
VO_Tyranid_Leviathan_Neurothrope_death.ogg	TL1	Neurothrope	Leviathan	death	*Screams*	9.03		
VO_Tyranid_Leviathan_Neurothrope_gen1.ogg	TL1	Neurothrope	Leviathan	gen1	Yeah.	8.87		generic
VO_Tyranid_Leviathan_Neurothrope_gen2.ogg	TL1	Neurothrope	Leviathan	gen2	*laughter*	9.01		
VO_Tyranid_Leviathan_Neurothrope_gen3.ogg	TL1	Neurothrope	Leviathan	gen3	*Loud noise*	9.11		
VO_Tyranid_Leviathan_Neurothrope_gen4.ogg	TL1	Neurothrope	Leviathan	gen4	*laughter*	10.16		
VO_Tyranid_Leviathan_Neurothrope_gen5.ogg	TL1	Neurothrope	Leviathan	gen5	*crickets*	9.64		
VO_Tyranid_Leviathan_Neurothrope_gen6.ogg	TL1	Neurothrope	Leviathan	gen6	*crowd cheers*	9.37		
VO_Tyranid_Leviathan_Neurothrope_gen7.ogg	TL1	Neurothrope	Leviathan	gen7		10.01		halluc
VO_Tyranid_Leviathan_Neurothrope_greet.ogg	TL1	Neurothrope	Leviathan	greet	*Loud cluck*	10.0		
VO_Tyranid_Leviathan_Neurothrope_hurry.ogg	TL1	Neurothrope	Leviathan	hurry	.	9.48		
VO_Tyranid_Leviathan_Neurothrope_intro.ogg	TL1	Neurothrope	Leviathan	intro	*crickets*	9.25		
VO_Tyranid_Leviathan_Neurothrope_mirror.ogg	TL1	Neurothrope	Leviathan	mirror		9.41		halluc
VO_Tyranid_Leviathan_Neurothrope_threat.ogg	TL1	Neurothrope	Leviathan	threat	*crowd cheers*	9.43		
VO_Tyranid_Leviathan_Neurothrope_wp.ogg	TL1	Neurothrope	Leviathan	wp	*throwing*	9.43		
VO_Tyranid_Leviathan_Neurotyrant.ogg	TL82	Neurotyrant	Leviathan	line	.	9.42		
VO_Tyranid_Leviathan_Norn Emissary.ogg	TL83	Norn Emissary	Leviathan	line	*Dramatic Music*	9.52		
VO_Tyranid_Leviathan_Psychophage.ogg	TL80	Psychophage	Leviathan	line	*Screams*	9.61		
VO_Tyranid_Leviathan_Pyrovore - Brooding grumble.ogg	TL17	Pyrovore	Leviathan	line	.	9.49	Brooding grumble	
VO_Tyranid_Leviathan_Ravener - Piercing roar.ogg	TL20	Ravener	Leviathan	line	*BOOM*	9.56	Piercing roar	
VO_Tyranid_Leviathan_Ripper Swarm - Discordant chirrup.ogg	TL7	Ripper Swarm	Leviathan	line	*laughter*	9.41	Discordant chirrup	
VO_Tyranid_Leviathan_Spore Mine - Low Humming B.ogg	TL8	Spore Mine	Leviathan	line		9.77	Low Humming B	halluc
VO_Tyranid_Leviathan_Sporocyst - Reverberating thrum.ogg	TL21	Sporocyst	Leviathan	line	*Burps*	9.79	Reverberating thrum	
VO_Tyranid_Leviathan_Stranded Termagant - Enraged screech.ogg	TL12	Stranded Termagant	Leviathan	line	*Screams*	9.9	Enraged screech	
VO_Tyranid_Leviathan_Swarmlord_attack.ogg	TL3	SwarmLord	Leviathan	attack	*painful*	9.74		
VO_Tyranid_Leviathan_Swarmlord_cant.ogg	TL3	SwarmLord	Leviathan	cantdo	*painful sound*	9.9		
VO_Tyranid_Leviathan_Swarmlord_concede.ogg	TL3	SwarmLord	Leviathan	concede	*Gunshot*	9.78		
VO_Tyranid_Leviathan_Swarmlord_death.ogg	TL3	SwarmLord	Leviathan	death	.	9.76		
VO_Tyranid_Leviathan_Swarmlord_gen1.ogg	TL3	SwarmLord	Leviathan	gen1	*Mario grunts*	9.92		
VO_Tyranid_Leviathan_Swarmlord_gen2.ogg	TL3	SwarmLord	Leviathan	gen2	.	9.88		
VO_Tyranid_Leviathan_Swarmlord_gen3.ogg	TL3	SwarmLord	Leviathan	gen3	*thud*	10.06		
VO_Tyranid_Leviathan_Swarmlord_gen4.ogg	TL3	SwarmLord	Leviathan	gen4	*throwing*	9.93		
VO_Tyranid_Leviathan_Swarmlord_gen5.ogg	TL3	SwarmLord	Leviathan	gen5		9.81		halluc
VO_Tyranid_Leviathan_Swarmlord_gen6.ogg	TL3	SwarmLord	Leviathan	gen6	*Gunshot*	9.94		
VO_Tyranid_Leviathan_Swarmlord_gen7.ogg	TL3	SwarmLord	Leviathan	gen7	.	9.93		
VO_Tyranid_Leviathan_Swarmlord_greet.ogg	TL3	SwarmLord	Leviathan	greet	.	9.95		
VO_Tyranid_Leviathan_Swarmlord_hurry.ogg	TL3	SwarmLord	Leviathan	hurry	*poof*	12.36		
VO_Tyranid_Leviathan_Swarmlord_intro.ogg	TL3	SwarmLord	Leviathan	intro	*Logs*	10.42		
VO_Tyranid_Leviathan_Swarmlord_mirror.ogg	TL3	SwarmLord	Leviathan	mirror	Oh!	9.95		generic
VO_Tyranid_Leviathan_Swarmlord_threat.ogg	TL3	SwarmLord	Leviathan	threat	*Gunshot*	10.04		
VO_Tyranid_Leviathan_Swarmlord_wp.ogg	TL3	SwarmLord	Leviathan	wp	.	9.84		
VO_Tyranid_Leviathan_Termagant - Hungry snarl.ogg	TL13	Termagant	Leviathan	line	*throwing*	10.41	Hungry snarl	
VO_Tyranid_Leviathan_Termagant Brood.ogg	TL79	Termagant Brood	Leviathan	line	*Gunshot*	9.83		
VO_Tyranid_Leviathan_Tervigon_attack.ogg	TL5	Tervigon	Leviathan	attack		9.63		halluc
VO_Tyranid_Leviathan_Tervigon_cant.ogg	TL5	Tervigon	Leviathan	cantdo	*BOOM*	9.69		
VO_Tyranid_Leviathan_Tervigon_concede.ogg	TL5	Tervigon	Leviathan	concede	*Gunshot*	9.67		
VO_Tyranid_Leviathan_Tervigon_death.ogg	TL5	Tervigon	Leviathan	death	*Screams*	9.55		
VO_Tyranid_Leviathan_Tervigon_gen1.ogg	TL5	Tervigon	Leviathan	gen1	.	9.55		
VO_Tyranid_Leviathan_Tervigon_gen2.ogg	TL5	Tervigon	Leviathan	gen2		9.53		halluc
VO_Tyranid_Leviathan_Tervigon_gen3.ogg	TL5	Tervigon	Leviathan	gen3	I'll see you next time.	9.46		
VO_Tyranid_Leviathan_Tervigon_gen4.ogg	TL5	Tervigon	Leviathan	gen4	*throwing*	9.52		
VO_Tyranid_Leviathan_Tervigon_gen5.ogg	TL5	Tervigon	Leviathan	gen5	*throwing*	9.6		
VO_Tyranid_Leviathan_Tervigon_gen6.ogg	TL5	Tervigon	Leviathan	gen6	.	9.57		
VO_Tyranid_Leviathan_Tervigon_gen7.ogg	TL5	Tervigon	Leviathan	gen7	*Screams*	9.51		
VO_Tyranid_Leviathan_Tervigon_greet.ogg	TL5	Tervigon	Leviathan	greet	*Gunshot*	9.44		
VO_Tyranid_Leviathan_Tervigon_hurry.ogg	TL5	Tervigon	Leviathan	hurry	*BOOM*	9.3		
VO_Tyranid_Leviathan_Tervigon_intro.ogg	TL5	Tervigon	Leviathan	intro	*Burr*	9.31		
VO_Tyranid_Leviathan_Tervigon_mirror.ogg	TL5	Tervigon	Leviathan	mirror	*Burps*	9.63		
VO_Tyranid_Leviathan_Tervigon_threat.ogg	TL5	Tervigon	Leviathan	threat	*Groans*	9.54		
VO_Tyranid_Leviathan_Tervigon_wp.ogg	TL5	Tervigon	Leviathan	wp	.	9.66		
VO_Tyranid_Leviathan_Tyranid Prime - Threatening roar.ogg	TL22	Tyranid Prime	Leviathan	line	*Burr*	9.62	Threatening roar	
VO_Tyranid_Leviathan_Tyranid Warrior - Intimidating growl.ogg	TL18	Tyranid Warrior	Leviathan	line	*Burr*	9.37	Intimidating growl	
VO_Tyranid_Leviathan_Tyrannocyte - Viscous gurgle.ogg	TL34	Tyrannocyte	Leviathan	line	*throwing*	9.42	Viscous gurgle	
VO_Tyranid_Leviathan_Tyrannofex - Fiery bellow.ogg	TL43	Tyrannofex	Leviathan	line	*throwing*	9.4	Fiery bellow	
VO_Tyranid_Leviathan_Tyrant Guard - Challenging roar.ogg	TL28	Tyrant Guard	Leviathan	line	*Gunshot*	9.27	Challenging roar	
VO_Tyranid_Leviathan_Venomthrope - Twirling tendrils.ogg	TL23	Venomthrope	Leviathan	line	*crunch*	9.33	Twirling tendrils	
VO_Tyranid_Leviathan_Von Ryan's Leaper - Pack call.ogg	TL24	Von Ryans Leaper	Leviathan	line	*Gunshot*	9.55	Pack call	
VO_Tyranid_Leviathan_Winged Tyranid Prime_attack.ogg	TL22	Tyranid Prime	Leviathan	attack	*gunshot*	9.45		
VO_Tyranid_Leviathan_Winged Tyranid Prime_cant.ogg	TL22	Tyranid Prime	Leviathan	cantdo	Yeah!	9.44		generic
VO_Tyranid_Leviathan_Winged Tyranid Prime_concede.ogg	TL22	Tyranid Prime	Leviathan	concede	*Dramatic music*	9.49		
VO_Tyranid_Leviathan_Winged Tyranid Prime_death.ogg	TL22	Tyranid Prime	Leviathan	death	*Gunshot*	9.34		
VO_Tyranid_Leviathan_Winged Tyranid Prime_gen1.ogg	TL22	Tyranid Prime	Leviathan	gen1	*Gunshot*	9.78		
VO_Tyranid_Leviathan_Winged Tyranid Prime_gen2.ogg	TL22	Tyranid Prime	Leviathan	gen2	*BOOM*	9.53		
VO_Tyranid_Leviathan_Winged Tyranid Prime_gen3.ogg	TL22	Tyranid Prime	Leviathan	gen3	*Dramatic Music*	9.28		
VO_Tyranid_Leviathan_Winged Tyranid Prime_greet.ogg	TL22	Tyranid Prime	Leviathan	greet	*Gunshot*	9.65		
VO_Tyranid_Leviathan_Winged Tyranid Prime_hurry.ogg	TL22	Tyranid Prime	Leviathan	hurry	*outro music*	9.64		
VO_Tyranid_Leviathan_Winged Tyranid Prime_intro.ogg	TL22	Tyranid Prime	Leviathan	intro	*Gunshot*	9.53		
VO_Tyranid_Leviathan_Winged Tyranid Prime_mirror.ogg	TL22	Tyranid Prime	Leviathan	mirror	*Mario's Outro*	9.36		
VO_Tyranid_Leviathan_Winged Tyranid Prime_threat.ogg	TL22	Tyranid Prime	Leviathan	threat	*Gunshot*	9.34		
VO_Tyranid_Leviathan_Winged Tyranid Prime_wp.ogg	TL22	Tyranid Prime	Leviathan	wp	.	9.41		
VO_Tyranid_Leviathan_Winged Tyrant - Deafening scream.ogg	TL42	Winged Tyrant	Leviathan	line	*Screams*	9.36	Deafening scream	
VO_Tyranid_Leviathan_Zoanthrope - Psychic humming.ogg	TL29	Zoanthrope	Leviathan	line		9.15	Psychic humming	halluc
VO_UM_7th Company Bikes - Temper your speed with faith and flame.ogg	UM16	7th Company Bike	Ultramarines	line	Temper your speed with faith and flame!	9.12	Temper your speed with faith and flame	
VO_UM_Aggresor Sergeant - No foe can stand in our wake.ogg	UM_Aggressor_Sergeant	Aggressor Sergeant	Ultramarines	line	No foe can stand in our wake.	9.35	No foe can stand in our wake	
VO_UM_Antaro Chronus - Make the engines roar Its time to scour this battlefield.ogg	UM_Antaro_Chronus	Antaro Chronus	Ultramarines	line	Make the engines roar! It's time to scour this battlefield!	9.35	Make the engines roar Its time to scour this battlefield	
VO_UM_Apothecary Polixis - The Emperor's work must be safeguarded.ogg	UM30	Apothecary Polixis	Ultramarines	line	The Emperor's work must be safeguarded.	9.39	The Emperor's work must be safeguarded	
VO_UM_Assault Centurion - My armour is infused with the Emperors will.ogg	UM_Assault_Centurion	Assault Centurion	Ultramarines	line	My armor is infused with the Emperor's will.	8.89	My armour is infused with the Emperors will	
VO_UM_Assault Intercessor - The Emperor guides us to victory.ogg	UM12	Assault Intercessor	Ultramarines	line	The Emperor guides us to victory!	8.91	The Emperor guides us to victory	
VO_UM_Attack Bike - For Guilliman and the Emperor!.wav	UM77	Attack Bike	Ultramarines	line	For Gilliman and the Emperor!	8.82	For Guilliman and the Emperor!	
VO_UM_Bladeguard Ancient - Fight well and your names shall leave on ever after in glory!.wav	UM87	Bladeguard Ancient	Ultramarines	line	Fight well, and your name shall live on ever after in glory.	10.13	Fight well and your names shall leave on ever after in glory!	
VO_UM_Bladeguard Sergeant- Your defiance will end under Ultramar's steel.ogg	UM87	Bladeguard Ancient	Ultramarines	line	Your defiance will end under Ultramar's steel.	9.3		
VO_UM_Brutalis Dreadnought - I have embraced death to deliver it with every step!.wav	UM91	Brutalis Dreadnought	Ultramarines	line	I have embraced death to deliver it with every step.	8.82	I have embraced death to deliver it with every step!	
VO_UM_Calgar_attack.ogg	UM1	Marneus Calgar	Ultramarines	attack	HUH!	8.74		
VO_UM_Calgar_cantDo.ogg	UM1	Marneus Calgar	Ultramarines	cantdo	I can't do that!	8.79		
VO_UM_Calgar_concede.ogg	UM1	Marneus Calgar	Ultramarines	concede	May our sacrifice be worthy of the Emperor.	9.58		
VO_UM_Calgar_death.ogg	UM1	Marneus Calgar	Ultramarines	death	FAAAHHHHHHHHHHHHH!	9.78		
VO_UM_Calgar_gen1.ogg	UM1	Marneus Calgar	Ultramarines	gen1	Let us cleanse this place, brothers.	8.78		
VO_UM_Calgar_gen2.ogg	UM1	Marneus Calgar	Ultramarines	gen2	Battles like this are what I was made for.	8.99		
VO_UM_Calgar_gen3.ogg	UM1	Marneus Calgar	Ultramarines	gen3	Have you lost your taste for battle?	9.69		
VO_UM_Calgar_gen4.ogg	UM1	Marneus Calgar	Ultramarines	gen4	It is not a question of honor, but of duty.	9.72		
VO_UM_Calgar_gen5.ogg	UM1	Marneus Calgar	Ultramarines	gen5	When an ultramarine bleeds, so does the chapter.	9.74		
VO_UM_Calgar_gen6.ogg	UM1	Marneus Calgar	Ultramarines	gen6	Regret is the most worthless emotion.	10.28		
VO_UM_Calgar_gen7.ogg	UM1	Marneus Calgar	Ultramarines	gen7	I look unkindly upon unnecessary heroics.	9.4		
VO_UM_Calgar_greet.ogg	UM1	Marneus Calgar	Ultramarines	greet	Throne be with us this battle.	9.26		
VO_UM_Calgar_hurry.ogg	UM1	Marneus Calgar	Ultramarines	hurry	Brothers, battle calls for us!	9.17		
VO_UM_Calgar_intro.ogg	UM1	Marneus Calgar	Ultramarines	intro	Warriors of Ultramar, courage and honor!	9.16		
VO_UM_Calgar_mirror.ogg	UM1	Marneus Calgar	Ultramarines	mirror	FOR ULTRUMMER!	9.22		
VO_UM_Calgar_threat.ogg	UM1	Marneus Calgar	Ultramarines	threat	Nothing shall stay our wrath!	9.44		
VO_UM_Calgar_vsAgemman.ogg	UM1	Marneus Calgar	Ultramarines	vsagemman	Fight well, Severus.	9.13		
VO_UM_Calgar_vsGhazghkull.ogg	UM1	Marneus Calgar	Ultramarines	vsghazghkull	Today we triumph over the Greenskins once more, brothers!	9.25		
VO_UM_Calgar_vsMkar.ogg	UM1	Marneus Calgar	Ultramarines	vsmkar	And why would I, when I wish to destroy you?	9.31		
VO_UM_Calgar_vsTyranids.ogg	UM1	Marneus Calgar	Ultramarines	vstyranids	Right here and now, the fate of humanity is in our hands.	9.23		
VO_UM_Calgar_vsUrielVentris.ogg	UM1	Marneus Calgar	Ultramarines	vsurielventris	The fourth company is in your hands, brother Captain Ventress.	9.81		
VO_UM_Calgar_vsVarro.ogg	UM1	Marneus Calgar	Ultramarines	vsvarro	Tell me, Varro, what do you see?	9.73		
VO_UM_Calgar_wp.ogg	UM1	Marneus Calgar	Ultramarines	wp	Formidable, but no match for the Emperor's finest.	8.95		
VO_UM_Cato Sicarius - Let none stay our wrath.ogg	UM44	Captain Sicarius	Ultramarines	line	Let none stay a-wrath!	8.61	Let none stay our wrath	
VO_UM_Chairon (with Gadriel in play) - We shall thin their numbers today, brother.ogg	UM_Chairon	Chairon	Ultramarines	line	We shall thin their numbers today, brother.	8.73	We shall thin their numbers today, brother	
VO_UM_Chairon - I will make them suffer now.ogg	UM_Chairon	Chairon	Ultramarines	line	I will make them suffer now.	9.49	I will make them suffer now	
VO_UM_Chaplain Cassius - At our backs stand the whole of the Imperium.wav	UM84	Chaplain Cassius	Ultramarines	line	At our backs stands the whole of the Imperium.	9.91	At our backs stand the whole of the Imperium	
VO_UM_Chaplain Letharius_attack.ogg	UM65	Chaplain Letharius	Ultramarines	attack	RAAAGH!	10.06		
VO_UM_Chaplain Letharius_cantDo.ogg	UM65	Chaplain Letharius	Ultramarines	cantdo	The Codex forbids this!	9.81		
VO_UM_Chaplain Letharius_concede.ogg	UM65	Chaplain Letharius	Ultramarines	concede	A reckoning shall come!	9.62		
VO_UM_Chaplain Letharius_death.ogg	UM65	Chaplain Letharius	Ultramarines	death	Ah!	9.6		generic
VO_UM_Chaplain Letharius_gen1.ogg	UM65	Chaplain Letharius	Ultramarines	gen1	May his light guide us to victory!	9.74		
VO_UM_Chaplain Letharius_gen2.ogg	UM65	Chaplain Letharius	Ultramarines	gen2	Faster! Let your zeal drive you forward!	9.7		
VO_UM_Chaplain Letharius_gen3.ogg	UM65	Chaplain Letharius	Ultramarines	gen3	We ride with courage and honor!	9.64		
VO_UM_Chaplain Letharius_gen4.ogg	UM65	Chaplain Letharius	Ultramarines	gen4	You are defeated!	9.75		
VO_UM_Chaplain Letharius_gen5.ogg	UM65	Chaplain Letharius	Ultramarines	gen5	I am his judgment. The crows is his sentence.	9.85		
VO_UM_Chaplain Letharius_gen6.ogg	UM65	Chaplain Letharius	Ultramarines	gen6	Let your zeal fuel you! Forgive him, man!	9.77		
VO_UM_Chaplain Letharius_gen7.ogg	UM65	Chaplain Letharius	Ultramarines	gen7	The Emperor's wrath is swift and unrelenting!	10.33		
VO_UM_Chaplain Letharius_greet.ogg	UM65	Chaplain Letharius	Ultramarines	greet	So comes the time of righteous purging.	10.15		
VO_UM_Chaplain Letharius_hurry.ogg	UM65	Chaplain Letharius	Ultramarines	hurry	We must move faster!	10.0		
VO_UM_Chaplain Letharius_intro.ogg	UM65	Chaplain Letharius	Ultramarines	intro	Forward, brothers! Today, we deliver the Emperor's wrath!	11.02		
VO_UM_Chaplain Letharius_mirror.ogg	UM65	Chaplain Letharius	Ultramarines	mirror	Let the enemy quake beneath our treads!	10.45		
VO_UM_Chaplain Letharius_threat.ogg	UM65	Chaplain Letharius	Ultramarines	threat	No one outruns the Emperor's judgment!	10.13		
VO_UM_Chaplain Letharius_vsGhallaron.ogg	UM65	Chaplain Letharius	Ultramarines	vsghallaron	Your accursed existence will come to an end. I will make sure of it.	10.18		
VO_UM_Chaplain Letharius_vsVanderghast.ogg	UM65	Chaplain Letharius	Ultramarines	vsvanderghast	Rejoice! For today, we cleanse the skies of these foul creatures!	9.79		
VO_UM_Chaplain Letharius_vsVentris.ogg	UM65	Chaplain Letharius	Ultramarines	vsventris	You failed to heed the Codex once. How soon will history repeat itself?	9.81		
VO_UM_Chaplain Letharius_wp.ogg	UM65	Chaplain Letharius	Ultramarines	wp	Set aside your arrogance. It will but hasten your downfall.	9.82		
VO_UM_Chapter Champion - I am Guilliman's blade!.wav	UM78	Chapter Champion	Ultramarines	line	I am Guillemin's blade!	9.67	I am Guilliman's blade!	
VO_UM_Company Ancient - For the Chapter and Lord Guilliman.ogg	UM35	Company Ancient	Ultramarines	line	For the chapter and Lord Gilliman!	9.66	For the Chapter and Lord Guilliman	
VO_UM_Desolation Marine - Enemy located Leave no trace of them.ogg	UM_Desolation_Marine	Desolation Marine	Ultramarines	line	Enemy located. Leave no trace of them.	9.7	Enemy located Leave no trace of them	
VO_UM_Devastator Centurion - We march for Macragge.ogg	UM39	Devastator Centurion	Ultramarines	line	We march for McCrag!	9.78	We march for Macragge	
VO_UM_Devastator Marine - Keep firing! Sustained volley!.wav	UM39	Devastator Centurion	Ultramarines	line	Keep firing! Sustained volley!	9.72	Keep firing! Sustained volley!	
VO_UM_Dreadnought - Face the consequences of your existence.wav	UM86	Dreadnought	Ultramarines	line	Face the consequences of your existence.	9.48	Face the consequences of your existence	
VO_UM_Eliminator - Target acquired Your fate is sealed.ogg	UM17	Eliminator	Ultramarines	line	Target acquired. Your fate is sealed.	9.7	Target acquired Your fate is sealed	
VO_UM_Eliminator Sergeant - None will escape under my watch.ogg	UM17	Eliminator	Ultramarines	line	None will escape under my watch.	9.78	None will escape under my watch	
VO_UM_Epistolary Librarian - Knowledge is my blade wisdom my bullet.ogg	UM40	Epistolary Librarian	Ultramarines	line	Knowledge is my blade. Wisdom my bullet.	9.53	Knowledge is my blade wisdom my bullet	
VO_UM_Eradicator - We bring the fires of retribution Burn them down!.ogg	UM_Primaris_Eradicator	Primaris Eradicator	Ultramarines	line	We bring the fires of retribution. Burn them down!	9.65	We bring the fires of retribution Burn them down!	
VO_UM_Ferren Areios - Pride outlives the prideful I make sure of it.wav	UM89	Ferren Areios	Ultramarines	line	Pride outlives the prideful. I make sure of it.	9.6	Pride outlives the prideful I make sure of it	
VO_UM_Firstborn - We are the sons of Guilliman.ogg	UM13	Firstborn	Ultramarines	line	We are the sons of Gelliman.	9.61	We are the sons of Guilliman	
VO_UM_Guilliman_Backup1.wav	UM_Roboute_Guilliman	Roboute Guilliman	Ultramarines	backup1	I will not walk a forbidden path.	9.61		
VO_UM_Guilliman_Backup10.wav	UM_Roboute_Guilliman	Roboute Guilliman	Ultramarines	backup10	How can anyone say they are strong if they have never been tested?	10.01		
VO_UM_Guilliman_Backup11.wav	UM_Roboute_Guilliman	Roboute Guilliman	Ultramarines	backup11	I am the Emperor's voice, not his puppet.	9.79		
VO_UM_Guilliman_Backup12.wav	UM_Roboute_Guilliman	Roboute Guilliman	Ultramarines	backup12	Heresy is not to be reasoned with, it is to be exterminated.	9.9		
VO_UM_Guilliman_Backup2.wav	UM_Roboute_Guilliman	Roboute Guilliman	Ultramarines	backup2	Survival is not enough. Mere survival means decline.	9.57		
VO_UM_Guilliman_Backup3.wav	UM_Roboute_Guilliman	Roboute Guilliman	Ultramarines	backup3	You face zeal forged through millennia.	9.49		
VO_UM_Guilliman_Backup4.wav	UM_Roboute_Guilliman	Roboute Guilliman	Ultramarines	backup4	Action without reason begets doom.	9.58		
VO_UM_Guilliman_Backup5.wav	UM_Roboute_Guilliman	Roboute Guilliman	Ultramarines	backup5	This is no longer war. This is a crusade to cleanse the stars.	9.82		
VO_UM_Guilliman_Backup6.wav	UM_Roboute_Guilliman	Roboute Guilliman	Ultramarines	backup6	The Imperium stands by will and resolve.	9.99		
VO_UM_Guilliman_Backup7.wav	UM_Roboute_Guilliman	Roboute Guilliman	Ultramarines	backup7	The past is dead, the present nearly so. Only in the future is their life.	9.89		
VO_UM_Guilliman_Backup8.wav	UM_Roboute_Guilliman	Roboute Guilliman	Ultramarines	backup8	We are but pieces on the board of eternity.	9.99		
VO_UM_Guilliman_Backup9.wav	UM_Roboute_Guilliman	Roboute Guilliman	Ultramarines	backup9	We constantly battle the sins of those who have come before.	10.47		
VO_UM_Guilliman_attack.wav	UM_Roboute_Guilliman	Roboute Guilliman	Ultramarines	attack	HA!	10.9		
VO_UM_Guilliman_cantDo.wav	UM_Roboute_Guilliman	Roboute Guilliman	Ultramarines	cantdo	I will not compromise the codex.	10.26		
VO_UM_Guilliman_concede.wav	UM_Roboute_Guilliman	Roboute Guilliman	Ultramarines	concede	Is this what you wanted from me, Father?	10.51		
VO_UM_Guilliman_death.wav	UM_Roboute_Guilliman	Roboute Guilliman	Ultramarines	death	Boooooooo!	13.33		
VO_UM_Guilliman_gen1.wav	UM_Roboute_Guilliman	Roboute Guilliman	Ultramarines	gen1	Pride undoes the mightiest.	21.24		
VO_UM_Guilliman_gen2.wav	UM_Roboute_Guilliman	Roboute Guilliman	Ultramarines	gen2	Only by reason can Shadow be banished.	10.17		
VO_UM_Guilliman_gen3.wav	UM_Roboute_Guilliman	Roboute Guilliman	Ultramarines	gen3	Rise for Ultima, rise for Terra and the Imperium.	10.0		
VO_UM_Guilliman_gen4.wav	UM_Roboute_Guilliman	Roboute Guilliman	Ultramarines	gen4	We are all bound by courage and honor.	9.81		
VO_UM_Guilliman_gen5.wav	UM_Roboute_Guilliman	Roboute Guilliman	Ultramarines	gen5	An outcome is forged by will, not fortune.	10.0		
VO_UM_Guilliman_gen6.wav	UM_Roboute_Guilliman	Roboute Guilliman	Ultramarines	gen6	I will not mourn the Imperium again.	9.82		
VO_UM_Guilliman_gen7.wav	UM_Roboute_Guilliman	Roboute Guilliman	Ultramarines	gen7	Keep your eyes forward. Look at what is to come.	9.81		
VO_UM_Guilliman_greet.wav	UM_Roboute_Guilliman	Roboute Guilliman	Ultramarines	greet	Whether you see a new dawn is no longer your decision.	10.37		
VO_UM_Guilliman_hurry.wav	UM_Roboute_Guilliman	Roboute Guilliman	Ultramarines	hurry	I am no slave to impulse nor to stagnancy.	10.33		
VO_UM_Guilliman_intro.wav	UM_Roboute_Guilliman	Roboute Guilliman	Ultramarines	intro	Enough blood has been shed in my name. It's time I honor it.	10.46		
VO_UM_Guilliman_mirror.wav	UM_Roboute_Guilliman	Roboute Guilliman	Ultramarines	mirror	Every sacrifice, every decree, all for one more beat of the Imperium's heart.	10.27		
VO_UM_Guilliman_threat.wav	UM_Roboute_Guilliman	Roboute Guilliman	Ultramarines	threat	Mercy is a luxury the Imperium can no longer afford.	9.39		
VO_UM_Guilliman_vsAbaddon.wav	UM_Roboute_Guilliman	Roboute Guilliman	Ultramarines	vsabaddon	You are nothing but my brother's shadow and deserve his same fate.	9.12		
VO_UM_Guilliman_vsFulgrim.wav	UM_Roboute_Guilliman	Roboute Guilliman	Ultramarines	vsfulgrim	Honor demands I slay you.	9.24		
VO_UM_Guilliman_vsLion.wav	UM_Roboute_Guilliman	Roboute Guilliman	Ultramarines	vslion	We can ill afford division, not between us, not now.	9.21		
VO_UM_Guilliman_vsLucius.wav	UM_Roboute_Guilliman	Roboute Guilliman	Ultramarines	vslucius	The shortcomings of old will haunt us no longer.	9.32		
VO_UM_Guilliman_vsMortarion.wav	UM_Roboute_Guilliman	Roboute Guilliman	Ultramarines	vsmortarion	You are a traitor. You have brought low all that could have been.	9.21		
VO_UM_Guilliman_vsMorven.wav	UM_Roboute_Guilliman	Roboute Guilliman	Ultramarines	vsmorven	Belief alone will not save us.	8.93		
VO_UM_Guilliman_vsTyranid.wav	UM_Roboute_Guilliman	Roboute Guilliman	Ultramarines	vstyranid	Your foulness shall soon be but a memory.	9.17		
VO_UM_Guilliman_vsUM.wav	UM_Roboute_Guilliman	Roboute Guilliman	Ultramarines	vsum	Let me witness my Scion's deeds firsthand.	9.02		
VO_UM_Guilliman_vsUriel.wav	UM_Roboute_Guilliman	Roboute Guilliman	Ultramarines	vsuriel	I'm glad to see you survive the Rubicon Primaris.	9.35		
VO_UM_Guilliman_wp.wav	UM_Roboute_Guilliman	Roboute Guilliman	Ultramarines	wp	It seems you have a grasp of the practical after all.	9.24		
VO_UM_Heavy Intercessor - Stand firm, sons of Ultramar!.ogg	UM_Heavy_Intercessor	Heavy Intercessor	Ultramarines	line	Stand firm, sons of Ultramar!	8.98	Stand firm, sons of Ultramar!	
VO_UM_Hellblaster Squad - The bigger they are the harder they fall.ogg	UM_Hellblaster	Hellblaster	Ultramarines	line	The bigger they are, the harder they fall.	8.97	The bigger they are the harder they fall	
VO_UM_Honour Guard - For courage and honour.ogg	UM_Honour_Guard	Honour Guard	Ultramarines	line	FOR CARAGE AND HONOR!	9.32	For courage and honour	
VO_UM_Inceptor Sergeant - Ready your jump packs we strike now.ogg	UM_Primaris_Inceptor	Primaris Inceptor	Ultramarines	line	Ready your jump packs? We strike now!	9.2	Ready your jump packs we strike now	
VO_UM_Incursor - Target acquired. Bring it down!.wav	UM71	Incursor	Ultramarines	line	Targets acquired. Bring it down!	9.12	Target acquired. Bring it down!	
VO_UM_Intercessor Sergeant - For the Emperor and the Primarch.ogg	UM12	Assault Intercessor	Ultramarines	line	For the Emperor and the Primarch!	9.08	For the Emperor and the Primarch	
VO_UM_Invictor Warsuit - There is nowhere we fear to tread.ogg	UM_Invictor_Warsuit	Invictor Warsuit	Ultramarines	line	There is nowhere we fear to tread!	9.24	There is nowhere we fear to tread	
VO_UM_Land Speeder - None shall stand in our way.ogg	UM_Land_Speeder	Land Speeder	Ultramarines	line	None shall stand in our way!	9.1	None shall stand in our way	
VO_UM_Lieutenant Calsius - Form up and advance.ogg	UM_Lieutenant_Calsius	Lieutenant Calsius	Ultramarines	line	Form up and advance.	9.43	Form up and advance	
VO_UM_Octavio Infiltrator - Hold positions, we strike soon.ogg	UM10	Octavio Infiltrator	Ultramarines	line	Hold positions! We strike soon!	9.5	Hold positions, we strike soon	
VO_UM_Outrider - With all due haste.ogg	UM_Outrider	Outrider	Ultramarines	line	With all due haste!	9.33	With all due haste	
VO_UM_Phobos Librarian - We are His will made manifest!.wav	UM81	Phobos Librarian	Ultramarines	line	We are his will made manifest!	9.31	We are His will made manifest!	
VO_UM_Phobos Lieutenant - The Emperor's grace follows us.wav	UM_Phobos_Lieutenant	Phobos Lieutenant	Ultramarines	line	The Emperor's grace follows us.	9.65	The Emperor's grace follows us	
VO_UM_Primaris Chaplain - Trust in the Emperor at the hour of battle.ogg	UM_Primaris_Chaplain	Primaris Chaplain	Ultramarines	line	Trust in the Emperor at the hour of battle!	9.37	Trust in the Emperor at the hour of battle	
VO_UM_Primaris Impulsor - There's no hiding from Ultramar's wrath.ogg	UM_Primaris_Impulsor	Primaris Impulsor	Ultramarines	line	There's no hiding from Ultramar's wrath!	9.27	There's no hiding from Ultramar's wrath	
VO_UM_Primaris Inceptor - One strike is all I need.ogg	UM_Primaris_Inceptor	Primaris Inceptor	Ultramarines	line	One strike is all I need.	9.23	One strike is all I need	
VO_UM_Primaris Intercessor - For the Imperium.ogg	UM14	Primaris Intercessor	Ultramarines	line	FOR THE IMPERIUM!	9.32	For the Imperium	
VO_UM_Primaris Judiciar - Intro.ogg	UM32	Primaris Judiciar	Ultramarines	line	.	9.67	Intro	
VO_UM_Primaris Reiver - They'll be dead before they see me coming.ogg	UM_Primaris_Reiver	Primaris Reiver	Ultramarines	line	They'll be dead before they see me coming.	9.06	They'll be dead before they see me coming	
VO_UM_Primaris Techmarine - I await your instructions.ogg	UM_Primaris_Techmarine	Primaris Techmarine	Ultramarines	line	I await your instructions.	9.17	I await your instructions	
VO_UM_Redemptor Dreadnought - Even in death I still serve.ogg	UM_Redemptor_Dreadnought	Redemptor Dreadnought	Ultramarines	line	Even in death, I still surf.	9.29	Even in death I still serve	
VO_UM_Repulsor Executioner - Let the roar of our cannons herald their doom.ogg	UM_Repulsor_Executioner	Repulsor Executioner	Ultramarines	line	Let the roar of our cannons herald their doom.	9.24	Let the roar of our cannons herald their doom	
VO_UM_Scout - Taking cover enemies in range.ogg	UM11	Scout	Ultramarines	line	Taking cover. Enemies in range.	9.33	Taking cover enemies in range	
VO_UM_Scout Bike - Aim true and strike them down.ogg	UM_Scout_bike	Scout bike	Ultramarines	line	Aim true and strike them down!	9.26	Aim true and strike them down	
VO_UM_Scout Sniper - Cut the head and the body will follow.wav	UM_Scout_Sniper	Scout Sniper	Ultramarines	line	Cut the head and the body will follow.	9.23	Cut the head and the body will follow	
VO_UM_Sergeant Allectius - Death wont take me without a fight.ogg	UM28	Sergeant Allectius	Ultramarines	line	Death won't take me without a fight.	9.26	Death wont take me without a fight	
VO_UM_Sergeant Gadriel (with Chairon in play) - You care to see who can slay more Xenos, brother Chairon.ogg	UM_Sergeant_Gadriel	Sergeant Gadriel	Ultramarines	line	Care to see who can slay more Xenos, Brother Chiron?	9.28	You care to see who can slay more Xenos, brother Chairon	
VO_UM_Sergeant Gadriel - Take them down!.ogg	UM_Sergeant_Gadriel	Sergeant Gadriel	Ultramarines	line	Take them down!	9.39	Take them down!	
VO_UM_Sergeant Tellion - Strike at their weakness to prevail.ogg	UM_Sergeant_Telion	Sergeant Telion	Ultramarines	line	Strike at their weakness to prevail!	9.34	Strike at their weakness to prevail	
VO_UM_Sternguard Veteran Sergeant - Shot by shot we will purge the Galaxy.ogg	UM_Tyrannic_War_Veteran	Tyrannic War Veteran	Ultramarines	line	Shot by shot, we will purge the galaxy!	9.6	Shot by shot we will purge the Galaxy	
VO_UM_Storm Speeder Hailstrike - Target acquired Leave no trace of them.ogg	UM_Storm_Speeder_Hailstrike	Storm Speeder Hailstrike	Ultramarines	line	Targets acquired! Leave no trace of them!	9.61	Target acquired Leave no trace of them	
VO_UM_Stormtalon - Target located, flying into position.ogg	UM41	Stormtalon	Ultramarines	line	Target located. Flying into position.	9.54	Target located, flying into position	
VO_UM_Suppressor - A bolt unfired is a bolt wasted.wav	UM_Suppressor	Suppressor	Ultramarines	line	A bolt unfired is a bolt wasted!	9.85	A bolt unfired is a bolt wasted	
VO_UM_Tactical Marine - We are all sons of Lord Guilliman We all serve the Emperor.wav	UM_Master_Tactician	Master Tactician	Ultramarines	line	We are all sons of Lord Gilliman. We all serve the Emperor.	9.78	We are all sons of Lord Guilliman We all serve the Emperor	
VO_UM_Terminator - I will test the limits of your arrogance.wav	UM82	Terminator	Ultramarines	line	I will test the limits of your arrogance.	10.89	I will test the limits of your arrogance	
VO_UM_Terminator Captain - Break them! Leave none standing!.wav	UM88	Terminator Captain	Ultramarines	line	Break them! Leave none standing!	10.38	Break them! Leave none standing!	
VO_UM_Titus_Backup1.ogg	UM_Lieutenant_Titus	Lieutenant Titus	Ultramarines	backup1	They will pay dearly for this.	10.48		
VO_UM_Titus_Backup2.ogg	UM_Lieutenant_Titus	Lieutenant Titus	Ultramarines	backup2	In his name I will fight!	9.72		
VO_UM_Titus_attack.ogg	UM_Lieutenant_Titus	Lieutenant Titus	Ultramarines	attack	Nya!	10.48		
VO_UM_Titus_cantDo.ogg	UM_Lieutenant_Titus	Lieutenant Titus	Ultramarines	cantdo	Cannot yet oblige.	9.9		
VO_UM_Titus_concede.ogg	UM_Lieutenant_Titus	Lieutenant Titus	Ultramarines	concede	Death is the luxury of mortals.	8.74		
VO_UM_Titus_death.ogg	UM_Lieutenant_Titus	Lieutenant Titus	Ultramarines	death	*Grunts*	8.59		
VO_UM_Titus_gen1.ogg	UM_Lieutenant_Titus	Lieutenant Titus	Ultramarines	gen1	Emperor, give me strength!	8.47		
VO_UM_Titus_gen2.ogg	UM_Lieutenant_Titus	Lieutenant Titus	Ultramarines	gen2	Victory belongs to whomever will go farthest to achieve it.	8.57		
VO_UM_Titus_gen3.ogg	UM_Lieutenant_Titus	Lieutenant Titus	Ultramarines	gen3	The Codex is a guide, not a commandment.	8.55		
VO_UM_Titus_gen4.ogg	UM_Lieutenant_Titus	Lieutenant Titus	Ultramarines	gen4	We march for McCrag.	8.51		
VO_UM_Titus_gen5.ogg	UM_Lieutenant_Titus	Lieutenant Titus	Ultramarines	gen5	For Uchima!	8.39		
VO_UM_Titus_gen6.ogg	UM_Lieutenant_Titus	Lieutenant Titus	Ultramarines	gen6	I will not falter while I still draw breath.	8.58		
VO_UM_Titus_gen7.ogg	UM_Lieutenant_Titus	Lieutenant Titus	Ultramarines	gen7	Come face the wrath of Ultramar.	9.07		
VO_UM_Titus_greet.ogg	UM_Lieutenant_Titus	Lieutenant Titus	Ultramarines	greet	Courage and honor.	10.06		
VO_UM_Titus_hurry.ogg	UM_Lieutenant_Titus	Lieutenant Titus	Ultramarines	hurry	No time to rest.	9.33		
VO_UM_Titus_intro.ogg	UM_Lieutenant_Titus	Lieutenant Titus	Ultramarines	intro	We are the Emperor's chosen.	8.78		
VO_UM_Titus_mirror.ogg	UM_Lieutenant_Titus	Lieutenant Titus	Ultramarines	mirror	The galaxy will always find new ways to test you.	8.58		
VO_UM_Titus_threat.ogg	UM_Lieutenant_Titus	Lieutenant Titus	Ultramarines	threat	Face the Emperor's wrath!	8.48		
VO_UM_Titus_vsAeldari.ogg	UM_Lieutenant_Titus	Lieutenant Titus	Ultramarines	vsaeldari	Leave no Xenos standing!	8.54		
VO_UM_Titus_vsChaos.ogg	UM_Lieutenant_Titus	Lieutenant Titus	Ultramarines	vschaos	Bury these accursed heretics!	8.4		
VO_UM_Titus_vsOrk.ogg	UM_Lieutenant_Titus	Lieutenant Titus	Ultramarines	vsork	Xenos Filth!	8.35		
VO_UM_Titus_vsTyranids.ogg	UM_Lieutenant_Titus	Lieutenant Titus	Ultramarines	vstyranids	Tyranids! Give no quarter!	8.42		
VO_UM_Titus_wp.ogg	UM_Lieutenant_Titus	Lieutenant Titus	Ultramarines	wp	They are not rid of me yet.	8.36		
VO_UM_Tyrannic War Veteran - We must push back the tide.ogg	UM_Tyrannic_War_Veteran	Tyrannic War Veteran	Ultramarines	line	We must push back the tide!	8.46	We must push back the tide	
VO_UM_Valius Paxor_Backup1.wav	UM70	Valius Paxor	Ultramarines	backup1	Let valor guide your aim against the dying of the light.	8.44		
VO_UM_Valius Paxor_Backup2.wav	UM70	Valius Paxor	Ultramarines	backup2	needs dictate a new angle of attack.	8.54		
VO_UM_Valius Paxor_Backup3.wav	UM70	Valius Paxor	Ultramarines	backup3	It is not in my nature to yield.	8.53		
VO_UM_Valius Paxor_Backup4.wav	UM70	Valius Paxor	Ultramarines	backup4	Strike with purpose. Charge with zeal.	9.18		
VO_UM_Valius Paxor_Backup5.wav	UM70	Valius Paxor	Ultramarines	backup5	Beg not for the mercy you do not deserve.	9.14		
VO_UM_Valius Paxor_Backup6.wav	UM70	Valius Paxor	Ultramarines	backup6	We are warriors of Ultramar. Courage and honor converged.	8.76		
VO_UM_Valius Paxor_attack.wav	UM70	Valius Paxor	Ultramarines	attack	*Gah*	8.4		
VO_UM_Valius Paxor_cantDo.wav	UM70	Valius Paxor	Ultramarines	cantdo	This action is forbidden.	8.46		
VO_UM_Valius Paxor_concede.wav	UM70	Valius Paxor	Ultramarines	concede	I shall wash this shame away. That I promise.	9.9		
VO_UM_Valius Paxor_death.wav	UM70	Valius Paxor	Ultramarines	death	*Screams*	8.99		
VO_UM_Valius Paxor_gen1.wav	UM70	Valius Paxor	Ultramarines	gen1	You will break long before my shield does.	8.57		
VO_UM_Valius Paxor_gen2.wav	UM70	Valius Paxor	Ultramarines	gen2	One fierce strike can sunder entire armies.	8.76		
VO_UM_Valius Paxor_gen3.wav	UM70	Valius Paxor	Ultramarines	gen3	Steel and resolve will pave the way.	8.64		
VO_UM_Valius Paxor_gen4.wav	UM70	Valius Paxor	Ultramarines	gen4	You are not half the horrors I faced on Talazar.	8.46		
VO_UM_Valius Paxor_gen5.wav	UM70	Valius Paxor	Ultramarines	gen5	A step in one direction is two steps away from another.	8.5		
VO_UM_Valius Paxor_gen6.wav	UM70	Valius Paxor	Ultramarines	gen6	Wield your courage to crush even the deepest shadows!	8.48		
VO_UM_Valius Paxor_gen7.wav	UM70	Valius Paxor	Ultramarines	gen7	I will not be caught unaware again.	8.51		
VO_UM_Valius Paxor_greet.wav	UM70	Valius Paxor	Ultramarines	greet	Your path ends where my hammer falls.	8.51		
VO_UM_Valius Paxor_hurry.wav	UM70	Valius Paxor	Ultramarines	hurry	Let no moment slip. Strike now.	8.52		
VO_UM_Valius Paxor_intro.wav	UM70	Valius Paxor	Ultramarines	intro	The thunder of Ultramar shall echo through eternity!	8.56		
VO_UM_Valius Paxor_mirror.wav	UM70	Valius Paxor	Ultramarines	mirror	For the Primarch!	8.51		
VO_UM_Valius Paxor_threat.wav	UM70	Valius Paxor	Ultramarines	threat	From the sky's death.	8.54		
VO_UM_Valius Paxor_vsEC.wav	UM70	Valius Paxor	Ultramarines	vsec	"""Is there no limit to your arrogance?"""	8.56		
VO_UM_Valius Paxor_vsTyranids.wav	UM70	Valius Paxor	Ultramarines	vstyranids	Time has come for these wretches to meet their end.	8.65		
VO_UM_Valius Paxor_vsUM.wav	UM70	Valius Paxor	Ultramarines	vsum	There is wisdom in brotherhood and value in its testing.	8.46		
VO_UM_Valius Paxor_wp.wav	UM70	Valius Paxor	Ultramarines	wp	Tactical acumen! This might yet be a great battle!	8.56		
VO_UM_Valtus, Redemptor Dreadnought- Lead me to the slaughter!.ogg	UM_Redemptor_Dreadnought	Redemptor Dreadnought	Ultramarines	line	Lead me to the slaughter!	8.68		
VO_UM_Vico Therbeus - Our foes seem without limit but we will find it.wav	UM_Vico_Therbeus	Vico Therbeus	Ultramarines	line	Our foes seem without limit, but we will find it.	8.55	Our foes seem without limit but we will find it	
VO_UM_Whirlwind - We bring Ultramar's fire!.wav	UM90	Whirlwind	Ultramarines	line	We bring Ultramar's fire!	8.4	We bring Ultramar's fire!	
VO_Ultramarines_Tigurius_attack.ogg	UM5	Varro Tigurius	Ultramarines	attack	Ugh!	8.43		
VO_Ultramarines_Tigurius_cantDo.ogg	UM5	Varro Tigurius	Ultramarines	cantdo	I can't do that.	8.44		
VO_Ultramarines_Tigurius_concede.ogg	UM5	Varro Tigurius	Ultramarines	concede	The future is not set. Hope always glimmers.	8.42		
VO_Ultramarines_Tigurius_death.ogg	UM5	Varro Tigurius	Ultramarines	death	Oh!	8.62		generic
VO_Ultramarines_Tigurius_gen1.ogg	UM5	Varro Tigurius	Ultramarines	gen1	You don't understand the complexities of the subtle arts.	8.58		
VO_Ultramarines_Tigurius_gen2.ogg	UM5	Varro Tigurius	Ultramarines	gen2	Taking risks is sometimes a necessity.	8.58		
VO_Ultramarines_Tigurius_gen3.ogg	UM5	Varro Tigurius	Ultramarines	gen3	I can see through your plan.	8.65		
VO_Ultramarines_Tigurius_gen4.ogg	UM5	Varro Tigurius	Ultramarines	gen4	The clever combatant imposes his will on the enemy.	8.49		
VO_Ultramarines_Tigurius_gen5.ogg	UM5	Varro Tigurius	Ultramarines	gen5	There is no honor in foolishness.	8.53		
VO_Ultramarines_Tigurius_gen6.ogg	UM5	Varro Tigurius	Ultramarines	gen6	Never falter. There is hope yet.	8.45		
VO_Ultramarines_Tigurius_gen7.ogg	UM5	Varro Tigurius	Ultramarines	gen7	Ultramarines, stand with weapons ready!	8.6		
VO_Ultramarines_Tigurius_greet.ogg	UM5	Varro Tigurius	Ultramarines	greet	I foresaw this encounter.	8.46		
VO_Ultramarines_Tigurius_hurry.ogg	UM5	Varro Tigurius	Ultramarines	hurry	Each path must be chosen with care.	8.52		
VO_Ultramarines_Tigurius_intro.ogg	UM5	Varro Tigurius	Ultramarines	intro	What is yet to come is for us to decide.	8.47		
VO_Ultramarines_Tigurius_mirror.ogg	UM5	Varro Tigurius	Ultramarines	mirror	May Ultramar stand in the times to be!	8.52		
VO_Ultramarines_Tigurius_threat.ogg	UM5	Varro Tigurius	Ultramarines	threat	Run, or accept your fate.	8.55		
VO_Ultramarines_Tigurius_vsCalgar.ogg	UM5	Varro Tigurius	Ultramarines	vscalgar	I wish you hadn't asked, my friend.	8.46		
VO_Ultramarines_Tigurius_vsGuilliman.ogg	UM5	Varro Tigurius	Ultramarines	vsguilliman	Aye, my lord.	8.46		
VO_Ultramarines_Tigurius_vsMKar.ogg	UM5	Varro Tigurius	Ultramarines	vsmkar	You should never have returned, demon.	8.46		
VO_Ultramarines_Tigurius_vsTBC1.ogg	UM5	Varro Tigurius	Ultramarines	vstbc1	Divination is not an exact science.	8.52		
VO_Ultramarines_Tigurius_vsTBC2.ogg	UM5	Varro Tigurius	Ultramarines	vstbc2	Any plan is better than no plan.	8.6		
VO_Ultramarines_Tigurius_vsVentris.ogg	UM5	Varro Tigurius	Ultramarines	vsventris	The fate of the Ultramarines is bonded to you, Captain Ventress.	8.59		
VO_Ultramarines_Tigurius_wp.ogg	UM5	Varro Tigurius	Ultramarines	wp	Oh, you're cunning, but I'm wise to you.	8.54		
VO_Ultramarines_Ventris_attack.ogg	UM3	Uriel Ventris	Ultramarines	attack	YEAH!	8.44		generic
VO_Ultramarines_Ventris_cantDo.ogg	UM3	Uriel Ventris	Ultramarines	cantdo	I can't do that!	8.41		
VO_Ultramarines_Ventris_concede.ogg	UM3	Uriel Ventris	Ultramarines	concede	This place is no longer safe! Fall back!	8.42		
VO_Ultramarines_Ventris_death.ogg	UM3	Uriel Ventris	Ultramarines	death	*Grunting*	8.46		
VO_Ultramarines_Ventris_gen1.ogg	UM3	Uriel Ventris	Ultramarines	gen1	We will not fail! We are ultramarines!	8.47		
VO_Ultramarines_Ventris_gen2.ogg	UM3	Uriel Ventris	Ultramarines	gen2	You can't always guide your actions through cold logic.	8.47		
VO_Ultramarines_Ventris_gen3.ogg	UM3	Uriel Ventris	Ultramarines	gen3	Every shot counts.	8.37		
VO_Ultramarines_Ventris_gen4.ogg	UM3	Uriel Ventris	Ultramarines	gen4	I am not in the habit of praying for good outcomes.	8.85		
VO_Ultramarines_Ventris_gen5.ogg	UM3	Uriel Ventris	Ultramarines	gen5	I acted on instinct.	8.49		
VO_Ultramarines_Ventris_gen6.ogg	UM3	Uriel Ventris	Ultramarines	gen6	You are what you do. It's all about actions.	8.43		
VO_Ultramarines_Ventris_gen7.ogg	UM3	Uriel Ventris	Ultramarines	gen7	This is beyond anything I've learned.	8.72		
VO_Ultramarines_Ventris_greet.ogg	UM3	Uriel Ventris	Ultramarines	greet	We have a great battle on our hands.	8.64		
VO_Ultramarines_Ventris_hurry.ogg	UM3	Uriel Ventris	Ultramarines	hurry	We need to move, now!	8.43		
VO_Ultramarines_Ventris_intro.ogg	UM3	Uriel Ventris	Ultramarines	intro	Swords of Kalth with me!	8.47		
VO_Ultramarines_Ventris_mirror.ogg	UM3	Uriel Ventris	Ultramarines	mirror	Ready for arrowhead formation!	8.61		
VO_Ultramarines_Ventris_threat.ogg	UM3	Uriel Ventris	Ultramarines	threat	I will tear you down and destroy you in his name!	8.58		
VO_Ultramarines_Ventris_vsCalgar.ogg	UM3	Uriel Ventris	Ultramarines	vscalgar	We stand ready to fight, Lord Kalgar.	8.57		
VO_Ultramarines_Ventris_vsChaos.ogg	UM3	Uriel Ventris	Ultramarines	vschaos	Take down those traitorous dogs!	8.55		
VO_Ultramarines_Ventris_wp.ogg	UM3	Uriel Ventris	Ultramarines	wp	Closer than I would have liked.	8.61		
Sautekh_Orikan_attack.ogg	SAU5	Orikan the Diviner	Sautekh	attack	BIRD!	7.72		
Sautekh_Orikan_cant.ogg	SAU5	Orikan the Diviner	Sautekh	cantdo	This cannot be done!	7.56		
Sautekh_Orikan_concede.ogg	SAU5	Orikan the Diviner	Sautekh	concede	Clearly, I need to go back in time and make adjustments.	7.57		
Sautekh_Orikan_death.ogg	SAU5	Orikan the Diviner	Sautekh	death	*Groans*	7.64		
Sautekh_Orikan_gen1.ogg	SAU5	Orikan the Diviner	Sautekh	gen1	Your tiny mind is no match for mine.	7.6		
Sautekh_Orikan_gen2.ogg	SAU5	Orikan the Diviner	Sautekh	gen2	I have foreseen the future, and you wouldn't like it.	7.57		
Sautekh_Orikan_gen3.ogg	SAU5	Orikan the Diviner	Sautekh	gen3	A tiny adjustment to my calculations can have sweeping results.	7.59		
Sautekh_Orikan_gen4.ogg	SAU5	Orikan the Diviner	Sautekh	gen4	When the stars are right, I will embrace my true destiny.	7.71		
Sautekh_Orikan_gen5.ogg	SAU5	Orikan the Diviner	Sautekh	gen5	Meticulous planning is all that is needed to prevail.	7.54		
Sautekh_Orikan_gen6.ogg	SAU5	Orikan the Diviner	Sautekh	gen6	Do you call that a strategy?	7.51		
Sautekh_Orikan_gen7.ogg	SAU5	Orikan the Diviner	Sautekh	gen7	Embrace the futility of your actions if you must.	7.59		
Sautekh_Orikan_greet.ogg	SAU5	Orikan the Diviner	Sautekh	greet	My name has been written throughout the eons.	7.53		
Sautekh_Orikan_hurry.ogg	SAU5	Orikan the Diviner	Sautekh	hurry	I have time, but not patience.	7.52		
Sautekh_Orikan_intro.ogg	SAU5	Orikan the Diviner	Sautekh	intro	Time is my weapon. Your pitiful mortality will be your ruin.	7.54		
Sautekh_Orikan_mirror.ogg	SAU5	Orikan the Diviner	Sautekh	mirror	In time you will rot, but I will still be here!	7.51		
Sautekh_Orikan_threat.ogg	SAU5	Orikan the Diviner	Sautekh	threat	Do what you will. You will soon be forgotten.	7.6		
Sautekh_Orikan_vsAbaddon.ogg	SAU5	Orikan the Diviner	Sautekh	vsabaddon	Only a fool uses the same strategy over and over again.	7.51		
Sautekh_Orikan_vsAeldari.ogg	SAU5	Orikan the Diviner	Sautekh	vsaeldari	Long live degenerates. Your time is long gone.	7.47		
Sautekh_Orikan_vsCadia.ogg	SAU5	Orikan the Diviner	Sautekh	vscadia	You live such short lives, why even bother?	7.46		
Sautekh_Orikan_vsImotekh.ogg	SAU5	Orikan the Diviner	Sautekh	vsimotekh	You'll find that the stars are aligned with me.	7.48		
Sautekh_Orikan_vsTBC.ogg	SAU5	Orikan the Diviner	Sautekh	vstbc	Mortality is a concept I have not struggled with in millennia.	7.59		
Sautekh_Orikan_vsTrazyn.ogg	SAU5	Orikan the Diviner	Sautekh	vstrazyn	Are millennial accumulation not enough for you?	7.49		
Sautekh_Orikan_wp.ogg	SAU5	Orikan the Diviner	Sautekh	wp	You defied my predictions and I must respect that.	7.51		
VO_ADS_Dogmata - Do not dare to fail in your duties.ogg	SOR32	Dogmata	Sororitas	line	Do not dare to fail in your duties!	7.48	Do not dare to fail in your duties	
VO_AM_Bullgryn Bone'ead - Get behind me!.ogg	AM28	Bullgryn Bone’ead	AstraMilitarum	line	Get behind me!	7.49	Get behind me!	
VO_CSM_EC_Threnodic Choir Flawless Blade (Andrew Dennis).ogg	EC13	Flawless Blade	EmperorsChildren	line	Oh, the notes I will pluck from your broken form.	7.55		
VO_Goff_Grukk_tbc.ogg	GOF1	Grukk Face-Rippa	Goff	tbc	Time to go all killy-like!	7.65		
VO_NOT USED_UM_Primaris Judiciar - You're not ready to take on a foe like me.ogg	UM32	Primaris Judiciar	Ultramarines	line	You're not ready to take on a foe like me.	7.58	You're not ready to take on a foe like me	
VO_Sautekh_Imotekh_attack.ogg	SAU1	Imotekh the Stormlord	Sautekh	attack	*Frapping*	7.56		
VO_Sautekh_Imotekh_cantDo.ogg	SAU1	Imotekh the Stormlord	Sautekh	cantdo	I cannot do that!	7.49		
VO_Sautekh_Imotekh_concede.ogg	SAU1	Imotekh the Stormlord	Sautekh	concede	This setback is merely an obstacle to be overcome.	7.54		
VO_Sautekh_Imotekh_death.ogg	SAU1	Imotekh the Stormlord	Sautekh	death	*GRAAAA!*	7.74		
VO_Sautekh_Imotekh_gen1.ogg	SAU1	Imotekh the Stormlord	Sautekh	gen1	For order, unity and obedience.	7.52		
VO_Sautekh_Imotekh_gen2.ogg	SAU1	Imotekh the Stormlord	Sautekh	gen2	In time, I will rule every star.	7.54		
VO_Sautekh_Imotekh_gen3.ogg	SAU1	Imotekh the Stormlord	Sautekh	gen3	Behold the storm blackened skies!	7.52		
VO_Sautekh_Imotekh_gen4.ogg	SAU1	Imotekh the Stormlord	Sautekh	gen4	You can't stop that which has been set in motion!	7.66		
VO_Sautekh_Imotekh_gen5.ogg	SAU1	Imotekh the Stormlord	Sautekh	gen5	Your life is a brief flicker to that of an immortal.	7.57		
VO_Sautekh_Imotekh_gen6.ogg	SAU1	Imotekh the Stormlord	Sautekh	gen6	The galaxy will only know peace when I am its ruler.	7.57		
VO_Sautekh_Imotekh_gen7.ogg	SAU1	Imotekh the Stormlord	Sautekh	gen7	Time is short for you, but not for me.	7.56		
VO_Sautekh_Imotekh_greet.ogg	SAU1	Imotekh the Stormlord	Sautekh	greet	You will whisper my name with fear and respect.	7.56		
VO_Sautekh_Imotekh_hurry.ogg	SAU1	Imotekh the Stormlord	Sautekh	hurry	The stars will not wait!	7.62		
VO_Sautekh_Imotekh_intro.ogg	SAU1	Imotekh the Stormlord	Sautekh	intro	I will reshape this galaxy into a place of order and unity.	7.6		
VO_Sautekh_Imotekh_mirror.ogg	SAU1	Imotekh the Stormlord	Sautekh	mirror	Under my reign, the kingdoms of old shall live again!	7.57		
VO_Sautekh_Imotekh_threat.ogg	SAU1	Imotekh the Stormlord	Sautekh	threat	I will show you the futility of your actions.	7.55		
VO_Sautekh_Imotekh_vsAeldari.ogg	SAU1	Imotekh the Stormlord	Sautekh	vsaeldari	I bear the hand of your Farseer. Do you care to take it back?	7.58		
VO_Sautekh_Imotekh_vsOrikan.ogg	SAU1	Imotekh the Stormlord	Sautekh	vsorikan	Did you foresee my victory, Diviner?	7.53		
VO_Sautekh_Imotekh_vsOrks.ogg	SAU1	Imotekh the Stormlord	Sautekh	vsorks	Your forsaken kind seek only to disrupt the logic of the galaxy.	7.62		
VO_Sautekh_Imotekh_vsTyranids.ogg	SAU1	Imotekh the Stormlord	Sautekh	vstyranids	My necrodermis cannot be devoured.	7.72		
VO_Sautekh_Imotekh_vsUriel.ogg	SAU1	Imotekh the Stormlord	Sautekh	vsuriel	Ten thousand years you have ruled with nothing to show for it.	7.58		
VO_Sautekh_Imotekh_wp.ogg	SAU1	Imotekh the Stormlord	Sautekh	wp	You proved yourself to be a worthy foe.	7.54		
VO_SpaceWolves_Iron Priest - Sharp senses, sharper steel.ogg	SW24	Iron Priest	SpaceWolves	line	Sharp senses. Sharp steel.	7.58	Sharp senses, sharper steel	
VO_SpaceWolves_Land Raider - We are the thunder of Fenris!.ogg	SW45	Land Raider	SpaceWolves	line	We are the founder of Fenris!	7.55	We are the thunder of Fenris!	
VO_SpaceWolves_Sons of Morkai Eliminator - Morkai's claws reach longer than one expects.ogg	SW36	Sons of Morkai Eliminator	SpaceWolves	line	Morokai's claws reach longer than one expects.	7.66	Morkai's claws reach longer than one expects	
VO_Tau_Empire_Fire Warrior Sniper - Precision and efficiency.ogg	TAU23	Fire Warrior Marksman	TauEmpire	line	Precision and efficiency.	7.55	Precision and efficiency	
VO_UM_2nd Company Terminator - Your fall will echo through the battlefield.wav	UM83	1st Company Terminator	Ultramarines	line	Your fall will echo through the battlefield.	7.6	Your fall will echo through the battlefield	
VO_UM_Bladeguard Lieutenant - Draw your blade for the Primarch.ogg	UM34	Bladeguard Veteran	Ultramarines	line	Draw your blade for the Primark!	7.55	Draw your blade for the Primarch	
VO_UM_Predator Annihilator - Predator in position Let there be fire.ogg	UM_Predator_Annihilator	Predator Annihilator	Ultramarines	line	Redditor in position. Let there be fire!	7.58	Predator in position Let there be fire	
