file	card_id	name	faction	ev	text	avg_logprob	no_speech_prob	duration_s	elapsed_s	gt_from_filename	retry_no_vad	repaired	clean_flag
Sautekh_Zahndrekh_attack.ogg	SAU3	Nemesor Zahndrekh	Sautekh	attack	NYEAH!	0.0	0.0	0.908	1.53		1		
Sautekh_Zahndrekh_cant.ogg	SAU3	Nemesor Zahndrekh	Sautekh	cantdo	I cannot do that.	0.0	0.0	1.367	1.39		0		
Sautekh_Zahndrekh_concede.ogg	SAU3	Nemesor Zahndrekh	Sautekh	concede	My legions will be reborn and your defeat is inevitable.	0.0	0.0	3.713	1.56		0		
Sautekh_Zahndrekh_death.ogg	SAU3	Nemesor Zahndrekh	Sautekh	death	YAH!	0.0	0.0	1.881	1.4		0		
Sautekh_Zahndrekh_gen1.ogg	SAU3	Nemesor Zahndrekh	Sautekh	gen1	A moment's reflection begets my victory.	0.0	0.0	3.385	1.45		0		
Sautekh_Zahndrekh_gen2.ogg	SAU3	Nemesor Zahndrekh	Sautekh	gen2	My mind has forged strategies since time immemorial.	0.0	0.0	4.041	1.45		0		
Sautekh_Zahndrekh_gen3.ogg	SAU3	Nemesor Zahndrekh	Sautekh	gen3	Only an immortal mind can see infinite possibilities.	0.0	0.0	4.501	1.46		0		
Sautekh_Zahndrekh_gen4.ogg	SAU3	Nemesor Zahndrekh	Sautekh	gen4	Your actions are lacking in logic and focus.	0.0	0.0	3.568	1.44		0		
Sautekh_Zahndrekh_gen5.ogg	SAU3	Nemesor Zahndrekh	Sautekh	gen5	In a tangled web of outcomes, I will find the way.	0.0	0.0	5.145	1.53		0		
Sautekh_Zahndrekh_gen6.ogg	SAU3	Nemesor Zahndrekh	Sautekh	gen6	It is a source of consternation that none can match me.	0.0	0.0	4.204	1.49		0		
Sautekh_Zahndrekh_gen7.ogg	SAU3	Nemesor Zahndrekh	Sautekh	gen7	I am eternal. Victory shall be mine.	0.0	0.0	3.801	1.38		0		
Sautekh_Zahndrekh_greet.ogg	SAU3	Nemesor Zahndrekh	Sautekh	greet	I would introduce myself, but you are not worthy of it.	0.0	0.0	3.713	1.48		0		
Sautekh_Zahndrekh_hurry.ogg	SAU3	Nemesor Zahndrekh	Sautekh	hurry	Our time runs short.	0.0	0.0	1.745	1.3		0		
Sautekh_Zahndrekh_intro.ogg	SAU3	Nemesor Zahndrekh	Sautekh	intro	Ready my legions! A glorious victory will be mine!	0.0	0.0	4.812	1.43		0		
Sautekh_Zahndrekh_mirror.ogg	SAU3	Nemesor Zahndrekh	Sautekh	mirror	No tricks or illusions will ever fool me.	0.0	0.0	4.108	1.34		0		
Sautekh_Zahndrekh_threat.ogg	SAU3	Nemesor Zahndrekh	Sautekh	threat	An inferior opponent can be crushed without a moment's thought.	0.0	0.0	4.18	1.39		0		
Sautekh_Zahndrekh_vs_Grukk.ogg	SAU3	Nemesor Zahndrekh	Sautekh	line	Roaring like savages does not bring victory, only crashing defeat.	0.0	0.0	4.975	1.41		0		
Sautekh_Zahndrekh_vs_Tau.ogg	SAU3	Nemesor Zahndrekh	Sautekh	line	Your empire is short-lived, a footnote in the annals of necrontary history.	0.0	0.0	5.276	1.52		0		
Sautekh_Zahndrekh_vs_Tyranid.ogg	SAU3	Nemesor Zahndrekh	Sautekh	line	A foe that evolves its strategy is the most satisfying to defeat.	0.0	0.0	5.244	1.43		0		
Sautekh_Zahndrekh_vs_Ultramarine.ogg	SAU3	Nemesor Zahndrekh	Sautekh	line	An over-reliance on brute force and weaponry will be your downfall.	0.0	0.0	4.985	1.49		0		
Sautekh_Zahndrekh_wp.ogg	SAU3	Nemesor Zahndrekh	Sautekh	wp	It is rare that I encounter one who can defeat me.	0.0	0.0	4.036	1.38		0		
VO_ADS_Aestred Thurga - My soul is consecrated to this relic.ogg	SOR26	Aestred-Thurga	Sororitas	line	My soul is consecrated to this relic.	0.0	0.0	4.045	1.37	My soul is consecrated to this relic	0		
VO_ADS_Amalia Novena - Strike fierce and true For the Emperor.ogg	SOR14	Amalia Novena	Sororitas	line	Strike fierce and true for the Emperor!	0.0	0.0	2.904	1.34	Strike fierce and true For the Emperor	0		
VO_ADS_Arco-flagellant - Frenzied screams.ogg	SOR8	Arco-Flagellant	Sororitas	line	No!	0.0	0.0	2.374	1.3		0		
VO_ADS_Armorium Cherub - Heavy humming.ogg	SOR67	Armorium Cherub	Sororitas	line		0.0	0.0	1.522	1.35	Heavy humming	1	1	echo
VO_ADS_Battle Sister - With unwavering faith.ogg	SOR9	Battle Sister	Sororitas	line	With unwavering faith!	0.0	0.0	2.058	1.35	With unwavering faith	1		
VO_ADS_Battle Sister Gunner - Purge the unclean.ogg	SOR10	Battle Sister Gunner	Sororitas	line	Purge the unclean!	0.0	0.0	2.75	1.36	Purge the unclean	0		
VO_ADS_Battle Sister Superior - Bolters ready Sisters No mercy for the faithless.ogg	SOR25	Sister Superior	Sororitas	line	Balters ready, sisters! No mercy for the Faithless!	0.0	0.0	3.949	1.38	Bolters ready Sisters No mercy for the faithless	0		
VO_ADS_Canoness - We bring righteousness where it is needed most.ogg	SOR27	Canoness	Sororitas	line	We bring righteousness where it is needed most.	0.0	0.0	3.752	1.37	We bring righteousness where it is needed most	0		
VO_ADS_Canoness Adelaide the Serene - All that you are and all you have done revolts me.ogg	SOR72	Adelaide the Serene	Sororitas	line	All that you are and all you have done revolts me.	0.0	0.0	4.297	1.43	All that you are and all you have done revolts me	0		
VO_ADS_Castigator - You will be punished.ogg	SOR73	Castigator	Sororitas	line	You will be punished.	0.0	0.0	2.416	1.32	You will be punished	0		
VO_ADS_Celestian - I have seen worse I have vanquished worse.ogg	SOR15	Celestian	Sororitas	line	I have seen worse. I have vanquished worse.	0.0	0.0	4.004	1.41	I have seen worse I have vanquished worse	0		
VO_ADS_Celestian Sacresant - Purge this place of the unclean and the damned.ogg	SOR31	Celestian Sacresant	Sororitas	line	Purge this place of the unclean and the damned!	0.0	0.0	3.812	1.46	Purge this place of the unclean and the damned	0		
VO_ADS_Celestian Sacresant Aveline_Backup1.ogg	SOR_Celestian_Sacresant_Aveline	Celestian Sacresant Aveline	Sororitas	backup1	You are no one.	0.0	0.0	2.358	1.3		0		
VO_ADS_Celestian Sacresant Aveline_Backup2.ogg	SOR_Celestian_Sacresant_Aveline	Celestian Sacresant Aveline	Sororitas	backup2	Something is amiss.	0.0	0.0	1.313	1.3		0		
VO_ADS_Celestian Sacresant Aveline_Backup3.ogg	SOR_Celestian_Sacresant_Aveline	Celestian Sacresant Aveline	Sororitas	backup3	The time of war is at hand!	0.0	0.0	2.123	1.34		0		
VO_ADS_Celestian Sacresant Aveline_Backup4.ogg	SOR_Celestian_Sacresant_Aveline	Celestian Sacresant Aveline	Sororitas	backup4	God Emperor, make me the instrument of your wrath!	0.0	0.0	4.14	1.4		0		
VO_ADS_Celestian Sacresant Aveline_attack.ogg	SOR_Celestian_Sacresant_Aveline	Celestian Sacresant Aveline	Sororitas	attack	Ha!	0.0	0.0	0.457	1.31		1		
VO_ADS_Celestian Sacresant Aveline_cantDo.ogg	SOR_Celestian_Sacresant_Aveline	Celestian Sacresant Aveline	Sororitas	cantdo	That is not an option!	0.0	0.0	1.412	1.32		0		
VO_ADS_Celestian Sacresant Aveline_concede.ogg	SOR_Celestian_Sacresant_Aveline	Celestian Sacresant Aveline	Sororitas	concede	The God Emperor is with us until the very end!	0.0	0.0	4.358	1.4		0		
VO_ADS_Celestian Sacresant Aveline_death.ogg	SOR_Celestian_Sacresant_Aveline	Celestian Sacresant Aveline	Sororitas	death	Uuuuugh!	0.0	0.0	1.467	3.83		1		
VO_ADS_Celestian Sacresant Aveline_gen1.ogg	SOR_Celestian_Sacresant_Aveline	Celestian Sacresant Aveline	Sororitas	gen1	Let this be a just punishment for your sins.	0.0	0.0	3.769	1.38		0		
VO_ADS_Celestian Sacresant Aveline_gen2.ogg	SOR_Celestian_Sacresant_Aveline	Celestian Sacresant Aveline	Sororitas	gen2	Pussy, no quarter, for they shall give us none!	0.0	0.0	5.063	1.38		0		
VO_ADS_Celestian Sacresant Aveline_gen3.ogg	SOR_Celestian_Sacresant_Aveline	Celestian Sacresant Aveline	Sororitas	gen3	Only the faithless despair, only the righteous shall endure.	0.0	0.0	4.303	1.39		0		
VO_ADS_Celestian Sacresant Aveline_gen4.ogg	SOR_Celestian_Sacresant_Aveline	Celestian Sacresant Aveline	Sororitas	gen4	God Emperor, be with us now!	0.0	0.0	1.935	1.31		0		
VO_ADS_Celestian Sacresant Aveline_gen5.ogg	SOR_Celestian_Sacresant_Aveline	Celestian Sacresant Aveline	Sororitas	gen5	Prepare your soul for judgement!	0.0	0.0	2.86	1.31		0		
VO_ADS_Celestian Sacresant Aveline_gen6.ogg	SOR_Celestian_Sacresant_Aveline	Celestian Sacresant Aveline	Sororitas	gen6	Say, Terabella, watch over us, this battle!	0.0	0.0	2.965	1.41		0		
VO_ADS_Celestian Sacresant Aveline_gen7.ogg	SOR_Celestian_Sacresant_Aveline	Celestian Sacresant Aveline	Sororitas	gen7	There will be no forgiveness for you.	0.0	0.0	2.95	1.32		0		
VO_ADS_Celestian Sacresant Aveline_greet.ogg	SOR_Celestian_Sacresant_Aveline	Celestian Sacresant Aveline	Sororitas	greet	I have come to deliver you the God Emperor's judgment.	0.0	0.0	3.574	1.4		0		
VO_ADS_Celestian Sacresant Aveline_hurry.ogg	SOR_Celestian_Sacresant_Aveline	Celestian Sacresant Aveline	Sororitas	hurry	Time is in short supply.	0.0	0.0	2.051	1.31		0		
VO_ADS_Celestian Sacresant Aveline_intro.ogg	SOR_Celestian_Sacresant_Aveline	Celestian Sacresant Aveline	Sororitas	intro	The God Emperor is with me!	0.0	0.0	2.321	1.33		0		
VO_ADS_Celestian Sacresant Aveline_mirror.ogg	SOR_Celestian_Sacresant_Aveline	Celestian Sacresant Aveline	Sororitas	mirror	God Emperor, grant us your holy wrath!	0.0	0.0	3.095	1.35		0		
VO_ADS_Celestian Sacresant Aveline_threat.ogg	SOR_Celestian_Sacresant_Aveline	Celestian Sacresant Aveline	Sororitas	threat	I will cast you into the pyre where you belong.	0.0	0.0	3.839	1.4		0		
VO_ADS_Celestian Sacresant Aveline_vsDaemon.ogg	SOR_Celestian_Sacresant_Aveline	Celestian Sacresant Aveline	Sororitas	vsdaemon	Face me, Abomination!	0.0	0.0	2.347	1.32		0		
VO_ADS_Celestian Sacresant Aveline_vsMorvenn.ogg	SOR_Celestian_Sacresant_Aveline	Celestian Sacresant Aveline	Sororitas	vsmorvenn	Under his fire, the wicked will be judged!	0.0	0.0	3.754	1.39		0		
VO_ADS_Celestian Sacresant Aveline_vsNL.ogg	SOR_Celestian_Sacresant_Aveline	Celestian Sacresant Aveline	Sororitas	vsnl	Saint Arabella freed us from fear. Your threats mean nothing, wretch.	0.0	0.0	5.499	1.47		0		
VO_ADS_Celestian Sacresant Aveline_vsSylar.ogg	SOR_Celestian_Sacresant_Aveline	Celestian Sacresant Aveline	Sororitas	vssylar	I will take you down, sorcerer!	0.0	0.0	2.945	1.35		0		
VO_ADS_Celestian Sacresant Aveline_wp.ogg	SOR_Celestian_Sacresant_Aveline	Celestian Sacresant Aveline	Sororitas	wp	A moment slaps in concentration, nothing more.	0.0	0.0	3.403	1.38		0		
VO_ADS_Celestian Superior - I am the light to your darkness.ogg	SOR36	Celestian Superior	Sororitas	line	I am the light to your darkness.	0.0	0.0	4.033	1.36	I am the light to your darkness	0		
VO_ADS_Crusader - No heretic shall pass.ogg	SOR11	Crusader	Sororitas	line	No heretic shall pass.	0.0	0.0	2.262	1.33	No heretic shall pass	0		
VO_ADS_Death Cult Assassin - I will offer your blood to the holy Emperor.ogg	SOR16	Death Cult Assassin	Sororitas	line	I will offer your blood to the Holy Emperor.	0.0	0.0	3.38	1.35	I will offer your blood to the holy Emperor	0		
VO_ADS_Dialogus - My voice echoes the Emperor's will.ogg	SOR20	Dialogus	Sororitas	line	My voice echoes the Emperor's will.	0.0	0.0	3.067	1.34	My voice echoes the Emperor's will	0		
VO_ADS_Dominion - By my flame you will be purged.ogg	SOR17	Dominion	Sororitas	line	By my flame, you will be purged!	0.0	0.0	3.194	1.35	By my flame you will be purged	0		
VO_ADS_Dominion Superior - Death will be a mercy for the faithless ones.ogg	SOR28	Dominion Superior	Sororitas	line	Death will be a mercy for the faithless ones.	0.0	0.0	3.778	1.38	Death will be a mercy for the faithless ones	0		
VO_ADS_Ephrael Stern - I am the Daemonifuge the thrice-born the bane of daemons.ogg	SOR33	Ephrael Stern	Sororitas	line	I am the demonifuge, the thrice born, the bane of demons.	0.0	0.0	6.941	1.47	I am the Daemonifuge the thrice-born the bane of daemons	0		
VO_ADS_Erika Luminas_Backup1.ogg	SOR1	Erika Luminas	Sororitas	backup1	His immortal benevolence will protect us all.	0.0	0.0	2.846	1.33		0		
VO_ADS_Erika Luminas_Backup2.ogg	SOR1	Erika Luminas	Sororitas	backup2	I cannot let this sacred ground be defiled.	0.0	0.0	2.878	1.37		0		
VO_ADS_Erika Luminas_Backup3.ogg	SOR1	Erika Luminas	Sororitas	backup3	Heresy exists in many forms.	0.0	0.0	2.962	1.32		0		
VO_ADS_Erika Luminas_attack.ogg	SOR1	Erika Luminas	Sororitas	attack	Agh!	0.0	0.0	0.739	1.29		1		
VO_ADS_Erika Luminas_cantDo.ogg	SOR1	Erika Luminas	Sororitas	cantdo	He would not allow this.	0.0	0.0	1.482	1.28		0		
VO_ADS_Erika Luminas_concede.ogg	SOR1	Erika Luminas	Sororitas	concede	The blood of martyrs is the seed of the Imperium.	0.0	0.0	3.635	1.42		0		
VO_ADS_Erika Luminas_death.ogg	SOR1	Erika Luminas	Sororitas	death	Ahhhh!	0.0	0.0	2.544	3.48		0		
VO_ADS_Erika Luminas_gen1.ogg	SOR1	Erika Luminas	Sororitas	gen1	The Emperors will be done.	0.0	0.0	2.315	1.3		0		
VO_ADS_Erika Luminas_gen2.ogg	SOR1	Erika Luminas	Sororitas	gen2	Under the light of righteousness, darkness will find no mercy.	0.0	0.0	5.418	1.39		0		
VO_ADS_Erika Luminas_gen3.ogg	SOR1	Erika Luminas	Sororitas	gen3	Clear the enemy. Strike fierce, as Saint Catherine.	0.0	0.0	3.992	1.35		0		
VO_ADS_Erika Luminas_gen4.ogg	SOR1	Erika Luminas	Sororitas	gen4	He has spoken, and I must fulfil his decree.	0.0	0.0	3.667	1.37		0		
VO_ADS_Erika Luminas_gen5.ogg	SOR1	Erika Luminas	Sororitas	gen5	Suffering is my prayer, Face is my armour.	0.0	0.0	3.943	1.39		0		
VO_ADS_Erika Luminas_gen6.ogg	SOR1	Erika Luminas	Sororitas	gen6	We must not falter.	0.0	0.0	2.274	1.3		0		
VO_ADS_Erika Luminas_gen7.ogg	SOR1	Erika Luminas	Sororitas	gen7	My actions are but a mere extension of his will.	0.0	0.0	3.586	1.37		0		
VO_ADS_Erika Luminas_greet.ogg	SOR1	Erika Luminas	Sororitas	greet	May the Emperor judge the purity of our souls.	0.0	0.0	3.592	1.32		0		
VO_ADS_Erika Luminas_hurry.ogg	SOR1	Erika Luminas	Sororitas	hurry	Complacency leads to heresy.	0.0	0.0	2.55	1.33		0		
VO_ADS_Erika Luminas_intro.ogg	SOR1	Erika Luminas	Sororitas	intro	You are defiling sacred ground and will now face his judgement.	0.0	0.0	5.005	1.39		0		
VO_ADS_Erika Luminas_mirror.ogg	SOR1	Erika Luminas	Sororitas	mirror	No mercy for the unrepentant.	0.0	0.0	2.501	1.35		0		
VO_ADS_Erika Luminas_threat.ogg	SOR1	Erika Luminas	Sororitas	threat	Your existence is a sin that must be purged.	0.0	0.0	3.865	1.36		0		
VO_ADS_Erika Luminas_vsGhaelyn.ogg	SOR1	Erika Luminas	Sororitas	vsghaelyn	By my blade, your kind will be purged from this system.	0.0	0.0	5.061	1.37		0		
VO_ADS_Erika Luminas_vsGordrang.ogg	SOR1	Erika Luminas	Sororitas	vsgordrang	You are but an abomination to be cleansed from his domain.	0.0	0.0	5.287	1.41		0		
VO_ADS_Erika Luminas_vsHesperax1.ogg	SOR1	Erika Luminas	Sororitas	vshesperax1	Forward sisters, rid Marta's rest of these wretches.	0.0	0.0	4.483	1.4		0		
VO_ADS_Erika Luminas_vsHesperax2.ogg	SOR1	Erika Luminas	Sororitas	vshesperax2	You taint Saint Geraldine's resting with your presence.	0.0	0.0	4.59	1.39		0		
VO_ADS_Erika Luminas_vsHexscorn.ogg	SOR1	Erika Luminas	Sororitas	vshexscorn	I have nothing to give you, but hatred and death tainted one.	0.0	0.0	4.689	1.41		0		
VO_ADS_Erika Luminas_vsMorvennVahl.ogg	SOR1	Erika Luminas	Sororitas	vsmorvennvahl	Abes Sanctorum, I am honoured by your presence.	0.0	0.0	4.283	1.41		0		
VO_ADS_Erika Luminas_vsOrikan.ogg	SOR1	Erika Luminas	Sororitas	vsorikan	Abomination, this time, know when you are slain.	0.0	0.0	3.929	1.38		0		
VO_ADS_Erika Luminas_wp.ogg	SOR1	Erika Luminas	Sororitas	wp	You fight well for a heretic.	0.0	0.0	2.289	1.34		0		
VO_ADS_Exorcist - I bring the requiem to your annihilation.ogg	SOR42	Exorcist	Sororitas	line	I bring the Requiem to your annihilation.	0.0	0.0	4.274	1.36	I bring the requiem to your annihilation	0		
VO_ADS_Hospitaller - No Sister will be left behind.ogg	SOR21	Hospitaller	Sororitas	line	No sister will be left behind!	0.0	0.0	3.046	1.34	No Sister will be left behind	0		
VO_ADS_Imagifier - Listen to my voice and the saintly deeds of the fallen.ogg	SOR29	Imagifier	Sororitas	line	Listen to my voice, and the saintly deeds of the fallen!	0.0	0.0	4.576	1.4	Listen to my voice and the saintly deeds of the fallen	0		
VO_ADS_Inmolator - Purge the impure with the Emperor's flame.ogg	SOR39	Immolator	Sororitas	line	Hurts the impure with the Emperor's Flame!	0.0	0.0	3.128	1.37	Purge the impure with the Emperor's flame	0		
VO_ADS_Junith Eruita_Backup1.ogg	SOR3	Junith Eruita	Sororitas	backup1	Those who wronged him shall pay in blood!	0.0	0.0	3.307	1.35		0		
VO_ADS_Junith Eruita_Backup2.ogg	SOR3	Junith Eruita	Sororitas	backup2	Under the light of the Emperor, all darkness shall be banished.	0.0	0.0	4.309	1.46		0		
VO_ADS_Junith Eruita_Backup3.ogg	SOR3	Junith Eruita	Sororitas	backup3	Our faith strengthens our resolve.	0.0	0.0	2.977	1.34		0		
VO_ADS_Junith Eruita_Backup4.ogg	SOR3	Junith Eruita	Sororitas	backup4	I will not submit to the heretic!	0.0	0.0	2.695	1.39		0		
VO_ADS_Junith Eruita_attack.ogg	SOR3	Junith Eruita	Sororitas	attack	HUH?	0.0	0.0	0.617	1.31		0		
VO_ADS_Junith Eruita_cantDo.ogg	SOR3	Junith Eruita	Sororitas	cantdo	I cannot do that!	0.0	0.0	1.07	1.28		0		
VO_ADS_Junith Eruita_concede.ogg	SOR3	Junith Eruita	Sororitas	concede	We might retreat, but our faith remains unbroken.	0.0	0.0	3.464	1.38		0		
VO_ADS_Junith Eruita_death.ogg	SOR3	Junith Eruita	Sororitas	death	AHHHHHHHHHHHHHHHHHHHHHH	0.0	0.0	2.306	1.32		1		
VO_ADS_Junith Eruita_gen1.ogg	SOR3	Junith Eruita	Sororitas	gen1	We are his sword. We are his wrath.	0.0	0.0	3.998	1.36		0		
VO_ADS_Junith Eruita_gen2.ogg	SOR3	Junith Eruita	Sororitas	gen2	In the Emperor's name, we will purge the Faithless!	0.0	0.0	3.406	1.38		0		
VO_ADS_Junith Eruita_gen3.ogg	SOR3	Junith Eruita	Sororitas	gen3	No sacrifice is too great in the Emperor's name!	0.0	0.0	3.717	1.37		0		
VO_ADS_Junith Eruita_gen4.ogg	SOR3	Junith Eruita	Sororitas	gen4	Sister's fault or not, for his light guides us through darkness!	0.0	0.0	4.059	1.4		0		
VO_ADS_Junith Eruita_gen5.ogg	SOR3	Junith Eruita	Sororitas	gen5	Fear death not sisters, for our souls are one with his fire.	0.0	0.0	5.545	1.42		0		
VO_ADS_Junith Eruita_gen6.ogg	SOR3	Junith Eruita	Sororitas	gen6	Those who oppose them shall face fiery retribution.	0.0	0.0	3.571	1.35		0		
VO_ADS_Junith Eruita_gen7.ogg	SOR3	Junith Eruita	Sororitas	gen7	Under the light of the Emperor, all darkness shall be banished.	0.0	0.0	4.309	1.41		0		
VO_ADS_Junith Eruita_greet.ogg	SOR3	Junith Eruita	Sororitas	greet	My faith is unyielding, and so are my sisters.	0.0	0.0	4.172	1.39		0		
VO_ADS_Junith Eruita_hurry.ogg	SOR3	Junith Eruita	Sororitas	hurry	We have no time to hesitate!	0.0	0.0	1.879	1.32		0		
VO_ADS_Junith Eruita_intro.ogg	SOR3	Junith Eruita	Sororitas	intro	With holy fire you shall be cleansed!	0.0	0.0	2.881	1.35		0		
VO_ADS_Junith Eruita_mirror.ogg	SOR3	Junith Eruita	Sororitas	mirror	I shall pass his trials with no reluctance.	0.0	0.0	3.319	1.35		0		
VO_ADS_Junith Eruita_threat.ogg	SOR3	Junith Eruita	Sororitas	threat	You and your cursed kind shall be scoured from existence!	0.0	0.0	4.834	1.43		0		
VO_ADS_Junith Eruita_vsAbaddon.ogg	SOR3	Junith Eruita	Sororitas	vsabaddon	Repent heretic! For your end draws near!	0.0	0.0	3.728	1.42		0		
VO_ADS_Junith Eruita_vsAstraMilitarum.ogg	SOR3	Junith Eruita	Sororitas	vsastramilitarum	Does your faith remain firm, or do you seek penance?	0.0	0.0	4.332	1.52		0		
VO_ADS_Junith Eruita_vsMorvennVahl.ogg	SOR3	Junith Eruita	Sororitas	vsmorvennvahl	I will fail you not, Abbas Sanctorum.	0.0	0.0	3.226	1.45		0		
VO_ADS_Junith Eruita_vsZephyrblade.ogg	SOR3	Junith Eruita	Sororitas	vszephyrblade	Your kind should have learned its place by now!	0.0	0.0	3.061	1.45		0		
VO_ADS_Junith Eruita_wp.ogg	SOR3	Junith Eruita	Sororitas	wp	You may lack faith, but your strength is notable.	0.0	0.0	3.571	1.46		0		
VO_ADS_Ministorum Priest - Let the Emperor's judgment sear their flesh!.ogg	SOR69	Ministorum Priest	Sororitas	line	Emperor's judgment, sear their flesh.	0.0	0.0	3.678	1.45	Let the Emperor's judgment sear their flesh!	0		
VO_ADS_Missionary - I herald your demise.ogg	SOR22	Missionary	Sororitas	line	I herald your demise.	0.0	0.0	3.101	1.37	I herald your demise	0		
VO_ADS_Mortifier  - In battle He offers us redemption.ogg	SOR37	Mortifier	Sororitas	line	In battle, he offers us redemption.	0.0	0.0	3.22	1.43	In battle He offers us redemption	0		
VO_ADS_Morvenn Vahl_Backup1.ogg	SOR5	Morvenn Vahl	Sororitas	backup1	I WILL BRING YOUR END!	0.0	0.0	1.885	1.41		0		
VO_ADS_Morvenn Vahl_Backup2.ogg	SOR5	Morvenn Vahl	Sororitas	backup2	The weak and the faithless, find no deliverance!	0.0	0.0	3.345	1.46		0		
VO_ADS_Morvenn Vahl_attack.ogg	SOR5	Morvenn Vahl	Sororitas	attack	Huh!	0.0	0.0	0.431	1.31		0		
VO_ADS_Morvenn Vahl_cantDo.ogg	SOR5	Morvenn Vahl	Sororitas	cantdo	I cannot do that!	0.0	0.0	1.209	1.37		0		
VO_ADS_Morvenn Vahl_concede.ogg	SOR5	Morvenn Vahl	Sororitas	concede	This does not end here!	0.0	0.0	1.778	1.38		0		
VO_ADS_Morvenn Vahl_death.ogg	SOR5	Morvenn Vahl	Sororitas	death	Nyaaah!	0.0	0.0	1.621	5.29		1		
VO_ADS_Morvenn Vahl_gen1.ogg	SOR5	Morvenn Vahl	Sororitas	gen1	A single deed is worth countless words.	0.0	0.0	3.127	1.41		0		
VO_ADS_Morvenn Vahl_gen2.ogg	SOR5	Morvenn Vahl	Sororitas	gen2	Through bloody example, I will lead us to victory!	0.0	0.0	4.724	1.46		0		
VO_ADS_Morvenn Vahl_gen3.ogg	SOR5	Morvenn Vahl	Sororitas	gen3	Defy us, and be ready to feel the Emperor's wrath.	0.0	0.0	4.222	1.47		0		
VO_ADS_Morvenn Vahl_gen4.ogg	SOR5	Morvenn Vahl	Sororitas	gen4	Under his light, all shadows will wither.	0.0	0.0	3.952	1.48		0		
VO_ADS_Morvenn Vahl_gen5.ogg	SOR5	Morvenn Vahl	Sororitas	gen5	Any display of weakness shall be punished.	0.0	0.0	3.142	1.41		0		
VO_ADS_Morvenn Vahl_gen6.ogg	SOR5	Morvenn Vahl	Sororitas	gen6	Faith is my shield, and his will my blade.	0.0	0.0	3.371	1.47		0		
VO_ADS_Morvenn Vahl_gen7.ogg	SOR5	Morvenn Vahl	Sororitas	gen7	There shall be no mercy for the unworthy.	0.0	0.0	2.489	1.44		0		
VO_ADS_Morvenn Vahl_greet.ogg	SOR5	Morvenn Vahl	Sororitas	greet	The Emperor is with me in this battle!	0.0	0.0	2.86	1.49		0		
VO_ADS_Morvenn Vahl_hurry.ogg	SOR5	Morvenn Vahl	Sororitas	hurry	It is time to act!	0.0	0.0	1.557	1.36		0		
VO_ADS_Morvenn Vahl_intro.ogg	SOR5	Morvenn Vahl	Sororitas	intro	In the Emperor's name, I will end you.	0.0	0.0	3.876	1.44		0		
VO_ADS_Morvenn Vahl_mirror.ogg	SOR5	Morvenn Vahl	Sororitas	mirror	I will not fall for this treachery.	0.0	0.0	2.094	1.43		0		
VO_ADS_Morvenn Vahl_threat.ogg	SOR5	Morvenn Vahl	Sororitas	threat	I will not suffer you to live!	0.0	0.0	2.518	1.44		0		
VO_ADS_Morvenn Vahl_vsAstraMilitarum.ogg	SOR5	Morvenn Vahl	Sororitas	vsastramilitarum	If your fate crumbles, so shall you.	0.0	0.0	3.659	1.47		0		
VO_ADS_Morvenn Vahl_vsGrukk.ogg	SOR5	Morvenn Vahl	Sororitas	vsgrukk	To know the alien is to hate the alien.	0.0	0.0	3.708	1.51		0		
VO_ADS_Morvenn Vahl_vsHaarken.ogg	SOR5	Morvenn Vahl	Sororitas	vshaarken	Your heresy ends now. Pwn at the despoiler!	0.0	0.0	3.783	1.5		0		
VO_ADS_Morvenn Vahl_vsJunith.ogg	SOR5	Morvenn Vahl	Sororitas	vsjunith	Let us see if you are worthy of the duty bestowed upon you!	0.0	0.0	4.146	1.55		0		
VO_ADS_Morvenn Vahl_vsLuminas.ogg	SOR5	Morvenn Vahl	Sororitas	vsluminas	May his light guide our way, sister.	0.0	0.0	2.715	1.45		0		
VO_ADS_Morvenn Vahl_vsOrikan.ogg	SOR5	Morvenn Vahl	Sororitas	vsorikan	How does it feel to foresee your own death?	0.0	0.0	3.168	1.49		0		
VO_ADS_Morvenn Vahl_vsShadowsun.ogg	SOR5	Morvenn Vahl	Sororitas	vsshadowsun	Yours is a faithless race, worthy only of extermination.	0.0	0.0	4.802	1.73		0		
VO_ADS_Morvenn Vahl_wp.ogg	SOR5	Morvenn Vahl	Sororitas	wp	Vahl Witchcraft has lent you strength!	0.0	0.0	2.396	1.53		0		
VO_ADS_Paragon Warsuit - We bring judgment upon the heretic.ogg	SOR40	Paragon Warsuit	Sororitas	line	We bring judgement upon the heretic!	0.0	0.0	2.921	1.49	We bring judgment upon the heretic	0		
VO_ADS_Penitent Engine - Tortured scream.ogg	SOR34	Penitent Engine	Sororitas	line	OHHH! AHHHH! AHHHHHHH!	0.0	0.0	3.873	17.65	Tortured scream	1		
VO_ADS_Preacher - The holy radiance of the Emperor burns within me.ogg	SOR12	Preacher	Sororitas	line	The holy radiance of the Emperor burns within me.	0.0	0.0	3.194	1.45	The holy radiance of the Emperor burns within me	0		
VO_ADS_Retributor - May His hand guide my aim in the coming battle.ogg	SOR23	Retributor	Sororitas	line	May his hand guide my aim in the coming battle!	0.0	0.0	3.621	1.46	May His hand guide my aim in the coming battle	0		
VO_ADS_Sacred Rose Sister - No armor will save you from our holy wrath.ogg	SOR68	Sacred Rose Sister	Sororitas	line	No armor will save you from our holy wrath!	0.0	0.0	3.116	1.41	No armor will save you from our holy wrath	0		
VO_ADS_Saint Celestine - Believe in the Emperor of Mankind and you shall walk in His light.ogg	SOR38	Saint Celestine	Sororitas	line	Believe in the Emperor of Mankind, and you shall walk in his light!	0.0	0.0	4.657	1.49	Believe in the Emperor of Mankind and you shall walk in His light	0		
VO_ADS_Seraphim - Our fire will rain from the skies.ogg	SOR24	Seraphim	Sororitas	line	Our fire will reign from the skies!	0.0	0.0	3.261	1.38	Our fire will rain from the skies	0		
VO_ADS_Simulacrum Bearer - Let the light of the God-Emperor guide our righteous fury.ogg	SOR18	Simulacrum Bearer	Sororitas	line	Let the light of the God Emperor guide our righteous fury!	0.0	0.0	4.094	1.43	Let the light of the God-Emperor guide our righteous fury	0		
VO_ADS_Simulacrum Imperialis - Bow before His divine authority.ogg	SOR_Simulacrum_Imperialis	Simulacrum Imperialis	Sororitas	line	Number four is Divine Authority!	0.0	0.0	2.364	1.35	Bow before His divine authority	0		
VO_ADS_Sister Novitiate - I will prove my worth and serve Him with my life.ogg	SOR7	Sister Novitiate	Sororitas	line	I will prove my worth and serve him with my life.	0.0	0.0	4.175	1.44	I will prove my worth and serve Him with my life	0		
VO_ADS_Sister Repentia- Only in penance shall my soul be cleansed.ogg	SOR_Sisters_Repentia	Sisters Repentia	Sororitas	line	Only in penance shall my soul be cleansed!	0.0	0.0	3.151	1.42		0		
VO_ADS_Sororitas Rhino - We march for the Emperor!.ogg	SOR70	Sororitas Rhino	Sororitas	line	We march for the Emperor!	0.0	0.0	1.862	1.38	We march for the Emperor!	0		
VO_ADS_Triumph of Saint Katherine - Martyred Matriarch grant us thy protection.ogg	SOR_Triumph_of_Saint_Katherine	Triumph of Saint Katherine	Sororitas	line	Martyrd Matriarch, grant us thy protection.	0.0	0.0	3.624	1.41	Martyred Matriarch grant us thy protection	0		
VO_ADS_Zephyrim - With wings of faith we soar to glory.ogg	SOR35	Zephyrim	Sororitas	line	With wings of faith, we soar to glory.	0.0	0.0	4.274	1.46	With wings of faith we soar to glory	0		
VO_ADS_Zephyrim Superior - Our blades will rain from the skies.ogg	SOR71	Zephyrim Superior	Sororitas	line	Our bleeds will rain from the skies!	0.0	0.0	2.991	1.37	Our blades will rain from the skies	0		
VO_AM_Aquilon Servo-Sentry_Scanning for hostiles.ogg	AM68	Aquilon Servo-Sentry	AstraMilitarum	line	All rights reserved.	0.0	0.0	3.063	3.79		1		
VO_AM_Arcadian Leontus_attack.ogg	AM3	Lord Solar Leontus	AstraMilitarum	attack	RAH!	0.0	0.0	0.44	1.35		0		
VO_AM_Arcadian Leontus_cantDo.ogg	AM3	Lord Solar Leontus	AstraMilitarum	cantdo	That is beyond our power.	0.0	0.0	1.824	1.37		0		
VO_AM_Arcadian Leontus_concede.ogg	AM3	Lord Solar Leontus	AstraMilitarum	concede	Fall back! Dawn shall rise brightest after the darkest night.	0.0	0.0	4.764	1.46		0		
VO_AM_Arcadian Leontus_death.ogg	AM3	Lord Solar Leontus	AstraMilitarum	death	Aaaaaaargh!	0.0	0.0	1.621	4.07		1		
VO_AM_Arcadian Leontus_gen1.ogg	AM3	Lord Solar Leontus	AstraMilitarum	gen1	Forward, Constantin! Let nothing slow us down!	0.0	0.0	4.065	1.43		0		
VO_AM_Arcadian Leontus_gen2.ogg	AM3	Lord Solar Leontus	AstraMilitarum	gen2	We are the Hammer of the Emperor!	0.0	0.0	2.265	1.38		0		
VO_AM_Arcadian Leontus_gen3.ogg	AM3	Lord Solar Leontus	AstraMilitarum	gen3	Honor and Courage light our way!	0.0	0.0	2.959	1.38		0		
VO_AM_Arcadian Leontus_gen4.ogg	AM3	Lord Solar Leontus	AstraMilitarum	gen4	Fear souls, righteous gays.	0.0	0.0	2.535	1.36		0		
VO_AM_Arcadian Leontus_gen5.ogg	AM3	Lord Solar Leontus	AstraMilitarum	gen5	Emperor, give me strength!	0.0	0.0	3.125	1.37		0		
VO_AM_Arcadian Leontus_gen6.ogg	AM3	Lord Solar Leontus	AstraMilitarum	gen6	The toll is steep, yet every sacrifice paves the path to victory.	0.0	0.0	4.631	1.45		0		
VO_AM_Arcadian Leontus_gen7.ogg	AM3	Lord Solar Leontus	AstraMilitarum	gen7	Today, we etch our names in the stars.	0.0	0.0	3.792	1.38		0		
VO_AM_Arcadian Leontus_greet.ogg	AM3	Lord Solar Leontus	AstraMilitarum	greet	Ours is the moment, march forward!	0.0	0.0	3.374	1.45		0		
VO_AM_Arcadian Leontus_hurry.ogg	AM3	Lord Solar Leontus	AstraMilitarum	hurry	Decisiveness is our weapon! Let us act swiftly!	0.0	0.0	3.287	1.52		0		
VO_AM_Arcadian Leontus_intro.ogg	AM3	Lord Solar Leontus	AstraMilitarum	intro	Arise warriors of the Imperium, for the Emperor!	0.0	0.0	4.686	1.52		0		
VO_AM_Arcadian Leontus_mirror.ogg	AM3	Lord Solar Leontus	AstraMilitarum	mirror	Onward! Fight so the dawn may rise anew!	0.0	0.0	4.576	1.51		0		
VO_AM_Arcadian Leontus_threat.ogg	AM3	Lord Solar Leontus	AstraMilitarum	threat	Tremble before the might of the AstraMilitarum!	0.0	0.0	3.987	1.52		0		
VO_AM_Arcadian Leontus_vsAbaddon.ogg	AM3	Lord Solar Leontus	AstraMilitarum	vsabaddon	I defy you, despoiler!	0.0	0.0	3.026	1.4		0		
VO_AM_Arcadian Leontus_vsGhazghkull.ogg	AM3	Lord Solar Leontus	AstraMilitarum	vsghazghkull	Your brutish hordes will fall to the discipline of the AstraMilitarum.	0.0	0.0	4.317	1.46		0		
VO_AM_Arcadian Leontus_vsHexscorn.ogg	AM3	Lord Solar Leontus	AstraMilitarum	vshexscorn	We stand, steadfast against the darkness.	0.0	0.0	3.479	1.33		0		
VO_AM_Arcadian Leontus_vsImotekh.ogg	AM3	Lord Solar Leontus	AstraMilitarum	vsimotekh	Your lifeless tyranny shall be shattered by the Emperor's light!	0.0	0.0	3.731	1.41		0		
VO_AM_Arcadian Leontus_vsSaffa.ogg	AM3	Lord Solar Leontus	AstraMilitarum	vssaffa	Fiend, your insidious rebellion shall be purged today.	0.0	0.0	4.953	1.41		0		
VO_AM_Arcadian Leontus_vsSwarmlord.ogg	AM3	Lord Solar Leontus	AstraMilitarum	vsswarmlord	Monstrosity! I shall send you back to the void from whence you came.	0.0	0.0	5.545	1.49		0		
VO_AM_Arcadian Leontus_vsTervigon.ogg	AM3	Lord Solar Leontus	AstraMilitarum	vstervigon	Xenos Abomination. Your kind shall never defile holy terror.	0.0	0.0	5.612	1.44		0		
VO_AM_Arcadian Leontus_wp.ogg	AM3	Lord Solar Leontus	AstraMilitarum	wp	Hmm, even the collegiate astrolux failed to foresee this.	0.0	0.0	4.431	1.45		0		
VO_AM_Armoured Sentinel - Nothing will stop our advance.ogg	AM26	Armoured Sentinel	AstraMilitarum	line	Nothing will stop our advance.	0.0	0.0	1.928	1.33	Nothing will stop our advance	0		
VO_AM_Astropath - I see beyond sight.ogg	AM20	Astropath	AstraMilitarum	line	I see beyond sight.	0.0	0.0	1.563	1.34	I see beyond sight	0		
VO_AM_Attilan Rough Rider - Ride them down!.ogg	AM21	Attilan Rough Rider	AstraMilitarum	line	I'm down!	0.0	0.0	0.977	1.31	Ride them down!	0		
VO_AM_Autocannon Squad - Heavy weapon teams, awaiting target.ogg	AM12	Autocannon Squad	AstraMilitarum	line	Heavyweapon teams are waiting target.	0.0	0.0	1.935	1.35	Heavy weapon teams, awaiting target	0		
VO_AM_Baneblade Tank - All weapons, open fire!.ogg	AM43	Baneblade Tank	AstraMilitarum	line	All weapons, open fire!	0.0	0.0	2.12	1.34	All weapons, open fire!	0		
VO_AM_Basilisk - The earth shakes to the sound of our guns.ogg	AM37	Basilisk	AstraMilitarum	line	The earth shakes to the sound of our guns!	0.0	0.0	2.918	1.37	The earth shakes to the sound of our guns	0		
VO_AM_Bombast Field Gun - Target sighted Let there be fire!.ogg	AM27	Bombast Field Gun	AstraMilitarum	line	Target sighted! Let there be fire!	0.0	0.0	2.257	1.36	Target sighted Let there be fire!	0		
VO_AM_Cadian Castellan - Stand fast, not one step back.ogg	AM31	Cadian Castellan	AstraMilitarum	line	Stand fast! Not one step back!	0.0	0.0	2.448	1.32	Stand fast, not one step back	0		
VO_AM_Cadian Medic - Just a flesh-wound, I'll have you back on your feet.ogg	AM8	Cadian Medic	AstraMilitarum	line	Just a flesh wound. I'll have you back on your feet.	0.0	0.0	2.306	1.48	Just a flesh-wound, I'll have you back on your feet	0		
VO_AM_Cadian Standard Bearer - Cadia stands!.ogg	AM22	Cadian Standard Bearer	AstraMilitarum	line	Cadia stands!	0.0	0.0	1.731	1.4	Cadia stands!	0		
VO_AM_Chimera - Prepare for immediate deployment.ogg	AM32	Chimera	AstraMilitarum	line	Prepare for immediate deployment!	0.0	0.0	1.578	1.38	Prepare for immediate deployment	0		
VO_AM_Commissar - Do your duty, or die by my hand.ogg	AM23	Commissar	AstraMilitarum	line	Do your duty, or die by my hand!	0.0	0.0	3.223	1.46	Do your duty, or die by my hand	0		
VO_AM_Commissar Elan_Backup1.ogg	AM1	Commissar Elan	AstraMilitarum	backup1	The price of cowardice is death!	0.0	0.0	3.093	1.48		0		
VO_AM_Commissar Elan_attack.ogg	AM1	Commissar Elan	AstraMilitarum	attack	HUH!	0.0	0.0	0.64	1.35		1		
VO_AM_Commissar Elan_cantDo.ogg	AM1	Commissar Elan	AstraMilitarum	cantdo	Such action is not allowed.	0.0	0.0	1.897	1.44		0		
VO_AM_Commissar Elan_concede.ogg	AM1	Commissar Elan	AstraMilitarum	concede	An orderly retreat has been authorised.	0.0	0.0	2.518	1.41		0		
VO_AM_Commissar Elan_death.ogg	AM1	Commissar Elan	AstraMilitarum	death	Aargh!	0.0	0.0	1.049	1.38		1		
VO_AM_Commissar Elan_gen1.ogg	AM1	Commissar Elan	AstraMilitarum	gen1	I will never back down from the likes of you.	0.0	0.0	2.608	1.38		0		
VO_AM_Commissar Elan_gen2.ogg	AM1	Commissar Elan	AstraMilitarum	gen2	I do my duty without hesitation.	0.0	0.0	3.632	1.37		0		
VO_AM_Commissar Elan_gen3.ogg	AM1	Commissar Elan	AstraMilitarum	gen3	We will be victorious this day!	0.0	0.0	2.643	1.33		0		
VO_AM_Commissar Elan_gen4.ogg	AM1	Commissar Elan	AstraMilitarum	gen4	Retreat is not an option. We fight until the last man.	0.0	0.0	4.524	1.43		0		
VO_AM_Commissar Elan_gen5.ogg	AM1	Commissar Elan	AstraMilitarum	gen5	Victory through courage or through fear, whatever is needed.	0.0	0.0	4.512	1.43		0		
VO_AM_Commissar Elan_gen6.ogg	AM1	Commissar Elan	AstraMilitarum	gen6	You cannot defeat the might of the AstraMilitarum.	0.0	0.0	3.586	1.4		0		
VO_AM_Commissar Elan_gen7.ogg	AM1	Commissar Elan	AstraMilitarum	gen7	Discipline is the lifeblood of the Guard, without it we are nothing.	0.0	0.0	4.596	1.49		0		
VO_AM_Commissar Elan_greet.ogg	AM1	Commissar Elan	AstraMilitarum	greet	Another battlefield, another victory to claim.	0.0	0.0	3.505	1.37		0		
VO_AM_Commissar Elan_hurry.ogg	AM1	Commissar Elan	AstraMilitarum	hurry	This is no time for indecision!	0.0	0.0	2.016	1.41		0		
VO_AM_Commissar Elan_intro.ogg	AM1	Commissar Elan	AstraMilitarum	intro	We march forward for the Imperium!	0.0	0.0	4.158	1.4		0		
VO_AM_Commissar Elan_mirror.ogg	AM1	Commissar Elan	AstraMilitarum	mirror	If you flee, you will die.	0.0	0.0	2.419	1.39		0		
VO_AM_Commissar Elan_threat.ogg	AM1	Commissar Elan	AstraMilitarum	threat	I will strike you down as an example for all!	0.0	0.0	3.969	1.39		0		
VO_AM_Commissar Elan_vsGhazghkull.ogg	AM1	Commissar Elan	AstraMilitarum	vsghazghkull	Yarek was an inspiration to us all.	0.0	0.0	2.831	1.48		0		
VO_AM_Commissar Elan_vsHaarken.ogg	AM1	Commissar Elan	AstraMilitarum	vshaarken	Stand and fight me.	0.0	0.0	2.091	1.41		0		
VO_AM_Commissar Elan_vsLeontus.ogg	AM1	Commissar Elan	AstraMilitarum	vsleontus	For the Emperor!	0.0	0.0	1.279	1.43		0		
VO_AM_Commissar Elan_vsMinka.ogg	AM1	Commissar Elan	AstraMilitarum	vsminka	Do not make me shoot you for cowardice!	0.0	0.0	2.393	1.49		0		
VO_AM_Commissar Elan_vsUrsula.ogg	AM1	Commissar Elan	AstraMilitarum	vsursula	My place is to ensure the discipline of your troops.	0.0	0.0	4.587	1.57		0		
VO_AM_Commissar Elan_wp.ogg	AM1	Commissar Elan	AstraMilitarum	wp	You fight well, better than I expected.	0.0	0.0	2.643	1.44		0		
VO_AM_Faeburn Vanquisher - Armed and ready!.ogg	AM7	Faeburn Vanquisher	AstraMilitarum	line	Farmed and ready!	0.0	0.0	1.592	1.36	Armed and ready!	0		
VO_AM_Flamer Trooper - Flamers to the front.ogg	AM13	Flamer Trooper	AstraMilitarum	line	Flamer's to the front!	0.0	0.0	1.49	1.41	Flamers to the front	0		
VO_AM_Hektor Thenmann_Backup1.ogg	AM_Hektor_Thenmann	Hektor Thenmann	AstraMilitarum	backup1	His enemies shall fall by our steel!	0.0	0.0	3.728	1.5		0		
VO_AM_Hektor Thenmann_Backup2.ogg	AM_Hektor_Thenmann	Hektor Thenmann	AstraMilitarum	backup2	You are but another target in my scope!	0.0	0.0	3.653	1.44		0		
VO_AM_Hektor Thenmann_Backup3.ogg	AM_Hektor_Thenmann	Hektor Thenmann	AstraMilitarum	backup3	Our orders are clear, soldiers. Leave no survivors.	0.0	0.0	3.897	1.5		0		
VO_AM_Hektor Thenmann_Backup4.ogg	AM_Hektor_Thenmann	Hektor Thenmann	AstraMilitarum	backup4	Only the dead hesitate.	0.0	0.0	1.905	1.41		0		
VO_AM_Hektor Thenmann_Backup5.ogg	AM_Hektor_Thenmann	Hektor Thenmann	AstraMilitarum	backup5	Stay sharp! There is a limit to what medikits can do.	0.0	0.0	3.514	1.48		0		
VO_AM_Hektor Thenmann_Backup6.ogg	AM_Hektor_Thenmann	Hektor Thenmann	AstraMilitarum	backup6	Remember your training, soldiers. Discipline begets triumph.	0.0	0.0	3.96	1.49		0		
VO_AM_Hektor Thenmann_attack.ogg	AM_Hektor_Thenmann	Hektor Thenmann	AstraMilitarum	attack	UGH!	0.0	0.0	0.605	1.36		0		
VO_AM_Hektor Thenmann_cantDo.ogg	AM_Hektor_Thenmann	Hektor Thenmann	AstraMilitarum	cantdo	This action is not authorized.	0.0	0.0	1.905	1.39		0		
VO_AM_Hektor Thenmann_concede.ogg	AM_Hektor_Thenmann	Hektor Thenmann	AstraMilitarum	concede	The objective is compromised.  Regroup!	0.0	0.0	2.399	1.44		0		
VO_AM_Hektor Thenmann_death.ogg	AM_Hektor_Thenmann	Hektor Thenmann	AstraMilitarum	death	Aargh!	0.0	0.0	1.238	1.44		1		
VO_AM_Hektor Thenmann_gen1.ogg	AM_Hektor_Thenmann	Hektor Thenmann	AstraMilitarum	gen1	Even death can bring glory.	0.0	0.0	2.469	1.39		0		
VO_AM_Hektor Thenmann_gen2.ogg	AM_Hektor_Thenmann	Hektor Thenmann	AstraMilitarum	gen2	Target eliminated. The mission continues.	0.0	0.0	2.857	1.42		0		
VO_AM_Hektor Thenmann_gen3.ogg	AM_Hektor_Thenmann	Hektor Thenmann	AstraMilitarum	gen3	The scholar progenium has honed us into weapons.	0.0	0.0	3.946	1.52		0		
VO_AM_Hektor Thenmann_gen4.ogg	AM_Hektor_Thenmann	Hektor Thenmann	AstraMilitarum	gen4	Stay sharp! There is a limit to what medikits can do.	0.0	0.0	3.514	1.49		0		
VO_AM_Hektor Thenmann_gen5.ogg	AM_Hektor_Thenmann	Hektor Thenmann	AstraMilitarum	gen5	A sharp enemy can only be vanquished with a sharp blade.	0.0	0.0	3.879	1.47		0		
VO_AM_Hektor Thenmann_gen6.ogg	AM_Hektor_Thenmann	Hektor Thenmann	AstraMilitarum	gen6	I do not deal in chances. Victory is the only aim.	0.0	0.0	4.079	1.52		0		
VO_AM_Hektor Thenmann_gen7.ogg	AM_Hektor_Thenmann	Hektor Thenmann	AstraMilitarum	gen7	We are the Imperium's blade, lethal and unwavering!	0.0	0.0	4.802	1.51		0		
VO_AM_Hektor Thenmann_greet.ogg	AM_Hektor_Thenmann	Hektor Thenmann	AstraMilitarum	greet	Target acquired, ready to move in.	0.0	0.0	2.155	1.44		0		
VO_AM_Hektor Thenmann_hurry.ogg	AM_Hektor_Thenmann	Hektor Thenmann	AstraMilitarum	hurry	Hesitation brings only failure.	0.0	0.0	2.233	1.41		0		
VO_AM_Hektor Thenmann_intro.ogg	AM_Hektor_Thenmann	Hektor Thenmann	AstraMilitarum	intro	Soldiers, may your deeds honor the Imperium!	0.0	0.0	3.27	1.51		0		
VO_AM_Hektor Thenmann_mirror.ogg	AM_Hektor_Thenmann	Hektor Thenmann	AstraMilitarum	mirror	We only get one shot at this.	0.0	0.0	2.425	1.41		0		
VO_AM_Hektor Thenmann_threat.ogg	AM_Hektor_Thenmann	Hektor Thenmann	AstraMilitarum	threat	A clean shot is the only mercy you will receive.	0.0	0.0	3.455	1.48		0		
VO_AM_Hektor Thenmann_vsDenkler.ogg	AM_Hektor_Thenmann	Hektor Thenmann	AstraMilitarum	vsdenkler	A soldier who conquers fear is worth an army.	0.0	0.0	4.094	1.47		0		
VO_AM_Hektor Thenmann_vsLeontus-Ursula-SM.ogg	AM_Hektor_Thenmann	Hektor Thenmann	AstraMilitarum	vsleontus-ursula-sm	This exercise is a privilege and we will prove worthy.	0.0	0.0	4.12	1.52		0		
VO_AM_Hektor Thenmann_vsOrks.ogg	AM_Hektor_Thenmann	Hektor Thenmann	AstraMilitarum	vsorks	End this stubborn filth now!	0.0	0.0	2.646	1.41		0		
VO_AM_Hektor Thenmann_vsTau.ogg	AM_Hektor_Thenmann	Hektor Thenmann	AstraMilitarum	vstau	I've seen the reports from Volker, Zeno's.  Your fate is sealed.	0.0	0.0	5.917	1.66		0		
VO_AM_Hektor Thenmann_vsTau_v2.ogg	AM_Hektor_Thenmann	Hektor Thenmann	AstraMilitarum	line	I've seen the reports from Volkus, Xenos. Your fate is sealed.	0.0	0.0	5.452	1.59		0		
VO_AM_Hektor Thenmann_wp.ogg	AM_Hektor_Thenmann	Hektor Thenmann	AstraMilitarum	wp	The foe is more resilient than anticipated.	0.0	0.0	3.426	1.46		0		
VO_AM_Hydra - Blast them out of the skies!.ogg	AM33	Hydra	AstraMilitarum	line	Blast them out of the sky!	0.0	0.0	2.006	1.4	Blast them out of the skies!	0		
VO_AM_Karskin - Hotshot rifles primed Kill-shots authorised.ogg	AM14	Kasrkin	AstraMilitarum	line	HOT SHOT RIFLES PRIMED. KILL SHOTS AUTHORIZED.	0.0	0.0	3.801	1.72	Hotshot rifles primed Kill-shots authorised	0		
VO_AM_Leman Russ Tank - The battlefield trembles under our treads.ogg	AM38	Leman Russ	AstraMilitarum	line	The battlefield trembles under our dreads.	0.0	0.0	3.102	1.58	The battlefield trembles under our treads	0		
VO_AM_Leman Russ Vanquisher - A single shell is all it takes.ogg	AM40	Leman Russ Vanquisher	AstraMilitarum	line	A single show is all it takes.	0.0	0.0	3.23	1.6	A single shell is all it takes	0		
VO_AM_Maelon Dhrost - Duty demands sacrifice.ogg	AM41	Maelon Dhrost	AstraMilitarum	line	Duty Demands Sacrifice	0.0	0.0	2.199	1.54	Duty demands sacrifice	0		
VO_AM_Manticore - Missiles primed and ready!.ogg	AM34	Manticore	AstraMilitarum	line	Missiles primed and ready!	0.0	0.0	2.114	1.51	Missiles primed and ready!	0		
VO_AM_Master of Ordnance - Let's make the cannons sing Fire!.ogg	AM15	Master of Ordnance	AstraMilitarum	line	Let's make the cannon sing!  FIRE!	0.0	0.0	2.892	1.49	Let's make the cannons sing Fire!	0		
VO_AM_Medic Scion - No soul left behind.ogg	AM71	Medic Scion	AstraMilitarum	line	No soul left behind.	0.0	0.0	1.772	1.47	No soul left behind	0		
VO_AM_Medic Scion -On your feet! If you can breathe you can fight.ogg	AM71	Medic Scion	AstraMilitarum	line	On your feet, if you can breathe, you can fight.	0.0	0.0	2.953	1.48		0		
VO_AM_Minka Lesk - For Cadia!.ogg	AM16	Minka Lesk	AstraMilitarum	line	Fuck Katia!	0.0	0.0	1.215	1.92	For Cadia!	0		
VO_AM_Nork Deddog - Behind me, Sir Nork's got dis!.ogg	AM35	Nork Deddog	AstraMilitarum	line	Come on mate sir, Nork's got this.	0.0	0.0	3.499	1.49	Behind me, Sir Nork's got dis!	0		
VO_AM_Ogryn - Yes, sir!.ogg	AM18	Ogryn	AstraMilitarum	line	Yes, sir!	0.0	0.0	0.91	1.42	Yes, sir!	0		
VO_AM_Primaris Psyker - I channel the Emperor’s fury!.ogg	AM29	Primaris Psyker	AstraMilitarum	line	I channel the Emperor's Fury.	0.0	0.0	2.384	1.44	I channel the Emperor’s fury!	0		
VO_AM_Ratling - One shot should do it.ogg	AM9	Ratling	AstraMilitarum	line	One shot should do it.	0.0	0.0	2.605	1.44	One shot should do it	0		
VO_AM_Rogal Dorn Tank - We are the Emperor's fire and fury!.ogg	AM42	Rogal Dorn Tank	AstraMilitarum	line	Come on in for a spark and fueling!	0.0	0.0	2.546	4.84	We are the Emperor's fire and fury!	0		
VO_AM_Scout Sentinel - Scout patrol to command I have eyes on the enemy.ogg	AM24	Scout Sentinel	AstraMilitarum	line	Scout Patrol to command. I have eyes on the enemy.	0.0	0.0	3.322	1.49	Scout patrol to command I have eyes on the enemy	0		
VO_AM_Shock Trooper - Reporting for duty!.ogg	AM10	Shock Trooper	AstraMilitarum	line	Reporting for duty.	0.0	0.0	1.453	1.36	Reporting for duty!	0		
VO_AM_Shock Trooper Sgt - For Cadia, we hold the line here!.ogg	AM19	Shock Trooper Sgt	AstraMilitarum	line	For Acadia, we hold the line here.	0.0	0.0	3.067	1.54	For Cadia, we hold the line here!	0		
VO_AM_Taurox - Armored transport, moving in!.ogg	AM30	Taurox	AstraMilitarum	line	I'm a transport movin' in.	0.0	0.0	1.83	1.46	Armored transport, moving in!	0		
VO_AM_Taurox Prime - Reserves are ready for deployment.ogg	AM74	Taurox Prime	AstraMilitarum	line	Reserves are ready for deployment.	0.0	0.0	1.734	1.45	Reserves are ready for deployment	0		
VO_AM_Tech-Priest Enginseer - Blessed is the Omnissiah's work.ogg	AM25	Tech-Priest Enginseer	AstraMilitarum	line	Blessed is the On Messiah's work.	0.0	0.0	2.863	1.44		0		
VO_AM_Tempestus Aquilon - Descending into position!.ogg	AM72	Tempestus Aquilon	AstraMilitarum	line	Descending into position.	0.0	0.0	1.464	1.5	Descending into position!	0		
VO_AM_Tempestus Scion - Contact confirmed Engaging.ogg	AM69	Tempestus Scion	AstraMilitarum	line	Contact confirmed. Engaging.	0.0	0.0	2.698	1.45	Contact confirmed Engaging	0		
VO_AM_Tempestus Sergeant - No mercy Bring them down!.ogg	AM72	Tempestus Aquilon	AstraMilitarum	line	No mercy! Bring them down!	0.0	0.0	2.228	1.43	No mercy Bring them down!	0		
VO_AM_Ursula Creed_attack.ogg	AM5	Ursula Creed	AstraMilitarum	attack	WAH!	0.0	0.0	0.646	1.48		1		
VO_AM_Ursula Creed_cantDo.ogg	AM5	Ursula Creed	AstraMilitarum	cantdo	I can't do that.	0.0	0.0	1.293	1.44		0		
VO_AM_Ursula Creed_concede.ogg	AM5	Ursula Creed	AstraMilitarum	concede	Fall back and regroup!	0.0	0.0	1.639	1.45		0		
VO_AM_Ursula Creed_death.ogg	AM5	Ursula Creed	AstraMilitarum	death	UGH!	0.0	0.0	2.134	7.67		1		
VO_AM_Ursula Creed_gen1.ogg	AM5	Ursula Creed	AstraMilitarum	gen1	I will carry on my father's legacy.	0.0	0.0	2.605	1.52		0		
VO_AM_Ursula Creed_gen2.ogg	AM5	Ursula Creed	AstraMilitarum	gen2	We will defend the Imperium to out-dying breath!	0.0	0.0	3.54	1.64		0		
VO_AM_Ursula Creed_gen3.ogg	AM5	Ursula Creed	AstraMilitarum	gen3	Cadia is no more, but we will stand!	0.0	0.0	3.511	1.64		0		
VO_AM_Ursula Creed_gen4.ogg	AM5	Ursula Creed	AstraMilitarum	gen4	The AstraMilitarum will never break!	0.0	0.0	3.235	1.59		0		
VO_AM_Ursula Creed_gen5.ogg	AM5	Ursula Creed	AstraMilitarum	gen5	Let me teach you a lesson about strategy.	0.0	0.0	2.669	1.54		0		
VO_AM_Ursula Creed_gen6.ogg	AM5	Ursula Creed	AstraMilitarum	gen6	Only a coward hides at the back of the lines.	0.0	0.0	2.724	1.57		0		
VO_AM_Ursula Creed_gen7.ogg	AM5	Ursula Creed	AstraMilitarum	gen7	Face forward and never look back!	0.0	0.0	2.857	1.53		0		
VO_AM_Ursula Creed_greet.ogg	AM5	Ursula Creed	AstraMilitarum	greet	I have seen you and judged you.  FACE MY RUFF!	0.0	0.0	4.375	1.65		0		
VO_AM_Ursula Creed_hurry.ogg	AM5	Ursula Creed	AstraMilitarum	hurry	Stop wasting time!	0.0	0.0	1.348	1.7		0		
VO_AM_Ursula Creed_intro.ogg	AM5	Ursula Creed	AstraMilitarum	intro	With fury in our hearts, we will never falter!	0.0	0.0	2.942	1.95		0		
VO_AM_Ursula Creed_mirror.ogg	AM5	Ursula Creed	AstraMilitarum	mirror	Well, we stand, Kedia stands!	0.0	0.0	2.579	1.87		0		
VO_AM_Ursula Creed_threat.ogg	AM5	Ursula Creed	AstraMilitarum	threat	The hammer of the Emperor shall be your doom.	0.0	0.0	3.83	1.88		0		
VO_AM_Ursula Creed_vsAbaddon.ogg	AM5	Ursula Creed	AstraMilitarum	vsabaddon	You may be the Archfiend, but I am Retribution!	0.0	0.0	4.158	1.57		0		
VO_AM_Ursula Creed_vsCommissar.ogg	AM5	Ursula Creed	AstraMilitarum	vscommissar	Know your place Commissar!	0.0	0.0	2.085	1.51		0		
VO_AM_Ursula Creed_vsLeontus.ogg	AM5	Ursula Creed	AstraMilitarum	vsleontus	For Kadier!	0.0	0.0	1.194	1.46		0		
VO_AM_Ursula Creed_vsTyranids.ogg	AM5	Ursula Creed	AstraMilitarum	vstyranids	Don't allow these beasts a foothold!	0.0	0.0	2.286	1.63		0		
VO_AM_Ursula Creed_vsUM.ogg	AM5	Ursula Creed	AstraMilitarum	vsum	You should be focusing on the real enemy.	0.0	0.0	2.115	1.49		0		
VO_AM_Ursula Creed_wp.ogg	AM5	Ursula Creed	AstraMilitarum	wp	Tactics win battles, but faith wins wars.	0.0	0.0	3.412	1.52		0		
VO_AM_Valkyrie - Prepare for rapid insertion!.ogg	AM39	Valkyrie	AstraMilitarum	line	Prepare for rapid insertion!	0.0	0.0	1.681	1.47	Prepare for rapid insertion!	0		
VO_AM_Vitus Gryf - Fight to the last breath!.ogg	AM73	Vitus Gryf	AstraMilitarum	line	Fight to the last breath!	0.0	0.0	1.357	1.48	Fight to the last breath!	0		
VO_AM_Vitus Gryf - Your death is our duty.ogg	AM73	Vitus Gryf	AstraMilitarum	line	Your death is our duty.	0.0	0.0	2.051	1.44	Your death is our duty	0		
VO_AM_Vox Operator - New orders in from command.ogg	AM11	Vox Operator	AstraMilitarum	line	New orders in from command!	0.0	0.0	1.67	1.45	New orders in from command	0		
VO_BL_Accursed Helbrute - Aaaargh Kill KILL.ogg	BL74	Accursed Helbrute	BlackLegion	line	AHHHHH! KILL!	0.0	0.0	4.174	1.44	Aaaargh Kill KILL	0		
VO_BL_Aspiring Champion - Embrace the power of Chaos.ogg	BL25	Aspiring Champion	BlackLegion	line	Embrace the power of chaos!	0.0	0.0	2.574	1.5	Embrace the power of Chaos	0		
VO_BL_Black Legionary - Death to the False Emperor.ogg	BL11	Black Legionary	BlackLegion	line	To the False Emperor!	0.0	0.0	1.814	1.44	Death to the False Emperor	0		
VO_BL_Bringer of Decay - Wither and die.ogg	BL31	Bringer of decay	BlackLegion	line	Wither and die.	0.0	0.0	3.49	1.46	Wither and die	0		
VO_BL_Chaos Legionary - I serve the Dark Gods.ogg	BL12	Chaos Legionary	BlackLegion	line	I soothe the dark gods.	0.0	0.0	2.712	1.43	I serve the Dark Gods	0		
VO_BL_Chaos Lord - I take what is mine.ogg	BL45	Chaos Lord	BlackLegion	line	I take what is mine.	0.0	0.0	2.65	1.46	I take what is mine	0		
VO_BL_Chaos Sergeant - Cruelty is strength.ogg	BL56	Gifts of Chaos	BlackLegion	line	Cruelty is strength.	0.0	0.0	2.782	1.46	Cruelty is strength	0		
VO_BL_Chaos Spawn - bestial snarling.ogg	BL56	Gifts of Chaos	BlackLegion	line		0.0	0.0	1.891	1.49	bestial snarling	0	1	halluc
VO_BL_Chaos Terminator - I am unstoppable.ogg	BL37	Chaos Terminator	BlackLegion	line	I am unstoppable!	0.0	0.0	2.718	1.44	I am unstoppable	0		
VO_BL_Child of Torment - My obsession cannot be sated.ogg	BL38	Child of Torment	BlackLegion	line	My obsession cannot be sated.	0.0	0.0	2.306	1.42	My obsession cannot be sated	0		
VO_BL_Chosen - Follow me to victory.ogg	BL26	Chosen	BlackLegion	line	Follow me to victory!	0.0	0.0	1.938	1.43	Follow me to victory	0		
VO_BL_Chosen Champion - The crusade cannot be stopped.ogg	BL39	Chosen Champion	BlackLegion	line	The crusade cannot be stopped.	0.0	0.0	2.268	1.41	The crusade cannot be stopped	0		
VO_BL_Daemon Blade Legionary - Your armour cannot save you.ogg	BL27	Daemon Blade Legionary	BlackLegion	line	Your armor cannot save you.	0.0	0.0	2.562	1.43	Your armour cannot save you	0		
VO_BL_Dark Apostle - Dark Gods bestow your gift upon me.ogg	BL40	Dark Apostle	BlackLegion	line	Dark gods, bestow your gift upon me!	0.0	0.0	3.878	1.45	Dark Gods bestow your gift upon me	0		
VO_BL_Dark Disciple - The Dark Powers demand sacrifice.ogg	BL10	Dark Disciple	BlackLegion	line	The Dark Power's Demand Sacrifice.	0.0	0.0	3.418	1.46	The Dark Powers demand sacrifice	0		
VO_BL_Ghallaron's Champion - Surrender to Ghallaron and your death will be quick.ogg	BL_Ghallaron_s_Champion	Ghallaron's Champion	BlackLegion	line	Surrender to Ghallaron, and your death will be quick.	0.0	0.0	4.863	1.52	Surrender to Ghallaron and your death will be quick	0		
VO_BL_Ghallaron's Disciple - Praise Ghallaron beloved in the eyes of the gods.ogg	BL_Ghallaron_s_Disciple	Ghallaron's Disciple	BlackLegion	line	Please, Ghallaron, be loved in the eyes of the gods.	0.0	0.0	5.098	1.56	Praise Ghallaron beloved in the eyes of the gods	0		
VO_BL_Ghallaron_Backup2.ogg	BL_Ghallaron_s_Champion	Ghallaron's Champion	BlackLegion	backup2	I answer only to the Warmaster and the Gods.	0.0	0.0	4.846	1.5		0		
VO_BL_Ghallaron_Backup3.ogg	BL_Ghallaron_s_Champion	Ghallaron's Champion	BlackLegion	backup3	Devotion is power.	0.0	0.0	2.843	1.41		0		
VO_BL_Ghallaron_Backup4.ogg	BL_Ghallaron_s_Champion	Ghallaron's Champion	BlackLegion	backup4	I offer eternal devotion, they offer limitless power.	0.0	0.0	6.732	1.51		0		
VO_BL_Ghallaron_Backup5.ogg	BL_Ghallaron_s_Champion	Ghallaron's Champion	BlackLegion	backup5	FOR THE WARMASTER!	0.0	0.0	2.814	1.47		0		
VO_BL_Ghallaron_attack.ogg	BL_Ghallaron_s_Champion	Ghallaron's Champion	BlackLegion	attack	HMM!	0.0	0.0	0.669	1.43		1		generic
VO_BL_Ghallaron_cantDo.ogg	BL_Ghallaron_s_Champion	Ghallaron's Champion	BlackLegion	cantdo	It cannot be done.	0.0	0.0	1.673	1.41		0		
VO_BL_Ghallaron_concede.ogg	BL_Ghallaron_s_Champion	Ghallaron's Champion	BlackLegion	concede	I will rise again from this defeat, and claim my vengeance!	0.0	0.0	4.364	1.54		0		
VO_BL_Ghallaron_death.ogg	BL_Ghallaron_s_Champion	Ghallaron's Champion	BlackLegion	death	Ghallaron's Champion, BlackLegion.	0.0	0.0	2.286	7.35		1		
VO_BL_Ghallaron_gen1.ogg	BL_Ghallaron_s_Champion	Ghallaron's Champion	BlackLegion	gen1	By the War Masters Command, your fate has been sealed!	0.0	0.0	5.847	1.49		0		
VO_BL_Ghallaron_gen2.ogg	BL_Ghallaron_s_Champion	Ghallaron's Champion	BlackLegion	gen2	It is not zealotry, but undeniable truth.	0.0	0.0	4.036	1.58		0		
VO_BL_Ghallaron_gen3.ogg	BL_Ghallaron_s_Champion	Ghallaron's Champion	BlackLegion	gen3	Have you lost your thirst for power?	0.0	0.0	3.035	1.43		0		
VO_BL_Ghallaron_gen4.ogg	BL_Ghallaron_s_Champion	Ghallaron's Champion	BlackLegion	gen4	The Dark Gods Demand Your Life!	0.0	0.0	3.31	1.46		0		
VO_BL_Ghallaron_gen5.ogg	BL_Ghallaron_s_Champion	Ghallaron's Champion	BlackLegion	gen5	I WILL HAVE VENTURES!	0.0	0.0	2.927	1.43		0		
VO_BL_Ghallaron_gen6.ogg	BL_Ghallaron_s_Champion	Ghallaron's Champion	BlackLegion	gen6	I will cast down the false idols of the Imperium!	0.0	0.0	5.467	1.54		0		
VO_BL_Ghallaron_gen7.ogg	BL_Ghallaron_s_Champion	Ghallaron's Champion	BlackLegion	gen7	You lack ambition.	0.0	0.0	2.474	1.38		0		
VO_BL_Ghallaron_greet.ogg	BL_Ghallaron_s_Champion	Ghallaron's Champion	BlackLegion	greet	I am the Harbinger of Oblivion.	0.0	0.0	3.824	1.52		0		
VO_BL_Ghallaron_hurry.ogg	BL_Ghallaron_s_Champion	Ghallaron's Champion	BlackLegion	hurry	We must hasten!	0.0	0.0	1.665	1.46		0		
VO_BL_Ghallaron_intro.ogg	BL_Ghallaron_s_Champion	Ghallaron's Champion	BlackLegion	intro	We are returned.	0.0	0.0	2.294	1.44		0		
VO_BL_Ghallaron_mirror.ogg	BL_Ghallaron_s_Champion	Ghallaron's Champion	BlackLegion	mirror	New Disciples are always welcome.	0.0	0.0	4.175	1.52		0		
VO_BL_Ghallaron_threat.ogg	BL_Ghallaron_s_Champion	Ghallaron's Champion	BlackLegion	threat	Bow before the dark gods, or face retribution.	0.0	0.0	4.735	1.47		0		
VO_BL_Ghallaron_vsGhazghkull.ogg	BL_Ghallaron_s_Champion	Ghallaron's Champion	BlackLegion	vsghazghkull	Your gods are pitiful things compared to the true powers of the galaxy.	0.0	0.0	6.573	1.49		0		
VO_BL_Ghallaron_vsKeltoc.ogg	BL_Ghallaron_s_Champion	Ghallaron's Champion	BlackLegion	vskeltoc	You are so close to salvation.	0.0	0.0	3.737	1.42		0		
VO_BL_Ghallaron_vsVarroTigurius.ogg	BL_Ghallaron_s_Champion	Ghallaron's Champion	BlackLegion	vsvarrotigurius	Such hypocrisy makes the gods laugh.	0.0	0.0	4.201	1.45		0		
VO_BL_Ghallaron_wp.ogg	BL_Ghallaron_s_Champion	Ghallaron's Champion	BlackLegion	wp	You could be a great follower.	0.0	0.0	3.464	1.54		0		
VO_BL_Havoc - Be rent unto flesh and ruin.ogg	BL32	Havoc	BlackLegion	line	Be rent unto flesh and ruin.	0.0	0.0	3.098	1.42	Be rent unto flesh and ruin	0		
VO_BL_Havoc Champion - We bring annihilation.ogg	BL73	Havoc Champion	BlackLegion	line	We bring annihilation.	0.0	0.0	3.145	1.38	We bring annihilation	0		
VO_BL_Helbrute - My agony drives me.ogg	BL42	Helbrute	BlackLegion	line	Hey, Agony joins me!	0.0	0.0	2.1	1.39	My agony drives me	0		
VO_BL_Hound of Abaddon - Your skull is already mine.ogg	BL14	Hound of Abaddon	BlackLegion	line	Your skull is already mine!	0.0	0.0	3.11	1.37	Your skull is already mine	0		
VO_BL_Iskandar Khayon - The False Emperor must die.ogg	BL47	Iskandar Khayon	BlackLegion	line	The false emperor must die.	0.0	0.0	2.6	1.37	The False Emperor must die	0		
VO_BL_Khorne Berzerker - Blood for the Blood God.ogg	BL17	Khorne Berzerker	BlackLegion	line	Blood for the Blood God!	0.0	0.0	2.52	1.35	Blood for the Blood God	0		
VO_BL_Lheorvine Ukris - I'll destroy you.ogg	BL33	Lheorvine Ukris	BlackLegion	line	I'll destroy you!	0.0	0.0	2.01	1.39	I'll destroy you	0		
VO_BL_Master of Executions - Your head will be my trophy.ogg	BL28	Master of Executions	BlackLegion	line	Your head will be my trophy.	0.0	0.0	3.378	1.36	Your head will be my trophy	0		
VO_BL_Master of Possession - Your body will serve as a vessel.ogg	BL34	Master of Possession	BlackLegion	line	Your body will serve as a vessel.	0.0	0.0	3.002	1.4	Your body will serve as a vessel	0		
VO_BL_Maulerfiend - growl roar.ogg	BL46	Maulerfiend	BlackLegion	line		0.0	0.0	2.149	2.04	growl roar	1	1	halluc
VO_BL_Meltagun Legionary - I will leave nothing but ash.ogg	BL_Meltagun_Legionary	Meltagun Legionary	BlackLegion	line	I will leave nothing but ash!	0.0	0.0	3.685	1.5	I will leave nothing but ash	0		
VO_BL_Noise Marine - Such sweet cacophony.ogg	BL19	Noise Marine	BlackLegion	line	Such sweet cacophony!	0.0	0.0	2.686	1.43	Such sweet cacophony	0		
VO_BL_Obliterator - Flesh and bone are weak.ogg	BL43	Obliterator	BlackLegion	line	Flesh and bone are weak.	0.0	0.0	2.612	1.4	Flesh and bone are weak	0		
VO_BL_Plague Marine - Let your hate fester.ogg	BL21	Plague Marine	BlackLegion	line	Let your hate faster.	0.0	0.0	3.846	1.41	Let your hate fester	0		
VO_BL_Possessed Champion - I will see your blood flow.ogg	BL29	Possessed Champion	BlackLegion	line	I will see your blood flow!	0.0	0.0	2.842	1.42	I will see your blood flow	0		
VO_BL_Possessed Marine - I live in your nightmares.ogg	BL29	Possessed Champion	BlackLegion	line	In your nightmares!	0.0	0.0	3.21	1.34	I live in your nightmares	0		
VO_BL_Rubric Marine - swirling dust.ogg	BL15	Rubric Marine	BlackLegion	line		0.0	0.0	3.662	1.42	swirling dust	1	1	echo
VO_BL_Sorcerer - I have foreseen the Warmaster's victory.ogg	BL36	Sorcerer	BlackLegion	line	I have foreseen the war master's victory.	0.0	0.0	3.333	1.41	I have foreseen the Warmaster's victory	0		
VO_BL_Terminator Champion - You are an unworthy foe.ogg	BL44	Terminator Champion	BlackLegion	line	You are an unworthy foe.	0.0	0.0	2.234	1.45	You are an unworthy foe	0		
VO_BL_Venomcrawler - hiss snarl clank.ogg	BL41	Venomcrawler	BlackLegion	line		0.0	0.0	1.952	1.41	hiss snarl clank	1	1	echo
VO_BL_Veteran Havoc - Embrace the fires of oblivion.ogg	BL72	Veteran Havoc	BlackLegion	line	Embrace the fires of oblivion!	0.0	0.0	3.281	1.45	Embrace the fires of oblivion	0		
VO_BL_Veteran Legionary - My hate drives me.ogg	BL24	Veteran Legionary	BlackLegion	line	My hate drives me.	0.0	0.0	2.406	1.33	My hate drives me	0		
VO_BL_Vex Machinator - Come spirits of the machines, I will remake you.ogg	BL48	Vex Machinator	BlackLegion	line	Come, Spinach of the Machines! I will remake you!	0.0	0.0	6.226	1.5	Come spirits of the machines, I will remake you	0		
VO_BL_Warp Talon - I strike from the warp.ogg	BL30	Warp Talon	BlackLegion	line	I STRIKE FROM THE WARP!	0.0	0.0	2.214	1.4	I strike from the warp	0		
VO_BL_Zealot Legionary - For the glory of the Dark Gods.ogg	BL_Zealot_Legionary	Zealot Legionary	BlackLegion	line	For the glory of the dark gods!	0.0	0.0	4.184	1.41	For the glory of the Dark Gods	0		
VO_BlackLegion_Abaddon_attack.ogg	BL14	Hound of Abaddon	BlackLegion	attack	SHUT UP!	0.0	0.0	0.78	1.34		0		
VO_BlackLegion_Abaddon_cant.ogg	BL14	Hound of Abaddon	BlackLegion	cantdo	That is impossible!	0.0	0.0	1.919	1.34		0		
VO_BlackLegion_Abaddon_concede.ogg	BL14	Hound of Abaddon	BlackLegion	concede	I learn from my losses so that next time I will prevail.	0.0	0.0	5.249	1.47		0		
VO_BlackLegion_Abaddon_death.ogg	BL14	Hound of Abaddon	BlackLegion	death	Blargh!	0.0	0.0	1.007	1.37		1		
VO_BlackLegion_Abaddon_gen1.ogg	BL14	Hound of Abaddon	BlackLegion	gen1	We were made to conquer the galaxy!	0.0	0.0	3.38	1.42		0		
VO_BlackLegion_Abaddon_gen2.ogg	BL14	Hound of Abaddon	BlackLegion	gen2	From shame and shadow recast, in black and gold reborn.	0.0	0.0	6.084	1.47		0		
VO_BlackLegion_Abaddon_gen3.ogg	BL14	Hound of Abaddon	BlackLegion	gen3	Savor your pathetic hope while you have any left.	0.0	0.0	4.343	1.53		0		
VO_BlackLegion_Abaddon_gen4.ogg	BL14	Hound of Abaddon	BlackLegion	gen4	Hold my father's weapon, he shall never be reborn.	0.0	0.0	4.601	1.47		0		
VO_BlackLegion_Abaddon_gen5.ogg	BL14	Hound of Abaddon	BlackLegion	gen5	Way and the Ark fiend, the Dispoiler of Worlds.	0.0	0.0	5.273	1.49		0		
VO_BlackLegion_Abaddon_gen6.ogg	BL14	Hound of Abaddon	BlackLegion	gen6	My BlackLegion will reclaim what is ours!	0.0	0.0	3.635	1.45		0		
VO_BlackLegion_Abaddon_gen7.ogg	BL14	Hound of Abaddon	BlackLegion	gen7	We will destroy the servants of the Fox Emperor.	0.0	0.0	4.884	1.5		0		
VO_BlackLegion_Abaddon_greet.ogg	BL14	Hound of Abaddon	BlackLegion	greet	Fight me if you must, but you will soon taste defeat.	0.0	0.0	5.305	1.49		0		
VO_BlackLegion_Abaddon_hurry.ogg	BL14	Hound of Abaddon	BlackLegion	hurry	It is time to act.	0.0	0.0	1.711	1.41		0		
VO_BlackLegion_Abaddon_intro.ogg	BL14	Hound of Abaddon	BlackLegion	intro	From the Eye of Terror we shall bring no mercy!	0.0	0.0	3.919	1.49		0		
VO_BlackLegion_Abaddon_mirror.ogg	BL14	Hound of Abaddon	BlackLegion	mirror	It is by my hand that the Imperium will become ashes.	0.0	0.0	5.817	1.57		0		
VO_BlackLegion_Abaddon_threat.ogg	BL14	Hound of Abaddon	BlackLegion	threat	You will soon no pain like no other.	0.0	0.0	3.284	1.44		0		
VO_BlackLegion_Abaddon_vsCalgar.ogg	BL14	Hound of Abaddon	BlackLegion	vscalgar	This is our Imperium. We forced it in blood.	0.0	0.0	4.841	1.5		0		
VO_BlackLegion_Abaddon_vsGrukk.ogg	BL14	Hound of Abaddon	BlackLegion	vsgrukk	Your worthless kind is nothing more than a distraction.	0.0	0.0	4.135	1.45		0		
VO_BlackLegion_Abaddon_vsHexscorn.ogg	BL14	Hound of Abaddon	BlackLegion	vshexscorn	Good. Your sorcery will be a potent weapon.	0.0	0.0	4.105	1.5		0		
VO_BlackLegion_Abaddon_vsMinka.ogg	BL14	Hound of Abaddon	BlackLegion	vsminka	And yet your Cadian gate fell to my Black Crusade.	0.0	0.0	4.481	1.52		0		
VO_BlackLegion_Abaddon_vsOrikan.ogg	BL14	Hound of Abaddon	BlackLegion	vsorikan	Persistence always brings victory.	0.0	0.0	3.377	1.45		0		
VO_BlackLegion_Abaddon_wp.ogg	BL14	Hound of Abaddon	BlackLegion	wp	You proved stronger than I anticipated.	0.0	0.0	3.207	1.45		0		
VO_BlackLegion_Haarken_Attack.ogg	BL3	Haarken Worldclaimer	BlackLegion	attack	Blah!	0.0	0.0	1.526	1.4		1		
VO_BlackLegion_Haarken_CantDo.ogg	BL3	Haarken Worldclaimer	BlackLegion	cantdo	I cannot do that!	0.0	0.0	1.908	1.42		0		
VO_BlackLegion_Haarken_Concede.ogg	BL3	Haarken Worldclaimer	BlackLegion	concede	This was all parts of the Warmaster's great plan!	0.0	0.0	3.894	1.54		0		
VO_BlackLegion_Haarken_Death.ogg	BL3	Haarken Worldclaimer	BlackLegion	death	ROAR!	0.0	0.0	2.49	6.7		1		
VO_BlackLegion_Haarken_Gen1.ogg	BL3	Haarken Worldclaimer	BlackLegion	gen1	The time of the Black Crusade is now!	0.0	0.0	3.69	1.45		0		
VO_BlackLegion_Haarken_Gen2.ogg	BL3	Haarken Worldclaimer	BlackLegion	gen2	The gods have a plan, and the despoiler will enact it.	0.0	0.0	4.251	1.55		0		
VO_BlackLegion_Haarken_Gen3.ogg	BL3	Haarken Worldclaimer	BlackLegion	gen3	You have no place in this galaxy.	0.0	0.0	2.91	1.41		0		
VO_BlackLegion_Haarken_Gen4.ogg	BL3	Haarken Worldclaimer	BlackLegion	gen4	Chaos is the only way!	0.0	0.0	3.07	1.42		0		
VO_BlackLegion_Haarken_Gen5.ogg	BL3	Haarken Worldclaimer	BlackLegion	gen5	Our success has been foretold throughout the eons.	0.0	0.0	4.535	1.47		0		
VO_BlackLegion_Haarken_Gen6.ogg	BL3	Haarken Worldclaimer	BlackLegion	gen6	You are nothing before the might of the BlackLegion.	0.0	0.0	4.662	1.55		0		
VO_BlackLegion_Haarken_Gen7.ogg	BL3	Haarken Worldclaimer	BlackLegion	gen7	You do not yet know the meaning of fear.	0.0	0.0	3.254	1.44		0		
VO_BlackLegion_Haarken_Greet.ogg	BL3	Haarken Worldclaimer	BlackLegion	greet	I am the Herald of the Apocalypse, and you will listen.	0.0	0.0	5.162	1.58		0		
VO_BlackLegion_Haarken_Hurry.ogg	BL3	Haarken Worldclaimer	BlackLegion	hurry	We cannot wait any longer.	0.0	0.0	2.098	1.37		0		
VO_BlackLegion_Haarken_Intro.ogg	BL3	Haarken Worldclaimer	BlackLegion	intro	Here for the coming of damnation!	0.0	0.0	3.218	1.42		0		
VO_BlackLegion_Haarken_Mirror.ogg	BL3	Haarken Worldclaimer	BlackLegion	mirror	Many voices speak of the coming of the Warmaster.	0.0	0.0	4.578	1.47		0		
VO_BlackLegion_Haarken_Threat.ogg	BL3	Haarken Worldclaimer	BlackLegion	threat	You will be crushed by the coming storm.	0.0	0.0	3.374	1.45		0		
VO_BlackLegion_Haarken_vs_Commissar.ogg	BL3	Haarken Worldclaimer	BlackLegion	line	You are wasted in the service of the false emperor.	0.0	0.0	3.618	1.69		0		
VO_BlackLegion_Haarken_vs_JainZar.ogg	BL3	Haarken Worldclaimer	BlackLegion	line	I proclaim our coming.	0.0	0.0	2.498	1.51		0		
VO_BlackLegion_Haarken_vs_Orikan.ogg	BL3	Haarken Worldclaimer	BlackLegion	line	Everything must die in the end.	0.0	0.0	3.398	1.54		0		
VO_BlackLegion_Haarken_vs_Zagstruk.ogg	BL3	Haarken Worldclaimer	BlackLegion	line	I will drive my health spare through your unworthy corpse.	0.0	0.0	4.75	1.67		0		
VO_BlackLegion_Haarken_wp.ogg	BL3	Haarken Worldclaimer	BlackLegion	wp	You are strong. Perhaps you will prevail after all.	0.0	0.0	4.302	1.55		0		
VO_BlackLegion_Hexscorn_Attack.ogg	BL5	Sylar Hexcorn	BlackLegion	attack	Grr!	0.0	0.0	0.716	1.47		0		
VO_BlackLegion_Hexscorn_CantDo.ogg	BL5	Sylar Hexcorn	BlackLegion	cantdo	I cannot do that.	0.0	0.0	1.481	1.45		0		
VO_BlackLegion_Hexscorn_Concede.ogg	BL5	Sylar Hexcorn	BlackLegion	concede	Savor the little time you have earned.	0.0	0.0	3.071	1.52		0		
VO_BlackLegion_Hexscorn_Death.ogg	BL5	Sylar Hexcorn	BlackLegion	death	Uggggggggggggg...	0.0	0.0	1.847	15.51		0		
VO_BlackLegion_Hexscorn_Gen1.ogg	BL5	Sylar Hexcorn	BlackLegion	gen1	The warp tells me everything!	0.0	0.0	2.039	1.42		0		
VO_BlackLegion_Hexscorn_Gen2.ogg	BL5	Sylar Hexcorn	BlackLegion	gen2	We will conquer this galaxy!	0.0	0.0	2.212	1.46		0		
VO_BlackLegion_Hexscorn_Gen3.ogg	BL5	Sylar Hexcorn	BlackLegion	gen3	I command powers beyond what you could possibly fathom.	0.0	0.0	4.607	1.6		0		
VO_BlackLegion_Hexscorn_Gen4.ogg	BL5	Sylar Hexcorn	BlackLegion	gen4	There is always a method to insanity.	0.0	0.0	3.311	1.45		0		
VO_BlackLegion_Hexscorn_Gen5.ogg	BL5	Sylar Hexcorn	BlackLegion	gen5	You were just a plaything of the gods.	0.0	0.0	3.001	1.57		0		
VO_BlackLegion_Hexscorn_Gen6.ogg	BL5	Sylar Hexcorn	BlackLegion	gen6	I will follow Abaddon to the end of everything.	0.0	0.0	3.351	1.57		0		
VO_BlackLegion_Hexscorn_Gen7.ogg	BL5	Sylar Hexcorn	BlackLegion	gen7	Embrace chaos before it's too late.	0.0	0.0	3.076	1.67		0		
VO_BlackLegion_Hexscorn_Greet.ogg	BL5	Sylar Hexcorn	BlackLegion	greet	Come with me, I will open your eyes to the warp.	0.0	0.0	4.367	1.66		0		
VO_BlackLegion_Hexscorn_Hurry.ogg	BL5	Sylar Hexcorn	BlackLegion	hurry	Nothing lasts forever.	0.0	0.0	1.673	1.55		0		
VO_BlackLegion_Hexscorn_Intro.ogg	BL5	Sylar Hexcorn	BlackLegion	intro	The warp flows through me, and it will be your doom.	0.0	0.0	4.217	1.81		0		
VO_BlackLegion_Hexscorn_Mirror.ogg	BL5	Sylar Hexcorn	BlackLegion	mirror	I am the Enlightened One.	0.0	0.0	2.343	1.65		0		
VO_BlackLegion_Hexscorn_Threat.ogg	BL5	Sylar Hexcorn	BlackLegion	threat	I will destroy you with the power of the warp.	0.0	0.0	3.681	1.65		0		
VO_BlackLegion_Hexscorn_vs_Abaddon.ogg	BL5	Sylar Hexcorn	BlackLegion	line	I am ever your servant, Lord.	0.0	0.0	3.215	1.61		0		
VO_BlackLegion_Hexscorn_vs_Keltoc.ogg	BL5	Sylar Hexcorn	BlackLegion	line	Shouldn't your kind all be dead by now?	0.0	0.0	3.081	1.7		0		
VO_BlackLegion_Hexscorn_vs_UrsulaCreed.ogg	BL5	Sylar Hexcorn	BlackLegion	line	Do you like what we did to your world?	0.0	0.0	3.58	1.78		0		
VO_BlackLegion_Hexscorn_vs_Varro.ogg	BL5	Sylar Hexcorn	BlackLegion	line	Why hold back? Unleash your true potential.	0.0	0.0	4.316	1.77		0		
VO_BlackLegion_Hexscorn_vs_tbc2.ogg	BL5	Sylar Hexcorn	BlackLegion	line	You cannot stop the BlackLegion.	0.0	0.0	2.636	1.64		0		
VO_BlackLegion_Hexscorn_vs_tbc3.ogg	BL5	Sylar Hexcorn	BlackLegion	line	I take that personally.	0.0	0.0	2.033	1.59		0		
VO_BlackLegion_Hexscorn_vs_tbc4.ogg	BL5	Sylar Hexcorn	BlackLegion	line	Run away and hide!	0.0	0.0	1.836	1.75		0		
VO_BlackLegion_Hexscorn_wp.ogg	BL5	Sylar Hexcorn	BlackLegion	wp	An impressive feat given your obvious weakness.	0.0	0.0	4.217	1.52		0		
VO_CSM_EC_Alluress (Emily).ogg	EC8	Alluress	EmperorsChildren	line	Come closer!	0.0	0.0	1.429	1.57		0	1	
VO_CSM_EC_Blastmaster Noise Marine (Kevin).ogg	EC19	Blastmaster Noise Marine	EmperorsChildren	line	It's a perfect melody!	0.0	0.0	3.093	1.51		0		
VO_CSM_EC_Blissbringer_High-pitch_Screech.ogg	EC26	Blissbringer	EmperorsChildren	line	R.I.P.	0.0	0.0	2.675	8.61		1		
VO_CSM_EC_Chaos Land Raider (Andrew Dennis).ogg	EC41	Chaos Land Raider	EmperorsChildren	line	Drown that in the sounds of their screams.	0.0	0.0	2.762	1.67		0		
VO_CSM_EC_Chaos Rhino (Andrew Dennis).ogg	EC31	Chaos Rhino	EmperorsChildren	line	More will join in the Prince's revelries.	0.0	0.0	2.77	1.59		0		
VO_CSM_EC_Daemon Prince Xarahan_attack.ogg	EC5	Xarahan Daemon Prince	EmperorsChildren	attack	Blah!	0.0	0.0	0.599	1.57		1		
VO_CSM_EC_Daemon Prince Xarahan_cantDo.ogg	EC5	Xarahan Daemon Prince	EmperorsChildren	cantdo	No.	0.0	0.0	1.252	1.6		1		
VO_CSM_EC_Daemon Prince Xarahan_concede.ogg	EC5	Xarahan Daemon Prince	EmperorsChildren	concede	We'll save the sweet pain for centuries.	0.0	0.0	4.637	1.66		0		
VO_CSM_EC_Daemon Prince Xarahan_death.ogg	EC5	Xarahan Daemon Prince	EmperorsChildren	death	Growl!	0.0	0.0	1.598	22.33		1		
VO_CSM_EC_Daemon Prince Xarahan_gen1.ogg	EC5	Xarahan Daemon Prince	EmperorsChildren	gen1	Oh, this curry.	0.0	0.0	4.669	6.81		0		
VO_CSM_EC_Daemon Prince Xarahan_gen2.ogg	EC5	Xarahan Daemon Prince	EmperorsChildren	gen2	I shall relish the sight of your pathetic remains.	0.0	0.0	5.075	1.69		0		
VO_CSM_EC_Daemon Prince Xarahan_gen3.ogg	EC5	Xarahan Daemon Prince	EmperorsChildren	gen3	Oh, the screams I will wrench out of your throat!	0.0	0.0	5.287	1.64		0		
VO_CSM_EC_Daemon Prince Xarahan_gen4.ogg	EC5	Xarahan Daemon Prince	EmperorsChildren	gen4	A magnificent task is in our hands.	0.0	0.0	4.262	1.67		0		
VO_CSM_EC_Daemon Prince Xarahan_gen5.ogg	EC5	Xarahan Daemon Prince	EmperorsChildren	gen5	Are you feeling ever well?	0.0	0.0	2.591	1.54		0		
VO_CSM_EC_Daemon Prince Xarahan_greet.ogg	EC5	Xarahan Daemon Prince	EmperorsChildren	greet	Ah, yet another vapid foe is foisted upon me.	0.0	0.0	5.513	1.82		0		
VO_CSM_EC_Daemon Prince Xarahan_hurry.ogg	EC5	Xarahan Daemon Prince	EmperorsChildren	hurry	Hesitation dulls the blade of pleasure.	0.0	0.0	4.167	1.7		0		
VO_CSM_EC_Daemon Prince Xarahan_intro.ogg	EC5	Xarahan Daemon Prince	EmperorsChildren	intro	Thanks to my Opus of Torment.	0.0	0.0	3.728	1.61		0		
VO_CSM_EC_Daemon Prince Xarahan_mirror.ogg	EC5	Xarahan Daemon Prince	EmperorsChildren	mirror	It will be breathtaking.	0.0	0.0	3.685	1.55		1		
VO_CSM_EC_Daemon Prince Xarahan_threat.ogg	EC5	Xarahan Daemon Prince	EmperorsChildren	threat	I feel you shiver. Anticipation.	0.0	0.0	6.242	1.8		0		
VO_CSM_EC_Daemon Prince Xarahan_wp.ogg	EC5	Xarahan Daemon Prince	EmperorsChildren	wp	Yet, deliver an amusing time.	0.0	0.0	4.445	1.76		0		
VO_CSM_EC_Daemonette (Emily).ogg	EC7	Daemonette	EmperorsChildren	line	You are mine!	0.0	0.0	2.393	1.59		0		
VO_CSM_EC_Disharmonist (Andrew Dennis).ogg	EC27	Disharmonist	EmperorsChildren	line	A dirge for your final breath.	0.0	0.0	2.81	1.62		0		
VO_CSM_EC_Dual Screamer Kakophonist (Joey).ogg	EC32	Dual Screamer Kakophonist	EmperorsChildren	line	Out of Apocalypse!	0.0	0.0	3.403	1.61		0		
VO_CSM_EC_Fiend_High-pitch_Screech.ogg	EC20	Fiend	EmperorsChildren	line	Rrrrrrrrrrrrrrrr!	0.0	0.0	2.364	13.11		1		
VO_CSM_EC_Flawless Blade (Joey).ogg	EC13	Flawless Blade	EmperorsChildren	line	Such delightful agony.	0.0	0.0	3.351	1.48		0		
VO_CSM_EC_Flawless Blade Champion (Kevin).ogg	EC28	Flawless Blade Champion	EmperorsChildren	line	Let the flesh of our enemies sing!	0.0	0.0	3.052	1.52		0		
VO_CSM_EC_Glittering Myriad Infractor (Joey).ogg	EC9	Glittering Myriad Infractor	EmperorsChildren	line	Let us compose a lavish requiem!	0.0	0.0	3.238	1.53		0		
VO_CSM_EC_Glittering Myriad Terminator (Joey).ogg	EC22	Terminator	EmperorsChildren	line	Come on! Amuse me!	0.0	0.0	3.426	1.51		0		
VO_CSM_EC_Heldrake_Roaring_Bellow.ogg	EC38	Heldrake	EmperorsChildren	line	SCREAM!	0.0	0.0	3.516	30.1		1		
VO_CSM_EC_Icon of Excess Infractor (Andrew Dennis).ogg	EC14	Icon of Excess Infractor	EmperorsChildren	line	Give yourself over to pleasure, absolute!	0.0	0.0	2.843	1.81		0		
VO_CSM_EC_Infractor (Andrew Dennis).ogg	EC10	Infractor	EmperorsChildren	line	I cannot wait to hear you please.	0.0	0.0	2.428	1.69		0		
VO_CSM_EC_Infractor Obsessionist (Andrew).ogg	EC21	Infractor Obsessionist	EmperorsChildren	line	Every cut of us, every wound, a chorus.	0.0	0.0	3.63	2.03		0		
VO_CSM_EC_Konstrictus Sorcerer (Joey).ogg	EC30	Slaanesh Sorcerer	EmperorsChildren	line	Dark Prince will have you.	0.0	0.0	3.287	1.62		0		
VO_CSM_EC_Lord Exultant (Kevin).ogg	EC35	Lord Exultant	EmperorsChildren	line	Restrike is a gift from the Prince of Pleasure.	0.0	0.0	4.863	1.97		0		
VO_CSM_EC_Lord Kakophonist (Joey).ogg	EC37	Lord Kakophonist	EmperorsChildren	line	Aim for me!	0.0	0.0	2.289	1.64		0		
VO_CSM_EC_Lord Kaphrael_attack.ogg	EC1	Lord Kaphrael	EmperorsChildren	attack		0.0	0.0	0.26	1.8		1	1	
VO_CSM_EC_Lord Kaphrael_cantDo.ogg	EC1	Lord Kaphrael	EmperorsChildren	cantdo	This does not please me.	0.0	0.0	2.257	1.75		0		
VO_CSM_EC_Lord Kaphrael_concede.ogg	EC1	Lord Kaphrael	EmperorsChildren	concede	The deepest pleasure is found in the most grievous wounds.	0.0	0.0	4.286	2.09		0		
VO_CSM_EC_Lord Kaphrael_death.ogg	EC1	Lord Kaphrael	EmperorsChildren	death	Oof!	0.0	0.0	0.782	5.51		1		
VO_CSM_EC_Lord Kaphrael_gen1.ogg	EC1	Lord Kaphrael	EmperorsChildren	gen1	I hope your blade is sharper than your sense.	0.0	0.0	4.062	1.74		0		
VO_CSM_EC_Lord Kaphrael_gen2.ogg	EC1	Lord Kaphrael	EmperorsChildren	gen2	That was exquisite.	0.0	0.0	3.313	1.64		0		
VO_CSM_EC_Lord Kaphrael_gen3.ogg	EC1	Lord Kaphrael	EmperorsChildren	gen3	Do not blink or you will miss true beauty.	0.0	0.0	3.888	1.73		0		
VO_CSM_EC_Lord Kaphrael_gen4.ogg	EC1	Lord Kaphrael	EmperorsChildren	gen4	Your screams are delightful, I may let you live a bit more.	0.0	0.0	4.898	1.74		0		
VO_CSM_EC_Lord Kaphrael_gen5.ogg	EC1	Lord Kaphrael	EmperorsChildren	gen5	More come seeking their sweet final release.	0.0	0.0	4.225	1.79		0		
VO_CSM_EC_Lord Kaphrael_gen6.ogg	EC1	Lord Kaphrael	EmperorsChildren	gen6	This dance is growing interesting.	0.0	0.0	2.788	1.83		0		
VO_CSM_EC_Lord Kaphrael_gen7.ogg	EC1	Lord Kaphrael	EmperorsChildren	gen7	Do not dare die yet. I crave for more.	0.0	0.0	4.29	1.95		0		
VO_CSM_EC_Lord Kaphrael_greet.ogg	EC1	Lord Kaphrael	EmperorsChildren	greet	You only get one chance to impress me.	0.0	0.0	3.113	1.75		0		
VO_CSM_EC_Lord Kaphrael_hurry.ogg	EC1	Lord Kaphrael	EmperorsChildren	hurry	Faster!	0.0	0.0	1.691	1.55		0		
VO_CSM_EC_Lord Kaphrael_intro.ogg	EC1	Lord Kaphrael	EmperorsChildren	intro	The path to glory is paved with such blissful pain.	0.0	0.0	4.704	1.64		0		
VO_CSM_EC_Lord Kaphrael_mirror.ogg	EC1	Lord Kaphrael	EmperorsChildren	mirror	Each scar and scream brings me closer to perfection.	0.0	0.0	4.886	1.67		0		
VO_CSM_EC_Lord Kaphrael_threat.ogg	EC1	Lord Kaphrael	EmperorsChildren	threat	Pain can become pleasure. You will know both.	0.0	0.0	5.05	1.72		0		
VO_CSM_EC_Lord Kaphrael_wp.ogg	EC1	Lord Kaphrael	EmperorsChildren	wp	Finally, a worthy opponent rises from mediocrity.	0.0	0.0	5.082	1.62		0		
VO_CSM_EC_Lucius_Backup1.ogg	EC3	Lucius The Eternal	EmperorsChildren	backup1	So much despair to relish in.	0.0	0.0	4.172	1.63		0		
VO_CSM_EC_Lucius_Backup2.ogg	EC3	Lucius The Eternal	EmperorsChildren	backup2	May the splendor of the Pleasured Ones bounty still thy heart with ecstasies.	0.0	0.0	6.576	1.82		0		
VO_CSM_EC_Lucius_Backup3.ogg	EC3	Lucius The Eternal	EmperorsChildren	backup3	What do you have for me on the cusp of this battle?	0.0	0.0	5.6	1.69		0		
VO_CSM_EC_Lucius_attack.ogg	EC3	Lucius The Eternal	EmperorsChildren	attack	BWAH!	0.0	0.0	0.684	4.08		1		
VO_CSM_EC_Lucius_cantDo.ogg	EC3	Lucius The Eternal	EmperorsChildren	cantdo	Do not think so.	0.0	0.0	2.01	1.45		0		
VO_CSM_EC_Lucius_concede.ogg	EC3	Lucius The Eternal	EmperorsChildren	concede	All how proud you must feel.	0.0	0.0	3.946	1.54		0		
VO_CSM_EC_Lucius_death.ogg	EC3	Lucius The Eternal	EmperorsChildren	death	Urgh!	0.0	0.0	0.919	13.15		1		
VO_CSM_EC_Lucius_gen1.ogg	EC3	Lucius The Eternal	EmperorsChildren	gen1	Agony Ecstasy Maw.	0.0	0.0	5.342	1.53		0		
VO_CSM_EC_Lucius_gen2.ogg	EC3	Lucius The Eternal	EmperorsChildren	gen2	I could slay you without even sullying my father's blade.	0.0	0.0	5.586	1.68		0		
VO_CSM_EC_Lucius_gen3.ogg	EC3	Lucius The Eternal	EmperorsChildren	gen3	Sing such sweet sorrow.	0.0	0.0	4.193	1.52		0		
VO_CSM_EC_Lucius_gen4.ogg	EC3	Lucius The Eternal	EmperorsChildren	gen4	You are just begging for deliverance.	0.0	0.0	4.73	1.52		0		
VO_CSM_EC_Lucius_gen5.ogg	EC3	Lucius The Eternal	EmperorsChildren	gen5	There was a time you would have impressed me.	0.0	0.0	3.96	1.64		0		
VO_CSM_EC_Lucius_gen6.ogg	EC3	Lucius The Eternal	EmperorsChildren	gen6	Flawless.	0.0	0.0	1.731	1.45		0		
VO_CSM_EC_Lucius_gen7.ogg	EC3	Lucius The Eternal	EmperorsChildren	gen7	Now Disapply Him.	0.0	0.0	3.598	1.59		0		
VO_CSM_EC_Lucius_greet.ogg	EC3	Lucius The Eternal	EmperorsChildren	greet	Do not bore me.	0.0	0.0	2.44	1.51		1		
VO_CSM_EC_Lucius_hurry.ogg	EC3	Lucius The Eternal	EmperorsChildren	hurry	Why delay this pleasure?	0.0	0.0	2.773	1.59		0		
VO_CSM_EC_Lucius_intro.ogg	EC3	Lucius The Eternal	EmperorsChildren	intro	If it is death you crave, who am I to deny it?	0.0	0.0	4.59	1.65		0		
VO_CSM_EC_Lucius_mirror.ogg	EC3	Lucius The Eternal	EmperorsChildren	mirror	How delightfully decadent.	0.0	0.0	2.895	1.58		0		
VO_CSM_EC_Lucius_threat.ogg	EC3	Lucius The Eternal	EmperorsChildren	threat	Your screams will make a fine melody.	0.0	0.0	4.082	1.52		0		
VO_CSM_EC_Lucius_vsAbaddon.ogg	EC3	Lucius The Eternal	EmperorsChildren	vsabaddon	Imperfect Legion is doomed to falter, just like your father did.	0.0	0.0	4.686	1.76		0		
VO_CSM_EC_Lucius_vsAstraMilitarum.ogg	EC3	Lucius The Eternal	EmperorsChildren	vsastramilitarum	You die too quickly. There is no time to savor it.	0.0	0.0	5.923	1.67		0		
VO_CSM_EC_Lucius_vsBile.ogg	EC3	Lucius The Eternal	EmperorsChildren	vsbile	I did not cut my way out from the eye, only to listen to your follyfabious.	0.0	0.0	6.668	1.76		0		
VO_CSM_EC_Lucius_vsCSM.ogg	EC3	Lucius The Eternal	EmperorsChildren	vscsm	Brothers, welcome to the feast. Which among you will be the first course?	0.0	0.0	6.169	1.68		0		
VO_CSM_EC_Lucius_vsDA.ogg	EC3	Lucius The Eternal	EmperorsChildren	vsda	I have not killed any little robed angels in some time.  Let us fix that.	0.0	0.0	7.002	1.69		0		
VO_CSM_EC_Lucius_vsEC.ogg	EC3	Lucius The Eternal	EmperorsChildren	vsec	So, Ambition has chosen its day at last.	0.0	0.0	4.602	1.58		0		
VO_CSM_EC_Lucius_vsFulgrim.ogg	EC3	Lucius The Eternal	EmperorsChildren	vsfulgrim	I always wondered if the Phoenician could fall by his own blade.	0.0	0.0	5.365	1.62		0		
VO_CSM_EC_Lucius_vsUM.ogg	EC3	Lucius The Eternal	EmperorsChildren	vsum	My lower deck grows hollow.	0.0	0.0	8.306	1.56		0		
VO_CSM_EC_Lucius_vsWE.ogg	EC3	Lucius The Eternal	EmperorsChildren	vswe	Pack a band and you little mongrel.	0.0	0.0	4.381	1.53		0		
VO_CSM_EC_Lucius_wp.ogg	EC3	Lucius The Eternal	EmperorsChildren	wp	It has been some time since I have broken a sweat.	0.0	0.0	4.245	1.58		0		
VO_CSM_EC_Maulerfiend_Roaring_Bellow.ogg	EC39	Maulerfiend	EmperorsChildren	line		0.0	0.0	4.509	1.6		1	1	echo
VO_CSM_EC_Plasma Gun Tormentor (Andrew).ogg	EC15	Plasma Gun Tormentor	EmperorsChildren	line	Your last moment will be my masterpiece.	0.0	0.0	3.151	1.52		0		
VO_CSM_EC_Rugged Disharmonist (Andrew Dennis).ogg	EC36	Rugged Disharmonist	EmperorsChildren	line	More!	0.0	0.0	1.328	1.41		0		
VO_CSM_EC_Slaanesh Sorcerer (Andrew Dennis).ogg	EC30	Slaanesh Sorcerer	EmperorsChildren	line	The youngest God must be appeased.	0.0	0.0	2.398	1.54		0		
VO_CSM_EC_Slaanesh's Spawn_Revelling_Screech.ogg	EC16	Slaanesh's Spawn	EmperorsChildren	line	NOOOOO	0.0	0.0	3.03	1.54		1	1	
VO_CSM_EC_Sonic Blaster Noise Marine (Andrew Dennis).ogg	EC17	Sonic Blaster Noise Marine	EmperorsChildren	line	Take under the Prince's sweetest cacophonies.	0.0	0.0	3.043	1.6		0		
VO_CSM_EC_Terminator (Andrew).ogg	EC22	Terminator	EmperorsChildren	line	Hear the offering to the Dark Prince.	0.0	0.0	4.036	1.49		0		
VO_CSM_EC_Terminator Champion (Andrew).ogg	EC33	Terminator Champion	EmperorsChildren	line	Such delightful agony.	0.0	0.0	2.438	1.44		0		
VO_CSM_EC_Threnodic Choir Noise Marine (Joey).ogg	EC18	Threnodic Choir Noise Marine	EmperorsChildren	line	Higher! Louder!	0.0	0.0	2.884	1.48		1		
VO_CSM_EC_Tormentor (Kevin).ogg	EC12	Tormentor	EmperorsChildren	line	None escapes the call of excess.	0.0	0.0	2.849	1.53		0		
VO_CSM_EC_Tormentor Obsessionist (Andrew Dennis).ogg	EC23	Tormentor Obsessionist	EmperorsChildren	line	This shall quench the thirst for a moment.	0.0	0.0	2.715	1.53		0		
VO_CSM_EC_Veteran Noise Marine (Andrew).ogg	EC25	Veteran Noise Marine	EmperorsChildren	line	A melody to shake the stars.	0.0	0.0	2.651	1.52		0		
VO_CSM_EC_Winged Daemon Prince (Andrew Dennis).ogg	EC40	Winged Daemon Prince	EmperorsChildren	line	So many great things. What delicious horrors await them?	0.0	0.0	5.783	1.58		0		
VO_CW_SaimHann_Autarch - Hesitation leads only to failure We must strike! (Vivienne).ogg	ASH_Autarch	Autarch	SaimHann	line	Hesitation leads only to failure. We must strike!	0.0	0.0	3.493	1.54	Hesitation leads only to failure We must strike!	0		
VO_CW_SaimHann_Avatar of Khaine - Death Wakes War Calls.ogg	ASH42	Avatar of Khaine	SaimHann	line	Death Wakes Warcars!	0.0	0.0	3.636	1.52	Death Wakes War Calls	0		
VO_CW_SaimHann_Bright Lance Vyper - Ride now! The knife-pledge shall be honoured! (Joey).ogg	ASH_Bright_Lance_Vyper	Bright Lance Vyper	SaimHann	line	Right now, the knife pledge shall be honoured!	0.0	0.0	3.963	1.69	Ride now! The knife-pledge shall be honoured!	0		
VO_CW_SaimHann_Crimson Hunter - We are the raging winds.ogg	ASH31	Crimson Hunter	SaimHann	line	We are the Raging Winds.	0.0	0.0	1.736	1.58	We are the raging winds	0		
VO_CW_SaimHann_Death Spinner Warp Spider - Death lies in waiting (Vivienne).ogg	ASH_Death_Spinner_Warp_Spider	Death Spinner Warp Spider	SaimHann	line	Death lies in waiting.	0.0	0.0	2.39	1.62	Death lies in waiting	0		
VO_CW_SaimHann_Dire Avenger - When the light fades we must stand as one for the Craftworld.ogg	ASH19	Dire Avenger	SaimHann	line	When the light fades, we must stand as one for the craft world.	0.0	0.0	3.538	1.72	When the light fades we must stand as one for the Craftworld	0		
VO_CW_SaimHann_Dire Avenger Exarch_Let slip of mercy.ogg	ASH32	Dire Avenger Exarch	SaimHann	line	Let's slip of mercy, quell those who defiled the craft world.	0.0	0.0	4.574	1.62		0		
VO_CW_SaimHann_Falcon - Let our enemies feel the rushing wind of death.ogg	ASH33	Falcon	SaimHann	line	Let our enemies feel the rushing wind of death.	0.0	0.0	3.102	1.62	Let our enemies feel the rushing wind of death	0		
VO_CW_SaimHann_Farseer - Every strike weaves a future worthy of our sacrifice (Vivienne).ogg	ASH_Farseer	Farseer	SaimHann	line	Every strike weaves a future worthy of our sacrifice.	0.0	0.0	3.731	1.59	Every strike weaves a future worthy of our sacrifice	0		
VO_CW_SaimHann_Farseer Skyrunner - The winds will howl with the Craftworld's vengeance (Vivienne).ogg	ASH_Farseer_Skyrunner	Farseer Skyrunner	SaimHann	line	The winds will howl with the craft world's vengeance.	0.0	0.0	3.038	1.59	The winds will howl with the Craftworld's vengeance	0		
VO_CW_SaimHann_Fire Dragon - Burn in Khaines fury.ogg	ASH34	Fire Dragon	SaimHann	line	You're in Cain's fury.	0.0	0.0	1.538	1.49	Burn in Khaines fury	0		
VO_CW_SaimHann_Fire Prism - We are the spear of Khaine.ogg	ASH36	Fire prism	SaimHann	line	We are the Spear of Cain!	0.0	0.0	1.594	1.6	We are the spear of Khaine	0		
VO_CW_SaimHann_Guardian Defender - So comes the hour of bloodshed.ogg	ASH7	Guardian Defender	SaimHann	line	So comes the hour of bloodshed.	0.0	0.0	2.006	1.57	So comes the hour of bloodshed	0		
VO_CW_SaimHann_Hemlock Wraithfighter - When my vengeance comes it will be swift.ogg	ASH40	Hemlock Wraithfighter	SaimHann	line	When my vengeance comes, it will be swift.	0.0	0.0	3.304	1.84	When my vengeance comes it will be swift	0		
VO_CW_SaimHann_Hornet - We strike with lethal precision.ogg	ASH78	Hornet	SaimHann	line	We strike with lethal precision.	0.0	0.0	2.45	1.59	We strike with lethal precision	0		
VO_CW_SaimHann_Howling Banshee - Shriek.ogg	ASH20	Howling Banshee	SaimHann	line	AHHHHH!	0.0	0.0	2.062	1.49	Shriek	1		
VO_CW_SaimHann_Howling Banshee Exarch - The wail of Khaine will be your doom!.ogg	ASH79	Howling Banshee Exarch	SaimHann	line	The whale of Cain will be your doom!	0.0	0.0	2.688	1.77	The wail of Khaine will be your doom!	1		
VO_CW_SaimHann_Jain Zar_attack.ogg	ASH74	Jain Zar	SaimHann	attack	F**k!	0.0	0.0	0.611	4.62		1		
VO_CW_SaimHann_Jain Zar_cantDo.ogg	ASH74	Jain Zar	SaimHann	cantdo	I cannot do that!	0.0	0.0	1.521	1.42		0		
VO_CW_SaimHann_Jain Zar_concede.ogg	ASH74	Jain Zar	SaimHann	concede	The wind zone will gather again.	0.0	0.0	4.049	1.53		0		
VO_CW_SaimHann_Jain Zar_death.ogg	ASH74	Jain Zar	SaimHann	death	AHHHHH!	0.0	0.0	1.826	4.48		0		
VO_CW_SaimHann_Jain Zar_gen1.ogg	ASH74	Jain Zar	SaimHann	gen1	LOO Well, anyway, she does not work on the Loo Puff.  .  .  .  .  .  .  .  .  .  .  .  .  .  .  .  .  .  .  .  .  .  .  .	0.0	0.0	3.805	1.65		1	1	
VO_CW_SaimHann_Jain Zar_gen2.ogg	ASH74	Jain Zar	SaimHann	gen2	I have faced death many times, and still I stand to deliver it!	0.0	0.0	5.174	1.69		0		
VO_CW_SaimHann_Jain Zar_gen3.ogg	ASH74	Jain Zar	SaimHann	gen3	I deliver no mercy other than the peace of death!	0.0	0.0	3.496	1.53		0		
VO_CW_SaimHann_Jain Zar_gen4.ogg	ASH74	Jain Zar	SaimHann	gen4	I will defend what is ours!	0.0	0.0	2.075	1.52		0		
VO_CW_SaimHann_Jain Zar_gen5.ogg	ASH74	Jain Zar	SaimHann	gen5	Your fate was sealed the moment you crossed my path.	0.0	0.0	3.906	1.57		0		
VO_CW_SaimHann_Jain Zar_gen6.ogg	ASH74	Jain Zar	SaimHann	gen6	I've never seen its Lord! I pass wherever my path takes me!	0.0	0.0	4.223	1.62		0		
VO_CW_SaimHann_Jain Zar_gen7.ogg	ASH74	Jain Zar	SaimHann	gen7	You will soon be nothing but a stain on my blades.	0.0	0.0	4.014	1.51		0		
VO_CW_SaimHann_Jain Zar_greet.ogg	ASH74	Jain Zar	SaimHann	greet	My blades are ready for you!	0.0	0.0	2.29	1.48		0		
VO_CW_SaimHann_Jain Zar_hurry.ogg	ASH74	Jain Zar	SaimHann	hurry	It action leads to ruin.	0.0	0.0	2.418	1.44		0		
VO_CW_SaimHann_Jain Zar_intro.ogg	ASH74	Jain Zar	SaimHann	intro	You face the storm of silence!	0.0	0.0	2.397	1.5		0		
VO_CW_SaimHann_Jain Zar_mirror.ogg	ASH74	Jain Zar	SaimHann	mirror	I won't cry!	0.0	0.0	3.823	1.43		0		
VO_CW_SaimHann_Jain Zar_threat.ogg	ASH74	Jain Zar	SaimHann	threat	Only death and leave only corpses.	0.0	0.0	4.022	1.46		0		
VO_CW_SaimHann_Jain Zar_vsDrukhari.ogg	ASH74	Jain Zar	SaimHann	vsdrukhari	You are that a wretched blade from the city of Shadow!	0.0	0.0	3.659	1.63		0		
VO_CW_SaimHann_Jain Zar_vsHaarken.ogg	ASH74	Jain Zar	SaimHann	vshaarken	Might. You are but a whisper, soon to be silenced.	0.0	0.0	4.766	1.62		0		
VO_CW_SaimHann_Jain Zar_vsImotekh.ogg	ASH74	Jain Zar	SaimHann	vsimotekh	Let me show you the true essence of the storm!	0.0	0.0	3.765	1.55		0		
VO_CW_SaimHann_Jain Zar_vsKarandras.ogg	ASH74	Jain Zar	SaimHann	vskarandras	I'll pass cross again, Shadow Hunter.	0.0	0.0	2.885	1.48		0		
VO_CW_SaimHann_Jain Zar_vsTyranids.ogg	ASH74	Jain Zar	SaimHann	vstyranids	These creatures pose a threat to all life in the galaxy.	0.0	0.0	3.363	1.51		0		
VO_CW_SaimHann_Jain Zar_vsUrsula.ogg	ASH74	Jain Zar	SaimHann	vsursula	These were never your worlds.	0.0	0.0	2.254	1.49		0		
VO_CW_SaimHann_Jain Zar_wp.ogg	ASH74	Jain Zar	SaimHann	wp	Worthy foe.	0.0	0.0	2.618	1.47		0		
VO_CW_SaimHann_Lhykhis_attack.ogg	ASH_Lhykhis	Lhykhis	SaimHann	attack	Ah!	0.0	0.0	0.446	1.45		1		generic
VO_CW_SaimHann_Lhykhis_cantDo.ogg	ASH_Lhykhis	Lhykhis	SaimHann	cantdo	This is not my path.	0.0	0.0	2.431	1.42		0		
VO_CW_SaimHann_Lhykhis_concede.ogg	ASH_Lhykhis	Lhykhis	SaimHann	concede	I return to the web way. Fate shall spin a new strand.	0.0	0.0	5.269	1.58		0		
VO_CW_SaimHann_Lhykhis_death.ogg	ASH_Lhykhis	Lhykhis	SaimHann	death	Ugh!	0.0	0.0	0.805	2.65		0		
VO_CW_SaimHann_Lhykhis_gen1.ogg	ASH_Lhykhis	Lhykhis	SaimHann	gen1	Do not think your ambitions are unnoticed.	0.0	0.0	3.693	1.41		0		
VO_CW_SaimHann_Lhykhis_gen2.ogg	ASH_Lhykhis	Lhykhis	SaimHann	gen2	A mere whisper can twist the strands of fate.	0.0	0.0	3.676	1.44		0		
VO_CW_SaimHann_Lhykhis_gen3.ogg	ASH_Lhykhis	Lhykhis	SaimHann	gen3	Vatikon demands your silence.	0.0	0.0	3.116	1.42		0		
VO_CW_SaimHann_Lhykhis_gen4.ogg	ASH_Lhykhis	Lhykhis	SaimHann	gen4	When you turn to see me, I will already be gone.	0.0	0.0	3.717	1.53		0		
VO_CW_SaimHann_Lhykhis_gen5.ogg	ASH_Lhykhis	Lhykhis	SaimHann	gen5	I am the blade that severs the skeins.	0.0	0.0	3.293	1.45		0		
VO_CW_SaimHann_Lhykhis_gen6.ogg	ASH_Lhykhis	Lhykhis	SaimHann	gen6	No good leader would send lives to end in vain.	0.0	0.0	3.717	1.46		0		
VO_CW_SaimHann_Lhykhis_gen7.ogg	ASH_Lhykhis	Lhykhis	SaimHann	gen7	Hubris only speeds the downfall of the arrogant.	0.0	0.0	3.554	1.48		0		
VO_CW_SaimHann_Lhykhis_greet.ogg	ASH_Lhykhis	Lhykhis	SaimHann	greet	For the good of the Assyriani, I will end this swiftly.	0.0	0.0	4.225	1.54		0		
VO_CW_SaimHann_Lhykhis_hurry.ogg	ASH_Lhykhis	Lhykhis	SaimHann	hurry	This game's Titan, it is now or never.	0.0	0.0	3.955	1.49		0		
VO_CW_SaimHann_Lhykhis_intro.ogg	ASH_Lhykhis	Lhykhis	SaimHann	intro	The webway stirs. The whisper must be heard again.	0.0	0.0	4.228	1.54		0		
VO_CW_SaimHann_Lhykhis_mirror.ogg	ASH_Lhykhis	Lhykhis	SaimHann	mirror	For too long have I been silenced.	0.0	0.0	3.142	1.43		0		
VO_CW_SaimHann_Lhykhis_threat.ogg	ASH_Lhykhis	Lhykhis	SaimHann	threat	The blink of an eye is enough to weave your end.	0.0	0.0	4.132	1.48		0		
VO_CW_SaimHann_Lhykhis_vsEC.ogg	ASH_Lhykhis	Lhykhis	SaimHann	vsec	The errors of the past must be cleansed.	0.0	0.0	3.003	1.48		0		
VO_CW_SaimHann_Lhykhis_vsJainZar.ogg	ASH_Lhykhis	Lhykhis	SaimHann	vsjainzar	Have they not need of you elsewhere?	0.0	0.0	2.477	1.49		0		
VO_CW_SaimHann_Lhykhis_vsNecrons.ogg	ASH_Lhykhis	Lhykhis	SaimHann	vsnecrons	Your time has passed. Your silence must begin.	0.0	0.0	4.228	1.49		0		
VO_CW_SaimHann_Lhykhis_vsTyranids.ogg	ASH_Lhykhis	Lhykhis	SaimHann	vstyranids	Every step, a new horror to vanquish.	0.0	0.0	3.827	1.5		0		
VO_CW_SaimHann_Lhykhis_wp.ogg	ASH_Lhykhis	Lhykhis	SaimHann	wp	A brave effort, but I have faced worse in the web way.	0.0	0.0	3.836	1.57		0		
VO_CW_SaimHann_Night Spinner - A silent death descends upon our foes.ogg	ASH81	Night Spinner	SaimHann	line	A silent death descends upon our foes.	0.0	0.0	2.811	1.55	A silent death descends upon our foes	0		
VO_CW_SaimHann_Nuadhu Fireheart - I am the bloodied blade of Khaine.ogg	ASH21	Nuadhu Fireheart	SaimHann	line	I am the bloodied blade of Cain.	0.0	0.0	3.015	1.6	I am the bloodied blade of Khaine	0		
VO_CW_SaimHann_Orian Laratharjos - Your end is woven in monofilament (Joey).ogg	ASH_Orian_Laratharjos	Orian Laratharjos	SaimHann	line	Your end is woven in monofilament.	0.0	0.0	3.258	1.64	Your end is woven in monofilament	0		
VO_CW_SaimHann_Ranger - Hold still.ogg	ASH9	Ranger	SaimHann	line	Hold still.	0.0	0.0	1.58	1.43	Hold still	0		
VO_CW_SaimHann_Shining Spear - Strike like the spear of Khaine!.ogg	ASH76	Shining Spear	SaimHann	line	Strike like the Spear of Cain!	0.0	0.0	2.53	1.55	Strike like the spear of Khaine!	0		
VO_CW_SaimHann_Shining Spear Exarch - One perfect strike.ogg	ASH77	Shining Spear Exarch	SaimHann	line	One perfect strike.	0.0	0.0	2.109	1.42	One perfect strike	0		
VO_CW_SaimHann_Shroud Runner - Surround them Strangle them like the Serpent.ogg	ASH14	Shroud Runner	SaimHann	line	Surround them. Strangle them like the serpent.	0.0	0.0	3.148	1.51	Surround them Strangle them like the Serpent	0		
VO_CW_SaimHann_Spinneret Warp Spider Exarch - None escapes the spider's bite (Vivienne).ogg	ASH_Warp_Spider_Exarch	Warp Spider Exarch	SaimHann	line	None escapes a spider's bite.	0.0	0.0	2.921	1.46	None escapes the spider's bite	0		
VO_CW_SaimHann_Spiritseer - Spirits heed my words and rise.ogg	ASH26	Spiritseer	SaimHann	line	Spirits heed my words and rise.	0.0	0.0	3.943	1.49	Spirits heed my words and rise	0		
VO_CW_SaimHann_Spiritseer Qelenaris - Rise warden the Craftworld needs you once more.ogg	ASH35	Spiritseer Qelenaris	SaimHann	line	Rise Warden. The craft world needs you once more.	0.0	0.0	4.119	1.53	Rise warden the Craftworld needs you once more	0		
VO_CW_SaimHann_Storm Guardian - The Craftworld will never surrender.ogg	ASH8	Storm Guardian	SaimHann	line	The craft world will never surrender.	0.0	0.0	2.614	1.53	The Craftworld will never surrender	0		
VO_CW_SaimHann_Striking Scorpion - The shadows are always vigilant.ogg	ASH15	Striking Scorpion	SaimHann	line	The shadows are always vigilant.	0.0	0.0	2.462	1.5	The shadows are always vigilant	0		
VO_CW_SaimHann_Striking Scorpion Exarch - You tread an accursed path.ogg	ASH27	Striking Scorpion Exarch	SaimHann	line	You tread in a cursed path.	0.0	0.0	2.403	1.5	You tread an accursed path	0		
VO_CW_SaimHann_Swooping Hawk - When the wind cries retribution has arrived.ogg	ASH16	Swooping Hawk	SaimHann	line	When the wind cries, retribution has arrived.	0.0	0.0	4.113	1.52	When the wind cries retribution has arrived	0		
VO_CW_SaimHann_Swooping Hawk Exarch - From the skies, death rains upon you!.ogg	ASH80	Swooping Hawk Exarch	SaimHann	line	From the skies, death reigns upon you!	0.0	0.0	3.361	1.48	From the skies, death rains upon you!	0		
VO_CW_SaimHann_Vengeful Wraithblade - I am Khaines wrath.ogg	ASH28	Vengeful Wraithblade	SaimHann	line	I am King Jiroth!	0.0	0.0	1.98	1.47	I am Khaines wrath	0		
VO_CW_SaimHann_Veteran Guardian - We will protect the Craftworld.ogg	ASH10	Veteran Guardian	SaimHann	line	We will protect the craft world.	0.0	0.0	2.22	1.46	We will protect the Craftworld	0		
VO_CW_SaimHann_Vyper - I am always swift.ogg	ASH22	Vyper	SaimHann	line	I am always swift.	0.0	0.0	2.098	1.43	I am always swift	0		
VO_CW_SaimHann_War Walker - May the Sting of Grief commence.ogg	ASH29	War Walker	SaimHann	line	May the sting of grief commence.	0.0	0.0	2.368	1.4	May the Sting of Grief commence	0		
VO_CW_SaimHann_Warlock - Light dims yet our hope is ever kindled.ogg	ASH11	Warlock	SaimHann	line	Light dims, yet our hope is ever kindled.	0.0	0.0	3.815	1.49	Light dims yet our hope is ever kindled	0		
VO_CW_SaimHann_Warlock Skyrunner - Follow the wind bring forth Khaines fire.ogg	ASH30	Warlock Skyrunner	SaimHann	line	Follow the wind! Bring forth King's Fire!	0.0	0.0	3.02	1.48	Follow the wind bring forth Khaines fire	0		
VO_CW_SaimHann_Warp Spider - Strike and fade.ogg	ASH17	Warp Spider	SaimHann	line	Strike and Fade.	0.0	0.0	1.938	1.42	Strike and fade	0		
VO_CW_SaimHann_Wave Serpent - Forward Crush the interlopers.ogg	ASH37	Wave Serpent	SaimHann	line	Forward! Crush the interlopers!	0.0	0.0	2.2	1.43	Forward Crush the interlopers	0		
VO_CW_SaimHann_Weapons Platform - low humming.ogg	ASH12	Weapons Platform	SaimHann	line		0.0	0.0	3.476	1.56	low humming	1	1	echo
VO_CW_SaimHann_Windrider - I bring swift demise.ogg	ASH13	Windrider	SaimHann	line	I bring the swift demise.	0.0	0.0	1.818	1.39	I bring swift demise	0		
VO_CW_SaimHann_Winged Autarch - Death rains from the skies.ogg	ASH39	Winged Autarch	SaimHann	line	Death reigns from the skies.	0.0	0.0	1.968	1.43	Death rains from the skies	0		
VO_CW_SaimHann_Witchblade Warlock - The skeins of fate tell of nothing but death.ogg	ASH23	Witchblade Warlock	SaimHann	line	The Scanes of Fate tell of nothing but death.	0.0	0.0	2.948	1.54	The skeins of fate tell of nothing but death	0		
VO_CW_SaimHann_Wraithblade - I have returned so the Craftworld may never fall.ogg	ASH18	Wraithblade	SaimHann	line	I have returned, so the craft world may never fall.	0.0	0.0	3.633	1.55	I have returned so the Craftworld may never fall	0		
VO_CW_SaimHann_Wraithguard - No more pain no more death.ogg	ASH25	Wraithguard	SaimHann	line	No more pain. No more death.	0.0	0.0	2.276	1.44	No more pain no more death	0		
VO_CW_SaimHann_Wraithknight - Enough blood has flowed The fight must end.ogg	ASH44	Wraithknight	SaimHann	line	Enough blood has flowed, the fight must end.	0.0	0.0	3.271	1.52	Enough blood has flowed The fight must end	0		
VO_CW_SaimHann_Wraithlord - The spirits guide me.ogg	ASH41	Wraithlord	SaimHann	line	The Spirits Guide me.	0.0	0.0	2.167	1.41	The spirits guide me	0		
VO_CW_SaimHann_Yrlla the Huntress - When battle calls, we must all don the mask.ogg	ASH82	Yrlla the Huntress	SaimHann	line	When battle calls, we must all don the mask.	0.0	0.0	3.158	1.53	When battle calls, we must all don the mask	0		
VO_DA_Aggressor - There shall be no sanctuary.ogg	DA12	Aggressor	DarkAngels	line	This shall be no sanctuary.	0.0	0.0	2.056	1.43	There shall be no sanctuary	0		
VO_DA_Apothecary - The Lion's sons endure I will see to it.ogg	DA8	Apothecary	DarkAngels	line	The lion's sons endure. I will see to it.	0.0	0.0	3.014	1.53	The Lion's sons endure I will see to it	0		
VO_DA_Asmodai_attack.ogg	DA1	Asmodai	DarkAngels	attack	AAH!	0.0	0.0	0.502	1.41		1		
VO_DA_Asmodai_cantDo.ogg	DA1	Asmodai	DarkAngels	cantdo	This compromises the sanctity of the hunt.	0.0	0.0	3.339	1.49		0		
VO_DA_Asmodai_concede.ogg	DA1	Asmodai	DarkAngels	concede	Fall back! This information must reach Lord Azrael!	0.0	0.0	4.422	1.54		0		
VO_DA_Asmodai_death.ogg	DA1	Asmodai	DarkAngels	death	AHHHHH!	0.0	0.0	1.694	2.26		1		
VO_DA_Asmodai_gen1.ogg	DA1	Asmodai	DarkAngels	gen1	Repent, and I will make your death swift.	0.0	0.0	3.686	1.54		0		
VO_DA_Asmodai_gen2.ogg	DA1	Asmodai	DarkAngels	gen2	I have judged and found you wanting.	0.0	0.0	3.806	1.48		0		
VO_DA_Asmodai_gen3.ogg	DA1	Asmodai	DarkAngels	gen3	With fury, brothers! Ours is the righteous outrage!	0.0	0.0	4.922	1.58		0		
VO_DA_Asmodai_gen4.ogg	DA1	Asmodai	DarkAngels	gen4	Repent! For your life is at its end!	0.0	0.0	3.01	1.57		0		
VO_DA_Asmodai_gen5.ogg	DA1	Asmodai	DarkAngels	gen5	The chapter is the only thing that matters.	0.0	0.0	3.758	1.58		0		
VO_DA_Asmodai_gen6.ogg	DA1	Asmodai	DarkAngels	gen6	Let me excise that which weighs down your soul.	0.0	0.0	4.332	1.58		0		
VO_DA_Asmodai_gen7.ogg	DA1	Asmodai	DarkAngels	gen7	There is no salvation without suffering.	0.0	0.0	3.241	1.49		0		
VO_DA_Asmodai_greet.ogg	DA1	Asmodai	DarkAngels	greet	Paths now cross.	0.0	0.0	2.236	1.41		0		
VO_DA_Asmodai_hurry.ogg	DA1	Asmodai	DarkAngels	hurry	Time is of the essence.	0.0	0.0	2.007	1.52		0		
VO_DA_Asmodai_intro.ogg	DA1	Asmodai	DarkAngels	intro	Nothing can compare to the judgment of the Emperor.	0.0	0.0	4.283	1.57		0		
VO_DA_Asmodai_mirror.ogg	DA1	Asmodai	DarkAngels	mirror	There is little to discuss, so long as the fallen remain at large.	0.0	0.0	6.076	1.67		0		
VO_DA_Asmodai_threat.ogg	DA1	Asmodai	DarkAngels	threat	The past will be cleansed with the blood of traitors.	0.0	0.0	4.228	1.54		0		
VO_DA_Asmodai_vsAzrael.ogg	DA1	Asmodai	DarkAngels	vsazrael	You are not asking the right questions.	0.0	0.0	2.829	1.49		0		
VO_DA_Asmodai_vsBelial.ogg	DA1	Asmodai	DarkAngels	vsbelial	There is no greater priority than the hunt, Master of the Deathwing.	0.0	0.0	4.822	1.66		0		
VO_DA_Asmodai_vsOrksTyranids.ogg	DA1	Asmodai	DarkAngels	vsorkstyranids	Purge this filth swiftly. Our hunt calls us elsewhere.	0.0	0.0	4.634	1.64		0		
VO_DA_Asmodai_vsTBC1.ogg	DA1	Asmodai	DarkAngels	vstbc1	We are bringers of death! We are DarkAngels!	0.0	0.0	4.31	1.68		0		
VO_DA_Asmodai_vsTBC2.ogg	DA1	Asmodai	DarkAngels	vstbc2	Empty words muttered by an empty soul.	0.0	0.0	4.172	1.62		0		
VO_DA_Asmodai_wp.ogg	DA1	Asmodai	DarkAngels	wp	Your defiance is noted.	0.0	0.0	2.843	1.51		0		
VO_DA_Assault Terminator - I will not suffer your existence one moment longer.wav	DA81	Assault Terminator	DarkAngels	line	I will not suffer your existence one moment longer.	0.0	0.0	3.756	1.64	I will not suffer your existence one moment longer	0		
VO_DA_Azrael_attack.ogg	DA3	Azrael	DarkAngels	attack	FAAAGH!	0.0	0.0	0.84	4.25		0		
VO_DA_Azrael_cantDo.ogg	DA3	Azrael	DarkAngels	cantdo	This is not allowed.	0.0	0.0	1.554	1.46		0		
VO_DA_Azrael_concede.ogg	DA3	Azrael	DarkAngels	concede	Target priority assessment, others await our retribution.	0.0	0.0	3.96	1.59		0		
VO_DA_Azrael_death.ogg	DA3	Azrael	DarkAngels	death	Aargh!	0.0	0.0	1.244	4.09		0		
VO_DA_Azrael_gen1.ogg	DA3	Azrael	DarkAngels	gen1	Fight, sons of the lion! Fight!	0.0	0.0	2.025	1.48		0		
VO_DA_Azrael_gen2.ogg	DA3	Azrael	DarkAngels	gen2	Speak your last words before the blade falls.	0.0	0.0	3.316	1.51		0		
VO_DA_Azrael_gen3.ogg	DA3	Azrael	DarkAngels	gen3	Loyalty is its own reward.	0.0	0.0	1.871	1.48		0		
VO_DA_Azrael_gen4.ogg	DA3	Azrael	DarkAngels	gen4	Stay sharp, I will tolerate no laxity.	0.0	0.0	3.206	1.65		0		
VO_DA_Azrael_gen5.ogg	DA3	Azrael	DarkAngels	gen5	To the abyss with your lies.	0.0	0.0	2.204	1.46		0		
VO_DA_Azrael_gen6.ogg	DA3	Azrael	DarkAngels	gen6	None shall stay out judgment.	0.0	0.0	2.326	1.48		0		
VO_DA_Azrael_gen7.ogg	DA3	Azrael	DarkAngels	gen7	We have come, we are dead.	0.0	0.0	2.437	1.5		0		
VO_DA_Azrael_greet.ogg	DA3	Azrael	DarkAngels	greet	Draw your blade, you might yet find absolution in battle.	0.0	0.0	4.109	1.53		0		
VO_DA_Azrael_hurry.ogg	DA3	Azrael	DarkAngels	hurry	Ours is the moment. Do not let up.	0.0	0.0	2.442	1.44		0		
VO_DA_Azrael_intro.ogg	DA3	Azrael	DarkAngels	intro	At once, DarkAngels, ridden your blades.	0.0	0.0	3.304	1.51		0		
VO_DA_Azrael_mirror.ogg	DA3	Azrael	DarkAngels	mirror	Eye and weapon to the enemy.	0.0	0.0	1.903	1.48		0		
VO_DA_Azrael_threat.ogg	DA3	Azrael	DarkAngels	threat	I do not take your life lightly, but in service to my duty.	0.0	0.0	4.628	1.54		0		
VO_DA_Azrael_vsAbaddon.ogg	DA3	Azrael	DarkAngels	vsabaddon	You will meet your abhorrent father's fate.	0.0	0.0	2.895	1.52		0		
VO_DA_Azrael_vsBelial.ogg	DA3	Azrael	DarkAngels	vsbelial	This is your last chance to stop this foolery brother.	0.0	0.0	3.514	1.61		0		
VO_DA_Azrael_wp.ogg	DA3	Azrael	DarkAngels	wp	Your temerity only makes you caught with disaster.	0.0	0.0	3.276	1.48		0		
VO_DA_Ballistus Dreadnought - Death is not enough to stay our wrath.wav	DA_Ravenwing_Ballistus_Dreadnought	Ravenwing Ballistus Dreadnought	DarkAngels	line	Death is not enough to stay all rough.	0.0	0.0	3.267	1.48	Death is not enough to stay our wrath	0		
VO_DA_Belial_attack.ogg	DA5	Belial	DarkAngels	attack	Uh!	0.0	0.0	0.321	1.37		0		generic
VO_DA_Belial_cantDo.ogg	DA5	Belial	DarkAngels	cantdo	I cannot do that.	0.0	0.0	1.029	1.45		0		
VO_DA_Belial_concede.ogg	DA5	Belial	DarkAngels	concede	So be it.	0.0	0.0	1.16	1.36		0		
VO_DA_Belial_death.ogg	DA5	Belial	DarkAngels	death	Agh!	0.0	0.0	1.29	10.73		1		
VO_DA_Belial_gen1.ogg	DA5	Belial	DarkAngels	gen1	Hold the line! Let fury be the steel in your spine!	0.0	0.0	3.885	1.51		0		
VO_DA_Belial_gen2.ogg	DA5	Belial	DarkAngels	gen2	The Lion guards us.	0.0	0.0	1.302	1.4		0		
VO_DA_Belial_gen3.ogg	DA5	Belial	DarkAngels	gen3	Where we stand, none shall pass.	0.0	0.0	2.152	1.41		0		
VO_DA_Belial_gen4.ogg	DA5	Belial	DarkAngels	gen4	Fervor must be tempered with wisdom.	0.0	0.0	1.998	1.63		0		
VO_DA_Belial_gen5.ogg	DA5	Belial	DarkAngels	gen5	You falter beneath the strain of battle.	0.0	0.0	2.146	1.5		0		
VO_DA_Belial_gen6.ogg	DA5	Belial	DarkAngels	gen6	With me, brothers, for the lion!	0.0	0.0	2.3	1.45		0		
VO_DA_Belial_gen7.ogg	DA5	Belial	DarkAngels	gen7	It is too dangerous to let you live.	0.0	0.0	2.666	1.44		0		
VO_DA_Belial_greet.ogg	DA5	Belial	DarkAngels	greet	Finally, a foe that might test me.	0.0	0.0	2.686	1.49		0		
VO_DA_Belial_hurry.ogg	DA5	Belial	DarkAngels	hurry	No time to waste.	0.0	0.0	1.165	1.37		0		
VO_DA_Belial_intro.ogg	DA5	Belial	DarkAngels	intro	For the Lion! For the Emperor!	0.0	0.0	2.678	1.45		0		
VO_DA_Belial_mirror.ogg	DA5	Belial	DarkAngels	mirror	Onward to the objective. Kill everything we encounter.	0.0	0.0	3.394	1.46		0		
VO_DA_Belial_threat.ogg	DA5	Belial	DarkAngels	threat	Come, meet your end by the bite of my steel.	0.0	0.0	3.142	1.49		0		
VO_DA_Belial_vsAsmodai.ogg	DA5	Belial	DarkAngels	vsasmodai	You will not leave this planet until the fight is done as Medai.	0.0	0.0	3.696	1.54		0		
VO_DA_Belial_vsAzrael.ogg	DA5	Belial	DarkAngels	vsazrael	Not until I know the whole truth.	0.0	0.0	2.692	1.45		0		
VO_DA_Belial_wp.ogg	DA5	Belial	DarkAngels	wp	It is not often I misjudge a foe's prowess.	0.0	0.0	3.49	1.5		0		
VO_DA_Black Knight - We ride for the Lion!.ogg	DA13	Black Knight	DarkAngels	line	We ride for the lion!	0.0	0.0	1.678	1.41	We ride for the Lion!	0		
VO_DA_Bladeguard Veteran - Through sacrifice we find redemption.ogg	DA26	Bladeguard Veteran	DarkAngels	line	Through Sacrifice we find redemption.	0.0	0.0	2.808	1.44	Through sacrifice we find redemption	0		
VO_DA_Captain - To me Dark Angels! Victory is at hand!.ogg	DA19	Captain	DarkAngels	line	To me, DarkAngels, victory is at hand!	0.0	0.0	2.762	1.53	To me Dark Angels! Victory is at hand!	0		
VO_DA_Chaplain - The Lion watches us all Fight with honor!.ogg	DA14	Chaplain	DarkAngels	line	Chaplain watches us all, FIGHT WITH HONOR!	0.0	0.0	3.822	1.48	The Lion watches us all Fight with honor!	0		
VO_DA_Chaplain Gabutheron - No price is too high to clean the sins of old.wav	DA82	Chaplain Gabutheron	DarkAngels	line	No price is too high to clean the sins of old.	0.0	0.0	3.922	1.51	No price is too high to clean the sins of old	0		
VO_DA_Company Champion - We shall fulfill our duty no matter the cost.ogg	DA27	Company Champion	DarkAngels	line	We shall fulfill our duty, no matter the cost.	0.0	0.0	2.895	1.47	We shall fulfill our duty no matter the cost	0		
VO_DA_Company Master - The fate of the chapter lies in our every action Do not falter!.ogg	DA31	Company Master	DarkAngels	line	The fate of the chapter lies in our every action.  Do not falter!	0.0	0.0	4.306	1.57	The fate of the chapter lies in our every action Do not falter!	0		
VO_DA_Company Veteran - Our loyalty is unwavering.ogg	DA15	Company Veteran	DarkAngels	line	Loyalty is unwavering!	0.0	0.0	2.25	1.45	Our loyalty is unwavering	0		
VO_DA_Dark Talon - None shall escape the Chapter's talons.ogg	DA39	Dark Talon	DarkAngels	line	None shall escape the chapter's talons.	0.0	0.0	2.658	1.48	None shall escape the Chapter's talons	0		
VO_DA_Darkshroud - Caliban’s legacy shall not fade.ogg	DA32	Darkshroud	DarkAngels	line	Caliban's legacy shall not fade.	0.0	0.0	2.117	1.42	Caliban’s legacy shall not fade	0		
VO_DA_Deathwing Champion - Duty alone will wash away our shame.ogg	DA36	Deathwing Champion	DarkAngels	line	Duty alone will wash away our shame.	0.0	0.0	2.93	1.45	Duty alone will wash away our shame	0		
VO_DA_Deathwing Knight - The hunt never ends Duty compels us forward.ogg	DA28	Deathwing Knight	DarkAngels	line	The hunt never ends, duty compels us forward.	0.0	0.0	3.592	1.49	The hunt never ends Duty compels us forward	0		
VO_DA_Deathwing Knight Master - We must be eternally vigilant for our own flaws.ogg	DA42	Deathwing Knight Master	DarkAngels	line	We must be eternally vigilant for our own flaws.	0.0	0.0	3.406	1.5	We must be eternally vigilant for our own flaws	0		
VO_DA_Deathwing Strikemaster - No mercy! Engage and eliminate!.ogg	DA33	Deathwing Strikemaster	DarkAngels	line	No mercy! Engage and eliminate!	0.0	0.0	3.081	1.53	No mercy! Engage and eliminate!	0		
VO_DA_Deathwing Terminator - Come forth and be slaughtered.ogg	DA20	Deathwing Terminator	DarkAngels	line	Come forth and be slaughtered.	0.0	0.0	3.035	1.42	Come forth and be slaughtered	0		
VO_DA_Ezekiel - I alone judge the weak from the strong the truth from falsehood.ogg	DA34	Ezekiel	DarkAngels	line	I alone judge the weak from the strong, the truth from falsehood.	0.0	0.0	4.085	1.61	I alone judge the weak from the strong the truth from falsehood	0		
VO_DA_Inner Circle Companion - Heavy blade swing.ogg	DA21	Inner Circle Companion	DarkAngels	line		0.0	0.0	1.929	1.52	Heavy blade swing	1	1	halluc
VO_DA_Intercessor - For the Lion and the Emperor!.ogg	DA7	Intercessor	DarkAngels	line	For the Lion and the Emperor!	0.0	0.0	1.982	1.47	For the Lion and the Emperor!	0		
VO_DA_Interrogator Chaplain - Your life is forfeit but your soul could still find deliverance.ogg	DA22	Interrogator Chaplain	DarkAngels	line	Your life is full of it, but your soul could still find deliverance.	0.0	0.0	5.67	1.62	Your life is forfeit but your soul could still find deliverance	0		
VO_DA_Land Speeder Vengeance - No one can outrun our retribution.ogg	DA23	Land Speeder Vengeance	DarkAngels	line	No one can outrun our retribution.	0.0	0.0	2.175	1.47	No one can outrun our retribution	0		
VO_DA_Librarian - Caliban's rage echoes through me.ogg	DA16	Librarian	DarkAngels	line	Calipan's rage echoes through me.	0.0	0.0	2.866	1.47	Caliban's rage echoes through me	0		
VO_DA_Master Lazarus - I will stand sentinel for the Chapter's honor.ogg	DA24	Master Lazarus	DarkAngels	line	I will stand sentinel for the chapter's honor.	0.0	0.0	2.739	1.5	I will stand sentinel for the Chapter's honor	0		
VO_DA_Master Zacharial_Backup1.wav	DA75	Master Zacharial	DarkAngels	backup1	No running will save you now.	0.0	0.0	3.043	1.48		0		
VO_DA_Master Zacharial_Backup2.wav	DA75	Master Zacharial	DarkAngels	backup2	We have our orders. Move!	0.0	0.0	2.721	1.43		0		
VO_DA_Master Zacharial_Backup3.wav	DA75	Master Zacharial	DarkAngels	backup3	Let's see what you can do.	0.0	0.0	2.403	1.47		0		
VO_DA_Master Zacharial_attack.wav	DA75	Master Zacharial	DarkAngels	attack	HAH!	0.0	0.0	0.542	1.42		1		
VO_DA_Master Zacharial_cantDo.wav	DA75	Master Zacharial	DarkAngels	cantdo	I will not take a forbidden path.	0.0	0.0	3.042	1.53		0		
VO_DA_Master Zacharial_concede.wav	DA75	Master Zacharial	DarkAngels	concede	We have lingered here too long.  Move out!	0.0	0.0	4.001	1.49		0		
VO_DA_Master Zacharial_death.wav	DA75	Master Zacharial	DarkAngels	death	Aaaaaaargh!	0.0	0.0	1.444	12.91		1		
VO_DA_Master Zacharial_gen1.wav	DA75	Master Zacharial	DarkAngels	gen1	Every fallen foe honors the Emperor and the Primarch.	0.0	0.0	5.0	1.51		0		
VO_DA_Master Zacharial_gen2.wav	DA75	Master Zacharial	DarkAngels	gen2	Onward! Head not your ails until the foe is beaten!	0.0	0.0	4.262	1.52		0		
VO_DA_Master Zacharial_gen3.wav	DA75	Master Zacharial	DarkAngels	gen3	The shadow will be banished by fire and steel.	0.0	0.0	4.079	1.48		0		
VO_DA_Master Zacharial_gen4.wav	DA75	Master Zacharial	DarkAngels	gen4	For the vengeful brethren, there is only duty.	0.0	0.0	4.38	1.49		0		
VO_DA_Master Zacharial_gen5.wav	DA75	Master Zacharial	DarkAngels	gen5	We all serve the Emperor in different ways.	0.0	0.0	3.792	1.46		0		
VO_DA_Master Zacharial_gen6.wav	DA75	Master Zacharial	DarkAngels	gen6	The target is in range, strikes now!	0.0	0.0	3.32	1.43		0		
VO_DA_Master Zacharial_gen7.wav	DA75	Master Zacharial	DarkAngels	gen7	Prey has never escaped from us. You will not be the first one.	0.0	0.0	5.088	1.52		0		
VO_DA_Master Zacharial_greet.wav	DA75	Master Zacharial	DarkAngels	greet	Late is the moment of repentance. Draw your blade.	0.0	0.0	4.641	1.44		0		
VO_DA_Master Zacharial_hurry.wav	DA75	Master Zacharial	DarkAngels	hurry	Death waits for none.	0.0	0.0	2.158	1.39		0		
VO_DA_Master Zacharial_intro.wav	DA75	Master Zacharial	DarkAngels	intro	We have come. We are death.	0.0	0.0	3.28	1.38		0		
VO_DA_Master Zacharial_mirror.wav	DA75	Master Zacharial	DarkAngels	mirror	The Lion's Fury is ours to deliver.	0.0	0.0	3.15	1.43		0		
VO_DA_Master Zacharial_threat.wav	DA75	Master Zacharial	DarkAngels	threat	May your blood quench my blade's thirst.	0.0	0.0	4.11	1.43		0		
VO_DA_Master Zacharial_vsAsmodai&Belial.wav	DA75	Master Zacharial	DarkAngels	vsasmodai&belial	For the Primark!	0.0	0.0	1.919	1.4		0		
VO_DA_Master Zacharial_vsAzrael.wav	DA75	Master Zacharial	DarkAngels	vsazrael	Great and terrible is our duty.	0.0	0.0	2.708	1.4		0		
VO_DA_Master Zacharial_vsEC&BL.wav	DA75	Master Zacharial	DarkAngels	vsec&bl	I have slit the throat of heresy before I will claim that silence again.	0.0	0.0	5.883	1.54		0		
VO_DA_Master Zacharial_vsShadowsun.wav	DA75	Master Zacharial	DarkAngels	vsshadowsun	For all you speak about courage, I see none in you.	0.0	0.0	4.891	1.46		0		
VO_DA_Master Zacharial_wp.wav	DA75	Master Zacharial	DarkAngels	wp	You shall not live to regret this affront.	0.0	0.0	4.009	1.47		0		
VO_DA_Nephilim Jetfighter - From on high a judgment will come!.ogg	DA37	Nephilim Jetfighter	DarkAngels	line	From on high, a judgment will come!	0.0	0.0	2.725	1.42	From on high a judgment will come!	0		
VO_DA_Ravenwing Ancient - The banner of Caliban shall never falter.ogg	DA29	Ravenwing Ancient	DarkAngels	line	The banner of Caliban shall never falter.	0.0	0.0	2.901	1.47	The banner of Caliban shall never falter	0		
VO_DA_Ravenwing Bikes - The hunt begins No one escapes the Ravenwing!.ogg	DA9	Ravenwing Bikes	DarkAngels	line	No one escapes the Ravenwing!	0.0	0.0	4.364	1.37	The hunt begins No one escapes the Ravenwing!	0		
VO_DA_Ravenwing Champion - The chase is over Now the blade falls.ogg	DA17	Ravenwing Champion	DarkAngels	line	The chase is over, now the blade falls.	0.0	0.0	3.412	1.44	The chase is over Now the blade falls	0		
VO_DA_Ravenwing Speeder - Only death follows in our wake!.ogg	DA18	Ravenwing Speeder	DarkAngels	line	Only death follows in a week.	0.0	0.0	1.986	1.4	Only death follows in our wake!	0		
VO_DA_Ravenwing Talonmaster - We are the hunters! We are the Dark Angels!.ogg	DA30	Ravenwing Talonmaster	DarkAngels	line	We are the Hunters! We are the Dark Angels!	0.0	0.0	3.191	1.46	We are the hunters! We are the Dark Angels!	0		
VO_DA_Redemptor Dreadnought - My quest for vengeance is eternal.ogg	DA_Ravenwing_Ballistus_Dreadnought	Ravenwing Ballistus Dreadnought	DarkAngels	line	My quest for vengeance is eternal.	0.0	0.0	2.445	1.4	My quest for vengeance is eternal	0		
VO_DA_Reiver - Your pleas for mercy will go unheard.ogg	DA10	Reiver	DarkAngels	line	Your pleas for mercy will go unheard.	0.0	0.0	2.817	1.42	Your pleas for mercy will go unheard	0		
VO_DA_Repulsor - Heavy weapons primed Open fire!.ogg	DA43	Repulsor	DarkAngels	line	Heavy weapons crime. Open fire!	0.0	0.0	2.418	1.4	Heavy weapons primed Open fire!	0		
VO_DA_Sammael - If it is death you crave I shall gift it to you!.ogg	DA40	Sammael	DarkAngels	line	If it is death you crave, I shall gift it to you.	0.0	0.0	2.826	1.47	If it is death you crave I shall gift it to you!	0		
VO_DA_Sergeant Naaman - None shall escape the wrath of Caliban!.ogg	DA_Sergeant_Naaman	Sergeant Naaman	DarkAngels	line	None shall escape the wrath of Caliban!	0.0	0.0	2.759	1.42	None shall escape the wrath of Caliban!	0		
VO_DA_Sergeant Taaman - None shall escape the wrath of Caliban!.ogg	DA_Sergeant_Naaman	Sergeant Naaman	DarkAngels	line	None shall escape the wrath of Caliban!	0.0	0.0	2.759	1.4	None shall escape the wrath of Caliban!	0		
VO_DA_Techmarine - The Chapter's engines will not falter under my watch.ogg	DA25	Techmarine	DarkAngels	line	The chapter's engines were not falter under my watch.	0.0	0.0	2.733	1.48	The Chapter's engines will not falter under my watch	0		
VO_DA_Vengeful Brethren Bladeguard - Stand as firm as the mighty Rock itself!.wav	DA80	Vengeful Brethren Bladeguard	DarkAngels	line	Stand as firm as the mighty rock itself!	0.0	0.0	3.139	1.41	Stand as firm as the mighty Rock itself!	0		
VO_DA_Vengeful Brethren Hellblaster - Mercy is not mine to deliver Only death.wav	DA79	Vengeful Brethren Hellblaster	DarkAngels	line	Mercy is not mine to deliver, only death.	0.0	0.0	3.702	1.45	Mercy is not mine to deliver Only death	0		
VO_DA_Vengeful Brethren Intercessor - You are one mistake away from your death.wav	DA78	Vengeful Brethren Intercessor	DarkAngels	line	You are one mistake away from your death.	0.0	0.0	2.813	1.44	You are one mistake away from your death	0		
VO_DA_Watcher in the Dark - You do not have long.wav	DA77	Watcher in the Dark	DarkAngels	line	You do not have long.	0.0	0.0	2.035	1.4	You do not have long	0		
VO_GSC_Aberrant Hypermorph_They are close.ogg	GSC33	Aberrant Hypermorph	Genestealers	line	They are close.	0.0	0.0	2.628	1.36		0		
VO_GSC_Aberrant_Crush.ogg	GSC27	Aberrant	Genestealers	line	CRASH!	0.0	0.0	1.691	1.38		1		
VO_GSC_Abominant_Savage Bellow.ogg	GSC38	Abominant	Genestealers	line	R-R-R-R-R-R...	0.0	0.0	3.264	13.37		1		
VO_GSC_Achilles Ridgerunner_Forward! Let's earn our divine reward.ogg	GSC34	Achilles Ridgerunner	Genestealers	line	Forward! Let's earn our divine reward!	0.0	0.0	3.783	1.46		0		
VO_GSC_Acolyte Heavy_For the Great Patriarch.ogg	GSC43	Patriarch	Genestealers	line	For the Great Patriarch!	0.0	0.0	1.949	1.37		0		
VO_GSC_Acolyte Hybrid_Our bodies are blessed.ogg	GSC13	Acolyte Hybrid	Genestealers	line	Our bodies are blessed.	0.0	0.0	2.724	1.39		0		
VO_GSC_Acolyte Iconward_Backup1.ogg	GSC_Acolyte_Iconward	Acolyte Iconward	Genestealers	backup1	You are unfit to bear the weight of true enlightenment.	0.0	0.0	5.449	1.49		0		
VO_GSC_Acolyte Iconward_Backup2.ogg	GSC_Acolyte_Iconward	Acolyte Iconward	Genestealers	backup2	We were chosen to fell those who once bound us to our chains.	0.0	0.0	6.805	1.52		0		
VO_GSC_Acolyte Iconward_Backup3.ogg	GSC_Acolyte_Iconward	Acolyte Iconward	Genestealers	backup3	The path has been laid. We follow the Void Angel's light.	0.0	0.0	5.423	1.51		0		
VO_GSC_Acolyte Iconward_Backup4.ogg	GSC_Acolyte_Iconward	Acolyte Iconward	Genestealers	backup4	You will be cleansed, and the heavens will deliver our reward.	0.0	0.0	6.192	1.5		0		
VO_GSC_Acolyte Iconward_Backup5.ogg	GSC_Acolyte_Iconward	Acolyte Iconward	Genestealers	backup5	Praise the star children, may their benevolence guide us.	0.0	0.0	5.403	1.46		0		
VO_GSC_Acolyte Iconward_Backup6.ogg	GSC_Acolyte_Iconward	Acolyte Iconward	Genestealers	backup6	Only the star children can bring true salvation.	0.0	0.0	4.654	1.43		0		
VO_GSC_Acolyte Iconward_attack.ogg	GSC_Acolyte_Iconward	Acolyte Iconward	Genestealers	attack	WAH!	0.0	0.0	0.535	1.38		1		
VO_GSC_Acolyte Iconward_cantDo.ogg	GSC_Acolyte_Iconward	Acolyte Iconward	Genestealers	cantdo	That serves no purpose!	0.0	0.0	1.987	1.36		0		
VO_GSC_Acolyte Iconward_concede.ogg	GSC_Acolyte_Iconward	Acolyte Iconward	Genestealers	concede	No! Not the banner!	0.0	0.0	2.056	1.4		0		
VO_GSC_Acolyte Iconward_death.ogg	GSC_Acolyte_Iconward	Acolyte Iconward	Genestealers	death	Grrrr!	0.0	0.0	1.537	11.96		1		
VO_GSC_Acolyte Iconward_gen1.ogg	GSC_Acolyte_Iconward	Acolyte Iconward	Genestealers	gen1	Our Deliverance is Nigh!	0.0	0.0	2.515	1.4		0		
VO_GSC_Acolyte Iconward_gen2.ogg	GSC_Acolyte_Iconward	Acolyte Iconward	Genestealers	gen2	Now comes the moment to emerge from the shadows!	0.0	0.0	3.752	1.43		0		
VO_GSC_Acolyte Iconward_gen3.ogg	GSC_Acolyte_Iconward	Acolyte Iconward	Genestealers	gen3	We are the hand in the shadows.	0.0	0.0	3.717	1.4		0		
VO_GSC_Acolyte Iconward_gen4.ogg	GSC_Acolyte_Iconward	Acolyte Iconward	Genestealers	gen4	Ours is the heart that beats in the abyss.	0.0	0.0	3.22	1.42		0		
VO_GSC_Acolyte Iconward_gen5.ogg	GSC_Acolyte_Iconward	Acolyte Iconward	Genestealers	gen5	Rally to the banner, Charge, Children of the Grizzlepate!	0.0	0.0	4.692	1.49		0		
VO_GSC_Acolyte Iconward_gen6.ogg	GSC_Acolyte_Iconward	Acolyte Iconward	Genestealers	gen6	Can you hear the sounds below?	0.0	0.0	4.3	1.4		0		
VO_GSC_Acolyte Iconward_gen7.ogg	GSC_Acolyte_Iconward	Acolyte Iconward	Genestealers	gen7	Ours is a symbol of truth and freedom. It cannot be denied.	0.0	0.0	6.338	1.47		0		
VO_GSC_Acolyte Iconward_greet.ogg	GSC_Acolyte_Iconward	Acolyte Iconward	Genestealers	greet	Behold our true might as we cast off our chains!	0.0	0.0	5.383	1.54		0		
VO_GSC_Acolyte Iconward_hurry.ogg	GSC_Acolyte_Iconward	Acolyte Iconward	Genestealers	hurry	Quickly, the star children beckon!	0.0	0.0	3.386	1.51		0		
VO_GSC_Acolyte Iconward_intro.ogg	GSC_Acolyte_Iconward	Acolyte Iconward	Genestealers	intro	Rise, my kin! Answer the battle's call!	0.0	0.0	4.851	1.53		0		
VO_GSC_Acolyte Iconward_mirror.ogg	GSC_Acolyte_Iconward	Acolyte Iconward	Genestealers	mirror	The time has come to emerge from the shadows!	0.0	0.0	3.812	1.47		0		
VO_GSC_Acolyte Iconward_threat.ogg	GSC_Acolyte_Iconward	Acolyte Iconward	Genestealers	threat	I hear them in my dreams. They speak of your land.	0.0	0.0	5.789	1.6		0		
VO_GSC_Acolyte Iconward_vsAstraMilitarum.ogg	GSC_Acolyte_Iconward	Acolyte Iconward	Genestealers	vsastramilitarum	You could have been free, and yet you chose to tighten your chains.	0.0	0.0	6.851	1.67		0		
VO_GSC_Acolyte Iconward_vsMagus.ogg	GSC_Acolyte_Iconward	Acolyte Iconward	Genestealers	vsmagus	It's the flock ready, the star children beckon!	0.0	0.0	3.894	1.61		0		
VO_GSC_Acolyte Iconward_vsNecrons.ogg	GSC_Acolyte_Iconward	Acolyte Iconward	Genestealers	vsnecrons	I pity you. Those without souls cannot receive the gift of the star children.	0.0	0.0	7.986	1.67		0		
VO_GSC_Acolyte Iconward_vsOrks.ogg	GSC_Acolyte_Iconward	Acolyte Iconward	Genestealers	vsorks	Your heart is beyond salvation, and thus must be expunged!	0.0	0.0	6.062	1.74		0		
VO_GSC_Acolyte Iconward_wp.ogg	GSC_Acolyte_Iconward	Acolyte Iconward	Genestealers	wp	This resistance is just delaying the inevitable.	0.0	0.0	4.55	1.69		0		
VO_GSC_Acolyte Leader_To me, children of the Grizzlepit.ogg	GSC22	Acolyte Leader	Genestealers	line	To me, children of the Grizzle Pit!	0.0	0.0	2.666	1.7		0		
VO_GSC_Acolyte Specialist_Your doom already walks among you.ogg	GSC23	Acolyte Specialist	Genestealers	line	Your doom already walks among you.	0.0	0.0	3.032	1.64		0		
VO_GSC_Atalan Jackal - The trap is set Our moment draws near.ogg	GSC69	Atalan Jackal	Genestealers	line	The trap is set. Our moment draws near.	0.0	0.0	3.897	1.65	The trap is set Our moment draws near	0		
VO_GSC_Atalan Leader - Be ready for anything, and prepare to strike.ogg	GSC71	Atalan Leader	Genestealers	line	Be ready for anything and prepare to strike!	0.0	0.0	3.125	1.62	Be ready for anything, and prepare to strike	0		
VO_GSC_Atalan Wolfquad - Crush them under our wheels!.ogg	GSC73	Atalan Wolfquad	Genestealers	line	Crush them under our wheels!	0.0	0.0	2.66	1.63	Crush them under our wheels!	0		
VO_GSC_Benefictus_We will overwhelm all who stand against our ascension.ogg	GSC65	Day of Ascension	Genestealers	line	We will overwhelm all who stand against our ascension.	0.0	0.0	6.732	1.7		0		
VO_GSC_Biophagus_The Grizzlepit and I have created such wonders, to fuel our ascension.ogg	GSC65	Day of Ascension	Genestealers	line	The grizzled pit and I have created such wonders to fuel our ascension.	0.0	0.0	6.48	1.68		0		
VO_GSC_Clamavus_Heed the call of the stars.ogg	GSC28	Clamavus	Genestealers	line	Heed the call of the stars!	0.0	0.0	2.535	1.53		0		
VO_GSC_Concealed Explosives_Ticking sounds.ogg	GSC9	Concealed Explosives	Genestealers	line		0.0	0.0	1.189	1.73		1	1	echo
VO_GSC_Cult Leman Russ_The Star Children call for fire.ogg	GSC45	Cult Leman Russ	Genestealers	line	The Star Children call for fire!	0.0	0.0	3.134	1.51		0		
VO_GSC_Cult Sentinel_The brood is ever watchful.ogg	GSC30	Cult Sentinel	Genestealers	line	The brood is ever watchful.	0.0	0.0	2.714	1.53		0		
VO_GSC_Genestealer Familiar_Menacing Hiss.ogg	GSC7	Genestealer Familiar	Genestealers	line		0.0	0.0	1.508	1.68		1	1	echo
VO_GSC_Goliath Rockgrinder_We will break the chains of the oppressor.ogg	GSC41	Goliath Rockgrinder	Genestealers	line	We will break the chains of the oppressor!	0.0	0.0	2.882	1.65		0		
VO_GSC_Goliath Truck_We are in position.ogg	GSC40	Goliath Truck	Genestealers	line	We are in position.	0.0	0.0	1.752	1.48		0		
VO_GSC_Hulking Aberrant_Furious Snarl.ogg	GSC35	Hulking Aberrant	Genestealers	line		0.0	0.0	1.731	1.67		0	1	echo
VO_GSC_Hybrid Metamorph_Primal Snarl.ogg	GSC5	Primus Saffa Rhiannor	Genestealers	line	Rrrrrrrr toilet!	0.0	0.0	1.99	22.8		1		
VO_GSC_Jackal Outrider -There is nothing you can do to stop our ascension.ogg	GSC70	Jackal Outrider	Genestealers	line	There is nothing you can do to stop our ascension!	0.0	0.0	4.46	1.59		0		
VO_GSC_Jackal Scout - You see nought but what we want you to see.ogg	GSC_Jackal_Scout	Jackal Scout	Genestealers	line	You see not, but what we want you to see!	0.0	0.0	2.779	1.49	You see nought but what we want you to see	0		
VO_GSC_Jackal Specialist - Each blast casts down the unbeliever.ogg	GSC72	Jackal Specialist	Genestealers	line	Eat Blas, cuss down the unbeliever!	0.0	0.0	2.532	1.62	Each blast casts down the unbeliever	0		
VO_GSC_Kelermorph_With me My Brothers and Sisters, liberation is at hand.ogg	GSC42	Kelermorph	Genestealers	line	With me, my brothers and sisters, liberation is at hand.	0.0	0.0	4.988	1.6		0		
VO_GSC_Lhaska Szenari_attack.ogg	GSC_Lhaska_Szenari	Lhaska Szenari	Genestealers	attack	Woo!	0.0	0.0	0.501	1.46		0		
VO_GSC_Lhaska Szenari_cantDo.ogg	GSC_Lhaska_Szenari	Lhaska Szenari	Genestealers	cantdo	That is beyond my reach.	0.0	0.0	2.088	1.5		0		
VO_GSC_Lhaska Szenari_concede.ogg	GSC_Lhaska_Szenari	Lhaska Szenari	Genestealers	concede	We withdraw, but our uprising isn't over.	0.0	0.0	3.519	1.58		0		
VO_GSC_Lhaska Szenari_death.ogg	GSC_Lhaska_Szenari	Lhaska Szenari	Genestealers	death	Aaaaaaah!	0.0	0.0	1.911	6.36		1		
VO_GSC_Lhaska Szenari_gen1.ogg	GSC_Lhaska_Szenari	Lhaska Szenari	Genestealers	gen1	No target is beyond my sights.	0.0	0.0	3.154	1.46		0		
VO_GSC_Lhaska Szenari_gen2.ogg	GSC_Lhaska_Szenari	Lhaska Szenari	Genestealers	gen2	We have risen from prisoners to predators.  No one can deny us now.	0.0	0.0	6.143	1.65		0		
VO_GSC_Lhaska Szenari_gen3.ogg	GSC_Lhaska_Szenari	Lhaska Szenari	Genestealers	gen3	The barren lands taught us patience.  The time to strike will come.	0.0	0.0	5.992	1.69		0		
VO_GSC_Lhaska Szenari_gen4.ogg	GSC_Lhaska_Szenari	Lhaska Szenari	Genestealers	gen4	We know your strength, yet you know nothing about us.	0.0	0.0	4.683	1.66		0		
VO_GSC_Lhaska Szenari_gen5.ogg	GSC_Lhaska_Szenari	Lhaska Szenari	Genestealers	gen5	Our ascension is near.  We will taste freedom at last.	0.0	0.0	4.941	1.68		0		
VO_GSC_Lhaska Szenari_gen6.ogg	GSC_Lhaska_Szenari	Lhaska Szenari	Genestealers	gen6	With our shackles unbound, no enemy can outrun us.	0.0	0.0	4.28	1.54		0		
VO_GSC_Lhaska Szenari_gen7.ogg	GSC_Lhaska_Szenari	Lhaska Szenari	Genestealers	gen7	We ride unto the gaze of the star children, unstoppable and free.	0.0	0.0	5.923	1.59		0		
VO_GSC_Lhaska Szenari_greet.ogg	GSC_Lhaska_Szenari	Lhaska Szenari	Genestealers	greet	The downtrodden ride free today, our chains shattered.	0.0	0.0	4.422	1.54		0		
VO_GSC_Lhaska Szenari_hurry.ogg	GSC_Lhaska_Szenari	Lhaska Szenari	Genestealers	hurry	Speed is our weapon. Let us move.	0.0	0.0	2.933	1.49		0		
VO_GSC_Lhaska Szenari_intro.ogg	GSC_Lhaska_Szenari	Lhaska Szenari	Genestealers	intro	From the wastelands of Damnathor, we rise to claim our freedom.	0.0	0.0	5.165	1.63		0		
VO_GSC_Lhaska Szenari_mirror.ogg	GSC_Lhaska_Szenari	Lhaska Szenari	Genestealers	mirror	We will never be caged again.	0.0	0.0	2.892	1.56		0		
VO_GSC_Lhaska Szenari_threat.ogg	GSC_Lhaska_Szenari	Lhaska Szenari	Genestealers	threat	I clear the path for ascension.	0.0	0.0	2.762	1.52		0		
VO_GSC_Lhaska Szenari_vsCalgar.ogg	GSC_Lhaska_Szenari	Lhaska Szenari	Genestealers	vscalgar	We no longer cower before false angels, our ascension beckons.	0.0	0.0	5.525	1.68		0		
VO_GSC_Lhaska Szenari_vsCommissar.ogg	GSC_Lhaska_Szenari	Lhaska Szenari	Genestealers	vscommissar	You are but another tyrant, and we have risen to overthrow you.	0.0	0.0	4.637	1.55		0		
VO_GSC_Lhaska Szenari_vsLetharius.ogg	GSC_Lhaska_Szenari	Lhaska Szenari	Genestealers	vsletharius	We are the heralds of true faith, false angel.	0.0	0.0	3.859	1.54		0		
VO_GSC_Lhaska Szenari_vsTyranids.ogg	GSC_Lhaska_Szenari	Lhaska Szenari	Genestealers	vstyranids	Ride forth, brethren, the Star Children watch over us.	0.0	0.0	4.843	1.52		0		
VO_GSC_Lhaska Szenari_vsUrsulaCreed.ogg	GSC_Lhaska_Szenari	Lhaska Szenari	Genestealers	vsursulacreed	Ride now, brethren, and overrun those who once shackled us.	0.0	0.0	4.982	1.65		0		
VO_GSC_Lhaska Szenari_wp.ogg	GSC_Lhaska_Szenari	Lhaska Szenari	Genestealers	wp	You fight well, but our uprising is now unstoppable.	0.0	0.0	4.204	1.55		0		
VO_GSC_Locus_Your fate is sealed.ogg	GSC17	Locus	Genestealers	line	Your fate is sealed.	0.0	0.0	1.708	1.44		0		
VO_GSC_Metamorph Iconbearer_Feral growl.ogg	GSC31	Metamorph Iconbearer	Genestealers	line	GRRRRRRRRRR!	0.0	0.0	1.447	12.93		1		
VO_GSC_Metamorph Leader_Witness our ascension.ogg	GSC65	Day of Ascension	Genestealers	line	Witness our Ascension!	0.0	0.0	3.322	1.53		0		
VO_GSC_Neophyte Heavy_Deliverance, or blood.ogg	GSC18	Neophyte Heavy	Genestealers	line	Deliverance, or BLOOD!	0.0	0.0	2.797	1.45		0		
VO_GSC_Neophyte Hybrid_We bring you the Star Children's blessing.ogg	GSC10	Neophyte Hybrid	Genestealers	line	We bring you the Star Children's Blessing.	0.0	0.0	3.455	1.53		0		
VO_GSC_Neophyte Iconbearer_For each one of us that falls, a hundred more will rise.ogg	GSC19	Neophyte Iconbearer	Genestealers	line	For each one of us that falls, a hundred more will rise.	0.0	0.0	4.941	1.61		0		
VO_GSC_Neophyte Initiate_The day of ascension approaches.ogg	GSC8	Neophyte Initiate	Genestealers	line	The Day of Ascension Approaches	0.0	0.0	2.707	1.48		0		
VO_GSC_Neophyte Leader_So comes the moment of deliverance.ogg	GSC20	Neophyte Leader	Genestealers	line	So comes the moment of deliverance.	0.0	0.0	3.775	1.46		0		
VO_GSC_Neophyte Specialist_None can deny the Star Children's deliverance.ogg	GSC11	Neophyte Specialist	Genestealers	line	None can deny the star children's deliverance.	0.0	0.0	3.496	1.56		0		
VO_GSC_Neophyte Trooper_Give praise to the Master below.ogg	GSC12	Neophyte Trooper	Genestealers	line	Give praise to the master below.	0.0	0.0	2.933	1.43		0		
VO_GSC_Nexos_Kindred, at the ready, The plan moves forward.ogg	GSC25	Nexos	Genestealers	line	Kindred, at the ready, the plan moves forward.	0.0	0.0	3.978	1.55		0		
VO_GSC_Patriarch_PrimalGrowl.ogg	GSC43	Patriarch	Genestealers	line		0.0	0.0	2.01	1.55		1	1	halluc
VO_GSC_Purestrain Genestealer_Wild Growl.ogg	GSC26	Purestrain Genestealer	Genestealers	line		0.0	0.0	1.035	1.57		1	1	echo
VO_GSC_Reductus Saboteur_I will topple the walls of the oppressor.ogg	GSC37	Reductus Saboteur	Genestealers	line	I will topple the walls of the oppressor.	0.0	0.0	2.692	1.52		0		
VO_GSC_Saffa Rhiannor_Backup4.ogg	GSC5	Primus Saffa Rhiannor	Genestealers	backup4	Denying the star children's mercy breathes the disaster.	0.0	0.0	4.045	1.6		0		
VO_GSC_Saffa Rhiannor_attack.ogg	GSC5	Primus Saffa Rhiannor	Genestealers	attack	HAH!	0.0	0.0	0.408	1.35		0		
VO_GSC_Saffa Rhiannor_cantDo.ogg	GSC5	Primus Saffa Rhiannor	Genestealers	cantdo	That will not work!	0.0	0.0	1.424	1.43		0		
VO_GSC_Saffa Rhiannor_concede.ogg	GSC5	Primus Saffa Rhiannor	Genestealers	concede	We return to the shadows, yet soon we'll finish what we started.	0.0	0.0	4.544	1.51		0		
VO_GSC_Saffa Rhiannor_death.ogg	GSC5	Primus Saffa Rhiannor	Genestealers	death	AHHHHH!	0.0	0.0	1.363	4.13		1		
VO_GSC_Saffa Rhiannor_gen1.ogg	GSC5	Primus Saffa Rhiannor	Genestealers	gen1	You are blind to the true threats you face.	0.0	0.0	3.795	1.43		0		
VO_GSC_Saffa Rhiannor_gen2.ogg	GSC5	Primus Saffa Rhiannor	Genestealers	gen2	The more of us you strike down, the stronger our resolve.	0.0	0.0	4.556	1.51		0		
VO_GSC_Saffa Rhiannor_gen3.ogg	GSC5	Primus Saffa Rhiannor	Genestealers	gen3	All together, in unity, the cult reigns supreme!	0.0	0.0	4.373	1.48		0		
VO_GSC_Saffa Rhiannor_gen4.ogg	GSC5	Primus Saffa Rhiannor	Genestealers	gen4	Those reluctant to lift the veil deserve no mercy.	0.0	0.0	4.036	1.48		0		
VO_GSC_Saffa Rhiannor_gen5.ogg	GSC5	Primus Saffa Rhiannor	Genestealers	gen5	Do you really know who you can trust?	0.0	0.0	2.814	1.4		0		
VO_GSC_Saffa Rhiannor_gen6.ogg	GSC5	Primus Saffa Rhiannor	Genestealers	gen6	This is not a fight you can win! Not like that!	0.0	0.0	3.673	1.5		0		
VO_GSC_Saffa Rhiannor_gen7.ogg	GSC5	Primus Saffa Rhiannor	Genestealers	gen7	You should taste your words before spitting such foolery.	0.0	0.0	4.175	1.46		0		
VO_GSC_Saffa Rhiannor_greet.ogg	GSC5	Primus Saffa Rhiannor	Genestealers	greet	Children of the Grizzle Pit bring death to the oppressor!	0.0	0.0	3.783	1.5		0		
VO_GSC_Saffa Rhiannor_hurry.ogg	GSC5	Primus Saffa Rhiannor	Genestealers	hurry	Make haste! Ascension will not wait for you!	0.0	0.0	3.273	1.49		0		
VO_GSC_Saffa Rhiannor_intro.ogg	GSC5	Primus Saffa Rhiannor	Genestealers	intro	Accept our gift of liberation, or face the wrath of the Star Children!	0.0	0.0	6.875	1.55		0		
VO_GSC_Saffa Rhiannor_mirror.ogg	GSC5	Primus Saffa Rhiannor	Genestealers	mirror	We are the Mercy of the Void.	0.0	0.0	3.319	1.45		0		
VO_GSC_Saffa Rhiannor_threat.ogg	GSC5	Primus Saffa Rhiannor	Genestealers	threat	We will grant you swift release from your captivity!	0.0	0.0	3.659	1.47		0		
VO_GSC_Saffa Rhiannor_vsAeldari.ogg	GSC5	Primus Saffa Rhiannor	Genestealers	vsaeldari	Such pride and arrogance will only hasten your downfall.	0.0	0.0	5.298	1.46		0		
VO_GSC_Saffa Rhiannor_vsGhallaron.ogg	GSC5	Primus Saffa Rhiannor	Genestealers	vsghallaron	We answer to naught but the Star Children, Deceiver!	0.0	0.0	3.241	1.5		0		
VO_GSC_Saffa Rhiannor_vsSpaceMarine.ogg	GSC5	Primus Saffa Rhiannor	Genestealers	vsspacemarine	Your armor will not save you, false angel!	0.0	0.0	3.752	1.44		0		
VO_GSC_Saffa Rhiannor_wp.ogg	GSC5	Primus Saffa Rhiannor	Genestealers	wp	I see your shackles do not hinder your prowess.	0.0	0.0	3.966	1.51		0		
VO_GSC_Sanctus_A single, perfect shot to herald our ascension.ogg	GSC65	Day of Ascension	Genestealers	line	A single perfect shot to herald our ascension.	0.0	0.0	4.402	1.48		0		
VO_GSC_Spotter Ridgerunner - Forward! We rise from the dust this day!.ogg	GSC74	Spotter Ridgerunner	Genestealers	line	Forward! We rise from the dust this day!	0.0	0.0	3.072	1.46	Forward! We rise from the dust this day!	0		
VO_GSC_Uthrel Naas_attack.ogg	GSC3	Magus Uthrel Naas	Genestealers	attack	Eugh!	0.0	0.0	0.315	1.34		0		
VO_GSC_Uthrel Naas_cantDo.ogg	GSC3	Magus Uthrel Naas	Genestealers	cantdo	The Star Children forbid it.	0.0	0.0	2.19	1.4		0		
VO_GSC_Uthrel Naas_concede.ogg	GSC3	Magus Uthrel Naas	Genestealers	concede	I fail, yet hundreds will take my place.	0.0	0.0	3.76	1.47		0		
VO_GSC_Uthrel Naas_death.ogg	GSC3	Magus Uthrel Naas	Genestealers	death	Nyaargh!	0.0	0.0	1.842	1.4		0		
VO_GSC_Uthrel Naas_gen1.ogg	GSC3	Magus Uthrel Naas	Genestealers	gen1	Is there no limit to your arrogance?	0.0	0.0	2.698	1.42		0		
VO_GSC_Uthrel Naas_gen2.ogg	GSC3	Magus Uthrel Naas	Genestealers	gen2	Break your bonds and go forth, my children.	0.0	0.0	3.888	1.46		0		
VO_GSC_Uthrel Naas_gen3.ogg	GSC3	Magus Uthrel Naas	Genestealers	gen3	We are without number.	0.0	0.0	2.126	1.38		0		
VO_GSC_Uthrel Naas_gen4.ogg	GSC3	Magus Uthrel Naas	Genestealers	gen4	Answer the call of the Void!	0.0	0.0	2.106	1.41		0		
VO_GSC_Uthrel Naas_gen5.ogg	GSC3	Magus Uthrel Naas	Genestealers	gen5	All must be remade in our true master's image.	0.0	0.0	4.277	1.5		0		
VO_GSC_Uthrel Naas_gen6.ogg	GSC3	Magus Uthrel Naas	Genestealers	gen6	Our faith is unshakable.	0.0	0.0	2.515	1.39		0		
VO_GSC_Uthrel Naas_gen7.ogg	GSC3	Magus Uthrel Naas	Genestealers	gen7	The Star Children beckon, but you will not witness their glory.	0.0	0.0	5.267	1.52		0		
VO_GSC_Uthrel Naas_greet.ogg	GSC3	Magus Uthrel Naas	Genestealers	greet	Join us and the Void Gods will free you from your shackles.	0.0	0.0	4.126	1.5		0		
VO_GSC_Uthrel Naas_hurry.ogg	GSC3	Magus Uthrel Naas	Genestealers	hurry	Make haste, our Divine Masters are upon us!	0.0	0.0	3.098	1.47		0		
VO_GSC_Uthrel Naas_intro.ogg	GSC3	Magus Uthrel Naas	Genestealers	intro	Only those blessed by the star children will know real freedom.	0.0	0.0	4.576	1.47		0		
VO_GSC_Uthrel Naas_mirror.ogg	GSC3	Magus Uthrel Naas	Genestealers	mirror	Lend this world, and the heavens shall deliver their reward.	0.0	0.0	4.506	1.49		0		
VO_GSC_Uthrel Naas_threat.ogg	GSC3	Magus Uthrel Naas	Genestealers	threat	Join our cause, or perish for your ignorance.	0.0	0.0	4.001	1.44		0		
VO_GSC_Uthrel Naas_vsAstraMilitarum.ogg	GSC3	Magus Uthrel Naas	Genestealers	vsastramilitarum	Had we met before, you might have joined our quest for salvation.	0.0	0.0	4.611	1.52		0		
VO_GSC_Uthrel Naas_vsSororitas.ogg	GSC3	Magus Uthrel Naas	Genestealers	vssororitas	You pray to a deceitful God, a fabrication to keep you under their control.	0.0	0.0	6.056	1.55		0		
VO_GSC_Uthrel Naas_vsSpaceMarine.ogg	GSC3	Magus Uthrel Naas	Genestealers	vsspacemarine	The false angels were never meant to protect us.	0.0	0.0	3.365	1.46		0		
VO_GSC_Uthrel Naas_wp.ogg	GSC3	Magus Uthrel Naas	Genestealers	wp	Such unfettered force wasted in a false errand.	0.0	0.0	4.936	1.47		0		
VO_Goff_Ardshell Gurk - You cant beat me git.ogg	GOF32	Ardshell Gurk	Goff	line	You can't beat me, git!	0.0	0.0	2.444	1.44	You cant beat me git	0		
VO_Goff_Banner Nob - Ill mount yer skull to my stick.ogg	GOF16	Banner Nob	Goff	line	Oh man, just go on a sleep.	0.0	0.0	3.308	1.43	Ill mount yer skull to my stick	0		
VO_Goff_Battlewagon - This is gonna be a bumpy ride.ogg	GOF35	Battlewagon	Goff	line	This is gonna be a bumpy ride!	0.0	0.0	1.886	1.43	This is gonna be a bumpy ride	0		
VO_Goff_Big Krumpaz - Get over ere and face me klaw.ogg	GOF22	Big Krumpaz	Goff	line	Get over here, and face me claw!	0.0	0.0	3.385	1.43	Get over ere and face me klaw	0		
VO_Goff_Big Shoota Boy - More More dakka.ogg	GOF27	Big Shoota Boy	Goff	line	More! More decah!	0.0	0.0	2.303	1.4	More More dakka	0		
VO_Goff_Bomb Squig - MUNCH.ogg	GOF6	Bomb Squig	Goff	line		0.0	0.0	2.579	1.43	MUNCH	0	1	echo
VO_Goff_Boomdakka Snazzwagon - Fasta boyz We'z got lots of gits ta krump.ogg	GOF23	Boomdakka Snazzwagon	Goff	line	Faster boys! We've got lots of kids to cram!	0.0	0.0	4.783	1.52	Fasta boyz We'z got lots of gits ta krump	0		
VO_Goff_Burna Boy - Youz likes it hot.ogg	GOF17	Burna Boy	Goff	line	You rascals!	0.0	0.0	2.47	4.11	Youz likes it hot	0		
VO_Goff_Deff Dread - Iz stuck inside dis ting an dat makes me MAD.ogg	GOF33	Deff Dread	Goff	line	I stuck inside this thing and that makes me mad!	0.0	0.0	4.85	1.46	Iz stuck inside dis ting an dat makes me MAD	0		
VO_Goff_Deffgun Loota - Shootin an lootin in dat order.ogg	GOF18	Deffgun Loota	Goff	line	Living and living in Deffgun Loota	0.0	0.0	3.809	1.46	Shootin an lootin in dat order	0		
VO_Goff_Deffkopta - There's no hidin from me rokkits.ogg	GOF19	Deffkopta	Goff	line	Please, now hide him from me, Rockets!	0.0	0.0	2.754	1.45	There's no hidin from me rokkits	0		
VO_Goff_Ghazghkull_CantDo.ogg	GOF3	Ghazghkull Thraka	Goff	cantdo	Meh, don't do.	0.0	0.0	1.433	1.42		0		
VO_Goff_Ghazghkull_Concede.ogg	GOF3	Ghazghkull Thraka	Goff	concede	How's it going, wife, for a bit?  Need to get more boys.	0.0	0.0	3.18	1.53		0		
VO_Goff_Ghazghkull_Greet.ogg	GOF3	Ghazghkull Thraka	Goff	greet	I'm Ghazghkull and I'll bring great snow.	0.0	0.0	4.103	1.52		0		
VO_Goff_Ghazghkull_Hurry.ogg	GOF3	Ghazghkull Thraka	Goff	hurry	So much to punch, so little time.	0.0	0.0	3.7	1.42		0		
VO_Goff_Ghazghkull_Intro.ogg	GOF3	Ghazghkull Thraka	Goff	intro	I'm the hand of Gork, the hand of Gork.	0.0	0.0	4.151	1.51		0		
VO_Goff_Ghazghkull_Mirror.ogg	GOF3	Ghazghkull Thraka	Goff	mirror	Please, can I stop the universe from that?	0.0	0.0	3.444	1.43		0		
VO_Goff_Ghazghkull_Threat.ogg	GOF3	Ghazghkull Thraka	Goff	threat	Get closer.  Always hungry.	0.0	0.0	3.967	1.44		0		
VO_Goff_Ghazghkull_attack.ogg	GOF3	Ghazghkull Thraka	Goff	attack	UGH!	0.0	0.0	0.519	1.35		1		
VO_Goff_Ghazghkull_death.ogg	GOF3	Ghazghkull Thraka	Goff	death	Grrrrrr!	0.0	0.0	1.972	4.35		1		
VO_Goff_Ghazghkull_gen1.ogg	GOF3	Ghazghkull Thraka	Goff	gen1	There's more cunning than a grot, and more killing than a dread.	0.0	0.0	4.143	1.51		0		
VO_Goff_Ghazghkull_gen2.ogg	GOF3	Ghazghkull Thraka	Goff	gen2	I will turn the stars green.	0.0	0.0	3.647	1.45		0		
VO_Goff_Ghazghkull_gen3.ogg	GOF3	Ghazghkull Thraka	Goff	gen3	Folks need to fight, like they need me to do.	0.0	0.0	3.652	1.46		0		
VO_Goff_Ghazghkull_gen4.ogg	GOF3	Ghazghkull Thraka	Goff	gen4	We see Orcs, the one who's made to fight and win.	0.0	0.0	5.369	1.53		0		
VO_Goff_Ghazghkull_gen5.ogg	GOF3	Ghazghkull Thraka	Goff	gen5	Our world's burned in our boat prints.	0.0	0.0	3.151	1.43		0		
VO_Goff_Ghazghkull_gen6.ogg	GOF3	Ghazghkull Thraka	Goff	gen6	Get yourself lucky you still have teeth.	0.0	0.0	3.207	1.42		0		
VO_Goff_Ghazghkull_gen7.ogg	GOF3	Ghazghkull Thraka	Goff	gen7	Wave the lucky stick, McCurry!  Waaaaaah!	0.0	0.0	5.375	1.52		0		
VO_Goff_Ghazghkull_vsCalgar.ogg	GOF3	Ghazghkull Thraka	Goff	vscalgar	Robin cut, crashed and stomped, and arms still kicking.	0.0	0.0	5.804	1.51		0		
VO_Goff_Ghazghkull_vsCommissar.ogg	GOF3	Ghazghkull Thraka	Goff	vscommissar	You should remind me of someone.	0.0	0.0	2.607	1.38		0		
VO_Goff_Ghazghkull_vsKnightTitan.ogg	GOF3	Ghazghkull Thraka	Goff	vsknighttitan	Smash that thing that's crap, boys!	0.0	0.0	3.103	1.47		0		
VO_Goff_Ghazghkull_vsMinka.ogg	GOF3	Ghazghkull Thraka	Goff	vsminka	You've seen nothing yet.	0.0	0.0	2.703	1.39		0		
VO_Goff_Ghazghkull_vsTBC1.ogg	GOF3	Ghazghkull Thraka	Goff	vstbc1	You thought she's good, you wee.	0.0	0.0	2.479	1.45		0		
VO_Goff_Ghazghkull_wp.ogg	GOF3	Ghazghkull Thraka	Goff	wp	Good enemies is hard to find.	0.0	0.0	2.617	1.41		0		
VO_Goff_Gorkanaut - No git can stops da fist of Gork.ogg	GOF38	Gorkanaut	Goff	line	No kid can stop Staphis of Gork!	0.0	0.0	3.578	1.48	No git can stops da fist of Gork	0		
VO_Goff_Grot - Yes boss yes boss.ogg	GOF4	Grot	Goff	line	Yes boss! Yes boss!	0.0	0.0	1.983	1.41	Yes boss yes boss	0		
VO_Goff_Grot Tank - Im drivin No IM drivin.ogg	GOF4	Grot	Goff	line	I'm driving! Yeah, I'm driving!	0.0	0.0	3.998	1.43	Im drivin No IM drivin	0		
VO_Goff_Grukk_attack.ogg	GOF1	Grukk Face-Rippa	Goff	attack	Grr!	0.0	0.0	0.567	1.36		0		
VO_Goff_Grukk_cantDo.ogg	GOF1	Grukk Face-Rippa	Goff	cantdo	Go do that!	0.0	0.0	0.953	1.36		0		
VO_Goff_Grukk_concede.ogg	GOF1	Grukk Face-Rippa	Goff	concede	I don't want to kill you just yet. Let's scrap again, another day.	0.0	0.0	5.311	1.55		0		
VO_Goff_Grukk_death.ogg	GOF1	Grukk Face-Rippa	Goff	death	C'mon!	0.0	0.0	1.783	10.19		1		
VO_Goff_Grukk_gen1.ogg	GOF1	Grukk Face-Rippa	Goff	gen1	Don't you forget who's in charge.	0.0	0.0	3.071	1.42		0		
VO_Goff_Grukk_gen2.ogg	GOF1	Grukk Face-Rippa	Goff	gen2	You think you're better? Come and have a go then!	0.0	0.0	3.879	1.46		0		
VO_Goff_Grukk_gen3.ogg	GOF1	Grukk Face-Rippa	Goff	gen3	Me's too tough for death.	0.0	0.0	2.679	1.4		0		
VO_Goff_Grukk_gen4.ogg	GOF1	Grukk Face-Rippa	Goff	gen4	There's some fighting to do!	0.0	0.0	1.98	1.39		0		
VO_Goff_Grukk_gen5.ogg	GOF1	Grukk Face-Rippa	Goff	gen5	Here we go, here we go, here we go.	0.0	0.0	4.3	1.49		0		
VO_Goff_Grukk_gen6.ogg	GOF1	Grukk Face-Rippa	Goff	gen6	What gags? What takes? What stumbags?	0.0	0.0	3.943	1.47		0		
VO_Goff_Grukk_gen7.ogg	GOF1	Grukk Face-Rippa	Goff	gen7	WOOOOOOO	0.0	0.0	2.577	13.21		0		
VO_Goff_Grukk_greet.ogg	GOF1	Grukk Face-Rippa	Goff	greet	You better be ready!	0.0	0.0	1.716	1.37		0		
VO_Goff_Grukk_hurry.ogg	GOF1	Grukk Face-Rippa	Goff	hurry	I'm bored. Where's the fightin'?	0.0	0.0	3.276	1.44		0		
VO_Goff_Grukk_intro.ogg	GOF1	Grukk Face-Rippa	Goff	intro	Let's get some action, boys!	0.0	0.0	3.145	1.49		0		
VO_Goff_Grukk_mirror.ogg	GOF1	Grukk Face-Rippa	Goff	mirror	I'm ready for a scrap!	0.0	0.0	2.111	1.47		0		
VO_Goff_Grukk_threat.ogg	GOF1	Grukk Face-Rippa	Goff	threat	Let's see how smart you are without your head.	0.0	0.0	4.041	1.55		0		
VO_Goff_Grukk_vsAbaddon.ogg	GOF1	Grukk Face-Rippa	Goff	vsabaddon	CRUSH THEM SPIKEY LADS BOYS!	0.0	0.0	2.903	1.58		0		
VO_Goff_Grukk_vsNemesor.ogg	GOF1	Grukk Face-Rippa	Goff	vsnemesor	We got butt boys here! Time for some good scrapping!	0.0	0.0	4.103	1.5		0		
VO_Goff_Grukk_vsTyranid.ogg	GOF1	Grukk Face-Rippa	Goff	vstyranid	Bug boys are back on the menu, lads!	0.0	0.0	2.919	1.49		0		
VO_Goff_Grukk_vsUM.ogg	GOF1	Grukk Face-Rippa	Goff	vsum	Take them blue helmets, boys. They bring good orky luck.	0.0	0.0	4.844	1.55		0		
VO_Goff_Grukk_wp.ogg	GOF1	Grukk Face-Rippa	Goff	wp	You got a lot of Orky, know what's?	0.0	0.0	2.276	1.54		0		
VO_Goff_Gunwagon - Big dakka's da bestest dakka.ogg	GOF36	Gunwagon	Goff	line	Big Decker is the bestest Decker!	0.0	0.0	2.618	1.48	Big dakka's da bestest dakka	0		
VO_Goff_Hornhelmz Boy - Charge em boyz jus like der Horned Bull.ogg	GOF12	Hornhelmz Boy	Goff	line	Charge on boys, just like a home bow.	0.0	0.0	3.1	1.5	Charge em boyz jus like der Horned Bull	0		
VO_Goff_Killa Kan - Which button makes this fing go.ogg	GOF24	Killa Kan	Goff	line	This part makes his finger go!	0.0	0.0	1.946	1.41	Which button makes this fing go	0		
VO_Goff_Kommando - Shut yer gobs time ta get all sneakylike.ogg	GOF34	Kommando	Goff	line	Say your guns! Time to get all sneaky like!	0.0	0.0	3.5	1.51	Shut yer gobs time ta get all sneakylike	0		
VO_Goff_Makari - Ready for fightin boss.ogg	GOF5	Makari the Grot	Goff	line	Ready for fighting boss?	0.0	0.0	1.569	1.43	Ready for fightin boss	0		
VO_Goff_Meganob Ugrak - Make Gork proud boyz.ogg	GOF28	Meganob Ugrak	Goff	line	Michael Pratt Boys	0.0	0.0	2.767	1.4	Make Gork proud boyz	0		
VO_Goff_Mekboy Gazmek-Orks are da best at scrappin.ogg	GOF25	Mekboy Gazmek	Goff	line	Orcs are the best at scrapping.	0.0	0.0	2.183	1.45		0		
VO_Goff_Ork Boy - Oo wantz ta taste me choppa first.ogg	GOF7	Ork Boy	Goff	line	Who wants to taste me chopper first?	0.0	0.0	3.039	1.45	Oo wantz ta taste me choppa first	0		
VO_Goff_Ork Nob - Orkz is made fer two fings only fightin and winnin.ogg	GOF20	Ork Nob	Goff	line	Ork's is made for two things only.  Fighting and winning!	0.0	0.0	4.887	1.57	Orkz is made fer two fings only fightin and winnin	0		
VO_Goff_Painboy Sniklaw - Thisll hurt you more than it hurts me.ogg	GOF26	PainBoy Sniklaw	Goff	line	Is alert you more than alert me?	0.0	0.0	2.905	1.46	Thisll hurt you more than it hurts me	0		
VO_Goff_Rukkatrukk Squigbuggy_Go lil' chompa Do yer fing.ogg	GOF29	Rukkatrukk Squigbuggy	Goff	line	Go little chumpa, do your thing.	0.0	0.0	2.607	1.48		0		
VO_Goff_Shoota Boy - Orky dakka is dead killy.ogg	GOF13	Shoota Boy	Goff	line	Okidaka is dead killie.	0.0	0.0	2.751	1.45	Orky dakka is dead killy	0		
VO_Goff_Skarboy Nob - Watch that stupid gob of yours.ogg	GOF21	Skarboy Nob	Goff	line	What's that stupid gobba yours?	0.0	0.0	3.201	1.48	Watch that stupid gob of yours	0		
VO_Goff_Slugga Boy - Stop movin Iz want ta hit yereds.ogg	GOF8	Slugga Boy	Goff	line	Stop moving! I just want to hit your head!	0.0	0.0	3.264	1.48	Stop movin Iz want ta hit yereds	0		
VO_Goff_Spanner - Still not workin Den I hitz it arder.ogg	GOF14	Ork Spanner	Goff	line	Still not working, Ruth. Then I hit you in order.	0.0	0.0	3.919	1.52	Still not workin Den I hitz it arder	0		
VO_Goff_Stompa - STOMP.ogg	GOF39	Stompa	Goff	line	Stompa, Goff.	0.0	0.0	3.514	1.43	STOMP	1		
VO_Goff_Stormboy - Once Iz get goin there aint no stoppin.ogg	GOF9	Stormboy	Goff	line	What's all this going? There ain't no storming!	0.0	0.0	3.38	1.54	Once Iz get goin there aint no stoppin	0		
VO_Goff_Tankbusta - Saved me boomiest rokkit just fer you.ogg	GOF30	Tankbusta	Goff	line	Save me, boomiest rocket just for you.	0.0	0.0	3.569	1.44	Saved me boomiest rokkit just fer you	0		
VO_Goff_Veteran Stormboy - Are you ready to go boom.ogg	GOF9	Stormboy	Goff	line	Are you ready? Like a boom!	0.0	0.0	2.233	1.41	Are you ready to go boom	0		
VO_Goff_Warbiker - Dont fink youz can outrunz me.ogg	GOF15	Warbiker	Goff	line	Don't think you can outsource me!	0.0	0.0	2.087	1.42	Dont fink youz can outrunz me	0		
VO_Goff_Zagstruk_attack.ogg	GOF2	Boss Zagstruk	Goff	attack	UGH!	0.0	0.0	0.407	1.35		1		
VO_Goff_Zagstruk_cantDo.ogg	GOF2	Boss Zagstruk	Goff	cantdo	Don't do that!	0.0	0.0	1.383	1.33		0		
VO_Goff_Zagstruk_concede.ogg	GOF2	Boss Zagstruk	Goff	concede	We'll be back for more!	0.0	0.0	2.212	1.4		0		
VO_Goff_Zagstruk_death.ogg	GOF2	Boss Zagstruk	Goff	death	AHHHHH!	0.0	0.0	1.519	3.75		1		
VO_Goff_Zagstruk_gen1.ogg	GOF2	Boss Zagstruk	Goff	gen1	If he's win, he's win. If he dies fighting, now don't count.	0.0	0.0	4.247	1.57		0		
VO_Goff_Zagstruk_gen2.ogg	GOF2	Boss Zagstruk	Goff	gen2	Here's the boss! Ha ha ha!	0.0	0.0	3.049	1.46		0		
VO_Goff_Zagstruk_gen3.ogg	GOF2	Boss Zagstruk	Goff	gen3	RAPHIN STOPSY OAKS!	0.0	0.0	2.98	4.28		0		
VO_Goff_Zagstruk_gen4.ogg	GOF2	Boss Zagstruk	Goff	gen4	Drop all of that bombs, boys!	0.0	0.0	3.004	1.45		0		
VO_Goff_Zagstruk_gen5.ogg	GOF2	Boss Zagstruk	Goff	gen5	Good shoo-in! Now it's time for some chopping!	0.0	0.0	4.175	1.48		0		
VO_Goff_Zagstruk_gen6.ogg	GOF2	Boss Zagstruk	Goff	gen6	No clever at might, you's made me angry.	0.0	0.0	4.036	1.52		0		
VO_Goff_Zagstruk_gen7.ogg	GOF2	Boss Zagstruk	Goff	gen7	Too many parents alive!  Ah, that's easy to fix!	0.0	0.0	4.247	1.53		0		
VO_Goff_Zagstruk_greet.ogg	GOF2	Boss Zagstruk	Goff	greet	Give race on Chloria!	0.0	0.0	2.452	4.32		0		
VO_Goff_Zagstruk_hurry.ogg	GOF2	Boss Zagstruk	Goff	hurry	UGH, THE EMOGIES PROBATS OFF!	0.0	0.0	3.519	2.16		0		
VO_Goff_Zagstruk_intro.ogg	GOF2	Boss Zagstruk	Goff	intro	DEATH FROM ABOVE!	0.0	0.0	2.007	1.4		0		
VO_Goff_Zagstruk_mirror.ogg	GOF2	Boss Zagstruk	Goff	mirror	Land with your boots first, boys!	0.0	0.0	2.641	1.41		0		
VO_Goff_Zagstruk_threat.ogg	GOF2	Boss Zagstruk	Goff	threat	Yes, Goff's going right on my pointy stick!	0.0	0.0	3.177	1.49		0		
VO_Goff_Zagstruk_vsTBC2.ogg	GOF2	Boss Zagstruk	Goff	vstbc2	MADE OF BATONS O' CROVED AND STOMPED!	0.0	0.0	3.281	1.56		0		
VO_Goff_Zagstruk_vsTBC3.ogg	GOF2	Boss Zagstruk	Goff	vstbc3	Fight all you want, or cram your either way dick.	0.0	0.0	4.073	1.49		0		
VO_Goff_Zagstruk_vsTBC4.ogg	GOF2	Boss Zagstruk	Goff	vstbc4	Mark Laws are made for chewing, and that's just what they'll do.	0.0	0.0	4.849	1.53		0		
VO_Goff_Zagstruk_wp.ogg	GOF2	Boss Zagstruk	Goff	wp	Ahh! Very ugly that was!	0.0	0.0	2.751	1.41		0		
VO_Ork_Beast Snagga Boy - I'z gonna rip you ta bits! (Andrew).ogg	GOF78	Beast Snagga Boy	Goff	line	Oh, she's gonna rip you to bits.	0.0	0.0	2.419	1.43	I'z gonna rip you ta bits!	0		
VO_Ork_Beast Snagga Nob - Where's da biggest trophy_! (Andrew).ogg	GOF81	Beast Snagga Nob	Goff	line	Where's the biggest trophy?	0.0	0.0	1.926	1.43	Where's da biggest trophy_!	0		
VO_Ork_Beastboss Morgrim_attack.ogg	GOF75	Beastboss Morgrim	Goff	attack	Ah!	0.0	0.0	0.489	1.36		0		generic
VO_Ork_Beastboss Morgrim_cantDo.ogg	GOF75	Beastboss Morgrim	Goff	cantdo	Why not then?	0.0	0.0	1.107	1.38		0		
VO_Ork_Beastboss Morgrim_concede.ogg	GOF75	Beastboss Morgrim	Goff	concede	This runs too much for us!	0.0	0.0	1.818	1.4		0		
VO_Ork_Beastboss Morgrim_death.ogg	GOF75	Beastboss Morgrim	Goff	death	UGH!	0.0	0.0	1.395	3.96		1		
VO_Ork_Beastboss Morgrim_gen1.ogg	GOF75	Beastboss Morgrim	Goff	gen1	My squid's got your game is on!	0.0	0.0	2.384	1.45		0		
VO_Ork_Beastboss Morgrim_gen2.ogg	GOF75	Beastboss Morgrim	Goff	gen2	Ha! Die is gonna be Srammled!	0.0	0.0	2.791	1.5		0		
VO_Ork_Beastboss Morgrim_gen3.ogg	GOF75	Beastboss Morgrim	Goff	gen3	Next one better put up a good scrap.	0.0	0.0	2.785	1.49		0		
VO_Ork_Beastboss Morgrim_gen4.ogg	GOF75	Beastboss Morgrim	Goff	gen4	You fart like a tape-flip squig!	0.0	0.0	2.411	1.54		0		
VO_Ork_Beastboss Morgrim_gen5.ogg	GOF75	Beastboss Morgrim	Goff	gen5	How's your trap, girl? Chloridoff!	0.0	0.0	2.768	1.53		0		
VO_Ork_Beastboss Morgrim_gen6.ogg	GOF75	Beastboss Morgrim	Goff	gen6	Hold still! I was trying to chop ya!	0.0	0.0	2.968	1.52		0		
VO_Ork_Beastboss Morgrim_gen7.ogg	GOF75	Beastboss Morgrim	Goff	gen7	Where's my squiggish soul?  Why's I'm woken?	0.0	0.0	3.177	1.58		0		
VO_Ork_Beastboss Morgrim_greet.ogg	GOF75	Beastboss Morgrim	Goff	greet	Okay, that's me on ya!	0.0	0.0	1.94	1.49		0		
VO_Ork_Beastboss Morgrim_hurry.ogg	GOF75	Beastboss Morgrim	Goff	hurry	No more thinking! There's nothing to do!	0.0	0.0	3.174	1.55		0		
VO_Ork_Beastboss Morgrim_intro.ogg	GOF75	Beastboss Morgrim	Goff	intro	Before I caught four in a good hunt, I was making one!	0.0	0.0	4.39	1.59		0		
VO_Ork_Beastboss Morgrim_mirror.ogg	GOF75	Beastboss Morgrim	Goff	mirror	Time to bag me a priggan!	0.0	0.0	2.361	1.53		0		
VO_Ork_Beastboss Morgrim_threat.ogg	GOF75	Beastboss Morgrim	Goff	threat	You dead make it!	0.0	0.0	2.025	1.51		0		
VO_Ork_Beastboss Morgrim_vsAstraMilitarum.ogg	GOF75	Beastboss Morgrim	Goff	vsastramilitarum	The humies always think they're smart, and then they get crumped!	0.0	0.0	4.544	1.61		0		
VO_Ork_Beastboss Morgrim_vsDarkAngels.ogg	GOF75	Beastboss Morgrim	Goff	vsdarkangels	Your feet wearing green makes you tough.  I'll show you what's what.	0.0	0.0	4.288	1.62		0		
VO_Ork_Beastboss Morgrim_vsMozrog.ogg	GOF75	Beastboss Morgrim	Goff	vsmozrog	We could get a proper feast out of that squig!	0.0	0.0	3.029	1.55		0		
VO_Ork_Beastboss Morgrim_vsShadowsun.ogg	GOF75	Beastboss Morgrim	Goff	vsshadowsun	Special suits? We'll give them a good crump in anyway.	0.0	0.0	4.283	1.6		0		
VO_Ork_Beastboss Morgrim_vsTyranids.ogg	GOF75	Beastboss Morgrim	Goff	vstyranids	More bugsies. Even grots won't eat that.	0.0	0.0	3.493	1.56		0		
VO_Ork_Beastboss Morgrim_wp.ogg	GOF75	Beastboss Morgrim	Goff	wp	This one's proper killy boys!	0.0	0.0	2.698	1.53		0		
VO_Ork_Beastboss on Squigosaur - Da hunt is on! Waaagh! (Andrew).ogg	GOF90	Beastboss on Squigosaur	Goff	line	The hunt is on!  WAAAARGH!	0.0	0.0	3.238	1.6	Da hunt is on! Waaagh!	0		
VO_Ork_Gargantuan Squiggoth - Mighty bellow (SFX).ogg	GOF96	Gargantuan Squiggoth	Goff	line	BOOM!	0.0	0.0	3.792	1.54	Mighty bellow	1	1	
VO_Ork_Goff_Big Choppa Nob - I'z gonna rip da world in ’arf.ogg	GOF_Big_Choppa_Nob	Big Choppa Nob	Goff	line	I'm just gonna rip the world in half!	0.0	0.0	3.862	1.44	I'z gonna rip da world in ’arf	0		
VO_Ork_Goff_Boss Nob - Yer face is callin' fer a good klawin'.ogg	GOF_Boss_Nob	Boss Nob	Goff	line	Your fight is going for good chlorine!	0.0	0.0	3.409	1.48	Yer face is callin' fer a good klawin'	0		
VO_Ork_Goff_Gordrang_Backup1.ogg	GOF_Warboss_Gordrang	Warboss Gordrang	Goff	backup1	We're gonna trap the galaxy!	0.0	0.0	2.93	1.43		0		
VO_Ork_Goff_Gordrang_Backup2.ogg	GOF_Warboss_Gordrang	Warboss Gordrang	Goff	backup2	Even filthy grunts is more cunning than yous!	0.0	0.0	4.024	1.53		0		
VO_Ork_Goff_Gordrang_Backup3.ogg	GOF_Warboss_Gordrang	Warboss Gordrang	Goff	backup3	You're gonna show me a fight.	0.0	0.0	2.805	1.53		0		
VO_Ork_Goff_Gordrang_Backup4.ogg	GOF_Warboss_Gordrang	Warboss Gordrang	Goff	backup4	None of your shooty bits will get past me all!	0.0	0.0	4.036	1.59		0		
VO_Ork_Goff_Gordrang_Backup6.ogg	GOF_Warboss_Gordrang	Warboss Gordrang	Goff	backup6	No fighting! We are some stumping!	0.0	0.0	3.006	1.47		0		
VO_Ork_Goff_Gordrang_attack.ogg	GOF_Warboss_Gordrang	Warboss Gordrang	Goff	attack	Nyeh!	0.0	0.0	0.803	7.51		0		
VO_Ork_Goff_Gordrang_cantDo.ogg	GOF_Warboss_Gordrang	Warboss Gordrang	Goff	cantdo	No can do, boss.	0.0	0.0	1.247	1.38		0		
VO_Ork_Goff_Gordrang_concede.ogg	GOF_Warboss_Gordrang	Warboss Gordrang	Goff	concede	BOOX IS NEVER BEYOND!	0.0	0.0	2.306	1.61		0		
VO_Ork_Goff_Gordrang_death.ogg	GOF_Warboss_Gordrang	Warboss Gordrang	Goff	death	Grrrr.	0.0	0.0	1.824	35.98		0		
VO_Ork_Goff_Gordrang_gen1.ogg	GOF_Warboss_Gordrang	Warboss Gordrang	Goff	gen1	Stomp them gates, then chop them, then stomp them again.	0.0	0.0	6.904	5.54		0		
VO_Ork_Goff_Gordrang_gen2.ogg	GOF_Warboss_Gordrang	Warboss Gordrang	Goff	gen2	I'm kinda afraid of nothing.	0.0	0.0	2.135	2.32		0		
VO_Ork_Goff_Gordrang_gen3.ogg	GOF_Warboss_Gordrang	Warboss Gordrang	Goff	gen3	Voice of Gordrang, is our strongholds, Yob.	0.0	0.0	2.933	1.59		0		
VO_Ork_Goff_Gordrang_gen4.ogg	GOF_Warboss_Gordrang	Warboss Gordrang	Goff	gen4	Ha ha! War's life! What a good script!	0.0	0.0	3.815	1.49		0		
VO_Ork_Goff_Gordrang_gen5.ogg	GOF_Warboss_Gordrang	Warboss Gordrang	Goff	gen5	I get no mug in a bag!	0.0	0.0	2.727	1.44		0		
VO_Ork_Goff_Gordrang_gen6.ogg	GOF_Warboss_Gordrang	Warboss Gordrang	Goff	gen6	We was born to fight and win!	0.0	0.0	5.284	1.54		0		
VO_Ork_Goff_Gordrang_gen7.ogg	GOF_Warboss_Gordrang	Warboss Gordrang	Goff	gen7	The bigger the war, the bra!	0.0	0.0	3.754	1.47		0		
VO_Ork_Goff_Gordrang_greet.ogg	GOF_Warboss_Gordrang	Warboss Gordrang	Goff	greet	Ha ha ha! You look like some decent brown fish!	0.0	0.0	3.824	1.52		0		
VO_Ork_Goff_Gordrang_hurry.ogg	GOF_Warboss_Gordrang	Warboss Gordrang	Goff	hurry	NEED TO FIGHT!	0.0	0.0	2.422	1.39		0		
VO_Ork_Goff_Gordrang_intro.ogg	GOF_Warboss_Gordrang	Warboss Gordrang	Goff	intro	Let's stomp them good lads!	0.0	0.0	2.887	1.42		0		
VO_Ork_Goff_Gordrang_mirror.ogg	GOF_Warboss_Gordrang	Warboss Gordrang	Goff	mirror	There's only room for one boss here.	0.0	0.0	3.235	1.48		0		
VO_Ork_Goff_Gordrang_threat.ogg	GOF_Warboss_Gordrang	Warboss Gordrang	Goff	threat	METUPA IS UNGREED FOR YOUR EIGHT!	0.0	0.0	3.296	1.6		0		
VO_Ork_Goff_Gordrang_vsAbaddon.ogg	GOF_Warboss_Gordrang	Warboss Gordrang	Goff	vsabaddon	It's buggy boys with a proper script, come on in!	0.0	0.0	4.704	1.64		0		
VO_Ork_Goff_Gordrang_vsEliac.ogg	GOF_Warboss_Gordrang	Warboss Gordrang	Goff	vseliac	Oi! None of them tricks! You stay stills, you hot and crummy-er!	0.0	0.0	5.386	1.81		0		
VO_Ork_Goff_Gordrang_vsGhazghkull.ogg	GOF_Warboss_Gordrang	Warboss Gordrang	Goff	vsghazghkull	Let's see if you is as odd as I say you all.	0.0	0.0	4.457	1.62		0		
VO_Ork_Goff_Gordrang_vsOMaisos.ogg	GOF_Warboss_Gordrang	Warboss Gordrang	Goff	vsomaisos	Let's see if your special saints can handle a good crumbin'!	0.0	0.0	4.274	1.65		0		
VO_Ork_Goff_Gordrang_wp.ogg	GOF_Warboss_Gordrang	Warboss Gordrang	Goff	wp	Voice is your cunning and brutal.	0.0	0.0	3.511	1.45		0		
VO_Ork_Goff_Krumpaklaw - I'z chop ya like yer dead meat.ogg	GOF_Krumpaklaw	Krumpaklaw	Goff	line	Oh, shut up you liar!  Dead meat!	0.0	0.0	3.758	1.6	I'z chop ya like yer dead meat	0		
VO_Ork_Goff_Megablasta Deffkopta - Ere comes da show-stoppa.ogg	GOF19	Deffkopta	Goff	line	Here comes the showstopper!	0.0	0.0	2.73	1.48	Ere comes da show-stoppa	0		
VO_Ork_Goff_Rokkit Boy - Da only fing betta than dakka are boomy rokkits.ogg	GOF_Rokkit_Boy	Rokkit Boy	Goff	line	The only thing better than that guy are BOOMY Rokkits!	0.0	0.0	3.83	1.73	Da only fing betta than dakka are boomy rokkits	0		
VO_Ork_Goff_Stikkboy - No time for finkin' only time for krumpin'.ogg	GOF_Stikkbomb_Boy	Stikkbomb Boy	Goff	line	I'm time for thinking, I'm the time for cramming.	0.0	0.0	4.239	1.64	No time for finkin' only time for krumpin'	0		
VO_Ork_Grot Orderly - Here boss I'z going back for more! (Andrew).ogg	GOF79	Grot Orderly	Goff	line	Here boss, let's go in back for more!	0.0	0.0	1.969	1.56	Here boss I'z going back for more!	0		
VO_Ork_Grot on Bombsquig - Da boss always gots da best ideas! (Andrew).ogg	GOF82	Grot on Bombsquig	Goff	line	The boss always got the best ideas!	0.0	0.0	2.849	1.47	Da boss always gots da best ideas!	0		
VO_Ork_Hunta Rig - Load up da boyz we'z got huntin' ta do! (Joey).ogg	GOF92	Hunta Rig	Goff	line	Load up the boys, we's got hunting to do!	0.0	0.0	3.244	1.62	Load up da boyz we'z got huntin' ta do!	0		
VO_Ork_Kill Rig - Da wurrboy guids us ta do da best huntin! (Andrew).ogg	GOF94	Kill Rig	Goff	line	The world boy guides us to do the best hunting.	0.0	0.0	3.394	1.47	Da wurrboy guids us ta do da best huntin!	0		
VO_Ork_Mozrog Skragbad_attack.ogg	GOF76	Mozrog Skragbad	Goff	attack	UGH!	0.0	0.0	0.451	1.42		1		
VO_Ork_Mozrog Skragbad_cantDo.ogg	GOF76	Mozrog Skragbad	Goff	cantdo	No can do.	0.0	0.0	1.084	1.38		0		
VO_Ork_Mozrog Skragbad_concede.ogg	GOF76	Mozrog Skragbad	Goff	concede	Damn, he squigs a better company.	0.0	0.0	2.21	1.51		0		
VO_Ork_Mozrog Skragbad_death.ogg	GOF76	Mozrog Skragbad	Goff	death	MMMMMMMMMMMMMMMMMMMM	0.0	0.0	1.026	1.51		1		generic
VO_Ork_Mozrog Skragbad_gen1.ogg	GOF76	Mozrog Skragbad	Goff	gen1	Me gut-rippers getting thirsty!	0.0	0.0	2.846	1.48		0		
VO_Ork_Mozrog Skragbad_gen2.ogg	GOF76	Mozrog Skragbad	Goff	gen2	Me's tougher than a rock skrag!	0.0	0.0	2.312	1.51		0		
VO_Ork_Mozrog Skragbad_gen3.ogg	GOF76	Mozrog Skragbad	Goff	gen3	That's gonna make some good trophy.	0.0	0.0	2.727	1.47		0		
VO_Ork_Mozrog Skragbad_gen4.ogg	GOF76	Mozrog Skragbad	Goff	gen4	Waaaaaah!	0.0	0.0	2.265	1.44		0		
VO_Ork_Mozrog Skragbad_gen5.ogg	GOF76	Mozrog Skragbad	Goff	gen5	What? I wasn't listening.	0.0	0.0	1.905	1.48		0		
VO_Ork_Mozrog Skragbad_gen6.ogg	GOF76	Mozrog Skragbad	Goff	gen6	Way's gonna swallow your hoe.	0.0	0.0	2.492	1.47		0		
VO_Ork_Mozrog Skragbad_gen7.ogg	GOF76	Mozrog Skragbad	Goff	gen7	We ain't here to muck a bat, do your thing!	0.0	0.0	3.09	1.55		0		
VO_Ork_Mozrog Skragbad_greet.ogg	GOF76	Mozrog Skragbad	Goff	greet	You're just in a way of me prey.	0.0	0.0	2.347	1.52		0		
VO_Ork_Mozrog Skragbad_hurry.ogg	GOF76	Mozrog Skragbad	Goff	hurry	Just stop some git!	0.0	0.0	1.476	1.43		0		
VO_Ork_Mozrog Skragbad_intro.ogg	GOF76	Mozrog Skragbad	Goff	intro	Reprise close, I can smell it.	0.0	0.0	3.026	1.45		0		
VO_Ork_Mozrog Skragbad_mirror.ogg	GOF76	Mozrog Skragbad	Goff	mirror	Now one's got some mighty teeth, for now.	0.0	0.0	3.992	1.52		0		
VO_Ork_Mozrog Skragbad_threat.ogg	GOF76	Mozrog Skragbad	Goff	threat	Big Jopper's Gats is a Rumbling.	0.0	0.0	2.773	1.51		0		
VO_Ork_Mozrog Skragbad_vsBL.ogg	GOF76	Mozrog Skragbad	Goff	vsbl	Big chump, I'll eat you, so, SPIKE SHITTLE!	0.0	0.0	4.3	1.62		0		
VO_Ork_Mozrog Skragbad_vsMorgrim.ogg	GOF76	Mozrog Skragbad	Goff	vsmorgrim	Only me getting swamped here is yours if you don't quit flapping your gub.	0.0	0.0	4.947	1.64		0		
VO_Ork_Mozrog Skragbad_vsSwarmlord.ogg	GOF76	Mozrog Skragbad	Goff	vsswarmlord	And here I am, the auto-weight jump.	0.0	0.0	2.959	1.52		0		
VO_Ork_Mozrog Skragbad_vsTervigon.ogg	GOF76	Mozrog Skragbad	Goff	vstervigon	Bet that one'll put up a good fight!	0.0	0.0	2.054	1.46		0		
VO_Ork_Mozrog Skragbad_vsUM.ogg	GOF76	Mozrog Skragbad	Goff	vsum	Oi, big jump-ah! Your gut's getting lucky!	0.0	0.0	3.752	1.54		0		
VO_Ork_Mozrog Skragbad_wp.ogg	GOF76	Mozrog Skragbad	Goff	wp	BAD FOR A KIT!	0.0	0.0	2.576	1.4		0		
VO_Ork_Nob on Smasha Squig - Fasta! 'Dis one's gonna get messy (Andrew).ogg	GOF87	Nob on Smasha Squig	Goff	line	Faster! This one's gonna get messy!	0.0	0.0	3.006	1.52	Fasta! 'Dis one's gonna get messy	0		
VO_Ork_Painboss - Shut yer gob or I'z smack you with yer own bits! (Andrew).ogg	GOF93	Painboss	Goff	line	Shut your gob or I'll smack you with your own bits!	0.0	0.0	2.934	1.51	Shut yer gob or I'z smack you with yer own bits!	0		
VO_Ork_Runtherd - If ya ain't bitin' ya ain't worth keepin'! (Andrew).ogg	GOF83	Runtherd	Goff	line	If you ain't biting, you ain't worth keeping.	0.0	0.0	2.834	1.5	If ya ain't bitin' ya ain't worth keepin'!	0		
VO_Ork_Snakebite Battlewagon - Da biggest wheels get da biggest kills! (Andrew).ogg	GOF95	Snakebite Battlewagon	Goff	line	The biggest wheels get the biggest kills!	0.0	0.0	3.002	1.44	Da biggest wheels get da biggest kills!	0		
VO_Ork_Snakebite Grot - C'mon you lot! Da boss needs us! (Andrew).ogg	GOF77	Snakebite Grot	Goff	line	Come on, you lot! The boss needs us!	0.0	0.0	3.186	1.5	C'mon you lot! Da boss needs us!	0		
VO_Ork_Snakebite Nob - No zoggin' tricks just proper choppin'! (Joey).ogg	GOF84	Snakebite Nob	Goff	line	No soggy tricks! Just proper chopping!	0.0	0.0	3.183	1.44	No zoggin' tricks just proper choppin'!	0		
VO_Ork_Squighog Boy - Me squig's noggin's 'arder dan yours! (Andrew).ogg	GOF78	Beast Snagga Boy	Goff	line	My squigs noggings harder than yours!	0.0	0.0	2.451	1.47	Me squig's noggin's 'arder dan yours!	0		
VO_Ork_Thump Gun Beast Snagga - Diz is gonna hurt! (Andrew).ogg	GOF80	Thump Gun Beast Snagga	Goff	line	This is gonna hurt!	0.0	0.0	1.499	1.42	Diz is gonna hurt!	0		
VO_Ork_Unleashed Tramplasquig - Bestial roar (SFX).ogg	GOF85	Unleashed TramplaSquig	Goff	line	Roar Roar Roar	0.0	0.0	2.625	30.36	Bestial roar	1		
VO_Ork_Weridboy - Me skull's a-buzzin' You'z gettin' da zzap! (Andrew).ogg	GOF91	Weirdboy	Goff	line	Me skulls a buzzing, use get in da zap!	0.0	0.0	3.902	1.5	Me skull's a-buzzin' You'z gettin' da zzap!	0		
VO_Ork_Wurrboy - Da Waaagh's in me bones! Come an 'ave a taste! (Andrew).ogg	GOF89	Wurrboy	Goff	line	The war's in me bones! Come and have a taste!	0.0	0.0	3.67	1.46	Da Waaagh's in me bones! Come an 'ave a taste!	0		
VO_Ork_Zodgrod Wortsnagga - Me grots’ll show ya gitz how ta fight! (Joey).ogg	GOF86	Zodgrod Wortsnagga	Goff	line	Me grots will show ya gets out of fire!	0.0	0.0	3.514	1.48	Me grots’ll show ya gitz how ta fight!	0		
VO_SaimHann_Anvirr_attack.ogg	ASH1	Anvirr Keltoc	SaimHann	attack	YAH!	0.0	0.0	0.652	1.35		0		
VO_SaimHann_Anvirr_cant.ogg	ASH1	Anvirr Keltoc	SaimHann	cantdo	I cannot do that.	0.0	0.0	1.569	1.4		0		
VO_SaimHann_Anvirr_concede.ogg	ASH1	Anvirr Keltoc	SaimHann	concede	Come warriors, our salvation lies not here.	0.0	0.0	3.975	1.4		0		
VO_SaimHann_Anvirr_death.ogg	ASH1	Anvirr Keltoc	SaimHann	death		0.0	0.0	1.073	1.54		1	1	echo
VO_SaimHann_Anvirr_gen1.ogg	ASH1	Anvirr Keltoc	SaimHann	gen1	Although stained red, I must walk this path.	0.0	0.0	4.052	1.45		0		
VO_SaimHann_Anvirr_gen2.ogg	ASH1	Anvirr Keltoc	SaimHann	gen2	I could not be broken before and I will not be broken now.	0.0	0.0	4.676	1.55		0		
VO_SaimHann_Anvirr_gen3.ogg	ASH1	Anvirr Keltoc	SaimHann	gen3	Each one of your vile deeds begets a dire consequence.	0.0	0.0	5.175	1.49		0		
VO_SaimHann_Anvirr_gen4.ogg	ASH1	Anvirr Keltoc	SaimHann	gen4	There is always a way, I always find it.	0.0	0.0	2.972	1.48		0		
VO_SaimHann_Anvirr_gen5.ogg	ASH1	Anvirr Keltoc	SaimHann	gen5	Never engage in a battle, if you have not seen the outcome.	0.0	0.0	5.007	1.51		0		
VO_SaimHann_Anvirr_gen6.ogg	ASH1	Anvirr Keltoc	SaimHann	gen6	I know what it is to lose everything, and I shall not falter.	0.0	0.0	4.716	1.58		0		
VO_SaimHann_Anvirr_gen7.ogg	ASH1	Anvirr Keltoc	SaimHann	gen7	You walk a path that leads to your own ruin.	0.0	0.0	3.151	1.47		0		
VO_SaimHann_Anvirr_greet.ogg	ASH1	Anvirr Keltoc	SaimHann	greet	The strands of fate have guided me to this place.	0.0	0.0	3.937	1.54		0		
VO_SaimHann_Anvirr_hurry.ogg	ASH1	Anvirr Keltoc	SaimHann	hurry	Time is our enemy.	0.0	0.0	2.071	1.39		0		
VO_SaimHann_Anvirr_intro.ogg	ASH1	Anvirr Keltoc	SaimHann	intro	The hour of blood and clashing blades has come.	0.0	0.0	4.671	1.48		0		
VO_SaimHann_Anvirr_mirror.ogg	ASH1	Anvirr Keltoc	SaimHann	mirror	I am tested time and time again, and yet I prevail.	0.0	0.0	5.052	1.53		0		
VO_SaimHann_Anvirr_threat.ogg	ASH1	Anvirr Keltoc	SaimHann	threat	Your doom is close. I have foreseen it.	0.0	0.0	3.7	1.47		0		
VO_SaimHann_Anvirr_vsCalgar.ogg	ASH1	Anvirr Keltoc	SaimHann	vscalgar	Your kind still has many crimes to answer for.	0.0	0.0	4.052	1.44		0		
VO_SaimHann_Anvirr_vsHexscorn.ogg	ASH1	Anvirr Keltoc	SaimHann	vshexscorn	Your very presence corrupts that which lies beyond the veil.	0.0	0.0	3.817	1.49		0		
VO_SaimHann_Anvirr_vsOrikan.ogg	ASH1	Anvirr Keltoc	SaimHann	vsorikan	You think you can divine the truth, but you see only lies.	0.0	0.0	4.351	1.49		0		
VO_SaimHann_Anvirr_vsZephyrblade.ogg	ASH1	Anvirr Keltoc	SaimHann	vszephyrblade	Retribution will come, but we must first assure our survival.	0.0	0.0	4.911	1.47		0		
VO_SaimHann_Anvirr_wp.ogg	ASH1	Anvirr Keltoc	SaimHann	wp	I did not anticipate your success.	0.0	0.0	2.807	1.38		0		
VO_SaimHann_Ghaelyn_attack.ogg	ASH5	Medreyal Ghaelyn	SaimHann	attack	Agh!	0.0	0.0	0.411	1.37		0		
VO_SaimHann_Ghaelyn_cantDo.ogg	ASH5	Medreyal Ghaelyn	SaimHann	cantdo	This cannot be done.	0.0	0.0	1.183	1.36		0		
VO_SaimHann_Ghaelyn_concede.ogg	ASH5	Medreyal Ghaelyn	SaimHann	concede	The skins of fate are treacherous this day.	0.0	0.0	3.081	1.48		0		
VO_SaimHann_Ghaelyn_death.ogg	ASH5	Medreyal Ghaelyn	SaimHann	death	Ugh!	0.0	0.0	0.614	1.37		1		
VO_SaimHann_Ghaelyn_gen1.ogg	ASH5	Medreyal Ghaelyn	SaimHann	gen1	I will not let this sanctuary be corrupted.	0.0	0.0	3.711	1.5		0		
VO_SaimHann_Ghaelyn_gen2.ogg	ASH5	Medreyal Ghaelyn	SaimHann	gen2	My life has been spent preparing for this.	0.0	0.0	2.872	1.45		0		
VO_SaimHann_Ghaelyn_gen3.ogg	ASH5	Medreyal Ghaelyn	SaimHann	gen3	You are interlopers and you will be repelled.	0.0	0.0	4.745	1.49		0		
VO_SaimHann_Ghaelyn_gen4.ogg	ASH5	Medreyal Ghaelyn	SaimHann	gen4	If you seek to anger me, you have failed.	0.0	0.0	3.354	1.46		0		
VO_SaimHann_Ghaelyn_gen5.ogg	ASH5	Medreyal Ghaelyn	SaimHann	gen5	Ace Swift Assault is the best approach.	0.0	0.0	2.353	1.44		0		
VO_SaimHann_Ghaelyn_gen6.ogg	ASH5	Medreyal Ghaelyn	SaimHann	gen6	The farseers guide my hand this day.	0.0	0.0	3.004	1.44		0		
VO_SaimHann_Ghaelyn_gen7.ogg	ASH5	Medreyal Ghaelyn	SaimHann	gen7	When the craft worlds unite, we will prevail.	0.0	0.0	3.717	1.48		0		
VO_SaimHann_Ghaelyn_greet.ogg	ASH5	Medreyal Ghaelyn	SaimHann	greet	Ready to face the might of the SaimHann.	0.0	0.0	3.714	1.49		0		
VO_SaimHann_Ghaelyn_hurry.ogg	ASH5	Medreyal Ghaelyn	SaimHann	hurry	We must hurry.	0.0	0.0	1.22	1.42		0		
VO_SaimHann_Ghaelyn_intro.ogg	ASH5	Medreyal Ghaelyn	SaimHann	intro	Cleanse this place. We must protect the craft world.	0.0	0.0	4.088	1.5		0		
VO_SaimHann_Ghaelyn_mirror.ogg	ASH5	Medreyal Ghaelyn	SaimHann	mirror	Traveling the web way brings many surprises.	0.0	0.0	3.246	1.42		0		
VO_SaimHann_Ghaelyn_threat.ogg	ASH5	Medreyal Ghaelyn	SaimHann	threat	Silent and unseen, I will bring your life to its end.	0.0	0.0	5.217	1.58		0		
VO_SaimHann_Ghaelyn_vs_Eliac.ogg	ASH5	Medreyal Ghaelyn	SaimHann	line	I will hold nothing back.	0.0	0.0	2.149	1.46		0		
VO_SaimHann_Ghaelyn_vs_Haarken.ogg	ASH5	Medreyal Ghaelyn	SaimHann	line	You will never know peace, abomination.	0.0	0.0	3.203	1.51		0		
VO_SaimHann_Ghaelyn_vs_Tyranids.ogg	ASH5	Medreyal Ghaelyn	SaimHann	line	These soulless abominations will devour all.	0.0	0.0	3.818	1.55		0		
VO_SaimHann_Ghaelyn_wp.ogg	ASH5	Medreyal Ghaelyn	SaimHann	wp	You have presented an unforeseen challenge.	0.0	0.0	3.156	1.46		0		
VO_SaimHann_Zephyrblade_attack.ogg	ASH3	Eliac Zephyrblade	SaimHann	attack	Yeah!	0.0	0.0	0.341	1.39		0		generic
VO_SaimHann_Zephyrblade_cantDo.ogg	ASH3	Eliac Zephyrblade	SaimHann	cantdo	I cannot do this.	0.0	0.0	1.18	1.39		0		
VO_SaimHann_Zephyrblade_concede.ogg	ASH3	Eliac Zephyrblade	SaimHann	concede	I must leave now, but this is not the end.	0.0	0.0	3.516	1.46		0		
VO_SaimHann_Zephyrblade_death.ogg	ASH3	Eliac Zephyrblade	SaimHann	death	GAH!	0.0	0.0	1.705	11.43		1		
VO_SaimHann_Zephyrblade_gen1.ogg	ASH3	Eliac Zephyrblade	SaimHann	gen1	Strike and fade, Wild Riders, just like the Serpent.	0.0	0.0	4.518	1.48		0		
VO_SaimHann_Zephyrblade_gen2.ogg	ASH3	Eliac Zephyrblade	SaimHann	gen2	How can you hope to fight against what you can't hit?	0.0	0.0	3.72	1.53		0		
VO_SaimHann_Zephyrblade_gen3.ogg	ASH3	Eliac Zephyrblade	SaimHann	gen3	Try to keep up with me.	0.0	0.0	1.798	1.46		0		
VO_SaimHann_Zephyrblade_gen4.ogg	ASH3	Eliac Zephyrblade	SaimHann	gen4	I am as the wind.	0.0	0.0	2.341	1.41		0		
VO_SaimHann_Zephyrblade_gen5.ogg	ASH3	Eliac Zephyrblade	SaimHann	gen5	We bring death from above as Cain Spear did before.	0.0	0.0	4.973	1.56		0		
VO_SaimHann_Zephyrblade_gen6.ogg	ASH3	Eliac Zephyrblade	SaimHann	gen6	I fight to reclaim what is ours.	0.0	0.0	3.238	1.51		0		
VO_SaimHann_Zephyrblade_gen7.ogg	ASH3	Eliac Zephyrblade	SaimHann	gen7	Delay brings only ruin. We must strike!	0.0	0.0	4.065	1.56		0		
VO_SaimHann_Zephyrblade_greet.ogg	ASH3	Eliac Zephyrblade	SaimHann	greet	Let the dance of death begin.	0.0	0.0	3.023	1.5		0		
VO_SaimHann_Zephyrblade_hurry.ogg	ASH3	Eliac Zephyrblade	SaimHann	hurry	It's now or never.	0.0	0.0	1.879	1.37		0		
VO_SaimHann_Zephyrblade_intro.ogg	ASH3	Eliac Zephyrblade	SaimHann	intro	I am the monster of the skies.	0.0	0.0	3.168	1.43		0		
VO_SaimHann_Zephyrblade_mirror.ogg	ASH3	Eliac Zephyrblade	SaimHann	mirror	I will achieve victory at all costs.	0.0	0.0	3.627	1.44		0		
VO_SaimHann_Zephyrblade_threat.ogg	ASH3	Eliac Zephyrblade	SaimHann	threat	I promise a quick end to your struggles.	0.0	0.0	3.322	1.45		0		
VO_SaimHann_Zephyrblade_vsGhaelyn.ogg	ASH3	Eliac Zephyrblade	SaimHann	vsghaelyn	Let's see how your spear fights for our craft world.	0.0	0.0	3.493	1.46		0		
VO_SaimHann_Zephyrblade_vsKeltoc.ogg	ASH3	Eliac Zephyrblade	SaimHann	vskeltoc	How can you join those who stabbed us in the back?	0.0	0.0	3.836	1.43		0		
VO_SaimHann_Zephyrblade_vsZagstruk.ogg	ASH3	Eliac Zephyrblade	SaimHann	vszagstruk	Wild Riders, purge the green vermin from the skies!	0.0	0.0	3.641	1.55		0		
VO_SaimHann_Zephyrblade_wp.ogg	ASH3	Eliac Zephyrblade	SaimHann	wp	This battle is more interesting than I thought.	0.0	0.0	3.38	1.38		0		
VO_Sautekh_Annihilation Barge - Obliteration protocols activated.ogg	SAU74	Annihilation Barge	Sautekh	line	Obliteration protocols activated!	0.0	0.0	2.756	1.4	Obliteration protocols activated	0		
VO_Sautekh_Annihilation Barge - Your doom is inevitable.ogg	SAU74	Annihilation Barge	Sautekh	line	Your doom is inevitable.	0.0	0.0	2.201	1.39	Your doom is inevitable	0		
VO_Sautekh_Canoptek Plasmacyte - whirr whirr.ogg	SAU8	Canoptek Plasmacyte	Sautekh	line		0.0	0.0	2.321	1.49	whirr whirr	0	1	halluc
VO_Sautekh_Canoptek Reanimator - Reanimate.ogg	SAU25	Canoptek Reanimator	Sautekh	line	Reanimate!	0.0	0.0	0.939	1.36	Reanimate	0		
VO_Sautekh_Canoptek Scarab - Skitter skitter.ogg	SAU7	Canoptek Scarab	Sautekh	line	Sautekh Scarab, Sautekh.	0.0	0.0	1.728	1.43	Skitter skitter	1		
VO_Sautekh_Canoptek Spyder - hiss click tap.ogg	SAU19	Canoptek Spyder	Sautekh	line		0.0	0.0	2.573	1.5	hiss click tap	1	1	echo
VO_Sautekh_Canoptek Wraith - rustle.ogg	SAU13	Canoptek Wraith	Sautekh	line		0.0	0.0	2.483	1.43	rustle	1	1	echo
VO_Sautekh_Chronomancer - Time is fleeting, until I say otherwise.ogg	SAU27	Chronomancer	Sautekh	line	Time is fleeting, until I say otherwise.	0.0	0.0	3.849	1.43	Time is fleeting, until I say otherwise	0		
VO_Sautekh_Cryptothrall - I must protect.ogg	SAU20	Cryptothrall	Sautekh	line	I MUST PROTECT!	0.0	0.0	1.733	1.35	I must protect	0		
VO_Sautekh_Damaged Hexmark - L-L-Locating target for an-annihilation.ogg	SAU71	Damaged Hexmark	Sautekh	line	Look, look, look, it's a target for annihilation!	0.0	0.0	3.681	1.48	L-L-Locating target for an-annihilation	0		
VO_Sautekh_Damaged Plasmacyte - anti-grav hum.ogg	SAU68	Damaged Plasmacyte	Sautekh	line		0.0	0.0	2.315	1.39	anti-grav hum	0	1	echo
VO_Sautekh_Deathmark - Target acquired.ogg	SAU21	Deathmark	Sautekh	line	Talk it acquired!	0.0	0.0	1.488	1.32	Target acquired	0		
VO_Sautekh_Doom Scythe - woooshh.ogg	SAU28	Doom Scythe	Sautekh	line		0.0	0.0	4.541	1.44	woooshh	1	1	halluc
VO_Sautekh_Doomstalker - Detecting intruder, Powering doomsday blaster.ogg	SAU40	Doomstalker	Sautekh	line	Detecting intruder, powering doomsday blaster.	0.0	0.0	3.815	1.51	Detecting intruder, Powering doomsday blaster	0		
VO_Sautekh_Flayed One - Fleeeessssshhhhh.ogg	SAU9	Flayed One	Sautekh	line	Flayed.	0.0	0.0	3.041	1.35	Fleeeessssshhhhh	0		
VO_Sautekh_Flayed Ones Pack - We hunger.ogg	SAU69	Flayed Ones Pack	Sautekh	line	We hunger.	0.0	0.0	2.739	1.41	We hunger	0		
VO_Sautekh_Gauss Immortal - Disintegrate.ogg	SAU14	Gauss Blaster Immortal	Sautekh	line	Disintegrate.	0.0	0.0	1.345	1.33	Disintegrate	0		
VO_Sautekh_Gauss Warrior - Fire.ogg	SAU10	Gauss Reaper Warrior	Sautekh	line	FIRE!	0.0	0.0	1.185	1.35	Fire	0		
VO_Sautekh_Ghost Ark - Our ranks are endless.ogg	SAU36	Ghost Ark	Sautekh	line	Our ranks are endless.	0.0	0.0	2.935	1.38	Our ranks are endless	0		
VO_Sautekh_Hexmark Destroyer - Multiple targets on sight.ogg	SAU32	Hexmark Destroyer	Sautekh	line	Multiple targets on the site.	0.0	0.0	2.408	1.37	Multiple targets on sight	0		
VO_Sautekh_Immortals Phalanx - None can stand against us.ogg	SAU72	Immortals Phalanx	Sautekh	line	None can stand against us!	0.0	0.0	2.701	1.44	None can stand against us	0		
VO_Sautekh_Lokhust Destroyer - All life must be expunged.ogg	SAU70	Lokhust Destroyer	Sautekh	line	SPANISHED!	0.0	0.0	2.277	1.37	All life must be expunged	0		
VO_Sautekh_Lokhust Heavy Destroyer - Moving into optimal firing position.ogg	SAU29	Lokhust Heavy Destroyer	Sautekh	line	Moving into optimal firing position.	0.0	0.0	2.37	1.42	Moving into optimal firing position	0		
VO_Sautekh_Lokhust Lord - By my will Render them down to atoms.ogg	SAU73	Lokhust Lord	Sautekh	line	By my will, ring to them down to atoms!	0.0	0.0	4.193	1.46	By my will Render them down to atoms	0		
VO_Sautekh_Lychguard - I am eternal, I am death.ogg	SAU_Lychguard	Lychguard	Sautekh	line	I am eternal. I am death.	0.0	0.0	2.849	1.42	I am eternal, I am death	0		
VO_Sautekh_Monolith - rumble.ogg	SAU43	Monolith	Sautekh	line	Sautekh.	0.0	0.0	2.26	1.36	rumble	1		
VO_Sautekh_Necron Lord - Dare you face my undying legions.ogg	SAU37	Necron Lord	Sautekh	line	You face my undying legions.	0.0	0.0	2.753	1.41	Dare you face my undying legions	0		
VO_Sautekh_Necron Warrior - Obey.ogg	SAU11	Necron Warrior	Sautekh	line	Oh, babe!	0.0	0.0	1.752	1.38	Obey	1		
VO_Sautekh_Night Scythe - woosh.ogg	SAU22	Night Scythe	Sautekh	line	R.I.P.	0.0	0.0	3.868	4.05	woosh	1		
VO_Sautekh_Ophydian Destroyer - I sense life.ogg	SAU15	Ophydian Destroyer	Sautekh	line	I sense life.	0.0	0.0	2.985	1.33	I sense life	0		
VO_Sautekh_Plasmancer - Your presence must be eradicated.ogg	SAU33	Plasmancer	Sautekh	line	Your presence must be eradicated.	0.0	0.0	2.615	1.36	Your presence must be eradicated	0		
VO_Sautekh_Psychomancer - What is it you most fear.ogg	SAU23	Psychomancer	Sautekh	line	What is it you most fear?	0.0	0.0	2.905	1.41	What is it you most fear	0		
VO_Sautekh_Ramatekh the Cruel_Backup1.ogg	SAU_Ramatekh_The_Cruel	Ramatekh The Cruel	Sautekh	backup1	Your demise is inevitable.	0.0	0.0	2.172	1.36		0		
VO_Sautekh_Ramatekh the Cruel_Backup2.ogg	SAU_Ramatekh_The_Cruel	Ramatekh The Cruel	Sautekh	backup2	I shall rend the knife from your flesh.	0.0	0.0	3.079	1.42		0		
VO_Sautekh_Ramatekh the Cruel_Backup3.ogg	SAU_Ramatekh_The_Cruel	Ramatekh The Cruel	Sautekh	backup3	I crave the vanquishing of a great foe, but I suppose you will suffice.	0.0	0.0	6.764	1.54		0		
VO_Sautekh_Ramatekh the Cruel_attack.ogg	SAU_Ramatekh_The_Cruel	Ramatekh The Cruel	Sautekh	attack	Urgh!	0.0	0.0	0.724	3.85		1		
VO_Sautekh_Ramatekh the Cruel_cantDo.ogg	SAU_Ramatekh_The_Cruel	Ramatekh The Cruel	Sautekh	cantdo	That is not possible.	0.0	0.0	2.121	1.36		0		
VO_Sautekh_Ramatekh the Cruel_concede.ogg	SAU_Ramatekh_The_Cruel	Ramatekh The Cruel	Sautekh	concede	This is a minor setback. It will not save you from annihilation.	0.0	0.0	3.935	1.5		0		
VO_Sautekh_Ramatekh the Cruel_death.ogg	SAU_Ramatekh_The_Cruel	Ramatekh The Cruel	Sautekh	death		0.0	0.0	2.022	1.44		1	1	echo
VO_Sautekh_Ramatekh the Cruel_gen1.ogg	SAU_Ramatekh_The_Cruel	Ramatekh The Cruel	Sautekh	gen1	I will brook no defiance!	0.0	0.0	2.951	1.42		0		
VO_Sautekh_Ramatekh the Cruel_gen2.ogg	SAU_Ramatekh_The_Cruel	Ramatekh The Cruel	Sautekh	gen2	You will soon be freed from your aimless existence.	0.0	0.0	4.273	1.52		0		
VO_Sautekh_Ramatekh the Cruel_gen3.ogg	SAU_Ramatekh_The_Cruel	Ramatekh The Cruel	Sautekh	gen3	Gaze into the abyss and welcome its cold embrace.	0.0	0.0	4.241	1.49		0		
VO_Sautekh_Ramatekh the Cruel_gen4.ogg	SAU_Ramatekh_The_Cruel	Ramatekh The Cruel	Sautekh	gen4	Death is the only constant in this forsaken galaxy.	0.0	0.0	4.759	1.46		0		
VO_Sautekh_Ramatekh the Cruel_gen5.ogg	SAU_Ramatekh_The_Cruel	Ramatekh The Cruel	Sautekh	gen5	All life shall end beneath my blade.	0.0	0.0	4.121	1.44		0		
VO_Sautekh_Ramatekh the Cruel_gen6.ogg	SAU_Ramatekh_The_Cruel	Ramatekh The Cruel	Sautekh	gen6	The grasp of oblivion will always find you.	0.0	0.0	3.996	1.49		0		
VO_Sautekh_Ramatekh the Cruel_gen7.ogg	SAU_Ramatekh_The_Cruel	Ramatekh The Cruel	Sautekh	gen7	All who defy me will be expunged by my hand.	0.0	0.0	4.969	1.55		0		
VO_Sautekh_Ramatekh the Cruel_greet.ogg	SAU_Ramatekh_The_Cruel	Ramatekh The Cruel	Sautekh	greet	I am Ramatekh. Prepare to meet your doom.	0.0	0.0	4.396	1.5		0		
VO_Sautekh_Ramatekh the Cruel_hurry.ogg	SAU_Ramatekh_The_Cruel	Ramatekh The Cruel	Sautekh	hurry	We must hasten!	0.0	0.0	1.401	1.41		0		
VO_Sautekh_Ramatekh the Cruel_intro.ogg	SAU_Ramatekh_The_Cruel	Ramatekh The Cruel	Sautekh	intro	There is no escape. No refuge. Only death awaits.	0.0	0.0	4.908	1.57		0		
VO_Sautekh_Ramatekh the Cruel_mirror.ogg	SAU_Ramatekh_The_Cruel	Ramatekh The Cruel	Sautekh	mirror	The stars themselves shall tremble before me.	0.0	0.0	3.316	1.47		0		
VO_Sautekh_Ramatekh the Cruel_threat.ogg	SAU_Ramatekh_The_Cruel	Ramatekh The Cruel	Sautekh	threat	I will come on existence!	0.0	0.0	3.713	1.42		0		
VO_Sautekh_Ramatekh the Cruel_vsAun'Va.ogg	SAU_Ramatekh_The_Cruel	Ramatekh The Cruel	Sautekh	vsaun'va	I serve no ideal, but the inevitability of death.	0.0	0.0	5.257	1.51		0		
VO_Sautekh_Ramatekh the Cruel_vsGrukk.ogg	SAU_Ramatekh_The_Cruel	Ramatekh The Cruel	Sautekh	vsgrukk	Come forth, brute, and meet your ruin!	0.0	0.0	3.276	1.45		0		
VO_Sautekh_Ramatekh the Cruel_vsImotekh.ogg	SAU_Ramatekh_The_Cruel	Ramatekh The Cruel	Sautekh	vsimotekh	Peace, the galaxy shall drown incarnate before your empty dreams are realized.	0.0	0.0	6.743	1.52		0		
VO_Sautekh_Ramatekh the Cruel_vsKeltoc.ogg	SAU_Ramatekh_The_Cruel	Ramatekh The Cruel	Sautekh	vskeltoc	Your ancient race shall wither like others before it.	0.0	0.0	4.609	1.47		0		
VO_Sautekh_Ramatekh the Cruel_vsNecron.ogg	SAU_Ramatekh_The_Cruel	Ramatekh The Cruel	Sautekh	vsnecron	The centipede trail fuels my unending hatred.	0.0	0.0	4.316	1.46		0		
VO_Sautekh_Ramatekh the Cruel_vsOrikan.ogg	SAU_Ramatekh_The_Cruel	Ramatekh The Cruel	Sautekh	vsorikan	Your visions cannot save you from my wrath!	0.0	0.0	3.676	1.47		0		
VO_Sautekh_Ramatekh the Cruel_wp.ogg	SAU_Ramatekh_The_Cruel	Ramatekh The Cruel	Sautekh	wp	Clever trickery, yet your fate remains unchanged.	0.0	0.0	4.631	1.49		0		
VO_Sautekh_Royal Warden - The Sautekh dynasty is eternal.ogg	SAU34	Royal Warden	Sautekh	line	The Sautekh dynasty is eternal.	0.0	0.0	2.636	1.42	The Sautekh dynasty is eternal	0		
VO_Sautekh_Scarab Swarm - chitter chitter.ogg	SAU35	Scarab Swarm	Sautekh	line	Sautekh.	0.0	0.0	3.264	1.36	chitter chitter	1		
VO_Sautekh_Skorpekh Destroyer - Purging initiated.ogg	SAU24	Skorpekh Destroyer	Sautekh	line	Purging initiate.	0.0	0.0	2.202	1.33	Purging initiated	0		
VO_Sautekh_Skorpekh Lord - Eradicating all enemies.ogg	SAU41	Skorpekh Lord	Sautekh	line	Eradicating all enemies.	0.0	0.0	2.619	1.39	Eradicating all enemies	0		
VO_Sautekh_Technomancer - Activating reanimation protocol.ogg	SAU16	Technomancer	Sautekh	line	Activating Reanimation Protocol.	0.0	0.0	3.241	1.39	Activating reanimation protocol	0		
VO_Sautekh_Tesla Immortal - I remember.ogg	SAU14	Gauss Blaster Immortal	Sautekh	line	I remember.	0.0	0.0	2.112	1.37	I remember	0		
VO_Sautekh_Tomb Blade - Converging on enemy position.ogg	SAU17	Tomb Blade	Sautekh	line	Converting on enemy position.	0.0	0.0	2.567	1.47	Converging on enemy position	0		
VO_Sautekh_Triach Praetorian - By the laws of the Necrontyr, you will be judged.ogg	SAU18	Triarch Praetorian	Sautekh	line	By the laws of the Necronteer, you will be judged!	0.0	0.0	3.673	1.55	By the laws of the Necrontyr, you will be judged	0		
VO_Sautekh_Triarch Stalker - Locking onto target.ogg	SAU39	Triarch Stalker	Sautekh	line	Locking on to target.	0.0	0.0	1.717	1.36	Locking onto target	0		
VO_Sautekh_Vargard Obyron - It is my duty to defend the Nemesor.ogg	SAU42	Vargard Obyron	Sautekh	line	It is my duty to defend what I never saw.	0.0	0.0	2.716	1.43	It is my duty to defend the Nemesor	0		
VO_SpaceWolves_Arjac Rockfist - My hammer strikes with the wrath of Fenris!.ogg	SW29	Arjac Rockfist	SpaceWolves	line	My hammer strikes with the wrath of Fenriris.	0.0	0.0	3.557	1.46	My hammer strikes with the wrath of Fenris!	0		
VO_SpaceWolves_Bjorn the Fell-Handed  - I wake Fenris howls.ogg	SW42	Bjorn the Fell-Handed	SpaceWolves	line	I WAKE THIN WEEKS HOURS	0.0	0.0	3.397	1.47		0		
VO_SpaceWolves_Blackmane Aggressor - We are the storm! We are the Allfather's fury!.ogg	SW35	Blackmane Aggressor	SpaceWolves	line	We are the storm! We are the old father's fury!	0.0	0.0	4.422	1.58	We are the storm! We are the Allfather's fury!	0		
VO_SpaceWolves_Blackmane Inceptor - Here's one to remember me by!.ogg	SW30	Blackmane Inceptor	SpaceWolves	line	Here's one to remember me by.	0.0	0.0	2.414	1.37	Here's one to remember me by!	0		
VO_SpaceWolves_Blackmane Reiver - You will not live to see our victory.ogg	SW13	Blackmane Reiver	SpaceWolves	line	You will not live to see our victory!	0.0	0.0	2.75	1.42	You will not live to see our victory	0		
VO_SpaceWolves_Blood Claw - This is where my saga begins!.ogg	SW11	Blood Claw	SpaceWolves	line	This is where my saga begins.	0.0	0.0	2.483	1.4	This is where my saga begins!	0		
VO_SpaceWolves_Blood Claw Pack Leader - Keep moving! Battle does not wait for you!.ogg	SW14	Blood Claw Pack Leader	SpaceWolves	line	Keep moving! Battle does not wait for you!	0.0	0.0	3.304	1.39	Keep moving! Battle does not wait for you!	0		
VO_SpaceWolves_Deathwolf Scout - The trail is clearer with every step.ogg	SW15	Deathwolf Scout	SpaceWolves	line	The trail is clearer with every step.	0.0	0.0	2.263	1.37	The trail is clearer with every step	0		
VO_SpaceWolves_Fenrisian Drop Pod - From the Sea of Stars to the sea of blades!.ogg	SW31	Fenrisian Drop Pod	SpaceWolves	line	From the sea of stars, to the sea of blades!	0.0	0.0	3.474	1.42	From the Sea of Stars to the sea of blades!	0		
VO_SpaceWolves_Fenrisian Wolf.ogg	SW16	Fenrisian Wolf	SpaceWolves	line	Rrrrrrrrrrrrrrrrrrrrr.	0.0	0.0	1.222	25.07		1		
VO_SpaceWolves_Frost Claw Wulfen.ogg	SW32	Frost Claw Wulfen	SpaceWolves	line	Hiiiiiiiiiiiiiiiiiiiiiiii	0.0	0.0	2.059	19.13		1		
VO_SpaceWolves_Fyrri Askar - Let's give the skjalds something to sing about!.ogg	SW18	Fyrri Askar	SpaceWolves	line	Let's give this girl something to sing about!	0.0	0.0	3.197	1.38	Let's give the skjalds something to sing about!	0		
VO_SpaceWolves_Grey Hunter - I have eyes on the prey!.ogg	SW17	Grey Hunter	SpaceWolves	line	I have eyes on the prey!	0.0	0.0	1.412	1.31	I have eyes on the prey!	0		
VO_SpaceWolves_Grey Hunter Pack Leader - Charge! No great champion dies clean!.ogg	SW19	Grey Hunter Pack Leader	SpaceWolves	line	Charge! No great champion dice clean!	0.0	0.0	3.505	1.35	Charge! No great champion dies clean!	0		
VO_SpaceWolves_Hrolf the Ironhowl - With me, brothers! Ride until the Wolftime!).ogg	SW23	Hrolf the Ironhowl	SpaceWolves	line	With me, brothers! Ride until devour time!	0.0	0.0	3.453	1.39	With me, brothers! Ride until the Wolftime!)	0		
VO_SpaceWolves_Hunting Wolf.ogg	SW12	Hunting Wolf	SpaceWolves	line	Wooooooooooooooooooo!	0.0	0.0	3.878	24.61		1		
VO_SpaceWolves_Logan Grimnar_Backup1.ogg	SW1	Logan Grimnar	SpaceWolves	backup1	No pride. No glory. We are here to do what is needed.	0.0	0.0	5.728	1.48		0		
VO_SpaceWolves_Logan Grimnar_Backup2.ogg	SW1	Logan Grimnar	SpaceWolves	backup2	This is why we don't often speak with outlanders.	0.0	0.0	2.916	1.43		0		
VO_SpaceWolves_Logan Grimnar_Backup3.ogg	SW1	Logan Grimnar	SpaceWolves	backup3	Your bite is fiercer than I expected.	0.0	0.0	3.188	1.39		0		
VO_SpaceWolves_Logan Grimnar_attack.ogg	SW1	Logan Grimnar	SpaceWolves	attack	Eugh!	0.0	0.0	0.855	5.29		0		
VO_SpaceWolves_Logan Grimnar_cantDo.ogg	SW1	Logan Grimnar	SpaceWolves	cantdo	That will not be happening.	0.0	0.0	2.318	1.33		0		
VO_SpaceWolves_Logan Grimnar_concede.ogg	SW1	Logan Grimnar	SpaceWolves	concede	Gather the pack! We cannot remain here!	0.0	0.0	3.049	1.38		0		
VO_SpaceWolves_Logan Grimnar_death.ogg	SW1	Logan Grimnar	SpaceWolves	death	Arggh!	0.0	0.0	2.01	11.55		0		
VO_SpaceWolves_Logan Grimnar_gen1.ogg	SW1	Logan Grimnar	SpaceWolves	gen1	Feel the wrath of Fenris!	0.0	0.0	2.393	1.41		0		
VO_SpaceWolves_Logan Grimnar_gen2.ogg	SW1	Logan Grimnar	SpaceWolves	gen2	I have hunted fierce a prey, defeated mightier foes.	0.0	0.0	5.624	1.5		0		
VO_SpaceWolves_Logan Grimnar_gen3.ogg	SW1	Logan Grimnar	SpaceWolves	gen3	For us and the old father!	0.0	0.0	2.733	1.4		0		
VO_SpaceWolves_Logan Grimnar_gen4.ogg	SW1	Logan Grimnar	SpaceWolves	gen4	I will drag you to the gates of hell myself!	0.0	0.0	3.879	1.44		0		
VO_SpaceWolves_Logan Grimnar_gen5.ogg	SW1	Logan Grimnar	SpaceWolves	gen5	On the darkest nights we come, the warriors of Fenris.	0.0	0.0	4.634	1.5		0		
VO_SpaceWolves_Logan Grimnar_gen6.ogg	SW1	Logan Grimnar	SpaceWolves	gen6	The thunder of munitions shall reign like the old father's fury!	0.0	0.0	4.878	1.51		0		
VO_SpaceWolves_Logan Grimnar_gen7.ogg	SW1	Logan Grimnar	SpaceWolves	gen7	Tiernach, Fenrir, Franck & Ter.	0.0	0.0	3.087	1.5		0		
VO_SpaceWolves_Logan Grimnar_greet.ogg	SW1	Logan Grimnar	SpaceWolves	greet	This is the start of a saga for the ages.	0.0	0.0	3.392	1.46		0		
VO_SpaceWolves_Logan Grimnar_hurry.ogg	SW1	Logan Grimnar	SpaceWolves	hurry	hesitation will doom you quicker than the cold.	0.0	0.0	3.264	1.47		0		
VO_SpaceWolves_Logan Grimnar_intro.ogg	SW1	Logan Grimnar	SpaceWolves	intro	The wolf stalks no more! Now still shall speak!	0.0	0.0	4.735	1.5		0		
VO_SpaceWolves_Logan Grimnar_mirror.ogg	SW1	Logan Grimnar	SpaceWolves	mirror	To me, sons of Fenris!	0.0	0.0	3.014	1.48		0		
VO_SpaceWolves_Logan Grimnar_threat.ogg	SW1	Logan Grimnar	SpaceWolves	threat	And stay down, Welp!	0.0	0.0	2.091	1.48		0		
VO_SpaceWolves_Logan Grimnar_vsBL.ogg	SW1	Logan Grimnar	SpaceWolves	vsbl	To the abyss with these throne-damned heretics.	0.0	0.0	3.188	1.57		0		
VO_SpaceWolves_Logan Grimnar_vsEC.ogg	SW1	Logan Grimnar	SpaceWolves	vsec	I ought to slit that throat, if only to stop hearing you.	0.0	0.0	5.925	1.61		0		
VO_SpaceWolves_Logan Grimnar_vsMozrog.ogg	SW1	Logan Grimnar	SpaceWolves	vsmozrog	A beast's company is invaluable in battle, and so I must slay yours.	0.0	0.0	6.724	1.55		0		
VO_SpaceWolves_Logan Grimnar_vsTyranids.ogg	SW1	Logan Grimnar	SpaceWolves	vstyranids	These beasts will learn who the Apex Predator is.	0.0	0.0	4.727	1.43		0		
VO_SpaceWolves_Logan Grimnar_wp.ogg	SW1	Logan Grimnar	SpaceWolves	wp	I will remember that from now until the wolf time.	0.0	0.0	3.905	1.44		0		
VO_SpaceWolves_Long Fang - Your time is over!.ogg	SW25	Long Fang	SpaceWolves	line	Your time is over.	0.0	0.0	1.348	1.35	Your time is over!	0		
VO_SpaceWolves_Murderfang.ogg	SW39	Murderfang	SpaceWolves	line	Rrrrrrrrrrrrrrrrrrrrrrrr	0.0	0.0	2.138	1.47		1		
VO_SpaceWolves_Njal Stormcaller_Backup1.ogg	SW4	Njal Stormcaller	SpaceWolves	backup1	The winds remember, what us mortals forget.	0.0	0.0	3.601	1.42		0		
VO_SpaceWolves_Njal Stormcaller_Backup2.ogg	SW4	Njal Stormcaller	SpaceWolves	backup2	The winds remember what we mortals forget.	0.0	0.0	3.276	1.48		0		
VO_SpaceWolves_Njal Stormcaller_Backup3.ogg	SW4	Njal Stormcaller	SpaceWolves	backup3	I have met death enough times to know it is not ready to welcome me.	0.0	0.0	5.034	1.56		0		
VO_SpaceWolves_Njal Stormcaller_Backup4.ogg	SW4	Njal Stormcaller	SpaceWolves	backup4	BACK TO THE EIGHT!	0.0	0.0	1.348	1.38		0		
VO_SpaceWolves_Njal Stormcaller_attack.ogg	SW4	Njal Stormcaller	SpaceWolves	attack	Blah!	0.0	0.0	0.535	1.34		0		
VO_SpaceWolves_Njal Stormcaller_cantDo.ogg	SW4	Njal Stormcaller	SpaceWolves	cantdo	Not all things bent to the Tempest.	0.0	0.0	2.353	1.44		0		
VO_SpaceWolves_Njal Stormcaller_concede.ogg	SW4	Njal Stormcaller	SpaceWolves	concede	So comes my time to stalk the stars.	0.0	0.0	2.741	1.46		0		
VO_SpaceWolves_Njal Stormcaller_death.ogg	SW4	Njal Stormcaller	SpaceWolves	death	Aargh!	0.0	0.0	1.482	5.61		1		
VO_SpaceWolves_Njal Stormcaller_gen1.ogg	SW4	Njal Stormcaller	SpaceWolves	gen1	Do not test my patience, cub!	0.0	0.0	2.431	1.47		0		
VO_SpaceWolves_Njal Stormcaller_gen2.ogg	SW4	Njal Stormcaller	SpaceWolves	gen2	Strike as lightning, howl as thunder.	0.0	0.0	3.577	1.46		0		
VO_SpaceWolves_Njal Stormcaller_gen3.ogg	SW4	Njal Stormcaller	SpaceWolves	gen3	The winds will howl with vengeance.	0.0	0.0	2.396	1.41		0		
VO_SpaceWolves_Njal Stormcaller_gen4.ogg	SW4	Njal Stormcaller	SpaceWolves	gen4	I will bury your name beneath thunder and ruin.	0.0	0.0	3.972	1.43		0		
VO_SpaceWolves_Njal Stormcaller_gen5.ogg	SW4	Njal Stormcaller	SpaceWolves	gen5	The Omens bow deal for you.	0.0	0.0	1.955	1.4		0		
VO_SpaceWolves_Njal Stormcaller_gen6.ogg	SW4	Njal Stormcaller	SpaceWolves	gen6	The hour of fangs and steel is upon us.	0.0	0.0	3.383	1.45		0		
VO_SpaceWolves_Njal Stormcaller_gen7.ogg	SW4	Njal Stormcaller	SpaceWolves	gen7	We were made to destroy, such is the our father's will.	0.0	0.0	4.465	1.48		0		
VO_SpaceWolves_Njal Stormcaller_greet.ogg	SW4	Njal Stormcaller	SpaceWolves	greet	You are here, just as the dreams foretold.	0.0	0.0	3.531	1.5		0		
VO_SpaceWolves_Njal Stormcaller_hurry.ogg	SW4	Njal Stormcaller	SpaceWolves	hurry	The Sea of Stars calls.	0.0	0.0	2.315	1.41		0		
VO_SpaceWolves_Njal Stormcaller_intro.ogg	SW4	Njal Stormcaller	SpaceWolves	intro	Howl, Wolves! A red moon rises tonight!	0.0	0.0	4.341	1.48		0		
VO_SpaceWolves_Njal Stormcaller_mirror.ogg	SW4	Njal Stormcaller	SpaceWolves	mirror	Things will go as they must.	0.0	0.0	2.376	1.39		0		
VO_SpaceWolves_Njal Stormcaller_threat.ogg	SW4	Njal Stormcaller	SpaceWolves	threat	To weather a storm, one must first survive its fury.	0.0	0.0	4.239	1.45		0		
VO_SpaceWolves_Njal Stormcaller_vsDG.ogg	SW4	Njal Stormcaller	SpaceWolves	vsdg	This is a plague I have defeated before.	0.0	0.0	3.499	1.43		0		
VO_SpaceWolves_Njal Stormcaller_vsTS.ogg	SW4	Njal Stormcaller	SpaceWolves	vsts	Your power is as hollow as the puppets you call warriors.	0.0	0.0	3.383	1.52		0		
VO_SpaceWolves_Njal Stormcaller_vsWE.ogg	SW4	Njal Stormcaller	SpaceWolves	vswe	How can one know fury if they are yet to face the storm?	0.0	0.0	4.767	1.49		0		
VO_SpaceWolves_Njal Stormcaller_wp.ogg	SW4	Njal Stormcaller	SpaceWolves	wp	Curious, the runes had not foretold this.	0.0	0.0	3.325	1.5		0		
VO_SpaceWolves_Ragnar Blackmane_Backup.ogg	SW9	Ragnar Blackmane	SpaceWolves	backup	Glory is earned through fangs and fury.	0.0	0.0	3.252	1.46		0		
VO_SpaceWolves_Ragnar Blackmane_attack.ogg	SW9	Ragnar Blackmane	SpaceWolves	attack	YAH!	0.0	0.0	0.431	1.34		0		
VO_SpaceWolves_Ragnar Blackmane_cantDo.ogg	SW9	Ragnar Blackmane	SpaceWolves	cantdo	I do not think so.	0.0	0.0	1.612	1.39		0		
VO_SpaceWolves_Ragnar Blackmane_concede.ogg	SW9	Ragnar Blackmane	SpaceWolves	concede	Fall back! We live to hunt another day!	0.0	0.0	2.712	1.4		0		
VO_SpaceWolves_Ragnar Blackmane_death.ogg	SW9	Ragnar Blackmane	SpaceWolves	death	Grrrr!	0.0	0.0	1.406	13.87		0		
VO_SpaceWolves_Ragnar Blackmane_gen1.ogg	SW9	Ragnar Blackmane	SpaceWolves	gen1	For us, for the honor of the Wolf King!	0.0	0.0	3.406	1.44		0		
VO_SpaceWolves_Ragnar Blackmane_gen2.ogg	SW9	Ragnar Blackmane	SpaceWolves	gen2	Something starts. Be ready for anything.	0.0	0.0	2.55	1.4		0		
VO_SpaceWolves_Ragnar Blackmane_gen3.ogg	SW9	Ragnar Blackmane	SpaceWolves	gen3	Morkaid bite me! How many more must I gut?	0.0	0.0	3.679	1.45		0		
VO_SpaceWolves_Ragnar Blackmane_gen4.ogg	SW9	Ragnar Blackmane	SpaceWolves	gen4	While one of us stands, the galaxy shall yet know hope.	0.0	0.0	3.731	1.46		0		
VO_SpaceWolves_Ragnar Blackmane_gen5.ogg	SW9	Ragnar Blackmane	SpaceWolves	gen5	It is a good day to bleed.	0.0	0.0	1.964	1.42		0		
VO_SpaceWolves_Ragnar Blackmane_gen6.ogg	SW9	Ragnar Blackmane	SpaceWolves	gen6	Your fall will be etched in my saga.	0.0	0.0	3.191	1.45		0		
VO_SpaceWolves_Ragnar Blackmane_gen7.ogg	SW9	Ragnar Blackmane	SpaceWolves	gen7	I can smell your fear. It trails you like a wounded beast.	0.0	0.0	5.116	1.58		0		
VO_SpaceWolves_Ragnar Blackmane_greet.ogg	SW9	Ragnar Blackmane	SpaceWolves	greet	Who will be first to bleed then?	0.0	0.0	2.654	1.5		0		
VO_SpaceWolves_Ragnar Blackmane_hurry.ogg	SW9	Ragnar Blackmane	SpaceWolves	hurry	They are slipping away! Move!	0.0	0.0	1.636	1.42		0		
VO_SpaceWolves_Ragnar Blackmane_intro.ogg	SW9	Ragnar Blackmane	SpaceWolves	intro	Your hunter has your scent.	0.0	0.0	2.207	1.42		0		
VO_SpaceWolves_Ragnar Blackmane_mirror.ogg	SW9	Ragnar Blackmane	SpaceWolves	mirror	Nowhere to run, nowhere to hide.	0.0	0.0	3.252	1.45		0		
VO_SpaceWolves_Ragnar Blackmane_threat.ogg	SW9	Ragnar Blackmane	SpaceWolves	threat	You are a fine subject for the Emperor's Vengeance.	0.0	0.0	3.435	1.5		0		
VO_SpaceWolves_Ragnar Blackmane_vsAsmodai.ogg	SW9	Ragnar Blackmane	SpaceWolves	vsasmodai	You cannot judge my actions. I answer only to the Allfather.	0.0	0.0	5.005	1.54		0		
VO_SpaceWolves_Ragnar Blackmane_vsCSM.ogg	SW9	Ragnar Blackmane	SpaceWolves	vscsm	There is always time to bury my blade in traitor guts!	0.0	0.0	3.984	1.51		0		
VO_SpaceWolves_Ragnar Blackmane_vsDG.ogg	SW9	Ragnar Blackmane	SpaceWolves	vsdg	It would be hard to lose track of this foul stench.	0.0	0.0	3.496	1.49		0		
VO_SpaceWolves_Ragnar Blackmane_vsGhazghkull.ogg	SW9	Ragnar Blackmane	SpaceWolves	vsghazghkull	Big, loud and in my way, even a pup could track down one of yours.	0.0	0.0	6.796	1.59		0		
VO_SpaceWolves_Ragnar Blackmane_vsSororitas.ogg	SW9	Ragnar Blackmane	SpaceWolves	vssororitas	I am loyal only to the old father, not the Ecclesiarchy's pawns.	0.0	0.0	4.73	1.59		0		
VO_SpaceWolves_Ragnar Blackmane_vsTS.ogg	SW9	Ragnar Blackmane	SpaceWolves	vsts	Weapons ready. Displace rigs of sorcery.	0.0	0.0	3.064	1.44		0		
VO_SpaceWolves_Ragnar Blackmane_wp.ogg	SW9	Ragnar Blackmane	SpaceWolves	wp	Now things are getting interesting.	0.0	0.0	2.172	1.36		0		
VO_SpaceWolves_Stormwolf - Our storm-wrath shall tear the skies!.ogg	SW40	Stormwolf	SpaceWolves	line	Our stormwrath shall tear the skies!	0.0	0.0	3.238	1.4	Our storm-wrath shall tear the skies!	0		
VO_SpaceWolves_Terminator Rune Priest - The winds will howl with Fenrisian rage!.ogg	SW37	Terminator Rune Priest	SpaceWolves	line	The winds will howl with Fenrician rage.	0.0	0.0	3.644	1.43	The winds will howl with Fenrisian rage!	0		
VO_SpaceWolves_Terminator Rune Priest_backup- I bring the storm-wrath!.ogg	SW37	Terminator Rune Priest	SpaceWolves	line	I bring the storm rough!	0.0	0.0	2.73	1.42		0		
VO_SpaceWolves_Thunderwolf Calvary - If tooth and nail are not enough, the chainsword will bite.ogg	SW20	Thunderwolf Cavalry	SpaceWolves	line	If tooth and nail are not enough, the chainsword will bite.	0.0	0.0	4.28	1.49	If tooth and nail are not enough, the chainsword will bite	0		
VO_SpaceWolves_Thunderwolf Cavalry Pack Leader - For Russ and the Allfather!.ogg	SW26	Thunderwolf Cavalry Pack Leader	SpaceWolves	line	For us and our Father!	0.0	0.0	2.463	1.48	For Russ and the Allfather!	0		
VO_SpaceWolves_Tyrnak and Fenrir.ogg	SW3	Tyrnak and Fenrir	SpaceWolves	line	Ooooooooooooooooo!	0.0	0.0	2.482	20.81		0		
VO_SpaceWolves_Venerable Dreadnought - My saga does not end Not today.ogg	SW43	Venerable Dreadnought	SpaceWolves	line	My saga does not end, not today.	0.0	0.0	3.647	1.44	My saga does not end Not today	0		
VO_SpaceWolves_Vindicator - From Fenris to the stars, they will hear us howl!.ogg	SW41	Vindicator	SpaceWolves	line	From Fenris to the stars, they will hear us howl!	0.0	0.0	4.658	1.53	From Fenris to the stars, they will hear us howl!	0		
VO_SpaceWolves_Wolf Guard Battle Leader - Enough barking! Time to do some biting.ogg	SW33	Wolf Guard Battle Leader	SpaceWolves	line	Enough barking! Time to do some biting!	0.0	0.0	3.354	1.43	Enough barking! Time to do some biting	0		
VO_SpaceWolves_Wolf Guard Headtaker - Bring them fang! Bring them fury!.ogg	SW21	Wolf Guard Headtaker	SpaceWolves	line	Bring them fang! Bring them fury!	0.0	0.0	3.647	1.43	Bring them fang! Bring them fury!	0		
VO_SpaceWolves_Wolf Guard Terminator - Let the battle-reckoning be counted by the score!.ogg	SW38	Wolf Guard Terminator	SpaceWolves	line	Let the battle reckoning be counted by the score!	0.0	0.0	3.319	1.46	Let the battle-reckoning be counted by the score!	0		
VO_SpaceWolves_Wolf Guard Terminator Pack Leader - Give them the bolt-greeting they deserve!.ogg	SW34	Wolf Guard Terminator Pack Leader	SpaceWolves	line	Give them the bolt greeting they deserve.	0.0	0.0	2.956	1.44	Give them the bolt-greeting they deserve!	0		
VO_SpaceWolves_Wolf Priest - It is fate that guides our blades.ogg	SW22	Wolf Priest	SpaceWolves	line	It is fate that guides our blades.	0.0	0.0	2.45	1.42	It is fate that guides our blades	0		
VO_SpaceWolves_Wulfen Dreadnought_v2.ogg	SW44	Wulfen Dreadnought	SpaceWolves	line	Wulfen Dreadnought.	0.0	0.0	2.547	1.38		0		
VO_SpaceWolves_Wulfen Pack Leader.ogg	SW28	Wulfen Pack Leader	SpaceWolves	line	Wulfen Pack Leader, SpaceWolves.	0.0	0.0	2.683	1.94		0		
VO_SpaceWolves_Wulfen.ogg	SW27	Wulfen	SpaceWolves	line	Hippie!	0.0	0.0	3.519	3.62		0		
VO_Tau_Empire_Aun'va_attack.ogg	TAU1	Aun'Va	TauEmpire	attack	Ugh!	0.0	0.0	0.506	1.32		0		
VO_Tau_Empire_Aun'va_cantDo.ogg	TAU1	Aun'Va	TauEmpire	cantdo	This is unheard of.	0.0	0.0	1.441	1.31		0		
VO_Tau_Empire_Aun'va_concede.ogg	TAU1	Aun'Va	TauEmpire	concede	Always lost here, yet let none who are wise deny our destiny.	0.0	0.0	5.333	1.51		0		
VO_Tau_Empire_Aun'va_death.ogg	TAU1	Aun'Va	TauEmpire	death	UGH!	0.0	0.0	2.016	1.39		1		
VO_Tau_Empire_Aun'va_gen1.ogg	TAU1	Aun'Va	TauEmpire	gen1	Surrender now to the greater good.	0.0	0.0	3.516	1.47		0		
VO_Tau_Empire_Aun'va_gen2.ogg	TAU1	Aun'Va	TauEmpire	gen2	Your eyes are veiled in shadow. Soon that veil will be lifted.	0.0	0.0	4.727	1.49		0		
VO_Tau_Empire_Aun'va_gen3.ogg	TAU1	Aun'Va	TauEmpire	gen3	I cannot allow your foolish resistance to imperil us all.	0.0	0.0	4.103	1.49		0		
VO_Tau_Empire_Aun'va_gen4.ogg	TAU1	Aun'Va	TauEmpire	gen4	The Empire's strides of expansion must not be deterred.	0.0	0.0	4.5	1.52		0		
VO_Tau_Empire_Aun'va_gen5.ogg	TAU1	Aun'Va	TauEmpire	gen5	Let none doubt that now is our time.	0.0	0.0	3.333	1.49		0		
VO_Tau_Empire_Aun'va_gen6.ogg	TAU1	Aun'Va	TauEmpire	gen6	For the greater good, that is all that matters.	0.0	0.0	3.281	1.4		0		
VO_Tau_Empire_Aun'va_gen7.ogg	TAU1	Aun'Va	TauEmpire	gen7	Our conquest is inevitable. Our ascension a matter of time.	0.0	0.0	5.084	1.52		0		
VO_Tau_Empire_Aun'va_greet.ogg	TAU1	Aun'Va	TauEmpire	greet	It saddens me that we must take arms against you.	0.0	0.0	2.907	1.47		0		
VO_Tau_Empire_Aun'va_hurry.ogg	TAU1	Aun'Va	TauEmpire	hurry	This is no time for introspection.	0.0	0.0	2.007	1.44		0		
VO_Tau_Empire_Aun'va_intro.ogg	TAU1	Aun'Va	TauEmpire	intro	You will embrace the TauVa, or be destroyed.	0.0	0.0	3.531	1.49		0		
VO_Tau_Empire_Aun'va_mirror.ogg	TAU1	Aun'Va	TauEmpire	mirror	May we have no cause for conflict.	0.0	0.0	2.791	1.43		0		
VO_Tau_Empire_Aun'va_threat.ogg	TAU1	Aun'Va	TauEmpire	threat	Your demise is now inevitable.	0.0	0.0	2.036	1.41		0		
VO_Tau_Empire_Aun'va_vsAstraMillitarum.ogg	TAU1	Aun'Va	TauEmpire	vsastramillitarum	Your arrogance chains you to a cycle of grief and pain.	0.0	0.0	3.87	1.5		0		
VO_Tau_Empire_Aun'va_vsGhazghkull.ogg	TAU1	Aun'Va	TauEmpire	vsghazghkull	We will not bring ourselves down to your barbaric level of warfare.	0.0	0.0	4.851	1.56		0		
VO_Tau_Empire_Aun'va_vsGrukk.ogg	TAU1	Aun'Va	TauEmpire	vsgrukk	Old foes and largely predictable.	0.0	0.0	3.003	1.44		0		
VO_Tau_Empire_Aun'va_vsHexscorn.ogg	TAU1	Aun'Va	TauEmpire	vshexscorn	The rift shadows will never extinguish our flame.	0.0	0.0	3.676	1.46		0		
VO_Tau_Empire_Aun'va_vsKrootShaper.ogg	TAU1	Aun'Va	TauEmpire	vskrootshaper	Your kind clearly has impulse control issues that must be tempered.	0.0	0.0	4.509	1.49		0		
VO_Tau_Empire_Aun'va_vsO'Maisos.ogg	TAU1	Aun'Va	TauEmpire	vso'maisos	Let none doubt that the TauEmpire will bring unity to all.	0.0	0.0	4.854	1.57		0		
VO_Tau_Empire_Aun'va_vsShadowsun.ogg	TAU1	Aun'Va	TauEmpire	vsshadowsun	You are a sight to behold, Commander Shadowson.	0.0	0.0	3.136	1.48		0		
VO_Tau_Empire_Aun'va_vsTervigon.ogg	TAU1	Aun'Va	TauEmpire	vstervigon	I fear your species has no place within the embrace of the greater good.	0.0	0.0	4.3	1.51		0		
VO_Tau_Empire_Aun'va_wp.ogg	TAU1	Aun'Va	TauEmpire	wp	A wise decision, perhaps there was some basis to your bluster.	0.0	0.0	4.23	1.48		0		
VO_Tau_Empire_Breacher Shas'ui - All that we do is for the Greater Good.ogg	TAU66	Burgeoning Empire	TauEmpire	line	All that we do is for the greater good.	0.0	0.0	2.614	1.43	All that we do is for the Greater Good	0		
VO_Tau_Empire_Broadside Battlesuit - Broadside deployed Ready to deliver the Mont'ka.ogg	TAU30	Broadside Battlesuit	TauEmpire	line	Broadside Deployed, ready to deliver the Montcarr.	0.0	0.0	3.61	1.5	Broadside deployed Ready to deliver the Mont'ka	0		
VO_Tau_Empire_Cadre Fireblade - We fight for the Greater Good And we will triumph.ogg	TAU35	Cadre Fireblade	TauEmpire	line	We fight for the greater good, and we will triumph.	0.0	0.0	3.287	1.43	We fight for the Greater Good And we will triumph	0		
VO_Tau_Empire_Coldstar Battlesuit - Bright burns the light of the T’au Empire.ogg	TAU38	Coldstar Battlesuit	TauEmpire	line	Bright burns the light of the TauEmpire.	0.0	0.0	2.958	1.45	Bright burns the light of the T’au Empire	0		
VO_Tau_Empire_Commander O'Maisos_attack.ogg	TAU4	Commander O'Maisos	TauEmpire	attack	Huh!	0.0	0.0	0.392	1.32		1		
VO_Tau_Empire_Commander O'Maisos_cantDo.ogg	TAU4	Commander O'Maisos	TauEmpire	cantdo	That cannot be allowed.	0.0	0.0	1.347	1.36		0		
VO_Tau_Empire_Commander O'Maisos_concede.ogg	TAU4	Commander O'Maisos	TauEmpire	concede	Duty can leave deep scars.	0.0	0.0	2.274	1.36		0		
VO_Tau_Empire_Commander O'Maisos_death.ogg	TAU4	Commander O'Maisos	TauEmpire	death	Arrgh!	0.0	0.0	1.965	2.71		1		
VO_Tau_Empire_Commander O'Maisos_gen1.ogg	TAU4	Commander O'Maisos	TauEmpire	gen1	Your weakness is already exposed.	0.0	0.0	2.486	1.39		0		
VO_Tau_Empire_Commander O'Maisos_gen2.ogg	TAU4	Commander O'Maisos	TauEmpire	gen2	Our war serves a greater good, not vengeance or spite.	0.0	0.0	4.883	1.53		0		
VO_Tau_Empire_Commander O'Maisos_gen3.ogg	TAU4	Commander O'Maisos	TauEmpire	gen3	We need extreme solutions. There is no other path.	0.0	0.0	3.218	1.43		0		
VO_Tau_Empire_Commander O'Maisos_gen4.ogg	TAU4	Commander O'Maisos	TauEmpire	gen4	All will be brought to the greater good.	0.0	0.0	2.12	1.44		0		
VO_Tau_Empire_Commander O'Maisos_gen5.ogg	TAU4	Commander O'Maisos	TauEmpire	gen5	O'Kondras, primed for Monca.	0.0	0.0	2.195	1.45		0		
VO_Tau_Empire_Commander O'Maisos_gen6.ogg	TAU4	Commander O'Maisos	TauEmpire	gen6	Any student of Kalyan knows the value of patience.	0.0	0.0	3.48	1.45		0		
VO_Tau_Empire_Commander O'Maisos_gen7.ogg	TAU4	Commander O'Maisos	TauEmpire	gen7	This is the surest path to victory.	0.0	0.0	2.318	1.4		0		
VO_Tau_Empire_Commander O'Maisos_greet.ogg	TAU4	Commander O'Maisos	TauEmpire	greet	I greet you. May I encounter thee for the greater good.	0.0	0.0	3.341	1.48		0		
VO_Tau_Empire_Commander O'Maisos_hurry.ogg	TAU4	Commander O'Maisos	TauEmpire	hurry	Time is short. We must act.	0.0	0.0	1.846	1.38		0		
VO_Tau_Empire_Commander O'Maisos_intro.ogg	TAU4	Commander O'Maisos	TauEmpire	intro	Talks have failed. We have no choice but to fight.	0.0	0.0	2.974	1.43		0		
VO_Tau_Empire_Commander O'Maisos_mirror.ogg	TAU4	Commander O'Maisos	TauEmpire	mirror	We must walk the path to the greater good, no matter the cost.	0.0	0.0	3.811	1.47		0		
VO_Tau_Empire_Commander O'Maisos_threat.ogg	TAU4	Commander O'Maisos	TauEmpire	threat	Such transgression cannot go unpunished.	0.0	0.0	2.55	1.38		0		
VO_Tau_Empire_Commander O'Maisos_vsAun'Va.ogg	TAU4	Commander O'Maisos	TauEmpire	vsaun'va	It shall be so, Honoured One.	0.0	0.0	2.238	1.39		0		
VO_Tau_Empire_Commander O'Maisos_vsKeltoc.ogg	TAU4	Commander O'Maisos	TauEmpire	vskeltoc	Your race had a chance to craft a better universe, and you squandered it!	0.0	0.0	5.234	1.6		0		
VO_Tau_Empire_Commander O'Maisos_vsSM.ogg	TAU4	Commander O'Maisos	TauEmpire	vssm	I pity your ignorance, yet I must stop your murderous ways.	0.0	0.0	3.738	1.5		0		
VO_Tau_Empire_Commander O'Maisos_vsShadowsun.ogg	TAU4	Commander O'Maisos	TauEmpire	vsshadowsun	Supreme Commander, your presence here is unexpected.	0.0	0.0	3.454	1.42		0		
VO_Tau_Empire_Commander O'Maisos_vsSwarmlord.ogg	TAU4	Commander O'Maisos	TauEmpire	vsswarmlord	Clearly, your kind does not respond to reason.	0.0	0.0	3.066	1.4		0		
VO_Tau_Empire_Commander O'Maisos_vsZagstruk.ogg	TAU4	Commander O'Maisos	TauEmpire	vszagstruk	Only annihilation befits your barbaric species.	0.0	0.0	3.581	1.45		0		
VO_Tau_Empire_Commander O'Maisos_wp.ogg	TAU4	Commander O'Maisos	TauEmpire	wp	Our unity of purpose will see us through this trial.	0.0	0.0	3.11	1.44		0		
VO_Tau_Empire_Crisis Battlesuit - We will deliver the killing blow.ogg	TAU15	Crisis Battlesuit	TauEmpire	line	We will deliver the killing blow.	0.0	0.0	2.43	1.37	We will deliver the killing blow	0		
VO_Tau_Empire_Crisis Bodyguard - To fight for the Greater Good is our duty and our privilege.ogg	TAU22	Crisis Bodyguard	TauEmpire	line	To fight for the greater good is out duty and out privilege.	0.0	0.0	3.542	1.49	To fight for the Greater Good is our duty and our privilege	0		
VO_Tau_Empire_DS8 Support Turret - Calculating enemy trajectory.ogg	TAU18	DS8 Support Turret	TauEmpire	line	Calculating enemy trajectory.	0.0	0.0	1.935	1.37	Calculating enemy trajectory	0		
VO_Tau_Empire_Darkstrider - Study the enemy's vulnerabilities and exploit them.ogg	TAU16	Darkstrider	TauEmpire	line	Study the enemy's vulnerabilities and exploit them.	0.0	0.0	3.444	1.42	Study the enemy's vulnerabilities and exploit them	0		
VO_Tau_Empire_Devilfish - Strike at the heart of the enemy.ogg	TAU31	Devilfish	TauEmpire	line	Strike at the heart of the enemy.	0.0	0.0	1.766	1.37	Strike at the heart of the enemy	0		
VO_Tau_Empire_Enforcer Battlesuit - Launch protocols initiated.ogg	TAU36	Enforcer Battlesuit	TauEmpire	line	Launch Protocols initiated.	0.0	0.0	1.914	1.38	Launch protocols initiated	0		
VO_Tau_Empire_Fire Warrior - Fire on my signal.ogg	TAU9	Fire Warrior	TauEmpire	line	Fire on my signal.	0.0	0.0	1.263	1.45	Fire on my signal	0		
VO_Tau_Empire_Fire Warrior Breacher - The Greater Good brooks no obstacle.ogg	TAU_Breacher_Fire_Warrior	Breacher Fire Warrior	TauEmpire	line	The greater Goward Brooks, no obstacle.	0.0	0.0	2.563	1.44	The Greater Good brooks no obstacle	0		
VO_Tau_Empire_Firesight Marksman - I guide the Fire Caste's fury.ogg	TAU32	Firesight Marksman	TauEmpire	line	I guide the fire cast fury.	0.0	0.0	2.422	1.41	I guide the Fire Caste's fury	0		
VO_Tau_Empire_Guardian Drone - Projecting energy field.ogg	TAU8	Guardian Drone	TauEmpire	line	Projecting energy field.	0.0	0.0	1.63	1.43	Projecting energy field	0		
VO_Tau_Empire_Gun Drone - Weapons systems charged.ogg	TAU10	Gun Drone	TauEmpire	line	Weapon systems charged.	0.0	0.0	1.839	1.45	Weapons systems charged	0		
VO_Tau_Empire_Hammerhead - The time of diplomacy is over Now comes the time of fire.ogg	TAU37	Hammerhead	TauEmpire	line	The time of diplomacy is over, now comes the time of fire.	0.0	0.0	4.698	1.49	The time of diplomacy is over Now comes the time of fire	0		
VO_Tau_Empire_Honoured Ethereal - With courage and discipline we shall stand victorious.ogg	TAU24	Honoured Ethereal	TauEmpire	line	With courage and discipline, we shall stand victorious.	0.0	0.0	3.621	1.43	With courage and discipline we shall stand victorious	0		
VO_Tau_Empire_Longstrike - No foe can withstand the precise application of superior firepower.ogg	TAU41	Longstrike	TauEmpire	line	No folk can withstand the precise application of superior firepower.	0.0	0.0	4.73	1.45	No foe can withstand the precise application of superior firepower	0		
VO_Tau_Empire_Marker Drone - Gathering targetting information.ogg	TAU11	Marker Drone	TauEmpire	line	Gathering targeting information.	0.0	0.0	2.033	1.32	Gathering targetting information	0		
VO_Tau_Empire_Missile Drone - Targeting matrix calculated.ogg	TAU12	Missile Drone	TauEmpire	line	Targeting Matrix Calculated.	0.0	0.0	1.801	1.37	Targeting matrix calculated	0		
VO_Tau_Empire_Pathfinder - Optimal target marked for elimination.ogg	TAU13	Pathfinder	TauEmpire	line	Optimal target, marked for elimination.	0.0	0.0	2.461	1.4	Optimal target marked for elimination	0		
VO_Tau_Empire_Piranha - Surveilling engagement area.ogg	TAU25	Piranha	TauEmpire	line	Surveiling engagement area.	0.0	0.0	1.914	1.32	Surveilling engagement area	0		
VO_Tau_Empire_Razorshark Fighter - The Air Caste bring fire from the skies.ogg	TAU66	Burgeoning Empire	TauEmpire	line	The air cast bring fire from the skies.	0.0	0.0	2.962	1.38	The Air Caste bring fire from the skies	0		
VO_Tau_Empire_Riptide Battlesuit - I am here to end this conflict.ogg	TAU42	Riptide Battlesuit	TauEmpire	line	I'm here to end this conflict.	0.0	0.0	2.518	1.35	I am here to end this conflict	0		
VO_Tau_Empire_Shadowsun_Backup.ogg	TAU6	Shadowsun	TauEmpire	backup	Any decision can be the stone that starts the avalanche.	0.0	0.0	3.76	1.44		0		
VO_Tau_Empire_Shadowsun_attack.ogg	TAU6	Shadowsun	TauEmpire	attack	UGH!	0.0	0.0	0.541	1.31		1		
VO_Tau_Empire_Shadowsun_cantDo.ogg	TAU6	Shadowsun	TauEmpire	cantdo	An impossibility.	0.0	0.0	1.389	1.33		0		
VO_Tau_Empire_Shadowsun_concede.ogg	TAU6	Shadowsun	TauEmpire	concede	A non-viable approach. Converge at the established point.	0.0	0.0	4.152	1.46		0		
VO_Tau_Empire_Shadowsun_death.ogg	TAU6	Shadowsun	TauEmpire	death	Aaaaaaahhhhhh	0.0	0.0	2.074	7.35		0		
VO_Tau_Empire_Shadowsun_gen1.ogg	TAU6	Shadowsun	TauEmpire	gen1	No deed is unworthy. No sacrifice is in vain.	0.0	0.0	4.962	1.44		0		
VO_Tau_Empire_Shadowsun_gen2.ogg	TAU6	Shadowsun	TauEmpire	gen2	I take no pride in bloodshed, necessary as it is.	0.0	0.0	3.766	1.45		0		
VO_Tau_Empire_Shadowsun_gen3.ogg	TAU6	Shadowsun	TauEmpire	gen3	I have my own path to follow.	0.0	0.0	2.422	1.37		0		
VO_Tau_Empire_Shadowsun_gen4.ogg	TAU6	Shadowsun	TauEmpire	gen4	I have been through stranger times than this.	0.0	0.0	2.698	1.38		0		
VO_Tau_Empire_Shadowsun_gen5.ogg	TAU6	Shadowsun	TauEmpire	gen5	Those with superior reach can dictate the flow of battle.	0.0	0.0	4.251	1.48		0		
VO_Tau_Empire_Shadowsun_gen6.ogg	TAU6	Shadowsun	TauEmpire	gen6	We follow the path of Khaoyon. Make ready the ambush.	0.0	0.0	3.563	1.46		0		
VO_Tau_Empire_Shadowsun_gen7.ogg	TAU6	Shadowsun	TauEmpire	gen7	I am Shasso Shasera, called Shadowsun.	0.0	0.0	4.059	1.45		0		
VO_Tau_Empire_Shadowsun_greet.ogg	TAU6	Shadowsun	TauEmpire	greet	The Firecast will not tend to this challenge kindly.	0.0	0.0	3.891	1.43		0		
VO_Tau_Empire_Shadowsun_hurry.ogg	TAU6	Shadowsun	TauEmpire	hurry	We must not falter in our actions.	0.0	0.0	2.808	1.39		0		
VO_Tau_Empire_Shadowsun_intro.ogg	TAU6	Shadowsun	TauEmpire	intro	You will soon learn of the Firecast's true strength.	0.0	0.0	4.346	1.45		0		
VO_Tau_Empire_Shadowsun_mirror.ogg	TAU6	Shadowsun	TauEmpire	mirror	Fight with fire and courage, and nothing can stand against us.	0.0	0.0	4.579	1.43		0		
VO_Tau_Empire_Shadowsun_threat.ogg	TAU6	Shadowsun	TauEmpire	threat	An example must be made of you.	0.0	0.0	2.715	1.39		0		
VO_Tau_Empire_Shadowsun_vsAun'va.ogg	TAU6	Shadowsun	TauEmpire	vsaun'va	You honor us with your presence, ethereal supreme.	0.0	0.0	3.255	1.44		0		
VO_Tau_Empire_Shadowsun_vsCalgar.ogg	TAU6	Shadowsun	TauEmpire	vscalgar	Your kind's mindless massacre must be stopped.	0.0	0.0	3.656	1.4		0		
VO_Tau_Empire_Shadowsun_vsGrukk.ogg	TAU6	Shadowsun	TauEmpire	vsgrukk	Such a predictable approach will not succeed, Brutish Beast.	0.0	0.0	4.825	1.5		0		
VO_Tau_Empire_Shadowsun_vsImperial.ogg	TAU6	Shadowsun	TauEmpire	vsimperial	Crude, hateful, prone to fight, you are not so different from an orc.	0.0	0.0	6.158	1.56		0		
VO_Tau_Empire_Shadowsun_vsKroot.ogg	TAU6	Shadowsun	TauEmpire	vskroot	Kindred, the TauVar is in your debt.	0.0	0.0	3.548	1.5		0		
VO_Tau_Empire_Shadowsun_vsO'Maisos.ogg	TAU6	Shadowsun	TauEmpire	vso'maisos	I will be taking operational command now, Shasso.	0.0	0.0	3.11	1.44		0		
VO_Tau_Empire_Shadowsun_wp.ogg	TAU6	Shadowsun	TauEmpire	wp	In discriminant rage must be answered with crisp precision.	0.0	0.0	4.718	1.49		0		
VO_Tau_Empire_Sky Ray Gunship - Target locked Deploying seeker missiles.ogg	TAU40	Sky Ray Gunship	TauEmpire	line	Target locked. The point seeker missiles.	0.0	0.0	2.37	1.39	Target locked Deploying seeker missiles	0		
VO_Tau_Empire_Sniper Drone - Target identified.ogg	TAU20	Sniper Drone	TauEmpire	line	Target identified.	0.0	0.0	1.345	1.33	Target identified	0		
VO_Tau_Empire_Stealth Battlesuit - Stealth field active Ready to engage.ogg	TAU26	Stealth Battlesuit	TauEmpire	line	Stealth Field active, ready to engage.	0.0	0.0	2.259	1.4	Stealth field active Ready to engage	0		
VO_Tau_Empire_Stealth Drone - Activating stealth field.ogg	TAU14	Stealth Drone	TauEmpire	line	Activating Stealth Field.	0.0	0.0	1.589	1.42	Activating stealth field	0		
VO_Tau_Empire_Stealth Shas'ui - Stealth team in position Awaiting orders.ogg	TAU66	Burgeoning Empire	TauEmpire	line	Stealth Team in position. Awaiting orders.	0.0	0.0	3.006	1.49	Stealth team in position Awaiting orders	0		
VO_Tau_Empire_Stormsurge - Resistance will be met with unyielding fire.ogg	TAU_Stormsurge_Battlesuit	Stormsurge Battlesuit	TauEmpire	line	Resistance will be met with unyielding fire!	0.0	0.0	2.818	1.49	Resistance will be met with unyielding fire	0		
VO_Tau_Empire_Strike Team - Our flame lights the way to the Greater Good.ogg	TAU28	Strike Team	TauEmpire	line	Our flame lights the way to the greater good.	0.0	0.0	3.225	1.5	Our flame lights the way to the Greater Good	0		
VO_Tau_Empire_Sun Shark Bomber - To secure the expansion we must conquer the skies.ogg	TAU44	Sun Shark Bomber	TauEmpire	line	To secure the expansion, we must conquer the skies.	0.0	0.0	3.206	1.56	To secure the expansion we must conquer the skies	0		
VO_Tau_Empire_Vespid Stingwings.ogg	TAU21	Vespid Stingwings	TauEmpire	line		0.0	0.0	1.517	1.51		1	1	halluc
VO_Tau_Flesh Shaper - A hunter's senses must be sharp as a butcher's knife.ogg	TAU71	Flesh Shaper	TauEmpire	line	A hunter's senses must be as sharp as the butcher's knife.	0.0	0.0	4.457	1.56	A hunter's senses must be sharp as a butcher's knife	0		
VO_Tau_Kroot Carnivore - We heed the call of the hunt.ogg	TAU_Kroot_Carnivore	Kroot Carnivore	TauEmpire	line	We heed the call of the hunt.	0.0	0.0	2.422	1.44	We heed the call of the hunt	0		
VO_Tau_Kroot Hound - Voracious growl.ogg	TAU_Kroot_Hound	Kroot Hound	TauEmpire	line	MuaAaah.	0.0	0.0	1.667	19.19	Voracious growl	1		
VO_Tau_Krootox Rampager - Show me your strength I will make it mine.ogg	TAU72	Krootox Rampager	TauEmpire	line	Show me your strength, I will make it mine.	0.0	0.0	4.062	1.41	Show me your strength I will make it mine	0		
VO_Tau_Krootox Rider - No prey can hide from us.ogg	TAU70	Krootox Rider	TauEmpire	line	No break and hide from us.	0.0	0.0	2.521	1.32	No prey can hide from us	0		
VO_Tau_Lone-Spear - The hunt does not wait for the hunter.ogg	TAU73	Lone-spear	TauEmpire	line	The hunt does not wait for the hunter.	0.0	0.0	3.827	1.42		0		
VO_Tau_Trail Shaper - Sharpen your knives Tonight we feast.ogg	TAU_Trail_Shaper	Trail Shaper	TauEmpire	line	Dropin' your knives, tonight we feast!	0.0	0.0	4.193	1.45	Sharpen your knives Tonight we feast	0		
VO_Tau_War Shaper_attack.ogg	TAU_War_Shaper	War Shaper	TauEmpire	attack	Grrrr!	0.0	0.0	0.649	8.19		1		
VO_Tau_War Shaper_cantDo.ogg	TAU_War_Shaper	War Shaper	TauEmpire	cantdo	That is beyond my reach.	0.0	0.0	2.614	1.4		0		
VO_Tau_War Shaper_concede.ogg	TAU_War_Shaper	War Shaper	TauEmpire	concede	My kin has learned to avoid futile endeavors.	0.0	0.0	4.248	1.45		0		
VO_Tau_War Shaper_death.ogg	TAU_War_Shaper	War Shaper	TauEmpire	death	Uggggggggghhh!	0.0	0.0	2.054	5.95		0		
VO_Tau_War Shaper_gen1.ogg	TAU_War_Shaper	War Shaper	TauEmpire	gen1	We hunt, we feed, and we prosper.	0.0	0.0	3.627	1.42		0		
VO_Tau_War Shaper_gen2.ogg	TAU_War_Shaper	War Shaper	TauEmpire	gen2	With every hunt, our strength grows.	0.0	0.0	3.647	1.43		0		
VO_Tau_War Shaper_gen3.ogg	TAU_War_Shaper	War Shaper	TauEmpire	gen3	No ray is too great to deter us.	0.0	0.0	2.855	1.46		0		
VO_Tau_War Shaper_gen4.ogg	TAU_War_Shaper	War Shaper	TauEmpire	gen4	Simpler to go for the head, is it not?	0.0	0.0	3.241	1.45		0		
VO_Tau_War Shaper_gen5.ogg	TAU_War_Shaper	War Shaper	TauEmpire	gen5	The hunt grows ever harder, but we adapt.	0.0	0.0	4.291	1.46		0		
VO_Tau_War Shaper_gen6.ogg	TAU_War_Shaper	War Shaper	TauEmpire	gen6	A new quarry stepped into my hunting grounds.	0.0	0.0	4.616	1.47		0		
VO_Tau_War Shaper_gen7.ogg	TAU_War_Shaper	War Shaper	TauEmpire	gen7	We relish the hunt.	0.0	0.0	2.248	1.39		0		
VO_Tau_War Shaper_greet.ogg	TAU_War_Shaper	War Shaper	TauEmpire	greet	Let us begin the ritual of predator and prey.	0.0	0.0	5.374	1.44		0		
VO_Tau_War Shaper_hurry.ogg	TAU_War_Shaper	War Shaper	TauEmpire	hurry	Let's move! The hunt awaits!	0.0	0.0	2.73	1.41		0		
VO_Tau_War Shaper_intro.ogg	TAU_War_Shaper	War Shaper	TauEmpire	intro	The hand big gains, today we feast.	0.0	0.0	3.769	1.5		0		
VO_Tau_War Shaper_mirror.ogg	TAU_War_Shaper	War Shaper	TauEmpire	mirror	And my blade is sharp. Let's get started.	0.0	0.0	4.172	1.53		0		
VO_Tau_War Shaper_threat.ogg	TAU_War_Shaper	War Shaper	TauEmpire	threat	I have your scent. You cannot escape.	0.0	0.0	3.682	1.5		0		
VO_Tau_War Shaper_vsAunVa.ogg	TAU_War_Shaper	War Shaper	TauEmpire	vsaunva	Wise as you are, some things the ethereal cast can never understand.	0.0	0.0	6.674	1.54		0		
VO_Tau_War Shaper_vsNecron.ogg	TAU_War_Shaper	War Shaper	TauEmpire	vsnecron	And in auspicious pray, you are strong yet lack flesh to feast on.	0.0	0.0	5.406	1.5		0		
VO_Tau_War Shaper_vsUrsulaCreed.ogg	TAU_War_Shaper	War Shaper	TauEmpire	vsursulacreed	You humans do not understand. You feed upon weak things. We feed upon the strong.	0.0	0.0	7.853	1.54		0		
VO_Tau_War Shaper_wp.ogg	TAU_War_Shaper	War Shaper	TauEmpire	wp	You are capable. This is a worthy hunt.	0.0	0.0	3.737	1.47		0		
VO_Tyranid_Leviathan_Barbgaunt.ogg	TL78	Barbgaunt	Leviathan	line	BOO!	0.0	0.0	1.932	15.31		1		
VO_Tyranid_Leviathan_Biovore - Low rumbling.ogg	TL14	Biovore	Leviathan	line		0.0	0.0	3.194	1.39	Low rumbling	1	1	echo
VO_Tyranid_Leviathan_Broodlord - Rallying scream.ogg	TL30	Broodlord	Leviathan	line	HELLO!	0.0	0.0	2.707	1.4	Rallying scream	1	1	
VO_Tyranid_Leviathan_Carnifex - Primal roar.ogg	TL25	Carnifex	Leviathan	line		0.0	0.0	2.039	1.4	Primal roar	1	1	halluc
VO_Tyranid_Leviathan_Deathleaper - Lurking in the shadows.ogg	TL26	Deathleaper	Leviathan	line		0.0	0.0	3.264	1.42	Lurking in the shadows	0	1	echo
VO_Tyranid_Leviathan_Exocrine - Thunderous stomp.ogg	TL40	Exocrine	Leviathan	line	Thank you for watching and don't forget to subscribe to our channel for more videos like this.	0.0	0.0	3.798	1.39	Thunderous stomp	1	1	
VO_Tyranid_Leviathan_Gargoyle - Harsh scream.ogg	TL15	Gargoyle	Leviathan	line		0.0	0.0	1.058	1.4	Harsh scream	1	1	halluc
VO_Tyranid_Leviathan_Genestealer - Wild talon swinging.ogg	TL16	Genestealer	Leviathan	line		0.0	0.0	1.122	1.35	Wild talon swinging	1	1	
VO_Tyranid_Leviathan_Harpy - Ferocious scream.ogg	TL36	Harpy	Leviathan	line		0.0	0.0	2.474	1.42	Ferocious scream	0	1	echo
VO_Tyranid_Leviathan_Haruspex - Discordant roar.ogg	TL41	Haruspex	Leviathan	line	RRRRGHHH	0.0	0.0	2.381	24.13	Discordant roar	1		
VO_Tyranid_Leviathan_Hive Crone - Intense screech.ogg	TL31	Hive Crone	Leviathan	line	Hive Crone	0.0	0.0	2.126	16.86	Intense screech	1		
VO_Tyranid_Leviathan_Hive Guard - Heavy stomp.ogg	TL32	Hive Guard	Leviathan	line		0.0	0.0	1.964	1.37	Heavy stomp	1	1	halluc
VO_Tyranid_Leviathan_Hive Tyrant - Commanding roar.ogg	TL37	Hive Tyrant	Leviathan	line		0.0	0.0	2.95	1.43	Commanding roar	1	1	echo
VO_Tyranid_Leviathan_Hormagaunt - Savage growl.ogg	TL9	Hormagaunt	Leviathan	line	Hormagaunt, Leviathan.	0.0	0.0	2.196	1.37	Savage growl	1		
VO_Tyranid_Leviathan_Lictor - Rising talons menacingly.ogg	TL19	Lictor	Leviathan	line		0.0	0.0	2.004	1.39	Rising talons menacingly	0	1	halluc
VO_Tyranid_Leviathan_Maleceptor - Malignant bellow.ogg	TL39	Maleceptor	Leviathan	line		0.0	0.0	1.966	1.41	Malignant bellow	1	1	echo
VO_Tyranid_Leviathan_Mawloc - Gutwrenching scream.ogg	TL27	Mawloc	Leviathan	line	AAAAAAAAAA	0.0	0.0	2.219	1.4	Gutwrenching scream	1	1	
VO_Tyranid_Leviathan_Mucolid Spore - Noxious humming B.ogg	TL10	Mucolid Spore	Leviathan	line		0.0	0.0	2.222	1.42	Noxious humming B	1	1	echo
VO_Tyranid_Leviathan_Neurogaunt Nodebeast- Low growl.ogg	TL11	Neurogaunt Nodebeast	Leviathan	line		0.0	0.0	1.758	1.35		0	1	echo
VO_Tyranid_Leviathan_Neurogaunt.ogg	TL77	Neurogaunt	Leviathan	line	Neurogaunt.	0.0	0.0	3.782	1.32		0		
VO_Tyranid_Leviathan_Neuroloid.ogg	TL76	Neuroloid	Leviathan	line		0.0	0.0	1.905	1.38		0	1	halluc
VO_Tyranid_Leviathan_Neurothrope_attack.ogg	TL1	Neurothrope	Leviathan	attack	Pfft!	0.0	0.0	0.898	4.81		1		
VO_Tyranid_Leviathan_Neurothrope_cant.ogg	TL1	Neurothrope	Leviathan	cantdo	...	0.0	0.0	0.875	21.11		1		
VO_Tyranid_Leviathan_Neurothrope_concede.ogg	TL1	Neurothrope	Leviathan	concede	RRRRRRRRRRRRRRRR	0.0	0.0	2.172	1.42		1	1	
VO_Tyranid_Leviathan_Neurothrope_death.ogg	TL1	Neurothrope	Leviathan	death		0.0	0.0	1.592	1.44		1	1	echo
VO_Tyranid_Leviathan_Neurothrope_gen1.ogg	TL1	Neurothrope	Leviathan	gen1		0.0	0.0	1.458	1.39		1	1	echo
VO_Tyranid_Leviathan_Neurothrope_gen2.ogg	TL1	Neurothrope	Leviathan	gen2		0.0	0.0	1.49	1.36		0	1	halluc
VO_Tyranid_Leviathan_Neurothrope_gen3.ogg	TL1	Neurothrope	Leviathan	gen3		0.0	0.0	1.866	1.44		1	1	halluc
VO_Tyranid_Leviathan_Neurothrope_gen4.ogg	TL1	Neurothrope	Leviathan	gen4		0.0	0.0	2.358	1.39		1	1	halluc
VO_Tyranid_Leviathan_Neurothrope_gen5.ogg	TL1	Neurothrope	Leviathan	gen5		0.0	0.0	2.738	1.39		1	1	echo
VO_Tyranid_Leviathan_Neurothrope_gen6.ogg	TL1	Neurothrope	Leviathan	gen6	RAAAAAAAAAAAAAAAAA	0.0	0.0	2.434	25.02		1		
VO_Tyranid_Leviathan_Neurothrope_gen7.ogg	TL1	Neurothrope	Leviathan	gen7		0.0	0.0	1.639	1.38		1	1	echo
VO_Tyranid_Leviathan_Neurothrope_greet.ogg	TL1	Neurothrope	Leviathan	greet	I	0.0	0.0	2.292	1.38		1	1	
VO_Tyranid_Leviathan_Neurothrope_hurry.ogg	TL1	Neurothrope	Leviathan	hurry		0.0	0.0	1.074	1.38		1	1	halluc
VO_Tyranid_Leviathan_Neurothrope_intro.ogg	TL1	Neurothrope	Leviathan	intro	www.AllSubs.org	0.0	0.0	2.93	1.42		1	1	
VO_Tyranid_Leviathan_Neurothrope_mirror.ogg	TL1	Neurothrope	Leviathan	mirror		0.0	0.0	1.421	1.42		1	1	echo
VO_Tyranid_Leviathan_Neurothrope_threat.ogg	TL1	Neurothrope	Leviathan	threat	RRRRRRRRRR!	0.0	0.0	2.498	1.43		1	1	
VO_Tyranid_Leviathan_Neurothrope_wp.ogg	TL1	Neurothrope	Leviathan	wp	Rrrrrrrrrr	0.0	0.0	2.29	1.43		1	1	
VO_Tyranid_Leviathan_Neurotyrant.ogg	TL82	Neurotyrant	Leviathan	line	EDITED-SF-MGN-DQ	0.0	0.0	2.518	1.42		1	1	
VO_Tyranid_Leviathan_Norn Emissary.ogg	TL83	Norn Emissary	Leviathan	line	AHHHHHHHHH	0.0	0.0	2.503	21.16		1		
VO_Tyranid_Leviathan_Psychophage.ogg	TL80	Psychophage	Leviathan	line	RAAAAAAAAAAAHHHHHHHHH	0.0	0.0	2.056	18.98		1		
VO_Tyranid_Leviathan_Pyrovore - Brooding grumble.ogg	TL17	Pyrovore	Leviathan	line		0.0	0.0	1.575	1.41	Brooding grumble	1	1	echo
VO_Tyranid_Leviathan_Ravener - Piercing roar.ogg	TL20	Ravener	Leviathan	line	RRRRRRRRRRR!	0.0	0.0	2.033	19.2	Piercing roar	1		
VO_Tyranid_Leviathan_Ripper Swarm - Discordant chirrup.ogg	TL7	Ripper Swarm	Leviathan	line	Ripper Swarm, Leviathan.	0.0	0.0	0.721	1.41	Discordant chirrup	0		
VO_Tyranid_Leviathan_Spore Mine - Low Humming B.ogg	TL8	Spore Mine	Leviathan	line		0.0	0.0	2.004	1.41	Low Humming B	1	1	halluc
VO_Tyranid_Leviathan_Sporocyst - Reverberating thrum.ogg	TL21	Sporocyst	Leviathan	line		0.0	0.0	2.831	1.45	Reverberating thrum	1	1	echo
VO_Tyranid_Leviathan_Stranded Termagant - Enraged screech.ogg	TL12	Stranded Termagant	Leviathan	line		0.0	0.0	2.149	1.38	Enraged screech	1	1	echo
VO_Tyranid_Leviathan_Swarmlord_attack.ogg	TL3	SwarmLord	Leviathan	attack	WAH!	0.0	0.0	1.035	3.55		1		
VO_Tyranid_Leviathan_Swarmlord_cant.ogg	TL3	SwarmLord	Leviathan	cantdo	Rrrrrr!	0.0	0.0	1.058	11.47		1		
VO_Tyranid_Leviathan_Swarmlord_concede.ogg	TL3	SwarmLord	Leviathan	concede		0.0	0.0	2.637	1.45		1	1	halluc
VO_Tyranid_Leviathan_Swarmlord_death.ogg	TL3	SwarmLord	Leviathan	death		0.0	0.0	1.755	1.43		1	1	halluc
VO_Tyranid_Leviathan_Swarmlord_gen1.ogg	TL3	SwarmLord	Leviathan	gen1	Rrrrrrrrrrrrrrrrrrrrrrrr!	0.0	0.0	2.066	18.64		0		
VO_Tyranid_Leviathan_Swarmlord_gen2.ogg	TL3	SwarmLord	Leviathan	gen2	And I'm going to show you that.  Cool.  I'm going to show you that.  Good.  Thank you and have a great day.  Thank you.  Bye.  Bye.  Bye.  Bye.  Bye.  Bye.  Bye.  Bye.  Bye.  Bye.  Bye.  Bye.  Bye.  Bye.  Go!  Bye.  Go!  Bye.  Bye.  Bye.  Bye.  Bye.  Bye.	0.0	0.0	3.357	2.32		1	1	
VO_Tyranid_Leviathan_Swarmlord_gen3.ogg	TL3	SwarmLord	Leviathan	gen3		0.0	0.0	1.131	1.4		1	1	echo
VO_Tyranid_Leviathan_Swarmlord_gen4.ogg	TL3	SwarmLord	Leviathan	gen4		0.0	0.0	3.653	1.42		1	1	halluc
VO_Tyranid_Leviathan_Swarmlord_gen5.ogg	TL3	SwarmLord	Leviathan	gen5	I'm a captain's advocate for a long time.  It's really great to see you.	0.0	0.0	2.971	14.48		1		
VO_Tyranid_Leviathan_Swarmlord_gen6.ogg	TL3	SwarmLord	Leviathan	gen6		0.0	0.0	1.83	1.44		1	1	halluc
VO_Tyranid_Leviathan_Swarmlord_gen7.ogg	TL3	SwarmLord	Leviathan	gen7	Roooooooo!	0.0	0.0	2.753	19.48		1		
VO_Tyranid_Leviathan_Swarmlord_greet.ogg	TL3	SwarmLord	Leviathan	greet		0.0	0.0	2.578	1.41		1	1	halluc
VO_Tyranid_Leviathan_Swarmlord_hurry.ogg	TL3	SwarmLord	Leviathan	hurry	SwarmLord.	0.0	0.0	1.073	7.21		1		
VO_Tyranid_Leviathan_Swarmlord_intro.ogg	TL3	SwarmLord	Leviathan	intro	ROAR!	0.0	0.0	3.194	16.98		1		
VO_Tyranid_Leviathan_Swarmlord_mirror.ogg	TL3	SwarmLord	Leviathan	mirror	Rrrrrr!	0.0	0.0	1.114	11.37		0		
VO_Tyranid_Leviathan_Swarmlord_threat.ogg	TL3	SwarmLord	Leviathan	threat		0.0	0.0	2.425	1.37		1	1	echo
VO_Tyranid_Leviathan_Swarmlord_wp.ogg	TL3	SwarmLord	Leviathan	wp		0.0	0.0	1.241	1.42		1	1	echo
VO_Tyranid_Leviathan_Termagant - Hungry snarl.ogg	TL13	Termagant	Leviathan	line		0.0	0.0	2.725	1.38	Hungry snarl	1	1	echo
VO_Tyranid_Leviathan_Termagant Brood.ogg	TL79	Termagant Brood	Leviathan	line		0.0	0.0	2.425	1.4		1	1	echo
VO_Tyranid_Leviathan_Tervigon_attack.ogg	TL5	Tervigon	Leviathan	attack		0.0	0.0	1.313	1.41		1	1	echo
VO_Tyranid_Leviathan_Tervigon_cant.ogg	TL5	Tervigon	Leviathan	cantdo	Tervigon, Leviathan.	0.0	0.0	0.974	1.36		1		
VO_Tyranid_Leviathan_Tervigon_concede.ogg	TL5	Tervigon	Leviathan	concede	AAAAAAAAAAAAAAAAAAAAAAA	0.0	0.0	2.451	1.42		1	1	
VO_Tyranid_Leviathan_Tervigon_death.ogg	TL5	Tervigon	Leviathan	death	RRRRRRRRRRRR!	0.0	0.0	2.167	1.4		1	1	
VO_Tyranid_Leviathan_Tervigon_gen1.ogg	TL5	Tervigon	Leviathan	gen1		0.0	0.0	1.813	1.4		1	1	echo
VO_Tyranid_Leviathan_Tervigon_gen2.ogg	TL5	Tervigon	Leviathan	gen2	RRRRRRRRRRRRRR	0.0	0.0	2.776	1.42		1	1	
VO_Tyranid_Leviathan_Tervigon_gen3.ogg	TL5	Tervigon	Leviathan	gen3	Hi, I'm Leviathan.	0.0	0.0	1.052	7.01		0		
VO_Tyranid_Leviathan_Tervigon_gen4.ogg	TL5	Tervigon	Leviathan	gen4		0.0	0.0	1.917	1.42		1	1	echo
VO_Tyranid_Leviathan_Tervigon_gen5.ogg	TL5	Tervigon	Leviathan	gen5		0.0	0.0	3.044	1.35		1	1	halluc
VO_Tyranid_Leviathan_Tervigon_gen6.ogg	TL5	Tervigon	Leviathan	gen6	HMMMMMMMMMMMMM	0.0	0.0	3.374	1.41		1	1	generic
VO_Tyranid_Leviathan_Tervigon_gen7.ogg	TL5	Tervigon	Leviathan	gen7	No	0.0	0.0	2.474	1.42		1	1	
VO_Tyranid_Leviathan_Tervigon_greet.ogg	TL5	Tervigon	Leviathan	greet		0.0	0.0	1.94	1.56		1	1	echo
VO_Tyranid_Leviathan_Tervigon_hurry.ogg	TL5	Tervigon	Leviathan	hurry		0.0	0.0	0.942	1.4		1	1	halluc
VO_Tyranid_Leviathan_Tervigon_intro.ogg	TL5	Tervigon	Leviathan	intro		0.0	0.0	2.782	1.4		1	1	echo
VO_Tyranid_Leviathan_Tervigon_mirror.ogg	TL5	Tervigon	Leviathan	mirror		0.0	0.0	2.056	16.03		1		halluc
VO_Tyranid_Leviathan_Tervigon_threat.ogg	TL5	Tervigon	Leviathan	threat	HELLO!	0.0	0.0	1.943	1.4		0	1	
VO_Tyranid_Leviathan_Tervigon_wp.ogg	TL5	Tervigon	Leviathan	wp		0.0	0.0	0.988	1.42		1	1	echo
VO_Tyranid_Leviathan_Tyranid Prime - Threatening roar.ogg	TL22	Tyranid Prime	Leviathan	line	MMMMMMMMMMMMMMMM	0.0	0.0	2.405	17.43	Threatening roar	0		generic
VO_Tyranid_Leviathan_Tyranid Warrior - Intimidating growl.ogg	TL18	Tyranid Warrior	Leviathan	line	Welcome to the	0.0	0.0	1.345	14.56	Intimidating growl	1		
VO_Tyranid_Leviathan_Tyrannocyte - Viscous gurgle.ogg	TL34	Tyrannocyte	Leviathan	line		0.0	0.0	3.078	1.98	Viscous gurgle	1	1	echo
VO_Tyranid_Leviathan_Tyrannofex - Fiery bellow.ogg	TL43	Tyrannofex	Leviathan	line		0.0	0.0	3.156	1.35	Fiery bellow	1	1	
VO_Tyranid_Leviathan_Tyrant Guard - Challenging roar.ogg	TL28	Tyrant Guard	Leviathan	line		0.0	0.0	2.236	1.43	Challenging roar	1	1	halluc
VO_Tyranid_Leviathan_Venomthrope - Twirling tendrils.ogg	TL23	Venomthrope	Leviathan	line	Oh	0.0	0.0	1.93	1.38	Twirling tendrils	0	1	generic
VO_Tyranid_Leviathan_Von Ryan's Leaper - Pack call.ogg	TL24	Von Ryans Leaper	Leviathan	line		0.0	0.0	1.662	1.45	Pack call	0	1	halluc
VO_Tyranid_Leviathan_Winged Tyranid Prime_attack.ogg	TL22	Tyranid Prime	Leviathan	attack		0.0	0.0	0.832	1.35		1		halluc
VO_Tyranid_Leviathan_Winged Tyranid Prime_cant.ogg	TL22	Tyranid Prime	Leviathan	cantdo	HELLO!	0.0	0.0	1.0	4.13		1		
VO_Tyranid_Leviathan_Winged Tyranid Prime_concede.ogg	TL22	Tyranid Prime	Leviathan	concede		0.0	0.0	2.219	1.4		1	1	echo
VO_Tyranid_Leviathan_Winged Tyranid Prime_death.ogg	TL22	Tyranid Prime	Leviathan	death		0.0	0.0	2.202	1.42		1	1	halluc
VO_Tyranid_Leviathan_Winged Tyranid Prime_gen1.ogg	TL22	Tyranid Prime	Leviathan	gen1	Hi, I'm Leviathan.	0.0	0.0	1.264	5.47		1		
VO_Tyranid_Leviathan_Winged Tyranid Prime_gen2.ogg	TL22	Tyranid Prime	Leviathan	gen2		0.0	0.0	2.158	1.49		1	1	echo
VO_Tyranid_Leviathan_Winged Tyranid Prime_gen3.ogg	TL22	Tyranid Prime	Leviathan	gen3		0.0	0.0	2.016	8.74		1	1	halluc
VO_Tyranid_Leviathan_Winged Tyranid Prime_greet.ogg	TL22	Tyranid Prime	Leviathan	greet		0.0	0.0	2.712	1.44		1	1	halluc
VO_Tyranid_Leviathan_Winged Tyranid Prime_hurry.ogg	TL22	Tyranid Prime	Leviathan	hurry	RRRRRRRRRRRRRRR!	0.0	0.0	1.113	13.92		1		
VO_Tyranid_Leviathan_Winged Tyranid Prime_intro.ogg	TL22	Tyranid Prime	Leviathan	intro	HELLO!	0.0	0.0	3.006	12.19		1		
VO_Tyranid_Leviathan_Winged Tyranid Prime_mirror.ogg	TL22	Tyranid Prime	Leviathan	mirror	The Voice Line of Tyranid Prime	0.0	0.0	2.175	2.42		1		
VO_Tyranid_Leviathan_Winged Tyranid Prime_threat.ogg	TL22	Tyranid Prime	Leviathan	threat		0.0	0.0	2.901	1.66		1	1	echo
VO_Tyranid_Leviathan_Winged Tyranid Prime_wp.ogg	TL22	Tyranid Prime	Leviathan	wp	Waaaaaahhh!	0.0	0.0	3.241	9.31		1		
VO_Tyranid_Leviathan_Winged Tyrant - Deafening scream.ogg	TL42	Winged Tyrant	Leviathan	line		0.0	0.0	2.172	1.48	Deafening scream	1	1	echo
VO_Tyranid_Leviathan_Zoanthrope - Psychic humming.ogg	TL29	Zoanthrope	Leviathan	line		0.0	0.0	3.392	1.49	Psychic humming	1	1	halluc
VO_UM_7th Company Bikes - Temper your speed with faith and flame.ogg	UM16	7th Company Bike	Ultramarines	line	Temper your speed with faith and flame!	0.0	0.0	2.747	1.44	Temper your speed with faith and flame	0		
VO_UM_Aggresor Sergeant - No foe can stand in our wake.ogg	UM_Aggressor_Sergeant	Aggressor Sergeant	Ultramarines	line	No foe can stand in our wake!	0.0	0.0	2.855	1.46	No foe can stand in our wake	0		
VO_UM_Antaro Chronus - Make the engines roar Its time to scour this battlefield.ogg	UM_Antaro_Chronus	Antaro Chronus	Ultramarines	line	Make the engines roar. It's time to scour this battlefield.	0.0	0.0	4.169	1.56	Make the engines roar Its time to scour this battlefield	0		
VO_UM_Apothecary Polixis - The Emperor's work must be safeguarded.ogg	UM30	Apothecary Polixis	Ultramarines	line	The Emperor's work must be safeguarded.	0.0	0.0	2.82	1.47	The Emperor's work must be safeguarded	0		
VO_UM_Assault Centurion - My armour is infused with the Emperors will.ogg	UM_Assault_Centurion	Assault Centurion	Ultramarines	line	My armor is infused with the Emperor's will.	0.0	0.0	3.698	1.45	My armour is infused with the Emperors will	0		
VO_UM_Assault Intercessor - The Emperor guides us to victory.ogg	UM12	Assault Intercessor	Ultramarines	line	The Emperor guides us to victory!	0.0	0.0	2.774	1.41	The Emperor guides us to victory	0		
VO_UM_Attack Bike - For Guilliman and the Emperor!.wav	UM77	Attack Bike	Ultramarines	line	For Gilliman and the Emperor!	0.0	0.0	2.181	1.42	For Guilliman and the Emperor!	0		
VO_UM_Bladeguard Ancient - Fight well and your names shall leave on ever after in glory!.wav	UM87	Bladeguard Ancient	Ultramarines	line	Fight well, and your name shall live on ever after in glory.	0.0	0.0	3.731	1.55	Fight well and your names shall leave on ever after in glory!	0		
VO_UM_Bladeguard Sergeant- Your defiance will end under Ultramar's steel.ogg	UM87	Bladeguard Ancient	Ultramarines	line	Your defiance will end under Ultramar's steel.	0.0	0.0	2.744	1.46		0		
VO_UM_Brutalis Dreadnought - I have embraced death to deliver it with every step!.wav	UM91	Brutalis Dreadnought	Ultramarines	line	Have embraced death to deliver it with every step.	0.0	0.0	4.1	1.45	I have embraced death to deliver it with every step!	0		
VO_UM_Calgar_attack.ogg	UM1	Marneus Calgar	Ultramarines	attack	Huh!	0.0	0.0	0.343	1.38		1		
VO_UM_Calgar_cantDo.ogg	UM1	Marneus Calgar	Ultramarines	cantdo	I can't do that!	0.0	0.0	1.081	1.4		0		
VO_UM_Calgar_concede.ogg	UM1	Marneus Calgar	Ultramarines	concede	May our sacrifice be worthy of the Emperor.	0.0	0.0	3.439	1.52		0		
VO_UM_Calgar_death.ogg	UM1	Marneus Calgar	Ultramarines	death	FUERGH!	0.0	0.0	1.287	4.03		0		
VO_UM_Calgar_gen1.ogg	UM1	Marneus Calgar	Ultramarines	gen1	Let us cleanse this place, brothers!	0.0	0.0	2.847	1.43		0		
VO_UM_Calgar_gen2.ogg	UM1	Marneus Calgar	Ultramarines	gen2	Battles like this are what I was made for.	0.0	0.0	3.353	1.47		0		
VO_UM_Calgar_gen3.ogg	UM1	Marneus Calgar	Ultramarines	gen3	Have you lost your taste for battle?	0.0	0.0	2.103	1.41		0		
VO_UM_Calgar_gen4.ogg	UM1	Marneus Calgar	Ultramarines	gen4	It is not a question of honor, but of duty.	0.0	0.0	2.969	1.49		0		
VO_UM_Calgar_gen5.ogg	UM1	Marneus Calgar	Ultramarines	gen5	When an Ultramarine bleeds, so does the chapter.	0.0	0.0	3.071	1.54		0		
VO_UM_Calgar_gen6.ogg	UM1	Marneus Calgar	Ultramarines	gen6	Regret is the most worthless emotion.	0.0	0.0	3.652	1.44		0		
VO_UM_Calgar_gen7.ogg	UM1	Marneus Calgar	Ultramarines	gen7	I look unkindly upon unnecessary heroics.	0.0	0.0	3.881	1.45		0		
VO_UM_Calgar_greet.ogg	UM1	Marneus Calgar	Ultramarines	greet	Throne be with us this battle.	0.0	0.0	2.004	1.44		0		
VO_UM_Calgar_hurry.ogg	UM1	Marneus Calgar	Ultramarines	hurry	Brothers! Back to the Coles for us!	0.0	0.0	2.641	1.46		0		
VO_UM_Calgar_intro.ogg	UM1	Marneus Calgar	Ultramarines	intro	Warriors of Ultramar, Courage and Honor!	0.0	0.0	3.5	1.42		0		
VO_UM_Calgar_mirror.ogg	UM1	Marneus Calgar	Ultramarines	mirror	For Ultramar!	0.0	0.0	1.468	1.42		0		
VO_UM_Calgar_threat.ogg	UM1	Marneus Calgar	Ultramarines	threat	Nothing shall stay awroth!	0.0	0.0	3.233	1.43		0		
VO_UM_Calgar_vsAgemman.ogg	UM1	Marneus Calgar	Ultramarines	vsagemman	Fight well, Severus.	0.0	0.0	1.575	1.39		0		
VO_UM_Calgar_vsGhazghkull.ogg	UM1	Marneus Calgar	Ultramarines	vsghazghkull	Today we triumph over the Greenskins once more, brothers!	0.0	0.0	4.041	1.45		0		
VO_UM_Calgar_vsMkar.ogg	UM1	Marneus Calgar	Ultramarines	vsmkar	And why would I, when I wish to destroy you?	0.0	0.0	3.02	1.46		0		
VO_UM_Calgar_vsTyranids.ogg	UM1	Marneus Calgar	Ultramarines	vstyranids	Right here and now, the fate of humanity is in our hands.	0.0	0.0	4.508	1.52		0		
VO_UM_Calgar_vsUrielVentris.ogg	UM1	Marneus Calgar	Ultramarines	vsurielventris	The fourth company is in your hands, brother Captain Ventress.	0.0	0.0	3.168	1.51		0		
VO_UM_Calgar_vsVarro.ogg	UM1	Marneus Calgar	Ultramarines	vsvarro	Tell me, Varro, what do you see?	0.0	0.0	2.343	1.49		0		
VO_UM_Calgar_wp.ogg	UM1	Marneus Calgar	Ultramarines	wp	Feminable, but no match for the Emperor's finest.	0.0	0.0	3.241	1.48		0		
VO_UM_Cato Sicarius - Let none stay our wrath.ogg	UM44	Captain Sicarius	Ultramarines	line	Let none stay a-wrath.	0.0	0.0	2.521	1.45	Let none stay our wrath	0		
VO_UM_Chairon (with Gadriel in play) - We shall thin their numbers today, brother.ogg	UM_Chairon	Chairon	Ultramarines	line	We shall thin their numbers today, brother.	0.0	0.0	2.036	1.47	We shall thin their numbers today, brother	0		
VO_UM_Chairon - I will make them suffer now.ogg	UM_Chairon	Chairon	Ultramarines	line	I will make them suffer now.	0.0	0.0	2.393	1.45	I will make them suffer now	0		
VO_UM_Chaplain Cassius - At our backs stand the whole of the Imperium.wav	UM84	Chaplain Cassius	Ultramarines	line	At our backs stands the whole of the Imperium.	0.0	0.0	3.428	1.49	At our backs stand the whole of the Imperium	0		
VO_UM_Chaplain Letharius_attack.ogg	UM65	Chaplain Letharius	Ultramarines	attack	URGH!	0.0	0.0	0.562	1.38		0		
VO_UM_Chaplain Letharius_cantDo.ogg	UM65	Chaplain Letharius	Ultramarines	cantdo	The Codex forbids this!	0.0	0.0	2.678	1.41		0		
VO_UM_Chaplain Letharius_concede.ogg	UM65	Chaplain Letharius	Ultramarines	concede	A reckoning shall come!	0.0	0.0	2.518	1.37		0		
VO_UM_Chaplain Letharius_death.ogg	UM65	Chaplain Letharius	Ultramarines	death	Arggghhh!	0.0	0.0	1.934	1.4		1		
VO_UM_Chaplain Letharius_gen1.ogg	UM65	Chaplain Letharius	Ultramarines	gen1	May his light guide us to victory!	0.0	0.0	3.566	1.37		0		
VO_UM_Chaplain Letharius_gen2.ogg	UM65	Chaplain Letharius	Ultramarines	gen2	Master, let your zeal drive you forward!	0.0	0.0	3.998	1.39		0		
VO_UM_Chaplain Letharius_gen3.ogg	UM65	Chaplain Letharius	Ultramarines	gen3	We ride with courage and honor!	0.0	0.0	3.586	1.38		0		
VO_UM_Chaplain Letharius_gen4.ogg	UM65	Chaplain Letharius	Ultramarines	gen4	You are DEFEATED!	0.0	0.0	2.794	1.36		0		
VO_UM_Chaplain Letharius_gen5.ogg	UM65	Chaplain Letharius	Ultramarines	gen5	I am his judgment, the crowsiest, his sentence!	0.0	0.0	5.51	1.47		0		
VO_UM_Chaplain Letharius_gen6.ogg	UM65	Chaplain Letharius	Ultramarines	gen6	Let your zeal fuel you, FORGIVEMAN!	0.0	0.0	4.242	1.46		0		
VO_UM_Chaplain Letharius_gen7.ogg	UM65	Chaplain Letharius	Ultramarines	gen7	The Emperor's wrath is swift and unrelenting!	0.0	0.0	3.89	1.43		0		
VO_UM_Chaplain Letharius_greet.ogg	UM65	Chaplain Letharius	Ultramarines	greet	So comes the time of righteous purging!	0.0	0.0	4.722	1.44		0		
VO_UM_Chaplain Letharius_hurry.ogg	UM65	Chaplain Letharius	Ultramarines	hurry	We must move faster!	0.0	0.0	2.662	1.38		0		
VO_UM_Chaplain Letharius_intro.ogg	UM65	Chaplain Letharius	Ultramarines	intro	Forward brothers!  Today, we...	0.0	0.0	5.838	1.46		0		
VO_UM_Chaplain Letharius_mirror.ogg	UM65	Chaplain Letharius	Ultramarines	mirror	Let the enemy quake beneath our treads!	0.0	0.0	3.602	1.4		0		
VO_UM_Chaplain Letharius_threat.ogg	UM65	Chaplain Letharius	Ultramarines	threat	No one outruns the Emperor's judgment!	0.0	0.0	3.294	1.47		0		
VO_UM_Chaplain Letharius_vsGhallaron.ogg	UM65	Chaplain Letharius	Ultramarines	vsghallaron	Your accursed existence will come to an end.  I will make sure of it.	0.0	0.0	6.554	1.54		0		
VO_UM_Chaplain Letharius_vsVanderghast.ogg	UM65	Chaplain Letharius	Ultramarines	vsvanderghast	Rejoice! For today, we cleanse the skies of these foul creatures.	0.0	0.0	6.962	1.51		0		
VO_UM_Chaplain Letharius_vsVentris.ogg	UM65	Chaplain Letharius	Ultramarines	vsventris	You failed to heed the Codex once. How soon will history repeat itself?	0.0	0.0	7.262	1.47		0		
VO_UM_Chaplain Letharius_wp.ogg	UM65	Chaplain Letharius	Ultramarines	wp	Set aside your arrogance, it will but hasten your downfall.	0.0	0.0	5.774	1.52		0		
VO_UM_Chapter Champion - I am Guilliman's blade!.wav	UM78	Chapter Champion	Ultramarines	line	I am Kiliman's Blade!	0.0	0.0	2.372	1.45	I am Guilliman's blade!	0		
VO_UM_Company Ancient - For the Chapter and Lord Guilliman.ogg	UM35	Company Ancient	Ultramarines	line	For the chapter and Lord Gilliman.	0.0	0.0	2.978	1.44	For the Chapter and Lord Guilliman	0		
VO_UM_Desolation Marine - Enemy located Leave no trace of them.ogg	UM_Desolation_Marine	Desolation Marine	Ultramarines	line	Enemy located. Leave no trace of them.	0.0	0.0	2.574	1.45	Enemy located Leave no trace of them	0		
VO_UM_Devastator Centurion - We march for Macragge.ogg	UM39	Devastator Centurion	Ultramarines	line	We march for McCrug!	0.0	0.0	1.943	1.41	We march for Macragge	0		
VO_UM_Devastator Marine - Keep firing! Sustained volley!.wav	UM39	Devastator Centurion	Ultramarines	line	Keep firing! Sustained volley!	0.0	0.0	3.042	1.47	Keep firing! Sustained volley!	0		
VO_UM_Dreadnought - Face the consequences of your existence.wav	UM86	Dreadnought	Ultramarines	line	Face the consequences of your existence.	0.0	0.0	3.113	1.56	Face the consequences of your existence	0		
VO_UM_Eliminator - Target acquired Your fate is sealed.ogg	UM17	Eliminator	Ultramarines	line	Target acquired. Your fate is sealed.	0.0	0.0	3.442	1.5	Target acquired Your fate is sealed	0		
VO_UM_Eliminator Sergeant - None will escape under my watch.ogg	UM17	Eliminator	Ultramarines	line	None will escape under my watch.	0.0	0.0	2.448	1.44	None will escape under my watch	0		
VO_UM_Epistolary Librarian - Knowledge is my blade wisdom my bullet.ogg	UM40	Epistolary Librarian	Ultramarines	line	Knowledge is my blade. Wisdom my bullet.	0.0	0.0	4.113	1.51	Knowledge is my blade wisdom my bullet	0		
VO_UM_Eradicator - We bring the fires of retribution Burn them down!.ogg	UM_Primaris_Eradicator	Primaris Eradicator	Ultramarines	line	We bring the fires of retribution. Burn them down!	0.0	0.0	3.081	1.52	We bring the fires of retribution Burn them down!	0		
VO_UM_Ferren Areios - Pride outlives the prideful I make sure of it.wav	UM89	Ferren Areios	Ultramarines	line	Pride outlives the prideful, I make sure of it.	0.0	0.0	4.296	1.6	Pride outlives the prideful I make sure of it	0		
VO_UM_Firstborn - We are the sons of Guilliman.ogg	UM13	Firstborn	Ultramarines	line	We are the sons of Geliman!	0.0	0.0	2.094	1.49	We are the sons of Guilliman	0		
VO_UM_Guilliman_Backup1.wav	UM_Roboute_Guilliman	Roboute Guilliman	Ultramarines	backup1	I will not walk a forbidden path.	0.0	0.0	1.585	1.44		0		
VO_UM_Guilliman_Backup10.wav	UM_Roboute_Guilliman	Roboute Guilliman	Ultramarines	backup10	How can anyone say they are strong if they have never been tested?	0.0	0.0	3.357	1.5		0		
VO_UM_Guilliman_Backup11.wav	UM_Roboute_Guilliman	Roboute Guilliman	Ultramarines	backup11	I am the Emperor's Voice, not his puppet.	0.0	0.0	2.901	1.49		0		
VO_UM_Guilliman_Backup12.wav	UM_Roboute_Guilliman	Roboute Guilliman	Ultramarines	backup12	Heresy is not to be reasoned with, it is to be exterminated.	0.0	0.0	3.68	1.54		0		
VO_UM_Guilliman_Backup2.wav	UM_Roboute_Guilliman	Roboute Guilliman	Ultramarines	backup2	Survival is not enough, mere survival means decline.	0.0	0.0	3.796	1.5		0		
VO_UM_Guilliman_Backup3.wav	UM_Roboute_Guilliman	Roboute Guilliman	Ultramarines	backup3	You face zeal forged through millennia.	0.0	0.0	2.756	1.44		0		
VO_UM_Guilliman_Backup4.wav	UM_Roboute_Guilliman	Roboute Guilliman	Ultramarines	backup4	Action without reason begets doom.	0.0	0.0	2.921	1.41		0		
VO_UM_Guilliman_Backup5.wav	UM_Roboute_Guilliman	Roboute Guilliman	Ultramarines	backup5	This is no longer war, this is a crusade to cleanse the stars.	0.0	0.0	4.91	1.58		0		
VO_UM_Guilliman_Backup6.wav	UM_Roboute_Guilliman	Roboute Guilliman	Ultramarines	backup6	The Imperium stands by will and resolve.	0.0	0.0	2.742	1.43		0		
VO_UM_Guilliman_Backup7.wav	UM_Roboute_Guilliman	Roboute Guilliman	Ultramarines	backup7	The past is dead, the present nearly so, only in the future is there life.	0.0	0.0	5.238	1.6		0		
VO_UM_Guilliman_Backup8.wav	UM_Roboute_Guilliman	Roboute Guilliman	Ultramarines	backup8	We are but pieces on the board of eternity.	0.0	0.0	3.433	1.49		0		
VO_UM_Guilliman_Backup9.wav	UM_Roboute_Guilliman	Roboute Guilliman	Ultramarines	backup9	We constantly battle the sins of those who have come before.	0.0	0.0	3.332	1.5		0		
VO_UM_Guilliman_attack.wav	UM_Roboute_Guilliman	Roboute Guilliman	Ultramarines	attack	BAAAARGH!	0.0	0.0	0.722	4.55		0		
VO_UM_Guilliman_cantDo.wav	UM_Roboute_Guilliman	Roboute Guilliman	Ultramarines	cantdo	I will not compromise the codex.	0.0	0.0	2.146	1.41		0		
VO_UM_Guilliman_concede.wav	UM_Roboute_Guilliman	Roboute Guilliman	Ultramarines	concede	Is this what you wanted from me, father?	0.0	0.0	2.61	1.45		0		
VO_UM_Guilliman_death.wav	UM_Roboute_Guilliman	Roboute Guilliman	Ultramarines	death	MMMMMMMMMMMMMMMM	0.0	0.0	1.63	1.48		0		generic
VO_UM_Guilliman_gen1.wav	UM_Roboute_Guilliman	Roboute Guilliman	Ultramarines	gen1	Pride undoes the mightiest.	0.0	0.0	2.175	1.46		0		
VO_UM_Guilliman_gen2.wav	UM_Roboute_Guilliman	Roboute Guilliman	Ultramarines	gen2	Only by reason can shadow be banished.	0.0	0.0	2.636	1.52		0		
VO_UM_Guilliman_gen3.wav	UM_Roboute_Guilliman	Roboute Guilliman	Ultramarines	gen3	Rise for Ultramar, rise for Terra and the Imperium.	0.0	0.0	3.943	1.54		0		
VO_UM_Guilliman_gen4.wav	UM_Roboute_Guilliman	Roboute Guilliman	Ultramarines	gen4	We are all bound by courage and honour.	0.0	0.0	2.411	1.52		0		
VO_UM_Guilliman_gen5.wav	UM_Roboute_Guilliman	Roboute Guilliman	Ultramarines	gen5	An outcome is forged by will, not fortune.	0.0	0.0	3.383	1.49		0		
VO_UM_Guilliman_gen6.wav	UM_Roboute_Guilliman	Roboute Guilliman	Ultramarines	gen6	I will not mourn the Imperium again.	0.0	0.0	2.808	1.52		0		
VO_UM_Guilliman_gen7.wav	UM_Roboute_Guilliman	Roboute Guilliman	Ultramarines	gen7	Keep your eyes forward, look at what is to come.	0.0	0.0	3.084	1.53		0		
VO_UM_Guilliman_greet.wav	UM_Roboute_Guilliman	Roboute Guilliman	Ultramarines	greet	Whether you see a new dawn is no longer your decision.	0.0	0.0	3.916	1.51		0		
VO_UM_Guilliman_hurry.wav	UM_Roboute_Guilliman	Roboute Guilliman	Ultramarines	hurry	I am no slave to impulse nor to stagnancy.	0.0	0.0	3.539	1.45		0		
VO_UM_Guilliman_intro.wav	UM_Roboute_Guilliman	Roboute Guilliman	Ultramarines	intro	Enough blood has been shed in my name, it's time I honor it.	0.0	0.0	5.113	1.59		0		
VO_UM_Guilliman_mirror.wav	UM_Roboute_Guilliman	Roboute Guilliman	Ultramarines	mirror	Every sacrifice, every decree, all for one more beat of the Imperium's heart.	0.0	0.0	6.076	1.57		0		
VO_UM_Guilliman_threat.wav	UM_Roboute_Guilliman	Roboute Guilliman	Ultramarines	threat	Mercy is a luxury the Imperium can no longer afford.	0.0	0.0	3.95	1.54		0		
VO_UM_Guilliman_vsAbaddon.wav	UM_Roboute_Guilliman	Roboute Guilliman	Ultramarines	vsabaddon	You are nothing but my brother's shadow and deserve his same fate.	0.0	0.0	3.697	1.5		0		
VO_UM_Guilliman_vsFulgrim.wav	UM_Roboute_Guilliman	Roboute Guilliman	Ultramarines	vsfulgrim	Honor demands I slay you.	0.0	0.0	2.252	1.43		0		
VO_UM_Guilliman_vsLion.wav	UM_Roboute_Guilliman	Roboute Guilliman	Ultramarines	vslion	We can ill afford division, not between us, not now.	0.0	0.0	4.789	1.55		0		
VO_UM_Guilliman_vsLucius.wav	UM_Roboute_Guilliman	Roboute Guilliman	Ultramarines	vslucius	The shortcomings of old will haunt us no longer.	0.0	0.0	2.992	1.49		0		
VO_UM_Guilliman_vsMortarion.wav	UM_Roboute_Guilliman	Roboute Guilliman	Ultramarines	vsmortarion	You are a traitor. You have brought low all that could have been.	0.0	0.0	5.031	1.55		0		
VO_UM_Guilliman_vsMorven.wav	UM_Roboute_Guilliman	Roboute Guilliman	Ultramarines	vsmorven	Belief alone will not save us.	0.0	0.0	2.337	1.48		0		
VO_UM_Guilliman_vsTyranid.wav	UM_Roboute_Guilliman	Roboute Guilliman	Ultramarines	vstyranid	Your founders shall soon be but a memory.	0.0	0.0	3.013	1.48		0		
VO_UM_Guilliman_vsUM.wav	UM_Roboute_Guilliman	Roboute Guilliman	Ultramarines	vsum	Let me witness my Scion's deeds first hand.	0.0	0.0	3.501	1.51		0		
VO_UM_Guilliman_vsUriel.wav	UM_Roboute_Guilliman	Roboute Guilliman	Ultramarines	vsuriel	I'm glad to see you survive the Rubicon primers.	0.0	0.0	3.13	1.55		0		
VO_UM_Guilliman_wp.wav	UM_Roboute_Guilliman	Roboute Guilliman	Ultramarines	wp	It seems you have a grasp of the practical after all.	0.0	0.0	3.609	1.57		0		
VO_UM_Heavy Intercessor - Stand firm, sons of Ultramar!.ogg	UM_Heavy_Intercessor	Heavy Intercessor	Ultramarines	line	Stand firm, sons of Ultramar!	0.0	0.0	2.965	1.48	Stand firm, sons of Ultramar!	0		
VO_UM_Hellblaster Squad - The bigger they are the harder they fall.ogg	UM_Hellblaster	Hellblaster	Ultramarines	line	The bigger they are, the harder they fall.	0.0	0.0	2.518	1.53	The bigger they are the harder they fall	0		
VO_UM_Honour Guard - For courage and honour.ogg	UM_Honour_Guard	Honour Guard	Ultramarines	line	Call College and Honour!	0.0	0.0	2.998	1.41	For courage and honour	0		
VO_UM_Inceptor Sergeant - Ready your jump packs we strike now.ogg	UM_Primaris_Inceptor	Primaris Inceptor	Ultramarines	line	Ready your jump packs? We strike now!	0.0	0.0	2.712	1.49	Ready your jump packs we strike now	0		
VO_UM_Incursor - Target acquired. Bring it down!.wav	UM71	Incursor	Ultramarines	line	Target acquired. Bring it down!	0.0	0.0	2.732	1.47	Target acquired. Bring it down!	0		
VO_UM_Intercessor Sergeant - For the Emperor and the Primarch.ogg	UM12	Assault Intercessor	Ultramarines	line	For the Emperor and the Primark!	0.0	0.0	2.874	1.53	For the Emperor and the Primarch	0		
VO_UM_Invictor Warsuit - There is nowhere we fear to tread.ogg	UM_Invictor_Warsuit	Invictor Warsuit	Ultramarines	line	There is nowhere we fear to tread!	0.0	0.0	2.954	1.47	There is nowhere we fear to tread	0		
VO_UM_Land Speeder - None shall stand in our way.ogg	UM_Land_Speeder	Land Speeder	Ultramarines	line	None shall stand in our way!	0.0	0.0	2.274	1.46	None shall stand in our way	0		
VO_UM_Lieutenant Calsius - Form up and advance.ogg	UM_Lieutenant_Calsius	Lieutenant Calsius	Ultramarines	line	Form up and advance!	0.0	0.0	1.513	1.42	Form up and advance	0		
VO_UM_Octavio Infiltrator - Hold positions, we strike soon.ogg	UM10	Octavio Infiltrator	Ultramarines	line	Hold positions! We strike soon!	0.0	0.0	2.103	1.45	Hold positions, we strike soon	0		
VO_UM_Outrider - With all due haste.ogg	UM_Outrider	Outrider	Ultramarines	line	All due haste!	0.0	0.0	1.711	1.41	With all due haste	0		
VO_UM_Phobos Librarian - We are His will made manifest!.wav	UM81	Phobos Librarian	Ultramarines	line	We are his Will-Made Manifest!	0.0	0.0	3.045	1.52	We are His will made manifest!	0		
VO_UM_Phobos Lieutenant - The Emperor's grace follows us.wav	UM_Phobos_Lieutenant	Phobos Lieutenant	Ultramarines	line	The Emperor's Grace Follows Us	0.0	0.0	2.116	1.45	The Emperor's grace follows us	0		
VO_UM_Primaris Chaplain - Trust in the Emperor at the hour of battle.ogg	UM_Primaris_Chaplain	Primaris Chaplain	Ultramarines	line	Trust in the Emperor at the hour of battle.	0.0	0.0	2.675	1.53	Trust in the Emperor at the hour of battle	0		
VO_UM_Primaris Impulsor - There's no hiding from Ultramar's wrath.ogg	UM_Primaris_Impulsor	Primaris Impulsor	Ultramarines	line	There's no hiding from Ultramar's wrath.	0.0	0.0	2.651	1.46	There's no hiding from Ultramar's wrath	0		
VO_UM_Primaris Inceptor - One strike is all I need.ogg	UM_Primaris_Inceptor	Primaris Inceptor	Ultramarines	line	One strike is all I need.	0.0	0.0	1.969	1.43	One strike is all I need	0		
VO_UM_Primaris Intercessor - For the Imperium.ogg	UM14	Primaris Intercessor	Ultramarines	line	For the Imperium!	0.0	0.0	1.374	1.37	For the Imperium	0		
VO_UM_Primaris Judiciar - Intro.ogg	UM32	Primaris Judiciar	Ultramarines	line		0.0	0.0	1.855	1.49	Intro	1	1	halluc
VO_UM_Primaris Reiver - They'll be dead before they see me coming.ogg	UM_Primaris_Reiver	Primaris Reiver	Ultramarines	line	They'll be dead before they see me coming!	0.0	0.0	2.541	1.41	They'll be dead before they see me coming	0		
VO_UM_Primaris Techmarine - I await your instructions.ogg	UM_Primaris_Techmarine	Primaris Techmarine	Ultramarines	line	I await your instructions.	0.0	0.0	1.838	1.42	I await your instructions	0		
VO_UM_Redemptor Dreadnought - Even in death I still serve.ogg	UM_Redemptor_Dreadnought	Redemptor Dreadnought	Ultramarines	line	Even in death, I still serve.	0.0	0.0	3.444	1.46	Even in death I still serve	0		
VO_UM_Repulsor Executioner - Let the roar of our cannons herald their doom.ogg	UM_Repulsor_Executioner	Repulsor Executioner	Ultramarines	line	Let the roar of our cannons herald their doom.	0.0	0.0	3.58	1.48	Let the roar of our cannons herald their doom	0		
VO_UM_Scout - Taking cover enemies in range.ogg	UM11	Scout	Ultramarines	line	Taking cover. Enemies in range.	0.0	0.0	2.033	1.41	Taking cover enemies in range	0		
VO_UM_Scout Bike - Aim true and strike them down.ogg	UM_Scout_bike	Scout bike	Ultramarines	line	Aim true and strike them down!	0.0	0.0	3.029	1.44	Aim true and strike them down	0		
VO_UM_Scout Sniper - Cut the head and the body will follow.wav	UM_Scout_Sniper	Scout Sniper	Ultramarines	line	Cut the head and the body will follow.	0.0	0.0	3.136	1.46	Cut the head and the body will follow	0		
VO_UM_Sergeant Allectius - Death wont take me without a fight.ogg	UM28	Sergeant Allectius	Ultramarines	line	Death won't take me without a fight.	0.0	0.0	2.368	1.41	Death wont take me without a fight	0		
VO_UM_Sergeant Gadriel (with Chairon in play) - You care to see who can slay more Xenos, brother Chairon.ogg	UM_Sergeant_Gadriel	Sergeant Gadriel	Ultramarines	line	Care to see who can slay Mozenos for the Chiron?	0.0	0.0	2.857	1.47	You care to see who can slay more Xenos, brother Chairon	0		
VO_UM_Sergeant Gadriel - Take them down!.ogg	UM_Sergeant_Gadriel	Sergeant Gadriel	Ultramarines	line	Take them down!	0.0	0.0	1.165	1.38	Take them down!	0		
VO_UM_Sergeant Tellion - Strike at their weakness to prevail.ogg	UM_Sergeant_Telion	Sergeant Telion	Ultramarines	line	Strike at their weakness to prevail.	0.0	0.0	2.204	1.44	Strike at their weakness to prevail	0		
VO_UM_Sternguard Veteran Sergeant - Shot by shot we will purge the Galaxy.ogg	UM_Tyrannic_War_Veteran	Tyrannic War Veteran	Ultramarines	line	Shot by shot, we will purge the galaxy!	0.0	0.0	2.843	1.48	Shot by shot we will purge the Galaxy	0		
VO_UM_Storm Speeder Hailstrike - Target acquired Leave no trace of them.ogg	UM_Storm_Speeder_Hailstrike	Storm Speeder Hailstrike	Ultramarines	line	Target acquired! Leave no trace of them!	0.0	0.0	2.785	1.43	Target acquired Leave no trace of them	0		
VO_UM_Stormtalon - Target located, flying into position.ogg	UM41	Stormtalon	Ultramarines	line	Target located. Flying into position.	0.0	0.0	2.303	1.41	Target located, flying into position	0		
VO_UM_Suppressor - A bolt unfired is a bolt wasted.wav	UM_Suppressor	Suppressor	Ultramarines	line	A bolt unfired is a bolt wasted.	0.0	0.0	2.307	1.43	A bolt unfired is a bolt wasted	0		
VO_UM_Tactical Marine - We are all sons of Lord Guilliman We all serve the Emperor.wav	UM_Master_Tactician	Master Tactician	Ultramarines	line	We are all sons of Lord Giliman. We all serve the Emperor.	0.0	0.0	3.656	1.49	We are all sons of Lord Guilliman We all serve the Emperor	0		
VO_UM_Terminator - I will test the limits of your arrogance.wav	UM82	Terminator	Ultramarines	line	I will test the limits of your arrogance.	0.0	0.0	3.55	1.4	I will test the limits of your arrogance	0		
VO_UM_Terminator Captain - Break them! Leave none standing!.wav	UM88	Terminator Captain	Ultramarines	line	Break them! Leave none standing!	0.0	0.0	3.007	1.36	Break them! Leave none standing!	0		
VO_UM_Titus_Backup1.ogg	UM_Lieutenant_Titus	Lieutenant Titus	Ultramarines	backup1	They will pay dearly for this.	0.0	0.0	1.888	1.38		0		
VO_UM_Titus_Backup2.ogg	UM_Lieutenant_Titus	Lieutenant Titus	Ultramarines	backup2	In his name I will fight!	0.0	0.0	1.786	1.36		0		
VO_UM_Titus_attack.ogg	UM_Lieutenant_Titus	Lieutenant Titus	Ultramarines	attack	MWAH!	0.0	0.0	0.585	1.35		1		
VO_UM_Titus_cantDo.ogg	UM_Lieutenant_Titus	Lieutenant Titus	Ultramarines	cantdo	Cannot yet oblige.	0.0	0.0	1.444	1.33		0		
VO_UM_Titus_concede.ogg	UM_Lieutenant_Titus	Lieutenant Titus	Ultramarines	concede	Death is the luxury of mortals.	0.0	0.0	2.068	1.36		0		
VO_UM_Titus_death.ogg	UM_Lieutenant_Titus	Lieutenant Titus	Ultramarines	death	Bawp!  Urgh!	0.0	0.0	1.862	4.72		0		
VO_UM_Titus_gen1.ogg	UM_Lieutenant_Titus	Lieutenant Titus	Ultramarines	gen1	Emperor, give me strength!	0.0	0.0	1.9	1.41		0		
VO_UM_Titus_gen2.ogg	UM_Lieutenant_Titus	Lieutenant Titus	Ultramarines	gen2	Victory belongs to whomever will go farthest to achieve it.	0.0	0.0	3.583	1.51		0		
VO_UM_Titus_gen3.ogg	UM_Lieutenant_Titus	Lieutenant Titus	Ultramarines	gen3	The Codex is a guide, not a commandment.	0.0	0.0	2.768	1.47		0		
VO_UM_Titus_gen4.ogg	UM_Lieutenant_Titus	Lieutenant Titus	Ultramarines	gen4	We march for McCrag.	0.0	0.0	1.781	1.39		0		
VO_UM_Titus_gen5.ogg	UM_Lieutenant_Titus	Lieutenant Titus	Ultramarines	gen5	For Ultramarines!	0.0	0.0	1.705	1.39		0		
VO_UM_Titus_gen6.ogg	UM_Lieutenant_Titus	Lieutenant Titus	Ultramarines	gen6	I will not falter when I still draw breath.	0.0	0.0	2.718	1.44		0		
VO_UM_Titus_gen7.ogg	UM_Lieutenant_Titus	Lieutenant Titus	Ultramarines	gen7	Come face the wrath of Ultramar!	0.0	0.0	2.704	1.42		0		
VO_UM_Titus_greet.ogg	UM_Lieutenant_Titus	Lieutenant Titus	Ultramarines	greet	Courage and honor.	0.0	0.0	1.026	1.36		0		
VO_UM_Titus_hurry.ogg	UM_Lieutenant_Titus	Lieutenant Titus	Ultramarines	hurry	No time to rest.	0.0	0.0	1.296	1.33		0		
VO_UM_Titus_intro.ogg	UM_Lieutenant_Titus	Lieutenant Titus	Ultramarines	intro	We are the Emperor's Chosen.	0.0	0.0	2.1	1.42		0		
VO_UM_Titus_mirror.ogg	UM_Lieutenant_Titus	Lieutenant Titus	Ultramarines	mirror	The galaxy will always find new ways to test you.	0.0	0.0	3.241	1.51		0		
VO_UM_Titus_threat.ogg	UM_Lieutenant_Titus	Lieutenant Titus	Ultramarines	threat	Face the Emperor's wrath!	0.0	0.0	1.996	1.41		0		
VO_UM_Titus_vsAeldari.ogg	UM_Lieutenant_Titus	Lieutenant Titus	Ultramarines	vsaeldari	Leave no Xenoth standing!	0.0	0.0	1.885	1.41		0		
VO_UM_Titus_vsChaos.ogg	UM_Lieutenant_Titus	Lieutenant Titus	Ultramarines	vschaos	Bury these accursed heretics!	0.0	0.0	2.358	1.41		0		
VO_UM_Titus_vsOrk.ogg	UM_Lieutenant_Titus	Lieutenant Titus	Ultramarines	vsork	Xenos Filth.	0.0	0.0	1.398	1.33		0		
VO_UM_Titus_vsTyranids.ogg	UM_Lieutenant_Titus	Lieutenant Titus	Ultramarines	vstyranids	TURNITS! Give no quarter!	0.0	0.0	2.039	1.44		0		
VO_UM_Titus_wp.ogg	UM_Lieutenant_Titus	Lieutenant Titus	Ultramarines	wp	They are not rid of me yet.	0.0	0.0	1.665	1.36		0		
VO_UM_Tyrannic War Veteran - We must push back the tide.ogg	UM_Tyrannic_War_Veteran	Tyrannic War Veteran	Ultramarines	line	We must push back the tide!	0.0	0.0	1.934	1.38	We must push back the tide	0		
VO_UM_Valius Paxor_Backup1.wav	UM70	Valius Paxor	Ultramarines	backup1	Let Valor guide your aim against the dying of the light.	0.0	0.0	3.949	1.43		0		
VO_UM_Valius Paxor_Backup2.wav	UM70	Valius Paxor	Ultramarines	backup2	Needs to dictate a new angle of attack.	0.0	0.0	3.438	1.44		0		
VO_UM_Valius Paxor_Backup3.wav	UM70	Valius Paxor	Ultramarines	backup3	It is not in my nature to yield.	0.0	0.0	3.241	1.4		0		
VO_UM_Valius Paxor_Backup4.wav	UM70	Valius Paxor	Ultramarines	backup4	Strike with purpose, charge with zeal.	0.0	0.0	3.106	1.41		0		
VO_UM_Valius Paxor_Backup5.wav	UM70	Valius Paxor	Ultramarines	backup5	Beg not for the mercy you do not deserve.	0.0	0.0	4.156	1.44		0		
VO_UM_Valius Paxor_Backup6.wav	UM70	Valius Paxor	Ultramarines	backup6	We are warriors of Ultramar. Courage and honor converged.	0.0	0.0	5.129	1.46		0		
VO_UM_Valius Paxor_attack.wav	UM70	Valius Paxor	Ultramarines	attack	Kyaa!	0.0	0.0	0.628	4.4		0		
VO_UM_Valius Paxor_cantDo.wav	UM70	Valius Paxor	Ultramarines	cantdo	This action is forbidden.	0.0	0.0	2.107	1.37		0		
VO_UM_Valius Paxor_concede.wav	UM70	Valius Paxor	Ultramarines	concede	I shall wash this shame away, that I promise.	0.0	0.0	4.657	1.46		0		
VO_UM_Valius Paxor_death.wav	UM70	Valius Paxor	Ultramarines	death	AHHHHH!	0.0	0.0	1.44	5.57		1		
VO_UM_Valius Paxor_gen1.wav	UM70	Valius Paxor	Ultramarines	gen1	You will break long before my shield does.	0.0	0.0	4.406	1.46		0		
VO_UM_Valius Paxor_gen2.wav	UM70	Valius Paxor	Ultramarines	gen2	One fierce strike can sunder entire armies.	0.0	0.0	4.222	1.47		0		
VO_UM_Valius Paxor_gen3.wav	UM70	Valius Paxor	Ultramarines	gen3	Steel and Resolve will pave the way.	0.0	0.0	3.363	1.44		0		
VO_UM_Valius Paxor_gen4.wav	UM70	Valius Paxor	Ultramarines	gen4	You are not half the horrors I faced on Talaza.	0.0	0.0	3.963	1.52		0		
VO_UM_Valius Paxor_gen5.wav	UM70	Valius Paxor	Ultramarines	gen5	A step in one direction is two steps away from another.	0.0	0.0	4.68	1.5		0		
VO_UM_Valius Paxor_gen6.wav	UM70	Valius Paxor	Ultramarines	gen6	Weild your courage to crush even the deepest shadows.	0.0	0.0	4.039	1.41		0		
VO_UM_Valius Paxor_gen7.wav	UM70	Valius Paxor	Ultramarines	gen7	I will not be caught unaware again.	0.0	0.0	3.439	1.37		0		
VO_UM_Valius Paxor_greet.wav	UM70	Valius Paxor	Ultramarines	greet	Your path ends where my hammer falls.	0.0	0.0	2.971	1.39		0		
VO_UM_Valius Paxor_hurry.wav	UM70	Valius Paxor	Ultramarines	hurry	Let no moment slip, strike now.	0.0	0.0	3.841	1.39		0		
VO_UM_Valius Paxor_intro.wav	UM70	Valius Paxor	Ultramarines	intro	The thunder of Ultramar shall echo through eternity.	0.0	0.0	4.471	1.43		0		
VO_UM_Valius Paxor_mirror.wav	UM70	Valius Paxor	Ultramarines	mirror	For the Primark!	0.0	0.0	2.303	1.37		0		
VO_UM_Valius Paxor_threat.wav	UM70	Valius Paxor	Ultramarines	threat	From the sky's death.	0.0	0.0	2.532	1.34		0		
VO_UM_Valius Paxor_vsEC.wav	UM70	Valius Paxor	Ultramarines	vsec	Is there no limit to your arrogance?	0.0	0.0	3.3	1.4		0		
VO_UM_Valius Paxor_vsTyranids.wav	UM70	Valius Paxor	Ultramarines	vstyranids	Time has come for these wretches to meet their end.	0.0	0.0	4.722	1.47		0		
VO_UM_Valius Paxor_vsUM.wav	UM70	Valius Paxor	Ultramarines	vsum	There is wisdom in brotherhood and value in its testing.	0.0	0.0	4.001	1.45		0		
VO_UM_Valius Paxor_wp.wav	UM70	Valius Paxor	Ultramarines	wp	Tactical Acumen! This might yet be a great battle!	0.0	0.0	4.11	1.45		0		
VO_UM_Valtus, Redemptor Dreadnought- Lead me to the slaughter!.ogg	UM_Redemptor_Dreadnought	Redemptor Dreadnought	Ultramarines	line	Take me to the slaughter!	0.0	0.0	1.937	1.41		0		
VO_UM_Vico Therbeus - Our foes seem without limit but we will find it.wav	UM_Vico_Therbeus	Vico Therbeus	Ultramarines	line	Our foes seem without limit, but we will find it.	0.0	0.0	3.992	1.51	Our foes seem without limit but we will find it	0		
VO_UM_Whirlwind - We bring Ultramar's fire!.wav	UM90	Whirlwind	Ultramarines	line	We bring Ultramar's fire!	0.0	0.0	2.854	1.42	We bring Ultramar's fire!	0		
VO_Ultramarines_Tigurius_attack.ogg	UM5	Varro Tigurius	Ultramarines	attack	UGH!	0.0	0.0	0.501	1.31		0		
VO_Ultramarines_Tigurius_cantDo.ogg	UM5	Varro Tigurius	Ultramarines	cantdo	I can't do that.	0.0	0.0	0.916	1.37		0		
VO_Ultramarines_Tigurius_concede.ogg	UM5	Varro Tigurius	Ultramarines	concede	The future is not set. Hope always glimmers.	0.0	0.0	3.116	1.44		0		
VO_Ultramarines_Tigurius_death.ogg	UM5	Varro Tigurius	Ultramarines	death	Aargh!	0.0	0.0	1.169	1.37		1		
VO_Ultramarines_Tigurius_gen1.ogg	UM5	Varro Tigurius	Ultramarines	gen1	You don't understand the complexities of the subtle arts.	0.0	0.0	3.351	1.39		0		
VO_Ultramarines_Tigurius_gen2.ogg	UM5	Varro Tigurius	Ultramarines	gen2	Taking risks is sometimes a necessity.	0.0	0.0	2.335	1.43		0		
VO_Ultramarines_Tigurius_gen3.ogg	UM5	Varro Tigurius	Ultramarines	gen3	I can see through your plan.	0.0	0.0	2.436	1.46		0		
VO_Ultramarines_Tigurius_gen4.ogg	UM5	Varro Tigurius	Ultramarines	gen4	The clever combatant imposes his will on the enemy.	0.0	0.0	3.116	1.51		0		
VO_Ultramarines_Tigurius_gen5.ogg	UM5	Varro Tigurius	Ultramarines	gen5	There is no honor in foolishness.	0.0	0.0	2.745	1.37		0		
VO_Ultramarines_Tigurius_gen6.ogg	UM5	Varro Tigurius	Ultramarines	gen6	Never falter, there is hope yet!	0.0	0.0	2.681	1.42		0		
VO_Ultramarines_Tigurius_gen7.ogg	UM5	Varro Tigurius	Ultramarines	gen7	Ultramarines, stand with weapons ready.	0.0	0.0	3.145	1.42		0		
VO_Ultramarines_Tigurius_greet.ogg	UM5	Varro Tigurius	Ultramarines	greet	I foresaw this encounter.	0.0	0.0	1.98	1.32		0		
VO_Ultramarines_Tigurius_hurry.ogg	UM5	Varro Tigurius	Ultramarines	hurry	Each path must be chosen with care.	0.0	0.0	2.241	1.36		0		
VO_Ultramarines_Tigurius_intro.ogg	UM5	Varro Tigurius	Ultramarines	intro	What is here to come, is for us to decide.	0.0	0.0	2.815	1.41		0		
VO_Ultramarines_Tigurius_mirror.ogg	UM5	Varro Tigurius	Ultramarines	mirror	May Ultramar stand in the times to be.	0.0	0.0	3.033	1.42		0		
VO_Ultramarines_Tigurius_threat.ogg	UM5	Varro Tigurius	Ultramarines	threat	Run, or accept your fate.	0.0	0.0	2.233	1.33		0		
VO_Ultramarines_Tigurius_vsCalgar.ogg	UM5	Varro Tigurius	Ultramarines	vscalgar	I wish you hadn't asked, my friend.	0.0	0.0	2.047	1.38		0		
VO_Ultramarines_Tigurius_vsGuilliman.ogg	UM5	Varro Tigurius	Ultramarines	vsguilliman	I, my lord.	0.0	0.0	0.887	1.3		0		
VO_Ultramarines_Tigurius_vsMKar.ogg	UM5	Varro Tigurius	Ultramarines	vsmkar	You should never have returned, Demon.	0.0	0.0	2.572	1.35		0		
VO_Ultramarines_Tigurius_vsTBC1.ogg	UM5	Varro Tigurius	Ultramarines	vstbc1	Divination is not an exact science.	0.0	0.0	3.071	1.4		0		
VO_Ultramarines_Tigurius_vsTBC2.ogg	UM5	Varro Tigurius	Ultramarines	vstbc2	Any plan is better than no plan.	0.0	0.0	2.167	1.38		0		
VO_Ultramarines_Tigurius_vsVentris.ogg	UM5	Varro Tigurius	Ultramarines	vsventris	The fate of the Ultramarines is bonded to you, Captain Ventress.	0.0	0.0	3.772	1.52		0		
VO_Ultramarines_Tigurius_wp.ogg	UM5	Varro Tigurius	Ultramarines	wp	Oh, you're cunning, but I'm wise to you.	0.0	0.0	2.869	1.47		0		
VO_Ultramarines_Ventris_attack.ogg	UM3	Uriel Ventris	Ultramarines	attack	Yeah!	0.0	0.0	0.375	1.3		0		generic
VO_Ultramarines_Ventris_cantDo.ogg	UM3	Uriel Ventris	Ultramarines	cantdo	I can't do that!	0.0	0.0	1.047	1.31		0		
VO_Ultramarines_Ventris_concede.ogg	UM3	Uriel Ventris	Ultramarines	concede	This place is no longer safe! Fall back!	0.0	0.0	2.673	1.47		0		
VO_Ultramarines_Ventris_death.ogg	UM3	Uriel Ventris	Ultramarines	death	SRAAAH!	0.0	0.0	1.369	6.59		0		
VO_Ultramarines_Ventris_gen1.ogg	UM3	Uriel Ventris	Ultramarines	gen1	We will not fail! We are Ultramarines!	0.0	0.0	3.785	1.48		0		
VO_Ultramarines_Ventris_gen2.ogg	UM3	Uriel Ventris	Ultramarines	gen2	You can't always guide your actions through cold logic.	0.0	0.0	3.511	1.44		0		
VO_Ultramarines_Ventris_gen3.ogg	UM3	Uriel Ventris	Ultramarines	gen3	Every shot counts.	0.0	0.0	1.567	1.39		0		
VO_Ultramarines_Ventris_gen4.ogg	UM3	Uriel Ventris	Ultramarines	gen4	I am not in the habit of praying for good outcomes.	0.0	0.0	3.372	1.46		0		
VO_Ultramarines_Ventris_gen5.ogg	UM3	Uriel Ventris	Ultramarines	gen5	I acted on instinct.	0.0	0.0	2.735	1.42		0		
VO_Ultramarines_Ventris_gen6.ogg	UM3	Uriel Ventris	Ultramarines	gen6	You are what you do. It's all about actions.	0.0	0.0	3.503	1.4		0		
VO_Ultramarines_Ventris_gen7.ogg	UM3	Uriel Ventris	Ultramarines	gen7	This is beyond anything I've learned.	0.0	0.0	2.233	1.36		0		
VO_Ultramarines_Ventris_greet.ogg	UM3	Uriel Ventris	Ultramarines	greet	We have a great battle on our hands.	0.0	0.0	2.575	1.39		0		
VO_Ultramarines_Ventris_hurry.ogg	UM3	Uriel Ventris	Ultramarines	hurry	We need to move! Now!	0.0	0.0	1.679	1.34		0		
VO_Ultramarines_Ventris_intro.ogg	UM3	Uriel Ventris	Ultramarines	intro	Swords of Calf, with me!	0.0	0.0	1.937	1.39		0		
VO_Ultramarines_Ventris_mirror.ogg	UM3	Uriel Ventris	Ultramarines	mirror	Ready for Arrowhead Formation!	0.0	0.0	1.801	1.34		0		
VO_Ultramarines_Ventris_threat.ogg	UM3	Uriel Ventris	Ultramarines	threat	I will tear you down and destroy you in his name!	0.0	0.0	4.5	1.44		0		
VO_Ultramarines_Ventris_vsCalgar.ogg	UM3	Uriel Ventris	Ultramarines	vscalgar	We stand ready to fight, Lord Calgar.	0.0	0.0	2.316	1.36		0		
VO_Ultramarines_Ventris_vsChaos.ogg	UM3	Uriel Ventris	Ultramarines	vschaos	Take down those traitorous dogs!	0.0	0.0	2.247	1.41		0		
VO_Ultramarines_Ventris_wp.ogg	UM3	Uriel Ventris	Ultramarines	wp	Closer than I would have liked!	0.0	0.0	1.513	1.33		0		
Sautekh_Orikan_attack.ogg	SAU5	Orikan the Diviner	Sautekh	attack	Sautekh.	0.0	0.0	0.588	1.7		1		
Sautekh_Orikan_cant.ogg	SAU5	Orikan the Diviner	Sautekh	cantdo	This cannot be done.	0.0	0.0	1.617	1.47		0		
Sautekh_Orikan_concede.ogg	SAU5	Orikan the Diviner	Sautekh	concede	Clearly, I need to go back in time and make adjustments.	0.0	0.0	3.145	1.5		0		
Sautekh_Orikan_death.ogg	SAU5	Orikan the Diviner	Sautekh	death	ROAR!	0.0	0.0	1.435	28.82		1		
Sautekh_Orikan_gen1.ogg	SAU5	Orikan the Diviner	Sautekh	gen1	Your tiny mind is no match for mine.	0.0	0.0	3.135	1.44		0		
Sautekh_Orikan_gen2.ogg	SAU5	Orikan the Diviner	Sautekh	gen2	I have foreseen the future and you wouldn't like it.	0.0	0.0	3.82	1.5		0		
Sautekh_Orikan_gen3.ogg	SAU5	Orikan the Diviner	Sautekh	gen3	A tiny adjustment to my calculations can have sweeping results.	0.0	0.0	4.335	1.48		0		
Sautekh_Orikan_gen4.ogg	SAU5	Orikan the Diviner	Sautekh	gen4	When the stars are right, I will embrace my true destiny.	0.0	0.0	3.751	1.54		0		
Sautekh_Orikan_gen5.ogg	SAU5	Orikan the Diviner	Sautekh	gen5	Metriculous planning is all that is needed to propel.	0.0	0.0	3.385	1.51		0		
Sautekh_Orikan_gen6.ogg	SAU5	Orikan the Diviner	Sautekh	gen6	Do you call that a strategy?	0.0	0.0	1.905	1.45		0		
Sautekh_Orikan_gen7.ogg	SAU5	Orikan the Diviner	Sautekh	gen7	Embrace the futility of your actions if you must.	0.0	0.0	3.135	1.54		0		
Sautekh_Orikan_greet.ogg	SAU5	Orikan the Diviner	Sautekh	greet	My name has been written throughout the eons.	0.0	0.0	2.847	1.48		0		
Sautekh_Orikan_hurry.ogg	SAU5	Orikan the Diviner	Sautekh	hurry	I have time, but not patience.	0.0	0.0	2.015	1.41		0		
Sautekh_Orikan_intro.ogg	SAU5	Orikan the Diviner	Sautekh	intro	Time is my weapon. Your pitiful mortality will be your ruin.	0.0	0.0	6.039	1.52		0		
Sautekh_Orikan_mirror.ogg	SAU5	Orikan the Diviner	Sautekh	mirror	In time you will rot, but I will still be here!	0.0	0.0	3.644	1.51		0		
Sautekh_Orikan_threat.ogg	SAU5	Orikan the Diviner	Sautekh	threat	Do what you will, you will soon be forgotten.	0.0	0.0	2.745	1.48		0		
Sautekh_Orikan_vsAbaddon.ogg	SAU5	Orikan the Diviner	Sautekh	vsabaddon	Only a fool uses the same strategy over and over again.	0.0	0.0	4.116	1.49		0		
Sautekh_Orikan_vsAeldari.ogg	SAU5	Orikan the Diviner	Sautekh	vsaeldari	Long live degenerates, your time is long gone.	0.0	0.0	3.58	1.46		0		
Sautekh_Orikan_vsCadia.ogg	SAU5	Orikan the Diviner	Sautekh	vscadia	You live such short lives, why even bother?	0.0	0.0	3.247	1.44		0		
Sautekh_Orikan_vsImotekh.ogg	SAU5	Orikan the Diviner	Sautekh	vsimotekh	You'll find that the stars are aligned with me.	0.0	0.0	2.983	1.46		0		
Sautekh_Orikan_vsTBC.ogg	SAU5	Orikan the Diviner	Sautekh	vstbc	Morpati is a concept I have not struggled with in millennia.	0.0	0.0	4.217	1.51		0		
Sautekh_Orikan_vsTrazyn.ogg	SAU5	Orikan the Diviner	Sautekh	vstrazyn	Are millennia of humiliation not enough for you?	0.0	0.0	3.453	1.47		0		
Sautekh_Orikan_wp.ogg	SAU5	Orikan the Diviner	Sautekh	wp	You defied my predictions, and I must respect that.	0.0	0.0	3.481	1.48		0		
VO_ADS_Dogmata - Do not dare to fail in your duties.ogg	SOR32	Dogmata	Sororitas	line	Do not dare to fail in your duties.	0.0	0.0	3.069	1.5	Do not dare to fail in your duties	0		
VO_AM_Bullgryn Bone'ead - Get behind me!.ogg	AM28	Bullgryn Bone’ead	AstraMilitarum	line	Get behind me!	0.0	0.0	1.162	1.39	Get behind me!	0		
VO_CSM_EC_Threnodic Choir Flawless Blade (Andrew Dennis).ogg	EC13	Flawless Blade	EmperorsChildren	line	The outside will pluck from your broken form.	0.0	0.0	4.207	1.45		0		
VO_Goff_Grukk_tbc.ogg	GOF1	Grukk Face-Rippa	Goff	tbc	Time to go all kill-y-like!	0.0	0.0	2.404	1.45		0		
VO_NOT USED_UM_Primaris Judiciar - You're not ready to take on a foe like me.ogg	UM32	Primaris Judiciar	Ultramarines	line	You're not ready to take on a foe like me.	0.0	0.0	3.158	1.48	You're not ready to take on a foe like me	0		
VO_Sautekh_Imotekh_attack.ogg	SAU1	Imotekh the Stormlord	Sautekh	attack	YAH!	0.0	0.0	0.481	1.38		1		
VO_Sautekh_Imotekh_cantDo.ogg	SAU1	Imotekh the Stormlord	Sautekh	cantdo	I cannot do that!	0.0	0.0	1.271	1.39		0		
VO_Sautekh_Imotekh_concede.ogg	SAU1	Imotekh the Stormlord	Sautekh	concede	This setback is merely an obstacle to be overcome.	0.0	0.0	3.676	1.55		0		
VO_Sautekh_Imotekh_death.ogg	SAU1	Imotekh the Stormlord	Sautekh	death	AHHHHH!	0.0	0.0	1.572	5.98		1		
VO_Sautekh_Imotekh_gen1.ogg	SAU1	Imotekh the Stormlord	Sautekh	gen1	For order, unity and obedience.	0.0	0.0	2.733	1.44		0		
VO_Sautekh_Imotekh_gen2.ogg	SAU1	Imotekh the Stormlord	Sautekh	gen2	In time, I will rule every star.	0.0	0.0	4.345	1.46		0		
VO_Sautekh_Imotekh_gen3.ogg	SAU1	Imotekh the Stormlord	Sautekh	gen3	Behold the storm blackened skies!	0.0	0.0	3.383	1.44		0		
VO_Sautekh_Imotekh_gen4.ogg	SAU1	Imotekh the Stormlord	Sautekh	gen4	You can't stop that, which has been set in motion.	0.0	0.0	3.433	1.48		0		
VO_Sautekh_Imotekh_gen5.ogg	SAU1	Imotekh the Stormlord	Sautekh	gen5	Your life is a brief flicker to that of an immortal.	0.0	0.0	4.42	1.5		0		
VO_Sautekh_Imotekh_gen6.ogg	SAU1	Imotekh the Stormlord	Sautekh	gen6	The galaxy will only know peace when I am its ruler.	0.0	0.0	3.953	1.49		0		
VO_Sautekh_Imotekh_gen7.ogg	SAU1	Imotekh the Stormlord	Sautekh	gen7	Time is short for you, but not for me.	0.0	0.0	3.308	1.46		0		
VO_Sautekh_Imotekh_greet.ogg	SAU1	Imotekh the Stormlord	Sautekh	greet	You will whisper my name with fear and respect.	0.0	0.0	4.911	1.5		0		
VO_Sautekh_Imotekh_hurry.ogg	SAU1	Imotekh the Stormlord	Sautekh	hurry	The stars will not wait.	0.0	0.0	2.249	1.41		0		
VO_Sautekh_Imotekh_intro.ogg	SAU1	Imotekh the Stormlord	Sautekh	intro	I will reshape this galaxy into a place of order and unity.	0.0	0.0	4.836	1.52		0		
VO_Sautekh_Imotekh_mirror.ogg	SAU1	Imotekh the Stormlord	Sautekh	mirror	Under my reign, the kingdoms of old shall live again.	0.0	0.0	4.785	1.51		0		
VO_Sautekh_Imotekh_threat.ogg	SAU1	Imotekh the Stormlord	Sautekh	threat	I will show you the futility of your actions.	0.0	0.0	3.585	1.44		0		
VO_Sautekh_Imotekh_vsAeldari.ogg	SAU1	Imotekh the Stormlord	Sautekh	vsaeldari	I bear the hand of your farce here. Do you care to take it back?	0.0	0.0	4.548	1.55		0		
VO_Sautekh_Imotekh_vsOrikan.ogg	SAU1	Imotekh the Stormlord	Sautekh	vsorikan	Did you foresee my victory, diviner?	0.0	0.0	3.369	1.48		0		
VO_Sautekh_Imotekh_vsOrks.ogg	SAU1	Imotekh the Stormlord	Sautekh	vsorks	You are forsaken, kind-sick, only to disrupt the logic of the galaxy.	0.0	0.0	5.036	1.57		0		
VO_Sautekh_Imotekh_vsTyranids.ogg	SAU1	Imotekh the Stormlord	Sautekh	vstyranids	My necrotherm is cannot be devoured.	0.0	0.0	2.639	1.46		0		
VO_Sautekh_Imotekh_vsUriel.ogg	SAU1	Imotekh the Stormlord	Sautekh	vsuriel	Ten thousand years you have ruled with nothing to show for it.	0.0	0.0	4.908	1.53		0		
VO_Sautekh_Imotekh_wp.ogg	SAU1	Imotekh the Stormlord	Sautekh	wp	You proved yourself to be unworthy foe.	0.0	0.0	3.036	1.47		0		
VO_SpaceWolves_Iron Priest - Sharp senses, sharper steel.ogg	SW24	Iron Priest	SpaceWolves	line	Shark Senses, Sharp Steel.	0.0	0.0	2.649	1.42	Sharp senses, sharper steel	0		
VO_SpaceWolves_Land Raider - We are the thunder of Fenris!.ogg	SW45	Land Raider	SpaceWolves	line	We are the founder of Fenris!	0.0	0.0	2.966	1.43	We are the thunder of Fenris!	0		
VO_SpaceWolves_Sons of Morkai Eliminator - Morkai's claws reach longer than one expects.ogg	SW36	Sons of Morkai Eliminator	SpaceWolves	line	Morkai's claws reach longer than one expects.	0.0	0.0	4.11	1.47	Morkai's claws reach longer than one expects	0		
VO_Tau_Empire_Fire Warrior Sniper - Precision and efficiency.ogg	TAU23	Fire Warrior Marksman	TauEmpire	line	Precision and Efficiency	0.0	0.0	1.81	1.39	Precision and efficiency	0		
VO_UM_2nd Company Terminator - Your fall will echo through the battlefield.wav	UM83	1st Company Terminator	Ultramarines	line	Your fall will echo through the battlefield.	0.0	0.0	2.646	1.44	Your fall will echo through the battlefield	0		
VO_UM_Bladeguard Lieutenant - Draw your blade for the Primarch.ogg	UM34	Bladeguard Veteran	Ultramarines	line	DRAW YOUR BLADE FOR THE PRIME ARC!	0.0	0.0	2.198	1.49	Draw your blade for the Primarch	0		
VO_UM_Predator Annihilator - Predator in position Let there be fire.ogg	UM_Predator_Annihilator	Predator Annihilator	Ultramarines	line	Predator in position, let there be fire!	0.0	0.0	3.438	1.48	Predator in position Let there be fire	0		
