effect	time	lit	sum	lit_srgb	sum_srgb
Acid Rain Damage Target	0.15	0	0	0	0
Acid Rain Damage Target	0.30	0	0	0	0
Acid Rain Damage Target	0.50	3	1	3	1
Acid Rain Damage Target	0.75	17	5	17	6
Acid Rain Damage Target	1.00	32	6	33	9
Acid Rain Damage Target	1.50	147	41	147	45
Acid Rain Damage Target	2.00	17	2	33	4
Acid Rain Damage Target	3.00	0	0	0	0
AcidSpraySweepAttack	0.15	26	8	26	9
AcidSpraySweepAttack	0.30	45	13	38	14
AcidSpraySweepAttack	0.50	72	18	65	20
AcidSpraySweepAttack	0.75	63	14	56	16
AcidSpraySweepAttack	1.00	53	14	47	16
AcidSpraySweepAttack	1.50	60	13	42	12
AcidSpraySweepAttack	2.00	59	17	55	18
AcidSpraySweepAttack	3.00	68	17	55	18
Air to Ground Big	0.15	187	83	181	73
Air to Ground Big	0.30	203	95	194	80
Air to Ground Big	0.50	59	35	60	27
Air to Ground Big	0.75	59	35	60	27
Air to Ground Big	1.00	145	60	145	46
Air to Ground Big	1.50	173	116	168	97
Air to Ground Big	2.00	0	0	0	0
Air to Ground Big	3.00	0	0	0	0
AlphaWarriorEffect	0.15	516	347	518	295
AlphaWarriorEffect	0.30	701	430	699	375
AlphaWarriorEffect	0.50	949	530	950	473
AlphaWarriorEffect	0.75	955	365	918	357
AlphaWarriorEffect	1.00	126	87	131	85
AlphaWarriorEffect	1.50	37	7	33	4
AlphaWarriorEffect	2.00	12	2	7	1
AlphaWarriorEffect	3.00	0	0	0	0
AmbushEffect	0.15	99	16	98	15
AmbushEffect	0.30	235	40	234	34
AmbushEffect	0.50	365	72	348	60
AmbushEffect	0.75	654	372	636	313
AmbushEffect	1.00	644	280	653	242
AmbushEffect	1.50	454	174	443	170
AmbushEffect	2.00	15	2	6	0
AmbushEffect	3.00	0	0	0	0
Antimatter Explosion	0.15	0	0	0	0
Antimatter Explosion	0.30	359	191	353	177
Antimatter Explosion	0.50	352	212	364	193
Antimatter Explosion	0.75	303	208	301	182
Antimatter Explosion	1.00	362	248	362	219
Antimatter Explosion	1.50	2238	1807	2239	1446
Antimatter Explosion	2.00	418	54	628	89
Antimatter Explosion	3.00	56	11	48	8
Arco-Flagellant Strike	0.15	111	58	103	49
Arco-Flagellant Strike	0.30	22	2	17	3
Arco-Flagellant Strike	0.50	0	0	0	0
Arco-Flagellant Strike	0.75	3	0	7	1
Arco-Flagellant Strike	1.00	0	0	1	0
Arco-Flagellant Strike	1.50	0	0	0	0
Arco-Flagellant Strike	2.00	0	0	0	0
Arco-Flagellant Strike	3.00	0	0	0	0
ArdAsNailsEffect	0.15	544	397	547	338
ArdAsNailsEffect	0.30	793	508	772	458
ArdAsNailsEffect	0.50	861	501	826	476
ArdAsNailsEffect	0.75	813	442	787	438
ArdAsNailsEffect	1.00	675	305	655	332
ArdAsNailsEffect	1.50	282	52	343	78
ArdAsNailsEffect	2.00	2	1	1	1
ArdAsNailsEffect	3.00	0	0	0	0
Armor_Necron	0.15	0	0	0	0
Armor_Necron	0.30	11	1	12	2
Armor_Necron	0.50	44	11	35	12
Armor_Necron	0.75	56	20	55	21
Armor_Necron	1.00	48	18	44	18
Armor_Necron	1.50	47	18	44	18
Armor_Necron	2.00	48	18	47	18
Armor_Necron	3.00	0	0	0	0
ArmourEffect	0.15	185	108	152	103
ArmourEffect	0.30	516	294	470	266
ArmourEffect	0.50	618	353	531	315
ArmourEffect	0.75	508	319	536	300
ArmourEffect	1.00	316	88	321	116
ArmourEffect	1.50	0	0	0	0
ArmourEffect	2.00	0	0	0	0
ArmourEffect	3.00	0	0	0	0
ArmourEffect_Bladeguard_Shield	0.15	70	54	70	30
ArmourEffect_Bladeguard_Shield	0.30	99	116	99	81
ArmourEffect_Bladeguard_Shield	0.50	159	146	159	118
ArmourEffect_Bladeguard_Shield	0.75	165	113	165	101
ArmourEffect_Bladeguard_Shield	1.00	165	112	165	101
ArmourEffect_Bladeguard_Shield	1.50	620	256	523	261
ArmourEffect_Bladeguard_Shield	2.00	120	35	125	37
ArmourEffect_Bladeguard_Shield	3.00	0	0	0	0
ArmourEffect_Nurgle	0.15	672	256	656	263
ArmourEffect_Nurgle	0.30	738	272	713	274
ArmourEffect_Nurgle	0.50	708	246	696	250
ArmourEffect_Nurgle	0.75	628	194	609	198
ArmourEffect_Nurgle	1.00	485	135	465	134
ArmourEffect_Nurgle	1.50	47	7	45	8
ArmourEffect_Nurgle	2.00	0	0	0	0
ArmourEffect_Nurgle	3.00	0	0	0	0
ArtificeEffect	0.15	2675	1514	2624	1247
ArtificeEffect	0.30	2785	1752	2739	1417
ArtificeEffect	0.50	2816	1793	2749	1452
ArtificeEffect	0.75	2620	1375	2565	1146
ArtificeEffect	1.00	706	684	688	468
ArtificeEffect	1.50	0	0	0	0
ArtificeEffect	2.00	0	0	0	0
ArtificeEffect	3.00	0	0	0	0
Artillery Ground	0.15	0	0	0	0
Artillery Ground	0.30	0	0	0	0
Artillery Ground	0.50	0	0	0	0
Artillery Ground	0.75	0	0	0	0
Artillery Ground	1.00	308	262	329	206
Artillery Ground	1.50	0	0	0	0
Artillery Ground	2.00	0	0	0	0
Artillery Ground	3.00	0	0	0	0
Artillery Manticore down 1x	0.15	43	23	43	20
Artillery Manticore down 1x	0.30	36	21	36	18
Artillery Manticore down 1x	0.50	66	40	74	43
Artillery Manticore down 1x	0.75	0	0	0	0
Artillery Manticore down 1x	1.00	0	0	0	0
Artillery Manticore down 1x	1.50	0	0	0	0
Artillery Manticore down 1x	2.00	0	0	0	0
Artillery Manticore down 1x	3.00	0	0	0	0
Artillery Manticore down 2x spread	0.15	186	119	178	106
Artillery Manticore down 2x spread	0.30	316	159	298	129
Artillery Manticore down 2x spread	0.50	410	220	403	196
Artillery Manticore down 2x spread	0.75	0	0	0	0
Artillery Manticore down 2x spread	1.00	0	0	0	0
Artillery Manticore down 2x spread	1.50	0	0	0	0
Artillery Manticore down 2x spread	2.00	0	0	0	0
Artillery Manticore down 2x spread	3.00	0	0	0	0
Artillery Manticore down 4x	0.15	46	29	48	28
Artillery Manticore down 4x	0.30	43	15	36	8
Artillery Manticore down 4x	0.50	182	100	190	98
Artillery Manticore down 4x	0.75	79	41	86	38
Artillery Manticore down 4x	1.00	0	0	0	0
Artillery Manticore down 4x	1.50	0	0	0	0
Artillery Manticore down 4x	2.00	0	0	0	0
Artillery Manticore down 4x	3.00	0	0	0	0
Artillery Manticore down 4x spread	0.15	191	118	200	111
Artillery Manticore down 4x spread	0.30	287	152	272	127
Artillery Manticore down 4x spread	0.50	739	401	733	368
Artillery Manticore down 4x spread	0.75	351	185	333	161
Artillery Manticore down 4x spread	1.00	0	0	0	0
Artillery Manticore down 4x spread	1.50	0	0	0	0
Artillery Manticore down 4x spread	2.00	0	0	0	0
Artillery Manticore down 4x spread	3.00	0	0	0	0
Artillery Manticore up 2x	0.15	56	20	57	19
Artillery Manticore up 2x	0.30	103	48	111	48
Artillery Manticore up 2x	0.50	155	54	165	58
Artillery Manticore up 2x	0.75	43	6	60	10
Artillery Manticore up 2x	1.00	19	2	38	5
Artillery Manticore up 2x	1.50	0	0	0	0
Artillery Manticore up 2x	2.00	0	0	0	0
Artillery Manticore up 2x	3.00	0	0	0	0
Artillery Manticore up 4x	0.15	58	21	54	20
Artillery Manticore up 4x	0.30	113	66	124	68
Artillery Manticore up 4x	0.50	245	134	262	139
Artillery Manticore up 4x	0.75	157	54	160	57
Artillery Manticore up 4x	1.00	59	9	82	14
Artillery Manticore up 4x	1.50	0	0	3	0
Artillery Manticore up 4x	2.00	0	0	0	0
Artillery Manticore up 4x	3.00	0	0	0	0
Atk_BulletImpact_Vox-pulse	0.15	23	6	19	7
Atk_BulletImpact_Vox-pulse	0.30	22	6	19	6
Atk_BulletImpact_Vox-pulse	0.50	0	0	0	0
Atk_BulletImpact_Vox-pulse	0.75	0	0	0	0
Atk_BulletImpact_Vox-pulse	1.00	0	0	0	0
Atk_BulletImpact_Vox-pulse	1.50	0	0	0	0
Atk_BulletImpact_Vox-pulse	2.00	0	0	0	0
Atk_BulletImpact_Vox-pulse	3.00	0	0	0	0
Atk_BulletImpact_Vox-pulse digital	0.15	17	7	16	7
Atk_BulletImpact_Vox-pulse digital	0.30	28	11	26	11
Atk_BulletImpact_Vox-pulse digital	0.50	0	0	0	0
Atk_BulletImpact_Vox-pulse digital	0.75	0	0	0	0
Atk_BulletImpact_Vox-pulse digital	1.00	0	0	0	0
Atk_BulletImpact_Vox-pulse digital	1.50	0	0	0	0
Atk_BulletImpact_Vox-pulse digital	2.00	0	0	0	0
Atk_BulletImpact_Vox-pulse digital	3.00	0	0	0	0
Atk_BulletImpact_Vox-pulse purple	0.15	31	13	26	12
Atk_BulletImpact_Vox-pulse purple	0.30	32	12	30	12
Atk_BulletImpact_Vox-pulse purple	0.50	0	0	0	0
Atk_BulletImpact_Vox-pulse purple	0.75	0	0	0	0
Atk_BulletImpact_Vox-pulse purple	1.00	0	0	0	0
Atk_BulletImpact_Vox-pulse purple	1.50	0	0	0	0
Atk_BulletImpact_Vox-pulse purple	2.00	0	0	0	0
Atk_BulletImpact_Vox-pulse purple	3.00	0	0	0	0
Atk_ChemVial_2	0.15	14	18	14	16
Atk_ChemVial_2	0.30	18	22	18	19
Atk_ChemVial_2	0.50	16	27	16	22
Atk_ChemVial_2	0.75	8	13	8	11
Atk_ChemVial_2	1.00	0	0	0	0
Atk_ChemVial_2	1.50	0	0	0	0
Atk_ChemVial_2	2.00	0	0	0	0
Atk_ChemVial_2	3.00	0	0	0	0
Atk_ExileGlaiveThrow Movement	0.15	1888	453	1907	460
Atk_ExileGlaiveThrow Movement	0.30	2	1	2	1
Atk_ExileGlaiveThrow Movement	0.50	0	0	0	0
Atk_ExileGlaiveThrow Movement	0.75	0	0	0	0
Atk_ExileGlaiveThrow Movement	1.00	0	0	0	0
Atk_ExileGlaiveThrow Movement	1.50	0	0	0	0
Atk_ExileGlaiveThrow Movement	2.00	0	0	0	0
Atk_ExileGlaiveThrow Movement	3.00	0	0	0	0
Atk_GrotGrenade	0.15	1888	455	1907	462
Atk_GrotGrenade	0.30	12	8	12	7
Atk_GrotGrenade	0.50	10	7	10	6
Atk_GrotGrenade	0.75	8	5	8	5
Atk_GrotGrenade	1.00	0	0	0	0
Atk_GrotGrenade	1.50	0	0	0	0
Atk_GrotGrenade	2.00	0	0	0	0
Atk_GrotGrenade	3.00	0	0	0	0
Atk_GrotGrenade_big	0.15	1887	457	1907	465
Atk_GrotGrenade_big	0.30	19	16	24	16
Atk_GrotGrenade_big	0.50	18	15	22	14
Atk_GrotGrenade_big	0.75	8	7	10	6
Atk_GrotGrenade_big	1.00	0	0	0	0
Atk_GrotGrenade_big	1.50	0	0	0	0
Atk_GrotGrenade_big	2.00	0	0	0	0
Atk_GrotGrenade_big	3.00	0	0	0	0
Atk_GrotRock	0.15	1267	236	1380	274
Atk_GrotRock	0.30	4	3	4	3
Atk_GrotRock	0.50	4	3	4	2
Atk_GrotRock	0.75	0	0	0	0
Atk_GrotRock	1.00	0	0	0	0
Atk_GrotRock	1.50	0	0	0	0
Atk_GrotRock	2.00	0	0	0	0
Atk_GrotRock	3.00	0	0	0	0
Atk_HelspearThrow Movement	0.15	1888	453	1907	460
Atk_HelspearThrow Movement	0.30	0	0	0	0
Atk_HelspearThrow Movement	0.50	0	0	0	0
Atk_HelspearThrow Movement	0.75	0	0	0	0
Atk_HelspearThrow Movement	1.00	0	0	0	0
Atk_HelspearThrow Movement	1.50	0	0	0	0
Atk_HelspearThrow Movement	2.00	0	0	0	0
Atk_HelspearThrow Movement	3.00	0	0	0	0
Atk_JainasMor	0.15	2083	1172	2111	973
Atk_JainasMor	0.30	2384	834	2391	765
Atk_JainasMor	0.50	0	0	0	0
Atk_JainasMor	0.75	99	44	96	41
Atk_JainasMor	1.00	354	251	344	205
Atk_JainasMor	1.50	0	0	0	0
Atk_JainasMor	2.00	0	0	0	0
Atk_JainasMor	3.00	0	0	0	0
Atk_KrootJavelinThrow Movement	0.15	1888	454	1907	461
Atk_KrootJavelinThrow Movement	0.30	4	3	4	3
Atk_KrootJavelinThrow Movement	0.50	4	3	4	3
Atk_KrootJavelinThrow Movement	0.75	4	3	4	2
Atk_KrootJavelinThrow Movement	1.00	0	0	0	0
Atk_KrootJavelinThrow Movement	1.50	0	0	0	0
Atk_KrootJavelinThrow Movement	2.00	0	0	0	0
Atk_KrootJavelinThrow Movement	3.00	0	0	0	0
Atk_Rokkit-Harpoon big	0.15	1836	462	1856	469
Atk_Rokkit-Harpoon big	0.30	203	73	202	70
Atk_Rokkit-Harpoon big	0.50	277	80	261	77
Atk_Rokkit-Harpoon big	0.75	160	36	170	44
Atk_Rokkit-Harpoon big	1.00	58	8	61	12
Atk_Rokkit-Harpoon big	1.50	0	0	0	0
Atk_Rokkit-Harpoon big	2.00	0	0	0	0
Atk_Rokkit-Harpoon big	3.00	0	0	0	0
Atk_Rokkit-Harpoon small	0.15	1836	462	1856	469
Atk_Rokkit-Harpoon small	0.30	203	73	202	70
Atk_Rokkit-Harpoon small	0.50	277	80	261	77
Atk_Rokkit-Harpoon small	0.75	160	36	170	44
Atk_Rokkit-Harpoon small	1.00	58	8	61	12
Atk_Rokkit-Harpoon small	1.50	0	0	0	0
Atk_Rokkit-Harpoon small	2.00	0	0	0	0
Atk_Rokkit-Harpoon small	3.00	0	0	0	0
Atk_StikkaThrow Movement	0.15	1903	495	1927	505
Atk_StikkaThrow Movement	0.30	44	66	44	72
Atk_StikkaThrow Movement	0.50	47	70	47	74
Atk_StikkaThrow Movement	0.75	0	0	0	0
Atk_StikkaThrow Movement	1.00	0	0	0	0
Atk_StikkaThrow Movement	1.50	0	0	0	0
Atk_StikkaThrow Movement	2.00	0	0	0	0
Atk_StikkaThrow Movement	3.00	0	0	0	0
Attack_Stomp	0.15	749	130	784	156
Attack_Stomp	0.30	665	232	651	224
Attack_Stomp	0.50	908	299	896	301
Attack_Stomp	0.75	1115	398	952	412
Attack_Stomp	1.00	1007	388	849	424
Attack_Stomp	1.50	298	78	346	109
Attack_Stomp	2.00	0	0	0	0
Attack_Stomp	3.00	0	0	0	0
AttackHitSmall	0.15	17	8	16	8
AttackHitSmall	0.30	1	0	1	0
AttackHitSmall	0.50	0	0	0	0
AttackHitSmall	0.75	1	1	1	0
AttackHitSmall	1.00	0	0	0	0
AttackHitSmall	1.50	0	0	0	0
AttackHitSmall	2.00	0	0	0	0
AttackHitSmall	3.00	0	0	0	0
AttackSquigEffect	0.15	0	0	0	0
AttackSquigEffect	0.30	0	0	0	0
AttackSquigEffect	0.50	0	0	0	0
AttackSquigEffect	0.75	14	1	5	0
AttackSquigEffect	1.00	0	0	0	0
AttackSquigEffect	1.50	0	0	0	0
AttackSquigEffect	2.00	0	0	0	0
AttackSquigEffect	3.00	0	0	0	0
Aura_WhileInPlay_1	0.15	0	0	0	0
Aura_WhileInPlay_1	0.30	1	0	1	0
Aura_WhileInPlay_1	0.50	1	0	1	1
Aura_WhileInPlay_1	0.75	3	0	1	0
Aura_WhileInPlay_1	1.00	7	2	6	2
Aura_WhileInPlay_1	1.50	6	4	7	4
Aura_WhileInPlay_1	2.00	7	5	7	5
Aura_WhileInPlay_1	3.00	7	2	7	2
Aura_WhileInPlay_2	0.15	0	0	0	0
Aura_WhileInPlay_2	0.30	0	0	0	0
Aura_WhileInPlay_2	0.50	0	0	0	0
Aura_WhileInPlay_2	0.75	0	0	0	0
Aura_WhileInPlay_2	1.00	0	0	2	0
Aura_WhileInPlay_2	1.50	4	0	12	1
Aura_WhileInPlay_2	2.00	12	1	23	3
Aura_WhileInPlay_2	3.00	14	1	21	2
Axe_Slash_User_SW	0.15	333	417	337	304
Axe_Slash_User_SW	0.30	336	407	318	294
Axe_Slash_User_SW	0.50	280	393	278	280
Axe_Slash_User_SW	0.75	248	374	248	266
Axe_Slash_User_SW	1.00	246	371	246	264
Axe_Slash_User_SW	1.50	246	371	246	265
Axe_Slash_User_SW	2.00	0	0	0	0
Axe_Slash_User_SW	3.00	0	0	0	0
BacklashEffect	0.15	0	0	0	0
BacklashEffect	0.30	437	133	439	145
BacklashEffect	0.50	1102	662	1096	596
BacklashEffect	0.75	1157	825	1172	652
BacklashEffect	1.00	1122	1096	1092	845
BacklashEffect	1.50	895	811	932	617
BacklashEffect	2.00	1023	391	1040	391
BacklashEffect	3.00	1	0	1	0
Backstab Dagger	0.15	18	10	28	9
Backstab Dagger	0.30	27	8	41	9
Backstab Dagger	0.50	18	7	28	7
Backstab Dagger	0.75	15	7	28	7
Backstab Dagger	1.00	0	0	4	0
Backstab Dagger	1.50	0	0	0	0
Backstab Dagger	2.00	0	0	0	0
Backstab Dagger	3.00	0	0	0	0
Backstab Dagger Intense	0.15	18	10	28	9
Backstab Dagger Intense	0.30	32	9	46	9
Backstab Dagger Intense	0.50	52	22	66	21
Backstab Dagger Intense	0.75	70	30	83	29
Backstab Dagger Intense	1.00	64	19	66	19
Backstab Dagger Intense	1.50	1	0	2	0
Backstab Dagger Intense	2.00	0	0	0	0
Backstab Dagger Intense	3.00	0	0	0	0
BansheeHowl	0.15	220	39	225	56
BansheeHowl	0.30	593	98	725	153
BansheeHowl	0.50	716	119	858	185
BansheeHowl	0.75	765	116	959	185
BansheeHowl	1.00	755	103	1081	182
BansheeHowl	1.50	0	0	0	0
BansheeHowl	2.00	0	0	0	0
BansheeHowl	3.00	0	0	0	0
BansheeHowl_blood	0.15	437	111	437	102
BansheeHowl_blood	0.30	714	197	693	188
BansheeHowl_blood	0.50	796	149	718	157
BansheeHowl_blood	0.75	49	5	87	10
BansheeHowl_blood	1.00	19	2	45	5
BansheeHowl_blood	1.50	0	0	0	0
BansheeHowl_blood	2.00	0	0	0	0
BansheeHowl_blood	3.00	0	0	0	0
BansheeHowl_blood glow	0.15	995	349	967	315
BansheeHowl_blood glow	0.30	1630	478	1596	454
BansheeHowl_blood glow	0.50	793	150	734	160
BansheeHowl_blood glow	0.75	49	5	87	10
BansheeHowl_blood glow	1.00	19	2	45	5
BansheeHowl_blood glow	1.50	0	0	0	0
BansheeHowl_blood glow	2.00	0	0	0	0
BansheeHowl_blood glow	3.00	0	0	0	0
BansheeHowl_warlord	0.15	220	39	225	56
BansheeHowl_warlord	0.30	593	98	725	153
BansheeHowl_warlord	0.50	716	119	858	185
BansheeHowl_warlord	0.75	765	116	959	185
BansheeHowl_warlord	1.00	755	103	1081	182
BansheeHowl_warlord	1.50	0	0	0	0
BansheeHowl_warlord	2.00	0	0	0	0
BansheeHowl_warlord	3.00	0	0	0	0
Basic_army_BL	0.15	218	117	213	93
Basic_army_BL	0.30	398	198	377	155
Basic_army_BL	0.50	529	243	502	192
Basic_army_BL	0.75	574	214	541	180
Basic_army_BL	1.00	880	445	859	348
Basic_army_BL	1.50	332	107	311	90
Basic_army_BL	2.00	0	0	0	0
Basic_army_BL	3.00	0	0	0	0
Basic_army_DA	0.15	186	103	177	99
Basic_army_DA	0.30	316	181	300	176
Basic_army_DA	0.50	412	222	391	222
Basic_army_DA	0.75	432	194	426	208
Basic_army_DA	1.00	822	595	799	512
Basic_army_DA	1.50	306	183	307	169
Basic_army_DA	2.00	0	0	0	0
Basic_army_DA	3.00	0	0	0	0
Basic_army_DA_Intense	0.15	186	104	178	100
Basic_army_DA_Intense	0.30	316	181	300	176
Basic_army_DA_Intense	0.50	412	222	391	223
Basic_army_DA_Intense	0.75	432	196	428	210
Basic_army_DA_Intense	1.00	861	638	837	546
Basic_army_DA_Intense	1.50	422	229	402	204
Basic_army_DA_Intense	2.00	1	0	0	0
Basic_army_DA_Intense	3.00	0	0	0	0
Basic_army_DA_Intense_Secret	0.15	180	82	187	79
Basic_army_DA_Intense_Secret	0.30	248	100	259	91
Basic_army_DA_Intense_Secret	0.50	320	113	335	100
Basic_army_DA_Intense_Secret	0.75	292	100	312	85
Basic_army_DA_Intense_Secret	1.00	646	343	634	346
Basic_army_DA_Intense_Secret	1.50	305	107	286	110
Basic_army_DA_Intense_Secret	2.00	28	6	25	4
Basic_army_DA_Intense_Secret	3.00	0	0	0	0
Basic_army_DA_NoIcon	0.15	136	64	126	62
Basic_army_DA_NoIcon	0.30	144	101	138	87
Basic_army_DA_NoIcon	0.50	154	140	150	112
Basic_army_DA_NoIcon	0.75	161	175	159	131
Basic_army_DA_NoIcon	1.00	753	529	728	456
Basic_army_DA_NoIcon	1.50	664	331	644	320
Basic_army_DA_NoIcon	2.00	0	0	0	0
Basic_army_DA_NoIcon	3.00	0	0	0	0
Basic_army_GSC	0.15	229	199	218	156
Basic_army_GSC	0.30	344	293	338	231
Basic_army_GSC	0.50	488	360	477	296
Basic_army_GSC	0.75	554	305	523	270
Basic_army_GSC	1.00	734	518	725	432
Basic_army_GSC	1.50	283	175	276	149
Basic_army_GSC	2.00	21	5	29	6
Basic_army_GSC	3.00	0	0	0	0
Basic_army_GSC_intense	0.15	265	229	256	181
Basic_army_GSC_intense	0.30	425	362	414	286
Basic_army_GSC_intense	0.50	563	428	551	348
Basic_army_GSC_intense	0.75	639	363	619	322
Basic_army_GSC_intense	1.00	929	696	924	569
Basic_army_GSC_intense	1.50	543	315	526	265
Basic_army_GSC_intense	2.00	240	50	228	53
Basic_army_GSC_intense	3.00	0	0	0	0
Basic_army_GSC_Jackal	0.15	210	189	206	147
Basic_army_GSC_Jackal	0.30	337	288	332	227
Basic_army_GSC_Jackal	0.50	478	352	467	288
Basic_army_GSC_Jackal	0.75	538	299	514	265
Basic_army_GSC_Jackal	1.00	791	537	777	448
Basic_army_GSC_Jackal	1.50	479	240	468	214
Basic_army_GSC_Jackal	2.00	239	68	240	74
Basic_army_GSC_Jackal	3.00	0	0	0	0
Basic_army_GSC_shake	0.15	228	198	218	155
Basic_army_GSC_shake	0.30	345	293	339	231
Basic_army_GSC_shake	0.50	488	360	477	296
Basic_army_GSC_shake	0.75	552	305	523	270
Basic_army_GSC_shake	1.00	735	518	731	433
Basic_army_GSC_shake	1.50	280	175	279	149
Basic_army_GSC_shake	2.00	22	5	28	6
Basic_army_GSC_shake	3.00	0	0	0	0
Basic_army_Guard	0.15	87	44	86	43
Basic_army_Guard	0.30	124	54	116	53
Basic_army_Guard	0.50	196	79	186	80
Basic_army_Guard	0.75	492	194	488	200
Basic_army_Guard	1.00	441	180	435	188
Basic_army_Guard	1.50	85	13	99	20
Basic_army_Guard	2.00	0	0	0	0
Basic_army_Guard	3.00	0	0	0	0
Basic_army_Guard Board	0.15	58	31	55	30
Basic_army_Guard Board	0.30	104	47	93	45
Basic_army_Guard Board	0.50	133	62	127	61
Basic_army_Guard Board	0.75	454	241	448	213
Basic_army_Guard Board	1.00	422	260	427	222
Basic_army_Guard Board	1.50	110	60	115	52
Basic_army_Guard Board	2.00	59	18	54	18
Basic_army_Guard Board	3.00	0	0	0	0
Basic_army_Guard Digital	0.15	737	211	653	221
Basic_army_Guard Digital	0.30	1037	386	932	365
Basic_army_Guard Digital	0.50	1022	478	1074	438
Basic_army_Guard Digital	0.75	1064	566	1036	491
Basic_army_Guard Digital	1.00	1928	797	1855	750
Basic_army_Guard Digital	1.50	892	171	845	211
Basic_army_Guard Digital	2.00	0	0	0	0
Basic_army_Guard Digital	3.00	0	0	0	0
Basic_army_Guard Intense	0.15	110	62	108	62
Basic_army_Guard Intense	0.30	145	61	133	59
Basic_army_Guard Intense	0.50	201	88	192	87
Basic_army_Guard Intense	0.75	753	398	718	347
Basic_army_Guard Intense	1.00	1045	588	1021	493
Basic_army_Guard Intense	1.50	573	183	575	184
Basic_army_Guard Intense	2.00	92	28	83	28
Basic_army_Guard Intense	3.00	0	0	0	0
Basic_army_Guard_quick	0.15	1560	916	1445	804
Basic_army_Guard_quick	0.30	1415	745	1275	704
Basic_army_Guard_quick	0.50	1172	532	1176	552
Basic_army_Guard_quick	0.75	919	312	1088	370
Basic_army_Guard_quick	1.00	0	0	0	0
Basic_army_Guard_quick	1.50	0	0	0	0
Basic_army_Guard_quick	2.00	0	0	0	0
Basic_army_Guard_quick	3.00	0	0	0	0
Basic_army_Guard_quick Master of Ordnance	0.15	1424	579	1281	578
Basic_army_Guard_quick Master of Ordnance	0.30	1615	736	1468	732
Basic_army_Guard_quick Master of Ordnance	0.50	1858	732	1616	767
Basic_army_Guard_quick Master of Ordnance	0.75	945	278	1093	338
Basic_army_Guard_quick Master of Ordnance	1.00	0	0	0	0
Basic_army_Guard_quick Master of Ordnance	1.50	0	0	0	0
Basic_army_Guard_quick Master of Ordnance	2.00	0	0	0	0
Basic_army_Guard_quick Master of Ordnance	3.00	0	0	0	0
Basic_army_UM	0.15	208	141	206	123
Basic_army_UM	0.30	361	228	355	205
Basic_army_UM	0.50	481	271	460	251
Basic_army_UM	0.75	510	230	505	233
Basic_army_UM	1.00	853	578	843	508
Basic_army_UM	1.50	287	122	282	127
Basic_army_UM	2.00	0	0	0	0
Basic_army_UM	3.00	0	0	0	0
Basic_army_UM_Chainsword	0.15	208	141	206	123
Basic_army_UM_Chainsword	0.30	361	228	355	205
Basic_army_UM_Chainsword	0.50	481	271	460	251
Basic_army_UM_Chainsword	0.75	510	230	505	233
Basic_army_UM_Chainsword	1.00	853	578	843	508
Basic_army_UM_Chainsword	1.50	288	123	282	128
Basic_army_UM_Chainsword	2.00	0	0	0	0
Basic_army_UM_Chainsword	3.00	0	0	0	0
Basic_army_UM_Chant	0.15	208	141	206	123
Basic_army_UM_Chant	0.30	361	228	355	205
Basic_army_UM_Chant	0.50	481	271	460	251
Basic_army_UM_Chant	0.75	510	230	505	233
Basic_army_UM_Chant	1.00	853	578	843	508
Basic_army_UM_Chant	1.50	287	122	282	127
Basic_army_UM_Chant	2.00	0	0	0	0
Basic_army_UM_Chant	3.00	0	0	0	0
Basic_army_UM_chaplain	0.15	815	547	798	485
Basic_army_UM_chaplain	0.30	873	613	859	532
Basic_army_UM_chaplain	0.50	922	661	908	568
Basic_army_UM_chaplain	0.75	823	584	809	504
Basic_army_UM_chaplain	1.00	428	267	427	231
Basic_army_UM_chaplain	1.50	94	46	96	48
Basic_army_UM_chaplain	2.00	0	0	0	0
Basic_army_UM_chaplain	3.00	0	0	0	0
Basic_army_UM_Guilliman	0.15	136	93	131	82
Basic_army_UM_Guilliman	0.30	227	150	222	133
Basic_army_UM_Guilliman	0.50	320	183	305	170
Basic_army_UM_Guilliman	0.75	331	156	319	156
Basic_army_UM_Guilliman	1.00	690	521	684	442
Basic_army_UM_Guilliman	1.50	233	117	218	113
Basic_army_UM_Guilliman	2.00	0	0	0	0
Basic_army_UM_Guilliman	3.00	0	0	0	0
Basic_army_UM_Hammer	0.15	208	141	206	123
Basic_army_UM_Hammer	0.30	361	228	355	205
Basic_army_UM_Hammer	0.50	481	271	460	251
Basic_army_UM_Hammer	0.75	510	230	505	233
Basic_army_UM_Hammer	1.00	853	580	843	510
Basic_army_UM_Hammer	1.50	287	123	282	128
Basic_army_UM_Hammer	2.00	0	0	0	0
Basic_army_UM_Hammer	3.00	0	0	0	0
Basic_army_UM_Pre-Effect	0.15	14	5	14	5
Basic_army_UM_Pre-Effect	0.30	39	10	35	10
Basic_army_UM_Pre-Effect	0.50	90	26	80	28
Basic_army_UM_Pre-Effect	0.75	125	38	118	39
Basic_army_UM_Pre-Effect	1.00	115	33	104	36
Basic_army_UM_Pre-Effect	1.50	57	14	59	18
Basic_army_UM_Pre-Effect	2.00	0	0	0	0
Basic_army_UM_Pre-Effect	3.00	0	0	0	0
Basic_army_UM_quick	0.15	898	562	889	504
Basic_army_UM_quick	0.30	788	493	771	444
Basic_army_UM_quick	0.50	562	321	543	301
Basic_army_UM_quick	0.75	294	159	298	153
Basic_army_UM_quick	1.00	4	1	3	1
Basic_army_UM_quick	1.50	0	0	0	0
Basic_army_UM_quick	2.00	0	0	0	0
Basic_army_UM_quick	3.00	0	0	0	0
BeastSnagga_Summon	0.15	21	15	21	13
BeastSnagga_Summon	0.30	63	30	60	30
BeastSnagga_Summon	0.50	149	64	140	68
BeastSnagga_Summon	0.75	285	119	249	126
BeastSnagga_Summon	1.00	400	157	349	169
BeastSnagga_Summon	1.50	475	158	442	180
BeastSnagga_Summon	2.00	255	64	251	84
BeastSnagga_Summon	3.00	0	0	0	0
BigKrumpaKlawEffect	0.15	81	24	79	22
BigKrumpaKlawEffect	0.30	335	180	338	166
BigKrumpaKlawEffect	0.50	376	177	367	171
BigKrumpaKlawEffect	0.75	0	0	0	0
BigKrumpaKlawEffect	1.00	0	0	0	0
BigKrumpaKlawEffect	1.50	0	0	0	0
BigKrumpaKlawEffect	2.00	0	0	0	0
BigKrumpaKlawEffect	3.00	0	0	0	0
Birth of a Saga	0.15	0	0	0	0
Birth of a Saga	0.30	2	0	4	0
Birth of a Saga	0.50	16	3	20	4
Birth of a Saga	0.75	80	20	72	21
Birth of a Saga	1.00	192	45	189	49
Birth of a Saga	1.50	529	133	463	143
Birth of a Saga	2.00	752	207	681	226
Birth of a Saga	3.00	799	218	737	242
BlackCrusade_Battleground	0.15	0	0	0	0
BlackCrusade_Battleground	0.30	53	10	60	15
BlackCrusade_Battleground	0.50	91	21	76	25
BlackCrusade_Battleground	0.75	118	29	114	32
BlackCrusade_Battleground	1.00	113	25	111	26
BlackCrusade_Battleground	1.50	112	24	111	23
BlackCrusade_Battleground	2.00	151	102	146	92
BlackCrusade_Battleground	3.00	162	169	161	132
BlackCrusade_Battleground repeat	0.15	0	0	0	0
BlackCrusade_Battleground repeat	0.30	77	19	69	23
BlackCrusade_Battleground repeat	0.50	115	27	109	30
BlackCrusade_Battleground repeat	0.75	111	21	108	21
BlackCrusade_Battleground repeat	1.00	115	23	111	22
BlackCrusade_Battleground repeat	1.50	115	22	113	22
BlackCrusade_Battleground repeat	2.00	154	112	150	99
BlackCrusade_Battleground repeat	3.00	113	38	103	41
Blacksword_Missile_offscreen	0.15	1	0	1	0
Blacksword_Missile_offscreen	0.30	4	1	2	1
Blacksword_Missile_offscreen	0.50	8	2	7	1
Blacksword_Missile_offscreen	0.75	14	2	9	1
Blacksword_Missile_offscreen	1.00	5	1	2	0
Blacksword_Missile_offscreen	1.50	3	0	1	0
Blacksword_Missile_offscreen	2.00	2	0	1	0
Blacksword_Missile_offscreen	3.00	0	0	0	0
Blacksword_Missile_volley	0.15	190	88	176	80
Blacksword_Missile_volley	0.30	277	105	238	89
Blacksword_Missile_volley	0.50	494	157	410	124
Blacksword_Missile_volley	0.75	760	342	657	302
Blacksword_Missile_volley	1.00	908	410	793	362
Blacksword_Missile_volley	1.50	908	410	793	362
Blacksword_Missile_volley	2.00	908	410	793	362
Blacksword_Missile_volley	3.00	908	410	793	362
Blast_Big_Ork	0.15	22	11	27	12
Blast_Big_Ork	0.30	12	6	12	6
Blast_Big_Ork	0.50	18	7	18	8
Blast_Big_Ork	0.75	45	21	48	24
Blast_Big_Ork	1.00	19	9	20	10
Blast_Big_Ork	1.50	26	13	26	14
Blast_Big_Ork	2.00	31	16	32	18
Blast_Big_Ork	3.00	1	1	1	1
Blast_Big_Ork_Missiles	0.15	28	17	32	18
Blast_Big_Ork_Missiles	0.30	10	4	11	5
Blast_Big_Ork_Missiles	0.50	13	5	13	6
Blast_Big_Ork_Missiles	0.75	46	26	48	28
Blast_Big_Ork_Missiles	1.00	17	10	17	11
Blast_Big_Ork_Missiles	1.50	25	15	25	16
Blast_Big_Ork_Missiles	2.00	8	7	8	6
Blast_Big_Ork_Missiles	3.00	0	0	0	0
Blast_Plasma	0.15	0	0	0	0
Blast_Plasma	0.30	0	0	0	0
Blast_Plasma	0.50	0	0	0	0
Blast_Plasma	0.75	2	0	2	1
Blast_Plasma	1.00	4	3	4	3
Blast_Plasma	1.50	21	17	21	15
Blast_Plasma	2.00	13	5	12	5
Blast_Plasma	3.00	0	0	0	0
Blast_Plasma_Helbrute	0.15	10	3	10	3
Blast_Plasma_Helbrute	0.30	21	9	24	8
Blast_Plasma_Helbrute	0.50	30	21	30	20
Blast_Plasma_Helbrute	0.75	33	34	35	31
Blast_Plasma_Helbrute	1.00	32	9	37	11
Blast_Plasma_Helbrute	1.50	0	0	0	0
Blast_Plasma_Helbrute	2.00	0	0	0	0
Blast_Plasma_Helbrute	3.00	0	0	0	0
Blast_Plasma_MegaBlasta	0.15	2	0	1	0
Blast_Plasma_MegaBlasta	0.30	2	0	0	0
Blast_Plasma_MegaBlasta	0.50	2	0	1	0
Blast_Plasma_MegaBlasta	0.75	2	0	2	0
Blast_Plasma_MegaBlasta	1.00	3	0	2	0
Blast_Plasma_MegaBlasta	1.50	21	9	20	7
Blast_Plasma_MegaBlasta	2.00	27	5	26	4
Blast_Plasma_MegaBlasta	3.00	0	0	0	0
Blast_Plasma_Sentinel	0.15	12	10	12	10
Blast_Plasma_Sentinel	0.30	32	26	30	24
Blast_Plasma_Sentinel	0.50	39	33	38	29
Blast_Plasma_Sentinel	0.75	40	41	43	36
Blast_Plasma_Sentinel	1.00	45	31	46	31
Blast_Plasma_Sentinel	1.50	0	0	0	0
Blast_Plasma_Sentinel	2.00	2	0	2	0
Blast_Plasma_Sentinel	3.00	0	0	0	0
Blast_Plasma_Sentinel_twinlink	0.15	23	21	23	21
Blast_Plasma_Sentinel_twinlink	0.30	52	49	52	44
Blast_Plasma_Sentinel_twinlink	0.50	67	61	68	53
Blast_Plasma_Sentinel_twinlink	0.75	69	74	67	63
Blast_Plasma_Sentinel_twinlink	1.00	70	55	69	51
Blast_Plasma_Sentinel_twinlink	1.50	0	0	0	0
Blast_Plasma_Sentinel_twinlink	2.00	2	0	2	0
Blast_Plasma_Sentinel_twinlink	3.00	0	0	0	0
BlastEffect	0.15	161	69	154	68
BlastEffect	0.30	161	76	159	76
BlastEffect	0.50	173	77	166	80
BlastEffect	0.75	133	43	134	50
BlastEffect	1.00	3	1	13	2
BlastEffect	1.50	0	0	0	0
BlastEffect	2.00	0	0	0	0
BlastEffect	3.00	0	0	0	0
Blind_continuous_effect	0.15	619	199	620	211
Blind_continuous_effect	0.30	1461	485	1333	493
Blind_continuous_effect	0.50	2238	940	2145	927
Blind_continuous_effect	0.75	2698	1001	2593	972
Blind_continuous_effect	1.00	1957	659	1930	587
Blind_continuous_effect	1.50	1209	707	1204	624
Blind_continuous_effect	2.00	2370	1194	2324	1096
Blind_continuous_effect	3.00	2388	1283	2381	1172
BlindEffect	0.15	788	429	770	406
BlindEffect	0.30	1715	914	1695	869
BlindEffect	0.50	2546	1096	2460	1068
BlindEffect	0.75	129	14	37	5
BlindEffect	1.00	4	3	3	2
BlindEffect	1.50	2	1	2	1
BlindEffect	2.00	1	0	0	0
BlindEffect	3.00	0	0	0	0
BloodThirstEffect	0.15	228	80	214	77
BloodThirstEffect	0.30	321	144	297	131
BloodThirstEffect	0.50	577	275	550	247
BloodThirstEffect	0.75	566	233	522	215
BloodThirstEffect	1.00	295	112	285	107
BloodThirstEffect	1.50	1	0	1	0
BloodThirstEffect	2.00	0	0	0	0
BloodThirstEffect	3.00	0	0	0	0
BloodThirstEffect_continuous	0.15	0	0	0	0
BloodThirstEffect_continuous	0.30	0	0	0	0
BloodThirstEffect_continuous	0.50	0	0	0	0
BloodThirstEffect_continuous	0.75	0	0	0	0
BloodThirstEffect_continuous	1.00	3223	1238	3088	1118
BloodThirstEffect_continuous	1.50	3048	955	2843	897
BloodThirstEffect_continuous	2.00	2915	877	2751	841
BloodThirstEffect_continuous	3.00	3212	1264	3084	1134
BloodThirstEffect_Gain	0.15	538	258	501	211
BloodThirstEffect_Gain	0.30	641	288	604	239
BloodThirstEffect_Gain	0.50	775	359	728	296
BloodThirstEffect_Gain	0.75	868	336	823	282
BloodThirstEffect_Gain	1.00	403	103	360	93
BloodThirstEffect_Gain	1.50	68	9	108	15
BloodThirstEffect_Gain	2.00	1	0	1	0
BloodThirstEffect_Gain	3.00	0	0	0	0
BloodThirstEffect_Idle	0.15	0	0	0	0
BloodThirstEffect_Idle	0.30	0	0	0	0
BloodThirstEffect_Idle	0.50	0	0	0	0
BloodThirstEffect_Idle	0.75	0	0	0	0
BloodThirstEffect_Idle	1.00	1114	183	1244	223
BloodThirstEffect_Idle	1.50	2834	714	2516	649
BloodThirstEffect_Idle	2.00	3112	879	2859	784
BloodThirstEffect_Idle	3.00	3145	854	2857	756
BloodThirstEffect_Lose	0.15	1173	233	1166	262
BloodThirstEffect_Lose	0.30	2075	538	1779	488
BloodThirstEffect_Lose	0.50	2624	783	2391	680
BloodThirstEffect_Lose	0.75	2145	550	1834	537
BloodThirstEffect_Lose	1.00	350	98	359	111
BloodThirstEffect_Lose	1.50	28	11	29	13
BloodThirstEffect_Lose	2.00	0	0	0	0
BloodThirstEffect_Lose	3.00	0	0	0	0
BloodySplash	0.15	125	56	122	48
BloodySplash	0.30	225	69	222	62
BloodySplash	0.50	251	43	222	42
BloodySplash	0.75	142	20	151	25
BloodySplash	1.00	0	0	4	0
BloodySplash	1.50	0	0	0	0
BloodySplash	2.00	0	0	0	0
BloodySplash	3.00	0	0	0	0
BlueSummonCircle	0.15	101	61	101	54
BlueSummonCircle	0.30	366	140	354	133
BlueSummonCircle	0.50	615	317	619	286
BlueSummonCircle	0.75	1114	600	1109	569
BlueSummonCircle	1.00	1649	931	1645	970
BlueSummonCircle	1.50	1021	352	1052	331
BlueSummonCircle	2.00	119	64	122	57
BlueSummonCircle	3.00	0	0	0	0
Bolter Casing_Imperial	0.15	13	9	13	9
Bolter Casing_Imperial	0.30	31	29	31	31
Bolter Casing_Imperial	0.50	35	13	35	17
Bolter Casing_Imperial	0.75	30	33	31	34
Bolter Casing_Imperial	1.00	24	27	24	27
Bolter Casing_Imperial	1.50	0	0	0	0
Bolter Casing_Imperial	2.00	0	0	0	0
Bolter Casing_Imperial	3.00	0	0	0	0
Bolter Casing_Orks	0.15	3	3	3	3
Bolter Casing_Orks	0.30	8	5	8	5
Bolter Casing_Orks	0.50	9	3	9	4
Bolter Casing_Orks	0.75	10	8	10	7
Bolter Casing_Orks	1.00	9	9	9	8
Bolter Casing_Orks	1.50	0	0	0	0
Bolter Casing_Orks	2.00	0	0	0	0
Bolter Casing_Orks	3.00	0	0	0	0
Bolter Casing_Traitor	0.15	6	8	6	7
Bolter Casing_Traitor	0.30	10	6	11	7
Bolter Casing_Traitor	0.50	14	5	14	7
Bolter Casing_Traitor	0.75	11	10	11	10
Bolter Casing_Traitor	1.00	12	14	12	15
Bolter Casing_Traitor	1.50	2	0	2	0
Bolter Casing_Traitor	2.00	0	0	0	0
Bolter Casing_Traitor	3.00	0	0	0	0
BolterSweep	0.15	70	36	71	35
BolterSweep	0.30	128	56	131	58
BolterSweep	0.50	165	78	161	77
BolterSweep	0.75	150	82	146	78
BolterSweep	1.00	181	87	181	88
BolterSweep	1.50	196	96	195	99
BolterSweep	2.00	170	79	161	83
BolterSweep	3.00	7	5	10	5
BolterSweep_2	0.15	104	47	101	44
BolterSweep_2	0.30	186	76	177	74
BolterSweep_2	0.50	224	106	220	103
BolterSweep_2	0.75	216	109	209	103
BolterSweep_2	1.00	248	118	246	119
BolterSweep_2	1.50	266	120	262	120
BolterSweep_2	2.00	196	86	196	89
BolterSweep_2	3.00	6	4	10	4
Bore Through	0.15	960	481	905	362
Bore Through	0.30	1176	598	1154	450
Bore Through	0.50	1195	569	1161	418
Bore Through	0.75	1169	598	1155	448
Bore Through	1.00	1284	599	1283	443
Bore Through	1.50	71	15	63	12
Bore Through	2.00	13	1	7	1
Bore Through	3.00	0	0	0	0
Bore Through Intense	0.15	747	448	702	344
Bore Through Intense	0.30	989	565	946	437
Bore Through Intense	0.50	1070	546	1023	418
Bore Through Intense	0.75	1053	568	1021	440
Bore Through Intense	1.00	1148	571	1119	436
Bore Through Intense	1.50	1702	981	1718	736
Bore Through Intense	2.00	1367	736	1385	569
Bore Through Intense	3.00	8	1	7	1
Buff EC On Warlord When Creating Card	0.15	339	96	299	98
Buff EC On Warlord When Creating Card	0.30	464	151	416	153
Buff EC On Warlord When Creating Card	0.50	520	200	479	199
Buff EC On Warlord When Creating Card	0.75	337	154	312	150
Buff EC On Warlord When Creating Card	1.00	116	70	109	62
Buff EC On Warlord When Creating Card	1.50	475	268	459	240
Buff EC On Warlord When Creating Card	2.00	300	121	290	124
Buff EC On Warlord When Creating Card	3.00	196	77	187	81
Buff EC Pink Twirl	0.15	323	82	299	93
Buff EC Pink Twirl	0.30	527	218	499	213
Buff EC Pink Twirl	0.50	625	295	594	274
Buff EC Pink Twirl	0.75	702	355	655	316
Buff EC Pink Twirl	1.00	707	434	693	369
Buff EC Pink Twirl	1.50	606	466	589	378
Buff EC Pink Twirl	2.00	298	125	282	130
Buff EC Pink Twirl	3.00	169	66	163	71
Buff EC Pink Twirl Intense	0.15	313	70	288	83
Buff EC Pink Twirl Intense	0.30	528	175	489	179
Buff EC Pink Twirl Intense	0.50	628	223	571	218
Buff EC Pink Twirl Intense	0.75	667	204	608	205
Buff EC Pink Twirl Intense	1.00	564	159	538	171
Buff EC Pink Twirl Intense	1.50	707	270	689	261
Buff EC Pink Twirl Intense	2.00	546	193	590	179
Buff EC Pink Twirl Intense	3.00	173	64	165	70
Buff EC Stimulate	0.15	49	11	38	9
Buff EC Stimulate	0.30	151	45	146	45
Buff EC Stimulate	0.50	224	86	217	84
Buff EC Stimulate	0.75	311	137	305	127
Buff EC Stimulate	1.00	342	157	327	140
Buff EC Stimulate	1.50	303	116	290	112
Buff EC Stimulate	2.00	107	18	108	18
Buff EC Stimulate	3.00	0	0	0	0
Buff EC Stimulate passive	0.15	1	1	1	1
Buff EC Stimulate passive	0.30	3	1	3	0
Buff EC Stimulate passive	0.50	14	3	13	3
Buff EC Stimulate passive	0.75	20	9	20	10
Buff EC Stimulate passive	1.00	25	9	24	10
Buff EC Stimulate passive	1.50	36	13	26	13
Buff EC Stimulate passive	2.00	49	17	38	17
Buff EC Stimulate passive	3.00	48	17	40	18
Buff_BL_Intense	0.15	312	180	291	171
Buff_BL_Intense	0.30	292	165	272	158
Buff_BL_Intense	0.50	225	113	211	113
Buff_BL_Intense	0.75	167	59	160	64
Buff_BL_Intense	1.00	78	13	71	13
Buff_BL_Intense	1.50	21	2	26	2
Buff_BL_Intense	2.00	0	0	1	0
Buff_BL_Intense	3.00	0	0	0	0
Buff_Blue	0.15	937	570	915	516
Buff_Blue	0.30	847	511	821	464
Buff_Blue	0.50	644	348	630	329
Buff_Blue	0.75	329	136	320	141
Buff_Blue	1.00	8	2	5	2
Buff_Blue	1.50	0	0	0	0
Buff_Blue	2.00	0	0	0	0
Buff_Blue	3.00	0	0	0	0
Buff_Blue_SW	0.15	892	727	901	583
Buff_Blue_SW	0.30	809	655	821	527
Buff_Blue_SW	0.50	644	445	641	374
Buff_Blue_SW	0.75	322	171	323	157
Buff_Blue_SW	1.00	7	10	7	7
Buff_Blue_SW	1.50	2	3	2	2
Buff_Blue_SW	2.00	0	0	0	0
Buff_Blue_SW	3.00	0	0	0	0
Buff_Blue_SW_Intense	0.15	998	889	1006	694
Buff_Blue_SW_Intense	0.30	946	829	955	650
Buff_Blue_SW_Intense	0.50	804	625	805	504
Buff_Blue_SW_Intense	0.75	484	316	477	271
Buff_Blue_SW_Intense	1.00	255	104	253	101
Buff_Blue_SW_Intense	1.50	0	0	0	0
Buff_Blue_SW_Intense	2.00	0	0	0	0
Buff_Blue_SW_Intense	3.00	0	0	0	0
Buff_Blue_SW_Wolf	0.15	881	774	887	613
Buff_Blue_SW_Wolf	0.30	651	272	612	227
Buff_Blue_SW_Wolf	0.50	371	119	345	108
Buff_Blue_SW_Wolf	0.75	1	1	1	1
Buff_Blue_SW_Wolf	1.00	1	0	1	0
Buff_Blue_SW_Wolf	1.50	0	0	0	0
Buff_Blue_SW_Wolf	2.00	0	0	0	0
Buff_Blue_SW_Wolf	3.00	0	0	0	0
Buff_Blue_Tau	0.15	937	570	915	516
Buff_Blue_Tau	0.30	847	511	821	464
Buff_Blue_Tau	0.50	669	367	654	344
Buff_Blue_Tau	0.75	380	153	362	157
Buff_Blue_Tau	1.00	8	2	5	2
Buff_Blue_Tau	1.50	0	0	0	0
Buff_Blue_Tau	2.00	0	0	0	0
Buff_Blue_Tau	3.00	0	0	0	0
Buff_Blue_Tau_quick	0.15	937	570	915	516
Buff_Blue_Tau_quick	0.30	868	527	841	476
Buff_Blue_Tau_quick	0.50	644	348	630	329
Buff_Blue_Tau_quick	0.75	329	136	320	141
Buff_Blue_Tau_quick	1.00	8	2	5	2
Buff_Blue_Tau_quick	1.50	0	0	0	0
Buff_Blue_Tau_quick	2.00	0	0	0	0
Buff_Blue_Tau_quick	3.00	0	0	0	0
Buff_Chaos_Star	0.15	328	160	311	132
Buff_Chaos_Star	0.30	467	223	436	178
Buff_Chaos_Star	0.50	579	274	541	221
Buff_Chaos_Star	0.75	620	238	588	198
Buff_Chaos_Star	1.00	885	516	867	402
Buff_Chaos_Star	1.50	408	181	388	154
Buff_Chaos_Star	2.00	0	0	0	0
Buff_Chaos_Star	3.00	0	0	0	0
Buff_DA_Forest_Self	0.15	56	14	38	10
Buff_DA_Forest_Self	0.30	148	44	124	37
Buff_DA_Forest_Self	0.50	228	93	221	82
Buff_DA_Forest_Self	0.75	303	138	295	125
Buff_DA_Forest_Self	1.00	388	171	386	156
Buff_DA_Forest_Self	1.50	492	205	474	194
Buff_DA_Forest_Self	2.00	513	196	499	185
Buff_DA_Forest_Self	3.00	351	87	344	92
Buff_DA_Forest_Target	0.15	122	22	103	20
Buff_DA_Forest_Target	0.30	261	62	247	55
Buff_DA_Forest_Target	0.50	390	118	406	98
Buff_DA_Forest_Target	0.75	558	171	582	139
Buff_DA_Forest_Target	1.00	694	193	714	157
Buff_DA_Forest_Target	1.50	894	266	887	210
Buff_DA_Forest_Target	2.00	868	226	816	182
Buff_DA_Forest_Target	3.00	430	77	341	59
Buff_DaemonicFrenzy	0.15	670	208	661	210
Buff_DaemonicFrenzy	0.30	640	197	624	196
Buff_DaemonicFrenzy	0.50	524	138	513	136
Buff_DaemonicFrenzy	0.75	311	60	300	58
Buff_DaemonicFrenzy	1.00	85	11	51	5
Buff_DaemonicFrenzy	1.50	0	0	0	0
Buff_DaemonicFrenzy	2.00	0	0	0	0
Buff_DaemonicFrenzy	3.00	0	0	0	0
Buff_DaemonicPact	0.15	42	8	50	8
Buff_DaemonicPact	0.30	132	35	141	38
Buff_DaemonicPact	0.50	252	75	262	75
Buff_DaemonicPact	0.75	364	137	383	144
Buff_DaemonicPact	1.00	437	175	445	185
Buff_DaemonicPact	1.50	531	219	546	245
Buff_DaemonicPact	2.00	516	188	517	206
Buff_DaemonicPact	3.00	195	79	199	93
Buff_DaemonicPact_troop	0.15	654	218	651	226
Buff_DaemonicPact_troop	0.30	625	212	609	221
Buff_DaemonicPact_troop	0.50	453	114	447	116
Buff_DaemonicPact_troop	0.75	191	34	187	37
Buff_DaemonicPact_troop	1.00	0	0	0	0
Buff_DaemonicPact_troop	1.50	0	0	0	0
Buff_DaemonicPact_troop	2.00	0	0	0	0
Buff_DaemonicPact_troop	3.00	0	0	0	0
Buff_DarkOratory	0.15	721	426	702	388
Buff_DarkOratory	0.30	677	386	663	353
Buff_DarkOratory	0.50	511	259	475	243
Buff_DarkOratory	0.75	278	104	255	108
Buff_DarkOratory	1.00	7	1	3	0
Buff_DarkOratory	1.50	0	0	0	0
Buff_DarkOratory	2.00	0	0	0	0
Buff_DarkOratory	3.00	0	0	0	0
Buff_DiabolicStrength	0.15	653	367	619	359
Buff_DiabolicStrength	0.30	624	339	595	333
Buff_DiabolicStrength	0.50	506	247	475	248
Buff_DiabolicStrength	0.75	279	96	260	102
Buff_DiabolicStrength	1.00	62	8	40	4
Buff_DiabolicStrength	1.50	0	0	0	0
Buff_DiabolicStrength	2.00	0	0	0	0
Buff_DiabolicStrength	3.00	0	0	0	0
Buff_Drach'nyen	0.15	58	18	55	17
Buff_Drach'nyen	0.30	63	16	55	16
Buff_Drach'nyen	0.50	743	417	720	385
Buff_Drach'nyen	0.75	585	295	551	278
Buff_Drach'nyen	1.00	331	135	303	135
Buff_Drach'nyen	1.50	0	0	0	0
Buff_Drach'nyen	2.00	0	0	0	0
Buff_Drach'nyen	3.00	0	0	0	0
Buff_Eldar_Warp Spider	0.15	503	137	447	150
Buff_Eldar_Warp Spider	0.30	725	205	675	214
Buff_Eldar_Warp Spider	0.50	566	133	545	143
Buff_Eldar_Warp Spider	0.75	249	51	294	64
Buff_Eldar_Warp Spider	1.00	77	16	127	24
Buff_Eldar_Warp Spider	1.50	33	11	49	14
Buff_Eldar_Warp Spider	2.00	6	2	6	2
Buff_Eldar_Warp Spider	3.00	0	0	0	0
Buff_Eldar_Warp Spider_intense	0.15	307	157	328	144
Buff_Eldar_Warp Spider_intense	0.30	562	299	577	266
Buff_Eldar_Warp Spider_intense	0.50	727	391	733	342
Buff_Eldar_Warp Spider_intense	0.75	784	409	788	352
Buff_Eldar_Warp Spider_intense	1.00	628	293	645	251
Buff_Eldar_Warp Spider_intense	1.50	17	5	25	7
Buff_Eldar_Warp Spider_intense	2.00	7	2	7	2
Buff_Eldar_Warp Spider_intense	3.00	0	0	0	0
Buff_EnemyHand_GSC	0.15	819	254	813	244
Buff_EnemyHand_GSC	0.30	843	310	851	290
Buff_EnemyHand_GSC	0.50	863	336	881	311
Buff_EnemyHand_GSC	0.75	431	205	424	184
Buff_EnemyHand_GSC	1.00	353	147	344	133
Buff_EnemyHand_GSC	1.50	0	0	0	0
Buff_EnemyHand_GSC	2.00	0	0	0	0
Buff_EnemyHand_GSC	3.00	0	0	0	0
Buff_Flies	0.15	233	58	241	53
Buff_Flies	0.30	362	114	364	104
Buff_Flies	0.50	437	129	446	117
Buff_Flies	0.75	473	143	456	129
Buff_Flies	1.00	512	159	496	147
Buff_Flies	1.50	71	10	60	8
Buff_Flies	2.00	0	0	0	0
Buff_Flies	3.00	0	0	0	0
Buff_FriendlyHand_GSC	0.15	931	377	916	362
Buff_FriendlyHand_GSC	0.30	953	446	938	408
Buff_FriendlyHand_GSC	0.50	954	442	952	408
Buff_FriendlyHand_GSC	0.75	301	93	275	85
Buff_FriendlyHand_GSC	1.00	206	53	189	51
Buff_FriendlyHand_GSC	1.50	0	0	0	0
Buff_FriendlyHand_GSC	2.00	0	0	0	0
Buff_FriendlyHand_GSC	3.00	0	0	0	0
Buff_Green	0.15	690	427	665	388
Buff_Green	0.30	620	382	596	348
Buff_Green	0.50	481	261	459	247
Buff_Green	0.75	247	102	231	106
Buff_Green	1.00	0	0	0	0
Buff_Green	1.50	0	0	0	0
Buff_Green	2.00	0	0	0	0
Buff_Green	3.00	0	0	0	0
Buff_Green_Agenda	0.15	254	150	235	130
Buff_Green_Agenda	0.30	264	172	229	155
Buff_Green_Agenda	0.50	180	123	171	113
Buff_Green_Agenda	0.75	84	53	80	53
Buff_Green_Agenda	1.00	39	13	38	12
Buff_Green_Agenda	1.50	0	0	0	0
Buff_Green_Agenda	2.00	0	0	0	0
Buff_Green_Agenda	3.00	0	0	0	0
Buff_Green_DA	0.15	291	258	282	202
Buff_Green_DA	0.30	302	240	273	189
Buff_Green_DA	0.50	298	182	261	156
Buff_Green_DA	0.75	190	82	164	74
Buff_Green_DA	1.00	66	17	44	19
Buff_Green_DA	1.50	24	8	23	10
Buff_Green_DA	2.00	5	2	5	2
Buff_Green_DA	3.00	0	0	0	0
Buff_Green_Intense	0.15	763	573	752	488
Buff_Green_Intense	0.30	652	427	623	380
Buff_Green_Intense	0.50	474	242	451	233
Buff_Green_Intense	0.75	234	91	222	97
Buff_Green_Intense	1.00	0	0	0	0
Buff_Green_Intense	1.50	0	0	0	0
Buff_Green_Intense	2.00	0	0	0	0
Buff_Green_Intense	3.00	0	0	0	0
Buff_GSC	0.15	917	554	892	505
Buff_GSC	0.30	825	509	805	460
Buff_GSC	0.50	633	370	620	340
Buff_GSC	0.75	370	177	363	172
Buff_GSC	1.00	144	39	137	43
Buff_GSC	1.50	0	0	0	0
Buff_GSC	2.00	0	0	0	0
Buff_GSC	3.00	0	0	0	0
Buff_Hand_1	0.15	579	428	581	352
Buff_Hand_1	0.30	680	480	664	402
Buff_Hand_1	0.50	799	412	780	357
Buff_Hand_1	0.75	802	303	778	269
Buff_Hand_1	1.00	395	104	332	95
Buff_Hand_1	1.50	109	18	83	18
Buff_Hand_1	2.00	0	0	0	0
Buff_Hand_1	3.00	0	0	0	0
Buff_Hand_UM	0.15	879	324	857	284
Buff_Hand_UM	0.30	1011	420	991	356
Buff_Hand_UM	0.50	1010	421	992	360
Buff_Hand_UM	0.75	1001	399	991	350
Buff_Hand_UM	1.00	208	58	167	53
Buff_Hand_UM	1.50	0	0	0	0
Buff_Hand_UM	2.00	0	0	0	0
Buff_Hand_UM	3.00	0	0	0	0
Buff_HideousMutation	0.15	0	0	1	0
Buff_HideousMutation	0.30	10	5	13	5
Buff_HideousMutation	0.50	24	11	24	10
Buff_HideousMutation	0.75	32	14	31	13
Buff_HideousMutation	1.00	32	16	36	15
Buff_HideousMutation	1.50	40	20	39	18
Buff_HideousMutation	2.00	32	14	33	12
Buff_HideousMutation	3.00	7	1	3	0
Buff_HideousMutation_EC	0.15	45	20	54	22
Buff_HideousMutation_EC	0.30	127	63	136	66
Buff_HideousMutation_EC	0.50	264	131	264	133
Buff_HideousMutation_EC	0.75	354	202	333	192
Buff_HideousMutation_EC	1.00	460	245	454	235
Buff_HideousMutation_EC	1.50	558	237	525	229
Buff_HideousMutation_EC	2.00	255	105	255	105
Buff_HideousMutation_EC	3.00	22	3	26	4
Buff_HideousMutation_rage	0.15	26	11	30	13
Buff_HideousMutation_rage	0.30	71	29	88	33
Buff_HideousMutation_rage	0.50	146	67	159	70
Buff_HideousMutation_rage	0.75	244	104	243	103
Buff_HideousMutation_rage	1.00	323	121	325	117
Buff_HideousMutation_rage	1.50	324	97	310	91
Buff_HideousMutation_rage	2.00	120	41	122	37
Buff_HideousMutation_rage	3.00	14	2	9	1
Buff_LegacyOfVengeance	0.15	721	426	702	389
Buff_LegacyOfVengeance	0.30	677	389	663	354
Buff_LegacyOfVengeance	0.50	512	262	476	245
Buff_LegacyOfVengeance	0.75	278	104	256	109
Buff_LegacyOfVengeance	1.00	7	1	3	0
Buff_LegacyOfVengeance	1.50	0	0	0	0
Buff_LegacyOfVengeance	2.00	0	0	0	0
Buff_LegacyOfVengeance	3.00	0	0	0	0
Buff_Mana	0.15	147	75	165	75
Buff_Mana	0.30	270	130	301	124
Buff_Mana	0.50	387	169	427	148
Buff_Mana	0.75	2655	1369	2566	1150
Buff_Mana	1.00	2820	1429	2708	1190
Buff_Mana	1.50	0	0	0	0
Buff_Mana	2.00	0	0	0	0
Buff_Mana	3.00	0	0	0	0
Buff_Mana_2	0.15	71	34	81	36
Buff_Mana_2	0.30	107	44	117	41
Buff_Mana_2	0.50	179	79	194	72
Buff_Mana_2	0.75	1086	456	1051	407
Buff_Mana_2	1.00	1163	488	1119	430
Buff_Mana_2	1.50	5	2	5	2
Buff_Mana_2	2.00	0	0	0	0
Buff_Mana_2	3.00	0	0	0	0
Buff_Mana_3 Holy	0.15	82	64	89	61
Buff_Mana_3 Holy	0.30	127	79	128	62
Buff_Mana_3 Holy	0.50	234	165	241	139
Buff_Mana_3 Holy	0.75	1481	1251	1487	990
Buff_Mana_3 Holy	1.00	2078	1792	2073	1412
Buff_Mana_3 Holy	1.50	5	2	4	2
Buff_Mana_3 Holy	2.00	0	0	0	0
Buff_Mana_3 Holy	3.00	0	0	0	0
Buff_Mana_Blood	0.15	31	11	31	10
Buff_Mana_Blood	0.30	60	25	67	24
Buff_Mana_Blood	0.50	99	40	106	37
Buff_Mana_Blood	0.75	497	189	455	151
Buff_Mana_Blood	1.00	551	201	514	159
Buff_Mana_Blood	1.50	2	0	9	1
Buff_Mana_Blood	2.00	0	0	0	0
Buff_Mana_Blood	3.00	0	0	0	0
Buff_MarkOfKhorne	0.15	395	157	393	154
Buff_MarkOfKhorne	0.30	398	157	396	154
Buff_MarkOfKhorne	0.50	356	133	353	128
Buff_MarkOfKhorne	0.75	279	84	273	80
Buff_MarkOfKhorne	1.00	182	43	174	43
Buff_MarkOfKhorne	1.50	0	0	0	0
Buff_MarkOfKhorne	2.00	0	0	0	0
Buff_MarkOfKhorne	3.00	0	0	0	0
Buff_MarkOfNurgle	0.15	672	256	656	263
Buff_MarkOfNurgle	0.30	738	272	713	274
Buff_MarkOfNurgle	0.50	708	246	696	250
Buff_MarkOfNurgle	0.75	628	187	609	192
Buff_MarkOfNurgle	1.00	486	120	471	123
Buff_MarkOfNurgle	1.50	18	2	15	1
Buff_MarkOfNurgle	2.00	0	0	0	0
Buff_MarkOfNurgle	3.00	0	0	0	0
Buff_MarkOfSlaanesh	0.15	757	320	725	312
Buff_MarkOfSlaanesh	0.30	813	353	780	340
Buff_MarkOfSlaanesh	0.50	810	329	780	318
Buff_MarkOfSlaanesh	0.75	700	276	668	263
Buff_MarkOfSlaanesh	1.00	473	183	467	174
Buff_MarkOfSlaanesh	1.50	242	71	231	72
Buff_MarkOfSlaanesh	2.00	60	9	64	12
Buff_MarkOfSlaanesh	3.00	0	0	0	0
Buff_MarkOfTzeentch	0.15	529	257	525	235
Buff_MarkOfTzeentch	0.30	567	288	553	256
Buff_MarkOfTzeentch	0.50	528	300	514	257
Buff_MarkOfTzeentch	0.75	531	347	521	288
Buff_MarkOfTzeentch	1.00	453	331	457	272
Buff_MarkOfTzeentch	1.50	200	82	196	78
Buff_MarkOfTzeentch	2.00	0	0	0	0
Buff_MarkOfTzeentch	3.00	0	0	0	0
Buff_Orange	0.15	671	396	637	365
Buff_Orange	0.30	599	354	568	328
Buff_Orange	0.50	465	244	437	233
Buff_Orange	0.75	233	94	219	100
Buff_Orange	1.00	2	0	2	0
Buff_Orange	1.50	0	0	0	0
Buff_Orange	2.00	0	0	0	0
Buff_Orange	3.00	0	0	0	0
Buff_Ork_Mek	0.15	785	332	667	324
Buff_Ork_Mek	0.30	805	315	701	314
Buff_Ork_Mek	0.50	899	341	796	343
Buff_Ork_Mek	0.75	794	311	875	330
Buff_Ork_Mek	1.00	473	225	500	235
Buff_Ork_Mek	1.50	0	0	0	0
Buff_Ork_Mek	2.00	0	0	0	0
Buff_Ork_Mek	3.00	0	0	0	0
Buff_Purple	0.15	361	219	346	200
Buff_Purple	0.30	332	197	317	181
Buff_Purple	0.50	252	136	237	128
Buff_Purple	0.75	126	53	120	55
Buff_Purple	1.00	12	4	10	4
Buff_Purple	1.50	11	2	11	3
Buff_Purple	2.00	7	1	7	2
Buff_Purple	3.00	0	0	0	0
Buff_Red	0.15	660	383	622	356
Buff_Red	0.30	587	343	557	319
Buff_Red	0.50	453	234	428	226
Buff_Red	0.75	225	91	216	97
Buff_Red	1.00	0	0	0	0
Buff_Red	1.50	0	0	0	0
Buff_Red	2.00	0	0	0	0
Buff_Red	3.00	0	0	0	0
Buff_Red_Intense	0.15	660	385	624	356
Buff_Red_Intense	0.30	588	344	559	320
Buff_Red_Intense	0.50	454	235	429	227
Buff_Red_Intense	0.75	228	92	219	98
Buff_Red_Intense	1.00	4	1	4	1
Buff_Red_Intense	1.50	0	0	0	0
Buff_Red_Intense	2.00	0	0	0	0
Buff_Red_Intense	3.00	0	0	0	0
Buff_Red_ork	0.15	633	493	639	421
Buff_Red_ork	0.30	584	446	578	380
Buff_Red_ork	0.50	483	347	463	300
Buff_Red_ork	0.75	293	203	281	174
Buff_Red_ork	1.00	9	4	9	3
Buff_Red_ork	1.50	1	1	1	1
Buff_Red_ork	2.00	0	0	0	0
Buff_Red_ork	3.00	0	0	0	0
Buff_Sautekh_Intense	0.15	3	1	3	1
Buff_Sautekh_Intense	0.30	5	2	5	2
Buff_Sautekh_Intense	0.50	1	0	1	1
Buff_Sautekh_Intense	0.75	340	198	330	183
Buff_Sautekh_Intense	1.00	251	128	238	123
Buff_Sautekh_Intense	1.50	10	3	10	3
Buff_Sautekh_Intense	2.00	6	2	6	1
Buff_Sautekh_Intense	3.00	1	0	1	0
Buff_Sororitas	0.15	356	207	333	187
Buff_Sororitas	0.30	357	209	334	188
Buff_Sororitas	0.50	360	212	339	190
Buff_Sororitas	0.75	352	199	335	180
Buff_Sororitas	1.00	333	183	320	169
Buff_Sororitas	1.50	267	124	280	124
Buff_Sororitas	2.00	0	0	0	0
Buff_Sororitas	3.00	0	0	0	0
Buff_Sororitas_Intense	0.15	563	148	508	176
Buff_Sororitas_Intense	0.30	726	255	643	269
Buff_Sororitas_Intense	0.50	809	364	757	357
Buff_Sororitas_Intense	0.75	862	484	827	445
Buff_Sororitas_Intense	1.00	892	586	865	513
Buff_Sororitas_Intense	1.50	1176	1263	1180	942
Buff_Sororitas_Intense	2.00	865	426	825	383
Buff_Sororitas_Intense	3.00	0	0	0	0
Buff_Sororitas_quick	0.15	189	91	182	81
Buff_Sororitas_quick	0.30	275	133	266	117
Buff_Sororitas_quick	0.50	427	189	421	172
Buff_Sororitas_quick	0.75	467	189	473	179
Buff_Sororitas_quick	1.00	79	9	87	14
Buff_Sororitas_quick	1.50	0	0	0	0
Buff_Sororitas_quick	2.00	0	0	0	0
Buff_Sororitas_quick	3.00	0	0	0	0
Buff_Sororitas_quick_fire	0.15	223	100	212	93
Buff_Sororitas_quick_fire	0.30	323	137	306	127
Buff_Sororitas_quick_fire	0.50	476	184	460	175
Buff_Sororitas_quick_fire	0.75	533	163	534	167
Buff_Sororitas_quick_fire	1.00	149	32	143	33
Buff_Sororitas_quick_fire	1.50	43	13	44	13
Buff_Sororitas_quick_fire	2.00	21	5	21	5
Buff_Sororitas_quick_fire	3.00	0	0	0	0
Buff_Sororitas_quick_fire_intense	0.15	229	103	218	96
Buff_Sororitas_quick_fire_intense	0.30	343	144	328	133
Buff_Sororitas_quick_fire_intense	0.50	521	205	500	196
Buff_Sororitas_quick_fire_intense	0.75	587	193	573	195
Buff_Sororitas_quick_fire_intense	1.00	242	67	223	67
Buff_Sororitas_quick_fire_intense	1.50	166	48	165	49
Buff_Sororitas_quick_fire_intense	2.00	50	10	57	12
Buff_Sororitas_quick_fire_intense	3.00	0	0	0	0
Buff_SW_Blizzard	0.15	147	46	155	56
Buff_SW_Blizzard	0.30	584	291	575	293
Buff_SW_Blizzard	0.50	915	412	887	371
Buff_SW_Blizzard	0.75	841	582	835	536
Buff_SW_Blizzard	1.00	916	393	903	371
Buff_SW_Blizzard	1.50	734	306	713	301
Buff_SW_Blizzard	2.00	1061	611	1035	555
Buff_SW_Blizzard	3.00	846	528	841	512
Buff_SW_Blizzard_Board	0.15	238	38	314	56
Buff_SW_Blizzard_Board	0.30	653	231	666	242
Buff_SW_Blizzard_Board	0.50	1136	490	1190	502
Buff_SW_Blizzard_Board	0.75	1489	693	1507	680
Buff_SW_Blizzard_Board	1.00	1863	790	1882	811
Buff_SW_Blizzard_Board	1.50	2168	1114	2121	1052
Buff_SW_Blizzard_Board	2.00	2117	1172	2026	1059
Buff_SW_Blizzard_Board	3.00	905	355	900	376
Buff_SW_Lightning	0.15	31	3	15	1
Buff_SW_Lightning	0.30	58	10	56	7
Buff_SW_Lightning	0.50	80	19	82	14
Buff_SW_Lightning	0.75	84	20	88	15
Buff_SW_Lightning	1.00	79	20	80	14
Buff_SW_Lightning	1.50	109	29	117	27
Buff_SW_Lightning	2.00	91	22	86	16
Buff_SW_Lightning	3.00	19	2	6	1
Buff_SW_Lightning_quick	0.15	314	79	302	88
Buff_SW_Lightning_quick	0.30	36	16	50	20
Buff_SW_Lightning_quick	0.50	33	13	47	16
Buff_SW_Lightning_quick	0.75	0	0	2	0
Buff_SW_Lightning_quick	1.00	3	2	3	2
Buff_SW_Lightning_quick	1.50	0	0	0	0
Buff_SW_Lightning_quick	2.00	0	0	0	0
Buff_SW_Lightning_quick	3.00	0	0	0	0
Buff_SW_Rune_Blizzard	0.15	6	5	6	4
Buff_SW_Rune_Blizzard	0.30	57	51	56	39
Buff_SW_Rune_Blizzard	0.50	94	82	92	67
Buff_SW_Rune_Blizzard	0.75	89	82	85	68
Buff_SW_Rune_Blizzard	1.00	81	76	79	63
Buff_SW_Rune_Blizzard	1.50	80	76	79	63
Buff_SW_Rune_Blizzard	2.00	85	80	82	65
Buff_SW_Rune_Blizzard	3.00	1	1	1	0
Buff_SW_Rune_Lightning	0.15	4	4	5	4
Buff_SW_Rune_Lightning	0.30	29	29	28	23
Buff_SW_Rune_Lightning	0.50	42	36	40	30
Buff_SW_Rune_Lightning	0.75	55	51	53	41
Buff_SW_Rune_Lightning	1.00	48	44	47	35
Buff_SW_Rune_Lightning	1.50	47	44	47	35
Buff_SW_Rune_Lightning	2.00	47	50	46	39
Buff_SW_Rune_Lightning	3.00	1	1	1	0
Buff_SW_Rune_Tornado	0.15	6	4	6	4
Buff_SW_Rune_Tornado	0.30	36	27	36	21
Buff_SW_Rune_Tornado	0.50	67	65	66	51
Buff_SW_Rune_Tornado	0.75	73	72	75	58
Buff_SW_Rune_Tornado	1.00	67	69	68	55
Buff_SW_Rune_Tornado	1.50	66	68	69	55
Buff_SW_Rune_Tornado	2.00	67	69	70	54
Buff_SW_Rune_Tornado	3.00	1	1	1	0
Buff_SW_Runes 1	0.15	23	3	19	4
Buff_SW_Runes 1	0.30	69	8	73	12
Buff_SW_Runes 1	0.50	25	4	26	5
Buff_SW_Runes 1	0.75	8	1	9	1
Buff_SW_Runes 1	1.00	10	2	10	2
Buff_SW_Runes 1	1.50	1	0	2	0
Buff_SW_Runes 1	2.00	0	0	0	0
Buff_SW_Runes 1	3.00	0	0	0	0
Buff_SW_Runes_Blizzard OLD	0.15	362	110	356	125
Buff_SW_Runes_Blizzard OLD	0.30	1142	526	1086	530
Buff_SW_Runes_Blizzard OLD	0.50	1766	1180	1731	1131
Buff_SW_Runes_Blizzard OLD	0.75	1841	1084	1834	960
Buff_SW_Runes_Blizzard OLD	1.00	1868	1174	1825	1047
Buff_SW_Runes_Blizzard OLD	1.50	2330	1297	2340	1198
Buff_SW_Runes_Blizzard OLD	2.00	2584	1585	2536	1465
Buff_SW_Runes_Blizzard OLD	3.00	3241	1557	3167	1511
Buff_Tau_Air	0.15	937	643	915	555
Buff_Tau_Air	0.30	847	584	821	503
Buff_Tau_Air	0.50	644	424	634	371
Buff_Tau_Air	0.75	367	218	361	194
Buff_Tau_Air	1.00	8	2	5	2
Buff_Tau_Air	1.50	0	0	0	0
Buff_Tau_Air	2.00	0	0	0	0
Buff_Tau_Air	3.00	0	0	0	0
Buff_Tau_Earth	0.15	937	646	915	556
Buff_Tau_Earth	0.30	847	590	821	505
Buff_Tau_Earth	0.50	644	437	630	377
Buff_Tau_Earth	0.75	360	230	360	203
Buff_Tau_Earth	1.00	8	2	5	2
Buff_Tau_Earth	1.50	0	0	0	0
Buff_Tau_Earth	2.00	0	0	0	0
Buff_Tau_Earth	3.00	0	0	0	0
Buff_Tau_Fire	0.15	937	626	915	545
Buff_Tau_Fire	0.30	847	567	821	493
Buff_Tau_Fire	0.50	644	405	630	360
Buff_Tau_Fire	0.75	351	192	344	177
Buff_Tau_Fire	1.00	8	2	5	2
Buff_Tau_Fire	1.50	0	0	0	0
Buff_Tau_Fire	2.00	0	0	0	0
Buff_Tau_Fire	3.00	0	0	0	0
Buff_Tau_GrislyFeast	0.15	231	76	221	80
Buff_Tau_GrislyFeast	0.30	222	75	230	79
Buff_Tau_GrislyFeast	0.50	193	64	187	68
Buff_Tau_GrislyFeast	0.75	147	43	140	48
Buff_Tau_GrislyFeast	1.00	92	24	91	28
Buff_Tau_GrislyFeast	1.50	0	0	0	0
Buff_Tau_GrislyFeast	2.00	0	0	0	0
Buff_Tau_GrislyFeast	3.00	0	0	0	0
Buff_Tau_Intense	0.15	354	219	340	197
Buff_Tau_Intense	0.30	334	201	326	183
Buff_Tau_Intense	0.50	262	137	249	130
Buff_Tau_Intense	0.75	158	68	153	69
Buff_Tau_Intense	1.00	40	17	40	17
Buff_Tau_Intense	1.50	42	16	42	16
Buff_Tau_Intense	2.00	44	17	44	17
Buff_Tau_Intense	3.00	30	12	30	13
Buff_Tau_Kroot	0.15	833	482	812	460
Buff_Tau_Kroot	0.30	749	433	725	414
Buff_Tau_Kroot	0.50	565	293	547	292
Buff_Tau_Kroot	0.75	292	116	275	126
Buff_Tau_Kroot	1.00	14	4	8	4
Buff_Tau_Kroot	1.50	1	0	1	0
Buff_Tau_Kroot	2.00	0	0	0	0
Buff_Tau_Kroot	3.00	0	0	0	0
Buff_Tau_Kroot_FriendlyBoard	0.15	44	5	77	11
Buff_Tau_Kroot_FriendlyBoard	0.30	135	25	169	38
Buff_Tau_Kroot_FriendlyBoard	0.50	227	41	260	57
Buff_Tau_Kroot_FriendlyBoard	0.75	264	44	312	60
Buff_Tau_Kroot_FriendlyBoard	1.00	217	30	285	45
Buff_Tau_Kroot_FriendlyBoard	1.50	59	6	102	12
Buff_Tau_Kroot_FriendlyBoard	2.00	0	0	0	0
Buff_Tau_Kroot_FriendlyBoard	3.00	0	0	0	0
Buff_Tau_Kroot_intense	0.15	627	365	606	348
Buff_Tau_Kroot_intense	0.30	564	329	552	314
Buff_Tau_Kroot_intense	0.50	445	230	422	225
Buff_Tau_Kroot_intense	0.75	257	103	233	108
Buff_Tau_Kroot_intense	1.00	99	20	92	21
Buff_Tau_Kroot_intense	1.50	26	4	34	5
Buff_Tau_Kroot_intense	2.00	0	0	0	0
Buff_Tau_Kroot_intense	3.00	0	0	0	0
Buff_Tau_Water	0.15	937	634	915	550
Buff_Tau_Water	0.30	847	573	821	497
Buff_Tau_Water	0.50	644	409	630	362
Buff_Tau_Water	0.75	359	191	354	177
Buff_Tau_Water	1.00	8	2	5	2
Buff_Tau_Water	1.50	0	0	0	0
Buff_Tau_Water	2.00	0	0	0	0
Buff_Tau_Water	3.00	0	0	0	0
Buff_Tyranid	0.15	0	0	0	0
Buff_Tyranid	0.30	0	0	0	0
Buff_Tyranid	0.50	10	7	10	7
Buff_Tyranid	0.75	32	21	36	20
Buff_Tyranid	1.00	39	19	38	19
Buff_Tyranid	1.50	656	249	653	225
Buff_Tyranid	2.00	334	102	340	94
Buff_Tyranid	3.00	0	0	0	0
Buff_Tyranid Armor	0.15	0	0	0	0
Buff_Tyranid Armor	0.30	10	7	16	8
Buff_Tyranid Armor	0.50	74	44	99	44
Buff_Tyranid Armor	0.75	292	157	316	141
Buff_Tyranid Armor	1.00	487	227	521	206
Buff_Tyranid Armor	1.50	847	534	818	474
Buff_Tyranid Armor	2.00	819	483	839	436
Buff_Tyranid Armor	3.00	57	11	42	6
Buff_Tyranid Atk	0.15	0	0	1	0
Buff_Tyranid Atk	0.30	4	4	5	4
Buff_Tyranid Atk	0.50	14	11	15	11
Buff_Tyranid Atk	0.75	38	22	42	20
Buff_Tyranid Atk	1.00	42	22	45	21
Buff_Tyranid Atk	1.50	653	258	665	240
Buff_Tyranid Atk	2.00	340	96	346	88
Buff_Tyranid Atk	3.00	7	1	5	1
Buff_Tyranid HP	0.15	0	0	0	0
Buff_Tyranid HP	0.30	0	0	0	0
Buff_Tyranid HP	0.50	10	8	10	7
Buff_Tyranid HP	0.75	28	17	32	15
Buff_Tyranid HP	1.00	39	23	46	22
Buff_Tyranid HP	1.50	750	454	744	415
Buff_Tyranid HP	2.00	414	206	393	200
Buff_Tyranid HP	3.00	4	1	3	0
Buff_UM_Intense	0.15	2	1	2	1
Buff_UM_Intense	0.30	2	1	2	0
Buff_UM_Intense	0.50	2	1	2	1
Buff_UM_Intense	0.75	568	365	538	314
Buff_UM_Intense	1.00	418	219	402	202
Buff_UM_Intense	1.50	120	18	123	24
Buff_UM_Intense	2.00	22	2	37	4
Buff_UM_Intense	3.00	0	0	0	0
BulletImpact_1hit_trail_ork	0.15	48	16	42	8
BulletImpact_1hit_trail_ork	0.30	6	1	3	0
BulletImpact_1hit_trail_ork	0.50	12	2	11	2
BulletImpact_1hit_trail_ork	0.75	12	2	9	1
BulletImpact_1hit_trail_ork	1.00	6	1	2	0
BulletImpact_1hit_trail_ork	1.50	0	0	0	0
BulletImpact_1hit_trail_ork	2.00	0	0	0	0
BulletImpact_1hit_trail_ork	3.00	0	0	0	0
BulletImpact_1shot	0.15	5121	4985	5133	5455
BulletImpact_1shot	0.30	5121	4985	5133	5455
BulletImpact_1shot	0.50	5121	4985	5133	5455
BulletImpact_1shot	0.75	5121	4985	5133	5455
BulletImpact_1shot	1.00	5121	4985	5133	5455
BulletImpact_1shot	1.50	0	0	0	0
BulletImpact_1shot	2.00	0	0	0	0
BulletImpact_1shot	3.00	0	0	0	0
BulletImpact_1shot_pointblank	0.15	2122	2138	2138	2267
BulletImpact_1shot_pointblank	0.30	2122	2138	2138	2267
BulletImpact_1shot_pointblank	0.50	2122	2138	2138	2267
BulletImpact_1shot_pointblank	0.75	2122	2138	2138	2267
BulletImpact_1shot_pointblank	1.00	2122	2138	2138	2267
BulletImpact_1shot_pointblank	1.50	0	0	0	0
BulletImpact_1shot_pointblank	2.00	0	0	0	0
BulletImpact_1shot_pointblank	3.00	0	0	0	0
BulletImpact_1shot_random_chaos	0.15	1	0	1	0
BulletImpact_1shot_random_chaos	0.30	2	3	2	2
BulletImpact_1shot_random_chaos	0.50	2	1	2	1
BulletImpact_1shot_random_chaos	0.75	0	0	1	0
BulletImpact_1shot_random_chaos	1.00	1	0	1	0
BulletImpact_1shot_random_chaos	1.50	0	0	0	0
BulletImpact_1shot_random_chaos	2.00	0	0	0	0
BulletImpact_1shot_random_chaos	3.00	0	0	0	0
BulletImpact_1shot_random_EC	0.15	23	12	27	14
BulletImpact_1shot_random_EC	0.30	28	16	30	17
BulletImpact_1shot_random_EC	0.50	30	12	34	14
BulletImpact_1shot_random_EC	0.75	24	4	28	6
BulletImpact_1shot_random_EC	1.00	1	0	1	0
BulletImpact_1shot_random_EC	1.50	0	0	0	0
BulletImpact_1shot_random_EC	2.00	0	0	0	0
BulletImpact_1shot_random_EC	3.00	0	0	0	0
BulletImpact_1shot_trail	0.15	15	5	22	6
BulletImpact_1shot_trail	0.30	15	6	19	8
BulletImpact_1shot_trail	0.50	19	6	20	7
BulletImpact_1shot_trail	0.75	4	1	6	2
BulletImpact_1shot_trail	1.00	1	0	1	0
BulletImpact_1shot_trail	1.50	0	0	0	0
BulletImpact_1shot_trail	2.00	0	0	0	0
BulletImpact_1shot_trail	3.00	0	0	0	0
BulletImpact_1shot_trail_EC Daemon	0.15	16	10	16	8
BulletImpact_1shot_trail_EC Daemon	0.30	19	12	20	10
BulletImpact_1shot_trail_EC Daemon	0.50	17	10	15	8
BulletImpact_1shot_trail_EC Daemon	0.75	13	6	16	6
BulletImpact_1shot_trail_EC Daemon	1.00	7	1	7	1
BulletImpact_1shot_trail_EC Daemon	1.50	0	0	0	0
BulletImpact_1shot_trail_EC Daemon	2.00	0	0	0	0
BulletImpact_1shot_trail_EC Daemon	3.00	0	0	0	0
BulletImpact_1shotSniper	0.15	6016	5705	6034	6290
BulletImpact_1shotSniper	0.30	6016	5705	6034	6290
BulletImpact_1shotSniper	0.50	6016	5705	6034	6290
BulletImpact_1shotSniper	0.75	6016	5705	6034	6290
BulletImpact_1shotSniper	1.00	6016	5705	6034	6290
BulletImpact_1shotSniper	1.50	5786	3230	5770	2784
BulletImpact_1shotSniper	2.00	0	0	0	0
BulletImpact_1shotSniper	3.00	0	0	0	0
BulletImpact_1shotSniper_trail	0.15	7	1	8	2
BulletImpact_1shotSniper_trail	0.30	5	1	7	2
BulletImpact_1shotSniper_trail	0.50	4	1	7	1
BulletImpact_1shotSniper_trail	0.75	1	0	2	0
BulletImpact_1shotSniper_trail	1.00	0	0	0	0
BulletImpact_1shotSniper_trail	1.50	0	0	0	0
BulletImpact_1shotSniper_trail	2.00	0	0	0	0
BulletImpact_1shotSniper_trail	3.00	0	0	0	0
BulletImpact_2shot	0.15	2131	1989	2145	2109
BulletImpact_2shot	0.30	2808	2700	2824	2711
BulletImpact_2shot	0.50	2808	2700	2824	2711
BulletImpact_2shot	0.75	2808	2700	2824	2711
BulletImpact_2shot	1.00	2808	2700	2824	2711
BulletImpact_2shot	1.50	2164	2000	2156	2120
BulletImpact_2shot	2.00	0	0	0	0
BulletImpact_2shot	3.00	0	0	0	0
BulletImpact_2shot_autocannon	0.15	96	50	99	41
BulletImpact_2shot_autocannon	0.30	43	12	33	10
BulletImpact_2shot_autocannon	0.50	32	7	18	5
BulletImpact_2shot_autocannon	0.75	6	8	6	8
BulletImpact_2shot_autocannon	1.00	4	3	4	4
BulletImpact_2shot_autocannon	1.50	3	3	3	3
BulletImpact_2shot_autocannon	2.00	4	6	4	6
BulletImpact_2shot_autocannon	3.00	0	0	0	0
BulletImpact_2shot_ork	0.15	1841	1615	1820	1709
BulletImpact_2shot_ork	0.30	3582	3213	3559	3432
BulletImpact_2shot_ork	0.50	3582	3213	3559	3432
BulletImpact_2shot_ork	0.75	3582	3213	3559	3432
BulletImpact_2shot_ork	1.00	3582	3213	3559	3432
BulletImpact_2shot_ork	1.50	1803	1626	1803	1745
BulletImpact_2shot_ork	2.00	0	0	0	0
BulletImpact_2shot_ork	3.00	0	0	0	0
BulletImpact_2shot_pointblank_chaos	0.15	2131	1989	2145	2109
BulletImpact_2shot_pointblank_chaos	0.30	2808	2700	2824	2711
BulletImpact_2shot_pointblank_chaos	0.50	2808	2700	2824	2711
BulletImpact_2shot_pointblank_chaos	0.75	2808	2700	2824	2711
BulletImpact_2shot_pointblank_chaos	1.00	2808	2700	2824	2711
BulletImpact_2shot_pointblank_chaos	1.50	2164	2000	2156	2120
BulletImpact_2shot_pointblank_chaos	2.00	0	0	0	0
BulletImpact_2shot_pointblank_chaos	3.00	0	0	0	0
BulletImpact_2shot_pointblank_EC	0.15	2131	1989	2145	2109
BulletImpact_2shot_pointblank_EC	0.30	2808	2700	2824	2711
BulletImpact_2shot_pointblank_EC	0.50	2808	2700	2824	2711
BulletImpact_2shot_pointblank_EC	0.75	2808	2700	2824	2711
BulletImpact_2shot_pointblank_EC	1.00	2808	2700	2824	2711
BulletImpact_2shot_pointblank_EC	1.50	2164	2000	2156	2120
BulletImpact_2shot_pointblank_EC	2.00	0	0	0	0
BulletImpact_2shot_pointblank_EC	3.00	0	0	0	0
BulletImpact_2shot_Titus_AA	0.15	51	48	53	43
BulletImpact_2shot_Titus_AA	0.30	40	32	49	31
BulletImpact_2shot_Titus_AA	0.50	10	4	13	5
BulletImpact_2shot_Titus_AA	0.75	4	2	7	2
BulletImpact_2shot_Titus_AA	1.00	3	1	4	1
BulletImpact_2shot_Titus_AA	1.50	0	0	0	0
BulletImpact_2shot_Titus_AA	2.00	0	0	0	0
BulletImpact_2shot_Titus_AA	3.00	0	0	0	0
BulletImpact_2shot_trail	0.15	14	5	19	6
BulletImpact_2shot_trail	0.30	22	9	29	12
BulletImpact_2shot_trail	0.50	24	11	26	13
BulletImpact_2shot_trail	0.75	22	10	24	12
BulletImpact_2shot_trail	1.00	9	3	12	4
BulletImpact_2shot_trail	1.50	0	0	0	0
BulletImpact_2shot_trail	2.00	0	0	0	0
BulletImpact_2shot_trail	3.00	0	0	0	0
BulletImpact_2shot_trail_chaos	0.15	323	146	313	126
BulletImpact_2shot_trail_chaos	0.30	5	2	5	3
BulletImpact_2shot_trail_chaos	0.50	1	1	1	1
BulletImpact_2shot_trail_chaos	0.75	2	1	2	1
BulletImpact_2shot_trail_chaos	1.00	3	3	3	3
BulletImpact_2shot_trail_chaos	1.50	0	0	0	0
BulletImpact_2shot_trail_chaos	2.00	0	0	0	0
BulletImpact_2shot_trail_chaos	3.00	0	0	0	0
BulletImpact_2shot_trail_EC	0.15	409	324	400	258
BulletImpact_2shot_trail_EC	0.30	31	19	31	20
BulletImpact_2shot_trail_EC	0.50	31	19	36	20
BulletImpact_2shot_trail_EC	0.75	41	15	45	18
BulletImpact_2shot_trail_EC	1.00	19	7	25	8
BulletImpact_2shot_trail_EC	1.50	0	0	0	0
BulletImpact_2shot_trail_EC	2.00	0	0	0	0
BulletImpact_2shot_trail_EC	3.00	0	0	0	0
BulletImpact_2shot_trail_EC Daemon	0.15	411	328	406	262
BulletImpact_2shot_trail_EC Daemon	0.30	25	23	24	18
BulletImpact_2shot_trail_EC Daemon	0.50	30	21	30	17
BulletImpact_2shot_trail_EC Daemon	0.75	25	12	24	10
BulletImpact_2shot_trail_EC Daemon	1.00	10	2	8	2
BulletImpact_2shot_trail_EC Daemon	1.50	0	0	0	0
BulletImpact_2shot_trail_EC Daemon	2.00	0	0	0	0
BulletImpact_2shot_trail_EC Daemon	3.00	0	0	0	0
BulletImpact_2shot_trail_nurgle	0.15	10	3	8	2
BulletImpact_2shot_trail_nurgle	0.30	372	131	348	81
BulletImpact_2shot_trail_nurgle	0.50	22	5	20	4
BulletImpact_2shot_trail_nurgle	0.75	15	3	9	2
BulletImpact_2shot_trail_nurgle	1.00	5	2	2	2
BulletImpact_2shot_trail_nurgle	1.50	1	1	1	1
BulletImpact_2shot_trail_nurgle	2.00	0	0	0	0
BulletImpact_2shot_trail_nurgle	3.00	0	0	0	0
BulletImpact_2shot_trail_ork_NEW	0.15	82	49	90	47
BulletImpact_2shot_trail_ork_NEW	0.30	17	6	19	7
BulletImpact_2shot_trail_ork_NEW	0.50	20	6	31	8
BulletImpact_2shot_trail_ork_NEW	0.75	89	52	94	51
BulletImpact_2shot_trail_ork_NEW	1.00	24	8	26	8
BulletImpact_2shot_trail_ork_NEW	1.50	3	2	6	2
BulletImpact_2shot_trail_ork_NEW	2.00	0	0	0	0
BulletImpact_2shot_trail_ork_NEW	3.00	0	0	0	0
BulletImpact_2shot_trail_twinlink	0.15	21	6	30	8
BulletImpact_2shot_trail_twinlink	0.30	28	11	36	14
BulletImpact_2shot_trail_twinlink	0.50	35	13	43	16
BulletImpact_2shot_trail_twinlink	0.75	38	11	41	15
BulletImpact_2shot_trail_twinlink	1.00	24	7	24	9
BulletImpact_2shot_trail_twinlink	1.50	0	0	0	0
BulletImpact_2shot_trail_twinlink	2.00	0	0	0	0
BulletImpact_2shot_trail_twinlink	3.00	0	0	0	0
BulletImpact_3shot	0.15	2081	2117	2080	2285
BulletImpact_3shot	0.30	3206	2919	3213	3105
BulletImpact_3shot	0.50	5295	4962	5321	5324
BulletImpact_3shot	0.75	5295	4962	5321	5324
BulletImpact_3shot	1.00	5295	4962	5321	5324
BulletImpact_3shot	1.50	4151	3501	4164	3503
BulletImpact_3shot	2.00	0	0	0	0
BulletImpact_3shot	3.00	0	0	0	0
BulletImpact_3shot_pointblank	0.15	2081	2117	2080	2285
BulletImpact_3shot_pointblank	0.30	3206	2919	3213	3105
BulletImpact_3shot_pointblank	0.50	5295	4962	5321	5324
BulletImpact_3shot_pointblank	0.75	5295	4962	5321	5324
BulletImpact_3shot_pointblank	1.00	5295	4962	5321	5324
BulletImpact_3shot_pointblank	1.50	4151	3501	4164	3503
BulletImpact_3shot_pointblank	2.00	0	0	0	0
BulletImpact_3shot_pointblank	3.00	0	0	0	0
BulletImpact_3shot_trail	0.15	1	1	2	1
BulletImpact_3shot_trail	0.30	3	3	3	3
BulletImpact_3shot_trail	0.50	4	3	4	3
BulletImpact_3shot_trail	0.75	3	3	3	3
BulletImpact_3shot_trail	1.00	2	2	2	2
BulletImpact_3shot_trail	1.50	1	1	1	2
BulletImpact_3shot_trail	2.00	0	0	0	0
BulletImpact_3shot_trail	3.00	0	0	0	0
BulletImpact_3shot_trail_chaos	0.15	323	146	313	126
BulletImpact_3shot_trail_chaos	0.30	10	4	9	5
BulletImpact_3shot_trail_chaos	0.50	4	4	6	4
BulletImpact_3shot_trail_chaos	0.75	3	2	3	2
BulletImpact_3shot_trail_chaos	1.00	4	4	4	3
BulletImpact_3shot_trail_chaos	1.50	0	0	0	0
BulletImpact_3shot_trail_chaos	2.00	0	0	0	0
BulletImpact_3shot_trail_chaos	3.00	0	0	0	0
BulletImpact_3shot_trail_EC	0.15	409	324	400	258
BulletImpact_3shot_trail_EC	0.30	33	22	32	22
BulletImpact_3shot_trail_EC	0.50	35	25	39	25
BulletImpact_3shot_trail_EC	0.75	43	20	47	22
BulletImpact_3shot_trail_EC	1.00	25	8	30	10
BulletImpact_3shot_trail_EC	1.50	0	0	0	0
BulletImpact_3shot_trail_EC	2.00	0	0	0	0
BulletImpact_3shot_trail_EC	3.00	0	0	0	0
BulletImpact_3shot_trail_ork	0.15	14	8	16	8
BulletImpact_3shot_trail_ork	0.30	4	1	4	1
BulletImpact_3shot_trail_ork	0.50	4	1	7	1
BulletImpact_3shot_trail_ork	0.75	15	7	16	8
BulletImpact_3shot_trail_ork	1.00	8	2	8	3
BulletImpact_3shot_trail_ork	1.50	4	0	6	1
BulletImpact_3shot_trail_ork	2.00	0	0	0	0
BulletImpact_3shot_trail_ork	3.00	0	0	0	0
BulletImpact_4shot	0.15	2883	2785	2884	2971
BulletImpact_4shot	0.30	3953	4154	3988	4235
BulletImpact_4shot	0.50	9031	9342	9054	9891
BulletImpact_4shot	0.75	9031	9342	9054	9891
BulletImpact_4shot	1.00	9031	9342	9054	9891
BulletImpact_4shot	1.50	7789	7535	7776	7648
BulletImpact_4shot	2.00	0	0	0	0
BulletImpact_4shot	3.00	0	0	0	0
BulletImpact_4shot_trail	0.15	1	0	1	0
BulletImpact_4shot_trail	0.30	3	3	2	3
BulletImpact_4shot_trail	0.50	58	22	56	14
BulletImpact_4shot_trail	0.75	4	3	3	3
BulletImpact_4shot_trail	1.00	2	2	2	2
BulletImpact_4shot_trail	1.50	1	1	1	1
BulletImpact_4shot_trail	2.00	0	0	0	0
BulletImpact_4shot_trail	3.00	0	0	0	0
BulletImpact_4shot_trail_chaos	0.15	214	125	227	123
BulletImpact_4shot_trail_chaos	0.30	3	2	3	2
BulletImpact_4shot_trail_chaos	0.50	7	5	7	5
BulletImpact_4shot_trail_chaos	0.75	4	4	4	4
BulletImpact_4shot_trail_chaos	1.00	3	2	3	2
BulletImpact_4shot_trail_chaos	1.50	0	0	0	0
BulletImpact_4shot_trail_chaos	2.00	0	0	0	0
BulletImpact_4shot_trail_chaos	3.00	0	0	0	0
BulletImpact_4shot_trail_EC	0.15	399	420	397	373
BulletImpact_4shot_trail_EC	0.30	35	25	35	25
BulletImpact_4shot_trail_EC	0.50	43	31	46	31
BulletImpact_4shot_trail_EC	0.75	50	24	56	25
BulletImpact_4shot_trail_EC	1.00	31	11	35	12
BulletImpact_4shot_trail_EC	1.50	1	0	1	0
BulletImpact_4shot_trail_EC	2.00	0	0	0	0
BulletImpact_4shot_trail_EC	3.00	0	0	0	0
BulletImpact_4shot_trail_nurgle	0.15	13	4	16	5
BulletImpact_4shot_trail_nurgle	0.30	423	299	413	266
BulletImpact_4shot_trail_nurgle	0.50	28	9	30	12
BulletImpact_4shot_trail_nurgle	0.75	40	13	45	17
BulletImpact_4shot_trail_nurgle	1.00	43	18	47	21
BulletImpact_4shot_trail_nurgle	1.50	5	3	8	3
BulletImpact_4shot_trail_nurgle	2.00	1	0	1	0
BulletImpact_4shot_trail_nurgle	3.00	0	0	0	0
BulletImpact_4shot_trail_twinlink	0.15	2	0	3	0
BulletImpact_4shot_trail_twinlink	0.30	9	5	6	4
BulletImpact_4shot_trail_twinlink	0.50	120	51	112	38
BulletImpact_4shot_trail_twinlink	0.75	16	8	16	9
BulletImpact_4shot_trail_twinlink	1.00	11	4	12	5
BulletImpact_4shot_trail_twinlink	1.50	1	1	1	1
BulletImpact_4shot_trail_twinlink	2.00	0	0	0	0
BulletImpact_4shot_trail_twinlink	3.00	0	0	0	0
BulletImpact_5shot	0.15	3136	2972	3165	3047
BulletImpact_5shot	0.30	5147	4843	5171	5163
BulletImpact_5shot	0.50	8542	7856	8546	8397
BulletImpact_5shot	0.75	8542	7856	8546	8397
BulletImpact_5shot	1.00	8542	7856	8546	8397
BulletImpact_5shot	1.50	7615	6389	7604	6686
BulletImpact_5shot	2.00	0	0	0	0
BulletImpact_5shot	3.00	0	0	0	0
BulletImpact_5shot_trail	0.15	45	19	38	10
BulletImpact_5shot_trail	0.30	4	1	3	1
BulletImpact_5shot_trail	0.50	7	2	5	3
BulletImpact_5shot_trail	0.75	6	1	3	1
BulletImpact_5shot_trail	1.00	3	2	3	2
BulletImpact_5shot_trail	1.50	0	0	0	0
BulletImpact_5shot_trail	2.00	0	0	0	0
BulletImpact_5shot_trail	3.00	0	0	0	0
BulletImpact_5shot_trail_chaos	0.15	340	202	355	198
BulletImpact_5shot_trail_chaos	0.30	8	6	8	6
BulletImpact_5shot_trail_chaos	0.50	10	4	10	4
BulletImpact_5shot_trail_chaos	0.75	5	5	5	5
BulletImpact_5shot_trail_chaos	1.00	4	3	4	3
BulletImpact_5shot_trail_chaos	1.50	3	2	3	2
BulletImpact_5shot_trail_chaos	2.00	0	0	0	0
BulletImpact_5shot_trail_chaos	3.00	0	0	0	0
BulletImpact_5shot_trail_EC	0.15	399	420	397	373
BulletImpact_5shot_trail_EC	0.30	35	25	35	25
BulletImpact_5shot_trail_EC	0.50	44	34	47	34
BulletImpact_5shot_trail_EC	0.75	51	27	57	28
BulletImpact_5shot_trail_EC	1.00	37	17	41	18
BulletImpact_5shot_trail_EC	1.50	4	2	9	2
BulletImpact_5shot_trail_EC	2.00	0	0	0	0
BulletImpact_5shot_trail_EC	3.00	0	0	0	0
BulletImpact_5shot_trail_ork	0.15	37	12	30	7
BulletImpact_5shot_trail_ork	0.30	4	1	3	0
BulletImpact_5shot_trail_ork	0.50	8	2	6	2
BulletImpact_5shot_trail_ork	0.75	44	17	39	11
BulletImpact_5shot_trail_ork	1.00	20	8	16	7
BulletImpact_5shot_trail_ork	1.50	15	6	11	5
BulletImpact_5shot_trail_ork	2.00	9	3	9	3
BulletImpact_5shot_trail_ork	3.00	0	0	0	0
BulletImpact_5shot_trail_ork_low	0.15	37	12	30	7
BulletImpact_5shot_trail_ork_low	0.30	4	1	3	0
BulletImpact_5shot_trail_ork_low	0.50	8	2	6	2
BulletImpact_5shot_trail_ork_low	0.75	44	17	39	11
BulletImpact_5shot_trail_ork_low	1.00	20	8	16	7
BulletImpact_5shot_trail_ork_low	1.50	15	6	11	5
BulletImpact_5shot_trail_ork_low	2.00	9	3	9	3
BulletImpact_5shot_trail_ork_low	3.00	0	0	0	0
BulletImpact_6shot_autocannon_EC	0.15	70	31	64	17
BulletImpact_6shot_autocannon_EC	0.30	73	24	58	13
BulletImpact_6shot_autocannon_EC	0.50	51	11	25	7
BulletImpact_6shot_autocannon_EC	0.75	7	6	8	5
BulletImpact_6shot_autocannon_EC	1.00	6	4	6	4
BulletImpact_6shot_autocannon_EC	1.50	2	2	2	2
BulletImpact_6shot_autocannon_EC	2.00	2	1	2	1
BulletImpact_6shot_autocannon_EC	3.00	0	0	0	0
BulletImpact_6shot_trail_EC Daemon	0.15	312	249	306	199
BulletImpact_6shot_trail_EC Daemon	0.30	324	256	315	204
BulletImpact_6shot_trail_EC Daemon	0.50	39	36	37	27
BulletImpact_6shot_trail_EC Daemon	0.75	34	29	34	23
BulletImpact_6shot_trail_EC Daemon	1.00	27	17	25	14
BulletImpact_6shot_trail_EC Daemon	1.50	0	0	0	0
BulletImpact_6shot_trail_EC Daemon	2.00	0	0	0	0
BulletImpact_6shot_trail_EC Daemon	3.00	0	0	0	0
BulletImpact_9shot	0.15	2622	2389	2629	2408
BulletImpact_9shot	0.30	4296	3705	4292	3898
BulletImpact_9shot	0.50	6991	6310	7031	6742
BulletImpact_9shot	0.75	9385	8611	9382	9240
BulletImpact_9shot	1.00	9402	8675	9386	9049
BulletImpact_9shot	1.50	8843	7589	8826	7928
BulletImpact_9shot	2.00	3285	2875	3280	2827
BulletImpact_9shot	3.00	0	0	0	0
BulletImpact_9shot_trail	0.15	40	18	34	11
BulletImpact_9shot_trail	0.30	5	3	4	3
BulletImpact_9shot_trail	0.50	6	3	2	3
BulletImpact_9shot_trail	0.75	44	17	39	10
BulletImpact_9shot_trail	1.00	10	4	6	4
BulletImpact_9shot_trail	1.50	2	1	2	1
BulletImpact_9shot_trail	2.00	0	0	0	0
BulletImpact_9shot_trail	3.00	0	0	0	0
BulletImpact_9shot_trail_chaos	0.15	61	17	54	10
BulletImpact_9shot_trail_chaos	0.30	18	5	16	3
BulletImpact_9shot_trail_chaos	0.50	25	7	21	5
BulletImpact_9shot_trail_chaos	0.75	72	21	61	13
BulletImpact_9shot_trail_chaos	1.00	25	9	23	7
BulletImpact_9shot_trail_chaos	1.50	3	2	2	2
BulletImpact_9shot_trail_chaos	2.00	1	0	1	0
BulletImpact_9shot_trail_chaos	3.00	0	0	0	0
BulletImpact_9shot_trail_EC	0.15	147	136	147	117
BulletImpact_9shot_trail_EC	0.30	40	25	43	25
BulletImpact_9shot_trail_EC	0.50	46	33	50	31
BulletImpact_9shot_trail_EC	0.75	157	141	157	122
BulletImpact_9shot_trail_EC	1.00	60	40	64	40
BulletImpact_9shot_trail_EC	1.50	20	6	25	8
BulletImpact_9shot_trail_EC	2.00	2	1	2	1
BulletImpact_9shot_trail_EC	3.00	0	0	0	0
BulletImpact_9shot_trail_EC_twinlink	0.15	42	21	38	19
BulletImpact_9shot_trail_EC_twinlink	0.30	32	12	35	13
BulletImpact_9shot_trail_EC_twinlink	0.50	37	13	37	13
BulletImpact_9shot_trail_EC_twinlink	0.75	67	32	69	32
BulletImpact_9shot_trail_EC_twinlink	1.00	48	17	50	17
BulletImpact_9shot_trail_EC_twinlink	1.50	15	6	15	6
BulletImpact_9shot_trail_EC_twinlink	2.00	0	0	0	0
BulletImpact_9shot_trail_EC_twinlink	3.00	0	0	0	0
BulletImpact_Abaddon_AA_StormBolter	0.15	30	11	28	6
BulletImpact_Abaddon_AA_StormBolter	0.30	38	12	35	8
BulletImpact_Abaddon_AA_StormBolter	0.50	48	14	43	10
BulletImpact_Abaddon_AA_StormBolter	0.75	38	12	37	9
BulletImpact_Abaddon_AA_StormBolter	1.00	29	7	29	8
BulletImpact_Abaddon_AA_StormBolter	1.50	3	2	3	1
BulletImpact_Abaddon_AA_StormBolter	2.00	0	0	0	0
BulletImpact_Abaddon_AA_StormBolter	3.00	0	0	0	0
BulletImpact_AcidSpit	0.15	63	31	59	27
BulletImpact_AcidSpit	0.30	84	43	78	37
BulletImpact_AcidSpit	0.50	159	89	154	83
BulletImpact_AcidSpit	0.75	174	87	163	83
BulletImpact_AcidSpit	1.00	127	63	125	58
BulletImpact_AcidSpit	1.50	4	1	2	0
BulletImpact_AcidSpit	2.00	0	0	0	0
BulletImpact_AcidSpit	3.00	0	0	0	0
BulletImpact_artillery_1shot	0.15	22	6	18	6
BulletImpact_artillery_1shot	0.30	29	11	33	13
BulletImpact_artillery_1shot	0.50	20	8	24	9
BulletImpact_artillery_1shot	0.75	22	8	22	8
BulletImpact_artillery_1shot	1.00	23	5	16	5
BulletImpact_artillery_1shot	1.50	20	5	17	6
BulletImpact_artillery_1shot	2.00	24	6	26	8
BulletImpact_artillery_1shot	3.00	0	0	0	0
BulletImpact_artillery_arc	0.15	68	28	64	25
BulletImpact_artillery_arc	0.30	66	25	69	23
BulletImpact_artillery_arc	0.50	77	24	72	22
BulletImpact_artillery_arc	0.75	56	16	52	16
BulletImpact_artillery_arc	1.00	15	2	18	3
BulletImpact_artillery_arc	1.50	11	7	11	7
BulletImpact_artillery_arc	2.00	5	1	4	0
BulletImpact_artillery_arc	3.00	0	0	0	0
BulletImpact_artillery_big	0.15	22	6	18	6
BulletImpact_artillery_big	0.30	29	11	34	13
BulletImpact_artillery_big	0.50	21	8	26	9
BulletImpact_artillery_big	0.75	22	7	19	8
BulletImpact_artillery_big	1.00	22	5	16	5
BulletImpact_artillery_big	1.50	20	5	17	6
BulletImpact_artillery_big	2.00	24	6	26	8
BulletImpact_artillery_big	3.00	0	0	0	0
BulletImpact_artillery_manticore	0.15	22	7	19	7
BulletImpact_artillery_manticore	0.30	41	17	41	19
BulletImpact_artillery_manticore	0.50	50	21	53	23
BulletImpact_artillery_manticore	0.75	48	23	49	25
BulletImpact_artillery_manticore	1.00	48	18	45	18
BulletImpact_artillery_manticore	1.50	48	11	39	9
BulletImpact_artillery_manticore	2.00	52	13	46	14
BulletImpact_artillery_manticore	3.00	0	0	0	0
BulletImpact_artillery_manticore_spread	0.15	133	63	127	55
BulletImpact_artillery_manticore_spread	0.30	142	62	145	53
BulletImpact_artillery_manticore_spread	0.50	155	65	163	54
BulletImpact_artillery_manticore_spread	0.75	91	20	88	15
BulletImpact_artillery_manticore_spread	1.00	30	3	20	2
BulletImpact_artillery_manticore_spread	1.50	0	0	0	0
BulletImpact_artillery_manticore_spread	2.00	0	0	0	0
BulletImpact_artillery_manticore_spread	3.00	0	0	0	0
BulletImpact_autocannon	0.15	36	6	21	3
BulletImpact_autocannon	0.30	7	2	4	2
BulletImpact_autocannon	0.50	32	5	25	3
BulletImpact_autocannon	0.75	66	23	54	13
BulletImpact_autocannon	1.00	11	1	4	1
BulletImpact_autocannon	1.50	0	0	0	0
BulletImpact_autocannon	2.00	0	0	0	0
BulletImpact_autocannon	3.00	0	0	0	0
BulletImpact_autocannon_Firestrike	0.15	11	5	10	4
BulletImpact_autocannon_Firestrike	0.30	7	2	6	2
BulletImpact_autocannon_Firestrike	0.50	13	4	11	5
BulletImpact_autocannon_Firestrike	0.75	15	6	13	5
BulletImpact_autocannon_Firestrike	1.00	19	6	16	6
BulletImpact_autocannon_Firestrike	1.50	12	3	15	5
BulletImpact_autocannon_Firestrike	2.00	0	0	0	0
BulletImpact_autocannon_Firestrike	3.00	0	0	0	0
BulletImpact_autocannon_Hydra	0.15	15	3	11	4
BulletImpact_autocannon_Hydra	0.30	33	11	26	12
BulletImpact_autocannon_Hydra	0.50	37	11	32	12
BulletImpact_autocannon_Hydra	0.75	48	17	43	17
BulletImpact_autocannon_Hydra	1.00	52	19	45	19
BulletImpact_autocannon_Hydra	1.50	0	0	0	0
BulletImpact_autocannon_Hydra	2.00	0	0	0	0
BulletImpact_autocannon_Hydra	3.00	0	0	0	0
BulletImpact_autocannon_rapid	0.15	52	35	50	27
BulletImpact_autocannon_rapid	0.30	13	3	11	4
BulletImpact_autocannon_rapid	0.50	15	3	12	3
BulletImpact_autocannon_rapid	0.75	51	37	48	29
BulletImpact_autocannon_rapid	1.00	16	3	9	2
BulletImpact_autocannon_rapid	1.50	0	0	1	0
BulletImpact_autocannon_rapid	2.00	0	0	0	0
BulletImpact_autocannon_rapid	3.00	0	0	0	0
BulletImpact_autogun_1shot	0.15	0	0	0	0
BulletImpact_autogun_1shot	0.30	0	0	0	0
BulletImpact_autogun_1shot	0.50	0	0	0	0
BulletImpact_autogun_1shot	0.75	0	0	0	0
BulletImpact_autogun_1shot	1.00	1	0	1	0
BulletImpact_autogun_1shot	1.50	0	0	0	0
BulletImpact_autogun_1shot	2.00	0	0	0	0
BulletImpact_autogun_1shot	3.00	0	0	0	0
BulletImpact_autogun_1shotSniper	0.15	5	1	5	2
BulletImpact_autogun_1shotSniper	0.30	5	2	6	2
BulletImpact_autogun_1shotSniper	0.50	6	1	7	2
BulletImpact_autogun_1shotSniper	0.75	4	2	6	2
BulletImpact_autogun_1shotSniper	1.00	0	0	0	0
BulletImpact_autogun_1shotSniper	1.50	0	0	0	0
BulletImpact_autogun_1shotSniper	2.00	0	0	0	0
BulletImpact_autogun_1shotSniper	3.00	0	0	0	0
BulletImpact_autogun_2shot	0.15	6	1	14	2
BulletImpact_autogun_2shot	0.30	11	2	15	3
BulletImpact_autogun_2shot	0.50	9	2	10	3
BulletImpact_autogun_2shot	0.75	9	2	10	2
BulletImpact_autogun_2shot	1.00	3	0	5	1
BulletImpact_autogun_2shot	1.50	0	0	0	0
BulletImpact_autogun_2shot	2.00	0	0	0	0
BulletImpact_autogun_2shot	3.00	0	0	0	0
BulletImpact_autogun_3shot	0.15	8	1	10	2
BulletImpact_autogun_3shot	0.30	10	2	13	4
BulletImpact_autogun_3shot	0.50	13	2	16	4
BulletImpact_autogun_3shot	0.75	11	2	13	3
BulletImpact_autogun_3shot	1.00	7	1	8	1
BulletImpact_autogun_3shot	1.50	0	0	0	0
BulletImpact_autogun_3shot	2.00	0	0	0	0
BulletImpact_autogun_3shot	3.00	0	0	0	0
BulletImpact_autogun_4shot	0.15	4	1	7	1
BulletImpact_autogun_4shot	0.30	7	1	12	2
BulletImpact_autogun_4shot	0.50	9	2	15	3
BulletImpact_autogun_4shot	0.75	12	3	13	4
BulletImpact_autogun_4shot	1.00	10	2	12	3
BulletImpact_autogun_4shot	1.50	0	0	0	0
BulletImpact_autogun_4shot	2.00	0	0	0	0
BulletImpact_autogun_4shot	3.00	0	0	0	0
BulletImpact_autogun_6shot	0.15	4	1	12	2
BulletImpact_autogun_6shot	0.30	9	2	12	3
BulletImpact_autogun_6shot	0.50	31	18	36	19
BulletImpact_autogun_6shot	0.75	17	3	20	5
BulletImpact_autogun_6shot	1.00	12	3	14	4
BulletImpact_autogun_6shot	1.50	3	1	7	1
BulletImpact_autogun_6shot	2.00	0	0	0	0
BulletImpact_autogun_6shot	3.00	0	0	0	0
BulletImpact_autogun_6shot_twinlink	0.15	20	4	19	3
BulletImpact_autogun_6shot_twinlink	0.30	20	4	23	4
BulletImpact_autogun_6shot_twinlink	0.50	28	17	32	17
BulletImpact_autogun_6shot_twinlink	0.75	23	5	23	6
BulletImpact_autogun_6shot_twinlink	1.00	12	4	17	6
BulletImpact_autogun_6shot_twinlink	1.50	4	1	5	1
BulletImpact_autogun_6shot_twinlink	2.00	0	0	0	0
BulletImpact_autogun_6shot_twinlink	3.00	0	0	0	0
BulletImpact_autogun_8shot	0.15	28	20	35	20
BulletImpact_autogun_8shot	0.30	35	19	40	19
BulletImpact_autogun_8shot	0.50	16	3	18	5
BulletImpact_autogun_8shot	0.75	15	4	21	6
BulletImpact_autogun_8shot	1.00	17	4	21	6
BulletImpact_autogun_8shot	1.50	6	1	9	2
BulletImpact_autogun_8shot	2.00	0	0	0	0
BulletImpact_autogun_8shot	3.00	0	0	0	0
BulletImpact_autogun_Automatic	0.15	24	6	28	8
BulletImpact_autogun_Automatic	0.30	26	10	32	12
BulletImpact_autogun_Automatic	0.50	30	17	39	18
BulletImpact_autogun_Automatic	0.75	30	10	40	13
BulletImpact_autogun_Automatic	1.00	33	23	38	23
BulletImpact_autogun_Automatic	1.50	12	3	14	4
BulletImpact_autogun_Automatic	2.00	0	0	2	0
BulletImpact_autogun_Automatic	3.00	0	0	0	0
BulletImpact_autogun_liberator_1shot	0.15	6	2	5	2
BulletImpact_autogun_liberator_1shot	0.30	6	1	4	1
BulletImpact_autogun_liberator_1shot	0.50	6	1	3	0
BulletImpact_autogun_liberator_1shot	0.75	1	0	1	0
BulletImpact_autogun_liberator_1shot	1.00	0	0	0	0
BulletImpact_autogun_liberator_1shot	1.50	0	0	0	0
BulletImpact_autogun_liberator_1shot	2.00	0	0	0	0
BulletImpact_autogun_liberator_1shot	3.00	0	0	0	0
BulletImpact_autogun_liberator_repeat	0.15	35	22	39	22
BulletImpact_autogun_liberator_repeat	0.30	7	2	9	2
BulletImpact_autogun_liberator_repeat	0.50	8	2	9	3
BulletImpact_autogun_liberator_repeat	0.75	10	3	10	3
BulletImpact_autogun_liberator_repeat	1.00	11	2	15	3
BulletImpact_autogun_liberator_repeat	1.50	1	0	3	0
BulletImpact_autogun_liberator_repeat	2.00	0	0	0	0
BulletImpact_autogun_liberator_repeat	3.00	0	0	0	0
BulletImpact_autogun_Shotgun	0.15	58	21	64	21
BulletImpact_autogun_Shotgun	0.30	62	28	62	27
BulletImpact_autogun_Shotgun	0.50	82	35	78	34
BulletImpact_autogun_Shotgun	0.75	70	23	62	25
BulletImpact_autogun_Shotgun	1.00	0	0	0	0
BulletImpact_autogun_Shotgun	1.50	0	0	0	0
BulletImpact_autogun_Shotgun	2.00	0	0	0	0
BulletImpact_autogun_Shotgun	3.00	0	0	0	0
BulletImpact_Bolter_Large Area	0.15	52	36	59	36
BulletImpact_Bolter_Large Area	0.30	18	8	26	10
BulletImpact_Bolter_Large Area	0.50	19	12	27	13
BulletImpact_Bolter_Large Area	0.75	60	43	66	42
BulletImpact_Bolter_Large Area	1.00	29	15	32	17
BulletImpact_Bolter_Large Area	1.50	33	17	38	20
BulletImpact_Bolter_Large Area	2.00	26	12	34	14
BulletImpact_Bolter_Large Area	3.00	0	0	0	0
BulletImpact_Bolter_Wide Area	0.15	33	14	35	9
BulletImpact_Bolter_Wide Area	0.30	0	0	3	0
BulletImpact_Bolter_Wide Area	0.50	4	2	4	2
BulletImpact_Bolter_Wide Area	0.75	35	15	34	9
BulletImpact_Bolter_Wide Area	1.00	10	7	7	7
BulletImpact_Bolter_Wide Area	1.50	8	5	5	5
BulletImpact_Bolter_Wide Area	2.00	14	7	13	6
BulletImpact_Bolter_Wide Area	3.00	0	0	0	0
BulletImpact_BulletHole	0.15	428	267	414	222
BulletImpact_BulletHole	0.30	169	127	171	122
BulletImpact_BulletHole	0.50	154	120	157	116
BulletImpact_BulletHole	0.75	153	120	156	116
BulletImpact_BulletHole	1.00	153	120	156	116
BulletImpact_BulletHole	1.50	0	0	0	0
BulletImpact_BulletHole	2.00	0	0	0	0
BulletImpact_BulletHole	3.00	0	0	0	0
BulletImpact_Chaos_Melta	0.15	6	2	5	1
BulletImpact_Chaos_Melta	0.30	10	3	7	2
BulletImpact_Chaos_Melta	0.50	10	3	9	3
BulletImpact_Chaos_Melta	0.75	10	4	9	3
BulletImpact_Chaos_Melta	1.00	3	1	3	1
BulletImpact_Chaos_Melta	1.50	2	0	1	0
BulletImpact_Chaos_Melta	2.00	0	0	0	0
BulletImpact_Chaos_Melta	3.00	0	0	0	0
BulletImpact_ChaosMissile	0.15	38	7	53	9
BulletImpact_ChaosMissile	0.30	22	10	25	8
BulletImpact_ChaosMissile	0.50	45	18	53	15
BulletImpact_ChaosMissile	0.75	50	11	55	9
BulletImpact_ChaosMissile	1.00	2	0	0	0
BulletImpact_ChaosMissile	1.50	0	0	0	0
BulletImpact_ChaosMissile	2.00	0	0	0	0
BulletImpact_ChaosMissile	3.00	0	0	0	0
BulletImpact_ChemVial	0.15	0	0	0	0
BulletImpact_ChemVial	0.30	0	0	0	0
BulletImpact_ChemVial	0.50	0	0	0	0
BulletImpact_ChemVial	0.75	2	4	2	3
BulletImpact_ChemVial	1.00	2	3	2	3
BulletImpact_ChemVial	1.50	0	0	0	0
BulletImpact_ChemVial	2.00	0	0	0	0
BulletImpact_ChemVial	3.00	0	0	0	0
BulletImpact_Combi_Flamer_Infernus	0.15	25	33	26	28
BulletImpact_Combi_Flamer_Infernus	0.30	74	80	79	66
BulletImpact_Combi_Flamer_Infernus	0.50	147	109	147	91
BulletImpact_Combi_Flamer_Infernus	0.75	203	134	201	113
BulletImpact_Combi_Flamer_Infernus	1.00	234	156	229	131
BulletImpact_Combi_Flamer_Infernus	1.50	263	137	268	121
BulletImpact_Combi_Flamer_Infernus	2.00	34	4	21	2
BulletImpact_Combi_Flamer_Infernus	3.00	0	0	0	0
BulletImpact_DA_MissileVolley_Ballistus	0.15	0	0	0	0
BulletImpact_DA_MissileVolley_Ballistus	0.30	0	0	0	0
BulletImpact_DA_MissileVolley_Ballistus	0.50	0	0	0	0
BulletImpact_DA_MissileVolley_Ballistus	0.75	0	0	0	0
BulletImpact_DA_MissileVolley_Ballistus	1.00	0	0	0	0
BulletImpact_DA_MissileVolley_Ballistus	1.50	0	0	0	0
BulletImpact_DA_MissileVolley_Ballistus	2.00	0	0	0	0
BulletImpact_DA_MissileVolley_Ballistus	3.00	0	0	0	0
BulletImpact_DCannon	0.15	0	0	0	0
BulletImpact_DCannon	0.30	2	0	2	0
BulletImpact_DCannon	0.50	6	1	5	1
BulletImpact_DCannon	0.75	13	4	13	5
BulletImpact_DCannon	1.00	21	8	23	8
BulletImpact_DCannon	1.50	47	21	49	20
BulletImpact_DCannon	2.00	56	28	53	25
BulletImpact_DCannon	3.00	0	0	0	0
BulletImpact_DCannon_2	0.15	2	0	2	0
BulletImpact_DCannon_2	0.30	2	0	2	1
BulletImpact_DCannon_2	0.50	6	2	6	2
BulletImpact_DCannon_2	0.75	16	6	17	6
BulletImpact_DCannon_2	1.00	26	12	26	11
BulletImpact_DCannon_2	1.50	36	18	36	16
BulletImpact_DCannon_2	2.00	26	10	25	9
BulletImpact_DCannon_2	3.00	0	0	0	0
BulletImpact_DCannon_2_twinlink	0.15	0	0	0	0
BulletImpact_DCannon_2_twinlink	0.30	2	0	2	0
BulletImpact_DCannon_2_twinlink	0.50	4	1	4	1
BulletImpact_DCannon_2_twinlink	0.75	14	4	14	4
BulletImpact_DCannon_2_twinlink	1.00	18	7	17	7
BulletImpact_DCannon_2_twinlink	1.50	26	15	24	13
BulletImpact_DCannon_2_twinlink	2.00	20	8	20	7
BulletImpact_DCannon_2_twinlink	3.00	0	0	0	0
BulletImpact_DCannon_twinlink	0.15	1	1	3	1
BulletImpact_DCannon_twinlink	0.30	8	3	8	3
BulletImpact_DCannon_twinlink	0.50	11	2	14	3
BulletImpact_DCannon_twinlink	0.75	22	7	20	7
BulletImpact_DCannon_twinlink	1.00	37	17	38	17
BulletImpact_DCannon_twinlink	1.50	69	38	67	33
BulletImpact_DCannon_twinlink	2.00	79	48	83	41
BulletImpact_DCannon_twinlink	3.00	0	0	0	0
BulletImpact_DeathSpinner	0.15	127	67	126	61
BulletImpact_DeathSpinner	0.30	142	58	140	56
BulletImpact_DeathSpinner	0.50	146	61	154	60
BulletImpact_DeathSpinner	0.75	93	18	92	22
BulletImpact_DeathSpinner	1.00	0	0	0	0
BulletImpact_DeathSpinner	1.50	0	0	0	0
BulletImpact_DeathSpinner	2.00	0	0	0	0
BulletImpact_DeathSpinner	3.00	0	0	0	0
BulletImpact_DeathSpinner Test	0.15	1366	594	1321	561
BulletImpact_DeathSpinner Test	0.30	1983	722	1768	729
BulletImpact_DeathSpinner Test	0.50	149	130	163	109
BulletImpact_DeathSpinner Test	0.75	128	33	130	34
BulletImpact_DeathSpinner Test	1.00	48	14	63	15
BulletImpact_DeathSpinner Test	1.50	32	25	32	22
BulletImpact_DeathSpinner Test	2.00	87	80	87	76
BulletImpact_DeathSpinner Test	3.00	209	197	209	188
BulletImpact_deathspinner_arc	0.15	26	16	27	14
BulletImpact_deathspinner_arc	0.30	48	28	43	23
BulletImpact_deathspinner_arc	0.50	33	16	30	15
BulletImpact_deathspinner_arc	0.75	8	4	9	3
BulletImpact_deathspinner_arc	1.00	1	1	1	1
BulletImpact_deathspinner_arc	1.50	0	0	0	0
BulletImpact_deathspinner_arc	2.00	0	0	0	0
BulletImpact_deathspinner_arc	3.00	0	0	0	0
BulletImpact_deathspinner_arc_alt	0.15	622	581	619	440
BulletImpact_deathspinner_arc_alt	0.30	654	546	645	426
BulletImpact_deathspinner_arc_alt	0.50	470	420	456	324
BulletImpact_deathspinner_arc_alt	0.75	128	198	128	149
BulletImpact_deathspinner_arc_alt	1.00	20	27	20	21
BulletImpact_deathspinner_arc_alt	1.50	0	0	0	0
BulletImpact_deathspinner_arc_alt	2.00	36	15	35	16
BulletImpact_deathspinner_arc_alt	3.00	92	29	87	30
BulletImpact_DeathSpinner_spider	0.15	68	37	68	33
BulletImpact_DeathSpinner_spider	0.30	76	37	75	33
BulletImpact_DeathSpinner_spider	0.50	79	40	79	36
BulletImpact_DeathSpinner_spider	0.75	20	7	19	6
BulletImpact_DeathSpinner_spider	1.00	0	0	0	0
BulletImpact_DeathSpinner_spider	1.50	0	0	0	0
BulletImpact_DeathSpinner_spider	2.00	0	0	0	0
BulletImpact_DeathSpinner_spider	3.00	0	0	0	0
BulletImpact_DeathSpinner_spider_twinlink	0.15	139	78	139	68
BulletImpact_DeathSpinner_spider_twinlink	0.30	149	75	154	66
BulletImpact_DeathSpinner_spider_twinlink	0.50	164	84	165	75
BulletImpact_DeathSpinner_spider_twinlink	0.75	29	12	29	12
BulletImpact_DeathSpinner_spider_twinlink	1.00	0	0	0	0
BulletImpact_DeathSpinner_spider_twinlink	1.50	0	0	0	0
BulletImpact_DeathSpinner_spider_twinlink	2.00	0	0	0	0
BulletImpact_DeathSpinner_spider_twinlink	3.00	0	0	0	0
BulletImpact_DeathSpinner_twinlink	0.15	251	128	247	115
BulletImpact_DeathSpinner_twinlink	0.30	272	111	265	107
BulletImpact_DeathSpinner_twinlink	0.50	255	115	263	110
BulletImpact_DeathSpinner_twinlink	0.75	141	33	134	36
BulletImpact_DeathSpinner_twinlink	1.00	0	0	0	0
BulletImpact_DeathSpinner_twinlink	1.50	0	0	0	0
BulletImpact_DeathSpinner_twinlink	2.00	0	0	0	0
BulletImpact_DeathSpinner_twinlink	3.00	0	0	0	0
BulletImpact_DeathSpinner_twinlink_large	0.15	155	80	155	72
BulletImpact_DeathSpinner_twinlink_large	0.30	100	33	87	33
BulletImpact_DeathSpinner_twinlink_large	0.50	172	82	163	78
BulletImpact_DeathSpinner_twinlink_large	0.75	179	73	167	67
BulletImpact_DeathSpinner_twinlink_large	1.00	62	25	63	25
BulletImpact_DeathSpinner_twinlink_large	1.50	0	0	0	0
BulletImpact_DeathSpinner_twinlink_large	2.00	0	0	0	0
BulletImpact_DeathSpinner_twinlink_large	3.00	0	0	0	0
BulletImpact_DeathSpinner_twinlink_large parabolic	0.15	12	7	12	7
BulletImpact_DeathSpinner_twinlink_large parabolic	0.30	20	7	17	8
BulletImpact_DeathSpinner_twinlink_large parabolic	0.50	69	22	61	23
BulletImpact_DeathSpinner_twinlink_large parabolic	0.75	147	39	138	43
BulletImpact_DeathSpinner_twinlink_large parabolic	1.00	216	55	204	57
BulletImpact_DeathSpinner_twinlink_large parabolic	1.50	343	93	344	106
BulletImpact_DeathSpinner_twinlink_large parabolic	2.00	366	105	369	116
BulletImpact_DeathSpinner_twinlink_large parabolic	3.00	0	0	0	0
BulletImpact_DesolationMissile	0.15	38	7	46	8
BulletImpact_DesolationMissile	0.30	24	9	23	8
BulletImpact_DesolationMissile	0.50	43	15	43	13
BulletImpact_DesolationMissile	0.75	49	11	47	11
BulletImpact_DesolationMissile	1.00	7	1	17	2
BulletImpact_DesolationMissile	1.50	0	0	0	0
BulletImpact_DesolationMissile	2.00	0	0	0	0
BulletImpact_DesolationMissile	3.00	0	0	0	0
BulletImpact_DesolationMissile_AOE	0.15	27	4	38	6
BulletImpact_DesolationMissile_AOE	0.30	48	14	45	16
BulletImpact_DesolationMissile_AOE	0.50	60	20	58	22
BulletImpact_DesolationMissile_AOE	0.75	70	24	72	25
BulletImpact_DesolationMissile_AOE	1.00	63	22	60	23
BulletImpact_DesolationMissile_AOE	1.50	55	16	55	18
BulletImpact_DesolationMissile_AOE	2.00	0	0	0	0
BulletImpact_DesolationMissile_AOE	3.00	0	0	0	0
BulletImpact_DynamiteBundle_Throw	0.15	9	2	10	3
BulletImpact_DynamiteBundle_Throw	0.30	10	2	10	3
BulletImpact_DynamiteBundle_Throw	0.50	8	2	8	3
BulletImpact_DynamiteBundle_Throw	0.75	10	2	10	5
BulletImpact_DynamiteBundle_Throw	1.00	13	3	13	6
BulletImpact_DynamiteBundle_Throw	1.50	14	19	14	20
BulletImpact_DynamiteBundle_Throw	2.00	0	0	0	0
BulletImpact_DynamiteBundle_Throw	3.00	0	0	0	0
BulletImpact_Eldar_Lasblaster	0.15	13	6	14	5
BulletImpact_Eldar_Lasblaster	0.30	16	8	16	6
BulletImpact_Eldar_Lasblaster	0.50	16	8	16	6
BulletImpact_Eldar_Lasblaster	0.75	8	2	7	2
BulletImpact_Eldar_Lasblaster	1.00	0	0	0	0
BulletImpact_Eldar_Lasblaster	1.50	0	0	0	0
BulletImpact_Eldar_Lasblaster	2.00	0	0	0	0
BulletImpact_Eldar_Lasblaster	3.00	0	0	0	0
BulletImpact_Flamethrower_ClearanceIncinerator	0.15	59	35	60	31
BulletImpact_Flamethrower_ClearanceIncinerator	0.30	98	81	92	65
BulletImpact_Flamethrower_ClearanceIncinerator	0.50	144	120	145	99
BulletImpact_Flamethrower_ClearanceIncinerator	0.75	214	141	210	118
BulletImpact_Flamethrower_ClearanceIncinerator	1.00	236	149	235	125
BulletImpact_Flamethrower_ClearanceIncinerator	1.50	276	169	273	140
BulletImpact_Flamethrower_ClearanceIncinerator	2.00	279	161	278	138
BulletImpact_Flamethrower_ClearanceIncinerator	3.00	18	4	21	5
BulletImpact_Flamethrower_HandFlamer	0.15	19	20	20	19
BulletImpact_Flamethrower_HandFlamer	0.30	73	63	70	52
BulletImpact_Flamethrower_HandFlamer	0.50	146	107	146	89
BulletImpact_Flamethrower_HandFlamer	0.75	202	117	204	99
BulletImpact_Flamethrower_HandFlamer	1.00	240	140	234	121
BulletImpact_Flamethrower_HandFlamer	1.50	222	103	217	91
BulletImpact_Flamethrower_HandFlamer	2.00	0	0	0	0
BulletImpact_Flamethrower_HandFlamer	3.00	0	0	0	0
BulletImpact_FlamethrowerSororitas	0.15	0	0	0	0
BulletImpact_FlamethrowerSororitas	0.30	0	0	0	0
BulletImpact_FlamethrowerSororitas	0.50	0	0	0	0
BulletImpact_FlamethrowerSororitas	0.75	1	0	1	0
BulletImpact_FlamethrowerSororitas	1.00	1	0	1	0
BulletImpact_FlamethrowerSororitas	1.50	1	0	2	0
BulletImpact_FlamethrowerSororitas	2.00	1	0	1	0
BulletImpact_FlamethrowerSororitas	3.00	0	0	0	0
BulletImpact_FlamethrowerSororitas_long	0.15	66	29	65	28
BulletImpact_FlamethrowerSororitas_long	0.30	148	115	145	95
BulletImpact_FlamethrowerSororitas_long	0.50	229	188	227	157
BulletImpact_FlamethrowerSororitas_long	0.75	271	184	270	156
BulletImpact_FlamethrowerSororitas_long	1.00	294	190	298	162
BulletImpact_FlamethrowerSororitas_long	1.50	337	215	342	180
BulletImpact_FlamethrowerSororitas_long	2.00	375	239	376	209
BulletImpact_FlamethrowerSororitas_long	3.00	71	23	74	23
BulletImpact_FlamethrowerSororitas_twinlink	0.15	0	0	0	0
BulletImpact_FlamethrowerSororitas_twinlink	0.30	0	0	0	0
BulletImpact_FlamethrowerSororitas_twinlink	0.50	0	0	0	0
BulletImpact_FlamethrowerSororitas_twinlink	0.75	1	0	1	0
BulletImpact_FlamethrowerSororitas_twinlink	1.00	1	0	1	0
BulletImpact_FlamethrowerSororitas_twinlink	1.50	2	1	2	0
BulletImpact_FlamethrowerSororitas_twinlink	2.00	2	0	2	0
BulletImpact_FlamethrowerSororitas_twinlink	3.00	0	0	0	0
BulletImpact_FusionGun	0.15	2	0	2	0
BulletImpact_FusionGun	0.30	2	0	2	1
BulletImpact_FusionGun	0.50	6	2	6	2
BulletImpact_FusionGun	0.75	16	5	15	5
BulletImpact_FusionGun	1.00	26	11	24	10
BulletImpact_FusionGun	1.50	30	11	29	10
BulletImpact_FusionGun	2.00	20	5	20	5
BulletImpact_FusionGun	3.00	0	0	0	0
BulletImpact_gatling_1s	0.15	0	0	0	0
BulletImpact_gatling_1s	0.30	0	0	0	0
BulletImpact_gatling_1s	0.50	0	0	0	0
BulletImpact_gatling_1s	0.75	55	28	61	29
BulletImpact_gatling_1s	1.00	60	43	61	42
BulletImpact_gatling_1s	1.50	44	20	46	23
BulletImpact_gatling_1s	2.00	21	6	28	8
BulletImpact_gatling_1s	3.00	0	0	0	0
BulletImpact_gatling_1s_invader	0.15	0	0	0	0
BulletImpact_gatling_1s_invader	0.30	0	0	0	0
BulletImpact_gatling_1s_invader	0.50	0	0	0	0
BulletImpact_gatling_1s_invader	0.75	35	16	35	16
BulletImpact_gatling_1s_invader	1.00	38	24	38	25
BulletImpact_gatling_1s_invader	1.50	28	14	32	17
BulletImpact_gatling_1s_invader	2.00	18	6	20	8
BulletImpact_gatling_1s_invader	3.00	0	0	0	0
BulletImpact_Ghazghkull_AA	0.15	44	26	43	18
BulletImpact_Ghazghkull_AA	0.30	48	23	46	16
BulletImpact_Ghazghkull_AA	0.50	51	23	47	18
BulletImpact_Ghazghkull_AA	0.75	52	24	51	19
BulletImpact_Ghazghkull_AA	1.00	17	7	8	7
BulletImpact_Ghazghkull_AA	1.50	1	1	1	1
BulletImpact_Ghazghkull_AA	2.00	0	0	0	0
BulletImpact_Ghazghkull_AA	3.00	0	0	0	0
BulletImpact_Gordrang	0.15	29	7	19	4
BulletImpact_Gordrang	0.30	4	1	2	0
BulletImpact_Gordrang	0.50	10	1	7	1
BulletImpact_Gordrang	0.75	35	9	30	5
BulletImpact_Gordrang	1.00	14	2	8	1
BulletImpact_Gordrang	1.50	13	3	10	1
BulletImpact_Gordrang	2.00	6	1	5	0
BulletImpact_Gordrang	3.00	0	0	0	0
BulletImpact_Grenade_ThumpGun	0.15	95	16	113	21
BulletImpact_Grenade_ThumpGun	0.30	53	18	48	16
BulletImpact_Grenade_ThumpGun	0.50	85	23	74	22
BulletImpact_Grenade_ThumpGun	0.75	67	13	63	14
BulletImpact_Grenade_ThumpGun	1.00	0	0	0	0
BulletImpact_Grenade_ThumpGun	1.50	0	0	0	0
BulletImpact_Grenade_ThumpGun	2.00	0	0	0	0
BulletImpact_Grenade_ThumpGun	3.00	0	0	0	0
BulletImpact_GrenadeLauncher	0.15	99	20	109	22
BulletImpact_GrenadeLauncher	0.30	71	28	64	20
BulletImpact_GrenadeLauncher	0.50	114	36	98	23
BulletImpact_GrenadeLauncher	0.75	101	21	82	13
BulletImpact_GrenadeLauncher	1.00	0	0	0	0
BulletImpact_GrenadeLauncher	1.50	0	0	0	0
BulletImpact_GrenadeLauncher	2.00	0	0	0	0
BulletImpact_GrenadeLauncher	3.00	0	0	0	0
BulletImpact_GrenadierGauntlet	0.15	186	39	165	43
BulletImpact_GrenadierGauntlet	0.30	78	39	70	35
BulletImpact_GrenadierGauntlet	0.50	116	42	107	39
BulletImpact_GrenadierGauntlet	0.75	105	28	100	30
BulletImpact_GrenadierGauntlet	1.00	0	0	10	1
BulletImpact_GrenadierGauntlet	1.50	0	0	0	0
BulletImpact_GrenadierGauntlet	2.00	0	0	0	0
BulletImpact_GrenadierGauntlet	3.00	0	0	0	0
BulletImpact_Kroot_KrootGun OLD	0.15	1	0	2	0
BulletImpact_Kroot_KrootGun OLD	0.30	3	1	3	1
BulletImpact_Kroot_KrootGun OLD	0.50	45	16	45	17
BulletImpact_Kroot_KrootGun OLD	0.75	4	1	4	2
BulletImpact_Kroot_KrootGun OLD	1.00	2	0	2	0
BulletImpact_Kroot_KrootGun OLD	1.50	0	0	0	0
BulletImpact_Kroot_KrootGun OLD	2.00	0	0	0	0
BulletImpact_Kroot_KrootGun OLD	3.00	0	0	0	0
BulletImpact_Kroot_KrootPistol	0.15	2	0	2	1
BulletImpact_Kroot_KrootPistol	0.30	3	1	2	1
BulletImpact_Kroot_KrootPistol	0.50	4	1	5	1
BulletImpact_Kroot_KrootPistol	0.75	4	0	5	1
BulletImpact_Kroot_KrootPistol	1.00	0	0	0	0
BulletImpact_Kroot_KrootPistol	1.50	0	0	0	0
BulletImpact_Kroot_KrootPistol	2.00	0	0	0	0
BulletImpact_Kroot_KrootPistol	3.00	0	0	0	0
BulletImpact_Kroot_KrootRifle	0.15	22	6	23	7
BulletImpact_Kroot_KrootRifle	0.30	29	8	27	9
BulletImpact_Kroot_KrootRifle	0.50	36	9	40	11
BulletImpact_Kroot_KrootRifle	0.75	25	4	32	6
BulletImpact_Kroot_KrootRifle	1.00	0	0	0	0
BulletImpact_Kroot_KrootRifle	1.50	0	0	0	0
BulletImpact_Kroot_KrootRifle	2.00	0	0	0	0
BulletImpact_Kroot_KrootRifle	3.00	0	0	0	0
BulletImpact_Kroot_KrootScattergun	0.15	26	9	24	10
BulletImpact_Kroot_KrootScattergun	0.30	34	13	36	13
BulletImpact_Kroot_KrootScattergun	0.50	42	14	43	15
BulletImpact_Kroot_KrootScattergun	0.75	53	14	50	16
BulletImpact_Kroot_KrootScattergun	1.00	45	10	44	12
BulletImpact_Kroot_KrootScattergun	1.50	0	0	0	0
BulletImpact_Kroot_KrootScattergun	2.00	0	0	0	0
BulletImpact_Kroot_KrootScattergun	3.00	0	0	0	0
BulletImpact_Kroot_RepeaterCannon	0.15	16	4	16	5
BulletImpact_Kroot_RepeaterCannon	0.30	296	152	284	129
BulletImpact_Kroot_RepeaterCannon	0.50	24	4	27	6
BulletImpact_Kroot_RepeaterCannon	0.75	15	3	15	4
BulletImpact_Kroot_RepeaterCannon	1.00	12	2	16	3
BulletImpact_Kroot_RepeaterCannon	1.50	0	0	0	0
BulletImpact_Kroot_RepeaterCannon	2.00	0	0	0	0
BulletImpact_Kroot_RepeaterCannon	3.00	0	0	0	0
BulletImpact_Kroot_RepeaterCannon OLD	0.15	40	17	40	16
BulletImpact_Kroot_RepeaterCannon OLD	0.30	5	1	6	2
BulletImpact_Kroot_RepeaterCannon OLD	0.50	6	2	6	3
BulletImpact_Kroot_RepeaterCannon OLD	0.75	40	18	40	17
BulletImpact_Kroot_RepeaterCannon OLD	1.00	4	1	5	1
BulletImpact_Kroot_RepeaterCannon OLD	1.50	0	0	0	0
BulletImpact_Kroot_RepeaterCannon OLD	2.00	0	0	0	0
BulletImpact_Kroot_RepeaterCannon OLD	3.00	0	0	0	0
BulletImpact_Lascannon	0.15	0	0	0	0
BulletImpact_Lascannon	0.30	1	0	1	0
BulletImpact_Lascannon	0.50	2	1	2	1
BulletImpact_Lascannon	0.75	7	3	5	2
BulletImpact_Lascannon	1.00	12	6	12	5
BulletImpact_Lascannon	1.50	26	9	27	9
BulletImpact_Lascannon	2.00	0	0	0	0
BulletImpact_Lascannon	3.00	0	0	0	0
BulletImpact_Lascannon_2shots	0.15	0	0	0	0
BulletImpact_Lascannon_2shots	0.30	1	0	1	0
BulletImpact_Lascannon_2shots	0.50	2	1	2	1
BulletImpact_Lascannon_2shots	0.75	7	3	5	2
BulletImpact_Lascannon_2shots	1.00	12	6	12	5
BulletImpact_Lascannon_2shots	1.50	60	27	63	25
BulletImpact_Lascannon_2shots	2.00	19	5	17	5
BulletImpact_Lascannon_2shots	3.00	0	0	0	0
BulletImpact_Lascannon_twinlink	0.15	0	0	0	0
BulletImpact_Lascannon_twinlink	0.30	2	0	2	0
BulletImpact_Lascannon_twinlink	0.50	6	2	6	2
BulletImpact_Lascannon_twinlink	0.75	13	5	12	5
BulletImpact_Lascannon_twinlink	1.00	23	11	23	10
BulletImpact_Lascannon_twinlink	1.50	45	18	47	17
BulletImpact_Lascannon_twinlink	2.00	1	0	1	0
BulletImpact_Lascannon_twinlink	3.00	0	0	0	0
BulletImpact_Lascannon_twinlink_dread	0.15	1	0	2	0
BulletImpact_Lascannon_twinlink_dread	0.30	5	2	6	2
BulletImpact_Lascannon_twinlink_dread	0.50	14	5	14	5
BulletImpact_Lascannon_twinlink_dread	0.75	31	15	30	13
BulletImpact_Lascannon_twinlink_dread	1.00	53	30	55	25
BulletImpact_Lascannon_twinlink_dread	1.50	116	51	114	46
BulletImpact_Lascannon_twinlink_dread	2.00	2	0	4	0
BulletImpact_Lascannon_twinlink_dread	3.00	0	0	0	0
BulletImpact_LongRifle_trail	0.15	0	0	0	0
BulletImpact_LongRifle_trail	0.30	0	0	0	0
BulletImpact_LongRifle_trail	0.50	0	0	0	0
BulletImpact_LongRifle_trail	0.75	0	0	0	0
BulletImpact_LongRifle_trail	1.00	0	0	0	0
BulletImpact_LongRifle_trail	1.50	0	0	0	0
BulletImpact_LongRifle_trail	2.00	0	0	0	0
BulletImpact_LongRifle_trail	3.00	0	0	0	0
BulletImpact_MagicMissile_EC	0.15	343	167	340	150
BulletImpact_MagicMissile_EC	0.30	378	152	382	149
BulletImpact_MagicMissile_EC	0.50	452	187	454	188
BulletImpact_MagicMissile_EC	0.75	592	242	608	239
BulletImpact_MagicMissile_EC	1.00	462	196	464	189
BulletImpact_MagicMissile_EC	1.50	508	210	487	186
BulletImpact_MagicMissile_EC	2.00	312	108	293	96
BulletImpact_MagicMissile_EC	3.00	0	0	0	0
BulletImpact_MagicMissile_EC_Fire	0.15	326	137	325	123
BulletImpact_MagicMissile_EC_Fire	0.30	378	173	364	151
BulletImpact_MagicMissile_EC_Fire	0.50	421	176	414	158
BulletImpact_MagicMissile_EC_Fire	0.75	584	234	570	202
BulletImpact_MagicMissile_EC_Fire	1.00	453	154	449	136
BulletImpact_MagicMissile_EC_Fire	1.50	430	150	432	140
BulletImpact_MagicMissile_EC_Fire	2.00	311	130	316	122
BulletImpact_MagicMissile_EC_Fire	3.00	0	0	0	0
BulletImpact_MissileToTarget	0.15	50	7	68	11
BulletImpact_MissileToTarget	0.30	21	8	22	10
BulletImpact_MissileToTarget	0.50	39	14	46	19
BulletImpact_MissileToTarget	0.75	50	13	56	17
BulletImpact_MissileToTarget	1.00	7	1	15	2
BulletImpact_MissileToTarget	1.50	0	0	0	0
BulletImpact_MissileToTarget	2.00	2	0	2	1
BulletImpact_MissileToTarget	3.00	0	0	0	0
BulletImpact_MissileToTarget_Orks	0.15	49	6	66	10
BulletImpact_MissileToTarget_Orks	0.30	15	5	17	6
BulletImpact_MissileToTarget_Orks	0.50	27	9	32	12
BulletImpact_MissileToTarget_Orks	0.75	32	9	33	11
BulletImpact_MissileToTarget_Orks	1.00	3	0	8	1
BulletImpact_MissileToTarget_Orks	1.50	0	0	0	0
BulletImpact_MissileToTarget_Orks	2.00	2	1	2	1
BulletImpact_MissileToTarget_Orks	3.00	1	0	1	0
BulletImpact_Morgrim	0.15	28	7	18	3
BulletImpact_Morgrim	0.30	5	1	2	0
BulletImpact_Morgrim	0.50	9	2	7	1
BulletImpact_Morgrim	0.75	35	9	29	5
BulletImpact_Morgrim	1.00	14	2	10	1
BulletImpact_Morgrim	1.50	16	5	13	3
BulletImpact_Morgrim	2.00	5	1	4	0
BulletImpact_Morgrim	3.00	0	0	0	0
BulletImpact_Needle gun_1shot	0.15	0	0	0	0
BulletImpact_Needle gun_1shot	0.30	0	0	0	0
BulletImpact_Needle gun_1shot	0.50	0	0	0	0
BulletImpact_Needle gun_1shot	0.75	0	0	0	0
BulletImpact_Needle gun_1shot	1.00	0	0	0	0
BulletImpact_Needle gun_1shot	1.50	0	0	0	0
BulletImpact_Needle gun_1shot	2.00	0	0	0	0
BulletImpact_Needle gun_1shot	3.00	0	0	0	0
BulletImpact_noisemarine	0.15	16	5	16	6
BulletImpact_noisemarine	0.30	23	5	21	7
BulletImpact_noisemarine	0.50	25	5	26	7
BulletImpact_noisemarine	0.75	8	2	17	3
BulletImpact_noisemarine	1.00	3	0	4	1
BulletImpact_noisemarine	1.50	0	0	0	0
BulletImpact_noisemarine	2.00	0	0	0	0
BulletImpact_noisemarine	3.00	0	0	0	0
BulletImpact_Ork Heavy Lobba	0.15	240	111	263	101
BulletImpact_Ork Heavy Lobba	0.30	800	387	843	331
BulletImpact_Ork Heavy Lobba	0.50	1459	483	1555	404
BulletImpact_Ork Heavy Lobba	0.75	1555	358	1549	317
BulletImpact_Ork Heavy Lobba	1.00	204	87	106	123
BulletImpact_Ork Heavy Lobba	1.50	0	0	0	0
BulletImpact_Ork Heavy Lobba	2.00	0	0	0	0
BulletImpact_Ork Heavy Lobba	3.00	0	0	0	0
BulletImpact_Ork Missile Big	0.15	266	155	268	125
BulletImpact_Ork Missile Big	0.30	605	316	671	254
BulletImpact_Ork Missile Big	0.50	1069	456	1282	388
BulletImpact_Ork Missile Big	0.75	1336	360	1182	301
BulletImpact_Ork Missile Big	1.00	97	9	11	1
BulletImpact_Ork Missile Big	1.50	0	0	0	0
BulletImpact_Ork Missile Big	2.00	0	0	0	0
BulletImpact_Ork Missile Big	3.00	0	0	0	0
BulletImpact_Ork Missiles 1	0.15	39	8	49	9
BulletImpact_Ork Missiles 1	0.30	26	10	24	8
BulletImpact_Ork Missiles 1	0.50	35	14	38	11
BulletImpact_Ork Missiles 1	0.75	34	8	38	6
BulletImpact_Ork Missiles 1	1.00	0	0	0	0
BulletImpact_Ork Missiles 1	1.50	0	0	0	0
BulletImpact_Ork Missiles 1	2.00	0	0	0	0
BulletImpact_Ork Missiles 1	3.00	0	0	0	0
BulletImpact_Ork Missiles 2	0.15	20	3	24	4
BulletImpact_Ork Missiles 2	0.30	29	10	28	10
BulletImpact_Ork Missiles 2	0.50	32	14	35	13
BulletImpact_Ork Missiles 2	0.75	36	15	40	13
BulletImpact_Ork Missiles 2	1.00	28	15	28	13
BulletImpact_Ork Missiles 2	1.50	10	2	8	1
BulletImpact_Ork Missiles 2	2.00	0	0	0	0
BulletImpact_Ork Missiles 2	3.00	0	0	0	0
BulletImpact_Ork Snakebite Squig Hook	0.15	127	30	149	32
BulletImpact_Ork Snakebite Squig Hook	0.30	91	45	89	30
BulletImpact_Ork Snakebite Squig Hook	0.50	140	61	141	44
BulletImpact_Ork Snakebite Squig Hook	0.75	168	48	156	35
BulletImpact_Ork Snakebite Squig Hook	1.00	1	0	0	0
BulletImpact_Ork Snakebite Squig Hook	1.50	0	0	0	0
BulletImpact_Ork Snakebite Squig Hook	2.00	0	0	0	0
BulletImpact_Ork Snakebite Squig Hook	3.00	0	0	0	0
BulletImpact_Psychophage	0.15	147	69	148	63
BulletImpact_Psychophage	0.30	211	107	207	91
BulletImpact_Psychophage	0.50	357	163	347	147
BulletImpact_Psychophage	0.75	390	187	389	172
BulletImpact_Psychophage	1.00	372	175	376	165
BulletImpact_Psychophage	1.50	129	18	133	23
BulletImpact_Psychophage	2.00	0	0	0	0
BulletImpact_Psychophage	3.00	0	0	0	0
BulletImpact_Pyrovore	0.15	857	454	781	427
BulletImpact_Pyrovore	0.30	1889	671	1727	646
BulletImpact_Pyrovore	0.50	49	63	48	43
BulletImpact_Pyrovore	0.75	38	52	38	35
BulletImpact_Pyrovore	1.00	0	0	0	0
BulletImpact_Pyrovore	1.50	0	0	0	0
BulletImpact_Pyrovore	2.00	0	0	0	0
BulletImpact_Pyrovore	3.00	0	0	0	0
BulletImpact_Pyrovore OLD	0.15	140	71	133	63
BulletImpact_Pyrovore OLD	0.30	495	240	482	217
BulletImpact_Pyrovore OLD	0.50	1169	619	1175	563
BulletImpact_Pyrovore OLD	0.75	13	8	12	4
BulletImpact_Pyrovore OLD	1.00	24	23	23	17
BulletImpact_Pyrovore OLD	1.50	21	27	21	24
BulletImpact_Pyrovore OLD	2.00	0	0	0	0
BulletImpact_Pyrovore OLD	3.00	0	0	0	0
BulletImpact_RandomShitGo	0.15	37	12	30	7
BulletImpact_RandomShitGo	0.30	4	1	3	0
BulletImpact_RandomShitGo	0.50	8	2	6	2
BulletImpact_RandomShitGo	0.75	48	23	43	17
BulletImpact_RandomShitGo	1.00	25	16	21	15
BulletImpact_RandomShitGo	1.50	63	30	55	25
BulletImpact_RandomShitGo	2.00	17	5	15	5
BulletImpact_RandomShitGo	3.00	0	0	0	0
BulletImpact_RiftCannon	0.15	0	0	0	0
BulletImpact_RiftCannon	0.30	0	0	0	0
BulletImpact_RiftCannon	0.50	7	5	8	4
BulletImpact_RiftCannon	0.75	6	4	7	4
BulletImpact_RiftCannon	1.00	8	4	9	4
BulletImpact_RiftCannon	1.50	0	0	0	0
BulletImpact_RiftCannon	2.00	0	0	0	0
BulletImpact_RiftCannon	3.00	0	0	0	0
BulletImpact_Rippergun	0.15	55	18	40	9
BulletImpact_Rippergun	0.30	71	22	49	13
BulletImpact_Rippergun	0.50	58	23	47	17
BulletImpact_Rippergun	0.75	36	9	31	6
BulletImpact_Rippergun	1.00	6	2	1	1
BulletImpact_Rippergun	1.50	0	0	0	0
BulletImpact_Rippergun	2.00	0	0	0	0
BulletImpact_Rippergun	3.00	0	0	0	0
BulletImpact_Saboteur_DetonatorOnly	0.15	52	12	53	12
BulletImpact_Saboteur_DetonatorOnly	0.30	67	15	64	15
BulletImpact_Saboteur_DetonatorOnly	0.50	84	18	81	19
BulletImpact_Saboteur_DetonatorOnly	0.75	100	22	97	23
BulletImpact_Saboteur_DetonatorOnly	1.00	110	24	108	25
BulletImpact_Saboteur_DetonatorOnly	1.50	76	12	77	15
BulletImpact_Saboteur_DetonatorOnly	2.00	0	0	0	0
BulletImpact_Saboteur_DetonatorOnly	3.00	0	0	0	0
BulletImpact_SaboteurExplosive	0.15	15	3	15	3
BulletImpact_SaboteurExplosive	0.30	19	4	18	4
BulletImpact_SaboteurExplosive	0.50	25	5	23	5
BulletImpact_SaboteurExplosive	0.75	28	6	27	6
BulletImpact_SaboteurExplosive	1.00	30	7	31	7
BulletImpact_SaboteurExplosive	1.50	21	4	22	4
BulletImpact_SaboteurExplosive	2.00	0	0	0	0
BulletImpact_SaboteurExplosive	3.00	0	0	0	0
BulletImpact_Screamer-Killer	0.15	160	113	164	90
BulletImpact_Screamer-Killer	0.30	187	151	194	115
BulletImpact_Screamer-Killer	0.50	266	213	266	169
BulletImpact_Screamer-Killer	0.75	272	220	274	175
BulletImpact_Screamer-Killer	1.00	219	182	216	144
BulletImpact_Screamer-Killer	1.50	0	0	0	0
BulletImpact_Screamer-Killer	2.00	0	0	0	0
BulletImpact_Screamer-Killer	3.00	0	0	0	0
BulletImpact_Shuriken_Long	0.15	23	10	23	7
BulletImpact_Shuriken_Long	0.30	27	8	27	7
BulletImpact_Shuriken_Long	0.50	26	7	24	5
BulletImpact_Shuriken_Long	0.75	23	8	22	6
BulletImpact_Shuriken_Long	1.00	27	10	27	8
BulletImpact_Shuriken_Long	1.50	0	0	0	0
BulletImpact_Shuriken_Long	2.00	0	0	0	0
BulletImpact_Shuriken_Long	3.00	0	0	0	0
BulletImpact_Shuriken_Long_twinlink	0.15	47	26	43	22
BulletImpact_Shuriken_Long_twinlink	0.30	52	23	49	19
BulletImpact_Shuriken_Long_twinlink	0.50	51	21	50	19
BulletImpact_Shuriken_Long_twinlink	0.75	53	26	52	23
BulletImpact_Shuriken_Long_twinlink	1.00	60	26	63	23
BulletImpact_Shuriken_Long_twinlink	1.50	0	0	0	0
BulletImpact_Shuriken_Long_twinlink	2.00	0	0	0	0
BulletImpact_Shuriken_Long_twinlink	3.00	0	0	0	0
BulletImpact_Shuriken_Pistol	0.15	2	0	2	0
BulletImpact_Shuriken_Pistol	0.30	0	0	1	0
BulletImpact_Shuriken_Pistol	0.50	1	0	2	0
BulletImpact_Shuriken_Pistol	0.75	0	0	0	0
BulletImpact_Shuriken_Pistol	1.00	1	0	1	0
BulletImpact_Shuriken_Pistol	1.50	0	0	0	0
BulletImpact_Shuriken_Pistol	2.00	0	0	0	0
BulletImpact_Shuriken_Pistol	3.00	0	0	0	0
BulletImpact_Shuriken_Short	0.15	18	10	17	8
BulletImpact_Shuriken_Short	0.30	0	0	2	0
BulletImpact_Shuriken_Short	0.50	1	0	1	0
BulletImpact_Shuriken_Short	0.75	18	9	17	8
BulletImpact_Shuriken_Short	1.00	2	0	2	0
BulletImpact_Shuriken_Short	1.50	0	0	0	0
BulletImpact_Shuriken_Short	2.00	0	0	0	0
BulletImpact_Shuriken_Short	3.00	0	0	0	0
BulletImpact_Shuriken_Short_twinlink	0.15	36	21	32	18
BulletImpact_Shuriken_Short_twinlink	0.30	4	0	3	1
BulletImpact_Shuriken_Short_twinlink	0.50	5	1	6	1
BulletImpact_Shuriken_Short_twinlink	0.75	36	20	32	17
BulletImpact_Shuriken_Short_twinlink	1.00	7	1	6	1
BulletImpact_Shuriken_Short_twinlink	1.50	0	0	0	0
BulletImpact_Shuriken_Short_twinlink	2.00	0	0	0	0
BulletImpact_Shuriken_Short_twinlink	3.00	0	0	0	0
BulletImpact_Sonic Weapon 1	0.15	4	1	2	1
BulletImpact_Sonic Weapon 1	0.30	8	3	8	3
BulletImpact_Sonic Weapon 1	0.50	12	9	10	7
BulletImpact_Sonic Weapon 1	0.75	292	185	292	162
BulletImpact_Sonic Weapon 1	1.00	507	375	503	305
BulletImpact_Sonic Weapon 1	1.50	296	66	264	75
BulletImpact_Sonic Weapon 1	2.00	0	0	0	0
BulletImpact_Sonic Weapon 1	3.00	0	0	0	0
BulletImpact_Sonic Weapon 1 Dual Pistol	0.15	6	2	4	2
BulletImpact_Sonic Weapon 1 Dual Pistol	0.30	18	8	14	7
BulletImpact_Sonic Weapon 1 Dual Pistol	0.50	28	25	28	20
BulletImpact_Sonic Weapon 1 Dual Pistol	0.75	118	98	120	79
BulletImpact_Sonic Weapon 1 Dual Pistol	1.00	182	157	176	123
BulletImpact_Sonic Weapon 1 Dual Pistol	1.50	126	48	121	47
BulletImpact_Sonic Weapon 1 Dual Pistol	2.00	0	0	0	0
BulletImpact_Sonic Weapon 1 Dual Pistol	3.00	0	0	0	0
BulletImpact_Sonic Weapon 1 Dual Pistol OLD	0.15	8	2	6	2
BulletImpact_Sonic Weapon 1 Dual Pistol OLD	0.30	14	6	16	6
BulletImpact_Sonic Weapon 1 Dual Pistol OLD	0.50	28	23	26	19
BulletImpact_Sonic Weapon 1 Dual Pistol OLD	0.75	177	88	173	82
BulletImpact_Sonic Weapon 1 Dual Pistol OLD	1.00	219	128	218	113
BulletImpact_Sonic Weapon 1 Dual Pistol OLD	1.50	77	9	97	15
BulletImpact_Sonic Weapon 1 Dual Pistol OLD	2.00	0	0	0	0
BulletImpact_Sonic Weapon 1 Dual Pistol OLD	3.00	0	0	0	0
BulletImpact_Sonic Weapon 2	0.15	2	0	2	0
BulletImpact_Sonic Weapon 2	0.30	6	2	8	2
BulletImpact_Sonic Weapon 2	0.50	9	8	10	6
BulletImpact_Sonic Weapon 2	0.75	78	45	79	40
BulletImpact_Sonic Weapon 2	1.00	138	78	139	69
BulletImpact_Sonic Weapon 2	1.50	96	21	98	26
BulletImpact_Sonic Weapon 2	2.00	14	3	21	4
BulletImpact_Sonic Weapon 2	3.00	0	0	0	0
BulletImpact_Sonic Weapon 2 Pistol	0.15	23	16	23	15
BulletImpact_Sonic Weapon 2 Pistol	0.30	53	28	51	26
BulletImpact_Sonic Weapon 2 Pistol	0.50	84	37	84	37
BulletImpact_Sonic Weapon 2 Pistol	0.75	117	37	104	39
BulletImpact_Sonic Weapon 2 Pistol	1.00	40	14	42	16
BulletImpact_Sonic Weapon 2 Pistol	1.50	2	0	3	0
BulletImpact_Sonic Weapon 2 Pistol	2.00	0	0	0	0
BulletImpact_Sonic Weapon 2 Pistol	3.00	0	0	0	0
BulletImpact_Sonic Weapon 2 Twinlink	0.15	8	2	4	2
BulletImpact_Sonic Weapon 2 Twinlink	0.30	14	5	14	5
BulletImpact_Sonic Weapon 2 Twinlink	0.50	17	14	15	11
BulletImpact_Sonic Weapon 2 Twinlink	0.75	72	47	73	41
BulletImpact_Sonic Weapon 2 Twinlink	1.00	94	51	95	46
BulletImpact_Sonic Weapon 2 Twinlink	1.50	77	25	64	26
BulletImpact_Sonic Weapon 2 Twinlink	2.00	7	1	6	1
BulletImpact_Sonic Weapon 2 Twinlink	3.00	0	0	0	0
BulletImpact_Sonic Weapon 2 variant	0.15	4	1	2	1
BulletImpact_Sonic Weapon 2 variant	0.30	9	3	9	3
BulletImpact_Sonic Weapon 2 variant	0.50	9	8	10	7
BulletImpact_Sonic Weapon 2 variant	0.75	112	61	108	53
BulletImpact_Sonic Weapon 2 variant	1.00	194	119	192	98
BulletImpact_Sonic Weapon 2 variant	1.50	147	35	146	39
BulletImpact_Sonic Weapon 2 variant	2.00	41	6	46	8
BulletImpact_Sonic Weapon 2 variant	3.00	0	0	0	0
BulletImpact_Sororitas_Melta	0.15	23	14	22	11
BulletImpact_Sororitas_Melta	0.30	27	15	27	12
BulletImpact_Sororitas_Melta	0.50	27	14	27	12
BulletImpact_Sororitas_Melta	0.75	23	11	23	10
BulletImpact_Sororitas_Melta	1.00	12	5	12	5
BulletImpact_Sororitas_Melta	1.50	8	2	8	2
BulletImpact_Sororitas_Melta	2.00	0	0	0	0
BulletImpact_Sororitas_Melta	3.00	0	0	0	0
BulletImpact_Sororitas_MissileVolley	0.15	0	0	0	0
BulletImpact_Sororitas_MissileVolley	0.30	0	0	0	0
BulletImpact_Sororitas_MissileVolley	0.50	0	0	0	0
BulletImpact_Sororitas_MissileVolley	0.75	0	0	0	0
BulletImpact_Sororitas_MissileVolley	1.00	0	0	0	0
BulletImpact_Sororitas_MissileVolley	1.50	0	0	0	0
BulletImpact_Sororitas_MissileVolley	2.00	0	0	0	0
BulletImpact_Sororitas_MissileVolley	3.00	0	0	0	0
BulletImpact_Sororitas_MissileVolley_board_down	0.15	0	0	0	0
BulletImpact_Sororitas_MissileVolley_board_down	0.30	0	0	0	0
BulletImpact_Sororitas_MissileVolley_board_down	0.50	0	0	0	0
BulletImpact_Sororitas_MissileVolley_board_down	0.75	0	0	0	0
BulletImpact_Sororitas_MissileVolley_board_down	1.00	0	0	0	0
BulletImpact_Sororitas_MissileVolley_board_down	1.50	0	0	0	0
BulletImpact_Sororitas_MissileVolley_board_down	2.00	0	0	0	0
BulletImpact_Sororitas_MissileVolley_board_down	3.00	0	0	0	0
BulletImpact_Sororitas_MissileVolley_board_up	0.15	0	0	0	0
BulletImpact_Sororitas_MissileVolley_board_up	0.30	0	0	0	0
BulletImpact_Sororitas_MissileVolley_board_up	0.50	0	0	0	0
BulletImpact_Sororitas_MissileVolley_board_up	0.75	0	0	0	0
BulletImpact_Sororitas_MissileVolley_board_up	1.00	0	0	0	0
BulletImpact_Sororitas_MissileVolley_board_up	1.50	0	0	0	0
BulletImpact_Sororitas_MissileVolley_board_up	2.00	0	0	0	0
BulletImpact_Sororitas_MissileVolley_board_up	3.00	0	0	0	0
BulletImpact_Sororitas_MissileVolley_MoveAnim	0.15	0	0	0	0
BulletImpact_Sororitas_MissileVolley_MoveAnim	0.30	0	0	0	0
BulletImpact_Sororitas_MissileVolley_MoveAnim	0.50	0	0	0	0
BulletImpact_Sororitas_MissileVolley_MoveAnim	0.75	0	0	0	0
BulletImpact_Sororitas_MissileVolley_MoveAnim	1.00	0	0	0	0
BulletImpact_Sororitas_MissileVolley_MoveAnim	1.50	0	0	0	0
BulletImpact_Sororitas_MissileVolley_MoveAnim	2.00	0	0	0	0
BulletImpact_Sororitas_MissileVolley_MoveAnim	3.00	0	0	0	0
BulletImpact_Sororitas_MultiMelta	0.15	24	14	23	11
BulletImpact_Sororitas_MultiMelta	0.30	28	15	28	13
BulletImpact_Sororitas_MultiMelta	0.50	27	15	26	12
BulletImpact_Sororitas_MultiMelta	0.75	23	12	24	11
BulletImpact_Sororitas_MultiMelta	1.00	13	5	13	5
BulletImpact_Sororitas_MultiMelta	1.50	8	2	8	2
BulletImpact_Sororitas_MultiMelta	2.00	0	0	0	0
BulletImpact_Sororitas_MultiMelta	3.00	0	0	0	0
BulletImpact_Sororitas_MultiMelta_Junith	0.15	33	23	33	18
BulletImpact_Sororitas_MultiMelta_Junith	0.30	36	25	37	20
BulletImpact_Sororitas_MultiMelta_Junith	0.50	36	23	37	19
BulletImpact_Sororitas_MultiMelta_Junith	0.75	34	19	34	17
BulletImpact_Sororitas_MultiMelta_Junith	1.00	21	9	20	8
BulletImpact_Sororitas_MultiMelta_Junith	1.50	13	4	13	3
BulletImpact_Sororitas_MultiMelta_Junith	2.00	0	0	0	0
BulletImpact_Sororitas_MultiMelta_Junith	3.00	0	0	0	0
BulletImpact_Sororitas_SaintCelestine	0.15	4	5	4	4
BulletImpact_Sororitas_SaintCelestine	0.30	14	10	12	8
BulletImpact_Sororitas_SaintCelestine	0.50	14	10	13	8
BulletImpact_Sororitas_SaintCelestine	0.75	13	9	11	7
BulletImpact_Sororitas_SaintCelestine	1.00	14	9	14	8
BulletImpact_Sororitas_SaintCelestine	1.50	11	3	12	3
BulletImpact_Sororitas_SaintCelestine	2.00	0	0	0	0
BulletImpact_Sororitas_SaintCelestine	3.00	0	0	0	0
BulletImpact_Spore Launch	0.15	107	32	108	37
BulletImpact_Spore Launch	0.30	271	70	272	81
BulletImpact_Spore Launch	0.50	103	45	101	45
BulletImpact_Spore Launch	0.75	94	47	94	50
BulletImpact_Spore Launch	1.00	25	13	24	13
BulletImpact_Spore Launch	1.50	0	0	93	8
BulletImpact_Spore Launch	2.00	0	0	0	0
BulletImpact_Spore Launch	3.00	0	0	0	0
BulletImpact_Spore Launch 1	0.15	108	33	109	38
BulletImpact_Spore Launch 1	0.30	271	70	272	81
BulletImpact_Spore Launch 1	0.50	103	45	101	44
BulletImpact_Spore Launch 1	0.75	93	45	93	48
BulletImpact_Spore Launch 1	1.00	25	13	24	13
BulletImpact_Spore Launch 1	1.50	0	0	93	8
BulletImpact_Spore Launch 1	2.00	0	0	0	0
BulletImpact_Spore Launch 1	3.00	0	0	0	0
BulletImpact_stormbolter_4shots	0.15	54	35	55	32
BulletImpact_stormbolter_4shots	0.30	11	4	11	5
BulletImpact_stormbolter_4shots	0.50	13	6	14	7
BulletImpact_stormbolter_4shots	0.75	15	7	15	8
BulletImpact_stormbolter_4shots	1.00	15	7	17	8
BulletImpact_stormbolter_4shots	1.50	0	0	0	0
BulletImpact_stormbolter_4shots	2.00	0	0	0	0
BulletImpact_stormbolter_4shots	3.00	0	0	0	0
BulletImpact_stormbolter_4shots_Logan_AA	0.15	30	17	28	14
BulletImpact_stormbolter_4shots_Logan_AA	0.30	16	4	20	5
BulletImpact_stormbolter_4shots_Logan_AA	0.50	19	7	27	9
BulletImpact_stormbolter_4shots_Logan_AA	0.75	23	7	24	7
BulletImpact_stormbolter_4shots_Logan_AA	1.00	16	5	17	5
BulletImpact_stormbolter_4shots_Logan_AA	1.50	1	0	1	1
BulletImpact_stormbolter_4shots_Logan_AA	2.00	0	0	0	0
BulletImpact_stormbolter_4shots_Logan_AA	3.00	0	0	0	0
BulletImpact_stormbolter_6shots	0.15	54	31	51	27
BulletImpact_stormbolter_6shots	0.30	16	6	19	8
BulletImpact_stormbolter_6shots	0.50	21	10	24	12
BulletImpact_stormbolter_6shots	0.75	26	13	28	15
BulletImpact_stormbolter_6shots	1.00	18	6	21	8
BulletImpact_stormbolter_6shots	1.50	2	1	2	2
BulletImpact_stormbolter_6shots	2.00	0	0	0	0
BulletImpact_stormbolter_6shots	3.00	0	0	0	0
BulletImpact_tank_baneblade	0.15	49	20	50	19
BulletImpact_tank_baneblade	0.30	19	5	24	5
BulletImpact_tank_baneblade	0.50	9	3	10	3
BulletImpact_tank_baneblade	0.75	8	2	8	1
BulletImpact_tank_baneblade	1.00	2	0	1	0
BulletImpact_tank_baneblade	1.50	0	0	0	0
BulletImpact_tank_baneblade	2.00	0	0	0	0
BulletImpact_tank_baneblade	3.00	0	0	0	0
BulletImpact_tank_big	0.15	49	16	50	16
BulletImpact_tank_big	0.30	8	2	19	3
BulletImpact_tank_big	0.50	8	2	8	2
BulletImpact_tank_big	0.75	5	1	4	1
BulletImpact_tank_big	1.00	0	0	0	0
BulletImpact_tank_big	1.50	0	0	0	0
BulletImpact_tank_big	2.00	0	0	0	0
BulletImpact_tank_big	3.00	0	0	0	0
BulletImpact_tank_huge	0.15	50	19	51	19
BulletImpact_tank_huge	0.30	19	5	24	5
BulletImpact_tank_huge	0.50	9	3	10	3
BulletImpact_tank_huge	0.75	8	2	8	1
BulletImpact_tank_huge	1.00	2	0	1	0
BulletImpact_tank_huge	1.50	0	0	0	0
BulletImpact_tank_huge	2.00	0	0	0	0
BulletImpact_tank_huge	3.00	0	0	0	0
BulletImpact_tank_small	0.15	17	3	19	4
BulletImpact_tank_small	0.30	5	1	20	3
BulletImpact_tank_small	0.50	8	1	6	1
BulletImpact_tank_small	0.75	4	0	6	1
BulletImpact_tank_small	1.00	0	0	0	0
BulletImpact_tank_small	1.50	0	0	0	0
BulletImpact_tank_small	2.00	0	0	0	0
BulletImpact_tank_small	3.00	0	0	0	0
BulletImpact_Tau_Burst Cannon	0.15	25	18	30	17
BulletImpact_Tau_Burst Cannon	0.30	1	0	1	0
BulletImpact_Tau_Burst Cannon	0.50	6	2	7	1
BulletImpact_Tau_Burst Cannon	0.75	27	18	31	17
BulletImpact_Tau_Burst Cannon	1.00	3	1	3	1
BulletImpact_Tau_Burst Cannon	1.50	2	0	2	0
BulletImpact_Tau_Burst Cannon	2.00	0	0	0	0
BulletImpact_Tau_Burst Cannon	3.00	0	0	0	0
BulletImpact_Tau_Burst Cannon_short	0.15	26	14	25	11
BulletImpact_Tau_Burst Cannon_short	0.30	0	0	0	0
BulletImpact_Tau_Burst Cannon_short	0.50	3	0	1	0
BulletImpact_Tau_Burst Cannon_short	0.75	27	13	28	11
BulletImpact_Tau_Burst Cannon_short	1.00	1	0	1	0
BulletImpact_Tau_Burst Cannon_short	1.50	0	0	0	0
BulletImpact_Tau_Burst Cannon_short	2.00	0	0	0	0
BulletImpact_Tau_Burst Cannon_short	3.00	0	0	0	0
BulletImpact_Tau_FusionBlaster	0.15	17	8	16	7
BulletImpact_Tau_FusionBlaster	0.30	17	8	16	7
BulletImpact_Tau_FusionBlaster	0.50	17	8	16	6
BulletImpact_Tau_FusionBlaster	0.75	11	4	11	4
BulletImpact_Tau_FusionBlaster	1.00	0	0	1	0
BulletImpact_Tau_FusionBlaster	1.50	0	0	0	0
BulletImpact_Tau_FusionBlaster	2.00	0	0	0	0
BulletImpact_Tau_FusionBlaster	3.00	0	0	0	0
BulletImpact_Tau_FusionBlaster Dual	0.15	4	1	5	1
BulletImpact_Tau_FusionBlaster Dual	0.30	5	1	6	1
BulletImpact_Tau_FusionBlaster Dual	0.50	5	1	6	1
BulletImpact_Tau_FusionBlaster Dual	0.75	2	0	2	0
BulletImpact_Tau_FusionBlaster Dual	1.00	0	0	0	0
BulletImpact_Tau_FusionBlaster Dual	1.50	0	0	0	0
BulletImpact_Tau_FusionBlaster Dual	2.00	0	0	0	0
BulletImpact_Tau_FusionBlaster Dual	3.00	0	0	0	0
BulletImpact_Tau_GravPulse	0.15	32	17	29	15
BulletImpact_Tau_GravPulse	0.30	28	8	28	8
BulletImpact_Tau_GravPulse	0.50	0	0	0	0
BulletImpact_Tau_GravPulse	0.75	0	0	0	0
BulletImpact_Tau_GravPulse	1.00	0	0	0	0
BulletImpact_Tau_GravPulse	1.50	0	0	0	0
BulletImpact_Tau_GravPulse	2.00	0	0	0	0
BulletImpact_Tau_GravPulse	3.00	0	0	0	0
BulletImpact_Tau_IonAccelerator	0.15	4	1	4	1
BulletImpact_Tau_IonAccelerator	0.30	4	1	4	1
BulletImpact_Tau_IonAccelerator	0.50	4	3	4	1
BulletImpact_Tau_IonAccelerator	0.75	7	4	7	2
BulletImpact_Tau_IonAccelerator	1.00	19	9	18	6
BulletImpact_Tau_IonAccelerator	1.50	10	3	6	2
BulletImpact_Tau_IonAccelerator	2.00	0	0	0	0
BulletImpact_Tau_IonAccelerator	3.00	0	0	0	0
BulletImpact_Tau_Missile 10x	0.15	156	78	150	67
BulletImpact_Tau_Missile 10x	0.30	124	55	115	44
BulletImpact_Tau_Missile 10x	0.50	204	105	192	90
BulletImpact_Tau_Missile 10x	0.75	321	201	307	180
BulletImpact_Tau_Missile 10x	1.00	261	178	263	156
BulletImpact_Tau_Missile 10x	1.50	119	78	108	68
BulletImpact_Tau_Missile 10x	2.00	0	0	0	0
BulletImpact_Tau_Missile 10x	3.00	0	0	0	0
BulletImpact_Tau_Missile 3x	0.15	72	42	68	37
BulletImpact_Tau_Missile 3x	0.30	113	59	106	50
BulletImpact_Tau_Missile 3x	0.50	157	77	150	63
BulletImpact_Tau_Missile 3x	0.75	155	89	153	84
BulletImpact_Tau_Missile 3x	1.00	88	46	100	41
BulletImpact_Tau_Missile 3x	1.50	0	0	0	0
BulletImpact_Tau_Missile 3x	2.00	0	0	0	0
BulletImpact_Tau_Missile 3x	3.00	0	0	0	0
BulletImpact_Tau_Plasma Cannon	0.15	88	55	82	45
BulletImpact_Tau_Plasma Cannon	0.30	183	115	179	95
BulletImpact_Tau_Plasma Cannon	0.50	306	191	305	158
BulletImpact_Tau_Plasma Cannon	0.75	244	176	238	141
BulletImpact_Tau_Plasma Cannon	1.00	166	122	163	97
BulletImpact_Tau_Plasma Cannon	1.50	0	0	0	0
BulletImpact_Tau_Plasma Cannon	2.00	0	0	0	0
BulletImpact_Tau_Plasma Cannon	3.00	0	0	0	0
BulletImpact_Tau_Pulse Blaster	0.15	0	0	0	0
BulletImpact_Tau_Pulse Blaster	0.30	21	11	20	9
BulletImpact_Tau_Pulse Blaster	0.50	17	8	17	7
BulletImpact_Tau_Pulse Blaster	0.75	0	0	0	0
BulletImpact_Tau_Pulse Blaster	1.00	0	0	0	0
BulletImpact_Tau_Pulse Blaster	1.50	0	0	0	0
BulletImpact_Tau_Pulse Blaster	2.00	0	0	0	0
BulletImpact_Tau_Pulse Blaster	3.00	0	0	0	0
BulletImpact_Tau_Pulse Bomb	0.15	3561	2292	3590	1902
BulletImpact_Tau_Pulse Bomb	0.30	3568	2276	3595	1894
BulletImpact_Tau_Pulse Bomb	0.50	3556	2268	3585	1889
BulletImpact_Tau_Pulse Bomb	0.75	3561	2267	3585	1889
BulletImpact_Tau_Pulse Bomb	1.00	0	0	0	0
BulletImpact_Tau_Pulse Bomb	1.50	0	0	0	0
BulletImpact_Tau_Pulse Bomb	2.00	0	0	0	0
BulletImpact_Tau_Pulse Bomb	3.00	0	0	0	0
BulletImpact_Tau_Pulse Carbine	0.15	6	3	7	3
BulletImpact_Tau_Pulse Carbine	0.30	7	3	6	3
BulletImpact_Tau_Pulse Carbine	0.50	15	7	14	5
BulletImpact_Tau_Pulse Carbine	0.75	2	1	1	1
BulletImpact_Tau_Pulse Carbine	1.00	0	0	0	0
BulletImpact_Tau_Pulse Carbine	1.50	0	0	0	0
BulletImpact_Tau_Pulse Carbine	2.00	0	0	0	0
BulletImpact_Tau_Pulse Carbine	3.00	0	0	0	0
BulletImpact_Tau_Pulse Carbine Dual	0.15	12	6	13	5
BulletImpact_Tau_Pulse Carbine Dual	0.30	14	8	14	7
BulletImpact_Tau_Pulse Carbine Dual	0.50	26	15	26	12
BulletImpact_Tau_Pulse Carbine Dual	0.75	4	1	4	1
BulletImpact_Tau_Pulse Carbine Dual	1.00	0	0	0	0
BulletImpact_Tau_Pulse Carbine Dual	1.50	0	0	0	0
BulletImpact_Tau_Pulse Carbine Dual	2.00	0	0	0	0
BulletImpact_Tau_Pulse Carbine Dual	3.00	0	0	0	0
BulletImpact_Tau_Pulse Carbine Dual OLD	0.15	44	20	44	17
BulletImpact_Tau_Pulse Carbine Dual OLD	0.30	2	0	2	0
BulletImpact_Tau_Pulse Carbine Dual OLD	0.50	1	0	0	0
BulletImpact_Tau_Pulse Carbine Dual OLD	0.75	0	0	0	0
BulletImpact_Tau_Pulse Carbine Dual OLD	1.00	0	0	0	0
BulletImpact_Tau_Pulse Carbine Dual OLD	1.50	0	0	0	0
BulletImpact_Tau_Pulse Carbine Dual OLD	2.00	0	0	0	0
BulletImpact_Tau_Pulse Carbine Dual OLD	3.00	0	0	0	0
BulletImpact_Tau_Pulse Carbine OLD	0.15	43	19	42	16
BulletImpact_Tau_Pulse Carbine OLD	0.30	0	0	0	0
BulletImpact_Tau_Pulse Carbine OLD	0.50	2	0	3	0
BulletImpact_Tau_Pulse Carbine OLD	0.75	0	0	0	0
BulletImpact_Tau_Pulse Carbine OLD	1.00	0	0	0	0
BulletImpact_Tau_Pulse Carbine OLD	1.50	0	0	0	0
BulletImpact_Tau_Pulse Carbine OLD	2.00	0	0	0	0
BulletImpact_Tau_Pulse Carbine OLD	3.00	0	0	0	0
BulletImpact_Tau_Pulse Drone Dual	0.15	14	8	16	7
BulletImpact_Tau_Pulse Drone Dual	0.30	8	4	9	3
BulletImpact_Tau_Pulse Drone Dual	0.50	0	0	0	0
BulletImpact_Tau_Pulse Drone Dual	0.75	0	0	0	0
BulletImpact_Tau_Pulse Drone Dual	1.00	0	0	0	0
BulletImpact_Tau_Pulse Drone Dual	1.50	0	0	0	0
BulletImpact_Tau_Pulse Drone Dual	2.00	0	0	0	0
BulletImpact_Tau_Pulse Drone Dual	3.00	0	0	0	0
BulletImpact_Tau_Pulse Pistol	0.15	1	0	2	0
BulletImpact_Tau_Pulse Pistol	0.30	1	0	1	0
BulletImpact_Tau_Pulse Pistol	0.50	0	0	0	0
BulletImpact_Tau_Pulse Pistol	0.75	2	0	2	0
BulletImpact_Tau_Pulse Pistol	1.00	0	0	0	0
BulletImpact_Tau_Pulse Pistol	1.50	0	0	0	0
BulletImpact_Tau_Pulse Pistol	2.00	0	0	0	0
BulletImpact_Tau_Pulse Pistol	3.00	0	0	0	0
BulletImpact_Tau_Pulse Rifle	0.15	10	3	9	2
BulletImpact_Tau_Pulse Rifle	0.30	5	3	5	3
BulletImpact_Tau_Pulse Rifle	0.50	0	0	0	0
BulletImpact_Tau_Pulse Rifle	0.75	6	3	5	3
BulletImpact_Tau_Pulse Rifle	1.00	0	0	0	0
BulletImpact_Tau_Pulse Rifle	1.50	0	0	0	0
BulletImpact_Tau_Pulse Rifle	2.00	0	0	0	0
BulletImpact_Tau_Pulse Rifle	3.00	0	0	0	0
BulletImpact_Tau_Pulse Rifle Dual	0.15	15	6	15	5
BulletImpact_Tau_Pulse Rifle Dual	0.30	10	4	9	4
BulletImpact_Tau_Pulse Rifle Dual	0.50	0	0	0	0
BulletImpact_Tau_Pulse Rifle Dual	0.75	11	6	11	5
BulletImpact_Tau_Pulse Rifle Dual	1.00	0	0	0	0
BulletImpact_Tau_Pulse Rifle Dual	1.50	0	0	0	0
BulletImpact_Tau_Pulse Rifle Dual	2.00	0	0	0	0
BulletImpact_Tau_Pulse Rifle Dual	3.00	0	0	0	0
BulletImpact_Tau_PulseARCcannon	0.15	8	4	8	3
BulletImpact_Tau_PulseARCcannon	0.30	10	5	9	4
BulletImpact_Tau_PulseARCcannon	0.50	19	9	18	7
BulletImpact_Tau_PulseARCcannon	0.75	25	16	23	12
BulletImpact_Tau_PulseARCcannon	1.00	31	20	29	15
BulletImpact_Tau_PulseARCcannon	1.50	28	8	26	9
BulletImpact_Tau_PulseARCcannon	2.00	4	0	5	1
BulletImpact_Tau_PulseARCcannon	3.00	0	0	0	0
BulletImpact_Tau_Rail Rifle	0.15	13	6	11	4
BulletImpact_Tau_Rail Rifle	0.30	20	11	22	9
BulletImpact_Tau_Rail Rifle	0.50	29	16	27	13
BulletImpact_Tau_Rail Rifle	0.75	1	0	2	0
BulletImpact_Tau_Rail Rifle	1.00	0	0	0	0
BulletImpact_Tau_Rail Rifle	1.50	0	0	0	0
BulletImpact_Tau_Rail Rifle	2.00	0	0	0	0
BulletImpact_Tau_Rail Rifle	3.00	0	0	0	0
BulletImpact_Tau_Sniper Pulse Rifle	0.15	1	0	1	0
BulletImpact_Tau_Sniper Pulse Rifle	0.30	0	0	0	0
BulletImpact_Tau_Sniper Pulse Rifle	0.50	0	0	0	0
BulletImpact_Tau_Sniper Pulse Rifle	0.75	0	0	0	0
BulletImpact_Tau_Sniper Pulse Rifle	1.00	0	0	0	0
BulletImpact_Tau_Sniper Pulse Rifle	1.50	0	0	0	0
BulletImpact_Tau_Sniper Pulse Rifle	2.00	0	0	0	0
BulletImpact_Tau_Sniper Pulse Rifle	3.00	0	0	0	0
BulletImpact_Thunderfire	0.15	241	132	253	136
BulletImpact_Thunderfire	0.30	177	56	192	73
BulletImpact_Thunderfire	0.50	192	53	212	68
BulletImpact_Thunderfire	0.75	59	22	60	27
BulletImpact_Thunderfire	1.00	30	6	40	9
BulletImpact_Thunderfire	1.50	0	0	0	0
BulletImpact_Thunderfire	2.00	0	0	0	0
BulletImpact_Thunderfire	3.00	0	0	0	0
BulletImpact_Tyranid_Barblauncher	0.15	124	54	122	45
BulletImpact_Tyranid_Barblauncher	0.30	14	6	12	5
BulletImpact_Tyranid_Barblauncher	0.50	29	18	31	17
BulletImpact_Tyranid_Barblauncher	0.75	19	9	19	9
BulletImpact_Tyranid_Barblauncher	1.00	8	3	7	2
BulletImpact_Tyranid_Barblauncher	1.50	0	0	0	0
BulletImpact_Tyranid_Barblauncher	2.00	0	0	0	0
BulletImpact_Tyranid_Barblauncher	3.00	0	0	0	0
BulletImpact_Tyranid_Big	0.15	108	50	111	46
BulletImpact_Tyranid_Big	0.30	8	2	8	2
BulletImpact_Tyranid_Big	0.50	7	1	8	2
BulletImpact_Tyranid_Big	0.75	61	30	58	27
BulletImpact_Tyranid_Big	1.00	2	0	2	0
BulletImpact_Tyranid_Big	1.50	0	0	0	0
BulletImpact_Tyranid_Big	2.00	0	0	0	0
BulletImpact_Tyranid_Big	3.00	0	0	0	0
BulletImpact_Tyranid_Cannon	0.15	0	0	0	0
BulletImpact_Tyranid_Cannon	0.30	0	0	0	0
BulletImpact_Tyranid_Cannon	0.50	0	0	0	0
BulletImpact_Tyranid_Cannon	0.75	197	124	196	106
BulletImpact_Tyranid_Cannon	1.00	17	7	17	6
BulletImpact_Tyranid_Cannon	1.50	0	0	0	0
BulletImpact_Tyranid_Cannon	2.00	0	0	0	0
BulletImpact_Tyranid_Cannon	3.00	0	0	0	0
BulletImpact_Tyranid_Small	0.15	118	53	114	49
BulletImpact_Tyranid_Small	0.30	9	2	9	2
BulletImpact_Tyranid_Small	0.50	5	1	5	1
BulletImpact_Tyranid_Small	0.75	1	0	1	0
BulletImpact_Tyranid_Small	1.00	0	0	0	0
BulletImpact_Tyranid_Small	1.50	0	0	0	0
BulletImpact_Tyranid_Small	2.00	0	0	0	0
BulletImpact_Tyranid_Small	3.00	0	0	0	0
BulletImpact_Tyranid_Small_Dual	0.15	204	105	198	93
BulletImpact_Tyranid_Small_Dual	0.30	8	2	8	2
BulletImpact_Tyranid_Small_Dual	0.50	11	2	11	3
BulletImpact_Tyranid_Small_Dual	0.75	4	1	4	1
BulletImpact_Tyranid_Small_Dual	1.00	0	0	0	0
BulletImpact_Tyranid_Small_Dual	1.50	0	0	0	0
BulletImpact_Tyranid_Small_Dual	2.00	0	0	0	0
BulletImpact_Tyranid_Small_Dual	3.00	0	0	0	0
BulletImpact_Tyranid_Stranglethorn	0.15	1	0	1	0
BulletImpact_Tyranid_Stranglethorn	0.30	1	0	1	0
BulletImpact_Tyranid_Stranglethorn	0.50	2	0	1	0
BulletImpact_Tyranid_Stranglethorn	0.75	1	0	1	0
BulletImpact_Tyranid_Stranglethorn	1.00	0	0	0	0
BulletImpact_Tyranid_Stranglethorn	1.50	0	0	0	0
BulletImpact_Tyranid_Stranglethorn	2.00	0	0	0	0
BulletImpact_Tyranid_Stranglethorn	3.00	0	0	0	0
BulletImpact_Tyranid_Stranglethorn_Dual	0.15	5	1	7	2
BulletImpact_Tyranid_Stranglethorn_Dual	0.30	7	1	7	2
BulletImpact_Tyranid_Stranglethorn_Dual	0.50	128	37	126	33
BulletImpact_Tyranid_Stranglethorn_Dual	0.75	1	0	1	0
BulletImpact_Tyranid_Stranglethorn_Dual	1.00	0	0	0	0
BulletImpact_Tyranid_Stranglethorn_Dual	1.50	0	0	0	0
BulletImpact_Tyranid_Stranglethorn_Dual	2.00	0	0	0	0
BulletImpact_Tyranid_Stranglethorn_Dual	3.00	0	0	0	0
BulletImpact_ValkyrieMissile	0.15	62	23	61	23
BulletImpact_ValkyrieMissile	0.30	52	15	51	16
BulletImpact_ValkyrieMissile	0.50	60	18	62	18
BulletImpact_ValkyrieMissile	0.75	40	14	41	13
BulletImpact_ValkyrieMissile	1.00	33	8	34	8
BulletImpact_ValkyrieMissile	1.50	0	0	0	0
BulletImpact_ValkyrieMissile	2.00	0	0	0	0
BulletImpact_ValkyrieMissile	3.00	0	0	0	0
BulletImpact_Webber	0.15	33	11	32	12
BulletImpact_Webber	0.30	66	22	62	23
BulletImpact_Webber	0.50	54	11	48	13
BulletImpact_Webber	0.75	0	0	0	0
BulletImpact_Webber	1.00	0	0	0	0
BulletImpact_Webber	1.50	0	0	0	0
BulletImpact_Webber	2.00	0	0	0	0
BulletImpact_Webber	3.00	0	0	0	0
BulletImpactBurst_Blood	0.15	35	8	33	8
BulletImpactBurst_Blood	0.30	4	0	8	1
BulletImpactBurst_Blood	0.50	0	0	0	0
BulletImpactBurst_Blood	0.75	0	0	0	0
BulletImpactBurst_Blood	1.00	0	0	0	0
BulletImpactBurst_Blood	1.50	0	0	0	0
BulletImpactBurst_Blood	2.00	0	0	0	0
BulletImpactBurst_Blood	3.00	0	0	0	0
BulletImpactBurst_crowd	0.15	609	470	604	396
BulletImpactBurst_crowd	0.30	96	63	97	56
BulletImpactBurst_crowd	0.50	91	63	88	57
BulletImpactBurst_crowd	0.75	90	63	87	57
BulletImpactBurst_crowd	1.00	90	63	87	57
BulletImpactBurst_crowd	1.50	55	26	49	21
BulletImpactBurst_crowd	2.00	0	0	0	0
BulletImpactBurst_crowd	3.00	0	0	0	0
BulletTrail	0.15	0	0	0	0
BulletTrail	0.30	5	3	5	2
BulletTrail	0.50	21	14	22	11
BulletTrail	0.75	24	14	25	10
BulletTrail	1.00	20	14	19	11
BulletTrail	1.50	8	6	8	6
BulletTrail	2.00	0	0	0	0
BulletTrail	3.00	0	0	0	0
BulletTrail_Single	0.15	0	0	0	0
BulletTrail_Single	0.30	12	9	10	8
BulletTrail_Single	0.50	56	29	58	26
BulletTrail_Single	0.75	59	18	63	17
BulletTrail_Single	1.00	4	2	5	2
BulletTrail_Single	1.50	0	0	0	0
BulletTrail_Single	2.00	0	0	0	0
BulletTrail_Single	3.00	0	0	0	0
BulletTrail_Stormraven	0.15	0	0	0	0
BulletTrail_Stormraven	0.30	0	0	0	0
BulletTrail_Stormraven	0.50	0	0	0	0
BulletTrail_Stormraven	0.75	0	0	0	0
BulletTrail_Stormraven	1.00	0	0	0	0
BulletTrail_Stormraven	1.50	0	0	0	0
BulletTrail_Stormraven	2.00	0	0	0	0
BulletTrail_Stormraven	3.00	0	0	0	0
BulletTrail_Stormraven_Single	0.15	0	0	0	0
BulletTrail_Stormraven_Single	0.30	0	0	0	0
BulletTrail_Stormraven_Single	0.50	0	0	0	0
BulletTrail_Stormraven_Single	0.75	0	0	0	0
BulletTrail_Stormraven_Single	1.00	0	0	0	0
BulletTrail_Stormraven_Single	1.50	0	0	0	0
BulletTrail_Stormraven_Single	2.00	0	0	0	0
BulletTrail_Stormraven_Single	3.00	0	0	0	0
CamouflageEffect	0.15	740	644	778	517
CamouflageEffect	0.30	800	663	856	542
CamouflageEffect	0.50	713	635	812	510
CamouflageEffect	0.75	660	645	678	506
CamouflageEffect	1.00	768	704	744	551
CamouflageEffect	1.50	1319	914	1151	711
CamouflageEffect	2.00	1591	1037	1409	843
CamouflageEffect	3.00	2204	1065	1762	893
CamouflageEffect New	0.15	44	11	60	14
CamouflageEffect New	0.30	68	25	85	27
CamouflageEffect New	0.50	95	56	113	49
CamouflageEffect New	0.75	122	130	126	96
CamouflageEffect New	1.00	168	175	145	125
CamouflageEffect New	1.50	337	263	294	191
CamouflageEffect New	2.00	379	277	343	209
CamouflageEffect New	3.00	406	278	356	202
CantAttackEffect	0.15	540	212	523	179
CantAttackEffect	0.30	675	306	652	247
CantAttackEffect	0.50	982	475	942	396
CantAttackEffect	0.75	1099	547	1048	462
CantAttackEffect	1.00	1118	497	1057	435
CantAttackEffect	1.50	541	205	584	193
CantAttackEffect	2.00	0	0	0	0
CantAttackEffect	3.00	0	0	0	0
Card_Buff_Hand	0.15	433	171	435	153
Card_Buff_Hand	0.30	685	499	685	411
Card_Buff_Hand	0.50	681	558	680	441
Card_Buff_Hand	0.75	742	492	739	396
Card_Buff_Hand	1.00	357	170	351	153
Card_Buff_Hand	1.50	92	17	82	20
Card_Buff_Hand	2.00	0	0	0	0
Card_Buff_Hand	3.00	0	0	0	0
Card_Buff_Hand_Ork	0.15	523	266	507	239
Card_Buff_Hand_Ork	0.30	511	222	505	197
Card_Buff_Hand_Ork	0.50	582	485	579	383
Card_Buff_Hand_Ork	0.75	1135	730	1134	735
Card_Buff_Hand_Ork	1.00	1467	753	1510	751
Card_Buff_Hand_Ork	1.50	608	235	742	191
Card_Buff_Hand_Ork	2.00	0	0	0	0
Card_Buff_Hand_Ork	3.00	0	0	0	0
Card_Buff_Hand_SW	0.15	476	303	472	259
Card_Buff_Hand_SW	0.30	547	366	544	298
Card_Buff_Hand_SW	0.50	605	454	592	360
Card_Buff_Hand_SW	0.75	650	496	650	394
Card_Buff_Hand_SW	1.00	486	312	486	266
Card_Buff_Hand_SW	1.50	285	50	235	51
Card_Buff_Hand_SW	2.00	0	0	0	0
Card_Buff_Hand_SW	3.00	0	0	0	0
Card_Buff_Sabotage_trigger	0.15	413	132	400	126
Card_Buff_Sabotage_trigger	0.30	485	277	489	228
Card_Buff_Sabotage_trigger	0.50	716	505	714	402
Card_Buff_Sabotage_trigger	0.75	1026	562	983	472
Card_Buff_Sabotage_trigger	1.00	347	164	350	157
Card_Buff_Sabotage_trigger	1.50	0	0	0	0
Card_Buff_Sabotage_trigger	2.00	0	0	0	0
Card_Buff_Sabotage_trigger	3.00	0	0	0	0
Card_Buff_Tyranid	0.15	1103	444	1077	420
Card_Buff_Tyranid	0.30	1384	549	1348	518
Card_Buff_Tyranid	0.50	1597	587	1567	563
Card_Buff_Tyranid	0.75	1564	507	1611	511
Card_Buff_Tyranid	1.00	1142	267	1263	304
Card_Buff_Tyranid	1.50	0	0	0	0
Card_Buff_Tyranid	2.00	0	0	0	0
Card_Buff_Tyranid	3.00	0	0	0	0
CardDisappear	0.15	0	0	0	0
CardDisappear	0.30	0	0	0	0
CardDisappear	0.50	0	0	0	0
CardDisappear	0.75	0	0	0	0
CardDisappear	1.00	0	0	0	0
CardDisappear	1.50	0	0	0	0
CardDisappear	2.00	0	0	0	0
CardDisappear	3.00	0	0	0	0
CardPrefab	0.15	12553	21752	12547	15835
CardPrefab	0.30	12553	21750	12548	15831
CardPrefab	0.50	12554	21748	12547	15827
CardPrefab	0.75	12556	21747	12547	15825
CardPrefab	1.00	12556	21746	12547	15821
CardPrefab	1.50	12557	21743	12548	15817
CardPrefab	2.00	12556	21744	12547	15816
CardPrefab	3.00	12557	21747	12547	15817
Chaos_Destroy_Brutal	0.15	571	429	566	366
Chaos_Destroy_Brutal	0.30	746	383	711	333
Chaos_Destroy_Brutal	0.50	0	0	0	0
Chaos_Destroy_Brutal	0.75	0	0	0	0
Chaos_Destroy_Brutal	1.00	0	0	0	0
Chaos_Destroy_Brutal	1.50	0	0	0	0
Chaos_Destroy_Brutal	2.00	0	0	0	0
Chaos_Destroy_Brutal	3.00	0	0	0	0
Chronomancer_Buff	0.15	647	253	647	228
Chronomancer_Buff	0.30	1294	964	1285	738
Chronomancer_Buff	0.50	1385	1003	1377	769
Chronomancer_Buff	0.75	2092	1583	2091	1275
Chronomancer_Buff	1.00	1946	1390	1904	1136
Chronomancer_Buff	1.50	553	270	525	221
Chronomancer_Buff	2.00	0	0	0	0
Chronomancer_Buff	3.00	0	0	0	0
CodexEffect	0.15	2765	889	2741	849
CodexEffect	0.30	3262	1324	3182	1174
CodexEffect	0.50	3259	1344	3180	1187
CodexEffect	0.75	2927	1073	2876	988
CodexEffect	1.00	1935	453	1938	485
CodexEffect	1.50	107	59	107	53
CodexEffect	2.00	82	25	84	26
CodexEffect	3.00	0	0	0	0
CodexIdleEffect	0.15	2765	889	2741	849
CodexIdleEffect	0.30	3262	1324	3182	1174
CodexIdleEffect	0.50	3259	1344	3180	1187
CodexIdleEffect	0.75	2927	1073	2876	988
CodexIdleEffect	1.00	1935	453	1938	485
CodexIdleEffect	1.50	107	59	107	53
CodexIdleEffect	2.00	82	25	84	26
CodexIdleEffect	3.00	108	74	104	61
ComboEffect	0.15	854	439	844	394
ComboEffect	0.30	1670	807	1664	755
ComboEffect	0.50	2008	1042	1988	965
ComboEffect	0.75	2188	1240	2181	1100
ComboEffect	1.00	2001	1169	1987	1043
ComboEffect	1.50	1897	911	1897	851
ComboEffect	2.00	486	122	607	155
ComboEffect	3.00	0	0	0	0
CompanionEffect	0.15	799	516	759	429
CompanionEffect	0.30	1003	692	970	586
CompanionEffect	0.50	1395	862	1368	761
CompanionEffect	0.75	1755	926	1704	861
CompanionEffect	1.00	1223	553	1180	579
CompanionEffect	1.50	0	0	0	0
CompanionEffect	2.00	0	0	0	0
CompanionEffect	3.00	0	0	0	0
ConcussiveEffect	0.15	456	162	429	171
ConcussiveEffect	0.30	9	2	9	2
ConcussiveEffect	0.50	1	0	1	0
ConcussiveEffect	0.75	0	0	0	0
ConcussiveEffect	1.00	0	0	0	0
ConcussiveEffect	1.50	0	0	0	0
ConcussiveEffect	2.00	0	0	0	0
ConcussiveEffect	3.00	0	0	0	0
CoordinatedEngagement	0.15	117	40	107	37
CoordinatedEngagement	0.30	131	58	127	51
CoordinatedEngagement	0.50	142	68	133	58
CoordinatedEngagement	0.75	142	60	132	54
CoordinatedEngagement	1.00	142	59	132	53
CoordinatedEngagement	1.50	131	47	129	45
CoordinatedEngagement	2.00	0	0	0	0
CoordinatedEngagement	3.00	0	0	0	0
Cosmic Serpent	0.15	375	216	361	192
Cosmic Serpent	0.30	779	316	740	292
Cosmic Serpent	0.50	230	111	233	107
Cosmic Serpent	0.75	244	117	244	109
Cosmic Serpent	1.00	260	128	263	118
Cosmic Serpent	1.50	251	125	253	113
Cosmic Serpent	2.00	211	137	216	123
Cosmic Serpent	3.00	215	146	219	130
Cosmic Serpent_Secondary	0.15	375	215	361	191
Cosmic Serpent_Secondary	0.30	779	314	740	291
Cosmic Serpent_Secondary	0.50	230	109	233	106
Cosmic Serpent_Secondary	0.75	244	115	244	108
Cosmic Serpent_Secondary	1.00	260	126	263	117
Cosmic Serpent_Secondary	1.50	251	123	253	111
Cosmic Serpent_Secondary	2.00	211	134	216	121
Cosmic Serpent_Secondary	3.00	215	144	219	128
CreateCard	0.15	31	39	32	28
CreateCard	0.30	37	41	39	31
CreateCard	0.50	39	34	39	27
CreateCard	0.75	39	27	38	21
CreateCard	1.00	32	20	34	17
CreateCard	1.50	84	123	85	83
CreateCard	2.00	56	113	56	74
CreateCard	3.00	0	0	0	0
CreateCard BlackLegion	0.15	31	32	28	24
CreateCard BlackLegion	0.30	36	29	37	24
CreateCard BlackLegion	0.50	38	23	37	19
CreateCard BlackLegion	0.75	35	17	33	14
CreateCard BlackLegion	1.00	29	13	29	11
CreateCard BlackLegion	1.50	74	117	72	78
CreateCard BlackLegion	2.00	56	113	56	74
CreateCard BlackLegion	3.00	0	0	0	0
CreateCard DA	0.15	16	3	11	2
CreateCard DA	0.30	32	9	27	6
CreateCard DA	0.50	45	14	43	11
CreateCard DA	0.75	62	23	63	20
CreateCard DA	1.00	70	26	75	22
CreateCard DA	1.50	89	80	86	61
CreateCard DA	2.00	80	86	77	63
CreateCard DA	3.00	18	3	14	3
CreateCard EC	0.15	237	139	231	128
CreateCard EC	0.30	330	201	330	171
CreateCard EC	0.50	235	316	232	218
CreateCard EC	0.75	163	292	161	193
CreateCard EC	1.00	282	320	280	223
CreateCard EC	1.50	119	24	107	27
CreateCard EC	2.00	81	13	89	18
CreateCard EC	3.00	5	2	5	2
CreateCard EC Elixir	0.15	198	60	169	55
CreateCard EC Elixir	0.30	359	138	327	124
CreateCard EC Elixir	0.50	270	100	266	94
CreateCard EC Elixir	0.75	173	219	185	152
CreateCard EC Elixir	1.00	273	263	266	191
CreateCard EC Elixir	1.50	114	25	95	28
CreateCard EC Elixir	2.00	12	2	17	3
CreateCard EC Elixir	3.00	0	0	0	0
CreateCard Gold	0.15	47	52	46	39
CreateCard Gold	0.30	60	56	57	44
CreateCard Gold	0.50	71	52	66	43
CreateCard Gold	0.75	74	48	68	40
CreateCard Gold	1.00	73	45	69	38
CreateCard Gold	1.50	124	153	118	107
CreateCard Gold	2.00	56	113	56	74
CreateCard Gold	3.00	0	0	0	0
CreateCard GSC	0.15	238	128	234	113
CreateCard GSC	0.30	531	263	511	232
CreateCard GSC	0.50	380	148	346	139
CreateCard GSC	0.75	15	5	15	5
CreateCard GSC	1.00	302	354	297	250
CreateCard GSC	1.50	13	5	13	5
CreateCard GSC	2.00	1	0	1	0
CreateCard GSC	3.00	0	0	0	0
CreateCard GSC 5x	0.15	101	86	104	83
CreateCard GSC 5x	0.30	258	220	255	208
CreateCard GSC 5x	0.50	358	308	365	289
CreateCard GSC 5x	0.75	399	256	409	219
CreateCard GSC 5x	1.00	539	458	518	326
CreateCard GSC 5x	1.50	370	768	370	518
CreateCard GSC 5x	2.00	1062	1151	1049	835
CreateCard GSC 5x	3.00	25	7	16	4
CreateCard Necron	0.15	112	76	117	65
CreateCard Necron	0.30	318	208	319	175
CreateCard Necron	0.50	353	142	344	130
CreateCard Necron	0.75	236	47	216	57
CreateCard Necron	1.00	464	404	445	297
CreateCard Necron	1.50	233	36	241	48
CreateCard Necron	2.00	216	31	241	47
CreateCard Necron	3.00	0	0	0	0
CreateCard Orks	0.15	198	77	187	68
CreateCard Orks	0.30	391	168	379	149
CreateCard Orks	0.50	426	196	433	170
CreateCard Orks	0.75	490	197	488	162
CreateCard Orks	1.00	737	411	723	326
CreateCard Orks	1.50	475	177	478	145
CreateCard Orks	2.00	586	157	562	125
CreateCard Orks	3.00	0	0	0	0
CreateCard Orks 1	0.15	198	77	187	68
CreateCard Orks 1	0.30	391	168	379	149
CreateCard Orks 1	0.50	426	196	433	170
CreateCard Orks 1	0.75	490	197	488	162
CreateCard Orks 1	1.00	737	411	723	326
CreateCard Orks 1	1.50	475	177	478	145
CreateCard Orks 1	2.00	586	157	562	125
CreateCard Orks 1	3.00	0	0	0	0
CreateCard Sabotage	0.15	59	17	53	13
CreateCard Sabotage	0.30	307	104	304	87
CreateCard Sabotage	0.50	293	90	290	80
CreateCard Sabotage	0.75	630	371	643	476
CreateCard Sabotage	1.00	635	826	650	575
CreateCard Sabotage	1.50	136	33	81	21
CreateCard Sabotage	2.00	2	0	0	0
CreateCard Sabotage	3.00	0	0	0	0
CreateCard_Tau	0.15	0	0	0	0
CreateCard_Tau	0.30	0	0	0	0
CreateCard_Tau	0.50	64	129	64	85
CreateCard_Tau	0.75	64	129	64	85
CreateCard_Tau	1.00	64	129	64	85
CreateCard_Tau	1.50	157	136	148	101
CreateCard_Tau	2.00	1	1	1	1
CreateCard_Tau	3.00	0	0	0	0
CrueltyEffect	0.15	27	13	27	11
CrueltyEffect	0.30	35	14	36	14
CrueltyEffect	0.50	43	20	44	22
CrueltyEffect	0.75	44	20	44	22
CrueltyEffect	1.00	30	9	32	9
CrueltyEffect	1.50	0	0	0	0
CrueltyEffect	2.00	0	0	0	0
CrueltyEffect	3.00	0	0	0	0
Cryptek_Stun	0.15	449	265	452	237
Cryptek_Stun	0.30	474	306	475	265
Cryptek_Stun	0.50	499	310	498	270
Cryptek_Stun	0.75	499	309	498	269
Cryptek_Stun	1.00	326	141	320	122
Cryptek_Stun	1.50	0	0	0	0
Cryptek_Stun	2.00	0	0	0	0
Cryptek_Stun	3.00	0	0	0	0
Cut Axe SW	0.15	75	39	67	22
Cut Axe SW	0.30	243	95	205	61
Cut Axe SW	0.50	0	0	0	0
Cut Axe SW	0.75	0	0	0	0
Cut Axe SW	1.00	0	0	0	0
Cut Axe SW	1.50	0	0	0	0
Cut Axe SW	2.00	0	0	0	0
Cut Axe SW	3.00	0	0	0	0
Cut EC	0.15	68	81	68	71
Cut EC	0.30	0	0	0	0
Cut EC	0.50	0	0	0	0
Cut EC	0.75	0	0	0	0
Cut EC	1.00	0	0	0	0
Cut EC	1.50	0	0	0	0
Cut EC	2.00	0	0	0	0
Cut EC	3.00	0	0	0	0
Cut EC 3x	0.15	65	65	67	56
Cut EC 3x	0.30	69	73	77	66
Cut EC 3x	0.50	53	44	61	43
Cut EC 3x	0.75	50	40	56	40
Cut EC 3x	1.00	0	0	0	0
Cut EC 3x	1.50	0	0	0	0
Cut EC 3x	2.00	0	0	0	0
Cut EC 3x	3.00	0	0	0	0
Cut EC Reverse	0.15	68	81	68	71
Cut EC Reverse	0.30	0	0	0	0
Cut EC Reverse	0.50	0	0	0	0
Cut EC Reverse	0.75	0	0	0	0
Cut EC Reverse	1.00	0	0	0	0
Cut EC Reverse	1.50	0	0	0	0
Cut EC Reverse	2.00	0	0	0	0
Cut EC Reverse	3.00	0	0	0	0
Cut EC sword 7x warlord	0.15	66	60	69	56
Cut EC sword 7x warlord	0.30	0	0	0	0
Cut EC sword 7x warlord	0.50	54	43	57	43
Cut EC sword 7x warlord	0.75	58	41	60	41
Cut EC sword 7x warlord	1.00	43	26	46	29
Cut EC sword 7x warlord	1.50	89	81	103	78
Cut EC sword 7x warlord	2.00	103	71	112	73
Cut EC sword 7x warlord	3.00	0	0	0	0
Cut Termie Lightning Claws	0.15	1243	812	1266	677
Cut Termie Lightning Claws	0.30	4	0	8	1
Cut Termie Lightning Claws	0.50	24	5	29	7
Cut Termie Lightning Claws	0.75	44	9	44	6
Cut Termie Lightning Claws	1.00	7	1	20	2
Cut Termie Lightning Claws	1.50	0	0	1	0
Cut Termie Lightning Claws	2.00	17	3	31	6
Cut Termie Lightning Claws	3.00	0	0	0	0
Cut Wulfen SW	0.15	159	159	161	141
Cut Wulfen SW	0.30	0	0	0	0
Cut Wulfen SW	0.50	0	0	0	0
Cut Wulfen SW	0.75	0	0	0	0
Cut Wulfen SW	1.00	0	0	0	0
Cut Wulfen SW	1.50	0	0	0	0
Cut Wulfen SW	2.00	0	0	0	0
Cut Wulfen SW	3.00	0	0	0	0
Cut Wulfen SW Double	0.15	172	229	174	200
Cut Wulfen SW Double	0.30	0	0	0	0
Cut Wulfen SW Double	0.50	157	109	151	90
Cut Wulfen SW Double	0.75	0	0	0	0
Cut Wulfen SW Double	1.00	0	0	0	0
Cut Wulfen SW Double	1.50	0	0	0	0
Cut Wulfen SW Double	2.00	0	0	0	0
Cut Wulfen SW Double	3.00	0	0	0	0
Cut Wulfen SW Reverse	0.15	139	77	136	57
Cut Wulfen SW Reverse	0.30	0	0	0	0
Cut Wulfen SW Reverse	0.50	0	0	0	0
Cut Wulfen SW Reverse	0.75	0	0	0	0
Cut Wulfen SW Reverse	1.00	0	0	0	0
Cut Wulfen SW Reverse	1.50	0	0	0	0
Cut Wulfen SW Reverse	2.00	0	0	0	0
Cut Wulfen SW Reverse	3.00	0	0	0	0
Cuts Brutal	0.15	97	64	93	52
Cuts Brutal	0.30	105	54	100	39
Cuts Brutal	0.50	183	112	187	98
Cuts Brutal	0.75	195	140	201	122
Cuts Brutal	1.00	165	107	156	88
Cuts Brutal	1.50	0	0	2	0
Cuts Brutal	2.00	0	0	0	0
Cuts Brutal	3.00	0	0	0	0
Cuts Brutal_Warp Spider	0.15	41	8	36	6
Cuts Brutal_Warp Spider	0.30	57	20	49	16
Cuts Brutal_Warp Spider	0.50	144	88	136	79
Cuts Brutal_Warp Spider	0.75	229	119	221	110
Cuts Brutal_Warp Spider	1.00	321	172	305	155
Cuts Brutal_Warp Spider	1.50	263	130	254	120
Cuts Brutal_Warp Spider	2.00	116	54	109	52
Cuts Brutal_Warp Spider	3.00	0	0	0	0
DaIrongobEffect	0.15	982	496	964	511
DaIrongobEffect	0.30	1219	738	1195	710
DaIrongobEffect	0.50	1418	836	1374	809
DaIrongobEffect	0.75	1454	708	1433	733
DaIrongobEffect	1.00	1055	414	1058	460
DaIrongobEffect	1.50	327	67	385	96
DaIrongobEffect	2.00	0	0	0	0
DaIrongobEffect	3.00	0	0	0	0
Death Cult Strike	0.15	93	49	81	42
Death Cult Strike	0.30	22	2	17	3
Death Cult Strike	0.50	0	0	0	0
Death Cult Strike	0.75	0	0	0	0
Death Cult Strike	1.00	0	0	0	0
Death Cult Strike	1.50	0	0	0	0
Death Cult Strike	2.00	0	0	0	0
Death Cult Strike	3.00	0	0	0	0
Deathspinner Cut Effect	0.15	0	0	0	0
Deathspinner Cut Effect	0.30	294	161	284	157
Deathspinner Cut Effect	0.50	1182	706	1129	637
Deathspinner Cut Effect	0.75	1927	1013	1837	913
Deathspinner Cut Effect	1.00	1947	917	1816	844
Deathspinner Cut Effect	1.50	1812	679	1702	634
Deathspinner Cut Effect	2.00	1166	253	1118	273
Deathspinner Cut Effect	3.00	0	0	0	0
Debuff EC	0.15	362	124	344	129
Debuff EC	0.30	513	213	508	209
Debuff EC	0.50	616	210	610	215
Debuff EC	0.75	597	207	609	196
Debuff EC	1.00	551	217	599	204
Debuff EC	1.50	743	384	751	335
Debuff EC	2.00	609	198	548	188
Debuff EC	3.00	0	0	0	0
Debuff_Mana_Tyranid	0.15	80	9	68	12
Debuff_Mana_Tyranid	0.30	291	49	249	44
Debuff_Mana_Tyranid	0.50	582	119	555	104
Debuff_Mana_Tyranid	0.75	2418	910	2345	816
Debuff_Mana_Tyranid	1.00	2546	992	2521	882
Debuff_Mana_Tyranid	1.50	287	72	269	57
Debuff_Mana_Tyranid	2.00	19	3	20	4
Debuff_Mana_Tyranid	3.00	0	0	0	0
DeckBuff Grey	0.15	2824	1617	2830	1464
DeckBuff Grey	0.30	3075	1787	3088	1607
DeckBuff Grey	0.50	3294	1945	3303	1736
DeckBuff Grey	0.75	3383	1954	3422	1760
DeckBuff Grey	1.00	442	132	405	146
DeckBuff Grey	1.50	0	0	0	0
DeckBuff Grey	2.00	0	0	0	0
DeckBuff Grey	3.00	0	0	0	0
DeckBuff_BlackLegion	0.15	981	511	1018	513
DeckBuff_BlackLegion	0.30	1158	549	1214	540
DeckBuff_BlackLegion	0.50	1416	516	1491	494
DeckBuff_BlackLegion	0.75	758	213	809	178
DeckBuff_BlackLegion	1.00	280	52	242	34
DeckBuff_BlackLegion	1.50	0	0	0	0
DeckBuff_BlackLegion	2.00	0	0	0	0
DeckBuff_BlackLegion	3.00	0	0	0	0
DeckBuff_Green	0.15	3763	2306	3712	2102
DeckBuff_Green	0.30	4129	2516	4050	2293
DeckBuff_Green	0.50	4362	2665	4294	2413
DeckBuff_Green	0.75	4284	2413	4134	2240
DeckBuff_Green	1.00	278	46	173	39
DeckBuff_Green	1.50	0	0	0	0
DeckBuff_Green	2.00	0	0	0	0
DeckBuff_Green	3.00	0	0	0	0
DeckBuff_Green 2	0.15	1444	656	1444	611
DeckBuff_Green 2	0.30	2595	1406	2545	1227
DeckBuff_Green 2	0.50	3280	1848	3267	1525
DeckBuff_Green 2	0.75	3693	1758	3598	1396
DeckBuff_Green 2	1.00	3488	1519	3411	1210
DeckBuff_Green 2	1.50	2578	794	2521	686
DeckBuff_Green 2	2.00	860	162	941	178
DeckBuff_Green 2	3.00	0	0	0	0
DeckBuff_GSC	0.15	1840	530	1874	502
DeckBuff_GSC	0.30	1835	644	1863	615
DeckBuff_GSC	0.50	2037	878	2000	840
DeckBuff_GSC	0.75	2142	950	2081	917
DeckBuff_GSC	1.00	1661	527	1546	570
DeckBuff_GSC	1.50	0	0	0	0
DeckBuff_GSC	2.00	0	0	0	0
DeckBuff_GSC	3.00	0	0	0	0
DeckBuff_MoveToTop	0.15	3579	2226	3533	2055
DeckBuff_MoveToTop	0.30	3793	2398	3748	2209
DeckBuff_MoveToTop	0.50	4074	2570	4018	2376
DeckBuff_MoveToTop	0.75	3959	2293	3675	2159
DeckBuff_MoveToTop	1.00	230	31	252	40
DeckBuff_MoveToTop	1.50	0	0	0	0
DeckBuff_MoveToTop	2.00	0	0	0	0
DeckBuff_MoveToTop	3.00	0	0	0	0
DeckBuff_Orks	0.15	1979	1111	2334	951
DeckBuff_Orks	0.30	2170	1190	2491	1032
DeckBuff_Orks	0.50	2099	1074	2413	915
DeckBuff_Orks	0.75	1648	710	1827	573
DeckBuff_Orks	1.00	1090	215	969	161
DeckBuff_Orks	1.50	0	0	15	1
DeckBuff_Orks	2.00	0	0	0	0
DeckBuff_Orks	3.00	0	0	0	0
DeckBuff_SW	0.15	3666	3266	3718	2554
DeckBuff_SW	0.30	3897	3393	3934	2664
DeckBuff_SW	0.50	4074	3494	4132	2758
DeckBuff_SW	0.75	4205	3473	4251	2765
DeckBuff_SW	1.00	4019	2892	3987	2384
DeckBuff_SW	1.50	193	84	182	85
DeckBuff_SW	2.00	76	30	72	33
DeckBuff_SW	3.00	0	0	0	0
DeckBuff_Tau	0.15	594	154	590	166
DeckBuff_Tau	0.30	1420	457	1354	459
DeckBuff_Tau	0.50	1820	755	1800	702
DeckBuff_Tau	0.75	1906	933	1897	810
DeckBuff_Tau	1.00	1922	1065	1916	890
DeckBuff_Tau	1.50	1550	507	1538	471
DeckBuff_Tau	2.00	0	0	0	0
DeckBuff_Tau	3.00	0	0	0	0
DeckBuff1	0.15	3290	1733	3281	1416
DeckBuff1	0.30	3562	1905	3558	1547
DeckBuff1	0.50	3792	2054	3776	1660
DeckBuff1	0.75	3897	2079	3888	1690
DeckBuff1	1.00	476	159	451	156
DeckBuff1	1.50	0	0	0	0
DeckBuff1	2.00	0	0	0	0
DeckBuff1	3.00	0	0	0	0
Default Tap Floor	0.15	185	68	153	76
Default Tap Floor	0.30	273	110	234	123
Default Tap Floor	0.50	326	130	335	159
Default Tap Floor	0.75	289	79	324	107
Default Tap Floor	1.00	2	0	2	0
Default Tap Floor	1.50	0	0	0	0
Default Tap Floor	2.00	0	0	0	0
Default Tap Floor	3.00	0	0	0	0
Delightful Agonies Launch Projectile	0.15	234	125	230	112
Delightful Agonies Launch Projectile	0.30	482	215	467	207
Delightful Agonies Launch Projectile	0.50	613	197	572	205
Delightful Agonies Launch Projectile	0.75	1900	641	2023	629
Delightful Agonies Launch Projectile	1.00	957	370	893	337
Delightful Agonies Launch Projectile	1.50	205	31	132	15
Delightful Agonies Launch Projectile	2.00	0	0	0	0
Delightful Agonies Launch Projectile	3.00	0	0	0	0
Delightful_Agonies_Projectile	0.15	140	56	133	51
Delightful_Agonies_Projectile	0.30	195	74	178	70
Delightful_Agonies_Projectile	0.50	290	88	283	87
Delightful_Agonies_Projectile	0.75	266	93	271	96
Delightful_Agonies_Projectile	1.00	220	47	220	52
Delightful_Agonies_Projectile	1.50	1004	385	935	351
Delightful_Agonies_Projectile	2.00	201	31	132	16
Delightful_Agonies_Projectile	3.00	0	0	0	0
Duty Reset	0.15	107	43	106	41
Duty Reset	0.30	814	519	757	422
Duty Reset	0.50	889	627	844	508
Duty Reset	0.75	890	562	848	468
Duty Reset	1.00	578	314	560	271
Duty Reset	1.50	0	0	0	0
Duty Reset	2.00	0	0	0	0
Duty Reset	3.00	0	0	0	0
DutyEffect	0.15	0	0	0	0
DutyEffect	0.30	752	483	685	394
DutyEffect	0.50	781	480	714	398
DutyEffect	0.75	761	472	697	391
DutyEffect	1.00	591	351	580	298
DutyEffect	1.50	0	0	0	0
DutyEffect	2.00	0	0	0	0
DutyEffect	3.00	0	0	0	0
EarthCrack_Single	0.15	18	7	17	8
EarthCrack_Single	0.30	151	70	139	78
EarthCrack_Single	0.50	411	198	402	214
EarthCrack_Single	0.75	782	371	715	399
EarthCrack_Single	1.00	1055	509	965	545
EarthCrack_Single	1.50	1262	559	1153	597
EarthCrack_Single	2.00	1256	550	1167	582
EarthCrack_Single	3.00	222	28	329	52
Earthquake Rockfall Board	0.15	10	3	10	4
Earthquake Rockfall Board	0.30	37	17	38	21
Earthquake Rockfall Board	0.50	57	39	58	40
Earthquake Rockfall Board	0.75	68	52	69	48
Earthquake Rockfall Board	1.00	62	50	64	46
Earthquake Rockfall Board	1.50	57	42	59	42
Earthquake Rockfall Board	2.00	57	43	57	40
Earthquake Rockfall Board	3.00	4	4	4	3
Earthquake Rockfall Target	0.15	91	88	91	87
Earthquake Rockfall Target	0.30	79	60	88	65
Earthquake Rockfall Target	0.50	82	46	90	47
Earthquake Rockfall Target	0.75	107	61	111	64
Earthquake Rockfall Target	1.00	119	63	125	64
Earthquake Rockfall Target	1.50	0	0	0	0
Earthquake Rockfall Target	2.00	0	0	0	0
Earthquake Rockfall Target	3.00	0	0	0	0
EC Heldrake Attack	0.15	4	3	4	3
EC Heldrake Attack	0.30	7	4	7	4
EC Heldrake Attack	0.50	12	5	13	5
EC Heldrake Attack	0.75	13	4	12	3
EC Heldrake Attack	1.00	13	4	12	5
EC Heldrake Attack	1.50	15	6	13	6
EC Heldrake Attack	2.00	18	7	16	7
EC Heldrake Attack	3.00	0	0	0	0
EC Heldrake Rally	0.15	0	0	0	0
EC Heldrake Rally	0.30	0	0	0	0
EC Heldrake Rally	0.50	3	0	6	0
EC Heldrake Rally	0.75	9	2	12	1
EC Heldrake Rally	1.00	15	3	11	1
EC Heldrake Rally	1.50	12	2	8	1
EC Heldrake Rally	2.00	7	1	11	1
EC Heldrake Rally	3.00	16	3	13	2
EC Sword Cut Board DMC Style	0.15	5	7	5	5
EC Sword Cut Board DMC Style	0.30	5	7	5	5
EC Sword Cut Board DMC Style	0.50	12	18	12	13
EC Sword Cut Board DMC Style	0.75	32	51	33	38
EC Sword Cut Board DMC Style	1.00	32	52	32	38
EC Sword Cut Board DMC Style	1.50	73	109	71	78
EC Sword Cut Board DMC Style	2.00	161	231	159	161
EC Sword Cut Board DMC Style	3.00	152	216	153	150
EC Target	0.15	44	28	40	24
EC Target	0.30	454	190	410	182
EC Target	0.50	491	191	468	175
EC Target	0.75	94	14	65	7
EC Target	1.00	34	3	0	0
EC Target	1.50	0	0	0	0
EC Target	2.00	0	0	0	0
EC Target	3.00	0	0	0	0
EC_Sonic Shock	0.15	231	30	285	48
EC_Sonic Shock	0.30	238	129	228	121
EC_Sonic Shock	0.50	405	241	395	228
EC_Sonic Shock	0.75	513	270	476	268
EC_Sonic Shock	1.00	556	282	531	293
EC_Sonic Shock	1.50	458	190	466	219
EC_Sonic Shock	2.00	146	45	179	55
EC_Sonic Shock	3.00	0	0	0	0
EC_Sonic Stomp	0.15	716	223	736	242
EC_Sonic Stomp	0.30	639	339	615	322
EC_Sonic Stomp	0.50	936	440	855	432
EC_Sonic Stomp	0.75	1170	500	1054	525
EC_Sonic Stomp	1.00	1105	442	1008	484
EC_Sonic Stomp	1.50	359	122	406	149
EC_Sonic Stomp	2.00	31	21	31	18
EC_Sonic Stomp	3.00	0	0	0	0
EC_Target_user	0.15	191	55	190	65
EC_Target_user	0.30	268	114	256	118
EC_Target_user	0.50	308	147	297	144
EC_Target_user	0.75	314	120	309	119
EC_Target_user	1.00	279	88	271	88
EC_Target_user	1.50	332	179	336	157
EC_Target_user	2.00	185	62	179	62
EC_Target_user	3.00	0	0	0	0
EC_Target_user Lucius	0.15	191	55	190	65
EC_Target_user Lucius	0.30	268	114	256	118
EC_Target_user Lucius	0.50	308	147	297	144
EC_Target_user Lucius	0.75	314	120	309	119
EC_Target_user Lucius	1.00	279	88	271	88
EC_Target_user Lucius	1.50	331	173	335	153
EC_Target_user Lucius	2.00	185	62	179	62
EC_Target_user Lucius	3.00	0	0	0	0
EcstasyEffect	0.15	302	247	294	199
EcstasyEffect	0.30	427	338	415	275
EcstasyEffect	0.50	370	336	364	260
EcstasyEffect	0.75	294	165	288	142
EcstasyEffect	1.00	13	5	13	6
EcstasyEffect	1.50	0	0	0	0
EcstasyEffect	2.00	0	0	0	0
EcstasyEffect	3.00	0	0	0	0
Emperors Children Generic Buff	0.15	451	133	451	145
Emperors Children Generic Buff	0.30	833	439	819	408
Emperors Children Generic Buff	0.50	1052	609	1021	547
Emperors Children Generic Buff	0.75	1231	644	1189	583
Emperors Children Generic Buff	1.00	1193	608	1160	550
Emperors Children Generic Buff	1.50	333	73	312	71
Emperors Children Generic Buff	2.00	5	0	0	0
Emperors Children Generic Buff	3.00	0	0	0	0
Emperors Children Generic Buff Record	0.15	369	99	371	115
Emperors Children Generic Buff Record	0.30	775	383	763	367
Emperors Children Generic Buff Record	0.50	1050	577	1018	530
Emperors Children Generic Buff Record	0.75	1230	614	1184	566
Emperors Children Generic Buff Record	1.00	1193	579	1159	535
Emperors Children Generic Buff Record	1.50	315	67	303	64
Emperors Children Generic Buff Record	2.00	5	0	0	0
Emperors Children Generic Buff Record	3.00	0	0	0	0
Emperors Children Scenario Bombardment	0.15	0	0	0	0
Emperors Children Scenario Bombardment	0.30	3	0	3	0
Emperors Children Scenario Bombardment	0.50	18	2	5	0
Emperors Children Scenario Bombardment	0.75	46	8	21	6
Emperors Children Scenario Bombardment	1.00	76	18	54	19
Emperors Children Scenario Bombardment	1.50	127	28	77	28
Emperors Children Scenario Bombardment	2.00	175	35	119	36
Emperors Children Scenario Bombardment	3.00	268	52	161	52
Emperors Children Summon	0.15	0	0	0	0
Emperors Children Summon	0.30	11	3	15	2
Emperors Children Summon	0.50	41	7	39	5
Emperors Children Summon	0.75	0	0	0	0
Emperors Children Summon	1.00	0	0	0	0
Emperors Children Summon	1.50	0	0	0	0
Emperors Children Summon	2.00	0	0	0	0
Emperors Children Summon	3.00	0	0	0	0
Environmental Condition Astra Militarum Dawn Attack	0.15	10950	13507	10950	10060
Environmental Condition Astra Militarum Dawn Attack	0.30	10950	13507	10950	10060
Environmental Condition Astra Militarum Dawn Attack	0.50	10950	13507	10950	10060
Environmental Condition Astra Militarum Dawn Attack	0.75	10950	13507	10950	10060
Environmental Condition Astra Militarum Dawn Attack	1.00	10950	13507	10950	10060
Environmental Condition Astra Militarum Dawn Attack	1.50	10950	13508	10950	10060
Environmental Condition Astra Militarum Dawn Attack	2.00	10950	13509	10950	10061
Environmental Condition Astra Militarum Dawn Attack	3.00	10950	13511	10950	10062
Environmental Condition Astra Militarum Factory Overdrive	0.15	19	4	24	6
Environmental Condition Astra Militarum Factory Overdrive	0.30	34	7	28	9
Environmental Condition Astra Militarum Factory Overdrive	0.50	64	15	61	17
Environmental Condition Astra Militarum Factory Overdrive	0.75	84	22	77	23
Environmental Condition Astra Militarum Factory Overdrive	1.00	98	27	86	26
Environmental Condition Astra Militarum Factory Overdrive	1.50	108	29	98	28
Environmental Condition Astra Militarum Factory Overdrive	2.00	118	32	108	31
Environmental Condition Astra Militarum Factory Overdrive	3.00	153	33	137	33
Environmental Condition Astra Militarum Planetary Invasion	0.15	158	34	132	37
Environmental Condition Astra Militarum Planetary Invasion	0.30	203	38	167	38
Environmental Condition Astra Militarum Planetary Invasion	0.50	332	73	284	67
Environmental Condition Astra Militarum Planetary Invasion	0.75	344	93	309	84
Environmental Condition Astra Militarum Planetary Invasion	1.00	323	94	292	85
Environmental Condition Astra Militarum Planetary Invasion	1.50	247	87	235	80
Environmental Condition Astra Militarum Planetary Invasion	2.00	293	101	279	93
Environmental Condition Astra Militarum Planetary Invasion	3.00	224	87	213	75
Environmental Condition Black Legion Daemonic Feast	0.15	1	0	1	0
Environmental Condition Black Legion Daemonic Feast	0.30	1	0	3	0
Environmental Condition Black Legion Daemonic Feast	0.50	4	1	6	1
Environmental Condition Black Legion Daemonic Feast	0.75	12	2	17	3
Environmental Condition Black Legion Daemonic Feast	1.00	15	3	22	4
Environmental Condition Black Legion Daemonic Feast	1.50	13	2	18	4
Environmental Condition Black Legion Daemonic Feast	2.00	25	3	20	4
Environmental Condition Black Legion Daemonic Feast	3.00	160	30	193	26
Environmental Condition Black Legion Helfire Outburst	0.15	24	5	19	5
Environmental Condition Black Legion Helfire Outburst	0.30	91	17	68	15
Environmental Condition Black Legion Helfire Outburst	0.50	295	89	292	81
Environmental Condition Black Legion Helfire Outburst	0.75	591	238	576	221
Environmental Condition Black Legion Helfire Outburst	1.00	723	311	714	280
Environmental Condition Black Legion Helfire Outburst	1.50	940	408	920	376
Environmental Condition Black Legion Helfire Outburst	2.00	926	445	903	431
Environmental Condition Black Legion Helfire Outburst	3.00	831	350	838	318
Environmental Condition Black Legion Warp Storm	0.15	896	187	957	246
Environmental Condition Black Legion Warp Storm	0.30	1376	355	1296	403
Environmental Condition Black Legion Warp Storm	0.50	1706	531	1697	565
Environmental Condition Black Legion Warp Storm	0.75	2098	731	1976	722
Environmental Condition Black Legion Warp Storm	1.00	2412	877	2226	834
Environmental Condition Black Legion Warp Storm	1.50	2789	1170	2637	1073
Environmental Condition Black Legion Warp Storm	2.00	2893	1571	2920	1330
Environmental Condition Black Legion Warp Storm	3.00	2958	1729	2958	1455
Environmental Condition Dark Angels Asteroid Zone	0.15	10238	4258	9285	4090
Environmental Condition Dark Angels Asteroid Zone	0.30	10252	4232	9289	4065
Environmental Condition Dark Angels Asteroid Zone	0.50	10260	4211	9290	4046
Environmental Condition Dark Angels Asteroid Zone	0.75	10254	4194	9276	4031
Environmental Condition Dark Angels Asteroid Zone	1.00	10256	4175	9261	4012
Environmental Condition Dark Angels Asteroid Zone	1.50	10253	4158	9247	3996
Environmental Condition Dark Angels Asteroid Zone	2.00	10242	4141	9232	3982
Environmental Condition Dark Angels Asteroid Zone	3.00	10239	4125	9220	3968
Environmental Condition Dark Angels Orbiting	0.15	3387	2272	3326	2087
Environmental Condition Dark Angels Orbiting	0.30	3404	2337	3351	2128
Environmental Condition Dark Angels Orbiting	0.50	3415	2437	3375	2188
Environmental Condition Dark Angels Orbiting	0.75	3420	2561	3392	2257
Environmental Condition Dark Angels Orbiting	1.00	3422	2670	3399	2315
Environmental Condition Dark Angels Orbiting	1.50	3425	2904	3408	2432
Environmental Condition Dark Angels Orbiting	2.00	3429	3017	3414	2487
Environmental Condition Dark Angels Orbiting	3.00	3432	3044	3419	2502
Environmental Condition Dark Angels Void Combat	0.15	10042	2936	8719	2923
Environmental Condition Dark Angels Void Combat	0.30	10035	2934	8750	2922
Environmental Condition Dark Angels Void Combat	0.50	10052	2933	8771	2920
Environmental Condition Dark Angels Void Combat	0.75	10066	2929	8781	2915
Environmental Condition Dark Angels Void Combat	1.00	10081	2926	8797	2911
Environmental Condition Dark Angels Void Combat	1.50	10092	2923	8822	2908
Environmental Condition Dark Angels Void Combat	2.00	10098	2919	8860	2905
Environmental Condition Dark Angels Void Combat	3.00	10120	2915	8873	2899
Environmental Condition Emperor's Children 1 Green	0.15	268	98	260	95
Environmental Condition Emperor's Children 1 Green	0.30	609	173	548	176
Environmental Condition Emperor's Children 1 Green	0.50	626	141	648	161
Environmental Condition Emperor's Children 1 Green	0.75	340	113	322	108
Environmental Condition Emperor's Children 1 Green	1.00	439	120	423	124
Environmental Condition Emperor's Children 1 Green	1.50	363	126	351	122
Environmental Condition Emperor's Children 1 Green	2.00	386	124	363	122
Environmental Condition Emperor's Children 1 Green	3.00	65	20	63	19
Environmental Condition Emperor's Children 1 Pink REJECTED	0.15	280	120	267	117
Environmental Condition Emperor's Children 1 Pink REJECTED	0.30	641	214	573	218
Environmental Condition Emperor's Children 1 Pink REJECTED	0.50	679	175	676	198
Environmental Condition Emperor's Children 1 Pink REJECTED	0.75	345	133	338	129
Environmental Condition Emperor's Children 1 Pink REJECTED	1.00	475	145	426	147
Environmental Condition Emperor's Children 1 Pink REJECTED	1.50	375	148	365	144
Environmental Condition Emperor's Children 1 Pink REJECTED	2.00	396	144	376	143
Environmental Condition Emperor's Children 1 Pink REJECTED	3.00	65	20	63	20
Environmental Condition Emperor's Children 2 Fumes	0.15	455	128	443	146
Environmental Condition Emperor's Children 2 Fumes	0.30	524	141	503	163
Environmental Condition Emperor's Children 2 Fumes	0.50	559	154	528	178
Environmental Condition Emperor's Children 2 Fumes	0.75	586	167	553	195
Environmental Condition Emperor's Children 2 Fumes	1.00	607	179	563	207
Environmental Condition Emperor's Children 2 Fumes	1.50	654	201	592	229
Environmental Condition Emperor's Children 2 Fumes	2.00	685	219	616	246
Environmental Condition Emperor's Children 2 Fumes	3.00	750	248	661	269
Environmental Condition Emperor's Children Empyric Rift	0.15	373	70	375	59
Environmental Condition Emperor's Children Empyric Rift	0.30	378	71	391	61
Environmental Condition Emperor's Children Empyric Rift	0.50	386	74	401	64
Environmental Condition Emperor's Children Empyric Rift	0.75	414	78	417	68
Environmental Condition Emperor's Children Empyric Rift	1.00	429	81	443	71
Environmental Condition Emperor's Children Empyric Rift	1.50	451	87	480	78
Environmental Condition Emperor's Children Empyric Rift	2.00	474	95	492	85
Environmental Condition Emperor's Children Empyric Rift	3.00	503	105	518	94
Environmental Condition Emperor's Children Empyric Rift OLD	0.15	373	70	375	59
Environmental Condition Emperor's Children Empyric Rift OLD	0.30	378	71	391	61
Environmental Condition Emperor's Children Empyric Rift OLD	0.50	386	74	401	64
Environmental Condition Emperor's Children Empyric Rift OLD	0.75	414	78	417	68
Environmental Condition Emperor's Children Empyric Rift OLD	1.00	429	81	443	71
Environmental Condition Emperor's Children Empyric Rift OLD	1.50	451	87	480	78
Environmental Condition Emperor's Children Empyric Rift OLD	2.00	474	95	492	85
Environmental Condition Emperor's Children Empyric Rift OLD	3.00	504	105	518	94
Environmental Condition GSC Mining Tremors	0.15	19	3	34	4
Environmental Condition GSC Mining Tremors	0.30	41	7	61	10
Environmental Condition GSC Mining Tremors	0.50	77	13	95	16
Environmental Condition GSC Mining Tremors	0.75	177	28	143	27
Environmental Condition GSC Mining Tremors	1.00	243	42	206	39
Environmental Condition GSC Mining Tremors	1.50	164	34	175	34
Environmental Condition GSC Mining Tremors	2.00	119	31	140	29
Environmental Condition GSC Mining Tremors	3.00	362	67	323	61
Environmental Condition GSC Sump Overspill	0.15	51	14	55	19
Environmental Condition GSC Sump Overspill	0.30	73	19	71	24
Environmental Condition GSC Sump Overspill	0.50	120	32	115	39
Environmental Condition GSC Sump Overspill	0.75	166	49	166	58
Environmental Condition GSC Sump Overspill	1.00	190	59	185	64
Environmental Condition GSC Sump Overspill	1.50	291	99	274	96
Environmental Condition GSC Sump Overspill	2.00	423	135	375	124
Environmental Condition GSC Sump Overspill	3.00	442	146	397	134
Environmental Condition GSC Sump Overspill OLD	0.15	32	8	33	12
Environmental Condition GSC Sump Overspill OLD	0.30	50	11	44	17
Environmental Condition GSC Sump Overspill OLD	0.50	72	19	64	25
Environmental Condition GSC Sump Overspill OLD	0.75	101	32	96	38
Environmental Condition GSC Sump Overspill OLD	1.00	122	42	115	48
Environmental Condition GSC Sump Overspill OLD	1.50	169	69	167	72
Environmental Condition GSC Sump Overspill OLD	2.00	213	85	201	85
Environmental Condition GSC Sump Overspill OLD	3.00	209	80	213	82
Environmental Condition GSC Toxic Fumes	0.15	6	1	8	2
Environmental Condition GSC Toxic Fumes	0.30	11	2	10	2
Environmental Condition GSC Toxic Fumes	0.50	20	3	15	3
Environmental Condition GSC Toxic Fumes	0.75	36	6	40	7
Environmental Condition GSC Toxic Fumes	1.00	51	10	55	11
Environmental Condition GSC Toxic Fumes	1.50	78	20	89	22
Environmental Condition GSC Toxic Fumes	2.00	102	31	111	30
Environmental Condition GSC Toxic Fumes	3.00	153	50	163	43
Environmental Condition Necrons Earthquake	0.15	145	64	137	57
Environmental Condition Necrons Earthquake	0.30	154	75	153	68
Environmental Condition Necrons Earthquake	0.50	389	186	366	159
Environmental Condition Necrons Earthquake	0.75	170	77	170	71
Environmental Condition Necrons Earthquake	1.00	166	77	161	71
Environmental Condition Necrons Earthquake	1.50	172	69	160	65
Environmental Condition Necrons Earthquake	2.00	272	107	263	98
Environmental Condition Necrons Earthquake	3.00	191	78	179	73
Environmental Condition Necrons Immortal Beams	0.15	54	10	41	9
Environmental Condition Necrons Immortal Beams	0.30	59	11	45	10
Environmental Condition Necrons Immortal Beams	0.50	75	15	61	15
Environmental Condition Necrons Immortal Beams	0.75	110	29	101	29
Environmental Condition Necrons Immortal Beams	1.00	163	54	146	52
Environmental Condition Necrons Immortal Beams	1.50	288	119	267	113
Environmental Condition Necrons Immortal Beams	2.00	416	215	415	196
Environmental Condition Necrons Immortal Beams	3.00	674	411	659	372
Environmental Condition Necrons Solar Storm	0.15	1307	813	1305	721
Environmental Condition Necrons Solar Storm	0.30	1783	1056	1766	946
Environmental Condition Necrons Solar Storm	0.50	2310	1271	2271	1144
Environmental Condition Necrons Solar Storm	0.75	2573	1288	2528	1192
Environmental Condition Necrons Solar Storm	1.00	2399	1058	2363	1024
Environmental Condition Necrons Solar Storm	1.50	1043	371	955	372
Environmental Condition Necrons Solar Storm	2.00	1190	407	1089	401
Environmental Condition Necrons Solar Storm	3.00	1245	299	1072	301
Environmental Condition Space Wolves Everstorm	0.15	318	111	337	114
Environmental Condition Space Wolves Everstorm	0.30	514	336	495	303
Environmental Condition Space Wolves Everstorm	0.50	758	517	740	457
Environmental Condition Space Wolves Everstorm	0.75	965	655	912	570
Environmental Condition Space Wolves Everstorm	1.00	1174	585	1154	563
Environmental Condition Space Wolves Everstorm	1.50	1342	713	1346	685
Environmental Condition Space Wolves Everstorm	2.00	1483	993	1462	885
Environmental Condition Space Wolves Everstorm	3.00	1127	651	1134	609
Environmental Condition Space Wolves First Light	0.15	1424	889	1521	745
Environmental Condition Space Wolves First Light	0.30	1597	1009	1674	890
Environmental Condition Space Wolves First Light	0.50	1688	1138	1731	1028
Environmental Condition Space Wolves First Light	0.75	2488	1345	1800	1163
Environmental Condition Space Wolves First Light	1.00	2621	1477	2435	1306
Environmental Condition Space Wolves First Light	1.50	2740	1729	2655	1512
Environmental Condition Space Wolves First Light	2.00	2808	1933	2783	1668
Environmental Condition Space Wolves First Light	3.00	2960	2276	2883	1904
Environmental Condition Space Wolves Full Moon	0.15	6530	10281	6531	7225
Environmental Condition Space Wolves Full Moon	0.30	6536	10265	6538	7218
Environmental Condition Space Wolves Full Moon	0.50	6538	10256	6540	7214
Environmental Condition Space Wolves Full Moon	0.75	6539	10252	6543	7213
Environmental Condition Space Wolves Full Moon	1.00	6542	10248	6547	7212
Environmental Condition Space Wolves Full Moon	1.50	6551	10241	6552	7210
Environmental Condition Space Wolves Full Moon	2.00	6551	10233	6555	7208
Environmental Condition Space Wolves Full Moon	3.00	6552	10234	6555	7210
EnvironmentalCondition Leviathan Acid Rain	0.15	480	202	478	194
EnvironmentalCondition Leviathan Acid Rain	0.30	480	202	478	194
EnvironmentalCondition Leviathan Acid Rain	0.50	481	202	478	194
EnvironmentalCondition Leviathan Acid Rain	0.75	484	203	481	194
EnvironmentalCondition Leviathan Acid Rain	1.00	488	204	480	195
EnvironmentalCondition Leviathan Acid Rain	1.50	559	213	612	214
EnvironmentalCondition Leviathan Acid Rain	2.00	635	228	648	230
EnvironmentalCondition Leviathan Acid Rain	3.00	690	265	701	274
EnvironmentalCondition Leviathan Blazing Biomatter	0.15	10578	7658	10545	6812
EnvironmentalCondition Leviathan Blazing Biomatter	0.30	10578	7658	10545	6812
EnvironmentalCondition Leviathan Blazing Biomatter	0.50	10578	7658	10545	6813
EnvironmentalCondition Leviathan Blazing Biomatter	0.75	10578	7658	10545	6813
EnvironmentalCondition Leviathan Blazing Biomatter	1.00	10578	7658	10545	6813
EnvironmentalCondition Leviathan Blazing Biomatter	1.50	10578	7658	10545	6813
EnvironmentalCondition Leviathan Blazing Biomatter	2.00	10578	7658	10545	6812
EnvironmentalCondition Leviathan Blazing Biomatter	3.00	10578	7658	10545	6812
EnvironmentalCondition Leviathan Sweeping Infestation	0.15	10474	7597	10463	6771
EnvironmentalCondition Leviathan Sweeping Infestation	0.30	10474	7597	10463	6771
EnvironmentalCondition Leviathan Sweeping Infestation	0.50	10474	7598	10463	6771
EnvironmentalCondition Leviathan Sweeping Infestation	0.75	10474	7598	10463	6772
EnvironmentalCondition Leviathan Sweeping Infestation	1.00	10474	7599	10463	6772
EnvironmentalCondition Leviathan Sweeping Infestation	1.50	10474	7599	10463	6772
EnvironmentalCondition Leviathan Sweeping Infestation	2.00	10474	7598	10463	6772
EnvironmentalCondition Leviathan Sweeping Infestation	3.00	10474	7598	10462	6771
EnvironmentalCondition Saim Hann Blackout	0.15	0	0	0	0
EnvironmentalCondition Saim Hann Blackout	0.30	0	0	0	0
EnvironmentalCondition Saim Hann Blackout	0.50	0	0	0	0
EnvironmentalCondition Saim Hann Blackout	0.75	0	0	0	0
EnvironmentalCondition Saim Hann Blackout	1.00	0	0	0	0
EnvironmentalCondition Saim Hann Blackout	1.50	22	4	23	5
EnvironmentalCondition Saim Hann Blackout	2.00	95	69	101	65
EnvironmentalCondition Saim Hann Blackout	3.00	43	14	53	17
EnvironmentalCondition Saim Hann Infinity Circuit Overload	0.15	265	227	272	193
EnvironmentalCondition Saim Hann Infinity Circuit Overload	0.30	316	275	315	229
EnvironmentalCondition Saim Hann Infinity Circuit Overload	0.50	344	273	366	233
EnvironmentalCondition Saim Hann Infinity Circuit Overload	0.75	399	303	401	258
EnvironmentalCondition Saim Hann Infinity Circuit Overload	1.00	546	341	548	297
EnvironmentalCondition Saim Hann Infinity Circuit Overload	1.50	697	374	705	331
EnvironmentalCondition Saim Hann Infinity Circuit Overload	2.00	415	287	417	245
EnvironmentalCondition Saim Hann Infinity Circuit Overload	3.00	491	323	490	277
EnvironmentalCondition Saim Hann Webway Rift	0.15	5	1	4	1
EnvironmentalCondition Saim Hann Webway Rift	0.30	5	1	4	1
EnvironmentalCondition Saim Hann Webway Rift	0.50	4	1	3	0
EnvironmentalCondition Saim Hann Webway Rift	0.75	5	1	5	1
EnvironmentalCondition Saim Hann Webway Rift	1.00	5	1	5	1
EnvironmentalCondition Saim Hann Webway Rift	1.50	11	2	15	3
EnvironmentalCondition Saim Hann Webway Rift	2.00	45	41	48	38
EnvironmentalCondition Saim Hann Webway Rift	3.00	60	27	66	29
EnvironmentalCondition Sororitas Disrupted Ceremony	0.15	206	233	211	176
EnvironmentalCondition Sororitas Disrupted Ceremony	0.30	207	220	214	170
EnvironmentalCondition Sororitas Disrupted Ceremony	0.50	222	207	227	164
EnvironmentalCondition Sororitas Disrupted Ceremony	0.75	215	176	217	145
EnvironmentalCondition Sororitas Disrupted Ceremony	1.00	210	152	212	130
EnvironmentalCondition Sororitas Disrupted Ceremony	1.50	211	152	214	130
EnvironmentalCondition Sororitas Disrupted Ceremony	2.00	216	160	218	136
EnvironmentalCondition Sororitas Disrupted Ceremony	3.00	209	156	211	133
EnvironmentalCondition Sororitas Raging Storm	0.15	969	1359	1006	962
EnvironmentalCondition Sororitas Raging Storm	0.30	1013	1417	1049	998
EnvironmentalCondition Sororitas Raging Storm	0.50	988	790	999	666
EnvironmentalCondition Sororitas Raging Storm	0.75	297	86	316	111
EnvironmentalCondition Sororitas Raging Storm	1.00	304	90	324	116
EnvironmentalCondition Sororitas Raging Storm	1.50	316	97	334	125
EnvironmentalCondition Sororitas Raging Storm	2.00	320	102	341	132
EnvironmentalCondition Sororitas Raging Storm	3.00	320	111	335	141
EnvironmentalCondition Sororitas Shrine Bombardment	0.15	188	182	191	139
EnvironmentalCondition Sororitas Shrine Bombardment	0.30	190	142	198	116
EnvironmentalCondition Sororitas Shrine Bombardment	0.50	197	95	201	80
EnvironmentalCondition Sororitas Shrine Bombardment	0.75	202	80	200	71
EnvironmentalCondition Sororitas Shrine Bombardment	1.00	208	66	191	61
EnvironmentalCondition Sororitas Shrine Bombardment	1.50	97	24	97	26
EnvironmentalCondition Sororitas Shrine Bombardment	2.00	99	24	97	26
EnvironmentalCondition Sororitas Shrine Bombardment	3.00	107	28	106	29
EnvironmentalCondition Tau Electro-Static Interference	0.15	118	105	112	76
EnvironmentalCondition Tau Electro-Static Interference	0.30	133	109	130	81
EnvironmentalCondition Tau Electro-Static Interference	0.50	162	118	169	94
EnvironmentalCondition Tau Electro-Static Interference	0.75	174	117	177	93
EnvironmentalCondition Tau Electro-Static Interference	1.00	109	102	105	74
EnvironmentalCondition Tau Electro-Static Interference	1.50	108	102	104	74
EnvironmentalCondition Tau Electro-Static Interference	2.00	108	102	105	74
EnvironmentalCondition Tau Electro-Static Interference	3.00	108	102	104	74
EnvironmentalCondition Tau Radiation Storm	0.15	119	143	128	120
EnvironmentalCondition Tau Radiation Storm	0.30	130	146	137	123
EnvironmentalCondition Tau Radiation Storm	0.50	139	149	145	126
EnvironmentalCondition Tau Radiation Storm	0.75	152	154	161	132
EnvironmentalCondition Tau Radiation Storm	1.00	162	158	171	137
EnvironmentalCondition Tau Radiation Storm	1.50	182	168	189	146
EnvironmentalCondition Tau Radiation Storm	2.00	188	168	195	146
EnvironmentalCondition Tau Radiation Storm	3.00	169	167	184	144
EnvironmentalCondition Tau Solar Eclipse	0.15	4851	4981	4877	3686
EnvironmentalCondition Tau Solar Eclipse	0.30	4851	4981	4877	3686
EnvironmentalCondition Tau Solar Eclipse	0.50	4851	4981	4877	3686
EnvironmentalCondition Tau Solar Eclipse	0.75	4851	4981	4877	3686
EnvironmentalCondition Tau Solar Eclipse	1.00	4851	4981	4877	3686
EnvironmentalCondition Tau Solar Eclipse	1.50	4851	4981	4877	3686
EnvironmentalCondition Tau Solar Eclipse	2.00	4851	4981	4877	3686
EnvironmentalCondition Tau Solar Eclipse	3.00	4851	4981	4877	3686
EnvironmentalCondition Ultramarines Aerial Clash	0.15	3	1	3	1
EnvironmentalCondition Ultramarines Aerial Clash	0.30	1	0	1	0
EnvironmentalCondition Ultramarines Aerial Clash	0.50	4	1	5	2
EnvironmentalCondition Ultramarines Aerial Clash	0.75	5	1	5	2
EnvironmentalCondition Ultramarines Aerial Clash	1.00	7	2	7	2
EnvironmentalCondition Ultramarines Aerial Clash	1.50	31	3	40	6
EnvironmentalCondition Ultramarines Aerial Clash	2.00	44	7	52	11
EnvironmentalCondition Ultramarines Aerial Clash	3.00	92	21	93	28
EnvironmentalCondition Ultramarines Bombardment	0.15	1	0	1	0
EnvironmentalCondition Ultramarines Bombardment	0.30	1	0	1	0
EnvironmentalCondition Ultramarines Bombardment	0.50	49	17	48	19
EnvironmentalCondition Ultramarines Bombardment	0.75	85	53	85	47
EnvironmentalCondition Ultramarines Bombardment	1.00	111	75	108	63
EnvironmentalCondition Ultramarines Bombardment	1.50	159	114	154	91
EnvironmentalCondition Ultramarines Bombardment	2.00	196	140	195	111
EnvironmentalCondition Ultramarines Bombardment	3.00	747	324	694	270
EnvironmentalCondition Ultramarines Thunderstorm	0.15	0	0	0	0
EnvironmentalCondition Ultramarines Thunderstorm	0.30	0	0	0	0
EnvironmentalCondition Ultramarines Thunderstorm	0.50	156	14	265	32
EnvironmentalCondition Ultramarines Thunderstorm	0.75	797	268	785	286
EnvironmentalCondition Ultramarines Thunderstorm	1.00	0	0	0	0
EnvironmentalCondition Ultramarines Thunderstorm	1.50	0	0	0	0
EnvironmentalCondition Ultramarines Thunderstorm	2.00	0	0	0	0
EnvironmentalCondition Ultramarines Thunderstorm	3.00	0	0	0	0
Execution_BlackLegion	0.15	26	3	4	1
Execution_BlackLegion	0.30	208	33	154	26
Execution_BlackLegion	0.50	446	79	529	86
Execution_BlackLegion	0.75	680	144	688	157
Execution_BlackLegion	1.00	86	11	86	13
Execution_BlackLegion	1.50	124	110	130	107
Execution_BlackLegion	2.00	123	110	122	106
Execution_BlackLegion	3.00	0	0	0	0
Explosion Fenrisian Monstrosities	0.15	0	0	0	0
Explosion Fenrisian Monstrosities	0.30	1	0	1	0
Explosion Fenrisian Monstrosities	0.50	2	1	7	1
Explosion Fenrisian Monstrosities	0.75	20	4	26	5
Explosion Fenrisian Monstrosities	1.00	47	9	58	12
Explosion Fenrisian Monstrosities	1.50	165	51	163	59
Explosion Fenrisian Monstrosities	2.00	269	80	271	89
Explosion Fenrisian Monstrosities	3.00	852	482	764	455
Explosion Fenrisian Monstrosities Extra Damage	0.15	1411	1200	1406	995
Explosion Fenrisian Monstrosities Extra Damage	0.30	1374	1122	1366	945
Explosion Fenrisian Monstrosities Extra Damage	0.50	1265	1010	1253	855
Explosion Fenrisian Monstrosities Extra Damage	0.75	1207	963	1197	817
Explosion Fenrisian Monstrosities Extra Damage	1.00	1201	960	1193	815
Explosion Fenrisian Monstrosities Extra Damage	1.50	1196	956	1188	812
Explosion Fenrisian Monstrosities Extra Damage	2.00	1203	966	1197	820
Explosion Fenrisian Monstrosities Extra Damage	3.00	1339	916	1317	775
Explosion Hand UI	0.15	466	367	462	275
Explosion Hand UI	0.30	665	417	643	343
Explosion Hand UI	0.50	440	201	412	151
Explosion Hand UI	0.75	546	225	528	169
Explosion Hand UI	1.00	497	137	484	120
Explosion Hand UI	1.50	0	0	0	0
Explosion Hand UI	2.00	0	0	0	0
Explosion Hand UI	3.00	0	0	0	0
Explosion Hand UI 0,5s delay	0.15	0	0	0	0
Explosion Hand UI 0,5s delay	0.30	0	0	0	0
Explosion Hand UI 0,5s delay	0.50	0	0	0	0
Explosion Hand UI 0,5s delay	0.75	200	104	222	92
Explosion Hand UI 0,5s delay	1.00	205	56	200	53
Explosion Hand UI 0,5s delay	1.50	342	103	317	75
Explosion Hand UI 0,5s delay	2.00	5	4	5	4
Explosion Hand UI 0,5s delay	3.00	1	0	1	0
Explosion Hive Fleet Arrival Explosions only	0.15	282	198	284	201
Explosion Hive Fleet Arrival Explosions only	0.30	368	241	375	240
Explosion Hive Fleet Arrival Explosions only	0.50	474	286	489	278
Explosion Hive Fleet Arrival Explosions only	0.75	589	330	592	318
Explosion Hive Fleet Arrival Explosions only	1.00	677	354	684	346
Explosion Hive Fleet Arrival Explosions only	1.50	814	373	826	372
Explosion Hive Fleet Arrival Explosions only	2.00	854	326	850	336
Explosion Hive Fleet Arrival Explosions only	3.00	238	162	261	175
Explosion Hive Fleet Arrival Tendrils	0.15	347	193	338	174
Explosion Hive Fleet Arrival Tendrils	0.30	464	251	455	225
Explosion Hive Fleet Arrival Tendrils	0.50	553	283	571	255
Explosion Hive Fleet Arrival Tendrils	0.75	653	293	660	266
Explosion Hive Fleet Arrival Tendrils	1.00	742	300	751	281
Explosion Hive Fleet Arrival Tendrils	1.50	825	299	840	285
Explosion Hive Fleet Arrival Tendrils	2.00	786	239	796	238
Explosion Hive Fleet Arrival Tendrils	3.00	103	37	134	42
Explosion Hive Fleet Arrival Tendrils OLD	0.15	742	659	747	658
Explosion Hive Fleet Arrival Tendrils OLD	0.30	766	670	780	665
Explosion Hive Fleet Arrival Tendrils OLD	0.50	795	679	820	671
Explosion Hive Fleet Arrival Tendrils OLD	0.75	832	685	857	675
Explosion Hive Fleet Arrival Tendrils OLD	1.00	877	698	886	687
Explosion Hive Fleet Arrival Tendrils OLD	1.50	943	701	961	693
Explosion Hive Fleet Arrival Tendrils OLD	2.00	977	693	998	690
Explosion Hive Fleet Arrival Tendrils OLD	3.00	724	638	755	648
Explosion_BombQuick	0.15	0	0	0	0
Explosion_BombQuick	0.30	0	0	0	0
Explosion_BombQuick	0.50	0	0	0	0
Explosion_BombQuick	0.75	0	0	0	0
Explosion_BombQuick	1.00	0	0	0	0
Explosion_BombQuick	1.50	0	0	0	0
Explosion_BombQuick	2.00	0	0	0	0
Explosion_BombQuick	3.00	0	0	0	0
Explosion_BombQuick_triple	0.15	0	0	0	0
Explosion_BombQuick_triple	0.30	0	0	0	0
Explosion_BombQuick_triple	0.50	0	0	0	0
Explosion_BombQuick_triple	0.75	0	0	0	0
Explosion_BombQuick_triple	1.00	0	0	0	0
Explosion_BombQuick_triple	1.50	0	0	0	0
Explosion_BombQuick_triple	2.00	0	0	0	0
Explosion_BombQuick_triple	3.00	0	0	0	0
Explosion_ConcealedExplosives	0.15	0	0	0	0
Explosion_ConcealedExplosives	0.30	0	0	0	0
Explosion_ConcealedExplosives	0.50	0	0	0	0
Explosion_ConcealedExplosives	0.75	0	0	0	0
Explosion_ConcealedExplosives	1.00	0	0	0	0
Explosion_ConcealedExplosives	1.50	0	0	0	0
Explosion_ConcealedExplosives	2.00	0	0	0	0
Explosion_ConcealedExplosives	3.00	0	0	0	0
Explosion_Debris	0.15	263	273	255	204
Explosion_Debris	0.30	398	289	388	227
Explosion_Debris	0.50	505	184	504	170
Explosion_Debris	0.75	568	207	554	192
Explosion_Debris	1.00	567	200	570	185
Explosion_Debris	1.50	30	4	13	3
Explosion_Debris	2.00	0	0	0	0
Explosion_Debris	3.00	0	0	0	0
Explosion_Debris_UI	0.15	338	431	338	344
Explosion_Debris_UI	0.30	464	458	457	393
Explosion_Debris_UI	0.50	607	289	593	290
Explosion_Debris_UI	0.75	680	245	676	233
Explosion_Debris_UI	1.00	679	251	666	224
Explosion_Debris_UI	1.50	64	8	25	3
Explosion_Debris_UI	2.00	0	0	0	0
Explosion_Debris_UI	3.00	0	0	0	0
Explosion_gauss	0.15	125	53	123	52
Explosion_gauss	0.30	226	94	232	98
Explosion_gauss	0.50	386	197	378	185
Explosion_gauss	0.75	755	415	750	381
Explosion_gauss	1.00	963	401	937	389
Explosion_gauss	1.50	143	34	151	41
Explosion_gauss	2.00	3	1	3	1
Explosion_gauss	3.00	0	0	0	0
Explosion_gauss_yellow	0.15	265	137	262	116
Explosion_gauss_yellow	0.30	711	426	709	346
Explosion_gauss_yellow	0.50	2159	1167	2134	989
Explosion_gauss_yellow	0.75	1651	951	1660	783
Explosion_gauss_yellow	1.00	2574	1090	2526	997
Explosion_gauss_yellow	1.50	6	0	39	4
Explosion_gauss_yellow	2.00	0	0	0	0
Explosion_gauss_yellow	3.00	0	0	0	0
Explosion_Ground	0.15	99	121	100	93
Explosion_Ground	0.30	267	348	264	256
Explosion_Ground	0.50	538	661	528	484
Explosion_Ground	0.75	681	552	674	443
Explosion_Ground	1.00	732	442	738	388
Explosion_Ground	1.50	573	313	611	301
Explosion_Ground	2.00	0	0	0	0
Explosion_Ground	3.00	0	0	0	0
Explosion_GroundBreak	0.15	13	9	13	8
Explosion_GroundBreak	0.30	16	12	16	10
Explosion_GroundBreak	0.50	13	9	13	8
Explosion_GroundBreak	0.75	6	5	6	4
Explosion_GroundBreak	1.00	6	5	6	4
Explosion_GroundBreak	1.50	6	5	6	4
Explosion_GroundBreak	2.00	0	0	0	0
Explosion_GroundBreak	3.00	0	0	0	0
Explosion_Possession	0.15	8	1	15	2
Explosion_Possession	0.30	50	7	64	8
Explosion_Possession	0.50	159	28	181	31
Explosion_Possession	0.75	392	107	392	107
Explosion_Possession	1.00	635	209	634	204
Explosion_Possession	1.50	771	304	763	286
Explosion_Possession	2.00	1568	513	1585	511
Explosion_Possession	3.00	3	1	10	2
Explosion_Short	0.15	3382	5657	3382	4521
Explosion_Short	0.30	4857	7906	4857	6507
Explosion_Short	0.50	0	0	0	0
Explosion_Short	0.75	0	0	0	0
Explosion_Short	1.00	0	0	0	0
Explosion_Short	1.50	0	0	0	0
Explosion_Short	2.00	0	0	0	0
Explosion_Short	3.00	0	0	0	0
Factory Overdrive Damage	0.15	66	35	66	33
Factory Overdrive Damage	0.30	139	48	118	46
Factory Overdrive Damage	0.50	56	20	54	20
Factory Overdrive Damage	0.75	28	7	25	8
Factory Overdrive Damage	1.00	0	0	0	0
Factory Overdrive Damage	1.50	0	0	0	0
Factory Overdrive Damage	2.00	0	0	0	0
Factory Overdrive Damage	3.00	0	0	0	0
Faith UI Gain	0.15	1638	723	1572	677
Faith UI Gain	0.30	1528	950	1486	805
Faith UI Gain	0.50	1405	570	1373	555
Faith UI Gain	0.75	1335	1083	1343	867
Faith UI Gain	1.00	1434	976	1404	803
Faith UI Gain	1.50	229	86	233	88
Faith UI Gain	2.00	0	0	0	0
Faith UI Gain	3.00	0	0	0	0
Faith UI Trigger	0.15	1695	1093	1606	928
Faith UI Trigger	0.30	2058	1419	2024	1134
Faith UI Trigger	0.50	2210	1711	2188	1337
Faith UI Trigger	0.75	1841	1405	1870	1114
Faith UI Trigger	1.00	1045	590	1023	484
Faith UI Trigger	1.50	0	0	0	0
Faith UI Trigger	2.00	0	0	0	0
Faith UI Trigger	3.00	0	0	0	0
Faith_trigger_unit	0.15	158	65	156	62
Faith_trigger_unit	0.30	158	67	154	64
Faith_trigger_unit	0.50	158	70	152	65
Faith_trigger_unit	0.75	428	235	410	201
Faith_trigger_unit	1.00	518	250	477	214
Faith_trigger_unit	1.50	685	243	640	221
Faith_trigger_unit	2.00	641	172	568	166
Faith_trigger_unit	3.00	0	0	0	0
FastEffect	0.15	161	82	152	69
FastEffect	0.30	166	106	164	86
FastEffect	0.50	183	111	183	95
FastEffect	0.75	221	110	211	102
FastEffect	1.00	238	120	248	111
FastEffect	1.50	363	198	393	188
FastEffect	2.00	61	16	80	22
FastEffect	3.00	0	0	0	0
FeedingFrenzy	0.15	120	98	119	79
FeedingFrenzy	0.30	88	41	79	35
FeedingFrenzy	0.50	128	61	130	50
FeedingFrenzy	0.75	97	54	93	47
FeedingFrenzy	1.00	81	27	70	18
FeedingFrenzy	1.50	170	77	167	55
FeedingFrenzy	2.00	34	10	29	11
FeedingFrenzy	3.00	0	0	0	0
Ferocity_RecallToDeck	0.15	274	105	275	105
Ferocity_RecallToDeck	0.30	302	137	301	127
Ferocity_RecallToDeck	0.50	318	164	330	152
Ferocity_RecallToDeck	0.75	309	146	330	137
Ferocity_RecallToDeck	1.00	645	745	660	551
Ferocity_RecallToDeck	1.50	238	98	266	93
Ferocity_RecallToDeck	2.00	35	8	61	11
Ferocity_RecallToDeck	3.00	0	0	0	0
FerocityEffect	0.15	0	0	0	0
FerocityEffect	0.30	580	328	554	274
FerocityEffect	0.50	1204	810	1165	668
FerocityEffect	0.75	1440	1291	1408	996
FerocityEffect	1.00	1547	1150	1494	931
FerocityEffect	1.50	891	188	810	209
FerocityEffect	2.00	0	0	0	0
FerocityEffect	3.00	0	0	0	0
Fire_Board	0.15	0	0	0	0
Fire_Board	0.30	0	0	0	0
Fire_Board	0.50	0	0	0	0
Fire_Board	0.75	11	8	11	8
Fire_Board	1.00	11	7	11	7
Fire_Board	1.50	40	18	40	17
Fire_Board	2.00	40	13	40	11
Fire_Board	3.00	11	3	11	3
FlameBurst_Sororitas	0.15	1303	1752	1290	1320
FlameBurst_Sororitas	0.30	2125	1814	2084	1470
FlameBurst_Sororitas	0.50	2378	1279	2329	1123
FlameBurst_Sororitas	0.75	947	285	890	237
FlameBurst_Sororitas	1.00	311	209	251	140
FlameBurst_Sororitas	1.50	28	18	24	16
FlameBurst_Sororitas	2.00	0	0	0	0
FlameBurst_Sororitas	3.00	0	0	0	0
FlamethrowerBurna	0.15	0	0	0	0
FlamethrowerBurna	0.30	0	0	0	0
FlamethrowerBurna	0.50	0	0	0	0
FlamethrowerBurna	0.75	14	5	11	2
FlamethrowerBurna	1.00	20	8	18	5
FlamethrowerBurna	1.50	51	22	52	19
FlamethrowerBurna	2.00	53	23	51	19
FlamethrowerBurna	3.00	3	0	0	0
FlamethrowerSingleAttack_1	0.15	1	0	1	0
FlamethrowerSingleAttack_1	0.30	7	5	6	4
FlamethrowerSingleAttack_1	0.50	19	11	20	10
FlamethrowerSingleAttack_1	0.75	37	19	35	18
FlamethrowerSingleAttack_1	1.00	51	20	52	19
FlamethrowerSingleAttack_1	1.50	50	20	49	18
FlamethrowerSingleAttack_1	2.00	23	6	22	5
FlamethrowerSingleAttack_1	3.00	0	0	0	0
FlamethrowerSingleAttack_2	0.15	0	0	0	0
FlamethrowerSingleAttack_2	0.30	4	4	4	3
FlamethrowerSingleAttack_2	0.50	12	7	13	6
FlamethrowerSingleAttack_2	0.75	24	14	23	13
FlamethrowerSingleAttack_2	1.00	37	17	38	17
FlamethrowerSingleAttack_2	1.50	36	14	34	14
FlamethrowerSingleAttack_2	2.00	0	0	0	0
FlamethrowerSingleAttack_2	3.00	0	0	0	0
FlamethrowerSweepAttack_1	0.15	3	1	3	1
FlamethrowerSweepAttack_1	0.30	20	11	20	6
FlamethrowerSweepAttack_1	0.50	47	26	47	17
FlamethrowerSweepAttack_1	0.75	95	61	92	45
FlamethrowerSweepAttack_1	1.00	142	100	142	80
FlamethrowerSweepAttack_1	1.50	224	165	229	145
FlamethrowerSweepAttack_1	2.00	382	246	386	232
FlamethrowerSweepAttack_1	3.00	359	234	363	254
FlamethrowerSweepAttack_sororitas	0.15	66	29	65	28
FlamethrowerSweepAttack_sororitas	0.30	148	115	145	95
FlamethrowerSweepAttack_sororitas	0.50	229	188	227	157
FlamethrowerSweepAttack_sororitas	0.75	271	184	270	156
FlamethrowerSweepAttack_sororitas	1.00	294	190	298	162
FlamethrowerSweepAttack_sororitas	1.50	337	215	342	180
FlamethrowerSweepAttack_sororitas	2.00	378	281	383	237
FlamethrowerSweepAttack_sororitas	3.00	271	117	278	109
FlankEffect	0.15	0	0	0	0
FlankEffect	0.30	651	279	591	254
FlankEffect	0.50	1021	693	964	588
FlankEffect	0.75	1185	922	1140	732
FlankEffect	1.00	1014	730	988	620
FlankEffect	1.50	0	0	0	0
FlankEffect	2.00	0	0	0	0
FlankEffect	3.00	0	0	0	0
Flayed One Summon	0.15	126	19	140	25
Flayed One Summon	0.30	406	147	387	135
Flayed One Summon	0.50	715	297	785	270
Flayed One Summon	0.75	1008	409	1093	388
Flayed One Summon	1.00	1184	468	1252	433
Flayed One Summon	1.50	1020	494	1068	468
Flayed One Summon	2.00	725	212	773	205
Flayed One Summon	3.00	0	0	0	0
FlyingEffect	0.15	530	241	517	239
FlyingEffect	0.30	527	329	533	302
FlyingEffect	0.50	545	334	541	307
FlyingEffect	0.75	519	224	494	226
FlyingEffect	1.00	142	52	152	59
FlyingEffect	1.50	116	54	121	57
FlyingEffect	2.00	93	35	100	40
FlyingEffect	3.00	109	41	118	45
Forewarned_Board	0.15	0	0	0	0
Forewarned_Board	0.30	0	0	0	0
Forewarned_Board	0.50	0	0	0	0
Forewarned_Board	0.75	3	2	3	2
Forewarned_Board	1.00	15	6	15	6
Forewarned_Board	1.50	67	24	67	25
Forewarned_Board	2.00	38	10	36	11
Forewarned_Board	3.00	0	0	0	0
FrenziedEffect	0.15	556	522	553	428
FrenziedEffect	0.30	540	511	544	420
FrenziedEffect	0.50	867	614	881	531
FrenziedEffect	0.75	1237	635	1208	544
FrenziedEffect	1.00	0	0	0	0
FrenziedEffect	1.50	0	0	0	0
FrenziedEffect	2.00	0	0	0	0
FrenziedEffect	3.00	0	0	0	0
Gain_Sentry	0.15	350	346	359	269
Gain_Sentry	0.30	424	536	418	393
Gain_Sentry	0.50	351	241	344	211
Gain_Sentry	0.75	354	203	329	184
Gain_Sentry	1.00	104	45	107	45
Gain_Sentry	1.50	0	0	0	0
Gain_Sentry	2.00	0	0	0	0
Gain_Sentry	3.00	0	0	0	0
GainShuriken	0.15	940	666	943	538
GainShuriken	0.30	1315	742	1298	636
GainShuriken	0.50	1785	880	1719	772
GainShuriken	0.75	2418	830	2373	819
GainShuriken	1.00	1660	473	1693	514
GainShuriken	1.50	1343	359	1413	404
GainShuriken	2.00	0	0	0	0
GainShuriken	3.00	0	0	0	0
GatlingSweep	0.15	0	0	0	0
GatlingSweep	0.30	0	0	0	0
GatlingSweep	0.50	0	0	0	0
GatlingSweep	0.75	7	1	21	2
GatlingSweep	1.00	24	8	43	11
GatlingSweep	1.50	9	3	15	4
GatlingSweep	2.00	0	0	0	0
GatlingSweep	3.00	0	0	0	0
Generic Tap Material	0.15	92	38	101	47
Generic Tap Material	0.30	141	57	151	70
Generic Tap Material	0.50	194	71	217	90
Generic Tap Material	0.75	150	36	176	50
Generic Tap Material	1.00	18	12	18	13
Generic Tap Material	1.50	21	10	20	11
Generic Tap Material	2.00	0	0	0	0
Generic Tap Material	3.00	0	0	0	0
Godspear Warhead Full	0.15	0	0	0	0
Godspear Warhead Full	0.30	0	0	0	0
Godspear Warhead Full	0.50	0	0	0	0
Godspear Warhead Full	0.75	0	0	0	0
Godspear Warhead Full	1.00	0	0	0	0
Godspear Warhead Full	1.50	0	0	0	0
Godspear Warhead Full	2.00	0	0	0	0
Godspear Warhead Full	3.00	24	4	31	11
Goff_GreatestWarboss	0.15	13	5	13	7
Goff_GreatestWarboss	0.30	172	68	164	79
Goff_GreatestWarboss	0.50	473	193	438	210
Goff_GreatestWarboss	0.75	900	430	845	443
Goff_GreatestWarboss	1.00	1175	665	1083	647
Goff_GreatestWarboss	1.50	1516	981	1427	895
Goff_GreatestWarboss	2.00	1590	1055	1501	951
Goff_GreatestWarboss	3.00	1350	646	1228	642
Goff_ProperKilly	0.15	67	45	68	46
Goff_ProperKilly	0.30	65	47	66	47
Goff_ProperKilly	0.50	73	52	75	53
Goff_ProperKilly	0.75	506	582	492	430
Goff_ProperKilly	1.00	2099	1705	2092	1345
Goff_ProperKilly	1.50	2757	1798	2687	1539
Goff_ProperKilly	2.00	146	41	145	44
Goff_ProperKilly	3.00	0	0	0	0
Goff_ProphetOfDaWaaagh	0.15	13	6	12	7
Goff_ProphetOfDaWaaagh	0.30	148	58	136	67
Goff_ProphetOfDaWaaagh	0.50	454	184	416	200
Goff_ProphetOfDaWaaagh	0.75	820	398	767	408
Goff_ProphetOfDaWaaagh	1.00	1052	603	972	584
Goff_ProphetOfDaWaaagh	1.50	1343	882	1281	808
Goff_ProphetOfDaWaaagh	2.00	1427	947	1347	855
Goff_ProphetOfDaWaaagh	3.00	1254	618	1139	615
Goff_Rok_Invasion	0.15	809	66	4	0
Goff_Rok_Invasion	0.30	916	144	1690	156
Goff_Rok_Invasion	0.50	1554	217	1796	218
Goff_Rok_Invasion	0.75	1670	272	1796	253
Goff_Rok_Invasion	1.00	1693	286	1798	263
Goff_Rok_Invasion	1.50	928	163	1780	179
Goff_Rok_Invasion	2.00	12	4	14	5
Goff_Rok_Invasion	3.00	163	128	164	125
Goff_UnbridledCarnageEffect	0.15	97	46	93	36
Goff_UnbridledCarnageEffect	0.30	123	40	113	37
Goff_UnbridledCarnageEffect	0.50	19	3	24	4
Goff_UnbridledCarnageEffect	0.75	1	0	1	0
Goff_UnbridledCarnageEffect	1.00	0	0	0	0
Goff_UnbridledCarnageEffect	1.50	0	0	0	0
Goff_UnbridledCarnageEffect	2.00	0	0	0	0
Goff_UnbridledCarnageEffect	3.00	0	0	0	0
Goff_Waaagh	0.15	106	37	101	39
Goff_Waaagh	0.30	101	36	111	40
Goff_Waaagh	0.50	156	71	174	69
Goff_Waaagh	0.75	137	72	148	65
Goff_Waaagh	1.00	117	77	128	65
Goff_Waaagh	1.50	80	41	81	38
Goff_Waaagh	2.00	19	3	20	4
Goff_Waaagh	3.00	0	0	0	0
Goff_WaaaghRed	0.15	53	24	48	21
Goff_WaaaghRed	0.30	83	38	77	34
Goff_WaaaghRed	0.50	57	24	59	22
Goff_WaaaghRed	0.75	108	48	109	48
Goff_WaaaghRed	1.00	54	17	45	15
Goff_WaaaghRed	1.50	0	0	0	0
Goff_WaaaghRed	2.00	0	0	0	0
Goff_WaaaghRed	3.00	0	0	0	0
Goff_WaaaghRed_skulls	0.15	258	179	251	137
Goff_WaaaghRed_skulls	0.30	284	163	285	129
Goff_WaaaghRed_skulls	0.50	254	105	248	85
Goff_WaaaghRed_skulls	0.75	431	172	400	145
Goff_WaaaghRed_skulls	1.00	550	213	547	187
Goff_WaaaghRed_skulls	1.50	0	0	0	0
Goff_WaaaghRed_skulls	2.00	0	0	0	0
Goff_WaaaghRed_skulls	3.00	0	0	0	0
GreenSummonCircle	0.15	117	48	110	44
GreenSummonCircle	0.30	201	82	185	74
GreenSummonCircle	0.50	286	129	264	116
GreenSummonCircle	0.75	329	161	312	145
GreenSummonCircle	1.00	328	133	300	116
GreenSummonCircle	1.50	177	43	148	41
GreenSummonCircle	2.00	163	34	134	33
GreenSummonCircle	3.00	3	1	3	1
GSC RecallToHand	0.15	173	61	170	55
GSC RecallToHand	0.30	327	110	322	95
GSC RecallToHand	0.50	418	131	424	114
GSC RecallToHand	0.75	481	143	494	124
GSC RecallToHand	1.00	429	124	438	107
GSC RecallToHand	1.50	39	9	34	6
GSC RecallToHand	2.00	0	0	0	0
GSC RecallToHand	3.00	0	0	0	0
GSC Rockfall	0.15	0	0	0	0
GSC Rockfall	0.30	0	0	0	0
GSC Rockfall	0.50	0	0	0	0
GSC Rockfall	0.75	0	0	0	0
GSC Rockfall	1.00	0	0	0	0
GSC Rockfall	1.50	0	0	0	0
GSC Rockfall	2.00	0	0	0	0
GSC Rockfall	3.00	0	0	0	0
GSC Sabotage Use	0.15	496	161	514	144
GSC Sabotage Use	0.30	460	144	470	127
GSC Sabotage Use	0.50	326	90	342	77
GSC Sabotage Use	0.75	123	35	141	31
GSC Sabotage Use	1.00	0	0	0	0
GSC Sabotage Use	1.50	0	0	0	0
GSC Sabotage Use	2.00	0	0	0	0
GSC Sabotage Use	3.00	0	0	0	0
GSC Summon	0.15	122	43	113	31
GSC Summon	0.30	305	104	296	80
GSC Summon	0.50	532	197	539	160
GSC Summon	0.75	648	245	654	228
GSC Summon	1.00	794	275	823	276
GSC Summon	1.50	740	302	777	292
GSC Summon	2.00	474	144	513	125
GSC Summon	3.00	0	0	0	0
GuardSummon	0.15	0	0	0	0
GuardSummon	0.30	0	0	0	0
GuardSummon	0.50	0	0	0	0
GuardSummon	0.75	0	0	0	0
GuardSummon	1.00	0	0	0	0
GuardSummon	1.50	0	0	0	0
GuardSummon	2.00	0	0	0	0
GuardSummon	3.00	0	0	0	0
Hammer_Slam_SW	0.15	79	31	77	32
Hammer_Slam_SW	0.30	151	62	159	64
Hammer_Slam_SW	0.50	242	88	215	90
Hammer_Slam_SW	0.75	175	63	153	63
Hammer_Slam_SW	1.00	49	17	45	17
Hammer_Slam_SW	1.50	19	8	16	9
Hammer_Slam_SW	2.00	31	12	33	11
Hammer_Slam_SW	3.00	0	0	0	0
Hammer_Throw_SW	0.15	1231	1112	1223	872
Hammer_Throw_SW	0.30	1253	1046	1254	834
Hammer_Throw_SW	0.50	1085	880	1092	714
Hammer_Throw_SW	0.75	1001	815	1004	664
Hammer_Throw_SW	1.00	996	813	998	662
Hammer_Throw_SW	1.50	997	814	998	663
Hammer_Throw_SW	2.00	909	770	915	615
Hammer_Throw_SW	3.00	909	770	915	615
Healing_Circles	0.15	15	4	14	4
Healing_Circles	0.30	57	17	49	17
Healing_Circles	0.50	92	42	91	41
Healing_Circles	0.75	151	61	159	61
Healing_Circles	1.00	195	47	196	48
Healing_Circles	1.50	39	8	43	11
Healing_Circles	2.00	0	0	0	0
Healing_Circles	3.00	0	0	0	0
Healing_Projectile	0.15	125	125	128	95
Healing_Projectile	0.30	284	187	285	152
Healing_Projectile	0.50	106	84	103	67
Healing_Projectile	0.75	99	64	98	54
Healing_Projectile	1.00	98	52	89	45
Healing_Projectile	1.50	73	29	74	27
Healing_Projectile	2.00	26	10	23	9
Healing_Projectile	3.00	1	0	0	0
Healing_Projectile_Frost	0.15	123	121	125	93
Healing_Projectile_Frost	0.30	278	184	270	152
Healing_Projectile_Frost	0.50	106	87	102	68
Healing_Projectile_Frost	0.75	99	66	96	55
Healing_Projectile_Frost	1.00	93	50	86	44
Healing_Projectile_Frost	1.50	71	32	65	29
Healing_Projectile_Frost	2.00	15	11	15	10
Healing_Projectile_Frost	3.00	3	0	2	0
Healing_Projectile_Green	0.15	124	122	126	94
Healing_Projectile_Green	0.30	271	166	269	135
Healing_Projectile_Green	0.50	105	79	103	63
Healing_Projectile_Green	0.75	95	58	95	50
Healing_Projectile_Green	1.00	95	44	87	39
Healing_Projectile_Green	1.50	69	21	68	19
Healing_Projectile_Green	2.00	23	7	22	6
Healing_Projectile_Green	3.00	0	0	0	0
Healing_Projectile_Ork	0.15	124	113	121	87
Healing_Projectile_Ork	0.30	214	117	210	98
Healing_Projectile_Ork	0.50	101	74	98	59
Healing_Projectile_Ork	0.75	88	49	85	42
Healing_Projectile_Ork	1.00	73	31	70	29
Healing_Projectile_Ork	1.50	52	18	54	18
Healing_Projectile_Ork	2.00	25	11	24	10
Healing_Projectile_Ork	3.00	0	0	0	0
HeldrakeStrike	0.15	0	0	0	0
HeldrakeStrike	0.30	0	0	0	0
HeldrakeStrike	0.50	1	0	0	0
HeldrakeStrike	0.75	7	1	8	1
HeldrakeStrike	1.00	11	2	9	1
HeldrakeStrike	1.50	10	1	6	1
HeldrakeStrike	2.00	0	0	7	1
HeldrakeStrike	3.00	13	2	9	1
Helfire Burst Target	0.15	0	0	0	0
Helfire Burst Target	0.30	0	0	0	0
Helfire Burst Target	0.50	0	0	0	0
Helfire Burst Target	0.75	385	265	364	229
Helfire Burst Target	1.00	398	296	378	249
Helfire Burst Target	1.50	70	26	63	25
Helfire Burst Target	2.00	32	10	31	11
Helfire Burst Target	3.00	1	0	0	0
Helspear_Assault_Buff	0.15	44	26	41	22
Helspear_Assault_Buff	0.30	110	54	103	49
Helspear_Assault_Buff	0.50	181	80	171	74
Helspear_Assault_Buff	0.75	196	55	178	55
Helspear_Assault_Buff	1.00	110	38	107	37
Helspear_Assault_Buff	1.50	261	189	246	163
Helspear_Assault_Buff	2.00	1	0	1	0
Helspear_Assault_Buff	3.00	0	0	0	0
HeroOfTheEmpire OLD	0.15	1016	783	1000	630
HeroOfTheEmpire OLD	0.30	1372	1239	1332	961
HeroOfTheEmpire OLD	0.50	2207	1515	2185	1237
HeroOfTheEmpire OLD	0.75	1821	799	1641	744
HeroOfTheEmpire OLD	1.00	919	410	910	400
HeroOfTheEmpire OLD	1.50	1248	443	1191	458
HeroOfTheEmpire OLD	2.00	26	7	25	8
HeroOfTheEmpire OLD	3.00	0	0	0	0
HeroRespiteEffect	0.15	307	46	426	70
HeroRespiteEffect	0.30	562	151	690	175
HeroRespiteEffect	0.50	745	308	845	311
HeroRespiteEffect	0.75	855	493	935	465
HeroRespiteEffect	1.00	1057	648	1050	597
HeroRespiteEffect	1.50	1517	838	1497	783
HeroRespiteEffect	2.00	1610	1049	1581	943
HeroRespiteEffect	3.00	2126	733	2034	818
Hexmark_Artifice_Deal1	0.15	0	0	0	0
Hexmark_Artifice_Deal1	0.30	2	1	2	1
Hexmark_Artifice_Deal1	0.50	0	0	0	0
Hexmark_Artifice_Deal1	0.75	0	0	0	0
Hexmark_Artifice_Deal1	1.00	0	0	0	0
Hexmark_Artifice_Deal1	1.50	0	0	0	0
Hexmark_Artifice_Deal1	2.00	0	0	0	0
Hexmark_Artifice_Deal1	3.00	0	0	0	0
Hive Fleet Ground Growth	0.15	516	133	464	147
Hive Fleet Ground Growth	0.30	695	211	632	218
Hive Fleet Ground Growth	0.50	721	205	670	209
Hive Fleet Ground Growth	0.75	763	190	696	187
Hive Fleet Ground Growth	1.00	680	143	599	147
Hive Fleet Ground Growth	1.50	87	10	122	17
Hive Fleet Ground Growth	2.00	0	0	0	0
Hive Fleet Ground Growth	3.00	19	2	19	1
Hunta Rig Harpoon Hand	0.15	5	1	5	1
Hunta Rig Harpoon Hand	0.30	6	1	7	1
Hunta Rig Harpoon Hand	0.50	5	1	7	1
Hunta Rig Harpoon Hand	0.75	4	1	5	1
Hunta Rig Harpoon Hand	1.00	1	0	1	0
Hunta Rig Harpoon Hand	1.50	0	0	0	0
Hunta Rig Harpoon Hand	2.00	0	0	0	0
Hunta Rig Harpoon Hand	3.00	0	0	0	0
HuntMark_DamageEffect	0.15	93	40	91	37
HuntMark_DamageEffect	0.30	111	59	112	60
HuntMark_DamageEffect	0.50	135	72	127	69
HuntMark_DamageEffect	0.75	165	124	161	102
HuntMark_DamageEffect	1.00	169	100	159	87
HuntMark_DamageEffect	1.50	140	89	135	74
HuntMark_DamageEffect	2.00	71	30	67	31
HuntMark_DamageEffect	3.00	0	0	0	0
HuntMark_EndEffect	0.15	189	102	184	96
HuntMark_EndEffect	0.30	212	153	212	131
HuntMark_EndEffect	0.50	218	173	216	142
HuntMark_EndEffect	0.75	233	165	227	139
HuntMark_EndEffect	1.00	205	129	200	114
HuntMark_EndEffect	1.50	110	52	98	55
HuntMark_EndEffect	2.00	20	6	22	8
HuntMark_EndEffect	3.00	0	0	0	0
HuntMark_IdleEffect	0.15	26	8	20	8
HuntMark_IdleEffect	0.30	38	13	40	14
HuntMark_IdleEffect	0.50	64	23	67	25
HuntMark_IdleEffect	0.75	97	43	109	46
HuntMark_IdleEffect	1.00	116	64	126	67
HuntMark_IdleEffect	1.50	150	90	147	88
HuntMark_IdleEffect	2.00	179	91	171	89
HuntMark_IdleEffect	3.00	208	102	198	98
HuntMark_StackEffect	0.15	47	30	45	26
HuntMark_StackEffect	0.30	50	35	50	30
HuntMark_StackEffect	0.50	59	29	58	27
HuntMark_StackEffect	0.75	7	1	7	2
HuntMark_StackEffect	1.00	7	1	7	2
HuntMark_StackEffect	1.50	0	0	0	0
HuntMark_StackEffect	2.00	0	0	0	0
HuntMark_StackEffect	3.00	0	0	0	0
HuntMark_StartEffect	0.15	37	13	34	11
HuntMark_StartEffect	0.30	39	23	40	23
HuntMark_StartEffect	0.50	45	22	40	21
HuntMark_StartEffect	0.75	49	24	42	22
HuntMark_StartEffect	1.00	62	51	61	41
HuntMark_StartEffect	1.50	51	34	49	30
HuntMark_StartEffect	2.00	32	19	32	17
HuntMark_StartEffect	3.00	0	0	0	0
HuntMark_User	0.15	14	2	10	2
HuntMark_User	0.30	40	14	35	13
HuntMark_User	0.50	66	18	56	21
HuntMark_User	0.75	54	16	43	17
HuntMark_User	1.00	60	18	52	19
HuntMark_User	1.50	52	15	42	16
HuntMark_User	2.00	46	15	43	18
HuntMark_User	3.00	0	0	0	0
Immortal Beam	0.15	284	182	283	154
Immortal Beam	0.30	280	175	283	148
Immortal Beam	0.50	274	163	275	139
Immortal Beam	0.75	259	128	261	115
Immortal Beam	1.00	194	65	186	64
Immortal Beam	1.50	1	0	3	0
Immortal Beam	2.00	0	0	0	0
Immortal Beam	3.00	0	0	0	0
Impact_blunt_lightning	0.15	282	124	272	114
Impact_blunt_lightning	0.30	105	29	88	21
Impact_blunt_lightning	0.50	67	15	56	9
Impact_blunt_lightning	0.75	48	5	34	3
Impact_blunt_lightning	1.00	0	0	3	0
Impact_blunt_lightning	1.50	0	0	0	0
Impact_blunt_lightning	2.00	0	0	0	0
Impact_blunt_lightning	3.00	0	0	0	0
Impact_blunt_lightning_Big	0.15	408	184	401	171
Impact_blunt_lightning_Big	0.30	105	29	88	21
Impact_blunt_lightning_Big	0.50	67	15	56	9
Impact_blunt_lightning_Big	0.75	48	5	34	3
Impact_blunt_lightning_Big	1.00	0	0	3	0
Impact_blunt_lightning_Big	1.50	0	0	0	0
Impact_blunt_lightning_Big	2.00	0	0	0	0
Impact_blunt_lightning_Big	3.00	0	0	0	0
Impact_blunt_lightning_Big_Recoil	0.15	408	184	401	171
Impact_blunt_lightning_Big_Recoil	0.30	105	29	88	21
Impact_blunt_lightning_Big_Recoil	0.50	67	15	56	9
Impact_blunt_lightning_Big_Recoil	0.75	48	5	34	3
Impact_blunt_lightning_Big_Recoil	1.00	0	0	3	0
Impact_blunt_lightning_Big_Recoil	1.50	0	0	0	0
Impact_blunt_lightning_Big_Recoil	2.00	0	0	0	0
Impact_blunt_lightning_Big_Recoil	3.00	0	0	0	0
Impact_Ground_Stomp	0.15	0	0	0	0
Impact_Ground_Stomp	0.30	504	214	500	197
Impact_Ground_Stomp	0.50	747	321	731	309
Impact_Ground_Stomp	0.75	1100	440	1061	432
Impact_Ground_Stomp	1.00	1217	457	1101	463
Impact_Ground_Stomp	1.50	535	114	596	162
Impact_Ground_Stomp	2.00	0	0	0	0
Impact_Ground_Stomp	3.00	0	0	0	0
Impact_Ground_Stomp_Big	0.15	72	15	62	18
Impact_Ground_Stomp_Big	0.30	157	70	155	65
Impact_Ground_Stomp_Big	0.50	421	170	410	161
Impact_Ground_Stomp_Big	0.75	578	220	561	218
Impact_Ground_Stomp_Big	1.00	524	155	461	167
Impact_Ground_Stomp_Big	1.50	87	16	106	24
Impact_Ground_Stomp_Big	2.00	0	0	0	0
Impact_Ground_Stomp_Big	3.00	0	0	0	0
Infernal_Gaze	0.15	821	394	853	345
Infernal_Gaze	0.30	1509	615	1665	529
Infernal_Gaze	0.50	1777	544	1815	468
Infernal_Gaze	0.75	979	374	1002	387
Infernal_Gaze	1.00	949	313	962	329
Infernal_Gaze	1.50	0	0	0	0
Infernal_Gaze	2.00	0	0	0	0
Infernal_Gaze	3.00	0	0	0	0
Infinity Circuit	0.15	0	0	0	0
Infinity Circuit	0.30	0	0	0	0
Infinity Circuit	0.50	0	0	0	0
Infinity Circuit	0.75	2	2	4	2
Infinity Circuit	1.00	6	3	6	3
Infinity Circuit	1.50	2	0	2	0
Infinity Circuit	2.00	13	4	16	4
Infinity Circuit	3.00	348	164	347	150
InspiredRetributionEffect	0.15	0	0	0	0
InspiredRetributionEffect	0.30	1145	974	1145	764
InspiredRetributionEffect	0.50	540	406	526	341
InspiredRetributionEffect	0.75	296	148	275	126
InspiredRetributionEffect	1.00	184	70	154	69
InspiredRetributionEffect	1.50	15	6	16	4
InspiredRetributionEffect	2.00	12	4	15	4
InspiredRetributionEffect	3.00	1	0	1	0
Invoke Minion Card Fade Default	0.15	0	0	0	0
Invoke Minion Card Fade Default	0.30	0	0	0	0
Invoke Minion Card Fade Default	0.50	0	0	0	0
Invoke Minion Card Fade Default	0.75	0	0	0	0
Invoke Minion Card Fade Default	1.00	0	0	0	0
Invoke Minion Card Fade Default	1.50	0	0	0	0
Invoke Minion Card Fade Default	2.00	0	0	0	0
Invoke Minion Card Fade Default	3.00	0	0	0	0
Invoke Minion Card Fade Legendary	0.15	504	205	475	189
Invoke Minion Card Fade Legendary	0.30	1205	514	1133	426
Invoke Minion Card Fade Legendary	0.50	2169	1115	2098	941
Invoke Minion Card Fade Legendary	0.75	3287	1737	3161	1459
Invoke Minion Card Fade Legendary	1.00	3412	1769	3260	1488
Invoke Minion Card Fade Legendary	1.50	1949	658	1860	625
Invoke Minion Card Fade Legendary	2.00	365	62	430	86
Invoke Minion Card Fade Legendary	3.00	0	0	0	0
Invoke Minion Hits Ground	0.15	451	262	442	243
Invoke Minion Hits Ground	0.30	610	465	597	414
Invoke Minion Hits Ground	0.50	748	475	700	437
Invoke Minion Hits Ground	0.75	377	93	451	127
Invoke Minion Hits Ground	1.00	1	1	2	1
Invoke Minion Hits Ground	1.50	0	0	0	0
Invoke Minion Hits Ground	2.00	0	0	0	0
Invoke Minion Hits Ground	3.00	0	0	0	0
Invoke Minion Hits Ground Legendary	0.15	726	298	690	293
Invoke Minion Hits Ground Legendary	0.30	920	393	885	383
Invoke Minion Hits Ground Legendary	0.50	1074	369	1006	364
Invoke Minion Hits Ground Legendary	0.75	721	153	678	157
Invoke Minion Hits Ground Legendary	1.00	155	23	101	22
Invoke Minion Hits Ground Legendary	1.50	2	1	1	1
Invoke Minion Hits Ground Legendary	2.00	0	0	0	0
Invoke Minion Hits Ground Legendary	3.00	0	0	0	0
Invoke Minion Legendary ALT	0.15	749	305	728	300
Invoke Minion Legendary ALT	0.30	973	411	927	401
Invoke Minion Legendary ALT	0.50	1127	380	1052	374
Invoke Minion Legendary ALT	0.75	753	155	713	159
Invoke Minion Legendary ALT	1.00	168	27	119	26
Invoke Minion Legendary ALT	1.50	2	0	2	0
Invoke Minion Legendary ALT	2.00	0	0	0	0
Invoke Minion Legendary ALT	3.00	0	0	0	0
InvulnerableEffect	0.15	478	362	472	308
InvulnerableEffect	0.30	528	480	520	385
InvulnerableEffect	0.50	543	509	541	405
InvulnerableEffect	0.75	542	500	538	398
InvulnerableEffect	1.00	509	434	507	354
InvulnerableEffect	1.50	364	202	356	188
InvulnerableEffect	2.00	99	72	99	61
InvulnerableEffect	3.00	66	47	65	40
InvulnerableEffectDark	0.15	450	124	453	120
InvulnerableEffectDark	0.30	545	213	547	225
InvulnerableEffectDark	0.50	560	237	568	257
InvulnerableEffectDark	0.75	552	247	556	238
InvulnerableEffectDark	1.00	501	200	497	181
InvulnerableEffectDark	1.50	269	101	266	84
InvulnerableEffectDark	2.00	148	75	142	63
InvulnerableEffectDark	3.00	102	31	101	29
InvulnerableEffectGSC	0.15	190	113	180	103
InvulnerableEffectGSC	0.30	210	149	216	130
InvulnerableEffectGSC	0.50	216	159	222	137
InvulnerableEffectGSC	0.75	215	161	218	137
InvulnerableEffectGSC	1.00	202	142	195	122
InvulnerableEffectGSC	1.50	140	71	138	68
InvulnerableEffectGSC	2.00	58	34	57	30
InvulnerableEffectGSC	3.00	44	24	42	21
InvulnerableEffectGuard	0.15	231	207	225	166
InvulnerableEffectGuard	0.30	233	207	230	167
InvulnerableEffectGuard	0.50	229	191	230	157
InvulnerableEffectGuard	0.75	206	150	199	128
InvulnerableEffectGuard	1.00	53	35	52	29
InvulnerableEffectGuard	1.50	59	42	56	35
InvulnerableEffectGuard	2.00	60	45	57	37
InvulnerableEffectGuard	3.00	42	27	43	24
InvulnerableEffectSW	0.15	544	514	543	409
InvulnerableEffectSW	0.30	539	497	537	398
InvulnerableEffectSW	0.50	540	479	536	388
InvulnerableEffectSW	0.75	526	441	516	361
InvulnerableEffectSW	1.00	491	363	481	308
InvulnerableEffectSW	1.50	324	161	327	156
InvulnerableEffectSW	2.00	99	67	97	57
InvulnerableEffectSW	3.00	66	47	65	39
InvulnerableEffectTau	0.15	197	119	190	108
InvulnerableEffectTau	0.30	216	158	221	136
InvulnerableEffectTau	0.50	227	169	225	143
InvulnerableEffectTau	0.75	218	169	223	143
InvulnerableEffectTau	1.00	205	148	205	127
InvulnerableEffectTau	1.50	147	73	142	69
InvulnerableEffectTau	2.00	58	33	58	29
InvulnerableEffectTau	3.00	43	22	44	21
InvulnerableEffectTyranid	0.15	197	120	185	108
InvulnerableEffectTyranid	0.30	214	160	219	137
InvulnerableEffectTyranid	0.50	227	172	223	145
InvulnerableEffectTyranid	0.75	218	174	222	146
InvulnerableEffectTyranid	1.00	203	156	205	132
InvulnerableEffectTyranid	1.50	149	86	143	78
InvulnerableEffectTyranid	2.00	64	51	62	42
InvulnerableEffectTyranid	3.00	50	42	48	33
Jammed Communications damage	0.15	216	174	209	139
Jammed Communications damage	0.30	266	182	246	154
Jammed Communications damage	0.50	257	99	278	102
Jammed Communications damage	0.75	222	76	218	80
Jammed Communications damage	1.00	196	47	181	55
Jammed Communications damage	1.50	0	0	0	0
Jammed Communications damage	2.00	0	0	0	0
Jammed Communications damage	3.00	0	0	0	0
KhaineBuff	0.15	704	460	683	411
KhaineBuff	0.30	634	414	609	370
KhaineBuff	0.50	491	288	476	267
KhaineBuff	0.75	250	115	243	117
KhaineBuff	1.00	0	0	0	0
KhaineBuff	1.50	0	0	0	0
KhaineBuff	2.00	0	0	0	0
KhaineBuff	3.00	0	0	0	0
Kroot_Summon_quick	0.15	511	245	505	223
Kroot_Summon_quick	0.30	420	152	405	141
Kroot_Summon_quick	0.50	434	121	391	127
Kroot_Summon_quick	0.75	275	109	278	119
Kroot_Summon_quick	1.00	333	87	314	93
Kroot_Summon_quick	1.50	18	4	18	5
Kroot_Summon_quick	2.00	0	0	0	0
Kroot_Summon_quick	3.00	0	0	0	0
Laser_Red	0.15	3	1	2	0
Laser_Red	0.30	3	1	2	0
Laser_Red	0.50	3	1	2	0
Laser_Red	0.75	3	1	2	0
Laser_Red	1.00	0	0	0	0
Laser_Red	1.50	0	0	0	0
Laser_Red	2.00	0	0	0	0
Laser_Red	3.00	0	0	0	0
Lasrifle Offscreen Target	0.15	0	0	0	0
Lasrifle Offscreen Target	0.30	0	0	0	0
Lasrifle Offscreen Target	0.50	0	0	0	0
Lasrifle Offscreen Target	0.75	0	0	0	0
Lasrifle Offscreen Target	1.00	0	0	0	0
Lasrifle Offscreen Target	1.50	0	0	0	0
Lasrifle Offscreen Target	2.00	0	0	0	0
Lasrifle Offscreen Target	3.00	0	0	0	0
Lasrifle_3shots	0.15	0	0	0	0
Lasrifle_3shots	0.30	2	0	1	0
Lasrifle_3shots	0.50	2	1	2	1
Lasrifle_3shots	0.75	2	1	2	1
Lasrifle_3shots	1.00	1	1	1	1
Lasrifle_3shots	1.50	0	0	0	0
Lasrifle_3shots	2.00	0	0	0	0
Lasrifle_3shots	3.00	0	0	0	0
Lasrifle_auto	0.15	0	0	0	0
Lasrifle_auto	0.30	4	3	3	2
Lasrifle_auto	0.50	4	3	4	2
Lasrifle_auto	0.75	4	2	4	2
Lasrifle_auto	1.00	4	3	4	2
Lasrifle_auto	1.50	0	0	0	0
Lasrifle_auto	2.00	0	0	0	0
Lasrifle_auto	3.00	0	0	0	0
Lasrifle_auto OLD	0.15	0	0	0	0
Lasrifle_auto OLD	0.30	2	1	2	1
Lasrifle_auto OLD	0.50	2	1	2	1
Lasrifle_auto OLD	0.75	2	1	2	1
Lasrifle_auto OLD	1.00	2	1	2	1
Lasrifle_auto OLD	1.50	1	0	1	0
Lasrifle_auto OLD	2.00	0	0	0	0
Lasrifle_auto OLD	3.00	0	0	0	0
Lasrifle_basic	0.15	2	1	1	1
Lasrifle_basic	0.30	3	1	1	1
Lasrifle_basic	0.50	0	0	0	0
Lasrifle_basic	0.75	0	0	0	0
Lasrifle_basic	1.00	0	0	0	0
Lasrifle_basic	1.50	0	0	0	0
Lasrifle_basic	2.00	0	0	0	0
Lasrifle_basic	3.00	0	0	0	0
Lasrifle_basic OLD	0.15	0	0	0	0
Lasrifle_basic OLD	0.30	2	1	1	1
Lasrifle_basic OLD	0.50	1	0	1	0
Lasrifle_basic OLD	0.75	0	0	0	0
Lasrifle_basic OLD	1.00	0	0	0	0
Lasrifle_basic OLD	1.50	0	0	0	0
Lasrifle_basic OLD	2.00	0	0	0	0
Lasrifle_basic OLD	3.00	0	0	0	0
Lasrifle_hellpistol	0.15	2	0	1	0
Lasrifle_hellpistol	0.30	2	1	2	1
Lasrifle_hellpistol	0.50	2	0	1	0
Lasrifle_hellpistol	0.75	0	0	1	0
Lasrifle_hellpistol	1.00	0	0	0	0
Lasrifle_hellpistol	1.50	0	0	0	0
Lasrifle_hellpistol	2.00	0	0	0	0
Lasrifle_hellpistol	3.00	0	0	0	0
Lasrifle_Hotshot_2shots	0.15	2	1	1	1
Lasrifle_Hotshot_2shots	0.30	4	1	2	1
Lasrifle_Hotshot_2shots	0.50	4	3	4	3
Lasrifle_Hotshot_2shots	0.75	8	2	7	2
Lasrifle_Hotshot_2shots	1.00	0	0	0	0
Lasrifle_Hotshot_2shots	1.50	0	0	0	0
Lasrifle_Hotshot_2shots	2.00	0	0	0	0
Lasrifle_Hotshot_2shots	3.00	0	0	0	0
Lasrifle_Hotshot_3shots	0.15	2	1	1	1
Lasrifle_Hotshot_3shots	0.30	4	1	2	1
Lasrifle_Hotshot_3shots	0.50	4	3	4	3
Lasrifle_Hotshot_3shots	0.75	8	2	8	3
Lasrifle_Hotshot_3shots	1.00	7	3	6	3
Lasrifle_Hotshot_3shots	1.50	0	0	0	0
Lasrifle_Hotshot_3shots	2.00	0	0	0	0
Lasrifle_Hotshot_3shots	3.00	0	0	0	0
Lasrifle_Hotshot_auto_burst	0.15	1	0	0	0
Lasrifle_Hotshot_auto_burst	0.30	4	2	4	2
Lasrifle_Hotshot_auto_burst	0.50	4	3	4	2
Lasrifle_Hotshot_auto_burst	0.75	6	3	6	3
Lasrifle_Hotshot_auto_burst	1.00	6	3	6	3
Lasrifle_Hotshot_auto_burst	1.50	0	0	0	0
Lasrifle_Hotshot_auto_burst	2.00	0	0	0	0
Lasrifle_Hotshot_auto_burst	3.00	0	0	0	0
Lasrifle_Hotshot_basic	0.15	2	1	1	1
Lasrifle_Hotshot_basic	0.30	4	1	2	1
Lasrifle_Hotshot_basic	0.50	0	0	0	0
Lasrifle_Hotshot_basic	0.75	0	0	0	0
Lasrifle_Hotshot_basic	1.00	0	0	0	0
Lasrifle_Hotshot_basic	1.50	0	0	0	0
Lasrifle_Hotshot_basic	2.00	0	0	0	0
Lasrifle_Hotshot_basic	3.00	0	0	0	0
Lasrifle_Hotshot_pistol	0.15	2	1	1	1
Lasrifle_Hotshot_pistol	0.30	3	1	1	1
Lasrifle_Hotshot_pistol	0.50	2	1	1	1
Lasrifle_Hotshot_pistol	0.75	1	0	1	0
Lasrifle_Hotshot_pistol	1.00	3	1	2	1
Lasrifle_Hotshot_pistol	1.50	0	0	0	0
Lasrifle_Hotshot_pistol	2.00	0	0	0	0
Lasrifle_Hotshot_pistol	3.00	0	0	0	0
Lasrifle_laspistol	0.15	0	0	0	0
Lasrifle_laspistol	0.30	3	2	2	2
Lasrifle_laspistol	0.50	0	0	0	0
Lasrifle_laspistol	0.75	2	1	1	1
Lasrifle_laspistol	1.00	2	1	1	1
Lasrifle_laspistol	1.50	0	0	0	0
Lasrifle_laspistol	2.00	0	0	0	0
Lasrifle_laspistol	3.00	0	0	0	0
Lasrifle_laspistol OLD	0.15	2	0	1	0
Lasrifle_laspistol OLD	0.30	2	1	2	1
Lasrifle_laspistol OLD	0.50	2	0	1	0
Lasrifle_laspistol OLD	0.75	0	0	1	0
Lasrifle_laspistol OLD	1.00	0	0	0	0
Lasrifle_laspistol OLD	1.50	0	0	0	0
Lasrifle_laspistol OLD	2.00	0	0	0	0
Lasrifle_laspistol OLD	3.00	0	0	0	0
Lasrifle_laspistol_quick	0.15	0	0	0	0
Lasrifle_laspistol_quick	0.30	4	2	2	2
Lasrifle_laspistol_quick	0.50	3	2	2	2
Lasrifle_laspistol_quick	0.75	4	2	2	2
Lasrifle_laspistol_quick	1.00	0	0	0	0
Lasrifle_laspistol_quick	1.50	0	0	0	0
Lasrifle_laspistol_quick	2.00	0	0	0	0
Lasrifle_laspistol_quick	3.00	0	0	0	0
Lasrifle_laspistol_Ursula_AA	0.15	4	3	4	2
Lasrifle_laspistol_Ursula_AA	0.30	6	5	6	4
Lasrifle_laspistol_Ursula_AA	0.50	3	2	3	2
Lasrifle_laspistol_Ursula_AA	0.75	2	2	2	2
Lasrifle_laspistol_Ursula_AA	1.00	2	1	2	1
Lasrifle_laspistol_Ursula_AA	1.50	0	0	0	0
Lasrifle_laspistol_Ursula_AA	2.00	0	0	0	0
Lasrifle_laspistol_Ursula_AA	3.00	0	0	0	0
Lasrifle_offscreen	0.15	4	5	4	4
Lasrifle_offscreen	0.30	5	4	5	3
Lasrifle_offscreen	0.50	3	6	3	5
Lasrifle_offscreen	0.75	0	0	0	0
Lasrifle_offscreen	1.00	0	0	0	0
Lasrifle_offscreen	1.50	0	0	0	0
Lasrifle_offscreen	2.00	0	0	0	0
Lasrifle_offscreen	3.00	0	0	0	0
Lasrifle_offscreen_1x	0.15	7	3	7	2
Lasrifle_offscreen_1x	0.30	3	4	3	3
Lasrifle_offscreen_1x	0.50	0	0	0	0
Lasrifle_offscreen_1x	0.75	0	0	0	0
Lasrifle_offscreen_1x	1.00	0	0	0	0
Lasrifle_offscreen_1x	1.50	0	0	0	0
Lasrifle_offscreen_1x	2.00	0	0	0	0
Lasrifle_offscreen_1x	3.00	0	0	0	0
Lasrifle_offscreen_5x	0.15	3	2	3	1
Lasrifle_offscreen_5x	0.30	1	1	1	1
Lasrifle_offscreen_5x	0.50	5	6	5	5
Lasrifle_offscreen_5x	0.75	2	1	2	1
Lasrifle_offscreen_5x	1.00	0	0	0	0
Lasrifle_offscreen_5x	1.50	0	0	0	0
Lasrifle_offscreen_5x	2.00	0	0	0	0
Lasrifle_offscreen_5x	3.00	0	0	0	0
Lightning burst webway	0.15	230	145	237	131
Lightning burst webway	0.30	443	210	425	198
Lightning burst webway	0.50	220	68	277	74
Lightning burst webway	0.75	150	51	158	49
Lightning burst webway	1.00	139	45	135	42
Lightning burst webway	1.50	168	56	166	52
Lightning burst webway	2.00	109	30	98	26
Lightning burst webway	3.00	23	5	24	5
Lightning_Green	0.15	276	138	275	125
Lightning_Green	0.30	335	189	327	167
Lightning_Green	0.50	405	229	392	201
Lightning_Green	0.75	421	226	392	202
Lightning_Green	1.00	374	199	365	176
Lightning_Green	1.50	367	182	371	166
Lightning_Green	2.00	4425	7259	4428	6171
Lightning_Green	3.00	367	215	361	185
LongRange_GainTrait	0.15	840	494	818	472
LongRange_GainTrait	0.30	756	446	739	426
LongRange_GainTrait	0.50	574	314	559	308
LongRange_GainTrait	0.75	306	153	306	155
LongRange_GainTrait	1.00	87	58	85	52
LongRange_GainTrait	1.50	49	41	52	34
LongRange_GainTrait	2.00	36	21	34	19
LongRange_GainTrait	3.00	0	0	0	0
LongRange_LoseTrait	0.15	0	0	0	0
LongRange_LoseTrait	0.30	0	0	0	0
LongRange_LoseTrait	0.50	0	0	0	0
LongRange_LoseTrait	0.75	0	0	0	0
LongRange_LoseTrait	1.00	0	0	0	0
LongRange_LoseTrait	1.50	0	0	0	0
LongRange_LoseTrait	2.00	652	597	649	523
LongRange_LoseTrait	3.00	629	575	661	444
MarkerlightExpire	0.15	428	203	406	181
MarkerlightExpire	0.30	543	301	515	258
MarkerlightExpire	0.50	563	320	550	276
MarkerlightExpire	0.75	595	302	545	266
MarkerlightExpire	1.00	691	392	629	329
MarkerlightExpire	1.50	436	178	402	168
MarkerlightExpire	2.00	9	1	11	2
MarkerlightExpire	3.00	0	0	0	0
MarkerlightIdle	0.15	169	91	167	82
MarkerlightIdle	0.30	200	136	187	115
MarkerlightIdle	0.50	212	144	200	123
MarkerlightIdle	0.75	206	126	197	111
MarkerlightIdle	1.00	204	139	195	118
MarkerlightIdle	1.50	181	133	180	111
MarkerlightIdle	2.00	217	160	216	135
MarkerlightIdle	3.00	203	148	196	124
MarkerlightProcEffect	0.15	1276	333	1076	334
MarkerlightProcEffect	0.30	1484	534	1440	501
MarkerlightProcEffect	0.50	1592	654	1559	588
MarkerlightProcEffect	0.75	1587	635	1532	571
MarkerlightProcEffect	1.00	1736	962	1735	812
MarkerlightProcEffect	1.50	1582	662	1516	603
MarkerlightProcEffect	2.00	147	140	152	112
MarkerlightProcEffect	3.00	0	0	0	0
MarkerlightSource	0.15	178	93	173	85
MarkerlightSource	0.30	219	148	218	129
MarkerlightSource	0.50	294	177	293	161
MarkerlightSource	0.75	317	152	301	147
MarkerlightSource	1.00	62	27	50	22
MarkerlightSource	1.50	57	21	54	18
MarkerlightSource	2.00	0	0	0	0
MarkerlightSource	3.00	0	0	0	0
MarkerlightTriggerDamage	0.15	166	57	153	56
MarkerlightTriggerDamage	0.30	216	78	191	73
MarkerlightTriggerDamage	0.50	230	93	226	86
MarkerlightTriggerDamage	0.75	231	97	228	91
MarkerlightTriggerDamage	1.00	1675	580	1660	565
MarkerlightTriggerDamage	1.50	189	63	174	62
MarkerlightTriggerDamage	2.00	26	7	36	8
MarkerlightTriggerDamage	3.00	0	0	0	0
MarkOfKhorne_enchantment	0.15	1	0	4	0
MarkOfKhorne_enchantment	0.30	1	0	11	1
MarkOfKhorne_enchantment	0.50	4	0	17	2
MarkOfKhorne_enchantment	0.75	7	1	18	2
MarkOfKhorne_enchantment	1.00	2	0	13	1
MarkOfKhorne_enchantment	1.50	0	0	0	0
MarkOfKhorne_enchantment	2.00	0	0	1	0
MarkOfKhorne_enchantment	3.00	2	0	13	1
MarkOfNurgle_enchantment	0.15	0	0	0	0
MarkOfNurgle_enchantment	0.30	0	0	0	0
MarkOfNurgle_enchantment	0.50	0	0	0	0
MarkOfNurgle_enchantment	0.75	0	0	0	0
MarkOfNurgle_enchantment	1.00	0	0	0	0
MarkOfNurgle_enchantment	1.50	99	13	129	21
MarkOfNurgle_enchantment	2.00	387	51	482	76
MarkOfNurgle_enchantment	3.00	587	82	612	106
MarkOfSlaanesh_enchantment	0.15	0	0	0	0
MarkOfSlaanesh_enchantment	0.30	0	0	0	0
MarkOfSlaanesh_enchantment	0.50	258	84	265	92
MarkOfSlaanesh_enchantment	0.75	292	89	289	89
MarkOfSlaanesh_enchantment	1.00	464	113	373	101
MarkOfSlaanesh_enchantment	1.50	527	145	400	124
MarkOfSlaanesh_enchantment	2.00	503	154	420	146
MarkOfSlaanesh_enchantment	3.00	650	202	528	193
MarkOfTzeentch_enchantment	0.15	0	0	0	0
MarkOfTzeentch_enchantment	0.30	0	0	0	0
MarkOfTzeentch_enchantment	0.50	0	0	0	0
MarkOfTzeentch_enchantment	0.75	0	0	0	0
MarkOfTzeentch_enchantment	1.00	0	0	0	0
MarkOfTzeentch_enchantment	1.50	20	2	17	2
MarkOfTzeentch_enchantment	2.00	183	36	180	37
MarkOfTzeentch_enchantment	3.00	407	86	408	83
MasterOfExecutions	0.15	0	0	0	0
MasterOfExecutions	0.30	90	41	85	41
MasterOfExecutions	0.50	0	0	0	0
MasterOfExecutions	0.75	0	0	0	0
MasterOfExecutions	1.00	0	0	0	0
MasterOfExecutions	1.50	0	0	0	0
MasterOfExecutions	2.00	0	0	0	0
MasterOfExecutions	3.00	0	0	0	0
MegaBlasta	0.15	58	41	56	34
MegaBlasta	0.30	65	37	62	32
MegaBlasta	0.50	48	26	50	22
MegaBlasta	0.75	21	20	22	15
MegaBlasta	1.00	28	23	29	16
MegaBlasta	1.50	2	0	2	1
MegaBlasta	2.00	0	0	0	0
MegaBlasta	3.00	0	0	0	0
MegaBlasta_Small	0.15	13	5	13	4
MegaBlasta_Small	0.30	13	5	14	4
MegaBlasta_Small	0.50	9	2	5	2
MegaBlasta_Small	0.75	9	2	6	2
MegaBlasta_Small	1.00	1	0	1	0
MegaBlasta_Small	1.50	0	0	0	0
MegaBlasta_Small	2.00	0	0	0	0
MegaBlasta_Small	3.00	0	0	0	0
Meteor Angled	0.15	0	0	0	0
Meteor Angled	0.30	0	0	0	0
Meteor Angled	0.50	0	0	0	0
Meteor Angled	0.75	0	0	0	0
Meteor Angled	1.00	0	0	0	0
Meteor Angled	1.50	0	0	0	0
Meteor Angled	2.00	0	0	0	0
Meteor Angled	3.00	0	0	0	0
Mining_Laser	0.15	9	5	9	4
Mining_Laser	0.30	9	4	9	4
Mining_Laser	0.50	9	4	9	3
Mining_Laser	0.75	9	4	9	4
Mining_Laser	1.00	6	1	4	1
Mining_Laser	1.50	0	0	0	0
Mining_Laser	2.00	0	0	0	0
Mining_Laser	3.00	0	0	0	0
MobEffect	0.15	7	4	7	3
MobEffect	0.30	356	208	356	174
MobEffect	0.50	373	227	363	186
MobEffect	0.75	370	231	361	186
MobEffect	1.00	341	146	316	128
MobEffect	1.50	10	5	10	6
MobEffect	2.00	6	2	6	3
MobEffect	3.00	0	0	0	0
MoreDakkaEffect	0.15	1488	532	1514	535
MoreDakkaEffect	0.30	1767	640	1805	643
MoreDakkaEffect	0.50	1661	539	1599	560
MoreDakkaEffect	0.75	1436	327	1385	379
MoreDakkaEffect	1.00	618	92	828	145
MoreDakkaEffect	1.50	0	0	0	0
MoreDakkaEffect	2.00	0	0	0	0
MoreDakkaEffect	3.00	0	0	0	0
Necron_Regenerate	0.15	0	0	0	0
Necron_Regenerate	0.30	0	0	0	0
Necron_Regenerate	0.50	50	18	46	19
Necron_Regenerate	0.75	60	29	56	28
Necron_Regenerate	1.00	59	28	54	27
Necron_Regenerate	1.50	57	27	52	26
Necron_Regenerate	2.00	58	29	56	28
Necron_Regenerate	3.00	0	0	0	0
NecronGauss	0.15	3	1	3	1
NecronGauss	0.30	3	1	3	1
NecronGauss	0.50	3	1	3	1
NecronGauss	0.75	0	0	0	0
NecronGauss	1.00	0	0	0	0
NecronGauss	1.50	0	0	0	0
NecronGauss	2.00	0	0	0	0
NecronGauss	3.00	0	0	0	0
NecronGauss_Damaged Hexmark	0.15	0	0	0	0
NecronGauss_Damaged Hexmark	0.30	10	4	11	4
NecronGauss_Damaged Hexmark	0.50	9	2	7	1
NecronGauss_Damaged Hexmark	0.75	8	4	9	4
NecronGauss_Damaged Hexmark	1.00	7	2	6	1
NecronGauss_Damaged Hexmark	1.50	0	0	0	0
NecronGauss_Damaged Hexmark	2.00	0	0	0	0
NecronGauss_Damaged Hexmark	3.00	0	0	0	0
NecronGauss_Deathmark	0.15	0	0	0	0
NecronGauss_Deathmark	0.30	0	0	0	0
NecronGauss_Deathmark	0.50	0	0	0	0
NecronGauss_Deathmark	0.75	0	0	0	0
NecronGauss_Deathmark	1.00	0	0	0	0
NecronGauss_Deathmark	1.50	0	0	0	0
NecronGauss_Deathmark	2.00	0	0	0	0
NecronGauss_Deathmark	3.00	0	0	0	0
NecronGauss_Double	0.15	0	0	0	0
NecronGauss_Double	0.30	5	2	5	2
NecronGauss_Double	0.50	8	3	9	3
NecronGauss_Double	0.75	8	3	7	3
NecronGauss_Double	1.00	0	0	0	0
NecronGauss_Double	1.50	0	0	0	0
NecronGauss_Double	2.00	0	0	0	0
NecronGauss_Double	3.00	0	0	0	0
NecronGauss_Hexmark	0.15	0	0	0	0
NecronGauss_Hexmark	0.30	10	4	11	4
NecronGauss_Hexmark	0.50	9	2	7	1
NecronGauss_Hexmark	0.75	9	4	9	4
NecronGauss_Hexmark	1.00	7	2	6	1
NecronGauss_Hexmark	1.50	1	0	1	0
NecronGauss_Hexmark	2.00	0	0	0	0
NecronGauss_Hexmark	3.00	0	0	0	0
NecronGauss_Imotekh_AA	0.15	5	3	4	2
NecronGauss_Imotekh_AA	0.30	5	3	5	3
NecronGauss_Imotekh_AA	0.50	7	5	8	4
NecronGauss_Imotekh_AA	0.75	7	6	9	5
NecronGauss_Imotekh_AA	1.00	7	3	7	3
NecronGauss_Imotekh_AA	1.50	0	0	0	0
NecronGauss_Imotekh_AA	2.00	0	0	0	0
NecronGauss_Imotekh_AA	3.00	0	0	0	0
NecronGauss_Large	0.15	0	0	0	0
NecronGauss_Large	0.30	2	1	2	1
NecronGauss_Large	0.50	2	1	2	1
NecronGauss_Large	0.75	2	1	2	1
NecronGauss_Large	1.00	4	1	4	1
NecronGauss_Large	1.50	0	0	0	0
NecronGauss_Large	2.00	0	0	0	0
NecronGauss_Large	3.00	0	0	0	0
NecronGauss_Tesla	0.15	0	0	0	0
NecronGauss_Tesla	0.30	3	1	3	1
NecronGauss_Tesla	0.50	3	1	3	1
NecronGauss_Tesla	0.75	3	1	3	1
NecronGauss_Tesla	1.00	3	1	3	1
NecronGauss_Tesla	1.50	0	0	0	0
NecronGauss_Tesla	2.00	0	0	0	0
NecronGauss_Tesla	3.00	0	0	0	0
NecronGauss_Tesla_Annihilation Barge	0.15	0	0	0	0
NecronGauss_Tesla_Annihilation Barge	0.30	6	2	5	1
NecronGauss_Tesla_Annihilation Barge	0.50	6	2	5	2
NecronGauss_Tesla_Annihilation Barge	0.75	6	2	5	2
NecronGauss_Tesla_Annihilation Barge	1.00	6	2	5	2
NecronGauss_Tesla_Annihilation Barge	1.50	0	0	0	0
NecronGauss_Tesla_Annihilation Barge	2.00	0	0	0	0
NecronGauss_Tesla_Annihilation Barge	3.00	0	0	0	0
NecronGauss_Trilinked	0.15	0	0	0	0
NecronGauss_Trilinked	0.30	4	1	3	1
NecronGauss_Trilinked	0.50	6	3	5	2
NecronGauss_Trilinked	0.75	4	1	3	1
NecronGauss_Trilinked	1.00	4	1	3	1
NecronGauss_Trilinked	1.50	0	0	0	0
NecronGauss_Trilinked	2.00	0	0	0	0
NecronGauss_Trilinked	3.00	0	0	0	0
NecronGauss_Twinlinked	0.15	0	0	0	0
NecronGauss_Twinlinked	0.30	4	1	3	1
NecronGauss_Twinlinked	0.50	5	2	4	2
NecronGauss_Twinlinked	0.75	4	1	3	1
NecronGauss_Twinlinked	1.00	4	1	3	1
NecronGauss_Twinlinked	1.50	0	0	0	0
NecronGauss_Twinlinked	2.00	0	0	0	0
NecronGauss_Twinlinked	3.00	0	0	0	0
Necrons death explosion	0.15	681	373	760	412
Necrons death explosion	0.30	592	441	582	603
Necrons death explosion	0.50	719	482	706	621
Necrons death explosion	0.75	810	469	778	592
Necrons death explosion	1.00	634	394	641	529
Necrons death explosion	1.50	412	380	412	659
Necrons death explosion	2.00	407	379	407	658
Necrons death explosion	3.00	407	379	407	658
NephilimShadow_Flyover	0.15	0	0	0	0
NephilimShadow_Flyover	0.30	0	0	0	0
NephilimShadow_Flyover	0.50	0	0	0	0
NephilimShadow_Flyover	0.75	0	0	0	0
NephilimShadow_Flyover	1.00	0	0	0	0
NephilimShadow_Flyover	1.50	0	0	0	0
NephilimShadow_Flyover	2.00	0	0	0	0
NephilimShadow_Flyover	3.00	0	0	0	0
Njal Blizzard Attack	0.15	7	2	11	3
Njal Blizzard Attack	0.30	65	15	62	17
Njal Blizzard Attack	0.50	102	20	77	18
Njal Blizzard Attack	0.75	151	29	137	29
Njal Blizzard Attack	1.00	148	51	160	63
Njal Blizzard Attack	1.50	0	0	0	0
Njal Blizzard Attack	2.00	0	0	0	0
Njal Blizzard Attack	3.00	0	0	0	0
NoMukkinAboutEffect	0.15	0	0	0	0
NoMukkinAboutEffect	0.30	0	0	0	0
NoMukkinAboutEffect	0.50	0	0	0	0
NoMukkinAboutEffect	0.75	5	1	7	2
NoMukkinAboutEffect	1.00	2	0	5	1
NoMukkinAboutEffect	1.50	0	0	0	0
NoMukkinAboutEffect	2.00	0	0	0	0
NoMukkinAboutEffect	3.00	0	0	0	0
Oath_Effect	0.15	133	60	130	53
Oath_Effect	0.30	170	89	173	78
Oath_Effect	0.50	159	95	154	80
Oath_Effect	0.75	136	75	135	64
Oath_Effect	1.00	70	28	70	27
Oath_Effect	1.50	0	0	0	0
Oath_Effect	2.00	0	0	0	0
Oath_Effect	3.00	0	0	0	0
Offensive_Sweeping_Infestation_Target	0.15	62	26	61	26
Offensive_Sweeping_Infestation_Target	0.30	93	51	98	45
Offensive_Sweeping_Infestation_Target	0.50	15	8	15	7
Offensive_Sweeping_Infestation_Target	0.75	0	0	0	0
Offensive_Sweeping_Infestation_Target	1.00	0	0	0	0
Offensive_Sweeping_Infestation_Target	1.50	0	0	0	0
Offensive_Sweeping_Infestation_Target	2.00	0	0	0	0
Offensive_Sweeping_Infestation_Target	3.00	0	0	0	0
Offensive_Thunderstorm Target	0.15	292	119	292	114
Offensive_Thunderstorm Target	0.30	37	10	37	12
Offensive_Thunderstorm Target	0.50	47	10	53	14
Offensive_Thunderstorm Target	0.75	5	1	14	2
Offensive_Thunderstorm Target	1.00	2	1	6	2
Offensive_Thunderstorm Target	1.50	2	0	2	0
Offensive_Thunderstorm Target	2.00	0	0	0	0
Offensive_Thunderstorm Target	3.00	0	0	0	0
Orbital 3 repeat	0.15	0	0	0	0
Orbital 3 repeat	0.30	0	0	0	0
Orbital 3 repeat	0.50	0	0	0	0
Orbital 3 repeat	0.75	0	0	0	0
Orbital 3 repeat	1.00	0	0	0	0
Orbital 3 repeat	1.50	0	0	0	0
Orbital 3 repeat	2.00	0	0	0	0
Orbital 3 repeat	3.00	0	0	0	0
Orbital 4 repeat	0.15	0	0	0	0
Orbital 4 repeat	0.30	0	0	0	0
Orbital 4 repeat	0.50	0	0	0	0
Orbital 4 repeat	0.75	0	0	0	0
Orbital 4 repeat	1.00	0	0	0	0
Orbital 4 repeat	1.50	0	0	0	0
Orbital 4 repeat	2.00	0	0	0	0
Orbital 4 repeat	3.00	0	0	0	0
Orbital Bombardment Enemy Warlord	0.15	0	0	1	0
Orbital Bombardment Enemy Warlord	0.30	0	0	0	0
Orbital Bombardment Enemy Warlord	0.50	0	0	2	0
Orbital Bombardment Enemy Warlord	0.75	2	0	3	0
Orbital Bombardment Enemy Warlord	1.00	2	0	2	0
Orbital Bombardment Enemy Warlord	1.50	7	1	3	1
Orbital Bombardment Enemy Warlord	2.00	12	3	5	1
Orbital Bombardment Enemy Warlord	3.00	11	3	8	2
Orbital Bombardment Target	0.15	0	0	0	0
Orbital Bombardment Target	0.30	0	0	0	0
Orbital Bombardment Target	0.50	0	0	2	0
Orbital Bombardment Target	0.75	2	0	3	0
Orbital Bombardment Target	1.00	2	0	2	0
Orbital Bombardment Target	1.50	6	1	2	1
Orbital Bombardment Target	2.00	12	2	5	1
Orbital Bombardment Target	3.00	12	3	8	2
Ork Environmental Condition Dust	0.15	307	56	261	50
Ork Environmental Condition Dust	0.30	861	216	913	190
Ork Environmental Condition Dust	0.50	1304	484	1321	433
Ork Environmental Condition Dust	0.75	1449	716	1472	657
Ork Environmental Condition Dust	1.00	1472	821	1472	766
Ork Environmental Condition Dust	1.50	1283	586	1307	528
Ork Environmental Condition Dust	2.00	57	14	68	19
Ork Environmental Condition Dust	3.00	60	16	65	20
Ork Environmental Condition Spore Clouds	0.15	1	0	1	0
Ork Environmental Condition Spore Clouds	0.30	1	0	1	0
Ork Environmental Condition Spore Clouds	0.50	1	0	1	0
Ork Environmental Condition Spore Clouds	0.75	1	0	1	0
Ork Environmental Condition Spore Clouds	1.00	4	0	10	1
Ork Environmental Condition Spore Clouds	1.50	13	2	17	3
Ork Environmental Condition Spore Clouds	2.00	27	4	34	6
Ork Environmental Condition Spore Clouds	3.00	122	23	112	26
Ork_Rocket	0.15	0	0	0	0
Ork_Rocket	0.30	0	0	0	0
Ork_Rocket	0.50	1	1	1	0
Ork_Rocket	0.75	0	0	0	0
Ork_Rocket	1.00	0	0	0	0
Ork_Rocket	1.50	0	0	0	0
Ork_Rocket	2.00	0	0	0	0
Ork_Rocket	3.00	0	0	0	0
Ork_RocketDown	0.15	1	2	1	2
Ork_RocketDown	0.30	0	0	0	0
Ork_RocketDown	0.50	1	1	1	0
Ork_RocketDown	0.75	1	1	1	1
Ork_RocketDown	1.00	8	2	11	3
Ork_RocketDown	1.50	4	1	5	1
Ork_RocketDown	2.00	0	0	0	0
Ork_RocketDown	3.00	0	0	0	0
Ork_RocketUp	0.15	0	0	0	0
Ork_RocketUp	0.30	0	0	0	0
Ork_RocketUp	0.50	0	0	0	0
Ork_RocketUp	0.75	1	1	1	0
Ork_RocketUp	1.00	0	0	0	0
Ork_RocketUp	1.50	0	0	0	0
Ork_RocketUp	2.00	0	0	0	0
Ork_RocketUp	3.00	0	0	0	0
Ork_Squiggoth_Charge	0.15	0	0	0	0
Ork_Squiggoth_Charge	0.30	0	0	0	0
Ork_Squiggoth_Charge	0.50	0	0	0	0
Ork_Squiggoth_Charge	0.75	0	0	0	0
Ork_Squiggoth_Charge	1.00	0	0	0	0
Ork_Squiggoth_Charge	1.50	0	0	0	0
Ork_Squiggoth_Charge	2.00	0	0	0	0
Ork_Squiggoth_Charge	3.00	0	0	0	0
Ork_StormboyzStrike	0.15	0	0	0	0
Ork_StormboyzStrike	0.30	0	0	0	0
Ork_StormboyzStrike	0.50	0	0	0	0
Ork_StormboyzStrike	0.75	0	0	0	0
Ork_StormboyzStrike	1.00	0	0	0	0
Ork_StormboyzStrike	1.50	0	0	0	0
Ork_StormboyzStrike	2.00	0	0	0	0
Ork_StormboyzStrike	3.00	0	0	0	0
Ork_Target	0.15	169	97	167	86
Ork_Target	0.30	429	154	399	134
Ork_Target	0.50	449	165	397	146
Ork_Target	0.75	461	113	426	108
Ork_Target	1.00	157	27	126	28
Ork_Target	1.50	0	0	0	0
Ork_Target	2.00	0	0	0	0
Ork_Target	3.00	0	0	0	0
Ork_Trampla_Charge	0.15	0	0	0	0
Ork_Trampla_Charge	0.30	0	0	0	0
Ork_Trampla_Charge	0.50	0	0	0	0
Ork_Trampla_Charge	0.75	0	0	0	0
Ork_Trampla_Charge	1.00	0	0	0	0
Ork_Trampla_Charge	1.50	0	0	0	0
Ork_Trampla_Charge	2.00	0	0	0	0
Ork_Trampla_Charge	3.00	0	0	0	0
OrkBuff_KrumpDaGitz	0.15	95	32	96	30
OrkBuff_KrumpDaGitz	0.30	137	62	132	55
OrkBuff_KrumpDaGitz	0.50	338	176	340	170
OrkBuff_KrumpDaGitz	0.75	452	267	446	241
OrkBuff_KrumpDaGitz	1.00	410	249	416	233
OrkBuff_KrumpDaGitz	1.50	388	213	376	209
OrkBuff_KrumpDaGitz	2.00	352	155	345	170
OrkBuff_KrumpDaGitz	3.00	0	0	0	0
OrkBuff_Recall	0.15	135	45	131	38
OrkBuff_Recall	0.30	154	95	150	75
OrkBuff_Recall	0.50	167	168	166	124
OrkBuff_Recall	0.75	914	410	902	377
OrkBuff_Recall	1.00	736	212	718	207
OrkBuff_Recall	1.50	2	1	2	1
OrkBuff_Recall	2.00	0	0	0	0
OrkBuff_Recall	3.00	0	0	0	0
OrkBuff_Snakebitez_1	0.15	374	219	356	188
OrkBuff_Snakebitez_1	0.30	398	222	376	193
OrkBuff_Snakebitez_1	0.50	405	212	381	185
OrkBuff_Snakebitez_1	0.75	336	113	332	114
OrkBuff_Snakebitez_1	1.00	25	4	32	6
OrkBuff_Snakebitez_1	1.50	0	0	0	0
OrkBuff_Snakebitez_1	2.00	0	0	0	0
OrkBuff_Snakebitez_1	3.00	0	0	0	0
OrkBuff_Snakebitez_1_2D_SFX	0.15	374	219	356	188
OrkBuff_Snakebitez_1_2D_SFX	0.30	398	222	376	193
OrkBuff_Snakebitez_1_2D_SFX	0.50	405	212	381	185
OrkBuff_Snakebitez_1_2D_SFX	0.75	336	113	332	114
OrkBuff_Snakebitez_1_2D_SFX	1.00	25	4	32	6
OrkBuff_Snakebitez_1_2D_SFX	1.50	0	0	0	0
OrkBuff_Snakebitez_1_2D_SFX	2.00	0	0	0	0
OrkBuff_Snakebitez_1_2D_SFX	3.00	0	0	0	0
OrkBuff_Snakebitez_1_NoIcon	0.15	280	124	265	117
OrkBuff_Snakebitez_1_NoIcon	0.30	318	141	297	131
OrkBuff_Snakebitez_1_NoIcon	0.50	339	151	316	139
OrkBuff_Snakebitez_1_NoIcon	0.75	281	81	279	89
OrkBuff_Snakebitez_1_NoIcon	1.00	25	4	32	6
OrkBuff_Snakebitez_1_NoIcon	1.50	0	0	0	0
OrkBuff_Snakebitez_1_NoIcon	2.00	0	0	0	0
OrkBuff_Snakebitez_1_NoIcon	3.00	0	0	0	0
OrkBuff_Snakebitez_1_Quick	0.15	36	22	40	20
OrkBuff_Snakebitez_1_Quick	0.30	96	55	92	46
OrkBuff_Snakebitez_1_Quick	0.50	115	57	104	48
OrkBuff_Snakebitez_1_Quick	0.75	110	26	112	26
OrkBuff_Snakebitez_1_Quick	1.00	24	3	31	5
OrkBuff_Snakebitez_1_Quick	1.50	0	0	0	0
OrkBuff_Snakebitez_1_Quick	2.00	0	0	0	0
OrkBuff_Snakebitez_1_Quick	3.00	0	0	0	0
OrkBuff_Snakebitez_2	0.15	69	73	69	55
OrkBuff_Snakebitez_2	0.30	65	68	65	51
OrkBuff_Snakebitez_2	0.50	73	54	71	43
OrkBuff_Snakebitez_2	0.75	413	192	406	196
OrkBuff_Snakebitez_2	1.00	342	119	338	137
OrkBuff_Snakebitez_2	1.50	1	0	1	0
OrkBuff_Snakebitez_2	2.00	0	0	0	0
OrkBuff_Snakebitez_2	3.00	0	0	0	0
OrkBuff_Snakebitez_2_Intense	0.15	129	132	125	100
OrkBuff_Snakebitez_2_Intense	0.30	125	131	121	98
OrkBuff_Snakebitez_2_Intense	0.50	118	112	116	83
OrkBuff_Snakebitez_2_Intense	0.75	544	327	523	296
OrkBuff_Snakebitez_2_Intense	1.00	478	243	455	234
OrkBuff_Snakebitez_2_Intense	1.50	11	2	10	2
OrkBuff_Snakebitez_2_Intense	2.00	0	0	0	0
OrkBuff_Snakebitez_2_Intense	3.00	0	0	0	0
OrkBuffGreenWaaagh	0.15	836	469	813	394
OrkBuffGreenWaaagh	0.30	885	377	852	322
OrkBuffGreenWaaagh	0.50	949	347	931	299
OrkBuffGreenWaaagh	0.75	824	258	825	245
OrkBuffGreenWaaagh	1.00	236	57	240	66
OrkBuffGreenWaaagh	1.50	15	5	14	5
OrkBuffGreenWaaagh	2.00	0	0	0	0
OrkBuffGreenWaaagh	3.00	0	0	0	0
Orks Environmental Condition Night	0.15	58	58	59	51
Orks Environmental Condition Night	0.30	58	58	59	51
Orks Environmental Condition Night	0.50	58	58	59	51
Orks Environmental Condition Night	0.75	58	58	59	51
Orks Environmental Condition Night	1.00	58	58	59	51
Orks Environmental Condition Night	1.50	58	58	59	51
Orks Environmental Condition Night	2.00	58	58	59	51
Orks Environmental Condition Night	3.00	58	58	59	51
Pack_WhileInPlay	0.15	0	0	0	0
Pack_WhileInPlay	0.30	1	0	1	0
Pack_WhileInPlay	0.50	0	0	0	0
Pack_WhileInPlay	0.75	0	0	0	0
Pack_WhileInPlay	1.00	2	2	2	2
Pack_WhileInPlay	1.50	4	4	4	4
Pack_WhileInPlay	2.00	3	2	3	2
Pack_WhileInPlay	3.00	2	1	2	0
PathOfCommand_buff	0.15	57	39	57	40
PathOfCommand_buff	0.30	52	36	52	34
PathOfCommand_buff	0.50	58	43	55	36
PathOfCommand_buff	0.75	35	30	34	29
PathOfCommand_buff	1.00	41	32	40	31
PathOfCommand_buff	1.50	35	25	34	25
PathOfCommand_buff	2.00	31	21	32	22
PathOfCommand_buff	3.00	0	0	0	0
PathOfTheSeer	0.15	65	49	62	42
PathOfTheSeer	0.30	61	47	61	41
PathOfTheSeer	0.50	57	39	56	34
PathOfTheSeer	0.75	20	10	19	9
PathOfTheSeer	1.00	71	41	69	37
PathOfTheSeer	1.50	58	33	53	30
PathOfTheSeer	2.00	915	571	896	513
PathOfTheSeer	3.00	7	2	4	1
PathOfTheSeer_BG-effect	0.15	65	49	62	42
PathOfTheSeer_BG-effect	0.30	61	47	61	41
PathOfTheSeer_BG-effect	0.50	57	39	56	34
PathOfTheSeer_BG-effect	0.75	20	10	19	9
PathOfTheSeer_BG-effect	1.00	71	41	69	37
PathOfTheSeer_BG-effect	1.50	58	33	53	30
PathOfTheSeer_BG-effect	2.00	915	571	896	513
PathOfTheSeer_BG-effect	3.00	7	2	4	1
PathOfTheSeerGreen	0.15	63	44	62	39
PathOfTheSeerGreen	0.30	64	44	62	39
PathOfTheSeerGreen	0.50	61	38	53	33
PathOfTheSeerGreen	0.75	19	10	18	9
PathOfTheSeerGreen	1.00	71	43	69	38
PathOfTheSeerGreen	1.50	56	38	52	33
PathOfTheSeerGreen	2.00	894	529	860	482
PathOfTheSeerGreen	3.00	8	1	2	1
PathOfTheSeerRed	0.15	69	46	68	40
PathOfTheSeerRed	0.30	67	45	64	40
PathOfTheSeerRed	0.50	62	40	56	35
PathOfTheSeerRed	0.75	17	9	17	8
PathOfTheSeerRed	1.00	75	45	71	39
PathOfTheSeerRed	1.50	57	38	55	34
PathOfTheSeerRed	2.00	853	505	814	467
PathOfTheSeerRed	3.00	8	1	2	1
PathOfTheWarrior_Projectile	0.15	1254	693	1222	604
PathOfTheWarrior_Projectile	0.30	1955	790	1913	679
PathOfTheWarrior_Projectile	0.50	2420	765	2316	667
PathOfTheWarrior_Projectile	0.75	1314	272	1411	291
PathOfTheWarrior_Projectile	1.00	0	0	0	0
PathOfTheWarrior_Projectile	1.50	398	218	396	189
PathOfTheWarrior_Projectile	2.00	398	213	388	170
PathOfTheWarrior_Projectile	3.00	0	0	0	0
PenitenceEffect	0.15	16	16	14	13
PenitenceEffect	0.30	71	75	66	60
PenitenceEffect	0.50	120	109	115	88
PenitenceEffect	0.75	840	628	822	499
PenitenceEffect	1.00	733	380	740	327
PenitenceEffect	1.50	159	159	159	120
PenitenceEffect	2.00	0	0	0	0
PenitenceEffect	3.00	0	0	0	0
PinDownEffect	0.15	159	58	82	43
PinDownEffect	0.30	288	79	259	62
PinDownEffect	0.50	306	85	262	66
PinDownEffect	0.75	218	76	124	57
PinDownEffect	1.00	115	72	118	61
PinDownEffect	1.50	112	79	113	66
PinDownEffect	2.00	112	86	115	71
PinDownEffect	3.00	113	72	115	62
Plasma_basic OLD	0.15	28	14	23	10
Plasma_basic OLD	0.30	24	11	22	8
Plasma_basic OLD	0.50	18	10	17	7
Plasma_basic OLD	0.75	17	8	16	6
Plasma_basic OLD	1.00	0	0	0	0
Plasma_basic OLD	1.50	0	0	0	0
Plasma_basic OLD	2.00	0	0	0	0
Plasma_basic OLD	3.00	0	0	0	0
Plasma_basic_blue	0.15	23	12	23	9
Plasma_basic_blue	0.30	13	6	12	5
Plasma_basic_blue	0.50	9	4	8	3
Plasma_basic_blue	0.75	11	3	9	3
Plasma_basic_blue	1.00	1	0	2	0
Plasma_basic_blue	1.50	0	0	0	0
Plasma_basic_blue	2.00	0	0	0	0
Plasma_basic_blue	3.00	0	0	0	0
Plasma_basic_blue_double	0.15	27	23	25	21
Plasma_basic_blue_double	0.30	29	30	30	26
Plasma_basic_blue_double	0.50	16	14	19	14
Plasma_basic_blue_double	0.75	17	11	17	11
Plasma_basic_blue_double	1.00	13	6	14	7
Plasma_basic_blue_double	1.50	0	0	0	0
Plasma_basic_blue_double	2.00	0	0	0	0
Plasma_basic_blue_double	3.00	0	0	0	0
Plasma_basic_blue_triple	0.15	27	23	25	21
Plasma_basic_blue_triple	0.30	29	29	30	26
Plasma_basic_blue_triple	0.50	16	15	19	14
Plasma_basic_blue_triple	0.75	19	15	20	14
Plasma_basic_blue_triple	1.00	13	10	14	10
Plasma_basic_blue_triple	1.50	12	6	12	7
Plasma_basic_blue_triple	2.00	0	0	0	0
Plasma_basic_blue_triple	3.00	0	0	0	0
Plasma_basic_blue_twinlink	0.15	41	33	43	29
Plasma_basic_blue_twinlink	0.30	25	18	25	17
Plasma_basic_blue_twinlink	0.50	18	13	19	13
Plasma_basic_blue_twinlink	0.75	25	13	29	14
Plasma_basic_blue_twinlink	1.00	7	1	11	2
Plasma_basic_blue_twinlink	1.50	0	0	0	0
Plasma_basic_blue_twinlink	2.00	0	0	0	0
Plasma_basic_blue_twinlink	3.00	0	0	0	0
Plasma_basic_burst_turqoise	0.15	28	21	28	18
Plasma_basic_burst_turqoise	0.30	37	30	39	26
Plasma_basic_burst_turqoise	0.50	45	37	49	31
Plasma_basic_burst_turqoise	0.75	50	25	46	23
Plasma_basic_burst_turqoise	1.00	34	13	31	13
Plasma_basic_burst_turqoise	1.50	0	0	0	0
Plasma_basic_burst_turqoise	2.00	0	0	0	0
Plasma_basic_burst_turqoise	3.00	0	0	0	0
Plasma_basic_pink	0.15	22	16	22	15
Plasma_basic_pink	0.30	18	12	20	12
Plasma_basic_pink	0.50	12	8	13	9
Plasma_basic_pink	0.75	15	6	15	7
Plasma_basic_pink	1.00	0	0	0	0
Plasma_basic_pink	1.50	0	0	0	0
Plasma_basic_pink	2.00	0	0	0	0
Plasma_basic_pink	3.00	0	0	0	0
Plasma_basic_pink OLD	0.15	28	14	23	10
Plasma_basic_pink OLD	0.30	24	11	22	8
Plasma_basic_pink OLD	0.50	18	10	17	7
Plasma_basic_pink OLD	0.75	17	8	16	6
Plasma_basic_pink OLD	1.00	0	0	0	0
Plasma_basic_pink OLD	1.50	0	0	0	0
Plasma_basic_pink OLD	2.00	0	0	0	0
Plasma_basic_pink OLD	3.00	0	0	0	0
Plasma_basic_red	0.15	22	15	22	14
Plasma_basic_red	0.30	18	11	18	10
Plasma_basic_red	0.50	12	8	13	8
Plasma_basic_red	0.75	15	6	15	7
Plasma_basic_red	1.00	0	0	1	0
Plasma_basic_red	1.50	0	0	0	0
Plasma_basic_red	2.00	0	0	0	0
Plasma_basic_red	3.00	0	0	0	0
Plasma_basic_turqoise	0.15	23	21	24	19
Plasma_basic_turqoise	0.30	18	16	21	15
Plasma_basic_turqoise	0.50	14	10	14	10
Plasma_basic_turqoise	0.75	18	9	18	10
Plasma_basic_turqoise	1.00	4	0	4	1
Plasma_basic_turqoise	1.50	0	0	0	0
Plasma_basic_turqoise	2.00	0	0	0	0
Plasma_basic_turqoise	3.00	0	0	0	0
Plasma_basic_yellow	0.15	27	25	26	23
Plasma_basic_yellow	0.30	22	18	23	17
Plasma_basic_yellow	0.50	13	9	14	10
Plasma_basic_yellow	0.75	16	7	15	8
Plasma_basic_yellow	1.00	0	0	2	0
Plasma_basic_yellow	1.50	0	0	0	0
Plasma_basic_yellow	2.00	0	0	0	0
Plasma_basic_yellow	3.00	0	0	0	0
Plasma_blue_pointblank	0.15	41	47	40	34
Plasma_blue_pointblank	0.30	62	81	58	59
Plasma_blue_pointblank	0.50	75	94	72	70
Plasma_blue_pointblank	0.75	56	29	56	29
Plasma_blue_pointblank	1.00	4	1	6	1
Plasma_blue_pointblank	1.50	0	0	0	0
Plasma_blue_pointblank	2.00	0	0	0	0
Plasma_blue_pointblank	3.00	0	0	0	0
Plasma_blue_pointblank_double	0.15	41	46	40	34
Plasma_blue_pointblank_double	0.30	62	81	58	59
Plasma_blue_pointblank_double	0.50	75	100	74	73
Plasma_blue_pointblank_double	0.75	79	100	80	73
Plasma_blue_pointblank_double	1.00	80	99	80	72
Plasma_blue_pointblank_double	1.50	0	0	0	0
Plasma_blue_pointblank_double	2.00	0	0	0	0
Plasma_blue_pointblank_double	3.00	0	0	0	0
Plasma_triple_Azrael_AA	0.15	16	10	16	7
Plasma_triple_Azrael_AA	0.30	10	4	8	2
Plasma_triple_Azrael_AA	0.50	17	10	17	7
Plasma_triple_Azrael_AA	0.75	19	11	19	7
Plasma_triple_Azrael_AA	1.00	19	6	17	4
Plasma_triple_Azrael_AA	1.50	13	2	12	3
Plasma_triple_Azrael_AA	2.00	7	1	7	2
Plasma_triple_Azrael_AA	3.00	0	0	0	0
Plasmancer_Damage	0.15	358	114	348	117
Plasmancer_Damage	0.30	668	339	654	291
Plasmancer_Damage	0.50	772	443	777	371
Plasmancer_Damage	0.75	4386	2282	4378	1881
Plasmancer_Damage	1.00	1361	413	1274	378
Plasmancer_Damage	1.50	633	168	637	176
Plasmancer_Damage	2.00	0	0	0	0
Plasmancer_Damage	3.00	0	0	0	0
Possession_self	0.15	14	2	21	3
Possession_self	0.30	45	7	54	7
Possession_self	0.50	78	12	88	12
Possession_self	0.75	57	12	62	12
Possession_self	1.00	86	19	90	19
Possession_self	1.50	85	29	90	28
Possession_self	2.00	1552	428	1533	416
Possession_self	3.00	3	1	3	1
Pray_Exit	0.15	184	74	177	71
Pray_Exit	0.30	200	79	181	75
Pray_Exit	0.50	217	82	195	78
Pray_Exit	0.75	240	94	213	88
Pray_Exit	1.00	253	91	214	87
Pray_Exit	1.50	212	72	204	73
Pray_Exit	2.00	126	49	137	47
Pray_Exit	3.00	8	2	3	2
Pray_Idle	0.15	412	254	385	231
Pray_Idle	0.30	412	255	388	232
Pray_Idle	0.50	415	257	389	233
Pray_Idle	0.75	412	258	390	234
Pray_Idle	1.00	413	259	391	235
Pray_Idle	1.50	417	260	403	237
Pray_Idle	2.00	418	263	403	239
Pray_Idle	3.00	413	262	391	237
Pray_Start	0.15	185	48	186	57
Pray_Start	0.30	193	51	193	60
Pray_Start	0.50	204	58	200	66
Pray_Start	0.75	192	57	197	63
Pray_Start	1.00	176	56	196	62
Pray_Start	1.50	123	39	147	43
Pray_Start	2.00	18	8	19	8
Pray_Start	3.00	0	0	0	0
Pray_Success	0.15	82	24	105	27
Pray_Success	0.30	133	40	153	44
Pray_Success	0.50	182	61	207	65
Pray_Success	0.75	221	83	239	83
Pray_Success	1.00	263	101	275	99
Pray_Success	1.50	321	148	315	136
Pray_Success	2.00	339	144	330	137
Pray_Success	3.00	32	5	37	7
Protocol Base	0.15	21	3	25	4
Protocol Base	0.30	37	6	39	7
Protocol Base	0.50	50	10	48	10
Protocol Base	0.75	49	10	47	10
Protocol Base	1.00	55	11	53	11
Protocol Base	1.50	212	67	215	62
Protocol Base	2.00	137	33	123	30
Protocol Base	3.00	0	0	0	0
Psychic_Lightning	0.15	177	84	178	73
Psychic_Lightning	0.30	15	5	13	5
Psychic_Lightning	0.50	236	97	236	89
Psychic_Lightning	0.75	5	3	5	3
Psychic_Lightning	1.00	4	2	3	2
Psychic_Lightning	1.50	0	0	0	0
Psychic_Lightning	2.00	0	0	0	0
Psychic_Lightning	3.00	0	0	0	0
Psychic_Lightning_blast	0.15	1611	576	1530	548
Psychic_Lightning_blast	0.30	2380	719	2158	717
Psychic_Lightning_blast	0.50	535	186	545	199
Psychic_Lightning_blast	0.75	0	0	0	0
Psychic_Lightning_blast	1.00	0	0	0	0
Psychic_Lightning_blast	1.50	0	0	0	0
Psychic_Lightning_blast	2.00	0	0	0	0
Psychic_Lightning_blast	3.00	0	0	0	0
Psychic_Lightning_blast_chaos	0.15	2212	1182	2275	1026
Psychic_Lightning_blast_chaos	0.30	2838	1152	2706	1021
Psychic_Lightning_blast_chaos	0.50	305	59	323	72
Psychic_Lightning_blast_chaos	0.75	0	0	0	0
Psychic_Lightning_blast_chaos	1.00	0	0	0	0
Psychic_Lightning_blast_chaos	1.50	0	0	0	0
Psychic_Lightning_blast_chaos	2.00	0	0	0	0
Psychic_Lightning_blast_chaos	3.00	0	0	0	0
Psychic_Lightning_chaos	0.15	11	2	18	3
Psychic_Lightning_chaos	0.30	5	1	8	1
Psychic_Lightning_chaos	0.50	2	0	4	0
Psychic_Lightning_chaos	0.75	0	0	0	0
Psychic_Lightning_chaos	1.00	0	0	0	0
Psychic_Lightning_chaos	1.50	0	0	0	0
Psychic_Lightning_chaos	2.00	0	0	0	0
Psychic_Lightning_chaos	3.00	0	0	0	0
Psychic_Lightning_down	0.15	394	181	388	161
Psychic_Lightning_down	0.30	200	47	183	52
Psychic_Lightning_down	0.50	683	242	654	232
Psychic_Lightning_down	0.75	50	10	31	9
Psychic_Lightning_down	1.00	0	0	0	0
Psychic_Lightning_down	1.50	0	0	0	0
Psychic_Lightning_down	2.00	0	0	0	0
Psychic_Lightning_down	3.00	0	0	0	0
Psychic_Lightning_down_Intense_white	0.15	107	91	102	71
Psychic_Lightning_down_Intense_white	0.30	120	95	101	72
Psychic_Lightning_down_Intense_white	0.50	161	151	159	118
Psychic_Lightning_down_Intense_white	0.75	234	221	235	172
Psychic_Lightning_down_Intense_white	1.00	242	149	313	134
Psychic_Lightning_down_Intense_white	1.50	0	0	0	0
Psychic_Lightning_down_Intense_white	2.00	0	0	0	0
Psychic_Lightning_down_Intense_white	3.00	0	0	0	0
Psychic_Lightning_down_Waaagh_Green	0.15	70	52	63	43
Psychic_Lightning_down_Waaagh_Green	0.30	47	31	47	29
Psychic_Lightning_down_Waaagh_Green	0.50	37	15	37	16
Psychic_Lightning_down_Waaagh_Green	0.75	0	0	0	0
Psychic_Lightning_down_Waaagh_Green	1.00	0	0	0	0
Psychic_Lightning_down_Waaagh_Green	1.50	0	0	0	0
Psychic_Lightning_down_Waaagh_Green	2.00	0	0	0	0
Psychic_Lightning_down_Waaagh_Green	3.00	0	0	0	0
Psychic_Lightning_Genestealer	0.15	29	11	25	11
Psychic_Lightning_Genestealer	0.30	80	38	72	33
Psychic_Lightning_Genestealer	0.50	129	76	126	64
Psychic_Lightning_Genestealer	0.75	200	119	195	102
Psychic_Lightning_Genestealer	1.00	75	59	76	49
Psychic_Lightning_Genestealer	1.50	41	14	35	14
Psychic_Lightning_Genestealer	2.00	0	0	0	0
Psychic_Lightning_Genestealer	3.00	0	0	0	0
Psychic_Lightning_Genestealer_Benefictus	0.15	86	109	83	76
Psychic_Lightning_Genestealer_Benefictus	0.30	126	115	123	85
Psychic_Lightning_Genestealer_Benefictus	0.50	217	254	211	180
Psychic_Lightning_Genestealer_Benefictus	0.75	253	215	257	170
Psychic_Lightning_Genestealer_Benefictus	1.00	90	67	89	57
Psychic_Lightning_Genestealer_Benefictus	1.50	53	18	41	17
Psychic_Lightning_Genestealer_Benefictus	2.00	0	0	0	0
Psychic_Lightning_Genestealer_Benefictus	3.00	0	0	0	0
Psychic_Lightning_NornEmissary	0.15	50	23	52	22
Psychic_Lightning_NornEmissary	0.30	48	20	43	17
Psychic_Lightning_NornEmissary	0.50	37	24	36	20
Psychic_Lightning_NornEmissary	0.75	192	76	192	74
Psychic_Lightning_NornEmissary	1.00	18	14	18	11
Psychic_Lightning_NornEmissary	1.50	2	0	2	1
Psychic_Lightning_NornEmissary	2.00	0	0	0	0
Psychic_Lightning_NornEmissary	3.00	0	0	0	0
Psychic_Lightning_Purple	0.15	186	114	187	100
Psychic_Lightning_Purple	0.30	11	3	9	3
Psychic_Lightning_Purple	0.50	254	129	249	118
Psychic_Lightning_Purple	0.75	3	3	3	3
Psychic_Lightning_Purple	1.00	4	2	4	2
Psychic_Lightning_Purple	1.50	0	0	0	0
Psychic_Lightning_Purple	2.00	0	0	0	0
Psychic_Lightning_Purple	3.00	0	0	0	0
Psychic_Lightning_Red	0.15	141	53	139	54
Psychic_Lightning_Red	0.30	10	3	9	3
Psychic_Lightning_Red	0.50	202	73	198	74
Psychic_Lightning_Red	0.75	5	3	7	3
Psychic_Lightning_Red	1.00	4	2	4	2
Psychic_Lightning_Red	1.50	0	0	0	0
Psychic_Lightning_Red	2.00	0	0	0	0
Psychic_Lightning_Red	3.00	0	0	0	0
Psychic_Lightning_Swarmlord	0.15	52	24	52	23
Psychic_Lightning_Swarmlord	0.30	47	18	42	16
Psychic_Lightning_Swarmlord	0.50	37	23	35	19
Psychic_Lightning_Swarmlord	0.75	168	59	167	60
Psychic_Lightning_Swarmlord	1.00	19	12	18	10
Psychic_Lightning_Swarmlord	1.50	2	0	2	0
Psychic_Lightning_Swarmlord	2.00	0	0	0	0
Psychic_Lightning_Swarmlord	3.00	0	0	0	0
Psychic_Lightning_Tyranid	0.15	52	24	52	23
Psychic_Lightning_Tyranid	0.30	47	18	42	16
Psychic_Lightning_Tyranid	0.50	37	23	35	19
Psychic_Lightning_Tyranid	0.75	168	59	167	60
Psychic_Lightning_Tyranid	1.00	19	13	18	11
Psychic_Lightning_Tyranid	1.50	4	1	3	0
Psychic_Lightning_Tyranid	2.00	0	0	0	0
Psychic_Lightning_Tyranid	3.00	0	0	0	0
Psychic_Lightning_Waaagh	0.15	0	0	0	0
Psychic_Lightning_Waaagh	0.30	0	0	0	0
Psychic_Lightning_Waaagh	0.50	0	0	0	0
Psychic_Lightning_Waaagh	0.75	0	0	0	0
Psychic_Lightning_Waaagh	1.00	0	0	0	0
Psychic_Lightning_Waaagh	1.50	0	0	0	0
Psychic_Lightning_Waaagh	2.00	0	0	0	0
Psychic_Lightning_Waaagh	3.00	0	0	0	0
Psychic_Lightning_Waaagh_Board	0.15	0	0	0	0
Psychic_Lightning_Waaagh_Board	0.30	0	0	0	0
Psychic_Lightning_Waaagh_Board	0.50	0	0	0	0
Psychic_Lightning_Waaagh_Board	0.75	0	0	0	0
Psychic_Lightning_Waaagh_Board	1.00	0	0	0	0
Psychic_Lightning_Waaagh_Board	1.50	0	0	0	0
Psychic_Lightning_Waaagh_Board	2.00	0	0	0	0
Psychic_Lightning_Waaagh_Board	3.00	0	0	0	0
Psychic_Lightning_warlord_chaos	0.15	463	234	452	199
Psychic_Lightning_warlord_chaos	0.30	878	420	885	357
Psychic_Lightning_warlord_chaos	0.50	5	1	29	3
Psychic_Lightning_warlord_chaos	0.75	0	0	0	0
Psychic_Lightning_warlord_chaos	1.00	0	0	0	0
Psychic_Lightning_warlord_chaos	1.50	0	0	0	0
Psychic_Lightning_warlord_chaos	2.00	0	0	0	0
Psychic_Lightning_warlord_chaos	3.00	0	0	0	0
Psychic_Lightning_warlord_OLD	0.15	381	165	379	148
Psychic_Lightning_warlord_OLD	0.30	918	356	817	325
Psychic_Lightning_warlord_OLD	0.50	218	50	259	68
Psychic_Lightning_warlord_OLD	0.75	0	0	0	0
Psychic_Lightning_warlord_OLD	1.00	0	0	0	0
Psychic_Lightning_warlord_OLD	1.50	0	0	0	0
Psychic_Lightning_warlord_OLD	2.00	0	0	0	0
Psychic_Lightning_warlord_OLD	3.00	0	0	0	0
Psychic_Lightning_white	0.15	193	128	194	111
Psychic_Lightning_white	0.30	16	5	18	5
Psychic_Lightning_white	0.50	241	115	237	110
Psychic_Lightning_white	0.75	3	3	3	3
Psychic_Lightning_white	1.00	0	0	0	0
Psychic_Lightning_white	1.50	0	0	0	0
Psychic_Lightning_white	2.00	0	0	0	0
Psychic_Lightning_white	3.00	0	0	0	0
Psychomancer_Stun	0.15	445	169	439	154
Psychomancer_Stun	0.30	835	617	834	474
Psychomancer_Stun	0.50	898	669	901	520
Psychomancer_Stun	0.75	3005	2332	3027	1859
Psychomancer_Stun	1.00	3115	2044	3119	1715
Psychomancer_Stun	1.50	1786	703	1692	647
Psychomancer_Stun	2.00	417	74	426	61
Psychomancer_Stun	3.00	0	0	0	0
Pulse Onslaught	0.15	28	11	27	8
Pulse Onslaught	0.30	85	47	83	41
Pulse Onslaught	0.50	83	46	79	40
Pulse Onslaught	0.75	73	34	74	28
Pulse Onslaught	1.00	32	10	30	6
Pulse Onslaught	1.50	0	0	0	0
Pulse Onslaught	2.00	0	0	0	0
Pulse Onslaught	3.00	0	0	0	0
Quest UI Gain	0.15	1234	359	1204	358
Quest UI Gain	0.30	1168	462	1162	443
Quest UI Gain	0.50	1130	302	1100	311
Quest UI Gain	0.75	871	540	882	465
Quest UI Gain	1.00	873	481	863	411
Quest UI Gain	1.50	28	13	19	13
Quest UI Gain	2.00	0	0	0	0
Quest UI Gain	3.00	0	0	0	0
Quest UI Trigger	0.15	1677	1123	1584	951
Quest UI Trigger	0.30	1783	1174	1685	982
Quest UI Trigger	0.50	1773	1212	1692	1011
Quest UI Trigger	0.75	1711	1031	1721	888
Quest UI Trigger	1.00	1097	602	1073	527
Quest UI Trigger	1.50	0	0	0	0
Quest UI Trigger	2.00	0	0	0	0
Quest UI Trigger	3.00	0	0	0	0
Railgun turret	0.15	0	0	0	0
Railgun turret	0.30	0	0	0	0
Railgun turret	0.50	0	0	0	0
Railgun turret	0.75	0	0	0	0
Railgun turret	1.00	0	0	0	0
Railgun turret	1.50	0	0	0	0
Railgun turret	2.00	0	0	0	0
Railgun turret	3.00	0	0	0	0
RallyEffect	0.15	213	164	209	131
RallyEffect	0.30	225	151	216	125
RallyEffect	0.50	221	151	216	128
RallyEffect	0.75	184	93	170	85
RallyEffect	1.00	1	0	1	0
RallyEffect	1.50	1	0	1	0
RallyEffect	2.00	3	1	3	1
RallyEffect	3.00	0	0	0	0
Rapacious_Hunger	0.15	1406	328	1513	341
Rapacious_Hunger	0.30	727	172	786	180
Rapacious_Hunger	0.50	159	53	153	44
Rapacious_Hunger	0.75	58	14	45	9
Rapacious_Hunger	1.00	0	0	0	0
Rapacious_Hunger	1.50	0	0	0	0
Rapacious_Hunger	2.00	0	0	0	0
Rapacious_Hunger	3.00	0	0	0	0
Rapturous Ruination Board	0.15	51	21	46	20
Rapturous Ruination Board	0.30	102	51	97	48
Rapturous Ruination Board	0.50	158	81	155	76
Rapturous Ruination Board	0.75	183	95	167	87
Rapturous Ruination Board	1.00	189	94	170	87
Rapturous Ruination Board	1.50	193	97	185	89
Rapturous Ruination Board	2.00	207	100	189	93
Rapturous Ruination Board	3.00	19	4	24	6
Recall_Eldar	0.15	144	88	143	75
Recall_Eldar	0.30	464	245	471	223
Recall_Eldar	0.50	1312	580	1307	544
Recall_Eldar	0.75	2808	1407	2839	1363
Recall_Eldar	1.00	2378	1280	2451	1310
Recall_Eldar	1.50	889	338	884	332
Recall_Eldar	2.00	120	56	124	52
Recall_Eldar	3.00	0	0	0	0
Recall_Eldar_2	0.15	10	2	7	2
Recall_Eldar_2	0.30	295	152	307	139
Recall_Eldar_2	0.50	614	435	615	361
Recall_Eldar_2	0.75	1341	946	1328	775
Recall_Eldar_2	1.00	1378	762	1381	729
Recall_Eldar_2	1.50	553	236	613	223
Recall_Eldar_2	2.00	148	36	194	46
Recall_Eldar_2	3.00	8	3	8	3
Recall_Eldar_2_quick	0.15	65	17	62	18
Recall_Eldar_2_quick	0.30	860	327	857	323
Recall_Eldar_2_quick	0.50	1168	509	1150	524
Recall_Eldar_2_quick	0.75	1354	546	1371	484
Recall_Eldar_2_quick	1.00	1042	378	1023	351
Recall_Eldar_2_quick	1.50	329	57	372	75
Recall_Eldar_2_quick	2.00	10	6	15	7
Recall_Eldar_2_quick	3.00	0	0	0	0
Recall_Eldar_2_quick_ground	0.15	28	7	22	8
Recall_Eldar_2_quick_ground	0.30	430	152	444	152
Recall_Eldar_2_quick_ground	0.50	595	249	598	257
Recall_Eldar_2_quick_ground	0.75	676	268	706	243
Recall_Eldar_2_quick_ground	1.00	582	201	597	197
Recall_Eldar_2_quick_ground	1.50	173	36	215	45
Recall_Eldar_2_quick_ground	2.00	15	8	15	8
Recall_Eldar_2_quick_ground	3.00	0	0	0	0
Recall_Eldar_2_quick_ground_warlord	0.15	28	6	28	7
Recall_Eldar_2_quick_ground_warlord	0.30	412	151	435	153
Recall_Eldar_2_quick_ground_warlord	0.50	674	289	686	301
Recall_Eldar_2_quick_ground_warlord	0.75	806	309	829	286
Recall_Eldar_2_quick_ground_warlord	1.00	678	215	682	208
Recall_Eldar_2_quick_ground_warlord	1.50	146	26	172	34
Recall_Eldar_2_quick_ground_warlord	2.00	7	3	7	4
Recall_Eldar_2_quick_ground_warlord	3.00	0	0	0	0
Recall_Eldar_2_quick_UI	0.15	97	27	91	29
Recall_Eldar_2_quick_UI	0.30	1172	438	1161	431
Recall_Eldar_2_quick_UI	0.50	1137	502	1137	488
Recall_Eldar_2_quick_UI	0.75	1327	555	1349	496
Recall_Eldar_2_quick_UI	1.00	1050	391	1025	367
Recall_Eldar_2_quick_UI	1.50	351	60	390	78
Recall_Eldar_2_quick_UI	2.00	10	5	14	6
Recall_Eldar_2_quick_UI	3.00	0	0	0	0
Recall_Eldar_2_reverse	0.15	258	119	301	114
Recall_Eldar_2_reverse	0.30	494	267	512	241
Recall_Eldar_2_reverse	0.50	576	358	572	294
Recall_Eldar_2_reverse	0.75	693	306	708	309
Recall_Eldar_2_reverse	1.00	582	230	593	217
Recall_Eldar_2_reverse	1.50	37	12	47	13
Recall_Eldar_2_reverse	2.00	5	2	5	3
Recall_Eldar_2_reverse	3.00	0	0	0	0
Recall_Generic	0.15	53	28	53	26
Recall_Generic	0.30	38	19	38	19
Recall_Generic	0.50	31	10	31	10
Recall_Generic	0.75	611	658	604	497
Recall_Generic	1.00	20	6	17	5
Recall_Generic	1.50	0	0	0	0
Recall_Generic	2.00	0	0	0	0
Recall_Generic	3.00	0	0	0	0
Recon Enemy Hand	0.15	504	187	500	176
Recon Enemy Hand	0.30	588	212	567	199
Recon Enemy Hand	0.50	648	161	622	171
Recon Enemy Hand	0.75	505	97	483	113
Recon Enemy Hand	1.00	342	58	343	71
Recon Enemy Hand	1.50	466	129	447	140
Recon Enemy Hand	2.00	19	8	16	5
Recon Enemy Hand	3.00	0	0	0	0
Recon Enemy Hand Purple	0.15	749	234	627	232
Recon Enemy Hand Purple	0.30	1054	360	1019	359
Recon Enemy Hand Purple	0.50	1168	436	1141	424
Recon Enemy Hand Purple	0.75	1081	420	1077	410
Recon Enemy Hand Purple	1.00	946	360	930	350
Recon Enemy Hand Purple	1.50	971	342	962	341
Recon Enemy Hand Purple	2.00	24	8	19	7
Recon Enemy Hand Purple	3.00	0	0	0	0
Recon Hit	0.15	1311	761	1274	655
Recon Hit	0.30	1308	773	1278	665
Recon Hit	0.50	1367	711	1325	631
Recon Hit	0.75	1292	560	1284	524
Recon Hit	1.00	763	192	706	209
Recon Hit	1.50	0	0	0	0
Recon Hit	2.00	0	0	0	0
Recon Hit	3.00	0	0	0	0
Recon Hit Purple	0.15	1358	959	1321	802
Recon Hit Purple	0.30	1354	971	1332	811
Recon Hit Purple	0.50	1427	877	1373	759
Recon Hit Purple	0.75	1324	676	1301	618
Recon Hit Purple	1.00	785	209	719	225
Recon Hit Purple	1.50	0	0	0	0
Recon Hit Purple	2.00	0	0	0	0
Recon Hit Purple	3.00	0	0	0	0
Recon Scan	0.15	39	9	45	11
Recon Scan	0.30	53	15	48	16
Recon Scan	0.50	47	16	51	17
Recon Scan	0.75	78	29	69	28
Recon Scan	1.00	99	37	94	36
Recon Scan	1.50	63	20	62	21
Recon Scan	2.00	13	3	10	3
Recon Scan	3.00	0	0	0	0
Recon Scan 2	0.15	39	10	47	13
Recon Scan 2	0.30	51	16	50	17
Recon Scan 2	0.50	44	16	53	17
Recon Scan 2	0.75	71	30	65	28
Recon Scan 2	1.00	108	42	101	41
Recon Scan 2	1.50	67	22	65	23
Recon Scan 2	2.00	12	3	10	3
Recon Scan 2	3.00	0	0	0	0
Recon Scan Purple	0.15	79	29	67	28
Recon Scan Purple	0.30	79	31	70	30
Recon Scan Purple	0.50	73	32	69	30
Recon Scan Purple	0.75	104	55	97	49
Recon Scan Purple	1.00	90	31	81	32
Recon Scan Purple	1.50	0	0	0	0
Recon Scan Purple	2.00	0	0	0	0
Recon Scan Purple	3.00	0	0	0	0
RegimentEffect	0.15	0	0	0	0
RegimentEffect	0.30	1091	777	1002	630
RegimentEffect	0.50	1163	785	1083	657
RegimentEffect	0.75	1099	762	1042	636
RegimentEffect	1.00	901	574	830	478
RegimentEffect	1.50	0	0	0	0
RegimentEffect	2.00	0	0	0	0
RegimentEffect	3.00	0	0	0	0
Relentless Fusillade	0.15	122	66	135	58
Relentless Fusillade	0.30	84	34	83	25
Relentless Fusillade	0.50	146	75	142	63
Relentless Fusillade	0.75	87	39	83	32
Relentless Fusillade	1.00	88	53	85	45
Relentless Fusillade	1.50	0	0	0	0
Relentless Fusillade	2.00	0	0	0	0
Relentless Fusillade	3.00	0	0	0	0
Relentless Fusillade sniper	0.15	36	10	32	9
Relentless Fusillade sniper	0.30	61	16	58	15
Relentless Fusillade sniper	0.50	34	13	34	14
Relentless Fusillade sniper	0.75	0	0	0	0
Relentless Fusillade sniper	1.00	0	0	0	0
Relentless Fusillade sniper	1.50	0	0	0	0
Relentless Fusillade sniper	2.00	0	0	0	0
Relentless Fusillade sniper	3.00	0	0	0	0
RelentlessEffect	0.15	660	286	619	252
RelentlessEffect	0.30	687	380	671	312
RelentlessEffect	0.50	683	380	665	311
RelentlessEffect	0.75	636	275	615	243
RelentlessEffect	1.00	154	97	146	80
RelentlessEffect	1.50	163	92	145	79
RelentlessEffect	2.00	0	0	0	0
RelentlessEffect	3.00	0	0	0	0
RemnantBody3D Aeldari	0.15	151	89	169	122
RemnantBody3D Aeldari	0.30	142	86	139	106
RemnantBody3D Aeldari	0.50	167	88	168	105
RemnantBody3D Aeldari	0.75	197	95	185	112
RemnantBody3D Aeldari	1.00	153	91	151	114
RemnantBody3D Aeldari	1.50	103	91	103	135
RemnantBody3D Aeldari	2.00	98	89	98	136
RemnantBody3D Aeldari	3.00	96	91	96	143
RemnantBody3D Necrons	0.15	371	238	374	279
RemnantBody3D Necrons	0.30	325	249	336	293
RemnantBody3D Necrons	0.50	324	263	305	298
RemnantBody3D Necrons	0.75	351	267	329	303
RemnantBody3D Necrons	1.00	377	274	359	312
RemnantBody3D Necrons	1.50	294	255	287	300
RemnantBody3D Necrons	2.00	283	246	288	297
RemnantBody3D Necrons	3.00	188	204	193	249
RiftCannon_Laser	0.15	26	17	25	14
RiftCannon_Laser	0.30	26	17	25	14
RiftCannon_Laser	0.50	26	16	25	14
RiftCannon_Laser	0.75	26	17	25	14
RiftCannon_Laser	1.00	6	2	6	2
RiftCannon_Laser	1.50	0	0	0	0
RiftCannon_Laser	2.00	0	0	0	0
RiftCannon_Laser	3.00	0	0	0	0
RocketTrail	0.15	1112	511	1057	397
RocketTrail	0.30	1699	629	1375	521
RocketTrail	0.50	58	9	107	15
RocketTrail	0.75	0	0	0	0
RocketTrail	1.00	4	4	4	3
RocketTrail	1.50	0	0	0	0
RocketTrail	2.00	0	0	0	0
RocketTrail	3.00	0	0	0	0
Rockfall	0.15	0	0	0	0
Rockfall	0.30	0	0	0	0
Rockfall	0.50	0	0	0	0
Rockfall	0.75	0	0	0	0
Rockfall	1.00	0	0	0	0
Rockfall	1.50	0	0	0	0
Rockfall	2.00	0	0	0	0
Rockfall	3.00	0	0	0	0
SAU_CardDraw	0.15	0	0	0	0
SAU_CardDraw	0.30	21	4	24	5
SAU_CardDraw	0.50	57	15	49	14
SAU_CardDraw	0.75	109	33	105	30
SAU_CardDraw	1.00	119	32	123	31
SAU_CardDraw	1.50	1	0	1	0
SAU_CardDraw	2.00	0	0	0	0
SAU_CardDraw	3.00	0	0	0	0
Sau_CurseOfThePhaeron	0.15	123	28	131	26
Sau_CurseOfThePhaeron	0.30	168	84	180	105
Sau_CurseOfThePhaeron	0.50	235	96	238	116
Sau_CurseOfThePhaeron	0.75	310	120	312	137
Sau_CurseOfThePhaeron	1.00	356	139	354	151
Sau_CurseOfThePhaeron	1.50	314	93	328	86
Sau_CurseOfThePhaeron	2.00	91	32	106	27
Sau_CurseOfThePhaeron	3.00	0	0	0	0
Sau_DamageProtocol	0.15	43	10	38	9
Sau_DamageProtocol	0.30	43	8	36	8
Sau_DamageProtocol	0.50	32	6	32	7
Sau_DamageProtocol	0.75	815	454	794	366
Sau_DamageProtocol	1.00	513	359	521	286
Sau_DamageProtocol	1.50	0	0	1	0
Sau_DamageProtocol	2.00	0	0	0	0
Sau_DamageProtocol	3.00	0	0	0	0
Sau_DamageProtocol_OLD	0.15	37	8	34	7
Sau_DamageProtocol_OLD	0.30	44	8	37	8
Sau_DamageProtocol_OLD	0.50	40	8	33	8
Sau_DamageProtocol_OLD	0.75	317	87	290	79
Sau_DamageProtocol_OLD	1.00	38	5	42	7
Sau_DamageProtocol_OLD	1.50	0	0	0	0
Sau_DamageProtocol_OLD	2.00	0	0	0	0
Sau_DamageProtocol_OLD	3.00	0	0	0	0
Sau_DamageProtocol_Quick	0.15	1503	875	1454	683
Sau_DamageProtocol_Quick	0.30	1656	1037	1622	814
Sau_DamageProtocol_Quick	0.50	1107	848	1095	656
Sau_DamageProtocol_Quick	0.75	995	782	983	614
Sau_DamageProtocol_Quick	1.00	0	0	8	1
Sau_DamageProtocol_Quick	1.50	0	0	0	0
Sau_DamageProtocol_Quick	2.00	0	0	0	0
Sau_DamageProtocol_Quick	3.00	0	0	0	0
Sau_Dimensional_Breach_Battleground	0.15	2	0	4	0
Sau_Dimensional_Breach_Battleground	0.30	0	0	0	0
Sau_Dimensional_Breach_Battleground	0.50	0	0	0	0
Sau_Dimensional_Breach_Battleground	0.75	0	0	0	0
Sau_Dimensional_Breach_Battleground	1.00	0	0	0	0
Sau_Dimensional_Breach_Battleground	1.50	1	0	2	0
Sau_Dimensional_Breach_Battleground	2.00	12	3	10	3
Sau_Dimensional_Breach_Battleground	3.00	24	14	24	13
Sau_Dimensional_Breach_Spawn	0.15	747	709	730	557
Sau_Dimensional_Breach_Spawn	0.30	1238	952	1203	768
Sau_Dimensional_Breach_Spawn	0.50	1102	701	1079	608
Sau_Dimensional_Breach_Spawn	0.75	892	527	854	474
Sau_Dimensional_Breach_Spawn	1.00	854	438	827	408
Sau_Dimensional_Breach_Spawn	1.50	104	20	112	24
Sau_Dimensional_Breach_Spawn	2.00	1	0	1	0
Sau_Dimensional_Breach_Spawn	3.00	0	0	0	0
Sau_HealProtocol	0.15	28	5	28	5
Sau_HealProtocol	0.30	41	8	32	7
Sau_HealProtocol	0.50	41	8	36	7
Sau_HealProtocol	0.75	1021	788	1049	637
Sau_HealProtocol	1.00	735	603	761	473
Sau_HealProtocol	1.50	85	34	82	35
Sau_HealProtocol	2.00	0	0	0	0
Sau_HealProtocol	3.00	0	0	0	0
Sau_HealProtocol_OLD	0.15	87	27	80	28
Sau_HealProtocol_OLD	0.30	96	30	97	31
Sau_HealProtocol_OLD	0.50	96	30	95	31
Sau_HealProtocol_OLD	0.75	578	250	552	217
Sau_HealProtocol_OLD	1.00	144	60	144	56
Sau_HealProtocol_OLD	1.50	0	0	0	0
Sau_HealProtocol_OLD	2.00	0	0	0	0
Sau_HealProtocol_OLD	3.00	0	0	0	0
Sau_IndomitableWill	0.15	214	49	185	52
Sau_IndomitableWill	0.30	262	81	236	77
Sau_IndomitableWill	0.50	293	90	239	83
Sau_IndomitableWill	0.75	298	85	249	77
Sau_IndomitableWill	1.00	296	86	249	79
Sau_IndomitableWill	1.50	1199	507	1167	462
Sau_IndomitableWill	2.00	892	285	894	289
Sau_IndomitableWill	3.00	0	0	0	0
Sau_LordOfTheStorm	0.15	219	85	218	76
Sau_LordOfTheStorm	0.30	269	121	282	111
Sau_LordOfTheStorm	0.50	277	121	281	110
Sau_LordOfTheStorm	0.75	224	96	243	94
Sau_LordOfTheStorm	1.00	127	40	152	43
Sau_LordOfTheStorm	1.50	4	7	4	5
Sau_LordOfTheStorm	2.00	0	0	0	0
Sau_LordOfTheStorm	3.00	0	0	0	0
Sau_MasterChronomancer	0.15	416	274	400	236
Sau_MasterChronomancer	0.30	944	684	910	571
Sau_MasterChronomancer	0.50	1740	1303	1703	1079
Sau_MasterChronomancer	0.75	1716	1177	1650	986
Sau_MasterChronomancer	1.00	1690	1039	1606	883
Sau_MasterChronomancer	1.50	1554	658	1394	600
Sau_MasterChronomancer	2.00	891	263	1482	318
Sau_MasterChronomancer	3.00	6	1	16	2
Sau_MethodicalDestruction	0.15	0	0	1	0
Sau_MethodicalDestruction	0.30	1	0	1	0
Sau_MethodicalDestruction	0.50	3	0	4	1
Sau_MethodicalDestruction	0.75	13	4	19	5
Sau_MethodicalDestruction	1.00	28	13	29	12
Sau_MethodicalDestruction	1.50	228	74	185	72
Sau_MethodicalDestruction	2.00	433	165	416	165
Sau_MethodicalDestruction	3.00	193	118	227	96
Sau_ParticleWhip	0.15	72	29	69	24
Sau_ParticleWhip	0.30	75	31	72	26
Sau_ParticleWhip	0.50	74	31	72	27
Sau_ParticleWhip	0.75	73	31	72	27
Sau_ParticleWhip	1.00	76	35	70	30
Sau_ParticleWhip	1.50	144	59	144	59
Sau_ParticleWhip	2.00	8	1	14	2
Sau_ParticleWhip	3.00	0	0	0	0
Sau_ReconstitutionProtocol	0.15	0	0	0	0
Sau_ReconstitutionProtocol	0.30	0	0	0	0
Sau_ReconstitutionProtocol	0.50	4	2	3	2
Sau_ReconstitutionProtocol	0.75	3	2	3	1
Sau_ReconstitutionProtocol	1.00	7	4	7	4
Sau_ReconstitutionProtocol	1.50	3	1	4	1
Sau_ReconstitutionProtocol	2.00	10	5	12	4
Sau_ReconstitutionProtocol	3.00	335	242	335	207
Sau_ResurrectionOrb	0.15	31	17	32	15
Sau_ResurrectionOrb	0.30	29	18	28	16
Sau_ResurrectionOrb	0.50	26	17	25	15
Sau_ResurrectionOrb	0.75	24	15	23	14
Sau_ResurrectionOrb	1.00	23	14	23	13
Sau_ResurrectionOrb	1.50	23	12	23	11
Sau_ResurrectionOrb	2.00	26	13	25	12
Sau_ResurrectionOrb	3.00	1011	505	1026	476
Sau_SolarPulse	0.15	0	0	0	0
Sau_SolarPulse	0.30	0	0	0	0
Sau_SolarPulse	0.50	1	0	1	0
Sau_SolarPulse	0.75	2	1	2	1
Sau_SolarPulse	1.00	4	2	4	2
Sau_SolarPulse	1.50	71	27	71	28
Sau_SolarPulse	2.00	1015	485	1011	451
Sau_SolarPulse	3.00	609	73	873	132
Scarab Explosion	0.15	297	138	256	130
Scarab Explosion	0.30	42	4	79	9
Scarab Explosion	0.50	1	0	2	0
Scarab Explosion	0.75	635	237	619	234
Scarab Explosion	1.00	344	150	343	141
Scarab Explosion	1.50	385	90	369	96
Scarab Explosion	2.00	4	1	5	1
Scarab Explosion	3.00	0	0	0	0
Scrapcode_aimed_target	0.15	49	13	48	12
Scrapcode_aimed_target	0.30	65	14	62	12
Scrapcode_aimed_target	0.50	61	12	50	9
Scrapcode_aimed_target	0.75	36	6	19	4
Scrapcode_aimed_target	1.00	0	0	0	0
Scrapcode_aimed_target	1.50	0	0	0	0
Scrapcode_aimed_target	2.00	0	0	0	0
Scrapcode_aimed_target	3.00	0	0	0	0
Scream_gold	0.15	1077	429	1052	402
Scream_gold	0.30	994	328	970	318
Scream_gold	0.50	943	291	919	287
Scream_gold	0.75	926	311	897	313
Scream_gold	1.00	790	210	780	222
Scream_gold	1.50	0	0	0	0
Scream_gold	2.00	0	0	0	0
Scream_gold	3.00	0	0	0	0
Scream_purple	0.15	740	200	745	220
Scream_purple	0.30	633	144	657	168
Scream_purple	0.50	627	143	654	167
Scream_purple	0.75	748	201	744	221
Scream_purple	1.00	633	144	657	168
Scream_purple	1.50	0	0	0	0
Scream_purple	2.00	0	0	0	0
Scream_purple	3.00	0	0	0	0
Scream_purple_nid	0.15	1090	434	1081	413
Scream_purple_nid	0.30	1170	451	1160	432
Scream_purple_nid	0.50	1284	472	1272	456
Scream_purple_nid	0.75	1345	468	1343	461
Scream_purple_nid	1.00	1108	287	1114	308
Scream_purple_nid	1.50	0	0	0	0
Scream_purple_nid	2.00	0	0	0	0
Scream_purple_nid	3.00	0	0	0	0
Scream_purple_Quick	0.15	792	196	826	226
Scream_purple_Quick	0.30	938	203	1019	246
Scream_purple_Quick	0.50	894	155	999	204
Scream_purple_Quick	0.75	211	26	423	55
Scream_purple_Quick	1.00	0	0	0	0
Scream_purple_Quick	1.50	0	0	0	0
Scream_purple_Quick	2.00	0	0	0	0
Scream_purple_Quick	3.00	0	0	0	0
Scream_Ragnar_Target	0.15	734	250	698	257
Scream_Ragnar_Target	0.30	780	331	766	315
Scream_Ragnar_Target	0.50	755	364	750	331
Scream_Ragnar_Target	0.75	678	322	667	284
Scream_Ragnar_Target	1.00	830	322	802	289
Scream_Ragnar_Target	1.50	83	9	136	17
Scream_Ragnar_Target	2.00	0	0	0	0
Scream_Ragnar_Target	3.00	0	0	0	0
Scream_SW_Ragnar	0.15	34	15	34	14
Scream_SW_Ragnar	0.30	60	22	57	21
Scream_SW_Ragnar	0.50	111	42	104	40
Scream_SW_Ragnar	0.75	153	63	150	60
Scream_SW_Ragnar	1.00	177	68	169	66
Scream_SW_Ragnar	1.50	164	46	148	46
Scream_SW_Ragnar	2.00	55	9	41	10
Scream_SW_Ragnar	3.00	0	0	0	0
Screen_Gold	0.15	1106	381	1072	389
Screen_Gold	0.30	2018	1167	1943	1020
Screen_Gold	0.50	2847	2211	2815	1794
Screen_Gold	0.75	3257	3063	3219	2370
Screen_Gold	1.00	3266	3177	3235	2427
Screen_Gold	1.50	3316	3057	3269	2360
Screen_Gold	2.00	2511	1478	2450	1300
Screen_Gold	3.00	0	0	0	0
Screen_Red	0.15	879	243	851	224
Screen_Red	0.30	1032	430	1006	386
Screen_Red	0.50	976	425	951	380
Screen_Red	0.75	1020	455	988	408
Screen_Red	1.00	975	438	954	391
Screen_Red	1.50	718	318	713	269
Screen_Red	2.00	0	0	0	0
Screen_Red	3.00	0	0	0	0
Screen_Top_Green	0.15	2349	710	2247	640
Screen_Top_Green	0.30	2604	1109	2508	935
Screen_Top_Green	0.50	2604	1109	2508	935
Screen_Top_Green	0.75	2604	1109	2508	935
Screen_Top_Green	1.00	2604	1109	2508	935
Screen_Top_Green	1.50	2604	1109	2508	935
Screen_Top_Green	2.00	0	0	0	0
Screen_Top_Green	3.00	0	0	0	0
ScytheAssault	0.15	162	116	143	108
ScytheAssault	0.30	266	191	264	177
ScytheAssault	0.50	290	217	285	201
ScytheAssault	0.75	254	174	253	162
ScytheAssault	1.00	268	188	264	174
ScytheAssault	1.50	0	0	0	0
ScytheAssault	2.00	0	0	0	0
ScytheAssault	3.00	0	0	0	0
ScytheAssaultShadow	0.15	0	0	0	0
ScytheAssaultShadow	0.30	0	0	0	0
ScytheAssaultShadow	0.50	0	0	0	0
ScytheAssaultShadow	0.75	0	0	0	0
ScytheAssaultShadow	1.00	0	0	0	0
ScytheAssaultShadow	1.50	0	0	0	0
ScytheAssaultShadow	2.00	0	0	0	0
ScytheAssaultShadow	3.00	0	0	0	0
Sentry_Effect	0.15	294	361	293	272
Sentry_Effect	0.30	506	506	508	402
Sentry_Effect	0.50	452	294	458	264
Sentry_Effect	0.75	264	109	252	109
Sentry_Effect	1.00	2	0	0	0
Sentry_Effect	1.50	31	30	31	24
Sentry_Effect	2.00	2	0	6	1
Sentry_Effect	3.00	0	0	0	0
Shadow_Projectile	0.15	122	45	144	43
Shadow_Projectile	0.30	175	71	175	68
Shadow_Projectile	0.50	55	16	74	16
Shadow_Projectile	0.75	39	8	44	7
Shadow_Projectile	1.00	43	7	45	6
Shadow_Projectile	1.50	45	8	41	6
Shadow_Projectile	2.00	21	3	16	2
Shadow_Projectile	3.00	2	0	0	0
Shadow_Projectile_EC	0.15	117	43	132	40
Shadow_Projectile_EC	0.30	171	68	171	62
Shadow_Projectile_EC	0.50	58	20	64	19
Shadow_Projectile_EC	0.75	61	27	53	25
Shadow_Projectile_EC	1.00	74	36	73	33
Shadow_Projectile_EC	1.50	91	45	84	40
Shadow_Projectile_EC	2.00	98	32	91	32
Shadow_Projectile_EC	3.00	11	2	9	3
Shadow_Projectile_GSC_Invulnerable	0.15	122	46	144	45
Shadow_Projectile_GSC_Invulnerable	0.30	175	72	175	70
Shadow_Projectile_GSC_Invulnerable	0.50	55	16	74	16
Shadow_Projectile_GSC_Invulnerable	0.75	39	8	44	7
Shadow_Projectile_GSC_Invulnerable	1.00	43	7	45	6
Shadow_Projectile_GSC_Invulnerable	1.50	82	40	75	36
Shadow_Projectile_GSC_Invulnerable	2.00	87	28	89	30
Shadow_Projectile_GSC_Invulnerable	3.00	2	0	0	0
ShieldTraitEffect_Idle	0.15	451	199	418	198
ShieldTraitEffect_Idle	0.30	544	227	508	232
ShieldTraitEffect_Idle	0.50	330	99	334	119
ShieldTraitEffect_Idle	0.75	171	25	215	39
ShieldTraitEffect_Idle	1.00	194	70	174	75
ShieldTraitEffect_Idle	1.50	303	99	268	109
ShieldTraitEffect_Idle	2.00	103	20	122	30
ShieldTraitEffect_Idle	3.00	0	0	0	0
ShieldTraitEffect_Idle Emperor's Children Variant	0.15	412	261	402	233
ShieldTraitEffect_Idle Emperor's Children Variant	0.30	512	292	504	268
ShieldTraitEffect_Idle Emperor's Children Variant	0.50	458	233	438	217
ShieldTraitEffect_Idle Emperor's Children Variant	0.75	289	184	337	158
ShieldTraitEffect_Idle Emperor's Children Variant	1.00	688	455	667	387
ShieldTraitEffect_Idle Emperor's Children Variant	1.50	846	549	840	471
ShieldTraitEffect_Idle Emperor's Children Variant	2.00	535	238	522	226
ShieldTraitEffect_Idle Emperor's Children Variant	3.00	145	125	139	102
ShieldTraitEffect_Idle Necron Variant	0.15	459	254	428	239
ShieldTraitEffect_Idle Necron Variant	0.30	550	289	516	276
ShieldTraitEffect_Idle Necron Variant	0.50	471	203	443	210
ShieldTraitEffect_Idle Necron Variant	0.75	320	109	353	121
ShieldTraitEffect_Idle Necron Variant	1.00	218	114	204	109
ShieldTraitEffect_Idle Necron Variant	1.50	293	131	258	132
ShieldTraitEffect_Idle Necron Variant	2.00	166	80	170	76
ShieldTraitEffect_Idle Necron Variant	3.00	112	72	101	64
ShieldTraitEffect_Idle Sororitas Variant	0.15	433	271	416	245
ShieldTraitEffect_Idle Sororitas Variant	0.30	524	298	500	275
ShieldTraitEffect_Idle Sororitas Variant	0.50	433	213	416	207
ShieldTraitEffect_Idle Sororitas Variant	0.75	294	153	333	143
ShieldTraitEffect_Idle Sororitas Variant	1.00	685	487	675	413
ShieldTraitEffect_Idle Sororitas Variant	1.50	867	597	852	508
ShieldTraitEffect_Idle Sororitas Variant	2.00	568	245	540	238
ShieldTraitEffect_Idle Sororitas Variant	3.00	121	109	122	89
ShieldTraitEffect_Idle TAU Variant	0.15	447	251	423	233
ShieldTraitEffect_Idle TAU Variant	0.30	542	283	511	269
ShieldTraitEffect_Idle TAU Variant	0.50	445	190	422	195
ShieldTraitEffect_Idle TAU Variant	0.75	288	117	333	119
ShieldTraitEffect_Idle TAU Variant	1.00	242	142	224	130
ShieldTraitEffect_Idle TAU Variant	1.50	342	170	313	163
ShieldTraitEffect_Idle TAU Variant	2.00	192	109	202	102
ShieldTraitEffect_Idle TAU Variant	3.00	122	94	124	81
Shuriken_Short_Trait	0.15	144	97	146	79
Shuriken_Short_Trait	0.30	157	92	156	79
Shuriken_Short_Trait	0.50	172	99	166	87
Shuriken_Short_Trait	0.75	150	75	146	67
Shuriken_Short_Trait	1.00	32	38	32	30
Shuriken_Short_Trait	1.50	0	0	0	0
Shuriken_Short_Trait	2.00	0	0	0	0
Shuriken_Short_Trait	3.00	0	0	0	0
ShurikenEffect	0.15	1076	983	1075	767
ShurikenEffect	0.30	1709	1177	1683	977
ShurikenEffect	0.50	2122	1269	2059	1080
ShurikenEffect	0.75	2645	1162	2639	1067
ShurikenEffect	1.00	1982	755	2024	745
ShurikenEffect	1.50	1398	382	1466	426
ShurikenEffect	2.00	0	0	0	0
ShurikenEffect	3.00	0	0	0	0
SkorchaAttackEffect	0.15	6	1	3	1
SkorchaAttackEffect	0.30	12	4	13	5
SkorchaAttackEffect	0.50	11	3	8	1
SkorchaAttackEffect	0.75	17	5	16	5
SkorchaAttackEffect	1.00	7	1	4	1
SkorchaAttackEffect	1.50	0	0	0	0
SkorchaAttackEffect	2.00	0	0	0	0
SkorchaAttackEffect	3.00	0	0	0	0
Slash Repeating 2x	0.15	432	491	423	343
Slash Repeating 2x	0.30	638	252	625	214
Slash Repeating 2x	0.50	482	536	472	386
Slash Repeating 2x	0.75	622	170	598	156
Slash Repeating 2x	1.00	44	31	42	25
Slash Repeating 2x	1.50	13	9	13	7
Slash Repeating 2x	2.00	0	0	0	0
Slash Repeating 2x	3.00	0	0	0	0
Slash Repeating 5x	0.15	432	491	423	343
Slash Repeating 5x	0.30	846	592	825	452
Slash Repeating 5x	0.50	979	690	951	514
Slash Repeating 5x	0.75	844	608	828	457
Slash Repeating 5x	1.00	802	565	810	437
Slash Repeating 5x	1.50	13	9	13	7
Slash Repeating 5x	2.00	0	0	0	0
Slash Repeating 5x	3.00	0	0	0	0
SlayEffect	0.15	44	11	45	12
SlayEffect	0.30	346	210	330	168
SlayEffect	0.50	474	273	460	221
SlayEffect	0.75	488	195	447	167
SlayEffect	1.00	146	83	128	71
SlayEffect	1.50	0	0	0	0
SlayEffect	2.00	0	0	0	0
SlayEffect	3.00	0	0	0	0
Smoke_Board	0.15	0	0	0	0
Smoke_Board	0.30	5	1	4	0
Smoke_Board	0.50	36	5	38	4
Smoke_Board	0.75	177	24	182	22
Smoke_Board	1.00	407	59	396	53
Smoke_Board	1.50	838	162	834	140
Smoke_Board	2.00	1161	276	1184	241
Smoke_Board	3.00	1289	270	1267	242
Smoke_Explosion	0.15	366	314	359	259
Smoke_Explosion	0.30	423	354	409	295
Smoke_Explosion	0.50	462	392	454	331
Smoke_Explosion	0.75	461	325	450	294
Smoke_Explosion	1.00	305	146	295	149
Smoke_Explosion	1.50	0	0	0	0
Smoke_Explosion	2.00	0	0	0	0
Smoke_Explosion	3.00	0	0	0	0
Sniper Target	0.15	638	168	589	176
Sniper Target	0.30	698	206	650	208
Sniper Target	0.50	735	236	696	229
Sniper Target	0.75	3107	993	2728	873
Sniper Target	1.00	2378	500	2176	510
Sniper Target	1.50	0	0	0	0
Sniper Target	2.00	0	0	0	0
Sniper Target	3.00	0	0	0	0
SniperPreEffect	0.15	0	0	0	0
SniperPreEffect	0.30	6	2	4	2
SniperPreEffect	0.50	11	2	9	2
SniperPreEffect	0.75	4	1	3	1
SniperPreEffect	1.00	0	0	0	0
SniperPreEffect	1.50	0	0	0	0
SniperPreEffect	2.00	0	0	0	0
SniperPreEffect	3.00	0	0	0	0
Solar Beam Target	0.15	31	10	28	10
Solar Beam Target	0.30	44	14	45	15
Solar Beam Target	0.50	54	18	46	18
Solar Beam Target	0.75	113	67	113	60
Solar Beam Target	1.00	108	47	102	45
Solar Beam Target	1.50	43	8	45	10
Solar Beam Target	2.00	0	0	0	0
Solar Beam Target	3.00	0	0	0	0
Sororitas Saint Custom summon	0.15	750	658	741	526
Sororitas Saint Custom summon	0.30	760	652	758	524
Sororitas Saint Custom summon	0.50	778	634	773	515
Sororitas Saint Custom summon	0.75	812	619	796	510
Sororitas Saint Custom summon	1.00	846	617	831	516
Sororitas Saint Custom summon	1.50	316	85	325	105
Sororitas Saint Custom summon	2.00	12	1	16	2
Sororitas Saint Custom summon	3.00	0	0	0	0
Sororitas Summon Basic	0.15	690	594	682	478
Sororitas Summon Basic	0.30	692	525	676	435
Sororitas Summon Basic	0.50	696	466	688	403
Sororitas Summon Basic	0.75	695	370	667	345
Sororitas Summon Basic	1.00	308	76	336	92
Sororitas Summon Basic	1.50	64	10	68	14
Sororitas Summon Basic	2.00	0	0	0	0
Sororitas Summon Basic	3.00	0	0	0	0
Sororitas Summon Resurrect	0.15	0	0	0	0
Sororitas Summon Resurrect	0.30	0	0	0	0
Sororitas Summon Resurrect	0.50	0	0	0	0
Sororitas Summon Resurrect	0.75	483	400	467	327
Sororitas Summon Resurrect	1.00	765	684	762	547
Sororitas Summon Resurrect	1.50	859	616	833	520
Sororitas Summon Resurrect	2.00	887	573	844	492
Sororitas Summon Resurrect	3.00	0	0	0	0
Sororitas_BladeOfFaith	0.15	220	80	214	75
Sororitas_BladeOfFaith	0.30	195	90	201	83
Sororitas_BladeOfFaith	0.50	136	49	129	52
Sororitas_BladeOfFaith	0.75	1	0	6	1
Sororitas_BladeOfFaith	1.00	0	0	0	0
Sororitas_BladeOfFaith	1.50	0	0	0	0
Sororitas_BladeOfFaith	2.00	0	0	0	0
Sororitas_BladeOfFaith	3.00	0	0	0	0
Sororitas_Destroy_Flames	0.15	46	14	51	16
Sororitas_Destroy_Flames	0.30	75	25	75	27
Sororitas_Destroy_Flames	0.50	110	42	111	44
Sororitas_Destroy_Flames	0.75	131	56	140	57
Sororitas_Destroy_Flames	1.00	152	67	150	66
Sororitas_Destroy_Flames	1.50	218	112	203	102
Sororitas_Destroy_Flames	2.00	450	227	428	202
Sororitas_Destroy_Flames	3.00	76	18	75	15
Sororitas_Divine Intervention_ Battleground	0.15	0	0	0	0
Sororitas_Divine Intervention_ Battleground	0.30	0	0	0	0
Sororitas_Divine Intervention_ Battleground	0.50	0	0	0	0
Sororitas_Divine Intervention_ Battleground	0.75	0	0	0	0
Sororitas_Divine Intervention_ Battleground	1.00	0	0	0	0
Sororitas_Divine Intervention_ Battleground	1.50	1	1	1	0
Sororitas_Divine Intervention_ Battleground	2.00	0	0	0	0
Sororitas_Divine Intervention_ Battleground	3.00	218	192	214	148
Sororitas_Divine Intervention_Target	0.15	72	24	68	26
Sororitas_Divine Intervention_Target	0.30	131	61	127	60
Sororitas_Divine Intervention_Target	0.50	184	104	183	98
Sororitas_Divine Intervention_Target	0.75	229	138	214	124
Sororitas_Divine Intervention_Target	1.00	245	158	226	138
Sororitas_Divine Intervention_Target	1.50	258	186	262	160
Sororitas_Divine Intervention_Target	2.00	337	265	336	217
Sororitas_Divine Intervention_Target	3.00	108	48	101	44
Space Wolves Summon	0.15	31	13	30	12
Space Wolves Summon	0.30	41	22	43	20
Space Wolves Summon	0.50	54	28	53	25
Space Wolves Summon	0.75	57	30	55	27
Space Wolves Summon	1.00	65	33	61	30
Space Wolves Summon	1.50	59	35	58	30
Space Wolves Summon	2.00	52	23	47	20
Space Wolves Summon	3.00	16	13	15	11
Space Wolves Summon OLD	0.15	0	0	0	0
Space Wolves Summon OLD	0.30	1	0	1	0
Space Wolves Summon OLD	0.50	0	0	0	0
Space Wolves Summon OLD	0.75	3	4	3	3
Space Wolves Summon OLD	1.00	2	2	2	1
Space Wolves Summon OLD	1.50	6	5	7	4
Space Wolves Summon OLD	2.00	6	6	6	4
Space Wolves Summon OLD	3.00	2	1	2	1
Space Wolves Summon Wolves	0.15	31	13	30	12
Space Wolves Summon Wolves	0.30	41	22	43	20
Space Wolves Summon Wolves	0.50	54	28	53	25
Space Wolves Summon Wolves	0.75	57	30	55	27
Space Wolves Summon Wolves	1.00	65	33	61	30
Space Wolves Summon Wolves	1.50	59	35	58	30
Space Wolves Summon Wolves	2.00	52	23	47	20
Space Wolves Summon Wolves	3.00	16	13	15	11
Spore Explosion	0.15	0	0	0	0
Spore Explosion	0.30	0	0	0	0
Spore Explosion	0.50	0	0	0	0
Spore Explosion	0.75	0	0	0	0
Spore Explosion	1.00	0	0	0	0
Spore Explosion	1.50	0	0	0	0
Spore Explosion	2.00	0	0	0	0
Spore Explosion	3.00	0	0	0	0
Spore Mine Explosion	0.15	119	39	105	39
Spore Mine Explosion	0.30	308	137	252	131
Spore Mine Explosion	0.50	632	340	530	321
Spore Mine Explosion	0.75	660	178	620	199
Spore Mine Explosion	1.00	740	309	718	302
Spore Mine Explosion	1.50	162	72	171	73
Spore Mine Explosion	2.00	189	88	189	87
Spore Mine Explosion	3.00	217	112	208	109
Squig_BigChompaJaws	0.15	0	0	0	0
Squig_BigChompaJaws	0.30	0	0	0	0
Squig_BigChompaJaws	0.50	0	0	0	0
Squig_BigChompaJaws	0.75	14	1	5	0
Squig_BigChompaJaws	1.00	0	0	0	0
Squig_BigChompaJaws	1.50	0	0	0	0
Squig_BigChompaJaws	2.00	0	0	0	0
Squig_BigChompaJaws	3.00	0	0	0	0
Squig_Explosion	0.15	268	451	268	377
Squig_Explosion	0.30	379	636	377	534
Squig_Explosion	0.50	80	41	76	40
Squig_Explosion	0.75	90	47	88	46
Squig_Explosion	1.00	93	45	87	45
Squig_Explosion	1.50	64	21	54	24
Squig_Explosion	2.00	3	1	3	1
Squig_Explosion	3.00	0	0	0	0
Stealth_Proc	0.15	590	309	574	297
Stealth_Proc	0.30	1363	680	1318	654
Stealth_Proc	0.50	1758	687	1683	684
Stealth_Proc	0.75	84	16	72	16
Stealth_Proc	1.00	4	4	4	2
Stealth_Proc	1.50	3	2	3	2
Stealth_Proc	2.00	1	1	1	1
Stealth_Proc	3.00	0	0	0	0
Stealth_Proc_Eldar	0.15	255	88	277	93
Stealth_Proc_Eldar	0.30	462	121	479	122
Stealth_Proc_Eldar	0.50	623	271	646	265
Stealth_Proc_Eldar	0.75	706	374	729	436
Stealth_Proc_Eldar	1.00	591	183	623	175
Stealth_Proc_Eldar	1.50	34	10	46	12
Stealth_Proc_Eldar	2.00	4	2	4	2
Stealth_Proc_Eldar	3.00	0	0	0	0
Stealth_Proc_UM	0.15	223	37	281	58
Stealth_Proc_UM	0.30	308	52	368	63
Stealth_Proc_UM	0.50	688	235	716	258
Stealth_Proc_UM	0.75	776	401	801	483
Stealth_Proc_UM	1.00	668	197	655	193
Stealth_Proc_UM	1.50	0	0	0	0
Stealth_Proc_UM	2.00	0	0	0	0
Stealth_Proc_UM	3.00	0	0	0	0
StealthEffect	0.15	50	37	49	23
StealthEffect	0.30	227	175	225	125
StealthEffect	0.50	553	441	550	334
StealthEffect	0.75	791	570	832	452
StealthEffect	1.00	919	593	909	476
StealthEffect	1.50	1533	713	1438	609
StealthEffect	2.00	1857	804	1811	725
StealthEffect	3.00	2889	967	2939	910
StimulateEffect	0.15	46	56	47	46
StimulateEffect	0.30	121	74	122	69
StimulateEffect	0.50	171	94	179	85
StimulateEffect	0.75	234	117	220	101
StimulateEffect	1.00	245	117	227	101
StimulateEffect	1.50	223	76	215	69
StimulateEffect	2.00	236	94	241	90
StimulateEffect	3.00	49	11	54	14
StompEffect	0.15	0	0	0	0
StompEffect	0.30	918	588	881	455
StompEffect	0.50	1034	558	967	443
StompEffect	0.75	846	399	643	306
StompEffect	1.00	688	351	599	308
StompEffect	1.50	126	15	220	30
StompEffect	2.00	0	0	0	0
StompEffect	3.00	0	0	0	0
StrikeEffect	0.15	493	177	484	175
StrikeEffect	0.30	532	292	524	261
StrikeEffect	0.50	547	428	543	359
StrikeEffect	0.75	564	513	558	424
StrikeEffect	1.00	845	627	887	534
StrikeEffect	1.50	586	530	572	435
StrikeEffect	2.00	0	0	0	0
StrikeEffect	3.00	0	0	0	0
StunEffect	0.15	318	213	317	185
StunEffect	0.30	874	574	857	499
StunEffect	0.50	1023	511	982	471
StunEffect	0.75	285	74	267	81
StunEffect	1.00	114	38	105	34
StunEffect	1.50	130	58	127	59
StunEffect	2.00	117	41	100	36
StunEffect	3.00	101	32	92	29
StunEffect_idle	0.15	357	108	342	113
StunEffect_idle	0.30	569	250	547	241
StunEffect_idle	0.50	666	305	660	282
StunEffect_idle	0.75	568	272	540	250
StunEffect_idle	1.00	866	375	850	357
StunEffect_idle	1.50	946	436	939	405
StunEffect_idle	2.00	863	416	864	391
StunEffect_idle	3.00	844	395	827	379
StunEffect_proc	0.15	315	209	313	183
StunEffect_proc	0.30	859	559	845	488
StunEffect_proc	0.50	1003	484	968	449
StunEffect_proc	0.75	238	43	228	52
StunEffect_proc	1.00	4	5	5	5
StunEffect_proc	1.50	5	3	5	2
StunEffect_proc	2.00	7	5	7	4
StunEffect_proc	3.00	0	0	0	0
Summon_Generic	0.15	198	135	184	111
Summon_Generic	0.30	177	123	166	103
Summon_Generic	0.50	130	90	124	76
Summon_Generic	0.75	78	56	71	46
Summon_Generic	1.00	53	64	51	46
Summon_Generic	1.50	20	3	20	5
Summon_Generic	2.00	0	0	0	0
Summon_Generic	3.00	0	0	0	0
SW_Axe_Buff	0.15	62	79	62	45
SW_Axe_Buff	0.30	36	65	36	44
SW_Axe_Buff	0.50	13	25	13	17
SW_Axe_Buff	0.75	370	225	365	206
SW_Axe_Buff	1.00	825	633	814	528
SW_Axe_Buff	1.50	9	7	9	5
SW_Axe_Buff	2.00	7	5	7	4
SW_Axe_Buff	3.00	0	0	0	0
SW_Tornado	0.15	251	48	243	53
SW_Tornado	0.30	756	172	733	182
SW_Tornado	0.50	1407	330	1418	350
SW_Tornado	0.75	1997	482	1944	514
SW_Tornado	1.00	2016	492	1946	502
SW_Tornado	1.50	1987	484	1919	500
SW_Tornado	2.00	2028	494	1971	523
SW_Tornado	3.00	1920	437	1881	449
Swarm Card Merge VFX	0.15	425	363	425	475
Swarm Card Merge VFX	0.30	443	354	442	485
Swarm Card Merge VFX	0.50	413	386	413	605
Swarm Card Merge VFX	0.75	405	380	406	610
Swarm Card Merge VFX	1.00	401	378	402	609
Swarm Card Merge VFX	1.50	401	378	402	609
Swarm Card Merge VFX	2.00	401	378	402	609
Swarm Card Merge VFX	3.00	401	378	402	609
Swarm_Trigger_OnTarget	0.15	47	27	47	24
Swarm_Trigger_OnTarget	0.30	67	45	69	39
Swarm_Trigger_OnTarget	0.50	102	63	100	58
Swarm_Trigger_OnTarget	0.75	139	71	137	71
Swarm_Trigger_OnTarget	1.00	157	66	156	72
Swarm_Trigger_OnTarget	1.50	0	0	0	0
Swarm_Trigger_OnTarget	2.00	0	0	0	0
Swarm_Trigger_OnTarget	3.00	0	0	0	0
Sword_10x_EC	0.15	18	3	22	4
Sword_10x_EC	0.30	39	41	44	35
Sword_10x_EC	0.50	86	83	89	69
Sword_10x_EC	0.75	155	147	158	112
Sword_10x_EC	1.00	203	212	206	160
Sword_10x_EC	1.50	282	328	289	235
Sword_10x_EC	2.00	260	349	259	256
Sword_10x_EC	3.00	264	293	265	218
Sword_Slash_DA	0.15	85	47	104	35
Sword_Slash_DA	0.30	436	222	430	206
Sword_Slash_DA	0.50	36	6	45	5
Sword_Slash_DA	0.75	13	1	8	1
Sword_Slash_DA	1.00	0	0	0	0
Sword_Slash_DA	1.50	0	0	0	0
Sword_Slash_DA	2.00	0	0	0	0
Sword_Slash_DA	3.00	0	0	0	0
Sword_Slash_DA_Heavy	0.15	69	42	94	32
Sword_Slash_DA_Heavy	0.30	561	249	555	229
Sword_Slash_DA_Heavy	0.50	62	11	71	12
Sword_Slash_DA_Heavy	0.75	69	20	63	22
Sword_Slash_DA_Heavy	1.00	1	0	5	0
Sword_Slash_DA_Heavy	1.50	13	2	19	4
Sword_Slash_DA_Heavy	2.00	0	0	2	0
Sword_Slash_DA_Heavy	3.00	0	0	0	0
Sword_Slash_EC	0.15	1	0	1	0
Sword_Slash_EC	0.30	21	11	22	12
Sword_Slash_EC	0.50	3	3	3	3
Sword_Slash_EC	0.75	0	0	0	0
Sword_Slash_EC	1.00	0	0	0	0
Sword_Slash_EC	1.50	0	0	0	0
Sword_Slash_EC	2.00	0	0	0	0
Sword_Slash_EC	3.00	0	0	0	0
Sword_Slash_EC 3x	0.15	3	7	3	6
Sword_Slash_EC 3x	0.30	8	12	11	10
Sword_Slash_EC 3x	0.50	0	0	0	0
Sword_Slash_EC 3x	0.75	0	0	0	0
Sword_Slash_EC 3x	1.00	0	0	0	0
Sword_Slash_EC 3x	1.50	0	0	0	0
Sword_Slash_EC 3x	2.00	0	0	0	0
Sword_Slash_EC 3x	3.00	0	0	0	0
Sword_Slash_EC_User	0.15	611	249	612	234
Sword_Slash_EC_User	0.30	524	173	495	164
Sword_Slash_EC_User	0.50	90	19	90	19
Sword_Slash_EC_User	0.75	0	0	0	0
Sword_Slash_EC_User	1.00	0	0	0	0
Sword_Slash_EC_User	1.50	0	0	0	0
Sword_Slash_EC_User	2.00	0	0	0	0
Sword_Slash_EC_User	3.00	0	0	0	0
Sword_Slash_EC_User 3x	0.15	659	300	650	283
Sword_Slash_EC_User 3x	0.30	588	239	567	228
Sword_Slash_EC_User 3x	0.50	93	52	85	42
Sword_Slash_EC_User 3x	0.75	8	10	8	9
Sword_Slash_EC_User 3x	1.00	0	0	0	0
Sword_Slash_EC_User 3x	1.50	0	0	0	0
Sword_Slash_EC_User 3x	2.00	0	0	0	0
Sword_Slash_EC_User 3x	3.00	0	0	0	0
Sword_Slash_EC_User 7x	0.15	544	232	534	218
Sword_Slash_EC_User 7x	0.30	480	176	460	171
Sword_Slash_EC_User 7x	0.50	71	29	67	27
Sword_Slash_EC_User 7x	0.75	4	5	4	3
Sword_Slash_EC_User 7x	1.00	4	0	4	1
Sword_Slash_EC_User 7x	1.50	167	121	164	102
Sword_Slash_EC_User 7x	2.00	184	105	175	93
Sword_Slash_EC_User 7x	3.00	0	0	0	0
Sword_Slash_EC_User Inverted	0.15	609	247	610	233
Sword_Slash_EC_User Inverted	0.30	523	167	494	158
Sword_Slash_EC_User Inverted	0.50	90	19	90	19
Sword_Slash_EC_User Inverted	0.75	0	0	0	0
Sword_Slash_EC_User Inverted	1.00	0	0	0	0
Sword_Slash_EC_User Inverted	1.50	0	0	0	0
Sword_Slash_EC_User Inverted	2.00	0	0	0	0
Sword_Slash_EC_User Inverted	3.00	0	0	0	0
Sword_Slash_Simple	0.15	1675	605	1760	572
Sword_Slash_Simple	0.30	931	330	993	309
Sword_Slash_Simple	0.50	228	84	220	70
Sword_Slash_Simple	0.75	71	20	61	14
Sword_Slash_Simple	1.00	0	0	0	0
Sword_Slash_Simple	1.50	0	0	0	0
Sword_Slash_Simple	2.00	0	0	0	0
Sword_Slash_Simple	3.00	0	0	0	0
Sword_Slash_User_DA	0.15	17	15	17	9
Sword_Slash_User_DA	0.30	22	39	22	31
Sword_Slash_User_DA	0.50	0	0	0	0
Sword_Slash_User_DA	0.75	0	0	0	0
Sword_Slash_User_DA	1.00	0	0	0	0
Sword_Slash_User_DA	1.50	0	0	0	0
Sword_Slash_User_DA	2.00	0	0	0	0
Sword_Slash_User_DA	3.00	0	0	0	0
Sword_Slash_User_DA No Tween	0.15	17	15	17	9
Sword_Slash_User_DA No Tween	0.30	22	39	22	31
Sword_Slash_User_DA No Tween	0.50	0	0	0	0
Sword_Slash_User_DA No Tween	0.75	0	0	0	0
Sword_Slash_User_DA No Tween	1.00	0	0	0	0
Sword_Slash_User_DA No Tween	1.50	0	0	0	0
Sword_Slash_User_DA No Tween	2.00	0	0	0	0
Sword_Slash_User_DA No Tween	3.00	0	0	0	0
SynapseEffect	0.15	226	74	218	74
SynapseEffect	0.30	663	353	657	317
SynapseEffect	0.50	831	442	818	398
SynapseEffect	0.75	846	528	839	452
SynapseEffect	1.00	964	531	943	460
SynapseEffect	1.50	601	208	625	219
SynapseEffect	2.00	0	0	0	0
SynapseEffect	3.00	0	0	0	0
SynapseEffect_NoIcon	0.15	133	35	121	37
SynapseEffect_NoIcon	0.30	254	80	252	85
SynapseEffect_NoIcon	0.50	287	124	281	118
SynapseEffect_NoIcon	0.75	311	132	298	127
SynapseEffect_NoIcon	1.00	304	119	295	117
SynapseEffect_NoIcon	1.50	167	44	190	53
SynapseEffect_NoIcon	2.00	0	0	0	0
SynapseEffect_NoIcon	3.00	0	0	0	0
Talent_Warmaster	0.15	489	148	504	131
Talent_Warmaster	0.30	510	158	524	138
Talent_Warmaster	0.50	489	140	491	120
Talent_Warmaster	0.75	364	94	369	79
Talent_Warmaster	1.00	254	52	246	42
Talent_Warmaster	1.50	46	6	31	3
Talent_Warmaster	2.00	1	0	0	0
Talent_Warmaster	3.00	0	0	0	0
TalentEffect	0.15	3712	2190	3551	1862
TalentEffect	0.30	3848	2852	3726	2314
TalentEffect	0.50	3835	2832	3717	2297
TalentEffect	0.75	3535	2202	3398	1856
TalentEffect	1.00	967	1180	966	887
TalentEffect	1.50	1078	1207	1065	901
TalentEffect	2.00	0	0	0	0
TalentEffect	3.00	0	0	0	0
Tank_Shot_Small	0.15	575	387	514	316
Tank_Shot_Small	0.30	626	244	545	240
Tank_Shot_Small	0.50	105	24	99	25
Tank_Shot_Small	0.75	5	5	5	4
Tank_Shot_Small	1.00	2	1	2	1
Tank_Shot_Small	1.50	3	2	3	1
Tank_Shot_Small	2.00	5	4	5	3
Tank_Shot_Small	3.00	0	0	0	0
Tap Blue Glow	0.15	14	8	14	6
Tap Blue Glow	0.30	48	36	46	28
Tap Blue Glow	0.50	111	96	113	74
Tap Blue Glow	0.75	159	112	161	90
Tap Blue Glow	1.00	0	0	0	0
Tap Blue Glow	1.50	0	0	0	0
Tap Blue Glow	2.00	0	0	0	0
Tap Blue Glow	3.00	0	0	0	0
Tap Blue Glow Blink	0.15	202	171	204	132
Tap Blue Glow Blink	0.30	202	171	204	132
Tap Blue Glow Blink	0.50	26	4	38	6
Tap Blue Glow Blink	0.75	0	0	0	0
Tap Blue Glow Blink	1.00	0	0	0	0
Tap Blue Glow Blink	1.50	0	0	0	0
Tap Blue Glow Blink	2.00	0	0	0	0
Tap Blue Glow Blink	3.00	0	0	0	0
Tap Fire Eldar	0.15	287	82	304	100
Tap Fire Eldar	0.30	486	236	474	239
Tap Fire Eldar	0.50	651	507	625	441
Tap Fire Eldar	0.75	799	482	714	422
Tap Fire Eldar	1.00	1001	401	936	372
Tap Fire Eldar	1.50	386	112	373	123
Tap Fire Eldar	2.00	0	0	0	0
Tap Fire Eldar	3.00	0	0	0	0
Tap Firepit	0.15	1486	758	1662	653
Tap Firepit	0.30	1578	952	1690	816
Tap Firepit	0.50	1677	1299	1759	1149
Tap Firepit	0.75	2134	1511	2190	1327
Tap Firepit	1.00	1784	736	1864	627
Tap Firepit	1.50	527	106	453	65
Tap Firepit	2.00	0	0	0	0
Tap Firepit	3.00	0	0	0	0
Tap Firepit 2	0.15	1274	626	1397	561
Tap Firepit 2	0.30	1298	642	1413	568
Tap Firepit 2	0.50	1334	710	1445	630
Tap Firepit 2	0.75	1607	757	1722	685
Tap Firepit 2	1.00	1202	509	1421	418
Tap Firepit 2	1.50	526	106	472	66
Tap Firepit 2	2.00	0	0	0	0
Tap Firepit 2	3.00	0	0	0	0
Tap Floor Grille	0.15	431	117	368	127
Tap Floor Grille	0.30	539	167	493	170
Tap Floor Grille	0.50	580	164	517	178
Tap Floor Grille	0.75	515	119	444	140
Tap Floor Grille	1.00	306	47	301	66
Tap Floor Grille	1.50	0	0	0	0
Tap Floor Grille	2.00	0	0	0	0
Tap Floor Grille	3.00	0	0	0	0
Tap Green Glow	0.15	12	6	12	5
Tap Green Glow	0.30	42	28	42	23
Tap Green Glow	0.50	104	78	105	63
Tap Green Glow	0.75	144	87	151	74
Tap Green Glow	1.00	0	0	0	0
Tap Green Glow	1.50	0	0	0	0
Tap Green Glow	2.00	0	0	0	0
Tap Green Glow	3.00	0	0	0	0
Tap Hit Metal	0.15	3	1	3	1
Tap Hit Metal	0.30	10	8	10	7
Tap Hit Metal	0.50	15	11	15	9
Tap Hit Metal	0.75	13	9	14	9
Tap Hit Metal	1.00	0	0	0	0
Tap Hit Metal	1.50	0	0	0	0
Tap Hit Metal	2.00	0	0	0	0
Tap Hit Metal	3.00	0	0	0	0
Tap Hit Metal Red	0.15	65	21	41	15
Tap Hit Metal Red	0.30	11	5	10	3
Tap Hit Metal Red	0.50	9	4	10	4
Tap Hit Metal Red	0.75	1	1	1	1
Tap Hit Metal Red	1.00	0	0	0	0
Tap Hit Metal Red	1.50	0	0	0	0
Tap Hit Metal Red	2.00	0	0	0	0
Tap Hit Metal Red	3.00	0	0	0	0
Tap Hit Metal Small	0.15	8	12	10	11
Tap Hit Metal Small	0.30	17	13	16	10
Tap Hit Metal Small	0.50	19	9	20	9
Tap Hit Metal Small	0.75	21	9	22	11
Tap Hit Metal Small	1.00	0	0	0	0
Tap Hit Metal Small	1.50	0	0	0	0
Tap Hit Metal Small	2.00	0	0	0	0
Tap Hit Metal Small	3.00	0	0	0	0
Tap Monolith Left Glow	0.15	0	0	0	0
Tap Monolith Left Glow	0.30	0	0	0	0
Tap Monolith Left Glow	0.50	1	0	1	0
Tap Monolith Left Glow	0.75	2	0	2	1
Tap Monolith Left Glow	1.00	3	1	2	1
Tap Monolith Left Glow	1.50	3	1	2	1
Tap Monolith Left Glow	2.00	0	0	0	0
Tap Monolith Left Glow	3.00	0	0	0	0
Tap Monolith Right Glow	0.15	0	0	0	0
Tap Monolith Right Glow	0.30	0	0	0	0
Tap Monolith Right Glow	0.50	1	0	1	0
Tap Monolith Right Glow	0.75	3	1	2	1
Tap Monolith Right Glow	1.00	3	1	3	1
Tap Monolith Right Glow	1.50	3	1	2	1
Tap Monolith Right Glow	2.00	0	0	0	0
Tap Monolith Right Glow	3.00	0	0	0	0
Tap Plasma generator	0.15	133	37	137	36
Tap Plasma generator	0.30	345	97	344	98
Tap Plasma generator	0.50	595	190	581	186
Tap Plasma generator	0.75	189	107	181	90
Tap Plasma generator	1.00	92	30	71	24
Tap Plasma generator	1.50	0	0	0	0
Tap Plasma generator	2.00	0	0	0	0
Tap Plasma generator	3.00	0	0	0	0
Tap Red Glow Eye	0.15	452	113	440	110
Tap Red Glow Eye	0.30	590	183	577	163
Tap Red Glow Eye	0.50	698	252	679	213
Tap Red Glow Eye	0.75	557	164	543	149
Tap Red Glow Eye	1.00	0	0	0	0
Tap Red Glow Eye	1.50	0	0	0	0
Tap Red Glow Eye	2.00	0	0	0	0
Tap Red Glow Eye	3.00	0	0	0	0
Tap Rock	0.15	192	69	169	76
Tap Rock	0.30	290	111	246	123
Tap Rock	0.50	333	129	344	159
Tap Rock	0.75	265	74	303	100
Tap Rock	1.00	7	3	6	3
Tap Rock	1.50	0	0	0	0
Tap Rock	2.00	0	0	0	0
Tap Rock	3.00	0	0	0	0
Tap Squig	0.15	1178	719	1183	674
Tap Squig	0.30	1162	711	1170	666
Tap Squig	0.50	1106	655	1106	614
Tap Squig	0.75	1022	591	1014	556
Tap Squig	1.00	957	565	961	528
Tap Squig	1.50	904	539	910	504
Tap Squig	2.00	1062	631	1064	592
Tap Squig	3.00	2084	1358	2091	1285
Tap squishy	0.15	72	25	74	31
Tap squishy	0.30	90	30	90	37
Tap squishy	0.50	100	31	101	39
Tap squishy	0.75	69	17	80	22
Tap squishy	1.00	11	7	11	8
Tap squishy	1.50	0	0	0	0
Tap squishy	2.00	0	0	0	0
Tap squishy	3.00	0	0	0	0
Tap Toxic Sludge	0.15	34	7	36	10
Tap Toxic Sludge	0.30	30	4	38	6
Tap Toxic Sludge	0.50	8	1	12	1
Tap Toxic Sludge	0.75	19	3	21	3
Tap Toxic Sludge	1.00	17	4	20	4
Tap Toxic Sludge	1.50	28	6	26	5
Tap Toxic Sludge	2.00	0	0	0	0
Tap Toxic Sludge	3.00	0	0	0	0
Tap Toxic Sludge green	0.15	130	75	127	69
Tap Toxic Sludge green	0.30	144	55	143	60
Tap Toxic Sludge green	0.50	23	8	27	10
Tap Toxic Sludge green	0.75	7	3	12	4
Tap Toxic Sludge green	1.00	14	4	14	6
Tap Toxic Sludge green	1.50	0	0	0	0
Tap Toxic Sludge green	2.00	0	0	0	0
Tap Toxic Sludge green	3.00	0	0	0	0
Tap Webway Portal	0.15	457	278	428	238
Tap Webway Portal	0.30	143	76	142	72
Tap Webway Portal	0.50	0	0	0	0
Tap Webway Portal	0.75	0	0	0	0
Tap Webway Portal	1.00	0	0	0	0
Tap Webway Portal	1.50	0	0	0	0
Tap Webway Portal	2.00	0	0	0	0
Tap Webway Portal	3.00	0	0	0	0
Tau Buff Ranged	0.15	7	2	7	2
Tau Buff Ranged	0.30	7	2	10	3
Tau Buff Ranged	0.50	13	3	9	3
Tau Buff Ranged	0.75	14	4	13	5
Tau Buff Ranged	1.00	14	6	14	6
Tau Buff Ranged	1.50	156	86	153	80
Tau Buff Ranged	2.00	19	4	17	5
Tau Buff Ranged	3.00	0	0	0	0
Tau Coordinated Engagement	0.15	1	0	1	0
Tau Coordinated Engagement	0.30	2	0	2	0
Tau Coordinated Engagement	0.50	2	0	2	0
Tau Coordinated Engagement	0.75	2	0	2	0
Tau Coordinated Engagement	1.00	2	0	2	0
Tau Coordinated Engagement	1.50	117	39	120	37
Tau Coordinated Engagement	2.00	0	0	0	0
Tau Coordinated Engagement	3.00	0	0	0	0
Tau_AerialBombardment	0.15	0	0	0	0
Tau_AerialBombardment	0.30	1	0	1	0
Tau_AerialBombardment	0.50	1	0	0	0
Tau_AerialBombardment	0.75	3	0	1	0
Tau_AerialBombardment	1.00	0	0	0	0
Tau_AerialBombardment	1.50	0	0	0	0
Tau_AerialBombardment	2.00	0	0	0	0
Tau_AerialBombardment	3.00	0	0	0	0
Tau_RailBombardment UNUSED	0.15	4	1	1	0
Tau_RailBombardment UNUSED	0.30	8	3	6	2
Tau_RailBombardment UNUSED	0.50	13	5	10	4
Tau_RailBombardment UNUSED	0.75	3	0	1	0
Tau_RailBombardment UNUSED	1.00	2	0	1	0
Tau_RailBombardment UNUSED	1.50	3	0	1	0
Tau_RailBombardment UNUSED	2.00	0	0	0	0
Tau_RailBombardment UNUSED	3.00	0	0	0	0
Tau_SummonCircle	0.15	158	105	153	92
Tau_SummonCircle	0.30	283	197	287	171
Tau_SummonCircle	0.50	458	284	464	247
Tau_SummonCircle	0.75	447	240	455	212
Tau_SummonCircle	1.00	41	12	24	11
Tau_SummonCircle	1.50	35	10	23	10
Tau_SummonCircle	2.00	7	4	8	4
Tau_SummonCircle	3.00	0	0	0	0
Tau_Vespid_laser	0.15	9	5	8	4
Tau_Vespid_laser	0.30	8	5	8	4
Tau_Vespid_laser	0.50	9	5	9	4
Tau_Vespid_laser	0.75	5	2	5	2
Tau_Vespid_laser	1.00	0	0	0	0
Tau_Vespid_laser	1.50	0	0	0	0
Tau_Vespid_laser	2.00	0	0	0	0
Tau_Vespid_laser	3.00	0	0	0	0
Technomancer_Buff	0.15	199	41	181	40
Technomancer_Buff	0.30	830	520	829	407
Technomancer_Buff	0.50	831	513	827	403
Technomancer_Buff	0.75	2466	1045	2312	896
Technomancer_Buff	1.00	2429	936	2286	834
Technomancer_Buff	1.50	0	0	0	0
Technomancer_Buff	2.00	0	0	0	0
Technomancer_Buff	3.00	0	0	0	0
Telepathic_Control_target	0.15	709	338	684	326
Telepathic_Control_target	0.30	628	417	618	367
Telepathic_Control_target	0.50	751	464	731	414
Telepathic_Control_target	0.75	784	436	745	398
Telepathic_Control_target	1.00	718	437	713	389
Telepathic_Control_target	1.50	161	57	149	59
Telepathic_Control_target	2.00	0	0	0	0
Telepathic_Control_target	3.00	0	0	0	0
Telepathic_Control_User	0.15	430	196	428	184
Telepathic_Control_User	0.30	643	386	632	341
Telepathic_Control_User	0.50	768	519	760	445
Telepathic_Control_User	0.75	775	400	752	362
Telepathic_Control_User	1.00	646	166	582	167
Telepathic_Control_User	1.50	199	31	194	37
Telepathic_Control_User	2.00	0	0	0	0
Telepathic_Control_User	3.00	0	0	0	0
Teleport Recall	0.15	17	6	13	5
Teleport Recall	0.30	160	37	153	42
Teleport Recall	0.50	509	192	470	197
Teleport Recall	0.75	1000	528	960	485
Teleport Recall	1.00	1783	1078	1778	917
Teleport Recall	1.50	611	232	563	254
Teleport Recall	2.00	43	6	71	10
Teleport Recall	3.00	0	0	0	0
Teleport Trait Summon	0.15	185	102	187	94
Teleport Trait Summon	0.30	267	127	263	114
Teleport Trait Summon	0.50	302	155	294	135
Teleport Trait Summon	0.75	339	182	334	155
Teleport Trait Summon	1.00	343	197	333	166
Teleport Trait Summon	1.50	185	104	179	95
Teleport Trait Summon	2.00	79	30	86	32
Teleport Trait Summon	3.00	0	0	0	0
Teleport Trigger Effect Quick	0.15	492	147	492	126
Teleport Trigger Effect Quick	0.30	1069	390	1108	345
Teleport Trigger Effect Quick	0.50	1260	500	1280	435
Teleport Trigger Effect Quick	0.75	1517	615	1529	546
Teleport Trigger Effect Quick	1.00	949	391	910	385
Teleport Trigger Effect Quick	1.50	891	315	866	359
Teleport Trigger Effect Quick	2.00	340	64	407	93
Teleport Trigger Effect Quick	3.00	0	0	0	0
Thunderhawk Flyover	0.15	0	0	0	0
Thunderhawk Flyover	0.30	0	0	0	0
Thunderhawk Flyover	0.50	0	0	0	0
Thunderhawk Flyover	0.75	0	0	0	0
Thunderhawk Flyover	1.00	0	0	0	0
Thunderhawk Flyover	1.50	0	0	0	0
Thunderhawk Flyover	2.00	0	0	0	0
Thunderhawk Flyover	3.00	0	0	0	0
TideEffect	0.15	542	281	516	240
TideEffect	0.30	787	476	758	408
TideEffect	0.50	1236	742	1189	646
TideEffect	0.75	1620	822	1511	764
TideEffect	1.00	1200	546	1159	569
TideEffect	1.50	0	0	0	0
TideEffect	2.00	0	0	0	0
TideEffect	3.00	0	0	0	0
Tidewall Gunrig	0.15	49	16	45	16
Tidewall Gunrig	0.30	62	22	57	21
Tidewall Gunrig	0.50	60	18	54	18
Tidewall Gunrig	0.75	41	11	39	12
Tidewall Gunrig	1.00	41	13	41	14
Tidewall Gunrig	1.50	39	12	39	13
Tidewall Gunrig	2.00	0	0	0	0
Tidewall Gunrig	3.00	0	0	0	0
TinyFlames	0.15	540	182	479	189
TinyFlames	0.30	564	193	514	201
TinyFlames	0.50	545	187	505	195
TinyFlames	0.75	564	188	494	192
TinyFlames	1.00	561	183	493	187
TinyFlames	1.50	565	185	506	186
TinyFlames	2.00	510	187	476	194
TinyFlames	3.00	422	142	360	144
Toxic Vapors Damage	0.15	0	0	0	0
Toxic Vapors Damage	0.30	0	0	3	0
Toxic Vapors Damage	0.50	11	1	16	2
Toxic Vapors Damage	0.75	30	5	39	7
Toxic Vapors Damage	1.00	33	6	40	8
Toxic Vapors Damage	1.50	165	44	166	48
Toxic Vapors Damage	2.00	17	2	33	4
Toxic Vapors Damage	3.00	0	0	0	0
Toxic Vapors Damage quick	0.15	0	0	0	0
Toxic Vapors Damage quick	0.30	0	0	3	0
Toxic Vapors Damage quick	0.50	11	1	16	2
Toxic Vapors Damage quick	0.75	184	66	172	65
Toxic Vapors Damage quick	1.00	175	48	165	52
Toxic Vapors Damage quick	1.50	38	4	56	7
Toxic Vapors Damage quick	2.00	0	0	0	0
Toxic Vapors Damage quick	3.00	0	0	0	0
Toxic_Entanglement	0.15	206	69	187	49
Toxic_Entanglement	0.30	308	142	301	113
Toxic_Entanglement	0.50	427	210	437	176
Toxic_Entanglement	0.75	531	285	540	248
Toxic_Entanglement	1.00	597	309	598	269
Toxic_Entanglement	1.50	650	333	656	290
Toxic_Entanglement	2.00	675	344	709	306
Toxic_Entanglement	3.00	0	0	0	0
ToxicMiasma_Board	0.15	1	0	1	0
ToxicMiasma_Board	0.30	14	2	16	3
ToxicMiasma_Board	0.50	66	10	69	13
ToxicMiasma_Board	0.75	186	26	176	31
ToxicMiasma_Board	1.00	406	54	368	59
ToxicMiasma_Board	1.50	937	138	851	142
ToxicMiasma_Board	2.00	1278	210	1288	215
ToxicMiasma_Board	3.00	1219	222	1278	197
ToxicMiasma_Venomthrope	0.15	56	10	65	15
ToxicMiasma_Venomthrope	0.30	83	17	85	23
ToxicMiasma_Venomthrope	0.50	120	23	127	30
ToxicMiasma_Venomthrope	0.75	177	32	193	43
ToxicMiasma_Venomthrope	1.00	231	41	265	54
ToxicMiasma_Venomthrope	1.50	461	73	429	76
ToxicMiasma_Venomthrope	2.00	826	127	737	119
ToxicMiasma_Venomthrope	3.00	1047	146	960	129
ToxicMiasma_Warlord	0.15	138	57	147	64
ToxicMiasma_Warlord	0.30	177	73	195	83
ToxicMiasma_Warlord	0.50	215	79	231	93
ToxicMiasma_Warlord	0.75	301	84	301	97
ToxicMiasma_Warlord	1.00	356	69	357	80
ToxicMiasma_Warlord	1.50	385	56	370	59
ToxicMiasma_Warlord	2.00	668	97	654	92
ToxicMiasma_Warlord	3.00	762	113	579	68
Trait_GainQuest	0.15	2	1	2	1
Trait_GainQuest	0.30	11	4	11	2
Trait_GainQuest	0.50	20	9	20	7
Trait_GainQuest	0.75	19	9	19	8
Trait_GainQuest	1.00	173	120	162	99
Trait_GainQuest	1.50	47	15	45	14
Trait_GainQuest	2.00	0	0	0	0
Trait_GainQuest	3.00	0	0	0	0
TraitorsHate_Board	0.15	340	86	335	83
TraitorsHate_Board	0.30	381	78	380	65
TraitorsHate_Board	0.50	552	134	515	116
TraitorsHate_Board	0.75	604	133	589	110
TraitorsHate_Board	1.00	502	105	458	79
TraitorsHate_Board	1.50	97	15	121	18
TraitorsHate_Board	2.00	21	5	36	7
TraitorsHate_Board	3.00	0	0	0	0
TraitorsHate_Target	0.15	556	322	586	293
TraitorsHate_Target	0.30	524	172	527	143
TraitorsHate_Target	0.50	436	174	439	146
TraitorsHate_Target	0.75	79	12	96	16
TraitorsHate_Target	1.00	0	0	0	0
TraitorsHate_Target	1.50	0	0	0	0
TraitorsHate_Target	2.00	0	0	0	0
TraitorsHate_Target	3.00	0	0	0	0
Tyranid Spawn	0.15	549	168	530	169
Tyranid Spawn	0.30	527	163	511	163
Tyranid Spawn	0.50	466	136	452	138
Tyranid Spawn	0.75	341	88	345	92
Tyranid Spawn	1.00	217	45	217	49
Tyranid Spawn	1.50	0	0	0	0
Tyranid Spawn	2.00	0	0	0	0
Tyranid Spawn	3.00	0	0	0	0
Tyranid_Burrow	0.15	62	6	15	2
Tyranid_Burrow	0.30	174	28	136	22
Tyranid_Burrow	0.50	339	81	310	87
Tyranid_Burrow	0.75	566	228	570	258
Tyranid_Burrow	1.00	650	279	685	319
Tyranid_Burrow	1.50	959	440	914	466
Tyranid_Burrow	2.00	227	42	315	66
Tyranid_Burrow	3.00	0	0	0	0
TyranidInvasion_Spawn	0.15	304	176	301	164
TyranidInvasion_Spawn	0.30	410	202	394	191
TyranidInvasion_Spawn	0.50	893	303	878	321
TyranidInvasion_Spawn	0.75	203	94	223	93
TyranidInvasion_Spawn	1.00	240	105	238	105
TyranidInvasion_Spawn	1.50	25	2	61	7
TyranidInvasion_Spawn	2.00	2	0	12	1
TyranidInvasion_Spawn	3.00	0	0	0	0
UM_AvengingSon	0.15	0	0	0	0
UM_AvengingSon	0.30	0	0	0	0
UM_AvengingSon	0.50	0	0	0	0
UM_AvengingSon	0.75	0	0	0	0
UM_AvengingSon	1.00	0	0	0	0
UM_AvengingSon	1.50	179	162	186	123
UM_AvengingSon	2.00	330	188	325	154
UM_AvengingSon	3.00	25	3	25	4
UM_Buff	0.15	0	0	0	0
UM_Buff	0.30	5	1	6	2
UM_Buff	0.50	9	2	8	2
UM_Buff	0.75	129	25	338	46
UM_Buff	1.00	933	166	1108	211
UM_Buff	1.50	598	100	825	140
UM_Buff	2.00	37	12	36	11
UM_Buff	3.00	0	0	0	0
UM_CardDraw	0.15	33	10	30	9
UM_CardDraw	0.30	63	24	59	21
UM_CardDraw	0.50	99	46	102	39
UM_CardDraw	0.75	139	51	137	45
UM_CardDraw	1.00	104	31	91	29
UM_CardDraw	1.50	0	0	0	0
UM_CardDraw	2.00	0	0	0	0
UM_CardDraw	3.00	0	0	0	0
UM_DeathFromAbove	0.15	310	164	308	127
UM_DeathFromAbove	0.30	315	149	293	117
UM_DeathFromAbove	0.50	85	47	76	32
UM_DeathFromAbove	0.75	85	47	76	32
UM_DeathFromAbove	1.00	86	32	78	24
UM_DeathFromAbove	1.50	606	274	622	263
UM_DeathFromAbove	2.00	392	167	413	160
UM_DeathFromAbove	3.00	0	0	0	0
UM_MasterOfArcanaEffect	0.15	21	13	20	9
UM_MasterOfArcanaEffect	0.30	140	101	138	78
UM_MasterOfArcanaEffect	0.50	176	96	202	85
UM_MasterOfArcanaEffect	0.75	36	18	41	17
UM_MasterOfArcanaEffect	1.00	22	12	30	11
UM_MasterOfArcanaEffect	1.50	0	0	0	0
UM_MasterOfArcanaEffect	2.00	0	0	0	0
UM_MasterOfArcanaEffect	3.00	0	0	0	0
UM_MightOfHeroesEffect	0.15	0	0	0	0
UM_MightOfHeroesEffect	0.30	0	0	0	0
UM_MightOfHeroesEffect	0.50	8	8	8	7
UM_MightOfHeroesEffect	0.75	2600	1574	2538	1387
UM_MightOfHeroesEffect	1.00	2643	1670	2584	1452
UM_MightOfHeroesEffect	1.50	1777	575	1717	620
UM_MightOfHeroesEffect	2.00	6	4	6	3
UM_MightOfHeroesEffect	3.00	0	0	0	0
UM_StormravenShadow	0.15	0	0	0	0
UM_StormravenShadow	0.30	0	0	0	0
UM_StormravenShadow	0.50	0	0	0	0
UM_StormravenShadow	0.75	0	0	0	0
UM_StormravenShadow	1.00	0	0	0	0
UM_StormravenShadow	1.50	0	0	0	0
UM_StormravenShadow	2.00	0	0	0	0
UM_StormravenShadow	3.00	0	0	0	0
UM_StormravenShadow_Perpendicular	0.15	0	0	0	0
UM_StormravenShadow_Perpendicular	0.30	0	0	0	0
UM_StormravenShadow_Perpendicular	0.50	0	0	0	0
UM_StormravenShadow_Perpendicular	0.75	0	0	0	0
UM_StormravenShadow_Perpendicular	1.00	0	0	0	0
UM_StormravenShadow_Perpendicular	1.50	0	0	0	0
UM_StormravenShadow_Perpendicular	2.00	0	0	0	0
UM_StormravenShadow_Perpendicular	3.00	0	0	0	0
UM_TacticalInsight	0.15	69	49	68	40
UM_TacticalInsight	0.30	139	106	143	92
UM_TacticalInsight	0.50	212	170	211	144
UM_TacticalInsight	0.75	1230	654	1228	565
UM_TacticalInsight	1.00	1286	691	1288	585
UM_TacticalInsight	1.50	451	157	441	150
UM_TacticalInsight	2.00	0	0	0	0
UM_TacticalInsight	3.00	0	0	0	0
UM_Target_LockOn_Crosshair	0.15	1798	1132	1767	883
UM_Target_LockOn_Crosshair	0.30	1766	1121	1785	878
UM_Target_LockOn_Crosshair	0.50	538	422	507	311
UM_Target_LockOn_Crosshair	0.75	538	422	507	311
UM_Target_LockOn_Crosshair	1.00	522	331	505	261
UM_Target_LockOn_Crosshair	1.50	512	323	505	257
UM_Target_LockOn_Crosshair	2.00	0	0	4	0
UM_Target_LockOn_Crosshair	3.00	0	0	0	0
Unit Freezing	0.15	0	0	0	0
Unit Freezing	0.30	49	12	54	15
Unit Freezing	0.50	131	43	144	52
Unit Freezing	0.75	188	80	184	91
Unit Freezing	1.00	298	118	273	128
Unit Freezing	1.50	485	177	423	185
Unit Freezing	2.00	495	183	426	190
Unit Freezing	3.00	455	157	402	168
UnstableEffect	0.15	118	55	120	57
UnstableEffect	0.30	168	78	151	77
UnstableEffect	0.50	199	112	199	106
UnstableEffect	0.75	241	171	236	152
UnstableEffect	1.00	291	214	279	188
UnstableEffect	1.50	268	128	263	119
UnstableEffect	2.00	353	131	332	118
UnstableEffect	3.00	0	0	0	0
UnstableEffect_ExplosionExtra	0.15	199	97	194	83
UnstableEffect_ExplosionExtra	0.30	327	93	317	97
UnstableEffect_ExplosionExtra	0.50	135	59	134	54
UnstableEffect_ExplosionExtra	0.75	186	72	181	65
UnstableEffect_ExplosionExtra	1.00	111	24	92	20
UnstableEffect_ExplosionExtra	1.50	7	2	7	3
UnstableEffect_ExplosionExtra	2.00	0	0	0	0
UnstableEffect_ExplosionExtra	3.00	0	0	0	0
UnstableEffect_WaaaghEnergy	0.15	155	57	145	62
UnstableEffect_WaaaghEnergy	0.30	192	93	185	91
UnstableEffect_WaaaghEnergy	0.50	209	132	209	118
UnstableEffect_WaaaghEnergy	0.75	226	170	222	142
UnstableEffect_WaaaghEnergy	1.00	238	198	230	160
UnstableEffect_WaaaghEnergy	1.50	266	199	269	168
UnstableEffect_WaaaghEnergy	2.00	336	122	317	115
UnstableEffect_WaaaghEnergy	3.00	0	0	0	0
Uprising Trait	0.15	563	379	556	328
Uprising Trait	0.30	716	535	710	448
Uprising Trait	0.50	845	634	860	535
Uprising Trait	0.75	879	637	894	539
Uprising Trait	1.00	561	441	556	358
Uprising Trait	1.50	155	141	148	115
Uprising Trait	2.00	0	0	0	0
Uprising Trait	3.00	0	0	0	0
Valkyrie Flyover Hover Dust	0.15	0	0	0	0
Valkyrie Flyover Hover Dust	0.30	0	0	0	0
Valkyrie Flyover Hover Dust	0.50	0	0	0	0
Valkyrie Flyover Hover Dust	0.75	0	0	0	0
Valkyrie Flyover Hover Dust	1.00	0	0	0	0
Valkyrie Flyover Hover Dust	1.50	0	0	0	0
Valkyrie Flyover Hover Dust	2.00	0	0	0	0
Valkyrie Flyover Hover Dust	3.00	0	0	0	0
Valkyrie_MultiLaser_Hover	0.15	3	4	3	4
Valkyrie_MultiLaser_Hover	0.30	6	6	6	5
Valkyrie_MultiLaser_Hover	0.50	15	13	14	11
Valkyrie_MultiLaser_Hover	0.75	8	9	7	7
Valkyrie_MultiLaser_Hover	1.00	21	24	21	19
Valkyrie_MultiLaser_Hover	1.50	11	10	12	9
Valkyrie_MultiLaser_Hover	2.00	11	10	11	9
Valkyrie_MultiLaser_Hover	3.00	11	15	11	13
Vanguard Onslaught Board	0.15	149	55	147	57
Vanguard Onslaught Board	0.30	166	61	156	61
Vanguard Onslaught Board	0.50	163	56	154	57
Vanguard Onslaught Board	0.75	145	43	142	44
Vanguard Onslaught Board	1.00	120	32	112	31
Vanguard Onslaught Board	1.50	8	2	6	2
Vanguard Onslaught Board	2.00	0	0	0	0
Vanguard Onslaught Board	3.00	0	0	0	0
VanguardIdleEffect	0.15	1300	644	1245	636
VanguardIdleEffect	0.30	1466	906	1391	829
VanguardIdleEffect	0.50	1413	860	1357	796
VanguardIdleEffect	0.75	1379	804	1325	753
VanguardIdleEffect	1.00	1002	414	982	437
VanguardIdleEffect	1.50	345	245	312	202
VanguardIdleEffect	2.00	28	9	34	9
VanguardIdleEffect	3.00	0	0	0	0
Vortex Explosion Massive	0.15	0	0	0	0
Vortex Explosion Massive	0.30	2	1	2	0
Vortex Explosion Massive	0.50	7	1	7	1
Vortex Explosion Massive	0.75	16	12	16	13
Vortex Explosion Massive	1.00	30	27	30	40
Vortex Explosion Massive	1.50	74	70	74	106
Vortex Explosion Massive	2.00	128	100	128	113
Vortex Explosion Massive	3.00	288	149	288	213
Vortex Warhead Impact	0.15	415	226	406	189
Vortex Warhead Impact	0.30	114	38	99	33
Vortex Warhead Impact	0.50	0	0	0	0
Vortex Warhead Impact	0.75	0	0	0	0
Vortex Warhead Impact	1.00	0	0	0	0
Vortex Warhead Impact	1.50	0	0	0	0
Vortex Warhead Impact	2.00	0	0	0	0
Vortex Warhead Impact	3.00	0	0	0	0
VulnerableEffect	0.15	1909	1870	1935	1466
VulnerableEffect	0.30	1914	1869	1929	1464
VulnerableEffect	0.50	2021	1880	2209	1494
VulnerableEffect	0.75	2444	1943	2572	1574
VulnerableEffect	1.00	2680	2002	2721	1636
VulnerableEffect	1.50	2978	2117	2916	1749
VulnerableEffect	2.00	3092	2264	3038	1859
VulnerableEffect	3.00	3104	2279	3051	1871
VulnerableEffectEnd	0.15	154	72	160	70
VulnerableEffectEnd	0.30	156	72	160	70
VulnerableEffectEnd	0.50	299	90	363	102
VulnerableEffectEnd	0.75	345	100	386	112
VulnerableEffectEnd	1.00	384	103	416	114
VulnerableEffectEnd	1.50	468	151	520	164
VulnerableEffectEnd	2.00	313	47	328	62
VulnerableEffectEnd	3.00	0	0	0	0
Waaagh_Lightning	0.15	34	11	32	12
Waaagh_Lightning	0.30	138	71	139	63
Waaagh_Lightning	0.50	143	87	139	74
Waaagh_Lightning	0.75	140	79	133	72
Waaagh_Lightning	1.00	98	32	94	32
Waaagh_Lightning	1.50	2	1	2	1
Waaagh_Lightning	2.00	0	0	0	0
Waaagh_Lightning	3.00	0	0	0	0
WailingDoom	0.15	267	113	263	109
WailingDoom	0.30	251	114	254	103
WailingDoom	0.50	257	85	249	85
WailingDoom	0.75	765	571	745	484
WailingDoom	1.00	625	336	611	311
WailingDoom	1.50	355	97	348	87
WailingDoom	2.00	0	0	0	0
WailingDoom	3.00	0	0	0	0
Warp Storm Target	0.15	82	24	82	21
Warp Storm Target	0.30	297	87	290	77
Warp Storm Target	0.50	685	198	691	176
Warp Storm Target	0.75	1414	517	1412	495
Warp Storm Target	1.00	1527	470	1511	421
Warp Storm Target	1.50	502	145	499	141
Warp Storm Target	2.00	139	30	148	33
Warp Storm Target	3.00	0	0	0	0
Waystone UI Gain	0.15	0	0	0	0
Waystone UI Gain	0.30	0	0	0	0
Waystone UI Gain	0.50	0	0	0	0
Waystone UI Gain	0.75	1748	986	1659	852
Waystone UI Gain	1.00	1617	811	1568	718
Waystone UI Gain	1.50	15	3	15	4
Waystone UI Gain	2.00	0	0	0	0
Waystone UI Gain	3.00	0	0	0	0
Waystone UI Spend	0.15	1727	935	1670	814
Waystone UI Spend	0.30	1721	872	1679	768
Waystone UI Spend	0.50	1605	741	1615	665
Waystone UI Spend	0.75	1173	408	1207	400
Waystone UI Spend	1.00	0	0	0	0
Waystone UI Spend	1.50	0	0	0	0
Waystone UI Spend	2.00	0	0	0	0
Waystone UI Spend	3.00	0	0	0	0
WaystoneCollect	0.15	0	0	0	0
WaystoneCollect	0.30	0	0	0	0
WaystoneCollect	0.50	0	0	0	0
WaystoneCollect	0.75	0	0	0	0
WaystoneCollect	1.00	0	0	0	0
WaystoneCollect	1.50	0	0	0	0
WaystoneCollect	2.00	0	0	0	0
WaystoneCollect	3.00	0	0	0	0
WaystoneTrigger	0.15	410	258	413	236
WaystoneTrigger	0.30	899	464	896	444
WaystoneTrigger	0.50	750	352	764	345
WaystoneTrigger	0.75	721	330	679	313
WaystoneTrigger	1.00	637	309	656	291
WaystoneTrigger	1.50	497	259	551	245
WaystoneTrigger	2.00	620	379	609	327
WaystoneTrigger	3.00	5	1	4	1
WhileInPlay_Nurgle	0.15	0	0	0	0
WhileInPlay_Nurgle	0.30	16	2	30	4
WhileInPlay_Nurgle	0.50	64	8	89	14
WhileInPlay_Nurgle	0.75	156	22	183	32
WhileInPlay_Nurgle	1.00	218	30	240	41
WhileInPlay_Nurgle	1.50	320	41	312	45
WhileInPlay_Nurgle	2.00	339	46	341	51
WhileInPlay_Nurgle	3.00	279	36	278	43
WhileInPlay_Tzeentch	0.15	79	29	89	29
WhileInPlay_Tzeentch	0.30	33	17	33	14
WhileInPlay_Tzeentch	0.50	33	16	33	14
WhileInPlay_Tzeentch	0.75	33	15	32	13
WhileInPlay_Tzeentch	1.00	32	13	31	12
WhileInPlay_Tzeentch	1.50	62	15	51	14
WhileInPlay_Tzeentch	2.00	72	21	79	21
WhileInPlay_Tzeentch	3.00	34	7	36	8
Whip Attack EC Daemon	0.15	16	11	16	9
Whip Attack EC Daemon	0.30	25	16	25	14
Whip Attack EC Daemon	0.50	44	20	45	18
Whip Attack EC Daemon	0.75	57	21	56	21
Whip Attack EC Daemon	1.00	60	16	58	18
Whip Attack EC Daemon	1.50	0	0	0	0
Whip Attack EC Daemon	2.00	0	0	0	0
Whip Attack EC Daemon	3.00	0	0	0	0
Whip Attack EC Lucius	0.15	12	4	13	5
Whip Attack EC Lucius	0.30	18	4	14	5
Whip Attack EC Lucius	0.50	12	3	14	4
Whip Attack EC Lucius	0.75	10	2	11	3
Whip Attack EC Lucius	1.00	0	0	0	0
Whip Attack EC Lucius	1.50	0	0	0	0
Whip Attack EC Lucius	2.00	0	0	0	0
Whip Attack EC Lucius	3.00	0	0	0	0
Whip Attack EC Maulerfiend	0.15	21	15	21	13
Whip Attack EC Maulerfiend	0.30	25	18	27	15
Whip Attack EC Maulerfiend	0.50	29	22	29	18
Whip Attack EC Maulerfiend	0.75	39	17	38	17
Whip Attack EC Maulerfiend	1.00	15	5	16	5
Whip Attack EC Maulerfiend	1.50	0	0	0	0
Whip Attack EC Maulerfiend	2.00	0	0	0	0
Whip Attack EC Maulerfiend	3.00	0	0	0	0
Whip Attack EC Normal	0.15	0	0	0	0
Whip Attack EC Normal	0.30	0	0	0	0
Whip Attack EC Normal	0.50	0	0	0	0
Whip Attack EC Normal	0.75	0	0	0	0
Whip Attack EC Normal	1.00	0	0	0	0
Whip Attack EC Normal	1.50	0	0	0	0
Whip Attack EC Normal	2.00	0	0	0	0
Whip Attack EC Normal	3.00	0	0	0	0
Wild Rider Chieftain	0.15	1831	589	1859	577
Wild Rider Chieftain	0.30	2186	914	2169	825
Wild Rider Chieftain	0.50	2363	1213	2334	1043
Wild Rider Chieftain	0.75	2442	1259	2436	1022
Wild Rider Chieftain	1.00	2541	1463	2548	1155
Wild Rider Chieftain	1.50	2445	1444	2517	1098
Wild Rider Chieftain	2.00	0	0	0	0
Wild Rider Chieftain	3.00	0	0	0	0
Will Of Gork	0.15	0	0	0	0
Will Of Gork	0.30	0	0	0	0
Will Of Gork	0.50	0	0	0	0
Will Of Gork	0.75	0	0	0	0
Will Of Gork	1.00	0	0	0	0
Will Of Gork	1.50	0	0	0	0
Will Of Gork	2.00	0	0	0	0
Will Of Gork	3.00	114	42	114	39
WorstTemperEffect	0.15	1174	601	1135	510
WorstTemperEffect	0.30	1609	898	1656	771
WorstTemperEffect	0.50	1690	1006	1780	858
WorstTemperEffect	0.75	1353	497	1298	425
WorstTemperEffect	1.00	643	286	638	223
WorstTemperEffect	1.50	679	241	711	203
WorstTemperEffect	2.00	44	5	12	1
WorstTemperEffect	3.00	0	0	0	0
